source,key,field,prior,new,match
t3_design_space/per_seed_metrics_main.csv,cluster_skew_hard|0|post_none_off,min_dist,3.317190192758482,3.317190192758482,1
t3_design_space/per_seed_metrics_main.csv,cluster_skew_hard|0|post_none_off,mean_acc,0.8803030303030303,0.8803030303030303,1
t3_design_space/per_seed_metrics_main.csv,cluster_skew_hard|0|post_none_off,worst_acc,0.55,0.55,1
t3_design_space/per_seed_metrics_main.csv,cluster_skew_hard|0|post_none_on,min_dist,0.2423995735251319,0.2423995735251319,1
t3_design_space/per_seed_metrics_main.csv,cluster_skew_hard|0|post_none_on,mean_acc,0.5583333333333333,0.5583333333333333,1
t3_design_space/per_seed_metrics_main.csv,cluster_skew_hard|0|post_none_on,worst_acc,0.44545454545454544,0.44545454545454544,1
t3_design_space/per_seed_metrics_main.csv,cluster_skew_hard|0|post_footprint_off,min_dist,7.430470758809825,7.430470758809825,1
t3_design_space/per_seed_metrics_main.csv,cluster_skew_hard|0|post_footprint_off,mean_acc,1.0,1.0,1
t3_design_space/per_seed_metrics_main.csv,cluster_skew_hard|0|post_footprint_off,worst_acc,1.0,1.0,1
t3_design_space/per_seed_metrics_main.csv,cluster_skew_hard|0|post_footprint_on,min_dist,7.722624940195822,7.722624940195822,1
t3_design_space/per_seed_metrics_main.csv,cluster_skew_hard|0|post_footprint_on,mean_acc,1.0,1.0,1
t3_design_space/per_seed_metrics_main.csv,cluster_skew_hard|0|post_footprint_on,worst_acc,1.0,1.0,1
t3_design_space/per_seed_metrics_main.csv,cluster_skew_hard|0|post_mass_off,min_dist,7.434653279879148,7.434653279879148,1
t3_design_space/per_seed_metrics_main.csv,cluster_skew_hard|0|post_mass_off,mean_acc,1.0,1.0,1
t3_design_space/per_seed_metrics_main.csv,cluster_skew_hard|0|post_mass_off,worst_acc,1.0,1.0,1
t3_design_space/per_seed_metrics_main.csv,cluster_skew_hard|0|post_mass_on,min_dist,7.723075336369708,7.723075336369708,1
t3_design_space/per_seed_metrics_main.csv,cluster_skew_hard|0|post_mass_on,mean_acc,1.0,1.0,1
t3_design_space/per_seed_metrics_main.csv,cluster_skew_hard|0|post_mass_on,worst_acc,1.0,1.0,1
t3_design_space/per_seed_metrics_main.csv,cluster_skew_hard|0|pre_none_off,min_dist,1.2553889170664363,1.2553889170664363,1
t3_design_space/per_seed_metrics_main.csv,cluster_skew_hard|0|pre_none_off,mean_acc,0.8598484848484849,0.8598484848484849,1
t3_design_space/per_seed_metrics_main.csv,cluster_skew_hard|0|pre_none_off,worst_acc,0.6454545454545455,0.6454545454545455,1
t3_design_space/per_seed_metrics_main.csv,cluster_skew_hard|0|pre_none_on,min_dist,0.8445809510549293,0.8445809510549293,1
t3_design_space/per_seed_metrics_main.csv,cluster_skew_hard|0|pre_none_on,mean_acc,0.5731060606060606,0.5731060606060606,1
t3_design_space/per_seed_metrics_main.csv,cluster_skew_hard|0|pre_none_on,worst_acc,0.45454545454545453,0.45454545454545453,1
t3_design_space/per_seed_metrics_main.csv,cluster_skew_hard|0|pre_footprint_off,min_dist,1.099125388506385,1.099125388506385,1
t3_design_space/per_seed_metrics_main.csv,cluster_skew_hard|0|pre_footprint_off,mean_acc,0.834090909090909,0.834090909090909,1
t3_design_space/per_seed_metrics_main.csv,cluster_skew_hard|0|pre_footprint_off,worst_acc,0.5409090909090909,0.5409090909090909,1
t3_design_space/per_seed_metrics_main.csv,cluster_skew_hard|0|pre_footprint_on,min_dist,0.9377137424062464,0.9377137424062464,1
t3_design_space/per_seed_metrics_main.csv,cluster_skew_hard|0|pre_footprint_on,mean_acc,0.8238636363636364,0.8238636363636364,1
t3_design_space/per_seed_metrics_main.csv,cluster_skew_hard|0|pre_footprint_on,worst_acc,0.5227272727272727,0.5227272727272727,1
t3_design_space/per_seed_metrics_main.csv,cluster_skew_hard|0|pre_mass_off,min_dist,1.0897050881803945,1.0897050881803945,1
t3_design_space/per_seed_metrics_main.csv,cluster_skew_hard|0|pre_mass_off,mean_acc,0.7662878787878787,0.7662878787878787,1
t3_design_space/per_seed_metrics_main.csv,cluster_skew_hard|0|pre_mass_off,worst_acc,0.5227272727272727,0.5227272727272727,1
t3_design_space/per_seed_metrics_main.csv,cluster_skew_hard|0|pre_mass_on,min_dist,0.9138489642330847,0.9138489642330847,1
t3_design_space/per_seed_metrics_main.csv,cluster_skew_hard|0|pre_mass_on,mean_acc,0.8708333333333332,0.8708333333333332,1
t3_design_space/per_seed_metrics_main.csv,cluster_skew_hard|0|pre_mass_on,worst_acc,0.5227272727272727,0.5227272727272727,1
t3_design_space/per_seed_metrics_main.csv,cluster_skew_hard|1|post_none_off,min_dist,2.1676024079366605,2.1676024079366605,1
t3_design_space/per_seed_metrics_main.csv,cluster_skew_hard|1|post_none_off,mean_acc,0.943560606060606,0.943560606060606,1
t3_design_space/per_seed_metrics_main.csv,cluster_skew_hard|1|post_none_off,worst_acc,0.7909090909090909,0.7909090909090909,1
t3_design_space/per_seed_metrics_main.csv,cluster_skew_hard|1|post_none_on,min_dist,1.6983598564165758,1.6983598564165758,1
t3_design_space/per_seed_metrics_main.csv,cluster_skew_hard|1|post_none_on,mean_acc,0.556060606060606,0.556060606060606,1
t3_design_space/per_seed_metrics_main.csv,cluster_skew_hard|1|post_none_on,worst_acc,0.44545454545454544,0.44545454545454544,1
t3_design_space/per_seed_metrics_main.csv,cluster_skew_hard|1|post_footprint_off,min_dist,7.959432085447524,7.959432085447524,1
t3_design_space/per_seed_metrics_main.csv,cluster_skew_hard|1|post_footprint_off,mean_acc,1.0,1.0,1
t3_design_space/per_seed_metrics_main.csv,cluster_skew_hard|1|post_footprint_off,worst_acc,1.0,1.0,1
t3_design_space/per_seed_metrics_main.csv,cluster_skew_hard|1|post_footprint_on,min_dist,7.791543598695051,7.791543598695051,1
t3_design_space/per_seed_metrics_main.csv,cluster_skew_hard|1|post_footprint_on,mean_acc,1.0,1.0,1
t3_design_space/per_seed_metrics_main.csv,cluster_skew_hard|1|post_footprint_on,worst_acc,1.0,1.0,1
t3_design_space/per_seed_metrics_main.csv,cluster_skew_hard|1|post_mass_off,min_dist,7.959908088156788,7.959908088156788,1
t3_design_space/per_seed_metrics_main.csv,cluster_skew_hard|1|post_mass_off,mean_acc,1.0,1.0,1
t3_design_space/per_seed_metrics_main.csv,cluster_skew_hard|1|post_mass_off,worst_acc,1.0,1.0,1
t3_design_space/per_seed_metrics_main.csv,cluster_skew_hard|1|post_mass_on,min_dist,7.791644034781241,7.791644034781241,1
t3_design_space/per_seed_metrics_main.csv,cluster_skew_hard|1|post_mass_on,mean_acc,1.0,1.0,1
t3_design_space/per_seed_metrics_main.csv,cluster_skew_hard|1|post_mass_on,worst_acc,1.0,1.0,1
t3_design_space/per_seed_metrics_main.csv,cluster_skew_hard|1|pre_none_off,min_dist,8.271428792308363,8.271428792308363,1
t3_design_space/per_seed_metrics_main.csv,cluster_skew_hard|1|pre_none_off,mean_acc,1.0,1.0,1
t3_design_space/per_seed_metrics_main.csv,cluster_skew_hard|1|pre_none_off,worst_acc,1.0,1.0,1
t3_design_space/per_seed_metrics_main.csv,cluster_skew_hard|1|pre_none_on,min_dist,8.22553645513097,8.22553645513097,1
t3_design_space/per_seed_metrics_main.csv,cluster_skew_hard|1|pre_none_on,mean_acc,0.6060606060606061,0.6060606060606061,1
t3_design_space/per_seed_metrics_main.csv,cluster_skew_hard|1|pre_none_on,worst_acc,0.4818181818181818,0.4818181818181818,1
t3_design_space/per_seed_metrics_main.csv,cluster_skew_hard|1|pre_footprint_off,min_dist,8.335636062189208,8.335636062189208,1
t3_design_space/per_seed_metrics_main.csv,cluster_skew_hard|1|pre_footprint_off,mean_acc,1.0,1.0,1
t3_design_space/per_seed_metrics_main.csv,cluster_skew_hard|1|pre_footprint_off,worst_acc,1.0,1.0,1
t3_design_space/per_seed_metrics_main.csv,cluster_skew_hard|1|pre_footprint_on,min_dist,8.3271346537503,8.3271346537503,1
t3_design_space/per_seed_metrics_main.csv,cluster_skew_hard|1|pre_footprint_on,mean_acc,1.0,1.0,1
t3_design_space/per_seed_metrics_main.csv,cluster_skew_hard|1|pre_footprint_on,worst_acc,1.0,1.0,1
t3_design_space/per_seed_metrics_main.csv,cluster_skew_hard|1|pre_mass_off,min_dist,8.335727845491439,8.335727845491439,1
t3_design_space/per_seed_metrics_main.csv,cluster_skew_hard|1|pre_mass_off,mean_acc,1.0,1.0,1
t3_design_space/per_seed_metrics_main.csv,cluster_skew_hard|1|pre_mass_off,worst_acc,1.0,1.0,1
t3_design_space/per_seed_metrics_main.csv,cluster_skew_hard|1|pre_mass_on,min_dist,8.327062494891747,8.327062494891747,1
t3_design_space/per_seed_metrics_main.csv,cluster_skew_hard|1|pre_mass_on,mean_acc,1.0,1.0,1
t3_design_space/per_seed_metrics_main.csv,cluster_skew_hard|1|pre_mass_on,worst_acc,1.0,1.0,1
t3_design_space/per_seed_metrics_main.csv,cluster_skew_overlap|0|post_none_off,min_dist,1.9837935868017225,1.9837935868017225,1
t3_design_space/per_seed_metrics_main.csv,cluster_skew_overlap|0|post_none_off,mean_acc,0.7625000000000001,0.7625000000000001,1
t3_design_space/per_seed_metrics_main.csv,cluster_skew_overlap|0|post_none_off,worst_acc,0.6409090909090909,0.6409090909090909,1
t3_design_space/per_seed_metrics_main.csv,cluster_skew_overlap|0|post_none_on,min_dist,1.633617752539527,1.633617752539527,1
t3_design_space/per_seed_metrics_main.csv,cluster_skew_overlap|0|post_none_on,mean_acc,0.4117424242424242,0.4117424242424242,1
t3_design_space/per_seed_metrics_main.csv,cluster_skew_overlap|0|post_none_on,worst_acc,0.33636363636363636,0.33636363636363636,1
t3_design_space/per_seed_metrics_main.csv,cluster_skew_overlap|0|post_footprint_off,min_dist,4.6676407761191445,4.6676407761191445,1
t3_design_space/per_seed_metrics_main.csv,cluster_skew_overlap|0|post_footprint_off,mean_acc,0.8632575757575759,0.8632575757575759,1
t3_design_space/per_seed_metrics_main.csv,cluster_skew_overlap|0|post_footprint_off,worst_acc,0.8,0.8,1
t3_design_space/per_seed_metrics_main.csv,cluster_skew_overlap|0|post_footprint_on,min_dist,4.674608245407199,4.674608245407199,1
t3_design_space/per_seed_metrics_main.csv,cluster_skew_overlap|0|post_footprint_on,mean_acc,0.8132575757575758,0.8132575757575758,1
t3_design_space/per_seed_metrics_main.csv,cluster_skew_overlap|0|post_footprint_on,worst_acc,0.7136363636363636,0.7136363636363636,1
t3_design_space/per_seed_metrics_main.csv,cluster_skew_overlap|0|post_mass_off,min_dist,4.642535277276845,4.642535277276845,1
t3_design_space/per_seed_metrics_main.csv,cluster_skew_overlap|0|post_mass_off,mean_acc,0.8617424242424242,0.8617424242424242,1
t3_design_space/per_seed_metrics_main.csv,cluster_skew_overlap|0|post_mass_off,worst_acc,0.8045454545454546,0.8045454545454546,1
t3_design_space/per_seed_metrics_main.csv,cluster_skew_overlap|0|post_mass_on,min_dist,4.651934033149388,4.651934033149388,1
t3_design_space/per_seed_metrics_main.csv,cluster_skew_overlap|0|post_mass_on,mean_acc,0.8090909090909091,0.8090909090909091,1
t3_design_space/per_seed_metrics_main.csv,cluster_skew_overlap|0|post_mass_on,worst_acc,0.7272727272727273,0.7272727272727273,1
t3_design_space/per_seed_metrics_main.csv,cluster_skew_overlap|0|pre_none_off,min_dist,4.479247631383477,4.479247631383477,1
t3_design_space/per_seed_metrics_main.csv,cluster_skew_overlap|0|pre_none_off,mean_acc,0.8613636363636367,0.8613636363636367,1
t3_design_space/per_seed_metrics_main.csv,cluster_skew_overlap|0|pre_none_off,worst_acc,0.8045454545454546,0.8045454545454546,1
t3_design_space/per_seed_metrics_main.csv,cluster_skew_overlap|0|pre_none_on,min_dist,4.407834745019839,4.407834745019839,1
t3_design_space/per_seed_metrics_main.csv,cluster_skew_overlap|0|pre_none_on,mean_acc,0.41363636363636375,0.41363636363636375,1
t3_design_space/per_seed_metrics_main.csv,cluster_skew_overlap|0|pre_none_on,worst_acc,0.32727272727272727,0.32727272727272727,1
t3_design_space/per_seed_metrics_main.csv,cluster_skew_overlap|0|pre_footprint_off,min_dist,5.113283045055968,5.113283045055968,1
t3_design_space/per_seed_metrics_main.csv,cluster_skew_overlap|0|pre_footprint_off,mean_acc,0.8666666666666667,0.8666666666666667,1
t3_design_space/per_seed_metrics_main.csv,cluster_skew_overlap|0|pre_footprint_off,worst_acc,0.7954545454545454,0.7954545454545454,1
t3_design_space/per_seed_metrics_main.csv,cluster_skew_overlap|0|pre_footprint_on,min_dist,5.187470329440375,5.187470329440375,1
t3_design_space/per_seed_metrics_main.csv,cluster_skew_overlap|0|pre_footprint_on,mean_acc,0.8329545454545455,0.8329545454545455,1
t3_design_space/per_seed_metrics_main.csv,cluster_skew_overlap|0|pre_footprint_on,worst_acc,0.75,0.75,1
t3_design_space/per_seed_metrics_main.csv,cluster_skew_overlap|0|pre_mass_off,min_dist,5.10750129016679,5.10750129016679,1
t3_design_space/per_seed_metrics_main.csv,cluster_skew_overlap|0|pre_mass_off,mean_acc,0.8662878787878788,0.8662878787878788,1
t3_design_space/per_seed_metrics_main.csv,cluster_skew_overlap|0|pre_mass_off,worst_acc,0.7954545454545454,0.7954545454545454,1
t3_design_space/per_seed_metrics_main.csv,cluster_skew_overlap|0|pre_mass_on,min_dist,5.181500582251464,5.181500582251464,1
t3_design_space/per_seed_metrics_main.csv,cluster_skew_overlap|0|pre_mass_on,mean_acc,0.8303030303030304,0.8303030303030304,1
t3_design_space/per_seed_metrics_main.csv,cluster_skew_overlap|0|pre_mass_on,worst_acc,0.75,0.75,1
t3_design_space/per_seed_metrics_main.csv,cluster_skew_overlap|1|post_none_off,min_dist,2.2720147987858827,2.2720147987858827,1
t3_design_space/per_seed_metrics_main.csv,cluster_skew_overlap|1|post_none_off,mean_acc,0.7848484848484848,0.7848484848484848,1
t3_design_space/per_seed_metrics_main.csv,cluster_skew_overlap|1|post_none_off,worst_acc,0.6227272727272727,0.6227272727272727,1
t3_design_space/per_seed_metrics_main.csv,cluster_skew_overlap|1|post_none_on,min_dist,1.5661745823850484,1.5661745823850484,1
t3_design_space/per_seed_metrics_main.csv,cluster_skew_overlap|1|post_none_on,mean_acc,0.41818181818181815,0.41818181818181815,1
t3_design_space/per_seed_metrics_main.csv,cluster_skew_overlap|1|post_none_on,worst_acc,0.36363636363636365,0.36363636363636365,1
t3_design_space/per_seed_metrics_main.csv,cluster_skew_overlap|1|post_footprint_off,min_dist,4.607115391879358,4.607115391879358,1
t3_design_space/per_seed_metrics_main.csv,cluster_skew_overlap|1|post_footprint_off,mean_acc,0.8624999999999998,0.8624999999999998,1
t3_design_space/per_seed_metrics_main.csv,cluster_skew_overlap|1|post_footprint_off,worst_acc,0.8136363636363636,0.8136363636363636,1
t3_design_space/per_seed_metrics_main.csv,cluster_skew_overlap|1|post_footprint_on,min_dist,4.6638188403161225,4.6638188403161225,1
t3_design_space/per_seed_metrics_main.csv,cluster_skew_overlap|1|post_footprint_on,mean_acc,0.8170454545454545,0.8170454545454545,1
t3_design_space/per_seed_metrics_main.csv,cluster_skew_overlap|1|post_footprint_on,worst_acc,0.7681818181818182,0.7681818181818182,1
t3_design_space/per_seed_metrics_main.csv,cluster_skew_overlap|1|post_mass_off,min_dist,4.59590528198308,4.59590528198308,1
t3_design_space/per_seed_metrics_main.csv,cluster_skew_overlap|1|post_mass_off,mean_acc,0.8628787878787879,0.8628787878787879,1
t3_design_space/per_seed_metrics_main.csv,cluster_skew_overlap|1|post_mass_off,worst_acc,0.8136363636363636,0.8136363636363636,1
t3_design_space/per_seed_metrics_main.csv,cluster_skew_overlap|1|post_mass_on,min_dist,4.655202506562343,4.655202506562343,1
t3_design_space/per_seed_metrics_main.csv,cluster_skew_overlap|1|post_mass_on,mean_acc,0.8151515151515151,0.8151515151515151,1
t3_design_space/per_seed_metrics_main.csv,cluster_skew_overlap|1|post_mass_on,worst_acc,0.7636363636363637,0.7636363636363637,1
t3_design_space/per_seed_metrics_main.csv,cluster_skew_overlap|1|pre_none_off,min_dist,4.481733015965655,4.481733015965655,1
t3_design_space/per_seed_metrics_main.csv,cluster_skew_overlap|1|pre_none_off,mean_acc,0.8636363636363636,0.8636363636363636,1
t3_design_space/per_seed_metrics_main.csv,cluster_skew_overlap|1|pre_none_off,worst_acc,0.8181818181818182,0.8181818181818182,1
t3_design_space/per_seed_metrics_main.csv,cluster_skew_overlap|1|pre_none_on,min_dist,4.267590314550614,4.267590314550614,1
t3_design_space/per_seed_metrics_main.csv,cluster_skew_overlap|1|pre_none_on,mean_acc,0.415530303030303,0.415530303030303,1
t3_design_space/per_seed_metrics_main.csv,cluster_skew_overlap|1|pre_none_on,worst_acc,0.36363636363636365,0.36363636363636365,1
t3_design_space/per_seed_metrics_main.csv,cluster_skew_overlap|1|pre_footprint_off,min_dist,5.00552494812,5.00552494812,1
t3_design_space/per_seed_metrics_main.csv,cluster_skew_overlap|1|pre_footprint_off,mean_acc,0.8651515151515152,0.8651515151515152,1
t3_design_space/per_seed_metrics_main.csv,cluster_skew_overlap|1|pre_footprint_off,worst_acc,0.8272727272727273,0.8272727272727273,1
t3_design_space/per_seed_metrics_main.csv,cluster_skew_overlap|1|pre_footprint_on,min_dist,5.046362553809039,5.046362553809039,1
t3_design_space/per_seed_metrics_main.csv,cluster_skew_overlap|1|pre_footprint_on,mean_acc,0.8371212121212123,0.8371212121212123,1
t3_design_space/per_seed_metrics_main.csv,cluster_skew_overlap|1|pre_footprint_on,worst_acc,0.7818181818181819,0.7818181818181819,1
t3_design_space/per_seed_metrics_main.csv,cluster_skew_overlap|1|pre_mass_off,min_dist,5.001741268967033,5.001741268967033,1
t3_design_space/per_seed_metrics_main.csv,cluster_skew_overlap|1|pre_mass_off,mean_acc,0.8655303030303032,0.8655303030303032,1
t3_design_space/per_seed_metrics_main.csv,cluster_skew_overlap|1|pre_mass_off,worst_acc,0.8272727272727273,0.8272727272727273,1
t3_design_space/per_seed_metrics_main.csv,cluster_skew_overlap|1|pre_mass_on,min_dist,5.046106879041213,5.046106879041213,1
t3_design_space/per_seed_metrics_main.csv,cluster_skew_overlap|1|pre_mass_on,mean_acc,0.8359848484848486,0.8359848484848486,1
t3_design_space/per_seed_metrics_main.csv,cluster_skew_overlap|1|pre_mass_on,worst_acc,0.7818181818181819,0.7818181818181819,1
t3_design_space/per_seed_metrics_main.csv,dirichlet_0.03|0|post_none_off,min_dist,0.8165801589795443,0.8165801589795443,1
t3_design_space/per_seed_metrics_main.csv,dirichlet_0.03|0|post_none_off,mean_acc,0.8723484848484849,0.8723484848484849,1
t3_design_space/per_seed_metrics_main.csv,dirichlet_0.03|0|post_none_off,worst_acc,0.7545454545454545,0.7545454545454545,1
t3_design_space/per_seed_metrics_main.csv,dirichlet_0.03|0|post_none_on,min_dist,0.8847686590456495,0.8847686590456495,1
t3_design_space/per_seed_metrics_main.csv,dirichlet_0.03|0|post_none_on,mean_acc,0.4859848484848485,0.4859848484848485,1
t3_design_space/per_seed_metrics_main.csv,dirichlet_0.03|0|post_none_on,worst_acc,0.33181818181818185,0.33181818181818185,1
t3_design_space/per_seed_metrics_main.csv,dirichlet_0.03|0|post_footprint_off,min_dist,6.125979531061227,6.125979531061227,1
t3_design_space/per_seed_metrics_main.csv,dirichlet_0.03|0|post_footprint_off,mean_acc,1.0,1.0,1
t3_design_space/per_seed_metrics_main.csv,dirichlet_0.03|0|post_footprint_off,worst_acc,1.0,1.0,1
t3_design_space/per_seed_metrics_main.csv,dirichlet_0.03|0|post_footprint_on,min_dist,6.099330123109922,6.099330123109922,1
t3_design_space/per_seed_metrics_main.csv,dirichlet_0.03|0|post_footprint_on,mean_acc,1.0,1.0,1
t3_design_space/per_seed_metrics_main.csv,dirichlet_0.03|0|post_footprint_on,worst_acc,1.0,1.0,1
t3_design_space/per_seed_metrics_main.csv,dirichlet_0.03|0|post_mass_off,min_dist,6.126450977744731,6.126450977744731,1
t3_design_space/per_seed_metrics_main.csv,dirichlet_0.03|0|post_mass_off,mean_acc,1.0,1.0,1
t3_design_space/per_seed_metrics_main.csv,dirichlet_0.03|0|post_mass_off,worst_acc,1.0,1.0,1
t3_design_space/per_seed_metrics_main.csv,dirichlet_0.03|0|post_mass_on,min_dist,6.302578384878172,6.302578384878172,1
t3_design_space/per_seed_metrics_main.csv,dirichlet_0.03|0|post_mass_on,mean_acc,1.0,1.0,1
t3_design_space/per_seed_metrics_main.csv,dirichlet_0.03|0|post_mass_on,worst_acc,1.0,1.0,1
t3_design_space/per_seed_metrics_main.csv,dirichlet_0.03|0|pre_none_off,min_dist,8.585247231760992,8.585247231760992,1
t3_design_space/per_seed_metrics_main.csv,dirichlet_0.03|0|pre_none_off,mean_acc,1.0,1.0,1
t3_design_space/per_seed_metrics_main.csv,dirichlet_0.03|0|pre_none_off,worst_acc,1.0,1.0,1
t3_design_space/per_seed_metrics_main.csv,dirichlet_0.03|0|pre_none_on,min_dist,8.73476377715324,8.73476377715324,1
t3_design_space/per_seed_metrics_main.csv,dirichlet_0.03|0|pre_none_on,mean_acc,0.5018939393939394,0.5018939393939394,1
t3_design_space/per_seed_metrics_main.csv,dirichlet_0.03|0|pre_none_on,worst_acc,0.38636363636363635,0.38636363636363635,1
t3_design_space/per_seed_metrics_main.csv,dirichlet_0.03|0|pre_footprint_off,min_dist,8.605034433647333,8.605034433647333,1
t3_design_space/per_seed_metrics_main.csv,dirichlet_0.03|0|pre_footprint_off,mean_acc,1.0,1.0,1
t3_design_space/per_seed_metrics_main.csv,dirichlet_0.03|0|pre_footprint_off,worst_acc,1.0,1.0,1
t3_design_space/per_seed_metrics_main.csv,dirichlet_0.03|0|pre_footprint_on,min_dist,8.391584395923724,8.391584395923724,1
t3_design_space/per_seed_metrics_main.csv,dirichlet_0.03|0|pre_footprint_on,mean_acc,1.0,1.0,1
t3_design_space/per_seed_metrics_main.csv,dirichlet_0.03|0|pre_footprint_on,worst_acc,1.0,1.0,1
t3_design_space/per_seed_metrics_main.csv,dirichlet_0.03|0|pre_mass_off,min_dist,8.604986266372476,8.604986266372476,1
t3_design_space/per_seed_metrics_main.csv,dirichlet_0.03|0|pre_mass_off,mean_acc,1.0,1.0,1
t3_design_space/per_seed_metrics_main.csv,dirichlet_0.03|0|pre_mass_off,worst_acc,1.0,1.0,1
t3_design_space/per_seed_metrics_main.csv,dirichlet_0.03|0|pre_mass_on,min_dist,8.391490732577022,8.391490732577022,1
t3_design_space/per_seed_metrics_main.csv,dirichlet_0.03|0|pre_mass_on,mean_acc,1.0,1.0,1
t3_design_space/per_seed_metrics_main.csv,dirichlet_0.03|0|pre_mass_on,worst_acc,1.0,1.0,1
t3_design_space/per_seed_metrics_main.csv,dirichlet_0.03|1|post_none_off,min_dist,0.0978860433660758,0.0978860433660758,1
t3_design_space/per_seed_metrics_main.csv,dirichlet_0.03|1|post_none_off,mean_acc,0.9359848484848484,0.9359848484848484,1
t3_design_space/per_seed_metrics_main.csv,dirichlet_0.03|1|post_none_off,worst_acc,0.6090909090909091,0.6090909090909091,1
t3_design_space/per_seed_metrics_main.csv,dirichlet_0.03|1|post_none_on,min_dist,0.5580947368332423,0.5580947368332423,1
t3_design_space/per_seed_metrics_main.csv,dirichlet_0.03|1|post_none_on,mean_acc,0.4507575757575757,0.4507575757575757,1
t3_design_space/per_seed_metrics_main.csv,dirichlet_0.03|1|post_none_on,worst_acc,0.33636363636363636,0.33636363636363636,1
t3_design_space/per_seed_metrics_main.csv,dirichlet_0.03|1|post_footprint_off,min_dist,6.222300038490889,6.222300038490889,1
t3_design_space/per_seed_metrics_main.csv,dirichlet_0.03|1|post_footprint_off,mean_acc,1.0,1.0,1
t3_design_space/per_seed_metrics_main.csv,dirichlet_0.03|1|post_footprint_off,worst_acc,1.0,1.0,1
t3_design_space/per_seed_metrics_main.csv,dirichlet_0.03|1|post_footprint_on,min_dist,6.73052963535583,6.73052963535583,1
t3_design_space/per_seed_metrics_main.csv,dirichlet_0.03|1|post_footprint_on,mean_acc,1.0,1.0,1
t3_design_space/per_seed_metrics_main.csv,dirichlet_0.03|1|post_footprint_on,worst_acc,1.0,1.0,1
t3_design_space/per_seed_metrics_main.csv,dirichlet_0.03|1|post_mass_off,min_dist,6.218628593970937,6.218628593970937,1
t3_design_space/per_seed_metrics_main.csv,dirichlet_0.03|1|post_mass_off,mean_acc,1.0,1.0,1
t3_design_space/per_seed_metrics_main.csv,dirichlet_0.03|1|post_mass_off,worst_acc,1.0,1.0,1
t3_design_space/per_seed_metrics_main.csv,dirichlet_0.03|1|post_mass_on,min_dist,6.729622402504835,6.729622402504835,1
t3_design_space/per_seed_metrics_main.csv,dirichlet_0.03|1|post_mass_on,mean_acc,1.0,1.0,1
t3_design_space/per_seed_metrics_main.csv,dirichlet_0.03|1|post_mass_on,worst_acc,1.0,1.0,1
t3_design_space/per_seed_metrics_main.csv,dirichlet_0.03|1|pre_none_off,min_dist,7.23551067872796,7.23551067872796,1
t3_design_space/per_seed_metrics_main.csv,dirichlet_0.03|1|pre_none_off,mean_acc,1.0,1.0,1
t3_design_space/per_seed_metrics_main.csv,dirichlet_0.03|1|pre_none_off,worst_acc,1.0,1.0,1
t3_design_space/per_seed_metrics_main.csv,dirichlet_0.03|1|pre_none_on,min_dist,7.978642276503035,7.978642276503035,1
t3_design_space/per_seed_metrics_main.csv,dirichlet_0.03|1|pre_none_on,mean_acc,0.48106060606060597,0.48106060606060597,1
t3_design_space/per_seed_metrics_main.csv,dirichlet_0.03|1|pre_none_on,worst_acc,0.4,0.4,1
t3_design_space/per_seed_metrics_main.csv,dirichlet_0.03|1|pre_footprint_off,min_dist,7.181909021689274,7.181909021689274,1
t3_design_space/per_seed_metrics_main.csv,dirichlet_0.03|1|pre_footprint_off,mean_acc,1.0,1.0,1
t3_design_space/per_seed_metrics_main.csv,dirichlet_0.03|1|pre_footprint_off,worst_acc,1.0,1.0,1
t3_design_space/per_seed_metrics_main.csv,dirichlet_0.03|1|pre_footprint_on,min_dist,8.260221151553937,8.260221151553937,1
t3_design_space/per_seed_metrics_main.csv,dirichlet_0.03|1|pre_footprint_on,mean_acc,1.0,1.0,1
t3_design_space/per_seed_metrics_main.csv,dirichlet_0.03|1|pre_footprint_on,worst_acc,1.0,1.0,1
t3_design_space/per_seed_metrics_main.csv,dirichlet_0.03|1|pre_mass_off,min_dist,7.182111996024312,7.182111996024312,1
t3_design_space/per_seed_metrics_main.csv,dirichlet_0.03|1|pre_mass_off,mean_acc,1.0,1.0,1
t3_design_space/per_seed_metrics_main.csv,dirichlet_0.03|1|pre_mass_off,worst_acc,1.0,1.0,1
t3_design_space/per_seed_metrics_main.csv,dirichlet_0.03|1|pre_mass_on,min_dist,8.260262908904036,8.260262908904036,1
t3_design_space/per_seed_metrics_main.csv,dirichlet_0.03|1|pre_mass_on,mean_acc,1.0,1.0,1
t3_design_space/per_seed_metrics_main.csv,dirichlet_0.03|1|pre_mass_on,worst_acc,1.0,1.0,1
t3_design_space/per_seed_metrics_main.csv,dirichlet_0.1|0|post_none_off,min_dist,1.2433765327731672,1.2433765327731672,1
t3_design_space/per_seed_metrics_main.csv,dirichlet_0.1|0|post_none_off,mean_acc,0.9037878787878788,0.9037878787878788,1
t3_design_space/per_seed_metrics_main.csv,dirichlet_0.1|0|post_none_off,worst_acc,0.6409090909090909,0.6409090909090909,1
t3_design_space/per_seed_metrics_main.csv,dirichlet_0.1|0|post_none_on,min_dist,1.5714160338402812,1.5714160338402812,1
t3_design_space/per_seed_metrics_main.csv,dirichlet_0.1|0|post_none_on,mean_acc,0.6106060606060605,0.6106060606060605,1
t3_design_space/per_seed_metrics_main.csv,dirichlet_0.1|0|post_none_on,worst_acc,0.4,0.4,1
t3_design_space/per_seed_metrics_main.csv,dirichlet_0.1|0|post_footprint_off,min_dist,7.210001243082643,7.210001243082643,1
t3_design_space/per_seed_metrics_main.csv,dirichlet_0.1|0|post_footprint_off,mean_acc,1.0,1.0,1
t3_design_space/per_seed_metrics_main.csv,dirichlet_0.1|0|post_footprint_off,worst_acc,1.0,1.0,1
t3_design_space/per_seed_metrics_main.csv,dirichlet_0.1|0|post_footprint_on,min_dist,7.396263114862932,7.396263114862932,1
t3_design_space/per_seed_metrics_main.csv,dirichlet_0.1|0|post_footprint_on,mean_acc,1.0,1.0,1
t3_design_space/per_seed_metrics_main.csv,dirichlet_0.1|0|post_footprint_on,worst_acc,1.0,1.0,1
t3_design_space/per_seed_metrics_main.csv,dirichlet_0.1|0|post_mass_off,min_dist,7.210215155798991,7.210215155798991,1
t3_design_space/per_seed_metrics_main.csv,dirichlet_0.1|0|post_mass_off,mean_acc,1.0,1.0,1
t3_design_space/per_seed_metrics_main.csv,dirichlet_0.1|0|post_mass_off,worst_acc,1.0,1.0,1
t3_design_space/per_seed_metrics_main.csv,dirichlet_0.1|0|post_mass_on,min_dist,7.544129924077718,7.544129924077718,1
t3_design_space/per_seed_metrics_main.csv,dirichlet_0.1|0|post_mass_on,mean_acc,1.0,1.0,1
t3_design_space/per_seed_metrics_main.csv,dirichlet_0.1|0|post_mass_on,worst_acc,1.0,1.0,1
t3_design_space/per_seed_metrics_main.csv,dirichlet_0.1|0|pre_none_off,min_dist,8.231239914977493,8.231239914977493,1
t3_design_space/per_seed_metrics_main.csv,dirichlet_0.1|0|pre_none_off,mean_acc,1.0,1.0,1
t3_design_space/per_seed_metrics_main.csv,dirichlet_0.1|0|pre_none_off,worst_acc,1.0,1.0,1
t3_design_space/per_seed_metrics_main.csv,dirichlet_0.1|0|pre_none_on,min_dist,7.945739519305123,7.945739519305123,1
t3_design_space/per_seed_metrics_main.csv,dirichlet_0.1|0|pre_none_on,mean_acc,0.631439393939394,0.631439393939394,1
t3_design_space/per_seed_metrics_main.csv,dirichlet_0.1|0|pre_none_on,worst_acc,0.45,0.45,1
t3_design_space/per_seed_metrics_main.csv,dirichlet_0.1|0|pre_footprint_off,min_dist,8.272308238668284,8.272308238668284,1
t3_design_space/per_seed_metrics_main.csv,dirichlet_0.1|0|pre_footprint_off,mean_acc,1.0,1.0,1
t3_design_space/per_seed_metrics_main.csv,dirichlet_0.1|0|pre_footprint_off,worst_acc,1.0,1.0,1
t3_design_space/per_seed_metrics_main.csv,dirichlet_0.1|0|pre_footprint_on,min_dist,8.284686911458165,8.284686911458165,1
t3_design_space/per_seed_metrics_main.csv,dirichlet_0.1|0|pre_footprint_on,mean_acc,1.0,1.0,1
t3_design_space/per_seed_metrics_main.csv,dirichlet_0.1|0|pre_footprint_on,worst_acc,1.0,1.0,1
t3_design_space/per_seed_metrics_main.csv,dirichlet_0.1|0|pre_mass_off,min_dist,8.272396000181972,8.272396000181972,1
t3_design_space/per_seed_metrics_main.csv,dirichlet_0.1|0|pre_mass_off,mean_acc,1.0,1.0,1
t3_design_space/per_seed_metrics_main.csv,dirichlet_0.1|0|pre_mass_off,worst_acc,1.0,1.0,1
t3_design_space/per_seed_metrics_main.csv,dirichlet_0.1|0|pre_mass_on,min_dist,8.285025397987024,8.285025397987024,1
t3_design_space/per_seed_metrics_main.csv,dirichlet_0.1|0|pre_mass_on,mean_acc,1.0,1.0,1
t3_design_space/per_seed_metrics_main.csv,dirichlet_0.1|0|pre_mass_on,worst_acc,1.0,1.0,1
t3_design_space/per_seed_metrics_main.csv,dirichlet_0.1|1|post_none_off,min_dist,3.0156795824743923,3.0156795824743923,1
t3_design_space/per_seed_metrics_main.csv,dirichlet_0.1|1|post_none_off,mean_acc,1.0,1.0,1
t3_design_space/per_seed_metrics_main.csv,dirichlet_0.1|1|post_none_off,worst_acc,1.0,1.0,1
t3_design_space/per_seed_metrics_main.csv,dirichlet_0.1|1|post_none_on,min_dist,1.303419138073624,1.303419138073624,1
t3_design_space/per_seed_metrics_main.csv,dirichlet_0.1|1|post_none_on,mean_acc,0.6617424242424242,0.6617424242424242,1
t3_design_space/per_seed_metrics_main.csv,dirichlet_0.1|1|post_none_on,worst_acc,0.38636363636363635,0.38636363636363635,1
t3_design_space/per_seed_metrics_main.csv,dirichlet_0.1|1|post_footprint_off,min_dist,7.67009489064149,7.67009489064149,1
t3_design_space/per_seed_metrics_main.csv,dirichlet_0.1|1|post_footprint_off,mean_acc,1.0,1.0,1
t3_design_space/per_seed_metrics_main.csv,dirichlet_0.1|1|post_footprint_off,worst_acc,1.0,1.0,1
t3_design_space/per_seed_metrics_main.csv,dirichlet_0.1|1|post_footprint_on,min_dist,7.689244702440898,7.689244702440898,1
t3_design_space/per_seed_metrics_main.csv,dirichlet_0.1|1|post_footprint_on,mean_acc,1.0,1.0,1
t3_design_space/per_seed_metrics_main.csv,dirichlet_0.1|1|post_footprint_on,worst_acc,1.0,1.0,1
t3_design_space/per_seed_metrics_main.csv,dirichlet_0.1|1|post_mass_off,min_dist,7.667627157260686,7.667627157260686,1
t3_design_space/per_seed_metrics_main.csv,dirichlet_0.1|1|post_mass_off,mean_acc,1.0,1.0,1
t3_design_space/per_seed_metrics_main.csv,dirichlet_0.1|1|post_mass_off,worst_acc,1.0,1.0,1
t3_design_space/per_seed_metrics_main.csv,dirichlet_0.1|1|post_mass_on,min_dist,7.687668752096587,7.687668752096587,1
t3_design_space/per_seed_metrics_main.csv,dirichlet_0.1|1|post_mass_on,mean_acc,1.0,1.0,1
t3_design_space/per_seed_metrics_main.csv,dirichlet_0.1|1|post_mass_on,worst_acc,1.0,1.0,1
t3_design_space/per_seed_metrics_main.csv,dirichlet_0.1|1|pre_none_off,min_dist,8.0692223424736,8.0692223424736,1
t3_design_space/per_seed_metrics_main.csv,dirichlet_0.1|1|pre_none_off,mean_acc,1.0,1.0,1
t3_design_space/per_seed_metrics_main.csv,dirichlet_0.1|1|pre_none_off,worst_acc,1.0,1.0,1
t3_design_space/per_seed_metrics_main.csv,dirichlet_0.1|1|pre_none_on,min_dist,8.14862871254387,8.14862871254387,1
t3_design_space/per_seed_metrics_main.csv,dirichlet_0.1|1|pre_none_on,mean_acc,0.6897727272727273,0.6897727272727273,1
t3_design_space/per_seed_metrics_main.csv,dirichlet_0.1|1|pre_none_on,worst_acc,0.42272727272727273,0.42272727272727273,1
t3_design_space/per_seed_metrics_main.csv,dirichlet_0.1|1|pre_footprint_off,min_dist,8.156401989498333,8.156401989498333,1
t3_design_space/per_seed_metrics_main.csv,dirichlet_0.1|1|pre_footprint_off,mean_acc,1.0,1.0,1
t3_design_space/per_seed_metrics_main.csv,dirichlet_0.1|1|pre_footprint_off,worst_acc,1.0,1.0,1
t3_design_space/per_seed_metrics_main.csv,dirichlet_0.1|1|pre_footprint_on,min_dist,8.143361964226235,8.143361964226235,1
t3_design_space/per_seed_metrics_main.csv,dirichlet_0.1|1|pre_footprint_on,mean_acc,1.0,1.0,1
t3_design_space/per_seed_metrics_main.csv,dirichlet_0.1|1|pre_footprint_on,worst_acc,1.0,1.0,1
t3_design_space/per_seed_metrics_main.csv,dirichlet_0.1|1|pre_mass_off,min_dist,8.152401636322832,8.152401636322832,1
t3_design_space/per_seed_metrics_main.csv,dirichlet_0.1|1|pre_mass_off,mean_acc,1.0,1.0,1
t3_design_space/per_seed_metrics_main.csv,dirichlet_0.1|1|pre_mass_off,worst_acc,1.0,1.0,1
t3_design_space/per_seed_metrics_main.csv,dirichlet_0.1|1|pre_mass_on,min_dist,8.140595542233156,8.140595542233156,1
t3_design_space/per_seed_metrics_main.csv,dirichlet_0.1|1|pre_mass_on,mean_acc,1.0,1.0,1
t3_design_space/per_seed_metrics_main.csv,dirichlet_0.1|1|pre_mass_on,worst_acc,1.0,1.0,1
t3_design_space/per_seed_metrics_main.csv,overlap_noise|0|post_none_off,min_dist,2.909822037333844,2.909822037333844,1
t3_design_space/per_seed_metrics_main.csv,overlap_noise|0|post_none_off,mean_acc,0.7503787878787879,0.7503787878787879,1
t3_design_space/per_seed_metrics_main.csv,overlap_noise|0|post_none_off,worst_acc,0.6045454545454545,0.6045454545454545,1
t3_design_space/per_seed_metrics_main.csv,overlap_noise|0|post_none_on,min_dist,2.9743515122707027,2.9743515122707027,1
t3_design_space/per_seed_metrics_main.csv,overlap_noise|0|post_none_on,mean_acc,0.5886363636363637,0.5886363636363637,1
t3_design_space/per_seed_metrics_main.csv,overlap_noise|0|post_none_on,worst_acc,0.3409090909090909,0.3409090909090909,1
t3_design_space/per_seed_metrics_main.csv,overlap_noise|0|post_footprint_off,min_dist,5.062640367457942,5.062640367457942,1
t3_design_space/per_seed_metrics_main.csv,overlap_noise|0|post_footprint_off,mean_acc,0.897348484848485,0.897348484848485,1
t3_design_space/per_seed_metrics_main.csv,overlap_noise|0|post_footprint_off,worst_acc,0.8681818181818182,0.8681818181818182,1
t3_design_space/per_seed_metrics_main.csv,overlap_noise|0|post_footprint_on,min_dist,5.078033503944573,5.078033503944573,1
t3_design_space/per_seed_metrics_main.csv,overlap_noise|0|post_footprint_on,mean_acc,0.8875000000000001,0.8875000000000001,1
t3_design_space/per_seed_metrics_main.csv,overlap_noise|0|post_footprint_on,worst_acc,0.8363636363636363,0.8363636363636363,1
t3_design_space/per_seed_metrics_main.csv,overlap_noise|0|post_mass_off,min_dist,5.008224259641808,5.008224259641808,1
t3_design_space/per_seed_metrics_main.csv,overlap_noise|0|post_mass_off,mean_acc,0.8962121212121211,0.8962121212121211,1
t3_design_space/per_seed_metrics_main.csv,overlap_noise|0|post_mass_off,worst_acc,0.8681818181818182,0.8681818181818182,1
t3_design_space/per_seed_metrics_main.csv,overlap_noise|0|post_mass_on,min_dist,5.024315152276531,5.024315152276531,1
t3_design_space/per_seed_metrics_main.csv,overlap_noise|0|post_mass_on,mean_acc,0.8821969696969697,0.8821969696969697,1
t3_design_space/per_seed_metrics_main.csv,overlap_noise|0|post_mass_on,worst_acc,0.8045454545454546,0.8045454545454546,1
t3_design_space/per_seed_metrics_main.csv,overlap_noise|0|pre_none_off,min_dist,2.3273597891491864,2.3273597891491864,1
t3_design_space/per_seed_metrics_main.csv,overlap_noise|0|pre_none_off,mean_acc,0.703030303030303,0.703030303030303,1
t3_design_space/per_seed_metrics_main.csv,overlap_noise|0|pre_none_off,worst_acc,0.5590909090909091,0.5590909090909091,1
t3_design_space/per_seed_metrics_main.csv,overlap_noise|0|pre_none_on,min_dist,1.8265961978414451,1.8265961978414451,1
t3_design_space/per_seed_metrics_main.csv,overlap_noise|0|pre_none_on,mean_acc,0.5856060606060607,0.5856060606060607,1
t3_design_space/per_seed_metrics_main.csv,overlap_noise|0|pre_none_on,worst_acc,0.35909090909090907,0.35909090909090907,1
t3_design_space/per_seed_metrics_main.csv,overlap_noise|0|pre_footprint_off,min_dist,5.370352133499629,5.370352133499629,1
t3_design_space/per_seed_metrics_main.csv,overlap_noise|0|pre_footprint_off,mean_acc,0.9,0.9,1
t3_design_space/per_seed_metrics_main.csv,overlap_noise|0|pre_footprint_off,worst_acc,0.8727272727272727,0.8727272727272727,1
t3_design_space/per_seed_metrics_main.csv,overlap_noise|0|pre_footprint_on,min_dist,1.778484572255724,1.778484572255724,1
t3_design_space/per_seed_metrics_main.csv,overlap_noise|0|pre_footprint_on,mean_acc,0.6727272727272727,0.6727272727272727,1
t3_design_space/per_seed_metrics_main.csv,overlap_noise|0|pre_footprint_on,worst_acc,0.5181818181818182,0.5181818181818182,1
t3_design_space/per_seed_metrics_main.csv,overlap_noise|0|pre_mass_off,min_dist,5.356738985645404,5.356738985645404,1
t3_design_space/per_seed_metrics_main.csv,overlap_noise|0|pre_mass_off,mean_acc,0.8996212121212123,0.8996212121212123,1
t3_design_space/per_seed_metrics_main.csv,overlap_noise|0|pre_mass_off,worst_acc,0.8727272727272727,0.8727272727272727,1
t3_design_space/per_seed_metrics_main.csv,overlap_noise|0|pre_mass_on,min_dist,1.7692422936339163,1.7692422936339163,1
t3_design_space/per_seed_metrics_main.csv,overlap_noise|0|pre_mass_on,mean_acc,0.6742424242424242,0.6742424242424242,1
t3_design_space/per_seed_metrics_main.csv,overlap_noise|0|pre_mass_on,worst_acc,0.509090909090909,0.509090909090909,1
t3_design_space/per_seed_metrics_main.csv,overlap_noise|1|post_none_off,min_dist,4.449544529407668,4.449544529407668,1
t3_design_space/per_seed_metrics_main.csv,overlap_noise|1|post_none_off,mean_acc,0.893560606060606,0.893560606060606,1
t3_design_space/per_seed_metrics_main.csv,overlap_noise|1|post_none_off,worst_acc,0.8636363636363636,0.8636363636363636,1
t3_design_space/per_seed_metrics_main.csv,overlap_noise|1|post_none_on,min_dist,4.052653855016781,4.052653855016781,1
t3_design_space/per_seed_metrics_main.csv,overlap_noise|1|post_none_on,mean_acc,0.6212121212121212,0.6212121212121212,1
t3_design_space/per_seed_metrics_main.csv,overlap_noise|1|post_none_on,worst_acc,0.3409090909090909,0.3409090909090909,1
t3_design_space/per_seed_metrics_main.csv,overlap_noise|1|post_footprint_off,min_dist,5.036099426816533,5.036099426816533,1
t3_design_space/per_seed_metrics_main.csv,overlap_noise|1|post_footprint_off,mean_acc,0.9068181818181816,0.9068181818181816,1
t3_design_space/per_seed_metrics_main.csv,overlap_noise|1|post_footprint_off,worst_acc,0.8818181818181818,0.8818181818181818,1
t3_design_space/per_seed_metrics_main.csv,overlap_noise|1|post_footprint_on,min_dist,5.042374285941915,5.042374285941915,1
t3_design_space/per_seed_metrics_main.csv,overlap_noise|1|post_footprint_on,mean_acc,0.8958333333333334,0.8958333333333334,1
t3_design_space/per_seed_metrics_main.csv,overlap_noise|1|post_footprint_on,worst_acc,0.85,0.85,1
t3_design_space/per_seed_metrics_main.csv,overlap_noise|1|post_mass_off,min_dist,5.02591380181384,5.02591380181384,1
t3_design_space/per_seed_metrics_main.csv,overlap_noise|1|post_mass_off,mean_acc,0.9068181818181816,0.9068181818181816,1
t3_design_space/per_seed_metrics_main.csv,overlap_noise|1|post_mass_off,worst_acc,0.8818181818181818,0.8818181818181818,1
t3_design_space/per_seed_metrics_main.csv,overlap_noise|1|post_mass_on,min_dist,5.032504719826848,5.032504719826848,1
t3_design_space/per_seed_metrics_main.csv,overlap_noise|1|post_mass_on,mean_acc,0.8950757575757575,0.8950757575757575,1
t3_design_space/per_seed_metrics_main.csv,overlap_noise|1|post_mass_on,worst_acc,0.85,0.85,1
t3_design_space/per_seed_metrics_main.csv,overlap_noise|1|pre_none_off,min_dist,4.980934116170232,4.980934116170232,1
t3_design_space/per_seed_metrics_main.csv,overlap_noise|1|pre_none_off,mean_acc,0.9037878787878788,0.9037878787878788,1
t3_design_space/per_seed_metrics_main.csv,overlap_noise|1|pre_none_off,worst_acc,0.8863636363636364,0.8863636363636364,1
t3_design_space/per_seed_metrics_main.csv,overlap_noise|1|pre_none_on,min_dist,4.949238037319637,4.949238037319637,1
t3_design_space/per_seed_metrics_main.csv,overlap_noise|1|pre_none_on,mean_acc,0.6200757575757575,0.6200757575757575,1
t3_design_space/per_seed_metrics_main.csv,overlap_noise|1|pre_none_on,worst_acc,0.35,0.35,1
t3_design_space/per_seed_metrics_main.csv,overlap_noise|1|pre_footprint_off,min_dist,5.160326133894557,5.160326133894557,1
t3_design_space/per_seed_metrics_main.csv,overlap_noise|1|pre_footprint_off,mean_acc,0.9068181818181817,0.9068181818181817,1
t3_design_space/per_seed_metrics_main.csv,overlap_noise|1|pre_footprint_off,worst_acc,0.8818181818181818,0.8818181818181818,1
t3_design_space/per_seed_metrics_main.csv,overlap_noise|1|pre_footprint_on,min_dist,5.172933142920301,5.172933142920301,1
t3_design_space/per_seed_metrics_main.csv,overlap_noise|1|pre_footprint_on,mean_acc,0.896969696969697,0.896969696969697,1
t3_design_space/per_seed_metrics_main.csv,overlap_noise|1|pre_footprint_on,worst_acc,0.8590909090909091,0.8590909090909091,1
t3_design_space/per_seed_metrics_main.csv,overlap_noise|1|pre_mass_off,min_dist,5.1552950989156985,5.1552950989156985,1
t3_design_space/per_seed_metrics_main.csv,overlap_noise|1|pre_mass_off,mean_acc,0.9068181818181817,0.9068181818181817,1
t3_design_space/per_seed_metrics_main.csv,overlap_noise|1|pre_mass_off,worst_acc,0.8818181818181818,0.8818181818181818,1
t3_design_space/per_seed_metrics_main.csv,overlap_noise|1|pre_mass_on,min_dist,5.169415558618787,5.169415558618787,1
t3_design_space/per_seed_metrics_main.csv,overlap_noise|1|pre_mass_on,mean_acc,0.896969696969697,0.896969696969697,1
t3_design_space/per_seed_metrics_main.csv,overlap_noise|1|pre_mass_on,worst_acc,0.8545454545454545,0.8545454545454545,1
t3_design_space/per_seed_metrics_main.csv,quantity_skew_extreme|0|post_none_off,min_dist,1.2978984190961782,1.2978984190961782,1
t3_design_space/per_seed_metrics_main.csv,quantity_skew_extreme|0|post_none_off,mean_acc,0.907321845063184,0.907321845063184,1
t3_design_space/per_seed_metrics_main.csv,quantity_skew_extreme|0|post_none_off,worst_acc,0.6,0.6,1
t3_design_space/per_seed_metrics_main.csv,quantity_skew_extreme|0|post_none_on,min_dist,4.794075960933675,4.794075960933675,1
t3_design_space/per_seed_metrics_main.csv,quantity_skew_extreme|0|post_none_on,mean_acc,0.6925803535748679,0.6925803535748679,1
t3_design_space/per_seed_metrics_main.csv,quantity_skew_extreme|0|post_none_on,worst_acc,0.5161290322580645,0.5161290322580645,1
t3_design_space/per_seed_metrics_main.csv,quantity_skew_extreme|0|post_footprint_off,min_dist,1.0979012590654247,1.0979012590654247,1
t3_design_space/per_seed_metrics_main.csv,quantity_skew_extreme|0|post_footprint_off,mean_acc,0.7804984639075067,0.7804984639075067,1
t3_design_space/per_seed_metrics_main.csv,quantity_skew_extreme|0|post_footprint_off,worst_acc,0.5416666666666666,0.5416666666666666,1
t3_design_space/per_seed_metrics_main.csv,quantity_skew_extreme|0|post_footprint_on,min_dist,1.0821049431334662,1.0821049431334662,1
t3_design_space/per_seed_metrics_main.csv,quantity_skew_extreme|0|post_footprint_on,mean_acc,0.7457916805924425,0.7457916805924425,1
t3_design_space/per_seed_metrics_main.csv,quantity_skew_extreme|0|post_footprint_on,worst_acc,0.5776699029126213,0.5776699029126213,1
t3_design_space/per_seed_metrics_main.csv,quantity_skew_extreme|0|post_mass_off,min_dist,1.3048380412713882,1.3048380412713882,1
t3_design_space/per_seed_metrics_main.csv,quantity_skew_extreme|0|post_mass_off,mean_acc,0.8916621375500352,0.8916621375500352,1
t3_design_space/per_seed_metrics_main.csv,quantity_skew_extreme|0|post_mass_off,worst_acc,0.7,0.7,1
t3_design_space/per_seed_metrics_main.csv,quantity_skew_extreme|0|post_mass_on,min_dist,1.1655670624017502,1.1655670624017502,1
t3_design_space/per_seed_metrics_main.csv,quantity_skew_extreme|0|post_mass_on,mean_acc,0.7467676099700896,0.7467676099700896,1
t3_design_space/per_seed_metrics_main.csv,quantity_skew_extreme|0|post_mass_on,worst_acc,0.5128205128205128,0.5128205128205128,1
t3_design_space/per_seed_metrics_main.csv,quantity_skew_extreme|0|pre_none_off,min_dist,1.317292212700376,1.317292212700376,1
t3_design_space/per_seed_metrics_main.csv,quantity_skew_extreme|0|pre_none_off,mean_acc,0.8658884578060326,0.8658884578060326,1
t3_design_space/per_seed_metrics_main.csv,quantity_skew_extreme|0|pre_none_off,worst_acc,0.7448979591836735,0.7448979591836735,1
t3_design_space/per_seed_metrics_main.csv,quantity_skew_extreme|0|pre_none_on,min_dist,5.741671478989161,5.741671478989161,1
t3_design_space/per_seed_metrics_main.csv,quantity_skew_extreme|0|pre_none_on,mean_acc,0.7038697756622453,0.7038697756622453,1
t3_design_space/per_seed_metrics_main.csv,quantity_skew_extreme|0|pre_none_on,worst_acc,0.5,0.5,1
t3_design_space/per_seed_metrics_main.csv,quantity_skew_extreme|0|pre_footprint_off,min_dist,7.849060488224452,7.849060488224452,1
t3_design_space/per_seed_metrics_main.csv,quantity_skew_extreme|0|pre_footprint_off,mean_acc,1.0,1.0,1
t3_design_space/per_seed_metrics_main.csv,quantity_skew_extreme|0|pre_footprint_off,worst_acc,1.0,1.0,1
t3_design_space/per_seed_metrics_main.csv,quantity_skew_extreme|0|pre_footprint_on,min_dist,7.841270031827931,7.841270031827931,1
t3_design_space/per_seed_metrics_main.csv,quantity_skew_extreme|0|pre_footprint_on,mean_acc,1.0,1.0,1
t3_design_space/per_seed_metrics_main.csv,quantity_skew_extreme|0|pre_footprint_on,worst_acc,1.0,1.0,1
t3_design_space/per_seed_metrics_main.csv,quantity_skew_extreme|0|pre_mass_off,min_dist,7.851243818805544,7.851243818805544,1
t3_design_space/per_seed_metrics_main.csv,quantity_skew_extreme|0|pre_mass_off,mean_acc,1.0,1.0,1
t3_design_space/per_seed_metrics_main.csv,quantity_skew_extreme|0|pre_mass_off,worst_acc,1.0,1.0,1
t3_design_space/per_seed_metrics_main.csv,quantity_skew_extreme|0|pre_mass_on,min_dist,7.9078664999880495,7.9078664999880495,1
t3_design_space/per_seed_metrics_main.csv,quantity_skew_extreme|0|pre_mass_on,mean_acc,1.0,1.0,1
t3_design_space/per_seed_metrics_main.csv,quantity_skew_extreme|0|pre_mass_on,worst_acc,1.0,1.0,1
t3_design_space/per_seed_metrics_main.csv,quantity_skew_extreme|1|post_none_off,min_dist,1.0364718871042213,1.0364718871042213,1
t3_design_space/per_seed_metrics_main.csv,quantity_skew_extreme|1|post_none_off,mean_acc,0.7819098143538219,0.7819098143538219,1
t3_design_space/per_seed_metrics_main.csv,quantity_skew_extreme|1|post_none_off,worst_acc,0.5409836065573771,0.5409836065573771,1
t3_design_space/per_seed_metrics_main.csv,quantity_skew_extreme|1|post_none_on,min_dist,1.3587917167272332,1.3587917167272332,1
t3_design_space/per_seed_metrics_main.csv,quantity_skew_extreme|1|post_none_on,mean_acc,0.7631671599520161,0.7631671599520161,1
t3_design_space/per_seed_metrics_main.csv,quantity_skew_extreme|1|post_none_on,worst_acc,0.45,0.45,1
t3_design_space/per_seed_metrics_main.csv,quantity_skew_extreme|1|post_footprint_off,min_dist,1.0891403728131177,1.0891403728131177,1
t3_design_space/per_seed_metrics_main.csv,quantity_skew_extreme|1|post_footprint_off,mean_acc,0.8517602946555662,0.8517602946555662,1
t3_design_space/per_seed_metrics_main.csv,quantity_skew_extreme|1|post_footprint_off,worst_acc,0.6132686084142395,0.6132686084142395,1
t3_design_space/per_seed_metrics_main.csv,quantity_skew_extreme|1|post_footprint_on,min_dist,1.2363219822550768,1.2363219822550768,1
t3_design_space/per_seed_metrics_main.csv,quantity_skew_extreme|1|post_footprint_on,mean_acc,0.877218571529711,0.877218571529711,1
t3_design_space/per_seed_metrics_main.csv,quantity_skew_extreme|1|post_footprint_on,worst_acc,0.5954692556634305,0.5954692556634305,1
t3_design_space/per_seed_metrics_main.csv,quantity_skew_extreme|1|post_mass_off,min_dist,1.0543987184865236,1.0543987184865236,1
t3_design_space/per_seed_metrics_main.csv,quantity_skew_extreme|1|post_mass_off,mean_acc,0.7678738967356861,0.7678738967356861,1
t3_design_space/per_seed_metrics_main.csv,quantity_skew_extreme|1|post_mass_off,worst_acc,0.5573770491803278,0.5573770491803278,1
t3_design_space/per_seed_metrics_main.csv,quantity_skew_extreme|1|post_mass_on,min_dist,1.1422719335218168,1.1422719335218168,1
t3_design_space/per_seed_metrics_main.csv,quantity_skew_extreme|1|post_mass_on,mean_acc,0.8829105985963798,0.8829105985963798,1
t3_design_space/per_seed_metrics_main.csv,quantity_skew_extreme|1|post_mass_on,worst_acc,0.5760517799352751,0.5760517799352751,1
t3_design_space/per_seed_metrics_main.csv,quantity_skew_extreme|1|pre_none_off,min_dist,1.5082055756129509,1.5082055756129509,1
t3_design_space/per_seed_metrics_main.csv,quantity_skew_extreme|1|pre_none_off,mean_acc,0.8000706387108899,0.8000706387108899,1
t3_design_space/per_seed_metrics_main.csv,quantity_skew_extreme|1|pre_none_off,worst_acc,0.5901639344262295,0.5901639344262295,1
t3_design_space/per_seed_metrics_main.csv,quantity_skew_extreme|1|pre_none_on,min_dist,1.4860413133001789,1.4860413133001789,1
t3_design_space/per_seed_metrics_main.csv,quantity_skew_extreme|1|pre_none_on,mean_acc,0.7757285097868659,0.7757285097868659,1
t3_design_space/per_seed_metrics_main.csv,quantity_skew_extreme|1|pre_none_on,worst_acc,0.45,0.45,1
t3_design_space/per_seed_metrics_main.csv,quantity_skew_extreme|1|pre_footprint_off,min_dist,1.3328419544837977,1.3328419544837977,1
t3_design_space/per_seed_metrics_main.csv,quantity_skew_extreme|1|pre_footprint_off,mean_acc,0.9041070095781455,0.9041070095781455,1
t3_design_space/per_seed_metrics_main.csv,quantity_skew_extreme|1|pre_footprint_off,worst_acc,0.6440129449838188,0.6440129449838188,1
t3_design_space/per_seed_metrics_main.csv,quantity_skew_extreme|1|pre_footprint_on,min_dist,1.3817108339475153,1.3817108339475153,1
t3_design_space/per_seed_metrics_main.csv,quantity_skew_extreme|1|pre_footprint_on,mean_acc,0.9027773044826879,0.9027773044826879,1
t3_design_space/per_seed_metrics_main.csv,quantity_skew_extreme|1|pre_footprint_on,worst_acc,0.6084142394822006,0.6084142394822006,1
t3_design_space/per_seed_metrics_main.csv,quantity_skew_extreme|1|pre_mass_off,min_dist,1.2655455888167872,1.2655455888167872,1
t3_design_space/per_seed_metrics_main.csv,quantity_skew_extreme|1|pre_mass_off,mean_acc,0.898080721123203,0.898080721123203,1
t3_design_space/per_seed_metrics_main.csv,quantity_skew_extreme|1|pre_mass_off,worst_acc,0.627831715210356,0.627831715210356,1
t3_design_space/per_seed_metrics_main.csv,quantity_skew_extreme|1|pre_mass_on,min_dist,1.3176101203871748,1.3176101203871748,1
t3_design_space/per_seed_metrics_main.csv,quantity_skew_extreme|1|pre_mass_on,mean_acc,0.9006927327899331,0.9006927327899331,1
t3_design_space/per_seed_metrics_main.csv,quantity_skew_extreme|1|pre_mass_on,worst_acc,0.598705501618123,0.598705501618123,1
t3_design_space/per_seed_metrics_main.csv,wine|0|post_none_off,min_dist,2.064425568440772,2.064425568440772,1
t3_design_space/per_seed_metrics_main.csv,wine|0|post_none_off,mean_acc,0.9300292397660821,0.9300292397660821,1
t3_design_space/per_seed_metrics_main.csv,wine|0|post_none_off,worst_acc,0.8333333333333334,0.8333333333333334,1
t3_design_space/per_seed_metrics_main.csv,wine|0|post_none_on,min_dist,0.8255651873747998,0.8255651873747998,1
t3_design_space/per_seed_metrics_main.csv,wine|0|post_none_on,mean_acc,0.7487659098727211,0.7487659098727211,1
t3_design_space/per_seed_metrics_main.csv,wine|0|post_none_on,worst_acc,0.6666666666666666,0.6666666666666666,1
t3_design_space/per_seed_metrics_main.csv,wine|0|post_footprint_off,min_dist,3.496606598173491,3.496606598173491,1
t3_design_space/per_seed_metrics_main.csv,wine|0|post_footprint_off,mean_acc,0.9728070175438598,0.9728070175438598,1
t3_design_space/per_seed_metrics_main.csv,wine|0|post_footprint_off,worst_acc,0.8888888888888888,0.8888888888888888,1
t3_design_space/per_seed_metrics_main.csv,wine|0|post_footprint_on,min_dist,3.5139968683817893,3.5139968683817893,1
t3_design_space/per_seed_metrics_main.csv,wine|0|post_footprint_on,mean_acc,0.9405847953216375,0.9405847953216375,1
t3_design_space/per_seed_metrics_main.csv,wine|0|post_footprint_on,worst_acc,0.8333333333333334,0.8333333333333334,1
t3_design_space/per_seed_metrics_main.csv,wine|0|post_mass_off,min_dist,3.4255967691809723,3.4255967691809723,1
t3_design_space/per_seed_metrics_main.csv,wine|0|post_mass_off,mean_acc,0.9728070175438598,0.9728070175438598,1
t3_design_space/per_seed_metrics_main.csv,wine|0|post_mass_off,worst_acc,0.8888888888888888,0.8888888888888888,1
t3_design_space/per_seed_metrics_main.csv,wine|0|post_mass_on,min_dist,3.447480163786319,3.447480163786319,1
t3_design_space/per_seed_metrics_main.csv,wine|0|post_mass_on,mean_acc,0.8957039043687651,0.8957039043687651,1
t3_design_space/per_seed_metrics_main.csv,wine|0|post_mass_on,worst_acc,0.7894736842105263,0.7894736842105263,1
t3_design_space/per_seed_metrics_main.csv,wine|0|pre_none_off,min_dist,3.208697436486975,3.208697436486975,1
t3_design_space/per_seed_metrics_main.csv,wine|0|pre_none_off,mean_acc,0.9672514619883043,0.9672514619883043,1
t3_design_space/per_seed_metrics_main.csv,wine|0|pre_none_off,worst_acc,0.8888888888888888,0.8888888888888888,1
t3_design_space/per_seed_metrics_main.csv,wine|0|pre_none_on,min_dist,1.6796466264950742,1.6796466264950742,1
t3_design_space/per_seed_metrics_main.csv,wine|0|pre_none_on,mean_acc,0.7490290677674578,0.7490290677674578,1
t3_design_space/per_seed_metrics_main.csv,wine|0|pre_none_on,worst_acc,0.6666666666666666,0.6666666666666666,1
t3_design_space/per_seed_metrics_main.csv,wine|0|pre_footprint_off,min_dist,3.517965508891141,3.517965508891141,1
t3_design_space/per_seed_metrics_main.csv,wine|0|pre_footprint_off,mean_acc,0.9733625730994152,0.9733625730994152,1
t3_design_space/per_seed_metrics_main.csv,wine|0|pre_footprint_off,worst_acc,0.8947368421052632,0.8947368421052632,1
t3_design_space/per_seed_metrics_main.csv,wine|0|pre_footprint_on,min_dist,3.5265591937063223,3.5265591937063223,1
t3_design_space/per_seed_metrics_main.csv,wine|0|pre_footprint_on,mean_acc,0.935029239766082,0.935029239766082,1
t3_design_space/per_seed_metrics_main.csv,wine|0|pre_footprint_on,worst_acc,0.8333333333333334,0.8333333333333334,1
t3_design_space/per_seed_metrics_main.csv,wine|0|pre_mass_off,min_dist,3.529594151017587,3.529594151017587,1
t3_design_space/per_seed_metrics_main.csv,wine|0|pre_mass_off,mean_acc,0.9783625730994153,0.9783625730994153,1
t3_design_space/per_seed_metrics_main.csv,wine|0|pre_mass_off,worst_acc,0.8947368421052632,0.8947368421052632,1
t3_design_space/per_seed_metrics_main.csv,wine|0|pre_mass_on,min_dist,3.532118666564874,3.532118666564874,1
t3_design_space/per_seed_metrics_main.csv,wine|0|pre_mass_on,mean_acc,0.9009670622635019,0.9009670622635019,1
t3_design_space/per_seed_metrics_main.csv,wine|0|pre_mass_on,worst_acc,0.8333333333333334,0.8333333333333334,1
t3_design_space/per_seed_metrics_main.csv,wine|1|post_none_off,min_dist,2.525221432965331,2.525221432965331,1
t3_design_space/per_seed_metrics_main.csv,wine|1|post_none_off,mean_acc,0.9402923976608187,0.9402923976608187,1
t3_design_space/per_seed_metrics_main.csv,wine|1|post_none_off,worst_acc,0.7777777777777778,0.7777777777777778,1
t3_design_space/per_seed_metrics_main.csv,wine|1|post_none_on,min_dist,2.489400051476647,2.489400051476647,1
t3_design_space/per_seed_metrics_main.csv,wine|1|post_none_on,mean_acc,0.7658346233230134,0.7658346233230134,1
t3_design_space/per_seed_metrics_main.csv,wine|1|post_none_on,worst_acc,0.6666666666666666,0.6666666666666666,1
t3_design_space/per_seed_metrics_main.csv,wine|1|post_footprint_off,min_dist,3.5630105111713117,3.5630105111713117,1
t3_design_space/per_seed_metrics_main.csv,wine|1|post_footprint_off,mean_acc,0.9609722222222222,0.9609722222222222,1
t3_design_space/per_seed_metrics_main.csv,wine|1|post_footprint_off,worst_acc,0.8333333333333334,0.8333333333333334,1
t3_design_space/per_seed_metrics_main.csv,wine|1|post_footprint_on,min_dist,3.576641186042609,3.576641186042609,1
t3_design_space/per_seed_metrics_main.csv,wine|1|post_footprint_on,mean_acc,0.9264787581699346,0.9264787581699346,1
t3_design_space/per_seed_metrics_main.csv,wine|1|post_footprint_on,worst_acc,0.8333333333333334,0.8333333333333334,1
t3_design_space/per_seed_metrics_main.csv,wine|1|post_mass_off,min_dist,3.379832478372053,3.379832478372053,1
t3_design_space/per_seed_metrics_main.csv,wine|1|post_mass_off,mean_acc,0.9550898692810458,0.9550898692810458,1
t3_design_space/per_seed_metrics_main.csv,wine|1|post_mass_off,worst_acc,0.8333333333333334,0.8333333333333334,1
t3_design_space/per_seed_metrics_main.csv,wine|1|post_mass_on,min_dist,3.3904830243985162,3.3904830243985162,1
t3_design_space/per_seed_metrics_main.csv,wine|1|post_mass_on,mean_acc,0.9001044891640868,0.9001044891640868,1
t3_design_space/per_seed_metrics_main.csv,wine|1|post_mass_on,worst_acc,0.7777777777777778,0.7777777777777778,1
t3_design_space/per_seed_metrics_main.csv,wine|1|pre_none_off,min_dist,3.126172909685257,3.126172909685257,1
t3_design_space/per_seed_metrics_main.csv,wine|1|pre_none_off,mean_acc,0.9550898692810458,0.9550898692810458,1
t3_design_space/per_seed_metrics_main.csv,wine|1|pre_none_off,worst_acc,0.8333333333333334,0.8333333333333334,1
t3_design_space/per_seed_metrics_main.csv,wine|1|pre_none_on,min_dist,3.241913215236045,3.241913215236045,1
t3_design_space/per_seed_metrics_main.csv,wine|1|pre_none_on,mean_acc,0.7602790677674579,0.7602790677674579,1
t3_design_space/per_seed_metrics_main.csv,wine|1|pre_none_on,worst_acc,0.6666666666666666,0.6666666666666666,1
t3_design_space/per_seed_metrics_main.csv,wine|1|pre_footprint_off,min_dist,3.583518416443846,3.583518416443846,1
t3_design_space/per_seed_metrics_main.csv,wine|1|pre_footprint_off,mean_acc,0.9609722222222222,0.9609722222222222,1
t3_design_space/per_seed_metrics_main.csv,wine|1|pre_footprint_off,worst_acc,0.8333333333333334,0.8333333333333334,1
t3_design_space/per_seed_metrics_main.csv,wine|1|pre_footprint_on,min_dist,3.5685831749184733,3.5685831749184733,1
t3_design_space/per_seed_metrics_main.csv,wine|1|pre_footprint_on,mean_acc,0.9320343137254902,0.9320343137254902,1
t3_design_space/per_seed_metrics_main.csv,wine|1|pre_footprint_on,worst_acc,0.8333333333333334,0.8333333333333334,1
t3_design_space/per_seed_metrics_main.csv,wine|1|pre_mass_off,min_dist,3.473897157403718,3.473897157403718,1
t3_design_space/per_seed_metrics_main.csv,wine|1|pre_mass_off,mean_acc,0.9550898692810458,0.9550898692810458,1
t3_design_space/per_seed_metrics_main.csv,wine|1|pre_mass_off,worst_acc,0.8333333333333334,0.8333333333333334,1
t3_design_space/per_seed_metrics_main.csv,wine|1|pre_mass_on,min_dist,3.4578893454306123,3.4578893454306123,1
t3_design_space/per_seed_metrics_main.csv,wine|1|pre_mass_on,mean_acc,0.9106600447196422,0.9106600447196422,1
t3_design_space/per_seed_metrics_main.csv,wine|1|pre_mass_on,worst_acc,0.7777777777777778,0.7777777777777778,1
t3_design_space/per_seed_metrics_main.csv,satimage|0|post_none_off,min_dist,2.6477686383017627,2.6477686383017627,1
t3_design_space/per_seed_metrics_main.csv,satimage|0|post_none_off,mean_acc,0.7324792424257718,0.7324792424257718,1
t3_design_space/per_seed_metrics_main.csv,satimage|0|post_none_off,worst_acc,0.5993340732519423,0.5993340732519423,1
t3_design_space/per_seed_metrics_main.csv,satimage|0|post_none_on,min_dist,1.6479688553493772,1.6479688553493772,1
t3_design_space/per_seed_metrics_main.csv,satimage|0|post_none_on,mean_acc,0.49007814421696755,0.49007814421696755,1
t3_design_space/per_seed_metrics_main.csv,satimage|0|post_none_on,worst_acc,0.3995560488346282,0.3995560488346282,1
t3_design_space/per_seed_metrics_main.csv,satimage|0|post_footprint_off,min_dist,2.993247725959449,2.993247725959449,1
t3_design_space/per_seed_metrics_main.csv,satimage|0|post_footprint_off,mean_acc,0.6896013444491167,0.6896013444491167,1
t3_design_space/per_seed_metrics_main.csv,satimage|0|post_footprint_off,worst_acc,0.4983922829581994,0.4983922829581994,1
t3_design_space/per_seed_metrics_main.csv,satimage|0|post_footprint_on,min_dist,2.8844838653929368,2.8844838653929368,1
t3_design_space/per_seed_metrics_main.csv,satimage|0|post_footprint_on,mean_acc,0.6829613239863099,0.6829613239863099,1
t3_design_space/per_seed_metrics_main.csv,satimage|0|post_footprint_on,worst_acc,0.4678456591639871,0.4678456591639871,1
t3_design_space/per_seed_metrics_main.csv,satimage|0|post_mass_off,min_dist,3.1131351305122794,3.1131351305122794,1
t3_design_space/per_seed_metrics_main.csv,satimage|0|post_mass_off,mean_acc,0.6909381293046503,0.6909381293046503,1
t3_design_space/per_seed_metrics_main.csv,satimage|0|post_mass_off,worst_acc,0.5112540192926045,0.5112540192926045,1
t3_design_space/per_seed_metrics_main.csv,satimage|0|post_mass_on,min_dist,2.937429326284973,2.937429326284973,1
t3_design_space/per_seed_metrics_main.csv,satimage|0|post_mass_on,mean_acc,0.6831107443007793,0.6831107443007793,1
t3_design_space/per_seed_metrics_main.csv,satimage|0|post_mass_on,worst_acc,0.4742765273311897,0.4742765273311897,1
t3_design_space/per_seed_metrics_main.csv,satimage|0|pre_none_off,min_dist,2.433780778752992,2.433780778752992,1
t3_design_space/per_seed_metrics_main.csv,satimage|0|pre_none_off,mean_acc,0.6367154646951327,0.6367154646951327,1
t3_design_space/per_seed_metrics_main.csv,satimage|0|pre_none_off,worst_acc,0.4510433386837881,0.4510433386837881,1
t3_design_space/per_seed_metrics_main.csv,satimage|0|pre_none_on,min_dist,1.6453390688842748,1.6453390688842748,1
t3_design_space/per_seed_metrics_main.csv,satimage|0|pre_none_on,mean_acc,0.49321096201962733,0.49321096201962733,1
t3_design_space/per_seed_metrics_main.csv,satimage|0|pre_none_on,worst_acc,0.3868378812199037,0.3868378812199037,1
t3_design_space/per_seed_metrics_main.csv,satimage|0|pre_footprint_off,min_dist,2.0710824898081244,2.0710824898081244,1
t3_design_space/per_seed_metrics_main.csv,satimage|0|pre_footprint_off,mean_acc,0.6482474260458896,0.6482474260458896,1
t3_design_space/per_seed_metrics_main.csv,satimage|0|pre_footprint_off,worst_acc,0.4767255216693419,0.4767255216693419,1
t3_design_space/per_seed_metrics_main.csv,satimage|0|pre_footprint_on,min_dist,2.057476933157345,2.057476933157345,1
t3_design_space/per_seed_metrics_main.csv,satimage|0|pre_footprint_on,mean_acc,0.6502410119807187,0.6502410119807187,1
t3_design_space/per_seed_metrics_main.csv,satimage|0|pre_footprint_on,worst_acc,0.4967845659163987,0.4967845659163987,1
t3_design_space/per_seed_metrics_main.csv,satimage|0|pre_mass_off,min_dist,2.064954414474921,2.064954414474921,1
t3_design_space/per_seed_metrics_main.csv,satimage|0|pre_mass_off,mean_acc,0.6460905057223181,0.6460905057223181,1
t3_design_space/per_seed_metrics_main.csv,satimage|0|pre_mass_off,worst_acc,0.478330658105939,0.478330658105939,1
t3_design_space/per_seed_metrics_main.csv,satimage|0|pre_mass_on,min_dist,2.579315455056331,2.579315455056331,1
t3_design_space/per_seed_metrics_main.csv,satimage|0|pre_mass_on,mean_acc,0.7068310394996918,0.7068310394996918,1
t3_design_space/per_seed_metrics_main.csv,satimage|0|pre_mass_on,worst_acc,0.5594855305466238,0.5594855305466238,1
t3_design_space/per_seed_metrics_main.csv,satimage|1|post_none_off,min_dist,2.604970080136424,2.604970080136424,1
t3_design_space/per_seed_metrics_main.csv,satimage|1|post_none_off,mean_acc,0.7330963826310983,0.7330963826310983,1
t3_design_space/per_seed_metrics_main.csv,satimage|1|post_none_off,worst_acc,0.6215316315205327,0.6215316315205327,1
t3_design_space/per_seed_metrics_main.csv,satimage|1|post_none_on,min_dist,2.4650946461162073,2.4650946461162073,1
t3_design_space/per_seed_metrics_main.csv,satimage|1|post_none_on,mean_acc,0.492092186646856,0.492092186646856,1
t3_design_space/per_seed_metrics_main.csv,satimage|1|post_none_on,worst_acc,0.4180064308681672,0.4180064308681672,1
t3_design_space/per_seed_metrics_main.csv,satimage|1|post_footprint_off,min_dist,3.1849025485963476,3.1849025485963476,1
t3_design_space/per_seed_metrics_main.csv,satimage|1|post_footprint_off,mean_acc,0.6915322258490612,0.6915322258490612,1
t3_design_space/per_seed_metrics_main.csv,satimage|1|post_footprint_off,worst_acc,0.522508038585209,0.522508038585209,1
t3_design_space/per_seed_metrics_main.csv,satimage|1|post_footprint_on,min_dist,2.1834461086350623,2.1834461086350623,1
t3_design_space/per_seed_metrics_main.csv,satimage|1|post_footprint_on,mean_acc,0.6520527349618577,0.6520527349618577,1
t3_design_space/per_seed_metrics_main.csv,satimage|1|post_footprint_on,worst_acc,0.449438202247191,0.449438202247191,1
t3_design_space/per_seed_metrics_main.csv,satimage|1|post_mass_off,min_dist,3.3210338232270455,3.3210338232270455,1
t3_design_space/per_seed_metrics_main.csv,satimage|1|post_mass_off,mean_acc,0.696414082516317,0.696414082516317,1
t3_design_space/per_seed_metrics_main.csv,satimage|1|post_mass_off,worst_acc,0.5385852090032154,0.5385852090032154,1
t3_design_space/per_seed_metrics_main.csv,satimage|1|post_mass_on,min_dist,3.008416572117683,3.008416572117683,1
t3_design_space/per_seed_metrics_main.csv,satimage|1|post_mass_on,mean_acc,0.6802643107537937,0.6802643107537937,1
t3_design_space/per_seed_metrics_main.csv,satimage|1|post_mass_on,worst_acc,0.4871382636655949,0.4871382636655949,1
t3_design_space/per_seed_metrics_main.csv,satimage|1|pre_none_off,min_dist,3.701472917658008,3.701472917658008,1
t3_design_space/per_seed_metrics_main.csv,satimage|1|pre_none_off,mean_acc,0.7089368664520845,0.7089368664520845,1
t3_design_space/per_seed_metrics_main.csv,satimage|1|pre_none_off,worst_acc,0.5858747993579454,0.5858747993579454,1
t3_design_space/per_seed_metrics_main.csv,satimage|1|pre_none_on,min_dist,3.4225639716516514,3.4225639716516514,1
t3_design_space/per_seed_metrics_main.csv,satimage|1|pre_none_on,mean_acc,0.49328776144716385,0.49328776144716385,1
t3_design_space/per_seed_metrics_main.csv,satimage|1|pre_none_on,worst_acc,0.3868378812199037,0.3868378812199037,1
t3_design_space/per_seed_metrics_main.csv,satimage|1|pre_footprint_off,min_dist,2.6975484545661277,2.6975484545661277,1
t3_design_space/per_seed_metrics_main.csv,satimage|1|pre_footprint_off,mean_acc,0.6407480807699579,0.6407480807699579,1
t3_design_space/per_seed_metrics_main.csv,satimage|1|pre_footprint_off,worst_acc,0.584,0.584,1
t3_design_space/per_seed_metrics_main.csv,satimage|1|pre_footprint_on,min_dist,2.059723455582328,2.059723455582328,1
t3_design_space/per_seed_metrics_main.csv,satimage|1|pre_footprint_on,mean_acc,0.6580095930463113,0.6580095930463113,1
t3_design_space/per_seed_metrics_main.csv,satimage|1|pre_footprint_on,worst_acc,0.492776886035313,0.492776886035313,1
t3_design_space/per_seed_metrics_main.csv,satimage|1|pre_mass_off,min_dist,2.827955914060651,2.827955914060651,1
t3_design_space/per_seed_metrics_main.csv,satimage|1|pre_mass_off,mean_acc,0.6441944305297165,0.6441944305297165,1
t3_design_space/per_seed_metrics_main.csv,satimage|1|pre_mass_off,worst_acc,0.5932203389830508,0.5932203389830508,1
t3_design_space/per_seed_metrics_main.csv,satimage|1|pre_mass_on,min_dist,2.0576916360176645,2.0576916360176645,1
t3_design_space/per_seed_metrics_main.csv,satimage|1|pre_mass_on,mean_acc,0.6543052384010359,0.6543052384010359,1
t3_design_space/per_seed_metrics_main.csv,satimage|1|pre_mass_on,worst_acc,0.4959871589085072,0.4959871589085072,1
t3_design_space/per_seed_metrics__mstar.csv,pendigits|0|post_none_off,min_dist,1.6338318057537864,1.6338318057537864,1
t3_design_space/per_seed_metrics__mstar.csv,pendigits|0|post_none_off,mean_acc,0.5042125274681303,0.5042125274681303,1
t3_design_space/per_seed_metrics__mstar.csv,pendigits|0|post_none_off,worst_acc,0.44649446494464945,0.44649446494464945,1
t3_design_space/per_seed_metrics__mstar.csv,pendigits|0|post_none_on,min_dist,1.0125810540901998,1.0125810540901998,1
t3_design_space/per_seed_metrics__mstar.csv,pendigits|0|post_none_on,mean_acc,0.3893920482945433,0.3893920482945433,1
t3_design_space/per_seed_metrics__mstar.csv,pendigits|0|post_none_on,worst_acc,0.3243486073674753,0.3243486073674753,1
t3_design_space/per_seed_metrics__mstar.csv,pendigits|0|post_footprint_off,min_dist,1.5833369953115883,1.5833369953115883,1
t3_design_space/per_seed_metrics__mstar.csv,pendigits|0|post_footprint_off,mean_acc,0.6010521457952223,0.6010521457952223,1
t3_design_space/per_seed_metrics__mstar.csv,pendigits|0|post_footprint_off,worst_acc,0.46863468634686345,0.46863468634686345,1
t3_design_space/per_seed_metrics__mstar.csv,pendigits|0|post_footprint_on,min_dist,1.5972508234635219,1.5972508234635219,1
t3_design_space/per_seed_metrics__mstar.csv,pendigits|0|post_footprint_on,mean_acc,0.6012798755402887,0.6012798755402887,1
t3_design_space/per_seed_metrics__mstar.csv,pendigits|0|post_footprint_on,worst_acc,0.45940959409594095,0.45940959409594095,1
t3_design_space/per_seed_metrics__mstar.csv,pendigits|0|post_mass_off,min_dist,1.5545567800645501,1.5545567800645501,1
t3_design_space/per_seed_metrics__mstar.csv,pendigits|0|post_mass_off,mean_acc,0.5970554513386884,0.5970554513386884,1
t3_design_space/per_seed_metrics__mstar.csv,pendigits|0|post_mass_off,worst_acc,0.4714022140221402,0.4714022140221402,1
t3_design_space/per_seed_metrics__mstar.csv,pendigits|0|post_mass_on,min_dist,1.5639783623657557,1.5639783623657557,1
t3_design_space/per_seed_metrics__mstar.csv,pendigits|0|post_mass_on,mean_acc,0.5888530063662166,0.5888530063662166,1
t3_design_space/per_seed_metrics__mstar.csv,pendigits|0|post_mass_on,worst_acc,0.46309963099630996,0.46309963099630996,1
t3_design_space/per_seed_metrics__mstar.csv,pendigits|0|pre_none_off,min_dist,1.8359703341859233,1.8359703341859233,1
t3_design_space/per_seed_metrics__mstar.csv,pendigits|0|pre_none_off,mean_acc,0.6532044815360224,0.6532044815360224,1
t3_design_space/per_seed_metrics__mstar.csv,pendigits|0|pre_none_off,worst_acc,0.3985239852398524,0.3985239852398524,1
t3_design_space/per_seed_metrics__mstar.csv,pendigits|0|pre_none_on,min_dist,1.4457171109313995,1.4457171109313995,1
t3_design_space/per_seed_metrics__mstar.csv,pendigits|0|pre_none_on,mean_acc,0.38382572781927143,0.38382572781927143,1
t3_design_space/per_seed_metrics__mstar.csv,pendigits|0|pre_none_on,worst_acc,0.3261455525606469,0.3261455525606469,1
t3_design_space/per_seed_metrics__mstar.csv,pendigits|0|pre_footprint_off,min_dist,1.6069697468585549,1.6069697468585549,1
t3_design_space/per_seed_metrics__mstar.csv,pendigits|0|pre_footprint_off,mean_acc,0.6102803226597168,0.6102803226597168,1
t3_design_space/per_seed_metrics__mstar.csv,pendigits|0|pre_footprint_off,worst_acc,0.47232472324723246,0.47232472324723246,1
t3_design_space/per_seed_metrics__mstar.csv,pendigits|0|pre_footprint_on,min_dist,1.619115314596287,1.619115314596287,1
t3_design_space/per_seed_metrics__mstar.csv,pendigits|0|pre_footprint_on,mean_acc,0.6064926131231232,0.6064926131231232,1
t3_design_space/per_seed_metrics__mstar.csv,pendigits|0|pre_footprint_on,worst_acc,0.47601476014760147,0.47601476014760147,1
t3_design_space/per_seed_metrics__mstar.csv,pendigits|0|pre_mass_off,min_dist,1.5886528606507557,1.5886528606507557,1
t3_design_space/per_seed_metrics__mstar.csv,pendigits|0|pre_mass_off,mean_acc,0.6108396604783471,0.6108396604783471,1
t3_design_space/per_seed_metrics__mstar.csv,pendigits|0|pre_mass_off,worst_acc,0.46586715867158673,0.46586715867158673,1
t3_design_space/per_seed_metrics__mstar.csv,pendigits|0|pre_mass_on,min_dist,1.6116887312891204,1.6116887312891204,1
t3_design_space/per_seed_metrics__mstar.csv,pendigits|0|pre_mass_on,mean_acc,0.6055289951352758,0.6055289951352758,1
t3_design_space/per_seed_metrics__mstar.csv,pendigits|0|pre_mass_on,worst_acc,0.4612546125461255,0.4612546125461255,1
t3_design_space/per_seed_metrics__mstar.csv,pendigits|1|post_none_off,min_dist,1.6580713748730198,1.6580713748730198,1
t3_design_space/per_seed_metrics__mstar.csv,pendigits|1|post_none_off,mean_acc,0.5329455843692306,0.5329455843692306,1
t3_design_space/per_seed_metrics__mstar.csv,pendigits|1|post_none_off,worst_acc,0.45387453874538747,0.45387453874538747,1
t3_design_space/per_seed_metrics__mstar.csv,pendigits|1|post_none_on,min_dist,1.5130267047718104,1.5130267047718104,1
t3_design_space/per_seed_metrics__mstar.csv,pendigits|1|post_none_on,mean_acc,0.383181491310863,0.383181491310863,1
t3_design_space/per_seed_metrics__mstar.csv,pendigits|1|post_none_on,worst_acc,0.34111310592459604,0.34111310592459604,1
t3_design_space/per_seed_metrics__mstar.csv,pendigits|1|post_footprint_off,min_dist,1.8040443132218265,1.8040443132218265,1
t3_design_space/per_seed_metrics__mstar.csv,pendigits|1|post_footprint_off,mean_acc,0.647213559679507,0.647213559679507,1
t3_design_space/per_seed_metrics__mstar.csv,pendigits|1|post_footprint_off,worst_acc,0.5415129151291513,0.5415129151291513,1
t3_design_space/per_seed_metrics__mstar.csv,pendigits|1|post_footprint_on,min_dist,1.8114531035436197,1.8114531035436197,1
t3_design_space/per_seed_metrics__mstar.csv,pendigits|1|post_footprint_on,mean_acc,0.6464682573423923,0.6464682573423923,1
t3_design_space/per_seed_metrics__mstar.csv,pendigits|1|post_footprint_on,worst_acc,0.5350553505535055,0.5350553505535055,1
t3_design_space/per_seed_metrics__mstar.csv,pendigits|1|post_mass_off,min_dist,1.7983676447411412,1.7983676447411412,1
t3_design_space/per_seed_metrics__mstar.csv,pendigits|1|post_mass_off,mean_acc,0.6459111240224988,0.6459111240224988,1
t3_design_space/per_seed_metrics__mstar.csv,pendigits|1|post_mass_off,worst_acc,0.5415129151291513,0.5415129151291513,1
t3_design_space/per_seed_metrics__mstar.csv,pendigits|1|post_mass_on,min_dist,1.7995406080061662,1.7995406080061662,1
t3_design_space/per_seed_metrics__mstar.csv,pendigits|1|post_mass_on,mean_acc,0.6488478035796142,0.6488478035796142,1
t3_design_space/per_seed_metrics__mstar.csv,pendigits|1|post_mass_on,worst_acc,0.5202952029520295,0.5202952029520295,1
t3_design_space/per_seed_metrics__mstar.csv,pendigits|1|pre_none_off,min_dist,1.9637826602449011,1.9637826602449011,1
t3_design_space/per_seed_metrics__mstar.csv,pendigits|1|pre_none_off,mean_acc,0.7150494692924976,0.7150494692924976,1
t3_design_space/per_seed_metrics__mstar.csv,pendigits|1|pre_none_off,worst_acc,0.5830258302583026,0.5830258302583026,1
t3_design_space/per_seed_metrics__mstar.csv,pendigits|1|pre_none_on,min_dist,1.6480199979212342,1.6480199979212342,1
t3_design_space/per_seed_metrics__mstar.csv,pendigits|1|pre_none_on,mean_acc,0.38668961532299445,0.38668961532299445,1
t3_design_space/per_seed_metrics__mstar.csv,pendigits|1|pre_none_on,worst_acc,0.3357271095152603,0.3357271095152603,1
t3_design_space/per_seed_metrics__mstar.csv,pendigits|1|pre_footprint_off,min_dist,1.644300617650201,1.644300617650201,1
t3_design_space/per_seed_metrics__mstar.csv,pendigits|1|pre_footprint_off,mean_acc,0.6694691519089989,0.6694691519089989,1
t3_design_space/per_seed_metrics__mstar.csv,pendigits|1|pre_footprint_off,worst_acc,0.5559440559440559,0.5559440559440559,1
t3_design_space/per_seed_metrics__mstar.csv,pendigits|1|pre_footprint_on,min_dist,1.78462632501332,1.78462632501332,1
t3_design_space/per_seed_metrics__mstar.csv,pendigits|1|pre_footprint_on,mean_acc,0.6665616807356122,0.6665616807356122,1
t3_design_space/per_seed_metrics__mstar.csv,pendigits|1|pre_footprint_on,worst_acc,0.5608856088560885,0.5608856088560885,1
t3_design_space/per_seed_metrics__mstar.csv,pendigits|1|pre_mass_off,min_dist,1.7023712516068294,1.7023712516068294,1
t3_design_space/per_seed_metrics__mstar.csv,pendigits|1|pre_mass_off,mean_acc,0.670800295792949,0.670800295792949,1
t3_design_space/per_seed_metrics__mstar.csv,pendigits|1|pre_mass_off,worst_acc,0.5611888111888111,0.5611888111888111,1
t3_design_space/per_seed_metrics__mstar.csv,pendigits|1|pre_mass_on,min_dist,1.7620165923339093,1.7620165923339093,1
t3_design_space/per_seed_metrics__mstar.csv,pendigits|1|pre_mass_on,mean_acc,0.6439991172299588,0.6439991172299588,1
t3_design_space/per_seed_metrics__mstar.csv,pendigits|1|pre_mass_on,worst_acc,0.5437062937062938,0.5437062937062938,1
t3_design_space/per_seed_metrics__mstar.csv,digits_pca16|0|post_none_off,min_dist,1.6894542162875676,1.6894542162875676,1
t3_design_space/per_seed_metrics__mstar.csv,digits_pca16|0|post_none_off,mean_acc,0.39140060411086053,0.39140060411086053,1
t3_design_space/per_seed_metrics__mstar.csv,digits_pca16|0|post_none_off,worst_acc,0.2967032967032967,0.2967032967032967,1
t3_design_space/per_seed_metrics__mstar.csv,digits_pca16|0|post_none_on,min_dist,1.28216987550451,1.28216987550451,1
t3_design_space/per_seed_metrics__mstar.csv,digits_pca16|0|post_none_on,mean_acc,0.30924223917200067,0.30924223917200067,1
t3_design_space/per_seed_metrics__mstar.csv,digits_pca16|0|post_none_on,worst_acc,0.2611111111111111,0.2611111111111111,1
t3_design_space/per_seed_metrics__mstar.csv,digits_pca16|0|post_footprint_off,min_dist,2.1677843820519582,2.1677843820519582,1
t3_design_space/per_seed_metrics__mstar.csv,digits_pca16|0|post_footprint_off,mean_acc,0.6278485652712036,0.6278485652712036,1
t3_design_space/per_seed_metrics__mstar.csv,digits_pca16|0|post_footprint_off,worst_acc,0.4388888888888889,0.4388888888888889,1
t3_design_space/per_seed_metrics__mstar.csv,digits_pca16|0|post_footprint_on,min_dist,2.2696349285169997,2.2696349285169997,1
t3_design_space/per_seed_metrics__mstar.csv,digits_pca16|0|post_footprint_on,mean_acc,0.6260096061878524,0.6260096061878524,1
t3_design_space/per_seed_metrics__mstar.csv,digits_pca16|0|post_footprint_on,worst_acc,0.4166666666666667,0.4166666666666667,1
t3_design_space/per_seed_metrics__mstar.csv,digits_pca16|0|post_mass_off,min_dist,2.038573664485763,2.038573664485763,1
t3_design_space/per_seed_metrics__mstar.csv,digits_pca16|0|post_mass_off,mean_acc,0.5570588978823193,0.5570588978823193,1
t3_design_space/per_seed_metrics__mstar.csv,digits_pca16|0|post_mass_off,worst_acc,0.4111111111111111,0.4111111111111111,1
t3_design_space/per_seed_metrics__mstar.csv,digits_pca16|0|post_mass_on,min_dist,2.033202508965976,2.033202508965976,1
t3_design_space/per_seed_metrics__mstar.csv,digits_pca16|0|post_mass_on,mean_acc,0.5554760958009771,0.5554760958009771,1
t3_design_space/per_seed_metrics__mstar.csv,digits_pca16|0|post_mass_on,worst_acc,0.3277777777777778,0.3277777777777778,1
t3_design_space/per_seed_metrics__mstar.csv,digits_pca16|0|pre_none_off,min_dist,2.137194054865378,2.137194054865378,1
t3_design_space/per_seed_metrics__mstar.csv,digits_pca16|0|pre_none_off,mean_acc,0.6016791602151457,0.6016791602151457,1
t3_design_space/per_seed_metrics__mstar.csv,digits_pca16|0|pre_none_off,worst_acc,0.4166666666666667,0.4166666666666667,1
t3_design_space/per_seed_metrics__mstar.csv,digits_pca16|0|pre_none_on,min_dist,1.9680316260426265,1.9680316260426265,1
t3_design_space/per_seed_metrics__mstar.csv,digits_pca16|0|pre_none_on,mean_acc,0.3270612010806479,0.3270612010806479,1
t3_design_space/per_seed_metrics__mstar.csv,digits_pca16|0|pre_none_on,worst_acc,0.2849162011173184,0.2849162011173184,1
t3_design_space/per_seed_metrics__mstar.csv,digits_pca16|0|pre_footprint_off,min_dist,2.2166091849808383,2.2166091849808383,1
t3_design_space/per_seed_metrics__mstar.csv,digits_pca16|0|pre_footprint_off,mean_acc,0.6405973661500799,0.6405973661500799,1
t3_design_space/per_seed_metrics__mstar.csv,digits_pca16|0|pre_footprint_off,worst_acc,0.4,0.4,1
t3_design_space/per_seed_metrics__mstar.csv,digits_pca16|0|pre_footprint_on,min_dist,2.1649907834297055,2.1649907834297055,1
t3_design_space/per_seed_metrics__mstar.csv,digits_pca16|0|pre_footprint_on,mean_acc,0.5844761292401103,0.5844761292401103,1
t3_design_space/per_seed_metrics__mstar.csv,digits_pca16|0|pre_footprint_on,worst_acc,0.4,0.4,1
t3_design_space/per_seed_metrics__mstar.csv,digits_pca16|0|pre_mass_off,min_dist,2.136577912038555,2.136577912038555,1
t3_design_space/per_seed_metrics__mstar.csv,digits_pca16|0|pre_mass_off,mean_acc,0.6067106729082937,0.6067106729082937,1
t3_design_space/per_seed_metrics__mstar.csv,digits_pca16|0|pre_mass_off,worst_acc,0.36464088397790057,0.36464088397790057,1
t3_design_space/per_seed_metrics__mstar.csv,digits_pca16|0|pre_mass_on,min_dist,2.099543562140209,2.099543562140209,1
t3_design_space/per_seed_metrics__mstar.csv,digits_pca16|0|pre_mass_on,mean_acc,0.6210454420460301,0.6210454420460301,1
t3_design_space/per_seed_metrics__mstar.csv,digits_pca16|0|pre_mass_on,worst_acc,0.4419889502762431,0.4419889502762431,1
t3_design_space/per_seed_metrics__mstar.csv,digits_pca16|1|post_none_off,min_dist,1.6562036860432638,1.6562036860432638,1
t3_design_space/per_seed_metrics__mstar.csv,digits_pca16|1|post_none_off,mean_acc,0.4274088485939179,0.4274088485939179,1
t3_design_space/per_seed_metrics__mstar.csv,digits_pca16|1|post_none_off,worst_acc,0.34444444444444444,0.34444444444444444,1
t3_design_space/per_seed_metrics__mstar.csv,digits_pca16|1|post_none_on,min_dist,1.2720266514110659,1.2720266514110659,1
t3_design_space/per_seed_metrics__mstar.csv,digits_pca16|1|post_none_on,mean_acc,0.3198126194765392,0.3198126194765392,1
t3_design_space/per_seed_metrics__mstar.csv,digits_pca16|1|post_none_on,worst_acc,0.2611111111111111,0.2611111111111111,1
t3_design_space/per_seed_metrics__mstar.csv,digits_pca16|1|post_footprint_off,min_dist,2.2541065793182398,2.2541065793182398,1
t3_design_space/per_seed_metrics__mstar.csv,digits_pca16|1|post_footprint_off,mean_acc,0.655429084235196,0.655429084235196,1
t3_design_space/per_seed_metrics__mstar.csv,digits_pca16|1|post_footprint_off,worst_acc,0.4444444444444444,0.4444444444444444,1
t3_design_space/per_seed_metrics__mstar.csv,digits_pca16|1|post_footprint_on,min_dist,2.9761395606305276,2.9761395606305276,1
t3_design_space/per_seed_metrics__mstar.csv,digits_pca16|1|post_footprint_on,mean_acc,0.6451892930787354,0.6451892930787354,1
t3_design_space/per_seed_metrics__mstar.csv,digits_pca16|1|post_footprint_on,worst_acc,0.4388888888888889,0.4388888888888889,1
t3_design_space/per_seed_metrics__mstar.csv,digits_pca16|1|post_mass_off,min_dist,1.95654079966315,1.95654079966315,1
t3_design_space/per_seed_metrics__mstar.csv,digits_pca16|1|post_mass_off,mean_acc,0.6577502947281675,0.6577502947281675,1
t3_design_space/per_seed_metrics__mstar.csv,digits_pca16|1|post_mass_off,worst_acc,0.4222222222222222,0.4222222222222222,1
t3_design_space/per_seed_metrics__mstar.csv,digits_pca16|1|post_mass_on,min_dist,2.78297277130657,2.78297277130657,1
t3_design_space/per_seed_metrics__mstar.csv,digits_pca16|1|post_mass_on,mean_acc,0.6050523539289978,0.6050523539289978,1
t3_design_space/per_seed_metrics__mstar.csv,digits_pca16|1|post_mass_on,worst_acc,0.4166666666666667,0.4166666666666667,1
t3_design_space/per_seed_metrics__mstar.csv,digits_pca16|1|pre_none_off,min_dist,2.0280057670418734,2.0280057670418734,1
t3_design_space/per_seed_metrics__mstar.csv,digits_pca16|1|pre_none_off,mean_acc,0.6368870359436054,0.6368870359436054,1
t3_design_space/per_seed_metrics__mstar.csv,digits_pca16|1|pre_none_off,worst_acc,0.40555555555555556,0.40555555555555556,1
t3_design_space/per_seed_metrics__mstar.csv,digits_pca16|1|pre_none_on,min_dist,1.8711205241191484,1.8711205241191484,1
t3_design_space/per_seed_metrics__mstar.csv,digits_pca16|1|pre_none_on,mean_acc,0.34049298963032576,0.34049298963032576,1
t3_design_space/per_seed_metrics__mstar.csv,digits_pca16|1|pre_none_on,worst_acc,0.29444444444444445,0.29444444444444445,1
t3_design_space/per_seed_metrics__mstar.csv,digits_pca16|1|pre_footprint_off,min_dist,3.2722037118773106,3.2722037118773106,1
t3_design_space/per_seed_metrics__mstar.csv,digits_pca16|1|pre_footprint_off,mean_acc,0.7084137537806704,0.7084137537806704,1
t3_design_space/per_seed_metrics__mstar.csv,digits_pca16|1|pre_footprint_off,worst_acc,0.45555555555555555,0.45555555555555555,1
t3_design_space/per_seed_metrics__mstar.csv,digits_pca16|1|pre_footprint_on,min_dist,2.9619728450224514,2.9619728450224514,1
t3_design_space/per_seed_metrics__mstar.csv,digits_pca16|1|pre_footprint_on,mean_acc,0.6825980100979531,0.6825980100979531,1
t3_design_space/per_seed_metrics__mstar.csv,digits_pca16|1|pre_footprint_on,worst_acc,0.4222222222222222,0.4222222222222222,1
t3_design_space/per_seed_metrics__mstar.csv,digits_pca16|1|pre_mass_off,min_dist,3.2099663065640915,3.2099663065640915,1
t3_design_space/per_seed_metrics__mstar.csv,digits_pca16|1|pre_mass_off,mean_acc,0.7106270097218035,0.7106270097218035,1
t3_design_space/per_seed_metrics__mstar.csv,digits_pca16|1|pre_mass_off,worst_acc,0.45,0.45,1
t3_design_space/per_seed_metrics__mstar.csv,digits_pca16|1|pre_mass_on,min_dist,2.947101354950615,2.947101354950615,1
t3_design_space/per_seed_metrics__mstar.csv,digits_pca16|1|pre_mass_on,mean_acc,0.6596068902941473,0.6596068902941473,1
t3_design_space/per_seed_metrics__mstar.csv,digits_pca16|1|pre_mass_on,worst_acc,0.4166666666666667,0.4166666666666667,1
t3_design_space/per_seed_metrics__mstar.csv,digits_pca32|0|post_none_off,min_dist,2.109421010352554,2.109421010352554,1
t3_design_space/per_seed_metrics__mstar.csv,digits_pca32|0|post_none_off,mean_acc,0.35566464554347565,0.35566464554347565,1
t3_design_space/per_seed_metrics__mstar.csv,digits_pca32|0|post_none_off,worst_acc,0.28888888888888886,0.28888888888888886,1
t3_design_space/per_seed_metrics__mstar.csv,digits_pca32|0|post_none_on,min_dist,1.6407049494608257,1.6407049494608257,1
t3_design_space/per_seed_metrics__mstar.csv,digits_pca32|0|post_none_on,mean_acc,0.3176659473026442,0.3176659473026442,1
t3_design_space/per_seed_metrics__mstar.csv,digits_pca32|0|post_none_on,worst_acc,0.2711864406779661,0.2711864406779661,1
t3_design_space/per_seed_metrics__mstar.csv,digits_pca32|0|post_footprint_off,min_dist,2.8416401563755134,2.8416401563755134,1
t3_design_space/per_seed_metrics__mstar.csv,digits_pca32|0|post_footprint_off,mean_acc,0.6264128186134268,0.6264128186134268,1
t3_design_space/per_seed_metrics__mstar.csv,digits_pca32|0|post_footprint_off,worst_acc,0.4835164835164835,0.4835164835164835,1
t3_design_space/per_seed_metrics__mstar.csv,digits_pca32|0|post_footprint_on,min_dist,2.6206612656634913,2.6206612656634913,1
t3_design_space/per_seed_metrics__mstar.csv,digits_pca32|0|post_footprint_on,mean_acc,0.5878766796228723,0.5878766796228723,1
t3_design_space/per_seed_metrics__mstar.csv,digits_pca32|0|post_footprint_on,worst_acc,0.4222222222222222,0.4222222222222222,1
t3_design_space/per_seed_metrics__mstar.csv,digits_pca32|0|post_mass_off,min_dist,2.59720582174963,2.59720582174963,1
t3_design_space/per_seed_metrics__mstar.csv,digits_pca32|0|post_mass_off,mean_acc,0.5734176570671707,0.5734176570671707,1
t3_design_space/per_seed_metrics__mstar.csv,digits_pca32|0|post_mass_off,worst_acc,0.4725274725274725,0.4725274725274725,1
t3_design_space/per_seed_metrics__mstar.csv,digits_pca32|0|post_mass_on,min_dist,2.693833637452248,2.693833637452248,1
t3_design_space/per_seed_metrics__mstar.csv,digits_pca32|0|post_mass_on,mean_acc,0.5495504205917427,0.5495504205917427,1
t3_design_space/per_seed_metrics__mstar.csv,digits_pca32|0|post_mass_on,worst_acc,0.4090909090909091,0.4090909090909091,1
t3_design_space/per_seed_metrics__mstar.csv,digits_pca32|0|pre_none_off,min_dist,2.2915234387355534,2.2915234387355534,1
t3_design_space/per_seed_metrics__mstar.csv,digits_pca32|0|pre_none_off,mean_acc,0.512123116496828,0.512123116496828,1
t3_design_space/per_seed_metrics__mstar.csv,digits_pca32|0|pre_none_off,worst_acc,0.37222222222222223,0.37222222222222223,1
t3_design_space/per_seed_metrics__mstar.csv,digits_pca32|0|pre_none_on,min_dist,1.9974730342848515,1.9974730342848515,1
t3_design_space/per_seed_metrics__mstar.csv,digits_pca32|0|pre_none_on,mean_acc,0.35269313051430073,0.35269313051430073,1
t3_design_space/per_seed_metrics__mstar.csv,digits_pca32|0|pre_none_on,worst_acc,0.2711864406779661,0.2711864406779661,1
t3_design_space/per_seed_metrics__mstar.csv,digits_pca32|0|pre_footprint_off,min_dist,3.08671175020861,3.08671175020861,1
t3_design_space/per_seed_metrics__mstar.csv,digits_pca32|0|pre_footprint_off,mean_acc,0.6739046080525297,0.6739046080525297,1
t3_design_space/per_seed_metrics__mstar.csv,digits_pca32|0|pre_footprint_off,worst_acc,0.5611111111111111,0.5611111111111111,1
t3_design_space/per_seed_metrics__mstar.csv,digits_pca32|0|pre_footprint_on,min_dist,3.0918823556775608,3.0918823556775608,1
t3_design_space/per_seed_metrics__mstar.csv,digits_pca32|0|pre_footprint_on,mean_acc,0.6345640430455691,0.6345640430455691,1
t3_design_space/per_seed_metrics__mstar.csv,digits_pca32|0|pre_footprint_on,worst_acc,0.4888888888888889,0.4888888888888889,1
t3_design_space/per_seed_metrics__mstar.csv,digits_pca32|0|pre_mass_off,min_dist,2.8353189527075457,2.8353189527075457,1
t3_design_space/per_seed_metrics__mstar.csv,digits_pca32|0|pre_mass_off,mean_acc,0.6791150641766964,0.6791150641766964,1
t3_design_space/per_seed_metrics__mstar.csv,digits_pca32|0|pre_mass_off,worst_acc,0.4,0.4,1
t3_design_space/per_seed_metrics__mstar.csv,digits_pca32|0|pre_mass_on,min_dist,2.881812015006179,2.881812015006179,1
t3_design_space/per_seed_metrics__mstar.csv,digits_pca32|0|pre_mass_on,mean_acc,0.5935348579401422,0.5935348579401422,1
t3_design_space/per_seed_metrics__mstar.csv,digits_pca32|0|pre_mass_on,worst_acc,0.40555555555555556,0.40555555555555556,1
t3_design_space/per_seed_metrics__mstar.csv,digits_pca32|1|post_none_off,min_dist,1.9795320068926878,1.9795320068926878,1
t3_design_space/per_seed_metrics__mstar.csv,digits_pca32|1|post_none_off,mean_acc,0.3931568230855037,0.3931568230855037,1
t3_design_space/per_seed_metrics__mstar.csv,digits_pca32|1|post_none_off,worst_acc,0.3,0.3,1
t3_design_space/per_seed_metrics__mstar.csv,digits_pca32|1|post_none_on,min_dist,1.7180544889627343,1.7180544889627343,1
t3_design_space/per_seed_metrics__mstar.csv,digits_pca32|1|post_none_on,mean_acc,0.3142727874338745,0.3142727874338745,1
t3_design_space/per_seed_metrics__mstar.csv,digits_pca32|1|post_none_on,worst_acc,0.2840909090909091,0.2840909090909091,1
t3_design_space/per_seed_metrics__mstar.csv,digits_pca32|1|post_footprint_off,min_dist,2.489840621268826,2.489840621268826,1
t3_design_space/per_seed_metrics__mstar.csv,digits_pca32|1|post_footprint_off,mean_acc,0.6168294982605564,0.6168294982605564,1
t3_design_space/per_seed_metrics__mstar.csv,digits_pca32|1|post_footprint_off,worst_acc,0.430939226519337,0.430939226519337,1
t3_design_space/per_seed_metrics__mstar.csv,digits_pca32|1|post_footprint_on,min_dist,2.678861605949988,2.678861605949988,1
t3_design_space/per_seed_metrics__mstar.csv,digits_pca32|1|post_footprint_on,mean_acc,0.5884145514491058,0.5884145514491058,1
t3_design_space/per_seed_metrics__mstar.csv,digits_pca32|1|post_footprint_on,worst_acc,0.47802197802197804,0.47802197802197804,1
t3_design_space/per_seed_metrics__mstar.csv,digits_pca32|1|post_mass_off,min_dist,2.6331528094446868,2.6331528094446868,1
t3_design_space/per_seed_metrics__mstar.csv,digits_pca32|1|post_mass_off,mean_acc,0.5818751809033994,0.5818751809033994,1
t3_design_space/per_seed_metrics__mstar.csv,digits_pca32|1|post_mass_off,worst_acc,0.40331491712707185,0.40331491712707185,1
t3_design_space/per_seed_metrics__mstar.csv,digits_pca32|1|post_mass_on,min_dist,2.5886525091027326,2.5886525091027326,1
t3_design_space/per_seed_metrics__mstar.csv,digits_pca32|1|post_mass_on,mean_acc,0.5540244400391574,0.5540244400391574,1
t3_design_space/per_seed_metrics__mstar.csv,digits_pca32|1|post_mass_on,worst_acc,0.4444444444444444,0.4444444444444444,1
t3_design_space/per_seed_metrics__mstar.csv,digits_pca32|1|pre_none_off,min_dist,2.3841687763231083,2.3841687763231083,1
t3_design_space/per_seed_metrics__mstar.csv,digits_pca32|1|pre_none_off,mean_acc,0.534590432119784,0.534590432119784,1
t3_design_space/per_seed_metrics__mstar.csv,digits_pca32|1|pre_none_off,worst_acc,0.3502824858757062,0.3502824858757062,1
t3_design_space/per_seed_metrics__mstar.csv,digits_pca32|1|pre_none_on,min_dist,2.073134595419008,2.073134595419008,1
t3_design_space/per_seed_metrics__mstar.csv,digits_pca32|1|pre_none_on,mean_acc,0.32758852895492324,0.32758852895492324,1
t3_design_space/per_seed_metrics__mstar.csv,digits_pca32|1|pre_none_on,worst_acc,0.28888888888888886,0.28888888888888886,1
t3_design_space/per_seed_metrics__mstar.csv,digits_pca32|1|pre_footprint_off,min_dist,3.2930619329689867,3.2930619329689867,1
t3_design_space/per_seed_metrics__mstar.csv,digits_pca32|1|pre_footprint_off,mean_acc,0.6811752624330645,0.6811752624330645,1
t3_design_space/per_seed_metrics__mstar.csv,digits_pca32|1|pre_footprint_off,worst_acc,0.4388888888888889,0.4388888888888889,1
t3_design_space/per_seed_metrics__mstar.csv,digits_pca32|1|pre_footprint_on,min_dist,3.134233114181463,3.134233114181463,1
t3_design_space/per_seed_metrics__mstar.csv,digits_pca32|1|pre_footprint_on,mean_acc,0.5780952862107073,0.5780952862107073,1
t3_design_space/per_seed_metrics__mstar.csv,digits_pca32|1|pre_footprint_on,worst_acc,0.2833333333333333,0.2833333333333333,1
t3_design_space/per_seed_metrics__mstar.csv,digits_pca32|1|pre_mass_off,min_dist,2.830886724153947,2.830886724153947,1
t3_design_space/per_seed_metrics__mstar.csv,digits_pca32|1|pre_mass_off,mean_acc,0.6915473065421183,0.6915473065421183,1
t3_design_space/per_seed_metrics__mstar.csv,digits_pca32|1|pre_mass_off,worst_acc,0.4722222222222222,0.4722222222222222,1
t3_design_space/per_seed_metrics__mstar.csv,digits_pca32|1|pre_mass_on,min_dist,3.272394600747276,3.272394600747276,1
t3_design_space/per_seed_metrics__mstar.csv,digits_pca32|1|pre_mass_on,mean_acc,0.6197711454039491,0.6197711454039491,1
t3_design_space/per_seed_metrics__mstar.csv,digits_pca32|1|pre_mass_on,worst_acc,0.37777777777777777,0.37777777777777777,1
t3_design_space/per_seed_metrics__mstar.csv,letter|0|post_none_off,min_dist,1.5131617355407307,1.5131617355407307,1
t3_design_space/per_seed_metrics__mstar.csv,letter|0|post_none_off,mean_acc,0.2517075263084012,0.2517075263084012,1
t3_design_space/per_seed_metrics__mstar.csv,letter|0|post_none_off,worst_acc,0.20266990291262135,0.20266990291262135,1
t3_design_space/per_seed_metrics__mstar.csv,letter|0|post_none_on,min_dist,1.0544260096492226,1.0544260096492226,1
t3_design_space/per_seed_metrics__mstar.csv,letter|0|post_none_on,mean_acc,0.2257126204725708,0.2257126204725708,1
t3_design_space/per_seed_metrics__mstar.csv,letter|0|post_none_on,worst_acc,0.20764017252002465,0.20764017252002465,1
t3_design_space/per_seed_metrics__mstar.csv,letter|0|post_footprint_off,min_dist,1.5249452665324938,1.5249452665324938,1
t3_design_space/per_seed_metrics__mstar.csv,letter|0|post_footprint_off,mean_acc,0.28086990539669376,0.28086990539669376,1
t3_design_space/per_seed_metrics__mstar.csv,letter|0|post_footprint_off,worst_acc,0.2366504854368932,0.2366504854368932,1
t3_design_space/per_seed_metrics__mstar.csv,letter|0|post_footprint_on,min_dist,1.6586702200433148,1.6586702200433148,1
t3_design_space/per_seed_metrics__mstar.csv,letter|0|post_footprint_on,mean_acc,0.2641150126569396,0.2641150126569396,1
t3_design_space/per_seed_metrics__mstar.csv,letter|0|post_footprint_on,worst_acc,0.22694174757281554,0.22694174757281554,1
t3_design_space/per_seed_metrics__mstar.csv,letter|0|post_mass_off,min_dist,1.7088516683903097,1.7088516683903097,1
t3_design_space/per_seed_metrics__mstar.csv,letter|0|post_mass_off,mean_acc,0.2816368862717654,0.2816368862717654,1
t3_design_space/per_seed_metrics__mstar.csv,letter|0|post_mass_off,worst_acc,0.2220873786407767,0.2220873786407767,1
t3_design_space/per_seed_metrics__mstar.csv,letter|0|post_mass_on,min_dist,1.2546285817064473,1.2546285817064473,1
t3_design_space/per_seed_metrics__mstar.csv,letter|0|post_mass_on,mean_acc,0.2722704930335185,0.2722704930335185,1
t3_design_space/per_seed_metrics__mstar.csv,letter|0|post_mass_on,worst_acc,0.19963592233009708,0.19963592233009708,1
t3_design_space/per_seed_metrics__mstar.csv,letter|0|pre_none_off,min_dist,1.658433327824518,1.658433327824518,1
t3_design_space/per_seed_metrics__mstar.csv,letter|0|pre_none_off,mean_acc,0.27275560175601943,0.27275560175601943,1
t3_design_space/per_seed_metrics__mstar.csv,letter|0|pre_none_off,worst_acc,0.22148058252427186,0.22148058252427186,1
t3_design_space/per_seed_metrics__mstar.csv,letter|0|pre_none_on,min_dist,1.0332849767185046,1.0332849767185046,1
t3_design_space/per_seed_metrics__mstar.csv,letter|0|pre_none_on,mean_acc,0.22829736966294276,0.22829736966294276,1
t3_design_space/per_seed_metrics__mstar.csv,letter|0|pre_none_on,worst_acc,0.2088724584103512,0.2088724584103512,1
t3_design_space/per_seed_metrics__mstar.csv,letter|0|pre_footprint_off,min_dist,2.19934014072372,2.19934014072372,1
t3_design_space/per_seed_metrics__mstar.csv,letter|0|pre_footprint_off,mean_acc,0.3044524572794462,0.3044524572794462,1
t3_design_space/per_seed_metrics__mstar.csv,letter|0|pre_footprint_off,worst_acc,0.2466097438473129,0.2466097438473129,1
t3_design_space/per_seed_metrics__mstar.csv,letter|0|pre_footprint_on,min_dist,1.5778636936927555,1.5778636936927555,1
t3_design_space/per_seed_metrics__mstar.csv,letter|0|pre_footprint_on,mean_acc,0.2924301584868452,0.2924301584868452,1
t3_design_space/per_seed_metrics__mstar.csv,letter|0|pre_footprint_on,worst_acc,0.23807132094424913,0.23807132094424913,1
t3_design_space/per_seed_metrics__mstar.csv,letter|0|pre_mass_off,min_dist,1.6989461671437587,1.6989461671437587,1
t3_design_space/per_seed_metrics__mstar.csv,letter|0|pre_mass_off,mean_acc,0.29148199177503553,0.29148199177503553,1
t3_design_space/per_seed_metrics__mstar.csv,letter|0|pre_mass_off,worst_acc,0.2275485436893204,0.2275485436893204,1
t3_design_space/per_seed_metrics__mstar.csv,letter|0|pre_mass_on,min_dist,1.9205158572858638,1.9205158572858638,1
t3_design_space/per_seed_metrics__mstar.csv,letter|0|pre_mass_on,mean_acc,0.2891906606289214,0.2891906606289214,1
t3_design_space/per_seed_metrics__mstar.csv,letter|0|pre_mass_on,worst_acc,0.2263349514563107,0.2263349514563107,1
t3_design_space/per_seed_metrics__mstar.csv,letter|1|post_none_off,min_dist,1.409061903351329,1.409061903351329,1
t3_design_space/per_seed_metrics__mstar.csv,letter|1|post_none_off,mean_acc,0.25113155685251065,0.25113155685251065,1
t3_design_space/per_seed_metrics__mstar.csv,letter|1|post_none_off,worst_acc,0.21844660194174756,0.21844660194174756,1
t3_design_space/per_seed_metrics__mstar.csv,letter|1|post_none_on,min_dist,1.087752368811392,1.087752368811392,1
t3_design_space/per_seed_metrics__mstar.csv,letter|1|post_none_on,mean_acc,0.2312054248211608,0.2312054248211608,1
t3_design_space/per_seed_metrics__mstar.csv,letter|1|post_none_on,worst_acc,0.18730745532963647,0.18730745532963647,1
t3_design_space/per_seed_metrics__mstar.csv,letter|1|post_footprint_off,min_dist,1.6429254087427798,1.6429254087427798,1
t3_design_space/per_seed_metrics__mstar.csv,letter|1|post_footprint_off,mean_acc,0.27979986364718296,0.27979986364718296,1
t3_design_space/per_seed_metrics__mstar.csv,letter|1|post_footprint_off,worst_acc,0.22852837769964843,0.22852837769964843,1
t3_design_space/per_seed_metrics__mstar.csv,letter|1|post_footprint_on,min_dist,1.947765933800739,1.947765933800739,1
t3_design_space/per_seed_metrics__mstar.csv,letter|1|post_footprint_on,mean_acc,0.27982853878896036,0.27982853878896036,1
t3_design_space/per_seed_metrics__mstar.csv,letter|1|post_footprint_on,worst_acc,0.21298543689320387,0.21298543689320387,1
t3_design_space/per_seed_metrics__mstar.csv,letter|1|post_mass_off,min_dist,1.8968306521251395,1.8968306521251395,1
t3_design_space/per_seed_metrics__mstar.csv,letter|1|post_mass_off,mean_acc,0.29381841767293265,0.29381841767293265,1
t3_design_space/per_seed_metrics__mstar.csv,letter|1|post_mass_off,worst_acc,0.2466097438473129,0.2466097438473129,1
t3_design_space/per_seed_metrics__mstar.csv,letter|1|post_mass_on,min_dist,1.5843018673573277,1.5843018673573277,1
t3_design_space/per_seed_metrics__mstar.csv,letter|1|post_mass_on,mean_acc,0.28255963696029623,0.28255963696029623,1
t3_design_space/per_seed_metrics__mstar.csv,letter|1|post_mass_on,worst_acc,0.24150485436893204,0.24150485436893204,1
t3_design_space/per_seed_metrics__mstar.csv,letter|1|pre_none_off,min_dist,1.7543638811217075,1.7543638811217075,1
t3_design_space/per_seed_metrics__mstar.csv,letter|1|pre_none_off,mean_acc,0.29429847633291895,0.29429847633291895,1
t3_design_space/per_seed_metrics__mstar.csv,letter|1|pre_none_off,worst_acc,0.20934466019417475,0.20934466019417475,1
t3_design_space/per_seed_metrics__mstar.csv,letter|1|pre_none_on,min_dist,1.0764343558460288,1.0764343558460288,1
t3_design_space/per_seed_metrics__mstar.csv,letter|1|pre_none_on,mean_acc,0.22907419839228607,0.22907419839228607,1
t3_design_space/per_seed_metrics__mstar.csv,letter|1|pre_none_on,worst_acc,0.1947011706715958,0.1947011706715958,1
t3_design_space/per_seed_metrics__mstar.csv,letter|1|pre_footprint_off,min_dist,2.114417061812493,2.114417061812493,1
t3_design_space/per_seed_metrics__mstar.csv,letter|1|pre_footprint_off,mean_acc,0.30413782156613556,0.30413782156613556,1
t3_design_space/per_seed_metrics__mstar.csv,letter|1|pre_footprint_off,worst_acc,0.21844660194174756,0.21844660194174756,1
t3_design_space/per_seed_metrics__mstar.csv,letter|1|pre_footprint_on,min_dist,1.872145693431479,1.872145693431479,1
t3_design_space/per_seed_metrics__mstar.csv,letter|1|pre_footprint_on,mean_acc,0.30703494348639365,0.30703494348639365,1
t3_design_space/per_seed_metrics__mstar.csv,letter|1|pre_footprint_on,worst_acc,0.23725728155339806,0.23725728155339806,1
t3_design_space/per_seed_metrics__mstar.csv,letter|1|pre_mass_off,min_dist,1.652029610062858,1.652029610062858,1
t3_design_space/per_seed_metrics__mstar.csv,letter|1|pre_mass_off,mean_acc,0.314459503365386,0.314459503365386,1
t3_design_space/per_seed_metrics__mstar.csv,letter|1|pre_mass_off,worst_acc,0.24711200401808137,0.24711200401808137,1
t3_design_space/per_seed_metrics__mstar.csv,letter|1|pre_mass_on,min_dist,1.9825492879428996,1.9825492879428996,1
t3_design_space/per_seed_metrics__mstar.csv,letter|1|pre_mass_on,mean_acc,0.3013032022900889,0.3013032022900889,1
t3_design_space/per_seed_metrics__mstar.csv,letter|1|pre_mass_on,worst_acc,0.2360622802611753,0.2360622802611753,1
t3_design_space/per_seed_metrics__mstar.csv,mnist784_pca32 (20c)|0|post_none_off,min_dist,2.1112493068812874,2.1112493068812874,1
t3_design_space/per_seed_metrics__mstar.csv,mnist784_pca32 (20c)|0|post_none_off,mean_acc,0.41317032292747297,0.41317032292747297,1
t3_design_space/per_seed_metrics__mstar.csv,mnist784_pca32 (20c)|0|post_none_off,worst_acc,0.31410825199645076,0.31410825199645076,1
t3_design_space/per_seed_metrics__mstar.csv,mnist784_pca32 (20c)|0|post_none_on,min_dist,1.5585819287961515,1.5585819287961515,1
t3_design_space/per_seed_metrics__mstar.csv,mnist784_pca32 (20c)|0|post_none_on,mean_acc,0.4461717095264981,0.4461717095264981,1
t3_design_space/per_seed_metrics__mstar.csv,mnist784_pca32 (20c)|0|post_none_on,worst_acc,0.36261461106181603,0.36261461106181603,1
t3_design_space/per_seed_metrics__mstar.csv,mnist784_pca32 (20c)|0|post_footprint_off,min_dist,2.5956596127029283,2.5956596127029283,1
t3_design_space/per_seed_metrics__mstar.csv,mnist784_pca32 (20c)|0|post_footprint_off,mean_acc,0.4610885426918422,0.4610885426918422,1
t3_design_space/per_seed_metrics__mstar.csv,mnist784_pca32 (20c)|0|post_footprint_off,worst_acc,0.3669724770642202,0.3669724770642202,1
t3_design_space/per_seed_metrics__mstar.csv,mnist784_pca32 (20c)|0|post_footprint_on,min_dist,2.0221570724672207,2.0221570724672207,1
t3_design_space/per_seed_metrics__mstar.csv,mnist784_pca32 (20c)|0|post_footprint_on,mean_acc,0.4847250891154354,0.4847250891154354,1
t3_design_space/per_seed_metrics__mstar.csv,mnist784_pca32 (20c)|0|post_footprint_on,worst_acc,0.3448683821354629,0.3448683821354629,1
t3_design_space/per_seed_metrics__mstar.csv,mnist784_pca32 (20c)|0|post_mass_off,min_dist,2.5109477657689134,2.5109477657689134,1
t3_design_space/per_seed_metrics__mstar.csv,mnist784_pca32 (20c)|0|post_mass_off,mean_acc,0.4052607616519344,0.4052607616519344,1
t3_design_space/per_seed_metrics__mstar.csv,mnist784_pca32 (20c)|0|post_mass_off,worst_acc,0.3731386025200458,0.3731386025200458,1
t3_design_space/per_seed_metrics__mstar.csv,mnist784_pca32 (20c)|0|post_mass_on,min_dist,2.0528109115495137,2.0528109115495137,1
t3_design_space/per_seed_metrics__mstar.csv,mnist784_pca32 (20c)|0|post_mass_on,mean_acc,0.48117505402274113,0.48117505402274113,1
t3_design_space/per_seed_metrics__mstar.csv,mnist784_pca32 (20c)|0|post_mass_on,worst_acc,0.43384785005512677,0.43384785005512677,1
t3_design_space/per_seed_metrics__mstar.csv,mnist784_pca32 (20c)|0|pre_none_off,min_dist,2.3004396929456523,2.3004396929456523,1
t3_design_space/per_seed_metrics__mstar.csv,mnist784_pca32 (20c)|0|pre_none_off,mean_acc,0.4773586400687935,0.4773586400687935,1
t3_design_space/per_seed_metrics__mstar.csv,mnist784_pca32 (20c)|0|pre_none_off,worst_acc,0.39662084765177547,0.39662084765177547,1
t3_design_space/per_seed_metrics__mstar.csv,mnist784_pca32 (20c)|0|pre_none_on,min_dist,1.8402270574429955,1.8402270574429955,1
t3_design_space/per_seed_metrics__mstar.csv,mnist784_pca32 (20c)|0|pre_none_on,mean_acc,0.45472587631529604,0.45472587631529604,1
t3_design_space/per_seed_metrics__mstar.csv,mnist784_pca32 (20c)|0|pre_none_on,worst_acc,0.3613325740318907,0.3613325740318907,1
t3_design_space/per_seed_metrics__mstar.csv,mnist784_pca32 (20c)|0|pre_footprint_off,min_dist,2.442036178434035,2.442036178434035,1
t3_design_space/per_seed_metrics__mstar.csv,mnist784_pca32 (20c)|0|pre_footprint_off,mean_acc,0.5040014321506049,0.5040014321506049,1
t3_design_space/per_seed_metrics__mstar.csv,mnist784_pca32 (20c)|0|pre_footprint_off,worst_acc,0.41957470010905124,0.41957470010905124,1
t3_design_space/per_seed_metrics__mstar.csv,mnist784_pca32 (20c)|0|pre_footprint_on,min_dist,2.4723566318737404,2.4723566318737404,1
t3_design_space/per_seed_metrics__mstar.csv,mnist784_pca32 (20c)|0|pre_footprint_on,mean_acc,0.5483405973269277,0.5483405973269277,1
t3_design_space/per_seed_metrics__mstar.csv,mnist784_pca32 (20c)|0|pre_footprint_on,worst_acc,0.4450629944330501,0.4450629944330501,1
t3_design_space/per_seed_metrics__mstar.csv,mnist784_pca32 (20c)|0|pre_mass_off,min_dist,2.4349859845634043,2.4349859845634043,1
t3_design_space/per_seed_metrics__mstar.csv,mnist784_pca32 (20c)|0|pre_mass_off,mean_acc,0.4956328868639003,0.4956328868639003,1
t3_design_space/per_seed_metrics__mstar.csv,mnist784_pca32 (20c)|0|pre_mass_off,worst_acc,0.40512540894220284,0.40512540894220284,1
t3_design_space/per_seed_metrics__mstar.csv,mnist784_pca32 (20c)|0|pre_mass_on,min_dist,2.4722259560312665,2.4722259560312665,1
t3_design_space/per_seed_metrics__mstar.csv,mnist784_pca32 (20c)|0|pre_mass_on,mean_acc,0.5524130363029723,0.5524130363029723,1
t3_design_space/per_seed_metrics__mstar.csv,mnist784_pca32 (20c)|0|pre_mass_on,worst_acc,0.4754685777287762,0.4754685777287762,1
t3_design_space/per_seed_metrics__mstar.csv,mnist784_pca32 (20c)|1|post_none_off,min_dist,1.9388635353043377,1.9388635353043377,1
t3_design_space/per_seed_metrics__mstar.csv,mnist784_pca32 (20c)|1|post_none_off,mean_acc,0.3985268059136483,0.3985268059136483,1
t3_design_space/per_seed_metrics__mstar.csv,mnist784_pca32 (20c)|1|post_none_off,worst_acc,0.3138602520045819,0.3138602520045819,1
t3_design_space/per_seed_metrics__mstar.csv,mnist784_pca32 (20c)|1|post_none_on,min_dist,1.1261936775502226,1.1261936775502226,1
t3_design_space/per_seed_metrics__mstar.csv,mnist784_pca32 (20c)|1|post_none_on,mean_acc,0.46135087928025137,0.46135087928025137,1
t3_design_space/per_seed_metrics__mstar.csv,mnist784_pca32 (20c)|1|post_none_on,worst_acc,0.3509914175791654,0.3509914175791654,1
t3_design_space/per_seed_metrics__mstar.csv,mnist784_pca32 (20c)|1|post_footprint_off,min_dist,2.39927150700849,2.39927150700849,1
t3_design_space/per_seed_metrics__mstar.csv,mnist784_pca32 (20c)|1|post_footprint_off,mean_acc,0.4885275443781743,0.4885275443781743,1
t3_design_space/per_seed_metrics__mstar.csv,mnist784_pca32 (20c)|1|post_footprint_off,worst_acc,0.4325794446034927,0.4325794446034927,1
t3_design_space/per_seed_metrics__mstar.csv,mnist784_pca32 (20c)|1|post_footprint_on,min_dist,1.7537453835682988,1.7537453835682988,1
t3_design_space/per_seed_metrics__mstar.csv,mnist784_pca32 (20c)|1|post_footprint_on,mean_acc,0.5293017734118943,0.5293017734118943,1
t3_design_space/per_seed_metrics__mstar.csv,mnist784_pca32 (20c)|1|post_footprint_on,worst_acc,0.4473539140022051,0.4473539140022051,1
t3_design_space/per_seed_metrics__mstar.csv,mnist784_pca32 (20c)|1|post_mass_off,min_dist,2.284396985438812,2.284396985438812,1
t3_design_space/per_seed_metrics__mstar.csv,mnist784_pca32 (20c)|1|post_mass_off,mean_acc,0.45498921178306073,0.45498921178306073,1
t3_design_space/per_seed_metrics__mstar.csv,mnist784_pca32 (20c)|1|post_mass_off,worst_acc,0.36616089321500145,0.36616089321500145,1
t3_design_space/per_seed_metrics__mstar.csv,mnist784_pca32 (20c)|1|post_mass_on,min_dist,1.8427636672335692,1.8427636672335692,1
t3_design_space/per_seed_metrics__mstar.csv,mnist784_pca32 (20c)|1|post_mass_on,mean_acc,0.5343633022680121,0.5343633022680121,1
t3_design_space/per_seed_metrics__mstar.csv,mnist784_pca32 (20c)|1|post_mass_on,worst_acc,0.4509745127436282,0.4509745127436282,1
t3_design_space/per_seed_metrics__mstar.csv,mnist784_pca32 (20c)|1|pre_none_off,min_dist,2.366987272817555,2.366987272817555,1
t3_design_space/per_seed_metrics__mstar.csv,mnist784_pca32 (20c)|1|pre_none_off,mean_acc,0.47208249761652155,0.47208249761652155,1
t3_design_space/per_seed_metrics__mstar.csv,mnist784_pca32 (20c)|1|pre_none_off,worst_acc,0.4032983508245877,0.4032983508245877,1
t3_design_space/per_seed_metrics__mstar.csv,mnist784_pca32 (20c)|1|pre_none_on,min_dist,1.580605528417779,1.580605528417779,1
t3_design_space/per_seed_metrics__mstar.csv,mnist784_pca32 (20c)|1|pre_none_on,mean_acc,0.47054051972298055,0.47054051972298055,1
t3_design_space/per_seed_metrics__mstar.csv,mnist784_pca32 (20c)|1|pre_none_on,worst_acc,0.35187925421722405,0.35187925421722405,1
t3_design_space/per_seed_metrics__mstar.csv,mnist784_pca32 (20c)|1|pre_footprint_off,min_dist,2.7794346564516412,2.7794346564516412,1
t3_design_space/per_seed_metrics__mstar.csv,mnist784_pca32 (20c)|1|pre_footprint_off,mean_acc,0.5468521756472478,0.5468521756472478,1
t3_design_space/per_seed_metrics__mstar.csv,mnist784_pca32 (20c)|1|pre_footprint_off,worst_acc,0.4796030871003308,0.4796030871003308,1
t3_design_space/per_seed_metrics__mstar.csv,mnist784_pca32 (20c)|1|pre_footprint_on,min_dist,2.062631070671601,2.062631070671601,1
t3_design_space/per_seed_metrics__mstar.csv,mnist784_pca32 (20c)|1|pre_footprint_on,mean_acc,0.49059353951640555,0.49059353951640555,1
t3_design_space/per_seed_metrics__mstar.csv,mnist784_pca32 (20c)|1|pre_footprint_on,worst_acc,0.3799089356858281,0.3799089356858281,1
t3_design_space/per_seed_metrics__mstar.csv,mnist784_pca32 (20c)|1|pre_mass_off,min_dist,2.69946628252938,2.69946628252938,1
t3_design_space/per_seed_metrics__mstar.csv,mnist784_pca32 (20c)|1|pre_mass_off,mean_acc,0.5230469659472273,0.5230469659472273,1
t3_design_space/per_seed_metrics__mstar.csv,mnist784_pca32 (20c)|1|pre_mass_off,worst_acc,0.46092184368737477,0.46092184368737477,1
t3_design_space/per_seed_metrics__mstar.csv,mnist784_pca32 (20c)|1|pre_mass_on,min_dist,2.286706728743704,2.286706728743704,1
t3_design_space/per_seed_metrics__mstar.csv,mnist784_pca32 (20c)|1|pre_mass_on,mean_acc,0.5067064966063693,0.5067064966063693,1
t3_design_space/per_seed_metrics__mstar.csv,mnist784_pca32 (20c)|1|pre_mass_on,worst_acc,0.4478929384965831,0.4478929384965831,1
t3_design_space/per_seed_metrics__mstar.csv,mnist784_pca32 (50c)|0|post_none_off,min_dist,2.0809326529531487,2.0809326529531487,1
t3_design_space/per_seed_metrics__mstar.csv,mnist784_pca32 (50c)|0|post_none_off,mean_acc,0.40006127220070853,0.40006127220070853,1
t3_design_space/per_seed_metrics__mstar.csv,mnist784_pca32 (50c)|0|post_none_off,worst_acc,0.34082668600435095,0.34082668600435095,1
t3_design_space/per_seed_metrics__mstar.csv,mnist784_pca32 (50c)|0|post_none_on,min_dist,1.3482633000767585,1.3482633000767585,1
t3_design_space/per_seed_metrics__mstar.csv,mnist784_pca32 (50c)|0|post_none_on,mean_acc,0.44206675980335775,0.44206675980335775,1
t3_design_space/per_seed_metrics__mstar.csv,mnist784_pca32 (50c)|0|post_none_on,worst_acc,0.32988165680473375,0.32988165680473375,1
t3_design_space/per_seed_metrics__mstar.csv,mnist784_pca32 (50c)|0|post_footprint_off,min_dist,2.6142740100364015,2.6142740100364015,1
t3_design_space/per_seed_metrics__mstar.csv,mnist784_pca32 (50c)|0|post_footprint_off,mean_acc,0.5080867212034967,0.5080867212034967,1
t3_design_space/per_seed_metrics__mstar.csv,mnist784_pca32 (50c)|0|post_footprint_off,worst_acc,0.4534803583735355,0.4534803583735355,1
t3_design_space/per_seed_metrics__mstar.csv,mnist784_pca32 (50c)|0|post_footprint_on,min_dist,2.4642146140199936,2.4642146140199936,1
t3_design_space/per_seed_metrics__mstar.csv,mnist784_pca32 (50c)|0|post_footprint_on,mean_acc,0.4918176527383373,0.4918176527383373,1
t3_design_space/per_seed_metrics__mstar.csv,mnist784_pca32 (50c)|0|post_footprint_on,worst_acc,0.3868343195266272,0.3868343195266272,1
t3_design_space/per_seed_metrics__mstar.csv,mnist784_pca32 (50c)|0|post_mass_off,min_dist,2.541789097668212,2.541789097668212,1
t3_design_space/per_seed_metrics__mstar.csv,mnist784_pca32 (50c)|0|post_mass_off,mean_acc,0.4832462026721915,0.4832462026721915,1
t3_design_space/per_seed_metrics__mstar.csv,mnist784_pca32 (50c)|0|post_mass_off,worst_acc,0.4203997243280496,0.4203997243280496,1
t3_design_space/per_seed_metrics__mstar.csv,mnist784_pca32 (50c)|0|post_mass_on,min_dist,2.0098198904451423,2.0098198904451423,1
t3_design_space/per_seed_metrics__mstar.csv,mnist784_pca32 (50c)|0|post_mass_on,mean_acc,0.488143248467917,0.488143248467917,1
t3_design_space/per_seed_metrics__mstar.csv,mnist784_pca32 (50c)|0|post_mass_on,worst_acc,0.401423487544484,0.401423487544484,1
t3_design_space/per_seed_metrics__mstar.csv,mnist784_pca32 (50c)|0|pre_none_off,min_dist,2.25837402169921,2.25837402169921,1
t3_design_space/per_seed_metrics__mstar.csv,mnist784_pca32 (50c)|0|pre_none_off,mean_acc,0.5163499777184871,0.5163499777184871,1
t3_design_space/per_seed_metrics__mstar.csv,mnist784_pca32 (50c)|0|pre_none_off,worst_acc,0.4560117302052786,0.4560117302052786,1
t3_design_space/per_seed_metrics__mstar.csv,mnist784_pca32 (50c)|0|pre_none_on,min_dist,1.442618104481096,1.442618104481096,1
t3_design_space/per_seed_metrics__mstar.csv,mnist784_pca32 (50c)|0|pre_none_on,mean_acc,0.4438149096171984,0.4438149096171984,1
t3_design_space/per_seed_metrics__mstar.csv,mnist784_pca32 (50c)|0|pre_none_on,worst_acc,0.3306213017751479,0.3306213017751479,1
t3_design_space/per_seed_metrics__mstar.csv,mnist784_pca32 (50c)|0|pre_footprint_off,min_dist,2.389488216993811,2.389488216993811,1
t3_design_space/per_seed_metrics__mstar.csv,mnist784_pca32 (50c)|0|pre_footprint_off,mean_acc,0.5983653430780049,0.5983653430780049,1
t3_design_space/per_seed_metrics__mstar.csv,mnist784_pca32 (50c)|0|pre_footprint_off,worst_acc,0.45652173913043476,0.45652173913043476,1
t3_design_space/per_seed_metrics__mstar.csv,mnist784_pca32 (50c)|0|pre_footprint_on,min_dist,2.2993430394685115,2.2993430394685115,1
t3_design_space/per_seed_metrics__mstar.csv,mnist784_pca32 (50c)|0|pre_footprint_on,mean_acc,0.5834623641654914,0.5834623641654914,1
t3_design_space/per_seed_metrics__mstar.csv,mnist784_pca32 (50c)|0|pre_footprint_on,worst_acc,0.44868035190615835,0.44868035190615835,1
t3_design_space/per_seed_metrics__mstar.csv,mnist784_pca32 (50c)|0|pre_mass_off,min_dist,2.1060848258756764,2.1060848258756764,1
t3_design_space/per_seed_metrics__mstar.csv,mnist784_pca32 (50c)|0|pre_mass_off,mean_acc,0.5655550638364406,0.5655550638364406,1
t3_design_space/per_seed_metrics__mstar.csv,mnist784_pca32 (50c)|0|pre_mass_off,worst_acc,0.40104947526236884,0.40104947526236884,1
t3_design_space/per_seed_metrics__mstar.csv,mnist784_pca32 (50c)|0|pre_mass_on,min_dist,2.1466861907690364,2.1466861907690364,1
t3_design_space/per_seed_metrics__mstar.csv,mnist784_pca32 (50c)|0|pre_mass_on,mean_acc,0.5660865647666273,0.5660865647666273,1
t3_design_space/per_seed_metrics__mstar.csv,mnist784_pca32 (50c)|0|pre_mass_on,worst_acc,0.4133138258961229,0.4133138258961229,1
t3_design_space/per_seed_metrics__mstar.csv,mnist784_pca32 (50c)|1|post_none_off,min_dist,2.0847374691459293,2.0847374691459293,1
t3_design_space/per_seed_metrics__mstar.csv,mnist784_pca32 (50c)|1|post_none_off,mean_acc,0.4035260369124781,0.4035260369124781,1
t3_design_space/per_seed_metrics__mstar.csv,mnist784_pca32 (50c)|1|post_none_off,worst_acc,0.3386511965192168,0.3386511965192168,1
t3_design_space/per_seed_metrics__mstar.csv,mnist784_pca32 (50c)|1|post_none_on,min_dist,1.4356303257796985,1.4356303257796985,1
t3_design_space/per_seed_metrics__mstar.csv,mnist784_pca32 (50c)|1|post_none_on,mean_acc,0.44578039733361813,0.44578039733361813,1
t3_design_space/per_seed_metrics__mstar.csv,mnist784_pca32 (50c)|1|post_none_on,worst_acc,0.33357988165680474,0.33357988165680474,1
t3_design_space/per_seed_metrics__mstar.csv,mnist784_pca32 (50c)|1|post_footprint_off,min_dist,2.3975994320652583,2.3975994320652583,1
t3_design_space/per_seed_metrics__mstar.csv,mnist784_pca32 (50c)|1|post_footprint_off,mean_acc,0.5334704877305709,0.5334704877305709,1
t3_design_space/per_seed_metrics__mstar.csv,mnist784_pca32 (50c)|1|post_footprint_off,worst_acc,0.4362818590704648,0.4362818590704648,1
t3_design_space/per_seed_metrics__mstar.csv,mnist784_pca32 (50c)|1|post_footprint_on,min_dist,2.233107579586433,2.233107579586433,1
t3_design_space/per_seed_metrics__mstar.csv,mnist784_pca32 (50c)|1|post_footprint_on,mean_acc,0.45153361004875514,0.45153361004875514,1
t3_design_space/per_seed_metrics__mstar.csv,mnist784_pca32 (50c)|1|post_footprint_on,worst_acc,0.35502958579881655,0.35502958579881655,1
t3_design_space/per_seed_metrics__mstar.csv,mnist784_pca32 (50c)|1|post_mass_off,min_dist,2.606926716912761,2.606926716912761,1
t3_design_space/per_seed_metrics__mstar.csv,mnist784_pca32 (50c)|1|post_mass_off,mean_acc,0.4523208402818089,0.4523208402818089,1
t3_design_space/per_seed_metrics__mstar.csv,mnist784_pca32 (50c)|1|post_mass_off,worst_acc,0.3778100072516316,0.3778100072516316,1
t3_design_space/per_seed_metrics__mstar.csv,mnist784_pca32 (50c)|1|post_mass_on,min_dist,2.1339045945850317,2.1339045945850317,1
t3_design_space/per_seed_metrics__mstar.csv,mnist784_pca32 (50c)|1|post_mass_on,mean_acc,0.45417360512551347,0.45417360512551347,1
t3_design_space/per_seed_metrics__mstar.csv,mnist784_pca32 (50c)|1|post_mass_on,worst_acc,0.3758052970651396,0.3758052970651396,1
t3_design_space/per_seed_metrics__mstar.csv,mnist784_pca32 (50c)|1|pre_none_off,min_dist,2.2694308626185853,2.2694308626185853,1
t3_design_space/per_seed_metrics__mstar.csv,mnist784_pca32 (50c)|1|pre_none_off,mean_acc,0.4760621666882042,0.4760621666882042,1
t3_design_space/per_seed_metrics__mstar.csv,mnist784_pca32 (50c)|1|pre_none_off,worst_acc,0.41517537580529706,0.41517537580529706,1
t3_design_space/per_seed_metrics__mstar.csv,mnist784_pca32 (50c)|1|pre_none_on,min_dist,1.8370879529863804,1.8370879529863804,1
t3_design_space/per_seed_metrics__mstar.csv,mnist784_pca32 (50c)|1|pre_none_on,mean_acc,0.4554153090429312,0.4554153090429312,1
t3_design_space/per_seed_metrics__mstar.csv,mnist784_pca32 (50c)|1|pre_none_on,worst_acc,0.33505917159763315,0.33505917159763315,1
t3_design_space/per_seed_metrics__mstar.csv,mnist784_pca32 (50c)|1|pre_footprint_off,min_dist,2.528842803491617,2.528842803491617,1
t3_design_space/per_seed_metrics__mstar.csv,mnist784_pca32 (50c)|1|pre_footprint_off,mean_acc,0.5206779322764732,0.5206779322764732,1
t3_design_space/per_seed_metrics__mstar.csv,mnist784_pca32 (50c)|1|pre_footprint_off,worst_acc,0.44380816034359344,0.44380816034359344,1
t3_design_space/per_seed_metrics__mstar.csv,mnist784_pca32 (50c)|1|pre_footprint_on,min_dist,2.145641613112181,2.145641613112181,1
t3_design_space/per_seed_metrics__mstar.csv,mnist784_pca32 (50c)|1|pre_footprint_on,mean_acc,0.5349567478755107,0.5349567478755107,1
t3_design_space/per_seed_metrics__mstar.csv,mnist784_pca32 (50c)|1|pre_footprint_on,worst_acc,0.4242867593269934,0.4242867593269934,1
t3_design_space/per_seed_metrics__mstar.csv,mnist784_pca32 (50c)|1|pre_mass_off,min_dist,2.7892108700681013,2.7892108700681013,1
t3_design_space/per_seed_metrics__mstar.csv,mnist784_pca32 (50c)|1|pre_mass_off,mean_acc,0.5315129628538188,0.5315129628538188,1
t3_design_space/per_seed_metrics__mstar.csv,mnist784_pca32 (50c)|1|pre_mass_off,worst_acc,0.46870554765291605,0.46870554765291605,1
t3_design_space/per_seed_metrics__mstar.csv,mnist784_pca32 (50c)|1|pre_mass_on,min_dist,2.586827562423828,2.586827562423828,1
t3_design_space/per_seed_metrics__mstar.csv,mnist784_pca32 (50c)|1|pre_mass_on,mean_acc,0.5090516195739652,0.5090516195739652,1
t3_design_space/per_seed_metrics__mstar.csv,mnist784_pca32 (50c)|1|pre_mass_on,worst_acc,0.39201183431952663,0.39201183431952663,1
t6_baselines/per_seed_metrics__mstar.csv,cluster_skew_hard|0|post_none_off,min_dist,3.317190192758482,3.317190192758482,1
t6_baselines/per_seed_metrics__mstar.csv,cluster_skew_hard|0|post_none_off,mean_acc,0.8803030303030303,0.8803030303030303,1
t6_baselines/per_seed_metrics__mstar.csv,cluster_skew_hard|0|post_none_off,worst_acc,0.55,0.55,1
t6_baselines/per_seed_metrics__mstar.csv,cluster_skew_hard|0|post_footprint_on,min_dist,7.722624940195822,7.722624940195822,1
t6_baselines/per_seed_metrics__mstar.csv,cluster_skew_hard|0|post_footprint_on,mean_acc,1.0,1.0,1
t6_baselines/per_seed_metrics__mstar.csv,cluster_skew_hard|0|post_footprint_on,worst_acc,1.0,1.0,1
t6_baselines/per_seed_metrics__mstar.csv,cluster_skew_hard|0|pre_none_off,min_dist,1.2553889170664363,1.2553889170664363,1
t6_baselines/per_seed_metrics__mstar.csv,cluster_skew_hard|0|pre_none_off,mean_acc,0.8598484848484849,0.8598484848484849,1
t6_baselines/per_seed_metrics__mstar.csv,cluster_skew_hard|0|pre_none_off,worst_acc,0.6454545454545455,0.6454545454545455,1
t6_baselines/per_seed_metrics__mstar.csv,cluster_skew_hard|0|pre_footprint_off,min_dist,1.099125388506385,1.099125388506385,1
t6_baselines/per_seed_metrics__mstar.csv,cluster_skew_hard|0|pre_footprint_off,mean_acc,0.834090909090909,0.834090909090909,1
t6_baselines/per_seed_metrics__mstar.csv,cluster_skew_hard|0|pre_footprint_off,worst_acc,0.5409090909090909,0.5409090909090909,1
t6_baselines/per_seed_metrics__mstar.csv,cluster_skew_hard|1|post_none_off,min_dist,2.1676024079366605,2.1676024079366605,1
t6_baselines/per_seed_metrics__mstar.csv,cluster_skew_hard|1|post_none_off,mean_acc,0.943560606060606,0.943560606060606,1
t6_baselines/per_seed_metrics__mstar.csv,cluster_skew_hard|1|post_none_off,worst_acc,0.7909090909090909,0.7909090909090909,1
t6_baselines/per_seed_metrics__mstar.csv,cluster_skew_hard|1|post_footprint_on,min_dist,7.791543598695051,7.791543598695051,1
t6_baselines/per_seed_metrics__mstar.csv,cluster_skew_hard|1|post_footprint_on,mean_acc,1.0,1.0,1
t6_baselines/per_seed_metrics__mstar.csv,cluster_skew_hard|1|post_footprint_on,worst_acc,1.0,1.0,1
t6_baselines/per_seed_metrics__mstar.csv,cluster_skew_hard|1|pre_none_off,min_dist,8.271428792308363,8.271428792308363,1
t6_baselines/per_seed_metrics__mstar.csv,cluster_skew_hard|1|pre_none_off,mean_acc,1.0,1.0,1
t6_baselines/per_seed_metrics__mstar.csv,cluster_skew_hard|1|pre_none_off,worst_acc,1.0,1.0,1
t6_baselines/per_seed_metrics__mstar.csv,cluster_skew_hard|1|pre_footprint_off,min_dist,8.335636062189208,8.335636062189208,1
t6_baselines/per_seed_metrics__mstar.csv,cluster_skew_hard|1|pre_footprint_off,mean_acc,1.0,1.0,1
t6_baselines/per_seed_metrics__mstar.csv,cluster_skew_hard|1|pre_footprint_off,worst_acc,1.0,1.0,1
t6_baselines/per_seed_metrics__mstar.csv,cluster_skew_overlap|0|post_none_off,min_dist,1.9837935868017225,1.9837935868017225,1
t6_baselines/per_seed_metrics__mstar.csv,cluster_skew_overlap|0|post_none_off,mean_acc,0.7625000000000001,0.7625000000000001,1
t6_baselines/per_seed_metrics__mstar.csv,cluster_skew_overlap|0|post_none_off,worst_acc,0.6409090909090909,0.6409090909090909,1
t6_baselines/per_seed_metrics__mstar.csv,cluster_skew_overlap|0|post_footprint_on,min_dist,4.674608245407199,4.674608245407199,1
t6_baselines/per_seed_metrics__mstar.csv,cluster_skew_overlap|0|post_footprint_on,mean_acc,0.8132575757575758,0.8132575757575758,1
t6_baselines/per_seed_metrics__mstar.csv,cluster_skew_overlap|0|post_footprint_on,worst_acc,0.7136363636363636,0.7136363636363636,1
t6_baselines/per_seed_metrics__mstar.csv,cluster_skew_overlap|0|pre_none_off,min_dist,4.479247631383477,4.479247631383477,1
t6_baselines/per_seed_metrics__mstar.csv,cluster_skew_overlap|0|pre_none_off,mean_acc,0.8613636363636367,0.8613636363636367,1
t6_baselines/per_seed_metrics__mstar.csv,cluster_skew_overlap|0|pre_none_off,worst_acc,0.8045454545454546,0.8045454545454546,1
t6_baselines/per_seed_metrics__mstar.csv,cluster_skew_overlap|0|pre_footprint_off,min_dist,5.113283045055968,5.113283045055968,1
t6_baselines/per_seed_metrics__mstar.csv,cluster_skew_overlap|0|pre_footprint_off,mean_acc,0.8666666666666667,0.8666666666666667,1
t6_baselines/per_seed_metrics__mstar.csv,cluster_skew_overlap|0|pre_footprint_off,worst_acc,0.7954545454545454,0.7954545454545454,1
t6_baselines/per_seed_metrics__mstar.csv,cluster_skew_overlap|1|post_none_off,min_dist,2.2720147987858827,2.2720147987858827,1
t6_baselines/per_seed_metrics__mstar.csv,cluster_skew_overlap|1|post_none_off,mean_acc,0.7848484848484848,0.7848484848484848,1
t6_baselines/per_seed_metrics__mstar.csv,cluster_skew_overlap|1|post_none_off,worst_acc,0.6227272727272727,0.6227272727272727,1
t6_baselines/per_seed_metrics__mstar.csv,cluster_skew_overlap|1|post_footprint_on,min_dist,4.6638188403161225,4.6638188403161225,1
t6_baselines/per_seed_metrics__mstar.csv,cluster_skew_overlap|1|post_footprint_on,mean_acc,0.8170454545454545,0.8170454545454545,1
t6_baselines/per_seed_metrics__mstar.csv,cluster_skew_overlap|1|post_footprint_on,worst_acc,0.7681818181818182,0.7681818181818182,1
t6_baselines/per_seed_metrics__mstar.csv,cluster_skew_overlap|1|pre_none_off,min_dist,4.481733015965655,4.481733015965655,1
t6_baselines/per_seed_metrics__mstar.csv,cluster_skew_overlap|1|pre_none_off,mean_acc,0.8636363636363636,0.8636363636363636,1
t6_baselines/per_seed_metrics__mstar.csv,cluster_skew_overlap|1|pre_none_off,worst_acc,0.8181818181818182,0.8181818181818182,1
t6_baselines/per_seed_metrics__mstar.csv,cluster_skew_overlap|1|pre_footprint_off,min_dist,5.00552494812,5.00552494812,1
t6_baselines/per_seed_metrics__mstar.csv,cluster_skew_overlap|1|pre_footprint_off,mean_acc,0.8651515151515152,0.8651515151515152,1
t6_baselines/per_seed_metrics__mstar.csv,cluster_skew_overlap|1|pre_footprint_off,worst_acc,0.8272727272727273,0.8272727272727273,1
t6_baselines/per_seed_metrics__mstar.csv,dirichlet_0.03|0|post_none_off,min_dist,0.8165801589795443,0.8165801589795443,1
t6_baselines/per_seed_metrics__mstar.csv,dirichlet_0.03|0|post_none_off,mean_acc,0.8723484848484849,0.8723484848484849,1
t6_baselines/per_seed_metrics__mstar.csv,dirichlet_0.03|0|post_none_off,worst_acc,0.7545454545454545,0.7545454545454545,1
t6_baselines/per_seed_metrics__mstar.csv,dirichlet_0.03|0|post_footprint_on,min_dist,6.099330123109922,6.099330123109922,1
t6_baselines/per_seed_metrics__mstar.csv,dirichlet_0.03|0|post_footprint_on,mean_acc,1.0,1.0,1
t6_baselines/per_seed_metrics__mstar.csv,dirichlet_0.03|0|post_footprint_on,worst_acc,1.0,1.0,1
t6_baselines/per_seed_metrics__mstar.csv,dirichlet_0.03|0|pre_none_off,min_dist,8.585247231760992,8.585247231760992,1
t6_baselines/per_seed_metrics__mstar.csv,dirichlet_0.03|0|pre_none_off,mean_acc,1.0,1.0,1
t6_baselines/per_seed_metrics__mstar.csv,dirichlet_0.03|0|pre_none_off,worst_acc,1.0,1.0,1
t6_baselines/per_seed_metrics__mstar.csv,dirichlet_0.03|0|pre_footprint_off,min_dist,8.605034433647333,8.605034433647333,1
t6_baselines/per_seed_metrics__mstar.csv,dirichlet_0.03|0|pre_footprint_off,mean_acc,1.0,1.0,1
t6_baselines/per_seed_metrics__mstar.csv,dirichlet_0.03|0|pre_footprint_off,worst_acc,1.0,1.0,1
t6_baselines/per_seed_metrics__mstar.csv,dirichlet_0.03|1|post_none_off,min_dist,0.0978860433660758,0.0978860433660758,1
t6_baselines/per_seed_metrics__mstar.csv,dirichlet_0.03|1|post_none_off,mean_acc,0.9359848484848484,0.9359848484848484,1
t6_baselines/per_seed_metrics__mstar.csv,dirichlet_0.03|1|post_none_off,worst_acc,0.6090909090909091,0.6090909090909091,1
t6_baselines/per_seed_metrics__mstar.csv,dirichlet_0.03|1|post_footprint_on,min_dist,6.73052963535583,6.73052963535583,1
t6_baselines/per_seed_metrics__mstar.csv,dirichlet_0.03|1|post_footprint_on,mean_acc,1.0,1.0,1
t6_baselines/per_seed_metrics__mstar.csv,dirichlet_0.03|1|post_footprint_on,worst_acc,1.0,1.0,1
t6_baselines/per_seed_metrics__mstar.csv,dirichlet_0.03|1|pre_none_off,min_dist,7.23551067872796,7.23551067872796,1
t6_baselines/per_seed_metrics__mstar.csv,dirichlet_0.03|1|pre_none_off,mean_acc,1.0,1.0,1
t6_baselines/per_seed_metrics__mstar.csv,dirichlet_0.03|1|pre_none_off,worst_acc,1.0,1.0,1
t6_baselines/per_seed_metrics__mstar.csv,dirichlet_0.03|1|pre_footprint_off,min_dist,7.181909021689274,7.181909021689274,1
t6_baselines/per_seed_metrics__mstar.csv,dirichlet_0.03|1|pre_footprint_off,mean_acc,1.0,1.0,1
t6_baselines/per_seed_metrics__mstar.csv,dirichlet_0.03|1|pre_footprint_off,worst_acc,1.0,1.0,1
t6_baselines/per_seed_metrics__mstar.csv,dirichlet_0.1|0|post_none_off,min_dist,1.2433765327731672,1.2433765327731672,1
t6_baselines/per_seed_metrics__mstar.csv,dirichlet_0.1|0|post_none_off,mean_acc,0.9037878787878788,0.9037878787878788,1
t6_baselines/per_seed_metrics__mstar.csv,dirichlet_0.1|0|post_none_off,worst_acc,0.6409090909090909,0.6409090909090909,1
t6_baselines/per_seed_metrics__mstar.csv,dirichlet_0.1|0|post_footprint_on,min_dist,7.396263114862932,7.396263114862932,1
t6_baselines/per_seed_metrics__mstar.csv,dirichlet_0.1|0|post_footprint_on,mean_acc,1.0,1.0,1
t6_baselines/per_seed_metrics__mstar.csv,dirichlet_0.1|0|post_footprint_on,worst_acc,1.0,1.0,1
t6_baselines/per_seed_metrics__mstar.csv,dirichlet_0.1|0|pre_none_off,min_dist,8.231239914977493,8.231239914977493,1
t6_baselines/per_seed_metrics__mstar.csv,dirichlet_0.1|0|pre_none_off,mean_acc,1.0,1.0,1
t6_baselines/per_seed_metrics__mstar.csv,dirichlet_0.1|0|pre_none_off,worst_acc,1.0,1.0,1
t6_baselines/per_seed_metrics__mstar.csv,dirichlet_0.1|0|pre_footprint_off,min_dist,8.272308238668284,8.272308238668284,1
t6_baselines/per_seed_metrics__mstar.csv,dirichlet_0.1|0|pre_footprint_off,mean_acc,1.0,1.0,1
t6_baselines/per_seed_metrics__mstar.csv,dirichlet_0.1|0|pre_footprint_off,worst_acc,1.0,1.0,1
t6_baselines/per_seed_metrics__mstar.csv,dirichlet_0.1|1|post_none_off,min_dist,3.0156795824743923,3.0156795824743923,1
t6_baselines/per_seed_metrics__mstar.csv,dirichlet_0.1|1|post_none_off,mean_acc,1.0,1.0,1
t6_baselines/per_seed_metrics__mstar.csv,dirichlet_0.1|1|post_none_off,worst_acc,1.0,1.0,1
t6_baselines/per_seed_metrics__mstar.csv,dirichlet_0.1|1|post_footprint_on,min_dist,7.689244702440898,7.689244702440898,1
t6_baselines/per_seed_metrics__mstar.csv,dirichlet_0.1|1|post_footprint_on,mean_acc,1.0,1.0,1
t6_baselines/per_seed_metrics__mstar.csv,dirichlet_0.1|1|post_footprint_on,worst_acc,1.0,1.0,1
t6_baselines/per_seed_metrics__mstar.csv,dirichlet_0.1|1|pre_none_off,min_dist,8.0692223424736,8.0692223424736,1
t6_baselines/per_seed_metrics__mstar.csv,dirichlet_0.1|1|pre_none_off,mean_acc,1.0,1.0,1
t6_baselines/per_seed_metrics__mstar.csv,dirichlet_0.1|1|pre_none_off,worst_acc,1.0,1.0,1
t6_baselines/per_seed_metrics__mstar.csv,dirichlet_0.1|1|pre_footprint_off,min_dist,8.156401989498333,8.156401989498333,1
t6_baselines/per_seed_metrics__mstar.csv,dirichlet_0.1|1|pre_footprint_off,mean_acc,1.0,1.0,1
t6_baselines/per_seed_metrics__mstar.csv,dirichlet_0.1|1|pre_footprint_off,worst_acc,1.0,1.0,1
t6_baselines/per_seed_metrics__mstar.csv,overlap_noise|0|post_none_off,min_dist,2.909822037333844,2.909822037333844,1
t6_baselines/per_seed_metrics__mstar.csv,overlap_noise|0|post_none_off,mean_acc,0.7503787878787879,0.7503787878787879,1
t6_baselines/per_seed_metrics__mstar.csv,overlap_noise|0|post_none_off,worst_acc,0.6045454545454545,0.6045454545454545,1
t6_baselines/per_seed_metrics__mstar.csv,overlap_noise|0|post_footprint_on,min_dist,5.078033503944573,5.078033503944573,1
t6_baselines/per_seed_metrics__mstar.csv,overlap_noise|0|post_footprint_on,mean_acc,0.8875000000000001,0.8875000000000001,1
t6_baselines/per_seed_metrics__mstar.csv,overlap_noise|0|post_footprint_on,worst_acc,0.8363636363636363,0.8363636363636363,1
t6_baselines/per_seed_metrics__mstar.csv,overlap_noise|0|pre_none_off,min_dist,2.3273597891491864,2.3273597891491864,1
t6_baselines/per_seed_metrics__mstar.csv,overlap_noise|0|pre_none_off,mean_acc,0.703030303030303,0.703030303030303,1
t6_baselines/per_seed_metrics__mstar.csv,overlap_noise|0|pre_none_off,worst_acc,0.5590909090909091,0.5590909090909091,1
t6_baselines/per_seed_metrics__mstar.csv,overlap_noise|0|pre_footprint_off,min_dist,5.370352133499629,5.370352133499629,1
t6_baselines/per_seed_metrics__mstar.csv,overlap_noise|0|pre_footprint_off,mean_acc,0.9,0.9,1
t6_baselines/per_seed_metrics__mstar.csv,overlap_noise|0|pre_footprint_off,worst_acc,0.8727272727272727,0.8727272727272727,1
t6_baselines/per_seed_metrics__mstar.csv,overlap_noise|1|post_none_off,min_dist,4.449544529407668,4.449544529407668,1
t6_baselines/per_seed_metrics__mstar.csv,overlap_noise|1|post_none_off,mean_acc,0.893560606060606,0.893560606060606,1
t6_baselines/per_seed_metrics__mstar.csv,overlap_noise|1|post_none_off,worst_acc,0.8636363636363636,0.8636363636363636,1
t6_baselines/per_seed_metrics__mstar.csv,overlap_noise|1|post_footprint_on,min_dist,5.042374285941915,5.042374285941915,1
t6_baselines/per_seed_metrics__mstar.csv,overlap_noise|1|post_footprint_on,mean_acc,0.8958333333333334,0.8958333333333334,1
t6_baselines/per_seed_metrics__mstar.csv,overlap_noise|1|post_footprint_on,worst_acc,0.85,0.85,1
t6_baselines/per_seed_metrics__mstar.csv,overlap_noise|1|pre_none_off,min_dist,4.980934116170232,4.980934116170232,1
t6_baselines/per_seed_metrics__mstar.csv,overlap_noise|1|pre_none_off,mean_acc,0.9037878787878788,0.9037878787878788,1
t6_baselines/per_seed_metrics__mstar.csv,overlap_noise|1|pre_none_off,worst_acc,0.8863636363636364,0.8863636363636364,1
t6_baselines/per_seed_metrics__mstar.csv,overlap_noise|1|pre_footprint_off,min_dist,5.160326133894557,5.160326133894557,1
t6_baselines/per_seed_metrics__mstar.csv,overlap_noise|1|pre_footprint_off,mean_acc,0.9068181818181817,0.9068181818181817,1
t6_baselines/per_seed_metrics__mstar.csv,overlap_noise|1|pre_footprint_off,worst_acc,0.8818181818181818,0.8818181818181818,1
t6_baselines/per_seed_metrics__mstar.csv,quantity_skew_extreme|0|post_none_off,min_dist,1.2978984190961782,1.2978984190961782,1
t6_baselines/per_seed_metrics__mstar.csv,quantity_skew_extreme|0|post_none_off,mean_acc,0.907321845063184,0.907321845063184,1
t6_baselines/per_seed_metrics__mstar.csv,quantity_skew_extreme|0|post_none_off,worst_acc,0.6,0.6,1
t6_baselines/per_seed_metrics__mstar.csv,quantity_skew_extreme|0|post_footprint_on,min_dist,1.0821049431334662,1.0821049431334662,1
t6_baselines/per_seed_metrics__mstar.csv,quantity_skew_extreme|0|post_footprint_on,mean_acc,0.7457916805924425,0.7457916805924425,1
t6_baselines/per_seed_metrics__mstar.csv,quantity_skew_extreme|0|post_footprint_on,worst_acc,0.5776699029126213,0.5776699029126213,1
t6_baselines/per_seed_metrics__mstar.csv,quantity_skew_extreme|0|pre_none_off,min_dist,1.317292212700376,1.317292212700376,1
t6_baselines/per_seed_metrics__mstar.csv,quantity_skew_extreme|0|pre_none_off,mean_acc,0.8658884578060326,0.8658884578060326,1
t6_baselines/per_seed_metrics__mstar.csv,quantity_skew_extreme|0|pre_none_off,worst_acc,0.7448979591836735,0.7448979591836735,1
t6_baselines/per_seed_metrics__mstar.csv,quantity_skew_extreme|0|pre_footprint_off,min_dist,7.849060488224452,7.849060488224452,1
t6_baselines/per_seed_metrics__mstar.csv,quantity_skew_extreme|0|pre_footprint_off,mean_acc,1.0,1.0,1
t6_baselines/per_seed_metrics__mstar.csv,quantity_skew_extreme|0|pre_footprint_off,worst_acc,1.0,1.0,1
t6_baselines/per_seed_metrics__mstar.csv,quantity_skew_extreme|1|post_none_off,min_dist,1.0364718871042213,1.0364718871042213,1
t6_baselines/per_seed_metrics__mstar.csv,quantity_skew_extreme|1|post_none_off,mean_acc,0.7819098143538219,0.7819098143538219,1
t6_baselines/per_seed_metrics__mstar.csv,quantity_skew_extreme|1|post_none_off,worst_acc,0.5409836065573771,0.5409836065573771,1
t6_baselines/per_seed_metrics__mstar.csv,quantity_skew_extreme|1|post_footprint_on,min_dist,1.2363219822550768,1.2363219822550768,1
t6_baselines/per_seed_metrics__mstar.csv,quantity_skew_extreme|1|post_footprint_on,mean_acc,0.877218571529711,0.877218571529711,1
t6_baselines/per_seed_metrics__mstar.csv,quantity_skew_extreme|1|post_footprint_on,worst_acc,0.5954692556634305,0.5954692556634305,1
t6_baselines/per_seed_metrics__mstar.csv,quantity_skew_extreme|1|pre_none_off,min_dist,1.5082055756129509,1.5082055756129509,1
t6_baselines/per_seed_metrics__mstar.csv,quantity_skew_extreme|1|pre_none_off,mean_acc,0.8000706387108899,0.8000706387108899,1
t6_baselines/per_seed_metrics__mstar.csv,quantity_skew_extreme|1|pre_none_off,worst_acc,0.5901639344262295,0.5901639344262295,1
t6_baselines/per_seed_metrics__mstar.csv,quantity_skew_extreme|1|pre_footprint_off,min_dist,1.3328419544837977,1.3328419544837977,1
t6_baselines/per_seed_metrics__mstar.csv,quantity_skew_extreme|1|pre_footprint_off,mean_acc,0.9041070095781455,0.9041070095781455,1
t6_baselines/per_seed_metrics__mstar.csv,quantity_skew_extreme|1|pre_footprint_off,worst_acc,0.6440129449838188,0.6440129449838188,1
t6_baselines/per_seed_metrics__mstar.csv,wine|0|post_none_off,min_dist,2.064425568440772,2.064425568440772,1
t6_baselines/per_seed_metrics__mstar.csv,wine|0|post_none_off,mean_acc,0.9300292397660821,0.9300292397660821,1
t6_baselines/per_seed_metrics__mstar.csv,wine|0|post_none_off,worst_acc,0.8333333333333334,0.8333333333333334,1
t6_baselines/per_seed_metrics__mstar.csv,wine|0|post_footprint_on,min_dist,3.5139968683817893,3.5139968683817893,1
t6_baselines/per_seed_metrics__mstar.csv,wine|0|post_footprint_on,mean_acc,0.9405847953216375,0.9405847953216375,1
t6_baselines/per_seed_metrics__mstar.csv,wine|0|post_footprint_on,worst_acc,0.8333333333333334,0.8333333333333334,1
t6_baselines/per_seed_metrics__mstar.csv,wine|0|pre_none_off,min_dist,3.208697436486975,3.208697436486975,1
t6_baselines/per_seed_metrics__mstar.csv,wine|0|pre_none_off,mean_acc,0.9672514619883043,0.9672514619883043,1
t6_baselines/per_seed_metrics__mstar.csv,wine|0|pre_none_off,worst_acc,0.8888888888888888,0.8888888888888888,1
t6_baselines/per_seed_metrics__mstar.csv,wine|0|pre_footprint_off,min_dist,3.517965508891141,3.517965508891141,1
t6_baselines/per_seed_metrics__mstar.csv,wine|0|pre_footprint_off,mean_acc,0.9733625730994152,0.9733625730994152,1
t6_baselines/per_seed_metrics__mstar.csv,wine|0|pre_footprint_off,worst_acc,0.8947368421052632,0.8947368421052632,1
t6_baselines/per_seed_metrics__mstar.csv,wine|1|post_none_off,min_dist,2.525221432965331,2.525221432965331,1
t6_baselines/per_seed_metrics__mstar.csv,wine|1|post_none_off,mean_acc,0.9402923976608187,0.9402923976608187,1
t6_baselines/per_seed_metrics__mstar.csv,wine|1|post_none_off,worst_acc,0.7777777777777778,0.7777777777777778,1
t6_baselines/per_seed_metrics__mstar.csv,wine|1|post_footprint_on,min_dist,3.576641186042609,3.576641186042609,1
t6_baselines/per_seed_metrics__mstar.csv,wine|1|post_footprint_on,mean_acc,0.9264787581699346,0.9264787581699346,1
t6_baselines/per_seed_metrics__mstar.csv,wine|1|post_footprint_on,worst_acc,0.8333333333333334,0.8333333333333334,1
t6_baselines/per_seed_metrics__mstar.csv,wine|1|pre_none_off,min_dist,3.126172909685257,3.126172909685257,1
t6_baselines/per_seed_metrics__mstar.csv,wine|1|pre_none_off,mean_acc,0.9550898692810458,0.9550898692810458,1
t6_baselines/per_seed_metrics__mstar.csv,wine|1|pre_none_off,worst_acc,0.8333333333333334,0.8333333333333334,1
t6_baselines/per_seed_metrics__mstar.csv,wine|1|pre_footprint_off,min_dist,3.583518416443846,3.583518416443846,1
t6_baselines/per_seed_metrics__mstar.csv,wine|1|pre_footprint_off,mean_acc,0.9609722222222222,0.9609722222222222,1
t6_baselines/per_seed_metrics__mstar.csv,wine|1|pre_footprint_off,worst_acc,0.8333333333333334,0.8333333333333334,1
t6_baselines/per_seed_metrics__mstar.csv,satimage|0|post_none_off,min_dist,2.6477686383017627,2.6477686383017627,1
t6_baselines/per_seed_metrics__mstar.csv,satimage|0|post_none_off,mean_acc,0.7324792424257718,0.7324792424257718,1
t6_baselines/per_seed_metrics__mstar.csv,satimage|0|post_none_off,worst_acc,0.5993340732519423,0.5993340732519423,1
t6_baselines/per_seed_metrics__mstar.csv,satimage|0|post_footprint_on,min_dist,2.8844838653929368,2.8844838653929368,1
t6_baselines/per_seed_metrics__mstar.csv,satimage|0|post_footprint_on,mean_acc,0.6829613239863099,0.6829613239863099,1
t6_baselines/per_seed_metrics__mstar.csv,satimage|0|post_footprint_on,worst_acc,0.4678456591639871,0.4678456591639871,1
t6_baselines/per_seed_metrics__mstar.csv,satimage|0|pre_none_off,min_dist,2.433780778752992,2.433780778752992,1
t6_baselines/per_seed_metrics__mstar.csv,satimage|0|pre_none_off,mean_acc,0.6367154646951327,0.6367154646951327,1
t6_baselines/per_seed_metrics__mstar.csv,satimage|0|pre_none_off,worst_acc,0.4510433386837881,0.4510433386837881,1
t6_baselines/per_seed_metrics__mstar.csv,satimage|0|pre_footprint_off,min_dist,2.0710824898081244,2.0710824898081244,1
t6_baselines/per_seed_metrics__mstar.csv,satimage|0|pre_footprint_off,mean_acc,0.6482474260458896,0.6482474260458896,1
t6_baselines/per_seed_metrics__mstar.csv,satimage|0|pre_footprint_off,worst_acc,0.4767255216693419,0.4767255216693419,1
t6_baselines/per_seed_metrics__mstar.csv,satimage|1|post_none_off,min_dist,2.604970080136424,2.604970080136424,1
t6_baselines/per_seed_metrics__mstar.csv,satimage|1|post_none_off,mean_acc,0.7330963826310983,0.7330963826310983,1
t6_baselines/per_seed_metrics__mstar.csv,satimage|1|post_none_off,worst_acc,0.6215316315205327,0.6215316315205327,1
t6_baselines/per_seed_metrics__mstar.csv,satimage|1|post_footprint_on,min_dist,2.1834461086350623,2.1834461086350623,1
t6_baselines/per_seed_metrics__mstar.csv,satimage|1|post_footprint_on,mean_acc,0.6520527349618577,0.6520527349618577,1
t6_baselines/per_seed_metrics__mstar.csv,satimage|1|post_footprint_on,worst_acc,0.449438202247191,0.449438202247191,1
t6_baselines/per_seed_metrics__mstar.csv,satimage|1|pre_none_off,min_dist,3.701472917658008,3.701472917658008,1
t6_baselines/per_seed_metrics__mstar.csv,satimage|1|pre_none_off,mean_acc,0.7089368664520845,0.7089368664520845,1
t6_baselines/per_seed_metrics__mstar.csv,satimage|1|pre_none_off,worst_acc,0.5858747993579454,0.5858747993579454,1
t6_baselines/per_seed_metrics__mstar.csv,satimage|1|pre_footprint_off,min_dist,2.6975484545661277,2.6975484545661277,1
t6_baselines/per_seed_metrics__mstar.csv,satimage|1|pre_footprint_off,mean_acc,0.6407480807699579,0.6407480807699579,1
t6_baselines/per_seed_metrics__mstar.csv,satimage|1|pre_footprint_off,worst_acc,0.584,0.584,1
t6_baselines/per_seed_metrics__mstar.csv,pendigits|0|post_none_off,min_dist,1.6338318057537864,1.6338318057537864,1
t6_baselines/per_seed_metrics__mstar.csv,pendigits|0|post_none_off,mean_acc,0.5042125274681303,0.5042125274681303,1
t6_baselines/per_seed_metrics__mstar.csv,pendigits|0|post_none_off,worst_acc,0.44649446494464945,0.44649446494464945,1
t6_baselines/per_seed_metrics__mstar.csv,pendigits|0|post_footprint_on,min_dist,1.5972508234635219,1.5972508234635219,1
t6_baselines/per_seed_metrics__mstar.csv,pendigits|0|post_footprint_on,mean_acc,0.6012798755402887,0.6012798755402887,1
t6_baselines/per_seed_metrics__mstar.csv,pendigits|0|post_footprint_on,worst_acc,0.45940959409594095,0.45940959409594095,1
t6_baselines/per_seed_metrics__mstar.csv,pendigits|0|pre_none_off,min_dist,1.8359703341859233,1.8359703341859233,1
t6_baselines/per_seed_metrics__mstar.csv,pendigits|0|pre_none_off,mean_acc,0.6532044815360224,0.6532044815360224,1
t6_baselines/per_seed_metrics__mstar.csv,pendigits|0|pre_none_off,worst_acc,0.3985239852398524,0.3985239852398524,1
t6_baselines/per_seed_metrics__mstar.csv,pendigits|0|pre_footprint_off,min_dist,1.6069697468585549,1.6069697468585549,1
t6_baselines/per_seed_metrics__mstar.csv,pendigits|0|pre_footprint_off,mean_acc,0.6102803226597168,0.6102803226597168,1
t6_baselines/per_seed_metrics__mstar.csv,pendigits|0|pre_footprint_off,worst_acc,0.47232472324723246,0.47232472324723246,1
t6_baselines/per_seed_metrics__mstar.csv,pendigits|1|post_none_off,min_dist,1.6580713748730198,1.6580713748730198,1
t6_baselines/per_seed_metrics__mstar.csv,pendigits|1|post_none_off,mean_acc,0.5329455843692306,0.5329455843692306,1
t6_baselines/per_seed_metrics__mstar.csv,pendigits|1|post_none_off,worst_acc,0.45387453874538747,0.45387453874538747,1
t6_baselines/per_seed_metrics__mstar.csv,pendigits|1|post_footprint_on,min_dist,1.8114531035436197,1.8114531035436197,1
t6_baselines/per_seed_metrics__mstar.csv,pendigits|1|post_footprint_on,mean_acc,0.6464682573423923,0.6464682573423923,1
t6_baselines/per_seed_metrics__mstar.csv,pendigits|1|post_footprint_on,worst_acc,0.5350553505535055,0.5350553505535055,1
t6_baselines/per_seed_metrics__mstar.csv,pendigits|1|pre_none_off,min_dist,1.9637826602449011,1.9637826602449011,1
t6_baselines/per_seed_metrics__mstar.csv,pendigits|1|pre_none_off,mean_acc,0.7150494692924976,0.7150494692924976,1
t6_baselines/per_seed_metrics__mstar.csv,pendigits|1|pre_none_off,worst_acc,0.5830258302583026,0.5830258302583026,1
t6_baselines/per_seed_metrics__mstar.csv,pendigits|1|pre_footprint_off,min_dist,1.644300617650201,1.644300617650201,1
t6_baselines/per_seed_metrics__mstar.csv,pendigits|1|pre_footprint_off,mean_acc,0.6694691519089989,0.6694691519089989,1
t6_baselines/per_seed_metrics__mstar.csv,pendigits|1|pre_footprint_off,worst_acc,0.5559440559440559,0.5559440559440559,1
t6_baselines/per_seed_metrics__mstar.csv,digits_pca16|0|post_none_off,min_dist,1.6894542162875676,1.6894542162875676,1
t6_baselines/per_seed_metrics__mstar.csv,digits_pca16|0|post_none_off,mean_acc,0.39140060411086053,0.39140060411086053,1
t6_baselines/per_seed_metrics__mstar.csv,digits_pca16|0|post_none_off,worst_acc,0.2967032967032967,0.2967032967032967,1
t6_baselines/per_seed_metrics__mstar.csv,digits_pca16|0|post_footprint_on,min_dist,2.2696349285169997,2.2696349285169997,1
t6_baselines/per_seed_metrics__mstar.csv,digits_pca16|0|post_footprint_on,mean_acc,0.6260096061878524,0.6260096061878524,1
t6_baselines/per_seed_metrics__mstar.csv,digits_pca16|0|post_footprint_on,worst_acc,0.4166666666666667,0.4166666666666667,1
t6_baselines/per_seed_metrics__mstar.csv,digits_pca16|0|pre_none_off,min_dist,2.137194054865378,2.137194054865378,1
t6_baselines/per_seed_metrics__mstar.csv,digits_pca16|0|pre_none_off,mean_acc,0.6016791602151457,0.6016791602151457,1
t6_baselines/per_seed_metrics__mstar.csv,digits_pca16|0|pre_none_off,worst_acc,0.4166666666666667,0.4166666666666667,1
t6_baselines/per_seed_metrics__mstar.csv,digits_pca16|0|pre_footprint_off,min_dist,2.2166091849808383,2.2166091849808383,1
t6_baselines/per_seed_metrics__mstar.csv,digits_pca16|0|pre_footprint_off,mean_acc,0.6405973661500799,0.6405973661500799,1
t6_baselines/per_seed_metrics__mstar.csv,digits_pca16|0|pre_footprint_off,worst_acc,0.4,0.4,1
t6_baselines/per_seed_metrics__mstar.csv,digits_pca16|1|post_none_off,min_dist,1.6562036860432638,1.6562036860432638,1
t6_baselines/per_seed_metrics__mstar.csv,digits_pca16|1|post_none_off,mean_acc,0.4274088485939179,0.4274088485939179,1
t6_baselines/per_seed_metrics__mstar.csv,digits_pca16|1|post_none_off,worst_acc,0.34444444444444444,0.34444444444444444,1
t6_baselines/per_seed_metrics__mstar.csv,digits_pca16|1|post_footprint_on,min_dist,2.9761395606305276,2.9761395606305276,1
t6_baselines/per_seed_metrics__mstar.csv,digits_pca16|1|post_footprint_on,mean_acc,0.6451892930787354,0.6451892930787354,1
t6_baselines/per_seed_metrics__mstar.csv,digits_pca16|1|post_footprint_on,worst_acc,0.4388888888888889,0.4388888888888889,1
t6_baselines/per_seed_metrics__mstar.csv,digits_pca16|1|pre_none_off,min_dist,2.0280057670418734,2.0280057670418734,1
t6_baselines/per_seed_metrics__mstar.csv,digits_pca16|1|pre_none_off,mean_acc,0.6368870359436054,0.6368870359436054,1
t6_baselines/per_seed_metrics__mstar.csv,digits_pca16|1|pre_none_off,worst_acc,0.40555555555555556,0.40555555555555556,1
t6_baselines/per_seed_metrics__mstar.csv,digits_pca16|1|pre_footprint_off,min_dist,3.2722037118773106,3.2722037118773106,1
t6_baselines/per_seed_metrics__mstar.csv,digits_pca16|1|pre_footprint_off,mean_acc,0.7084137537806704,0.7084137537806704,1
t6_baselines/per_seed_metrics__mstar.csv,digits_pca16|1|pre_footprint_off,worst_acc,0.45555555555555555,0.45555555555555555,1
t6_baselines/per_seed_metrics__mstar.csv,digits_pca32|0|post_none_off,min_dist,2.109421010352554,2.109421010352554,1
t6_baselines/per_seed_metrics__mstar.csv,digits_pca32|0|post_none_off,mean_acc,0.35566464554347565,0.35566464554347565,1
t6_baselines/per_seed_metrics__mstar.csv,digits_pca32|0|post_none_off,worst_acc,0.28888888888888886,0.28888888888888886,1
t6_baselines/per_seed_metrics__mstar.csv,digits_pca32|0|post_footprint_on,min_dist,2.6206612656634913,2.6206612656634913,1
t6_baselines/per_seed_metrics__mstar.csv,digits_pca32|0|post_footprint_on,mean_acc,0.5878766796228723,0.5878766796228723,1
t6_baselines/per_seed_metrics__mstar.csv,digits_pca32|0|post_footprint_on,worst_acc,0.4222222222222222,0.4222222222222222,1
t6_baselines/per_seed_metrics__mstar.csv,digits_pca32|0|pre_none_off,min_dist,2.2915234387355534,2.2915234387355534,1
t6_baselines/per_seed_metrics__mstar.csv,digits_pca32|0|pre_none_off,mean_acc,0.512123116496828,0.512123116496828,1
t6_baselines/per_seed_metrics__mstar.csv,digits_pca32|0|pre_none_off,worst_acc,0.37222222222222223,0.37222222222222223,1
t6_baselines/per_seed_metrics__mstar.csv,digits_pca32|0|pre_footprint_off,min_dist,3.08671175020861,3.08671175020861,1
t6_baselines/per_seed_metrics__mstar.csv,digits_pca32|0|pre_footprint_off,mean_acc,0.6739046080525297,0.6739046080525297,1
t6_baselines/per_seed_metrics__mstar.csv,digits_pca32|0|pre_footprint_off,worst_acc,0.5611111111111111,0.5611111111111111,1
t6_baselines/per_seed_metrics__mstar.csv,digits_pca32|1|post_none_off,min_dist,1.9795320068926878,1.9795320068926878,1
t6_baselines/per_seed_metrics__mstar.csv,digits_pca32|1|post_none_off,mean_acc,0.3931568230855037,0.3931568230855037,1
t6_baselines/per_seed_metrics__mstar.csv,digits_pca32|1|post_none_off,worst_acc,0.3,0.3,1
t6_baselines/per_seed_metrics__mstar.csv,digits_pca32|1|post_footprint_on,min_dist,2.678861605949988,2.678861605949988,1
t6_baselines/per_seed_metrics__mstar.csv,digits_pca32|1|post_footprint_on,mean_acc,0.5884145514491058,0.5884145514491058,1
t6_baselines/per_seed_metrics__mstar.csv,digits_pca32|1|post_footprint_on,worst_acc,0.47802197802197804,0.47802197802197804,1
t6_baselines/per_seed_metrics__mstar.csv,digits_pca32|1|pre_none_off,min_dist,2.3841687763231083,2.3841687763231083,1
t6_baselines/per_seed_metrics__mstar.csv,digits_pca32|1|pre_none_off,mean_acc,0.534590432119784,0.534590432119784,1
t6_baselines/per_seed_metrics__mstar.csv,digits_pca32|1|pre_none_off,worst_acc,0.3502824858757062,0.3502824858757062,1
t6_baselines/per_seed_metrics__mstar.csv,digits_pca32|1|pre_footprint_off,min_dist,3.2930619329689867,3.2930619329689867,1
t6_baselines/per_seed_metrics__mstar.csv,digits_pca32|1|pre_footprint_off,mean_acc,0.6811752624330645,0.6811752624330645,1
t6_baselines/per_seed_metrics__mstar.csv,digits_pca32|1|pre_footprint_off,worst_acc,0.4388888888888889,0.4388888888888889,1
t6_baselines/per_seed_metrics__mstar.csv,letter|0|post_none_off,min_dist,1.5131617355407307,1.5131617355407307,1
t6_baselines/per_seed_metrics__mstar.csv,letter|0|post_none_off,mean_acc,0.2517075263084012,0.2517075263084012,1
t6_baselines/per_seed_metrics__mstar.csv,letter|0|post_none_off,worst_acc,0.20266990291262135,0.20266990291262135,1
t6_baselines/per_seed_metrics__mstar.csv,letter|0|post_footprint_on,min_dist,1.6586702200433148,1.6586702200433148,1
t6_baselines/per_seed_metrics__mstar.csv,letter|0|post_footprint_on,mean_acc,0.2641150126569396,0.2641150126569396,1
t6_baselines/per_seed_metrics__mstar.csv,letter|0|post_footprint_on,worst_acc,0.22694174757281554,0.22694174757281554,1
t6_baselines/per_seed_metrics__mstar.csv,letter|0|pre_none_off,min_dist,1.658433327824518,1.658433327824518,1
t6_baselines/per_seed_metrics__mstar.csv,letter|0|pre_none_off,mean_acc,0.27275560175601943,0.27275560175601943,1
t6_baselines/per_seed_metrics__mstar.csv,letter|0|pre_none_off,worst_acc,0.22148058252427186,0.22148058252427186,1
t6_baselines/per_seed_metrics__mstar.csv,letter|0|pre_footprint_off,min_dist,2.19934014072372,2.19934014072372,1
t6_baselines/per_seed_metrics__mstar.csv,letter|0|pre_footprint_off,mean_acc,0.3044524572794462,0.3044524572794462,1
t6_baselines/per_seed_metrics__mstar.csv,letter|0|pre_footprint_off,worst_acc,0.2466097438473129,0.2466097438473129,1
t6_baselines/per_seed_metrics__mstar.csv,letter|1|post_none_off,min_dist,1.409061903351329,1.409061903351329,1
t6_baselines/per_seed_metrics__mstar.csv,letter|1|post_none_off,mean_acc,0.25113155685251065,0.25113155685251065,1
t6_baselines/per_seed_metrics__mstar.csv,letter|1|post_none_off,worst_acc,0.21844660194174756,0.21844660194174756,1
t6_baselines/per_seed_metrics__mstar.csv,letter|1|post_footprint_on,min_dist,1.947765933800739,1.947765933800739,1
t6_baselines/per_seed_metrics__mstar.csv,letter|1|post_footprint_on,mean_acc,0.27982853878896036,0.27982853878896036,1
t6_baselines/per_seed_metrics__mstar.csv,letter|1|post_footprint_on,worst_acc,0.21298543689320387,0.21298543689320387,1
t6_baselines/per_seed_metrics__mstar.csv,letter|1|pre_none_off,min_dist,1.7543638811217075,1.7543638811217075,1
t6_baselines/per_seed_metrics__mstar.csv,letter|1|pre_none_off,mean_acc,0.29429847633291895,0.29429847633291895,1
t6_baselines/per_seed_metrics__mstar.csv,letter|1|pre_none_off,worst_acc,0.20934466019417475,0.20934466019417475,1
t6_baselines/per_seed_metrics__mstar.csv,letter|1|pre_footprint_off,min_dist,2.114417061812493,2.114417061812493,1
t6_baselines/per_seed_metrics__mstar.csv,letter|1|pre_footprint_off,mean_acc,0.30413782156613556,0.30413782156613556,1
t6_baselines/per_seed_metrics__mstar.csv,letter|1|pre_footprint_off,worst_acc,0.21844660194174756,0.21844660194174756,1
t6_baselines/per_seed_metrics__mstar.csv,mnist784_pca32 (20c)|0|post_none_off,min_dist,2.1112493068812874,2.1112493068812874,1
t6_baselines/per_seed_metrics__mstar.csv,mnist784_pca32 (20c)|0|post_none_off,mean_acc,0.41317032292747297,0.41317032292747297,1
t6_baselines/per_seed_metrics__mstar.csv,mnist784_pca32 (20c)|0|post_none_off,worst_acc,0.31410825199645076,0.31410825199645076,1
t6_baselines/per_seed_metrics__mstar.csv,mnist784_pca32 (20c)|0|post_footprint_on,min_dist,2.0221570724672207,2.0221570724672207,1
t6_baselines/per_seed_metrics__mstar.csv,mnist784_pca32 (20c)|0|post_footprint_on,mean_acc,0.4847250891154354,0.4847250891154354,1
t6_baselines/per_seed_metrics__mstar.csv,mnist784_pca32 (20c)|0|post_footprint_on,worst_acc,0.3448683821354629,0.3448683821354629,1
t6_baselines/per_seed_metrics__mstar.csv,mnist784_pca32 (20c)|0|pre_none_off,min_dist,2.3004396929456523,2.3004396929456523,1
t6_baselines/per_seed_metrics__mstar.csv,mnist784_pca32 (20c)|0|pre_none_off,mean_acc,0.4773586400687935,0.4773586400687935,1
t6_baselines/per_seed_metrics__mstar.csv,mnist784_pca32 (20c)|0|pre_none_off,worst_acc,0.39662084765177547,0.39662084765177547,1
t6_baselines/per_seed_metrics__mstar.csv,mnist784_pca32 (20c)|0|pre_footprint_off,min_dist,2.442036178434035,2.442036178434035,1
t6_baselines/per_seed_metrics__mstar.csv,mnist784_pca32 (20c)|0|pre_footprint_off,mean_acc,0.5040014321506049,0.5040014321506049,1
t6_baselines/per_seed_metrics__mstar.csv,mnist784_pca32 (20c)|0|pre_footprint_off,worst_acc,0.41957470010905124,0.41957470010905124,1
t6_baselines/per_seed_metrics__mstar.csv,mnist784_pca32 (20c)|1|post_none_off,min_dist,1.9388635353043377,1.9388635353043377,1
t6_baselines/per_seed_metrics__mstar.csv,mnist784_pca32 (20c)|1|post_none_off,mean_acc,0.3985268059136483,0.3985268059136483,1
t6_baselines/per_seed_metrics__mstar.csv,mnist784_pca32 (20c)|1|post_none_off,worst_acc,0.3138602520045819,0.3138602520045819,1
t6_baselines/per_seed_metrics__mstar.csv,mnist784_pca32 (20c)|1|post_footprint_on,min_dist,1.7537453835682988,1.7537453835682988,1
t6_baselines/per_seed_metrics__mstar.csv,mnist784_pca32 (20c)|1|post_footprint_on,mean_acc,0.5293017734118943,0.5293017734118943,1
t6_baselines/per_seed_metrics__mstar.csv,mnist784_pca32 (20c)|1|post_footprint_on,worst_acc,0.4473539140022051,0.4473539140022051,1
t6_baselines/per_seed_metrics__mstar.csv,mnist784_pca32 (20c)|1|pre_none_off,min_dist,2.366987272817555,2.366987272817555,1
t6_baselines/per_seed_metrics__mstar.csv,mnist784_pca32 (20c)|1|pre_none_off,mean_acc,0.47208249761652155,0.47208249761652155,1
t6_baselines/per_seed_metrics__mstar.csv,mnist784_pca32 (20c)|1|pre_none_off,worst_acc,0.4032983508245877,0.4032983508245877,1
t6_baselines/per_seed_metrics__mstar.csv,mnist784_pca32 (20c)|1|pre_footprint_off,min_dist,2.7794346564516412,2.7794346564516412,1
t6_baselines/per_seed_metrics__mstar.csv,mnist784_pca32 (20c)|1|pre_footprint_off,mean_acc,0.5468521756472478,0.5468521756472478,1
t6_baselines/per_seed_metrics__mstar.csv,mnist784_pca32 (20c)|1|pre_footprint_off,worst_acc,0.4796030871003308,0.4796030871003308,1
t6_baselines/per_seed_metrics__mstar.csv,mnist784_pca32 (50c)|0|post_none_off,min_dist,2.0809326529531487,2.0809326529531487,1
t6_baselines/per_seed_metrics__mstar.csv,mnist784_pca32 (50c)|0|post_none_off,mean_acc,0.40006127220070853,0.40006127220070853,1
t6_baselines/per_seed_metrics__mstar.csv,mnist784_pca32 (50c)|0|post_none_off,worst_acc,0.34082668600435095,0.34082668600435095,1
t6_baselines/per_seed_metrics__mstar.csv,mnist784_pca32 (50c)|0|post_footprint_on,min_dist,2.4642146140199936,2.4642146140199936,1
t6_baselines/per_seed_metrics__mstar.csv,mnist784_pca32 (50c)|0|post_footprint_on,mean_acc,0.4918176527383373,0.4918176527383373,1
t6_baselines/per_seed_metrics__mstar.csv,mnist784_pca32 (50c)|0|post_footprint_on,worst_acc,0.3868343195266272,0.3868343195266272,1
t6_baselines/per_seed_metrics__mstar.csv,mnist784_pca32 (50c)|0|pre_none_off,min_dist,2.25837402169921,2.25837402169921,1
t6_baselines/per_seed_metrics__mstar.csv,mnist784_pca32 (50c)|0|pre_none_off,mean_acc,0.5163499777184871,0.5163499777184871,1
t6_baselines/per_seed_metrics__mstar.csv,mnist784_pca32 (50c)|0|pre_none_off,worst_acc,0.4560117302052786,0.4560117302052786,1
t6_baselines/per_seed_metrics__mstar.csv,mnist784_pca32 (50c)|0|pre_footprint_off,min_dist,2.389488216993811,2.389488216993811,1
t6_baselines/per_seed_metrics__mstar.csv,mnist784_pca32 (50c)|0|pre_footprint_off,mean_acc,0.5983653430780049,0.5983653430780049,1
t6_baselines/per_seed_metrics__mstar.csv,mnist784_pca32 (50c)|0|pre_footprint_off,worst_acc,0.45652173913043476,0.45652173913043476,1
t6_baselines/per_seed_metrics__mstar.csv,mnist784_pca32 (50c)|1|post_none_off,min_dist,2.0847374691459293,2.0847374691459293,1
t6_baselines/per_seed_metrics__mstar.csv,mnist784_pca32 (50c)|1|post_none_off,mean_acc,0.4035260369124781,0.4035260369124781,1
t6_baselines/per_seed_metrics__mstar.csv,mnist784_pca32 (50c)|1|post_none_off,worst_acc,0.3386511965192168,0.3386511965192168,1
t6_baselines/per_seed_metrics__mstar.csv,mnist784_pca32 (50c)|1|post_footprint_on,min_dist,2.233107579586433,2.233107579586433,1
t6_baselines/per_seed_metrics__mstar.csv,mnist784_pca32 (50c)|1|post_footprint_on,mean_acc,0.45153361004875514,0.45153361004875514,1
t6_baselines/per_seed_metrics__mstar.csv,mnist784_pca32 (50c)|1|post_footprint_on,worst_acc,0.35502958579881655,0.35502958579881655,1
t6_baselines/per_seed_metrics__mstar.csv,mnist784_pca32 (50c)|1|pre_none_off,min_dist,2.2694308626185853,2.2694308626185853,1
t6_baselines/per_seed_metrics__mstar.csv,mnist784_pca32 (50c)|1|pre_none_off,mean_acc,0.4760621666882042,0.4760621666882042,1
t6_baselines/per_seed_metrics__mstar.csv,mnist784_pca32 (50c)|1|pre_none_off,worst_acc,0.41517537580529706,0.41517537580529706,1
t6_baselines/per_seed_metrics__mstar.csv,mnist784_pca32 (50c)|1|pre_footprint_off,min_dist,2.528842803491617,2.528842803491617,1
t6_baselines/per_seed_metrics__mstar.csv,mnist784_pca32 (50c)|1|pre_footprint_off,mean_acc,0.5206779322764732,0.5206779322764732,1
t6_baselines/per_seed_metrics__mstar.csv,mnist784_pca32 (50c)|1|pre_footprint_off,worst_acc,0.44380816034359344,0.44380816034359344,1
