criterion,dataset,action,value,regret,n_substituted,best,variant,block
mean_acc,cluster_skew_hard,"F-FCM (post_none_off, L=5)",0.871875,0.12812500000000004,0,0,T10,s10-29
mean_acc,cluster_skew_hard,GF-PFedFCM (L=5),1.0,0.0,0,1,T10,s10-29
mean_acc,cluster_skew_hard,ungated PRE (L=1),1.0,0.0,0,1,T10,s10-29
mean_acc,cluster_skew_hard,pre_mass_off (L=1),1.0,0.0,0,1,T10,s10-29
mean_acc,cluster_skew_hard,pre_mass_off (L=5),0.9742234848484849,0.025776515151515134,0,0,T10,s10-29
mean_acc,cluster_skew_hard,SC-FFCM (L=5),1.0,0.0,0,1,T10,s10-29
mean_acc,cluster_skew_hard,"SC-FFCM (L=1, R=50)",1.0,0.0,0,1,T10,s10-29
mean_acc,cluster_skew_overlap,"F-FCM (post_none_off, L=5)",0.7143939393939394,0.15242424242424246,0,0,T10,s10-29
mean_acc,cluster_skew_overlap,GF-PFedFCM (L=5),0.8134659090909093,0.0533522727272725,0,0,T10,s10-29
mean_acc,cluster_skew_overlap,ungated PRE (L=1),0.8668181818181818,0.0,0,1,T10,s10-29
mean_acc,cluster_skew_overlap,pre_mass_off (L=1),0.8666856060606062,0.000132575757575637,0,0,T10,s10-29
mean_acc,cluster_skew_overlap,pre_mass_off (L=5),0.8643939393939395,0.002424242424242329,0,0,T10,s10-29
mean_acc,cluster_skew_overlap,SC-FFCM (L=5),0.8668181818181818,0.0,0,1,T10,s10-29
mean_acc,cluster_skew_overlap,"SC-FFCM (L=1, R=50)",0.8668181818181818,0.0,0,1,T10,s10-29
mean_acc,dirichlet_0.03,"F-FCM (post_none_off, L=5)",0.9062121212121212,0.08467803030303023,0,0,T10,s10-29
mean_acc,dirichlet_0.03,GF-PFedFCM (L=5),0.978371212121212,0.012518939393939443,0,0,T10,s10-29
mean_acc,dirichlet_0.03,ungated PRE (L=1),0.9908901515151515,0.0,0,1,T10,s10-29
mean_acc,dirichlet_0.03,pre_mass_off (L=1),0.9898863636363636,0.001003787878787854,0,0,T10,s10-29
mean_acc,dirichlet_0.03,pre_mass_off (L=5),0.9589962121212121,0.03189393939393936,0,0,T10,s10-29
mean_acc,dirichlet_0.03,SC-FFCM (L=5),0.9908522727272727,3.787878787875343e-05,0,0,T10,s10-29
mean_acc,dirichlet_0.03,"SC-FFCM (L=1, R=50)",0.9908522727272727,3.787878787875343e-05,0,0,T10,s10-29
mean_acc,dirichlet_0.1,"F-FCM (post_none_off, L=5)",0.9182954545454545,0.07676136363636354,0,0,T10,s10-29
mean_acc,dirichlet_0.1,GF-PFedFCM (L=5),0.951155303030303,0.04390151515151497,0,0,T10,s10-29
mean_acc,dirichlet_0.1,ungated PRE (L=1),0.995056818181818,0.0,0,1,T10,s10-29
mean_acc,dirichlet_0.1,pre_mass_off (L=1),0.9805681818181817,0.014488636363636287,0,0,T10,s10-29
mean_acc,dirichlet_0.1,pre_mass_off (L=5),0.9634280303030304,0.031628787878787645,0,0,T10,s10-29
mean_acc,dirichlet_0.1,SC-FFCM (L=5),0.9950378787878786,1.8939393939376714e-05,0,0,T10,s10-29
mean_acc,dirichlet_0.1,"SC-FFCM (L=1, R=50)",0.9948674242424242,0.00018939393939376714,0,0,T10,s10-29
mean_acc,overlap_noise,"F-FCM (post_none_off, L=5)",0.8471590909090907,0.050681818181818605,0,0,T10,s10-29
mean_acc,overlap_noise,GF-PFedFCM (L=5),0.8892424242424243,0.008598484848485022,0,0,T10,s10-29
mean_acc,overlap_noise,ungated PRE (L=1),0.8978409090909093,0.0,0,1,T10,s10-29
mean_acc,overlap_noise,pre_mass_off (L=1),0.89,0.007840909090909287,0,0,T10,s10-29
mean_acc,overlap_noise,pre_mass_off (L=5),0.8853030303030301,0.012537878787879153,0,0,T10,s10-29
mean_acc,overlap_noise,SC-FFCM (L=5),0.895378787878788,0.0024621212121213043,0,0,T10,s10-29
mean_acc,overlap_noise,"SC-FFCM (L=1, R=50)",0.8940719696969698,0.003768939393939519,0,0,T10,s10-29
mean_acc,quantity_skew_extreme,"F-FCM (post_none_off, L=5)",0.8738538399645229,0.12614616003547707,0,0,T10,s10-29
mean_acc,quantity_skew_extreme,GF-PFedFCM (L=5),0.8737912340215415,0.12620876597845854,0,0,T10,s10-29
mean_acc,quantity_skew_extreme,ungated PRE (L=1),0.9299452678058003,0.07005473219419966,0,0,T10,s10-29
mean_acc,quantity_skew_extreme,pre_mass_off (L=1),0.9195045210482073,0.08049547895179265,0,0,T10,s10-29
mean_acc,quantity_skew_extreme,pre_mass_off (L=5),0.8791122595252366,0.12088774047476336,0,0,T10,s10-29
mean_acc,quantity_skew_extreme,SC-FFCM (L=5),1.0,0.0,0,1,T10,s10-29
mean_acc,quantity_skew_extreme,"SC-FFCM (L=1, R=50)",1.0,0.0,0,1,T10,s10-29
mean_acc,wine,"F-FCM (post_none_off, L=5)",0.9243542311661507,0.045272811317509265,0,0,T10,s10-29
mean_acc,wine,GF-PFedFCM (L=5),0.9282457645338835,0.04138127794977642,0,0,T10,s10-29
mean_acc,wine,ungated PRE (L=1),0.9636959064327486,0.005931136050911334,0,0,T10,s10-29
mean_acc,wine,pre_mass_off (L=1),0.9694576023391811,0.00016944014447883848,0,0,T10,s10-29
mean_acc,wine,pre_mass_off (L=5),0.9696270424836599,0.0,0,1,T10,s10-29
mean_acc,wine,SC-FFCM (L=5),0.9615260577915375,0.008100984692122393,0,0,T10,s10-29
mean_acc,wine,"SC-FFCM (L=1, R=50)",0.9607073443412452,0.008919698142414778,0,0,T10,s10-29
mean_acc,satimage,"F-FCM (post_none_off, L=5)",0.69411916760414,0.02692781811914058,0,0,T10,s10-29
mean_acc,satimage,GF-PFedFCM (L=5),0.6644497085568932,0.056597277166387405,0,0,T10,s10-29
mean_acc,satimage,ungated PRE (L=1),0.7106466823142668,0.010400303409013878,0,0,T10,s10-29
mean_acc,satimage,pre_mass_off (L=1),0.6848725838952575,0.03617440182802312,0,0,T10,s10-29
mean_acc,satimage,pre_mass_off (L=5),0.6605487500920139,0.06049823563126677,0,0,T10,s10-29
mean_acc,satimage,SC-FFCM (L=5),0.7210469857232806,0.0,0,1,T10,s10-29
mean_acc,satimage,"SC-FFCM (L=1, R=50)",0.7202691952700652,0.0007777904532154656,0,0,T10,s10-29
mean_acc,pendigits,"F-FCM (post_none_off, L=5)",0.5161202690857054,0.23234857839957623,0,0,T10,s10-29
mean_acc,pendigits,GF-PFedFCM (L=5),0.639643255134504,0.1088255923507776,0,0,T10,s10-29
mean_acc,pendigits,ungated PRE (L=1),0.7482622675543917,0.00020657993088990523,0,0,T10,s10-29
mean_acc,pendigits,pre_mass_off (L=1),0.7408695967752778,0.007599250710003891,0,0,T10,s10-29
mean_acc,pendigits,pre_mass_off (L=5),0.658257809275727,0.09021103820955467,0,0,T10,s10-29
mean_acc,pendigits,SC-FFCM (L=5),0.7484688474852816,0.0,0,1,T10,s10-29
mean_acc,pendigits,"SC-FFCM (L=1, R=50)",0.7370540726294083,0.011414774855873389,0,0,T10,s10-29
mean_acc,digits_pca16,"F-FCM (post_none_off, L=5)",0.4049776473093248,0.3598973454411523,0,0,T10,s10-29
mean_acc,digits_pca16,GF-PFedFCM (L=5),0.6044629823267452,0.16041201042373188,0,0,T10,s10-29
mean_acc,digits_pca16,ungated PRE (L=1),0.7648749927504771,0.0,0,1,T10,s10-29
mean_acc,digits_pca16,pre_mass_off (L=1),0.7625767632561931,0.002298229494284043,0,0,T10,s10-29
mean_acc,digits_pca16,pre_mass_off (L=5),0.6696486401728226,0.09522635257765455,0,0,T10,s10-29
mean_acc,digits_pca16,SC-FFCM (L=5),0.7613796430695684,0.0034953496809086992,0,0,T10,s10-29
mean_acc,digits_pca16,"SC-FFCM (L=1, R=50)",0.7646709479610435,0.0002040447894335884,0,0,T10,s10-29
mean_acc,digits_pca32,"F-FCM (post_none_off, L=5)",0.3686992721404384,0.43465735077603673,0,0,T10,s10-29
mean_acc,digits_pca32,GF-PFedFCM (L=5),0.5732395951780748,0.23011702773840037,0,0,T10,s10-29
mean_acc,digits_pca32,ungated PRE (L=1),0.7652243129297139,0.038132309986761204,0,0,T10,s10-29
mean_acc,digits_pca32,pre_mass_off (L=1),0.8033566229164751,0.0,0,1,T10,s10-29
mean_acc,digits_pca32,pre_mass_off (L=5),0.6647084657429736,0.13864815717350154,0,0,T10,s10-29
mean_acc,digits_pca32,SC-FFCM (L=5),0.7491889496677415,0.05416767324873362,0,0,T10,s10-29
mean_acc,digits_pca32,"SC-FFCM (L=1, R=50)",0.7554837507294404,0.04787287218703473,0,0,T10,s10-29
mean_acc,letter,"F-FCM (post_none_off, L=5)",0.26038868808648413,0.06444873078228885,0,0,T10,s10-29
mean_acc,letter,GF-PFedFCM (L=5),0.27384520906686544,0.05099220980190755,0,0,T10,s10-29
mean_acc,letter,ungated PRE (L=1),0.29939200035210045,0.025445418516672536,0,0,T10,s10-29
mean_acc,letter,pre_mass_off (L=1),0.324837418868773,0.0,0,1,T10,s10-29
mean_acc,letter,pre_mass_off (L=5),0.2987797724236575,0.02605764644511549,0,0,T10,s10-29
mean_acc,letter,SC-FFCM (L=5),0.2994969391603151,0.025340479708457875,0,0,T10,s10-29
mean_acc,letter,"SC-FFCM (L=1, R=50)",0.2966516954375312,0.02818572343124176,0,0,T10,s10-29
mean_acc,mnist784_pca32 (20c),"F-FCM (post_none_off, L=5)",0.3983669046139255,0.2211219415833196,0,0,T10,s10-29
mean_acc,mnist784_pca32 (20c),GF-PFedFCM (L=5),0.496167373202918,0.12332147299432711,0,0,T10,s10-29
mean_acc,mnist784_pca32 (20c),ungated PRE (L=1),0.5282543407797461,0.091234505417499,0,0,T10,s10-29
mean_acc,mnist784_pca32 (20c),pre_mass_off (L=1),0.6194888461972451,0.0,0,1,T10,s10-29
mean_acc,mnist784_pca32 (20c),pre_mass_off (L=5),0.5304388329683104,0.08905001322893469,0,0,T10,s10-29
mean_acc,mnist784_pca32 (20c),SC-FFCM (L=5),0.5407070911027623,0.07878175509448282,0,0,T10,s10-29
mean_acc,mnist784_pca32 (20c),"SC-FFCM (L=1, R=50)",0.5508259532702707,0.06866289292697436,0,0,T10,s10-29
mean_acc,mnist784_pca32 (50c),"F-FCM (post_none_off, L=5)",0.4063495614095813,0.22101404015950582,0,0,T10,s10-29
mean_acc,mnist784_pca32 (50c),GF-PFedFCM (L=5),0.4947377924963467,0.1326258090727404,0,0,T10,s10-29
mean_acc,mnist784_pca32 (50c),ungated PRE (L=1),0.5345511646648413,0.09281243690424579,0,0,T10,s10-29
mean_acc,mnist784_pca32 (50c),pre_mass_off (L=1),0.6273636015690871,0.0,0,1,T10,s10-29
mean_acc,mnist784_pca32 (50c),pre_mass_off (L=5),0.5579000228107893,0.06946357875829778,0,0,T10,s10-29
mean_acc,mnist784_pca32 (50c),SC-FFCM (L=5),0.5466794925781937,0.0806841089908934,0,0,T10,s10-29
mean_acc,mnist784_pca32 (50c),"SC-FFCM (L=1, R=50)",0.5505194740854044,0.07684412748368274,0,0,T10,s10-29
worst_acc,cluster_skew_hard,"F-FCM (post_none_off, L=5)",0.6538636363636364,0.3461363636363636,0,0,T10,s10-29
worst_acc,cluster_skew_hard,GF-PFedFCM (L=5),1.0,0.0,0,1,T10,s10-29
worst_acc,cluster_skew_hard,ungated PRE (L=1),1.0,0.0,0,1,T10,s10-29
worst_acc,cluster_skew_hard,pre_mass_off (L=1),1.0,0.0,0,1,T10,s10-29
worst_acc,cluster_skew_hard,pre_mass_off (L=5),0.9311363636363635,0.06886363636363646,0,0,T10,s10-29
worst_acc,cluster_skew_hard,SC-FFCM (L=5),1.0,0.0,0,1,T10,s10-29
worst_acc,cluster_skew_hard,"SC-FFCM (L=1, R=50)",1.0,0.0,0,1,T10,s10-29
worst_acc,cluster_skew_overlap,"F-FCM (post_none_off, L=5)",0.5827272727272728,0.2268181818181818,0,0,T10,s10-29
worst_acc,cluster_skew_overlap,GF-PFedFCM (L=5),0.7168181818181819,0.09272727272727266,0,0,T10,s10-29
worst_acc,cluster_skew_overlap,ungated PRE (L=1),0.8081818181818182,0.0013636363636363447,0,0,T10,s10-29
worst_acc,cluster_skew_overlap,pre_mass_off (L=1),0.8095454545454546,0.0,0,1,T10,s10-29
worst_acc,cluster_skew_overlap,pre_mass_off (L=5),0.7993181818181817,0.010227272727272863,0,0,T10,s10-29
worst_acc,cluster_skew_overlap,SC-FFCM (L=5),0.8081818181818182,0.0013636363636363447,0,0,T10,s10-29
worst_acc,cluster_skew_overlap,"SC-FFCM (L=1, R=50)",0.8081818181818182,0.0013636363636363447,0,0,T10,s10-29
worst_acc,dirichlet_0.03,"F-FCM (post_none_off, L=5)",0.7361363636363638,0.2402272727272725,0,0,T10,s10-29
worst_acc,dirichlet_0.03,GF-PFedFCM (L=5),0.9518181818181818,0.024545454545454537,0,0,T10,s10-29
worst_acc,dirichlet_0.03,ungated PRE (L=1),0.9763636363636363,0.0,0,1,T10,s10-29
worst_acc,dirichlet_0.03,pre_mass_off (L=1),0.9754545454545454,0.0009090909090909705,0,0,T10,s10-29
worst_acc,dirichlet_0.03,pre_mass_off (L=5),0.9020454545454545,0.07431818181818184,0,0,T10,s10-29
worst_acc,dirichlet_0.03,SC-FFCM (L=5),0.975909090909091,0.0004545454545453742,0,0,T10,s10-29
worst_acc,dirichlet_0.03,"SC-FFCM (L=1, R=50)",0.975909090909091,0.0004545454545453742,0,0,T10,s10-29
worst_acc,dirichlet_0.1,"F-FCM (post_none_off, L=5)",0.7240909090909091,0.26181818181818184,0,0,T10,s10-29
worst_acc,dirichlet_0.1,GF-PFedFCM (L=5),0.8829545454545455,0.10295454545454541,0,0,T10,s10-29
worst_acc,dirichlet_0.1,ungated PRE (L=1),0.985909090909091,0.0,0,1,T10,s10-29
worst_acc,dirichlet_0.1,pre_mass_off (L=1),0.9452272727272728,0.04068181818181815,0,0,T10,s10-29
worst_acc,dirichlet_0.1,pre_mass_off (L=5),0.9065909090909091,0.07931818181818184,0,0,T10,s10-29
worst_acc,dirichlet_0.1,SC-FFCM (L=5),0.985909090909091,0.0,0,1,T10,s10-29
worst_acc,dirichlet_0.1,"SC-FFCM (L=1, R=50)",0.9854545454545456,0.0004545454545453742,0,0,T10,s10-29
worst_acc,overlap_noise,"F-FCM (post_none_off, L=5)",0.7797727272727274,0.0840909090909091,0,0,T10,s10-29
worst_acc,overlap_noise,GF-PFedFCM (L=5),0.8474999999999999,0.01636363636363658,0,0,T10,s10-29
worst_acc,overlap_noise,ungated PRE (L=1),0.8638636363636365,0.0,0,1,T10,s10-29
worst_acc,overlap_noise,pre_mass_off (L=1),0.8461363636363636,0.017727272727272925,0,0,T10,s10-29
worst_acc,overlap_noise,pre_mass_off (L=5),0.8415909090909091,0.022272727272727444,0,0,T10,s10-29
worst_acc,overlap_noise,SC-FFCM (L=5),0.8590909090909093,0.004772727272727151,0,0,T10,s10-29
worst_acc,overlap_noise,"SC-FFCM (L=1, R=50)",0.8572727272727274,0.006590909090909092,0,0,T10,s10-29
worst_acc,quantity_skew_extreme,"F-FCM (post_none_off, L=5)",0.6851408430504711,0.31485915694952893,0,0,T10,s10-29
worst_acc,quantity_skew_extreme,GF-PFedFCM (L=5),0.6554612662793625,0.3445387337206375,0,0,T10,s10-29
worst_acc,quantity_skew_extreme,ungated PRE (L=1),0.82816186449525,0.17183813550475002,0,0,T10,s10-29
worst_acc,quantity_skew_extreme,pre_mass_off (L=1),0.810745822600885,0.189254177399115,0,0,T10,s10-29
worst_acc,quantity_skew_extreme,pre_mass_off (L=5),0.727930628432462,0.27206937156753797,0,0,T10,s10-29
worst_acc,quantity_skew_extreme,SC-FFCM (L=5),1.0,0.0,0,1,T10,s10-29
worst_acc,quantity_skew_extreme,"SC-FFCM (L=1, R=50)",1.0,0.0,0,1,T10,s10-29
worst_acc,wine,"F-FCM (post_none_off, L=5)",0.8074561403508772,0.08842105263157884,0,0,T10,s10-29
worst_acc,wine,GF-PFedFCM (L=5),0.8243347953216376,0.07154239766081849,0,0,T10,s10-29
worst_acc,wine,ungated PRE (L=1),0.876125730994152,0.01975146198830402,0,0,T10,s10-29
worst_acc,wine,pre_mass_off (L=1),0.8877923976608187,0.008084795321637306,0,0,T10,s10-29
worst_acc,wine,pre_mass_off (L=5),0.895877192982456,0.0,0,1,T10,s10-29
worst_acc,wine,SC-FFCM (L=5),0.8711257309941521,0.024751461988303913,0,0,T10,s10-29
worst_acc,wine,"SC-FFCM (L=1, R=50)",0.8683479532163743,0.027529239766081792,0,0,T10,s10-29
worst_acc,satimage,"F-FCM (post_none_off, L=5)",0.5285386984205258,0.08237177945124863,0,0,T10,s10-29
worst_acc,satimage,GF-PFedFCM (L=5),0.4880129795808645,0.12289749829090996,0,0,T10,s10-29
worst_acc,satimage,ungated PRE (L=1),0.5562603611943355,0.05465011667743891,0,0,T10,s10-29
worst_acc,satimage,pre_mass_off (L=1),0.48622790076107114,0.1246825771107033,0,0,T10,s10-29
worst_acc,satimage,pre_mass_off (L=5),0.47416959933878766,0.13674087853298678,0,0,T10,s10-29
worst_acc,satimage,SC-FFCM (L=5),0.6091428717156865,0.001767606156087953,0,0,T10,s10-29
worst_acc,satimage,"SC-FFCM (L=1, R=50)",0.6109104778717744,0.0,0,1,T10,s10-29
worst_acc,pendigits,"F-FCM (post_none_off, L=5)",0.4451494294896866,0.1441955889604979,0,0,T10,s10-29
worst_acc,pendigits,GF-PFedFCM (L=5),0.5075576554294161,0.08178736302076839,0,0,T10,s10-29
worst_acc,pendigits,ungated PRE (L=1),0.5893450184501845,0.0,0,1,T10,s10-29
worst_acc,pendigits,pre_mass_off (L=1),0.5772916914653018,0.012053326984882706,0,0,T10,s10-29
worst_acc,pendigits,pre_mass_off (L=5),0.5182938229268013,0.07105119552338324,0,0,T10,s10-29
worst_acc,pendigits,SC-FFCM (L=5),0.5703874538745388,0.01895756457564568,0,0,T10,s10-29
worst_acc,pendigits,"SC-FFCM (L=1, R=50)",0.578615555971228,0.010729462478956453,0,0,T10,s10-29
worst_acc,digits_pca16,"F-FCM (post_none_off, L=5)",0.30784609540784497,0.2385879484202667,0,0,T10,s10-29
worst_acc,digits_pca16,GF-PFedFCM (L=5),0.4429158993247391,0.10351814450337254,0,0,T10,s10-29
worst_acc,digits_pca16,ungated PRE (L=1),0.5430037664783427,0.003430277349768973,0,0,T10,s10-29
worst_acc,digits_pca16,pre_mass_off (L=1),0.5389066789265193,0.007527364901592337,0,0,T10,s10-29
worst_acc,digits_pca16,pre_mass_off (L=5),0.4561794667723092,0.09025457705580248,0,0,T10,s10-29
worst_acc,digits_pca16,SC-FFCM (L=5),0.5297222222222222,0.016711821605889465,0,0,T10,s10-29
worst_acc,digits_pca16,"SC-FFCM (L=1, R=50)",0.5464340438281117,0.0,0,1,T10,s10-29
worst_acc,digits_pca32,"F-FCM (post_none_off, L=5)",0.28890715086042174,0.2594758315056116,0,0,T10,s10-29
worst_acc,digits_pca32,GF-PFedFCM (L=5),0.40753443619647056,0.14084854616956277,0,0,T10,s10-29
worst_acc,digits_pca32,ungated PRE (L=1),0.5483829823660333,0.0,0,1,T10,s10-29
worst_acc,digits_pca32,pre_mass_off (L=1),0.5319396293442903,0.016443353021743046,0,0,T10,s10-29
worst_acc,digits_pca32,pre_mass_off (L=5),0.46526836158192086,0.08311462078411247,0,0,T10,s10-29
worst_acc,digits_pca32,SC-FFCM (L=5),0.5368456496422598,0.011537332723773552,0,0,T10,s10-29
worst_acc,digits_pca32,"SC-FFCM (L=1, R=50)",0.5313385925222824,0.017044389843750896,0,0,T10,s10-29
worst_acc,letter,"F-FCM (post_none_off, L=5)",0.2161414164770404,0.016815536656721725,0,0,T10,s10-29
worst_acc,letter,GF-PFedFCM (L=5),0.22148058252427183,0.011476370609490305,0,0,T10,s10-29
worst_acc,letter,ungated PRE (L=1),0.1912924757281553,0.04166447740560683,0,0,T10,s10-29
worst_acc,letter,pre_mass_off (L=1),0.2129854368932039,0.019971516240558235,0,0,T10,s10-29
worst_acc,letter,pre_mass_off (L=5),0.23295695313376213,0.0,0,1,T10,s10-29
worst_acc,letter,SC-FFCM (L=5),0.19975559912423954,0.03320135400952259,0,0,T10,s10-29
worst_acc,letter,"SC-FFCM (L=1, R=50)",0.20249561844849046,0.03046133468527168,0,0,T10,s10-29
worst_acc,mnist784_pca32 (20c),"F-FCM (post_none_off, L=5)",0.3286948799458985,0.17915151327047651,0,0,T10,s10-29
worst_acc,mnist784_pca32 (20c),GF-PFedFCM (L=5),0.3962873144299686,0.11155907878640642,0,0,T10,s10-29
worst_acc,mnist784_pca32 (20c),ungated PRE (L=1),0.43573820580199485,0.07210818741438019,0,0,T10,s10-29
worst_acc,mnist784_pca32 (20c),pre_mass_off (L=1),0.507846393216375,0.0,0,1,T10,s10-29
worst_acc,mnist784_pca32 (20c),pre_mass_off (L=5),0.44359482011451545,0.06425157310185958,0,0,T10,s10-29
worst_acc,mnist784_pca32 (20c),SC-FFCM (L=5),0.4476496270157903,0.06019676620058473,0,0,T10,s10-29
worst_acc,mnist784_pca32 (20c),"SC-FFCM (L=1, R=50)",0.4561487824653902,0.051697610750984835,0,0,T10,s10-29
worst_acc,mnist784_pca32 (50c),"F-FCM (post_none_off, L=5)",0.32762752242661936,0.16619089508378726,0,0,T10,s10-29
worst_acc,mnist784_pca32 (50c),GF-PFedFCM (L=5),0.3843622197816148,0.10945619772879184,0,0,T10,s10-29
worst_acc,mnist784_pca32 (50c),ungated PRE (L=1),0.4291496829617409,0.06466873454866573,0,0,T10,s10-29
worst_acc,mnist784_pca32 (50c),pre_mass_off (L=1),0.4938184175104066,0.0,0,1,T10,s10-29
worst_acc,mnist784_pca32 (50c),pre_mass_off (L=5),0.46146025027903936,0.03235816723136725,0,0,T10,s10-29
worst_acc,mnist784_pca32 (50c),SC-FFCM (L=5),0.45406982982999483,0.039748587680411784,0,0,T10,s10-29
worst_acc,mnist784_pca32 (50c),"SC-FFCM (L=1, R=50)",0.4434890004299274,0.05032941708047922,0,0,T10,s10-29
gacc,cluster_skew_hard,"F-FCM (post_none_off, L=5)",0.7648863636363636,0.23511363636363636,0,0,T10,s10-29
gacc,cluster_skew_hard,GF-PFedFCM (L=5),1.0,0.0,0,1,T10,s10-29
gacc,cluster_skew_hard,ungated PRE (L=1),1.0,0.0,0,1,T10,s10-29
gacc,cluster_skew_hard,pre_mass_off (L=1),1.0,0.0,0,1,T10,s10-29
gacc,cluster_skew_hard,pre_mass_off (L=5),0.9446401515151515,0.05535984848484854,0,0,T10,s10-29
gacc,cluster_skew_hard,SC-FFCM (L=5),1.0,0.0,0,1,T10,s10-29
gacc,cluster_skew_hard,"SC-FFCM (L=1, R=50)",1.0,0.0,0,1,T10,s10-29
gacc,cluster_skew_overlap,"F-FCM (post_none_off, L=5)",0.6856628787878787,0.18115530303030314,0,0,T10,s10-29
gacc,cluster_skew_overlap,GF-PFedFCM (L=5),0.8134659090909091,0.05335227272727272,0,0,T10,s10-29
gacc,cluster_skew_overlap,ungated PRE (L=1),0.8668181818181818,0.0,0,1,T10,s10-29
gacc,cluster_skew_overlap,pre_mass_off (L=1),0.866685606060606,0.00013257575757585904,0,0,T10,s10-29
gacc,cluster_skew_overlap,pre_mass_off (L=5),0.8643939393939395,0.002424242424242329,0,0,T10,s10-29
gacc,cluster_skew_overlap,SC-FFCM (L=5),0.8668181818181818,0.0,0,1,T10,s10-29
gacc,cluster_skew_overlap,"SC-FFCM (L=1, R=50)",0.8668181818181818,0.0,0,1,T10,s10-29
gacc,dirichlet_0.03,"F-FCM (post_none_off, L=5)",0.7898295454545454,0.20089015151515144,0,0,T10,s10-29
gacc,dirichlet_0.03,GF-PFedFCM (L=5),0.9765151515151516,0.014204545454545303,0,0,T10,s10-29
gacc,dirichlet_0.03,ungated PRE (L=1),0.9907196969696969,0.0,0,1,T10,s10-29
gacc,dirichlet_0.03,pre_mass_off (L=1),0.9889015151515151,0.0018181818181817189,0,0,T10,s10-29
gacc,dirichlet_0.03,pre_mass_off (L=5),0.9396969696969697,0.051022727272727164,0,0,T10,s10-29
gacc,dirichlet_0.03,SC-FFCM (L=5),0.9906818181818181,3.787878787875343e-05,0,0,T10,s10-29
gacc,dirichlet_0.03,"SC-FFCM (L=1, R=50)",0.9906818181818181,3.787878787875343e-05,0,0,T10,s10-29
gacc,dirichlet_0.1,"F-FCM (post_none_off, L=5)",0.8722537878787879,0.12128787878787872,0,0,T10,s10-29
gacc,dirichlet_0.1,GF-PFedFCM (L=5),0.9386174242424243,0.05492424242424232,0,0,T10,s10-29
gacc,dirichlet_0.1,ungated PRE (L=1),0.9935416666666667,0.0,0,1,T10,s10-29
gacc,dirichlet_0.1,pre_mass_off (L=1),0.9789583333333333,0.014583333333333393,0,0,T10,s10-29
gacc,dirichlet_0.1,pre_mass_off (L=5),0.9589772727272727,0.03456439393939392,0,0,T10,s10-29
gacc,dirichlet_0.1,SC-FFCM (L=5),0.9935227272727273,1.8939393939376714e-05,0,0,T10,s10-29
gacc,dirichlet_0.1,"SC-FFCM (L=1, R=50)",0.9933522727272728,0.00018939393939387816,0,0,T10,s10-29
gacc,overlap_noise,"F-FCM (post_none_off, L=5)",0.8463636363636363,0.05147727272727298,0,0,T10,s10-29
gacc,overlap_noise,GF-PFedFCM (L=5),0.8868750000000001,0.01096590909090922,0,0,T10,s10-29
gacc,overlap_noise,ungated PRE (L=1),0.8978409090909093,0.0,0,1,T10,s10-29
gacc,overlap_noise,pre_mass_off (L=1),0.8876136363636364,0.010227272727272863,0,0,T10,s10-29
gacc,overlap_noise,pre_mass_off (L=5),0.8736363636363634,0.024204545454545867,0,0,T10,s10-29
gacc,overlap_noise,SC-FFCM (L=5),0.895378787878788,0.0024621212121213043,0,0,T10,s10-29
gacc,overlap_noise,"SC-FFCM (L=1, R=50)",0.8940719696969698,0.003768939393939519,0,0,T10,s10-29
gacc,quantity_skew_extreme,"F-FCM (post_none_off, L=5)",0.796103409516673,0.20389659048332698,0,0,T10,s10-29
gacc,quantity_skew_extreme,GF-PFedFCM (L=5),0.7668227800674411,0.2331772199325589,0,0,T10,s10-29
gacc,quantity_skew_extreme,ungated PRE (L=1),0.8785312851255153,0.12146871487448474,0,0,T10,s10-29
gacc,quantity_skew_extreme,pre_mass_off (L=1),0.8684526039715248,0.1315473960284752,0,0,T10,s10-29
gacc,quantity_skew_extreme,pre_mass_off (L=5),0.8142937429748971,0.1857062570251029,0,0,T10,s10-29
gacc,quantity_skew_extreme,SC-FFCM (L=5),1.0,0.0,0,1,T10,s10-29
gacc,quantity_skew_extreme,"SC-FFCM (L=1, R=50)",1.0,0.0,0,1,T10,s10-29
gacc,wine,"F-FCM (post_none_off, L=5)",0.9219101123595506,0.04691011235955034,0,0,T10,s10-29
gacc,wine,GF-PFedFCM (L=5),0.9146067415730338,0.05421348314606711,0,0,T10,s10-29
gacc,wine,ungated PRE (L=1),0.9623595505617976,0.006460674157303337,0,0,T10,s10-29
gacc,wine,pre_mass_off (L=1),0.9682584269662918,0.0005617977528090679,0,0,T10,s10-29
gacc,wine,pre_mass_off (L=5),0.9688202247191009,0.0,0,1,T10,s10-29
gacc,wine,SC-FFCM (L=5),0.9601123595505616,0.008707865168539275,0,0,T10,s10-29
gacc,wine,"SC-FFCM (L=1, R=50)",0.9592696629213482,0.00955056179775271,0,0,T10,s10-29
gacc,satimage,"F-FCM (post_none_off, L=5)",0.6700777604976672,0.034230171073094784,0,0,T10,s10-29
gacc,satimage,GF-PFedFCM (L=5),0.6208786936236392,0.08342923794712276,0,0,T10,s10-29
gacc,satimage,ungated PRE (L=1),0.6815396578538102,0.02276827371695178,0,0,T10,s10-29
gacc,satimage,pre_mass_off (L=1),0.6444479004665631,0.05986003110419891,0,0,T10,s10-29
gacc,satimage,pre_mass_off (L=5),0.6179160186625194,0.08639191290824255,0,0,T10,s10-29
gacc,satimage,SC-FFCM (L=5),0.704307931570762,0.0,0,1,T10,s10-29
gacc,satimage,"SC-FFCM (L=1, R=50)",0.7038646967340589,0.00044323483670305475,0,0,T10,s10-29
gacc,pendigits,"F-FCM (post_none_off, L=5)",0.5031477438136827,0.23634916302765652,0,0,T10,s10-29
gacc,pendigits,GF-PFedFCM (L=5),0.5938955604075691,0.1456013464337701,0,0,T10,s10-29
gacc,pendigits,ungated PRE (L=1),0.7394969068413392,0.0,0,1,T10,s10-29
gacc,pendigits,pre_mass_off (L=1),0.7088973799126638,0.030599526928675402,0,0,T10,s10-29
gacc,pendigits,pre_mass_off (L=5),0.6052856622998545,0.1342112445414847,0,0,T10,s10-29
gacc,pendigits,SC-FFCM (L=5),0.7385507641921398,0.0009461426491993441,0,0,T10,s10-29
gacc,pendigits,"SC-FFCM (L=1, R=50)",0.7140556768558952,0.02544122998544396,0,0,T10,s10-29
gacc,digits_pca16,"F-FCM (post_none_off, L=5)",0.36260434056761265,0.3604340567612688,0,0,T10,s10-29
gacc,digits_pca16,GF-PFedFCM (L=5),0.5309404563160823,0.1920979410127991,0,0,T10,s10-29
gacc,digits_pca16,ungated PRE (L=1),0.7230383973288814,0.0,0,1,T10,s10-29
gacc,digits_pca16,pre_mass_off (L=1),0.7062604340567614,0.01677796327212,0,0,T10,s10-29
gacc,digits_pca16,pre_mass_off (L=5),0.5987757373400112,0.1242626599888702,0,0,T10,s10-29
gacc,digits_pca16,SC-FFCM (L=5),0.7150528658875903,0.007985531441291105,0,0,T10,s10-29
gacc,digits_pca16,"SC-FFCM (L=1, R=50)",0.7203116304952698,0.0027267668336116158,0,0,T10,s10-29
gacc,digits_pca32,"F-FCM (post_none_off, L=5)",0.3176126878130217,0.391151919866444,0,0,T10,s10-29
gacc,digits_pca32,GF-PFedFCM (L=5),0.470895937673901,0.23786867000556472,0,0,T10,s10-29
gacc,digits_pca32,ungated PRE (L=1),0.6814969393433501,0.027267668336115602,0,0,T10,s10-29
gacc,digits_pca32,pre_mass_off (L=1),0.7087646076794657,0.0,0,1,T10,s10-29
gacc,digits_pca32,pre_mass_off (L=5),0.5593489148580968,0.1494156928213689,0,0,T10,s10-29
gacc,digits_pca32,SC-FFCM (L=5),0.6589315525876459,0.04983305509181979,0,0,T10,s10-29
gacc,digits_pca32,"SC-FFCM (L=1, R=50)",0.6744852531997775,0.03427935447968822,0,0,T10,s10-29
gacc,letter,"F-FCM (post_none_off, L=5)",0.215135,0.08194750000000003,0,0,T10,s10-29
gacc,letter,GF-PFedFCM (L=5),0.2358725,0.061210000000000014,0,0,T10,s10-29
gacc,letter,ungated PRE (L=1),0.26709750000000004,0.029984999999999984,0,0,T10,s10-29
gacc,letter,pre_mass_off (L=1),0.2970825,0.0,0,1,T10,s10-29
gacc,letter,pre_mass_off (L=5),0.25834999999999997,0.03873250000000006,0,0,T10,s10-29
gacc,letter,SC-FFCM (L=5),0.2640225,0.033060000000000034,0,0,T10,s10-29
gacc,letter,"SC-FFCM (L=1, R=50)",0.26110249999999996,0.03598000000000007,0,0,T10,s10-29
gacc,mnist784_pca32 (20c),"F-FCM (post_none_off, L=5)",0.34287999999999996,0.17990928571428577,0,0,T10,s10-29
gacc,mnist784_pca32 (20c),GF-PFedFCM (L=5),0.3725178571428571,0.1502714285714286,0,0,T10,s10-29
gacc,mnist784_pca32 (20c),ungated PRE (L=1),0.4661957142857143,0.05659357142857141,0,0,T10,s10-29
gacc,mnist784_pca32 (20c),pre_mass_off (L=1),0.5227892857142857,0.0,0,1,T10,s10-29
gacc,mnist784_pca32 (20c),pre_mass_off (L=5),0.40778857142857144,0.11500071428571429,0,0,T10,s10-29
gacc,mnist784_pca32 (20c),SC-FFCM (L=5),0.4719399999999999,0.05084928571428582,0,0,T10,s10-29
gacc,mnist784_pca32 (20c),"SC-FFCM (L=1, R=50)",0.4782857142857142,0.04450357142857153,0,0,T10,s10-29
gacc,mnist784_pca32 (50c),"F-FCM (post_none_off, L=5)",0.33581285714285714,0.1918685714285714,0,0,T10,s10-29
gacc,mnist784_pca32 (50c),GF-PFedFCM (L=5),0.3669621428571429,0.16071928571428562,0,0,T10,s10-29
gacc,mnist784_pca32 (50c),ungated PRE (L=1),0.464905,0.06277642857142851,0,0,T10,s10-29
gacc,mnist784_pca32 (50c),pre_mass_off (L=1),0.5276814285714285,0.0,0,1,T10,s10-29
gacc,mnist784_pca32 (50c),pre_mass_off (L=5),0.4149707142857143,0.11271071428571422,0,0,T10,s10-29
gacc,mnist784_pca32 (50c),SC-FFCM (L=5),0.47609071428571426,0.05159071428571427,0,0,T10,s10-29
gacc,mnist784_pca32 (50c),"SC-FFCM (L=1, R=50)",0.47137642857142864,0.05630499999999988,0,0,T10,s10-29
fcm_obj,cluster_skew_hard,"F-FCM (post_none_off, L=5)",8.450286540820848,7.14639908382608,0,0,T10,s10-29
fcm_obj,cluster_skew_hard,GF-PFedFCM (L=5),1.289517600924763,0.24314423564276694,0,0,T10,s10-29
fcm_obj,cluster_skew_hard,ungated PRE (L=1),1.0373032862578644,0.0,0,1,T10,s10-29
fcm_obj,cluster_skew_hard,pre_mass_off (L=1),1.0374576315085697,0.00014879471871930106,0,0,T10,s10-29
fcm_obj,cluster_skew_hard,pre_mass_off (L=5),2.2194035046058063,1.1395897747634074,0,0,T10,s10-29
fcm_obj,cluster_skew_hard,SC-FFCM (L=5),1.0373032862675915,9.377303761411949e-12,0,0,T10,s10-29
fcm_obj,cluster_skew_hard,"SC-FFCM (L=1, R=50)",1.037303286258038,1.6739451552090175e-13,0,0,T10,s10-29
fcm_obj,cluster_skew_overlap,"F-FCM (post_none_off, L=5)",2.807990331418284,0.33461169772450156,0,0,T10,s10-29
fcm_obj,cluster_skew_overlap,GF-PFedFCM (L=5),2.3359255740712745,0.11024370749692135,0,0,T10,s10-29
fcm_obj,cluster_skew_overlap,ungated PRE (L=1),2.1039755145407515,7.171427674500653e-10,0,0,T10,s10-29
fcm_obj,cluster_skew_overlap,pre_mass_off (L=1),2.1371097339824963,0.015748387158198457,0,0,T10,s10-29
fcm_obj,cluster_skew_overlap,pre_mass_off (L=5),2.5676738083853627,0.22039148862776306,0,0,T10,s10-29
fcm_obj,cluster_skew_overlap,SC-FFCM (L=5),2.1039755140029928,4.6155104449186494e-10,0,0,T10,s10-29
fcm_obj,cluster_skew_overlap,"SC-FFCM (L=1, R=50)",2.1039755130319007,0.0,0,1,T10,s10-29
fcm_obj,dirichlet_0.03,"F-FCM (post_none_off, L=5)",8.864980476069631,7.471629384568275,0,0,T10,s10-29
fcm_obj,dirichlet_0.03,GF-PFedFCM (L=5),1.4128081043525795,0.35011991102500245,0,0,T10,s10-29
fcm_obj,dirichlet_0.03,ungated PRE (L=1),1.04643157457028,0.0,0,1,T10,s10-29
fcm_obj,dirichlet_0.03,pre_mass_off (L=1),1.0467529381294436,0.0003071042263758599,0,0,T10,s10-29
fcm_obj,dirichlet_0.03,pre_mass_off (L=5),1.818462392791424,0.7377747737955832,0,0,T10,s10-29
fcm_obj,dirichlet_0.03,SC-FFCM (L=5),1.0464768192545535,4.323711685798657e-05,0,0,T10,s10-29
fcm_obj,dirichlet_0.03,"SC-FFCM (L=1, R=50)",1.046477075884528,4.348235981590255e-05,0,0,T10,s10-29
fcm_obj,dirichlet_0.1,"F-FCM (post_none_off, L=5)",6.8714785375762,5.349092711222623,0,0,T10,s10-29
fcm_obj,dirichlet_0.1,GF-PFedFCM (L=5),1.674556167019367,0.5472525012507404,0,0,T10,s10-29
fcm_obj,dirichlet_0.1,ungated PRE (L=1),1.0822772402472893,0.0,0,1,T10,s10-29
fcm_obj,dirichlet_0.1,pre_mass_off (L=1),1.1570951364355575,0.0691300652050791,0,0,T10,s10-29
fcm_obj,dirichlet_0.1,pre_mass_off (L=5),1.4862956091090873,0.3733039500761227,0,0,T10,s10-29
fcm_obj,dirichlet_0.1,SC-FFCM (L=5),1.0822772708563506,2.8282089050129726e-08,0,0,T10,s10-29
fcm_obj,dirichlet_0.1,"SC-FFCM (L=1, R=50)",1.083388303625886,0.0010265977489675479,0,0,T10,s10-29
fcm_obj,overlap_noise,"F-FCM (post_none_off, L=5)",2.634589394462426,0.13102352946967458,0,0,T10,s10-29
fcm_obj,overlap_noise,GF-PFedFCM (L=5),2.364907500612338,0.015249675654921151,0,0,T10,s10-29
fcm_obj,overlap_noise,ungated PRE (L=1),2.329385132860815,0.0,0,1,T10,s10-29
fcm_obj,overlap_noise,pre_mass_off (L=1),2.366373218449485,0.015878905152641436,0,0,T10,s10-29
fcm_obj,overlap_noise,pre_mass_off (L=5),2.4634617792005895,0.057558814318999854,0,0,T10,s10-29
fcm_obj,overlap_noise,SC-FFCM (L=5),2.3301149032904176,0.0003132888672240632,0,0,T10,s10-29
fcm_obj,overlap_noise,"SC-FFCM (L=1, R=50)",2.330726315739065,0.0005757669091854944,0,0,T10,s10-29
fcm_obj,quantity_skew_extreme,"F-FCM (post_none_off, L=5)",3.4635724947669964,2.3071426493824707,0,0,T10,s10-29
fcm_obj,quantity_skew_extreme,GF-PFedFCM (L=5),2.320360252988717,1.215562794249271,0,0,T10,s10-29
fcm_obj,quantity_skew_extreme,ungated PRE (L=1),1.511795740859292,0.4435165365542257,0,0,T10,s10-29
fcm_obj,quantity_skew_extreme,pre_mass_off (L=1),1.712392661377193,0.635053636523073,0,0,T10,s10-29
fcm_obj,quantity_skew_extreme,pre_mass_off (L=5),2.3763988403613725,1.2690704377564477,0,0,T10,s10-29
fcm_obj,quantity_skew_extreme,SC-FFCM (L=5),1.0484405926003955,0.0010885016471573927,0,0,T10,s10-29
fcm_obj,quantity_skew_extreme,"SC-FFCM (L=1, R=50)",1.04730060416769,0.0,0,1,T10,s10-29
fcm_obj,wine,"F-FCM (post_none_off, L=5)",4.103188843973447,0.06960645005410265,0,0,T10,s10-29
fcm_obj,wine,GF-PFedFCM (L=5),3.8361668852743924,0.0,0,1,T10,s10-29
fcm_obj,wine,ungated PRE (L=1),4.052333653048185,0.056349677748269,0,0,T10,s10-29
fcm_obj,wine,pre_mass_off (L=1),4.08017816774194,0.06360809885623482,0,0,T10,s10-29
fcm_obj,wine,pre_mass_off (L=5),4.112574631529969,0.0720531078344382,0,0,T10,s10-29
fcm_obj,wine,SC-FFCM (L=5),4.062830828714874,0.05908604870934056,0,0,T10,s10-29
fcm_obj,wine,"SC-FFCM (L=1, R=50)",4.063739155194083,0.05932282841845479,0,0,T10,s10-29
fcm_obj,satimage,"F-FCM (post_none_off, L=5)",4.189243896030861,0.12397238823853865,0,0,T10,s10-29
fcm_obj,satimage,GF-PFedFCM (L=5),3.820536017313028,0.025048218319118992,0,0,T10,s10-29
fcm_obj,satimage,ungated PRE (L=1),3.7271768771794647,0.0,0,1,T10,s10-29
fcm_obj,satimage,pre_mass_off (L=1),3.7723695870381455,0.012125185186510483,0,0,T10,s10-29
fcm_obj,satimage,pre_mass_off (L=5),3.947860193691733,0.0592092416819429,0,0,T10,s10-29
fcm_obj,satimage,SC-FFCM (L=5),3.730177424644746,0.0008050456321654051,0,0,T10,s10-29
fcm_obj,satimage,"SC-FFCM (L=1, R=50)",3.749489535904183,0.005986477020002143,0,0,T10,s10-29
fcm_obj,pendigits,"F-FCM (post_none_off, L=5)",4.433113836948914,0.144077178692864,0,0,T10,s10-29
fcm_obj,pendigits,GF-PFedFCM (L=5),4.096439609130092,0.057189876704098246,0,0,T10,s10-29
fcm_obj,pendigits,ungated PRE (L=1),3.8748380961622315,0.0,0,1,T10,s10-29
fcm_obj,pendigits,pre_mass_off (L=1),3.9846536135871133,0.02834067248736064,0,0,T10,s10-29
fcm_obj,pendigits,pre_mass_off (L=5),4.389735826492773,0.13288238567709787,0,0,T10,s10-29
fcm_obj,pendigits,SC-FFCM (L=5),3.8813078477144245,0.001669683065881085,0,0,T10,s10-29
fcm_obj,pendigits,"SC-FFCM (L=1, R=50)",3.89879085005256,0.006181614120613701,0,0,T10,s10-29
fcm_obj,digits_pca16,"F-FCM (post_none_off, L=5)",8.253880312674431,0.06846062942929926,0,0,T10,s10-29
fcm_obj,digits_pca16,GF-PFedFCM (L=5),7.729116114165126,0.0005301695000179848,0,0,T10,s10-29
fcm_obj,digits_pca16,ungated PRE (L=1),7.725020543885745,0.0,0,1,T10,s10-29
fcm_obj,digits_pca16,pre_mass_off (L=1),7.9174516883065165,0.024910114261518457,0,0,T10,s10-29
fcm_obj,digits_pca16,pre_mass_off (L=5),8.347944322347962,0.08063716787850522,0,0,T10,s10-29
fcm_obj,digits_pca16,SC-FFCM (L=5),7.72980393858663,0.0006192080232940046,0,0,T10,s10-29
fcm_obj,digits_pca16,"SC-FFCM (L=1, R=50)",7.733170751386635,0.0010550402364095577,0,0,T10,s10-29
fcm_obj,digits_pca32,"F-FCM (post_none_off, L=5)",25.171830741015064,0.07035807153132682,0,0,T10,s10-29
fcm_obj,digits_pca32,GF-PFedFCM (L=5),23.517205513293824,0.0,0,1,T10,s10-29
fcm_obj,digits_pca32,ungated PRE (L=1),23.91986228923446,0.01712179517728076,0,0,T10,s10-29
fcm_obj,digits_pca32,pre_mass_off (L=1),24.230453044485404,0.03032875359227504,0,0,T10,s10-29
fcm_obj,digits_pca32,pre_mass_off (L=5),25.04937723467534,0.06515109631182196,0,0,T10,s10-29
fcm_obj,digits_pca32,SC-FFCM (L=5),23.985746721698177,0.019923336900700046,0,0,T10,s10-29
fcm_obj,digits_pca32,"SC-FFCM (L=1, R=50)",23.947504996307604,0.018297219997951704,0,0,T10,s10-29
fcm_obj,letter,"F-FCM (post_none_off, L=5)",5.162011173700084,0.0783648220464129,0,0,T10,s10-29
fcm_obj,letter,GF-PFedFCM (L=5),4.786887580312696,0.0,0,1,T10,s10-29
fcm_obj,letter,ungated PRE (L=1),4.923714652517052,0.028583723747157338,0,0,T10,s10-29
fcm_obj,letter,pre_mass_off (L=1),5.077257773181605,0.06065949701077825,0,0,T10,s10-29
fcm_obj,letter,pre_mass_off (L=5),5.292351904393757,0.10559352305659178,0,0,T10,s10-29
fcm_obj,letter,SC-FFCM (L=5),4.918499082395141,0.027494170246180717,0,0,T10,s10-29
fcm_obj,letter,"SC-FFCM (L=1, R=50)",4.9277348813944775,0.0294235656715759,0,0,T10,s10-29
fcm_obj,mnist784_pca32 (20c),"F-FCM (post_none_off, L=5)",24.980448814307245,0.06129214573519495,0,0,T10,s10-29
fcm_obj,mnist784_pca32 (20c),GF-PFedFCM (L=5),23.53776847844511,0.0,0,1,T10,s10-29
fcm_obj,mnist784_pca32 (20c),ungated PRE (L=1),24.362893443980568,0.0350553607616233,0,0,T10,s10-29
fcm_obj,mnist784_pca32 (20c),pre_mass_off (L=1),24.581032731852858,0.04432298900225508,0,0,T10,s10-29
fcm_obj,mnist784_pca32 (20c),pre_mass_off (L=5),24.97908985311766,0.06123441038994211,0,0,T10,s10-29
fcm_obj,mnist784_pca32 (20c),SC-FFCM (L=5),24.35733488291529,0.03481920578922782,0,0,T10,s10-29
fcm_obj,mnist784_pca32 (20c),"SC-FFCM (L=1, R=50)",24.421414517260548,0.037541623354169884,0,0,T10,s10-29
fcm_obj,mnist784_pca32 (50c),"F-FCM (post_none_off, L=5)",24.986682410356405,0.06454488883077121,0,0,T10,s10-29
fcm_obj,mnist784_pca32 (50c),GF-PFedFCM (L=5),23.47170389197979,0.0,0,1,T10,s10-29
fcm_obj,mnist784_pca32 (50c),ungated PRE (L=1),24.36834340062925,0.038200869982679006,0,0,T10,s10-29
fcm_obj,mnist784_pca32 (50c),pre_mass_off (L=1),24.602067912951888,0.04815858389208552,0,0,T10,s10-29
fcm_obj,mnist784_pca32 (50c),pre_mass_off (L=5),24.974919957031073,0.0640437554925413,0,0,T10,s10-29
fcm_obj,mnist784_pca32 (50c),SC-FFCM (L=5),24.36752624501785,0.03816605548369072,0,0,T10,s10-29
fcm_obj,mnist784_pca32 (50c),"SC-FFCM (L=1, R=50)",24.474246672791942,0.042712825000945864,0,0,T10,s10-29
upload_numbers,cluster_skew_hard,"F-FCM (post_none_off, L=5)",7200.0,1.173913043478261,0,0,T10,s10-29
upload_numbers,cluster_skew_hard,GF-PFedFCM (L=5),4694.4,0.41739130434782595,0,0,T10,s10-29
upload_numbers,cluster_skew_hard,ungated PRE (L=1),7200.0,1.173913043478261,0,0,T10,s10-29
upload_numbers,cluster_skew_hard,pre_mass_off (L=1),7200.0,1.173913043478261,0,0,T10,s10-29
upload_numbers,cluster_skew_hard,pre_mass_off (L=5),7200.0,1.173913043478261,0,0,T10,s10-29
upload_numbers,cluster_skew_hard,SC-FFCM (L=5),3926.4,0.18550724637681162,0,0,T10,s10-29
upload_numbers,cluster_skew_hard,"SC-FFCM (L=1, R=50)",3312.0,0.0,0,1,T10,s10-29
upload_numbers,cluster_skew_overlap,"F-FCM (post_none_off, L=5)",7200.0,0.7793594306049821,0,0,T10,s10-29
upload_numbers,cluster_skew_overlap,GF-PFedFCM (L=5),4046.4,0.0,0,1,T10,s10-29
upload_numbers,cluster_skew_overlap,ungated PRE (L=1),7200.0,0.7793594306049821,0,0,T10,s10-29
upload_numbers,cluster_skew_overlap,pre_mass_off (L=1),7200.0,0.7793594306049821,0,0,T10,s10-29
upload_numbers,cluster_skew_overlap,pre_mass_off (L=5),7200.0,0.7793594306049821,0,0,T10,s10-29
upload_numbers,cluster_skew_overlap,SC-FFCM (L=5),8755.2,1.1637010676156585,0,0,T10,s10-29
upload_numbers,cluster_skew_overlap,"SC-FFCM (L=1, R=50)",6768.0,0.6725978647686832,0,0,T10,s10-29
upload_numbers,dirichlet_0.03,"F-FCM (post_none_off, L=5)",7200.0,0.2315270935960592,0,0,T10,s10-29
upload_numbers,dirichlet_0.03,GF-PFedFCM (L=5),5846.4,0.0,0,1,T10,s10-29
upload_numbers,dirichlet_0.03,ungated PRE (L=1),7200.0,0.2315270935960592,0,0,T10,s10-29
upload_numbers,dirichlet_0.03,pre_mass_off (L=1),7200.0,0.2315270935960592,0,0,T10,s10-29
upload_numbers,dirichlet_0.03,pre_mass_off (L=5),7200.0,0.2315270935960592,0,0,T10,s10-29
upload_numbers,dirichlet_0.03,SC-FFCM (L=5),6902.4,0.180623973727422,0,0,T10,s10-29
upload_numbers,dirichlet_0.03,"SC-FFCM (L=1, R=50)",7296.0,0.24794745484400665,0,0,T10,s10-29
upload_numbers,dirichlet_0.1,"F-FCM (post_none_off, L=5)",7200.0,0.4164305949008499,0,0,T10,s10-29
upload_numbers,dirichlet_0.1,GF-PFedFCM (L=5),5083.2,0.0,0,1,T10,s10-29
upload_numbers,dirichlet_0.1,ungated PRE (L=1),7200.0,0.4164305949008499,0,0,T10,s10-29
upload_numbers,dirichlet_0.1,pre_mass_off (L=1),7200.0,0.4164305949008499,0,0,T10,s10-29
upload_numbers,dirichlet_0.1,pre_mass_off (L=5),7200.0,0.4164305949008499,0,0,T10,s10-29
upload_numbers,dirichlet_0.1,SC-FFCM (L=5),5788.8,0.13881019830028335,0,0,T10,s10-29
upload_numbers,dirichlet_0.1,"SC-FFCM (L=1, R=50)",6979.2,0.37299338999055714,0,0,T10,s10-29
upload_numbers,overlap_noise,"F-FCM (post_none_off, L=5)",7200.0,1.3094688221709008,0,0,T10,s10-29
upload_numbers,overlap_noise,GF-PFedFCM (L=5),3117.6,0.0,0,1,T10,s10-29
upload_numbers,overlap_noise,ungated PRE (L=1),7200.0,1.3094688221709008,0,0,T10,s10-29
upload_numbers,overlap_noise,pre_mass_off (L=1),7200.0,1.3094688221709008,0,0,T10,s10-29
upload_numbers,overlap_noise,pre_mass_off (L=5),7200.0,1.3094688221709008,0,0,T10,s10-29
upload_numbers,overlap_noise,SC-FFCM (L=5),4416.0,0.4164742109314858,0,0,T10,s10-29
upload_numbers,overlap_noise,"SC-FFCM (L=1, R=50)",4627.2,0.4842186297151655,0,0,T10,s10-29
upload_numbers,quantity_skew_extreme,"F-FCM (post_none_off, L=5)",7200.0,0.33689839572192504,0,0,T10,s10-29
upload_numbers,quantity_skew_extreme,GF-PFedFCM (L=5),5385.6,0.0,0,1,T10,s10-29
upload_numbers,quantity_skew_extreme,ungated PRE (L=1),7200.0,0.33689839572192504,0,0,T10,s10-29
upload_numbers,quantity_skew_extreme,pre_mass_off (L=1),7200.0,0.33689839572192504,0,0,T10,s10-29
upload_numbers,quantity_skew_extreme,pre_mass_off (L=5),7200.0,0.33689839572192504,0,0,T10,s10-29
upload_numbers,quantity_skew_extreme,SC-FFCM (L=5),8928.0,0.657754010695187,0,0,T10,s10-29
upload_numbers,quantity_skew_extreme,"SC-FFCM (L=1, R=50)",6153.6,0.142602495543672,0,0,T10,s10-29
upload_numbers,wine,"F-FCM (post_none_off, L=5)",21000.0,0.564945226917058,0,0,T10,s10-29
upload_numbers,wine,GF-PFedFCM (L=5),13419.0,0.0,0,1,T10,s10-29
upload_numbers,wine,ungated PRE (L=1),21000.0,0.564945226917058,0,0,T10,s10-29
upload_numbers,wine,pre_mass_off (L=1),21000.0,0.564945226917058,0,0,T10,s10-29
upload_numbers,wine,pre_mass_off (L=5),21000.0,0.564945226917058,0,0,T10,s10-29
upload_numbers,wine,SC-FFCM (L=5),39000.0,1.9063268499888217,0,0,T10,s10-29
upload_numbers,wine,"SC-FFCM (L=1, R=50)",39000.0,1.9063268499888217,0,0,T10,s10-29
upload_numbers,satimage,"F-FCM (post_none_off, L=5)",111000.0,0.4044943820224719,0,0,T10,s10-29
upload_numbers,satimage,GF-PFedFCM (L=5),79032.0,0.0,0,1,T10,s10-29
upload_numbers,satimage,ungated PRE (L=1),111000.0,0.4044943820224719,0,0,T10,s10-29
upload_numbers,satimage,pre_mass_off (L=1),111000.0,0.4044943820224719,0,0,T10,s10-29
upload_numbers,satimage,pre_mass_off (L=5),111000.0,0.4044943820224719,0,0,T10,s10-29
upload_numbers,satimage,SC-FFCM (L=5),216000.0,1.7330701488004858,0,0,T10,s10-29
upload_numbers,satimage,"SC-FFCM (L=1, R=50)",216000.0,1.7330701488004858,0,0,T10,s10-29
upload_numbers,pendigits,"F-FCM (post_none_off, L=5)",85000.0,0.11982082866741321,0,0,T10,s10-29
upload_numbers,pendigits,GF-PFedFCM (L=5),75905.0,0.0,0,1,T10,s10-29
upload_numbers,pendigits,ungated PRE (L=1),85000.0,0.11982082866741321,0,0,T10,s10-29
upload_numbers,pendigits,pre_mass_off (L=1),85000.0,0.11982082866741321,0,0,T10,s10-29
upload_numbers,pendigits,pre_mass_off (L=5),85000.0,0.11982082866741321,0,0,T10,s10-29
upload_numbers,pendigits,SC-FFCM (L=5),150880.0,0.9877478426981094,0,0,T10,s10-29
upload_numbers,pendigits,"SC-FFCM (L=1, R=50)",160000.0,1.107898030432778,0,0,T10,s10-29
upload_numbers,digits_pca16,"F-FCM (post_none_off, L=5)",85000.0,0.007049345417925478,0,0,T10,s10-29
upload_numbers,digits_pca16,GF-PFedFCM (L=5),84405.0,0.0,0,1,T10,s10-29
upload_numbers,digits_pca16,ungated PRE (L=1),85000.0,0.007049345417925478,0,0,T10,s10-29
upload_numbers,digits_pca16,pre_mass_off (L=1),85000.0,0.007049345417925478,0,0,T10,s10-29
upload_numbers,digits_pca16,pre_mass_off (L=5),85000.0,0.007049345417925478,0,0,T10,s10-29
upload_numbers,digits_pca16,SC-FFCM (L=5),160000.0,0.8956222972572715,0,0,T10,s10-29
upload_numbers,digits_pca16,"SC-FFCM (L=1, R=50)",160000.0,0.8956222972572715,0,0,T10,s10-29
upload_numbers,digits_pca32,"F-FCM (post_none_off, L=5)",165000.0,0.0,0,1,T10,s10-29
upload_numbers,digits_pca32,GF-PFedFCM (L=5),165000.0,0.0,0,1,T10,s10-29
upload_numbers,digits_pca32,ungated PRE (L=1),165000.0,0.0,0,1,T10,s10-29
upload_numbers,digits_pca32,pre_mass_off (L=1),165000.0,0.0,0,1,T10,s10-29
upload_numbers,digits_pca32,pre_mass_off (L=5),165000.0,0.0,0,1,T10,s10-29
upload_numbers,digits_pca32,SC-FFCM (L=5),320000.0,0.9393939393939394,0,0,T10,s10-29
upload_numbers,digits_pca32,"SC-FFCM (L=1, R=50)",320000.0,0.9393939393939394,0,0,T10,s10-29
upload_numbers,letter,"F-FCM (post_none_off, L=5)",221000.0,0.0,0,1,T10,s10-29
upload_numbers,letter,GF-PFedFCM (L=5),221000.0,0.0,0,1,T10,s10-29
upload_numbers,letter,ungated PRE (L=1),221000.0,0.0,0,1,T10,s10-29
upload_numbers,letter,pre_mass_off (L=1),221000.0,0.0,0,1,T10,s10-29
upload_numbers,letter,pre_mass_off (L=5),221000.0,0.0,0,1,T10,s10-29
upload_numbers,letter,SC-FFCM (L=5),416000.0,0.8823529411764706,0,0,T10,s10-29
upload_numbers,letter,"SC-FFCM (L=1, R=50)",416000.0,0.8823529411764706,0,0,T10,s10-29
upload_numbers,mnist784_pca32 (20c),"F-FCM (post_none_off, L=5)",330000.0,0.0,0,1,T10,s10-29
upload_numbers,mnist784_pca32 (20c),GF-PFedFCM (L=5),330000.0,0.0,0,1,T10,s10-29
upload_numbers,mnist784_pca32 (20c),ungated PRE (L=1),330000.0,0.0,0,1,T10,s10-29
upload_numbers,mnist784_pca32 (20c),pre_mass_off (L=1),330000.0,0.0,0,1,T10,s10-29
upload_numbers,mnist784_pca32 (20c),pre_mass_off (L=5),330000.0,0.0,0,1,T10,s10-29
upload_numbers,mnist784_pca32 (20c),SC-FFCM (L=5),640000.0,0.9393939393939394,0,0,T10,s10-29
upload_numbers,mnist784_pca32 (20c),"SC-FFCM (L=1, R=50)",640000.0,0.9393939393939394,0,0,T10,s10-29
upload_numbers,mnist784_pca32 (50c),"F-FCM (post_none_off, L=5)",825000.0,0.0,0,1,T10,s10-29
upload_numbers,mnist784_pca32 (50c),GF-PFedFCM (L=5),825000.0,0.0,0,1,T10,s10-29
upload_numbers,mnist784_pca32 (50c),ungated PRE (L=1),825000.0,0.0,0,1,T10,s10-29
upload_numbers,mnist784_pca32 (50c),pre_mass_off (L=1),825000.0,0.0,0,1,T10,s10-29
upload_numbers,mnist784_pca32 (50c),pre_mass_off (L=5),825000.0,0.0,0,1,T10,s10-29
upload_numbers,mnist784_pca32 (50c),SC-FFCM (L=5),1600000.0,0.9393939393939394,0,0,T10,s10-29
upload_numbers,mnist784_pca32 (50c),"SC-FFCM (L=1, R=50)",1600000.0,0.9393939393939394,0,0,T10,s10-29
mean_acc,cluster_skew_hard,"F-FCM (post_none_off, L=5)",0.8745075757575757,0.12549242424242435,0,0,T10,s10-19
mean_acc,cluster_skew_hard,GF-PFedFCM (L=5),1.0,0.0,0,1,T10,s10-19
mean_acc,cluster_skew_hard,ungated PRE (L=1),1.0,0.0,0,1,T10,s10-19
mean_acc,cluster_skew_hard,pre_mass_off (L=1),1.0,0.0,0,1,T10,s10-19
mean_acc,cluster_skew_hard,pre_mass_off (L=5),0.9775757575757575,0.022424242424242458,0,0,T10,s10-19
mean_acc,cluster_skew_hard,SC-FFCM (L=5),1.0,0.0,0,1,T10,s10-19
mean_acc,cluster_skew_hard,"SC-FFCM (L=1, R=50)",1.0,0.0,0,1,T10,s10-19
mean_acc,cluster_skew_overlap,"F-FCM (post_none_off, L=5)",0.6917045454545454,0.17348484848484858,0,0,T10,s10-19
mean_acc,cluster_skew_overlap,GF-PFedFCM (L=5),0.8110227272727272,0.05416666666666681,0,0,T10,s10-19
mean_acc,cluster_skew_overlap,ungated PRE (L=1),0.865189393939394,0.0,0,1,T10,s10-19
mean_acc,cluster_skew_overlap,pre_mass_off (L=1),0.865,0.00018939393939398919,0,0,T10,s10-19
mean_acc,cluster_skew_overlap,pre_mass_off (L=5),0.8625,0.002689393939393936,0,0,T10,s10-19
mean_acc,cluster_skew_overlap,SC-FFCM (L=5),0.865189393939394,0.0,0,1,T10,s10-19
mean_acc,cluster_skew_overlap,"SC-FFCM (L=1, R=50)",0.865189393939394,0.0,0,1,T10,s10-19
mean_acc,dirichlet_0.03,"F-FCM (post_none_off, L=5)",0.8688257575757575,0.13117424242424247,0,0,T10,s10-19
mean_acc,dirichlet_0.03,GF-PFedFCM (L=5),0.9761363636363637,0.02386363636363631,0,0,T10,s10-19
mean_acc,dirichlet_0.03,ungated PRE (L=1),1.0,0.0,0,1,T10,s10-19
mean_acc,dirichlet_0.03,pre_mass_off (L=1),1.0,0.0,0,1,T10,s10-19
mean_acc,dirichlet_0.03,pre_mass_off (L=5),0.9768181818181818,0.023181818181818192,0,0,T10,s10-19
mean_acc,dirichlet_0.03,SC-FFCM (L=5),1.0,0.0,0,1,T10,s10-19
mean_acc,dirichlet_0.03,"SC-FFCM (L=1, R=50)",1.0,0.0,0,1,T10,s10-19
mean_acc,dirichlet_0.1,"F-FCM (post_none_off, L=5)",0.9225757575757576,0.06753787878787865,0,0,T10,s10-19
mean_acc,dirichlet_0.1,GF-PFedFCM (L=5),0.964469696969697,0.025643939393939275,0,0,T10,s10-19
mean_acc,dirichlet_0.1,ungated PRE (L=1),0.9901136363636363,0.0,0,1,T10,s10-19
mean_acc,dirichlet_0.1,pre_mass_off (L=1),0.986060606060606,0.0040530303030302806,0,0,T10,s10-19
mean_acc,dirichlet_0.1,pre_mass_off (L=5),0.9677272727272728,0.022386363636363482,0,0,T10,s10-19
mean_acc,dirichlet_0.1,SC-FFCM (L=5),0.9900757575757575,3.787878787875343e-05,0,0,T10,s10-19
mean_acc,dirichlet_0.1,"SC-FFCM (L=1, R=50)",0.9897348484848486,0.0003787878787876453,0,0,T10,s10-19
mean_acc,overlap_noise,"F-FCM (post_none_off, L=5)",0.8583333333333332,0.04268939393939408,0,0,T10,s10-19
mean_acc,overlap_noise,GF-PFedFCM (L=5),0.8833712121212122,0.017651515151515085,0,0,T10,s10-19
mean_acc,overlap_noise,ungated PRE (L=1),0.8915530303030301,0.009469696969697128,0,0,T10,s10-19
mean_acc,overlap_noise,pre_mass_off (L=1),0.8943939393939393,0.006628787878787956,0,0,T10,s10-19
mean_acc,overlap_noise,pre_mass_off (L=5),0.9010227272727273,0.0,0,1,T10,s10-19
mean_acc,overlap_noise,SC-FFCM (L=5),0.8866287878787877,0.014393939393939514,0,0,T10,s10-19
mean_acc,overlap_noise,"SC-FFCM (L=1, R=50)",0.8840151515151515,0.01700757575757572,0,0,T10,s10-19
mean_acc,quantity_skew_extreme,"F-FCM (post_none_off, L=5)",0.8661775340229451,0.13382246597705494,0,0,T10,s10-19
mean_acc,quantity_skew_extreme,GF-PFedFCM (L=5),0.8816911557694296,0.11830884423057042,0,0,T10,s10-19
mean_acc,quantity_skew_extreme,ungated PRE (L=1),0.914057335272099,0.08594266472790102,0,0,T10,s10-19
mean_acc,quantity_skew_extreme,pre_mass_off (L=1),0.8966142783646113,0.10338572163538873,0,0,T10,s10-19
mean_acc,quantity_skew_extreme,pre_mass_off (L=5),0.887689819399055,0.112310180600945,0,0,T10,s10-19
mean_acc,quantity_skew_extreme,SC-FFCM (L=5),1.0,0.0,0,1,T10,s10-19
mean_acc,quantity_skew_extreme,"SC-FFCM (L=1, R=50)",1.0,0.0,0,1,T10,s10-19
mean_acc,wine,"F-FCM (post_none_off, L=5)",0.9278189284485723,0.04268786549707615,0,0,T10,s10-19
mean_acc,wine,GF-PFedFCM (L=5),0.932312908496732,0.03819388544891644,0,0,T10,s10-19
mean_acc,wine,ungated PRE (L=1),0.9637339181286549,0.006772875816993484,0,0,T10,s10-19
mean_acc,wine,pre_mass_off (L=1),0.9692602339181287,0.001246560027519772,0,0,T10,s10-19
mean_acc,wine,pre_mass_off (L=5),0.9705067939456484,0.0,0,1,T10,s10-19
mean_acc,wine,SC-FFCM (L=5),0.9616520467836256,0.008854747162022836,0,0,T10,s10-19
mean_acc,wine,"SC-FFCM (L=1, R=50)",0.9605409356725145,0.009965858273133898,0,0,T10,s10-19
mean_acc,satimage,"F-FCM (post_none_off, L=5)",0.6988004891237878,0.02300120359986002,0,0,T10,s10-19
mean_acc,satimage,GF-PFedFCM (L=5),0.669191624496188,0.05261006822745984,0,0,T10,s10-19
mean_acc,satimage,ungated PRE (L=1),0.7114382220102933,0.010363470713354528,0,0,T10,s10-19
mean_acc,satimage,pre_mass_off (L=1),0.6845019399182576,0.03729975280539022,0,0,T10,s10-19
mean_acc,satimage,pre_mass_off (L=5),0.6606716341283791,0.061130058595268655,0,0,T10,s10-19
mean_acc,satimage,SC-FFCM (L=5),0.7218016927236478,0.0,0,1,T10,s10-19
mean_acc,satimage,"SC-FFCM (L=1, R=50)",0.7207989339712796,0.0010027587523682158,0,0,T10,s10-19
mean_acc,pendigits,"F-FCM (post_none_off, L=5)",0.5299217868011855,0.22047986162702637,0,0,T10,s10-19
mean_acc,pendigits,GF-PFedFCM (L=5),0.651220356570993,0.09918129185721891,0,0,T10,s10-19
mean_acc,pendigits,ungated PRE (L=1),0.7409060508704954,0.00949559755771645,0,0,T10,s10-19
mean_acc,pendigits,pre_mass_off (L=1),0.7437576863853977,0.006643962042814144,0,0,T10,s10-19
mean_acc,pendigits,pre_mass_off (L=5),0.6626390683025469,0.08776258012566496,0,0,T10,s10-19
mean_acc,pendigits,SC-FFCM (L=5),0.7504016484282119,0.0,0,1,T10,s10-19
mean_acc,pendigits,"SC-FFCM (L=1, R=50)",0.74080439006152,0.009597258366691896,0,0,T10,s10-19
mean_acc,digits_pca16,"F-FCM (post_none_off, L=5)",0.4099564205876452,0.3668189696055037,0,0,T10,s10-19
mean_acc,digits_pca16,GF-PFedFCM (L=5),0.6008220019623085,0.1759533882308404,0,0,T10,s10-19
mean_acc,digits_pca16,ungated PRE (L=1),0.7675669987726246,0.00920839142052432,0,0,T10,s10-19
mean_acc,digits_pca16,pre_mass_off (L=1),0.7767753901931489,0.0,0,1,T10,s10-19
mean_acc,digits_pca16,pre_mass_off (L=5),0.6643150069164544,0.1124603832766945,0,0,T10,s10-19
mean_acc,digits_pca16,SC-FFCM (L=5),0.7598190912983646,0.01695629889478434,0,0,T10,s10-19
mean_acc,digits_pca16,"SC-FFCM (L=1, R=50)",0.7586210868957388,0.01815430329741008,0,0,T10,s10-19
mean_acc,digits_pca32,"F-FCM (post_none_off, L=5)",0.35787804752895036,0.43573288281594047,0,0,T10,s10-19
mean_acc,digits_pca32,GF-PFedFCM (L=5),0.5794895623322663,0.2141213680126245,0,0,T10,s10-19
mean_acc,digits_pca32,ungated PRE (L=1),0.7623679186237233,0.031243011721167502,0,0,T10,s10-19
mean_acc,digits_pca32,pre_mass_off (L=1),0.7936109303448908,0.0,0,1,T10,s10-19
mean_acc,digits_pca32,pre_mass_off (L=5),0.6547269627304354,0.13888396761445543,0,0,T10,s10-19
mean_acc,digits_pca32,SC-FFCM (L=5),0.7354304397891911,0.05818049055569974,0,0,T10,s10-19
mean_acc,digits_pca32,"SC-FFCM (L=1, R=50)",0.752622312251719,0.04098861809317178,0,0,T10,s10-19
mean_acc,letter,"F-FCM (post_none_off, L=5)",0.258425908021543,0.06390565410580301,0,0,T10,s10-19
mean_acc,letter,GF-PFedFCM (L=5),0.2725145610975054,0.04981700102984066,0,0,T10,s10-19
mean_acc,letter,ungated PRE (L=1),0.2996314251883337,0.02270013693901235,0,0,T10,s10-19
mean_acc,letter,pre_mass_off (L=1),0.32233156212734604,0.0,0,1,T10,s10-19
mean_acc,letter,pre_mass_off (L=5),0.29595737812038714,0.0263741840069589,0,0,T10,s10-19
mean_acc,letter,SC-FFCM (L=5),0.30204578668562765,0.02028577544171839,0,0,T10,s10-19
mean_acc,letter,"SC-FFCM (L=1, R=50)",0.2989222559677601,0.02340930615958592,0,0,T10,s10-19
mean_acc,mnist784_pca32 (20c),"F-FCM (post_none_off, L=5)",0.39618648294927694,0.21146089282608826,0,0,T10,s10-19
mean_acc,mnist784_pca32 (20c),GF-PFedFCM (L=5),0.49786189000824077,0.10978548576712444,0,0,T10,s10-19
mean_acc,mnist784_pca32 (20c),ungated PRE (L=1),0.5357797118718908,0.07186766390347443,0,0,T10,s10-19
mean_acc,mnist784_pca32 (20c),pre_mass_off (L=1),0.6076473757753652,0.0,0,1,T10,s10-19
mean_acc,mnist784_pca32 (20c),pre_mass_off (L=5),0.5360824447050384,0.0715649310703268,0,0,T10,s10-19
mean_acc,mnist784_pca32 (20c),SC-FFCM (L=5),0.5469348182677731,0.06071255750759208,0,0,T10,s10-19
mean_acc,mnist784_pca32 (20c),"SC-FFCM (L=1, R=50)",0.5562492360153347,0.05139813976003049,0,0,T10,s10-19
mean_acc,mnist784_pca32 (50c),"F-FCM (post_none_off, L=5)",0.4111615049230516,0.21440909879947223,0,0,T10,s10-19
mean_acc,mnist784_pca32 (50c),GF-PFedFCM (L=5),0.49797540927175543,0.1275951944507684,0,0,T10,s10-19
mean_acc,mnist784_pca32 (50c),ungated PRE (L=1),0.5295193388517999,0.09605126487072391,0,0,T10,s10-19
mean_acc,mnist784_pca32 (50c),pre_mass_off (L=1),0.6255706037225238,0.0,0,1,T10,s10-19
mean_acc,mnist784_pca32 (50c),pre_mass_off (L=5),0.5616440585309308,0.06392654519159302,0,0,T10,s10-19
mean_acc,mnist784_pca32 (50c),SC-FFCM (L=5),0.5503160606760414,0.07525454304648238,0,0,T10,s10-19
mean_acc,mnist784_pca32 (50c),"SC-FFCM (L=1, R=50)",0.5432159981658136,0.08235460555671026,0,0,T10,s10-19
worst_acc,cluster_skew_hard,"F-FCM (post_none_off, L=5)",0.6940909090909091,0.3059090909090909,0,0,T10,s10-19
worst_acc,cluster_skew_hard,GF-PFedFCM (L=5),1.0,0.0,0,1,T10,s10-19
worst_acc,cluster_skew_hard,ungated PRE (L=1),1.0,0.0,0,1,T10,s10-19
worst_acc,cluster_skew_hard,pre_mass_off (L=1),1.0,0.0,0,1,T10,s10-19
worst_acc,cluster_skew_hard,pre_mass_off (L=5),0.9540909090909091,0.0459090909090909,0,0,T10,s10-19
worst_acc,cluster_skew_hard,SC-FFCM (L=5),1.0,0.0,0,1,T10,s10-19
worst_acc,cluster_skew_hard,"SC-FFCM (L=1, R=50)",1.0,0.0,0,1,T10,s10-19
worst_acc,cluster_skew_overlap,"F-FCM (post_none_off, L=5)",0.5509090909090908,0.26363636363636367,0,0,T10,s10-19
worst_acc,cluster_skew_overlap,GF-PFedFCM (L=5),0.7172727272727274,0.09727272727272707,0,0,T10,s10-19
worst_acc,cluster_skew_overlap,ungated PRE (L=1),0.8113636363636363,0.0031818181818181746,0,0,T10,s10-19
worst_acc,cluster_skew_overlap,pre_mass_off (L=1),0.8145454545454545,0.0,0,1,T10,s10-19
worst_acc,cluster_skew_overlap,pre_mass_off (L=5),0.8036363636363637,0.010909090909090757,0,0,T10,s10-19
worst_acc,cluster_skew_overlap,SC-FFCM (L=5),0.8113636363636363,0.0031818181818181746,0,0,T10,s10-19
worst_acc,cluster_skew_overlap,"SC-FFCM (L=1, R=50)",0.8113636363636363,0.0031818181818181746,0,0,T10,s10-19
worst_acc,dirichlet_0.03,"F-FCM (post_none_off, L=5)",0.6809090909090909,0.3190909090909091,0,0,T10,s10-19
worst_acc,dirichlet_0.03,GF-PFedFCM (L=5),0.9495454545454546,0.05045454545454542,0,0,T10,s10-19
worst_acc,dirichlet_0.03,ungated PRE (L=1),1.0,0.0,0,1,T10,s10-19
worst_acc,dirichlet_0.03,pre_mass_off (L=1),1.0,0.0,0,1,T10,s10-19
worst_acc,dirichlet_0.03,pre_mass_off (L=5),0.95,0.050000000000000044,0,0,T10,s10-19
worst_acc,dirichlet_0.03,SC-FFCM (L=5),1.0,0.0,0,1,T10,s10-19
worst_acc,dirichlet_0.03,"SC-FFCM (L=1, R=50)",1.0,0.0,0,1,T10,s10-19
worst_acc,dirichlet_0.1,"F-FCM (post_none_off, L=5)",0.7404545454545455,0.23136363636363644,0,0,T10,s10-19
worst_acc,dirichlet_0.1,GF-PFedFCM (L=5),0.909090909090909,0.06272727272727296,0,0,T10,s10-19
worst_acc,dirichlet_0.1,ungated PRE (L=1),0.9718181818181819,0.0,0,1,T10,s10-19
worst_acc,dirichlet_0.1,pre_mass_off (L=1),0.96,0.01181818181818195,0,0,T10,s10-19
worst_acc,dirichlet_0.1,pre_mass_off (L=5),0.9109090909090909,0.060909090909091024,0,0,T10,s10-19
worst_acc,dirichlet_0.1,SC-FFCM (L=5),0.9718181818181819,0.0,0,1,T10,s10-19
worst_acc,dirichlet_0.1,"SC-FFCM (L=1, R=50)",0.9709090909090909,0.0009090909090909705,0,0,T10,s10-19
worst_acc,overlap_noise,"F-FCM (post_none_off, L=5)",0.801818181818182,0.06954545454545435,0,0,T10,s10-19
worst_acc,overlap_noise,GF-PFedFCM (L=5),0.8313636363636363,0.040000000000000036,0,0,T10,s10-19
worst_acc,overlap_noise,ungated PRE (L=1),0.8518181818181819,0.01954545454545442,0,0,T10,s10-19
worst_acc,overlap_noise,pre_mass_off (L=1),0.8550000000000001,0.016363636363636247,0,0,T10,s10-19
worst_acc,overlap_noise,pre_mass_off (L=5),0.8713636363636363,0.0,0,1,T10,s10-19
worst_acc,overlap_noise,SC-FFCM (L=5),0.8422727272727272,0.029090909090909167,0,0,T10,s10-19
worst_acc,overlap_noise,"SC-FFCM (L=1, R=50)",0.8386363636363636,0.032727272727272716,0,0,T10,s10-19
worst_acc,quantity_skew_extreme,"F-FCM (post_none_off, L=5)",0.6666082167131868,0.3333917832868132,0,0,T10,s10-19
worst_acc,quantity_skew_extreme,GF-PFedFCM (L=5),0.6937560142752517,0.3062439857247483,0,0,T10,s10-19
worst_acc,quantity_skew_extreme,ungated PRE (L=1),0.7894376197080775,0.21056238029192254,0,0,T10,s10-19
worst_acc,quantity_skew_extreme,pre_mass_off (L=1),0.7547868370649231,0.2452131629350769,0,0,T10,s10-19
worst_acc,quantity_skew_extreme,pre_mass_off (L=5),0.725437598230447,0.27456240176955304,0,0,T10,s10-19
worst_acc,quantity_skew_extreme,SC-FFCM (L=5),1.0,0.0,0,1,T10,s10-19
worst_acc,quantity_skew_extreme,"SC-FFCM (L=1, R=50)",1.0,0.0,0,1,T10,s10-19
worst_acc,wine,"F-FCM (post_none_off, L=5)",0.8137426900584795,0.08736842105263154,0,0,T10,s10-19
worst_acc,wine,GF-PFedFCM (L=5),0.8229751461988304,0.0781359649122807,0,0,T10,s10-19
worst_acc,wine,ungated PRE (L=1),0.8683333333333334,0.032777777777777684,0,0,T10,s10-19
worst_acc,wine,pre_mass_off (L=1),0.8861111111111111,0.015000000000000013,0,0,T10,s10-19
worst_acc,wine,pre_mass_off (L=5),0.9011111111111111,0.0,0,1,T10,s10-19
worst_acc,wine,SC-FFCM (L=5),0.8805555555555555,0.02055555555555555,0,0,T10,s10-19
worst_acc,wine,"SC-FFCM (L=1, R=50)",0.875,0.026111111111111085,0,0,T10,s10-19
worst_acc,satimage,"F-FCM (post_none_off, L=5)",0.5371984825606052,0.07215074190852944,0,0,T10,s10-19
worst_acc,satimage,GF-PFedFCM (L=5),0.4803051553337303,0.12904406913540434,0,0,T10,s10-19
worst_acc,satimage,ungated PRE (L=1),0.5527136521570913,0.0566355723120433,0,0,T10,s10-19
worst_acc,satimage,pre_mass_off (L=1),0.48739957013475743,0.12194965433437721,0,0,T10,s10-19
worst_acc,satimage,pre_mass_off (L=5),0.4687535160745898,0.14059570839454483,0,0,T10,s10-19
worst_acc,satimage,SC-FFCM (L=5),0.6073287827305877,0.0020204417385469853,0,0,T10,s10-19
worst_acc,satimage,"SC-FFCM (L=1, R=50)",0.6093492244691346,0.0,0,1,T10,s10-19
worst_acc,pendigits,"F-FCM (post_none_off, L=5)",0.4589091434693149,0.1223639192613124,0,0,T10,s10-19
worst_acc,pendigits,GF-PFedFCM (L=5),0.5192329045693314,0.06204015816129593,0,0,T10,s10-19
worst_acc,pendigits,ungated PRE (L=1),0.5735239852398524,0.007749077490774914,0,0,T10,s10-19
worst_acc,pendigits,pre_mass_off (L=1),0.5724927304572585,0.00878033227336883,0,0,T10,s10-19
worst_acc,pendigits,pre_mass_off (L=5),0.5166733332884151,0.06459972944221215,0,0,T10,s10-19
worst_acc,pendigits,SC-FFCM (L=5),0.5744464944649447,0.00682656826568262,0,0,T10,s10-19
worst_acc,pendigits,"SC-FFCM (L=1, R=50)",0.5812730627306273,0.0,0,1,T10,s10-19
worst_acc,digits_pca16,"F-FCM (post_none_off, L=5)",0.30751995089011663,0.24915613197240694,0,0,T10,s10-19
worst_acc,digits_pca16,GF-PFedFCM (L=5),0.4502762430939226,0.10639983976860096,0,0,T10,s10-19
worst_acc,digits_pca16,ungated PRE (L=1),0.5566760828625236,0.0,0,1,T10,s10-19
worst_acc,digits_pca16,pre_mass_off (L=1),0.5343519945214862,0.022324088341037385,0,0,T10,s10-19
worst_acc,digits_pca16,pre_mass_off (L=5),0.4724395128793413,0.0842365699831823,0,0,T10,s10-19
worst_acc,digits_pca16,SC-FFCM (L=5),0.5187382297551789,0.037937853107344655,0,0,T10,s10-19
worst_acc,digits_pca16,"SC-FFCM (L=1, R=50)",0.5493596986817326,0.007316384180790947,0,0,T10,s10-19
worst_acc,digits_pca32,"F-FCM (post_none_off, L=5)",0.2787065476376273,0.26498032104924124,0,0,T10,s10-19
worst_acc,digits_pca32,GF-PFedFCM (L=5),0.4007638540097104,0.14292301467715818,0,0,T10,s10-19
worst_acc,digits_pca32,ungated PRE (L=1),0.5436868686868686,0.0,0,1,T10,s10-19
worst_acc,digits_pca32,pre_mass_off (L=1),0.5264312617702448,0.017255606916623756,0,0,T10,s10-19
worst_acc,digits_pca32,pre_mass_off (L=5),0.4569491525423729,0.08673771614449566,0,0,T10,s10-19
worst_acc,digits_pca32,SC-FFCM (L=5),0.5084934086629002,0.03519346002396839,0,0,T10,s10-19
worst_acc,digits_pca32,"SC-FFCM (L=1, R=50)",0.5197204995455065,0.023966369141362076,0,0,T10,s10-19
worst_acc,letter,"F-FCM (post_none_off, L=5)",0.21217573347749846,0.02190697731329308,0,0,T10,s10-19
worst_acc,letter,GF-PFedFCM (L=5),0.2283373786407767,0.0057453321500148535,0,0,T10,s10-19
worst_acc,letter,ungated PRE (L=1),0.19605582524271842,0.038026885548073125,0,0,T10,s10-19
worst_acc,letter,pre_mass_off (L=1),0.21826456310679615,0.015818147683995393,0,0,T10,s10-19
worst_acc,letter,pre_mass_off (L=5),0.23408271079079154,0.0,0,1,T10,s10-19
worst_acc,letter,SC-FFCM (L=5),0.20139563106796116,0.03268707972283039,0,0,T10,s10-19
worst_acc,letter,"SC-FFCM (L=1, R=50)",0.2076611398096023,0.026421570981189246,0,0,T10,s10-19
worst_acc,mnist784_pca32 (20c),"F-FCM (post_none_off, L=5)",0.33161177779988354,0.16729953390118318,0,0,T10,s10-19
worst_acc,mnist784_pca32 (20c),GF-PFedFCM (L=5),0.40520656386624837,0.09370474783481836,0,0,T10,s10-19
worst_acc,mnist784_pca32 (20c),ungated PRE (L=1),0.43748921423234305,0.06142209746872368,0,0,T10,s10-19
worst_acc,mnist784_pca32 (20c),pre_mass_off (L=1),0.49891131170106673,0.0,0,1,T10,s10-19
worst_acc,mnist784_pca32 (20c),pre_mass_off (L=5),0.4497323926901375,0.049178919010929245,0,0,T10,s10-19
worst_acc,mnist784_pca32 (20c),SC-FFCM (L=5),0.4495621632091205,0.049349148491946215,0,0,T10,s10-19
worst_acc,mnist784_pca32 (20c),"SC-FFCM (L=1, R=50)",0.4530860609363315,0.045825250764735204,0,0,T10,s10-19
worst_acc,mnist784_pca32 (50c),"F-FCM (post_none_off, L=5)",0.32975784799929797,0.1712680994117931,0,0,T10,s10-19
worst_acc,mnist784_pca32 (50c),GF-PFedFCM (L=5),0.3871007921980149,0.11392515521307617,0,0,T10,s10-19
worst_acc,mnist784_pca32 (50c),ungated PRE (L=1),0.42064468626321094,0.08038126114788013,0,0,T10,s10-19
worst_acc,mnist784_pca32 (50c),pre_mass_off (L=1),0.5010259474110911,0.0,0,1,T10,s10-19
worst_acc,mnist784_pca32 (50c),pre_mass_off (L=5),0.4605887583182806,0.040437189092810466,0,0,T10,s10-19
worst_acc,mnist784_pca32 (50c),SC-FFCM (L=5),0.45650265798264655,0.044523289428444524,0,0,T10,s10-19
worst_acc,mnist784_pca32 (50c),"SC-FFCM (L=1, R=50)",0.4427499385027895,0.05827600890830159,0,0,T10,s10-19
gacc,cluster_skew_hard,"F-FCM (post_none_off, L=5)",0.750719696969697,0.24928030303030302,0,0,T10,s10-19
gacc,cluster_skew_hard,GF-PFedFCM (L=5),1.0,0.0,0,1,T10,s10-19
gacc,cluster_skew_hard,ungated PRE (L=1),1.0,0.0,0,1,T10,s10-19
gacc,cluster_skew_hard,pre_mass_off (L=1),1.0,0.0,0,1,T10,s10-19
gacc,cluster_skew_hard,pre_mass_off (L=5),0.9624242424242425,0.037575757575757485,0,0,T10,s10-19
gacc,cluster_skew_hard,SC-FFCM (L=5),1.0,0.0,0,1,T10,s10-19
gacc,cluster_skew_hard,"SC-FFCM (L=1, R=50)",1.0,0.0,0,1,T10,s10-19
gacc,cluster_skew_overlap,"F-FCM (post_none_off, L=5)",0.6552272727272727,0.20996212121212132,0,0,T10,s10-19
gacc,cluster_skew_overlap,GF-PFedFCM (L=5),0.8110227272727274,0.054166666666666585,0,0,T10,s10-19
gacc,cluster_skew_overlap,ungated PRE (L=1),0.865189393939394,0.0,0,1,T10,s10-19
gacc,cluster_skew_overlap,pre_mass_off (L=1),0.865,0.00018939393939398919,0,0,T10,s10-19
gacc,cluster_skew_overlap,pre_mass_off (L=5),0.8625,0.002689393939393936,0,0,T10,s10-19
gacc,cluster_skew_overlap,SC-FFCM (L=5),0.865189393939394,0.0,0,1,T10,s10-19
gacc,cluster_skew_overlap,"SC-FFCM (L=1, R=50)",0.865189393939394,0.0,0,1,T10,s10-19
gacc,dirichlet_0.03,"F-FCM (post_none_off, L=5)",0.7770833333333333,0.22291666666666665,0,0,T10,s10-19
gacc,dirichlet_0.03,GF-PFedFCM (L=5),0.9749621212121212,0.025037878787878776,0,0,T10,s10-19
gacc,dirichlet_0.03,ungated PRE (L=1),1.0,0.0,0,1,T10,s10-19
gacc,dirichlet_0.03,pre_mass_off (L=1),1.0,0.0,0,1,T10,s10-19
gacc,dirichlet_0.03,pre_mass_off (L=5),0.9762878787878788,0.023712121212121184,0,0,T10,s10-19
gacc,dirichlet_0.03,SC-FFCM (L=5),1.0,0.0,0,1,T10,s10-19
gacc,dirichlet_0.03,"SC-FFCM (L=1, R=50)",1.0,0.0,0,1,T10,s10-19
gacc,dirichlet_0.1,"F-FCM (post_none_off, L=5)",0.8795833333333333,0.10750000000000004,0,0,T10,s10-19
gacc,dirichlet_0.1,GF-PFedFCM (L=5),0.9589772727272727,0.02810606060606058,0,0,T10,s10-19
gacc,dirichlet_0.1,ungated PRE (L=1),0.9870833333333333,0.0,0,1,T10,s10-19
gacc,dirichlet_0.1,pre_mass_off (L=1),0.9829545454545455,0.004128787878787787,0,0,T10,s10-19
gacc,dirichlet_0.1,pre_mass_off (L=5),0.9599621212121212,0.0271212121212121,0,0,T10,s10-19
gacc,dirichlet_0.1,SC-FFCM (L=5),0.9870454545454546,3.787878787875343e-05,0,0,T10,s10-19
gacc,dirichlet_0.1,"SC-FFCM (L=1, R=50)",0.9867045454545454,0.00037878787878786735,0,0,T10,s10-19
gacc,overlap_noise,"F-FCM (post_none_off, L=5)",0.8583333333333332,0.04268939393939408,0,0,T10,s10-19
gacc,overlap_noise,GF-PFedFCM (L=5),0.8833712121212122,0.017651515151515085,0,0,T10,s10-19
gacc,overlap_noise,ungated PRE (L=1),0.8915530303030303,0.009469696969696906,0,0,T10,s10-19
gacc,overlap_noise,pre_mass_off (L=1),0.8943939393939393,0.006628787878787956,0,0,T10,s10-19
gacc,overlap_noise,pre_mass_off (L=5),0.9010227272727273,0.0,0,1,T10,s10-19
gacc,overlap_noise,SC-FFCM (L=5),0.8866287878787877,0.014393939393939514,0,0,T10,s10-19
gacc,overlap_noise,"SC-FFCM (L=1, R=50)",0.8840151515151515,0.01700757575757572,0,0,T10,s10-19
gacc,quantity_skew_extreme,"F-FCM (post_none_off, L=5)",0.7793555638816037,0.22064443611839635,0,0,T10,s10-19
gacc,quantity_skew_extreme,GF-PFedFCM (L=5),0.7786436867740727,0.2213563132259273,0,0,T10,s10-19
gacc,quantity_skew_extreme,ungated PRE (L=1),0.8558636193330835,0.14413638066691647,0,0,T10,s10-19
gacc,quantity_skew_extreme,pre_mass_off (L=1),0.8279130760584488,0.17208692394155123,0,0,T10,s10-19
gacc,quantity_skew_extreme,pre_mass_off (L=5),0.8157736980142374,0.18422630198576262,0,0,T10,s10-19
gacc,quantity_skew_extreme,SC-FFCM (L=5),1.0,0.0,0,1,T10,s10-19
gacc,quantity_skew_extreme,"SC-FFCM (L=1, R=50)",1.0,0.0,0,1,T10,s10-19
gacc,wine,"F-FCM (post_none_off, L=5)",0.9252808988764046,0.04438202247191014,0,0,T10,s10-19
gacc,wine,GF-PFedFCM (L=5),0.9219101123595506,0.04775280898876422,0,0,T10,s10-19
gacc,wine,ungated PRE (L=1),0.9623595505617979,0.007303370786516883,0,0,T10,s10-19
gacc,wine,pre_mass_off (L=1),0.9679775280898877,0.0016853932584270925,0,0,T10,s10-19
gacc,wine,pre_mass_off (L=5),0.9696629213483148,0.0,0,1,T10,s10-19
gacc,wine,SC-FFCM (L=5),0.9601123595505617,0.009550561797753043,0,0,T10,s10-19
gacc,wine,"SC-FFCM (L=1, R=50)",0.9589887640449438,0.010674157303370957,0,0,T10,s10-19
gacc,satimage,"F-FCM (post_none_off, L=5)",0.6754587869362364,0.028600311041990678,0,0,T10,s10-19
gacc,satimage,GF-PFedFCM (L=5),0.6293779160186627,0.07468118195956441,0,0,T10,s10-19
gacc,satimage,ungated PRE (L=1),0.6815552099533437,0.022503888024883345,0,0,T10,s10-19
gacc,satimage,pre_mass_off (L=1),0.6433748055987558,0.06068429237947126,0,0,T10,s10-19
gacc,satimage,pre_mass_off (L=5),0.6165007776049766,0.08755832037325051,0,0,T10,s10-19
gacc,satimage,SC-FFCM (L=5),0.7040590979782271,0.0,0,1,T10,s10-19
gacc,satimage,"SC-FFCM (L=1, R=50)",0.7034992223950234,0.000559875583203695,0,0,T10,s10-19
gacc,pendigits,"F-FCM (post_none_off, L=5)",0.518740902474527,0.22153384279475985,0,0,T10,s10-19
gacc,pendigits,GF-PFedFCM (L=5),0.6038664483260552,0.13640829694323164,0,0,T10,s10-19
gacc,pendigits,ungated PRE (L=1),0.7257459970887918,0.014528748180494988,0,0,T10,s10-19
gacc,pendigits,pre_mass_off (L=1),0.7038755458515283,0.03639919941775849,0,0,T10,s10-19
gacc,pendigits,pre_mass_off (L=5),0.6050400291120814,0.1352347161572054,0,0,T10,s10-19
gacc,pendigits,SC-FFCM (L=5),0.7402747452692868,0.0,0,1,T10,s10-19
gacc,pendigits,"SC-FFCM (L=1, R=50)",0.7175673216885008,0.022707423580786035,0,0,T10,s10-19
gacc,digits_pca16,"F-FCM (post_none_off, L=5)",0.3655537006121313,0.36527545909849746,0,0,T10,s10-19
gacc,digits_pca16,GF-PFedFCM (L=5),0.5294936004451865,0.20133555926544233,0,0,T10,s10-19
gacc,digits_pca16,ungated PRE (L=1),0.7308291597106288,0.0,0,1,T10,s10-19
gacc,digits_pca16,pre_mass_off (L=1),0.7273233166388424,0.003505843071786363,0,0,T10,s10-19
gacc,digits_pca16,pre_mass_off (L=5),0.5989426822481914,0.13188647746243742,0,0,T10,s10-19
gacc,digits_pca16,SC-FFCM (L=5),0.7249304396215915,0.005898720089037246,0,0,T10,s10-19
gacc,digits_pca16,"SC-FFCM (L=1, R=50)",0.7220923761825264,0.008736783528102365,0,0,T10,s10-19
gacc,digits_pca32,"F-FCM (post_none_off, L=5)",0.3168614357262104,0.37874234835837495,0,0,T10,s10-19
gacc,digits_pca32,GF-PFedFCM (L=5),0.47362270450751254,0.2219810795770728,0,0,T10,s10-19
gacc,digits_pca32,ungated PRE (L=1),0.6852531997774068,0.0103505843071785,0,0,T10,s10-19
gacc,digits_pca32,pre_mass_off (L=1),0.6956037840845853,0.0,0,1,T10,s10-19
gacc,digits_pca32,pre_mass_off (L=5),0.5569282136894824,0.13867557039510292,0,0,T10,s10-19
gacc,digits_pca32,SC-FFCM (L=5),0.654869226488592,0.040734557595993315,0,0,T10,s10-19
gacc,digits_pca32,"SC-FFCM (L=1, R=50)",0.6750139120756817,0.02058987200890361,0,0,T10,s10-19
gacc,letter,"F-FCM (post_none_off, L=5)",0.21392000000000003,0.07797999999999997,0,0,T10,s10-19
gacc,letter,GF-PFedFCM (L=5),0.233075,0.05882499999999999,0,0,T10,s10-19
gacc,letter,ungated PRE (L=1),0.26701500000000006,0.024884999999999935,0,0,T10,s10-19
gacc,letter,pre_mass_off (L=1),0.2919,0.0,0,1,T10,s10-19
gacc,letter,pre_mass_off (L=5),0.256125,0.035775,0,0,T10,s10-19
gacc,letter,SC-FFCM (L=5),0.268045,0.023855000000000015,0,0,T10,s10-19
gacc,letter,"SC-FFCM (L=1, R=50)",0.26417,0.027729999999999977,0,0,T10,s10-19
gacc,mnist784_pca32 (20c),"F-FCM (post_none_off, L=5)",0.3430485714285714,0.16845142857142853,0,0,T10,s10-19
gacc,mnist784_pca32 (20c),GF-PFedFCM (L=5),0.3750071428571428,0.13649285714285714,0,0,T10,s10-19
gacc,mnist784_pca32 (20c),ungated PRE (L=1),0.4752371428571428,0.03626285714285715,0,0,T10,s10-19
gacc,mnist784_pca32 (20c),pre_mass_off (L=1),0.5115,0.0,0,1,T10,s10-19
gacc,mnist784_pca32 (20c),pre_mass_off (L=5),0.41701714285714286,0.09448285714285709,0,0,T10,s10-19
gacc,mnist784_pca32 (20c),SC-FFCM (L=5),0.4771528571428572,0.03434714285714274,0,0,T10,s10-19
gacc,mnist784_pca32 (20c),"SC-FFCM (L=1, R=50)",0.4811528571428571,0.03034714285714285,0,0,T10,s10-19
gacc,mnist784_pca32 (50c),"F-FCM (post_none_off, L=5)",0.33578285714285716,0.1988899999999999,0,0,T10,s10-19
gacc,mnist784_pca32 (50c),GF-PFedFCM (L=5),0.37928000000000006,0.155392857142857,0,0,T10,s10-19
gacc,mnist784_pca32 (50c),ungated PRE (L=1),0.4655014285714286,0.06917142857142844,0,0,T10,s10-19
gacc,mnist784_pca32 (50c),pre_mass_off (L=1),0.5346728571428571,0.0,0,1,T10,s10-19
gacc,mnist784_pca32 (50c),pre_mass_off (L=5),0.42323428571428573,0.11143857142857133,0,0,T10,s10-19
gacc,mnist784_pca32 (50c),SC-FFCM (L=5),0.48332142857142857,0.05135142857142849,0,0,T10,s10-19
gacc,mnist784_pca32 (50c),"SC-FFCM (L=1, R=50)",0.47244857142857144,0.06222428571428562,0,0,T10,s10-19
fcm_obj,cluster_skew_hard,"F-FCM (post_none_off, L=5)",8.397323910647357,7.068967412492235,0,0,T10,s10-19
fcm_obj,cluster_skew_hard,GF-PFedFCM (L=5),1.28793998285983,0.23757828821689705,0,0,T10,s10-19
fcm_obj,cluster_skew_hard,ungated PRE (L=1),1.040693744486657,0.0,0,1,T10,s10-19
fcm_obj,cluster_skew_hard,pre_mass_off (L=1),1.0408149742859742,0.0001164894090691085,0,0,T10,s10-19
fcm_obj,cluster_skew_hard,pre_mass_off (L=5),1.913668274558906,0.8388390289622246,0,0,T10,s10-19
fcm_obj,cluster_skew_hard,SC-FFCM (L=5),1.0406937444948994,7.920001228490941e-12,0,0,T10,s10-19
fcm_obj,cluster_skew_hard,"SC-FFCM (L=1, R=50)",1.040693744486758,9.707975643759101e-14,0,0,T10,s10-19
fcm_obj,cluster_skew_overlap,"F-FCM (post_none_off, L=5)",2.785452489469266,0.32538278024270617,0,0,T10,s10-19
fcm_obj,cluster_skew_overlap,GF-PFedFCM (L=5),2.3289705601627504,0.10817811030769613,0,0,T10,s10-19
fcm_obj,cluster_skew_overlap,ungated PRE (L=1),2.101621156419985,6.618477012971632e-10,0,0,T10,s10-19
fcm_obj,cluster_skew_overlap,pre_mass_off (L=1),2.135093034686756,0.015926695245538504,0,0,T10,s10-19
fcm_obj,cluster_skew_overlap,pre_mass_off (L=5),2.5613394833873855,0.21874462352944998,0,0,T10,s10-19
fcm_obj,cluster_skew_overlap,SC-FFCM (L=5),2.101621156929857,9.044564603476968e-10,0,0,T10,s10-19
fcm_obj,cluster_skew_overlap,"SC-FFCM (L=1, R=50)",2.101621155029032,0.0,0,1,T10,s10-19
fcm_obj,dirichlet_0.03,"F-FCM (post_none_off, L=5)",8.52714528367476,7.221750701453139,0,0,T10,s10-19
fcm_obj,dirichlet_0.03,GF-PFedFCM (L=5),1.471763820110787,0.4190534836477578,0,0,T10,s10-19
fcm_obj,dirichlet_0.03,ungated PRE (L=1),1.03714471446667,0.0,0,1,T10,s10-19
fcm_obj,dirichlet_0.03,pre_mass_off (L=1),1.0372422410396231,9.403371737125986e-05,0,0,T10,s10-19
fcm_obj,dirichlet_0.03,pre_mass_off (L=5),1.526020095634278,0.471366603279661,0,0,T10,s10-19
fcm_obj,dirichlet_0.03,SC-FFCM (L=5),1.037144717868562,3.2800553807966664e-09,0,0,T10,s10-19
fcm_obj,dirichlet_0.03,"SC-FFCM (L=1, R=50)",1.0371447215375895,6.817678891831678e-09,0,0,T10,s10-19
fcm_obj,dirichlet_0.1,"F-FCM (post_none_off, L=5)",6.481114866768008,4.763260032910272,0,0,T10,s10-19
fcm_obj,dirichlet_0.1,GF-PFedFCM (L=5),1.454861699578237,0.29371974713548876,0,0,T10,s10-19
fcm_obj,dirichlet_0.1,ungated PRE (L=1),1.124557078764194,0.0,0,1,T10,s10-19
fcm_obj,dirichlet_0.1,pre_mass_off (L=1),1.1256111835043172,0.0009373510336011699,0,0,T10,s10-19
fcm_obj,dirichlet_0.1,pre_mass_off (L=5),1.544714696441597,0.3736205352414173,0,0,T10,s10-19
fcm_obj,dirichlet_0.1,SC-FFCM (L=5),1.124557139964592,5.4421779931234416e-08,0,0,T10,s10-19
fcm_obj,dirichlet_0.1,"SC-FFCM (L=1, R=50)",1.125638201390751,0.0009613763916235297,0,0,T10,s10-19
fcm_obj,overlap_noise,"F-FCM (post_none_off, L=5)",2.558588325287805,0.10661857142094763,0,0,T10,s10-19
fcm_obj,overlap_noise,GF-PFedFCM (L=5),2.33233782760552,0.00876265608908773,0,0,T10,s10-19
fcm_obj,overlap_noise,ungated PRE (L=1),2.3120778842546112,0.0,0,1,T10,s10-19
fcm_obj,overlap_noise,pre_mass_off (L=1),2.3167010990845407,0.001999593033354895,0,0,T10,s10-19
fcm_obj,overlap_noise,pre_mass_off (L=5),2.3664402675804066,0.02351234951729197,0,0,T10,s10-19
fcm_obj,overlap_noise,SC-FFCM (L=5),2.313537425112145,0.0006312680327395241,0,0,T10,s10-19
fcm_obj,overlap_noise,"SC-FFCM (L=1, R=50)",2.314760250008277,0.0011601537179749529,0,0,T10,s10-19
fcm_obj,quantity_skew_extreme,"F-FCM (post_none_off, L=5)",3.4135693532235662,2.2496386134745294,0,0,T10,s10-19
fcm_obj,quantity_skew_extreme,GF-PFedFCM (L=5),2.2407622810589403,1.133153564104399,0,0,T10,s10-19
fcm_obj,quantity_skew_extreme,ungated PRE (L=1),1.5080241872342464,0.43560394466929053,0,0,T10,s10-19
fcm_obj,quantity_skew_extreme,pre_mass_off (L=1),1.7634224227040947,0.6787371234378201,0,0,T10,s10-19
fcm_obj,quantity_skew_extreme,pre_mass_off (L=5),1.9733662705135575,0.8785987825714725,0,0,T10,s10-19
fcm_obj,quantity_skew_extreme,SC-FFCM (L=5),1.05272062722607,0.00216554739232595,0,0,T10,s10-19
fcm_obj,quantity_skew_extreme,"SC-FFCM (L=1, R=50)",1.0504458369830119,0.0,0,1,T10,s10-19
fcm_obj,wine,"F-FCM (post_none_off, L=5)",4.104002732495193,0.07016164079022505,0,0,T10,s10-19
fcm_obj,wine,GF-PFedFCM (L=5),3.834937243185739,0.0,0,1,T10,s10-19
fcm_obj,wine,ungated PRE (L=1),4.052321330208623,0.0566851745512007,0,0,T10,s10-19
fcm_obj,wine,pre_mass_off (L=1),4.080735351168344,0.06409442773003939,0,0,T10,s10-19
fcm_obj,wine,pre_mass_off (L=5),4.1139551675756305,0.07275684234094716,0,0,T10,s10-19
fcm_obj,wine,SC-FFCM (L=5),4.063489707632078,0.05959744578674693,0,0,T10,s10-19
fcm_obj,wine,"SC-FFCM (L=1, R=50)",4.063725299468395,0.05965887882238146,0,0,T10,s10-19
fcm_obj,satimage,"F-FCM (post_none_off, L=5)",4.181981856837984,0.12200728197181897,0,0,T10,s10-19
fcm_obj,satimage,GF-PFedFCM (L=5),3.815919885165962,0.023794469977574437,0,0,T10,s10-19
fcm_obj,satimage,ungated PRE (L=1),3.7272323665213265,0.0,0,1,T10,s10-19
fcm_obj,satimage,pre_mass_off (L=1),3.7734267402752386,0.012393746676176754,0,0,T10,s10-19
fcm_obj,satimage,pre_mass_off (L=5),3.9681709587973133,0.06464276132610908,0,0,T10,s10-19
fcm_obj,satimage,SC-FFCM (L=5),3.7300377537338796,0.0007526730122198907,0,0,T10,s10-19
fcm_obj,satimage,"SC-FFCM (L=1, R=50)",3.7539325616534613,0.007163544557071571,0,0,T10,s10-19
fcm_obj,pendigits,"F-FCM (post_none_off, L=5)",4.421997908365215,0.14072366030120617,0,0,T10,s10-19
fcm_obj,pendigits,GF-PFedFCM (L=5),4.078390255524579,0.05208468136492208,0,0,T10,s10-19
fcm_obj,pendigits,ungated PRE (L=1),3.876484780895659,0.0,0,1,T10,s10-19
fcm_obj,pendigits,pre_mass_off (L=1),3.973618782567877,0.025057237977798855,0,0,T10,s10-19
fcm_obj,pendigits,pre_mass_off (L=5),4.369007263610458,0.12705389303785736,0,0,T10,s10-19
fcm_obj,pendigits,SC-FFCM (L=5),3.8803388833964476,0.0009942261400800038,0,0,T10,s10-19
fcm_obj,pendigits,"SC-FFCM (L=1, R=50)",3.8954055017640683,0.004880896466214899,0,0,T10,s10-19
fcm_obj,digits_pca16,"F-FCM (post_none_off, L=5)",8.243686107849415,0.0692289602735936,0,0,T10,s10-19
fcm_obj,digits_pca16,GF-PFedFCM (L=5),7.720263155530918,0.0013395511222736413,0,0,T10,s10-19
fcm_obj,digits_pca16,ungated PRE (L=1),7.714674745810919,0.0006147188765616663,0,0,T10,s10-19
fcm_obj,digits_pca16,pre_mass_off (L=1),7.894498034893109,0.0239382983897665,0,0,T10,s10-19
fcm_obj,digits_pca16,pre_mass_off (L=5),8.35018610865314,0.08304230586181023,0,0,T10,s10-19
fcm_obj,digits_pca16,SC-FFCM (L=5),7.7099353030430695,0.0,0,1,T10,s10-19
fcm_obj,digits_pca16,"SC-FFCM (L=1, R=50)",7.715678106861022,0.0007448575885825764,0,0,T10,s10-19
fcm_obj,digits_pca32,"F-FCM (post_none_off, L=5)",25.187494310594143,0.07264546348696932,0,0,T10,s10-19
fcm_obj,digits_pca32,GF-PFedFCM (L=5),23.481658355887994,0.0,0,1,T10,s10-19
fcm_obj,digits_pca32,ungated PRE (L=1),23.948353330791086,0.0198748728829056,0,0,T10,s10-19
fcm_obj,digits_pca32,pre_mass_off (L=1),24.29064802303681,0.034451981835685035,0,0,T10,s10-19
fcm_obj,digits_pca32,pre_mass_off (L=5),25.13217886706618,0.07028977622290976,0,0,T10,s10-19
fcm_obj,digits_pca32,SC-FFCM (L=5),24.017145107977214,0.022804469087037343,0,0,T10,s10-19
fcm_obj,digits_pca32,"SC-FFCM (L=1, R=50)",23.984205137528004,0.021401673341099322,0,0,T10,s10-19
fcm_obj,letter,"F-FCM (post_none_off, L=5)",5.160289871565744,0.07767903700732201,0,0,T10,s10-19
fcm_obj,letter,GF-PFedFCM (L=5),4.788336503135194,0.0,0,1,T10,s10-19
fcm_obj,letter,ungated PRE (L=1),4.922407433355265,0.027999479596366568,0,0,T10,s10-19
fcm_obj,letter,pre_mass_off (L=1),5.087493075354984,0.0624760962442625,0,0,T10,s10-19
fcm_obj,letter,pre_mass_off (L=5),5.302344395739388,0.10734581670850483,0,0,T10,s10-19
fcm_obj,letter,SC-FFCM (L=5),4.9087500184000685,0.025147254205303428,0,0,T10,s10-19
fcm_obj,letter,"SC-FFCM (L=1, R=50)",4.922480944253858,0.028014831670838583,0,0,T10,s10-19
fcm_obj,mnist784_pca32 (20c),"F-FCM (post_none_off, L=5)",24.963919544917722,0.05907453994644692,0,0,T10,s10-19
fcm_obj,mnist784_pca32 (20c),GF-PFedFCM (L=5),23.571447148734258,0.0,0,1,T10,s10-19
fcm_obj,mnist784_pca32 (20c),ungated PRE (L=1),24.36028513610526,0.03346582763431912,0,0,T10,s10-19
fcm_obj,mnist784_pca32 (20c),pre_mass_off (L=1),24.58253158928338,0.04289445761090728,0,0,T10,s10-19
fcm_obj,mnist784_pca32 (20c),pre_mass_off (L=5),24.976612674393525,0.05961303592404687,0,0,T10,s10-19
fcm_obj,mnist784_pca32 (20c),SC-FFCM (L=5),24.36002946051625,0.033454980799697706,0,0,T10,s10-19
fcm_obj,mnist784_pca32 (20c),"SC-FFCM (L=1, R=50)",24.442356815815742,0.03694765372639629,0,0,T10,s10-19
fcm_obj,mnist784_pca32 (50c),"F-FCM (post_none_off, L=5)",24.9776535218351,0.06221483035660402,0,0,T10,s10-19
fcm_obj,mnist784_pca32 (50c),GF-PFedFCM (L=5),23.514691009774047,0.0,0,1,T10,s10-19
fcm_obj,mnist784_pca32 (50c),ungated PRE (L=1),24.367847727803486,0.0362818596117133,0,0,T10,s10-19
fcm_obj,mnist784_pca32 (50c),pre_mass_off (L=1),24.55521108208374,0.04424978715974595,0,0,T10,s10-19
fcm_obj,mnist784_pca32 (50c),pre_mass_off (L=5),24.95683278479981,0.06132939507588373,0,0,T10,s10-19
fcm_obj,mnist784_pca32 (50c),SC-FFCM (L=5),24.329350306708314,0.03464469495242984,0,0,T10,s10-19
fcm_obj,mnist784_pca32 (50c),"SC-FFCM (L=1, R=50)",24.413406173361206,0.03821930567633663,0,0,T10,s10-19
upload_numbers,cluster_skew_hard,"F-FCM (post_none_off, L=5)",7200.0,1.34375,0,0,T10,s10-19
upload_numbers,cluster_skew_hard,GF-PFedFCM (L=5),4492.8,0.4625000000000001,0,0,T10,s10-19
upload_numbers,cluster_skew_hard,ungated PRE (L=1),7200.0,1.34375,0,0,T10,s10-19
upload_numbers,cluster_skew_hard,pre_mass_off (L=1),7200.0,1.34375,0,0,T10,s10-19
upload_numbers,cluster_skew_hard,pre_mass_off (L=5),7200.0,1.34375,0,0,T10,s10-19
upload_numbers,cluster_skew_hard,SC-FFCM (L=5),3724.8,0.21250000000000005,0,0,T10,s10-19
upload_numbers,cluster_skew_hard,"SC-FFCM (L=1, R=50)",3072.0,0.0,0,1,T10,s10-19
upload_numbers,cluster_skew_overlap,"F-FCM (post_none_off, L=5)",7200.0,0.7793594306049821,0,0,T10,s10-19
upload_numbers,cluster_skew_overlap,GF-PFedFCM (L=5),4046.4,0.0,0,1,T10,s10-19
upload_numbers,cluster_skew_overlap,ungated PRE (L=1),7200.0,0.7793594306049821,0,0,T10,s10-19
upload_numbers,cluster_skew_overlap,pre_mass_off (L=1),7200.0,0.7793594306049821,0,0,T10,s10-19
upload_numbers,cluster_skew_overlap,pre_mass_off (L=5),7200.0,0.7793594306049821,0,0,T10,s10-19
upload_numbers,cluster_skew_overlap,SC-FFCM (L=5),8812.8,1.177935943060498,0,0,T10,s10-19
upload_numbers,cluster_skew_overlap,"SC-FFCM (L=1, R=50)",6816.0,0.6844602609727165,0,0,T10,s10-19
upload_numbers,dirichlet_0.03,"F-FCM (post_none_off, L=5)",7200.0,0.25944584382871533,0,0,T10,s10-19
upload_numbers,dirichlet_0.03,GF-PFedFCM (L=5),5716.8,0.0,0,1,T10,s10-19
upload_numbers,dirichlet_0.03,ungated PRE (L=1),7200.0,0.25944584382871533,0,0,T10,s10-19
upload_numbers,dirichlet_0.03,pre_mass_off (L=1),7200.0,0.25944584382871533,0,0,T10,s10-19
upload_numbers,dirichlet_0.03,pre_mass_off (L=5),7200.0,0.25944584382871533,0,0,T10,s10-19
upload_numbers,dirichlet_0.03,SC-FFCM (L=5),7123.2,0.24601175482787566,0,0,T10,s10-19
upload_numbers,dirichlet_0.03,"SC-FFCM (L=1, R=50)",7680.0,0.343408900083963,0,0,T10,s10-19
upload_numbers,dirichlet_0.1,"F-FCM (post_none_off, L=5)",7200.0,0.42857142857142855,0,0,T10,s10-19
upload_numbers,dirichlet_0.1,GF-PFedFCM (L=5),5040.0,0.0,0,1,T10,s10-19
upload_numbers,dirichlet_0.1,ungated PRE (L=1),7200.0,0.42857142857142855,0,0,T10,s10-19
upload_numbers,dirichlet_0.1,pre_mass_off (L=1),7200.0,0.42857142857142855,0,0,T10,s10-19
upload_numbers,dirichlet_0.1,pre_mass_off (L=5),7200.0,0.42857142857142855,0,0,T10,s10-19
upload_numbers,dirichlet_0.1,SC-FFCM (L=5),5702.4,0.13142857142857137,0,0,T10,s10-19
upload_numbers,dirichlet_0.1,"SC-FFCM (L=1, R=50)",6950.4,0.37904761904761897,0,0,T10,s10-19
upload_numbers,overlap_noise,"F-FCM (post_none_off, L=5)",7200.0,1.3584905660377358,0,0,T10,s10-19
upload_numbers,overlap_noise,GF-PFedFCM (L=5),3052.8,0.0,0,1,T10,s10-19
upload_numbers,overlap_noise,ungated PRE (L=1),7200.0,1.3584905660377358,0,0,T10,s10-19
upload_numbers,overlap_noise,pre_mass_off (L=1),7200.0,1.3584905660377358,0,0,T10,s10-19
upload_numbers,overlap_noise,pre_mass_off (L=5),7200.0,1.3584905660377358,0,0,T10,s10-19
upload_numbers,overlap_noise,SC-FFCM (L=5),4800.0,0.5723270440251571,0,0,T10,s10-19
upload_numbers,overlap_noise,"SC-FFCM (L=1, R=50)",4915.2,0.6100628930817609,0,0,T10,s10-19
upload_numbers,quantity_skew_extreme,"F-FCM (post_none_off, L=5)",7200.0,0.2919896640826873,0,0,T10,s10-19
upload_numbers,quantity_skew_extreme,GF-PFedFCM (L=5),5572.8,0.0,0,1,T10,s10-19
upload_numbers,quantity_skew_extreme,ungated PRE (L=1),7200.0,0.2919896640826873,0,0,T10,s10-19
upload_numbers,quantity_skew_extreme,pre_mass_off (L=1),7200.0,0.2919896640826873,0,0,T10,s10-19
upload_numbers,quantity_skew_extreme,pre_mass_off (L=5),7200.0,0.2919896640826873,0,0,T10,s10-19
upload_numbers,quantity_skew_extreme,SC-FFCM (L=5),9196.8,0.6503014642549524,0,0,T10,s10-19
upload_numbers,quantity_skew_extreme,"SC-FFCM (L=1, R=50)",6585.6,0.18173987941429803,0,0,T10,s10-19
upload_numbers,wine,"F-FCM (post_none_off, L=5)",21000.0,0.35501355013550134,0,0,T10,s10-19
upload_numbers,wine,GF-PFedFCM (L=5),15498.0,0.0,0,1,T10,s10-19
upload_numbers,wine,ungated PRE (L=1),21000.0,0.35501355013550134,0,0,T10,s10-19
upload_numbers,wine,pre_mass_off (L=1),21000.0,0.35501355013550134,0,0,T10,s10-19
upload_numbers,wine,pre_mass_off (L=5),21000.0,0.35501355013550134,0,0,T10,s10-19
upload_numbers,wine,SC-FFCM (L=5),39000.0,1.5164537359659311,0,0,T10,s10-19
upload_numbers,wine,"SC-FFCM (L=1, R=50)",39000.0,1.5164537359659311,0,0,T10,s10-19
upload_numbers,satimage,"F-FCM (post_none_off, L=5)",111000.0,0.4492753623188406,0,0,T10,s10-19
upload_numbers,satimage,GF-PFedFCM (L=5),76590.0,0.0,0,1,T10,s10-19
upload_numbers,satimage,ungated PRE (L=1),111000.0,0.4492753623188406,0,0,T10,s10-19
upload_numbers,satimage,pre_mass_off (L=1),111000.0,0.4492753623188406,0,0,T10,s10-19
upload_numbers,satimage,pre_mass_off (L=5),111000.0,0.4492753623188406,0,0,T10,s10-19
upload_numbers,satimage,SC-FFCM (L=5),216000.0,1.8202115158636898,0,0,T10,s10-19
upload_numbers,satimage,"SC-FFCM (L=1, R=50)",216000.0,1.8202115158636898,0,0,T10,s10-19
upload_numbers,pendigits,"F-FCM (post_none_off, L=5)",85000.0,0.07066381156316917,0,0,T10,s10-19
upload_numbers,pendigits,GF-PFedFCM (L=5),79390.0,0.0,0,1,T10,s10-19
upload_numbers,pendigits,ungated PRE (L=1),85000.0,0.07066381156316917,0,0,T10,s10-19
upload_numbers,pendigits,pre_mass_off (L=1),85000.0,0.07066381156316917,0,0,T10,s10-19
upload_numbers,pendigits,pre_mass_off (L=5),85000.0,0.07066381156316917,0,0,T10,s10-19
upload_numbers,pendigits,SC-FFCM (L=5),151680.0,0.9105680816223706,0,0,T10,s10-19
upload_numbers,pendigits,"SC-FFCM (L=1, R=50)",160000.0,1.015367174707142,0,0,T10,s10-19
upload_numbers,digits_pca16,"F-FCM (post_none_off, L=5)",85000.0,0.010101010101010102,0,0,T10,s10-19
upload_numbers,digits_pca16,GF-PFedFCM (L=5),84150.0,0.0,0,1,T10,s10-19
upload_numbers,digits_pca16,ungated PRE (L=1),85000.0,0.010101010101010102,0,0,T10,s10-19
upload_numbers,digits_pca16,pre_mass_off (L=1),85000.0,0.010101010101010102,0,0,T10,s10-19
upload_numbers,digits_pca16,pre_mass_off (L=5),85000.0,0.010101010101010102,0,0,T10,s10-19
upload_numbers,digits_pca16,SC-FFCM (L=5),160000.0,0.9013666072489602,0,0,T10,s10-19
upload_numbers,digits_pca16,"SC-FFCM (L=1, R=50)",160000.0,0.9013666072489602,0,0,T10,s10-19
upload_numbers,digits_pca32,"F-FCM (post_none_off, L=5)",165000.0,0.0,0,1,T10,s10-19
upload_numbers,digits_pca32,GF-PFedFCM (L=5),165000.0,0.0,0,1,T10,s10-19
upload_numbers,digits_pca32,ungated PRE (L=1),165000.0,0.0,0,1,T10,s10-19
upload_numbers,digits_pca32,pre_mass_off (L=1),165000.0,0.0,0,1,T10,s10-19
upload_numbers,digits_pca32,pre_mass_off (L=5),165000.0,0.0,0,1,T10,s10-19
upload_numbers,digits_pca32,SC-FFCM (L=5),320000.0,0.9393939393939394,0,0,T10,s10-19
upload_numbers,digits_pca32,"SC-FFCM (L=1, R=50)",320000.0,0.9393939393939394,0,0,T10,s10-19
upload_numbers,letter,"F-FCM (post_none_off, L=5)",221000.0,0.0,0,1,T10,s10-19
upload_numbers,letter,GF-PFedFCM (L=5),221000.0,0.0,0,1,T10,s10-19
upload_numbers,letter,ungated PRE (L=1),221000.0,0.0,0,1,T10,s10-19
upload_numbers,letter,pre_mass_off (L=1),221000.0,0.0,0,1,T10,s10-19
upload_numbers,letter,pre_mass_off (L=5),221000.0,0.0,0,1,T10,s10-19
upload_numbers,letter,SC-FFCM (L=5),416000.0,0.8823529411764706,0,0,T10,s10-19
upload_numbers,letter,"SC-FFCM (L=1, R=50)",416000.0,0.8823529411764706,0,0,T10,s10-19
upload_numbers,mnist784_pca32 (20c),"F-FCM (post_none_off, L=5)",330000.0,0.0,0,1,T10,s10-19
upload_numbers,mnist784_pca32 (20c),GF-PFedFCM (L=5),330000.0,0.0,0,1,T10,s10-19
upload_numbers,mnist784_pca32 (20c),ungated PRE (L=1),330000.0,0.0,0,1,T10,s10-19
upload_numbers,mnist784_pca32 (20c),pre_mass_off (L=1),330000.0,0.0,0,1,T10,s10-19
upload_numbers,mnist784_pca32 (20c),pre_mass_off (L=5),330000.0,0.0,0,1,T10,s10-19
upload_numbers,mnist784_pca32 (20c),SC-FFCM (L=5),640000.0,0.9393939393939394,0,0,T10,s10-19
upload_numbers,mnist784_pca32 (20c),"SC-FFCM (L=1, R=50)",640000.0,0.9393939393939394,0,0,T10,s10-19
upload_numbers,mnist784_pca32 (50c),"F-FCM (post_none_off, L=5)",825000.0,0.0,0,1,T10,s10-19
upload_numbers,mnist784_pca32 (50c),GF-PFedFCM (L=5),825000.0,0.0,0,1,T10,s10-19
upload_numbers,mnist784_pca32 (50c),ungated PRE (L=1),825000.0,0.0,0,1,T10,s10-19
upload_numbers,mnist784_pca32 (50c),pre_mass_off (L=1),825000.0,0.0,0,1,T10,s10-19
upload_numbers,mnist784_pca32 (50c),pre_mass_off (L=5),825000.0,0.0,0,1,T10,s10-19
upload_numbers,mnist784_pca32 (50c),SC-FFCM (L=5),1600000.0,0.9393939393939394,0,0,T10,s10-19
upload_numbers,mnist784_pca32 (50c),"SC-FFCM (L=1, R=50)",1600000.0,0.9393939393939394,0,0,T10,s10-19
mean_acc,cluster_skew_hard,"F-FCM (post_none_off, L=5)",0.8692424242424244,0.13075757575757563,0,0,T10,s20-29
mean_acc,cluster_skew_hard,GF-PFedFCM (L=5),1.0,0.0,0,1,T10,s20-29
mean_acc,cluster_skew_hard,ungated PRE (L=1),1.0,0.0,0,1,T10,s20-29
mean_acc,cluster_skew_hard,pre_mass_off (L=1),1.0,0.0,0,1,T10,s20-29
mean_acc,cluster_skew_hard,pre_mass_off (L=5),0.9708712121212122,0.02912878787878781,0,0,T10,s20-29
mean_acc,cluster_skew_hard,SC-FFCM (L=5),1.0,0.0,0,1,T10,s20-29
mean_acc,cluster_skew_hard,"SC-FFCM (L=1, R=50)",1.0,0.0,0,1,T10,s20-29
mean_acc,cluster_skew_overlap,"F-FCM (post_none_off, L=5)",0.7370833333333333,0.13136363636363646,0,0,T10,s20-29
mean_acc,cluster_skew_overlap,GF-PFedFCM (L=5),0.815909090909091,0.052537878787878745,0,0,T10,s20-29
mean_acc,cluster_skew_overlap,ungated PRE (L=1),0.8684469696969698,0.0,0,1,T10,s20-29
mean_acc,cluster_skew_overlap,pre_mass_off (L=1),0.8683712121212123,7.575757575750686e-05,0,0,T10,s20-29
mean_acc,cluster_skew_overlap,pre_mass_off (L=5),0.8662878787878789,0.002159090909090833,0,0,T10,s20-29
mean_acc,cluster_skew_overlap,SC-FFCM (L=5),0.8684469696969698,0.0,0,1,T10,s20-29
mean_acc,cluster_skew_overlap,"SC-FFCM (L=1, R=50)",0.8684469696969698,0.0,0,1,T10,s20-29
mean_acc,dirichlet_0.03,"F-FCM (post_none_off, L=5)",0.9435984848484849,0.038181818181818206,0,0,T10,s20-29
mean_acc,dirichlet_0.03,GF-PFedFCM (L=5),0.9806060606060607,0.0011742424242423555,0,0,T10,s20-29
mean_acc,dirichlet_0.03,ungated PRE (L=1),0.9817803030303031,0.0,0,1,T10,s20-29
mean_acc,dirichlet_0.03,pre_mass_off (L=1),0.9797727272727272,0.002007575757575819,0,0,T10,s20-29
mean_acc,dirichlet_0.03,pre_mass_off (L=5),0.9411742424242423,0.040606060606060757,0,0,T10,s20-29
mean_acc,dirichlet_0.03,SC-FFCM (L=5),0.9817045454545454,7.575757575761788e-05,0,0,T10,s20-29
mean_acc,dirichlet_0.03,"SC-FFCM (L=1, R=50)",0.9817045454545454,7.575757575761788e-05,0,0,T10,s20-29
mean_acc,dirichlet_0.1,"F-FCM (post_none_off, L=5)",0.9140151515151513,0.08598484848484866,0,0,T10,s20-29
mean_acc,dirichlet_0.1,GF-PFedFCM (L=5),0.9378409090909091,0.062159090909090886,0,0,T10,s20-29
mean_acc,dirichlet_0.1,ungated PRE (L=1),1.0,0.0,0,1,T10,s20-29
mean_acc,dirichlet_0.1,pre_mass_off (L=1),0.9750757575757575,0.024924242424242515,0,0,T10,s20-29
mean_acc,dirichlet_0.1,pre_mass_off (L=5),0.959128787878788,0.04087121212121203,0,0,T10,s20-29
mean_acc,dirichlet_0.1,SC-FFCM (L=5),1.0,0.0,0,1,T10,s20-29
mean_acc,dirichlet_0.1,"SC-FFCM (L=1, R=50)",1.0,0.0,0,1,T10,s20-29
mean_acc,overlap_noise,"F-FCM (post_none_off, L=5)",0.8359848484848484,0.06814393939393959,0,0,T10,s20-29
mean_acc,overlap_noise,GF-PFedFCM (L=5),0.8951136363636362,0.009015151515151865,0,0,T10,s20-29
mean_acc,overlap_noise,ungated PRE (L=1),0.904128787878788,0.0,0,1,T10,s20-29
mean_acc,overlap_noise,pre_mass_off (L=1),0.8856060606060605,0.018522727272727524,0,0,T10,s20-29
mean_acc,overlap_noise,pre_mass_off (L=5),0.8695833333333333,0.03454545454545477,0,0,T10,s20-29
mean_acc,overlap_noise,SC-FFCM (L=5),0.904128787878788,0.0,0,1,T10,s20-29
mean_acc,overlap_noise,"SC-FFCM (L=1, R=50)",0.904128787878788,0.0,0,1,T10,s20-29
mean_acc,quantity_skew_extreme,"F-FCM (post_none_off, L=5)",0.8815301459061008,0.11846985409389921,0,0,T10,s20-29
mean_acc,quantity_skew_extreme,GF-PFedFCM (L=5),0.8658913122736533,0.13410868772634665,0,0,T10,s20-29
mean_acc,quantity_skew_extreme,ungated PRE (L=1),0.9458332003395015,0.05416679966049853,0,0,T10,s20-29
mean_acc,quantity_skew_extreme,pre_mass_off (L=1),0.9423947637318033,0.05760523626819669,0,0,T10,s20-29
mean_acc,quantity_skew_extreme,pre_mass_off (L=5),0.8705346996514184,0.1294653003485816,0,0,T10,s20-29
mean_acc,quantity_skew_extreme,SC-FFCM (L=5),1.0,0.0,0,1,T10,s20-29
mean_acc,quantity_skew_extreme,"SC-FFCM (L=1, R=50)",1.0,0.0,0,1,T10,s20-29
mean_acc,wine,"F-FCM (post_none_off, L=5)",0.9208895338837289,0.04876543687650503,0,0,T10,s20-29
mean_acc,wine,GF-PFedFCM (L=5),0.9241786205710355,0.04547635018919838,0,0,T10,s20-29
mean_acc,wine,ungated PRE (L=1),0.963657894736842,0.005997076023391834,0,0,T10,s20-29
mean_acc,wine,pre_mass_off (L=1),0.9696549707602339,0.0,0,1,T10,s20-29
mean_acc,wine,pre_mass_off (L=5),0.9687472910216719,0.0009076797385619839,0,0,T10,s20-29
mean_acc,wine,SC-FFCM (L=5),0.9614000687994496,0.008254901960784267,0,0,T10,s20-29
mean_acc,wine,"SC-FFCM (L=1, R=50)",0.9608737530099759,0.008781217750257975,0,0,T10,s20-29
mean_acc,satimage,"F-FCM (post_none_off, L=5)",0.6894378460844923,0.030854432638421136,0,0,T10,s20-29
mean_acc,satimage,GF-PFedFCM (L=5),0.6597077926175986,0.06058448610531486,0,0,T10,s20-29
mean_acc,satimage,ungated PRE (L=1),0.7098551426182405,0.010437136104673006,0,0,T10,s20-29
mean_acc,satimage,pre_mass_off (L=1),0.6852432278722574,0.035049050850656016,0,0,T10,s20-29
mean_acc,satimage,pre_mass_off (L=5),0.6604258660556488,0.05986641266726467,0,0,T10,s20-29
mean_acc,satimage,SC-FFCM (L=5),0.7202922787229135,0.0,0,1,T10,s20-29
mean_acc,satimage,"SC-FFCM (L=1, R=50)",0.7197394565688504,0.0005528221540630485,0,0,T10,s20-29
mean_acc,pendigits,"F-FCM (post_none_off, L=5)",0.5023187513702252,0.25329973286806284,0,0,T10,s20-29
mean_acc,pendigits,GF-PFedFCM (L=5),0.6280661536980152,0.12755233054027282,0,0,T10,s20-29
mean_acc,pendigits,ungated PRE (L=1),0.755618484238288,0.0,0,1,T10,s20-29
mean_acc,pendigits,pre_mass_off (L=1),0.7379815071651579,0.017636977073130167,0,0,T10,s20-29
mean_acc,pendigits,pre_mass_off (L=5),0.653876550248907,0.10174193398938103,0,0,T10,s20-29
mean_acc,pendigits,SC-FFCM (L=5),0.7465360465423516,0.009082437695936418,0,0,T10,s20-29
mean_acc,pendigits,"SC-FFCM (L=1, R=50)",0.7333037551972964,0.022314729040991632,0,0,T10,s20-29
mean_acc,digits_pca16,"F-FCM (post_none_off, L=5)",0.3999988740310042,0.370721934995344,0,0,T10,s20-29
mean_acc,digits_pca16,GF-PFedFCM (L=5),0.6081039626911818,0.16261684633516638,0,0,T10,s20-29
mean_acc,digits_pca16,ungated PRE (L=1),0.7621829867283296,0.008537822298018583,0,0,T10,s20-29
mean_acc,digits_pca16,pre_mass_off (L=1),0.7483781363192372,0.02234267270711099,0,0,T10,s20-29
mean_acc,digits_pca16,pre_mass_off (L=5),0.6749822734291907,0.0957385355971575,0,0,T10,s20-29
mean_acc,digits_pca16,SC-FFCM (L=5),0.7629401948407725,0.0077806141855757405,0,0,T10,s20-29
mean_acc,digits_pca16,"SC-FFCM (L=1, R=50)",0.7707208090263482,0.0,0,1,T10,s20-29
mean_acc,digits_pca32,"F-FCM (post_none_off, L=5)",0.37952049675192623,0.4335818187361332,0,0,T10,s20-29
mean_acc,digits_pca32,GF-PFedFCM (L=5),0.5669896280238835,0.24611268746417592,0,0,T10,s20-29
mean_acc,digits_pca32,ungated PRE (L=1),0.7680807072357048,0.04502160825235468,0,0,T10,s20-29
mean_acc,digits_pca32,pre_mass_off (L=1),0.8131023154880594,0.0,0,1,T10,s20-29
mean_acc,digits_pca32,pre_mass_off (L=5),0.6746899687555117,0.13841234673254776,0,0,T10,s20-29
mean_acc,digits_pca32,SC-FFCM (L=5),0.762947459546292,0.050154855941767496,0,0,T10,s20-29
mean_acc,digits_pca32,"SC-FFCM (L=1, R=50)",0.7583451892071618,0.05475712628089768,0,0,T10,s20-29
mean_acc,letter,"F-FCM (post_none_off, L=5)",0.26235146815142507,0.06499180745877498,0,0,T10,s20-29
mean_acc,letter,GF-PFedFCM (L=5),0.2751758570362254,0.052167418573974667,0,0,T10,s20-29
mean_acc,letter,ungated PRE (L=1),0.29915257551586716,0.028190700094332888,0,0,T10,s20-29
mean_acc,letter,pre_mass_off (L=1),0.32734327561020005,0.0,0,1,T10,s20-29
mean_acc,letter,pre_mass_off (L=5),0.30160216672692775,0.0257411088832723,0,0,T10,s20-29
mean_acc,letter,SC-FFCM (L=5),0.2969480916350026,0.03039518397519747,0,0,T10,s20-29
mean_acc,letter,"SC-FFCM (L=1, R=50)",0.29438113490730233,0.03296214070289771,0,0,T10,s20-29
mean_acc,mnist784_pca32 (20c),"F-FCM (post_none_off, L=5)",0.40054732627857403,0.23078299034055105,0,0,T10,s20-29
mean_acc,mnist784_pca32 (20c),GF-PFedFCM (L=5),0.4944728563975951,0.13685746022153,0,0,T10,s20-29
mean_acc,mnist784_pca32 (20c),ungated PRE (L=1),0.5207289696876016,0.11060134693152346,0,0,T10,s20-29
mean_acc,mnist784_pca32 (20c),pre_mass_off (L=1),0.6313303166191251,0.0,0,1,T10,s20-29
mean_acc,mnist784_pca32 (20c),pre_mass_off (L=5),0.5247952212315824,0.10653509538754269,0,0,T10,s20-29
mean_acc,mnist784_pca32 (20c),SC-FFCM (L=5),0.5344793639377516,0.09685095268137345,0,0,T10,s20-29
mean_acc,mnist784_pca32 (20c),"SC-FFCM (L=1, R=50)",0.5454026705252071,0.08592764609391801,0,0,T10,s20-29
mean_acc,mnist784_pca32 (50c),"F-FCM (post_none_off, L=5)",0.4015376178961111,0.2276189815195394,0,0,T10,s20-29
mean_acc,mnist784_pca32 (50c),GF-PFedFCM (L=5),0.4915001757209382,0.13765642369471232,0,0,T10,s20-29
mean_acc,mnist784_pca32 (50c),ungated PRE (L=1),0.5395829904778828,0.08957360893776767,0,0,T10,s20-29
mean_acc,mnist784_pca32 (50c),pre_mass_off (L=1),0.6291565994156505,0.0,0,1,T10,s20-29
mean_acc,mnist784_pca32 (50c),pre_mass_off (L=5),0.554155987090648,0.07500061232500255,0,0,T10,s20-29
mean_acc,mnist784_pca32 (50c),SC-FFCM (L=5),0.5430429244803461,0.08611367493530442,0,0,T10,s20-29
mean_acc,mnist784_pca32 (50c),"SC-FFCM (L=1, R=50)",0.5578229500049952,0.07133364941065534,0,0,T10,s20-29
worst_acc,cluster_skew_hard,"F-FCM (post_none_off, L=5)",0.6136363636363636,0.38636363636363635,0,0,T10,s20-29
worst_acc,cluster_skew_hard,GF-PFedFCM (L=5),1.0,0.0,0,1,T10,s20-29
worst_acc,cluster_skew_hard,ungated PRE (L=1),1.0,0.0,0,1,T10,s20-29
worst_acc,cluster_skew_hard,pre_mass_off (L=1),1.0,0.0,0,1,T10,s20-29
worst_acc,cluster_skew_hard,pre_mass_off (L=5),0.9081818181818182,0.0918181818181818,0,0,T10,s20-29
worst_acc,cluster_skew_hard,SC-FFCM (L=5),1.0,0.0,0,1,T10,s20-29
worst_acc,cluster_skew_hard,"SC-FFCM (L=1, R=50)",1.0,0.0,0,1,T10,s20-29
worst_acc,cluster_skew_overlap,"F-FCM (post_none_off, L=5)",0.6145454545454546,0.19045454545454532,0,0,T10,s20-29
worst_acc,cluster_skew_overlap,GF-PFedFCM (L=5),0.7163636363636362,0.08863636363636374,0,0,T10,s20-29
worst_acc,cluster_skew_overlap,ungated PRE (L=1),0.8049999999999999,0.0,0,1,T10,s20-29
worst_acc,cluster_skew_overlap,pre_mass_off (L=1),0.8045454545454545,0.00045454545454548523,0,0,T10,s20-29
worst_acc,cluster_skew_overlap,pre_mass_off (L=5),0.7949999999999999,0.010000000000000009,0,0,T10,s20-29
worst_acc,cluster_skew_overlap,SC-FFCM (L=5),0.8049999999999999,0.0,0,1,T10,s20-29
worst_acc,cluster_skew_overlap,"SC-FFCM (L=1, R=50)",0.8049999999999999,0.0,0,1,T10,s20-29
worst_acc,dirichlet_0.03,"F-FCM (post_none_off, L=5)",0.7913636363636364,0.16272727272727272,0,0,T10,s20-29
worst_acc,dirichlet_0.03,GF-PFedFCM (L=5),0.9540909090909091,0.0,0,1,T10,s20-29
worst_acc,dirichlet_0.03,ungated PRE (L=1),0.9527272727272728,0.0013636363636363447,0,0,T10,s20-29
worst_acc,dirichlet_0.03,pre_mass_off (L=1),0.9509090909090909,0.0031818181818181746,0,0,T10,s20-29
worst_acc,dirichlet_0.03,pre_mass_off (L=5),0.8540909090909091,0.09999999999999998,0,0,T10,s20-29
worst_acc,dirichlet_0.03,SC-FFCM (L=5),0.9518181818181818,0.002272727272727315,0,0,T10,s20-29
worst_acc,dirichlet_0.03,"SC-FFCM (L=1, R=50)",0.9518181818181818,0.002272727272727315,0,0,T10,s20-29
worst_acc,dirichlet_0.1,"F-FCM (post_none_off, L=5)",0.7077272727272728,0.29227272727272724,0,0,T10,s20-29
worst_acc,dirichlet_0.1,GF-PFedFCM (L=5),0.8568181818181818,0.1431818181818182,0,0,T10,s20-29
worst_acc,dirichlet_0.1,ungated PRE (L=1),1.0,0.0,0,1,T10,s20-29
worst_acc,dirichlet_0.1,pre_mass_off (L=1),0.9304545454545454,0.06954545454545458,0,0,T10,s20-29
worst_acc,dirichlet_0.1,pre_mass_off (L=5),0.9022727272727273,0.09772727272727266,0,0,T10,s20-29
worst_acc,dirichlet_0.1,SC-FFCM (L=5),1.0,0.0,0,1,T10,s20-29
worst_acc,dirichlet_0.1,"SC-FFCM (L=1, R=50)",1.0,0.0,0,1,T10,s20-29
worst_acc,overlap_noise,"F-FCM (post_none_off, L=5)",0.7577272727272727,0.11818181818181828,0,0,T10,s20-29
worst_acc,overlap_noise,GF-PFedFCM (L=5),0.8636363636363635,0.012272727272727435,0,0,T10,s20-29
worst_acc,overlap_noise,ungated PRE (L=1),0.875909090909091,0.0,0,1,T10,s20-29
worst_acc,overlap_noise,pre_mass_off (L=1),0.8372727272727272,0.0386363636363638,0,0,T10,s20-29
worst_acc,overlap_noise,pre_mass_off (L=5),0.8118181818181818,0.0640909090909092,0,0,T10,s20-29
worst_acc,overlap_noise,SC-FFCM (L=5),0.875909090909091,0.0,0,1,T10,s20-29
worst_acc,overlap_noise,"SC-FFCM (L=1, R=50)",0.875909090909091,0.0,0,1,T10,s20-29
worst_acc,quantity_skew_extreme,"F-FCM (post_none_off, L=5)",0.7036734693877551,0.2963265306122449,0,0,T10,s20-29
worst_acc,quantity_skew_extreme,GF-PFedFCM (L=5),0.6171665182834732,0.38283348171652676,0,0,T10,s20-29
worst_acc,quantity_skew_extreme,ungated PRE (L=1),0.8668861092824226,0.1331138907175774,0,0,T10,s20-29
worst_acc,quantity_skew_extreme,pre_mass_off (L=1),0.8667048081368469,0.13329519186315308,0,0,T10,s20-29
worst_acc,quantity_skew_extreme,pre_mass_off (L=5),0.730423658634477,0.269576341365523,0,0,T10,s20-29
worst_acc,quantity_skew_extreme,SC-FFCM (L=5),1.0,0.0,0,1,T10,s20-29
worst_acc,quantity_skew_extreme,"SC-FFCM (L=1, R=50)",1.0,0.0,0,1,T10,s20-29
worst_acc,wine,"F-FCM (post_none_off, L=5)",0.8011695906432749,0.08947368421052637,0,0,T10,s20-29
worst_acc,wine,GF-PFedFCM (L=5),0.8256944444444445,0.06494883040935673,0,0,T10,s20-29
worst_acc,wine,ungated PRE (L=1),0.8839181286549709,0.006725146198830356,0,0,T10,s20-29
worst_acc,wine,pre_mass_off (L=1),0.8894736842105264,0.0011695906432748204,0,0,T10,s20-29
worst_acc,wine,pre_mass_off (L=5),0.8906432748538012,0.0,0,1,T10,s20-29
worst_acc,wine,SC-FFCM (L=5),0.8616959064327485,0.02894736842105272,0,0,T10,s20-29
worst_acc,wine,"SC-FFCM (L=1, R=50)",0.8616959064327485,0.02894736842105272,0,0,T10,s20-29
worst_acc,satimage,"F-FCM (post_none_off, L=5)",0.5198789142804465,0.09259281699396749,0,0,T10,s20-29
worst_acc,satimage,GF-PFedFCM (L=5),0.49572080382799893,0.11675092744641508,0,0,T10,s20-29
worst_acc,satimage,ungated PRE (L=1),0.5598070702315802,0.05266466104283385,0,0,T10,s20-29
worst_acc,satimage,pre_mass_off (L=1),0.48505623138738496,0.12741549988702905,0,0,T10,s20-29
worst_acc,satimage,pre_mass_off (L=5),0.4795856826029855,0.1328860486714285,0,0,T10,s20-29
worst_acc,satimage,SC-FFCM (L=5),0.6109569607007853,0.0015147705736286987,0,0,T10,s20-29
worst_acc,satimage,"SC-FFCM (L=1, R=50)",0.612471731274414,0.0,0,1,T10,s20-29
worst_acc,pendigits,"F-FCM (post_none_off, L=5)",0.4313897155100583,0.17377633615045834,0,0,T10,s20-29
worst_acc,pendigits,GF-PFedFCM (L=5),0.49588240628950064,0.10928364537101598,0,0,T10,s20-29
worst_acc,pendigits,ungated PRE (L=1),0.6051660516605166,0.0,0,1,T10,s20-29
worst_acc,pendigits,pre_mass_off (L=1),0.582090652473345,0.023075399187171608,0,0,T10,s20-29
worst_acc,pendigits,pre_mass_off (L=5),0.5199143125651875,0.08525173909532913,0,0,T10,s20-29
worst_acc,pendigits,SC-FFCM (L=5),0.5663284132841329,0.038837638376383765,0,0,T10,s20-29
worst_acc,pendigits,"SC-FFCM (L=1, R=50)",0.5759580492118286,0.029208002448688042,0,0,T10,s20-29
worst_acc,digits_pca16,"F-FCM (post_none_off, L=5)",0.30817223992557335,0.23533614904891736,0,0,T10,s20-29
worst_acc,digits_pca16,GF-PFedFCM (L=5),0.4355555555555556,0.10795283341893513,0,0,T10,s20-29
worst_acc,digits_pca16,ungated PRE (L=1),0.5293314500941619,0.014176938880328782,0,0,T10,s20-29
worst_acc,digits_pca16,pre_mass_off (L=1),0.5434613633315525,4.702564293823652e-05,0,0,T10,s20-29
worst_acc,digits_pca16,pre_mass_off (L=5),0.439919420665277,0.10358896830921371,0,0,T10,s20-29
worst_acc,digits_pca16,SC-FFCM (L=5),0.5407062146892656,0.002802174285225112,0,0,T10,s20-29
worst_acc,digits_pca16,"SC-FFCM (L=1, R=50)",0.5435083889744907,0.0,0,1,T10,s20-29
worst_acc,digits_pca32,"F-FCM (post_none_off, L=5)",0.29910775408321627,0.26609013653840313,0,0,T10,s20-29
worst_acc,digits_pca32,GF-PFedFCM (L=5),0.41430501838323075,0.15089287223838865,0,0,T10,s20-29
worst_acc,digits_pca32,ungated PRE (L=1),0.5530790960451978,0.012118794576421621,0,0,T10,s20-29
worst_acc,digits_pca32,pre_mass_off (L=1),0.5374479969183359,0.027749893703283512,0,0,T10,s20-29
worst_acc,digits_pca32,pre_mass_off (L=5),0.47358757062146895,0.09161032000015046,0,0,T10,s20-29
worst_acc,digits_pca32,SC-FFCM (L=5),0.5651978906216194,0.0,0,1,T10,s20-29
worst_acc,digits_pca32,"SC-FFCM (L=1, R=50)",0.5429566854990584,0.022241205122561003,0,0,T10,s20-29
worst_acc,letter,"F-FCM (post_none_off, L=5)",0.2201070994765823,0.011724096000150341,0,0,T10,s20-29
worst_acc,letter,GF-PFedFCM (L=5),0.21462378640776697,0.017207409068965673,0,0,T10,s20-29
worst_acc,letter,ungated PRE (L=1),0.18652912621359224,0.0453020692631404,0,0,T10,s20-29
worst_acc,letter,pre_mass_off (L=1),0.20770631067961162,0.02412488479712102,0,0,T10,s20-29
worst_acc,letter,pre_mass_off (L=5),0.23183119547673264,0.0,0,1,T10,s20-29
worst_acc,letter,SC-FFCM (L=5),0.19811556718051793,0.03371562829621472,0,0,T10,s20-29
worst_acc,letter,"SC-FFCM (L=1, R=50)",0.19733009708737864,0.034501098389354,0,0,T10,s20-29
worst_acc,mnist784_pca32 (20c),"F-FCM (post_none_off, L=5)",0.32577798209191344,0.19100349263977,0,0,T10,s20-29
worst_acc,mnist784_pca32 (20c),GF-PFedFCM (L=5),0.3873680649936889,0.12941340973799453,0,0,T10,s20-29
worst_acc,mnist784_pca32 (20c),ungated PRE (L=1),0.4339871973716464,0.08279427736003703,0,0,T10,s20-29
worst_acc,mnist784_pca32 (20c),pre_mass_off (L=1),0.5167814747316835,0.0,0,1,T10,s20-29
worst_acc,mnist784_pca32 (20c),pre_mass_off (L=5),0.4374572475388935,0.07932422719278998,0,0,T10,s20-29
worst_acc,mnist784_pca32 (20c),SC-FFCM (L=5),0.4457370908224603,0.07104438390922313,0,0,T10,s20-29
worst_acc,mnist784_pca32 (20c),"SC-FFCM (L=1, R=50)",0.459211503994449,0.057569970737234466,0,0,T10,s20-29
worst_acc,mnist784_pca32 (50c),"F-FCM (post_none_off, L=5)",0.32549719685394074,0.16111369075578164,0,0,T10,s20-29
worst_acc,mnist784_pca32 (50c),GF-PFedFCM (L=5),0.3816236473652146,0.10498724024450778,0,0,T10,s20-29
worst_acc,mnist784_pca32 (50c),ungated PRE (L=1),0.43765467966027066,0.04895620794945171,0,0,T10,s20-29
worst_acc,mnist784_pca32 (50c),pre_mass_off (L=1),0.4866108876097224,0.0,0,1,T10,s20-29
worst_acc,mnist784_pca32 (50c),pre_mass_off (L=5),0.462331742239798,0.02427914536992437,0,0,T10,s20-29
worst_acc,mnist784_pca32 (50c),SC-FFCM (L=5),0.45163700167734316,0.03497388593237921,0,0,T10,s20-29
worst_acc,mnist784_pca32 (50c),"SC-FFCM (L=1, R=50)",0.4442280623570653,0.042382825252657075,0,0,T10,s20-29
gacc,cluster_skew_hard,"F-FCM (post_none_off, L=5)",0.7790530303030303,0.2209469696969697,0,0,T10,s20-29
gacc,cluster_skew_hard,GF-PFedFCM (L=5),1.0,0.0,0,1,T10,s20-29
gacc,cluster_skew_hard,ungated PRE (L=1),1.0,0.0,0,1,T10,s20-29
gacc,cluster_skew_hard,pre_mass_off (L=1),1.0,0.0,0,1,T10,s20-29
gacc,cluster_skew_hard,pre_mass_off (L=5),0.9268560606060605,0.07314393939393948,0,0,T10,s20-29
gacc,cluster_skew_hard,SC-FFCM (L=5),1.0,0.0,0,1,T10,s20-29
gacc,cluster_skew_hard,"SC-FFCM (L=1, R=50)",1.0,0.0,0,1,T10,s20-29
gacc,cluster_skew_overlap,"F-FCM (post_none_off, L=5)",0.7160984848484848,0.15234848484848496,0,0,T10,s20-29
gacc,cluster_skew_overlap,GF-PFedFCM (L=5),0.815909090909091,0.052537878787878745,0,0,T10,s20-29
gacc,cluster_skew_overlap,ungated PRE (L=1),0.8684469696969698,0.0,0,1,T10,s20-29
gacc,cluster_skew_overlap,pre_mass_off (L=1),0.8683712121212122,7.575757575761788e-05,0,0,T10,s20-29
gacc,cluster_skew_overlap,pre_mass_off (L=5),0.8662878787878787,0.002159090909091055,0,0,T10,s20-29
gacc,cluster_skew_overlap,SC-FFCM (L=5),0.8684469696969698,0.0,0,1,T10,s20-29
gacc,cluster_skew_overlap,"SC-FFCM (L=1, R=50)",0.8684469696969698,0.0,0,1,T10,s20-29
gacc,dirichlet_0.03,"F-FCM (post_none_off, L=5)",0.8025757575757575,0.17886363636363645,0,0,T10,s20-29
gacc,dirichlet_0.03,GF-PFedFCM (L=5),0.9780681818181819,0.0033712121212120527,0,0,T10,s20-29
gacc,dirichlet_0.03,ungated PRE (L=1),0.981439393939394,0.0,0,1,T10,s20-29
gacc,dirichlet_0.03,pre_mass_off (L=1),0.9778030303030303,0.0036363636363636598,0,0,T10,s20-29
gacc,dirichlet_0.03,pre_mass_off (L=5),0.9031060606060606,0.07833333333333337,0,0,T10,s20-29
gacc,dirichlet_0.03,SC-FFCM (L=5),0.9813636363636364,7.575757575750686e-05,0,0,T10,s20-29
gacc,dirichlet_0.03,"SC-FFCM (L=1, R=50)",0.9813636363636364,7.575757575750686e-05,0,0,T10,s20-29
gacc,dirichlet_0.1,"F-FCM (post_none_off, L=5)",0.8649242424242425,0.13507575757575752,0,0,T10,s20-29
gacc,dirichlet_0.1,GF-PFedFCM (L=5),0.9182575757575758,0.08174242424242417,0,0,T10,s20-29
gacc,dirichlet_0.1,ungated PRE (L=1),1.0,0.0,0,1,T10,s20-29
gacc,dirichlet_0.1,pre_mass_off (L=1),0.9749621212121212,0.025037878787878776,0,0,T10,s20-29
gacc,dirichlet_0.1,pre_mass_off (L=5),0.9579924242424243,0.042007575757575744,0,0,T10,s20-29
gacc,dirichlet_0.1,SC-FFCM (L=5),1.0,0.0,0,1,T10,s20-29
gacc,dirichlet_0.1,"SC-FFCM (L=1, R=50)",1.0,0.0,0,1,T10,s20-29
gacc,overlap_noise,"F-FCM (post_none_off, L=5)",0.8343939393939394,0.06973484848484846,0,0,T10,s20-29
gacc,overlap_noise,GF-PFedFCM (L=5),0.8903787878787878,0.01375000000000004,0,0,T10,s20-29
gacc,overlap_noise,ungated PRE (L=1),0.9041287878787878,0.0,0,1,T10,s20-29
gacc,overlap_noise,pre_mass_off (L=1),0.8808333333333334,0.023295454545454453,0,0,T10,s20-29
gacc,overlap_noise,pre_mass_off (L=5),0.8462499999999998,0.057878787878787974,0,0,T10,s20-29
gacc,overlap_noise,SC-FFCM (L=5),0.9041287878787878,0.0,0,1,T10,s20-29
gacc,overlap_noise,"SC-FFCM (L=1, R=50)",0.9041287878787878,0.0,0,1,T10,s20-29
gacc,quantity_skew_extreme,"F-FCM (post_none_off, L=5)",0.8128512551517423,0.18714874484825772,0,0,T10,s20-29
gacc,quantity_skew_extreme,GF-PFedFCM (L=5),0.7550018733608093,0.24499812663919074,0,0,T10,s20-29
gacc,quantity_skew_extreme,ungated PRE (L=1),0.9011989509179468,0.09880104908205323,0,0,T10,s20-29
gacc,quantity_skew_extreme,pre_mass_off (L=1),0.9089921318846012,0.09100786811539885,0,0,T10,s20-29
gacc,quantity_skew_extreme,pre_mass_off (L=5),0.8128137879355564,0.18718621206444364,0,0,T10,s20-29
gacc,quantity_skew_extreme,SC-FFCM (L=5),1.0,0.0,0,1,T10,s20-29
gacc,quantity_skew_extreme,"SC-FFCM (L=1, R=50)",1.0,0.0,0,1,T10,s20-29
gacc,wine,"F-FCM (post_none_off, L=5)",0.9185393258426966,0.050000000000000044,0,0,T10,s20-29
gacc,wine,GF-PFedFCM (L=5),0.907303370786517,0.061235955056179625,0,0,T10,s20-29
gacc,wine,ungated PRE (L=1),0.9623595505617978,0.006179775280898858,0,0,T10,s20-29
gacc,wine,pre_mass_off (L=1),0.9685393258426966,0.0,0,1,T10,s20-29
gacc,wine,pre_mass_off (L=5),0.9679775280898877,0.0005617977528089568,0,0,T10,s20-29
gacc,wine,SC-FFCM (L=5),0.9601123595505617,0.008426966292134908,0,0,T10,s20-29
gacc,wine,"SC-FFCM (L=1, R=50)",0.9595505617977528,0.008988764044943864,0,0,T10,s20-29
gacc,satimage,"F-FCM (post_none_off, L=5)",0.6646967340590979,0.03986003110419922,0,0,T10,s20-29
gacc,satimage,GF-PFedFCM (L=5),0.6123794712286158,0.09217729393468133,0,0,T10,s20-29
gacc,satimage,ungated PRE (L=1),0.6815241057542769,0.023032659409020217,0,0,T10,s20-29
gacc,satimage,pre_mass_off (L=1),0.6455209953343701,0.059035769828927,0,0,T10,s20-29
gacc,satimage,pre_mass_off (L=5),0.6193312597200622,0.08522550544323493,0,0,T10,s20-29
gacc,satimage,SC-FFCM (L=5),0.7045567651632971,0.0,0,1,T10,s20-29
gacc,satimage,"SC-FFCM (L=1, R=50)",0.7042301710730949,0.00032659409020219243,0,0,T10,s20-29
gacc,pendigits,"F-FCM (post_none_off, L=5)",0.48755458515283845,0.26569323144104795,0,0,T10,s20-29
gacc,pendigits,GF-PFedFCM (L=5),0.583924672489083,0.16932314410480342,0,0,T10,s20-29
gacc,pendigits,ungated PRE (L=1),0.7532478165938864,0.0,0,1,T10,s20-29
gacc,pendigits,pre_mass_off (L=1),0.7139192139737991,0.039328602620087305,0,0,T10,s20-29
gacc,pendigits,pre_mass_off (L=5),0.6055312954876274,0.147716521106259,0,0,T10,s20-29
gacc,pendigits,SC-FFCM (L=5),0.7368267831149927,0.016421033478893676,0,0,T10,s20-29
gacc,pendigits,"SC-FFCM (L=1, R=50)",0.7105440320232896,0.04270378457059676,0,0,T10,s20-29
gacc,digits_pca16,"F-FCM (post_none_off, L=5)",0.359654980523094,0.3588759042849194,0,0,T10,s20-29
gacc,digits_pca16,GF-PFedFCM (L=5),0.5323873121869782,0.1861435726210352,0,0,T10,s20-29
gacc,digits_pca16,ungated PRE (L=1),0.7152476349471341,0.003283249860879356,0,0,T10,s20-29
gacc,digits_pca16,pre_mass_off (L=1),0.68519755147468,0.03333333333333344,0,0,T10,s20-29
gacc,digits_pca16,pre_mass_off (L=5),0.5986087924318307,0.11992209237618268,0,0,T10,s20-29
gacc,digits_pca16,SC-FFCM (L=5),0.7051752921535892,0.013355592654424209,0,0,T10,s20-29
gacc,digits_pca16,"SC-FFCM (L=1, R=50)",0.7185308848080134,0.0,0,1,T10,s20-29
gacc,digits_pca32,"F-FCM (post_none_off, L=5)",0.3183639398998331,0.4035614913745131,0,0,T10,s20-29
gacc,digits_pca32,GF-PFedFCM (L=5),0.46816917084028936,0.2537562604340568,0,0,T10,s20-29
gacc,digits_pca32,ungated PRE (L=1),0.6777406789092932,0.044184752365052926,0,0,T10,s20-29
gacc,digits_pca32,pre_mass_off (L=1),0.7219254312743462,0.0,0,1,T10,s20-29
gacc,digits_pca32,pre_mass_off (L=5),0.5617696160267112,0.160155815247635,0,0,T10,s20-29
gacc,digits_pca32,SC-FFCM (L=5),0.6629938786867001,0.05893155258764604,0,0,T10,s20-29
gacc,digits_pca32,"SC-FFCM (L=1, R=50)",0.6739565943238731,0.04796883695047305,0,0,T10,s20-29
gacc,letter,"F-FCM (post_none_off, L=5)",0.21635,0.08591500000000002,0,0,T10,s20-29
gacc,letter,GF-PFedFCM (L=5),0.23867,0.06359500000000001,0,0,T10,s20-29
gacc,letter,ungated PRE (L=1),0.26718000000000003,0.03508499999999998,0,0,T10,s20-29
gacc,letter,pre_mass_off (L=1),0.302265,0.0,0,1,T10,s20-29
gacc,letter,pre_mass_off (L=5),0.26057499999999995,0.04169000000000006,0,0,T10,s20-29
gacc,letter,SC-FFCM (L=5),0.26,0.042265,0,0,T10,s20-29
gacc,letter,"SC-FFCM (L=1, R=50)",0.25803499999999996,0.04423000000000005,0,0,T10,s20-29
gacc,mnist784_pca32 (20c),"F-FCM (post_none_off, L=5)",0.3427114285714286,0.1913671428571428,0,0,T10,s20-29
gacc,mnist784_pca32 (20c),GF-PFedFCM (L=5),0.37002857142857143,0.16404999999999997,0,0,T10,s20-29
gacc,mnist784_pca32 (20c),ungated PRE (L=1),0.45715428571428574,0.07692428571428567,0,0,T10,s20-29
gacc,mnist784_pca32 (20c),pre_mass_off (L=1),0.5340785714285714,0.0,0,1,T10,s20-29
gacc,mnist784_pca32 (20c),pre_mass_off (L=5),0.39855999999999997,0.13551857142857143,0,0,T10,s20-29
gacc,mnist784_pca32 (20c),SC-FFCM (L=5),0.46672714285714284,0.06735142857142856,0,0,T10,s20-29
gacc,mnist784_pca32 (20c),"SC-FFCM (L=1, R=50)",0.47541857142857147,0.058659999999999934,0,0,T10,s20-29
gacc,mnist784_pca32 (50c),"F-FCM (post_none_off, L=5)",0.3358428571428571,0.18484714285714288,0,0,T10,s20-29
gacc,mnist784_pca32 (50c),GF-PFedFCM (L=5),0.3546442857142857,0.1660457142857143,0,0,T10,s20-29
gacc,mnist784_pca32 (50c),ungated PRE (L=1),0.4643085714285714,0.05638142857142858,0,0,T10,s20-29
gacc,mnist784_pca32 (50c),pre_mass_off (L=1),0.52069,0.0,0,1,T10,s20-29
gacc,mnist784_pca32 (50c),pre_mass_off (L=5),0.4067071428571428,0.11398285714285716,0,0,T10,s20-29
gacc,mnist784_pca32 (50c),SC-FFCM (L=5),0.46886,0.05182999999999999,0,0,T10,s20-29
gacc,mnist784_pca32 (50c),"SC-FFCM (L=1, R=50)",0.47030428571428573,0.050385714285714256,0,0,T10,s20-29
fcm_obj,cluster_skew_hard,"F-FCM (post_none_off, L=5)",8.503249170994332,7.224338590714571,0,0,T10,s20-29
fcm_obj,cluster_skew_hard,GF-PFedFCM (L=5),1.2910952189896967,0.2487466873303883,0,0,T10,s20-29
fcm_obj,cluster_skew_hard,ungated PRE (L=1),1.0339128280290717,0.0,0,1,T10,s20-29
fcm_obj,cluster_skew_hard,pre_mass_off (L=1),1.0341002887311654,0.0001813119027172701,0,0,T10,s20-29
fcm_obj,cluster_skew_hard,pre_mass_off (L=5),2.525138734652706,1.442312994090933,0,0,T10,s20-29
fcm_obj,cluster_skew_hard,SC-FFCM (L=5),1.0339128280402836,1.0844164011832217e-11,0,0,T10,s20-29
fcm_obj,cluster_skew_hard,"SC-FFCM (L=1, R=50)",1.0339128280293182,2.383851953327873e-13,0,0,T10,s20-29
fcm_obj,cluster_skew_overlap,"F-FCM (post_none_off, L=5)",2.830528173367302,0.343819983893007,0,0,T10,s20-29
fcm_obj,cluster_skew_overlap,GF-PFedFCM (L=5),2.3428805879797983,0.11230468702835253,0,0,T10,s20-29
fcm_obj,cluster_skew_overlap,ungated PRE (L=1),2.106329872661517,7.723142210736043e-10,0,0,T10,s20-29
fcm_obj,cluster_skew_overlap,pre_mass_off (L=1),2.139126433278237,0.015570477679907116,0,0,T10,s20-29
fcm_obj,cluster_skew_overlap,pre_mass_off (L=5),2.5740081333833413,0.2220346721469693,0,0,T10,s20-29
fcm_obj,cluster_skew_overlap,SC-FFCM (L=5),2.1063298710761287,1.9636168640131706e-11,0,0,T10,s20-29
fcm_obj,cluster_skew_overlap,"SC-FFCM (L=1, R=50)",2.1063298710347684,0.0,0,1,T10,s20-29
fcm_obj,dirichlet_0.03,"F-FCM (post_none_off, L=5)",9.2028156684645,7.717111841764171,0,0,T10,s20-29
fcm_obj,dirichlet_0.03,GF-PFedFCM (L=5),1.353852388594373,0.2823991171590901,0,0,T10,s20-29
fcm_obj,dirichlet_0.03,ungated PRE (L=1),1.05571843467389,0.0,0,1,T10,s20-29
fcm_obj,dirichlet_0.03,pre_mass_off (L=1),1.0562636352192638,0.0005164260919080118,0,0,T10,s20-29
fcm_obj,dirichlet_0.03,pre_mass_off (L=5),2.11090468994857,0.9994959078275693,0,0,T10,s20-29
fcm_obj,dirichlet_0.03,SC-FFCM (L=5),1.0558089206405448,8.571032169462094e-05,0,0,T10,s20-29
fcm_obj,dirichlet_0.03,"SC-FFCM (L=1, R=50)",1.055809430231467,8.619301755877325e-05,0,0,T10,s20-29
fcm_obj,dirichlet_0.1,"F-FCM (post_none_off, L=5)",7.261842208384394,5.982558029762274,0,0,T10,s20-29
fcm_obj,dirichlet_0.1,GF-PFedFCM (L=5),1.8942506344604968,0.8213993912953784,0,0,T10,s20-29
fcm_obj,dirichlet_0.1,ungated PRE (L=1),1.0399974017303841,0.0,0,1,T10,s20-29
fcm_obj,dirichlet_0.1,pre_mass_off (L=1),1.1885790893667978,0.142867364273409,0,0,T10,s20-29
fcm_obj,dirichlet_0.1,pre_mass_off (L=5),1.427876521776578,0.37296162413562484,0,0,T10,s20-29
fcm_obj,dirichlet_0.1,SC-FFCM (L=5),1.0399974017481095,1.7043674044245973e-11,0,0,T10,s20-29
fcm_obj,dirichlet_0.1,"SC-FFCM (L=1, R=50)",1.041138405861021,0.0010971220973613372,0,0,T10,s20-29
fcm_obj,overlap_noise,"F-FCM (post_none_off, L=5)",2.710590463637046,0.15506850622770577,0,0,T10,s20-29
fcm_obj,overlap_noise,GF-PFedFCM (L=5),2.397477173619156,0.021641009513309144,0,0,T10,s20-29
fcm_obj,overlap_noise,ungated PRE (L=1),2.346692381467018,0.0,0,1,T10,s20-29
fcm_obj,overlap_noise,pre_mass_off (L=1),2.416045337814429,0.029553492777803027,0,0,T10,s20-29
fcm_obj,overlap_noise,pre_mass_off (L=5),2.5604832908207724,0.09110308238189471,0,0,T10,s20-29
fcm_obj,overlap_noise,SC-FFCM (L=5),2.346692381468689,7.121119537709091e-13,0,0,T10,s20-29
fcm_obj,overlap_noise,"SC-FFCM (L=1, R=50)",2.346692381469854,1.2084897520013355e-12,0,0,T10,s20-29
fcm_obj,quantity_skew_extreme,"F-FCM (post_none_off, L=5)",3.513575636310427,2.364993115689015,0,0,T10,s20-29
fcm_obj,quantity_skew_extreme,GF-PFedFCM (L=5),2.399958224918494,1.298468494980893,0,0,T10,s20-29
fcm_obj,quantity_skew_extreme,ungated PRE (L=1),1.515567294484337,0.45147679748216535,0,0,T10,s20-29
fcm_obj,quantity_skew_extreme,pre_mass_off (L=1),1.6613629000502912,0.5911069804664493,0,0,T10,s20-29
fcm_obj,quantity_skew_extreme,pre_mass_off (L=5),2.779431410209187,1.6618944713269295,0,0,T10,s20-29
fcm_obj,quantity_skew_extreme,SC-FFCM (L=5),1.0441605579747204,4.967289824989829e-06,0,0,T10,s20-29
fcm_obj,quantity_skew_extreme,"SC-FFCM (L=1, R=50)",1.0441553713523686,0.0,0,1,T10,s20-29
fcm_obj,wine,"F-FCM (post_none_off, L=5)",4.102374955451702,0.0690516151247839,0,0,T10,s20-29
fcm_obj,wine,GF-PFedFCM (L=5),3.8373965273630466,0.0,0,1,T10,s20-29
fcm_obj,wine,ungated PRE (L=1),4.0523459758877465,0.056014395956210244,0,0,T10,s20-29
fcm_obj,wine,pre_mass_off (L=1),4.079620984315535,0.06312208165751859,0,0,T10,s20-29
fcm_obj,wine,pre_mass_off (L=5),4.111194095484309,0.07134982433243829,0,0,T10,s20-29
fcm_obj,wine,SC-FFCM (L=5),4.06217194979767,0.0585749793725599,0,0,T10,s20-29
fcm_obj,wine,"SC-FFCM (L=1, R=50)",4.06375301091977,0.05898699338018881,0,0,T10,s20-29
fcm_obj,satimage,"F-FCM (post_none_off, L=5)",4.196505935223739,0.1259375530182188,0,0,T10,s20-29
fcm_obj,satimage,GF-PFedFCM (L=5),3.825152149460095,0.02630200399224646,0,0,T10,s20-29
fcm_obj,satimage,ungated PRE (L=1),3.7271213878376033,0.0,0,1,T10,s20-29
fcm_obj,satimage,pre_mass_off (L=1),3.7713124338010515,0.011856615700162896,0,0,T10,s20-29
fcm_obj,satimage,pre_mass_off (L=5),3.9275494285861514,0.053775560249416036,0,0,T10,s20-29
fcm_obj,satimage,SC-FFCM (L=5),3.73031709555561,0.0008574198115561735,0,0,T10,s20-29
fcm_obj,satimage,"SC-FFCM (L=1, R=50)",3.7450465101549035,0.004809374434595497,0,0,T10,s20-29
fcm_obj,pendigits,"F-FCM (post_none_off, L=5)",4.444229765532613,0.1474335485767162,0,0,T10,s20-29
fcm_obj,pendigits,GF-PFedFCM (L=5),4.114488962735606,0.06229941298402995,0,0,T10,s20-29
fcm_obj,pendigits,ungated PRE (L=1),3.8731914114288046,0.0,0,1,T10,s20-29
fcm_obj,pendigits,pre_mass_off (L=1),3.9956884446063485,0.03162689889688546,0,0,T10,s20-29
fcm_obj,pendigits,pre_mass_off (L=5),4.41046438937509,0.13871583427581938,0,0,T10,s20-29
fcm_obj,pendigits,SC-FFCM (L=5),3.8822768120324014,0.002345714331800912,0,0,T10,s20-29
fcm_obj,pendigits,"SC-FFCM (L=1, R=50)",3.90217619834105,0.0074834377734905476,0,0,T10,s20-29
fcm_obj,digits_pca16,"F-FCM (post_none_off, L=5)",8.26407451749945,0.06834946816557282,0,0,T10,s20-29
fcm_obj,digits_pca16,GF-PFedFCM (L=5),7.737969072799332,0.0003364715675637993,0,0,T10,s20-29
fcm_obj,digits_pca16,ungated PRE (L=1),7.735366341960573,0.0,0,1,T10,s20-29
fcm_obj,digits_pca16,pre_mass_off (L=1),7.940405341719924,0.026506695442091062,0,0,T10,s20-29
fcm_obj,digits_pca16,pre_mass_off (L=5),8.345702536042788,0.07890204123513073,0,0,T10,s20-29
fcm_obj,digits_pca16,SC-FFCM (L=5),7.749672574130189,0.00184945761288797,0,0,T10,s20-29
fcm_obj,digits_pca16,"SC-FFCM (L=1, R=50)",7.7506633959122455,0.0019775474457743233,0,0,T10,s20-29
fcm_obj,digits_pca32,"F-FCM (post_none_off, L=5)",25.156167171435975,0.06807758410043536,0,0,T10,s20-29
fcm_obj,digits_pca32,GF-PFedFCM (L=5),23.552752670699665,0.0,0,1,T10,s20-29
fcm_obj,digits_pca32,ungated PRE (L=1),23.891371247677828,0.01437702767538569,0,0,T10,s20-29
fcm_obj,digits_pca32,pre_mass_off (L=1),24.170258065933993,0.026217971371241194,0,0,T10,s20-29
fcm_obj,digits_pca32,pre_mass_off (L=5),24.966575602284504,0.06002792757823495,0,0,T10,s20-29
fcm_obj,digits_pca32,SC-FFCM (L=5),23.954348335419144,0.01705090145234179,0,0,T10,s20-29
fcm_obj,digits_pca32,"SC-FFCM (L=1, R=50)",23.9108048550872,0.015202137490831932,0,0,T10,s20-29
fcm_obj,letter,"F-FCM (post_none_off, L=5)",5.163732475834421,0.07905102236596723,0,0,T10,s20-29
fcm_obj,letter,GF-PFedFCM (L=5),4.785438657490199,0.0,0,1,T10,s20-29
fcm_obj,letter,ungated PRE (L=1),4.925021871678839,0.029168321689833725,0,0,T10,s20-29
fcm_obj,letter,pre_mass_off (L=1),5.067022471008228,0.05884179772679598,0,0,T10,s20-29
fcm_obj,letter,pre_mass_off (L=5),5.282359413048127,0.10384016829473805,0,0,T10,s20-29
fcm_obj,letter,SC-FFCM (L=5),4.9282481463902155,0.02984250747347683,0,0,T10,s20-29
fcm_obj,letter,"SC-FFCM (L=1, R=50)",4.932988818535096,0.030833152738035816,0,0,T10,s20-29
fcm_obj,mnist784_pca32 (20c),"F-FCM (post_none_off, L=5)",24.996978083696767,0.06351610667445509,0,0,T10,s20-29
fcm_obj,mnist784_pca32 (20c),GF-PFedFCM (L=5),23.50408980815596,0.0,0,1,T10,s20-29
fcm_obj,mnist784_pca32 (20c),ungated PRE (L=1),24.365501751855877,0.03664944912697727,0,0,T10,s20-29
fcm_obj,mnist784_pca32 (20c),pre_mass_off (L=1),24.57953387442234,0.045755614237535686,0,0,T10,s20-29
fcm_obj,mnist784_pca32 (20c),pre_mass_off (L=5),24.98156703184179,0.06286043134387377,0,0,T10,s20-29
fcm_obj,mnist784_pca32 (20c),SC-FFCM (L=5),24.354640305314327,0.0361873403352647,0,0,T10,s20-29
fcm_obj,mnist784_pca32 (20c),"SC-FFCM (L=1, R=50)",24.40047221870536,0.03813729516291899,0,0,T10,s20-29
fcm_obj,mnist784_pca32 (50c),"F-FCM (post_none_off, L=5)",24.995711298877712,0.06688349770904835,0,0,T10,s20-29
fcm_obj,mnist784_pca32 (50c),GF-PFedFCM (L=5),23.42871677418553,0.0,0,1,T10,s20-29
fcm_obj,mnist784_pca32 (50c),ungated PRE (L=1),24.368839073455014,0.040126922371836335,0,0,T10,s20-29
fcm_obj,mnist784_pca32 (50c),pre_mass_off (L=1),24.648924743820032,0.05208172438103665,0,0,T10,s20-29
fcm_obj,mnist784_pca32 (50c),pre_mass_off (L=5),24.993007129262338,0.06676807655126846,0,0,T10,s20-29
fcm_obj,mnist784_pca32 (50c),SC-FFCM (L=5),24.40570218332739,0.041700338032099535,0,0,T10,s20-29
fcm_obj,mnist784_pca32 (50c),"SC-FFCM (L=1, R=50)",24.53508717222268,0.04722283378559522,0,0,T10,s20-29
upload_numbers,cluster_skew_hard,"F-FCM (post_none_off, L=5)",7200.0,1.027027027027027,0,0,T10,s20-29
upload_numbers,cluster_skew_hard,GF-PFedFCM (L=5),4896.0,0.3783783783783784,0,0,T10,s20-29
upload_numbers,cluster_skew_hard,ungated PRE (L=1),7200.0,1.027027027027027,0,0,T10,s20-29
upload_numbers,cluster_skew_hard,pre_mass_off (L=1),7200.0,1.027027027027027,0,0,T10,s20-29
upload_numbers,cluster_skew_hard,pre_mass_off (L=5),7200.0,1.027027027027027,0,0,T10,s20-29
upload_numbers,cluster_skew_hard,SC-FFCM (L=5),4128.0,0.16216216216216217,0,0,T10,s20-29
upload_numbers,cluster_skew_hard,"SC-FFCM (L=1, R=50)",3552.0,0.0,0,1,T10,s20-29
upload_numbers,cluster_skew_overlap,"F-FCM (post_none_off, L=5)",7200.0,0.7793594306049821,0,0,T10,s20-29
upload_numbers,cluster_skew_overlap,GF-PFedFCM (L=5),4046.4,0.0,0,1,T10,s20-29
upload_numbers,cluster_skew_overlap,ungated PRE (L=1),7200.0,0.7793594306049821,0,0,T10,s20-29
upload_numbers,cluster_skew_overlap,pre_mass_off (L=1),7200.0,0.7793594306049821,0,0,T10,s20-29
upload_numbers,cluster_skew_overlap,pre_mass_off (L=5),7200.0,0.7793594306049821,0,0,T10,s20-29
upload_numbers,cluster_skew_overlap,SC-FFCM (L=5),8697.6,1.1494661921708187,0,0,T10,s20-29
upload_numbers,cluster_skew_overlap,"SC-FFCM (L=1, R=50)",6720.0,0.66073546856465,0,0,T10,s20-29
upload_numbers,dirichlet_0.03,"F-FCM (post_none_off, L=5)",7200.0,0.20481927710843373,0,0,T10,s20-29
upload_numbers,dirichlet_0.03,GF-PFedFCM (L=5),5976.0,0.0,0,1,T10,s20-29
upload_numbers,dirichlet_0.03,ungated PRE (L=1),7200.0,0.20481927710843373,0,0,T10,s20-29
upload_numbers,dirichlet_0.03,pre_mass_off (L=1),7200.0,0.20481927710843373,0,0,T10,s20-29
upload_numbers,dirichlet_0.03,pre_mass_off (L=5),7200.0,0.20481927710843373,0,0,T10,s20-29
upload_numbers,dirichlet_0.03,SC-FFCM (L=5),6681.6,0.11807228915662657,0,0,T10,s20-29
upload_numbers,dirichlet_0.03,"SC-FFCM (L=1, R=50)",6912.0,0.1566265060240964,0,0,T10,s20-29
upload_numbers,dirichlet_0.1,"F-FCM (post_none_off, L=5)",7200.0,0.404494382022472,0,0,T10,s20-29
upload_numbers,dirichlet_0.1,GF-PFedFCM (L=5),5126.4,0.0,0,1,T10,s20-29
upload_numbers,dirichlet_0.1,ungated PRE (L=1),7200.0,0.404494382022472,0,0,T10,s20-29
upload_numbers,dirichlet_0.1,pre_mass_off (L=1),7200.0,0.404494382022472,0,0,T10,s20-29
upload_numbers,dirichlet_0.1,pre_mass_off (L=5),7200.0,0.404494382022472,0,0,T10,s20-29
upload_numbers,dirichlet_0.1,SC-FFCM (L=5),5875.2,0.14606741573033713,0,0,T10,s20-29
upload_numbers,dirichlet_0.1,"SC-FFCM (L=1, R=50)",7008.0,0.3670411985018728,0,0,T10,s20-29
upload_numbers,overlap_noise,"F-FCM (post_none_off, L=5)",7200.0,1.262443438914027,0,0,T10,s20-29
upload_numbers,overlap_noise,GF-PFedFCM (L=5),3182.4,0.0,0,1,T10,s20-29
upload_numbers,overlap_noise,ungated PRE (L=1),7200.0,1.262443438914027,0,0,T10,s20-29
upload_numbers,overlap_noise,pre_mass_off (L=1),7200.0,1.262443438914027,0,0,T10,s20-29
upload_numbers,overlap_noise,pre_mass_off (L=5),7200.0,1.262443438914027,0,0,T10,s20-29
upload_numbers,overlap_noise,SC-FFCM (L=5),4032.0,0.26696832579185514,0,0,T10,s20-29
upload_numbers,overlap_noise,"SC-FFCM (L=1, R=50)",4339.2,0.36349924585218696,0,0,T10,s20-29
upload_numbers,quantity_skew_extreme,"F-FCM (post_none_off, L=5)",7200.0,0.3850415512465375,0,0,T10,s20-29
upload_numbers,quantity_skew_extreme,GF-PFedFCM (L=5),5198.4,0.0,0,1,T10,s20-29
upload_numbers,quantity_skew_extreme,ungated PRE (L=1),7200.0,0.3850415512465375,0,0,T10,s20-29
upload_numbers,quantity_skew_extreme,pre_mass_off (L=1),7200.0,0.3850415512465375,0,0,T10,s20-29
upload_numbers,quantity_skew_extreme,pre_mass_off (L=5),7200.0,0.3850415512465375,0,0,T10,s20-29
upload_numbers,quantity_skew_extreme,SC-FFCM (L=5),8659.2,0.6657433056325026,0,0,T10,s20-29
upload_numbers,quantity_skew_extreme,"SC-FFCM (L=1, R=50)",5721.6,0.1006463527239152,0,0,T10,s20-29
upload_numbers,wine,"F-FCM (post_none_off, L=5)",21000.0,0.8518518518518519,0,0,T10,s20-29
upload_numbers,wine,GF-PFedFCM (L=5),11340.0,0.0,0,1,T10,s20-29
upload_numbers,wine,ungated PRE (L=1),21000.0,0.8518518518518519,0,0,T10,s20-29
upload_numbers,wine,pre_mass_off (L=1),21000.0,0.8518518518518519,0,0,T10,s20-29
upload_numbers,wine,pre_mass_off (L=5),21000.0,0.8518518518518519,0,0,T10,s20-29
upload_numbers,wine,SC-FFCM (L=5),39000.0,2.439153439153439,0,0,T10,s20-29
upload_numbers,wine,"SC-FFCM (L=1, R=50)",39000.0,2.439153439153439,0,0,T10,s20-29
upload_numbers,satimage,"F-FCM (post_none_off, L=5)",111000.0,0.36239782016348776,0,0,T10,s20-29
upload_numbers,satimage,GF-PFedFCM (L=5),81474.0,0.0,0,1,T10,s20-29
upload_numbers,satimage,ungated PRE (L=1),111000.0,0.36239782016348776,0,0,T10,s20-29
upload_numbers,satimage,pre_mass_off (L=1),111000.0,0.36239782016348776,0,0,T10,s20-29
upload_numbers,satimage,pre_mass_off (L=5),111000.0,0.36239782016348776,0,0,T10,s20-29
upload_numbers,satimage,SC-FFCM (L=5),216000.0,1.6511525149127328,0,0,T10,s20-29
upload_numbers,satimage,"SC-FFCM (L=1, R=50)",216000.0,1.6511525149127328,0,0,T10,s20-29
upload_numbers,pendigits,"F-FCM (post_none_off, L=5)",85000.0,0.17370892018779344,0,0,T10,s20-29
upload_numbers,pendigits,GF-PFedFCM (L=5),72420.0,0.0,0,1,T10,s20-29
upload_numbers,pendigits,ungated PRE (L=1),85000.0,0.17370892018779344,0,0,T10,s20-29
upload_numbers,pendigits,pre_mass_off (L=1),85000.0,0.17370892018779344,0,0,T10,s20-29
upload_numbers,pendigits,pre_mass_off (L=5),85000.0,0.17370892018779344,0,0,T10,s20-29
upload_numbers,pendigits,SC-FFCM (L=5),150080.0,1.072355702844518,0,0,T10,s20-29
upload_numbers,pendigits,"SC-FFCM (L=1, R=50)",160000.0,1.2093344380005524,0,0,T10,s20-29
upload_numbers,digits_pca16,"F-FCM (post_none_off, L=5)",85000.0,0.004016064257028112,0,0,T10,s20-29
upload_numbers,digits_pca16,GF-PFedFCM (L=5),84660.0,0.0,0,1,T10,s20-29
upload_numbers,digits_pca16,ungated PRE (L=1),85000.0,0.004016064257028112,0,0,T10,s20-29
upload_numbers,digits_pca16,pre_mass_off (L=1),85000.0,0.004016064257028112,0,0,T10,s20-29
upload_numbers,digits_pca16,pre_mass_off (L=5),85000.0,0.004016064257028112,0,0,T10,s20-29
upload_numbers,digits_pca16,SC-FFCM (L=5),160000.0,0.8899125915426411,0,0,T10,s20-29
upload_numbers,digits_pca16,"SC-FFCM (L=1, R=50)",160000.0,0.8899125915426411,0,0,T10,s20-29
upload_numbers,digits_pca32,"F-FCM (post_none_off, L=5)",165000.0,0.0,0,1,T10,s20-29
upload_numbers,digits_pca32,GF-PFedFCM (L=5),165000.0,0.0,0,1,T10,s20-29
upload_numbers,digits_pca32,ungated PRE (L=1),165000.0,0.0,0,1,T10,s20-29
upload_numbers,digits_pca32,pre_mass_off (L=1),165000.0,0.0,0,1,T10,s20-29
upload_numbers,digits_pca32,pre_mass_off (L=5),165000.0,0.0,0,1,T10,s20-29
upload_numbers,digits_pca32,SC-FFCM (L=5),320000.0,0.9393939393939394,0,0,T10,s20-29
upload_numbers,digits_pca32,"SC-FFCM (L=1, R=50)",320000.0,0.9393939393939394,0,0,T10,s20-29
upload_numbers,letter,"F-FCM (post_none_off, L=5)",221000.0,0.0,0,1,T10,s20-29
upload_numbers,letter,GF-PFedFCM (L=5),221000.0,0.0,0,1,T10,s20-29
upload_numbers,letter,ungated PRE (L=1),221000.0,0.0,0,1,T10,s20-29
upload_numbers,letter,pre_mass_off (L=1),221000.0,0.0,0,1,T10,s20-29
upload_numbers,letter,pre_mass_off (L=5),221000.0,0.0,0,1,T10,s20-29
upload_numbers,letter,SC-FFCM (L=5),416000.0,0.8823529411764706,0,0,T10,s20-29
upload_numbers,letter,"SC-FFCM (L=1, R=50)",416000.0,0.8823529411764706,0,0,T10,s20-29
upload_numbers,mnist784_pca32 (20c),"F-FCM (post_none_off, L=5)",330000.0,0.0,0,1,T10,s20-29
upload_numbers,mnist784_pca32 (20c),GF-PFedFCM (L=5),330000.0,0.0,0,1,T10,s20-29
upload_numbers,mnist784_pca32 (20c),ungated PRE (L=1),330000.0,0.0,0,1,T10,s20-29
upload_numbers,mnist784_pca32 (20c),pre_mass_off (L=1),330000.0,0.0,0,1,T10,s20-29
upload_numbers,mnist784_pca32 (20c),pre_mass_off (L=5),330000.0,0.0,0,1,T10,s20-29
upload_numbers,mnist784_pca32 (20c),SC-FFCM (L=5),640000.0,0.9393939393939394,0,0,T10,s20-29
upload_numbers,mnist784_pca32 (20c),"SC-FFCM (L=1, R=50)",640000.0,0.9393939393939394,0,0,T10,s20-29
upload_numbers,mnist784_pca32 (50c),"F-FCM (post_none_off, L=5)",825000.0,0.0,0,1,T10,s20-29
upload_numbers,mnist784_pca32 (50c),GF-PFedFCM (L=5),825000.0,0.0,0,1,T10,s20-29
upload_numbers,mnist784_pca32 (50c),ungated PRE (L=1),825000.0,0.0,0,1,T10,s20-29
upload_numbers,mnist784_pca32 (50c),pre_mass_off (L=1),825000.0,0.0,0,1,T10,s20-29
upload_numbers,mnist784_pca32 (50c),pre_mass_off (L=5),825000.0,0.0,0,1,T10,s20-29
upload_numbers,mnist784_pca32 (50c),SC-FFCM (L=5),1600000.0,0.9393939393939394,0,0,T10,s20-29
upload_numbers,mnist784_pca32 (50c),"SC-FFCM (L=1, R=50)",1600000.0,0.9393939393939394,0,0,T10,s20-29
mean_acc,cluster_skew_hard,"F-FCM (post_none_off, L=5)",0.871875,0.12812500000000004,0,0,U,s10-29
mean_acc,cluster_skew_hard,GF-PFedFCM (L=5),1.0,0.0,0,1,U,s10-29
mean_acc,cluster_skew_hard,ungated PRE (L=1),1.0,0.0,0,1,U,s10-29
mean_acc,cluster_skew_hard,pre_mass_off (L=1),1.0,0.0,0,1,U,s10-29
mean_acc,cluster_skew_hard,pre_mass_off (L=5),0.9742234848484849,0.025776515151515134,0,0,U,s10-29
mean_acc,cluster_skew_hard,SC-FFCM (L=5),1.0,0.0,0,1,U,s10-29
mean_acc,cluster_skew_hard,"SC-FFCM (L=1, R=50)",1.0,0.0,0,1,U,s10-29
mean_acc,cluster_skew_overlap,"F-FCM (post_none_off, L=5)",0.7143939393939394,0.15242424242424246,0,0,U,s10-29
mean_acc,cluster_skew_overlap,GF-PFedFCM (L=5),0.8134659090909093,0.0533522727272725,0,0,U,s10-29
mean_acc,cluster_skew_overlap,ungated PRE (L=1),0.8668181818181818,0.0,0,1,U,s10-29
mean_acc,cluster_skew_overlap,pre_mass_off (L=1),0.8666856060606062,0.000132575757575637,0,0,U,s10-29
mean_acc,cluster_skew_overlap,pre_mass_off (L=5),0.8643939393939395,0.002424242424242329,0,0,U,s10-29
mean_acc,cluster_skew_overlap,SC-FFCM (L=5),0.8668181818181818,0.0,0,1,U,s10-29
mean_acc,cluster_skew_overlap,"SC-FFCM (L=1, R=50)",0.8668181818181818,0.0,0,1,U,s10-29
mean_acc,dirichlet_0.03,"F-FCM (post_none_off, L=5)",0.9062121212121212,0.08467803030303023,0,0,U,s10-29
mean_acc,dirichlet_0.03,GF-PFedFCM (L=5),0.978371212121212,0.012518939393939443,0,0,U,s10-29
mean_acc,dirichlet_0.03,ungated PRE (L=1),0.9908901515151515,0.0,0,1,U,s10-29
mean_acc,dirichlet_0.03,pre_mass_off (L=1),0.9898863636363636,0.001003787878787854,0,0,U,s10-29
mean_acc,dirichlet_0.03,pre_mass_off (L=5),0.9589962121212121,0.03189393939393936,0,0,U,s10-29
mean_acc,dirichlet_0.03,SC-FFCM (L=5),0.9908522727272727,3.787878787875343e-05,0,0,U,s10-29
mean_acc,dirichlet_0.03,"SC-FFCM (L=1, R=50)",0.9908522727272727,3.787878787875343e-05,0,0,U,s10-29
mean_acc,dirichlet_0.1,"F-FCM (post_none_off, L=5)",0.9182954545454545,0.07676136363636354,0,0,U,s10-29
mean_acc,dirichlet_0.1,GF-PFedFCM (L=5),0.951155303030303,0.04390151515151497,0,0,U,s10-29
mean_acc,dirichlet_0.1,ungated PRE (L=1),0.995056818181818,0.0,0,1,U,s10-29
mean_acc,dirichlet_0.1,pre_mass_off (L=1),0.9805681818181817,0.014488636363636287,0,0,U,s10-29
mean_acc,dirichlet_0.1,pre_mass_off (L=5),0.9634280303030304,0.031628787878787645,0,0,U,s10-29
mean_acc,dirichlet_0.1,SC-FFCM (L=5),0.9950378787878786,1.8939393939376714e-05,0,0,U,s10-29
mean_acc,dirichlet_0.1,"SC-FFCM (L=1, R=50)",0.9948674242424242,0.00018939393939376714,0,0,U,s10-29
mean_acc,overlap_noise,"F-FCM (post_none_off, L=5)",0.8471590909090907,0.050681818181818605,0,0,U,s10-29
mean_acc,overlap_noise,GF-PFedFCM (L=5),0.8892424242424243,0.008598484848485022,0,0,U,s10-29
mean_acc,overlap_noise,ungated PRE (L=1),0.8978409090909093,0.0,0,1,U,s10-29
mean_acc,overlap_noise,pre_mass_off (L=1),0.89,0.007840909090909287,0,0,U,s10-29
mean_acc,overlap_noise,pre_mass_off (L=5),0.8853030303030301,0.012537878787879153,0,0,U,s10-29
mean_acc,overlap_noise,SC-FFCM (L=5),0.895378787878788,0.0024621212121213043,0,0,U,s10-29
mean_acc,overlap_noise,"SC-FFCM (L=1, R=50)",0.8940719696969698,0.003768939393939519,0,0,U,s10-29
mean_acc,quantity_skew_extreme,"F-FCM (post_none_off, L=5)",0.8738538399645229,0.12614616003547707,0,0,U,s10-29
mean_acc,quantity_skew_extreme,GF-PFedFCM (L=5),0.8737912340215415,0.12620876597845854,0,0,U,s10-29
mean_acc,quantity_skew_extreme,ungated PRE (L=1),0.9299452678058003,0.07005473219419966,0,0,U,s10-29
mean_acc,quantity_skew_extreme,pre_mass_off (L=1),0.9195045210482073,0.08049547895179265,0,0,U,s10-29
mean_acc,quantity_skew_extreme,pre_mass_off (L=5),0.8791122595252366,0.12088774047476336,0,0,U,s10-29
mean_acc,quantity_skew_extreme,SC-FFCM (L=5),1.0,0.0,0,1,U,s10-29
mean_acc,quantity_skew_extreme,"SC-FFCM (L=1, R=50)",1.0,0.0,0,1,U,s10-29
mean_acc,wine,"F-FCM (post_none_off, L=5)",0.9243542311661507,0.045272811317509265,0,0,U,s10-29
mean_acc,wine,GF-PFedFCM (L=5),0.9282457645338835,0.04138127794977642,0,0,U,s10-29
mean_acc,wine,ungated PRE (L=1),0.9636959064327486,0.005931136050911334,0,0,U,s10-29
mean_acc,wine,pre_mass_off (L=1),0.9694576023391811,0.00016944014447883848,0,0,U,s10-29
mean_acc,wine,pre_mass_off (L=5),0.9696270424836599,0.0,0,1,U,s10-29
mean_acc,wine,SC-FFCM (L=5),0.9615260577915375,0.008100984692122393,0,0,U,s10-29
mean_acc,wine,"SC-FFCM (L=1, R=50)",0.9607073443412452,0.008919698142414778,0,0,U,s10-29
mean_acc,satimage,"F-FCM (post_none_off, L=5)",0.69411916760414,0.02692781811914058,0,0,U,s10-29
mean_acc,satimage,GF-PFedFCM (L=5),0.6644497085568932,0.056597277166387405,0,0,U,s10-29
mean_acc,satimage,ungated PRE (L=1),0.7106466823142668,0.010400303409013878,0,0,U,s10-29
mean_acc,satimage,pre_mass_off (L=1),0.6848725838952575,0.03617440182802312,0,0,U,s10-29
mean_acc,satimage,pre_mass_off (L=5),0.6605326074821078,0.060514378241172784,0,0,U,s10-29
mean_acc,satimage,SC-FFCM (L=5),0.7210469857232806,0.0,0,1,U,s10-29
mean_acc,satimage,"SC-FFCM (L=1, R=50)",0.7202691952700652,0.0007777904532154656,0,0,U,s10-29
mean_acc,pendigits,"F-FCM (post_none_off, L=5)",0.5161202690857054,0.23234857839957623,0,0,U,s10-29
mean_acc,pendigits,GF-PFedFCM (L=5),0.639643255134504,0.1088255923507776,0,0,U,s10-29
mean_acc,pendigits,ungated PRE (L=1),0.7482622675543917,0.00020657993088990523,0,0,U,s10-29
mean_acc,pendigits,pre_mass_off (L=1),0.7408695967752778,0.007599250710003891,0,0,U,s10-29
mean_acc,pendigits,pre_mass_off (L=5),0.658257809275727,0.09021103820955467,0,0,U,s10-29
mean_acc,pendigits,SC-FFCM (L=5),0.7484688474852816,0.0,0,1,U,s10-29
mean_acc,pendigits,"SC-FFCM (L=1, R=50)",0.7370540726294083,0.011414774855873389,0,0,U,s10-29
mean_acc,digits_pca16,"F-FCM (post_none_off, L=5)",0.4049776473093248,0.3598973454411523,0,0,U,s10-29
mean_acc,digits_pca16,GF-PFedFCM (L=5),0.6044629823267452,0.16041201042373188,0,0,U,s10-29
mean_acc,digits_pca16,ungated PRE (L=1),0.7648749927504771,0.0,0,1,U,s10-29
mean_acc,digits_pca16,pre_mass_off (L=1),0.7625767632561931,0.002298229494284043,0,0,U,s10-29
mean_acc,digits_pca16,pre_mass_off (L=5),0.6696486401728226,0.09522635257765455,0,0,U,s10-29
mean_acc,digits_pca16,SC-FFCM (L=5),0.7613796430695684,0.0034953496809086992,0,0,U,s10-29
mean_acc,digits_pca16,"SC-FFCM (L=1, R=50)",0.7646709479610435,0.0002040447894335884,0,0,U,s10-29
mean_acc,digits_pca32,"F-FCM (post_none_off, L=5)",0.3686992721404384,0.43465735077603673,0,0,U,s10-29
mean_acc,digits_pca32,GF-PFedFCM (L=5),0.5732395951780748,0.23011702773840037,0,0,U,s10-29
mean_acc,digits_pca32,ungated PRE (L=1),0.7652243129297139,0.038132309986761204,0,0,U,s10-29
mean_acc,digits_pca32,pre_mass_off (L=1),0.8033566229164751,0.0,0,1,U,s10-29
mean_acc,digits_pca32,pre_mass_off (L=5),0.6647084657429736,0.13864815717350154,0,0,U,s10-29
mean_acc,digits_pca32,SC-FFCM (L=5),0.7491889496677415,0.05416767324873362,0,0,U,s10-29
mean_acc,digits_pca32,"SC-FFCM (L=1, R=50)",0.7554837507294404,0.04787287218703473,0,0,U,s10-29
mean_acc,letter,"F-FCM (post_none_off, L=5)",0.26038868808648413,0.06444873078228885,0,0,U,s10-29
mean_acc,letter,GF-PFedFCM (L=5),0.27384520906686544,0.05099220980190755,0,0,U,s10-29
mean_acc,letter,ungated PRE (L=1),0.29939200035210045,0.025445418516672536,0,0,U,s10-29
mean_acc,letter,pre_mass_off (L=1),0.324837418868773,0.0,0,1,U,s10-29
mean_acc,letter,pre_mass_off (L=5),0.2987797724236575,0.02605764644511549,0,0,U,s10-29
mean_acc,letter,SC-FFCM (L=5),0.2994969391603151,0.025340479708457875,0,0,U,s10-29
mean_acc,letter,"SC-FFCM (L=1, R=50)",0.2966516954375312,0.02818572343124176,0,0,U,s10-29
mean_acc,mnist784_pca32 (20c),"F-FCM (post_none_off, L=5)",0.3983669046139255,0.2211219415833196,0,0,U,s10-29
mean_acc,mnist784_pca32 (20c),GF-PFedFCM (L=5),0.496167373202918,0.12332147299432711,0,0,U,s10-29
mean_acc,mnist784_pca32 (20c),ungated PRE (L=1),0.5282543407797461,0.091234505417499,0,0,U,s10-29
mean_acc,mnist784_pca32 (20c),pre_mass_off (L=1),0.6194888461972451,0.0,0,1,U,s10-29
mean_acc,mnist784_pca32 (20c),pre_mass_off (L=5),0.5304388329683104,0.08905001322893469,0,0,U,s10-29
mean_acc,mnist784_pca32 (20c),SC-FFCM (L=5),0.5407070911027623,0.07878175509448282,0,0,U,s10-29
mean_acc,mnist784_pca32 (20c),"SC-FFCM (L=1, R=50)",0.5508259532702707,0.06866289292697436,0,0,U,s10-29
mean_acc,mnist784_pca32 (50c),"F-FCM (post_none_off, L=5)",0.4063495614095813,0.22101404015950582,0,0,U,s10-29
mean_acc,mnist784_pca32 (50c),GF-PFedFCM (L=5),0.4947377924963467,0.1326258090727404,0,0,U,s10-29
mean_acc,mnist784_pca32 (50c),ungated PRE (L=1),0.5345511646648413,0.09281243690424579,0,0,U,s10-29
mean_acc,mnist784_pca32 (50c),pre_mass_off (L=1),0.6273636015690871,0.0,0,1,U,s10-29
mean_acc,mnist784_pca32 (50c),pre_mass_off (L=5),0.5579000228107893,0.06946357875829778,0,0,U,s10-29
mean_acc,mnist784_pca32 (50c),SC-FFCM (L=5),0.5466794925781937,0.0806841089908934,0,0,U,s10-29
mean_acc,mnist784_pca32 (50c),"SC-FFCM (L=1, R=50)",0.5505194740854044,0.07684412748368274,0,0,U,s10-29
worst_acc,cluster_skew_hard,"F-FCM (post_none_off, L=5)",0.6538636363636364,0.3461363636363636,0,0,U,s10-29
worst_acc,cluster_skew_hard,GF-PFedFCM (L=5),1.0,0.0,0,1,U,s10-29
worst_acc,cluster_skew_hard,ungated PRE (L=1),1.0,0.0,0,1,U,s10-29
worst_acc,cluster_skew_hard,pre_mass_off (L=1),1.0,0.0,0,1,U,s10-29
worst_acc,cluster_skew_hard,pre_mass_off (L=5),0.9311363636363635,0.06886363636363646,0,0,U,s10-29
worst_acc,cluster_skew_hard,SC-FFCM (L=5),1.0,0.0,0,1,U,s10-29
worst_acc,cluster_skew_hard,"SC-FFCM (L=1, R=50)",1.0,0.0,0,1,U,s10-29
worst_acc,cluster_skew_overlap,"F-FCM (post_none_off, L=5)",0.5827272727272728,0.2268181818181818,0,0,U,s10-29
worst_acc,cluster_skew_overlap,GF-PFedFCM (L=5),0.7168181818181819,0.09272727272727266,0,0,U,s10-29
worst_acc,cluster_skew_overlap,ungated PRE (L=1),0.8081818181818182,0.0013636363636363447,0,0,U,s10-29
worst_acc,cluster_skew_overlap,pre_mass_off (L=1),0.8095454545454546,0.0,0,1,U,s10-29
worst_acc,cluster_skew_overlap,pre_mass_off (L=5),0.7993181818181817,0.010227272727272863,0,0,U,s10-29
worst_acc,cluster_skew_overlap,SC-FFCM (L=5),0.8081818181818182,0.0013636363636363447,0,0,U,s10-29
worst_acc,cluster_skew_overlap,"SC-FFCM (L=1, R=50)",0.8081818181818182,0.0013636363636363447,0,0,U,s10-29
worst_acc,dirichlet_0.03,"F-FCM (post_none_off, L=5)",0.7361363636363638,0.2402272727272725,0,0,U,s10-29
worst_acc,dirichlet_0.03,GF-PFedFCM (L=5),0.9518181818181818,0.024545454545454537,0,0,U,s10-29
worst_acc,dirichlet_0.03,ungated PRE (L=1),0.9763636363636363,0.0,0,1,U,s10-29
worst_acc,dirichlet_0.03,pre_mass_off (L=1),0.9754545454545454,0.0009090909090909705,0,0,U,s10-29
worst_acc,dirichlet_0.03,pre_mass_off (L=5),0.9020454545454545,0.07431818181818184,0,0,U,s10-29
worst_acc,dirichlet_0.03,SC-FFCM (L=5),0.975909090909091,0.0004545454545453742,0,0,U,s10-29
worst_acc,dirichlet_0.03,"SC-FFCM (L=1, R=50)",0.975909090909091,0.0004545454545453742,0,0,U,s10-29
worst_acc,dirichlet_0.1,"F-FCM (post_none_off, L=5)",0.7240909090909091,0.26181818181818184,0,0,U,s10-29
worst_acc,dirichlet_0.1,GF-PFedFCM (L=5),0.8829545454545455,0.10295454545454541,0,0,U,s10-29
worst_acc,dirichlet_0.1,ungated PRE (L=1),0.985909090909091,0.0,0,1,U,s10-29
worst_acc,dirichlet_0.1,pre_mass_off (L=1),0.9452272727272728,0.04068181818181815,0,0,U,s10-29
worst_acc,dirichlet_0.1,pre_mass_off (L=5),0.9065909090909091,0.07931818181818184,0,0,U,s10-29
worst_acc,dirichlet_0.1,SC-FFCM (L=5),0.985909090909091,0.0,0,1,U,s10-29
worst_acc,dirichlet_0.1,"SC-FFCM (L=1, R=50)",0.9854545454545456,0.0004545454545453742,0,0,U,s10-29
worst_acc,overlap_noise,"F-FCM (post_none_off, L=5)",0.7797727272727274,0.0840909090909091,0,0,U,s10-29
worst_acc,overlap_noise,GF-PFedFCM (L=5),0.8474999999999999,0.01636363636363658,0,0,U,s10-29
worst_acc,overlap_noise,ungated PRE (L=1),0.8638636363636365,0.0,0,1,U,s10-29
worst_acc,overlap_noise,pre_mass_off (L=1),0.8461363636363636,0.017727272727272925,0,0,U,s10-29
worst_acc,overlap_noise,pre_mass_off (L=5),0.8415909090909091,0.022272727272727444,0,0,U,s10-29
worst_acc,overlap_noise,SC-FFCM (L=5),0.8590909090909093,0.004772727272727151,0,0,U,s10-29
worst_acc,overlap_noise,"SC-FFCM (L=1, R=50)",0.8572727272727274,0.006590909090909092,0,0,U,s10-29
worst_acc,quantity_skew_extreme,"F-FCM (post_none_off, L=5)",0.6851408430504711,0.31485915694952893,0,0,U,s10-29
worst_acc,quantity_skew_extreme,GF-PFedFCM (L=5),0.6554612662793625,0.3445387337206375,0,0,U,s10-29
worst_acc,quantity_skew_extreme,ungated PRE (L=1),0.82816186449525,0.17183813550475002,0,0,U,s10-29
worst_acc,quantity_skew_extreme,pre_mass_off (L=1),0.810745822600885,0.189254177399115,0,0,U,s10-29
worst_acc,quantity_skew_extreme,pre_mass_off (L=5),0.727930628432462,0.27206937156753797,0,0,U,s10-29
worst_acc,quantity_skew_extreme,SC-FFCM (L=5),1.0,0.0,0,1,U,s10-29
worst_acc,quantity_skew_extreme,"SC-FFCM (L=1, R=50)",1.0,0.0,0,1,U,s10-29
worst_acc,wine,"F-FCM (post_none_off, L=5)",0.8074561403508772,0.08842105263157884,0,0,U,s10-29
worst_acc,wine,GF-PFedFCM (L=5),0.8243347953216376,0.07154239766081849,0,0,U,s10-29
worst_acc,wine,ungated PRE (L=1),0.876125730994152,0.01975146198830402,0,0,U,s10-29
worst_acc,wine,pre_mass_off (L=1),0.8877923976608187,0.008084795321637306,0,0,U,s10-29
worst_acc,wine,pre_mass_off (L=5),0.895877192982456,0.0,0,1,U,s10-29
worst_acc,wine,SC-FFCM (L=5),0.8711257309941521,0.024751461988303913,0,0,U,s10-29
worst_acc,wine,"SC-FFCM (L=1, R=50)",0.8683479532163743,0.027529239766081792,0,0,U,s10-29
worst_acc,satimage,"F-FCM (post_none_off, L=5)",0.5285386984205258,0.08237177945124863,0,0,U,s10-29
worst_acc,satimage,GF-PFedFCM (L=5),0.4880129795808645,0.12289749829090996,0,0,U,s10-29
worst_acc,satimage,ungated PRE (L=1),0.5562603611943355,0.05465011667743891,0,0,U,s10-29
worst_acc,satimage,pre_mass_off (L=1),0.48622790076107114,0.1246825771107033,0,0,U,s10-29
worst_acc,satimage,pre_mass_off (L=5),0.47416959933878766,0.13674087853298678,0,0,U,s10-29
worst_acc,satimage,SC-FFCM (L=5),0.6091428717156865,0.001767606156087953,0,0,U,s10-29
worst_acc,satimage,"SC-FFCM (L=1, R=50)",0.6109104778717744,0.0,0,1,U,s10-29
worst_acc,pendigits,"F-FCM (post_none_off, L=5)",0.4451494294896866,0.1441955889604979,0,0,U,s10-29
worst_acc,pendigits,GF-PFedFCM (L=5),0.5075576554294161,0.08178736302076839,0,0,U,s10-29
worst_acc,pendigits,ungated PRE (L=1),0.5893450184501845,0.0,0,1,U,s10-29
worst_acc,pendigits,pre_mass_off (L=1),0.5772916914653018,0.012053326984882706,0,0,U,s10-29
worst_acc,pendigits,pre_mass_off (L=5),0.5182938229268013,0.07105119552338324,0,0,U,s10-29
worst_acc,pendigits,SC-FFCM (L=5),0.5703874538745388,0.01895756457564568,0,0,U,s10-29
worst_acc,pendigits,"SC-FFCM (L=1, R=50)",0.578615555971228,0.010729462478956453,0,0,U,s10-29
worst_acc,digits_pca16,"F-FCM (post_none_off, L=5)",0.30784609540784497,0.2385879484202667,0,0,U,s10-29
worst_acc,digits_pca16,GF-PFedFCM (L=5),0.4429158993247391,0.10351814450337254,0,0,U,s10-29
worst_acc,digits_pca16,ungated PRE (L=1),0.5430037664783427,0.003430277349768973,0,0,U,s10-29
worst_acc,digits_pca16,pre_mass_off (L=1),0.5389066789265193,0.007527364901592337,0,0,U,s10-29
worst_acc,digits_pca16,pre_mass_off (L=5),0.4561794667723092,0.09025457705580248,0,0,U,s10-29
worst_acc,digits_pca16,SC-FFCM (L=5),0.5297222222222222,0.016711821605889465,0,0,U,s10-29
worst_acc,digits_pca16,"SC-FFCM (L=1, R=50)",0.5464340438281117,0.0,0,1,U,s10-29
worst_acc,digits_pca32,"F-FCM (post_none_off, L=5)",0.28890715086042174,0.2594758315056116,0,0,U,s10-29
worst_acc,digits_pca32,GF-PFedFCM (L=5),0.40753443619647056,0.14084854616956277,0,0,U,s10-29
worst_acc,digits_pca32,ungated PRE (L=1),0.5483829823660333,0.0,0,1,U,s10-29
worst_acc,digits_pca32,pre_mass_off (L=1),0.5319396293442903,0.016443353021743046,0,0,U,s10-29
worst_acc,digits_pca32,pre_mass_off (L=5),0.46526836158192086,0.08311462078411247,0,0,U,s10-29
worst_acc,digits_pca32,SC-FFCM (L=5),0.5368456496422598,0.011537332723773552,0,0,U,s10-29
worst_acc,digits_pca32,"SC-FFCM (L=1, R=50)",0.5313385925222824,0.017044389843750896,0,0,U,s10-29
worst_acc,letter,"F-FCM (post_none_off, L=5)",0.2161414164770404,0.016815536656721725,0,0,U,s10-29
worst_acc,letter,GF-PFedFCM (L=5),0.22148058252427183,0.011476370609490305,0,0,U,s10-29
worst_acc,letter,ungated PRE (L=1),0.1912924757281553,0.04166447740560683,0,0,U,s10-29
worst_acc,letter,pre_mass_off (L=1),0.2129854368932039,0.019971516240558235,0,0,U,s10-29
worst_acc,letter,pre_mass_off (L=5),0.23295695313376213,0.0,0,1,U,s10-29
worst_acc,letter,SC-FFCM (L=5),0.19975559912423954,0.03320135400952259,0,0,U,s10-29
worst_acc,letter,"SC-FFCM (L=1, R=50)",0.20249561844849046,0.03046133468527168,0,0,U,s10-29
worst_acc,mnist784_pca32 (20c),"F-FCM (post_none_off, L=5)",0.3286948799458985,0.17915151327047651,0,0,U,s10-29
worst_acc,mnist784_pca32 (20c),GF-PFedFCM (L=5),0.3962873144299686,0.11155907878640642,0,0,U,s10-29
worst_acc,mnist784_pca32 (20c),ungated PRE (L=1),0.43573820580199485,0.07210818741438019,0,0,U,s10-29
worst_acc,mnist784_pca32 (20c),pre_mass_off (L=1),0.507846393216375,0.0,0,1,U,s10-29
worst_acc,mnist784_pca32 (20c),pre_mass_off (L=5),0.44359482011451545,0.06425157310185958,0,0,U,s10-29
worst_acc,mnist784_pca32 (20c),SC-FFCM (L=5),0.4476496270157903,0.06019676620058473,0,0,U,s10-29
worst_acc,mnist784_pca32 (20c),"SC-FFCM (L=1, R=50)",0.4561487824653902,0.051697610750984835,0,0,U,s10-29
worst_acc,mnist784_pca32 (50c),"F-FCM (post_none_off, L=5)",0.32762752242661936,0.16619089508378726,0,0,U,s10-29
worst_acc,mnist784_pca32 (50c),GF-PFedFCM (L=5),0.3843622197816148,0.10945619772879184,0,0,U,s10-29
worst_acc,mnist784_pca32 (50c),ungated PRE (L=1),0.4291496829617409,0.06466873454866573,0,0,U,s10-29
worst_acc,mnist784_pca32 (50c),pre_mass_off (L=1),0.4938184175104066,0.0,0,1,U,s10-29
worst_acc,mnist784_pca32 (50c),pre_mass_off (L=5),0.46146025027903936,0.03235816723136725,0,0,U,s10-29
worst_acc,mnist784_pca32 (50c),SC-FFCM (L=5),0.45406982982999483,0.039748587680411784,0,0,U,s10-29
worst_acc,mnist784_pca32 (50c),"SC-FFCM (L=1, R=50)",0.4434890004299274,0.05032941708047922,0,0,U,s10-29
gacc,cluster_skew_hard,"F-FCM (post_none_off, L=5)",0.7648863636363636,0.23511363636363636,0,0,U,s10-29
gacc,cluster_skew_hard,GF-PFedFCM (L=5),1.0,0.0,0,1,U,s10-29
gacc,cluster_skew_hard,ungated PRE (L=1),1.0,0.0,0,1,U,s10-29
gacc,cluster_skew_hard,pre_mass_off (L=1),1.0,0.0,0,1,U,s10-29
gacc,cluster_skew_hard,pre_mass_off (L=5),0.9446401515151515,0.05535984848484854,0,0,U,s10-29
gacc,cluster_skew_hard,SC-FFCM (L=5),1.0,0.0,0,1,U,s10-29
gacc,cluster_skew_hard,"SC-FFCM (L=1, R=50)",1.0,0.0,0,1,U,s10-29
gacc,cluster_skew_overlap,"F-FCM (post_none_off, L=5)",0.6856628787878787,0.18115530303030314,0,0,U,s10-29
gacc,cluster_skew_overlap,GF-PFedFCM (L=5),0.8134659090909091,0.05335227272727272,0,0,U,s10-29
gacc,cluster_skew_overlap,ungated PRE (L=1),0.8668181818181818,0.0,0,1,U,s10-29
gacc,cluster_skew_overlap,pre_mass_off (L=1),0.866685606060606,0.00013257575757585904,0,0,U,s10-29
gacc,cluster_skew_overlap,pre_mass_off (L=5),0.8643939393939395,0.002424242424242329,0,0,U,s10-29
gacc,cluster_skew_overlap,SC-FFCM (L=5),0.8668181818181818,0.0,0,1,U,s10-29
gacc,cluster_skew_overlap,"SC-FFCM (L=1, R=50)",0.8668181818181818,0.0,0,1,U,s10-29
gacc,dirichlet_0.03,"F-FCM (post_none_off, L=5)",0.7898295454545454,0.20089015151515144,0,0,U,s10-29
gacc,dirichlet_0.03,GF-PFedFCM (L=5),0.9765151515151516,0.014204545454545303,0,0,U,s10-29
gacc,dirichlet_0.03,ungated PRE (L=1),0.9907196969696969,0.0,0,1,U,s10-29
gacc,dirichlet_0.03,pre_mass_off (L=1),0.9889015151515151,0.0018181818181817189,0,0,U,s10-29
gacc,dirichlet_0.03,pre_mass_off (L=5),0.9396969696969697,0.051022727272727164,0,0,U,s10-29
gacc,dirichlet_0.03,SC-FFCM (L=5),0.9906818181818181,3.787878787875343e-05,0,0,U,s10-29
gacc,dirichlet_0.03,"SC-FFCM (L=1, R=50)",0.9906818181818181,3.787878787875343e-05,0,0,U,s10-29
gacc,dirichlet_0.1,"F-FCM (post_none_off, L=5)",0.8722537878787879,0.12128787878787872,0,0,U,s10-29
gacc,dirichlet_0.1,GF-PFedFCM (L=5),0.9386174242424243,0.05492424242424232,0,0,U,s10-29
gacc,dirichlet_0.1,ungated PRE (L=1),0.9935416666666667,0.0,0,1,U,s10-29
gacc,dirichlet_0.1,pre_mass_off (L=1),0.9789583333333333,0.014583333333333393,0,0,U,s10-29
gacc,dirichlet_0.1,pre_mass_off (L=5),0.9589772727272727,0.03456439393939392,0,0,U,s10-29
gacc,dirichlet_0.1,SC-FFCM (L=5),0.9935227272727273,1.8939393939376714e-05,0,0,U,s10-29
gacc,dirichlet_0.1,"SC-FFCM (L=1, R=50)",0.9933522727272728,0.00018939393939387816,0,0,U,s10-29
gacc,overlap_noise,"F-FCM (post_none_off, L=5)",0.8463636363636363,0.05147727272727298,0,0,U,s10-29
gacc,overlap_noise,GF-PFedFCM (L=5),0.8868750000000001,0.01096590909090922,0,0,U,s10-29
gacc,overlap_noise,ungated PRE (L=1),0.8978409090909093,0.0,0,1,U,s10-29
gacc,overlap_noise,pre_mass_off (L=1),0.8876136363636364,0.010227272727272863,0,0,U,s10-29
gacc,overlap_noise,pre_mass_off (L=5),0.8736363636363634,0.024204545454545867,0,0,U,s10-29
gacc,overlap_noise,SC-FFCM (L=5),0.895378787878788,0.0024621212121213043,0,0,U,s10-29
gacc,overlap_noise,"SC-FFCM (L=1, R=50)",0.8940719696969698,0.003768939393939519,0,0,U,s10-29
gacc,quantity_skew_extreme,"F-FCM (post_none_off, L=5)",0.796103409516673,0.20389659048332698,0,0,U,s10-29
gacc,quantity_skew_extreme,GF-PFedFCM (L=5),0.7668227800674411,0.2331772199325589,0,0,U,s10-29
gacc,quantity_skew_extreme,ungated PRE (L=1),0.8785312851255153,0.12146871487448474,0,0,U,s10-29
gacc,quantity_skew_extreme,pre_mass_off (L=1),0.8684526039715248,0.1315473960284752,0,0,U,s10-29
gacc,quantity_skew_extreme,pre_mass_off (L=5),0.8142937429748971,0.1857062570251029,0,0,U,s10-29
gacc,quantity_skew_extreme,SC-FFCM (L=5),1.0,0.0,0,1,U,s10-29
gacc,quantity_skew_extreme,"SC-FFCM (L=1, R=50)",1.0,0.0,0,1,U,s10-29
gacc,wine,"F-FCM (post_none_off, L=5)",0.9219101123595506,0.04691011235955034,0,0,U,s10-29
gacc,wine,GF-PFedFCM (L=5),0.9146067415730338,0.05421348314606711,0,0,U,s10-29
gacc,wine,ungated PRE (L=1),0.9623595505617976,0.006460674157303337,0,0,U,s10-29
gacc,wine,pre_mass_off (L=1),0.9682584269662918,0.0005617977528090679,0,0,U,s10-29
gacc,wine,pre_mass_off (L=5),0.9688202247191009,0.0,0,1,U,s10-29
gacc,wine,SC-FFCM (L=5),0.9601123595505616,0.008707865168539275,0,0,U,s10-29
gacc,wine,"SC-FFCM (L=1, R=50)",0.9592696629213482,0.00955056179775271,0,0,U,s10-29
gacc,satimage,"F-FCM (post_none_off, L=5)",0.6700777604976672,0.034230171073094784,0,0,U,s10-29
gacc,satimage,GF-PFedFCM (L=5),0.6208786936236392,0.08342923794712276,0,0,U,s10-29
gacc,satimage,ungated PRE (L=1),0.6815396578538102,0.02276827371695178,0,0,U,s10-29
gacc,satimage,pre_mass_off (L=1),0.6444479004665631,0.05986003110419891,0,0,U,s10-29
gacc,satimage,pre_mass_off (L=5),0.6179004665629859,0.08640746500777607,0,0,U,s10-29
gacc,satimage,SC-FFCM (L=5),0.704307931570762,0.0,0,1,U,s10-29
gacc,satimage,"SC-FFCM (L=1, R=50)",0.7038646967340589,0.00044323483670305475,0,0,U,s10-29
gacc,pendigits,"F-FCM (post_none_off, L=5)",0.5031477438136827,0.23634916302765652,0,0,U,s10-29
gacc,pendigits,GF-PFedFCM (L=5),0.5938955604075691,0.1456013464337701,0,0,U,s10-29
gacc,pendigits,ungated PRE (L=1),0.7394969068413392,0.0,0,1,U,s10-29
gacc,pendigits,pre_mass_off (L=1),0.7088973799126638,0.030599526928675402,0,0,U,s10-29
gacc,pendigits,pre_mass_off (L=5),0.6052856622998545,0.1342112445414847,0,0,U,s10-29
gacc,pendigits,SC-FFCM (L=5),0.7385507641921398,0.0009461426491993441,0,0,U,s10-29
gacc,pendigits,"SC-FFCM (L=1, R=50)",0.7140556768558952,0.02544122998544396,0,0,U,s10-29
gacc,digits_pca16,"F-FCM (post_none_off, L=5)",0.36260434056761265,0.3604340567612688,0,0,U,s10-29
gacc,digits_pca16,GF-PFedFCM (L=5),0.5309404563160823,0.1920979410127991,0,0,U,s10-29
gacc,digits_pca16,ungated PRE (L=1),0.7230383973288814,0.0,0,1,U,s10-29
gacc,digits_pca16,pre_mass_off (L=1),0.7062604340567614,0.01677796327212,0,0,U,s10-29
gacc,digits_pca16,pre_mass_off (L=5),0.5987757373400112,0.1242626599888702,0,0,U,s10-29
gacc,digits_pca16,SC-FFCM (L=5),0.7150528658875903,0.007985531441291105,0,0,U,s10-29
gacc,digits_pca16,"SC-FFCM (L=1, R=50)",0.7203116304952698,0.0027267668336116158,0,0,U,s10-29
gacc,digits_pca32,"F-FCM (post_none_off, L=5)",0.3176126878130217,0.391151919866444,0,0,U,s10-29
gacc,digits_pca32,GF-PFedFCM (L=5),0.470895937673901,0.23786867000556472,0,0,U,s10-29
gacc,digits_pca32,ungated PRE (L=1),0.6814969393433501,0.027267668336115602,0,0,U,s10-29
gacc,digits_pca32,pre_mass_off (L=1),0.7087646076794657,0.0,0,1,U,s10-29
gacc,digits_pca32,pre_mass_off (L=5),0.5593489148580968,0.1494156928213689,0,0,U,s10-29
gacc,digits_pca32,SC-FFCM (L=5),0.6589315525876459,0.04983305509181979,0,0,U,s10-29
gacc,digits_pca32,"SC-FFCM (L=1, R=50)",0.6744852531997775,0.03427935447968822,0,0,U,s10-29
gacc,letter,"F-FCM (post_none_off, L=5)",0.215135,0.08194750000000003,0,0,U,s10-29
gacc,letter,GF-PFedFCM (L=5),0.2358725,0.061210000000000014,0,0,U,s10-29
gacc,letter,ungated PRE (L=1),0.26709750000000004,0.029984999999999984,0,0,U,s10-29
gacc,letter,pre_mass_off (L=1),0.2970825,0.0,0,1,U,s10-29
gacc,letter,pre_mass_off (L=5),0.25834999999999997,0.03873250000000006,0,0,U,s10-29
gacc,letter,SC-FFCM (L=5),0.2640225,0.033060000000000034,0,0,U,s10-29
gacc,letter,"SC-FFCM (L=1, R=50)",0.26110249999999996,0.03598000000000007,0,0,U,s10-29
gacc,mnist784_pca32 (20c),"F-FCM (post_none_off, L=5)",0.34287999999999996,0.17990928571428577,0,0,U,s10-29
gacc,mnist784_pca32 (20c),GF-PFedFCM (L=5),0.3725178571428571,0.1502714285714286,0,0,U,s10-29
gacc,mnist784_pca32 (20c),ungated PRE (L=1),0.4661957142857143,0.05659357142857141,0,0,U,s10-29
gacc,mnist784_pca32 (20c),pre_mass_off (L=1),0.5227892857142857,0.0,0,1,U,s10-29
gacc,mnist784_pca32 (20c),pre_mass_off (L=5),0.40778857142857144,0.11500071428571429,0,0,U,s10-29
gacc,mnist784_pca32 (20c),SC-FFCM (L=5),0.4719399999999999,0.05084928571428582,0,0,U,s10-29
gacc,mnist784_pca32 (20c),"SC-FFCM (L=1, R=50)",0.4782857142857142,0.04450357142857153,0,0,U,s10-29
gacc,mnist784_pca32 (50c),"F-FCM (post_none_off, L=5)",0.33581285714285714,0.1918685714285714,0,0,U,s10-29
gacc,mnist784_pca32 (50c),GF-PFedFCM (L=5),0.3669621428571429,0.16071928571428562,0,0,U,s10-29
gacc,mnist784_pca32 (50c),ungated PRE (L=1),0.464905,0.06277642857142851,0,0,U,s10-29
gacc,mnist784_pca32 (50c),pre_mass_off (L=1),0.5276814285714285,0.0,0,1,U,s10-29
gacc,mnist784_pca32 (50c),pre_mass_off (L=5),0.4149707142857143,0.11271071428571422,0,0,U,s10-29
gacc,mnist784_pca32 (50c),SC-FFCM (L=5),0.47609071428571426,0.05159071428571427,0,0,U,s10-29
gacc,mnist784_pca32 (50c),"SC-FFCM (L=1, R=50)",0.47137642857142864,0.05630499999999988,0,0,U,s10-29
fcm_obj,cluster_skew_hard,"F-FCM (post_none_off, L=5)",8.450287427948458,7.146399939049626,0,0,U,s10-29
fcm_obj,cluster_skew_hard,GF-PFedFCM (L=5),1.289517600924763,0.24314423564255883,0,0,U,s10-29
fcm_obj,cluster_skew_hard,ungated PRE (L=1),1.037303286259675,1.5780465069307944e-12,0,0,U,s10-29
fcm_obj,cluster_skew_hard,pre_mass_off (L=1),1.0374576262003574,0.00014878960123240094,0,0,U,s10-29
fcm_obj,cluster_skew_hard,pre_mass_off (L=5),2.2194034694929607,1.1395897409129245,0,0,U,s10-29
fcm_obj,cluster_skew_hard,SC-FFCM (L=5),1.0373032862675915,9.209909245889504e-12,0,0,U,s10-29
fcm_obj,cluster_skew_hard,"SC-FFCM (L=1, R=50)",1.037303286258038,0.0,0,1,U,s10-29
fcm_obj,cluster_skew_overlap,"F-FCM (post_none_off, L=5)",2.8079904016901795,0.3346117311240801,0,0,U,s10-29
fcm_obj,cluster_skew_overlap,GF-PFedFCM (L=5),2.3359255740712745,0.11024370749692135,0,0,U,s10-29
fcm_obj,cluster_skew_overlap,ungated PRE (L=1),2.1039755145581207,7.25398194886398e-10,0,0,U,s10-29
fcm_obj,cluster_skew_overlap,pre_mass_off (L=1),2.1371097502433867,0.015748394886848486,0,0,U,s10-29
fcm_obj,cluster_skew_overlap,pre_mass_off (L=5),2.5676738508180414,0.22039150879562072,0,0,U,s10-29
fcm_obj,cluster_skew_overlap,SC-FFCM (L=5),2.1039755140029928,4.6155104449186494e-10,0,0,U,s10-29
fcm_obj,cluster_skew_overlap,"SC-FFCM (L=1, R=50)",2.1039755130319007,0.0,0,1,U,s10-29
fcm_obj,dirichlet_0.03,"F-FCM (post_none_off, L=5)",8.864981130314836,7.471630009777947,0,0,U,s10-29
fcm_obj,dirichlet_0.03,GF-PFedFCM (L=5),1.4128081043525795,0.3501199110240788,0,0,U,s10-29
fcm_obj,dirichlet_0.03,ungated PRE (L=1),1.0464315745709958,0.0,0,1,U,s10-29
fcm_obj,dirichlet_0.03,pre_mass_off (L=1),1.046752931485977,0.00030709787700441624,0,0,U,s10-29
fcm_obj,dirichlet_0.03,pre_mass_off (L=5),1.8184622870926084,0.7377746727855771,0,0,U,s10-29
fcm_obj,dirichlet_0.03,SC-FFCM (L=5),1.0464768192545535,4.323711617384938e-05,0,0,U,s10-29
fcm_obj,dirichlet_0.03,"SC-FFCM (L=1, R=50)",1.046477075884528,4.3482359131765194e-05,0,0,U,s10-29
fcm_obj,dirichlet_0.1,"F-FCM (post_none_off, L=5)",6.871479037605833,5.349093173233668,0,0,U,s10-29
fcm_obj,dirichlet_0.1,GF-PFedFCM (L=5),1.674556167019367,0.5472525012494808,0,0,U,s10-29
fcm_obj,dirichlet_0.1,ungated PRE (L=1),1.0822772402481704,0.0,0,1,U,s10-29
fcm_obj,dirichlet_0.1,pre_mass_off (L=1),1.1570951302868524,0.06913005952294253,0,0,U,s10-29
fcm_obj,dirichlet_0.1,pre_mass_off (L=5),1.4862953980027163,0.3733037550174324,0,0,U,s10-29
fcm_obj,dirichlet_0.1,SC-FFCM (L=5),1.0822772708563506,2.8281274958338365e-08,0,0,U,s10-29
fcm_obj,dirichlet_0.1,"SC-FFCM (L=1, R=50)",1.083388303625886,0.0010265977481526203,0,0,U,s10-29
fcm_obj,overlap_noise,"F-FCM (post_none_off, L=5)",2.6345890209421055,0.13102336911161452,0,0,U,s10-29
fcm_obj,overlap_noise,GF-PFedFCM (L=5),2.364907500612338,0.015249675649001888,0,0,U,s10-29
fcm_obj,overlap_noise,ungated PRE (L=1),2.329385132874396,0.0,0,1,U,s10-29
fcm_obj,overlap_noise,pre_mass_off (L=1),2.366373184846307,0.01587889072094685,0,0,U,s10-29
fcm_obj,overlap_noise,pre_mass_off (L=5),2.4634617141564767,0.057558786389536966,0,0,U,s10-29
fcm_obj,overlap_noise,SC-FFCM (L=5),2.3301149032904176,0.0003132888613918842,0,0,U,s10-29
fcm_obj,overlap_noise,"SC-FFCM (L=1, R=50)",2.330726315739065,0.000575766903351785,0,0,U,s10-29
fcm_obj,quantity_skew_extreme,"F-FCM (post_none_off, L=5)",3.463572897392388,2.307143033823566,0,0,U,s10-29
fcm_obj,quantity_skew_extreme,GF-PFedFCM (L=5),2.320360252988717,1.215562794249271,0,0,U,s10-29
fcm_obj,quantity_skew_extreme,ungated PRE (L=1),1.5117957488649538,0.44351654419831743,0,0,U,s10-29
fcm_obj,quantity_skew_extreme,pre_mass_off (L=1),1.7123926606400606,0.6350536358192327,0,0,U,s10-29
fcm_obj,quantity_skew_extreme,pre_mass_off (L=5),2.376398975255362,1.2690705665580437,0,0,U,s10-29
fcm_obj,quantity_skew_extreme,SC-FFCM (L=5),1.0484405926003955,0.0010885016471573927,0,0,U,s10-29
fcm_obj,quantity_skew_extreme,"SC-FFCM (L=1, R=50)",1.04730060416769,0.0,0,1,U,s10-29
fcm_obj,wine,"F-FCM (post_none_off, L=5)",4.103188935329285,0.06960647386845724,0,0,U,s10-29
fcm_obj,wine,GF-PFedFCM (L=5),3.8361668852743924,0.0,0,1,U,s10-29
fcm_obj,wine,ungated PRE (L=1),4.052333716712851,0.05634969434417514,0,0,U,s10-29
fcm_obj,wine,pre_mass_off (L=1),4.080178069081935,0.0636080731378528,0,0,U,s10-29
fcm_obj,wine,pre_mass_off (L=5),4.1125746343767835,0.07205310857653688,0,0,U,s10-29
fcm_obj,wine,SC-FFCM (L=5),4.062830828714874,0.05908604870934056,0,0,U,s10-29
fcm_obj,wine,"SC-FFCM (L=1, R=50)",4.063739155194083,0.05932282841845479,0,0,U,s10-29
fcm_obj,satimage,"F-FCM (post_none_off, L=5)",4.189243590935648,0.12397230638162035,0,0,U,s10-29
fcm_obj,satimage,GF-PFedFCM (L=5),3.820536017313028,0.025048218319118992,0,0,U,s10-29
fcm_obj,satimage,ungated PRE (L=1),3.7271768771794647,0.0,0,1,U,s10-29
fcm_obj,satimage,pre_mass_off (L=1),3.7723695870381455,0.012125185186510483,0,0,U,s10-29
fcm_obj,satimage,pre_mass_off (L=5),3.9478600211929615,0.05920919540059459,0,0,U,s10-29
fcm_obj,satimage,SC-FFCM (L=5),3.730177424644746,0.0008050456321654051,0,0,U,s10-29
fcm_obj,satimage,"SC-FFCM (L=1, R=50)",3.749489535904183,0.005986477020002143,0,0,U,s10-29
fcm_obj,pendigits,"F-FCM (post_none_off, L=5)",4.43311386638999,0.14407718629087832,0,0,U,s10-29
fcm_obj,pendigits,GF-PFedFCM (L=5),4.096439609130092,0.057189876704098246,0,0,U,s10-29
fcm_obj,pendigits,ungated PRE (L=1),3.8748380961622315,0.0,0,1,U,s10-29
fcm_obj,pendigits,pre_mass_off (L=1),3.9846536522321414,0.028340682460687806,0,0,U,s10-29
fcm_obj,pendigits,pre_mass_off (L=5),4.389735909804719,0.13288240717785318,0,0,U,s10-29
fcm_obj,pendigits,SC-FFCM (L=5),3.8813078477144245,0.001669683065881085,0,0,U,s10-29
fcm_obj,pendigits,"SC-FFCM (L=1, R=50)",3.89879085005256,0.006181614120613701,0,0,U,s10-29
fcm_obj,digits_pca16,"F-FCM (post_none_off, L=5)",8.253880322045955,0.06846063064243829,0,0,U,s10-29
fcm_obj,digits_pca16,GF-PFedFCM (L=5),7.729116114165126,0.0005301695000179848,0,0,U,s10-29
fcm_obj,digits_pca16,ungated PRE (L=1),7.725020543885745,0.0,0,1,U,s10-29
fcm_obj,digits_pca16,pre_mass_off (L=1),7.9174516883065165,0.024910114261518457,0,0,U,s10-29
fcm_obj,digits_pca16,pre_mass_off (L=5),8.347944376596235,0.08063717490091676,0,0,U,s10-29
fcm_obj,digits_pca16,SC-FFCM (L=5),7.72980393858663,0.0006192080232940046,0,0,U,s10-29
fcm_obj,digits_pca16,"SC-FFCM (L=1, R=50)",7.733170751386635,0.0010550402364095577,0,0,U,s10-29
fcm_obj,digits_pca32,"F-FCM (post_none_off, L=5)",25.171830739219054,0.07035807145495676,0,0,U,s10-29
fcm_obj,digits_pca32,GF-PFedFCM (L=5),23.517205513293824,0.0,0,1,U,s10-29
fcm_obj,digits_pca32,ungated PRE (L=1),23.91986228923446,0.01712179517728076,0,0,U,s10-29
fcm_obj,digits_pca32,pre_mass_off (L=1),24.230453044485404,0.03032875359227504,0,0,U,s10-29
fcm_obj,digits_pca32,pre_mass_off (L=5),25.04937723467534,0.06515109631182196,0,0,U,s10-29
fcm_obj,digits_pca32,SC-FFCM (L=5),23.985746721698177,0.019923336900700046,0,0,U,s10-29
fcm_obj,digits_pca32,"SC-FFCM (L=1, R=50)",23.947504996307604,0.018297219997951704,0,0,U,s10-29
fcm_obj,letter,"F-FCM (post_none_off, L=5)",5.162011173700084,0.0783648220464129,0,0,U,s10-29
fcm_obj,letter,GF-PFedFCM (L=5),4.786887580312696,0.0,0,1,U,s10-29
fcm_obj,letter,ungated PRE (L=1),4.923714652517052,0.028583723747157338,0,0,U,s10-29
fcm_obj,letter,pre_mass_off (L=1),5.077257773181605,0.06065949701077825,0,0,U,s10-29
fcm_obj,letter,pre_mass_off (L=5),5.292351904393757,0.10559352305659178,0,0,U,s10-29
fcm_obj,letter,SC-FFCM (L=5),4.918499082395141,0.027494170246180717,0,0,U,s10-29
fcm_obj,letter,"SC-FFCM (L=1, R=50)",4.9277348813944775,0.0294235656715759,0,0,U,s10-29
fcm_obj,mnist784_pca32 (20c),"F-FCM (post_none_off, L=5)",24.980448799141634,0.06129214509088532,0,0,U,s10-29
fcm_obj,mnist784_pca32 (20c),GF-PFedFCM (L=5),23.53776847844511,0.0,0,1,U,s10-29
fcm_obj,mnist784_pca32 (20c),ungated PRE (L=1),24.362893443980568,0.0350553607616233,0,0,U,s10-29
fcm_obj,mnist784_pca32 (20c),pre_mass_off (L=1),24.581032731852858,0.04432298900225508,0,0,U,s10-29
fcm_obj,mnist784_pca32 (20c),pre_mass_off (L=5),24.97908985311766,0.06123441038994211,0,0,U,s10-29
fcm_obj,mnist784_pca32 (20c),SC-FFCM (L=5),24.35733488291529,0.03481920578922782,0,0,U,s10-29
fcm_obj,mnist784_pca32 (20c),"SC-FFCM (L=1, R=50)",24.421414517260548,0.037541623354169884,0,0,U,s10-29
fcm_obj,mnist784_pca32 (50c),"F-FCM (post_none_off, L=5)",24.986682410356405,0.06454488883077121,0,0,U,s10-29
fcm_obj,mnist784_pca32 (50c),GF-PFedFCM (L=5),23.47170389197979,0.0,0,1,U,s10-29
fcm_obj,mnist784_pca32 (50c),ungated PRE (L=1),24.36834340062925,0.038200869982679006,0,0,U,s10-29
fcm_obj,mnist784_pca32 (50c),pre_mass_off (L=1),24.602067912951888,0.04815858389208552,0,0,U,s10-29
fcm_obj,mnist784_pca32 (50c),pre_mass_off (L=5),24.974919957031073,0.0640437554925413,0,0,U,s10-29
fcm_obj,mnist784_pca32 (50c),SC-FFCM (L=5),24.36752624501785,0.03816605548369072,0,0,U,s10-29
fcm_obj,mnist784_pca32 (50c),"SC-FFCM (L=1, R=50)",24.474246672791942,0.042712825000945864,0,0,U,s10-29
upload_numbers,cluster_skew_hard,"F-FCM (post_none_off, L=5)",5083.2,1.3223684210526312,0,0,U,s10-29
upload_numbers,cluster_skew_hard,GF-PFedFCM (L=5),4694.4,1.1447368421052628,0,0,U,s10-29
upload_numbers,cluster_skew_hard,ungated PRE (L=1),2188.8,0.0,0,1,U,s10-29
upload_numbers,cluster_skew_hard,pre_mass_off (L=1),2448.0,0.11842105263157886,0,0,U,s10-29
upload_numbers,cluster_skew_hard,pre_mass_off (L=5),4399.2,1.0098684210526314,0,0,U,s10-29
upload_numbers,cluster_skew_hard,SC-FFCM (L=5),3926.4,0.7938596491228069,0,0,U,s10-29
upload_numbers,cluster_skew_hard,"SC-FFCM (L=1, R=50)",3312.0,0.5131578947368419,0,0,U,s10-29
upload_numbers,cluster_skew_overlap,"F-FCM (post_none_off, L=5)",6969.6,0.7696526508226692,0,0,U,s10-29
upload_numbers,cluster_skew_overlap,GF-PFedFCM (L=5),4046.4,0.027422303473491772,0,0,U,s10-29
upload_numbers,cluster_skew_overlap,ungated PRE (L=1),6732.0,0.7093235831809872,0,0,U,s10-29
upload_numbers,cluster_skew_overlap,pre_mass_off (L=1),4557.6,0.1572212065813529,0,0,U,s10-29
upload_numbers,cluster_skew_overlap,pre_mass_off (L=5),3938.4,0.0,0,1,U,s10-29
upload_numbers,cluster_skew_overlap,SC-FFCM (L=5),8755.2,1.2230347349177333,0,0,U,s10-29
upload_numbers,cluster_skew_overlap,"SC-FFCM (L=1, R=50)",6768.0,0.7184643510054844,0,0,U,s10-29
upload_numbers,dirichlet_0.03,"F-FCM (post_none_off, L=5)",5724.0,1.0703124999999998,0,0,U,s10-29
upload_numbers,dirichlet_0.03,GF-PFedFCM (L=5),5846.4,1.114583333333333,0,0,U,s10-29
upload_numbers,dirichlet_0.03,ungated PRE (L=1),2764.8,0.0,0,1,U,s10-29
upload_numbers,dirichlet_0.03,pre_mass_off (L=1),2779.2,0.005208333333333201,0,0,U,s10-29
upload_numbers,dirichlet_0.03,pre_mass_off (L=5),6408.0,1.3177083333333333,0,0,U,s10-29
upload_numbers,dirichlet_0.03,SC-FFCM (L=5),6902.4,1.4965277777777775,0,0,U,s10-29
upload_numbers,dirichlet_0.03,"SC-FFCM (L=1, R=50)",7296.0,1.6388888888888886,0,0,U,s10-29
upload_numbers,dirichlet_0.1,"F-FCM (post_none_off, L=5)",4888.8,0.880886426592798,0,0,U,s10-29
upload_numbers,dirichlet_0.1,GF-PFedFCM (L=5),5083.2,0.9556786703601109,0,0,U,s10-29
upload_numbers,dirichlet_0.1,ungated PRE (L=1),2599.2,0.0,0,1,U,s10-29
upload_numbers,dirichlet_0.1,pre_mass_off (L=1),2930.4,0.12742382271468156,0,0,U,s10-29
upload_numbers,dirichlet_0.1,pre_mass_off (L=5),4946.4,0.9030470914127424,0,0,U,s10-29
upload_numbers,dirichlet_0.1,SC-FFCM (L=5),5788.8,1.2271468144044324,0,0,U,s10-29
upload_numbers,dirichlet_0.1,"SC-FFCM (L=1, R=50)",6979.2,1.685133887349954,0,0,U,s10-29
upload_numbers,overlap_noise,"F-FCM (post_none_off, L=5)",5565.6,0.7852193995381064,0,0,U,s10-29
upload_numbers,overlap_noise,GF-PFedFCM (L=5),3117.6,0.0,0,1,U,s10-29
upload_numbers,overlap_noise,ungated PRE (L=1),4694.4,0.5057736720554272,0,0,U,s10-29
upload_numbers,overlap_noise,pre_mass_off (L=1),4111.2,0.3187066974595843,0,0,U,s10-29
upload_numbers,overlap_noise,pre_mass_off (L=5),3124.8,0.0023094688221709883,0,0,U,s10-29
upload_numbers,overlap_noise,SC-FFCM (L=5),4416.0,0.4164742109314858,0,0,U,s10-29
upload_numbers,overlap_noise,"SC-FFCM (L=1, R=50)",4627.2,0.4842186297151655,0,0,U,s10-29
upload_numbers,quantity_skew_extreme,"F-FCM (post_none_off, L=5)",5414.4,0.15692307692307683,0,0,U,s10-29
upload_numbers,quantity_skew_extreme,GF-PFedFCM (L=5),5385.6,0.15076923076923085,0,0,U,s10-29
upload_numbers,quantity_skew_extreme,ungated PRE (L=1),4708.8,0.006153846153846193,0,0,U,s10-29
upload_numbers,quantity_skew_extreme,pre_mass_off (L=1),4680.0,0.0,0,1,U,s10-29
upload_numbers,quantity_skew_extreme,pre_mass_off (L=5),5328.0,0.13846153846153847,0,0,U,s10-29
upload_numbers,quantity_skew_extreme,SC-FFCM (L=5),8928.0,0.9076923076923077,0,0,U,s10-29
upload_numbers,quantity_skew_extreme,"SC-FFCM (L=1, R=50)",6153.6,0.31487179487179495,0,0,U,s10-29
upload_numbers,wine,"F-FCM (post_none_off, L=5)",14238.0,0.4933920704845815,0,0,U,s10-29
upload_numbers,wine,GF-PFedFCM (L=5),13419.0,0.40748898678414097,0,0,U,s10-29
upload_numbers,wine,ungated PRE (L=1),14028.0,0.4713656387665198,0,0,U,s10-29
upload_numbers,wine,pre_mass_off (L=1),10899.0,0.14317180616740088,0,0,U,s10-29
upload_numbers,wine,pre_mass_off (L=5),9534.0,0.0,0,1,U,s10-29
upload_numbers,wine,SC-FFCM (L=5),39000.0,3.0906230333543108,0,0,U,s10-29
upload_numbers,wine,"SC-FFCM (L=1, R=50)",39000.0,3.0906230333543108,0,0,U,s10-29
upload_numbers,satimage,"F-FCM (post_none_off, L=5)",92241.0,0.18544935805991442,0,0,U,s10-29
upload_numbers,satimage,GF-PFedFCM (L=5),79032.0,0.015691868758915834,0,0,U,s10-29
upload_numbers,satimage,ungated PRE (L=1),111000.0,0.42653352353780316,0,0,U,s10-29
upload_numbers,satimage,pre_mass_off (L=1),111000.0,0.42653352353780316,0,0,U,s10-29
upload_numbers,satimage,pre_mass_off (L=5),77811.0,0.0,0,1,U,s10-29
upload_numbers,satimage,SC-FFCM (L=5),216000.0,1.7759571268843737,0,0,U,s10-29
upload_numbers,satimage,"SC-FFCM (L=1, R=50)",216000.0,1.7759571268843737,0,0,U,s10-29
upload_numbers,pendigits,"F-FCM (post_none_off, L=5)",82450.0,0.15201900237529692,0,0,U,s10-29
upload_numbers,pendigits,GF-PFedFCM (L=5),75905.0,0.060570071258907364,0,0,U,s10-29
upload_numbers,pendigits,ungated PRE (L=1),85000.0,0.1876484560570071,0,0,U,s10-29
upload_numbers,pendigits,pre_mass_off (L=1),82450.0,0.15201900237529692,0,0,U,s10-29
upload_numbers,pendigits,pre_mass_off (L=5),71570.0,0.0,0,1,U,s10-29
upload_numbers,pendigits,SC-FFCM (L=5),150880.0,1.1081458711750733,0,0,U,s10-29
upload_numbers,pendigits,"SC-FFCM (L=1, R=50)",160000.0,1.2355735643426016,0,0,U,s10-29
upload_numbers,digits_pca16,"F-FCM (post_none_off, L=5)",84575.0,0.06531049250535331,0,0,U,s10-29
upload_numbers,digits_pca16,GF-PFedFCM (L=5),84405.0,0.06316916488222699,0,0,U,s10-29
upload_numbers,digits_pca16,ungated PRE (L=1),85000.0,0.07066381156316917,0,0,U,s10-29
upload_numbers,digits_pca16,pre_mass_off (L=1),85000.0,0.07066381156316917,0,0,U,s10-29
upload_numbers,digits_pca16,pre_mass_off (L=5),79390.0,0.0,0,1,U,s10-29
upload_numbers,digits_pca16,SC-FFCM (L=5),160000.0,1.015367174707142,0,0,U,s10-29
upload_numbers,digits_pca16,"SC-FFCM (L=1, R=50)",160000.0,1.015367174707142,0,0,U,s10-29
upload_numbers,digits_pca32,"F-FCM (post_none_off, L=5)",164835.0,0.0,0,1,U,s10-29
upload_numbers,digits_pca32,GF-PFedFCM (L=5),165000.0,0.001001001001001001,0,0,U,s10-29
upload_numbers,digits_pca32,ungated PRE (L=1),165000.0,0.001001001001001001,0,0,U,s10-29
upload_numbers,digits_pca32,pre_mass_off (L=1),165000.0,0.001001001001001001,0,0,U,s10-29
upload_numbers,digits_pca32,pre_mass_off (L=5),165000.0,0.001001001001001001,0,0,U,s10-29
upload_numbers,digits_pca32,SC-FFCM (L=5),320000.0,0.941335274668608,0,0,U,s10-29
upload_numbers,digits_pca32,"SC-FFCM (L=1, R=50)",320000.0,0.941335274668608,0,0,U,s10-29
upload_numbers,letter,"F-FCM (post_none_off, L=5)",221000.0,0.0,0,1,U,s10-29
upload_numbers,letter,GF-PFedFCM (L=5),221000.0,0.0,0,1,U,s10-29
upload_numbers,letter,ungated PRE (L=1),221000.0,0.0,0,1,U,s10-29
upload_numbers,letter,pre_mass_off (L=1),221000.0,0.0,0,1,U,s10-29
upload_numbers,letter,pre_mass_off (L=5),221000.0,0.0,0,1,U,s10-29
upload_numbers,letter,SC-FFCM (L=5),416000.0,0.8823529411764706,0,0,U,s10-29
upload_numbers,letter,"SC-FFCM (L=1, R=50)",416000.0,0.8823529411764706,0,0,U,s10-29
upload_numbers,mnist784_pca32 (20c),"F-FCM (post_none_off, L=5)",328350.0,0.0,0,1,U,s10-29
upload_numbers,mnist784_pca32 (20c),GF-PFedFCM (L=5),330000.0,0.005025125628140704,0,0,U,s10-29
upload_numbers,mnist784_pca32 (20c),ungated PRE (L=1),330000.0,0.005025125628140704,0,0,U,s10-29
upload_numbers,mnist784_pca32 (20c),pre_mass_off (L=1),330000.0,0.005025125628140704,0,0,U,s10-29
upload_numbers,mnist784_pca32 (20c),pre_mass_off (L=5),330000.0,0.005025125628140704,0,0,U,s10-29
upload_numbers,mnist784_pca32 (20c),SC-FFCM (L=5),640000.0,0.9491396375818486,0,0,U,s10-29
upload_numbers,mnist784_pca32 (20c),"SC-FFCM (L=1, R=50)",640000.0,0.9491396375818486,0,0,U,s10-29
upload_numbers,mnist784_pca32 (50c),"F-FCM (post_none_off, L=5)",825000.0,0.0,0,1,U,s10-29
upload_numbers,mnist784_pca32 (50c),GF-PFedFCM (L=5),825000.0,0.0,0,1,U,s10-29
upload_numbers,mnist784_pca32 (50c),ungated PRE (L=1),825000.0,0.0,0,1,U,s10-29
upload_numbers,mnist784_pca32 (50c),pre_mass_off (L=1),825000.0,0.0,0,1,U,s10-29
upload_numbers,mnist784_pca32 (50c),pre_mass_off (L=5),825000.0,0.0,0,1,U,s10-29
upload_numbers,mnist784_pca32 (50c),SC-FFCM (L=5),1600000.0,0.9393939393939394,0,0,U,s10-29
upload_numbers,mnist784_pca32 (50c),"SC-FFCM (L=1, R=50)",1600000.0,0.9393939393939394,0,0,U,s10-29
mean_acc,cluster_skew_hard,"F-FCM (post_none_off, L=5)",0.8745075757575757,0.12549242424242435,0,0,U,s10-19
mean_acc,cluster_skew_hard,GF-PFedFCM (L=5),1.0,0.0,0,1,U,s10-19
mean_acc,cluster_skew_hard,ungated PRE (L=1),1.0,0.0,0,1,U,s10-19
mean_acc,cluster_skew_hard,pre_mass_off (L=1),1.0,0.0,0,1,U,s10-19
mean_acc,cluster_skew_hard,pre_mass_off (L=5),0.9775757575757575,0.022424242424242458,0,0,U,s10-19
mean_acc,cluster_skew_hard,SC-FFCM (L=5),1.0,0.0,0,1,U,s10-19
mean_acc,cluster_skew_hard,"SC-FFCM (L=1, R=50)",1.0,0.0,0,1,U,s10-19
mean_acc,cluster_skew_overlap,"F-FCM (post_none_off, L=5)",0.6917045454545454,0.17348484848484858,0,0,U,s10-19
mean_acc,cluster_skew_overlap,GF-PFedFCM (L=5),0.8110227272727272,0.05416666666666681,0,0,U,s10-19
mean_acc,cluster_skew_overlap,ungated PRE (L=1),0.865189393939394,0.0,0,1,U,s10-19
mean_acc,cluster_skew_overlap,pre_mass_off (L=1),0.865,0.00018939393939398919,0,0,U,s10-19
mean_acc,cluster_skew_overlap,pre_mass_off (L=5),0.8625,0.002689393939393936,0,0,U,s10-19
mean_acc,cluster_skew_overlap,SC-FFCM (L=5),0.865189393939394,0.0,0,1,U,s10-19
mean_acc,cluster_skew_overlap,"SC-FFCM (L=1, R=50)",0.865189393939394,0.0,0,1,U,s10-19
mean_acc,dirichlet_0.03,"F-FCM (post_none_off, L=5)",0.8688257575757575,0.13117424242424247,0,0,U,s10-19
mean_acc,dirichlet_0.03,GF-PFedFCM (L=5),0.9761363636363637,0.02386363636363631,0,0,U,s10-19
mean_acc,dirichlet_0.03,ungated PRE (L=1),1.0,0.0,0,1,U,s10-19
mean_acc,dirichlet_0.03,pre_mass_off (L=1),1.0,0.0,0,1,U,s10-19
mean_acc,dirichlet_0.03,pre_mass_off (L=5),0.9768181818181818,0.023181818181818192,0,0,U,s10-19
mean_acc,dirichlet_0.03,SC-FFCM (L=5),1.0,0.0,0,1,U,s10-19
mean_acc,dirichlet_0.03,"SC-FFCM (L=1, R=50)",1.0,0.0,0,1,U,s10-19
mean_acc,dirichlet_0.1,"F-FCM (post_none_off, L=5)",0.9225757575757576,0.06753787878787865,0,0,U,s10-19
mean_acc,dirichlet_0.1,GF-PFedFCM (L=5),0.964469696969697,0.025643939393939275,0,0,U,s10-19
mean_acc,dirichlet_0.1,ungated PRE (L=1),0.9901136363636363,0.0,0,1,U,s10-19
mean_acc,dirichlet_0.1,pre_mass_off (L=1),0.986060606060606,0.0040530303030302806,0,0,U,s10-19
mean_acc,dirichlet_0.1,pre_mass_off (L=5),0.9677272727272728,0.022386363636363482,0,0,U,s10-19
mean_acc,dirichlet_0.1,SC-FFCM (L=5),0.9900757575757575,3.787878787875343e-05,0,0,U,s10-19
mean_acc,dirichlet_0.1,"SC-FFCM (L=1, R=50)",0.9897348484848486,0.0003787878787876453,0,0,U,s10-19
mean_acc,overlap_noise,"F-FCM (post_none_off, L=5)",0.8583333333333332,0.04268939393939408,0,0,U,s10-19
mean_acc,overlap_noise,GF-PFedFCM (L=5),0.8833712121212122,0.017651515151515085,0,0,U,s10-19
mean_acc,overlap_noise,ungated PRE (L=1),0.8915530303030301,0.009469696969697128,0,0,U,s10-19
mean_acc,overlap_noise,pre_mass_off (L=1),0.8943939393939393,0.006628787878787956,0,0,U,s10-19
mean_acc,overlap_noise,pre_mass_off (L=5),0.9010227272727273,0.0,0,1,U,s10-19
mean_acc,overlap_noise,SC-FFCM (L=5),0.8866287878787877,0.014393939393939514,0,0,U,s10-19
mean_acc,overlap_noise,"SC-FFCM (L=1, R=50)",0.8840151515151515,0.01700757575757572,0,0,U,s10-19
mean_acc,quantity_skew_extreme,"F-FCM (post_none_off, L=5)",0.8661775340229451,0.13382246597705494,0,0,U,s10-19
mean_acc,quantity_skew_extreme,GF-PFedFCM (L=5),0.8816911557694296,0.11830884423057042,0,0,U,s10-19
mean_acc,quantity_skew_extreme,ungated PRE (L=1),0.914057335272099,0.08594266472790102,0,0,U,s10-19
mean_acc,quantity_skew_extreme,pre_mass_off (L=1),0.8966142783646113,0.10338572163538873,0,0,U,s10-19
mean_acc,quantity_skew_extreme,pre_mass_off (L=5),0.887689819399055,0.112310180600945,0,0,U,s10-19
mean_acc,quantity_skew_extreme,SC-FFCM (L=5),1.0,0.0,0,1,U,s10-19
mean_acc,quantity_skew_extreme,"SC-FFCM (L=1, R=50)",1.0,0.0,0,1,U,s10-19
mean_acc,wine,"F-FCM (post_none_off, L=5)",0.9278189284485723,0.04268786549707615,0,0,U,s10-19
mean_acc,wine,GF-PFedFCM (L=5),0.932312908496732,0.03819388544891644,0,0,U,s10-19
mean_acc,wine,ungated PRE (L=1),0.9637339181286549,0.006772875816993484,0,0,U,s10-19
mean_acc,wine,pre_mass_off (L=1),0.9692602339181287,0.001246560027519772,0,0,U,s10-19
mean_acc,wine,pre_mass_off (L=5),0.9705067939456484,0.0,0,1,U,s10-19
mean_acc,wine,SC-FFCM (L=5),0.9616520467836256,0.008854747162022836,0,0,U,s10-19
mean_acc,wine,"SC-FFCM (L=1, R=50)",0.9605409356725145,0.009965858273133898,0,0,U,s10-19
mean_acc,satimage,"F-FCM (post_none_off, L=5)",0.6988004891237878,0.02300120359986002,0,0,U,s10-19
mean_acc,satimage,GF-PFedFCM (L=5),0.669191624496188,0.05261006822745984,0,0,U,s10-19
mean_acc,satimage,ungated PRE (L=1),0.7114382220102933,0.010363470713354528,0,0,U,s10-19
mean_acc,satimage,pre_mass_off (L=1),0.6845019399182576,0.03729975280539022,0,0,U,s10-19
mean_acc,satimage,pre_mass_off (L=5),0.6606504476877011,0.06115124503594671,0,0,U,s10-19
mean_acc,satimage,SC-FFCM (L=5),0.7218016927236478,0.0,0,1,U,s10-19
mean_acc,satimage,"SC-FFCM (L=1, R=50)",0.7207989339712796,0.0010027587523682158,0,0,U,s10-19
mean_acc,pendigits,"F-FCM (post_none_off, L=5)",0.5299217868011855,0.22047986162702637,0,0,U,s10-19
mean_acc,pendigits,GF-PFedFCM (L=5),0.651220356570993,0.09918129185721891,0,0,U,s10-19
mean_acc,pendigits,ungated PRE (L=1),0.7409060508704954,0.00949559755771645,0,0,U,s10-19
mean_acc,pendigits,pre_mass_off (L=1),0.7437576863853977,0.006643962042814144,0,0,U,s10-19
mean_acc,pendigits,pre_mass_off (L=5),0.6626390683025469,0.08776258012566496,0,0,U,s10-19
mean_acc,pendigits,SC-FFCM (L=5),0.7504016484282119,0.0,0,1,U,s10-19
mean_acc,pendigits,"SC-FFCM (L=1, R=50)",0.74080439006152,0.009597258366691896,0,0,U,s10-19
mean_acc,digits_pca16,"F-FCM (post_none_off, L=5)",0.4099564205876452,0.3668189696055037,0,0,U,s10-19
mean_acc,digits_pca16,GF-PFedFCM (L=5),0.6008220019623085,0.1759533882308404,0,0,U,s10-19
mean_acc,digits_pca16,ungated PRE (L=1),0.7675669987726246,0.00920839142052432,0,0,U,s10-19
mean_acc,digits_pca16,pre_mass_off (L=1),0.7767753901931489,0.0,0,1,U,s10-19
mean_acc,digits_pca16,pre_mass_off (L=5),0.6643150069164544,0.1124603832766945,0,0,U,s10-19
mean_acc,digits_pca16,SC-FFCM (L=5),0.7598190912983646,0.01695629889478434,0,0,U,s10-19
mean_acc,digits_pca16,"SC-FFCM (L=1, R=50)",0.7586210868957388,0.01815430329741008,0,0,U,s10-19
mean_acc,digits_pca32,"F-FCM (post_none_off, L=5)",0.35787804752895036,0.43573288281594047,0,0,U,s10-19
mean_acc,digits_pca32,GF-PFedFCM (L=5),0.5794895623322663,0.2141213680126245,0,0,U,s10-19
mean_acc,digits_pca32,ungated PRE (L=1),0.7623679186237233,0.031243011721167502,0,0,U,s10-19
mean_acc,digits_pca32,pre_mass_off (L=1),0.7936109303448908,0.0,0,1,U,s10-19
mean_acc,digits_pca32,pre_mass_off (L=5),0.6547269627304354,0.13888396761445543,0,0,U,s10-19
mean_acc,digits_pca32,SC-FFCM (L=5),0.7354304397891911,0.05818049055569974,0,0,U,s10-19
mean_acc,digits_pca32,"SC-FFCM (L=1, R=50)",0.752622312251719,0.04098861809317178,0,0,U,s10-19
mean_acc,letter,"F-FCM (post_none_off, L=5)",0.258425908021543,0.06390565410580301,0,0,U,s10-19
mean_acc,letter,GF-PFedFCM (L=5),0.2725145610975054,0.04981700102984066,0,0,U,s10-19
mean_acc,letter,ungated PRE (L=1),0.2996314251883337,0.02270013693901235,0,0,U,s10-19
mean_acc,letter,pre_mass_off (L=1),0.32233156212734604,0.0,0,1,U,s10-19
mean_acc,letter,pre_mass_off (L=5),0.29595737812038714,0.0263741840069589,0,0,U,s10-19
mean_acc,letter,SC-FFCM (L=5),0.30204578668562765,0.02028577544171839,0,0,U,s10-19
mean_acc,letter,"SC-FFCM (L=1, R=50)",0.2989222559677601,0.02340930615958592,0,0,U,s10-19
mean_acc,mnist784_pca32 (20c),"F-FCM (post_none_off, L=5)",0.39618648294927694,0.21146089282608826,0,0,U,s10-19
mean_acc,mnist784_pca32 (20c),GF-PFedFCM (L=5),0.49786189000824077,0.10978548576712444,0,0,U,s10-19
mean_acc,mnist784_pca32 (20c),ungated PRE (L=1),0.5357797118718908,0.07186766390347443,0,0,U,s10-19
mean_acc,mnist784_pca32 (20c),pre_mass_off (L=1),0.6076473757753652,0.0,0,1,U,s10-19
mean_acc,mnist784_pca32 (20c),pre_mass_off (L=5),0.5360824447050384,0.0715649310703268,0,0,U,s10-19
mean_acc,mnist784_pca32 (20c),SC-FFCM (L=5),0.5469348182677731,0.06071255750759208,0,0,U,s10-19
mean_acc,mnist784_pca32 (20c),"SC-FFCM (L=1, R=50)",0.5562492360153347,0.05139813976003049,0,0,U,s10-19
mean_acc,mnist784_pca32 (50c),"F-FCM (post_none_off, L=5)",0.4111615049230516,0.21440909879947223,0,0,U,s10-19
mean_acc,mnist784_pca32 (50c),GF-PFedFCM (L=5),0.49797540927175543,0.1275951944507684,0,0,U,s10-19
mean_acc,mnist784_pca32 (50c),ungated PRE (L=1),0.5295193388517999,0.09605126487072391,0,0,U,s10-19
mean_acc,mnist784_pca32 (50c),pre_mass_off (L=1),0.6255706037225238,0.0,0,1,U,s10-19
mean_acc,mnist784_pca32 (50c),pre_mass_off (L=5),0.5616440585309308,0.06392654519159302,0,0,U,s10-19
mean_acc,mnist784_pca32 (50c),SC-FFCM (L=5),0.5503160606760414,0.07525454304648238,0,0,U,s10-19
mean_acc,mnist784_pca32 (50c),"SC-FFCM (L=1, R=50)",0.5432159981658136,0.08235460555671026,0,0,U,s10-19
worst_acc,cluster_skew_hard,"F-FCM (post_none_off, L=5)",0.6940909090909091,0.3059090909090909,0,0,U,s10-19
worst_acc,cluster_skew_hard,GF-PFedFCM (L=5),1.0,0.0,0,1,U,s10-19
worst_acc,cluster_skew_hard,ungated PRE (L=1),1.0,0.0,0,1,U,s10-19
worst_acc,cluster_skew_hard,pre_mass_off (L=1),1.0,0.0,0,1,U,s10-19
worst_acc,cluster_skew_hard,pre_mass_off (L=5),0.9540909090909091,0.0459090909090909,0,0,U,s10-19
worst_acc,cluster_skew_hard,SC-FFCM (L=5),1.0,0.0,0,1,U,s10-19
worst_acc,cluster_skew_hard,"SC-FFCM (L=1, R=50)",1.0,0.0,0,1,U,s10-19
worst_acc,cluster_skew_overlap,"F-FCM (post_none_off, L=5)",0.5509090909090908,0.26363636363636367,0,0,U,s10-19
worst_acc,cluster_skew_overlap,GF-PFedFCM (L=5),0.7172727272727274,0.09727272727272707,0,0,U,s10-19
worst_acc,cluster_skew_overlap,ungated PRE (L=1),0.8113636363636363,0.0031818181818181746,0,0,U,s10-19
worst_acc,cluster_skew_overlap,pre_mass_off (L=1),0.8145454545454545,0.0,0,1,U,s10-19
worst_acc,cluster_skew_overlap,pre_mass_off (L=5),0.8036363636363637,0.010909090909090757,0,0,U,s10-19
worst_acc,cluster_skew_overlap,SC-FFCM (L=5),0.8113636363636363,0.0031818181818181746,0,0,U,s10-19
worst_acc,cluster_skew_overlap,"SC-FFCM (L=1, R=50)",0.8113636363636363,0.0031818181818181746,0,0,U,s10-19
worst_acc,dirichlet_0.03,"F-FCM (post_none_off, L=5)",0.6809090909090909,0.3190909090909091,0,0,U,s10-19
worst_acc,dirichlet_0.03,GF-PFedFCM (L=5),0.9495454545454546,0.05045454545454542,0,0,U,s10-19
worst_acc,dirichlet_0.03,ungated PRE (L=1),1.0,0.0,0,1,U,s10-19
worst_acc,dirichlet_0.03,pre_mass_off (L=1),1.0,0.0,0,1,U,s10-19
worst_acc,dirichlet_0.03,pre_mass_off (L=5),0.95,0.050000000000000044,0,0,U,s10-19
worst_acc,dirichlet_0.03,SC-FFCM (L=5),1.0,0.0,0,1,U,s10-19
worst_acc,dirichlet_0.03,"SC-FFCM (L=1, R=50)",1.0,0.0,0,1,U,s10-19
worst_acc,dirichlet_0.1,"F-FCM (post_none_off, L=5)",0.7404545454545455,0.23136363636363644,0,0,U,s10-19
worst_acc,dirichlet_0.1,GF-PFedFCM (L=5),0.909090909090909,0.06272727272727296,0,0,U,s10-19
worst_acc,dirichlet_0.1,ungated PRE (L=1),0.9718181818181819,0.0,0,1,U,s10-19
worst_acc,dirichlet_0.1,pre_mass_off (L=1),0.96,0.01181818181818195,0,0,U,s10-19
worst_acc,dirichlet_0.1,pre_mass_off (L=5),0.9109090909090909,0.060909090909091024,0,0,U,s10-19
worst_acc,dirichlet_0.1,SC-FFCM (L=5),0.9718181818181819,0.0,0,1,U,s10-19
worst_acc,dirichlet_0.1,"SC-FFCM (L=1, R=50)",0.9709090909090909,0.0009090909090909705,0,0,U,s10-19
worst_acc,overlap_noise,"F-FCM (post_none_off, L=5)",0.801818181818182,0.06954545454545435,0,0,U,s10-19
worst_acc,overlap_noise,GF-PFedFCM (L=5),0.8313636363636363,0.040000000000000036,0,0,U,s10-19
worst_acc,overlap_noise,ungated PRE (L=1),0.8518181818181819,0.01954545454545442,0,0,U,s10-19
worst_acc,overlap_noise,pre_mass_off (L=1),0.8550000000000001,0.016363636363636247,0,0,U,s10-19
worst_acc,overlap_noise,pre_mass_off (L=5),0.8713636363636363,0.0,0,1,U,s10-19
worst_acc,overlap_noise,SC-FFCM (L=5),0.8422727272727272,0.029090909090909167,0,0,U,s10-19
worst_acc,overlap_noise,"SC-FFCM (L=1, R=50)",0.8386363636363636,0.032727272727272716,0,0,U,s10-19
worst_acc,quantity_skew_extreme,"F-FCM (post_none_off, L=5)",0.6666082167131868,0.3333917832868132,0,0,U,s10-19
worst_acc,quantity_skew_extreme,GF-PFedFCM (L=5),0.6937560142752517,0.3062439857247483,0,0,U,s10-19
worst_acc,quantity_skew_extreme,ungated PRE (L=1),0.7894376197080775,0.21056238029192254,0,0,U,s10-19
worst_acc,quantity_skew_extreme,pre_mass_off (L=1),0.7547868370649231,0.2452131629350769,0,0,U,s10-19
worst_acc,quantity_skew_extreme,pre_mass_off (L=5),0.725437598230447,0.27456240176955304,0,0,U,s10-19
worst_acc,quantity_skew_extreme,SC-FFCM (L=5),1.0,0.0,0,1,U,s10-19
worst_acc,quantity_skew_extreme,"SC-FFCM (L=1, R=50)",1.0,0.0,0,1,U,s10-19
worst_acc,wine,"F-FCM (post_none_off, L=5)",0.8137426900584795,0.08736842105263154,0,0,U,s10-19
worst_acc,wine,GF-PFedFCM (L=5),0.8229751461988304,0.0781359649122807,0,0,U,s10-19
worst_acc,wine,ungated PRE (L=1),0.8683333333333334,0.032777777777777684,0,0,U,s10-19
worst_acc,wine,pre_mass_off (L=1),0.8861111111111111,0.015000000000000013,0,0,U,s10-19
worst_acc,wine,pre_mass_off (L=5),0.9011111111111111,0.0,0,1,U,s10-19
worst_acc,wine,SC-FFCM (L=5),0.8805555555555555,0.02055555555555555,0,0,U,s10-19
worst_acc,wine,"SC-FFCM (L=1, R=50)",0.875,0.026111111111111085,0,0,U,s10-19
worst_acc,satimage,"F-FCM (post_none_off, L=5)",0.5371984825606052,0.07215074190852944,0,0,U,s10-19
worst_acc,satimage,GF-PFedFCM (L=5),0.4803051553337303,0.12904406913540434,0,0,U,s10-19
worst_acc,satimage,ungated PRE (L=1),0.5527136521570913,0.0566355723120433,0,0,U,s10-19
worst_acc,satimage,pre_mass_off (L=1),0.48739957013475743,0.12194965433437721,0,0,U,s10-19
worst_acc,satimage,pre_mass_off (L=5),0.4687535160745898,0.14059570839454483,0,0,U,s10-19
worst_acc,satimage,SC-FFCM (L=5),0.6073287827305877,0.0020204417385469853,0,0,U,s10-19
worst_acc,satimage,"SC-FFCM (L=1, R=50)",0.6093492244691346,0.0,0,1,U,s10-19
worst_acc,pendigits,"F-FCM (post_none_off, L=5)",0.4589091434693149,0.1223639192613124,0,0,U,s10-19
worst_acc,pendigits,GF-PFedFCM (L=5),0.5192329045693314,0.06204015816129593,0,0,U,s10-19
worst_acc,pendigits,ungated PRE (L=1),0.5735239852398524,0.007749077490774914,0,0,U,s10-19
worst_acc,pendigits,pre_mass_off (L=1),0.5724927304572585,0.00878033227336883,0,0,U,s10-19
worst_acc,pendigits,pre_mass_off (L=5),0.5166733332884151,0.06459972944221215,0,0,U,s10-19
worst_acc,pendigits,SC-FFCM (L=5),0.5744464944649447,0.00682656826568262,0,0,U,s10-19
worst_acc,pendigits,"SC-FFCM (L=1, R=50)",0.5812730627306273,0.0,0,1,U,s10-19
worst_acc,digits_pca16,"F-FCM (post_none_off, L=5)",0.30751995089011663,0.24915613197240694,0,0,U,s10-19
worst_acc,digits_pca16,GF-PFedFCM (L=5),0.4502762430939226,0.10639983976860096,0,0,U,s10-19
worst_acc,digits_pca16,ungated PRE (L=1),0.5566760828625236,0.0,0,1,U,s10-19
worst_acc,digits_pca16,pre_mass_off (L=1),0.5343519945214862,0.022324088341037385,0,0,U,s10-19
worst_acc,digits_pca16,pre_mass_off (L=5),0.4724395128793413,0.0842365699831823,0,0,U,s10-19
worst_acc,digits_pca16,SC-FFCM (L=5),0.5187382297551789,0.037937853107344655,0,0,U,s10-19
worst_acc,digits_pca16,"SC-FFCM (L=1, R=50)",0.5493596986817326,0.007316384180790947,0,0,U,s10-19
worst_acc,digits_pca32,"F-FCM (post_none_off, L=5)",0.2787065476376273,0.26498032104924124,0,0,U,s10-19
worst_acc,digits_pca32,GF-PFedFCM (L=5),0.4007638540097104,0.14292301467715818,0,0,U,s10-19
worst_acc,digits_pca32,ungated PRE (L=1),0.5436868686868686,0.0,0,1,U,s10-19
worst_acc,digits_pca32,pre_mass_off (L=1),0.5264312617702448,0.017255606916623756,0,0,U,s10-19
worst_acc,digits_pca32,pre_mass_off (L=5),0.4569491525423729,0.08673771614449566,0,0,U,s10-19
worst_acc,digits_pca32,SC-FFCM (L=5),0.5084934086629002,0.03519346002396839,0,0,U,s10-19
worst_acc,digits_pca32,"SC-FFCM (L=1, R=50)",0.5197204995455065,0.023966369141362076,0,0,U,s10-19
worst_acc,letter,"F-FCM (post_none_off, L=5)",0.21217573347749846,0.02190697731329308,0,0,U,s10-19
worst_acc,letter,GF-PFedFCM (L=5),0.2283373786407767,0.0057453321500148535,0,0,U,s10-19
worst_acc,letter,ungated PRE (L=1),0.19605582524271842,0.038026885548073125,0,0,U,s10-19
worst_acc,letter,pre_mass_off (L=1),0.21826456310679615,0.015818147683995393,0,0,U,s10-19
worst_acc,letter,pre_mass_off (L=5),0.23408271079079154,0.0,0,1,U,s10-19
worst_acc,letter,SC-FFCM (L=5),0.20139563106796116,0.03268707972283039,0,0,U,s10-19
worst_acc,letter,"SC-FFCM (L=1, R=50)",0.2076611398096023,0.026421570981189246,0,0,U,s10-19
worst_acc,mnist784_pca32 (20c),"F-FCM (post_none_off, L=5)",0.33161177779988354,0.16729953390118318,0,0,U,s10-19
worst_acc,mnist784_pca32 (20c),GF-PFedFCM (L=5),0.40520656386624837,0.09370474783481836,0,0,U,s10-19
worst_acc,mnist784_pca32 (20c),ungated PRE (L=1),0.43748921423234305,0.06142209746872368,0,0,U,s10-19
worst_acc,mnist784_pca32 (20c),pre_mass_off (L=1),0.49891131170106673,0.0,0,1,U,s10-19
worst_acc,mnist784_pca32 (20c),pre_mass_off (L=5),0.4497323926901375,0.049178919010929245,0,0,U,s10-19
worst_acc,mnist784_pca32 (20c),SC-FFCM (L=5),0.4495621632091205,0.049349148491946215,0,0,U,s10-19
worst_acc,mnist784_pca32 (20c),"SC-FFCM (L=1, R=50)",0.4530860609363315,0.045825250764735204,0,0,U,s10-19
worst_acc,mnist784_pca32 (50c),"F-FCM (post_none_off, L=5)",0.32975784799929797,0.1712680994117931,0,0,U,s10-19
worst_acc,mnist784_pca32 (50c),GF-PFedFCM (L=5),0.3871007921980149,0.11392515521307617,0,0,U,s10-19
worst_acc,mnist784_pca32 (50c),ungated PRE (L=1),0.42064468626321094,0.08038126114788013,0,0,U,s10-19
worst_acc,mnist784_pca32 (50c),pre_mass_off (L=1),0.5010259474110911,0.0,0,1,U,s10-19
worst_acc,mnist784_pca32 (50c),pre_mass_off (L=5),0.4605887583182806,0.040437189092810466,0,0,U,s10-19
worst_acc,mnist784_pca32 (50c),SC-FFCM (L=5),0.45650265798264655,0.044523289428444524,0,0,U,s10-19
worst_acc,mnist784_pca32 (50c),"SC-FFCM (L=1, R=50)",0.4427499385027895,0.05827600890830159,0,0,U,s10-19
gacc,cluster_skew_hard,"F-FCM (post_none_off, L=5)",0.750719696969697,0.24928030303030302,0,0,U,s10-19
gacc,cluster_skew_hard,GF-PFedFCM (L=5),1.0,0.0,0,1,U,s10-19
gacc,cluster_skew_hard,ungated PRE (L=1),1.0,0.0,0,1,U,s10-19
gacc,cluster_skew_hard,pre_mass_off (L=1),1.0,0.0,0,1,U,s10-19
gacc,cluster_skew_hard,pre_mass_off (L=5),0.9624242424242425,0.037575757575757485,0,0,U,s10-19
gacc,cluster_skew_hard,SC-FFCM (L=5),1.0,0.0,0,1,U,s10-19
gacc,cluster_skew_hard,"SC-FFCM (L=1, R=50)",1.0,0.0,0,1,U,s10-19
gacc,cluster_skew_overlap,"F-FCM (post_none_off, L=5)",0.6552272727272727,0.20996212121212132,0,0,U,s10-19
gacc,cluster_skew_overlap,GF-PFedFCM (L=5),0.8110227272727274,0.054166666666666585,0,0,U,s10-19
gacc,cluster_skew_overlap,ungated PRE (L=1),0.865189393939394,0.0,0,1,U,s10-19
gacc,cluster_skew_overlap,pre_mass_off (L=1),0.865,0.00018939393939398919,0,0,U,s10-19
gacc,cluster_skew_overlap,pre_mass_off (L=5),0.8625,0.002689393939393936,0,0,U,s10-19
gacc,cluster_skew_overlap,SC-FFCM (L=5),0.865189393939394,0.0,0,1,U,s10-19
gacc,cluster_skew_overlap,"SC-FFCM (L=1, R=50)",0.865189393939394,0.0,0,1,U,s10-19
gacc,dirichlet_0.03,"F-FCM (post_none_off, L=5)",0.7770833333333333,0.22291666666666665,0,0,U,s10-19
gacc,dirichlet_0.03,GF-PFedFCM (L=5),0.9749621212121212,0.025037878787878776,0,0,U,s10-19
gacc,dirichlet_0.03,ungated PRE (L=1),1.0,0.0,0,1,U,s10-19
gacc,dirichlet_0.03,pre_mass_off (L=1),1.0,0.0,0,1,U,s10-19
gacc,dirichlet_0.03,pre_mass_off (L=5),0.9762878787878788,0.023712121212121184,0,0,U,s10-19
gacc,dirichlet_0.03,SC-FFCM (L=5),1.0,0.0,0,1,U,s10-19
gacc,dirichlet_0.03,"SC-FFCM (L=1, R=50)",1.0,0.0,0,1,U,s10-19
gacc,dirichlet_0.1,"F-FCM (post_none_off, L=5)",0.8795833333333333,0.10750000000000004,0,0,U,s10-19
gacc,dirichlet_0.1,GF-PFedFCM (L=5),0.9589772727272727,0.02810606060606058,0,0,U,s10-19
gacc,dirichlet_0.1,ungated PRE (L=1),0.9870833333333333,0.0,0,1,U,s10-19
gacc,dirichlet_0.1,pre_mass_off (L=1),0.9829545454545455,0.004128787878787787,0,0,U,s10-19
gacc,dirichlet_0.1,pre_mass_off (L=5),0.9599621212121212,0.0271212121212121,0,0,U,s10-19
gacc,dirichlet_0.1,SC-FFCM (L=5),0.9870454545454546,3.787878787875343e-05,0,0,U,s10-19
gacc,dirichlet_0.1,"SC-FFCM (L=1, R=50)",0.9867045454545454,0.00037878787878786735,0,0,U,s10-19
gacc,overlap_noise,"F-FCM (post_none_off, L=5)",0.8583333333333332,0.04268939393939408,0,0,U,s10-19
gacc,overlap_noise,GF-PFedFCM (L=5),0.8833712121212122,0.017651515151515085,0,0,U,s10-19
gacc,overlap_noise,ungated PRE (L=1),0.8915530303030303,0.009469696969696906,0,0,U,s10-19
gacc,overlap_noise,pre_mass_off (L=1),0.8943939393939393,0.006628787878787956,0,0,U,s10-19
gacc,overlap_noise,pre_mass_off (L=5),0.9010227272727273,0.0,0,1,U,s10-19
gacc,overlap_noise,SC-FFCM (L=5),0.8866287878787877,0.014393939393939514,0,0,U,s10-19
gacc,overlap_noise,"SC-FFCM (L=1, R=50)",0.8840151515151515,0.01700757575757572,0,0,U,s10-19
gacc,quantity_skew_extreme,"F-FCM (post_none_off, L=5)",0.7793555638816037,0.22064443611839635,0,0,U,s10-19
gacc,quantity_skew_extreme,GF-PFedFCM (L=5),0.7786436867740727,0.2213563132259273,0,0,U,s10-19
gacc,quantity_skew_extreme,ungated PRE (L=1),0.8558636193330835,0.14413638066691647,0,0,U,s10-19
gacc,quantity_skew_extreme,pre_mass_off (L=1),0.8279130760584488,0.17208692394155123,0,0,U,s10-19
gacc,quantity_skew_extreme,pre_mass_off (L=5),0.8157736980142374,0.18422630198576262,0,0,U,s10-19
gacc,quantity_skew_extreme,SC-FFCM (L=5),1.0,0.0,0,1,U,s10-19
gacc,quantity_skew_extreme,"SC-FFCM (L=1, R=50)",1.0,0.0,0,1,U,s10-19
gacc,wine,"F-FCM (post_none_off, L=5)",0.9252808988764046,0.04438202247191014,0,0,U,s10-19
gacc,wine,GF-PFedFCM (L=5),0.9219101123595506,0.04775280898876422,0,0,U,s10-19
gacc,wine,ungated PRE (L=1),0.9623595505617979,0.007303370786516883,0,0,U,s10-19
gacc,wine,pre_mass_off (L=1),0.9679775280898877,0.0016853932584270925,0,0,U,s10-19
gacc,wine,pre_mass_off (L=5),0.9696629213483148,0.0,0,1,U,s10-19
gacc,wine,SC-FFCM (L=5),0.9601123595505617,0.009550561797753043,0,0,U,s10-19
gacc,wine,"SC-FFCM (L=1, R=50)",0.9589887640449438,0.010674157303370957,0,0,U,s10-19
gacc,satimage,"F-FCM (post_none_off, L=5)",0.6754587869362364,0.028600311041990678,0,0,U,s10-19
gacc,satimage,GF-PFedFCM (L=5),0.6293779160186627,0.07468118195956441,0,0,U,s10-19
gacc,satimage,ungated PRE (L=1),0.6815552099533437,0.022503888024883345,0,0,U,s10-19
gacc,satimage,pre_mass_off (L=1),0.6433748055987558,0.06068429237947126,0,0,U,s10-19
gacc,satimage,pre_mass_off (L=5),0.6164852255054433,0.08757387247278381,0,0,U,s10-19
gacc,satimage,SC-FFCM (L=5),0.7040590979782271,0.0,0,1,U,s10-19
gacc,satimage,"SC-FFCM (L=1, R=50)",0.7034992223950234,0.000559875583203695,0,0,U,s10-19
gacc,pendigits,"F-FCM (post_none_off, L=5)",0.518740902474527,0.22153384279475985,0,0,U,s10-19
gacc,pendigits,GF-PFedFCM (L=5),0.6038664483260552,0.13640829694323164,0,0,U,s10-19
gacc,pendigits,ungated PRE (L=1),0.7257459970887918,0.014528748180494988,0,0,U,s10-19
gacc,pendigits,pre_mass_off (L=1),0.7038755458515283,0.03639919941775849,0,0,U,s10-19
gacc,pendigits,pre_mass_off (L=5),0.6050400291120814,0.1352347161572054,0,0,U,s10-19
gacc,pendigits,SC-FFCM (L=5),0.7402747452692868,0.0,0,1,U,s10-19
gacc,pendigits,"SC-FFCM (L=1, R=50)",0.7175673216885008,0.022707423580786035,0,0,U,s10-19
gacc,digits_pca16,"F-FCM (post_none_off, L=5)",0.3655537006121313,0.36527545909849746,0,0,U,s10-19
gacc,digits_pca16,GF-PFedFCM (L=5),0.5294936004451865,0.20133555926544233,0,0,U,s10-19
gacc,digits_pca16,ungated PRE (L=1),0.7308291597106288,0.0,0,1,U,s10-19
gacc,digits_pca16,pre_mass_off (L=1),0.7273233166388424,0.003505843071786363,0,0,U,s10-19
gacc,digits_pca16,pre_mass_off (L=5),0.5989426822481914,0.13188647746243742,0,0,U,s10-19
gacc,digits_pca16,SC-FFCM (L=5),0.7249304396215915,0.005898720089037246,0,0,U,s10-19
gacc,digits_pca16,"SC-FFCM (L=1, R=50)",0.7220923761825264,0.008736783528102365,0,0,U,s10-19
gacc,digits_pca32,"F-FCM (post_none_off, L=5)",0.3168614357262104,0.37874234835837495,0,0,U,s10-19
gacc,digits_pca32,GF-PFedFCM (L=5),0.47362270450751254,0.2219810795770728,0,0,U,s10-19
gacc,digits_pca32,ungated PRE (L=1),0.6852531997774068,0.0103505843071785,0,0,U,s10-19
gacc,digits_pca32,pre_mass_off (L=1),0.6956037840845853,0.0,0,1,U,s10-19
gacc,digits_pca32,pre_mass_off (L=5),0.5569282136894824,0.13867557039510292,0,0,U,s10-19
gacc,digits_pca32,SC-FFCM (L=5),0.654869226488592,0.040734557595993315,0,0,U,s10-19
gacc,digits_pca32,"SC-FFCM (L=1, R=50)",0.6750139120756817,0.02058987200890361,0,0,U,s10-19
gacc,letter,"F-FCM (post_none_off, L=5)",0.21392000000000003,0.07797999999999997,0,0,U,s10-19
gacc,letter,GF-PFedFCM (L=5),0.233075,0.05882499999999999,0,0,U,s10-19
gacc,letter,ungated PRE (L=1),0.26701500000000006,0.024884999999999935,0,0,U,s10-19
gacc,letter,pre_mass_off (L=1),0.2919,0.0,0,1,U,s10-19
gacc,letter,pre_mass_off (L=5),0.256125,0.035775,0,0,U,s10-19
gacc,letter,SC-FFCM (L=5),0.268045,0.023855000000000015,0,0,U,s10-19
gacc,letter,"SC-FFCM (L=1, R=50)",0.26417,0.027729999999999977,0,0,U,s10-19
gacc,mnist784_pca32 (20c),"F-FCM (post_none_off, L=5)",0.3430485714285714,0.16845142857142853,0,0,U,s10-19
gacc,mnist784_pca32 (20c),GF-PFedFCM (L=5),0.3750071428571428,0.13649285714285714,0,0,U,s10-19
gacc,mnist784_pca32 (20c),ungated PRE (L=1),0.4752371428571428,0.03626285714285715,0,0,U,s10-19
gacc,mnist784_pca32 (20c),pre_mass_off (L=1),0.5115,0.0,0,1,U,s10-19
gacc,mnist784_pca32 (20c),pre_mass_off (L=5),0.41701714285714286,0.09448285714285709,0,0,U,s10-19
gacc,mnist784_pca32 (20c),SC-FFCM (L=5),0.4771528571428572,0.03434714285714274,0,0,U,s10-19
gacc,mnist784_pca32 (20c),"SC-FFCM (L=1, R=50)",0.4811528571428571,0.03034714285714285,0,0,U,s10-19
gacc,mnist784_pca32 (50c),"F-FCM (post_none_off, L=5)",0.33578285714285716,0.1988899999999999,0,0,U,s10-19
gacc,mnist784_pca32 (50c),GF-PFedFCM (L=5),0.37928000000000006,0.155392857142857,0,0,U,s10-19
gacc,mnist784_pca32 (50c),ungated PRE (L=1),0.4655014285714286,0.06917142857142844,0,0,U,s10-19
gacc,mnist784_pca32 (50c),pre_mass_off (L=1),0.5346728571428571,0.0,0,1,U,s10-19
gacc,mnist784_pca32 (50c),pre_mass_off (L=5),0.42323428571428573,0.11143857142857133,0,0,U,s10-19
gacc,mnist784_pca32 (50c),SC-FFCM (L=5),0.48332142857142857,0.05135142857142849,0,0,U,s10-19
gacc,mnist784_pca32 (50c),"SC-FFCM (L=1, R=50)",0.47244857142857144,0.06222428571428562,0,0,U,s10-19
fcm_obj,cluster_skew_hard,"F-FCM (post_none_off, L=5)",8.397323905483438,7.068967407529455,0,0,U,s10-19
fcm_obj,cluster_skew_hard,GF-PFedFCM (L=5),1.28793998285983,0.2375782882167769,0,0,U,s10-19
fcm_obj,cluster_skew_hard,ungated PRE (L=1),1.0406937444883875,1.5656511049208213e-12,0,0,U,s10-19
fcm_obj,cluster_skew_hard,pre_mass_off (L=1),1.0408149706186163,0.00011648588501697083,0,0,U,s10-19
fcm_obj,cluster_skew_hard,pre_mass_off (L=5),1.9136686161701562,0.8388393572154367,0,0,U,s10-19
fcm_obj,cluster_skew_hard,SC-FFCM (L=5),1.0406937444948994,7.822921472052591e-12,0,0,U,s10-19
fcm_obj,cluster_skew_hard,"SC-FFCM (L=1, R=50)",1.040693744486758,0.0,0,1,U,s10-19
fcm_obj,cluster_skew_overlap,"F-FCM (post_none_off, L=5)",2.7854527640768856,0.32538291090736904,0,0,U,s10-19
fcm_obj,cluster_skew_overlap,GF-PFedFCM (L=5),2.3289705601627504,0.10817811030769613,0,0,U,s10-19
fcm_obj,cluster_skew_overlap,ungated PRE (L=1),2.101621156439749,6.712517492854859e-10,0,0,U,s10-19
fcm_obj,cluster_skew_overlap,pre_mass_off (L=1),2.1350930625158826,0.01592670848728119,0,0,U,s10-19
fcm_obj,cluster_skew_overlap,pre_mass_off (L=5),2.5613395526234184,0.21874465647355731,0,0,U,s10-19
fcm_obj,cluster_skew_overlap,SC-FFCM (L=5),2.101621156929857,9.044564603476968e-10,0,0,U,s10-19
fcm_obj,cluster_skew_overlap,"SC-FFCM (L=1, R=50)",2.101621155029032,0.0,0,1,U,s10-19
fcm_obj,dirichlet_0.03,"F-FCM (post_none_off, L=5)",8.527146382943254,7.221751761347586,0,0,U,s10-19
fcm_obj,dirichlet_0.03,GF-PFedFCM (L=5),1.471763820110787,0.41905348364699707,0,0,U,s10-19
fcm_obj,dirichlet_0.03,ungated PRE (L=1),1.037144714467226,0.0,0,1,U,s10-19
fcm_obj,dirichlet_0.03,pre_mass_off (L=1),1.0372422342856098,9.402720471270184e-05,0,0,U,s10-19
fcm_obj,dirichlet_0.03,pre_mass_off (L=5),1.5260198971502286,0.4713664119034097,0,0,U,s10-19
fcm_obj,dirichlet_0.03,SC-FFCM (L=5),1.037144717868562,3.279519293898859e-09,0,0,U,s10-19
fcm_obj,dirichlet_0.03,"SC-FFCM (L=1, R=50)",1.0371447215375895,6.817142804931974e-09,0,0,U,s10-19
fcm_obj,dirichlet_0.1,"F-FCM (post_none_off, L=5)",6.481115716568877,4.7632607885809115,0,0,U,s10-19
fcm_obj,dirichlet_0.1,GF-PFedFCM (L=5),1.454861699578237,0.2937197471342708,0,0,U,s10-19
fcm_obj,dirichlet_0.1,ungated PRE (L=1),1.1245570787652528,0.0,0,1,U,s10-19
fcm_obj,dirichlet_0.1,pre_mass_off (L=1),1.1256111731956324,0.0009373418657743958,0,0,U,s10-19
fcm_obj,dirichlet_0.1,pre_mass_off (L=5),1.5447143743342548,0.37362024880971684,0,0,U,s10-19
fcm_obj,dirichlet_0.1,SC-FFCM (L=5),1.124557139964592,5.442083848615004e-08,0,0,U,s10-19
fcm_obj,dirichlet_0.1,"SC-FFCM (L=1, R=50)",1.125638201390751,0.0009613763906811796,0,0,U,s10-19
fcm_obj,overlap_noise,"F-FCM (post_none_off, L=5)",2.558588488612367,0.10661864205525434,0,0,U,s10-19
fcm_obj,overlap_noise,GF-PFedFCM (L=5),2.33233782760552,0.008762656084142286,0,0,U,s10-19
fcm_obj,overlap_noise,ungated PRE (L=1),2.312077884265946,0.0,0,1,U,s10-19
fcm_obj,overlap_noise,pre_mass_off (L=1),2.3167010341105154,0.0019995649264371684,0,0,U,s10-19
fcm_obj,overlap_noise,pre_mass_off (L=5),2.366440195738384,0.023512318439781785,0,0,U,s10-19
fcm_obj,overlap_noise,SC-FFCM (L=5),2.313537425112145,0.0006312680278339418,0,0,U,s10-19
fcm_obj,overlap_noise,"SC-FFCM (L=1, R=50)",2.314760250008277,0.0011601537130667776,0,0,U,s10-19
fcm_obj,quantity_skew_extreme,"F-FCM (post_none_off, L=5)",3.4135698077334427,2.2496390461573585,0,0,U,s10-19
fcm_obj,quantity_skew_extreme,GF-PFedFCM (L=5),2.2407622810589403,1.133153564104399,0,0,U,s10-19
fcm_obj,quantity_skew_extreme,ungated PRE (L=1),1.5080241956914189,0.43560395272032204,0,0,U,s10-19
fcm_obj,quantity_skew_extreme,pre_mass_off (L=1),1.763422420932543,0.6787371217513443,0,0,U,s10-19
fcm_obj,quantity_skew_extreme,pre_mass_off (L=5),1.973366360953778,0.8785988686684584,0,0,U,s10-19
fcm_obj,quantity_skew_extreme,SC-FFCM (L=5),1.05272062722607,0.00216554739232595,0,0,U,s10-19
fcm_obj,quantity_skew_extreme,"SC-FFCM (L=1, R=50)",1.0504458369830119,0.0,0,1,U,s10-19
fcm_obj,wine,"F-FCM (post_none_off, L=5)",4.104002961133704,0.07016170041010832,0,0,U,s10-19
fcm_obj,wine,GF-PFedFCM (L=5),3.834937243185739,0.0,0,1,U,s10-19
fcm_obj,wine,ungated PRE (L=1),4.052321384759212,0.05668518877583737,0,0,U,s10-19
fcm_obj,wine,pre_mass_off (L=1),4.080735271336543,0.0640944069130623,0,0,U,s10-19
fcm_obj,wine,pre_mass_off (L=5),4.113955246960403,0.07275686304135698,0,0,U,s10-19
fcm_obj,wine,SC-FFCM (L=5),4.063489707632078,0.05959744578674693,0,0,U,s10-19
fcm_obj,wine,"SC-FFCM (L=1, R=50)",4.063725299468395,0.05965887882238146,0,0,U,s10-19
fcm_obj,satimage,"F-FCM (post_none_off, L=5)",4.1819816341737575,0.12200722223198932,0,0,U,s10-19
fcm_obj,satimage,GF-PFedFCM (L=5),3.815919885165962,0.023794469977574437,0,0,U,s10-19
fcm_obj,satimage,ungated PRE (L=1),3.7272323665213265,0.0,0,1,U,s10-19
fcm_obj,satimage,pre_mass_off (L=1),3.7734267402752386,0.012393746676176754,0,0,U,s10-19
fcm_obj,satimage,pre_mass_off (L=5),3.9681708553991717,0.06464273358484385,0,0,U,s10-19
fcm_obj,satimage,SC-FFCM (L=5),3.7300377537338796,0.0007526730122198907,0,0,U,s10-19
fcm_obj,satimage,"SC-FFCM (L=1, R=50)",3.7539325616534613,0.007163544557071571,0,0,U,s10-19
fcm_obj,pendigits,"F-FCM (post_none_off, L=5)",4.421997967247367,0.14072367549077996,0,0,U,s10-19
fcm_obj,pendigits,GF-PFedFCM (L=5),4.078390255524579,0.05208468136492208,0,0,U,s10-19
fcm_obj,pendigits,ungated PRE (L=1),3.876484780895659,0.0,0,1,U,s10-19
fcm_obj,pendigits,pre_mass_off (L=1),3.973618782567877,0.025057237977798855,0,0,U,s10-19
fcm_obj,pendigits,pre_mass_off (L=5),4.369007308922167,0.12705390472672282,0,0,U,s10-19
fcm_obj,pendigits,SC-FFCM (L=5),3.8803388833964476,0.0009942261400800038,0,0,U,s10-19
fcm_obj,pendigits,"SC-FFCM (L=1, R=50)",3.8954055017640683,0.004880896466214899,0,0,U,s10-19
fcm_obj,digits_pca16,"F-FCM (post_none_off, L=5)",8.243686126592461,0.0692289627046187,0,0,U,s10-19
fcm_obj,digits_pca16,GF-PFedFCM (L=5),7.720263155530918,0.0013395511222736413,0,0,U,s10-19
fcm_obj,digits_pca16,ungated PRE (L=1),7.714674745810919,0.0006147188765616663,0,0,U,s10-19
fcm_obj,digits_pca16,pre_mass_off (L=1),7.894498034893109,0.0239382983897665,0,0,U,s10-19
fcm_obj,digits_pca16,pre_mass_off (L=5),8.350186150194288,0.0830423112498123,0,0,U,s10-19
fcm_obj,digits_pca16,SC-FFCM (L=5),7.7099353030430695,0.0,0,1,U,s10-19
fcm_obj,digits_pca16,"SC-FFCM (L=1, R=50)",7.715678106861022,0.0007448575885825764,0,0,U,s10-19
fcm_obj,digits_pca32,"F-FCM (post_none_off, L=5)",25.18749430700212,0.07264546333399782,0,0,U,s10-19
fcm_obj,digits_pca32,GF-PFedFCM (L=5),23.481658355887994,0.0,0,1,U,s10-19
fcm_obj,digits_pca32,ungated PRE (L=1),23.948353330791086,0.0198748728829056,0,0,U,s10-19
fcm_obj,digits_pca32,pre_mass_off (L=1),24.29064802303681,0.034451981835685035,0,0,U,s10-19
fcm_obj,digits_pca32,pre_mass_off (L=5),25.13217886706618,0.07028977622290976,0,0,U,s10-19
fcm_obj,digits_pca32,SC-FFCM (L=5),24.017145107977214,0.022804469087037343,0,0,U,s10-19
fcm_obj,digits_pca32,"SC-FFCM (L=1, R=50)",23.984205137528004,0.021401673341099322,0,0,U,s10-19
fcm_obj,letter,"F-FCM (post_none_off, L=5)",5.160289871565744,0.07767903700732201,0,0,U,s10-19
fcm_obj,letter,GF-PFedFCM (L=5),4.788336503135194,0.0,0,1,U,s10-19
fcm_obj,letter,ungated PRE (L=1),4.922407433355265,0.027999479596366568,0,0,U,s10-19
fcm_obj,letter,pre_mass_off (L=1),5.087493075354984,0.0624760962442625,0,0,U,s10-19
fcm_obj,letter,pre_mass_off (L=5),5.302344395739388,0.10734581670850483,0,0,U,s10-19
fcm_obj,letter,SC-FFCM (L=5),4.9087500184000685,0.025147254205303428,0,0,U,s10-19
fcm_obj,letter,"SC-FFCM (L=1, R=50)",4.922480944253858,0.028014831670838583,0,0,U,s10-19
fcm_obj,mnist784_pca32 (20c),"F-FCM (post_none_off, L=5)",24.963919544917722,0.05907453994644692,0,0,U,s10-19
fcm_obj,mnist784_pca32 (20c),GF-PFedFCM (L=5),23.571447148734258,0.0,0,1,U,s10-19
fcm_obj,mnist784_pca32 (20c),ungated PRE (L=1),24.36028513610526,0.03346582763431912,0,0,U,s10-19
fcm_obj,mnist784_pca32 (20c),pre_mass_off (L=1),24.58253158928338,0.04289445761090728,0,0,U,s10-19
fcm_obj,mnist784_pca32 (20c),pre_mass_off (L=5),24.976612674393525,0.05961303592404687,0,0,U,s10-19
fcm_obj,mnist784_pca32 (20c),SC-FFCM (L=5),24.36002946051625,0.033454980799697706,0,0,U,s10-19
fcm_obj,mnist784_pca32 (20c),"SC-FFCM (L=1, R=50)",24.442356815815742,0.03694765372639629,0,0,U,s10-19
fcm_obj,mnist784_pca32 (50c),"F-FCM (post_none_off, L=5)",24.9776535218351,0.06221483035660402,0,0,U,s10-19
fcm_obj,mnist784_pca32 (50c),GF-PFedFCM (L=5),23.514691009774047,0.0,0,1,U,s10-19
fcm_obj,mnist784_pca32 (50c),ungated PRE (L=1),24.367847727803486,0.0362818596117133,0,0,U,s10-19
fcm_obj,mnist784_pca32 (50c),pre_mass_off (L=1),24.55521108208374,0.04424978715974595,0,0,U,s10-19
fcm_obj,mnist784_pca32 (50c),pre_mass_off (L=5),24.95683278479981,0.06132939507588373,0,0,U,s10-19
fcm_obj,mnist784_pca32 (50c),SC-FFCM (L=5),24.329350306708314,0.03464469495242984,0,0,U,s10-19
fcm_obj,mnist784_pca32 (50c),"SC-FFCM (L=1, R=50)",24.413406173361206,0.03821930567633663,0,0,U,s10-19
upload_numbers,cluster_skew_hard,"F-FCM (post_none_off, L=5)",5313.6,1.5804195804195809,0,0,U,s10-19
upload_numbers,cluster_skew_hard,GF-PFedFCM (L=5),4492.8,1.181818181818182,0,0,U,s10-19
upload_numbers,cluster_skew_hard,ungated PRE (L=1),2059.2,0.0,0,1,U,s10-19
upload_numbers,cluster_skew_hard,pre_mass_off (L=1),2289.6,0.11188811188811194,0,0,U,s10-19
upload_numbers,cluster_skew_hard,pre_mass_off (L=5),4276.8,1.076923076923077,0,0,U,s10-19
upload_numbers,cluster_skew_hard,SC-FFCM (L=5),3724.8,0.8088578088578091,0,0,U,s10-19
upload_numbers,cluster_skew_hard,"SC-FFCM (L=1, R=50)",3072.0,0.49184149184149195,0,0,U,s10-19
upload_numbers,cluster_skew_overlap,"F-FCM (post_none_off, L=5)",6883.2,0.7573529411764705,0,0,U,s10-19
upload_numbers,cluster_skew_overlap,GF-PFedFCM (L=5),4046.4,0.03308823529411762,0,0,U,s10-19
upload_numbers,cluster_skew_overlap,ungated PRE (L=1),6480.0,0.6544117647058822,0,0,U,s10-19
upload_numbers,cluster_skew_overlap,pre_mass_off (L=1),4564.8,0.16544117647058823,0,0,U,s10-19
upload_numbers,cluster_skew_overlap,pre_mass_off (L=5),3916.8,0.0,0,1,U,s10-19
upload_numbers,cluster_skew_overlap,SC-FFCM (L=5),8812.8,1.2499999999999998,0,0,U,s10-19
upload_numbers,cluster_skew_overlap,"SC-FFCM (L=1, R=50)",6816.0,0.7401960784313725,0,0,U,s10-19
upload_numbers,dirichlet_0.03,"F-FCM (post_none_off, L=5)",5587.2,1.4556962025316458,0,0,U,s10-19
upload_numbers,dirichlet_0.03,GF-PFedFCM (L=5),5716.8,1.5126582278481016,0,0,U,s10-19
upload_numbers,dirichlet_0.03,ungated PRE (L=1),2563.2,0.12658227848101267,0,0,U,s10-19
upload_numbers,dirichlet_0.03,pre_mass_off (L=1),2275.2,0.0,0,1,U,s10-19
upload_numbers,dirichlet_0.03,pre_mass_off (L=5),6480.0,1.848101265822785,0,0,U,s10-19
upload_numbers,dirichlet_0.03,SC-FFCM (L=5),7123.2,2.130801687763713,0,0,U,s10-19
upload_numbers,dirichlet_0.03,"SC-FFCM (L=1, R=50)",7680.0,2.3755274261603376,0,0,U,s10-19
upload_numbers,dirichlet_0.1,"F-FCM (post_none_off, L=5)",4809.6,0.7486910994764399,0,0,U,s10-19
upload_numbers,dirichlet_0.1,GF-PFedFCM (L=5),5040.0,0.8324607329842931,0,0,U,s10-19
upload_numbers,dirichlet_0.1,ungated PRE (L=1),2808.0,0.020942408376963317,0,0,U,s10-19
upload_numbers,dirichlet_0.1,pre_mass_off (L=1),2750.4,0.0,0,1,U,s10-19
upload_numbers,dirichlet_0.1,pre_mass_off (L=5),4680.0,0.7015706806282722,0,0,U,s10-19
upload_numbers,dirichlet_0.1,SC-FFCM (L=5),5702.4,1.0732984293193715,0,0,U,s10-19
upload_numbers,dirichlet_0.1,"SC-FFCM (L=1, R=50)",6950.4,1.5270506108202442,0,0,U,s10-19
upload_numbers,overlap_noise,"F-FCM (post_none_off, L=5)",5630.4,1.0909090909090906,0,0,U,s10-19
upload_numbers,overlap_noise,GF-PFedFCM (L=5),3052.8,0.1336898395721925,0,0,U,s10-19
upload_numbers,overlap_noise,ungated PRE (L=1),4896.0,0.818181818181818,0,0,U,s10-19
upload_numbers,overlap_noise,pre_mass_off (L=1),4118.4,0.5294117647058821,0,0,U,s10-19
upload_numbers,overlap_noise,pre_mass_off (L=5),2692.8,0.0,0,1,U,s10-19
upload_numbers,overlap_noise,SC-FFCM (L=5),4800.0,0.7825311942959,0,0,U,s10-19
upload_numbers,overlap_noise,"SC-FFCM (L=1, R=50)",4915.2,0.8253119429590016,0,0,U,s10-19
upload_numbers,quantity_skew_extreme,"F-FCM (post_none_off, L=5)",5457.6,0.03269754768392374,0,0,U,s10-19
upload_numbers,quantity_skew_extreme,GF-PFedFCM (L=5),5572.8,0.05449591280653951,0,0,U,s10-19
upload_numbers,quantity_skew_extreme,ungated PRE (L=1),5284.8,0.0,0,1,U,s10-19
upload_numbers,quantity_skew_extreme,pre_mass_off (L=1),5515.2,0.04359673024523154,0,0,U,s10-19
upload_numbers,quantity_skew_extreme,pre_mass_off (L=5),5976.0,0.13079019073569478,0,0,U,s10-19
upload_numbers,quantity_skew_extreme,SC-FFCM (L=5),9196.8,0.7402361489554948,0,0,U,s10-19
upload_numbers,quantity_skew_extreme,"SC-FFCM (L=1, R=50)",6585.6,0.24613987284287014,0,0,U,s10-19
upload_numbers,wine,"F-FCM (post_none_off, L=5)",12726.0,0.4567307692307692,0,0,U,s10-19
upload_numbers,wine,GF-PFedFCM (L=5),15498.0,0.7740384615384616,0,0,U,s10-19
upload_numbers,wine,ungated PRE (L=1),12978.0,0.4855769230769231,0,0,U,s10-19
upload_numbers,wine,pre_mass_off (L=1),10500.0,0.20192307692307693,0,0,U,s10-19
upload_numbers,wine,pre_mass_off (L=5),8736.0,0.0,0,1,U,s10-19
upload_numbers,wine,SC-FFCM (L=5),39000.0,3.4642857142857144,0,0,U,s10-19
upload_numbers,wine,"SC-FFCM (L=1, R=50)",39000.0,3.4642857142857144,0,0,U,s10-19
upload_numbers,satimage,"F-FCM (post_none_off, L=5)",87468.0,0.14202898550724638,0,0,U,s10-19
upload_numbers,satimage,GF-PFedFCM (L=5),76590.0,0.0,0,1,U,s10-19
upload_numbers,satimage,ungated PRE (L=1),111000.0,0.4492753623188406,0,0,U,s10-19
upload_numbers,satimage,pre_mass_off (L=1),111000.0,0.4492753623188406,0,0,U,s10-19
upload_numbers,satimage,pre_mass_off (L=5),77922.0,0.017391304347826087,0,0,U,s10-19
upload_numbers,satimage,SC-FFCM (L=5),216000.0,1.8202115158636898,0,0,U,s10-19
upload_numbers,satimage,"SC-FFCM (L=1, R=50)",216000.0,1.8202115158636898,0,0,U,s10-19
upload_numbers,pendigits,"F-FCM (post_none_off, L=5)",79900.0,0.053811659192825115,0,0,U,s10-19
upload_numbers,pendigits,GF-PFedFCM (L=5),79390.0,0.04708520179372197,0,0,U,s10-19
upload_numbers,pendigits,ungated PRE (L=1),85000.0,0.1210762331838565,0,0,U,s10-19
upload_numbers,pendigits,pre_mass_off (L=1),85000.0,0.1210762331838565,0,0,U,s10-19
upload_numbers,pendigits,pre_mass_off (L=5),75820.0,0.0,0,1,U,s10-19
upload_numbers,pendigits,SC-FFCM (L=5),151680.0,1.0005275652862042,0,0,U,s10-19
upload_numbers,pendigits,"SC-FFCM (L=1, R=50)",160000.0,1.110261144816671,0,0,U,s10-19
upload_numbers,digits_pca16,"F-FCM (post_none_off, L=5)",84150.0,0.09513274336283185,0,0,U,s10-19
upload_numbers,digits_pca16,GF-PFedFCM (L=5),84150.0,0.09513274336283185,0,0,U,s10-19
upload_numbers,digits_pca16,ungated PRE (L=1),85000.0,0.10619469026548672,0,0,U,s10-19
upload_numbers,digits_pca16,pre_mass_off (L=1),85000.0,0.10619469026548672,0,0,U,s10-19
upload_numbers,digits_pca16,pre_mass_off (L=5),76840.0,0.0,0,1,U,s10-19
upload_numbers,digits_pca16,SC-FFCM (L=5),160000.0,1.0822488287350338,0,0,U,s10-19
upload_numbers,digits_pca16,"SC-FFCM (L=1, R=50)",160000.0,1.0822488287350338,0,0,U,s10-19
upload_numbers,digits_pca32,"F-FCM (post_none_off, L=5)",164670.0,0.0,0,1,U,s10-19
upload_numbers,digits_pca32,GF-PFedFCM (L=5),165000.0,0.002004008016032064,0,0,U,s10-19
upload_numbers,digits_pca32,ungated PRE (L=1),165000.0,0.002004008016032064,0,0,U,s10-19
upload_numbers,digits_pca32,pre_mass_off (L=1),165000.0,0.002004008016032064,0,0,U,s10-19
upload_numbers,digits_pca32,pre_mass_off (L=5),165000.0,0.002004008016032064,0,0,U,s10-19
upload_numbers,digits_pca32,SC-FFCM (L=5),320000.0,0.9432805003947289,0,0,U,s10-19
upload_numbers,digits_pca32,"SC-FFCM (L=1, R=50)",320000.0,0.9432805003947289,0,0,U,s10-19
upload_numbers,letter,"F-FCM (post_none_off, L=5)",221000.0,0.0,0,1,U,s10-19
upload_numbers,letter,GF-PFedFCM (L=5),221000.0,0.0,0,1,U,s10-19
upload_numbers,letter,ungated PRE (L=1),221000.0,0.0,0,1,U,s10-19
upload_numbers,letter,pre_mass_off (L=1),221000.0,0.0,0,1,U,s10-19
upload_numbers,letter,pre_mass_off (L=5),221000.0,0.0,0,1,U,s10-19
upload_numbers,letter,SC-FFCM (L=5),416000.0,0.8823529411764706,0,0,U,s10-19
upload_numbers,letter,"SC-FFCM (L=1, R=50)",416000.0,0.8823529411764706,0,0,U,s10-19
upload_numbers,mnist784_pca32 (20c),"F-FCM (post_none_off, L=5)",330000.0,0.0,0,1,U,s10-19
upload_numbers,mnist784_pca32 (20c),GF-PFedFCM (L=5),330000.0,0.0,0,1,U,s10-19
upload_numbers,mnist784_pca32 (20c),ungated PRE (L=1),330000.0,0.0,0,1,U,s10-19
upload_numbers,mnist784_pca32 (20c),pre_mass_off (L=1),330000.0,0.0,0,1,U,s10-19
upload_numbers,mnist784_pca32 (20c),pre_mass_off (L=5),330000.0,0.0,0,1,U,s10-19
upload_numbers,mnist784_pca32 (20c),SC-FFCM (L=5),640000.0,0.9393939393939394,0,0,U,s10-19
upload_numbers,mnist784_pca32 (20c),"SC-FFCM (L=1, R=50)",640000.0,0.9393939393939394,0,0,U,s10-19
upload_numbers,mnist784_pca32 (50c),"F-FCM (post_none_off, L=5)",825000.0,0.0,0,1,U,s10-19
upload_numbers,mnist784_pca32 (50c),GF-PFedFCM (L=5),825000.0,0.0,0,1,U,s10-19
upload_numbers,mnist784_pca32 (50c),ungated PRE (L=1),825000.0,0.0,0,1,U,s10-19
upload_numbers,mnist784_pca32 (50c),pre_mass_off (L=1),825000.0,0.0,0,1,U,s10-19
upload_numbers,mnist784_pca32 (50c),pre_mass_off (L=5),825000.0,0.0,0,1,U,s10-19
upload_numbers,mnist784_pca32 (50c),SC-FFCM (L=5),1600000.0,0.9393939393939394,0,0,U,s10-19
upload_numbers,mnist784_pca32 (50c),"SC-FFCM (L=1, R=50)",1600000.0,0.9393939393939394,0,0,U,s10-19
mean_acc,cluster_skew_hard,"F-FCM (post_none_off, L=5)",0.8692424242424244,0.13075757575757563,0,0,U,s20-29
mean_acc,cluster_skew_hard,GF-PFedFCM (L=5),1.0,0.0,0,1,U,s20-29
mean_acc,cluster_skew_hard,ungated PRE (L=1),1.0,0.0,0,1,U,s20-29
mean_acc,cluster_skew_hard,pre_mass_off (L=1),1.0,0.0,0,1,U,s20-29
mean_acc,cluster_skew_hard,pre_mass_off (L=5),0.9708712121212122,0.02912878787878781,0,0,U,s20-29
mean_acc,cluster_skew_hard,SC-FFCM (L=5),1.0,0.0,0,1,U,s20-29
mean_acc,cluster_skew_hard,"SC-FFCM (L=1, R=50)",1.0,0.0,0,1,U,s20-29
mean_acc,cluster_skew_overlap,"F-FCM (post_none_off, L=5)",0.7370833333333333,0.13136363636363646,0,0,U,s20-29
mean_acc,cluster_skew_overlap,GF-PFedFCM (L=5),0.815909090909091,0.052537878787878745,0,0,U,s20-29
mean_acc,cluster_skew_overlap,ungated PRE (L=1),0.8684469696969698,0.0,0,1,U,s20-29
mean_acc,cluster_skew_overlap,pre_mass_off (L=1),0.8683712121212123,7.575757575750686e-05,0,0,U,s20-29
mean_acc,cluster_skew_overlap,pre_mass_off (L=5),0.8662878787878789,0.002159090909090833,0,0,U,s20-29
mean_acc,cluster_skew_overlap,SC-FFCM (L=5),0.8684469696969698,0.0,0,1,U,s20-29
mean_acc,cluster_skew_overlap,"SC-FFCM (L=1, R=50)",0.8684469696969698,0.0,0,1,U,s20-29
mean_acc,dirichlet_0.03,"F-FCM (post_none_off, L=5)",0.9435984848484849,0.038181818181818206,0,0,U,s20-29
mean_acc,dirichlet_0.03,GF-PFedFCM (L=5),0.9806060606060607,0.0011742424242423555,0,0,U,s20-29
mean_acc,dirichlet_0.03,ungated PRE (L=1),0.9817803030303031,0.0,0,1,U,s20-29
mean_acc,dirichlet_0.03,pre_mass_off (L=1),0.9797727272727272,0.002007575757575819,0,0,U,s20-29
mean_acc,dirichlet_0.03,pre_mass_off (L=5),0.9411742424242423,0.040606060606060757,0,0,U,s20-29
mean_acc,dirichlet_0.03,SC-FFCM (L=5),0.9817045454545454,7.575757575761788e-05,0,0,U,s20-29
mean_acc,dirichlet_0.03,"SC-FFCM (L=1, R=50)",0.9817045454545454,7.575757575761788e-05,0,0,U,s20-29
mean_acc,dirichlet_0.1,"F-FCM (post_none_off, L=5)",0.9140151515151513,0.08598484848484866,0,0,U,s20-29
mean_acc,dirichlet_0.1,GF-PFedFCM (L=5),0.9378409090909091,0.062159090909090886,0,0,U,s20-29
mean_acc,dirichlet_0.1,ungated PRE (L=1),1.0,0.0,0,1,U,s20-29
mean_acc,dirichlet_0.1,pre_mass_off (L=1),0.9750757575757575,0.024924242424242515,0,0,U,s20-29
mean_acc,dirichlet_0.1,pre_mass_off (L=5),0.959128787878788,0.04087121212121203,0,0,U,s20-29
mean_acc,dirichlet_0.1,SC-FFCM (L=5),1.0,0.0,0,1,U,s20-29
mean_acc,dirichlet_0.1,"SC-FFCM (L=1, R=50)",1.0,0.0,0,1,U,s20-29
mean_acc,overlap_noise,"F-FCM (post_none_off, L=5)",0.8359848484848484,0.06814393939393959,0,0,U,s20-29
mean_acc,overlap_noise,GF-PFedFCM (L=5),0.8951136363636362,0.009015151515151865,0,0,U,s20-29
mean_acc,overlap_noise,ungated PRE (L=1),0.904128787878788,0.0,0,1,U,s20-29
mean_acc,overlap_noise,pre_mass_off (L=1),0.8856060606060605,0.018522727272727524,0,0,U,s20-29
mean_acc,overlap_noise,pre_mass_off (L=5),0.8695833333333333,0.03454545454545477,0,0,U,s20-29
mean_acc,overlap_noise,SC-FFCM (L=5),0.904128787878788,0.0,0,1,U,s20-29
mean_acc,overlap_noise,"SC-FFCM (L=1, R=50)",0.904128787878788,0.0,0,1,U,s20-29
mean_acc,quantity_skew_extreme,"F-FCM (post_none_off, L=5)",0.8815301459061008,0.11846985409389921,0,0,U,s20-29
mean_acc,quantity_skew_extreme,GF-PFedFCM (L=5),0.8658913122736533,0.13410868772634665,0,0,U,s20-29
mean_acc,quantity_skew_extreme,ungated PRE (L=1),0.9458332003395015,0.05416679966049853,0,0,U,s20-29
mean_acc,quantity_skew_extreme,pre_mass_off (L=1),0.9423947637318033,0.05760523626819669,0,0,U,s20-29
mean_acc,quantity_skew_extreme,pre_mass_off (L=5),0.8705346996514184,0.1294653003485816,0,0,U,s20-29
mean_acc,quantity_skew_extreme,SC-FFCM (L=5),1.0,0.0,0,1,U,s20-29
mean_acc,quantity_skew_extreme,"SC-FFCM (L=1, R=50)",1.0,0.0,0,1,U,s20-29
mean_acc,wine,"F-FCM (post_none_off, L=5)",0.9208895338837289,0.04876543687650503,0,0,U,s20-29
mean_acc,wine,GF-PFedFCM (L=5),0.9241786205710355,0.04547635018919838,0,0,U,s20-29
mean_acc,wine,ungated PRE (L=1),0.963657894736842,0.005997076023391834,0,0,U,s20-29
mean_acc,wine,pre_mass_off (L=1),0.9696549707602339,0.0,0,1,U,s20-29
mean_acc,wine,pre_mass_off (L=5),0.9687472910216719,0.0009076797385619839,0,0,U,s20-29
mean_acc,wine,SC-FFCM (L=5),0.9614000687994496,0.008254901960784267,0,0,U,s20-29
mean_acc,wine,"SC-FFCM (L=1, R=50)",0.9608737530099759,0.008781217750257975,0,0,U,s20-29
mean_acc,satimage,"F-FCM (post_none_off, L=5)",0.6894378460844923,0.030854432638421136,0,0,U,s20-29
mean_acc,satimage,GF-PFedFCM (L=5),0.6597077926175986,0.06058448610531486,0,0,U,s20-29
mean_acc,satimage,ungated PRE (L=1),0.7098551426182405,0.010437136104673006,0,0,U,s20-29
mean_acc,satimage,pre_mass_off (L=1),0.6852432278722574,0.035049050850656016,0,0,U,s20-29
mean_acc,satimage,pre_mass_off (L=5),0.6604147672765145,0.05987751144639897,0,0,U,s20-29
mean_acc,satimage,SC-FFCM (L=5),0.7202922787229135,0.0,0,1,U,s20-29
mean_acc,satimage,"SC-FFCM (L=1, R=50)",0.7197394565688504,0.0005528221540630485,0,0,U,s20-29
mean_acc,pendigits,"F-FCM (post_none_off, L=5)",0.5023187513702252,0.25329973286806284,0,0,U,s20-29
mean_acc,pendigits,GF-PFedFCM (L=5),0.6280661536980152,0.12755233054027282,0,0,U,s20-29
mean_acc,pendigits,ungated PRE (L=1),0.755618484238288,0.0,0,1,U,s20-29
mean_acc,pendigits,pre_mass_off (L=1),0.7379815071651579,0.017636977073130167,0,0,U,s20-29
mean_acc,pendigits,pre_mass_off (L=5),0.653876550248907,0.10174193398938103,0,0,U,s20-29
mean_acc,pendigits,SC-FFCM (L=5),0.7465360465423516,0.009082437695936418,0,0,U,s20-29
mean_acc,pendigits,"SC-FFCM (L=1, R=50)",0.7333037551972964,0.022314729040991632,0,0,U,s20-29
mean_acc,digits_pca16,"F-FCM (post_none_off, L=5)",0.3999988740310042,0.370721934995344,0,0,U,s20-29
mean_acc,digits_pca16,GF-PFedFCM (L=5),0.6081039626911818,0.16261684633516638,0,0,U,s20-29
mean_acc,digits_pca16,ungated PRE (L=1),0.7621829867283296,0.008537822298018583,0,0,U,s20-29
mean_acc,digits_pca16,pre_mass_off (L=1),0.7483781363192372,0.02234267270711099,0,0,U,s20-29
mean_acc,digits_pca16,pre_mass_off (L=5),0.6749822734291907,0.0957385355971575,0,0,U,s20-29
mean_acc,digits_pca16,SC-FFCM (L=5),0.7629401948407725,0.0077806141855757405,0,0,U,s20-29
mean_acc,digits_pca16,"SC-FFCM (L=1, R=50)",0.7707208090263482,0.0,0,1,U,s20-29
mean_acc,digits_pca32,"F-FCM (post_none_off, L=5)",0.37952049675192623,0.4335818187361332,0,0,U,s20-29
mean_acc,digits_pca32,GF-PFedFCM (L=5),0.5669896280238835,0.24611268746417592,0,0,U,s20-29
mean_acc,digits_pca32,ungated PRE (L=1),0.7680807072357048,0.04502160825235468,0,0,U,s20-29
mean_acc,digits_pca32,pre_mass_off (L=1),0.8131023154880594,0.0,0,1,U,s20-29
mean_acc,digits_pca32,pre_mass_off (L=5),0.6746899687555117,0.13841234673254776,0,0,U,s20-29
mean_acc,digits_pca32,SC-FFCM (L=5),0.762947459546292,0.050154855941767496,0,0,U,s20-29
mean_acc,digits_pca32,"SC-FFCM (L=1, R=50)",0.7583451892071618,0.05475712628089768,0,0,U,s20-29
mean_acc,letter,"F-FCM (post_none_off, L=5)",0.26235146815142507,0.06499180745877498,0,0,U,s20-29
mean_acc,letter,GF-PFedFCM (L=5),0.2751758570362254,0.052167418573974667,0,0,U,s20-29
mean_acc,letter,ungated PRE (L=1),0.29915257551586716,0.028190700094332888,0,0,U,s20-29
mean_acc,letter,pre_mass_off (L=1),0.32734327561020005,0.0,0,1,U,s20-29
mean_acc,letter,pre_mass_off (L=5),0.30160216672692775,0.0257411088832723,0,0,U,s20-29
mean_acc,letter,SC-FFCM (L=5),0.2969480916350026,0.03039518397519747,0,0,U,s20-29
mean_acc,letter,"SC-FFCM (L=1, R=50)",0.29438113490730233,0.03296214070289771,0,0,U,s20-29
mean_acc,mnist784_pca32 (20c),"F-FCM (post_none_off, L=5)",0.40054732627857403,0.23078299034055105,0,0,U,s20-29
mean_acc,mnist784_pca32 (20c),GF-PFedFCM (L=5),0.4944728563975951,0.13685746022153,0,0,U,s20-29
mean_acc,mnist784_pca32 (20c),ungated PRE (L=1),0.5207289696876016,0.11060134693152346,0,0,U,s20-29
mean_acc,mnist784_pca32 (20c),pre_mass_off (L=1),0.6313303166191251,0.0,0,1,U,s20-29
mean_acc,mnist784_pca32 (20c),pre_mass_off (L=5),0.5247952212315824,0.10653509538754269,0,0,U,s20-29
mean_acc,mnist784_pca32 (20c),SC-FFCM (L=5),0.5344793639377516,0.09685095268137345,0,0,U,s20-29
mean_acc,mnist784_pca32 (20c),"SC-FFCM (L=1, R=50)",0.5454026705252071,0.08592764609391801,0,0,U,s20-29
mean_acc,mnist784_pca32 (50c),"F-FCM (post_none_off, L=5)",0.4015376178961111,0.2276189815195394,0,0,U,s20-29
mean_acc,mnist784_pca32 (50c),GF-PFedFCM (L=5),0.4915001757209382,0.13765642369471232,0,0,U,s20-29
mean_acc,mnist784_pca32 (50c),ungated PRE (L=1),0.5395829904778828,0.08957360893776767,0,0,U,s20-29
mean_acc,mnist784_pca32 (50c),pre_mass_off (L=1),0.6291565994156505,0.0,0,1,U,s20-29
mean_acc,mnist784_pca32 (50c),pre_mass_off (L=5),0.554155987090648,0.07500061232500255,0,0,U,s20-29
mean_acc,mnist784_pca32 (50c),SC-FFCM (L=5),0.5430429244803461,0.08611367493530442,0,0,U,s20-29
mean_acc,mnist784_pca32 (50c),"SC-FFCM (L=1, R=50)",0.5578229500049952,0.07133364941065534,0,0,U,s20-29
worst_acc,cluster_skew_hard,"F-FCM (post_none_off, L=5)",0.6136363636363636,0.38636363636363635,0,0,U,s20-29
worst_acc,cluster_skew_hard,GF-PFedFCM (L=5),1.0,0.0,0,1,U,s20-29
worst_acc,cluster_skew_hard,ungated PRE (L=1),1.0,0.0,0,1,U,s20-29
worst_acc,cluster_skew_hard,pre_mass_off (L=1),1.0,0.0,0,1,U,s20-29
worst_acc,cluster_skew_hard,pre_mass_off (L=5),0.9081818181818182,0.0918181818181818,0,0,U,s20-29
worst_acc,cluster_skew_hard,SC-FFCM (L=5),1.0,0.0,0,1,U,s20-29
worst_acc,cluster_skew_hard,"SC-FFCM (L=1, R=50)",1.0,0.0,0,1,U,s20-29
worst_acc,cluster_skew_overlap,"F-FCM (post_none_off, L=5)",0.6145454545454546,0.19045454545454532,0,0,U,s20-29
worst_acc,cluster_skew_overlap,GF-PFedFCM (L=5),0.7163636363636362,0.08863636363636374,0,0,U,s20-29
worst_acc,cluster_skew_overlap,ungated PRE (L=1),0.8049999999999999,0.0,0,1,U,s20-29
worst_acc,cluster_skew_overlap,pre_mass_off (L=1),0.8045454545454545,0.00045454545454548523,0,0,U,s20-29
worst_acc,cluster_skew_overlap,pre_mass_off (L=5),0.7949999999999999,0.010000000000000009,0,0,U,s20-29
worst_acc,cluster_skew_overlap,SC-FFCM (L=5),0.8049999999999999,0.0,0,1,U,s20-29
worst_acc,cluster_skew_overlap,"SC-FFCM (L=1, R=50)",0.8049999999999999,0.0,0,1,U,s20-29
worst_acc,dirichlet_0.03,"F-FCM (post_none_off, L=5)",0.7913636363636364,0.16272727272727272,0,0,U,s20-29
worst_acc,dirichlet_0.03,GF-PFedFCM (L=5),0.9540909090909091,0.0,0,1,U,s20-29
worst_acc,dirichlet_0.03,ungated PRE (L=1),0.9527272727272728,0.0013636363636363447,0,0,U,s20-29
worst_acc,dirichlet_0.03,pre_mass_off (L=1),0.9509090909090909,0.0031818181818181746,0,0,U,s20-29
worst_acc,dirichlet_0.03,pre_mass_off (L=5),0.8540909090909091,0.09999999999999998,0,0,U,s20-29
worst_acc,dirichlet_0.03,SC-FFCM (L=5),0.9518181818181818,0.002272727272727315,0,0,U,s20-29
worst_acc,dirichlet_0.03,"SC-FFCM (L=1, R=50)",0.9518181818181818,0.002272727272727315,0,0,U,s20-29
worst_acc,dirichlet_0.1,"F-FCM (post_none_off, L=5)",0.7077272727272728,0.29227272727272724,0,0,U,s20-29
worst_acc,dirichlet_0.1,GF-PFedFCM (L=5),0.8568181818181818,0.1431818181818182,0,0,U,s20-29
worst_acc,dirichlet_0.1,ungated PRE (L=1),1.0,0.0,0,1,U,s20-29
worst_acc,dirichlet_0.1,pre_mass_off (L=1),0.9304545454545454,0.06954545454545458,0,0,U,s20-29
worst_acc,dirichlet_0.1,pre_mass_off (L=5),0.9022727272727273,0.09772727272727266,0,0,U,s20-29
worst_acc,dirichlet_0.1,SC-FFCM (L=5),1.0,0.0,0,1,U,s20-29
worst_acc,dirichlet_0.1,"SC-FFCM (L=1, R=50)",1.0,0.0,0,1,U,s20-29
worst_acc,overlap_noise,"F-FCM (post_none_off, L=5)",0.7577272727272727,0.11818181818181828,0,0,U,s20-29
worst_acc,overlap_noise,GF-PFedFCM (L=5),0.8636363636363635,0.012272727272727435,0,0,U,s20-29
worst_acc,overlap_noise,ungated PRE (L=1),0.875909090909091,0.0,0,1,U,s20-29
worst_acc,overlap_noise,pre_mass_off (L=1),0.8372727272727272,0.0386363636363638,0,0,U,s20-29
worst_acc,overlap_noise,pre_mass_off (L=5),0.8118181818181818,0.0640909090909092,0,0,U,s20-29
worst_acc,overlap_noise,SC-FFCM (L=5),0.875909090909091,0.0,0,1,U,s20-29
worst_acc,overlap_noise,"SC-FFCM (L=1, R=50)",0.875909090909091,0.0,0,1,U,s20-29
worst_acc,quantity_skew_extreme,"F-FCM (post_none_off, L=5)",0.7036734693877551,0.2963265306122449,0,0,U,s20-29
worst_acc,quantity_skew_extreme,GF-PFedFCM (L=5),0.6171665182834732,0.38283348171652676,0,0,U,s20-29
worst_acc,quantity_skew_extreme,ungated PRE (L=1),0.8668861092824226,0.1331138907175774,0,0,U,s20-29
worst_acc,quantity_skew_extreme,pre_mass_off (L=1),0.8667048081368469,0.13329519186315308,0,0,U,s20-29
worst_acc,quantity_skew_extreme,pre_mass_off (L=5),0.730423658634477,0.269576341365523,0,0,U,s20-29
worst_acc,quantity_skew_extreme,SC-FFCM (L=5),1.0,0.0,0,1,U,s20-29
worst_acc,quantity_skew_extreme,"SC-FFCM (L=1, R=50)",1.0,0.0,0,1,U,s20-29
worst_acc,wine,"F-FCM (post_none_off, L=5)",0.8011695906432749,0.08947368421052637,0,0,U,s20-29
worst_acc,wine,GF-PFedFCM (L=5),0.8256944444444445,0.06494883040935673,0,0,U,s20-29
worst_acc,wine,ungated PRE (L=1),0.8839181286549709,0.006725146198830356,0,0,U,s20-29
worst_acc,wine,pre_mass_off (L=1),0.8894736842105264,0.0011695906432748204,0,0,U,s20-29
worst_acc,wine,pre_mass_off (L=5),0.8906432748538012,0.0,0,1,U,s20-29
worst_acc,wine,SC-FFCM (L=5),0.8616959064327485,0.02894736842105272,0,0,U,s20-29
worst_acc,wine,"SC-FFCM (L=1, R=50)",0.8616959064327485,0.02894736842105272,0,0,U,s20-29
worst_acc,satimage,"F-FCM (post_none_off, L=5)",0.5198789142804465,0.09259281699396749,0,0,U,s20-29
worst_acc,satimage,GF-PFedFCM (L=5),0.49572080382799893,0.11675092744641508,0,0,U,s20-29
worst_acc,satimage,ungated PRE (L=1),0.5598070702315802,0.05266466104283385,0,0,U,s20-29
worst_acc,satimage,pre_mass_off (L=1),0.48505623138738496,0.12741549988702905,0,0,U,s20-29
worst_acc,satimage,pre_mass_off (L=5),0.4795856826029855,0.1328860486714285,0,0,U,s20-29
worst_acc,satimage,SC-FFCM (L=5),0.6109569607007853,0.0015147705736286987,0,0,U,s20-29
worst_acc,satimage,"SC-FFCM (L=1, R=50)",0.612471731274414,0.0,0,1,U,s20-29
worst_acc,pendigits,"F-FCM (post_none_off, L=5)",0.4313897155100583,0.17377633615045834,0,0,U,s20-29
worst_acc,pendigits,GF-PFedFCM (L=5),0.49588240628950064,0.10928364537101598,0,0,U,s20-29
worst_acc,pendigits,ungated PRE (L=1),0.6051660516605166,0.0,0,1,U,s20-29
worst_acc,pendigits,pre_mass_off (L=1),0.582090652473345,0.023075399187171608,0,0,U,s20-29
worst_acc,pendigits,pre_mass_off (L=5),0.5199143125651875,0.08525173909532913,0,0,U,s20-29
worst_acc,pendigits,SC-FFCM (L=5),0.5663284132841329,0.038837638376383765,0,0,U,s20-29
worst_acc,pendigits,"SC-FFCM (L=1, R=50)",0.5759580492118286,0.029208002448688042,0,0,U,s20-29
worst_acc,digits_pca16,"F-FCM (post_none_off, L=5)",0.30817223992557335,0.23533614904891736,0,0,U,s20-29
worst_acc,digits_pca16,GF-PFedFCM (L=5),0.4355555555555556,0.10795283341893513,0,0,U,s20-29
worst_acc,digits_pca16,ungated PRE (L=1),0.5293314500941619,0.014176938880328782,0,0,U,s20-29
worst_acc,digits_pca16,pre_mass_off (L=1),0.5434613633315525,4.702564293823652e-05,0,0,U,s20-29
worst_acc,digits_pca16,pre_mass_off (L=5),0.439919420665277,0.10358896830921371,0,0,U,s20-29
worst_acc,digits_pca16,SC-FFCM (L=5),0.5407062146892656,0.002802174285225112,0,0,U,s20-29
worst_acc,digits_pca16,"SC-FFCM (L=1, R=50)",0.5435083889744907,0.0,0,1,U,s20-29
worst_acc,digits_pca32,"F-FCM (post_none_off, L=5)",0.29910775408321627,0.26609013653840313,0,0,U,s20-29
worst_acc,digits_pca32,GF-PFedFCM (L=5),0.41430501838323075,0.15089287223838865,0,0,U,s20-29
worst_acc,digits_pca32,ungated PRE (L=1),0.5530790960451978,0.012118794576421621,0,0,U,s20-29
worst_acc,digits_pca32,pre_mass_off (L=1),0.5374479969183359,0.027749893703283512,0,0,U,s20-29
worst_acc,digits_pca32,pre_mass_off (L=5),0.47358757062146895,0.09161032000015046,0,0,U,s20-29
worst_acc,digits_pca32,SC-FFCM (L=5),0.5651978906216194,0.0,0,1,U,s20-29
worst_acc,digits_pca32,"SC-FFCM (L=1, R=50)",0.5429566854990584,0.022241205122561003,0,0,U,s20-29
worst_acc,letter,"F-FCM (post_none_off, L=5)",0.2201070994765823,0.011724096000150341,0,0,U,s20-29
worst_acc,letter,GF-PFedFCM (L=5),0.21462378640776697,0.017207409068965673,0,0,U,s20-29
worst_acc,letter,ungated PRE (L=1),0.18652912621359224,0.0453020692631404,0,0,U,s20-29
worst_acc,letter,pre_mass_off (L=1),0.20770631067961162,0.02412488479712102,0,0,U,s20-29
worst_acc,letter,pre_mass_off (L=5),0.23183119547673264,0.0,0,1,U,s20-29
worst_acc,letter,SC-FFCM (L=5),0.19811556718051793,0.03371562829621472,0,0,U,s20-29
worst_acc,letter,"SC-FFCM (L=1, R=50)",0.19733009708737864,0.034501098389354,0,0,U,s20-29
worst_acc,mnist784_pca32 (20c),"F-FCM (post_none_off, L=5)",0.32577798209191344,0.19100349263977,0,0,U,s20-29
worst_acc,mnist784_pca32 (20c),GF-PFedFCM (L=5),0.3873680649936889,0.12941340973799453,0,0,U,s20-29
worst_acc,mnist784_pca32 (20c),ungated PRE (L=1),0.4339871973716464,0.08279427736003703,0,0,U,s20-29
worst_acc,mnist784_pca32 (20c),pre_mass_off (L=1),0.5167814747316835,0.0,0,1,U,s20-29
worst_acc,mnist784_pca32 (20c),pre_mass_off (L=5),0.4374572475388935,0.07932422719278998,0,0,U,s20-29
worst_acc,mnist784_pca32 (20c),SC-FFCM (L=5),0.4457370908224603,0.07104438390922313,0,0,U,s20-29
worst_acc,mnist784_pca32 (20c),"SC-FFCM (L=1, R=50)",0.459211503994449,0.057569970737234466,0,0,U,s20-29
worst_acc,mnist784_pca32 (50c),"F-FCM (post_none_off, L=5)",0.32549719685394074,0.16111369075578164,0,0,U,s20-29
worst_acc,mnist784_pca32 (50c),GF-PFedFCM (L=5),0.3816236473652146,0.10498724024450778,0,0,U,s20-29
worst_acc,mnist784_pca32 (50c),ungated PRE (L=1),0.43765467966027066,0.04895620794945171,0,0,U,s20-29
worst_acc,mnist784_pca32 (50c),pre_mass_off (L=1),0.4866108876097224,0.0,0,1,U,s20-29
worst_acc,mnist784_pca32 (50c),pre_mass_off (L=5),0.462331742239798,0.02427914536992437,0,0,U,s20-29
worst_acc,mnist784_pca32 (50c),SC-FFCM (L=5),0.45163700167734316,0.03497388593237921,0,0,U,s20-29
worst_acc,mnist784_pca32 (50c),"SC-FFCM (L=1, R=50)",0.4442280623570653,0.042382825252657075,0,0,U,s20-29
gacc,cluster_skew_hard,"F-FCM (post_none_off, L=5)",0.7790530303030303,0.2209469696969697,0,0,U,s20-29
gacc,cluster_skew_hard,GF-PFedFCM (L=5),1.0,0.0,0,1,U,s20-29
gacc,cluster_skew_hard,ungated PRE (L=1),1.0,0.0,0,1,U,s20-29
gacc,cluster_skew_hard,pre_mass_off (L=1),1.0,0.0,0,1,U,s20-29
gacc,cluster_skew_hard,pre_mass_off (L=5),0.9268560606060605,0.07314393939393948,0,0,U,s20-29
gacc,cluster_skew_hard,SC-FFCM (L=5),1.0,0.0,0,1,U,s20-29
gacc,cluster_skew_hard,"SC-FFCM (L=1, R=50)",1.0,0.0,0,1,U,s20-29
gacc,cluster_skew_overlap,"F-FCM (post_none_off, L=5)",0.7160984848484848,0.15234848484848496,0,0,U,s20-29
gacc,cluster_skew_overlap,GF-PFedFCM (L=5),0.815909090909091,0.052537878787878745,0,0,U,s20-29
gacc,cluster_skew_overlap,ungated PRE (L=1),0.8684469696969698,0.0,0,1,U,s20-29
gacc,cluster_skew_overlap,pre_mass_off (L=1),0.8683712121212122,7.575757575761788e-05,0,0,U,s20-29
gacc,cluster_skew_overlap,pre_mass_off (L=5),0.8662878787878787,0.002159090909091055,0,0,U,s20-29
gacc,cluster_skew_overlap,SC-FFCM (L=5),0.8684469696969698,0.0,0,1,U,s20-29
gacc,cluster_skew_overlap,"SC-FFCM (L=1, R=50)",0.8684469696969698,0.0,0,1,U,s20-29
gacc,dirichlet_0.03,"F-FCM (post_none_off, L=5)",0.8025757575757575,0.17886363636363645,0,0,U,s20-29
gacc,dirichlet_0.03,GF-PFedFCM (L=5),0.9780681818181819,0.0033712121212120527,0,0,U,s20-29
gacc,dirichlet_0.03,ungated PRE (L=1),0.981439393939394,0.0,0,1,U,s20-29
gacc,dirichlet_0.03,pre_mass_off (L=1),0.9778030303030303,0.0036363636363636598,0,0,U,s20-29
gacc,dirichlet_0.03,pre_mass_off (L=5),0.9031060606060606,0.07833333333333337,0,0,U,s20-29
gacc,dirichlet_0.03,SC-FFCM (L=5),0.9813636363636364,7.575757575750686e-05,0,0,U,s20-29
gacc,dirichlet_0.03,"SC-FFCM (L=1, R=50)",0.9813636363636364,7.575757575750686e-05,0,0,U,s20-29
gacc,dirichlet_0.1,"F-FCM (post_none_off, L=5)",0.8649242424242425,0.13507575757575752,0,0,U,s20-29
gacc,dirichlet_0.1,GF-PFedFCM (L=5),0.9182575757575758,0.08174242424242417,0,0,U,s20-29
gacc,dirichlet_0.1,ungated PRE (L=1),1.0,0.0,0,1,U,s20-29
gacc,dirichlet_0.1,pre_mass_off (L=1),0.9749621212121212,0.025037878787878776,0,0,U,s20-29
gacc,dirichlet_0.1,pre_mass_off (L=5),0.9579924242424243,0.042007575757575744,0,0,U,s20-29
gacc,dirichlet_0.1,SC-FFCM (L=5),1.0,0.0,0,1,U,s20-29
gacc,dirichlet_0.1,"SC-FFCM (L=1, R=50)",1.0,0.0,0,1,U,s20-29
gacc,overlap_noise,"F-FCM (post_none_off, L=5)",0.8343939393939394,0.06973484848484846,0,0,U,s20-29
gacc,overlap_noise,GF-PFedFCM (L=5),0.8903787878787878,0.01375000000000004,0,0,U,s20-29
gacc,overlap_noise,ungated PRE (L=1),0.9041287878787878,0.0,0,1,U,s20-29
gacc,overlap_noise,pre_mass_off (L=1),0.8808333333333334,0.023295454545454453,0,0,U,s20-29
gacc,overlap_noise,pre_mass_off (L=5),0.8462499999999998,0.057878787878787974,0,0,U,s20-29
gacc,overlap_noise,SC-FFCM (L=5),0.9041287878787878,0.0,0,1,U,s20-29
gacc,overlap_noise,"SC-FFCM (L=1, R=50)",0.9041287878787878,0.0,0,1,U,s20-29
gacc,quantity_skew_extreme,"F-FCM (post_none_off, L=5)",0.8128512551517423,0.18714874484825772,0,0,U,s20-29
gacc,quantity_skew_extreme,GF-PFedFCM (L=5),0.7550018733608093,0.24499812663919074,0,0,U,s20-29
gacc,quantity_skew_extreme,ungated PRE (L=1),0.9011989509179468,0.09880104908205323,0,0,U,s20-29
gacc,quantity_skew_extreme,pre_mass_off (L=1),0.9089921318846012,0.09100786811539885,0,0,U,s20-29
gacc,quantity_skew_extreme,pre_mass_off (L=5),0.8128137879355564,0.18718621206444364,0,0,U,s20-29
gacc,quantity_skew_extreme,SC-FFCM (L=5),1.0,0.0,0,1,U,s20-29
gacc,quantity_skew_extreme,"SC-FFCM (L=1, R=50)",1.0,0.0,0,1,U,s20-29
gacc,wine,"F-FCM (post_none_off, L=5)",0.9185393258426966,0.050000000000000044,0,0,U,s20-29
gacc,wine,GF-PFedFCM (L=5),0.907303370786517,0.061235955056179625,0,0,U,s20-29
gacc,wine,ungated PRE (L=1),0.9623595505617978,0.006179775280898858,0,0,U,s20-29
gacc,wine,pre_mass_off (L=1),0.9685393258426966,0.0,0,1,U,s20-29
gacc,wine,pre_mass_off (L=5),0.9679775280898877,0.0005617977528089568,0,0,U,s20-29
gacc,wine,SC-FFCM (L=5),0.9601123595505617,0.008426966292134908,0,0,U,s20-29
gacc,wine,"SC-FFCM (L=1, R=50)",0.9595505617977528,0.008988764044943864,0,0,U,s20-29
gacc,satimage,"F-FCM (post_none_off, L=5)",0.6646967340590979,0.03986003110419922,0,0,U,s20-29
gacc,satimage,GF-PFedFCM (L=5),0.6123794712286158,0.09217729393468133,0,0,U,s20-29
gacc,satimage,ungated PRE (L=1),0.6815241057542769,0.023032659409020217,0,0,U,s20-29
gacc,satimage,pre_mass_off (L=1),0.6455209953343701,0.059035769828927,0,0,U,s20-29
gacc,satimage,pre_mass_off (L=5),0.6193157076205289,0.08524105754276823,0,0,U,s20-29
gacc,satimage,SC-FFCM (L=5),0.7045567651632971,0.0,0,1,U,s20-29
gacc,satimage,"SC-FFCM (L=1, R=50)",0.7042301710730949,0.00032659409020219243,0,0,U,s20-29
gacc,pendigits,"F-FCM (post_none_off, L=5)",0.48755458515283845,0.26569323144104795,0,0,U,s20-29
gacc,pendigits,GF-PFedFCM (L=5),0.583924672489083,0.16932314410480342,0,0,U,s20-29
gacc,pendigits,ungated PRE (L=1),0.7532478165938864,0.0,0,1,U,s20-29
gacc,pendigits,pre_mass_off (L=1),0.7139192139737991,0.039328602620087305,0,0,U,s20-29
gacc,pendigits,pre_mass_off (L=5),0.6055312954876274,0.147716521106259,0,0,U,s20-29
gacc,pendigits,SC-FFCM (L=5),0.7368267831149927,0.016421033478893676,0,0,U,s20-29
gacc,pendigits,"SC-FFCM (L=1, R=50)",0.7105440320232896,0.04270378457059676,0,0,U,s20-29
gacc,digits_pca16,"F-FCM (post_none_off, L=5)",0.359654980523094,0.3588759042849194,0,0,U,s20-29
gacc,digits_pca16,GF-PFedFCM (L=5),0.5323873121869782,0.1861435726210352,0,0,U,s20-29
gacc,digits_pca16,ungated PRE (L=1),0.7152476349471341,0.003283249860879356,0,0,U,s20-29
gacc,digits_pca16,pre_mass_off (L=1),0.68519755147468,0.03333333333333344,0,0,U,s20-29
gacc,digits_pca16,pre_mass_off (L=5),0.5986087924318307,0.11992209237618268,0,0,U,s20-29
gacc,digits_pca16,SC-FFCM (L=5),0.7051752921535892,0.013355592654424209,0,0,U,s20-29
gacc,digits_pca16,"SC-FFCM (L=1, R=50)",0.7185308848080134,0.0,0,1,U,s20-29
gacc,digits_pca32,"F-FCM (post_none_off, L=5)",0.3183639398998331,0.4035614913745131,0,0,U,s20-29
gacc,digits_pca32,GF-PFedFCM (L=5),0.46816917084028936,0.2537562604340568,0,0,U,s20-29
gacc,digits_pca32,ungated PRE (L=1),0.6777406789092932,0.044184752365052926,0,0,U,s20-29
gacc,digits_pca32,pre_mass_off (L=1),0.7219254312743462,0.0,0,1,U,s20-29
gacc,digits_pca32,pre_mass_off (L=5),0.5617696160267112,0.160155815247635,0,0,U,s20-29
gacc,digits_pca32,SC-FFCM (L=5),0.6629938786867001,0.05893155258764604,0,0,U,s20-29
gacc,digits_pca32,"SC-FFCM (L=1, R=50)",0.6739565943238731,0.04796883695047305,0,0,U,s20-29
gacc,letter,"F-FCM (post_none_off, L=5)",0.21635,0.08591500000000002,0,0,U,s20-29
gacc,letter,GF-PFedFCM (L=5),0.23867,0.06359500000000001,0,0,U,s20-29
gacc,letter,ungated PRE (L=1),0.26718000000000003,0.03508499999999998,0,0,U,s20-29
gacc,letter,pre_mass_off (L=1),0.302265,0.0,0,1,U,s20-29
gacc,letter,pre_mass_off (L=5),0.26057499999999995,0.04169000000000006,0,0,U,s20-29
gacc,letter,SC-FFCM (L=5),0.26,0.042265,0,0,U,s20-29
gacc,letter,"SC-FFCM (L=1, R=50)",0.25803499999999996,0.04423000000000005,0,0,U,s20-29
gacc,mnist784_pca32 (20c),"F-FCM (post_none_off, L=5)",0.3427114285714286,0.1913671428571428,0,0,U,s20-29
gacc,mnist784_pca32 (20c),GF-PFedFCM (L=5),0.37002857142857143,0.16404999999999997,0,0,U,s20-29
gacc,mnist784_pca32 (20c),ungated PRE (L=1),0.45715428571428574,0.07692428571428567,0,0,U,s20-29
gacc,mnist784_pca32 (20c),pre_mass_off (L=1),0.5340785714285714,0.0,0,1,U,s20-29
gacc,mnist784_pca32 (20c),pre_mass_off (L=5),0.39855999999999997,0.13551857142857143,0,0,U,s20-29
gacc,mnist784_pca32 (20c),SC-FFCM (L=5),0.46672714285714284,0.06735142857142856,0,0,U,s20-29
gacc,mnist784_pca32 (20c),"SC-FFCM (L=1, R=50)",0.47541857142857147,0.058659999999999934,0,0,U,s20-29
gacc,mnist784_pca32 (50c),"F-FCM (post_none_off, L=5)",0.3358428571428571,0.18484714285714288,0,0,U,s20-29
gacc,mnist784_pca32 (50c),GF-PFedFCM (L=5),0.3546442857142857,0.1660457142857143,0,0,U,s20-29
gacc,mnist784_pca32 (50c),ungated PRE (L=1),0.4643085714285714,0.05638142857142858,0,0,U,s20-29
gacc,mnist784_pca32 (50c),pre_mass_off (L=1),0.52069,0.0,0,1,U,s20-29
gacc,mnist784_pca32 (50c),pre_mass_off (L=5),0.4067071428571428,0.11398285714285716,0,0,U,s20-29
gacc,mnist784_pca32 (50c),SC-FFCM (L=5),0.46886,0.05182999999999999,0,0,U,s20-29
gacc,mnist784_pca32 (50c),"SC-FFCM (L=1, R=50)",0.47030428571428573,0.050385714285714256,0,0,U,s20-29
fcm_obj,cluster_skew_hard,"F-FCM (post_none_off, L=5)",8.503250950413475,7.2243403117659675,0,0,U,s20-29
fcm_obj,cluster_skew_hard,GF-PFedFCM (L=5),1.2910952189896967,0.2487466873300906,0,0,U,s20-29
fcm_obj,cluster_skew_hard,ungated PRE (L=1),1.0339128280309628,1.5907379656121931e-12,0,0,U,s20-29
fcm_obj,cluster_skew_hard,pre_mass_off (L=1),1.0341002817820981,0.00018130518134420326,0,0,U,s20-29
fcm_obj,cluster_skew_hard,pre_mass_off (L=5),2.525138322815765,1.4423125957618554,0,0,U,s20-29
fcm_obj,cluster_skew_hard,SC-FFCM (L=5),1.0339128280402836,1.0605778816496901e-11,0,0,U,s20-29
fcm_obj,cluster_skew_hard,"SC-FFCM (L=1, R=50)",1.0339128280293182,0.0,0,1,U,s20-29
fcm_obj,cluster_skew_overlap,"F-FCM (post_none_off, L=5)",2.830528039303473,0.343819920244938,0,0,U,s20-29
fcm_obj,cluster_skew_overlap,GF-PFedFCM (L=5),2.3428805879797983,0.11230468702835253,0,0,U,s20-29
fcm_obj,cluster_skew_overlap,ungated PRE (L=1),2.1063298726764925,7.794240173787798e-10,0,0,U,s20-29
fcm_obj,cluster_skew_overlap,pre_mass_off (L=1),2.13912643797089,0.015570479907788417,0,0,U,s20-29
fcm_obj,cluster_skew_overlap,pre_mass_off (L=5),2.574008149012664,0.22203467956713788,0,0,U,s20-29
fcm_obj,cluster_skew_overlap,SC-FFCM (L=5),2.1063298710761287,1.9636168640131706e-11,0,0,U,s20-29
fcm_obj,cluster_skew_overlap,"SC-FFCM (L=1, R=50)",2.1063298710347684,0.0,0,1,U,s20-29
fcm_obj,dirichlet_0.03,"F-FCM (post_none_off, L=5)",9.202815877686424,7.717112039936603,0,0,U,s20-29
fcm_obj,dirichlet_0.03,GF-PFedFCM (L=5),1.353852388594373,0.2823991171580263,0,0,U,s20-29
fcm_obj,dirichlet_0.03,ungated PRE (L=1),1.0557184346747657,0.0,0,1,U,s20-29
fcm_obj,dirichlet_0.03,pre_mass_off (L=1),1.0562636286863443,0.0005164199029512595,0,0,U,s20-29
fcm_obj,dirichlet_0.03,pre_mass_off (L=5),2.1109046770349877,0.9994958955938782,0,0,U,s20-29
fcm_obj,dirichlet_0.03,SC-FFCM (L=5),1.0558089206405448,8.57103208650257e-05,0,0,U,s20-29
fcm_obj,dirichlet_0.03,"SC-FFCM (L=1, R=50)",1.055809430231467,8.61930167291776e-05,0,0,U,s20-29
fcm_obj,dirichlet_0.1,"F-FCM (post_none_off, L=5)",7.26184235864279,5.982558174237135,0,0,U,s20-29
fcm_obj,dirichlet_0.1,GF-PFedFCM (L=5),1.8942506344604968,0.8213993912941456,0,0,U,s20-29
fcm_obj,dirichlet_0.1,ungated PRE (L=1),1.039997401731088,0.0,0,1,U,s20-29
fcm_obj,dirichlet_0.1,pre_mass_off (L=1),1.1885790873780728,0.14286736236039518,0,0,U,s20-29
fcm_obj,dirichlet_0.1,pre_mass_off (L=5),1.4278764216711775,0.37296152787926223,0,0,U,s20-29
fcm_obj,dirichlet_0.1,SC-FFCM (L=5),1.0399974017481095,1.6366863317168456e-11,0,0,U,s20-29
fcm_obj,dirichlet_0.1,"SC-FFCM (L=1, R=50)",1.041138405861021,0.0010971220966837839,0,0,U,s20-29
fcm_obj,overlap_noise,"F-FCM (post_none_off, L=5)",2.7105895532718436,0.1550681182914173,0,0,U,s20-29
fcm_obj,overlap_noise,GF-PFedFCM (L=5),2.397477173619156,0.021641009512581622,0,0,U,s20-29
fcm_obj,overlap_noise,ungated PRE (L=1),2.346692381482847,6.033175976123887e-12,0,0,U,s20-29
fcm_obj,overlap_noise,pre_mass_off (L=1),2.4160453355820986,0.029553491825803167,0,0,U,s20-29
fcm_obj,overlap_noise,pre_mass_off (L=5),2.5604832325745694,0.09110305756056458,0,0,U,s20-29
fcm_obj,overlap_noise,SC-FFCM (L=5),2.346692381468689,0.0,0,1,U,s20-29
fcm_obj,overlap_noise,"SC-FFCM (L=1, R=50)",2.346692381469854,4.963777982300729e-13,0,0,U,s20-29
fcm_obj,quantity_skew_extreme,"F-FCM (post_none_off, L=5)",3.513575987051334,2.364993451597747,0,0,U,s20-29
fcm_obj,quantity_skew_extreme,GF-PFedFCM (L=5),2.399958224918494,1.298468494980893,0,0,U,s20-29
fcm_obj,quantity_skew_extreme,ungated PRE (L=1),1.5155673020384883,0.45147680471686574,0,0,U,s20-29
fcm_obj,quantity_skew_extreme,pre_mass_off (L=1),1.6613629003475783,0.5911069807511646,0,0,U,s20-29
fcm_obj,quantity_skew_extreme,pre_mass_off (L=5),2.7794315895569457,1.661894643090408,0,0,U,s20-29
fcm_obj,quantity_skew_extreme,SC-FFCM (L=5),1.0441605579747204,4.967289824989829e-06,0,0,U,s20-29
fcm_obj,quantity_skew_extreme,"SC-FFCM (L=1, R=50)",1.0441553713523686,0.0,0,1,U,s20-29
fcm_obj,wine,"F-FCM (post_none_off, L=5)",4.102374909524868,0.06905160315655659,0,0,U,s20-29
fcm_obj,wine,GF-PFedFCM (L=5),3.8373965273630466,0.0,0,1,U,s20-29
fcm_obj,wine,ungated PRE (L=1),4.052346048666489,0.05601441492186616,0,0,U,s20-29
fcm_obj,wine,pre_mass_off (L=1),4.079620866827328,0.06312205104087372,0,0,U,s20-29
fcm_obj,wine,pre_mass_off (L=5),4.111194021793165,0.07134980512901656,0,0,U,s20-29
fcm_obj,wine,SC-FFCM (L=5),4.06217194979767,0.0585749793725599,0,0,U,s20-29
fcm_obj,wine,"SC-FFCM (L=1, R=50)",4.06375301091977,0.05898699338018881,0,0,U,s20-29
fcm_obj,satimage,"F-FCM (post_none_off, L=5)",4.196505547697537,0.1259374490435528,0,0,U,s20-29
fcm_obj,satimage,GF-PFedFCM (L=5),3.825152149460095,0.02630200399224646,0,0,U,s20-29
fcm_obj,satimage,ungated PRE (L=1),3.7271213878376033,0.0,0,1,U,s20-29
fcm_obj,satimage,pre_mass_off (L=1),3.7713124338010515,0.011856615700162896,0,0,U,s20-29
fcm_obj,satimage,pre_mass_off (L=5),3.9275491869867523,0.05377549542743306,0,0,U,s20-29
fcm_obj,satimage,SC-FFCM (L=5),3.73031709555561,0.0008574198115561735,0,0,U,s20-29
fcm_obj,satimage,"SC-FFCM (L=1, R=50)",3.7450465101549035,0.004809374434595497,0,0,U,s20-29
fcm_obj,pendigits,"F-FCM (post_none_off, L=5)",4.444229765532613,0.1474335485767162,0,0,U,s20-29
fcm_obj,pendigits,GF-PFedFCM (L=5),4.114488962735606,0.06229941298402995,0,0,U,s20-29
fcm_obj,pendigits,ungated PRE (L=1),3.8731914114288046,0.0,0,1,U,s20-29
fcm_obj,pendigits,pre_mass_off (L=1),3.9956885218964047,0.03162691885202011,0,0,U,s20-29
fcm_obj,pendigits,pre_mass_off (L=5),4.410464510687269,0.13871586559680668,0,0,U,s20-29
fcm_obj,pendigits,SC-FFCM (L=5),3.8822768120324014,0.002345714331800912,0,0,U,s20-29
fcm_obj,pendigits,"SC-FFCM (L=1, R=50)",3.90217619834105,0.0074834377734905476,0,0,U,s20-29
fcm_obj,digits_pca16,"F-FCM (post_none_off, L=5)",8.26407451749945,0.06834946816557282,0,0,U,s20-29
fcm_obj,digits_pca16,GF-PFedFCM (L=5),7.737969072799332,0.0003364715675637993,0,0,U,s20-29
fcm_obj,digits_pca16,ungated PRE (L=1),7.735366341960573,0.0,0,1,U,s20-29
fcm_obj,digits_pca16,pre_mass_off (L=1),7.940405341719924,0.026506695442091062,0,0,U,s20-29
fcm_obj,digits_pca16,pre_mass_off (L=5),8.345702602998182,0.07890204989088032,0,0,U,s20-29
fcm_obj,digits_pca16,SC-FFCM (L=5),7.749672574130189,0.00184945761288797,0,0,U,s20-29
fcm_obj,digits_pca16,"SC-FFCM (L=1, R=50)",7.7506633959122455,0.0019775474457743233,0,0,U,s20-29
fcm_obj,digits_pca32,"F-FCM (post_none_off, L=5)",25.156167171435975,0.06807758410043536,0,0,U,s20-29
fcm_obj,digits_pca32,GF-PFedFCM (L=5),23.552752670699665,0.0,0,1,U,s20-29
fcm_obj,digits_pca32,ungated PRE (L=1),23.891371247677828,0.01437702767538569,0,0,U,s20-29
fcm_obj,digits_pca32,pre_mass_off (L=1),24.170258065933993,0.026217971371241194,0,0,U,s20-29
fcm_obj,digits_pca32,pre_mass_off (L=5),24.966575602284504,0.06002792757823495,0,0,U,s20-29
fcm_obj,digits_pca32,SC-FFCM (L=5),23.954348335419144,0.01705090145234179,0,0,U,s20-29
fcm_obj,digits_pca32,"SC-FFCM (L=1, R=50)",23.9108048550872,0.015202137490831932,0,0,U,s20-29
fcm_obj,letter,"F-FCM (post_none_off, L=5)",5.163732475834421,0.07905102236596723,0,0,U,s20-29
fcm_obj,letter,GF-PFedFCM (L=5),4.785438657490199,0.0,0,1,U,s20-29
fcm_obj,letter,ungated PRE (L=1),4.925021871678839,0.029168321689833725,0,0,U,s20-29
fcm_obj,letter,pre_mass_off (L=1),5.067022471008228,0.05884179772679598,0,0,U,s20-29
fcm_obj,letter,pre_mass_off (L=5),5.282359413048127,0.10384016829473805,0,0,U,s20-29
fcm_obj,letter,SC-FFCM (L=5),4.9282481463902155,0.02984250747347683,0,0,U,s20-29
fcm_obj,letter,"SC-FFCM (L=1, R=50)",4.932988818535096,0.030833152738035816,0,0,U,s20-29
fcm_obj,mnist784_pca32 (20c),"F-FCM (post_none_off, L=5)",24.996978053365552,0.06351610538398969,0,0,U,s20-29
fcm_obj,mnist784_pca32 (20c),GF-PFedFCM (L=5),23.50408980815596,0.0,0,1,U,s20-29
fcm_obj,mnist784_pca32 (20c),ungated PRE (L=1),24.365501751855877,0.03664944912697727,0,0,U,s20-29
fcm_obj,mnist784_pca32 (20c),pre_mass_off (L=1),24.57953387442234,0.045755614237535686,0,0,U,s20-29
fcm_obj,mnist784_pca32 (20c),pre_mass_off (L=5),24.98156703184179,0.06286043134387377,0,0,U,s20-29
fcm_obj,mnist784_pca32 (20c),SC-FFCM (L=5),24.354640305314327,0.0361873403352647,0,0,U,s20-29
fcm_obj,mnist784_pca32 (20c),"SC-FFCM (L=1, R=50)",24.40047221870536,0.03813729516291899,0,0,U,s20-29
fcm_obj,mnist784_pca32 (50c),"F-FCM (post_none_off, L=5)",24.995711298877712,0.06688349770904835,0,0,U,s20-29
fcm_obj,mnist784_pca32 (50c),GF-PFedFCM (L=5),23.42871677418553,0.0,0,1,U,s20-29
fcm_obj,mnist784_pca32 (50c),ungated PRE (L=1),24.368839073455014,0.040126922371836335,0,0,U,s20-29
fcm_obj,mnist784_pca32 (50c),pre_mass_off (L=1),24.648924743820032,0.05208172438103665,0,0,U,s20-29
fcm_obj,mnist784_pca32 (50c),pre_mass_off (L=5),24.993007129262338,0.06676807655126846,0,0,U,s20-29
fcm_obj,mnist784_pca32 (50c),SC-FFCM (L=5),24.40570218332739,0.041700338032099535,0,0,U,s20-29
fcm_obj,mnist784_pca32 (50c),"SC-FFCM (L=1, R=50)",24.53508717222268,0.04722283378559522,0,0,U,s20-29
upload_numbers,cluster_skew_hard,"F-FCM (post_none_off, L=5)",4852.8,1.093167701863354,0,0,U,s20-29
upload_numbers,cluster_skew_hard,GF-PFedFCM (L=5),4896.0,1.1118012422360248,0,0,U,s20-29
upload_numbers,cluster_skew_hard,ungated PRE (L=1),2318.4,0.0,0,1,U,s20-29
upload_numbers,cluster_skew_hard,pre_mass_off (L=1),2606.4,0.12422360248447205,0,0,U,s20-29
upload_numbers,cluster_skew_hard,pre_mass_off (L=5),4521.6,0.9503105590062113,0,0,U,s20-29
upload_numbers,cluster_skew_hard,SC-FFCM (L=5),4128.0,0.7805383022774326,0,0,U,s20-29
upload_numbers,cluster_skew_hard,"SC-FFCM (L=1, R=50)",3552.0,0.5320910973084886,0,0,U,s20-29
upload_numbers,cluster_skew_overlap,"F-FCM (post_none_off, L=5)",7056.0,0.7818181818181819,0,0,U,s20-29
upload_numbers,cluster_skew_overlap,GF-PFedFCM (L=5),4046.4,0.02181818181818184,0,0,U,s20-29
upload_numbers,cluster_skew_overlap,ungated PRE (L=1),6984.0,0.7636363636363637,0,0,U,s20-29
upload_numbers,cluster_skew_overlap,pre_mass_off (L=1),4550.4,0.149090909090909,0,0,U,s20-29
upload_numbers,cluster_skew_overlap,pre_mass_off (L=5),3960.0,0.0,0,1,U,s20-29
upload_numbers,cluster_skew_overlap,SC-FFCM (L=5),8697.6,1.1963636363636365,0,0,U,s20-29
upload_numbers,cluster_skew_overlap,"SC-FFCM (L=1, R=50)",6720.0,0.696969696969697,0,0,U,s20-29
upload_numbers,dirichlet_0.03,"F-FCM (post_none_off, L=5)",5860.8,0.9757281553398058,0,0,U,s20-29
upload_numbers,dirichlet_0.03,GF-PFedFCM (L=5),5976.0,1.0145631067961165,0,0,U,s20-29
upload_numbers,dirichlet_0.03,ungated PRE (L=1),2966.4,0.0,0,1,U,s20-29
upload_numbers,dirichlet_0.03,pre_mass_off (L=1),3283.2,0.10679611650485428,0,0,U,s20-29
upload_numbers,dirichlet_0.03,pre_mass_off (L=5),6336.0,1.1359223300970873,0,0,U,s20-29
upload_numbers,dirichlet_0.03,SC-FFCM (L=5),6681.6,1.2524271844660195,0,0,U,s20-29
upload_numbers,dirichlet_0.03,"SC-FFCM (L=1, R=50)",6912.0,1.3300970873786406,0,0,U,s20-29
upload_numbers,dirichlet_0.1,"F-FCM (post_none_off, L=5)",4968.0,1.078313253012048,0,0,U,s20-29
upload_numbers,dirichlet_0.1,GF-PFedFCM (L=5),5126.4,1.1445783132530118,0,0,U,s20-29
upload_numbers,dirichlet_0.1,ungated PRE (L=1),2390.4,0.0,0,1,U,s20-29
upload_numbers,dirichlet_0.1,pre_mass_off (L=1),3110.4,0.3012048192771084,0,0,U,s20-29
upload_numbers,dirichlet_0.1,pre_mass_off (L=5),5212.8,1.180722891566265,0,0,U,s20-29
upload_numbers,dirichlet_0.1,SC-FFCM (L=5),5875.2,1.4578313253012047,0,0,U,s20-29
upload_numbers,dirichlet_0.1,"SC-FFCM (L=1, R=50)",7008.0,1.9317269076305221,0,0,U,s20-29
upload_numbers,overlap_noise,"F-FCM (post_none_off, L=5)",5500.8,0.7285067873303167,0,0,U,s20-29
upload_numbers,overlap_noise,GF-PFedFCM (L=5),3182.4,0.0,0,1,U,s20-29
upload_numbers,overlap_noise,ungated PRE (L=1),4492.8,0.411764705882353,0,0,U,s20-29
upload_numbers,overlap_noise,pre_mass_off (L=1),4104.0,0.28959276018099545,0,0,U,s20-29
upload_numbers,overlap_noise,pre_mass_off (L=5),3556.8,0.11764705882352944,0,0,U,s20-29
upload_numbers,overlap_noise,SC-FFCM (L=5),4032.0,0.26696832579185514,0,0,U,s20-29
upload_numbers,overlap_noise,"SC-FFCM (L=1, R=50)",4339.2,0.36349924585218696,0,0,U,s20-29
upload_numbers,quantity_skew_extreme,"F-FCM (post_none_off, L=5)",5371.2,0.3970037453183519,0,0,U,s20-29
upload_numbers,quantity_skew_extreme,GF-PFedFCM (L=5),5198.4,0.3520599250936328,0,0,U,s20-29
upload_numbers,quantity_skew_extreme,ungated PRE (L=1),4132.8,0.0749063670411985,0,0,U,s20-29
upload_numbers,quantity_skew_extreme,pre_mass_off (L=1),3844.8,0.0,0,1,U,s20-29
upload_numbers,quantity_skew_extreme,pre_mass_off (L=5),4680.0,0.2172284644194756,0,0,U,s20-29
upload_numbers,quantity_skew_extreme,SC-FFCM (L=5),8659.2,1.2521847690387018,0,0,U,s20-29
upload_numbers,quantity_skew_extreme,"SC-FFCM (L=1, R=50)",5721.6,0.48813982521847693,0,0,U,s20-29
upload_numbers,wine,"F-FCM (post_none_off, L=5)",15750.0,0.524390243902439,0,0,U,s20-29
upload_numbers,wine,GF-PFedFCM (L=5),11340.0,0.0975609756097561,0,0,U,s20-29
upload_numbers,wine,ungated PRE (L=1),15078.0,0.45934959349593496,0,0,U,s20-29
upload_numbers,wine,pre_mass_off (L=1),11298.0,0.09349593495934959,0,0,U,s20-29
upload_numbers,wine,pre_mass_off (L=5),10332.0,0.0,0,1,U,s20-29
upload_numbers,wine,SC-FFCM (L=5),39000.0,2.7746806039488967,0,0,U,s20-29
upload_numbers,wine,"SC-FFCM (L=1, R=50)",39000.0,2.7746806039488967,0,0,U,s20-29
upload_numbers,satimage,"F-FCM (post_none_off, L=5)",97014.0,0.24857142857142858,0,0,U,s20-29
upload_numbers,satimage,GF-PFedFCM (L=5),81474.0,0.04857142857142857,0,0,U,s20-29
upload_numbers,satimage,ungated PRE (L=1),111000.0,0.42857142857142855,0,0,U,s20-29
upload_numbers,satimage,pre_mass_off (L=1),111000.0,0.42857142857142855,0,0,U,s20-29
upload_numbers,satimage,pre_mass_off (L=5),77700.0,0.0,0,1,U,s20-29
upload_numbers,satimage,SC-FFCM (L=5),216000.0,1.77992277992278,0,0,U,s20-29
upload_numbers,satimage,"SC-FFCM (L=1, R=50)",216000.0,1.77992277992278,0,0,U,s20-29
upload_numbers,pendigits,"F-FCM (post_none_off, L=5)",85000.0,0.26262626262626265,0,0,U,s20-29
upload_numbers,pendigits,GF-PFedFCM (L=5),72420.0,0.07575757575757576,0,0,U,s20-29
upload_numbers,pendigits,ungated PRE (L=1),85000.0,0.26262626262626265,0,0,U,s20-29
upload_numbers,pendigits,pre_mass_off (L=1),79900.0,0.18686868686868688,0,0,U,s20-29
upload_numbers,pendigits,pre_mass_off (L=5),67320.0,0.0,0,1,U,s20-29
upload_numbers,pendigits,SC-FFCM (L=5),150080.0,1.2293523469994059,0,0,U,s20-29
upload_numbers,pendigits,"SC-FFCM (L=1, R=50)",160000.0,1.3767082590612003,0,0,U,s20-29
upload_numbers,digits_pca16,"F-FCM (post_none_off, L=5)",85000.0,0.03734439834024896,0,0,U,s20-29
upload_numbers,digits_pca16,GF-PFedFCM (L=5),84660.0,0.03319502074688797,0,0,U,s20-29
upload_numbers,digits_pca16,ungated PRE (L=1),85000.0,0.03734439834024896,0,0,U,s20-29
upload_numbers,digits_pca16,pre_mass_off (L=1),85000.0,0.03734439834024896,0,0,U,s20-29
upload_numbers,digits_pca16,pre_mass_off (L=5),81940.0,0.0,0,1,U,s20-29
upload_numbers,digits_pca16,SC-FFCM (L=5),160000.0,0.9526482792287039,0,0,U,s20-29
upload_numbers,digits_pca16,"SC-FFCM (L=1, R=50)",160000.0,0.9526482792287039,0,0,U,s20-29
upload_numbers,digits_pca32,"F-FCM (post_none_off, L=5)",165000.0,0.0,0,1,U,s20-29
upload_numbers,digits_pca32,GF-PFedFCM (L=5),165000.0,0.0,0,1,U,s20-29
upload_numbers,digits_pca32,ungated PRE (L=1),165000.0,0.0,0,1,U,s20-29
upload_numbers,digits_pca32,pre_mass_off (L=1),165000.0,0.0,0,1,U,s20-29
upload_numbers,digits_pca32,pre_mass_off (L=5),165000.0,0.0,0,1,U,s20-29
upload_numbers,digits_pca32,SC-FFCM (L=5),320000.0,0.9393939393939394,0,0,U,s20-29
upload_numbers,digits_pca32,"SC-FFCM (L=1, R=50)",320000.0,0.9393939393939394,0,0,U,s20-29
upload_numbers,letter,"F-FCM (post_none_off, L=5)",221000.0,0.0,0,1,U,s20-29
upload_numbers,letter,GF-PFedFCM (L=5),221000.0,0.0,0,1,U,s20-29
upload_numbers,letter,ungated PRE (L=1),221000.0,0.0,0,1,U,s20-29
upload_numbers,letter,pre_mass_off (L=1),221000.0,0.0,0,1,U,s20-29
upload_numbers,letter,pre_mass_off (L=5),221000.0,0.0,0,1,U,s20-29
upload_numbers,letter,SC-FFCM (L=5),416000.0,0.8823529411764706,0,0,U,s20-29
upload_numbers,letter,"SC-FFCM (L=1, R=50)",416000.0,0.8823529411764706,0,0,U,s20-29
upload_numbers,mnist784_pca32 (20c),"F-FCM (post_none_off, L=5)",326700.0,0.0,0,1,U,s20-29
upload_numbers,mnist784_pca32 (20c),GF-PFedFCM (L=5),330000.0,0.010101010101010102,0,0,U,s20-29
upload_numbers,mnist784_pca32 (20c),ungated PRE (L=1),330000.0,0.010101010101010102,0,0,U,s20-29
upload_numbers,mnist784_pca32 (20c),pre_mass_off (L=1),330000.0,0.010101010101010102,0,0,U,s20-29
upload_numbers,mnist784_pca32 (20c),pre_mass_off (L=5),330000.0,0.010101010101010102,0,0,U,s20-29
upload_numbers,mnist784_pca32 (20c),SC-FFCM (L=5),640000.0,0.9589837771655954,0,0,U,s20-29
upload_numbers,mnist784_pca32 (20c),"SC-FFCM (L=1, R=50)",640000.0,0.9589837771655954,0,0,U,s20-29
upload_numbers,mnist784_pca32 (50c),"F-FCM (post_none_off, L=5)",825000.0,0.0,0,1,U,s20-29
upload_numbers,mnist784_pca32 (50c),GF-PFedFCM (L=5),825000.0,0.0,0,1,U,s20-29
upload_numbers,mnist784_pca32 (50c),ungated PRE (L=1),825000.0,0.0,0,1,U,s20-29
upload_numbers,mnist784_pca32 (50c),pre_mass_off (L=1),825000.0,0.0,0,1,U,s20-29
upload_numbers,mnist784_pca32 (50c),pre_mass_off (L=5),825000.0,0.0,0,1,U,s20-29
upload_numbers,mnist784_pca32 (50c),SC-FFCM (L=5),1600000.0,0.9393939393939394,0,0,U,s20-29
upload_numbers,mnist784_pca32 (50c),"SC-FFCM (L=1, R=50)",1600000.0,0.9393939393939394,0,0,U,s20-29
mean_acc,cluster_skew_hard,"F-FCM (post_none_off, L=5)",0.871875,0.12812500000000004,0,0,C,s10-29
mean_acc,cluster_skew_hard,GF-PFedFCM (L=5),0.9995265151515152,0.0004734848484847509,0,0,C,s10-29
mean_acc,cluster_skew_hard,ungated PRE (L=1),1.0,0.0,0,1,C,s10-29
mean_acc,cluster_skew_hard,pre_mass_off (L=1),0.9869128787878788,0.013087121212121189,0,0,C,s10-29
mean_acc,cluster_skew_hard,pre_mass_off (L=5),0.9737878787878786,0.026212121212121353,0,0,C,s10-29
mean_acc,cluster_skew_hard,SC-FFCM (L=5),1.0,0.0,0,1,C,s10-29
mean_acc,cluster_skew_hard,"SC-FFCM (L=1, R=50)",1.0,0.0,0,1,C,s10-29
mean_acc,cluster_skew_overlap,"F-FCM (post_none_off, L=5)",0.715094696969697,0.15172348484848486,0,0,C,s10-29
mean_acc,cluster_skew_overlap,GF-PFedFCM (L=5),0.8134659090909091,0.05335227272727272,0,0,C,s10-29
mean_acc,cluster_skew_overlap,ungated PRE (L=1),0.8668181818181818,0.0,0,1,C,s10-29
mean_acc,cluster_skew_overlap,pre_mass_off (L=1),0.865530303030303,0.0012878787878788378,0,0,C,s10-29
mean_acc,cluster_skew_overlap,pre_mass_off (L=5),0.8643939393939395,0.002424242424242329,0,0,C,s10-29
mean_acc,cluster_skew_overlap,SC-FFCM (L=5),0.8668181818181818,0.0,0,1,C,s10-29
mean_acc,cluster_skew_overlap,"SC-FFCM (L=1, R=50)",0.8668181818181818,0.0,0,1,C,s10-29
mean_acc,dirichlet_0.03,"F-FCM (post_none_off, L=5)",0.9062121212121212,0.08464015151515147,0,0,C,s10-29
mean_acc,dirichlet_0.03,GF-PFedFCM (L=5),0.9827840909090909,0.008068181818181808,0,0,C,s10-29
mean_acc,dirichlet_0.03,ungated PRE (L=1),0.9908333333333333,1.8939393939376714e-05,0,0,C,s10-29
mean_acc,dirichlet_0.03,pre_mass_off (L=1),0.9641477272727272,0.02670454545454548,0,0,C,s10-29
mean_acc,dirichlet_0.03,pre_mass_off (L=5),0.9414393939393941,0.04941287878787859,0,0,C,s10-29
mean_acc,dirichlet_0.03,SC-FFCM (L=5),0.9908522727272727,0.0,0,1,C,s10-29
mean_acc,dirichlet_0.03,"SC-FFCM (L=1, R=50)",0.9908522727272727,0.0,0,1,C,s10-29
mean_acc,dirichlet_0.1,"F-FCM (post_none_off, L=5)",0.9182954545454545,0.07679924242424252,0,0,C,s10-29
mean_acc,dirichlet_0.1,GF-PFedFCM (L=5),0.950189393939394,0.044905303030303045,0,0,C,s10-29
mean_acc,dirichlet_0.1,ungated PRE (L=1),0.995094696969697,0.0,0,1,C,s10-29
mean_acc,dirichlet_0.1,pre_mass_off (L=1),0.9681060606060606,0.026988636363636354,0,0,C,s10-29
mean_acc,dirichlet_0.1,pre_mass_off (L=5),0.9634280303030304,0.03166666666666662,0,0,C,s10-29
mean_acc,dirichlet_0.1,SC-FFCM (L=5),0.9950378787878786,5.681818181835219e-05,0,0,C,s10-29
mean_acc,dirichlet_0.1,"SC-FFCM (L=1, R=50)",0.9948674242424242,0.00022727272727274261,0,0,C,s10-29
mean_acc,overlap_noise,"F-FCM (post_none_off, L=5)",0.8473863636363635,0.05045454545454575,0,0,C,s10-29
mean_acc,overlap_noise,GF-PFedFCM (L=5),0.8892424242424243,0.008598484848485022,0,0,C,s10-29
mean_acc,overlap_noise,ungated PRE (L=1),0.8978409090909093,0.0,0,1,C,s10-29
mean_acc,overlap_noise,pre_mass_off (L=1),0.8726136363636364,0.025227272727272876,0,0,C,s10-29
mean_acc,overlap_noise,pre_mass_off (L=5),0.8853030303030301,0.012537878787879153,0,0,C,s10-29
mean_acc,overlap_noise,SC-FFCM (L=5),0.895378787878788,0.0024621212121213043,0,0,C,s10-29
mean_acc,overlap_noise,"SC-FFCM (L=1, R=50)",0.8940719696969698,0.003768939393939519,0,0,C,s10-29
mean_acc,quantity_skew_extreme,"F-FCM (post_none_off, L=5)",0.8736014937391712,0.12639850626082882,0,0,C,s10-29
mean_acc,quantity_skew_extreme,GF-PFedFCM (L=5),0.8608374352291935,0.13916256477080646,0,0,C,s10-29
mean_acc,quantity_skew_extreme,ungated PRE (L=1),0.9302948946299325,0.06970510537006747,0,0,C,s10-29
mean_acc,quantity_skew_extreme,pre_mass_off (L=1),0.9192395272621269,0.08076047273787312,0,0,C,s10-29
mean_acc,quantity_skew_extreme,pre_mass_off (L=5),0.8818475059697178,0.11815249403028216,0,0,C,s10-29
mean_acc,quantity_skew_extreme,SC-FFCM (L=5),1.0,0.0,0,1,C,s10-29
mean_acc,quantity_skew_extreme,"SC-FFCM (L=1, R=50)",1.0,0.0,0,1,C,s10-29
mean_acc,wine,"F-FCM (post_none_off, L=5)",0.9243542311661507,0.045272811317509265,0,0,C,s10-29
mean_acc,wine,GF-PFedFCM (L=5),0.917236476608187,0.05239056587547297,0,0,C,s10-29
mean_acc,wine,ungated PRE (L=1),0.9636959064327486,0.005931136050911334,0,0,C,s10-29
mean_acc,wine,pre_mass_off (L=1),0.9691798245614033,0.0004472179222566597,0,0,C,s10-29
mean_acc,wine,pre_mass_off (L=5),0.9696270424836599,0.0,0,1,C,s10-29
mean_acc,wine,SC-FFCM (L=5),0.9615260577915375,0.008100984692122393,0,0,C,s10-29
mean_acc,wine,"SC-FFCM (L=1, R=50)",0.9607073443412452,0.008919698142414778,0,0,C,s10-29
mean_acc,satimage,"F-FCM (post_none_off, L=5)",0.6905189608306106,0.030528024892670036,0,0,C,s10-29
mean_acc,satimage,GF-PFedFCM (L=5),0.6644497085568932,0.056597277166387405,0,0,C,s10-29
mean_acc,satimage,ungated PRE (L=1),0.711153152893886,0.0098938328293946,0,0,C,s10-29
mean_acc,satimage,pre_mass_off (L=1),0.6870303444140898,0.0340166413091908,0,0,C,s10-29
mean_acc,satimage,pre_mass_off (L=5),0.6605487500920139,0.06049823563126677,0,0,C,s10-29
mean_acc,satimage,SC-FFCM (L=5),0.7210469857232806,0.0,0,1,C,s10-29
mean_acc,satimage,"SC-FFCM (L=1, R=50)",0.7202691952700652,0.0007777904532154656,0,0,C,s10-29
mean_acc,pendigits,"F-FCM (post_none_off, L=5)",0.5155931256204356,0.23704103742645666,0,0,C,s10-29
mean_acc,pendigits,GF-PFedFCM (L=5),0.6425763075539559,0.11005785549293634,0,0,C,s10-29
mean_acc,pendigits,ungated PRE (L=1),0.7526341630468922,0.0,0,1,C,s10-29
mean_acc,pendigits,pre_mass_off (L=1),0.7311371187215923,0.021497044325299974,0,0,C,s10-29
mean_acc,pendigits,pre_mass_off (L=5),0.6635574103072199,0.0890767527396723,0,0,C,s10-29
mean_acc,pendigits,SC-FFCM (L=5),0.7484688474852816,0.004165315561610594,0,0,C,s10-29
mean_acc,pendigits,"SC-FFCM (L=1, R=50)",0.7370540726294083,0.015580090417483983,0,0,C,s10-29
mean_acc,digits_pca16,"F-FCM (post_none_off, L=5)",0.4145862227622145,0.3571773259189796,0,0,C,s10-29
mean_acc,digits_pca16,GF-PFedFCM (L=5),0.6069514474518597,0.16481210122933443,0,0,C,s10-29
mean_acc,digits_pca16,ungated PRE (L=1),0.7717635486811941,0.0,0,1,C,s10-29
mean_acc,digits_pca16,pre_mass_off (L=1),0.7633196570551746,0.00844389162601955,0,0,C,s10-29
mean_acc,digits_pca16,pre_mass_off (L=5),0.6722800394456546,0.0994835092355395,0,0,C,s10-29
mean_acc,digits_pca16,SC-FFCM (L=5),0.7613796430695684,0.010383905611625721,0,0,C,s10-29
mean_acc,digits_pca16,"SC-FFCM (L=1, R=50)",0.7646709479610435,0.00709260072015061,0,0,C,s10-29
mean_acc,digits_pca32,"F-FCM (post_none_off, L=5)",0.3664517084344599,0.43278689827713673,0,0,C,s10-29
mean_acc,digits_pca32,GF-PFedFCM (L=5),0.5620794252870434,0.23715918142455328,0,0,C,s10-29
mean_acc,digits_pca32,ungated PRE (L=1),0.761174865582492,0.0380637411291046,0,0,C,s10-29
mean_acc,digits_pca32,pre_mass_off (L=1),0.7992386067115966,0.0,0,1,C,s10-29
mean_acc,digits_pca32,pre_mass_off (L=5),0.6645941501128674,0.13464445659872926,0,0,C,s10-29
mean_acc,digits_pca32,SC-FFCM (L=5),0.7491889496677415,0.05004965704385511,0,0,C,s10-29
mean_acc,digits_pca32,"SC-FFCM (L=1, R=50)",0.7554837507294404,0.04375485598215623,0,0,C,s10-29
mean_acc,letter,"F-FCM (post_none_off, L=5)",0.26385958761014977,0.06381168727487474,0,0,C,s10-29
mean_acc,letter,GF-PFedFCM (L=5),0.27384520906686544,0.053826065818159075,0,0,C,s10-29
mean_acc,letter,ungated PRE (L=1),0.29939200035210045,0.02827927453292406,0,0,C,s10-29
mean_acc,letter,pre_mass_off (L=1),0.3276712748850245,0.0,0,1,C,s10-29
mean_acc,letter,pre_mass_off (L=5),0.2984323908380443,0.029238884046980218,0,0,C,s10-29
mean_acc,letter,SC-FFCM (L=5),0.2994969391603151,0.0281743357247094,0,0,C,s10-29
mean_acc,letter,"SC-FFCM (L=1, R=50)",0.2966516954375312,0.031019579447493284,0,0,C,s10-29
mean_acc,mnist784_pca32 (20c),"F-FCM (post_none_off, L=5)",0.3983669046139255,0.22132048548560207,0,0,C,s10-29
mean_acc,mnist784_pca32 (20c),GF-PFedFCM (L=5),0.496167373202918,0.12352001689660957,0,0,C,s10-29
mean_acc,mnist784_pca32 (20c),ungated PRE (L=1),0.5288171313794725,0.09087025872005505,0,0,C,s10-29
mean_acc,mnist784_pca32 (20c),pre_mass_off (L=1),0.6196873900995276,0.0,0,1,C,s10-29
mean_acc,mnist784_pca32 (20c),pre_mass_off (L=5),0.5332138476766686,0.08647354242285898,0,0,C,s10-29
mean_acc,mnist784_pca32 (20c),SC-FFCM (L=5),0.5407070911027623,0.07898029899676529,0,0,C,s10-29
mean_acc,mnist784_pca32 (20c),"SC-FFCM (L=1, R=50)",0.5508259532702707,0.06886143682925683,0,0,C,s10-29
mean_acc,mnist784_pca32 (50c),"F-FCM (post_none_off, L=5)",0.40874844402690913,0.20231724550751085,0,0,C,s10-29
mean_acc,mnist784_pca32 (50c),GF-PFedFCM (L=5),0.493542636467875,0.11752305306654498,0,0,C,s10-29
mean_acc,mnist784_pca32 (50c),ungated PRE (L=1),0.5321862628842529,0.07887942665016712,0,0,C,s10-29
mean_acc,mnist784_pca32 (50c),pre_mass_off (L=1),0.61106568953442,0.0,0,1,C,s10-29
mean_acc,mnist784_pca32 (50c),pre_mass_off (L=5),0.5464101592319709,0.06465553030244908,0,0,C,s10-29
mean_acc,mnist784_pca32 (50c),SC-FFCM (L=5),0.5466794925781937,0.06438619695622627,0,0,C,s10-29
mean_acc,mnist784_pca32 (50c),"SC-FFCM (L=1, R=50)",0.5505194740854044,0.06054621544901562,0,0,C,s10-29
worst_acc,cluster_skew_hard,"F-FCM (post_none_off, L=5)",0.6538636363636364,0.3461363636363636,0,0,C,s10-29
worst_acc,cluster_skew_hard,GF-PFedFCM (L=5),0.9943181818181819,0.005681818181818121,0,0,C,s10-29
worst_acc,cluster_skew_hard,ungated PRE (L=1),1.0,0.0,0,1,C,s10-29
worst_acc,cluster_skew_hard,pre_mass_off (L=1),0.9540909090909091,0.0459090909090909,0,0,C,s10-29
worst_acc,cluster_skew_hard,pre_mass_off (L=5),0.9311363636363635,0.06886363636363646,0,0,C,s10-29
worst_acc,cluster_skew_hard,SC-FFCM (L=5),1.0,0.0,0,1,C,s10-29
worst_acc,cluster_skew_hard,"SC-FFCM (L=1, R=50)",1.0,0.0,0,1,C,s10-29
worst_acc,cluster_skew_overlap,"F-FCM (post_none_off, L=5)",0.5788636363636364,0.22931818181818187,0,0,C,s10-29
worst_acc,cluster_skew_overlap,GF-PFedFCM (L=5),0.7168181818181819,0.09136363636363631,0,0,C,s10-29
worst_acc,cluster_skew_overlap,ungated PRE (L=1),0.8081818181818182,0.0,0,1,C,s10-29
worst_acc,cluster_skew_overlap,pre_mass_off (L=1),0.8074999999999999,0.0006818181818183389,0,0,C,s10-29
worst_acc,cluster_skew_overlap,pre_mass_off (L=5),0.7993181818181817,0.008863636363636518,0,0,C,s10-29
worst_acc,cluster_skew_overlap,SC-FFCM (L=5),0.8081818181818182,0.0,0,1,C,s10-29
worst_acc,cluster_skew_overlap,"SC-FFCM (L=1, R=50)",0.8081818181818182,0.0,0,1,C,s10-29
worst_acc,dirichlet_0.03,"F-FCM (post_none_off, L=5)",0.7361363636363638,0.23999999999999988,0,0,C,s10-29
worst_acc,dirichlet_0.03,GF-PFedFCM (L=5),0.9554545454545454,0.020681818181818246,0,0,C,s10-29
worst_acc,dirichlet_0.03,ungated PRE (L=1),0.9761363636363637,0.0,0,1,C,s10-29
worst_acc,dirichlet_0.03,pre_mass_off (L=1),0.9120454545454546,0.06409090909090909,0,0,C,s10-29
worst_acc,dirichlet_0.03,pre_mass_off (L=5),0.8434090909090909,0.1327272727272728,0,0,C,s10-29
worst_acc,dirichlet_0.03,SC-FFCM (L=5),0.975909090909091,0.00022727272727274261,0,0,C,s10-29
worst_acc,dirichlet_0.03,"SC-FFCM (L=1, R=50)",0.975909090909091,0.00022727272727274261,0,0,C,s10-29
worst_acc,dirichlet_0.1,"F-FCM (post_none_off, L=5)",0.7240909090909091,0.26204545454545447,0,0,C,s10-29
worst_acc,dirichlet_0.1,GF-PFedFCM (L=5),0.8747727272727273,0.11136363636363633,0,0,C,s10-29
worst_acc,dirichlet_0.1,ungated PRE (L=1),0.9861363636363636,0.0,0,1,C,s10-29
worst_acc,dirichlet_0.1,pre_mass_off (L=1),0.9163636363636364,0.06977272727272721,0,0,C,s10-29
worst_acc,dirichlet_0.1,pre_mass_off (L=5),0.9065909090909091,0.07954545454545447,0,0,C,s10-29
worst_acc,dirichlet_0.1,SC-FFCM (L=5),0.985909090909091,0.0002272727272726316,0,0,C,s10-29
worst_acc,dirichlet_0.1,"SC-FFCM (L=1, R=50)",0.9854545454545456,0.0006818181818180058,0,0,C,s10-29
worst_acc,overlap_noise,"F-FCM (post_none_off, L=5)",0.7804545454545455,0.08340909090909099,0,0,C,s10-29
worst_acc,overlap_noise,GF-PFedFCM (L=5),0.8474999999999999,0.01636363636363658,0,0,C,s10-29
worst_acc,overlap_noise,ungated PRE (L=1),0.8638636363636365,0.0,0,1,C,s10-29
worst_acc,overlap_noise,pre_mass_off (L=1),0.8097727272727273,0.05409090909090919,0,0,C,s10-29
worst_acc,overlap_noise,pre_mass_off (L=5),0.8415909090909091,0.022272727272727444,0,0,C,s10-29
worst_acc,overlap_noise,SC-FFCM (L=5),0.8590909090909093,0.004772727272727151,0,0,C,s10-29
worst_acc,overlap_noise,"SC-FFCM (L=1, R=50)",0.8572727272727274,0.006590909090909092,0,0,C,s10-29
worst_acc,quantity_skew_extreme,"F-FCM (post_none_off, L=5)",0.6837168948304063,0.3162831051695937,0,0,C,s10-29
worst_acc,quantity_skew_extreme,GF-PFedFCM (L=5),0.6184080663586176,0.38159193364138244,0,0,C,s10-29
worst_acc,quantity_skew_extreme,ungated PRE (L=1),0.8295868832970081,0.17041311670299186,0,0,C,s10-29
worst_acc,quantity_skew_extreme,pre_mass_off (L=1),0.810715936860181,0.18928406313981905,0,0,C,s10-29
worst_acc,quantity_skew_extreme,pre_mass_off (L=5),0.7072689188015882,0.29273108119841185,0,0,C,s10-29
worst_acc,quantity_skew_extreme,SC-FFCM (L=5),1.0,0.0,0,1,C,s10-29
worst_acc,quantity_skew_extreme,"SC-FFCM (L=1, R=50)",1.0,0.0,0,1,C,s10-29
worst_acc,wine,"F-FCM (post_none_off, L=5)",0.8074561403508772,0.08842105263157884,0,0,C,s10-29
worst_acc,wine,GF-PFedFCM (L=5),0.7869078947368422,0.10896929824561385,0,0,C,s10-29
worst_acc,wine,ungated PRE (L=1),0.876125730994152,0.01975146198830402,0,0,C,s10-29
worst_acc,wine,pre_mass_off (L=1),0.8877923976608187,0.008084795321637306,0,0,C,s10-29
worst_acc,wine,pre_mass_off (L=5),0.895877192982456,0.0,0,1,C,s10-29
worst_acc,wine,SC-FFCM (L=5),0.8711257309941521,0.024751461988303913,0,0,C,s10-29
worst_acc,wine,"SC-FFCM (L=1, R=50)",0.8683479532163743,0.027529239766081792,0,0,C,s10-29
worst_acc,satimage,"F-FCM (post_none_off, L=5)",0.5196299331368915,0.0912805447348829,0,0,C,s10-29
worst_acc,satimage,GF-PFedFCM (L=5),0.4880129795808645,0.12289749829090996,0,0,C,s10-29
worst_acc,satimage,ungated PRE (L=1),0.5580196685995391,0.05289080927223533,0,0,C,s10-29
worst_acc,satimage,pre_mass_off (L=1),0.49315071247645514,0.1177597653953193,0,0,C,s10-29
worst_acc,satimage,pre_mass_off (L=5),0.47416959933878766,0.13674087853298678,0,0,C,s10-29
worst_acc,satimage,SC-FFCM (L=5),0.6091428717156865,0.001767606156087953,0,0,C,s10-29
worst_acc,satimage,"SC-FFCM (L=1, R=50)",0.6109104778717744,0.0,0,1,C,s10-29
worst_acc,pendigits,"F-FCM (post_none_off, L=5)",0.44426541389577007,0.15412019496031854,0,0,C,s10-29
worst_acc,pendigits,GF-PFedFCM (L=5),0.5056463183436949,0.09273929051239371,0,0,C,s10-29
worst_acc,pendigits,ungated PRE (L=1),0.5983856088560886,0.0,0,1,C,s10-29
worst_acc,pendigits,pre_mass_off (L=1),0.5697447042681886,0.02864090458790003,0,0,C,s10-29
worst_acc,pendigits,pre_mass_off (L=5),0.5260973686588954,0.07228824019719315,0,0,C,s10-29
worst_acc,pendigits,SC-FFCM (L=5),0.5703874538745388,0.027998154981549783,0,0,C,s10-29
worst_acc,pendigits,"SC-FFCM (L=1, R=50)",0.578615555971228,0.019770052884860556,0,0,C,s10-29
worst_acc,digits_pca16,"F-FCM (post_none_off, L=5)",0.3174442979518946,0.23999449677503565,0,0,C,s10-29
worst_acc,digits_pca16,GF-PFedFCM (L=5),0.44156974547858524,0.11586904924834501,0,0,C,s10-29
worst_acc,digits_pca16,ungated PRE (L=1),0.5574387947269303,0.0,0,1,C,s10-29
worst_acc,digits_pca16,pre_mass_off (L=1),0.5333527650570444,0.024086029669885822,0,0,C,s10-29
worst_acc,digits_pca16,pre_mass_off (L=5),0.45770837605428516,0.0997304186726451,0,0,C,s10-29
worst_acc,digits_pca16,SC-FFCM (L=5),0.5297222222222222,0.027716572504708048,0,0,C,s10-29
worst_acc,digits_pca16,"SC-FFCM (L=1, R=50)",0.5464340438281117,0.011004750898818583,0,0,C,s10-29
worst_acc,digits_pca32,"F-FCM (post_none_off, L=5)",0.28801890522416784,0.299673699373168,0,0,C,s10-29
worst_acc,digits_pca32,GF-PFedFCM (L=5),0.4046104850035461,0.18308211959378973,0,0,C,s10-29
worst_acc,digits_pca32,ungated PRE (L=1),0.5237247474747474,0.06396785712258846,0,0,C,s10-29
worst_acc,digits_pca32,pre_mass_off (L=1),0.5876926045973359,0.0,0,1,C,s10-29
worst_acc,digits_pca32,pre_mass_off (L=5),0.4619139758546539,0.12577862874268197,0,0,C,s10-29
worst_acc,digits_pca32,SC-FFCM (L=5),0.5368456496422598,0.050846954955076074,0,0,C,s10-29
worst_acc,digits_pca32,"SC-FFCM (L=1, R=50)",0.5313385925222824,0.05635401207505342,0,0,C,s10-29
worst_acc,letter,"F-FCM (post_none_off, L=5)",0.21654223527616095,0.016949614402039903,0,0,C,s10-29
worst_acc,letter,GF-PFedFCM (L=5),0.22148058252427183,0.012011267153929028,0,0,C,s10-29
worst_acc,letter,ungated PRE (L=1),0.1912924757281553,0.042199373950045554,0,0,C,s10-29
worst_acc,letter,pre_mass_off (L=1),0.21380461165048542,0.019687238027715437,0,0,C,s10-29
worst_acc,letter,pre_mass_off (L=5),0.23349184967820086,0.0,0,1,C,s10-29
worst_acc,letter,SC-FFCM (L=5),0.19975559912423954,0.03373625055396132,0,0,C,s10-29
worst_acc,letter,"SC-FFCM (L=1, R=50)",0.20249561844849046,0.030996231229710403,0,0,C,s10-29
worst_acc,mnist784_pca32 (20c),"F-FCM (post_none_off, L=5)",0.3286948799458985,0.1775785160463954,0,0,C,s10-29
worst_acc,mnist784_pca32 (20c),GF-PFedFCM (L=5),0.3962873144299686,0.10998608156232531,0,0,C,s10-29
worst_acc,mnist784_pca32 (20c),ungated PRE (L=1),0.4348562977085046,0.07141709828378934,0,0,C,s10-29
worst_acc,mnist784_pca32 (20c),pre_mass_off (L=1),0.5062733959922939,0.0,0,1,C,s10-29
worst_acc,mnist784_pca32 (20c),pre_mass_off (L=5),0.4427337607363702,0.06353963525592371,0,0,C,s10-29
worst_acc,mnist784_pca32 (20c),SC-FFCM (L=5),0.4476496270157903,0.05862376897650362,0,0,C,s10-29
worst_acc,mnist784_pca32 (20c),"SC-FFCM (L=1, R=50)",0.4561487824653902,0.05012461352690373,0,0,C,s10-29
worst_acc,mnist784_pca32 (50c),"F-FCM (post_none_off, L=5)",0.32973911303882947,0.14734779034764034,0,0,C,s10-29
worst_acc,mnist784_pca32 (50c),GF-PFedFCM (L=5),0.3863634744758535,0.0907234289106163,0,0,C,s10-29
worst_acc,mnist784_pca32 (50c),ungated PRE (L=1),0.42892615635257014,0.048160747033899665,0,0,C,s10-29
worst_acc,mnist784_pca32 (50c),pre_mass_off (L=1),0.4770869033864698,0.0,0,1,C,s10-29
worst_acc,mnist784_pca32 (50c),pre_mass_off (L=5),0.44966454368393016,0.027422359702539645,0,0,C,s10-29
worst_acc,mnist784_pca32 (50c),SC-FFCM (L=5),0.45406982982999483,0.023017073556474976,0,0,C,s10-29
worst_acc,mnist784_pca32 (50c),"SC-FFCM (L=1, R=50)",0.4434890004299274,0.033597902956542414,0,0,C,s10-29
gacc,cluster_skew_hard,"F-FCM (post_none_off, L=5)",0.7648863636363636,0.23511363636363636,0,0,C,s10-29
gacc,cluster_skew_hard,GF-PFedFCM (L=5),0.9958333333333332,0.004166666666666763,0,0,C,s10-29
gacc,cluster_skew_hard,ungated PRE (L=1),1.0,0.0,0,1,C,s10-29
gacc,cluster_skew_hard,pre_mass_off (L=1),0.9632954545454545,0.03670454545454549,0,0,C,s10-29
gacc,cluster_skew_hard,pre_mass_off (L=5),0.9446022727272727,0.05539772727272729,0,0,C,s10-29
gacc,cluster_skew_hard,SC-FFCM (L=5),1.0,0.0,0,1,C,s10-29
gacc,cluster_skew_hard,"SC-FFCM (L=1, R=50)",1.0,0.0,0,1,C,s10-29
gacc,cluster_skew_overlap,"F-FCM (post_none_off, L=5)",0.6803787878787879,0.1864393939393939,0,0,C,s10-29
gacc,cluster_skew_overlap,GF-PFedFCM (L=5),0.8134659090909091,0.05335227272727272,0,0,C,s10-29
gacc,cluster_skew_overlap,ungated PRE (L=1),0.8668181818181818,0.0,0,1,C,s10-29
gacc,cluster_skew_overlap,pre_mass_off (L=1),0.865530303030303,0.0012878787878788378,0,0,C,s10-29
gacc,cluster_skew_overlap,pre_mass_off (L=5),0.8643939393939395,0.002424242424242329,0,0,C,s10-29
gacc,cluster_skew_overlap,SC-FFCM (L=5),0.8668181818181818,0.0,0,1,C,s10-29
gacc,cluster_skew_overlap,"SC-FFCM (L=1, R=50)",0.8668181818181818,0.0,0,1,C,s10-29
gacc,dirichlet_0.03,"F-FCM (post_none_off, L=5)",0.7898295454545454,0.20085227272727268,0,0,C,s10-29
gacc,dirichlet_0.03,GF-PFedFCM (L=5),0.9819128787878789,0.00876893939393919,0,0,C,s10-29
gacc,dirichlet_0.03,ungated PRE (L=1),0.9906628787878787,1.8939393939376714e-05,0,0,C,s10-29
gacc,dirichlet_0.03,pre_mass_off (L=1),0.9395454545454547,0.051136363636363424,0,0,C,s10-29
gacc,dirichlet_0.03,pre_mass_off (L=5),0.8986174242424243,0.09206439393939381,0,0,C,s10-29
gacc,dirichlet_0.03,SC-FFCM (L=5),0.9906818181818181,0.0,0,1,C,s10-29
gacc,dirichlet_0.03,"SC-FFCM (L=1, R=50)",0.9906818181818181,0.0,0,1,C,s10-29
gacc,dirichlet_0.1,"F-FCM (post_none_off, L=5)",0.8722537878787879,0.12132575757575748,0,0,C,s10-29
gacc,dirichlet_0.1,GF-PFedFCM (L=5),0.936439393939394,0.057140151515151394,0,0,C,s10-29
gacc,dirichlet_0.1,ungated PRE (L=1),0.9935795454545454,0.0,0,1,C,s10-29
gacc,dirichlet_0.1,pre_mass_off (L=1),0.9643371212121213,0.02924242424242407,0,0,C,s10-29
gacc,dirichlet_0.1,pre_mass_off (L=5),0.9589772727272727,0.034602272727272676,0,0,C,s10-29
gacc,dirichlet_0.1,SC-FFCM (L=5),0.9935227272727273,5.681818181813014e-05,0,0,C,s10-29
gacc,dirichlet_0.1,"SC-FFCM (L=1, R=50)",0.9933522727272728,0.0002272727272726316,0,0,C,s10-29
gacc,overlap_noise,"F-FCM (post_none_off, L=5)",0.846590909090909,0.05125000000000035,0,0,C,s10-29
gacc,overlap_noise,GF-PFedFCM (L=5),0.8868750000000001,0.01096590909090922,0,0,C,s10-29
gacc,overlap_noise,ungated PRE (L=1),0.8978409090909093,0.0,0,1,C,s10-29
gacc,overlap_noise,pre_mass_off (L=1),0.8622727272727275,0.03556818181818178,0,0,C,s10-29
gacc,overlap_noise,pre_mass_off (L=5),0.8736363636363634,0.024204545454545867,0,0,C,s10-29
gacc,overlap_noise,SC-FFCM (L=5),0.895378787878788,0.0024621212121213043,0,0,C,s10-29
gacc,overlap_noise,"SC-FFCM (L=1, R=50)",0.8940719696969698,0.003768939393939519,0,0,C,s10-29
gacc,quantity_skew_extreme,"F-FCM (post_none_off, L=5)",0.79216935181716,0.20783064818284003,0,0,C,s10-29
gacc,quantity_skew_extreme,GF-PFedFCM (L=5),0.7473960284750845,0.25260397152491554,0,0,C,s10-29
gacc,quantity_skew_extreme,ungated PRE (L=1),0.8781753465717497,0.12182465342825033,0,0,C,s10-29
gacc,quantity_skew_extreme,pre_mass_off (L=1),0.868415136755339,0.131584863244661,0,0,C,s10-29
gacc,quantity_skew_extreme,pre_mass_off (L=5),0.8104346197077558,0.18956538029224423,0,0,C,s10-29
gacc,quantity_skew_extreme,SC-FFCM (L=5),1.0,0.0,0,1,C,s10-29
gacc,quantity_skew_extreme,"SC-FFCM (L=1, R=50)",1.0,0.0,0,1,C,s10-29
gacc,wine,"F-FCM (post_none_off, L=5)",0.9219101123595506,0.04691011235955034,0,0,C,s10-29
gacc,wine,GF-PFedFCM (L=5),0.8867977528089888,0.08202247191011214,0,0,C,s10-29
gacc,wine,ungated PRE (L=1),0.9623595505617976,0.006460674157303337,0,0,C,s10-29
gacc,wine,pre_mass_off (L=1),0.9679775280898874,0.0008426966292135463,0,0,C,s10-29
gacc,wine,pre_mass_off (L=5),0.9688202247191009,0.0,0,1,C,s10-29
gacc,wine,SC-FFCM (L=5),0.9601123595505616,0.008707865168539275,0,0,C,s10-29
gacc,wine,"SC-FFCM (L=1, R=50)",0.9592696629213482,0.00955056179775271,0,0,C,s10-29
gacc,satimage,"F-FCM (post_none_off, L=5)",0.6657231726283048,0.038584758942457165,0,0,C,s10-29
gacc,satimage,GF-PFedFCM (L=5),0.6208786936236392,0.08342923794712276,0,0,C,s10-29
gacc,satimage,ungated PRE (L=1),0.6822083981337481,0.022099533437013874,0,0,C,s10-29
gacc,satimage,pre_mass_off (L=1),0.6473794712286158,0.05692846034214616,0,0,C,s10-29
gacc,satimage,pre_mass_off (L=5),0.6179160186625194,0.08639191290824255,0,0,C,s10-29
gacc,satimage,SC-FFCM (L=5),0.704307931570762,0.0,0,1,C,s10-29
gacc,satimage,"SC-FFCM (L=1, R=50)",0.7038646967340589,0.00044323483670305475,0,0,C,s10-29
gacc,pendigits,"F-FCM (post_none_off, L=5)",0.5004093886462883,0.2452283478893741,0,0,C,s10-29
gacc,pendigits,GF-PFedFCM (L=5),0.5979257641921397,0.14771197234352262,0,0,C,s10-29
gacc,pendigits,ungated PRE (L=1),0.7456377365356623,0.0,0,1,C,s10-29
gacc,pendigits,pre_mass_off (L=1),0.6927447234352255,0.052893013100436814,0,0,C,s10-29
gacc,pendigits,pre_mass_off (L=5),0.6108215065502184,0.13481622998544396,0,0,C,s10-29
gacc,pendigits,SC-FFCM (L=5),0.7385507641921398,0.007086972343522513,0,0,C,s10-29
gacc,pendigits,"SC-FFCM (L=1, R=50)",0.7140556768558952,0.03158205967976713,0,0,C,s10-29
gacc,digits_pca16,"F-FCM (post_none_off, L=5)",0.37125765164162494,0.35862548692264884,0,0,C,s10-29
gacc,digits_pca16,GF-PFedFCM (L=5),0.5296605453533667,0.20022259321090707,0,0,C,s10-29
gacc,digits_pca16,ungated PRE (L=1),0.7298831385642738,0.0,0,1,C,s10-29
gacc,digits_pca16,pre_mass_off (L=1),0.7070395102949361,0.022843628269337724,0,0,C,s10-29
gacc,digits_pca16,pre_mass_off (L=5),0.5977740678909294,0.13210907067334443,0,0,C,s10-29
gacc,digits_pca16,SC-FFCM (L=5),0.7150528658875903,0.014830272676683465,0,0,C,s10-29
gacc,digits_pca16,"SC-FFCM (L=1, R=50)",0.7203116304952698,0.009571508069003976,0,0,C,s10-29
gacc,digits_pca32,"F-FCM (post_none_off, L=5)",0.3166110183639399,0.3832498608792432,0,0,C,s10-29
gacc,digits_pca32,GF-PFedFCM (L=5),0.45303283249860876,0.24682804674457431,0,0,C,s10-29
gacc,digits_pca32,ungated PRE (L=1),0.6744296048970506,0.02543127434613246,0,0,C,s10-29
gacc,digits_pca32,pre_mass_off (L=1),0.6998608792431831,0.0,0,1,C,s10-29
gacc,digits_pca32,pre_mass_off (L=5),0.5637451307735113,0.13611574846967178,0,0,C,s10-29
gacc,digits_pca32,SC-FFCM (L=5),0.6589315525876459,0.04092932665553717,0,0,C,s10-29
gacc,digits_pca32,"SC-FFCM (L=1, R=50)",0.6744852531997775,0.025375626043405597,0,0,C,s10-29
gacc,letter,"F-FCM (post_none_off, L=5)",0.2190475,0.08058000000000004,0,0,C,s10-29
gacc,letter,GF-PFedFCM (L=5),0.2358725,0.06375500000000003,0,0,C,s10-29
gacc,letter,ungated PRE (L=1),0.26709750000000004,0.03253,0,0,C,s10-29
gacc,letter,pre_mass_off (L=1),0.29962750000000005,0.0,0,1,C,s10-29
gacc,letter,pre_mass_off (L=5),0.2589600000000001,0.04066749999999997,0,0,C,s10-29
gacc,letter,SC-FFCM (L=5),0.2640225,0.03560500000000005,0,0,C,s10-29
gacc,letter,"SC-FFCM (L=1, R=50)",0.26110249999999996,0.03852500000000009,0,0,C,s10-29
gacc,mnist784_pca32 (20c),"F-FCM (post_none_off, L=5)",0.34287999999999996,0.17485785714285718,0,0,C,s10-29
gacc,mnist784_pca32 (20c),GF-PFedFCM (L=5),0.3725178571428571,0.14522000000000002,0,0,C,s10-29
gacc,mnist784_pca32 (20c),ungated PRE (L=1),0.46993714285714294,0.047800714285714196,0,0,C,s10-29
gacc,mnist784_pca32 (20c),pre_mass_off (L=1),0.5177378571428571,0.0,0,1,C,s10-29
gacc,mnist784_pca32 (20c),pre_mass_off (L=5),0.4020357142857143,0.11570214285714286,0,0,C,s10-29
gacc,mnist784_pca32 (20c),SC-FFCM (L=5),0.4719399999999999,0.04579785714285722,0,0,C,s10-29
gacc,mnist784_pca32 (20c),"SC-FFCM (L=1, R=50)",0.4782857142857142,0.039452142857142936,0,0,C,s10-29
gacc,mnist784_pca32 (50c),"F-FCM (post_none_off, L=5)",0.3396135714285714,0.17218785714285723,0,0,C,s10-29
gacc,mnist784_pca32 (50c),GF-PFedFCM (L=5),0.36405714285714286,0.14774428571428577,0,0,C,s10-29
gacc,mnist784_pca32 (50c),ungated PRE (L=1),0.46884,0.04296142857142865,0,0,C,s10-29
gacc,mnist784_pca32 (50c),pre_mass_off (L=1),0.5118014285714286,0.0,0,1,C,s10-29
gacc,mnist784_pca32 (50c),pre_mass_off (L=5),0.4062064285714285,0.1055950000000001,0,0,C,s10-29
gacc,mnist784_pca32 (50c),SC-FFCM (L=5),0.47609071428571426,0.03571071428571437,0,0,C,s10-29
gacc,mnist784_pca32 (50c),"SC-FFCM (L=1, R=50)",0.47137642857142864,0.04042499999999999,0,0,C,s10-29
fcm_obj,cluster_skew_hard,"F-FCM (post_none_off, L=5)",8.450287427948458,7.1463999390508,0,0,C,s10-29
fcm_obj,cluster_skew_hard,GF-PFedFCM (L=5),1.3796049430628294,0.32999187541360947,0,0,C,s10-29
fcm_obj,cluster_skew_hard,ungated PRE (L=1),1.0373032862578886,0.0,0,1,C,s10-29
fcm_obj,cluster_skew_hard,pre_mass_off (L=1),1.6014009479706353,0.5438116982620875,0,0,C,s10-29
fcm_obj,cluster_skew_hard,pre_mass_off (L=5),2.218926428189711,1.1391298548706745,0,0,C,s10-29
fcm_obj,cluster_skew_hard,SC-FFCM (L=5),1.0373032862675915,9.35397127779053e-12,0,0,C,s10-29
fcm_obj,cluster_skew_hard,"SC-FFCM (L=1, R=50)",1.037303286258038,1.4406203189969853e-13,0,0,C,s10-29
fcm_obj,cluster_skew_overlap,"F-FCM (post_none_off, L=5)",2.8134675871680117,0.33721498646749964,0,0,C,s10-29
fcm_obj,cluster_skew_overlap,GF-PFedFCM (L=5),2.3359283252476453,0.11024501511292686,0,0,C,s10-29
fcm_obj,cluster_skew_overlap,ungated PRE (L=1),2.103975513017773,0.0,0,1,C,s10-29
fcm_obj,cluster_skew_overlap,pre_mass_off (L=1),2.140242036627481,0.01723714149015459,0,0,C,s10-29
fcm_obj,cluster_skew_overlap,pre_mass_off (L=5),2.5676738246175477,0.22039149635096433,0,0,C,s10-29
fcm_obj,cluster_skew_overlap,SC-FFCM (L=5),2.1039755140029928,4.682658612528343e-10,0,0,C,s10-29
fcm_obj,cluster_skew_overlap,"SC-FFCM (L=1, R=50)",2.1039755130319007,6.714816757870081e-12,0,0,C,s10-29
fcm_obj,dirichlet_0.03,"F-FCM (post_none_off, L=5)",8.864981130314836,7.471642511675901,0,0,C,s10-29
fcm_obj,dirichlet_0.03,GF-PFedFCM (L=5),1.400098451747197,0.33797617727494483,0,0,C,s10-29
fcm_obj,dirichlet_0.03,ungated PRE (L=1),1.0464300303154699,0.0,0,1,C,s10-29
fcm_obj,dirichlet_0.03,pre_mass_off (L=1),1.6193359733850776,0.5474861447706086,0,0,C,s10-29
fcm_obj,dirichlet_0.03,pre_mass_off (L=5),2.3007389712842152,1.1986553373192144,0,0,C,s10-29
fcm_obj,dirichlet_0.03,SC-FFCM (L=5),1.0464768192545535,4.471291699216899e-05,0,0,C,s10-29
fcm_obj,dirichlet_0.03,"SC-FFCM (L=1, R=50)",1.046477075884528,4.495816031199891e-05,0,0,C,s10-29
fcm_obj,dirichlet_0.1,"F-FCM (post_none_off, L=5)",6.871479037605833,5.349093195902503,0,0,C,s10-29
fcm_obj,dirichlet_0.1,GF-PFedFCM (L=5),1.7501243089739273,0.6170757825612871,0,0,C,s10-29
fcm_obj,dirichlet_0.1,ungated PRE (L=1),1.082277236384002,0.0,0,1,C,s10-29
fcm_obj,dirichlet_0.1,pre_mass_off (L=1),1.240142472526645,0.14586395318641893,0,0,C,s10-29
fcm_obj,dirichlet_0.1,pre_mass_off (L=5),1.4862902723746878,0.3732990239548364,0,0,C,s10-29
fcm_obj,dirichlet_0.1,SC-FFCM (L=5),1.0822772708563506,3.1851680301844496e-08,0,0,C,s10-29
fcm_obj,dirichlet_0.1,"SC-FFCM (L=1, R=50)",1.083388303625886,0.001026601322223233,0,0,C,s10-29
fcm_obj,overlap_noise,"F-FCM (post_none_off, L=5)",2.634608307222165,0.13103527561102754,0,0,C,s10-29
fcm_obj,overlap_noise,GF-PFedFCM (L=5),2.364907500612338,0.015252931305704001,0,0,C,s10-29
fcm_obj,overlap_noise,ungated PRE (L=1),2.329377663131551,0.0,0,1,C,s10-29
fcm_obj,overlap_noise,pre_mass_off (L=1),2.4356098426787445,0.045605391186063764,0,0,C,s10-29
fcm_obj,overlap_noise,pre_mass_off (L=5),2.4634617141564767,0.05756217772118018,0,0,C,s10-29
fcm_obj,overlap_noise,SC-FFCM (L=5),2.3301149032904176,0.00031649662076497874,0,0,C,s10-29
fcm_obj,overlap_noise,"SC-FFCM (L=1, R=50)",2.330726315739065,0.0005789755044275828,0,0,C,s10-29
fcm_obj,quantity_skew_extreme,"F-FCM (post_none_off, L=5)",3.459488313036725,2.3032429268825325,0,0,C,s10-29
fcm_obj,quantity_skew_extreme,GF-PFedFCM (L=5),2.337401862088705,1.2318347309140374,0,0,C,s10-29
fcm_obj,quantity_skew_extreme,ungated PRE (L=1),1.511688369099818,0.44341401416567106,0,0,C,s10-29
fcm_obj,quantity_skew_extreme,pre_mass_off (L=1),1.7120797767338836,0.6347548830972999,0,0,C,s10-29
fcm_obj,quantity_skew_extreme,pre_mass_off (L=5),2.23535589594332,1.1343975999324478,0,0,C,s10-29
fcm_obj,quantity_skew_extreme,SC-FFCM (L=5),1.0484405926003955,0.0010885016471573927,0,0,C,s10-29
fcm_obj,quantity_skew_extreme,"SC-FFCM (L=1, R=50)",1.04730060416769,0.0,0,1,C,s10-29
fcm_obj,wine,"F-FCM (post_none_off, L=5)",4.1031178433847995,0.06843879050049863,0,0,C,s10-29
fcm_obj,wine,GF-PFedFCM (L=5),3.840292845847293,0.0,0,1,C,s10-29
fcm_obj,wine,ungated PRE (L=1),4.052333678000337,0.05521475592215175,0,0,C,s10-29
fcm_obj,wine,pre_mass_off (L=1),4.07950669121079,0.06229052183407617,0,0,C,s10-29
fcm_obj,wine,pre_mass_off (L=5),4.112574602884223,0.07090130049101916,0,0,C,s10-29
fcm_obj,wine,SC-FFCM (L=5),4.062830828714874,0.05794818046447248,0,0,C,s10-29
fcm_obj,wine,"SC-FFCM (L=1, R=50)",4.063739155194083,0.05818470578055381,0,0,C,s10-29
fcm_obj,satimage,"F-FCM (post_none_off, L=5)",4.190312599936315,0.12431729727212606,0,0,C,s10-29
fcm_obj,satimage,GF-PFedFCM (L=5),3.820536017313028,0.025101260746389086,0,0,C,s10-29
fcm_obj,satimage,ungated PRE (L=1),3.726984019638458,0.0,0,1,C,s10-29
fcm_obj,satimage,pre_mass_off (L=1),3.770202640134438,0.011596137860599908,0,0,C,s10-29
fcm_obj,satimage,pre_mass_off (L=5),3.9478607191465214,0.05926419280152697,0,0,C,s10-29
fcm_obj,satimage,SC-FFCM (L=5),3.730177424644746,0.0008568335655482217,0,0,C,s10-29
fcm_obj,satimage,"SC-FFCM (L=1, R=50)",3.749489535904183,0.006038533073159847,0,0,C,s10-29
fcm_obj,pendigits,"F-FCM (post_none_off, L=5)",4.4299281563331405,0.1446107461714359,0,0,C,s10-29
fcm_obj,pendigits,GF-PFedFCM (L=5),4.099541669913789,0.0592450451036251,0,0,C,s10-29
fcm_obj,pendigits,ungated PRE (L=1),3.8702486160912217,0.0,0,1,C,s10-29
fcm_obj,pendigits,pre_mass_off (L=1),4.045152913012056,0.04519200554549383,0,0,C,s10-29
fcm_obj,pendigits,pre_mass_off (L=5),4.388307642126761,0.13385678219265293,0,0,C,s10-29
fcm_obj,pendigits,SC-FFCM (L=5),3.8813078477144245,0.0028574990188542718,0,0,C,s10-29
fcm_obj,pendigits,"SC-FFCM (L=1, R=50)",3.89879085005256,0.007374780483783114,0,0,C,s10-29
fcm_obj,digits_pca16,"F-FCM (post_none_off, L=5)",8.24719637669328,0.06937768659560896,0,0,C,s10-29
fcm_obj,digits_pca16,GF-PFedFCM (L=5),7.712145559113393,0.0,0,1,C,s10-29
fcm_obj,digits_pca16,ungated PRE (L=1),7.726318878420484,0.0018377919864780061,0,0,C,s10-29
fcm_obj,digits_pca16,pre_mass_off (L=1),7.910367246575618,0.025702534520758224,0,0,C,s10-29
fcm_obj,digits_pca16,pre_mass_off (L=5),8.342510699110237,0.08173667563262538,0,0,C,s10-29
fcm_obj,digits_pca16,SC-FFCM (L=5),7.72980393858663,0.00228968441244862,0,0,C,s10-29
fcm_obj,digits_pca16,"SC-FFCM (L=1, R=50)",7.733170751386635,0.002726244222451985,0,0,C,s10-29
fcm_obj,digits_pca32,"F-FCM (post_none_off, L=5)",25.18870070109538,0.0754354889182244,0,0,C,s10-29
fcm_obj,digits_pca32,GF-PFedFCM (L=5),23.421861153598883,0.0,0,1,C,s10-29
fcm_obj,digits_pca32,ungated PRE (L=1),23.903170192286456,0.02054956416704819,0,0,C,s10-29
fcm_obj,digits_pca32,pre_mass_off (L=1),24.235309103707078,0.0347302865802876,0,0,C,s10-29
fcm_obj,digits_pca32,pre_mass_off (L=5),25.045780683665665,0.06933349657472712,0,0,C,s10-29
fcm_obj,digits_pca32,SC-FFCM (L=5),23.985746721698177,0.02407518191664504,0,0,C,s10-29
fcm_obj,digits_pca32,"SC-FFCM (L=1, R=50)",23.947504996307604,0.02244244551112256,0,0,C,s10-29
fcm_obj,letter,"F-FCM (post_none_off, L=5)",5.1653307364481735,0.07905829200834429,0,0,C,s10-29
fcm_obj,letter,GF-PFedFCM (L=5),4.786887580312696,0.0,0,1,C,s10-29
fcm_obj,letter,ungated PRE (L=1),4.923714652517052,0.028583723747157338,0,0,C,s10-29
fcm_obj,letter,pre_mass_off (L=1),5.078646697519895,0.06094964887145745,0,0,C,s10-29
fcm_obj,letter,pre_mass_off (L=5),5.298104967733176,0.10679536104482434,0,0,C,s10-29
fcm_obj,letter,SC-FFCM (L=5),4.918499082395141,0.027494170246180717,0,0,C,s10-29
fcm_obj,letter,"SC-FFCM (L=1, R=50)",4.9277348813944775,0.0294235656715759,0,0,C,s10-29
fcm_obj,mnist784_pca32 (20c),"F-FCM (post_none_off, L=5)",24.980448799141634,0.06129214509088532,0,0,C,s10-29
fcm_obj,mnist784_pca32 (20c),GF-PFedFCM (L=5),23.53776847844511,0.0,0,1,C,s10-29
fcm_obj,mnist784_pca32 (20c),ungated PRE (L=1),24.35282122338859,0.034627443365749536,0,0,C,s10-29
fcm_obj,mnist784_pca32 (20c),pre_mass_off (L=1),24.586231755438725,0.04454386905682048,0,0,C,s10-29
fcm_obj,mnist784_pca32 (20c),pre_mass_off (L=5),25.001098105186035,0.062169429021318695,0,0,C,s10-29
fcm_obj,mnist784_pca32 (20c),SC-FFCM (L=5),24.35733488291529,0.03481920578922782,0,0,C,s10-29
fcm_obj,mnist784_pca32 (20c),"SC-FFCM (L=1, R=50)",24.421414517260548,0.037541623354169884,0,0,C,s10-29
fcm_obj,mnist784_pca32 (50c),"F-FCM (post_none_off, L=5)",24.97800404769326,0.0660671385461076,0,0,C,s10-29
fcm_obj,mnist784_pca32 (50c),GF-PFedFCM (L=5),23.43004783146963,0.0,0,1,C,s10-29
fcm_obj,mnist784_pca32 (50c),ungated PRE (L=1),24.352662288015047,0.03937740388674006,0,0,C,s10-29
fcm_obj,mnist784_pca32 (50c),pre_mass_off (L=1),24.63990269506241,0.05163689260453781,0,0,C,s10-29
fcm_obj,mnist784_pca32 (50c),pre_mass_off (L=5),24.97719070473818,0.066032424875827,0,0,C,s10-29
fcm_obj,mnist784_pca32 (50c),SC-FFCM (L=5),24.36752624501785,0.04001180109795011,0,0,C,s10-29
fcm_obj,mnist784_pca32 (50c),"SC-FFCM (L=1, R=50)",24.474246672791942,0.04456665427374061,0,0,C,s10-29
upload_numbers,cluster_skew_hard,"F-FCM (post_none_off, L=5)",5083.2,2.816216216216216,0,0,C,s10-29
upload_numbers,cluster_skew_hard,GF-PFedFCM (L=5),5407.2,3.0594594594594593,0,0,C,s10-29
upload_numbers,cluster_skew_hard,ungated PRE (L=1),1332.0,0.0,0,1,C,s10-29
upload_numbers,cluster_skew_hard,pre_mass_off (L=1),6948.0,4.216216216216216,0,0,C,s10-29
upload_numbers,cluster_skew_hard,pre_mass_off (L=5),7200.0,4.405405405405405,0,0,C,s10-29
upload_numbers,cluster_skew_hard,SC-FFCM (L=5),3926.4,1.9477477477477478,0,0,C,s10-29
upload_numbers,cluster_skew_hard,"SC-FFCM (L=1, R=50)",3312.0,1.4864864864864864,0,0,C,s10-29
upload_numbers,cluster_skew_overlap,"F-FCM (post_none_off, L=5)",6285.6,1.1344743276283618,0,0,C,s10-29
upload_numbers,cluster_skew_overlap,GF-PFedFCM (L=5),3405.6,0.15647921760391187,0,0,C,s10-29
upload_numbers,cluster_skew_overlap,ungated PRE (L=1),5414.4,0.8386308068459656,0,0,C,s10-29
upload_numbers,cluster_skew_overlap,pre_mass_off (L=1),7200.0,1.4449877750611246,0,0,C,s10-29
upload_numbers,cluster_skew_overlap,pre_mass_off (L=5),2944.8,0.0,0,1,C,s10-29
upload_numbers,cluster_skew_overlap,SC-FFCM (L=5),8755.2,1.9731051344743278,0,0,C,s10-29
upload_numbers,cluster_skew_overlap,"SC-FFCM (L=1, R=50)",6768.0,1.2982885085574571,0,0,C,s10-29
upload_numbers,dirichlet_0.03,"F-FCM (post_none_off, L=5)",5724.0,2.10546875,0,0,C,s10-29
upload_numbers,dirichlet_0.03,GF-PFedFCM (L=5),5392.8,1.9257812500000002,0,0,C,s10-29
upload_numbers,dirichlet_0.03,ungated PRE (L=1),1843.2,0.0,0,1,C,s10-29
upload_numbers,dirichlet_0.03,pre_mass_off (L=1),7185.6,2.8984375000000004,0,0,C,s10-29
upload_numbers,dirichlet_0.03,pre_mass_off (L=5),7200.0,2.90625,0,0,C,s10-29
upload_numbers,dirichlet_0.03,SC-FFCM (L=5),6902.4,2.7447916666666665,0,0,C,s10-29
upload_numbers,dirichlet_0.03,"SC-FFCM (L=1, R=50)",7296.0,2.9583333333333335,0,0,C,s10-29
upload_numbers,dirichlet_0.1,"F-FCM (post_none_off, L=5)",4888.8,1.7827868852459017,0,0,C,s10-29
upload_numbers,dirichlet_0.1,GF-PFedFCM (L=5),7027.2,3.0,0,0,C,s10-29
upload_numbers,dirichlet_0.1,ungated PRE (L=1),1756.8,0.0,0,1,C,s10-29
upload_numbers,dirichlet_0.1,pre_mass_off (L=1),7113.6,3.0491803278688527,0,0,C,s10-29
upload_numbers,dirichlet_0.1,pre_mass_off (L=5),3772.8,1.1475409836065575,0,0,C,s10-29
upload_numbers,dirichlet_0.1,SC-FFCM (L=5),5788.8,2.2950819672131146,0,0,C,s10-29
upload_numbers,dirichlet_0.1,"SC-FFCM (L=1, R=50)",6979.2,2.972677595628415,0,0,C,s10-29
upload_numbers,overlap_noise,"F-FCM (post_none_off, L=5)",4564.8,0.46420323325635116,0,0,C,s10-29
upload_numbers,overlap_noise,GF-PFedFCM (L=5),3117.6,0.0,0,1,C,s10-29
upload_numbers,overlap_noise,ungated PRE (L=1),3542.4,0.1362586605080832,0,0,C,s10-29
upload_numbers,overlap_noise,pre_mass_off (L=1),7200.0,1.3094688221709008,0,0,C,s10-29
upload_numbers,overlap_noise,pre_mass_off (L=5),3124.8,0.0023094688221709883,0,0,C,s10-29
upload_numbers,overlap_noise,SC-FFCM (L=5),4416.0,0.4164742109314858,0,0,C,s10-29
upload_numbers,overlap_noise,"SC-FFCM (L=1, R=50)",4627.2,0.4842186297151655,0,0,C,s10-29
upload_numbers,quantity_skew_extreme,"F-FCM (post_none_off, L=5)",6321.6,0.5567375886524822,0,0,C,s10-29
upload_numbers,quantity_skew_extreme,GF-PFedFCM (L=5),7128.0,0.7553191489361701,0,0,C,s10-29
upload_numbers,quantity_skew_extreme,ungated PRE (L=1),4060.8,0.0,0,1,C,s10-29
upload_numbers,quantity_skew_extreme,pre_mass_off (L=1),4089.6,0.007092198581560216,0,0,C,s10-29
upload_numbers,quantity_skew_extreme,pre_mass_off (L=5),7192.8,0.7712765957446808,0,0,C,s10-29
upload_numbers,quantity_skew_extreme,SC-FFCM (L=5),8928.0,1.1985815602836878,0,0,C,s10-29
upload_numbers,quantity_skew_extreme,"SC-FFCM (L=1, R=50)",6153.6,0.5153664302600472,0,0,C,s10-29
upload_numbers,wine,"F-FCM (post_none_off, L=5)",17829.0,1.6867088607594938,0,0,C,s10-29
upload_numbers,wine,GF-PFedFCM (L=5),20853.0,2.142405063291139,0,0,C,s10-29
upload_numbers,wine,ungated PRE (L=1),10185.0,0.5348101265822784,0,0,C,s10-29
upload_numbers,wine,pre_mass_off (L=1),21000.0,2.1645569620253164,0,0,C,s10-29
upload_numbers,wine,pre_mass_off (L=5),6636.0,0.0,0,1,C,s10-29
upload_numbers,wine,SC-FFCM (L=5),39000.0,4.877034358047016,0,0,C,s10-29
upload_numbers,wine,"SC-FFCM (L=1, R=50)",39000.0,4.877034358047016,0,0,C,s10-29
upload_numbers,satimage,"F-FCM (post_none_off, L=5)",111000.0,0.8939393939393939,0,0,C,s10-29
upload_numbers,satimage,GF-PFedFCM (L=5),79032.0,0.3484848484848485,0,0,C,s10-29
upload_numbers,satimage,ungated PRE (L=1),111000.0,0.8939393939393939,0,0,C,s10-29
upload_numbers,satimage,pre_mass_off (L=1),111000.0,0.8939393939393939,0,0,C,s10-29
upload_numbers,satimage,pre_mass_off (L=5),58608.0,0.0,0,1,C,s10-29
upload_numbers,satimage,SC-FFCM (L=5),216000.0,2.6855036855036856,0,0,C,s10-29
upload_numbers,satimage,"SC-FFCM (L=1, R=50)",216000.0,2.6855036855036856,0,0,C,s10-29
upload_numbers,pendigits,"F-FCM (post_none_off, L=5)",76160.0,0.009009009009009009,0,0,C,s10-29
upload_numbers,pendigits,GF-PFedFCM (L=5),75480.0,0.0,0,1,C,s10-29
upload_numbers,pendigits,ungated PRE (L=1),83640.0,0.10810810810810811,0,0,C,s10-29
upload_numbers,pendigits,pre_mass_off (L=1),85000.0,0.12612612612612611,0,0,C,s10-29
upload_numbers,pendigits,pre_mass_off (L=5),85000.0,0.12612612612612611,0,0,C,s10-29
upload_numbers,pendigits,SC-FFCM (L=5),150880.0,0.9989401165871754,0,0,C,s10-29
upload_numbers,pendigits,"SC-FFCM (L=1, R=50)",160000.0,1.1197668256491786,0,0,C,s10-29
upload_numbers,digits_pca16,"F-FCM (post_none_off, L=5)",84830.0,0.025693730729701953,0,0,C,s10-29
upload_numbers,digits_pca16,GF-PFedFCM (L=5),82705.0,0.0,0,1,C,s10-29
upload_numbers,digits_pca16,ungated PRE (L=1),85000.0,0.02774922918807811,0,0,C,s10-29
upload_numbers,digits_pca16,pre_mass_off (L=1),84320.0,0.019527235354573486,0,0,C,s10-29
upload_numbers,digits_pca16,pre_mass_off (L=5),84150.0,0.017471736896197326,0,0,C,s10-29
upload_numbers,digits_pca16,SC-FFCM (L=5),160000.0,0.9345867843540294,0,0,C,s10-29
upload_numbers,digits_pca16,"SC-FFCM (L=1, R=50)",160000.0,0.9345867843540294,0,0,C,s10-29
upload_numbers,digits_pca32,"F-FCM (post_none_off, L=5)",165000.0,0.0,0,1,C,s10-29
upload_numbers,digits_pca32,GF-PFedFCM (L=5),165000.0,0.0,0,1,C,s10-29
upload_numbers,digits_pca32,ungated PRE (L=1),165000.0,0.0,0,1,C,s10-29
upload_numbers,digits_pca32,pre_mass_off (L=1),165000.0,0.0,0,1,C,s10-29
upload_numbers,digits_pca32,pre_mass_off (L=5),165000.0,0.0,0,1,C,s10-29
upload_numbers,digits_pca32,SC-FFCM (L=5),320000.0,0.9393939393939394,0,0,C,s10-29
upload_numbers,digits_pca32,"SC-FFCM (L=1, R=50)",320000.0,0.9393939393939394,0,0,C,s10-29
upload_numbers,letter,"F-FCM (post_none_off, L=5)",221000.0,0.0,0,1,C,s10-29
upload_numbers,letter,GF-PFedFCM (L=5),221000.0,0.0,0,1,C,s10-29
upload_numbers,letter,ungated PRE (L=1),221000.0,0.0,0,1,C,s10-29
upload_numbers,letter,pre_mass_off (L=1),221000.0,0.0,0,1,C,s10-29
upload_numbers,letter,pre_mass_off (L=5),221000.0,0.0,0,1,C,s10-29
upload_numbers,letter,SC-FFCM (L=5),416000.0,0.8823529411764706,0,0,C,s10-29
upload_numbers,letter,"SC-FFCM (L=1, R=50)",416000.0,0.8823529411764706,0,0,C,s10-29
upload_numbers,mnist784_pca32 (20c),"F-FCM (post_none_off, L=5)",328350.0,0.0,0,1,C,s10-29
upload_numbers,mnist784_pca32 (20c),GF-PFedFCM (L=5),330000.0,0.005025125628140704,0,0,C,s10-29
upload_numbers,mnist784_pca32 (20c),ungated PRE (L=1),330000.0,0.005025125628140704,0,0,C,s10-29
upload_numbers,mnist784_pca32 (20c),pre_mass_off (L=1),330000.0,0.005025125628140704,0,0,C,s10-29
upload_numbers,mnist784_pca32 (20c),pre_mass_off (L=5),330000.0,0.005025125628140704,0,0,C,s10-29
upload_numbers,mnist784_pca32 (20c),SC-FFCM (L=5),640000.0,0.9491396375818486,0,0,C,s10-29
upload_numbers,mnist784_pca32 (20c),"SC-FFCM (L=1, R=50)",640000.0,0.9491396375818486,0,0,C,s10-29
upload_numbers,mnist784_pca32 (50c),"F-FCM (post_none_off, L=5)",825000.0,0.0,0,1,C,s10-29
upload_numbers,mnist784_pca32 (50c),GF-PFedFCM (L=5),825000.0,0.0,0,1,C,s10-29
upload_numbers,mnist784_pca32 (50c),ungated PRE (L=1),825000.0,0.0,0,1,C,s10-29
upload_numbers,mnist784_pca32 (50c),pre_mass_off (L=1),825000.0,0.0,0,1,C,s10-29
upload_numbers,mnist784_pca32 (50c),pre_mass_off (L=5),825000.0,0.0,0,1,C,s10-29
upload_numbers,mnist784_pca32 (50c),SC-FFCM (L=5),1600000.0,0.9393939393939394,0,0,C,s10-29
upload_numbers,mnist784_pca32 (50c),"SC-FFCM (L=1, R=50)",1600000.0,0.9393939393939394,0,0,C,s10-29
mean_acc,cluster_skew_hard,"F-FCM (post_none_off, L=5)",0.8745075757575757,0.12549242424242435,0,0,C,s10-19
mean_acc,cluster_skew_hard,GF-PFedFCM (L=5),1.0,0.0,0,1,C,s10-19
mean_acc,cluster_skew_hard,ungated PRE (L=1),1.0,0.0,0,1,C,s10-19
mean_acc,cluster_skew_hard,pre_mass_off (L=1),0.9868939393939394,0.013106060606060566,0,0,C,s10-19
mean_acc,cluster_skew_hard,pre_mass_off (L=5),0.9776515151515153,0.02234848484848473,0,0,C,s10-19
mean_acc,cluster_skew_hard,SC-FFCM (L=5),1.0,0.0,0,1,C,s10-19
mean_acc,cluster_skew_hard,"SC-FFCM (L=1, R=50)",1.0,0.0,0,1,C,s10-19
mean_acc,cluster_skew_overlap,"F-FCM (post_none_off, L=5)",0.694810606060606,0.17037878787878802,0,0,C,s10-19
mean_acc,cluster_skew_overlap,GF-PFedFCM (L=5),0.8110227272727272,0.05416666666666681,0,0,C,s10-19
mean_acc,cluster_skew_overlap,ungated PRE (L=1),0.865189393939394,0.0,0,1,C,s10-19
mean_acc,cluster_skew_overlap,pre_mass_off (L=1),0.8625378787878788,0.0026515151515151825,0,0,C,s10-19
mean_acc,cluster_skew_overlap,pre_mass_off (L=5),0.8625,0.002689393939393936,0,0,C,s10-19
mean_acc,cluster_skew_overlap,SC-FFCM (L=5),0.865189393939394,0.0,0,1,C,s10-19
mean_acc,cluster_skew_overlap,"SC-FFCM (L=1, R=50)",0.865189393939394,0.0,0,1,C,s10-19
mean_acc,dirichlet_0.03,"F-FCM (post_none_off, L=5)",0.8688257575757575,0.13117424242424247,0,0,C,s10-19
mean_acc,dirichlet_0.03,GF-PFedFCM (L=5),0.9846212121212121,0.01537878787878788,0,0,C,s10-19
mean_acc,dirichlet_0.03,ungated PRE (L=1),1.0,0.0,0,1,C,s10-19
mean_acc,dirichlet_0.03,pre_mass_off (L=1),1.0,0.0,0,1,C,s10-19
mean_acc,dirichlet_0.03,pre_mass_off (L=5),0.9617803030303032,0.03821969696969685,0,0,C,s10-19
mean_acc,dirichlet_0.03,SC-FFCM (L=5),1.0,0.0,0,1,C,s10-19
mean_acc,dirichlet_0.03,"SC-FFCM (L=1, R=50)",1.0,0.0,0,1,C,s10-19
mean_acc,dirichlet_0.1,"F-FCM (post_none_off, L=5)",0.9225757575757576,0.06761363636363638,0,0,C,s10-19
mean_acc,dirichlet_0.1,GF-PFedFCM (L=5),0.9445454545454546,0.0456439393939394,0,0,C,s10-19
mean_acc,dirichlet_0.1,ungated PRE (L=1),0.990189393939394,0.0,0,1,C,s10-19
mean_acc,dirichlet_0.1,pre_mass_off (L=1),0.9664015151515152,0.023787878787878802,0,0,C,s10-19
mean_acc,dirichlet_0.1,pre_mass_off (L=5),0.9677272727272728,0.02246212121212121,0,0,C,s10-19
mean_acc,dirichlet_0.1,SC-FFCM (L=5),0.9900757575757575,0.00011363636363648233,0,0,C,s10-19
mean_acc,dirichlet_0.1,"SC-FFCM (L=1, R=50)",0.9897348484848486,0.0004545454545453742,0,0,C,s10-19
mean_acc,overlap_noise,"F-FCM (post_none_off, L=5)",0.8587878787878788,0.042234848484848486,0,0,C,s10-19
mean_acc,overlap_noise,GF-PFedFCM (L=5),0.8833712121212122,0.017651515151515085,0,0,C,s10-19
mean_acc,overlap_noise,ungated PRE (L=1),0.8915530303030301,0.009469696969697128,0,0,C,s10-19
mean_acc,overlap_noise,pre_mass_off (L=1),0.8768939393939392,0.024128787878788027,0,0,C,s10-19
mean_acc,overlap_noise,pre_mass_off (L=5),0.9010227272727273,0.0,0,1,C,s10-19
mean_acc,overlap_noise,SC-FFCM (L=5),0.8866287878787877,0.014393939393939514,0,0,C,s10-19
mean_acc,overlap_noise,"SC-FFCM (L=1, R=50)",0.8840151515151515,0.01700757575757572,0,0,C,s10-19
mean_acc,quantity_skew_extreme,"F-FCM (post_none_off, L=5)",0.8666202762024702,0.13337972379752983,0,0,C,s10-19
mean_acc,quantity_skew_extreme,GF-PFedFCM (L=5),0.8611286477944413,0.13887135220555868,0,0,C,s10-19
mean_acc,quantity_skew_extreme,ungated PRE (L=1),0.91416384745015,0.08583615254985,0,0,C,s10-19
mean_acc,quantity_skew_extreme,pre_mass_off (L=1),0.8961675887683407,0.10383241123165932,0,0,C,s10-19
mean_acc,quantity_skew_extreme,pre_mass_off (L=5),0.8687449895847366,0.13125501041526344,0,0,C,s10-19
mean_acc,quantity_skew_extreme,SC-FFCM (L=5),1.0,0.0,0,1,C,s10-19
mean_acc,quantity_skew_extreme,"SC-FFCM (L=1, R=50)",1.0,0.0,0,1,C,s10-19
mean_acc,wine,"F-FCM (post_none_off, L=5)",0.9278189284485723,0.04268786549707615,0,0,C,s10-19
mean_acc,wine,GF-PFedFCM (L=5),0.9212385620915032,0.049268231854145195,0,0,C,s10-19
mean_acc,wine,ungated PRE (L=1),0.9637339181286549,0.006772875816993484,0,0,C,s10-19
mean_acc,wine,pre_mass_off (L=1),0.9692602339181287,0.001246560027519772,0,0,C,s10-19
mean_acc,wine,pre_mass_off (L=5),0.9705067939456484,0.0,0,1,C,s10-19
mean_acc,wine,SC-FFCM (L=5),0.9616520467836256,0.008854747162022836,0,0,C,s10-19
mean_acc,wine,"SC-FFCM (L=1, R=50)",0.9605409356725145,0.009965858273133898,0,0,C,s10-19
mean_acc,satimage,"F-FCM (post_none_off, L=5)",0.6983218187786622,0.02347987394498563,0,0,C,s10-19
mean_acc,satimage,GF-PFedFCM (L=5),0.669191624496188,0.05261006822745984,0,0,C,s10-19
mean_acc,satimage,ungated PRE (L=1),0.7118970428845387,0.009904649839109103,0,0,C,s10-19
mean_acc,satimage,pre_mass_off (L=1),0.6855612786596932,0.03624041406395462,0,0,C,s10-19
mean_acc,satimage,pre_mass_off (L=5),0.6606716341283791,0.061130058595268655,0,0,C,s10-19
mean_acc,satimage,SC-FFCM (L=5),0.7218016927236478,0.0,0,1,C,s10-19
mean_acc,satimage,"SC-FFCM (L=1, R=50)",0.7207989339712796,0.0010027587523682158,0,0,C,s10-19
mean_acc,pendigits,"F-FCM (post_none_off, L=5)",0.5283217040892556,0.22207994433895628,0,0,C,s10-19
mean_acc,pendigits,GF-PFedFCM (L=5),0.6557781049806382,0.09462354344757373,0,0,C,s10-19
mean_acc,pendigits,ungated PRE (L=1),0.7448678796641237,0.005533768764088176,0,0,C,s10-19
mean_acc,pendigits,pre_mass_off (L=1),0.7321965630873629,0.01820508534084897,0,0,C,s10-19
mean_acc,pendigits,pre_mass_off (L=5),0.6722764583576585,0.07812519007055341,0,0,C,s10-19
mean_acc,pendigits,SC-FFCM (L=5),0.7504016484282119,0.0,0,1,C,s10-19
mean_acc,pendigits,"SC-FFCM (L=1, R=50)",0.74080439006152,0.009597258366691896,0,0,C,s10-19
mean_acc,digits_pca16,"F-FCM (post_none_off, L=5)",0.4160460743232817,0.36338422275944043,0,0,C,s10-19
mean_acc,digits_pca16,GF-PFedFCM (L=5),0.5948726380757787,0.18455765900694343,0,0,C,s10-19
mean_acc,digits_pca16,ungated PRE (L=1),0.7709802229072578,0.008450074175464395,0,0,C,s10-19
mean_acc,digits_pca16,pre_mass_off (L=1),0.7794302970827222,0.0,0,1,C,s10-19
mean_acc,digits_pca16,pre_mass_off (L=5),0.663821146250052,0.1156091508326702,0,0,C,s10-19
mean_acc,digits_pca16,SC-FFCM (L=5),0.7598190912983646,0.0196112057843576,0,0,C,s10-19
mean_acc,digits_pca16,"SC-FFCM (L=1, R=50)",0.7586210868957388,0.02080921018698334,0,0,C,s10-19
mean_acc,digits_pca32,"F-FCM (post_none_off, L=5)",0.3570279901330069,0.4348552219271722,0,0,C,s10-19
mean_acc,digits_pca32,GF-PFedFCM (L=5),0.5702878773800178,0.22159533468016124,0,0,C,s10-19
mean_acc,digits_pca32,ungated PRE (L=1),0.7571062279884893,0.03477698407168983,0,0,C,s10-19
mean_acc,digits_pca32,pre_mass_off (L=1),0.7918832120601791,0.0,0,1,C,s10-19
mean_acc,digits_pca32,pre_mass_off (L=5),0.6523583544294436,0.13952485763073552,0,0,C,s10-19
mean_acc,digits_pca32,SC-FFCM (L=5),0.7354304397891911,0.056452772270987994,0,0,C,s10-19
mean_acc,digits_pca32,"SC-FFCM (L=1, R=50)",0.752622312251719,0.03926089980846004,0,0,C,s10-19
mean_acc,letter,"F-FCM (post_none_off, L=5)",0.26408081913439274,0.05870616420778313,0,0,C,s10-19
mean_acc,letter,GF-PFedFCM (L=5),0.2725145610975054,0.05027242224467049,0,0,C,s10-19
mean_acc,letter,ungated PRE (L=1),0.2996314251883337,0.023155558153842182,0,0,C,s10-19
mean_acc,letter,pre_mass_off (L=1),0.32278698334217587,0.0,0,1,C,s10-19
mean_acc,letter,pre_mass_off (L=5),0.29465454232855726,0.028132441013618614,0,0,C,s10-19
mean_acc,letter,SC-FFCM (L=5),0.30204578668562765,0.020741196656548222,0,0,C,s10-19
mean_acc,letter,"SC-FFCM (L=1, R=50)",0.2989222559677601,0.02386472737441575,0,0,C,s10-19
mean_acc,mnist784_pca32 (20c),"F-FCM (post_none_off, L=5)",0.39618648294927694,0.2095213705865412,0,0,C,s10-19
mean_acc,mnist784_pca32 (20c),GF-PFedFCM (L=5),0.49786189000824077,0.10784596352757736,0,0,C,s10-19
mean_acc,mnist784_pca32 (20c),ungated PRE (L=1),0.5366366104009442,0.0690712431348739,0,0,C,s10-19
mean_acc,mnist784_pca32 (20c),pre_mass_off (L=1),0.6057078535358181,0.0,0,1,C,s10-19
mean_acc,mnist784_pca32 (20c),pre_mass_off (L=5),0.5335140808970233,0.07219377263879478,0,0,C,s10-19
mean_acc,mnist784_pca32 (20c),SC-FFCM (L=5),0.5469348182677731,0.058773035268045004,0,0,C,s10-19
mean_acc,mnist784_pca32 (20c),"SC-FFCM (L=1, R=50)",0.5562492360153347,0.04945861752048342,0,0,C,s10-19
mean_acc,mnist784_pca32 (50c),"F-FCM (post_none_off, L=5)",0.41095906505962915,0.206005626587566,0,0,C,s10-19
mean_acc,mnist784_pca32 (50c),GF-PFedFCM (L=5),0.5009274679376904,0.11603722370950476,0,0,C,s10-19
mean_acc,mnist784_pca32 (50c),ungated PRE (L=1),0.5316788208225385,0.08528587082465666,0,0,C,s10-19
mean_acc,mnist784_pca32 (50c),pre_mass_off (L=1),0.6169646916471951,0.0,0,1,C,s10-19
mean_acc,mnist784_pca32 (50c),pre_mass_off (L=5),0.5540231609395692,0.06294153070762598,0,0,C,s10-19
mean_acc,mnist784_pca32 (50c),SC-FFCM (L=5),0.5503160606760414,0.0666486309711537,0,0,C,s10-19
mean_acc,mnist784_pca32 (50c),"SC-FFCM (L=1, R=50)",0.5432159981658136,0.07374869348138158,0,0,C,s10-19
worst_acc,cluster_skew_hard,"F-FCM (post_none_off, L=5)",0.6940909090909091,0.3059090909090909,0,0,C,s10-19
worst_acc,cluster_skew_hard,GF-PFedFCM (L=5),1.0,0.0,0,1,C,s10-19
worst_acc,cluster_skew_hard,ungated PRE (L=1),1.0,0.0,0,1,C,s10-19
worst_acc,cluster_skew_hard,pre_mass_off (L=1),0.9536363636363635,0.046363636363636496,0,0,C,s10-19
worst_acc,cluster_skew_hard,pre_mass_off (L=5),0.9540909090909091,0.0459090909090909,0,0,C,s10-19
worst_acc,cluster_skew_hard,SC-FFCM (L=5),1.0,0.0,0,1,C,s10-19
worst_acc,cluster_skew_hard,"SC-FFCM (L=1, R=50)",1.0,0.0,0,1,C,s10-19
worst_acc,cluster_skew_overlap,"F-FCM (post_none_off, L=5)",0.5536363636363635,0.2577272727272728,0,0,C,s10-19
worst_acc,cluster_skew_overlap,GF-PFedFCM (L=5),0.7172727272727274,0.09409090909090889,0,0,C,s10-19
worst_acc,cluster_skew_overlap,ungated PRE (L=1),0.8113636363636363,0.0,0,1,C,s10-19
worst_acc,cluster_skew_overlap,pre_mass_off (L=1),0.8095454545454546,0.0018181818181817189,0,0,C,s10-19
worst_acc,cluster_skew_overlap,pre_mass_off (L=5),0.8036363636363637,0.007727272727272583,0,0,C,s10-19
worst_acc,cluster_skew_overlap,SC-FFCM (L=5),0.8113636363636363,0.0,0,1,C,s10-19
worst_acc,cluster_skew_overlap,"SC-FFCM (L=1, R=50)",0.8113636363636363,0.0,0,1,C,s10-19
worst_acc,dirichlet_0.03,"F-FCM (post_none_off, L=5)",0.6809090909090909,0.3190909090909091,0,0,C,s10-19
worst_acc,dirichlet_0.03,GF-PFedFCM (L=5),0.9600000000000002,0.039999999999999813,0,0,C,s10-19
worst_acc,dirichlet_0.03,ungated PRE (L=1),1.0,0.0,0,1,C,s10-19
worst_acc,dirichlet_0.03,pre_mass_off (L=1),1.0,0.0,0,1,C,s10-19
worst_acc,dirichlet_0.03,pre_mass_off (L=5),0.904090909090909,0.09590909090909105,0,0,C,s10-19
worst_acc,dirichlet_0.03,SC-FFCM (L=5),1.0,0.0,0,1,C,s10-19
worst_acc,dirichlet_0.03,"SC-FFCM (L=1, R=50)",1.0,0.0,0,1,C,s10-19
worst_acc,dirichlet_0.1,"F-FCM (post_none_off, L=5)",0.7404545454545455,0.2318181818181818,0,0,C,s10-19
worst_acc,dirichlet_0.1,GF-PFedFCM (L=5),0.8568181818181818,0.11545454545454548,0,0,C,s10-19
worst_acc,dirichlet_0.1,ungated PRE (L=1),0.9722727272727273,0.0,0,1,C,s10-19
worst_acc,dirichlet_0.1,pre_mass_off (L=1),0.9118181818181819,0.06045454545454543,0,0,C,s10-19
worst_acc,dirichlet_0.1,pre_mass_off (L=5),0.9109090909090909,0.0613636363636364,0,0,C,s10-19
worst_acc,dirichlet_0.1,SC-FFCM (L=5),0.9718181818181819,0.0004545454545453742,0,0,C,s10-19
worst_acc,dirichlet_0.1,"SC-FFCM (L=1, R=50)",0.9709090909090909,0.0013636363636363447,0,0,C,s10-19
worst_acc,overlap_noise,"F-FCM (post_none_off, L=5)",0.8031818181818183,0.06818181818181801,0,0,C,s10-19
worst_acc,overlap_noise,GF-PFedFCM (L=5),0.8313636363636363,0.040000000000000036,0,0,C,s10-19
worst_acc,overlap_noise,ungated PRE (L=1),0.8518181818181819,0.01954545454545442,0,0,C,s10-19
worst_acc,overlap_noise,pre_mass_off (L=1),0.8168181818181818,0.054545454545454564,0,0,C,s10-19
worst_acc,overlap_noise,pre_mass_off (L=5),0.8713636363636363,0.0,0,1,C,s10-19
worst_acc,overlap_noise,SC-FFCM (L=5),0.8422727272727272,0.029090909090909167,0,0,C,s10-19
worst_acc,overlap_noise,"SC-FFCM (L=1, R=50)",0.8386363636363636,0.032727272727272716,0,0,C,s10-19
worst_acc,quantity_skew_extreme,"F-FCM (post_none_off, L=5)",0.6687603202730574,0.33123967972694257,0,0,C,s10-19
worst_acc,quantity_skew_extreme,GF-PFedFCM (L=5),0.6392662183568844,0.36073378164311565,0,0,C,s10-19
worst_acc,quantity_skew_extreme,ungated PRE (L=1),0.7893778482266693,0.21062215177333066,0,0,C,s10-19
worst_acc,quantity_skew_extreme,pre_mass_off (L=1),0.7550506901789842,0.24494930982101581,0,0,C,s10-19
worst_acc,quantity_skew_extreme,pre_mass_off (L=5),0.6807001330398479,0.3192998669601521,0,0,C,s10-19
worst_acc,quantity_skew_extreme,SC-FFCM (L=5),1.0,0.0,0,1,C,s10-19
worst_acc,quantity_skew_extreme,"SC-FFCM (L=1, R=50)",1.0,0.0,0,1,C,s10-19
worst_acc,wine,"F-FCM (post_none_off, L=5)",0.8137426900584795,0.08736842105263154,0,0,C,s10-19
worst_acc,wine,GF-PFedFCM (L=5),0.7951973684210527,0.10591374269005838,0,0,C,s10-19
worst_acc,wine,ungated PRE (L=1),0.8683333333333334,0.032777777777777684,0,0,C,s10-19
worst_acc,wine,pre_mass_off (L=1),0.8861111111111111,0.015000000000000013,0,0,C,s10-19
worst_acc,wine,pre_mass_off (L=5),0.9011111111111111,0.0,0,1,C,s10-19
worst_acc,wine,SC-FFCM (L=5),0.8805555555555555,0.02055555555555555,0,0,C,s10-19
worst_acc,wine,"SC-FFCM (L=1, R=50)",0.875,0.026111111111111085,0,0,C,s10-19
worst_acc,satimage,"F-FCM (post_none_off, L=5)",0.5363228726176668,0.07302635185146789,0,0,C,s10-19
worst_acc,satimage,GF-PFedFCM (L=5),0.4803051553337303,0.12904406913540434,0,0,C,s10-19
worst_acc,satimage,ungated PRE (L=1),0.553874088164919,0.05547513630421563,0,0,C,s10-19
worst_acc,satimage,pre_mass_off (L=1),0.48700264670421234,0.1223465777649223,0,0,C,s10-19
worst_acc,satimage,pre_mass_off (L=5),0.4687535160745898,0.14059570839454483,0,0,C,s10-19
worst_acc,satimage,SC-FFCM (L=5),0.6073287827305877,0.0020204417385469853,0,0,C,s10-19
worst_acc,satimage,"SC-FFCM (L=1, R=50)",0.6093492244691346,0.0,0,1,C,s10-19
worst_acc,pendigits,"F-FCM (post_none_off, L=5)",0.4530298670215639,0.1282431957090634,0,0,C,s10-19
worst_acc,pendigits,GF-PFedFCM (L=5),0.5227384396246818,0.05853462310594548,0,0,C,s10-19
worst_acc,pendigits,ungated PRE (L=1),0.5767527675276753,0.0045202952029519405,0,0,C,s10-19
worst_acc,pendigits,pre_mass_off (L=1),0.5725307131429719,0.008742349587655407,0,0,C,s10-19
worst_acc,pendigits,pre_mass_off (L=5),0.5317462725579347,0.04952679017269257,0,0,C,s10-19
worst_acc,pendigits,SC-FFCM (L=5),0.5744464944649447,0.00682656826568262,0,0,C,s10-19
worst_acc,pendigits,"SC-FFCM (L=1, R=50)",0.5812730627306273,0.0,0,1,C,s10-19
worst_acc,digits_pca16,"F-FCM (post_none_off, L=5)",0.3161715916066744,0.2355233236475629,0,0,C,s10-19
worst_acc,digits_pca16,GF-PFedFCM (L=5),0.4419429097605893,0.109752005493648,0,0,C,s10-19
worst_acc,digits_pca16,ungated PRE (L=1),0.5516949152542373,0.0,0,1,C,s10-19
worst_acc,digits_pca16,pre_mass_off (L=1),0.5320921075158365,0.01960280773840084,0,0,C,s10-19
worst_acc,digits_pca16,pre_mass_off (L=5),0.47136903187300483,0.08032588338123248,0,0,C,s10-19
worst_acc,digits_pca16,SC-FFCM (L=5),0.5187382297551789,0.03295668549905839,0,0,C,s10-19
worst_acc,digits_pca16,"SC-FFCM (L=1, R=50)",0.5493596986817326,0.0023352165725046836,0,0,C,s10-19
worst_acc,digits_pca32,"F-FCM (post_none_off, L=5)",0.2763785102641737,0.3035303250219207,0,0,C,s10-19
worst_acc,digits_pca32,GF-PFedFCM (L=5),0.418772790298214,0.16113604498788037,0,0,C,s10-19
worst_acc,digits_pca32,ungated PRE (L=1),0.5246717171717172,0.05523711811437715,0,0,C,s10-19
worst_acc,digits_pca32,pre_mass_off (L=1),0.5799088352860944,0.0,0,1,C,s10-19
worst_acc,digits_pca32,pre_mass_off (L=5),0.45468584146550245,0.12522299382059193,0,0,C,s10-19
worst_acc,digits_pca32,SC-FFCM (L=5),0.5084934086629002,0.07141542662319422,0,0,C,s10-19
worst_acc,digits_pca32,"SC-FFCM (L=1, R=50)",0.5197204995455065,0.060188335740587906,0,0,C,s10-19
worst_acc,letter,"F-FCM (post_none_off, L=5)",0.21516990291262136,0.020564708649189717,0,0,C,s10-19
worst_acc,letter,GF-PFedFCM (L=5),0.2283373786407767,0.007397232921034391,0,0,C,s10-19
worst_acc,letter,ungated PRE (L=1),0.19605582524271842,0.03967878631909266,0,0,C,s10-19
worst_acc,letter,pre_mass_off (L=1),0.21771844660194173,0.018016164959869352,0,0,C,s10-19
worst_acc,letter,pre_mass_off (L=5),0.23573461156181108,0.0,0,1,C,s10-19
worst_acc,letter,SC-FFCM (L=5),0.20139563106796116,0.034338980493849924,0,0,C,s10-19
worst_acc,letter,"SC-FFCM (L=1, R=50)",0.2076611398096023,0.028073471752208784,0,0,C,s10-19
worst_acc,mnist784_pca32 (20c),"F-FCM (post_none_off, L=5)",0.33161177779988354,0.1659341477892548,0,0,C,s10-19
worst_acc,mnist784_pca32 (20c),GF-PFedFCM (L=5),0.40520656386624837,0.09233936172288998,0,0,C,s10-19
worst_acc,mnist784_pca32 (20c),ungated PRE (L=1),0.43663638719776365,0.060909538391374696,0,0,C,s10-19
worst_acc,mnist784_pca32 (20c),pre_mass_off (L=1),0.49754592558913835,0.0,0,1,C,s10-19
worst_acc,mnist784_pca32 (20c),pre_mass_off (L=5),0.4429638709895382,0.05458205459960014,0,0,C,s10-19
worst_acc,mnist784_pca32 (20c),SC-FFCM (L=5),0.4495621632091205,0.047983762380017836,0,0,C,s10-19
worst_acc,mnist784_pca32 (20c),"SC-FFCM (L=1, R=50)",0.4530860609363315,0.044459864652806824,0,0,C,s10-19
worst_acc,mnist784_pca32 (50c),"F-FCM (post_none_off, L=5)",0.3309552114580336,0.15876629178778257,0,0,C,s10-19
worst_acc,mnist784_pca32 (50c),GF-PFedFCM (L=5),0.3966503195898523,0.09307118365596384,0,0,C,s10-19
worst_acc,mnist784_pca32 (50c),ungated PRE (L=1),0.4259476627124744,0.06377384053334173,0,0,C,s10-19
worst_acc,mnist784_pca32 (50c),pre_mass_off (L=1),0.48972150324581615,0.0,0,1,C,s10-19
worst_acc,mnist784_pca32 (50c),pre_mass_off (L=5),0.45480098934235524,0.034920513903460904,0,0,C,s10-19
worst_acc,mnist784_pca32 (50c),SC-FFCM (L=5),0.45650265798264655,0.033218845263169594,0,0,C,s10-19
worst_acc,mnist784_pca32 (50c),"SC-FFCM (L=1, R=50)",0.4427499385027895,0.04697156474302666,0,0,C,s10-19
gacc,cluster_skew_hard,"F-FCM (post_none_off, L=5)",0.750719696969697,0.24928030303030302,0,0,C,s10-19
gacc,cluster_skew_hard,GF-PFedFCM (L=5),1.0,0.0,0,1,C,s10-19
gacc,cluster_skew_hard,ungated PRE (L=1),1.0,0.0,0,1,C,s10-19
gacc,cluster_skew_hard,pre_mass_off (L=1),0.9638636363636364,0.03613636363636363,0,0,C,s10-19
gacc,cluster_skew_hard,pre_mass_off (L=5),0.9624242424242425,0.037575757575757485,0,0,C,s10-19
gacc,cluster_skew_hard,SC-FFCM (L=5),1.0,0.0,0,1,C,s10-19
gacc,cluster_skew_hard,"SC-FFCM (L=1, R=50)",1.0,0.0,0,1,C,s10-19
gacc,cluster_skew_overlap,"F-FCM (post_none_off, L=5)",0.6474621212121211,0.21772727272727288,0,0,C,s10-19
gacc,cluster_skew_overlap,GF-PFedFCM (L=5),0.8110227272727274,0.054166666666666585,0,0,C,s10-19
gacc,cluster_skew_overlap,ungated PRE (L=1),0.865189393939394,0.0,0,1,C,s10-19
gacc,cluster_skew_overlap,pre_mass_off (L=1),0.8625378787878788,0.0026515151515151825,0,0,C,s10-19
gacc,cluster_skew_overlap,pre_mass_off (L=5),0.8625,0.002689393939393936,0,0,C,s10-19
gacc,cluster_skew_overlap,SC-FFCM (L=5),0.865189393939394,0.0,0,1,C,s10-19
gacc,cluster_skew_overlap,"SC-FFCM (L=1, R=50)",0.865189393939394,0.0,0,1,C,s10-19
gacc,dirichlet_0.03,"F-FCM (post_none_off, L=5)",0.7770833333333333,0.22291666666666665,0,0,C,s10-19
gacc,dirichlet_0.03,GF-PFedFCM (L=5),0.9846212121212121,0.01537878787878788,0,0,C,s10-19
gacc,dirichlet_0.03,ungated PRE (L=1),1.0,0.0,0,1,C,s10-19
gacc,dirichlet_0.03,pre_mass_off (L=1),1.0,0.0,0,1,C,s10-19
gacc,dirichlet_0.03,pre_mass_off (L=5),0.949128787878788,0.05087121212121204,0,0,C,s10-19
gacc,dirichlet_0.03,SC-FFCM (L=5),1.0,0.0,0,1,C,s10-19
gacc,dirichlet_0.03,"SC-FFCM (L=1, R=50)",1.0,0.0,0,1,C,s10-19
gacc,dirichlet_0.1,"F-FCM (post_none_off, L=5)",0.8795833333333333,0.10757575757575755,0,0,C,s10-19
gacc,dirichlet_0.1,GF-PFedFCM (L=5),0.9310227272727273,0.05613636363636354,0,0,C,s10-19
gacc,dirichlet_0.1,ungated PRE (L=1),0.9871590909090908,0.0,0,1,C,s10-19
gacc,dirichlet_0.1,pre_mass_off (L=1),0.9589772727272727,0.028181818181818086,0,0,C,s10-19
gacc,dirichlet_0.1,pre_mass_off (L=5),0.9599621212121212,0.02719696969696961,0,0,C,s10-19
gacc,dirichlet_0.1,SC-FFCM (L=5),0.9870454545454546,0.00011363636363626028,0,0,C,s10-19
gacc,dirichlet_0.1,"SC-FFCM (L=1, R=50)",0.9867045454545454,0.0004545454545453742,0,0,C,s10-19
gacc,overlap_noise,"F-FCM (post_none_off, L=5)",0.8587878787878788,0.042234848484848486,0,0,C,s10-19
gacc,overlap_noise,GF-PFedFCM (L=5),0.8833712121212122,0.017651515151515085,0,0,C,s10-19
gacc,overlap_noise,ungated PRE (L=1),0.8915530303030303,0.009469696969696906,0,0,C,s10-19
gacc,overlap_noise,pre_mass_off (L=1),0.8768939393939394,0.024128787878787805,0,0,C,s10-19
gacc,overlap_noise,pre_mass_off (L=5),0.9010227272727273,0.0,0,1,C,s10-19
gacc,overlap_noise,SC-FFCM (L=5),0.8866287878787877,0.014393939393939514,0,0,C,s10-19
gacc,overlap_noise,"SC-FFCM (L=1, R=50)",0.8840151515151515,0.01700757575757572,0,0,C,s10-19
gacc,quantity_skew_extreme,"F-FCM (post_none_off, L=5)",0.7794679655301611,0.22053203446983893,0,0,C,s10-19
gacc,quantity_skew_extreme,GF-PFedFCM (L=5),0.7551892094417385,0.2448107905582615,0,0,C,s10-19
gacc,quantity_skew_extreme,ungated PRE (L=1),0.8557137504683402,0.1442862495316598,0,0,C,s10-19
gacc,quantity_skew_extreme,pre_mass_off (L=1),0.8279505432746348,0.1720494567253652,0,0,C,s10-19
gacc,quantity_skew_extreme,pre_mass_off (L=5),0.7805919820157363,0.21940801798426368,0,0,C,s10-19
gacc,quantity_skew_extreme,SC-FFCM (L=5),1.0,0.0,0,1,C,s10-19
gacc,quantity_skew_extreme,"SC-FFCM (L=1, R=50)",1.0,0.0,0,1,C,s10-19
gacc,wine,"F-FCM (post_none_off, L=5)",0.9252808988764046,0.04438202247191014,0,0,C,s10-19
gacc,wine,GF-PFedFCM (L=5),0.8938202247191012,0.07584269662921361,0,0,C,s10-19
gacc,wine,ungated PRE (L=1),0.9623595505617979,0.007303370786516883,0,0,C,s10-19
gacc,wine,pre_mass_off (L=1),0.9679775280898877,0.0016853932584270925,0,0,C,s10-19
gacc,wine,pre_mass_off (L=5),0.9696629213483148,0.0,0,1,C,s10-19
gacc,wine,SC-FFCM (L=5),0.9601123595505617,0.009550561797753043,0,0,C,s10-19
gacc,wine,"SC-FFCM (L=1, R=50)",0.9589887640449438,0.010674157303370957,0,0,C,s10-19
gacc,satimage,"F-FCM (post_none_off, L=5)",0.6749144634525661,0.029144634525660962,0,0,C,s10-19
gacc,satimage,GF-PFedFCM (L=5),0.6293779160186627,0.07468118195956441,0,0,C,s10-19
gacc,satimage,ungated PRE (L=1),0.6822239502332815,0.02183514774494555,0,0,C,s10-19
gacc,satimage,pre_mass_off (L=1),0.6446500777604977,0.059409020217729425,0,0,C,s10-19
gacc,satimage,pre_mass_off (L=5),0.6165007776049766,0.08755832037325051,0,0,C,s10-19
gacc,satimage,SC-FFCM (L=5),0.7040590979782271,0.0,0,1,C,s10-19
gacc,satimage,"SC-FFCM (L=1, R=50)",0.7034992223950234,0.000559875583203695,0,0,C,s10-19
gacc,pendigits,"F-FCM (post_none_off, L=5)",0.5129639737991267,0.2273107714701601,0,0,C,s10-19
gacc,pendigits,GF-PFedFCM (L=5),0.6082514556040757,0.13202328966521115,0,0,C,s10-19
gacc,pendigits,ungated PRE (L=1),0.7331604803493449,0.007114264919941937,0,0,C,s10-19
gacc,pendigits,pre_mass_off (L=1),0.6866084425036391,0.053666302765647766,0,0,C,s10-19
gacc,pendigits,pre_mass_off (L=5),0.6146106259097525,0.12566411935953437,0,0,C,s10-19
gacc,pendigits,SC-FFCM (L=5),0.7402747452692868,0.0,0,1,C,s10-19
gacc,pendigits,"SC-FFCM (L=1, R=50)",0.7175673216885008,0.022707423580786035,0,0,C,s10-19
gacc,digits_pca16,"F-FCM (post_none_off, L=5)",0.375180856983862,0.3589872008903729,0,0,C,s10-19
gacc,digits_pca16,GF-PFedFCM (L=5),0.5202559821925432,0.21391207568169168,0,0,C,s10-19
gacc,digits_pca16,ungated PRE (L=1),0.7341680578742349,0.0,0,1,C,s10-19
gacc,digits_pca16,pre_mass_off (L=1),0.7296605453533667,0.004507512520868229,0,0,C,s10-19
gacc,digits_pca16,pre_mass_off (L=5),0.5996104618809126,0.1345575959933223,0,0,C,s10-19
gacc,digits_pca16,SC-FFCM (L=5),0.7249304396215915,0.009237618252643354,0,0,C,s10-19
gacc,digits_pca16,"SC-FFCM (L=1, R=50)",0.7220923761825264,0.012075681691708473,0,0,C,s10-19
gacc,digits_pca32,"F-FCM (post_none_off, L=5)",0.31880912632164715,0.37195325542570956,0,0,C,s10-19
gacc,digits_pca32,GF-PFedFCM (L=5),0.46271563717306624,0.22804674457429047,0,0,C,s10-19
gacc,digits_pca32,ungated PRE (L=1),0.6745130773511409,0.016249304396215858,0,0,C,s10-19
gacc,digits_pca32,pre_mass_off (L=1),0.6907623817473567,0.0,0,1,C,s10-19
gacc,digits_pca32,pre_mass_off (L=5),0.5590428491930997,0.13171953255425706,0,0,C,s10-19
gacc,digits_pca32,SC-FFCM (L=5),0.654869226488592,0.035893155258764686,0,0,C,s10-19
gacc,digits_pca32,"SC-FFCM (L=1, R=50)",0.6750139120756817,0.01574846967167498,0,0,C,s10-19
gacc,letter,"F-FCM (post_none_off, L=5)",0.218235,0.07501999999999998,0,0,C,s10-19
gacc,letter,GF-PFedFCM (L=5),0.233075,0.060179999999999984,0,0,C,s10-19
gacc,letter,ungated PRE (L=1),0.26701500000000006,0.02623999999999993,0,0,C,s10-19
gacc,letter,pre_mass_off (L=1),0.293255,0.0,0,1,C,s10-19
gacc,letter,pre_mass_off (L=5),0.255405,0.037849999999999995,0,0,C,s10-19
gacc,letter,SC-FFCM (L=5),0.268045,0.02521000000000001,0,0,C,s10-19
gacc,letter,"SC-FFCM (L=1, R=50)",0.26417,0.029084999999999972,0,0,C,s10-19
gacc,mnist784_pca32 (20c),"F-FCM (post_none_off, L=5)",0.3430485714285714,0.15759428571428574,0,0,C,s10-19
gacc,mnist784_pca32 (20c),GF-PFedFCM (L=5),0.3750071428571428,0.12563571428571435,0,0,C,s10-19
gacc,mnist784_pca32 (20c),ungated PRE (L=1),0.4780214285714285,0.02262142857142868,0,0,C,s10-19
gacc,mnist784_pca32 (20c),pre_mass_off (L=1),0.5006428571428572,0.0,0,1,C,s10-19
gacc,mnist784_pca32 (20c),pre_mass_off (L=5),0.40835571428571427,0.0922871428571429,0,0,C,s10-19
gacc,mnist784_pca32 (20c),SC-FFCM (L=5),0.4771528571428572,0.023489999999999955,0,0,C,s10-19
gacc,mnist784_pca32 (20c),"SC-FFCM (L=1, R=50)",0.4811528571428571,0.019490000000000063,0,0,C,s10-19
gacc,mnist784_pca32 (50c),"F-FCM (post_none_off, L=5)",0.33850142857142856,0.18967142857142855,0,0,C,s10-19
gacc,mnist784_pca32 (50c),GF-PFedFCM (L=5),0.3797628571428572,0.14840999999999993,0,0,C,s10-19
gacc,mnist784_pca32 (50c),ungated PRE (L=1),0.4657242857142857,0.06244857142857141,0,0,C,s10-19
gacc,mnist784_pca32 (50c),pre_mass_off (L=1),0.5281728571428571,0.0,0,1,C,s10-19
gacc,mnist784_pca32 (50c),pre_mass_off (L=5),0.4162014285714285,0.11197142857142861,0,0,C,s10-19
gacc,mnist784_pca32 (50c),SC-FFCM (L=5),0.48332142857142857,0.04485142857142854,0,0,C,s10-19
gacc,mnist784_pca32 (50c),"SC-FFCM (L=1, R=50)",0.47244857142857144,0.05572428571428567,0,0,C,s10-19
fcm_obj,cluster_skew_hard,"F-FCM (post_none_off, L=5)",8.397323905483438,7.068967407530011,0,0,C,s10-19
fcm_obj,cluster_skew_hard,GF-PFedFCM (L=5),1.288100414443719,0.23773244652206862,0,0,C,s10-19
fcm_obj,cluster_skew_hard,ungated PRE (L=1),1.0406937444866864,0.0,0,1,C,s10-19
fcm_obj,cluster_skew_hard,pre_mass_off (L=1),1.5030838046963657,0.44430944517471793,0,0,C,s10-19
fcm_obj,cluster_skew_hard,pre_mass_off (L=5),1.9136218192341328,0.8387943901575107,0,0,C,s10-19
fcm_obj,cluster_skew_hard,SC-FFCM (L=5),1.0406937444948994,7.891837431018715e-12,0,0,C,s10-19
fcm_obj,cluster_skew_hard,"SC-FFCM (L=1, R=50)",1.040693744486758,6.891595896558465e-14,0,0,C,s10-19
fcm_obj,cluster_skew_overlap,"F-FCM (post_none_off, L=5)",2.7824057362346313,0.32393306454297155,0,0,C,s10-19
fcm_obj,cluster_skew_overlap,GF-PFedFCM (L=5),2.3289799648791902,0.10818258530993566,0,0,C,s10-19
fcm_obj,cluster_skew_overlap,ungated PRE (L=1),2.101621154990288,0.0,0,1,C,s10-19
fcm_obj,cluster_skew_overlap,pre_mass_off (L=1),2.1407963559811414,0.018640467573250382,0,0,C,s10-19
fcm_obj,cluster_skew_overlap,pre_mass_off (L=5),2.5613395225766746,0.218744642199089,0,0,C,s10-19
fcm_obj,cluster_skew_overlap,SC-FFCM (L=5),2.101621156929857,9.228918091579253e-10,0,0,C,s10-19
fcm_obj,cluster_skew_overlap,"SC-FFCM (L=1, R=50)",2.101621155029032,1.843534879355452e-11,0,0,C,s10-19
fcm_obj,dirichlet_0.03,"F-FCM (post_none_off, L=5)",8.527146382943254,7.2217517613517765,0,0,C,s10-19
fcm_obj,dirichlet_0.03,GF-PFedFCM (L=5),1.4455880664773726,0.39381519889507205,0,0,C,s10-19
fcm_obj,dirichlet_0.03,ungated PRE (L=1),1.0371447144666974,0.0,0,1,C,s10-19
fcm_obj,dirichlet_0.03,pre_mass_off (L=1),1.0372419487986804,9.375194283561566e-05,0,0,C,s10-19
fcm_obj,dirichlet_0.03,pre_mass_off (L=5),1.7429381224001772,0.6805158413176705,0,0,C,s10-19
fcm_obj,dirichlet_0.03,SC-FFCM (L=5),1.037144717868562,3.28002883336243e-09,0,0,C,s10-19
fcm_obj,dirichlet_0.03,"SC-FFCM (L=1, R=50)",1.0371447215375895,6.817652344397347e-09,0,0,C,s10-19
fcm_obj,dirichlet_0.1,"F-FCM (post_none_off, L=5)",6.481115716568877,4.763260828184406,0,0,C,s10-19
fcm_obj,dirichlet_0.1,GF-PFedFCM (L=5),1.608342559306222,0.4302009215256843,0,0,C,s10-19
fcm_obj,dirichlet_0.1,ungated PRE (L=1),1.1245570710376154,0.0,0,1,C,s10-19
fcm_obj,dirichlet_0.1,pre_mass_off (L=1),1.2898245331989768,0.14696227200712111,0,0,C,s10-19
fcm_obj,dirichlet_0.1,pre_mass_off (L=5),1.544706120861043,0.37361291893861925,0,0,C,s10-19
fcm_obj,dirichlet_0.1,SC-FFCM (L=5),1.124557139964592,6.129255539444991e-08,0,0,C,s10-19
fcm_obj,dirichlet_0.1,"SC-FFCM (L=1, R=50)",1.125638201390751,0.00096138326900402,0,0,C,s10-19
fcm_obj,overlap_noise,"F-FCM (post_none_off, L=5)",2.5586068233419206,0.106633722540565,0,0,C,s10-19
fcm_obj,overlap_noise,GF-PFedFCM (L=5),2.33233782760552,0.008769174239144984,0,0,C,s10-19
fcm_obj,overlap_noise,ungated PRE (L=1),2.312062944790779,0.0,0,1,C,s10-19
fcm_obj,overlap_noise,pre_mass_off (L=1),2.3641156722830434,0.02251354255278492,0,0,C,s10-19
fcm_obj,overlap_noise,pre_mass_off (L=5),2.366440195738384,0.023518931900241017,0,0,C,s10-19
fcm_obj,overlap_noise,SC-FFCM (L=5),2.313537425112145,0.000637733641589779,0,0,C,s10-19
fcm_obj,overlap_noise,"SC-FFCM (L=1, R=50)",2.314760250008277,0.0011666227442358728,0,0,C,s10-19
fcm_obj,quantity_skew_extreme,"F-FCM (post_none_off, L=5)",3.413645973609431,2.249711554299432,0,0,C,s10-19
fcm_obj,quantity_skew_extreme,GF-PFedFCM (L=5),2.406224679189913,1.290669917928217,0,0,C,s10-19
fcm_obj,quantity_skew_extreme,ungated PRE (L=1),1.5079331548523744,0.4355172839594596,0,0,C,s10-19
fcm_obj,quantity_skew_extreme,pre_mass_off (L=1),1.762842739650147,0.6781852786557868,0,0,C,s10-19
fcm_obj,quantity_skew_extreme,pre_mass_off (L=5),2.2730095328923974,1.163852197673241,0,0,C,s10-19
fcm_obj,quantity_skew_extreme,SC-FFCM (L=5),1.05272062722607,0.00216554739232595,0,0,C,s10-19
fcm_obj,quantity_skew_extreme,"SC-FFCM (L=1, R=50)",1.0504458369830119,0.0,0,1,C,s10-19
fcm_obj,wine,"F-FCM (post_none_off, L=5)",4.103922212995658,0.06747206946604066,0,0,C,s10-19
fcm_obj,wine,GF-PFedFCM (L=5),3.844524208533604,0.0,0,1,C,s10-19
fcm_obj,wine,ungated PRE (L=1),4.052321369548,0.05405016323038195,0,0,C,s10-19
fcm_obj,wine,pre_mass_off (L=1),4.080166608490831,0.061292994184866126,0,0,C,s10-19
fcm_obj,wine,pre_mass_off (L=5),4.113955156392789,0.07008174048199134,0,0,C,s10-19
fcm_obj,wine,SC-FFCM (L=5),4.063489707632078,0.056955161997014135,0,0,C,s10-19
fcm_obj,wine,"SC-FFCM (L=1, R=50)",4.063725299468395,0.05701644183907987,0,0,C,s10-19
fcm_obj,satimage,"F-FCM (post_none_off, L=5)",4.1832124278433485,0.12240597682549995,0,0,C,s10-19
fcm_obj,satimage,GF-PFedFCM (L=5),3.815919885165962,0.02385699030963479,0,0,C,s10-19
fcm_obj,satimage,ungated PRE (L=1),3.727004768519431,0.0,0,1,C,s10-19
fcm_obj,satimage,pre_mass_off (L=1),3.7731807724918824,0.012389574696142627,0,0,C,s10-19
fcm_obj,satimage,pre_mass_off (L=5),3.9681709395282008,0.0647077709816223,0,0,C,s10-19
fcm_obj,satimage,SC-FFCM (L=5),3.7300377537338796,0.0008137862446720878,0,0,C,s10-19
fcm_obj,satimage,"SC-FFCM (L=1, R=50)",3.7539325616534613,0.007225049283939429,0,0,C,s10-19
fcm_obj,pendigits,"F-FCM (post_none_off, L=5)",4.4193193481978215,0.14199179580115345,0,0,C,s10-19
fcm_obj,pendigits,GF-PFedFCM (L=5),4.088899425764241,0.056608321365824776,0,0,C,s10-19
fcm_obj,pendigits,ungated PRE (L=1),3.869834585893404,0.0,0,1,C,s10-19
fcm_obj,pendigits,pre_mass_off (L=1),4.049279886775508,0.04637027679070087,0,0,C,s10-19
fcm_obj,pendigits,pre_mass_off (L=5),4.369259211559582,0.12905580705870892,0,0,C,s10-19
fcm_obj,pendigits,SC-FFCM (L=5),3.8803388833964476,0.00271440478136575,0,0,C,s10-19
fcm_obj,pendigits,"SC-FFCM (L=1, R=50)",3.8954055017640683,0.006607754234219005,0,0,C,s10-19
fcm_obj,digits_pca16,"F-FCM (post_none_off, L=5)",8.244907653656973,0.06938739815400957,0,0,C,s10-19
fcm_obj,digits_pca16,GF-PFedFCM (L=5),7.710968941465149,0.00013406577117077654,0,0,C,s10-19
fcm_obj,digits_pca16,ungated PRE (L=1),7.712582399793922,0.0003433357929485465,0,0,C,s10-19
fcm_obj,digits_pca16,pre_mass_off (L=1),7.887325520648571,0.023008003392127895,0,0,C,s10-19
fcm_obj,digits_pca16,pre_mass_off (L=5),8.345162821069184,0.08239077152507285,0,0,C,s10-19
fcm_obj,digits_pca16,SC-FFCM (L=5),7.7099353030430695,0.0,0,1,C,s10-19
fcm_obj,digits_pca16,"SC-FFCM (L=1, R=50)",7.715678106861022,0.0007448575885825764,0,0,C,s10-19
fcm_obj,digits_pca32,"F-FCM (post_none_off, L=5)",25.20094605299412,0.0749850528875155,0,0,C,s10-19
fcm_obj,digits_pca32,GF-PFedFCM (L=5),23.44306647362389,0.0,0,1,C,s10-19
fcm_obj,digits_pca32,ungated PRE (L=1),23.93610634962435,0.021031373031134178,0,0,C,s10-19
fcm_obj,digits_pca32,pre_mass_off (L=1),24.27908212427012,0.03566153137802346,0,0,C,s10-19
fcm_obj,digits_pca32,pre_mass_off (L=5),25.128036907308825,0.07187500131779764,0,0,C,s10-19
fcm_obj,digits_pca32,SC-FFCM (L=5),24.017145107977214,0.024488205713157334,0,0,C,s10-19
fcm_obj,digits_pca32,"SC-FFCM (L=1, R=50)",23.984205137528004,0.023083100690473084,0,0,C,s10-19
fcm_obj,letter,"F-FCM (post_none_off, L=5)",5.15714440586247,0.07702213545054658,0,0,C,s10-19
fcm_obj,letter,GF-PFedFCM (L=5),4.788336503135194,0.0,0,1,C,s10-19
fcm_obj,letter,ungated PRE (L=1),4.922407433355265,0.027999479596366568,0,0,C,s10-19
fcm_obj,letter,pre_mass_off (L=1),5.0877073038473295,0.06252083589282426,0,0,C,s10-19
fcm_obj,letter,pre_mass_off (L=5),5.305570076145568,0.10801947036757177,0,0,C,s10-19
fcm_obj,letter,SC-FFCM (L=5),4.9087500184000685,0.025147254205303428,0,0,C,s10-19
fcm_obj,letter,"SC-FFCM (L=1, R=50)",4.922480944253858,0.028014831670838583,0,0,C,s10-19
fcm_obj,mnist784_pca32 (20c),"F-FCM (post_none_off, L=5)",24.963919544917722,0.05907453994644692,0,0,C,s10-19
fcm_obj,mnist784_pca32 (20c),GF-PFedFCM (L=5),23.571447148734258,0.0,0,1,C,s10-19
fcm_obj,mnist784_pca32 (20c),ungated PRE (L=1),24.353797220658745,0.033190582953516186,0,0,C,s10-19
fcm_obj,mnist784_pca32 (20c),pre_mass_off (L=1),24.588401662765524,0.04314349083509174,0,0,C,s10-19
fcm_obj,mnist784_pca32 (20c),pre_mass_off (L=5),25.02124280991897,0.06150643412076477,0,0,C,s10-19
fcm_obj,mnist784_pca32 (20c),SC-FFCM (L=5),24.36002946051625,0.033454980799697706,0,0,C,s10-19
fcm_obj,mnist784_pca32 (20c),"SC-FFCM (L=1, R=50)",24.442356815815742,0.03694765372639629,0,0,C,s10-19
fcm_obj,mnist784_pca32 (50c),"F-FCM (post_none_off, L=5)",24.97509817085894,0.06455160300581957,0,0,C,s10-19
fcm_obj,mnist784_pca32 (50c),GF-PFedFCM (L=5),23.460674053132216,0.0,0,1,C,s10-19
fcm_obj,mnist784_pca32 (50c),ungated PRE (L=1),24.349829027044304,0.03789980509078246,0,0,C,s10-19
fcm_obj,mnist784_pca32 (50c),pre_mass_off (L=1),24.596951277221553,0.048433272697790776,0,0,C,s10-19
fcm_obj,mnist784_pca32 (50c),pre_mass_off (L=5),24.948494650661146,0.06341764069350313,0,0,C,s10-19
fcm_obj,mnist784_pca32 (50c),SC-FFCM (L=5),24.329350306708314,0.03702690944040124,0,0,C,s10-19
fcm_obj,mnist784_pca32 (50c),"SC-FFCM (L=1, R=50)",24.413406173361206,0.040609750515748375,0,0,C,s10-19
upload_numbers,cluster_skew_hard,"F-FCM (post_none_off, L=5)",5313.6,3.3411764705882354,0,0,C,s10-19
upload_numbers,cluster_skew_hard,GF-PFedFCM (L=5),5284.8,3.3176470588235296,0,0,C,s10-19
upload_numbers,cluster_skew_hard,ungated PRE (L=1),1224.0,0.0,0,1,C,s10-19
upload_numbers,cluster_skew_hard,pre_mass_off (L=1),6868.8,4.611764705882353,0,0,C,s10-19
upload_numbers,cluster_skew_hard,pre_mass_off (L=5),7200.0,4.882352941176471,0,0,C,s10-19
upload_numbers,cluster_skew_hard,SC-FFCM (L=5),3724.8,2.043137254901961,0,0,C,s10-19
upload_numbers,cluster_skew_hard,"SC-FFCM (L=1, R=50)",3072.0,1.5098039215686274,0,0,C,s10-19
upload_numbers,cluster_skew_overlap,"F-FCM (post_none_off, L=5)",6048.0,1.0895522388059702,0,0,C,s10-19
upload_numbers,cluster_skew_overlap,GF-PFedFCM (L=5),3340.8,0.15422885572139305,0,0,C,s10-19
upload_numbers,cluster_skew_overlap,ungated PRE (L=1),5169.6,0.7860696517412936,0,0,C,s10-19
upload_numbers,cluster_skew_overlap,pre_mass_off (L=1),7200.0,1.4875621890547264,0,0,C,s10-19
upload_numbers,cluster_skew_overlap,pre_mass_off (L=5),2894.4,0.0,0,1,C,s10-19
upload_numbers,cluster_skew_overlap,SC-FFCM (L=5),8812.8,2.044776119402985,0,0,C,s10-19
upload_numbers,cluster_skew_overlap,"SC-FFCM (L=1, R=50)",6816.0,1.3548922056384742,0,0,C,s10-19
upload_numbers,dirichlet_0.03,"F-FCM (post_none_off, L=5)",5587.2,2.6261682242990654,0,0,C,s10-19
upload_numbers,dirichlet_0.03,GF-PFedFCM (L=5),5457.6,2.5420560747663554,0,0,C,s10-19
upload_numbers,dirichlet_0.03,ungated PRE (L=1),1540.8,0.0,0,1,C,s10-19
upload_numbers,dirichlet_0.03,pre_mass_off (L=1),7185.6,3.6635514018691593,0,0,C,s10-19
upload_numbers,dirichlet_0.03,pre_mass_off (L=5),7200.0,3.6728971962616823,0,0,C,s10-19
upload_numbers,dirichlet_0.03,SC-FFCM (L=5),7123.2,3.6230529595015577,0,0,C,s10-19
upload_numbers,dirichlet_0.03,"SC-FFCM (L=1, R=50)",7680.0,3.984423676012461,0,0,C,s10-19
upload_numbers,dirichlet_0.1,"F-FCM (post_none_off, L=5)",4809.6,1.3687943262411348,0,0,C,s10-19
upload_numbers,dirichlet_0.1,GF-PFedFCM (L=5),6998.4,2.4468085106382977,0,0,C,s10-19
upload_numbers,dirichlet_0.1,ungated PRE (L=1),2030.4,0.0,0,1,C,s10-19
upload_numbers,dirichlet_0.1,pre_mass_off (L=1),7084.8,2.4893617021276593,0,0,C,s10-19
upload_numbers,dirichlet_0.1,pre_mass_off (L=5),3513.6,0.730496453900709,0,0,C,s10-19
upload_numbers,dirichlet_0.1,SC-FFCM (L=5),5702.4,1.808510638297872,0,0,C,s10-19
upload_numbers,dirichlet_0.1,"SC-FFCM (L=1, R=50)",6950.4,2.4231678486997636,0,0,C,s10-19
upload_numbers,overlap_noise,"F-FCM (post_none_off, L=5)",4737.6,0.7593582887700535,0,0,C,s10-19
upload_numbers,overlap_noise,GF-PFedFCM (L=5),3052.8,0.1336898395721925,0,0,C,s10-19
upload_numbers,overlap_noise,ungated PRE (L=1),3801.6,0.4117647058823528,0,0,C,s10-19
upload_numbers,overlap_noise,pre_mass_off (L=1),7200.0,1.67379679144385,0,0,C,s10-19
upload_numbers,overlap_noise,pre_mass_off (L=5),2692.8,0.0,0,1,C,s10-19
upload_numbers,overlap_noise,SC-FFCM (L=5),4800.0,0.7825311942959,0,0,C,s10-19
upload_numbers,overlap_noise,"SC-FFCM (L=1, R=50)",4915.2,0.8253119429590016,0,0,C,s10-19
upload_numbers,quantity_skew_extreme,"F-FCM (post_none_off, L=5)",6321.6,0.3384146341463416,0,0,C,s10-19
upload_numbers,quantity_skew_extreme,GF-PFedFCM (L=5),7113.6,0.5060975609756099,0,0,C,s10-19
upload_numbers,quantity_skew_extreme,ungated PRE (L=1),4723.2,0.0,0,1,C,s10-19
upload_numbers,quantity_skew_extreme,pre_mass_off (L=1),5025.6,0.06402439024390255,0,0,C,s10-19
upload_numbers,quantity_skew_extreme,pre_mass_off (L=5),7200.0,0.524390243902439,0,0,C,s10-19
upload_numbers,quantity_skew_extreme,SC-FFCM (L=5),9196.8,0.9471544715447153,0,0,C,s10-19
upload_numbers,quantity_skew_extreme,"SC-FFCM (L=1, R=50)",6585.6,0.39430894308943104,0,0,C,s10-19
upload_numbers,wine,"F-FCM (post_none_off, L=5)",17220.0,1.9496402877697843,0,0,C,s10-19
upload_numbers,wine,GF-PFedFCM (L=5),20748.0,2.553956834532374,0,0,C,s10-19
upload_numbers,wine,ungated PRE (L=1),9366.0,0.60431654676259,0,0,C,s10-19
upload_numbers,wine,pre_mass_off (L=1),21000.0,2.597122302158273,0,0,C,s10-19
upload_numbers,wine,pre_mass_off (L=5),5838.0,0.0,0,1,C,s10-19
upload_numbers,wine,SC-FFCM (L=5),39000.0,5.680369989722507,0,0,C,s10-19
upload_numbers,wine,"SC-FFCM (L=1, R=50)",39000.0,5.680369989722507,0,0,C,s10-19
upload_numbers,satimage,"F-FCM (post_none_off, L=5)",111000.0,0.8867924528301887,0,0,C,s10-19
upload_numbers,satimage,GF-PFedFCM (L=5),76590.0,0.3018867924528302,0,0,C,s10-19
upload_numbers,satimage,ungated PRE (L=1),111000.0,0.8867924528301887,0,0,C,s10-19
upload_numbers,satimage,pre_mass_off (L=1),111000.0,0.8867924528301887,0,0,C,s10-19
upload_numbers,satimage,pre_mass_off (L=5),58830.0,0.0,0,1,C,s10-19
upload_numbers,satimage,SC-FFCM (L=5),216000.0,2.671596124426313,0,0,C,s10-19
upload_numbers,satimage,"SC-FFCM (L=1, R=50)",216000.0,2.671596124426313,0,0,C,s10-19
upload_numbers,pendigits,"F-FCM (post_none_off, L=5)",70380.0,0.0,0,1,C,s10-19
upload_numbers,pendigits,GF-PFedFCM (L=5),76330.0,0.08454106280193237,0,0,C,s10-19
upload_numbers,pendigits,ungated PRE (L=1),84320.0,0.19806763285024154,0,0,C,s10-19
upload_numbers,pendigits,pre_mass_off (L=1),85000.0,0.20772946859903382,0,0,C,s10-19
upload_numbers,pendigits,pre_mass_off (L=5),85000.0,0.20772946859903382,0,0,C,s10-19
upload_numbers,pendigits,SC-FFCM (L=5),151680.0,1.155157715260017,0,0,C,s10-19
upload_numbers,pendigits,"SC-FFCM (L=1, R=50)",160000.0,1.2733731173628873,0,0,C,s10-19
upload_numbers,digits_pca16,"F-FCM (post_none_off, L=5)",84660.0,0.035343035343035345,0,0,C,s10-19
upload_numbers,digits_pca16,GF-PFedFCM (L=5),81770.0,0.0,0,1,C,s10-19
upload_numbers,digits_pca16,ungated PRE (L=1),85000.0,0.0395010395010395,0,0,C,s10-19
upload_numbers,digits_pca16,pre_mass_off (L=1),83980.0,0.02702702702702703,0,0,C,s10-19
upload_numbers,digits_pca16,pre_mass_off (L=5),83300.0,0.018711018711018712,0,0,C,s10-19
upload_numbers,digits_pca16,SC-FFCM (L=5),160000.0,0.9567078390607803,0,0,C,s10-19
upload_numbers,digits_pca16,"SC-FFCM (L=1, R=50)",160000.0,0.9567078390607803,0,0,C,s10-19
upload_numbers,digits_pca32,"F-FCM (post_none_off, L=5)",165000.0,0.0,0,1,C,s10-19
upload_numbers,digits_pca32,GF-PFedFCM (L=5),165000.0,0.0,0,1,C,s10-19
upload_numbers,digits_pca32,ungated PRE (L=1),165000.0,0.0,0,1,C,s10-19
upload_numbers,digits_pca32,pre_mass_off (L=1),165000.0,0.0,0,1,C,s10-19
upload_numbers,digits_pca32,pre_mass_off (L=5),165000.0,0.0,0,1,C,s10-19
upload_numbers,digits_pca32,SC-FFCM (L=5),320000.0,0.9393939393939394,0,0,C,s10-19
upload_numbers,digits_pca32,"SC-FFCM (L=1, R=50)",320000.0,0.9393939393939394,0,0,C,s10-19
upload_numbers,letter,"F-FCM (post_none_off, L=5)",221000.0,0.0,0,1,C,s10-19
upload_numbers,letter,GF-PFedFCM (L=5),221000.0,0.0,0,1,C,s10-19
upload_numbers,letter,ungated PRE (L=1),221000.0,0.0,0,1,C,s10-19
upload_numbers,letter,pre_mass_off (L=1),221000.0,0.0,0,1,C,s10-19
upload_numbers,letter,pre_mass_off (L=5),221000.0,0.0,0,1,C,s10-19
upload_numbers,letter,SC-FFCM (L=5),416000.0,0.8823529411764706,0,0,C,s10-19
upload_numbers,letter,"SC-FFCM (L=1, R=50)",416000.0,0.8823529411764706,0,0,C,s10-19
upload_numbers,mnist784_pca32 (20c),"F-FCM (post_none_off, L=5)",330000.0,0.0,0,1,C,s10-19
upload_numbers,mnist784_pca32 (20c),GF-PFedFCM (L=5),330000.0,0.0,0,1,C,s10-19
upload_numbers,mnist784_pca32 (20c),ungated PRE (L=1),330000.0,0.0,0,1,C,s10-19
upload_numbers,mnist784_pca32 (20c),pre_mass_off (L=1),330000.0,0.0,0,1,C,s10-19
upload_numbers,mnist784_pca32 (20c),pre_mass_off (L=5),330000.0,0.0,0,1,C,s10-19
upload_numbers,mnist784_pca32 (20c),SC-FFCM (L=5),640000.0,0.9393939393939394,0,0,C,s10-19
upload_numbers,mnist784_pca32 (20c),"SC-FFCM (L=1, R=50)",640000.0,0.9393939393939394,0,0,C,s10-19
upload_numbers,mnist784_pca32 (50c),"F-FCM (post_none_off, L=5)",825000.0,0.0,0,1,C,s10-19
upload_numbers,mnist784_pca32 (50c),GF-PFedFCM (L=5),825000.0,0.0,0,1,C,s10-19
upload_numbers,mnist784_pca32 (50c),ungated PRE (L=1),825000.0,0.0,0,1,C,s10-19
upload_numbers,mnist784_pca32 (50c),pre_mass_off (L=1),825000.0,0.0,0,1,C,s10-19
upload_numbers,mnist784_pca32 (50c),pre_mass_off (L=5),825000.0,0.0,0,1,C,s10-19
upload_numbers,mnist784_pca32 (50c),SC-FFCM (L=5),1600000.0,0.9393939393939394,0,0,C,s10-19
upload_numbers,mnist784_pca32 (50c),"SC-FFCM (L=1, R=50)",1600000.0,0.9393939393939394,0,0,C,s10-19
mean_acc,cluster_skew_hard,"F-FCM (post_none_off, L=5)",0.8692424242424244,0.13075757575757563,0,0,C,s20-29
mean_acc,cluster_skew_hard,GF-PFedFCM (L=5),0.9990530303030303,0.0009469696969697239,0,0,C,s20-29
mean_acc,cluster_skew_hard,ungated PRE (L=1),1.0,0.0,0,1,C,s20-29
mean_acc,cluster_skew_hard,pre_mass_off (L=1),0.9869318181818182,0.013068181818181812,0,0,C,s20-29
mean_acc,cluster_skew_hard,pre_mass_off (L=5),0.9699242424242425,0.030075757575757534,0,0,C,s20-29
mean_acc,cluster_skew_hard,SC-FFCM (L=5),1.0,0.0,0,1,C,s20-29
mean_acc,cluster_skew_hard,"SC-FFCM (L=1, R=50)",1.0,0.0,0,1,C,s20-29
mean_acc,cluster_skew_overlap,"F-FCM (post_none_off, L=5)",0.7353787878787877,0.13314393939393954,0,0,C,s20-29
mean_acc,cluster_skew_overlap,GF-PFedFCM (L=5),0.815909090909091,0.05261363636363625,0,0,C,s20-29
mean_acc,cluster_skew_overlap,ungated PRE (L=1),0.8684469696969698,7.575757575750686e-05,0,0,C,s20-29
mean_acc,cluster_skew_overlap,pre_mass_off (L=1),0.8685227272727273,0.0,0,1,C,s20-29
mean_acc,cluster_skew_overlap,pre_mass_off (L=5),0.8662878787878789,0.0022348484848483396,0,0,C,s20-29
mean_acc,cluster_skew_overlap,SC-FFCM (L=5),0.8684469696969698,7.575757575750686e-05,0,0,C,s20-29
mean_acc,cluster_skew_overlap,"SC-FFCM (L=1, R=50)",0.8684469696969698,7.575757575750686e-05,0,0,C,s20-29
mean_acc,dirichlet_0.03,"F-FCM (post_none_off, L=5)",0.9435984848484849,0.03810606060606059,0,0,C,s20-29
mean_acc,dirichlet_0.03,GF-PFedFCM (L=5),0.9809469696969696,0.0007575757575758457,0,0,C,s20-29
mean_acc,dirichlet_0.03,ungated PRE (L=1),0.9816666666666667,3.787878787875343e-05,0,0,C,s20-29
mean_acc,dirichlet_0.03,pre_mass_off (L=1),0.9282954545454546,0.05340909090909085,0,0,C,s20-29
mean_acc,dirichlet_0.03,pre_mass_off (L=5),0.9210984848484847,0.060606060606060774,0,0,C,s20-29
mean_acc,dirichlet_0.03,SC-FFCM (L=5),0.9817045454545454,0.0,0,1,C,s20-29
mean_acc,dirichlet_0.03,"SC-FFCM (L=1, R=50)",0.9817045454545454,0.0,0,1,C,s20-29
mean_acc,dirichlet_0.1,"F-FCM (post_none_off, L=5)",0.9140151515151513,0.08598484848484866,0,0,C,s20-29
mean_acc,dirichlet_0.1,GF-PFedFCM (L=5),0.9558333333333333,0.04416666666666669,0,0,C,s20-29
mean_acc,dirichlet_0.1,ungated PRE (L=1),1.0,0.0,0,1,C,s20-29
mean_acc,dirichlet_0.1,pre_mass_off (L=1),0.9698106060606062,0.030189393939393794,0,0,C,s20-29
mean_acc,dirichlet_0.1,pre_mass_off (L=5),0.959128787878788,0.04087121212121203,0,0,C,s20-29
mean_acc,dirichlet_0.1,SC-FFCM (L=5),1.0,0.0,0,1,C,s20-29
mean_acc,dirichlet_0.1,"SC-FFCM (L=1, R=50)",1.0,0.0,0,1,C,s20-29
mean_acc,overlap_noise,"F-FCM (post_none_off, L=5)",0.8359848484848484,0.06814393939393959,0,0,C,s20-29
mean_acc,overlap_noise,GF-PFedFCM (L=5),0.8951136363636362,0.009015151515151865,0,0,C,s20-29
mean_acc,overlap_noise,ungated PRE (L=1),0.904128787878788,0.0,0,1,C,s20-29
mean_acc,overlap_noise,pre_mass_off (L=1),0.8683333333333334,0.03579545454545463,0,0,C,s20-29
mean_acc,overlap_noise,pre_mass_off (L=5),0.8695833333333333,0.03454545454545477,0,0,C,s20-29
mean_acc,overlap_noise,SC-FFCM (L=5),0.904128787878788,0.0,0,1,C,s20-29
mean_acc,overlap_noise,"SC-FFCM (L=1, R=50)",0.904128787878788,0.0,0,1,C,s20-29
mean_acc,quantity_skew_extreme,"F-FCM (post_none_off, L=5)",0.8805827112758724,0.1194172887241276,0,0,C,s20-29
mean_acc,quantity_skew_extreme,GF-PFedFCM (L=5),0.860546222663946,0.13945377733605402,0,0,C,s20-29
mean_acc,quantity_skew_extreme,ungated PRE (L=1),0.9464259418097152,0.05357405819028482,0,0,C,s20-29
mean_acc,quantity_skew_extreme,pre_mass_off (L=1),0.9423114657559131,0.05768853424408693,0,0,C,s20-29
mean_acc,quantity_skew_extreme,pre_mass_off (L=5),0.8949500223546993,0.10504997764530066,0,0,C,s20-29
mean_acc,quantity_skew_extreme,SC-FFCM (L=5),1.0,0.0,0,1,C,s20-29
mean_acc,quantity_skew_extreme,"SC-FFCM (L=1, R=50)",1.0,0.0,0,1,C,s20-29
mean_acc,wine,"F-FCM (post_none_off, L=5)",0.9208895338837289,0.0482098813209495,0,0,C,s20-29
mean_acc,wine,GF-PFedFCM (L=5),0.913234391124871,0.05586502407980731,0,0,C,s20-29
mean_acc,wine,ungated PRE (L=1),0.963657894736842,0.005441520467836303,0,0,C,s20-29
mean_acc,wine,pre_mass_off (L=1),0.9690994152046783,0.0,0,1,C,s20-29
mean_acc,wine,pre_mass_off (L=5),0.9687472910216719,0.00035212418300645254,0,0,C,s20-29
mean_acc,wine,SC-FFCM (L=5),0.9614000687994496,0.007699346405228735,0,0,C,s20-29
mean_acc,wine,"SC-FFCM (L=1, R=50)",0.9608737530099759,0.008225662194702443,0,0,C,s20-29
mean_acc,satimage,"F-FCM (post_none_off, L=5)",0.6827161028825587,0.037576175840354775,0,0,C,s20-29
mean_acc,satimage,GF-PFedFCM (L=5),0.6597077926175986,0.06058448610531486,0,0,C,s20-29
mean_acc,satimage,ungated PRE (L=1),0.7104092629032333,0.009883015819680208,0,0,C,s20-29
mean_acc,satimage,pre_mass_off (L=1),0.6884994101684866,0.03179286855442687,0,0,C,s20-29
mean_acc,satimage,pre_mass_off (L=5),0.6604258660556488,0.05986641266726467,0,0,C,s20-29
mean_acc,satimage,SC-FFCM (L=5),0.7202922787229135,0.0,0,1,C,s20-29
mean_acc,satimage,"SC-FFCM (L=1, R=50)",0.7197394565688504,0.0005528221540630485,0,0,C,s20-29
mean_acc,pendigits,"F-FCM (post_none_off, L=5)",0.5028645471516154,0.25753589927804543,0,0,C,s20-29
mean_acc,pendigits,GF-PFedFCM (L=5),0.6293745101272736,0.13102593630238724,0,0,C,s20-29
mean_acc,pendigits,ungated PRE (L=1),0.7604004464296609,0.0,0,1,C,s20-29
mean_acc,pendigits,pre_mass_off (L=1),0.7300776743558217,0.030322772073839155,0,0,C,s20-29
mean_acc,pendigits,pre_mass_off (L=5),0.6548383622567815,0.10556208417287938,0,0,C,s20-29
mean_acc,pendigits,SC-FFCM (L=5),0.7465360465423516,0.013864399887309253,0,0,C,s20-29
mean_acc,pendigits,"SC-FFCM (L=1, R=50)",0.7333037551972964,0.027096691232364467,0,0,C,s20-29
mean_acc,digits_pca16,"F-FCM (post_none_off, L=5)",0.41312637120114726,0.35942050325398345,0,0,C,s20-29
mean_acc,digits_pca16,GF-PFedFCM (L=5),0.6190302568279406,0.15351661762719016,0,0,C,s20-29
mean_acc,digits_pca16,ungated PRE (L=1),0.7725468744551307,0.0,0,1,C,s20-29
mean_acc,digits_pca16,pre_mass_off (L=1),0.747209017027627,0.02533785742750372,0,0,C,s20-29
mean_acc,digits_pca16,pre_mass_off (L=5),0.6807389326412572,0.09180794181387353,0,0,C,s20-29
mean_acc,digits_pca16,SC-FFCM (L=5),0.7629401948407725,0.009606679614358238,0,0,C,s20-29
mean_acc,digits_pca16,"SC-FFCM (L=1, R=50)",0.7707208090263482,0.0018260654287824973,0,0,C,s20-29
mean_acc,digits_pca32,"F-FCM (post_none_off, L=5)",0.3758754267359128,0.43071857462710117,0,0,C,s20-29
mean_acc,digits_pca32,GF-PFedFCM (L=5),0.5538709731940685,0.25272302816894543,0,0,C,s20-29
mean_acc,digits_pca32,ungated PRE (L=1),0.7652435031764948,0.04135049818651915,0,0,C,s20-29
mean_acc,digits_pca32,pre_mass_off (L=1),0.806594001363014,0.0,0,1,C,s20-29
mean_acc,digits_pca32,pre_mass_off (L=5),0.6768299457962911,0.12976405556672288,0,0,C,s20-29
mean_acc,digits_pca32,SC-FFCM (L=5),0.762947459546292,0.043646541816722007,0,0,C,s20-29
mean_acc,digits_pca32,"SC-FFCM (L=1, R=50)",0.7583451892071618,0.048248812155852194,0,0,C,s20-29
mean_acc,letter,"F-FCM (post_none_off, L=5)",0.26363835608590674,0.06891721034196635,0,0,C,s20-29
mean_acc,letter,GF-PFedFCM (L=5),0.2751758570362254,0.057379709391647715,0,0,C,s20-29
mean_acc,letter,ungated PRE (L=1),0.29915257551586716,0.033402990912005937,0,0,C,s20-29
mean_acc,letter,pre_mass_off (L=1),0.3325555664278731,0.0,0,1,C,s20-29
mean_acc,letter,pre_mass_off (L=5),0.3022102393475315,0.0303453270803416,0,0,C,s20-29
mean_acc,letter,SC-FFCM (L=5),0.2969480916350026,0.03560747479287052,0,0,C,s20-29
mean_acc,letter,"SC-FFCM (L=1, R=50)",0.29438113490730233,0.03817443152057076,0,0,C,s20-29
mean_acc,mnist784_pca32 (20c),"F-FCM (post_none_off, L=5)",0.40054732627857403,0.23311960038466284,0,0,C,s20-29
mean_acc,mnist784_pca32 (20c),GF-PFedFCM (L=5),0.4944728563975951,0.1391940702656418,0,0,C,s20-29
mean_acc,mnist784_pca32 (20c),ungated PRE (L=1),0.5209976523580008,0.1126692743052361,0,0,C,s20-29
mean_acc,mnist784_pca32 (20c),pre_mass_off (L=1),0.6336669266632369,0.0,0,1,C,s20-29
mean_acc,mnist784_pca32 (20c),pre_mass_off (L=5),0.5329136144563137,0.10075331220692318,0,0,C,s20-29
mean_acc,mnist784_pca32 (20c),SC-FFCM (L=5),0.5344793639377516,0.09918756272548523,0,0,C,s20-29
mean_acc,mnist784_pca32 (20c),"SC-FFCM (L=1, R=50)",0.5454026705252071,0.0882642561380298,0,0,C,s20-29
mean_acc,mnist784_pca32 (50c),"F-FCM (post_none_off, L=5)",0.4065378229941891,0.1986288644274557,0,0,C,s20-29
mean_acc,mnist784_pca32 (50c),GF-PFedFCM (L=5),0.48615780499805955,0.11900888242358526,0,0,C,s20-29
mean_acc,mnist784_pca32 (50c),ungated PRE (L=1),0.5326937049459671,0.07247298247567768,0,0,C,s20-29
mean_acc,mnist784_pca32 (50c),pre_mass_off (L=1),0.6051666874216448,0.0,0,1,C,s20-29
mean_acc,mnist784_pca32 (50c),pre_mass_off (L=5),0.5387971575243726,0.06636952989727218,0,0,C,s20-29
mean_acc,mnist784_pca32 (50c),SC-FFCM (L=5),0.5430429244803461,0.06212376294129873,0,0,C,s20-29
mean_acc,mnist784_pca32 (50c),"SC-FFCM (L=1, R=50)",0.5578229500049952,0.047343737416649656,0,0,C,s20-29
worst_acc,cluster_skew_hard,"F-FCM (post_none_off, L=5)",0.6136363636363636,0.38636363636363635,0,0,C,s20-29
worst_acc,cluster_skew_hard,GF-PFedFCM (L=5),0.9886363636363636,0.011363636363636354,0,0,C,s20-29
worst_acc,cluster_skew_hard,ungated PRE (L=1),1.0,0.0,0,1,C,s20-29
worst_acc,cluster_skew_hard,pre_mass_off (L=1),0.9545454545454545,0.045454545454545525,0,0,C,s20-29
worst_acc,cluster_skew_hard,pre_mass_off (L=5),0.9081818181818182,0.0918181818181818,0,0,C,s20-29
worst_acc,cluster_skew_hard,SC-FFCM (L=5),1.0,0.0,0,1,C,s20-29
worst_acc,cluster_skew_hard,"SC-FFCM (L=1, R=50)",1.0,0.0,0,1,C,s20-29
worst_acc,cluster_skew_overlap,"F-FCM (post_none_off, L=5)",0.6040909090909092,0.2013636363636362,0,0,C,s20-29
worst_acc,cluster_skew_overlap,GF-PFedFCM (L=5),0.7163636363636362,0.08909090909090922,0,0,C,s20-29
worst_acc,cluster_skew_overlap,ungated PRE (L=1),0.8049999999999999,0.00045454545454548523,0,0,C,s20-29
worst_acc,cluster_skew_overlap,pre_mass_off (L=1),0.8054545454545454,0.0,0,1,C,s20-29
worst_acc,cluster_skew_overlap,pre_mass_off (L=5),0.7949999999999999,0.010454545454545494,0,0,C,s20-29
worst_acc,cluster_skew_overlap,SC-FFCM (L=5),0.8049999999999999,0.00045454545454548523,0,0,C,s20-29
worst_acc,cluster_skew_overlap,"SC-FFCM (L=1, R=50)",0.8049999999999999,0.00045454545454548523,0,0,C,s20-29
worst_acc,dirichlet_0.03,"F-FCM (post_none_off, L=5)",0.7913636363636364,0.160909090909091,0,0,C,s20-29
worst_acc,dirichlet_0.03,GF-PFedFCM (L=5),0.9509090909090909,0.0013636363636364557,0,0,C,s20-29
worst_acc,dirichlet_0.03,ungated PRE (L=1),0.9522727272727274,0.0,0,1,C,s20-29
worst_acc,dirichlet_0.03,pre_mass_off (L=1),0.824090909090909,0.1281818181818184,0,0,C,s20-29
worst_acc,dirichlet_0.03,pre_mass_off (L=5),0.7827272727272727,0.16954545454545467,0,0,C,s20-29
worst_acc,dirichlet_0.03,SC-FFCM (L=5),0.9518181818181818,0.00045454545454559625,0,0,C,s20-29
worst_acc,dirichlet_0.03,"SC-FFCM (L=1, R=50)",0.9518181818181818,0.00045454545454559625,0,0,C,s20-29
worst_acc,dirichlet_0.1,"F-FCM (post_none_off, L=5)",0.7077272727272728,0.29227272727272724,0,0,C,s20-29
worst_acc,dirichlet_0.1,GF-PFedFCM (L=5),0.8927272727272728,0.10727272727272719,0,0,C,s20-29
worst_acc,dirichlet_0.1,ungated PRE (L=1),1.0,0.0,0,1,C,s20-29
worst_acc,dirichlet_0.1,pre_mass_off (L=1),0.9209090909090909,0.0790909090909091,0,0,C,s20-29
worst_acc,dirichlet_0.1,pre_mass_off (L=5),0.9022727272727273,0.09772727272727266,0,0,C,s20-29
worst_acc,dirichlet_0.1,SC-FFCM (L=5),1.0,0.0,0,1,C,s20-29
worst_acc,dirichlet_0.1,"SC-FFCM (L=1, R=50)",1.0,0.0,0,1,C,s20-29
worst_acc,overlap_noise,"F-FCM (post_none_off, L=5)",0.7577272727272727,0.11818181818181828,0,0,C,s20-29
worst_acc,overlap_noise,GF-PFedFCM (L=5),0.8636363636363635,0.012272727272727435,0,0,C,s20-29
worst_acc,overlap_noise,ungated PRE (L=1),0.875909090909091,0.0,0,1,C,s20-29
worst_acc,overlap_noise,pre_mass_off (L=1),0.8027272727272727,0.07318181818181824,0,0,C,s20-29
worst_acc,overlap_noise,pre_mass_off (L=5),0.8118181818181818,0.0640909090909092,0,0,C,s20-29
worst_acc,overlap_noise,SC-FFCM (L=5),0.875909090909091,0.0,0,1,C,s20-29
worst_acc,overlap_noise,"SC-FFCM (L=1, R=50)",0.875909090909091,0.0,0,1,C,s20-29
worst_acc,quantity_skew_extreme,"F-FCM (post_none_off, L=5)",0.6986734693877551,0.3013265306122449,0,0,C,s20-29
worst_acc,quantity_skew_extreme,GF-PFedFCM (L=5),0.5975499143603507,0.40245008563964935,0,0,C,s20-29
worst_acc,quantity_skew_extreme,ungated PRE (L=1),0.869795918367347,0.13020408163265296,0,0,C,s20-29
worst_acc,quantity_skew_extreme,pre_mass_off (L=1),0.8663811835413776,0.1336188164586224,0,0,C,s20-29
worst_acc,quantity_skew_extreme,pre_mass_off (L=5),0.7338377045633284,0.2661622954366716,0,0,C,s20-29
worst_acc,quantity_skew_extreme,SC-FFCM (L=5),1.0,0.0,0,1,C,s20-29
worst_acc,quantity_skew_extreme,"SC-FFCM (L=1, R=50)",1.0,0.0,0,1,C,s20-29
worst_acc,wine,"F-FCM (post_none_off, L=5)",0.8011695906432749,0.08947368421052637,0,0,C,s20-29
worst_acc,wine,GF-PFedFCM (L=5),0.7786184210526316,0.11202485380116967,0,0,C,s20-29
worst_acc,wine,ungated PRE (L=1),0.8839181286549709,0.006725146198830356,0,0,C,s20-29
worst_acc,wine,pre_mass_off (L=1),0.8894736842105264,0.0011695906432748204,0,0,C,s20-29
worst_acc,wine,pre_mass_off (L=5),0.8906432748538012,0.0,0,1,C,s20-29
worst_acc,wine,SC-FFCM (L=5),0.8616959064327485,0.02894736842105272,0,0,C,s20-29
worst_acc,wine,"SC-FFCM (L=1, R=50)",0.8616959064327485,0.02894736842105272,0,0,C,s20-29
worst_acc,satimage,"F-FCM (post_none_off, L=5)",0.5029369936561163,0.10953473761829768,0,0,C,s20-29
worst_acc,satimage,GF-PFedFCM (L=5),0.49572080382799893,0.11675092744641508,0,0,C,s20-29
worst_acc,satimage,ungated PRE (L=1),0.5621652490341591,0.05030648224025491,0,0,C,s20-29
worst_acc,satimage,pre_mass_off (L=1),0.49929877824869795,0.11317295302571606,0,0,C,s20-29
worst_acc,satimage,pre_mass_off (L=5),0.4795856826029855,0.1328860486714285,0,0,C,s20-29
worst_acc,satimage,SC-FFCM (L=5),0.6109569607007853,0.0015147705736286987,0,0,C,s20-29
worst_acc,satimage,"SC-FFCM (L=1, R=50)",0.612471731274414,0.0,0,1,C,s20-29
worst_acc,pendigits,"F-FCM (post_none_off, L=5)",0.4355009607699764,0.18451748941452545,0,0,C,s20-29
worst_acc,pendigits,GF-PFedFCM (L=5),0.4885541970627079,0.13146425312179394,0,0,C,s20-29
worst_acc,pendigits,ungated PRE (L=1),0.6200184501845019,0.0,0,1,C,s20-29
worst_acc,pendigits,pre_mass_off (L=1),0.5669586953934055,0.05305975479109637,0,0,C,s20-29
worst_acc,pendigits,pre_mass_off (L=5),0.5204484647598563,0.09956998542464557,0,0,C,s20-29
worst_acc,pendigits,SC-FFCM (L=5),0.5663284132841329,0.053690036900369,0,0,C,s20-29
worst_acc,pendigits,"SC-FFCM (L=1, R=50)",0.5759580492118286,0.044060400972673275,0,0,C,s20-29
worst_acc,digits_pca16,"F-FCM (post_none_off, L=5)",0.31871700429711475,0.24446566990250856,0,0,C,s20-29
worst_acc,digits_pca16,GF-PFedFCM (L=5),0.44119658119658123,0.12198609300304208,0,0,C,s20-29
worst_acc,digits_pca16,ungated PRE (L=1),0.5631826741996233,0.0,0,1,C,s20-29
worst_acc,digits_pca16,pre_mass_off (L=1),0.5346134225982526,0.028569251601370693,0,0,C,s20-29
worst_acc,digits_pca16,pre_mass_off (L=5),0.44404772023556555,0.11913495396405777,0,0,C,s20-29
worst_acc,digits_pca16,SC-FFCM (L=5),0.5407062146892656,0.022476459510357705,0,0,C,s20-29
worst_acc,digits_pca16,"SC-FFCM (L=1, R=50)",0.5435083889744907,0.019674285225132593,0,0,C,s20-29
worst_acc,digits_pca32,"F-FCM (post_none_off, L=5)",0.299659300184162,0.29581707372441535,0,0,C,s20-29
worst_acc,digits_pca32,GF-PFedFCM (L=5),0.39044817970887824,0.2050281941996991,0,0,C,s20-29
worst_acc,digits_pca32,ungated PRE (L=1),0.5227777777777779,0.07269859613079943,0,0,C,s20-29
worst_acc,digits_pca32,pre_mass_off (L=1),0.5954763739085773,0.0,0,1,C,s20-29
worst_acc,digits_pca32,pre_mass_off (L=5),0.46914211024380525,0.12633426366477207,0,0,C,s20-29
worst_acc,digits_pca32,SC-FFCM (L=5),0.5651978906216194,0.030278483286957925,0,0,C,s20-29
worst_acc,digits_pca32,"SC-FFCM (L=1, R=50)",0.5429566854990584,0.05251968840951893,0,0,C,s20-29
worst_acc,letter,"F-FCM (post_none_off, L=5)",0.2179145676397006,0.013334520154889923,0,0,C,s20-29
worst_acc,letter,GF-PFedFCM (L=5),0.21462378640776697,0.016625301386823554,0,0,C,s20-29
worst_acc,letter,ungated PRE (L=1),0.18652912621359224,0.04471996158099828,0,0,C,s20-29
worst_acc,letter,pre_mass_off (L=1),0.20989077669902914,0.021358311095561383,0,0,C,s20-29
worst_acc,letter,pre_mass_off (L=5),0.23124908779459052,0.0,0,1,C,s20-29
worst_acc,letter,SC-FFCM (L=5),0.19811556718051793,0.0331335206140726,0,0,C,s20-29
worst_acc,letter,"SC-FFCM (L=1, R=50)",0.19733009708737864,0.03391899070721188,0,0,C,s20-29
worst_acc,mnist784_pca32 (20c),"F-FCM (post_none_off, L=5)",0.32577798209191344,0.18922288430353607,0,0,C,s20-29
worst_acc,mnist784_pca32 (20c),GF-PFedFCM (L=5),0.3873680649936889,0.1276328014017606,0,0,C,s20-29
worst_acc,mnist784_pca32 (20c),ungated PRE (L=1),0.4330762082192455,0.08192465817620403,0,0,C,s20-29
worst_acc,mnist784_pca32 (20c),pre_mass_off (L=1),0.5150008663954495,0.0,0,1,C,s20-29
worst_acc,mnist784_pca32 (20c),pre_mass_off (L=5),0.442503650483202,0.0724972159122475,0,0,C,s20-29
worst_acc,mnist784_pca32 (20c),SC-FFCM (L=5),0.4457370908224603,0.06926377557298918,0,0,C,s20-29
worst_acc,mnist784_pca32 (20c),"SC-FFCM (L=1, R=50)",0.459211503994449,0.05578936240100052,0,0,C,s20-29
worst_acc,mnist784_pca32 (50c),"F-FCM (post_none_off, L=5)",0.3285230146196253,0.13592928890749795,0,0,C,s20-29
worst_acc,mnist784_pca32 (50c),GF-PFedFCM (L=5),0.37607662936185493,0.08837567416526831,0,0,C,s20-29
worst_acc,mnist784_pca32 (50c),ungated PRE (L=1),0.4319046499926659,0.03254765353445732,0,0,C,s20-29
worst_acc,mnist784_pca32 (50c),pre_mass_off (L=1),0.46445230352712324,0.0,0,1,C,s20-29
worst_acc,mnist784_pca32 (50c),pre_mass_off (L=5),0.4445280980255051,0.019924205501618164,0,0,C,s20-29
worst_acc,mnist784_pca32 (50c),SC-FFCM (L=5),0.45163700167734316,0.01281530184978008,0,0,C,s20-29
worst_acc,mnist784_pca32 (50c),"SC-FFCM (L=1, R=50)",0.4442280623570653,0.020224241170057944,0,0,C,s20-29
gacc,cluster_skew_hard,"F-FCM (post_none_off, L=5)",0.7790530303030303,0.2209469696969697,0,0,C,s20-29
gacc,cluster_skew_hard,GF-PFedFCM (L=5),0.9916666666666666,0.008333333333333415,0,0,C,s20-29
gacc,cluster_skew_hard,ungated PRE (L=1),1.0,0.0,0,1,C,s20-29
gacc,cluster_skew_hard,pre_mass_off (L=1),0.9627272727272727,0.037272727272727346,0,0,C,s20-29
gacc,cluster_skew_hard,pre_mass_off (L=5),0.926780303030303,0.07321969696969699,0,0,C,s20-29
gacc,cluster_skew_hard,SC-FFCM (L=5),1.0,0.0,0,1,C,s20-29
gacc,cluster_skew_hard,"SC-FFCM (L=1, R=50)",1.0,0.0,0,1,C,s20-29
gacc,cluster_skew_overlap,"F-FCM (post_none_off, L=5)",0.7132954545454544,0.15522727272727288,0,0,C,s20-29
gacc,cluster_skew_overlap,GF-PFedFCM (L=5),0.815909090909091,0.05261363636363625,0,0,C,s20-29
gacc,cluster_skew_overlap,ungated PRE (L=1),0.8684469696969698,7.575757575750686e-05,0,0,C,s20-29
gacc,cluster_skew_overlap,pre_mass_off (L=1),0.8685227272727273,0.0,0,1,C,s20-29
gacc,cluster_skew_overlap,pre_mass_off (L=5),0.8662878787878787,0.0022348484848485617,0,0,C,s20-29
gacc,cluster_skew_overlap,SC-FFCM (L=5),0.8684469696969698,7.575757575750686e-05,0,0,C,s20-29
gacc,cluster_skew_overlap,"SC-FFCM (L=1, R=50)",0.8684469696969698,7.575757575750686e-05,0,0,C,s20-29
gacc,dirichlet_0.03,"F-FCM (post_none_off, L=5)",0.8025757575757575,0.17878787878787894,0,0,C,s20-29
gacc,dirichlet_0.03,GF-PFedFCM (L=5),0.9792045454545455,0.002159090909090944,0,0,C,s20-29
gacc,dirichlet_0.03,ungated PRE (L=1),0.9813257575757575,3.787878787897547e-05,0,0,C,s20-29
gacc,dirichlet_0.03,pre_mass_off (L=1),0.8790909090909089,0.10227272727272751,0,0,C,s20-29
gacc,dirichlet_0.03,pre_mass_off (L=5),0.8481060606060605,0.1332575757575759,0,0,C,s20-29
gacc,dirichlet_0.03,SC-FFCM (L=5),0.9813636363636364,0.0,0,1,C,s20-29
gacc,dirichlet_0.03,"SC-FFCM (L=1, R=50)",0.9813636363636364,0.0,0,1,C,s20-29
gacc,dirichlet_0.1,"F-FCM (post_none_off, L=5)",0.8649242424242425,0.13507575757575752,0,0,C,s20-29
gacc,dirichlet_0.1,GF-PFedFCM (L=5),0.9418560606060605,0.05814393939393947,0,0,C,s20-29
gacc,dirichlet_0.1,ungated PRE (L=1),1.0,0.0,0,1,C,s20-29
gacc,dirichlet_0.1,pre_mass_off (L=1),0.9696969696969697,0.030303030303030276,0,0,C,s20-29
gacc,dirichlet_0.1,pre_mass_off (L=5),0.9579924242424243,0.042007575757575744,0,0,C,s20-29
gacc,dirichlet_0.1,SC-FFCM (L=5),1.0,0.0,0,1,C,s20-29
gacc,dirichlet_0.1,"SC-FFCM (L=1, R=50)",1.0,0.0,0,1,C,s20-29
gacc,overlap_noise,"F-FCM (post_none_off, L=5)",0.8343939393939394,0.06973484848484846,0,0,C,s20-29
gacc,overlap_noise,GF-PFedFCM (L=5),0.8903787878787878,0.01375000000000004,0,0,C,s20-29
gacc,overlap_noise,ungated PRE (L=1),0.9041287878787878,0.0,0,1,C,s20-29
gacc,overlap_noise,pre_mass_off (L=1),0.8476515151515152,0.056477272727272654,0,0,C,s20-29
gacc,overlap_noise,pre_mass_off (L=5),0.8462499999999998,0.057878787878787974,0,0,C,s20-29
gacc,overlap_noise,SC-FFCM (L=5),0.9041287878787878,0.0,0,1,C,s20-29
gacc,overlap_noise,"SC-FFCM (L=1, R=50)",0.9041287878787878,0.0,0,1,C,s20-29
gacc,quantity_skew_extreme,"F-FCM (post_none_off, L=5)",0.804870738104159,0.195129261895841,0,0,C,s20-29
gacc,quantity_skew_extreme,GF-PFedFCM (L=5),0.7396028475084302,0.2603971524915698,0,0,C,s20-29
gacc,quantity_skew_extreme,ungated PRE (L=1),0.9006369426751594,0.09936305732484063,0,0,C,s20-29
gacc,quantity_skew_extreme,pre_mass_off (L=1),0.9088797302360433,0.09112026976395671,0,0,C,s20-29
gacc,quantity_skew_extreme,pre_mass_off (L=5),0.8402772573997751,0.1597227426002249,0,0,C,s20-29
gacc,quantity_skew_extreme,SC-FFCM (L=5),1.0,0.0,0,1,C,s20-29
gacc,quantity_skew_extreme,"SC-FFCM (L=1, R=50)",1.0,0.0,0,1,C,s20-29
gacc,wine,"F-FCM (post_none_off, L=5)",0.9185393258426966,0.04943820224719109,0,0,C,s20-29
gacc,wine,GF-PFedFCM (L=5),0.8797752808988764,0.08820224719101133,0,0,C,s20-29
gacc,wine,ungated PRE (L=1),0.9623595505617978,0.005617977528089901,0,0,C,s20-29
gacc,wine,pre_mass_off (L=1),0.9679775280898877,0.0,0,1,C,s20-29
gacc,wine,pre_mass_off (L=5),0.9679775280898877,0.0,0,1,C,s20-29
gacc,wine,SC-FFCM (L=5),0.9601123595505617,0.00786516853932595,0,0,C,s20-29
gacc,wine,"SC-FFCM (L=1, R=50)",0.9595505617977528,0.008426966292134908,0,0,C,s20-29
gacc,satimage,"F-FCM (post_none_off, L=5)",0.6565318818040435,0.04802488335925359,0,0,C,s20-29
gacc,satimage,GF-PFedFCM (L=5),0.6123794712286158,0.09217729393468133,0,0,C,s20-29
gacc,satimage,ungated PRE (L=1),0.6821928460342146,0.022363919129082532,0,0,C,s20-29
gacc,satimage,pre_mass_off (L=1),0.6501088646967339,0.054447900466563226,0,0,C,s20-29
gacc,satimage,pre_mass_off (L=5),0.6193312597200622,0.08522550544323493,0,0,C,s20-29
gacc,satimage,SC-FFCM (L=5),0.7045567651632971,0.0,0,1,C,s20-29
gacc,satimage,"SC-FFCM (L=1, R=50)",0.7042301710730949,0.00032659409020219243,0,0,C,s20-29
gacc,pendigits,"F-FCM (post_none_off, L=5)",0.48785480349344984,0.27026018922852973,0,0,C,s20-29
gacc,pendigits,GF-PFedFCM (L=5),0.5876000727802038,0.1705149199417758,0,0,C,s20-29
gacc,pendigits,ungated PRE (L=1),0.7581149927219796,0.0,0,1,C,s20-29
gacc,pendigits,pre_mass_off (L=1),0.6988810043668122,0.059233988355167355,0,0,C,s20-29
gacc,pendigits,pre_mass_off (L=5),0.6070323871906841,0.1510826055312955,0,0,C,s20-29
gacc,pendigits,SC-FFCM (L=5),0.7368267831149927,0.021288209606986852,0,0,C,s20-29
gacc,pendigits,"SC-FFCM (L=1, R=50)",0.7105440320232896,0.047570960698689935,0,0,C,s20-29
gacc,digits_pca16,"F-FCM (post_none_off, L=5)",0.36733444629938783,0.35826377295492495,0,0,C,s20-29
gacc,digits_pca16,GF-PFedFCM (L=5),0.5390651085141903,0.18653311074012247,0,0,C,s20-29
gacc,digits_pca16,ungated PRE (L=1),0.7255982192543128,0.0,0,1,C,s20-29
gacc,digits_pca16,pre_mass_off (L=1),0.6844184752365052,0.04117974401780755,0,0,C,s20-29
gacc,digits_pca16,pre_mass_off (L=5),0.5959376739009461,0.12966054535336669,0,0,C,s20-29
gacc,digits_pca16,SC-FFCM (L=5),0.7051752921535892,0.020422927100723576,0,0,C,s20-29
gacc,digits_pca16,"SC-FFCM (L=1, R=50)",0.7185308848080134,0.007067334446299367,0,0,C,s20-29
gacc,digits_pca32,"F-FCM (post_none_off, L=5)",0.31441291040623265,0.3945464663327768,0,0,C,s20-29
gacc,digits_pca32,GF-PFedFCM (L=5),0.4433500278241514,0.26560934891485805,0,0,C,s20-29
gacc,digits_pca32,ungated PRE (L=1),0.6743461324429605,0.03461324429604895,0,0,C,s20-29
gacc,digits_pca32,pre_mass_off (L=1),0.7089593767390094,0.0,0,1,C,s20-29
gacc,digits_pca32,pre_mass_off (L=5),0.5684474123539232,0.14051196438508629,0,0,C,s20-29
gacc,digits_pca32,SC-FFCM (L=5),0.6629938786867001,0.04596549805230932,0,0,C,s20-29
gacc,digits_pca32,"SC-FFCM (L=1, R=50)",0.6739565943238731,0.035002782415136324,0,0,C,s20-29
gacc,letter,"F-FCM (post_none_off, L=5)",0.21986,0.08614,0,0,C,s20-29
gacc,letter,GF-PFedFCM (L=5),0.23867,0.06733,0,0,C,s20-29
gacc,letter,ungated PRE (L=1),0.26718000000000003,0.038819999999999966,0,0,C,s20-29
gacc,letter,pre_mass_off (L=1),0.306,0.0,0,1,C,s20-29
gacc,letter,pre_mass_off (L=5),0.262515,0.043484999999999996,0,0,C,s20-29
gacc,letter,SC-FFCM (L=5),0.26,0.045999999999999985,0,0,C,s20-29
gacc,letter,"SC-FFCM (L=1, R=50)",0.25803499999999996,0.047965000000000035,0,0,C,s20-29
gacc,mnist784_pca32 (20c),"F-FCM (post_none_off, L=5)",0.3427114285714286,0.1921214285714285,0,0,C,s20-29
gacc,mnist784_pca32 (20c),GF-PFedFCM (L=5),0.37002857142857143,0.16480428571428568,0,0,C,s20-29
gacc,mnist784_pca32 (20c),ungated PRE (L=1),0.4618528571428572,0.07297999999999993,0,0,C,s20-29
gacc,mnist784_pca32 (20c),pre_mass_off (L=1),0.5348328571428571,0.0,0,1,C,s20-29
gacc,mnist784_pca32 (20c),pre_mass_off (L=5),0.3957157142857143,0.13911714285714283,0,0,C,s20-29
gacc,mnist784_pca32 (20c),SC-FFCM (L=5),0.46672714285714284,0.06810571428571427,0,0,C,s20-29
gacc,mnist784_pca32 (20c),"SC-FFCM (L=1, R=50)",0.47541857142857147,0.05941428571428564,0,0,C,s20-29
gacc,mnist784_pca32 (50c),"F-FCM (post_none_off, L=5)",0.34072571428571424,0.15470428571428574,0,0,C,s20-29
gacc,mnist784_pca32 (50c),GF-PFedFCM (L=5),0.34835142857142853,0.14707857142857145,0,0,C,s20-29
gacc,mnist784_pca32 (50c),ungated PRE (L=1),0.4719557142857143,0.02347428571428567,0,0,C,s20-29
gacc,mnist784_pca32 (50c),pre_mass_off (L=1),0.49543,0.0,0,1,C,s20-29
gacc,mnist784_pca32 (50c),pre_mass_off (L=5),0.39621142857142855,0.09921857142857143,0,0,C,s20-29
gacc,mnist784_pca32 (50c),SC-FFCM (L=5),0.46886,0.026569999999999983,0,0,C,s20-29
gacc,mnist784_pca32 (50c),"SC-FFCM (L=1, R=50)",0.47030428571428573,0.02512571428571425,0,0,C,s20-29
fcm_obj,cluster_skew_hard,"F-FCM (post_none_off, L=5)",8.503250950413475,7.2243403117677705,0,0,C,s20-29
fcm_obj,cluster_skew_hard,GF-PFedFCM (L=5),1.4711094716819395,0.4228563876959137,0,0,C,s20-29
fcm_obj,cluster_skew_hard,ungated PRE (L=1),1.0339128280290915,0.0,0,1,C,s20-29
fcm_obj,cluster_skew_hard,pre_mass_off (L=1),1.699718091244905,0.6439665367969297,0,0,C,s20-29
fcm_obj,cluster_skew_hard,pre_mass_off (L=5),2.5242310371452907,1.4414350694895004,0,0,C,s20-29
fcm_obj,cluster_skew_hard,SC-FFCM (L=5),1.0339128280402836,1.082505024391794e-11,0,0,C,s20-29
fcm_obj,cluster_skew_hard,"SC-FFCM (L=1, R=50)",1.0339128280293182,2.1927142741871276e-13,0,0,C,s20-29
fcm_obj,cluster_skew_overlap,"F-FCM (post_none_off, L=5)",2.8445294381013912,0.3504672165637429,0,0,C,s20-29
fcm_obj,cluster_skew_overlap,GF-PFedFCM (L=5),2.342876685616099,0.11230283434432951,0,0,C,s20-29
fcm_obj,cluster_skew_overlap,ungated PRE (L=1),2.106329871045257,4.9795139415110395e-12,0,0,C,s20-29
fcm_obj,cluster_skew_overlap,pre_mass_off (L=1),2.1396877172738202,0.015836952557988566,0,0,C,s20-29
fcm_obj,cluster_skew_overlap,pre_mass_off (L=5),2.5740081266584207,0.2220346689542497,0,0,C,s20-29
fcm_obj,cluster_skew_overlap,SC-FFCM (L=5),2.1063298710761287,1.9636168640131706e-11,0,0,C,s20-29
fcm_obj,cluster_skew_overlap,"SC-FFCM (L=1, R=50)",2.1063298710347684,0.0,0,1,C,s20-29
fcm_obj,dirichlet_0.03,"F-FCM (post_none_off, L=5)",9.202815877686424,7.717137541974025,0,0,C,s20-29
fcm_obj,dirichlet_0.03,GF-PFedFCM (L=5),1.3546088370170206,0.28311939571472095,0,0,C,s20-29
fcm_obj,dirichlet_0.03,ungated PRE (L=1),1.0557153461642428,0.0,0,1,C,s20-29
fcm_obj,dirichlet_0.03,pre_mass_off (L=1),2.201429997971476,1.0852495949499905,0,0,C,s20-29
fcm_obj,dirichlet_0.03,pre_mass_off (L=5),2.8585398201682533,1.7076804657185842,0,0,C,s20-29
fcm_obj,dirichlet_0.03,SC-FFCM (L=5),1.0558089206405448,8.863608608321317e-05,0,0,C,s20-29
fcm_obj,dirichlet_0.03,"SC-FFCM (L=1, R=50)",1.055809430231467,8.91187833594988e-05,0,0,C,s20-29
fcm_obj,dirichlet_0.1,"F-FCM (post_none_off, L=5)",7.26184235864279,5.98255817424183,0,0,C,s20-29
fcm_obj,dirichlet_0.1,GF-PFedFCM (L=5),1.8919060586416325,0.8191449858372769,0,0,C,s20-29
fcm_obj,dirichlet_0.1,ungated PRE (L=1),1.0399974017303886,0.0,0,1,C,s20-29
fcm_obj,dirichlet_0.1,pre_mass_off (L=1),1.1904604118543134,0.1446763327231189,0,0,C,s20-29
fcm_obj,dirichlet_0.1,pre_mass_off (L=5),1.4278744238883327,0.3729596069303434,0,0,C,s20-29
fcm_obj,dirichlet_0.1,SC-FFCM (L=5),1.0399974017481095,1.7039403945021507e-11,0,0,C,s20-29
fcm_obj,dirichlet_0.1,"SC-FFCM (L=1, R=50)",1.041138405861021,0.0010971220973570624,0,0,C,s20-29
fcm_obj,overlap_noise,"F-FCM (post_none_off, L=5)",2.71060979110241,0.15507674227244111,0,0,C,s20-29
fcm_obj,overlap_noise,GF-PFedFCM (L=5),2.397477173619156,0.021641009512581622,0,0,C,s20-29
fcm_obj,overlap_noise,ungated PRE (L=1),2.346692381472323,1.5485549077074673e-12,0,0,C,s20-29
fcm_obj,overlap_noise,pre_mass_off (L=1),2.5071040130744455,0.06835648032630592,0,0,C,s20-29
fcm_obj,overlap_noise,pre_mass_off (L=5),2.5604832325745694,0.09110305756056458,0,0,C,s20-29
fcm_obj,overlap_noise,SC-FFCM (L=5),2.346692381468689,0.0,0,1,C,s20-29
fcm_obj,overlap_noise,"SC-FFCM (L=1, R=50)",2.346692381469854,4.963777982300729e-13,0,0,C,s20-29
fcm_obj,quantity_skew_extreme,"F-FCM (post_none_off, L=5)",3.505330652464019,2.3570967967381966,0,0,C,s20-29
fcm_obj,quantity_skew_extreme,GF-PFedFCM (L=5),2.268579044987498,1.1726450940431223,0,0,C,s20-29
fcm_obj,quantity_skew_extreme,ungated PRE (L=1),1.5154435833472615,0.4513583178569393,0,0,C,s20-29
fcm_obj,quantity_skew_extreme,pre_mass_off (L=1),1.661316813817621,0.5910628431340804,0,0,C,s20-29
fcm_obj,quantity_skew_extreme,pre_mass_off (L=5),2.1977022589942434,1.1047655543329962,0,0,C,s20-29
fcm_obj,quantity_skew_extreme,SC-FFCM (L=5),1.0441605579747204,4.967289824989829e-06,0,0,C,s20-29
fcm_obj,quantity_skew_extreme,"SC-FFCM (L=1, R=50)",1.0441553713523686,0.0,0,1,C,s20-29
fcm_obj,wine,"F-FCM (post_none_off, L=5)",4.1023134737739415,0.06940764421574491,0,0,C,s20-29
fcm_obj,wine,GF-PFedFCM (L=5),3.8360614831609814,0.0,0,1,C,s20-29
fcm_obj,wine,ungated PRE (L=1),4.052345986452675,0.05638191781886441,0,0,C,s20-29
fcm_obj,wine,pre_mass_off (L=1),4.078846773930748,0.06329025012646765,0,0,C,s20-29
fcm_obj,wine,pre_mass_off (L=5),4.111194049375657,0.07172266852927531,0,0,C,s20-29
fcm_obj,wine,SC-FFCM (L=5),4.06217194979767,0.05894338962741799,0,0,C,s20-29
fcm_obj,wine,"SC-FFCM (L=1, R=50)",4.06375301091977,0.059355547026104225,0,0,C,s20-29
fcm_obj,satimage,"F-FCM (post_none_off, L=5)",4.19741277202928,0.12622863900029305,0,0,C,s20-29
fcm_obj,satimage,GF-PFedFCM (L=5),3.825152149460095,0.02634554503743636,0,0,C,s20-29
fcm_obj,satimage,ungated PRE (L=1),3.7269632707574827,0.0,0,1,C,s20-29
fcm_obj,satimage,pre_mass_off (L=1),3.767224507776993,0.010802692190558532,0,0,C,s20-29
fcm_obj,satimage,pre_mass_off (L=5),3.9275504987648424,0.05382055401007255,0,0,C,s20-29
fcm_obj,satimage,SC-FFCM (L=5),3.73031709555561,0.000899881365733354,0,0,C,s20-29
fcm_obj,satimage,"SC-FFCM (L=1, R=50)",3.7450465101549035,0.0048520036511509644,0,0,C,s20-29
fcm_obj,pendigits,"F-FCM (post_none_off, L=5)",4.44053696446846,0.1472291362632139,0,0,C,s20-29
fcm_obj,pendigits,GF-PFedFCM (L=5),4.110183914063336,0.06188120476062064,0,0,C,s20-29
fcm_obj,pendigits,ungated PRE (L=1),3.8706626462890386,0.0,0,1,C,s20-29
fcm_obj,pendigits,pre_mass_off (L=1),4.0410259392486045,0.04401398637075752,0,0,C,s20-29
fcm_obj,pendigits,pre_mass_off (L=5),4.407356072693941,0.1386567302421594,0,0,C,s20-29
fcm_obj,pendigits,SC-FFCM (L=5),3.8822768120324014,0.0030005626438402732,0,0,C,s20-29
fcm_obj,pendigits,"SC-FFCM (L=1, R=50)",3.90217619834105,0.008141642641531905,0,0,C,s20-29
fcm_obj,digits_pca16,"F-FCM (post_none_off, L=5)",8.249485099729581,0.06951128329415182,0,0,C,s20-29
fcm_obj,digits_pca16,GF-PFedFCM (L=5),7.713322176761639,0.0,0,1,C,s20-29
fcm_obj,digits_pca16,ungated PRE (L=1),7.740055357047048,0.0034658451537198202,0,0,C,s20-29
fcm_obj,digits_pca16,pre_mass_off (L=1),7.933408972502664,0.028533333717615635,0,0,C,s20-29
fcm_obj,digits_pca16,pre_mass_off (L=5),8.33985857715129,0.08122782713228971,0,0,C,s20-29
fcm_obj,digits_pca16,SC-FFCM (L=5),7.749672574130189,0.004712677175350598,0,0,C,s20-29
fcm_obj,digits_pca16,"SC-FFCM (L=1, R=50)",7.7506633959122455,0.004841133080517059,0,0,C,s20-29
fcm_obj,digits_pca32,"F-FCM (post_none_off, L=5)",25.176455349196637,0.07588674130555578,0,0,C,s20-29
fcm_obj,digits_pca32,GF-PFedFCM (L=5),23.40065583357387,0.0,0,1,C,s20-29
fcm_obj,digits_pca32,ungated PRE (L=1),23.870234034948563,0.020066882087166484,0,0,C,s20-29
fcm_obj,digits_pca32,pre_mass_off (L=1),24.19153608314404,0.033797354022679166,0,0,C,s20-29
fcm_obj,digits_pca32,pre_mass_off (L=5),24.963524460022494,0.06678738568541791,0,0,C,s20-29
fcm_obj,digits_pca32,SC-FFCM (L=5),23.954348335419144,0.0236614095683108,0,0,C,s20-29
fcm_obj,digits_pca32,"SC-FFCM (L=1, R=50)",23.9108048550872,0.02180062922772432,0,0,C,s20-29
fcm_obj,letter,"F-FCM (post_none_off, L=5)",5.173517067033877,0.08109568157064442,0,0,C,s20-29
fcm_obj,letter,GF-PFedFCM (L=5),4.785438657490199,0.0,0,1,C,s20-29
fcm_obj,letter,ungated PRE (L=1),4.925021871678839,0.029168321689833725,0,0,C,s20-29
fcm_obj,letter,pre_mass_off (L=1),5.069586091192464,0.05937751041015138,0,0,C,s20-29
fcm_obj,letter,pre_mass_off (L=5),5.290639859320785,0.1055705104567251,0,0,C,s20-29
fcm_obj,letter,SC-FFCM (L=5),4.9282481463902155,0.02984250747347683,0,0,C,s20-29
fcm_obj,letter,"SC-FFCM (L=1, R=50)",4.932988818535096,0.030833152738035816,0,0,C,s20-29
fcm_obj,mnist784_pca32 (20c),"F-FCM (post_none_off, L=5)",24.996978053365552,0.06351610538398969,0,0,C,s20-29
fcm_obj,mnist784_pca32 (20c),GF-PFedFCM (L=5),23.50408980815596,0.0,0,1,C,s20-29
fcm_obj,mnist784_pca32 (20c),ungated PRE (L=1),24.35184522611844,0.036068421490982626,0,0,C,s20-29
fcm_obj,mnist784_pca32 (20c),pre_mass_off (L=1),24.584061848111933,0.04594826044194318,0,0,C,s20-29
fcm_obj,mnist784_pca32 (20c),pre_mass_off (L=5),24.9809534004531,0.0628343239134776,0,0,C,s20-29
fcm_obj,mnist784_pca32 (20c),SC-FFCM (L=5),24.354640305314327,0.0361873403352647,0,0,C,s20-29
fcm_obj,mnist784_pca32 (20c),"SC-FFCM (L=1, R=50)",24.40047221870536,0.03813729516291899,0,0,C,s20-29
fcm_obj,mnist784_pca32 (50c),"F-FCM (post_none_off, L=5)",24.980909924527584,0.06758664128936061,0,0,C,s20-29
fcm_obj,mnist784_pca32 (50c),GF-PFedFCM (L=5),23.399421609807042,0.0,0,1,C,s20-29
fcm_obj,mnist784_pca32 (50c),ungated PRE (L=1),24.355495548985793,0.040858870579008076,0,0,C,s20-29
fcm_obj,mnist784_pca32 (50c),pre_mass_off (L=1),24.682854112903264,0.05484889859663525,0,0,C,s20-29
fcm_obj,mnist784_pca32 (50c),pre_mass_off (L=5),25.005886758815215,0.06865405375382781,0,0,C,s20-29
fcm_obj,mnist784_pca32 (50c),SC-FFCM (L=5),24.40570218332739,0.04300450627799275,0,0,C,s20-29
fcm_obj,mnist784_pca32 (50c),"SC-FFCM (L=1, R=50)",24.53508717222268,0.04853391598105419,0,0,C,s20-29
upload_numbers,cluster_skew_hard,"F-FCM (post_none_off, L=5)",4852.8,2.37,0,0,C,s20-29
upload_numbers,cluster_skew_hard,GF-PFedFCM (L=5),5529.6,2.8400000000000003,0,0,C,s20-29
upload_numbers,cluster_skew_hard,ungated PRE (L=1),1440.0,0.0,0,1,C,s20-29
upload_numbers,cluster_skew_hard,pre_mass_off (L=1),7027.2,3.88,0,0,C,s20-29
upload_numbers,cluster_skew_hard,pre_mass_off (L=5),7200.0,4.0,0,0,C,s20-29
upload_numbers,cluster_skew_hard,SC-FFCM (L=5),4128.0,1.8666666666666667,0,0,C,s20-29
upload_numbers,cluster_skew_hard,"SC-FFCM (L=1, R=50)",3552.0,1.4666666666666666,0,0,C,s20-29
upload_numbers,cluster_skew_overlap,"F-FCM (post_none_off, L=5)",6523.2,1.1778846153846154,0,0,C,s20-29
upload_numbers,cluster_skew_overlap,GF-PFedFCM (L=5),3470.4,0.15865384615384626,0,0,C,s20-29
upload_numbers,cluster_skew_overlap,ungated PRE (L=1),5659.2,0.889423076923077,0,0,C,s20-29
upload_numbers,cluster_skew_overlap,pre_mass_off (L=1),7200.0,1.403846153846154,0,0,C,s20-29
upload_numbers,cluster_skew_overlap,pre_mass_off (L=5),2995.2,0.0,0,1,C,s20-29
upload_numbers,cluster_skew_overlap,SC-FFCM (L=5),8697.6,1.9038461538461542,0,0,C,s20-29
upload_numbers,cluster_skew_overlap,"SC-FFCM (L=1, R=50)",6720.0,1.2435897435897438,0,0,C,s20-29
upload_numbers,dirichlet_0.03,"F-FCM (post_none_off, L=5)",5860.8,1.731543624161074,0,0,C,s20-29
upload_numbers,dirichlet_0.03,GF-PFedFCM (L=5),5328.0,1.4832214765100673,0,0,C,s20-29
upload_numbers,dirichlet_0.03,ungated PRE (L=1),2145.6,0.0,0,1,C,s20-29
upload_numbers,dirichlet_0.03,pre_mass_off (L=1),7185.6,2.348993288590604,0,0,C,s20-29
upload_numbers,dirichlet_0.03,pre_mass_off (L=5),7200.0,2.3557046979865772,0,0,C,s20-29
upload_numbers,dirichlet_0.03,SC-FFCM (L=5),6681.6,2.1140939597315436,0,0,C,s20-29
upload_numbers,dirichlet_0.03,"SC-FFCM (L=1, R=50)",6912.0,2.221476510067114,0,0,C,s20-29
upload_numbers,dirichlet_0.1,"F-FCM (post_none_off, L=5)",4968.0,2.349514563106796,0,0,C,s20-29
upload_numbers,dirichlet_0.1,GF-PFedFCM (L=5),7056.0,3.7572815533980584,0,0,C,s20-29
upload_numbers,dirichlet_0.1,ungated PRE (L=1),1483.2,0.0,0,1,C,s20-29
upload_numbers,dirichlet_0.1,pre_mass_off (L=1),7142.4,3.815533980582524,0,0,C,s20-29
upload_numbers,dirichlet_0.1,pre_mass_off (L=5),4032.0,1.7184466019417477,0,0,C,s20-29
upload_numbers,dirichlet_0.1,SC-FFCM (L=5),5875.2,2.9611650485436893,0,0,C,s20-29
upload_numbers,dirichlet_0.1,"SC-FFCM (L=1, R=50)",7008.0,3.7249190938511325,0,0,C,s20-29
upload_numbers,overlap_noise,"F-FCM (post_none_off, L=5)",4392.0,0.38009049773755654,0,0,C,s20-29
upload_numbers,overlap_noise,GF-PFedFCM (L=5),3182.4,0.0,0,1,C,s20-29
upload_numbers,overlap_noise,ungated PRE (L=1),3283.2,0.031674208144796295,0,0,C,s20-29
upload_numbers,overlap_noise,pre_mass_off (L=1),7200.0,1.262443438914027,0,0,C,s20-29
upload_numbers,overlap_noise,pre_mass_off (L=5),3556.8,0.11764705882352944,0,0,C,s20-29
upload_numbers,overlap_noise,SC-FFCM (L=5),4032.0,0.26696832579185514,0,0,C,s20-29
upload_numbers,overlap_noise,"SC-FFCM (L=1, R=50)",4339.2,0.36349924585218696,0,0,C,s20-29
upload_numbers,quantity_skew_extreme,"F-FCM (post_none_off, L=5)",6321.6,1.0045662100456623,0,0,C,s20-29
upload_numbers,quantity_skew_extreme,GF-PFedFCM (L=5),7142.4,1.2648401826484017,0,0,C,s20-29
upload_numbers,quantity_skew_extreme,ungated PRE (L=1),3398.4,0.07762557077625577,0,0,C,s20-29
upload_numbers,quantity_skew_extreme,pre_mass_off (L=1),3153.6,0.0,0,1,C,s20-29
upload_numbers,quantity_skew_extreme,pre_mass_off (L=5),7185.6,1.2785388127853883,0,0,C,s20-29
upload_numbers,quantity_skew_extreme,SC-FFCM (L=5),8659.2,1.7458143074581431,0,0,C,s20-29
upload_numbers,quantity_skew_extreme,"SC-FFCM (L=1, R=50)",5721.6,0.8143074581430747,0,0,C,s20-29
upload_numbers,wine,"F-FCM (post_none_off, L=5)",18438.0,1.4802259887005649,0,0,C,s20-29
upload_numbers,wine,GF-PFedFCM (L=5),20958.0,1.8192090395480225,0,0,C,s20-29
upload_numbers,wine,ungated PRE (L=1),11004.0,0.480225988700565,0,0,C,s20-29
upload_numbers,wine,pre_mass_off (L=1),21000.0,1.8248587570621468,0,0,C,s20-29
upload_numbers,wine,pre_mass_off (L=5),7434.0,0.0,0,1,C,s20-29
upload_numbers,wine,SC-FFCM (L=5),39000.0,4.246166263115415,0,0,C,s20-29
upload_numbers,wine,"SC-FFCM (L=1, R=50)",39000.0,4.246166263115415,0,0,C,s20-29
upload_numbers,satimage,"F-FCM (post_none_off, L=5)",111000.0,0.9011406844106464,0,0,C,s20-29
upload_numbers,satimage,GF-PFedFCM (L=5),81474.0,0.39543726235741444,0,0,C,s20-29
upload_numbers,satimage,ungated PRE (L=1),111000.0,0.9011406844106464,0,0,C,s20-29
upload_numbers,satimage,pre_mass_off (L=1),111000.0,0.9011406844106464,0,0,C,s20-29
upload_numbers,satimage,pre_mass_off (L=5),58386.0,0.0,0,1,C,s20-29
upload_numbers,satimage,SC-FFCM (L=5),216000.0,2.6995170075017985,0,0,C,s20-29
upload_numbers,satimage,"SC-FFCM (L=1, R=50)",216000.0,2.6995170075017985,0,0,C,s20-29
upload_numbers,pendigits,"F-FCM (post_none_off, L=5)",81940.0,0.0979498861047836,0,0,C,s20-29
upload_numbers,pendigits,GF-PFedFCM (L=5),74630.0,0.0,0,1,C,s20-29
upload_numbers,pendigits,ungated PRE (L=1),82960.0,0.11161731207289294,0,0,C,s20-29
upload_numbers,pendigits,pre_mass_off (L=1),85000.0,0.13895216400911162,0,0,C,s20-29
upload_numbers,pendigits,pre_mass_off (L=5),85000.0,0.13895216400911162,0,0,C,s20-29
upload_numbers,pendigits,SC-FFCM (L=5),150080.0,1.010987538523382,0,0,C,s20-29
upload_numbers,pendigits,"SC-FFCM (L=1, R=50)",160000.0,1.143909955781857,0,0,C,s20-29
upload_numbers,digits_pca16,"F-FCM (post_none_off, L=5)",85000.0,0.016260162601626018,0,0,C,s20-29
upload_numbers,digits_pca16,GF-PFedFCM (L=5),83640.0,0.0,0,1,C,s20-29
upload_numbers,digits_pca16,ungated PRE (L=1),85000.0,0.016260162601626018,0,0,C,s20-29
upload_numbers,digits_pca16,pre_mass_off (L=1),84660.0,0.012195121951219513,0,0,C,s20-29
upload_numbers,digits_pca16,pre_mass_off (L=5),85000.0,0.016260162601626018,0,0,C,s20-29
upload_numbers,digits_pca16,SC-FFCM (L=5),160000.0,0.912960306073649,0,0,C,s20-29
upload_numbers,digits_pca16,"SC-FFCM (L=1, R=50)",160000.0,0.912960306073649,0,0,C,s20-29
upload_numbers,digits_pca32,"F-FCM (post_none_off, L=5)",165000.0,0.0,0,1,C,s20-29
upload_numbers,digits_pca32,GF-PFedFCM (L=5),165000.0,0.0,0,1,C,s20-29
upload_numbers,digits_pca32,ungated PRE (L=1),165000.0,0.0,0,1,C,s20-29
upload_numbers,digits_pca32,pre_mass_off (L=1),165000.0,0.0,0,1,C,s20-29
upload_numbers,digits_pca32,pre_mass_off (L=5),165000.0,0.0,0,1,C,s20-29
upload_numbers,digits_pca32,SC-FFCM (L=5),320000.0,0.9393939393939394,0,0,C,s20-29
upload_numbers,digits_pca32,"SC-FFCM (L=1, R=50)",320000.0,0.9393939393939394,0,0,C,s20-29
upload_numbers,letter,"F-FCM (post_none_off, L=5)",221000.0,0.0,0,1,C,s20-29
upload_numbers,letter,GF-PFedFCM (L=5),221000.0,0.0,0,1,C,s20-29
upload_numbers,letter,ungated PRE (L=1),221000.0,0.0,0,1,C,s20-29
upload_numbers,letter,pre_mass_off (L=1),221000.0,0.0,0,1,C,s20-29
upload_numbers,letter,pre_mass_off (L=5),221000.0,0.0,0,1,C,s20-29
upload_numbers,letter,SC-FFCM (L=5),416000.0,0.8823529411764706,0,0,C,s20-29
upload_numbers,letter,"SC-FFCM (L=1, R=50)",416000.0,0.8823529411764706,0,0,C,s20-29
upload_numbers,mnist784_pca32 (20c),"F-FCM (post_none_off, L=5)",326700.0,0.0,0,1,C,s20-29
upload_numbers,mnist784_pca32 (20c),GF-PFedFCM (L=5),330000.0,0.010101010101010102,0,0,C,s20-29
upload_numbers,mnist784_pca32 (20c),ungated PRE (L=1),330000.0,0.010101010101010102,0,0,C,s20-29
upload_numbers,mnist784_pca32 (20c),pre_mass_off (L=1),330000.0,0.010101010101010102,0,0,C,s20-29
upload_numbers,mnist784_pca32 (20c),pre_mass_off (L=5),330000.0,0.010101010101010102,0,0,C,s20-29
upload_numbers,mnist784_pca32 (20c),SC-FFCM (L=5),640000.0,0.9589837771655954,0,0,C,s20-29
upload_numbers,mnist784_pca32 (20c),"SC-FFCM (L=1, R=50)",640000.0,0.9589837771655954,0,0,C,s20-29
upload_numbers,mnist784_pca32 (50c),"F-FCM (post_none_off, L=5)",825000.0,0.0,0,1,C,s20-29
upload_numbers,mnist784_pca32 (50c),GF-PFedFCM (L=5),825000.0,0.0,0,1,C,s20-29
upload_numbers,mnist784_pca32 (50c),ungated PRE (L=1),825000.0,0.0,0,1,C,s20-29
upload_numbers,mnist784_pca32 (50c),pre_mass_off (L=1),825000.0,0.0,0,1,C,s20-29
upload_numbers,mnist784_pca32 (50c),pre_mass_off (L=5),825000.0,0.0,0,1,C,s20-29
upload_numbers,mnist784_pca32 (50c),SC-FFCM (L=5),1600000.0,0.9393939393939394,0,0,C,s20-29
upload_numbers,mnist784_pca32 (50c),"SC-FFCM (L=1, R=50)",1600000.0,0.9393939393939394,0,0,C,s20-29
