dataset,seed,cell,mass_point,gate,personalize,min_dist,mean_acc,worst_acc,pearson_end,spearman_end,pearson_all,spearman_all
cluster_skew_hard,10,post_none_off,post,none,off,2.2382248345380322,0.8617424242424243,0.6,0.9998870582686413,1.0,0.9908798881235589,0.9883088323813256
cluster_skew_hard,10,post_footprint_off,post,footprint,off,8.250782207409161,1.0,1.0,0.9998870582686413,1.0,0.9908798881235589,0.9883088323813256
cluster_skew_hard,10,post_footprint_on,post,footprint,on,8.05202247078351,1.0,1.0,0.9998870582686413,1.0,0.9908798881235589,0.9883088323813256
cluster_skew_hard,10,pre_none_off,pre,none,off,8.427586679021323,1.0,1.0,0.9998870582686413,1.0,0.9908798881235589,0.9883088323813256
cluster_skew_hard,10,pre_footprint_off,pre,footprint,off,1.0303428990509556,0.8060606060606061,0.5409090909090909,0.9998870582686413,1.0,0.9908798881235589,0.9883088323813256
cluster_skew_hard,10,pre_mass_off,pre,mass,off,1.0188011254846678,0.7757575757575759,0.5409090909090909,0.9998870582686413,1.0,0.9908798881235589,0.9883088323813256
cluster_skew_hard,11,post_none_off,post,none,off,2.4582766232002586,0.9867424242424242,0.9090909090909091,0.9999305604367977,1.0,0.9969665957067615,0.9972721944832111
cluster_skew_hard,11,post_footprint_off,post,footprint,off,6.7841121118631,1.0,1.0,0.9999305604367977,1.0,0.9969665957067615,0.9972721944832111
cluster_skew_hard,11,post_footprint_on,post,footprint,on,7.45477615531881,1.0,1.0,0.9999305604367977,1.0,0.9969665957067615,0.9972721944832111
cluster_skew_hard,11,pre_none_off,pre,none,off,8.310963722920908,1.0,1.0,0.9999305604367977,1.0,0.9969665957067615,0.9972721944832111
cluster_skew_hard,11,pre_footprint_off,pre,footprint,off,8.370461110300976,1.0,1.0,0.9999305604367977,1.0,0.9969665957067615,0.9972721944832111
cluster_skew_hard,11,pre_mass_off,pre,mass,off,8.370608518446458,1.0,1.0,0.9999305604367977,1.0,0.9969665957067615,0.9972721944832111
cluster_skew_hard,12,post_none_off,post,none,off,0.8033407341898711,0.8909090909090908,0.7818181818181819,0.9998842266358233,1.0,0.992701961356431,0.9889996130904646
cluster_skew_hard,12,post_footprint_off,post,footprint,off,7.044658101734729,1.0,1.0,0.9998842266358233,1.0,0.992701961356431,0.9889996130904646
cluster_skew_hard,12,post_footprint_on,post,footprint,on,7.527644542614552,1.0,1.0,0.9998842266358233,1.0,0.992701961356431,0.9889996130904646
cluster_skew_hard,12,pre_none_off,pre,none,off,8.203414701370003,1.0,1.0,0.9998842266358233,1.0,0.992701961356431,0.9889996130904646
cluster_skew_hard,12,pre_footprint_off,pre,footprint,off,8.299233082867696,1.0,1.0,0.9998842266358233,1.0,0.992701961356431,0.9889996130904646
cluster_skew_hard,12,pre_mass_off,pre,mass,off,8.299658894811387,1.0,1.0,0.9998842266358233,1.0,0.992701961356431,0.9889996130904646
cluster_skew_hard,13,post_none_off,post,none,off,1.7929055837859147,0.9871212121212122,0.9363636363636364,0.9999040061791441,0.9847080484106439,0.9949539392024541,0.9747302064807621
cluster_skew_hard,13,post_footprint_off,post,footprint,off,7.543409715052844,1.0,1.0,0.9999040061791441,0.9847080484106439,0.9949539392024541,0.9747302064807621
cluster_skew_hard,13,post_footprint_on,post,footprint,on,7.4796685804037235,1.0,1.0,0.9999040061791441,0.9847080484106439,0.9949539392024541,0.9747302064807621
cluster_skew_hard,13,pre_none_off,pre,none,off,8.355311244394388,1.0,1.0,0.9999040061791441,0.9847080484106439,0.9949539392024541,0.9747302064807621
cluster_skew_hard,13,pre_footprint_off,pre,footprint,off,8.41174084218848,1.0,1.0,0.9999040061791441,0.9847080484106439,0.9949539392024541,0.9747302064807621
cluster_skew_hard,13,pre_mass_off,pre,mass,off,8.412017412418077,1.0,1.0,0.9999040061791441,0.9847080484106439,0.9949539392024541,0.9747302064807621
cluster_skew_hard,14,post_none_off,post,none,off,2.195354098705968,0.8640151515151516,0.6590909090909091,0.9999830206198049,1.0,0.9900120812428969,0.9936735740320825
cluster_skew_hard,14,post_footprint_off,post,footprint,off,6.914735413334095,1.0,1.0,0.9999830206198049,1.0,0.9900120812428969,0.9936735740320825
cluster_skew_hard,14,post_footprint_on,post,footprint,on,7.423490824687869,1.0,1.0,0.9999830206198049,1.0,0.9900120812428969,0.9936735740320825
cluster_skew_hard,14,pre_none_off,pre,none,off,8.135268577237234,1.0,1.0,0.9999830206198049,1.0,0.9900120812428969,0.9936735740320825
cluster_skew_hard,14,pre_footprint_off,pre,footprint,off,8.199501547818974,1.0,1.0,0.9999830206198049,1.0,0.9900120812428969,0.9936735740320825
cluster_skew_hard,14,pre_mass_off,pre,mass,off,8.199819392336835,1.0,1.0,0.9999830206198049,1.0,0.9900120812428969,0.9936735740320825
cluster_skew_hard,15,post_none_off,post,none,off,1.0304766394411071,0.6287878787878789,0.4409090909090909,0.9999182087987903,1.0,0.9999125343722914,0.9990049999497476
cluster_skew_hard,15,post_footprint_off,post,footprint,off,7.1916033063993545,1.0,1.0,0.9999182087987903,1.0,0.9999125343722914,0.9990049999497476
cluster_skew_hard,15,post_footprint_on,post,footprint,on,7.116794833469186,1.0,1.0,0.9999182087987903,1.0,0.9999125343722914,0.9990049999497476
cluster_skew_hard,15,pre_none_off,pre,none,off,8.043153534963471,1.0,1.0,0.9999182087987903,1.0,0.9999125343722914,0.9990049999497476
cluster_skew_hard,15,pre_footprint_off,pre,footprint,off,8.122471491879447,1.0,1.0,0.9999182087987903,1.0,0.9999125343722914,0.9990049999497476
cluster_skew_hard,15,pre_mass_off,pre,mass,off,8.123132688658387,1.0,1.0,0.9999182087987903,1.0,0.9999125343722914,0.9990049999497476
cluster_skew_hard,16,post_none_off,post,none,off,1.1103769222923348,0.7818181818181819,0.5363636363636364,0.9996559130382253,1.0,0.9932858279178909,0.9901909414170905
cluster_skew_hard,16,post_footprint_off,post,footprint,off,7.588486518793567,1.0,1.0,0.9996559130382253,1.0,0.9932858279178909,0.9901909414170905
cluster_skew_hard,16,post_footprint_on,post,footprint,on,7.489323026916923,1.0,1.0,0.9996559130382253,1.0,0.9932858279178909,0.9901909414170905
cluster_skew_hard,16,pre_none_off,pre,none,off,8.177039731472785,1.0,1.0,0.9996559130382253,1.0,0.9932858279178909,0.9901909414170905
cluster_skew_hard,16,pre_footprint_off,pre,footprint,off,8.250303273048086,1.0,1.0,0.9996559130382253,1.0,0.9932858279178909,0.9901909414170905
cluster_skew_hard,16,pre_mass_off,pre,mass,off,8.250584103678968,1.0,1.0,0.9996559130382253,1.0,0.9932858279178909,0.9901909414170905
cluster_skew_hard,17,post_none_off,post,none,off,0.9020818673890636,0.9053030303030303,0.6863636363636364,0.9995478893989983,0.9847080484106439,0.9932658494113625,0.9661767495516967
cluster_skew_hard,17,post_footprint_off,post,footprint,off,7.124973126858783,1.0,1.0,0.9995478893989983,0.9847080484106439,0.9932658494113625,0.9661767495516967
cluster_skew_hard,17,post_footprint_on,post,footprint,on,7.525550880090314,1.0,1.0,0.9995478893989983,0.9847080484106439,0.9932658494113625,0.9661767495516967
cluster_skew_hard,17,pre_none_off,pre,none,off,8.211661430121817,1.0,1.0,0.9995478893989983,0.9847080484106439,0.9932658494113625,0.9661767495516967
cluster_skew_hard,17,pre_footprint_off,pre,footprint,off,8.268266692103145,1.0,1.0,0.9995478893989983,0.9847080484106439,0.9932658494113625,0.9661767495516967
cluster_skew_hard,17,pre_mass_off,pre,mass,off,8.26900145148775,1.0,1.0,0.9995478893989983,0.9847080484106439,0.9932658494113625,0.9661767495516967
cluster_skew_hard,18,post_none_off,post,none,off,1.4951634361978798,0.9249999999999999,0.7136363636363636,0.9998255418154862,1.0,0.996040019683833,0.9867775881604517
cluster_skew_hard,18,post_footprint_off,post,footprint,off,7.044690784777776,1.0,1.0,0.9998255418154862,1.0,0.996040019683833,0.9867775881604517
cluster_skew_hard,18,post_footprint_on,post,footprint,on,7.763282546100073,1.0,1.0,0.9998255418154862,1.0,0.996040019683833,0.9867775881604517
cluster_skew_hard,18,pre_none_off,pre,none,off,8.38179032617492,1.0,1.0,0.9998255418154862,1.0,0.996040019683833,0.9867775881604517
cluster_skew_hard,18,pre_footprint_off,pre,footprint,off,8.512884800472568,1.0,1.0,0.9998255418154862,1.0,0.996040019683833,0.9867775881604517
cluster_skew_hard,18,pre_mass_off,pre,mass,off,8.513542703261862,1.0,1.0,0.9998255418154862,1.0,0.996040019683833,0.9867775881604517
cluster_skew_hard,19,post_none_off,post,none,off,1.8776162198015016,0.9136363636363636,0.6772727272727272,0.9999194982324515,1.0,0.999913862363748,0.9979587504019571
cluster_skew_hard,19,post_footprint_off,post,footprint,off,7.399115723815085,1.0,1.0,0.9999194982324515,1.0,0.999913862363748,0.9979587504019571
cluster_skew_hard,19,post_footprint_on,post,footprint,on,7.50605862609072,1.0,1.0,0.9999194982324515,1.0,0.999913862363748,0.9979587504019571
cluster_skew_hard,19,pre_none_off,pre,none,off,8.349739910047557,1.0,1.0,0.9999194982324515,1.0,0.999913862363748,0.9979587504019571
cluster_skew_hard,19,pre_footprint_off,pre,footprint,off,8.412709718639896,1.0,1.0,0.9999194982324515,1.0,0.999913862363748,0.9979587504019571
cluster_skew_hard,19,pre_mass_off,pre,mass,off,8.412980417811589,1.0,1.0,0.9999194982324515,1.0,0.999913862363748,0.9979587504019571
cluster_skew_overlap,10,post_none_off,post,none,off,1.4833844252135835,0.6132575757575757,0.509090909090909,0.9996753648429556,0.966227766016838,0.9991897842598124,0.9826544863694043
cluster_skew_overlap,10,post_footprint_off,post,footprint,off,4.753140140757504,0.8515151515151517,0.7727272727272727,0.9996753648429556,0.966227766016838,0.9991897842598124,0.9826544863694043
cluster_skew_overlap,10,post_footprint_on,post,footprint,on,4.806008397273867,0.8056818181818182,0.7181818181818181,0.9996753648429556,0.966227766016838,0.9991897842598124,0.9826544863694043
cluster_skew_overlap,10,pre_none_off,pre,none,off,4.734518559586255,0.8511363636363636,0.7863636363636364,0.9996753648429556,0.966227766016838,0.9991897842598124,0.9826544863694043
cluster_skew_overlap,10,pre_footprint_off,pre,footprint,off,5.299216722449443,0.8602272727272728,0.8,0.9996753648429556,0.966227766016838,0.9991897842598124,0.9826544863694043
cluster_skew_overlap,10,pre_mass_off,pre,mass,off,5.312015857251008,0.859848484848485,0.8,0.9996753648429556,0.966227766016838,0.9991897842598124,0.9826544863694043
cluster_skew_overlap,11,post_none_off,post,none,off,1.9850400218634827,0.7106060606060606,0.5454545454545454,0.9997532275947484,0.9247805496750856,0.9995798423839285,0.980031044310696
cluster_skew_overlap,11,post_footprint_off,post,footprint,off,4.690431066793554,0.8746212121212121,0.8227272727272728,0.9997532275947484,0.9247805496750856,0.9995798423839285,0.980031044310696
cluster_skew_overlap,11,post_footprint_on,post,footprint,on,4.701556373691758,0.8174242424242425,0.7227272727272728,0.9997532275947484,0.9247805496750856,0.9995798423839285,0.980031044310696
cluster_skew_overlap,11,pre_none_off,pre,none,off,4.594798406827615,0.871969696969697,0.8181818181818182,0.9997532275947484,0.9247805496750856,0.9995798423839285,0.980031044310696
cluster_skew_overlap,11,pre_footprint_off,pre,footprint,off,5.294880190881301,0.872348484848485,0.8136363636363636,0.9997532275947484,0.9247805496750856,0.9995798423839285,0.980031044310696
cluster_skew_overlap,11,pre_mass_off,pre,mass,off,5.284771116440165,0.8727272727272729,0.8136363636363636,0.9997532275947484,0.9247805496750856,0.9995798423839285,0.980031044310696
cluster_skew_overlap,12,post_none_off,post,none,off,2.625288981070124,0.6170454545454546,0.4909090909090909,0.9998046123242502,1.0,0.9993435487806458,0.9861816443020223
cluster_skew_overlap,12,post_footprint_off,post,footprint,off,4.9021607531698885,0.8590909090909092,0.8,0.9998046123242502,1.0,0.9993435487806458,0.9861816443020223
cluster_skew_overlap,12,post_footprint_on,post,footprint,on,4.950225529665549,0.8143939393939394,0.7,0.9998046123242502,1.0,0.9993435487806458,0.9861816443020223
cluster_skew_overlap,12,pre_none_off,pre,none,off,4.758871543755695,0.8583333333333334,0.8,0.9998046123242502,1.0,0.9993435487806458,0.9861816443020223
cluster_skew_overlap,12,pre_footprint_off,pre,footprint,off,5.258513594047891,0.8598484848484849,0.8045454545454546,0.9998046123242502,1.0,0.9993435487806458,0.9861816443020223
cluster_skew_overlap,12,pre_mass_off,pre,mass,off,5.254398086422527,0.859469696969697,0.8045454545454546,0.9998046123242502,1.0,0.9993435487806458,0.9861816443020223
cluster_skew_overlap,13,post_none_off,post,none,off,1.647866796856078,0.6875,0.5045454545454545,0.9997410081975272,0.9790569415042095,0.9980397482633443,0.9874406256752403
cluster_skew_overlap,13,post_footprint_off,post,footprint,off,5.120801215101641,0.868939393939394,0.8227272727272728,0.9997410081975272,0.9790569415042095,0.9980397482633443,0.9874406256752403
cluster_skew_overlap,13,post_footprint_on,post,footprint,on,5.151242696230332,0.8200757575757577,0.759090909090909,0.9997410081975272,0.9790569415042095,0.9980397482633443,0.9874406256752403
cluster_skew_overlap,13,pre_none_off,pre,none,off,5.059941137830702,0.8696969696969696,0.8227272727272728,0.9997410081975272,0.9790569415042095,0.9980397482633443,0.9874406256752403
cluster_skew_overlap,13,pre_footprint_off,pre,footprint,off,5.631437976681406,0.8678030303030303,0.8045454545454546,0.9997410081975272,0.9790569415042095,0.9980397482633443,0.9874406256752403
cluster_skew_overlap,13,pre_mass_off,pre,mass,off,5.622604749711743,0.8681818181818182,0.8090909090909091,0.9997410081975272,0.9790569415042095,0.9980397482633443,0.9874406256752403
cluster_skew_overlap,14,post_none_off,post,none,off,2.0443794916041482,0.7624999999999998,0.6454545454545455,0.9998532431570296,0.9871708245126284,0.9995058301202375,0.9823638328057027
cluster_skew_overlap,14,post_footprint_off,post,footprint,off,4.690645260646185,0.8662878787878788,0.7954545454545454,0.9998532431570296,0.9871708245126284,0.9995058301202375,0.9823638328057027
cluster_skew_overlap,14,post_footprint_on,post,footprint,on,4.765625915060929,0.8189393939393939,0.740909090909091,0.9998532431570296,0.9871708245126284,0.9995058301202375,0.9823638328057027
cluster_skew_overlap,14,pre_none_off,pre,none,off,4.598562263718374,0.868939393939394,0.7818181818181819,0.9998532431570296,0.9871708245126284,0.9995058301202375,0.9823638328057027
cluster_skew_overlap,14,pre_footprint_off,pre,footprint,off,5.253439973847244,0.8662878787878787,0.7954545454545454,0.9998532431570296,0.9871708245126284,0.9995058301202375,0.9823638328057027
cluster_skew_overlap,14,pre_mass_off,pre,mass,off,5.248565829476062,0.8659090909090909,0.7954545454545454,0.9998532431570296,0.9871708245126284,0.9995058301202375,0.9823638328057027
cluster_skew_overlap,15,post_none_off,post,none,off,1.6220650305683497,0.6890151515151515,0.5227272727272727,0.9996771760348303,0.9666666666666667,0.9994221030315321,0.9911103198881865
cluster_skew_overlap,15,post_footprint_off,post,footprint,off,4.3142295976235845,0.8579545454545454,0.7954545454545454,0.9996771760348303,0.9666666666666667,0.9994221030315321,0.9911103198881865
cluster_skew_overlap,15,post_footprint_on,post,footprint,on,4.371244155318497,0.8075757575757575,0.7,0.9996771760348303,0.9666666666666667,0.9994221030315321,0.9911103198881865
cluster_skew_overlap,15,pre_none_off,pre,none,off,4.261153522462936,0.8571969696969696,0.7818181818181819,0.9996771760348303,0.9666666666666667,0.9994221030315321,0.9911103198881865
cluster_skew_overlap,15,pre_footprint_off,pre,footprint,off,4.830958764409668,0.8583333333333334,0.7909090909090909,0.9996771760348303,0.9666666666666667,0.9994221030315321,0.9911103198881865
cluster_skew_overlap,15,pre_mass_off,pre,mass,off,4.833591766342812,0.859090909090909,0.7909090909090909,0.9996771760348303,0.9666666666666667,0.9994221030315321,0.9911103198881865
cluster_skew_overlap,16,post_none_off,post,none,off,2.6329066596651347,0.8465909090909092,0.7363636363636363,0.999538929671642,0.9205041578459617,0.9986238387242684,0.9816177160634545
cluster_skew_overlap,16,post_footprint_off,post,footprint,off,4.505459546199377,0.8511363636363636,0.7863636363636364,0.999538929671642,0.9205041578459617,0.9986238387242684,0.9816177160634545
cluster_skew_overlap,16,post_footprint_on,post,footprint,on,4.511469495510958,0.8053030303030303,0.7045454545454546,0.999538929671642,0.9205041578459617,0.9986238387242684,0.9816177160634545
cluster_skew_overlap,16,pre_none_off,pre,none,off,4.40523284692683,0.8500000000000001,0.7818181818181819,0.999538929671642,0.9205041578459617,0.9986238387242684,0.9816177160634545
cluster_skew_overlap,16,pre_footprint_off,pre,footprint,off,4.932331886434463,0.8507575757575757,0.7863636363636364,0.999538929671642,0.9205041578459617,0.9986238387242684,0.9816177160634545
cluster_skew_overlap,16,pre_mass_off,pre,mass,off,4.9281342461371,0.850378787878788,0.7863636363636364,0.999538929671642,0.9205041578459617,0.9986238387242684,0.9816177160634545
cluster_skew_overlap,17,post_none_off,post,none,off,1.7363206678279548,0.6859848484848485,0.5363636363636364,0.9995946330274323,0.9662277660168378,0.9986979922439909,0.97894993178613
cluster_skew_overlap,17,post_footprint_off,post,footprint,off,4.323470289993306,0.8655303030303031,0.7954545454545454,0.9995946330274323,0.9662277660168378,0.9986979922439909,0.97894993178613
cluster_skew_overlap,17,post_footprint_on,post,footprint,on,4.477706187772547,0.8015151515151513,0.6863636363636364,0.9995946330274323,0.9662277660168378,0.9986979922439909,0.97894993178613
cluster_skew_overlap,17,pre_none_off,pre,none,off,4.350744710926914,0.8659090909090909,0.8,0.9995946330274323,0.9662277660168378,0.9986979922439909,0.97894993178613
cluster_skew_overlap,17,pre_footprint_off,pre,footprint,off,4.976563686422814,0.8666666666666667,0.8090909090909091,0.9995946330274323,0.9662277660168378,0.9986979922439909,0.97894993178613
cluster_skew_overlap,17,pre_mass_off,pre,mass,off,4.97100172091036,0.8666666666666667,0.8090909090909091,0.9995946330274323,0.9662277660168378,0.9986979922439909,0.97894993178613
cluster_skew_overlap,18,post_none_off,post,none,off,2.1144803182773635,0.7068181818181819,0.5227272727272727,0.9997960726237863,0.917799530176489,0.9991650009111088,0.975264170562579
cluster_skew_overlap,18,post_footprint_off,post,footprint,off,4.855254210774189,0.8606060606060607,0.8272727272727273,0.9997960726237863,0.917799530176489,0.9991650009111088,0.975264170562579
cluster_skew_overlap,18,post_footprint_on,post,footprint,on,4.900256138704192,0.8053030303030303,0.7,0.9997960726237863,0.917799530176489,0.9991650009111088,0.975264170562579
cluster_skew_overlap,18,pre_none_off,pre,none,off,4.741969889520363,0.859469696969697,0.8318181818181818,0.9997960726237863,0.917799530176489,0.9991650009111088,0.975264170562579
cluster_skew_overlap,18,pre_footprint_off,pre,footprint,off,5.307519511368587,0.859848484848485,0.8227272727272728,0.9997960726237863,0.917799530176489,0.9991650009111088,0.975264170562579
cluster_skew_overlap,18,pre_mass_off,pre,mass,off,5.31139790912942,0.859469696969697,0.8227272727272728,0.9997960726237863,0.917799530176489,0.9991650009111088,0.975264170562579
cluster_skew_overlap,19,post_none_off,post,none,off,1.6750901969773588,0.5977272727272728,0.4954545454545455,0.9997684549962936,0.9790569415042095,0.9994412778598005,0.9851714209189897
cluster_skew_overlap,19,post_footprint_off,post,footprint,off,4.503427401372735,0.8617424242424243,0.8,0.9997684549962936,0.9790569415042095,0.9994412778598005,0.9851714209189897
cluster_skew_overlap,19,post_footprint_on,post,footprint,on,4.615599290654363,0.8140151515151515,0.740909090909091,0.9997684549962936,0.9790569415042095,0.9994412778598005,0.9851714209189897
cluster_skew_overlap,19,pre_none_off,pre,none,off,4.530813158860462,0.8587121212121214,0.7954545454545454,0.9997684549962936,0.9790569415042095,0.9994412778598005,0.9851714209189897
cluster_skew_overlap,19,pre_footprint_off,pre,footprint,off,5.104909535156964,0.8640151515151516,0.8090909090909091,0.9997684549962936,0.9790569415042095,0.9994412778598005,0.9851714209189897
cluster_skew_overlap,19,pre_mass_off,pre,mass,off,5.099424573715094,0.8632575757575758,0.8045454545454546,0.9997684549962936,0.9790569415042095,0.9994412778598005,0.9851714209189897
digits_pca16,10,post_none_off,post,none,off,1.5499930705982878,0.4208660600751883,0.27071823204419887,0.9934351807848504,0.9142645430746035,0.9916914765148721,0.9407614448983256
digits_pca16,10,post_footprint_off,post,footprint,off,2.5129703990401544,0.667063220183872,0.4388888888888889,0.9934351807848504,0.9142645430746035,0.9916914765148721,0.9407614448983256
digits_pca16,10,post_footprint_on,post,footprint,on,1.3801491262061756,0.6166913348692945,0.4722222222222222,0.9934351807848504,0.9142645430746035,0.9916914765148721,0.9407614448983256
digits_pca16,10,pre_none_off,pre,none,off,2.019749503078397,0.5662565283638747,0.3867403314917127,0.9934351807848504,0.9142645430746035,0.9916914765148721,0.9407614448983256
digits_pca16,10,pre_footprint_off,pre,footprint,off,2.9075334341399115,0.6369102888062781,0.4585635359116022,0.9934351807848504,0.9142645430746035,0.9916914765148721,0.9407614448983256
digits_pca16,10,pre_mass_off,pre,mass,off,3.1390448669090727,0.6888406501106594,0.5138121546961326,0.9934351807848504,0.9142645430746035,0.9916914765148721,0.9407614448983256
digits_pca16,11,post_none_off,post,none,off,1.6947595654978989,0.4072106090574083,0.30939226519337015,0.993858611450954,0.9343230253502076,0.9901521212184983,0.9526538935056746
digits_pca16,11,post_footprint_off,post,footprint,off,1.557449637052364,0.5483683918089052,0.4166666666666667,0.993858611450954,0.9343230253502076,0.9901521212184983,0.9526538935056746
digits_pca16,11,post_footprint_on,post,footprint,on,1.5635900258589608,0.5642255759024016,0.4444444444444444,0.993858611450954,0.9343230253502076,0.9901521212184983,0.9526538935056746
digits_pca16,11,pre_none_off,pre,none,off,2.089618738008097,0.5568279339711851,0.4,0.993858611450954,0.9343230253502076,0.9901521212184983,0.9526538935056746
digits_pca16,11,pre_footprint_off,pre,footprint,off,1.5727724899751794,0.6378642607848952,0.46408839779005523,0.993858611450954,0.9343230253502076,0.9901521212184983,0.9526538935056746
digits_pca16,11,pre_mass_off,pre,mass,off,1.560690249903308,0.5622631164719072,0.39664804469273746,0.993858611450954,0.9343230253502076,0.9901521212184983,0.9526538935056746
digits_pca16,12,post_none_off,post,none,off,1.695431353873576,0.37545588763231946,0.3055555555555556,0.9933523512028613,0.9431092586502878,0.9913865486735245,0.9434222204980794
digits_pca16,12,post_footprint_off,post,footprint,off,2.4477335258144564,0.6284671988110412,0.49444444444444446,0.9933523512028613,0.9431092586502878,0.9913865486735245,0.9434222204980794
digits_pca16,12,post_footprint_on,post,footprint,on,2.4701380484368722,0.582000078528252,0.4444444444444444,0.9933523512028613,0.9431092586502878,0.9913865486735245,0.9434222204980794
digits_pca16,12,pre_none_off,pre,none,off,2.0709110022597517,0.5751185322734698,0.40555555555555556,0.9933523512028613,0.9431092586502878,0.9913865486735245,0.9434222204980794
digits_pca16,12,pre_footprint_off,pre,footprint,off,2.6500090455816148,0.6177465575187184,0.36666666666666664,0.9933523512028613,0.9431092586502878,0.9913865486735245,0.9434222204980794
digits_pca16,12,pre_mass_off,pre,mass,off,2.649920824098415,0.6127680483091915,0.36666666666666664,0.9933523512028613,0.9431092586502878,0.9913865486735245,0.9434222204980794
digits_pca16,13,post_none_off,post,none,off,1.6172339860918377,0.41899322213005324,0.3333333333333333,0.9923376507198766,0.9274066258003882,0.9907993718659273,0.9385882398503834
digits_pca16,13,post_footprint_off,post,footprint,off,2.4350418013288904,0.6724010424663021,0.4777777777777778,0.9923376507198766,0.9274066258003882,0.9907993718659273,0.9385882398503834
digits_pca16,13,post_footprint_on,post,footprint,on,2.3603103526895155,0.6277997985927197,0.4777777777777778,0.9923376507198766,0.9274066258003882,0.9907993718659273,0.9385882398503834
digits_pca16,13,pre_none_off,pre,none,off,2.042517784971708,0.6264251332621923,0.45,0.9923376507198766,0.9274066258003882,0.9907993718659273,0.9385882398503834
digits_pca16,13,pre_footprint_off,pre,footprint,off,3.0163295190987225,0.7153719710199666,0.49444444444444446,0.9923376507198766,0.9274066258003882,0.9907993718659273,0.9385882398503834
digits_pca16,13,pre_mass_off,pre,mass,off,2.9179542180620452,0.7149005776556127,0.4888888888888889,0.9923376507198766,0.9274066258003882,0.9907993718659273,0.9385882398503834
digits_pca16,14,post_none_off,post,none,off,1.733064594936405,0.4448687879440823,0.3333333333333333,0.9939840184508153,0.9133220113758906,0.9907502132262852,0.9493604625357993
digits_pca16,14,post_footprint_off,post,footprint,off,2.3585482956031694,0.6426805776305231,0.45,0.9939840184508153,0.9133220113758906,0.9907502132262852,0.9493604625357993
digits_pca16,14,post_footprint_on,post,footprint,on,2.4409018784024608,0.5996047651338696,0.4222222222222222,0.9939840184508153,0.9133220113758906,0.9907502132262852,0.9493604625357993
digits_pca16,14,pre_none_off,pre,none,off,2.111821461949081,0.6078003628514088,0.37777777777777777,0.9939840184508153,0.9133220113758906,0.9907502132262852,0.9493604625357993
digits_pca16,14,pre_footprint_off,pre,footprint,off,2.5615626973701864,0.641876722829472,0.46111111111111114,0.9939840184508153,0.9133220113758906,0.9907502132262852,0.9493604625357993
digits_pca16,14,pre_mass_off,pre,mass,off,2.527522660786654,0.6297341715116374,0.45555555555555555,0.9939840184508153,0.9133220113758906,0.9907502132262852,0.9493604625357993
digits_pca16,15,post_none_off,post,none,off,1.6772229621420687,0.41143304052774343,0.3055555555555556,0.9919291132221387,0.9376508237401474,0.9878144715321798,0.9511260079311641
digits_pca16,15,post_footprint_off,post,footprint,off,2.1941772597644067,0.5652430060755699,0.43333333333333335,0.9919291132221387,0.9376508237401474,0.9878144715321798,0.9511260079311641
digits_pca16,15,post_footprint_on,post,footprint,on,2.213525856594919,0.6079805878343328,0.46111111111111114,0.9919291132221387,0.9376508237401474,0.9878144715321798,0.9511260079311641
digits_pca16,15,pre_none_off,pre,none,off,2.048775443633019,0.5764291432506684,0.425414364640884,0.9919291132221387,0.9376508237401474,0.9878144715321798,0.9511260079311641
digits_pca16,15,pre_footprint_off,pre,footprint,off,2.71035011959847,0.6732587802454673,0.46111111111111114,0.9919291132221387,0.9376508237401474,0.9878144715321798,0.9511260079311641
digits_pca16,15,pre_mass_off,pre,mass,off,2.634343300596208,0.6699433794093482,0.45555555555555555,0.9919291132221387,0.9376508237401474,0.9878144715321798,0.9511260079311641
digits_pca16,16,post_none_off,post,none,off,1.747004065313459,0.4119696250506877,0.32044198895027626,0.9922730494861808,0.9285433865885299,0.9900334243228123,0.9452242366370167
digits_pca16,16,post_footprint_off,post,footprint,off,2.5683169829133212,0.6250545122394314,0.4861878453038674,0.9922730494861808,0.9285433865885299,0.9900334243228123,0.9452242366370167
digits_pca16,16,post_footprint_on,post,footprint,on,1.5802433771931543,0.5874167557214841,0.4,0.9922730494861808,0.9285433865885299,0.9900334243228123,0.9452242366370167
digits_pca16,16,pre_none_off,pre,none,off,2.108914507141341,0.6190666585917866,0.4111111111111111,0.9922730494861808,0.9285433865885299,0.9900334243228123,0.9452242366370167
digits_pca16,16,pre_footprint_off,pre,footprint,off,3.026328014046228,0.691867191121648,0.48333333333333334,0.9922730494861808,0.9285433865885299,0.9900334243228123,0.9452242366370167
digits_pca16,16,pre_mass_off,pre,mass,off,2.9496098858882727,0.6902091761739324,0.48333333333333334,0.9922730494861808,0.9285433865885299,0.9900334243228123,0.9452242366370167
digits_pca16,17,post_none_off,post,none,off,1.7242423738816304,0.4217482266169778,0.27624309392265195,0.9930356203726767,0.9333511226519102,0.989261745775712,0.959596988663332
digits_pca16,17,post_footprint_off,post,footprint,off,2.410060755133858,0.6280574992759906,0.44751381215469616,0.9930356203726767,0.9333511226519102,0.989261745775712,0.959596988663332
digits_pca16,17,post_footprint_on,post,footprint,on,2.218944138577941,0.5549771998048272,0.3888888888888889,0.9930356203726767,0.9333511226519102,0.989261745775712,0.959596988663332
digits_pca16,17,pre_none_off,pre,none,off,2.1609364462776948,0.5877041349848231,0.3888888888888889,0.9930356203726767,0.9333511226519102,0.989261745775712,0.959596988663332
digits_pca16,17,pre_footprint_off,pre,footprint,off,2.7754224220251245,0.6575206494455342,0.49171270718232046,0.9930356203726767,0.9333511226519102,0.989261745775712,0.959596988663332
digits_pca16,17,pre_mass_off,pre,mass,off,2.732628716751148,0.6547454567611237,0.49171270718232046,0.9930356203726767,0.9333511226519102,0.989261745775712,0.959596988663332
digits_pca16,18,post_none_off,post,none,off,1.1386668421098094,0.40896405886812576,0.3333333333333333,0.9952634537108288,0.9311785966955183,0.9924915140480189,0.934292880089245
digits_pca16,18,post_footprint_off,post,footprint,off,2.470406191860595,0.6478271717827402,0.5254237288135594,0.9952634537108288,0.9311785966955183,0.9924915140480189,0.934292880089245
digits_pca16,18,post_footprint_on,post,footprint,on,2.1911357038716157,0.6512823652881845,0.4888888888888889,0.9952634537108288,0.9311785966955183,0.9924915140480189,0.934292880089245
digits_pca16,18,pre_none_off,pre,none,off,1.960977340795649,0.5777729535585998,0.4419889502762431,0.9952634537108288,0.9311785966955183,0.9924915140480189,0.934292880089245
digits_pca16,18,pre_footprint_off,pre,footprint,off,2.6265598452235475,0.7039226214882989,0.5666666666666667,0.9952634537108288,0.9311785966955183,0.9924915140480189,0.934292880089245
digits_pca16,18,pre_mass_off,pre,mass,off,2.7961292155338753,0.6971667864262929,0.5444444444444444,0.9952634537108288,0.9311785966955183,0.9924915140480189,0.934292880089245
digits_pca16,19,post_none_off,post,none,off,1.7184224737228073,0.37805468797386577,0.287292817679558,0.9931344116564713,0.9442978827287997,0.9895800953837147,0.9383816665135344
digits_pca16,19,post_footprint_off,post,footprint,off,2.523926807013743,0.6295038672444369,0.3812154696132597,0.9931344116564713,0.9442978827287997,0.9895800953837147,0.9383816665135344
digits_pca16,19,post_footprint_on,post,footprint,on,2.1535848774309527,0.6162415579477187,0.5027624309392266,0.9931344116564713,0.9442978827287997,0.9895800953837147,0.9383816665135344
digits_pca16,19,pre_none_off,pre,none,off,1.9793470395608517,0.6443703617334859,0.4666666666666667,0.9931344116564713,0.9442978827287997,0.9895800953837147,0.9383816665135344
digits_pca16,19,pre_footprint_off,pre,footprint,off,2.9740019440209324,0.7286532606497473,0.5388888888888889,0.9931344116564713,0.9442978827287997,0.9895800953837147,0.9383816665135344
digits_pca16,19,pre_mass_off,pre,mass,off,2.92518344969975,0.7225787063348383,0.5277777777777778,0.9931344116564713,0.9442978827287997,0.9895800953837147,0.9383816665135344
digits_pca32,10,post_none_off,post,none,off,2.17243864793874,0.3665975992617031,0.2994350282485876,0.9916927291544677,0.924343241272739,0.9875312071354246,0.9545948567153882
digits_pca32,10,post_footprint_off,post,footprint,off,2.9273244881102634,0.6886003611616069,0.5333333333333333,0.9916927291544677,0.924343241272739,0.9875312071354246,0.9545948567153882
digits_pca32,10,post_footprint_on,post,footprint,on,2.5164687422500234,0.5940367071106754,0.37222222222222223,0.9916927291544677,0.924343241272739,0.9875312071354246,0.9545948567153882
digits_pca32,10,pre_none_off,pre,none,off,2.2920482725797235,0.5550503167533661,0.42613636363636365,0.9916927291544677,0.924343241272739,0.9875312071354246,0.9545948567153882
digits_pca32,10,pre_footprint_off,pre,footprint,off,3.4180260905203554,0.6299857623059775,0.4011299435028249,0.9916927291544677,0.924343241272739,0.9875312071354246,0.9545948567153882
digits_pca32,10,pre_mass_off,pre,mass,off,3.2000757148453447,0.6283155414319617,0.4011299435028249,0.9916927291544677,0.924343241272739,0.9875312071354246,0.9545948567153882
digits_pca32,11,post_none_off,post,none,off,1.9430616734180186,0.3161625787656958,0.25555555555555554,0.9883286984706865,0.9268236785344873,0.98751312378582,0.9501052298592306
digits_pca32,11,post_footprint_off,post,footprint,off,2.792418264346382,0.609903577134167,0.510989010989011,0.9883286984706865,0.9268236785344873,0.98751312378582,0.9501052298592306
digits_pca32,11,post_footprint_on,post,footprint,on,2.870648238218407,0.5543508234260408,0.35555555555555557,0.9883286984706865,0.9268236785344873,0.98751312378582,0.9501052298592306
digits_pca32,11,pre_none_off,pre,none,off,2.583128843521758,0.5866518891566831,0.37222222222222223,0.9883286984706865,0.9268236785344873,0.98751312378582,0.9501052298592306
digits_pca32,11,pre_footprint_off,pre,footprint,off,3.331775018432519,0.6354623636735975,0.4111111111111111,0.9883286984706865,0.9268236785344873,0.98751312378582,0.9501052298592306
digits_pca32,11,pre_mass_off,pre,mass,off,3.0051806527512688,0.6171717153739198,0.31666666666666665,0.9883286984706865,0.9268236785344873,0.98751312378582,0.9501052298592306
digits_pca32,12,post_none_off,post,none,off,2.1006083863694207,0.3590579654241256,0.26666666666666666,0.989893046689924,0.93716636759985,0.9886441721381869,0.9578329649173294
digits_pca32,12,post_footprint_off,post,footprint,off,2.950049012480478,0.6088490656594382,0.3888888888888889,0.989893046689924,0.93716636759985,0.9886441721381869,0.9578329649173294
digits_pca32,12,post_footprint_on,post,footprint,on,2.8559333101417685,0.5640258663828548,0.37222222222222223,0.989893046689924,0.93716636759985,0.9886441721381869,0.9578329649173294
digits_pca32,12,pre_none_off,pre,none,off,2.5885601367577458,0.5688167640327201,0.29444444444444445,0.989893046689924,0.93716636759985,0.9886441721381869,0.9578329649173294
digits_pca32,12,pre_footprint_off,pre,footprint,off,3.12747475357375,0.6089122069180155,0.3,0.989893046689924,0.93716636759985,0.9886441721381869,0.9578329649173294
digits_pca32,12,pre_mass_off,pre,mass,off,3.1543148391217755,0.5889327978789531,0.2833333333333333,0.989893046689924,0.93716636759985,0.9886441721381869,0.9578329649173294
digits_pca32,13,post_none_off,post,none,off,1.9876884644995798,0.35940601094330404,0.3,0.9916530047825374,0.939587254876818,0.9892100332485639,0.9643919690302186
digits_pca32,13,post_footprint_off,post,footprint,off,2.673357723439082,0.6039416387077102,0.3611111111111111,0.9916530047825374,0.939587254876818,0.9892100332485639,0.9643919690302186
digits_pca32,13,post_footprint_on,post,footprint,on,2.751084352988823,0.6080106772089288,0.4444444444444444,0.9916530047825374,0.939587254876818,0.9892100332485639,0.9643919690302186
digits_pca32,13,pre_none_off,pre,none,off,2.542598176816278,0.5985285766353521,0.3812154696132597,0.9916530047825374,0.939587254876818,0.9892100332485639,0.9643919690302186
digits_pca32,13,pre_footprint_off,pre,footprint,off,3.184538851290068,0.6916519524488344,0.5480225988700564,0.9916530047825374,0.939587254876818,0.9892100332485639,0.9643919690302186
digits_pca32,13,pre_mass_off,pre,mass,off,2.8546103485980634,0.6841589573179367,0.5833333333333334,0.9916530047825374,0.939587254876818,0.9892100332485639,0.9643919690302186
digits_pca32,14,post_none_off,post,none,off,1.9243157522866219,0.35249902933363225,0.2833333333333333,0.988296369419641,0.9179297391715749,0.9877615488305801,0.9440633419897287
digits_pca32,14,post_footprint_off,post,footprint,off,2.9245163776887706,0.6459439966418564,0.46111111111111114,0.988296369419641,0.9179297391715749,0.9877615488305801,0.9440633419897287
digits_pca32,14,post_footprint_on,post,footprint,on,1.8758069681181633,0.5454586368121535,0.39779005524861877,0.988296369419641,0.9179297391715749,0.9877615488305801,0.9440633419897287
digits_pca32,14,pre_none_off,pre,none,off,2.3676453442858043,0.5827470691290471,0.4,0.988296369419641,0.9179297391715749,0.9877615488305801,0.9440633419897287
digits_pca32,14,pre_footprint_off,pre,footprint,off,2.658092733424771,0.6896931441446652,0.5027624309392266,0.988296369419641,0.9179297391715749,0.9877615488305801,0.9440633419897287
digits_pca32,14,pre_mass_off,pre,mass,off,3.3081468065311275,0.6691697678337895,0.55,0.988296369419641,0.9179297391715749,0.9877615488305801,0.9440633419897287
digits_pca32,15,post_none_off,post,none,off,2.062888582292853,0.376747084326358,0.28888888888888886,0.9902136367771334,0.9182865013705847,0.9881822719557883,0.9597461241548476
digits_pca32,15,post_footprint_off,post,footprint,off,3.0129402204959708,0.6422233059424494,0.5055555555555555,0.9902136367771334,0.9182865013705847,0.9881822719557883,0.9597461241548476
digits_pca32,15,post_footprint_on,post,footprint,on,2.6905363940612492,0.5950761103385498,0.3888888888888889,0.9902136367771334,0.9182865013705847,0.9881822719557883,0.9597461241548476
digits_pca32,15,pre_none_off,pre,none,off,2.5654823205399646,0.5756767716760394,0.3901098901098901,0.9902136367771334,0.9182865013705847,0.9881822719557883,0.9597461241548476
digits_pca32,15,pre_footprint_off,pre,footprint,off,3.0165167280435656,0.6485907663873726,0.4340659340659341,0.9902136367771334,0.9182865013705847,0.9881822719557883,0.9597461241548476
digits_pca32,15,pre_mass_off,pre,mass,off,3.1705939672785703,0.6260423197848383,0.3611111111111111,0.9902136367771334,0.9182865013705847,0.9881822719557883,0.9597461241548476
digits_pca32,16,post_none_off,post,none,off,2.09421522425111,0.39453754489314735,0.2611111111111111,0.9908651389742662,0.9473611204999676,0.9903000278097877,0.9473118525574237
digits_pca32,16,post_footprint_off,post,footprint,off,2.9832840405343783,0.6521195239939553,0.45,0.9908651389742662,0.9473611204999676,0.9903000278097877,0.9473118525574237
digits_pca32,16,post_footprint_on,post,footprint,on,2.4005809624698564,0.5962351313322958,0.4777777777777778,0.9908651389742662,0.9473611204999676,0.9903000278097877,0.9473118525574237
digits_pca32,16,pre_none_off,pre,none,off,2.5313377758490048,0.5656582654307447,0.34444444444444444,0.9908651389742662,0.9473611204999676,0.9903000278097877,0.9473118525574237
digits_pca32,16,pre_footprint_off,pre,footprint,off,3.357516602860249,0.6733304747758774,0.4350282485875706,0.9908651389742662,0.9473611204999676,0.9903000278097877,0.9473118525574237
digits_pca32,16,pre_mass_off,pre,mass,off,3.1683567616155632,0.6980682169996426,0.4777777777777778,0.9908651389742662,0.9473611204999676,0.9903000278097877,0.9473118525574237
digits_pca32,17,post_none_off,post,none,off,2.0525838367623064,0.3213468252365973,0.2265193370165746,0.9897214622043521,0.9408840989442824,0.9878129790208745,0.9679982177114267
digits_pca32,17,post_footprint_off,post,footprint,off,3.0121892323335744,0.6437107224559181,0.49444444444444446,0.9897214622043521,0.9408840989442824,0.9878129790208745,0.9679982177114267
digits_pca32,17,post_footprint_on,post,footprint,on,2.722562227859462,0.5681665116306813,0.40555555555555556,0.9897214622043521,0.9408840989442824,0.9878129790208745,0.9679982177114267
digits_pca32,17,pre_none_off,pre,none,off,2.4621922876596205,0.5094690314592588,0.25555555555555554,0.9897214622043521,0.9408840989442824,0.9878129790208745,0.9679982177114267
digits_pca32,17,pre_footprint_off,pre,footprint,off,2.77651200285865,0.592632821956341,0.37222222222222223,0.9897214622043521,0.9408840989442824,0.9878129790208745,0.9679982177114267
digits_pca32,17,pre_mass_off,pre,mass,off,3.2543507808110843,0.7079863899079469,0.55,0.9897214622043521,0.9408840989442824,0.9878129790208745,0.9679982177114267
digits_pca32,18,post_none_off,post,none,off,1.9729185640118163,0.33619176625963554,0.26666666666666666,0.990805153170465,0.9370966782322293,0.9870695931836919,0.9489130200143326
digits_pca32,18,post_footprint_off,post,footprint,off,2.9700532228590437,0.6207372987761324,0.5227272727272727,0.990805153170465,0.9370966782322293,0.9870695931836919,0.9489130200143326
digits_pca32,18,post_footprint_on,post,footprint,on,2.8221341028366407,0.5718646458633425,0.4431818181818182,0.990805153170465,0.9370966782322293,0.9870695931836919,0.9489130200143326
digits_pca32,18,pre_none_off,pre,none,off,2.586456607856662,0.5254289981323289,0.40555555555555556,0.990805153170465,0.9370966782322293,0.9870695931836919,0.9489130200143326
digits_pca32,18,pre_footprint_off,pre,footprint,off,3.316782157749672,0.7140283772513896,0.6111111111111112,0.990805153170465,0.9370966782322293,0.9870695931836919,0.9489130200143326
digits_pca32,18,pre_mass_off,pre,mass,off,3.2703537835861294,0.7074321378958128,0.6111111111111112,0.990805153170465,0.9370966782322293,0.9870695931836919,0.9489130200143326
digits_pca32,19,post_none_off,post,none,off,2.1454006850400362,0.39623407084530465,0.3388888888888889,0.9921249554192567,0.9185821523544447,0.9894617244594456,0.9309331123341844
digits_pca32,19,post_footprint_off,post,footprint,off,2.9925768077109383,0.603456888268176,0.4388888888888889,0.9921249554192567,0.9185821523544447,0.9894617244594456,0.9309331123341844
digits_pca32,19,post_footprint_on,post,footprint,on,2.786662574609198,0.5976705132171403,0.35,0.9921249554192567,0.9185821523544447,0.9894617244594456,0.9309331123341844
digits_pca32,19,pre_none_off,pre,none,off,2.4673397909375474,0.5686391945502893,0.4111111111111111,0.9921249554192567,0.9185821523544447,0.9894617244594456,0.9309331123341844
digits_pca32,19,pre_footprint_off,pre,footprint,off,3.8893744544405484,0.6044107131999152,0.4293785310734463,0.9921249554192567,0.9185821523544447,0.9894617244594456,0.9309331123341844
digits_pca32,19,pre_mass_off,pre,mass,off,3.5942375554307677,0.6199917828795526,0.4350282485875706,0.9921249554192567,0.9185821523544447,0.9894617244594456,0.9309331123341844
dirichlet_0.03,10,post_none_off,post,none,off,0.45613985309921673,0.6753787878787879,0.5409090909090909,0.9998294529969978,1.0,0.9991497559956843,0.9930185268307422
dirichlet_0.03,10,post_footprint_off,post,footprint,off,5.576012468779081,1.0,1.0,0.9998294529969978,1.0,0.9991497559956843,0.9930185268307422
dirichlet_0.03,10,post_footprint_on,post,footprint,on,6.939818654217388,1.0,1.0,0.9998294529969978,1.0,0.9991497559956843,0.9930185268307422
dirichlet_0.03,10,pre_none_off,pre,none,off,7.778096168591906,1.0,1.0,0.9998294529969978,1.0,0.9991497559956843,0.9930185268307422
dirichlet_0.03,10,pre_footprint_off,pre,footprint,off,7.825577299424593,1.0,1.0,0.9998294529969978,1.0,0.9991497559956843,0.9930185268307422
dirichlet_0.03,10,pre_mass_off,pre,mass,off,7.826458823546929,1.0,1.0,0.9998294529969978,1.0,0.9991497559956843,0.9930185268307422
dirichlet_0.03,11,post_none_off,post,none,off,7.039277728428327e-10,0.8693181818181818,0.5636363636363636,0.9999133875570192,1.0,0.9986636595504262,0.9928302970006487
dirichlet_0.03,11,post_footprint_off,post,footprint,off,6.568549838304572,1.0,1.0,0.9999133875570192,1.0,0.9986636595504262,0.9928302970006487
dirichlet_0.03,11,post_footprint_on,post,footprint,on,7.3837233163545255,1.0,1.0,0.9999133875570192,1.0,0.9986636595504262,0.9928302970006487
dirichlet_0.03,11,pre_none_off,pre,none,off,8.189452301126126,1.0,1.0,0.9999133875570192,1.0,0.9986636595504262,0.9928302970006487
dirichlet_0.03,11,pre_footprint_off,pre,footprint,off,8.191824722394744,1.0,1.0,0.9999133875570192,1.0,0.9986636595504262,0.9928302970006487
dirichlet_0.03,11,pre_mass_off,pre,mass,off,8.19188996320609,1.0,1.0,0.9999133875570192,1.0,0.9986636595504262,0.9928302970006487
dirichlet_0.03,12,post_none_off,post,none,off,0.60093649651927,0.965530303030303,0.8045454545454546,0.9993523638417489,0.9694160968212877,0.9976972366219966,0.9560013623037467
dirichlet_0.03,12,post_footprint_off,post,footprint,off,6.178955677245662,1.0,1.0,0.9993523638417489,0.9694160968212877,0.9976972366219966,0.9560013623037467
dirichlet_0.03,12,post_footprint_on,post,footprint,on,7.2160496094665785,1.0,1.0,0.9993523638417489,0.9694160968212877,0.9976972366219966,0.9560013623037467
dirichlet_0.03,12,pre_none_off,pre,none,off,8.317651175119332,1.0,1.0,0.9993523638417489,0.9694160968212877,0.9976972366219966,0.9560013623037467
dirichlet_0.03,12,pre_footprint_off,pre,footprint,off,8.339465070507378,1.0,1.0,0.9993523638417489,0.9694160968212877,0.9976972366219966,0.9560013623037467
dirichlet_0.03,12,pre_mass_off,pre,mass,off,8.33945006484778,1.0,1.0,0.9993523638417489,0.9694160968212877,0.9976972366219966,0.9560013623037467
dirichlet_0.03,13,post_none_off,post,none,off,0.9637561066823188,0.8606060606060607,0.5,0.9999441344853374,1.0,0.9980363172725168,0.9936997627254179
dirichlet_0.03,13,post_footprint_off,post,footprint,off,6.8077141887901576,1.0,1.0,0.9999441344853374,1.0,0.9980363172725168,0.9936997627254179
dirichlet_0.03,13,post_footprint_on,post,footprint,on,7.659026351878343,1.0,1.0,0.9999441344853374,1.0,0.9980363172725168,0.9936997627254179
dirichlet_0.03,13,pre_none_off,pre,none,off,8.449004333613443,1.0,1.0,0.9999441344853374,1.0,0.9980363172725168,0.9936997627254179
dirichlet_0.03,13,pre_footprint_off,pre,footprint,off,1.1760842237253704,0.8329545454545455,0.5363636363636364,0.9999441344853374,1.0,0.9980363172725168,0.9936997627254179
dirichlet_0.03,13,pre_mass_off,pre,mass,off,8.479929923902747,1.0,1.0,0.9999441344853374,1.0,0.9980363172725168,0.9936997627254179
dirichlet_0.03,14,post_none_off,post,none,off,0.19739758485071787,0.7405303030303031,0.5,0.9998348438262102,0.9847080484106439,0.9852000622735564,0.9800003154959714
dirichlet_0.03,14,post_footprint_off,post,footprint,off,7.093239355547928,1.0,1.0,0.9998348438262102,0.9847080484106439,0.9852000622735564,0.9800003154959714
dirichlet_0.03,14,post_footprint_on,post,footprint,on,7.233434484007725,1.0,1.0,0.9998348438262102,0.9847080484106439,0.9852000622735564,0.9800003154959714
dirichlet_0.03,14,pre_none_off,pre,none,off,8.020555532499143,1.0,1.0,0.9998348438262102,0.9847080484106439,0.9852000622735564,0.9800003154959714
dirichlet_0.03,14,pre_footprint_off,pre,footprint,off,1.261956736533768,0.7496212121212121,0.5181818181818182,0.9998348438262102,0.9847080484106439,0.9852000622735564,0.9800003154959714
dirichlet_0.03,14,pre_mass_off,pre,mass,off,8.055014377419182,1.0,1.0,0.9998348438262102,0.9847080484106439,0.9852000622735564,0.9800003154959714
dirichlet_0.03,15,post_none_off,post,none,off,0.0870237733768757,0.8681818181818182,0.740909090909091,0.9998262174640938,0.9812163891034569,0.999354993448564,0.9616880932119511
dirichlet_0.03,15,post_footprint_off,post,footprint,off,5.845350387810002,0.9996212121212121,0.9954545454545455,0.9998262174640938,0.9812163891034569,0.999354993448564,0.9616880932119511
dirichlet_0.03,15,post_footprint_on,post,footprint,on,6.010170670344299,0.9996212121212121,0.9954545454545455,0.9998262174640938,0.9812163891034569,0.999354993448564,0.9616880932119511
dirichlet_0.03,15,pre_none_off,pre,none,off,8.501269870158957,1.0,1.0,0.9998262174640938,0.9812163891034569,0.999354993448564,0.9616880932119511
dirichlet_0.03,15,pre_footprint_off,pre,footprint,off,8.549446531929798,1.0,1.0,0.9998262174640938,0.9812163891034569,0.999354993448564,0.9616880932119511
dirichlet_0.03,15,pre_mass_off,pre,mass,off,8.549670828133912,1.0,1.0,0.9998262174640938,0.9812163891034569,0.999354993448564,0.9616880932119511
dirichlet_0.03,16,post_none_off,post,none,off,0.07323198652297397,0.9962121212121212,0.9863636363636363,0.9995486205463152,1.0,0.9988584742750727,0.9739271995417484
dirichlet_0.03,16,post_footprint_off,post,footprint,off,5.705532229247517,1.0,1.0,0.9995486205463152,1.0,0.9988584742750727,0.9739271995417484
dirichlet_0.03,16,post_footprint_on,post,footprint,on,6.917031513919564,1.0,1.0,0.9995486205463152,1.0,0.9988584742750727,0.9739271995417484
dirichlet_0.03,16,pre_none_off,pre,none,off,8.35320634217916,1.0,1.0,0.9995486205463152,1.0,0.9988584742750727,0.9739271995417484
dirichlet_0.03,16,pre_footprint_off,pre,footprint,off,8.523556717960055,1.0,1.0,0.9995486205463152,1.0,0.9988584742750727,0.9739271995417484
dirichlet_0.03,16,pre_mass_off,pre,mass,off,8.530982838951898,1.0,1.0,0.9995486205463152,1.0,0.9988584742750727,0.9739271995417484
dirichlet_0.03,17,post_none_off,post,none,off,0.039961158299468,0.9405303030303029,0.7272727272727273,0.9999588654184293,1.0,0.9991564955116727,0.9456862574880468
dirichlet_0.03,17,post_footprint_off,post,footprint,off,6.35058702478196,1.0,1.0,0.9999588654184293,1.0,0.9991564955116727,0.9456862574880468
dirichlet_0.03,17,post_footprint_on,post,footprint,on,7.232887968523013,1.0,1.0,0.9999588654184293,1.0,0.9991564955116727,0.9456862574880468
dirichlet_0.03,17,pre_none_off,pre,none,off,8.193507932210332,1.0,1.0,0.9999588654184293,1.0,0.9991564955116727,0.9456862574880468
dirichlet_0.03,17,pre_footprint_off,pre,footprint,off,8.23513923550321,1.0,1.0,0.9999588654184293,1.0,0.9991564955116727,0.9456862574880468
dirichlet_0.03,17,pre_mass_off,pre,mass,off,8.225832859134684,1.0,1.0,0.9999588654184293,1.0,0.9991564955116727,0.9456862574880468
dirichlet_0.03,18,post_none_off,post,none,off,0.4795105938661277,0.9859848484848485,0.9363636363636364,0.9999980211329564,1.0,0.9980664762440786,0.9814233741374383
dirichlet_0.03,18,post_footprint_off,post,footprint,off,6.676860087657196,1.0,1.0,0.9999980211329564,1.0,0.9980664762440786,0.9814233741374383
dirichlet_0.03,18,post_footprint_on,post,footprint,on,7.29548976507109,1.0,1.0,0.9999980211329564,1.0,0.9980664762440786,0.9814233741374383
dirichlet_0.03,18,pre_none_off,pre,none,off,7.210635416464488,1.0,1.0,0.9999980211329564,1.0,0.9980664762440786,0.9814233741374383
dirichlet_0.03,18,pre_footprint_off,pre,footprint,off,8.206540772207006,1.0,1.0,0.9999980211329564,1.0,0.9980664762440786,0.9814233741374383
dirichlet_0.03,18,pre_mass_off,pre,mass,off,7.256056905671325,1.0,1.0,0.9999980211329564,1.0,0.9980664762440786,0.9814233741374383
dirichlet_0.03,19,post_none_off,post,none,off,0.24415048347154025,0.7859848484848485,0.509090909090909,0.9940389749855602,0.9596368804292,0.9854037286674132,0.958342640787493
dirichlet_0.03,19,post_footprint_off,post,footprint,off,1.057739587303639,0.7674242424242425,0.5045454545454545,0.9940389749855602,0.9596368804292,0.9854037286674132,0.958342640787493
dirichlet_0.03,19,post_footprint_on,post,footprint,on,1.1384375191498979,0.7617424242424242,0.5,0.9940389749855602,0.9596368804292,0.9854037286674132,0.958342640787493
dirichlet_0.03,19,pre_none_off,pre,none,off,1.1116373999061826,0.7613636363636364,0.5136363636363637,0.9940389749855602,0.9596368804292,0.9854037286674132,0.958342640787493
dirichlet_0.03,19,pre_footprint_off,pre,footprint,off,1.1217817088943902,0.7696969696969697,0.5,0.9940389749855602,0.9596368804292,0.9854037286674132,0.958342640787493
dirichlet_0.03,19,pre_mass_off,pre,mass,off,1.1211662794914574,0.7681818181818182,0.5,0.9940389749855602,0.9596368804292,0.9854037286674132,0.958342640787493
dirichlet_0.1,10,post_none_off,post,none,off,1.422710713529455,0.8465909090909092,0.5772727272727273,0.9999831042848699,0.9498477534028078,0.9955686172496492,0.9152700568550884
dirichlet_0.1,10,post_footprint_off,post,footprint,off,6.603141727114862,0.9996212121212121,0.9954545454545455,0.9999831042848699,0.9498477534028078,0.9955686172496492,0.9152700568550884
dirichlet_0.1,10,post_footprint_on,post,footprint,on,7.276382464664655,1.0,1.0,0.9999831042848699,0.9498477534028078,0.9955686172496492,0.9152700568550884
dirichlet_0.1,10,pre_none_off,pre,none,off,8.33116334270016,1.0,1.0,0.9999831042848699,0.9498477534028078,0.9955686172496492,0.9152700568550884
dirichlet_0.1,10,pre_footprint_off,pre,footprint,off,8.459871977156533,1.0,1.0,0.9999831042848699,0.9498477534028078,0.9955686172496492,0.9152700568550884
dirichlet_0.1,10,pre_mass_off,pre,mass,off,8.459714955273137,1.0,1.0,0.9999831042848699,0.9498477534028078,0.9955686172496492,0.9152700568550884
dirichlet_0.1,11,post_none_off,post,none,off,0.8282989210288304,0.9238636363636363,0.7909090909090909,0.999935459290416,0.9694160968212877,0.9872277855641136,0.9665084426463607
dirichlet_0.1,11,post_footprint_off,post,footprint,off,7.585178455239419,1.0,1.0,0.999935459290416,0.9694160968212877,0.9872277855641136,0.9665084426463607
dirichlet_0.1,11,post_footprint_on,post,footprint,on,7.528596745525611,1.0,1.0,0.999935459290416,0.9694160968212877,0.9872277855641136,0.9665084426463607
dirichlet_0.1,11,pre_none_off,pre,none,off,8.032101199713214,1.0,1.0,0.999935459290416,0.9694160968212877,0.9872277855641136,0.9665084426463607
dirichlet_0.1,11,pre_footprint_off,pre,footprint,off,1.5492197024462577,0.806060606060606,0.5727272727272728,0.999935459290416,0.9694160968212877,0.9872277855641136,0.9665084426463607
dirichlet_0.1,11,pre_mass_off,pre,mass,off,8.09940633055035,1.0,1.0,0.999935459290416,0.9694160968212877,0.9872277855641136,0.9665084426463607
dirichlet_0.1,12,post_none_off,post,none,off,1.3943505440537178,0.9867424242424243,0.9090909090909091,0.9996249830920014,0.9694160968212877,0.994857414825201,0.9705775740033284
dirichlet_0.1,12,post_footprint_off,post,footprint,off,7.657085680066356,1.0,1.0,0.9996249830920014,0.9694160968212877,0.994857414825201,0.9705775740033284
dirichlet_0.1,12,post_footprint_on,post,footprint,on,7.544660242787342,1.0,1.0,0.9996249830920014,0.9694160968212877,0.994857414825201,0.9705775740033284
dirichlet_0.1,12,pre_none_off,pre,none,off,7.932874975409932,1.0,1.0,0.9996249830920014,0.9694160968212877,0.994857414825201,0.9705775740033284
dirichlet_0.1,12,pre_footprint_off,pre,footprint,off,7.96612195045577,1.0,1.0,0.9996249830920014,0.9694160968212877,0.994857414825201,0.9705775740033284
dirichlet_0.1,12,pre_mass_off,pre,mass,off,7.9637919819758975,1.0,1.0,0.9996249830920014,0.9694160968212877,0.994857414825201,0.9705775740033284
dirichlet_0.1,13,post_none_off,post,none,off,3.2480548492035664,0.9772727272727272,0.8590909090909091,0.9991783685385088,0.9957236081708761,0.9979092992015829,0.9764898225425878
dirichlet_0.1,13,post_footprint_off,post,footprint,off,1.2029855798000755,0.8431818181818183,0.55,0.9991783685385088,0.9957236081708761,0.9979092992015829,0.9764898225425878
dirichlet_0.1,13,post_footprint_on,post,footprint,on,1.1451776183890956,0.8340909090909091,0.5409090909090909,0.9991783685385088,0.9957236081708761,0.9979092992015829,0.9764898225425878
dirichlet_0.1,13,pre_none_off,pre,none,off,1.122598932258241,0.8363636363636364,0.5590909090909091,0.9991783685385088,0.9957236081708761,0.9979092992015829,0.9764898225425878
dirichlet_0.1,13,pre_footprint_off,pre,footprint,off,1.125396299349108,0.8295454545454546,0.5272727272727272,0.9991783685385088,0.9957236081708761,0.9979092992015829,0.9764898225425878
dirichlet_0.1,13,pre_mass_off,pre,mass,off,1.1246102863435168,0.8295454545454546,0.5272727272727272,0.9991783685385088,0.9957236081708761,0.9979092992015829,0.9764898225425878
dirichlet_0.1,14,post_none_off,post,none,off,0.9678963905807486,0.796590909090909,0.5136363636363637,0.9999296476598264,0.9694160968212877,0.9971843265998201,0.9644662512694816
dirichlet_0.1,14,post_footprint_off,post,footprint,off,7.324009099681574,1.0,1.0,0.9999296476598264,0.9694160968212877,0.9971843265998201,0.9644662512694816
dirichlet_0.1,14,post_footprint_on,post,footprint,on,7.247926789483589,1.0,1.0,0.9999296476598264,0.9694160968212877,0.9971843265998201,0.9644662512694816
dirichlet_0.1,14,pre_none_off,pre,none,off,7.983898664470847,1.0,1.0,0.9999296476598264,0.9694160968212877,0.9971843265998201,0.9644662512694816
dirichlet_0.1,14,pre_footprint_off,pre,footprint,off,7.972639161463985,1.0,1.0,0.9999296476598264,0.9694160968212877,0.9971843265998201,0.9644662512694816
dirichlet_0.1,14,pre_mass_off,pre,mass,off,7.973029726958977,1.0,1.0,0.9999296476598264,0.9694160968212877,0.9971843265998201,0.9644662512694816
dirichlet_0.1,15,post_none_off,post,none,off,0.4284497544881071,0.9526515151515152,0.5818181818181818,0.9994881417181767,0.976939997274333,0.9976788658425753,0.9710967311001807
dirichlet_0.1,15,post_footprint_off,post,footprint,off,1.0137106800360054,0.7647727272727273,0.509090909090909,0.9994881417181767,0.976939997274333,0.9976788658425753,0.9710967311001807
dirichlet_0.1,15,post_footprint_on,post,footprint,on,1.185486159565342,0.8106060606060607,0.55,0.9994881417181767,0.976939997274333,0.9976788658425753,0.9710967311001807
dirichlet_0.1,15,pre_none_off,pre,none,off,1.1557845455038112,0.8647727272727272,0.5818181818181818,0.9994881417181767,0.976939997274333,0.9976788658425753,0.9710967311001807
dirichlet_0.1,15,pre_footprint_off,pre,footprint,off,1.0289716809622793,0.8462121212121212,0.5818181818181818,0.9994881417181767,0.976939997274333,0.9976788658425753,0.9710967311001807
dirichlet_0.1,15,pre_mass_off,pre,mass,off,1.0301596207604942,0.8477272727272727,0.5818181818181818,0.9994881417181767,0.976939997274333,0.9976788658425753,0.9710967311001807
dirichlet_0.1,16,post_none_off,post,none,off,2.8289719114495377,0.9996212121212121,0.9954545454545455,0.9990656585700092,0.9541241452319316,0.9955141736989986,0.9653500833644025
dirichlet_0.1,16,post_footprint_off,post,footprint,off,7.529563599174889,1.0,1.0,0.9990656585700092,0.9541241452319316,0.9955141736989986,0.9653500833644025
dirichlet_0.1,16,post_footprint_on,post,footprint,on,7.52063400292984,1.0,1.0,0.9990656585700092,0.9541241452319316,0.9955141736989986,0.9653500833644025
dirichlet_0.1,16,pre_none_off,pre,none,off,7.863476173461225,1.0,1.0,0.9990656585700092,0.9541241452319316,0.9955141736989986,0.9653500833644025
dirichlet_0.1,16,pre_footprint_off,pre,footprint,off,7.884767932362705,1.0,1.0,0.9990656585700092,0.9541241452319316,0.9955141736989986,0.9653500833644025
dirichlet_0.1,16,pre_mass_off,pre,mass,off,7.884656158669892,1.0,1.0,0.9990656585700092,0.9541241452319316,0.9955141736989986,0.9653500833644025
dirichlet_0.1,17,post_none_off,post,none,off,0.8098982455937466,0.8992424242424243,0.5954545454545455,0.9997403779204671,0.9694160968212877,0.9996816261890906,0.9813250537496537
dirichlet_0.1,17,post_footprint_off,post,footprint,off,7.4407566260419955,1.0,1.0,0.9997403779204671,0.9694160968212877,0.9996816261890906,0.9813250537496537
dirichlet_0.1,17,post_footprint_on,post,footprint,on,7.422447533310656,1.0,1.0,0.9997403779204671,0.9694160968212877,0.9996816261890906,0.9813250537496537
dirichlet_0.1,17,pre_none_off,pre,none,off,7.84525379496172,1.0,1.0,0.9997403779204671,0.9694160968212877,0.9996816261890906,0.9813250537496537
dirichlet_0.1,17,pre_footprint_off,pre,footprint,off,7.902054994877813,1.0,1.0,0.9997403779204671,0.9694160968212877,0.9996816261890906,0.9813250537496537
dirichlet_0.1,17,pre_mass_off,pre,mass,off,7.900862900957707,1.0,1.0,0.9997403779204671,0.9694160968212877,0.9996816261890906,0.9813250537496537
dirichlet_0.1,18,post_none_off,post,none,off,1.6614534617880943,0.9643939393939395,0.9090909090909091,0.9983556859435087,0.9957236081708762,0.9905277806406547,0.9830282089087413
dirichlet_0.1,18,post_footprint_off,post,footprint,off,1.0969663811737531,0.809469696969697,0.5636363636363636,0.9983556859435087,0.9957236081708762,0.9905277806406547,0.9830282089087413
dirichlet_0.1,18,post_footprint_on,post,footprint,on,6.79873538740738,1.0,1.0,0.9983556859435087,0.9957236081708762,0.9905277806406547,0.9830282089087413
dirichlet_0.1,18,pre_none_off,pre,none,off,8.09712002830685,1.0,1.0,0.9983556859435087,0.9957236081708762,0.9905277806406547,0.9830282089087413
dirichlet_0.1,18,pre_footprint_off,pre,footprint,off,8.224369040966476,1.0,1.0,0.9983556859435087,0.9957236081708762,0.9905277806406547,0.9830282089087413
dirichlet_0.1,18,pre_mass_off,pre,mass,off,8.225408751189567,1.0,1.0,0.9983556859435087,0.9957236081708762,0.9905277806406547,0.9830282089087413
dirichlet_0.1,19,post_none_off,post,none,off,0.6297787478863557,0.8787878787878788,0.6727272727272727,0.9986507057313875,0.9203136751240569,0.9977261109780757,0.9374114146605763
dirichlet_0.1,19,post_footprint_off,post,footprint,off,7.80753082393872,1.0,1.0,0.9986507057313875,0.9203136751240569,0.9977261109780757,0.9374114146605763
dirichlet_0.1,19,post_footprint_on,post,footprint,on,7.773452501863741,1.0,1.0,0.9986507057313875,0.9203136751240569,0.9977261109780757,0.9374114146605763
dirichlet_0.1,19,pre_none_off,pre,none,off,8.094141176911242,1.0,1.0,0.9986507057313875,0.9203136751240569,0.9977261109780757,0.9374114146605763
dirichlet_0.1,19,pre_footprint_off,pre,footprint,off,8.110055635286809,1.0,1.0,0.9986507057313875,0.9203136751240569,0.9977261109780757,0.9374114146605763
dirichlet_0.1,19,pre_mass_off,pre,mass,off,8.11154806289646,1.0,1.0,0.9986507057313875,0.9203136751240569,0.9977261109780757,0.9374114146605763
letter,10,post_none_off,post,none,off,1.6382463935965714,0.24188016682178687,0.18385922330097088,0.9830327656640501,0.9765188327082981,0.9709717167679793,0.977765324490941
letter,10,post_footprint_off,post,footprint,off,1.5597632364581495,0.2884594066628655,0.24475524475524477,0.9830327656640501,0.9765188327082981,0.9709717167679793,0.977765324490941
letter,10,post_footprint_on,post,footprint,on,1.6129617650149024,0.27871077788066756,0.23179611650485438,0.9830327656640501,0.9765188327082981,0.9709717167679793,0.977765324490941
letter,10,pre_none_off,pre,none,off,1.7837491360715345,0.27836198778996024,0.23604368932038836,0.9830327656640501,0.9765188327082981,0.9709717167679793,0.977765324490941
letter,10,pre_footprint_off,pre,footprint,off,2.0345656484527668,0.29808123116099783,0.22702159718734305,0.9830327656640501,0.9765188327082981,0.9709717167679793,0.977765324490941
letter,10,pre_mass_off,pre,mass,off,2.333746600165981,0.3067065986936489,0.23907584128578604,0.9830327656640501,0.9765188327082981,0.9709717167679793,0.977765324490941
letter,11,post_none_off,post,none,off,1.4866093751142821,0.2552039000398648,0.19599514563106796,0.9858297438771763,0.9760397620317288,0.9759135249020006,0.9768223169400666
letter,11,post_footprint_off,post,footprint,off,1.9115990496749131,0.283258669548568,0.23483009708737865,0.9858297438771763,0.9760397620317288,0.9759135249020006,0.9768223169400666
letter,11,post_footprint_on,post,footprint,on,1.6515505693851797,0.27395126026184,0.24575242718446602,0.9858297438771763,0.9760397620317288,0.9759135249020006,0.9768223169400666
letter,11,pre_none_off,pre,none,off,1.5776186970487736,0.2670962648338017,0.21844660194174756,0.9858297438771763,0.9760397620317288,0.9759135249020006,0.9768223169400666
letter,11,pre_footprint_off,pre,footprint,off,1.9243180341005257,0.27223549485235726,0.21844660194174756,0.9858297438771763,0.9760397620317288,0.9759135249020006,0.9768223169400666
letter,11,pre_mass_off,pre,mass,off,1.9056320962879079,0.2786974914464807,0.2178398058252427,0.9858297438771763,0.9760397620317288,0.9759135249020006,0.9768223169400666
letter,12,post_none_off,post,none,off,1.2697011442686577,0.25128119536422816,0.19842233009708737,0.9830092719885977,0.9794290829583518,0.9783731788527308,0.9828960287044539
letter,12,post_footprint_off,post,footprint,off,1.3986082075986526,0.28420470058414166,0.20813106796116504,0.9830092719885977,0.9794290829583518,0.9783731788527308,0.9828960287044539
letter,12,post_footprint_on,post,footprint,on,2.213337281058119,0.2708695087440571,0.21237864077669902,0.9830092719885977,0.9794290829583518,0.9783731788527308,0.9828960287044539
letter,12,pre_none_off,pre,none,off,1.8766486993592368,0.2846203482972166,0.21237864077669902,0.9830092719885977,0.9794290829583518,0.9783731788527308,0.9828960287044539
letter,12,pre_footprint_off,pre,footprint,off,1.8539370232411203,0.2793268050576494,0.21419902912621358,0.9830092719885977,0.9794290829583518,0.9783731788527308,0.9828960287044539
letter,12,pre_mass_off,pre,mass,off,1.7360959974833836,0.2827859551766676,0.24150485436893204,0.9830092719885977,0.9794290829583518,0.9783731788527308,0.9828960287044539
letter,13,post_none_off,post,none,off,1.5297100480368635,0.24629352533985754,0.21581073283323715,0.9839488155044126,0.9820543827200172,0.9725320826892677,0.9813522917014627
letter,13,post_footprint_off,post,footprint,off,2.0822816925056022,0.2876264646730834,0.22451456310679613,0.9839488155044126,0.9820543827200172,0.9725320826892677,0.9813522917014627
letter,13,post_footprint_on,post,footprint,on,1.775357789059896,0.2673964075671375,0.19114077669902912,0.9839488155044126,0.9820543827200172,0.9725320826892677,0.9813522917014627
letter,13,pre_none_off,pre,none,off,1.7112608223261072,0.27015222051467397,0.23491271820448878,0.9839488155044126,0.9820543827200172,0.9725320826892677,0.9813522917014627
letter,13,pre_footprint_off,pre,footprint,off,2.423478411279111,0.31200749115770476,0.2487864077669903,0.9839488155044126,0.9820543827200172,0.9725320826892677,0.9813522917014627
letter,13,pre_mass_off,pre,mass,off,1.9808831390952149,0.3049709780944643,0.25,0.9839488155044126,0.9820543827200172,0.9725320826892677,0.9813522917014627
letter,14,post_none_off,post,none,off,1.4730523616136377,0.2619206636924012,0.23968446601941748,0.9836457129208588,0.981586435926347,0.9732163439624881,0.9838556599323998
letter,14,post_footprint_off,post,footprint,off,1.7694666938321986,0.29477442074145255,0.24008036162732296,0.9836457129208588,0.981586435926347,0.9732163439624881,0.9838556599323998
letter,14,post_footprint_on,post,footprint,on,1.3222800153148244,0.27021824868345956,0.22936893203883496,0.9836457129208588,0.981586435926347,0.9732163439624881,0.9838556599323998
letter,14,pre_none_off,pre,none,off,1.6503481676403655,0.2867634207031172,0.2354368932038835,0.9836457129208588,0.981586435926347,0.9732163439624881,0.9838556599323998
letter,14,pre_footprint_off,pre,footprint,off,2.17145694122181,0.31410006205556557,0.23058252427184467,0.9836457129208588,0.981586435926347,0.9732163439624881,0.9838556599323998
letter,14,pre_mass_off,pre,mass,off,1.9569886340762674,0.3145002812245211,0.24635922330097088,0.9836457129208588,0.981586435926347,0.9732163439624881,0.9838556599323998
letter,15,post_none_off,post,none,off,1.8587379005900542,0.25153890294847414,0.19902912621359223,0.983820052188778,0.9833906668936059,0.9730670536713862,0.9817718219838467
letter,15,post_footprint_off,post,footprint,off,2.0284808287401597,0.2934524335255665,0.2536407766990291,0.983820052188778,0.9833906668936059,0.9730670536713862,0.9817718219838467
letter,15,post_footprint_on,post,footprint,on,1.815815612660784,0.2722570019353351,0.22451456310679613,0.983820052188778,0.9833906668936059,0.9730670536713862,0.9817718219838467
letter,15,pre_none_off,pre,none,off,1.8948878243356992,0.28571009840486244,0.2196601941747573,0.983820052188778,0.9833906668936059,0.9730670536713862,0.9817718219838467
letter,15,pre_footprint_off,pre,footprint,off,1.7358528299467602,0.297855601817382,0.22026699029126215,0.983820052188778,0.9833906668936059,0.9730670536713862,0.9817718219838467
letter,15,pre_mass_off,pre,mass,off,2.050736282684607,0.2876741532647792,0.21177184466019416,0.983820052188778,0.9833906668936059,0.9730670536713862,0.9817718219838467
letter,16,post_none_off,post,none,off,1.9379950147751543,0.2620981816534509,0.20934466019417475,0.9864156246068607,0.9887118511340622,0.9776035910401463,0.9878612538420501
letter,16,post_footprint_off,post,footprint,off,2.117872237004934,0.2854129740684408,0.2487864077669903,0.9864156246068607,0.9887118511340622,0.9776035910401463,0.9878612538420501
letter,16,post_footprint_on,post,footprint,on,1.6129656971268271,0.2725820872895285,0.21844660194174756,0.9864156246068607,0.9887118511340622,0.9776035910401463,0.9878612538420501
letter,16,pre_none_off,pre,none,off,2.0029216851716987,0.2721849327917467,0.2220873786407767,0.9864156246068607,0.9887118511340622,0.9776035910401463,0.9878612538420501
letter,16,pre_footprint_off,pre,footprint,off,2.0828768441870094,0.2853835987178301,0.24962330487192366,0.9864156246068607,0.9887118511340622,0.9776035910401463,0.9878612538420501
letter,16,pre_mass_off,pre,mass,off,2.0825745407887353,0.2827104720946976,0.2408980582524272,0.9864156246068607,0.9887118511340622,0.9776035910401463,0.9878612538420501
letter,17,post_none_off,post,none,off,1.553619779037697,0.27279256337237723,0.23300970873786409,0.9865638379713355,0.9835068019489752,0.981193052496436,0.9878639978788074
letter,17,post_footprint_off,post,footprint,off,1.9384568402091904,0.29186111823836663,0.24861878453038674,0.9865638379713355,0.9835068019489752,0.981193052496436,0.9878639978788074
letter,17,post_footprint_on,post,footprint,on,1.7052918353602962,0.26775348944534355,0.2408980582524272,0.9865638379713355,0.9835068019489752,0.981193052496436,0.9878639978788074
letter,17,pre_none_off,pre,none,off,2.076515349674192,0.2757223881123319,0.22026699029126215,0.9865638379713355,0.9835068019489752,0.981193052496436,0.9878639978788074
letter,17,pre_footprint_off,pre,footprint,off,2.103210743060196,0.28302370646824665,0.220873786407767,0.9865638379713355,0.9835068019489752,0.981193052496436,0.9878639978788074
letter,17,pre_mass_off,pre,mass,off,1.6835704863142134,0.2900009422526432,0.2370668006027122,0.9865638379713355,0.9835068019489752,0.981193052496436,0.9878639978788074
letter,18,post_none_off,post,none,off,1.5440784510667793,0.2824355209484212,0.21359223300970873,0.9845084500514629,0.9821898641514532,0.9762607398535365,0.9821358597700156
letter,18,post_footprint_off,post,footprint,off,1.6661288345733192,0.28907884488909685,0.24208940231039677,0.9845084500514629,0.9821898641514532,0.9762607398535365,0.9821358597700156
letter,18,post_footprint_on,post,footprint,on,1.923715592569171,0.2744284552773785,0.22936893203883496,0.9845084500514629,0.9821898641514532,0.9762607398535365,0.9821358597700156
letter,18,pre_none_off,pre,none,off,1.610012893923089,0.2956748988004807,0.23556002009040683,0.9845084500514629,0.9821898641514532,0.9762607398535365,0.9821358597700156
letter,18,pre_footprint_off,pre,footprint,off,2.036612214649176,0.31510791324656884,0.21844660194174756,0.9845084500514629,0.9821898641514532,0.9762607398535365,0.9821358597700156
letter,18,pre_mass_off,pre,mass,off,2.210613170850626,0.3097858899333072,0.23847087378640777,0.9845084500514629,0.9821898641514532,0.9762607398535365,0.9821358597700156
letter,19,post_none_off,post,none,off,1.5550844768283694,0.2588144600345684,0.23300970873786409,0.9860634826881867,0.9795848889260561,0.9776485992256176,0.9807799754718914
letter,19,post_footprint_off,post,footprint,off,1.783307273973417,0.3028549514265578,0.20388349514563106,0.9860634826881867,0.9795848889260561,0.9776485992256176,0.9807799754718914
letter,19,post_footprint_on,post,footprint,on,1.4347023997678987,0.2769783738903071,0.25970873786407767,0.9860634826881867,0.9795848889260561,0.9776485992256176,0.9807799754718914
letter,19,pre_none_off,pre,none,off,1.711193151305585,0.2865359211817324,0.2230437461491066,0.9860634826881867,0.9795848889260561,0.9776485992256176,0.9807799754718914
letter,19,pre_footprint_off,pre,footprint,off,2.0117798695019733,0.3062469949311557,0.21298543689320387,0.9860634826881867,0.9795848889260561,0.9776485992256176,0.9807799754718914
letter,19,pre_mass_off,pre,mass,off,1.9861861987308018,0.3017410190226621,0.2178398058252427,0.9860634826881867,0.9795848889260561,0.9776485992256176,0.9807799754718914
mnist784_pca32 (20c),10,post_none_off,post,none,off,2.112042786567036,0.39594249349061544,0.3018327605956472,0.9825259551037618,0.9619891920428575,0.9746609621796478,0.9741954143269547
mnist784_pca32 (20c),10,post_footprint_off,post,footprint,off,2.517023287892414,0.5135092881950887,0.45518453427065025,0.9825259551037618,0.9619891920428575,0.9746609621796478,0.9741954143269547
mnist784_pca32 (20c),10,post_footprint_on,post,footprint,on,2.207625502207136,0.49102457182598835,0.400599700149925,0.9825259551037618,0.9619891920428575,0.9746609621796478,0.9741954143269547
mnist784_pca32 (20c),10,pre_none_off,pre,none,off,2.405993044420037,0.45555622556504344,0.41124586549062847,0.9825259551037618,0.9619891920428575,0.9746609621796478,0.9741954143269547
mnist784_pca32 (20c),10,pre_footprint_off,pre,footprint,off,2.7218338015580286,0.5573934828810315,0.4468026460859978,0.9825259551037618,0.9619891920428575,0.9746609621796478,0.9741954143269547
mnist784_pca32 (20c),10,pre_mass_off,pre,mass,off,2.5854407766297154,0.5741317053652223,0.4938488576449912,0.9825259551037618,0.9619891920428575,0.9746609621796478,0.9741954143269547
mnist784_pca32 (20c),11,post_none_off,post,none,off,2.043909116567621,0.39740594543006164,0.33419243986254293,0.9870016288498457,0.9783711788038782,0.9850857416201635,0.9826143796897117
mnist784_pca32 (20c),11,post_footprint_off,post,footprint,off,2.3323550676631517,0.49969293493881484,0.38974641675854466,0.9870016288498457,0.9783711788038782,0.9850857416201635,0.9826143796897117
mnist784_pca32 (20c),11,post_footprint_on,post,footprint,on,2.0172712032299667,0.5082447712209668,0.4301460457426288,0.9870016288498457,0.9783711788038782,0.9850857416201635,0.9826143796897117
mnist784_pca32 (20c),11,pre_none_off,pre,none,off,2.2426065690207246,0.5152743021259378,0.40959206174200663,0.9870016288498457,0.9783711788038782,0.9850857416201635,0.9826143796897117
mnist784_pca32 (20c),11,pre_footprint_off,pre,footprint,off,2.529318709702819,0.5265056108948624,0.42282249173098124,0.9870016288498457,0.9783711788038782,0.9850857416201635,0.9826143796897117
mnist784_pca32 (20c),11,pre_mass_off,pre,mass,off,2.501100370475768,0.5169266013627445,0.4306971617525489,0.9870016288498457,0.9783711788038782,0.9850857416201635,0.9826143796897117
mnist784_pca32 (20c),12,post_none_off,post,none,off,2.044855580355818,0.4347543075729872,0.4029985007496252,0.9822155401252667,0.9833648705605749,0.9749894579979184,0.9783885759583207
mnist784_pca32 (20c),12,post_footprint_off,post,footprint,off,2.6897819877771942,0.5108064533972645,0.42399083882049815,0.9822155401252667,0.9833648705605749,0.9749894579979184,0.9783885759583207
mnist784_pca32 (20c),12,post_footprint_on,post,footprint,on,2.011863913091419,0.4827030665123663,0.40734603700635186,0.9822155401252667,0.9833648705605749,0.9749894579979184,0.9783885759583207
mnist784_pca32 (20c),12,pre_none_off,pre,none,off,2.3552396434903677,0.4702311621152151,0.3715545755237045,0.9822155401252667,0.9833648705605749,0.9749894579979184,0.9783885759583207
mnist784_pca32 (20c),12,pre_footprint_off,pre,footprint,off,2.5771418950468337,0.5732570315514407,0.474090407938258,0.9822155401252667,0.9833648705605749,0.9749894579979184,0.9783885759583207
mnist784_pca32 (20c),12,pre_mass_off,pre,mass,off,2.783631700497688,0.5264661047137689,0.4525909592061742,0.9822155401252667,0.9833648705605749,0.9749894579979184,0.9783885759583207
mnist784_pca32 (20c),13,post_none_off,post,none,off,2.0730131050898497,0.3752513240967264,0.2997678467788741,0.9816461562099018,0.9702252343026336,0.9745847556513507,0.9772746479257253
mnist784_pca32 (20c),13,post_footprint_off,post,footprint,off,2.6160312652756694,0.45102989957771833,0.40778923253150057,0.9816461562099018,0.9702252343026336,0.9745847556513507,0.9772746479257253
mnist784_pca32 (20c),13,post_footprint_on,post,footprint,on,2.1679120420698035,0.4953871382096616,0.42083456643977507,0.9816461562099018,0.9702252343026336,0.9745847556513507,0.9772746479257253
mnist784_pca32 (20c),13,pre_none_off,pre,none,off,2.5164560904610154,0.452038114977829,0.4060088202866593,0.9816461562099018,0.9702252343026336,0.9745847556513507,0.9772746479257253
mnist784_pca32 (20c),13,pre_footprint_off,pre,footprint,off,2.80734976453033,0.596875983374779,0.473592571096924,0.9816461562099018,0.9702252343026336,0.9745847556513507,0.9772746479257253
mnist784_pca32 (20c),13,pre_mass_off,pre,mass,off,2.815198031464804,0.5772461966191813,0.4799767846778874,0.9816461562099018,0.9702252343026336,0.9745847556513507,0.9772746479257253
mnist784_pca32 (20c),14,post_none_off,post,none,off,2.1346276073956636,0.3911161887539315,0.3418265101631835,0.9781531570087043,0.9809347529114616,0.9711017651405222,0.9739552043792751
mnist784_pca32 (20c),14,post_footprint_off,post,footprint,off,2.6596790836764934,0.4849535418470564,0.4045233323790438,0.9781531570087043,0.9809347529114616,0.9711017651405222,0.9739552043792751
mnist784_pca32 (20c),14,post_footprint_on,post,footprint,on,1.9919213075311588,0.5065516837076676,0.42998500749625185,0.9781531570087043,0.9809347529114616,0.9711017651405222,0.9739552043792751
mnist784_pca32 (20c),14,pre_none_off,pre,none,off,2.358423539685789,0.4855649253479264,0.41085698539542576,0.9781531570087043,0.9809347529114616,0.9711017651405222,0.9739552043792751
mnist784_pca32 (20c),14,pre_footprint_off,pre,footprint,off,2.7225773669407896,0.5817855644987469,0.5134739308728764,0.9781531570087043,0.9809347529114616,0.9711017651405222,0.9739552043792751
mnist784_pca32 (20c),14,pre_mass_off,pre,mass,off,2.668921030379873,0.5744912021833107,0.49807749186631173,0.9781531570087043,0.9809347529114616,0.9711017651405222,0.9739552043792751
mnist784_pca32 (20c),15,post_none_off,post,none,off,2.1958524407038995,0.3831500856996659,0.3238699007717751,0.9830575346508731,0.9689634558263698,0.9762309268502171,0.9777866743851259
mnist784_pca32 (20c),15,post_footprint_off,post,footprint,off,2.5350599605304476,0.4772878201584211,0.4098950524737631,0.9830575346508731,0.9689634558263698,0.9762309268502171,0.9777866743851259
mnist784_pca32 (20c),15,post_footprint_on,post,footprint,on,1.7848152361918426,0.5257354168559065,0.4389805097451274,0.9830575346508731,0.9689634558263698,0.9762309268502171,0.9777866743851259
mnist784_pca32 (20c),15,pre_none_off,pre,none,off,2.234443354636669,0.5035826827956658,0.44815465729349735,0.9830575346508731,0.9689634558263698,0.9762309268502171,0.9777866743851259
mnist784_pca32 (20c),15,pre_footprint_off,pre,footprint,off,2.2967724454007623,0.5414557059526863,0.45093715545755236,0.9830575346508731,0.9689634558263698,0.9762309268502171,0.9777866743851259
mnist784_pca32 (20c),15,pre_mass_off,pre,mass,off,2.311549156977119,0.5308087829904404,0.4534178610804851,0.9830575346508731,0.9689634558263698,0.9762309268502171,0.9777866743851259
mnist784_pca32 (20c),16,post_none_off,post,none,off,1.9424441836183333,0.4110901219569471,0.3583208395802099,0.9850554089486027,0.9642164283876047,0.978688018743884,0.9787122818068644
mnist784_pca32 (20c),16,post_footprint_off,post,footprint,off,2.4067360541580807,0.4913775376107862,0.44756883421206795,0.9850554089486027,0.9642164283876047,0.978688018743884,0.9787122818068644
mnist784_pca32 (20c),16,post_footprint_on,post,footprint,on,1.7460451119660603,0.4971441144536774,0.41429384965831434,0.9850554089486027,0.9642164283876047,0.978688018743884,0.9787122818068644
mnist784_pca32 (20c),16,pre_none_off,pre,none,off,2.276811735523847,0.37739342955362337,0.3230240549828179,0.9850554089486027,0.9642164283876047,0.978688018743884,0.9787122818068644
mnist784_pca32 (20c),16,pre_footprint_off,pre,footprint,off,2.8660575171860567,0.5506142959602462,0.45691382765531063,0.9850554089486027,0.9642164283876047,0.978688018743884,0.9787122818068644
mnist784_pca32 (20c),16,pre_mass_off,pre,mass,off,2.4914476456951813,0.5204774958602044,0.4140929535232384,0.9850554089486027,0.9642164283876047,0.978688018743884,0.9787122818068644
mnist784_pca32 (20c),17,post_none_off,post,none,off,2.0409874173296383,0.37460429092884967,0.27569424563412537,0.9762854614385734,0.9704249670558036,0.9712954416246926,0.9738372009782718
mnist784_pca32 (20c),17,post_footprint_off,post,footprint,off,2.6129656390228435,0.5258543075711778,0.43455497382198954,0.9762854614385734,0.9704249670558036,0.9712954416246926,0.9738372009782718
mnist784_pca32 (20c),17,post_footprint_on,post,footprint,on,2.19032022579766,0.49415580196118897,0.35112443778110947,0.9762854614385734,0.9704249670558036,0.9712954416246926,0.9738372009782718
mnist784_pca32 (20c),17,pre_none_off,pre,none,off,2.3925169582259076,0.4663649908669119,0.39010494752623687,0.9762854614385734,0.9704249670558036,0.9712954416246926,0.9738372009782718
mnist784_pca32 (20c),17,pre_footprint_off,pre,footprint,off,3.0267455302067887,0.5490547630957431,0.4884053821929573,0.9762854614385734,0.9704249670558036,0.9712954416246926,0.9738372009782718
mnist784_pca32 (20c),17,pre_mass_off,pre,mass,off,2.9247457750102623,0.5388684544554989,0.4677927283137704,0.9762854614385734,0.9704249670558036,0.9712954416246926,0.9738372009782718
mnist784_pca32 (20c),18,post_none_off,post,none,off,2.0574447840287027,0.41258088173605695,0.3441846700207162,0.9870088845993447,0.9800364735197787,0.9873394492574376,0.984116884876647
mnist784_pca32 (20c),18,post_footprint_off,post,footprint,off,2.500394892103074,0.452491173910044,0.39029768467475195,0.9870088845993447,0.9800364735197787,0.9873394492574376,0.984116884876647
mnist784_pca32 (20c),18,post_footprint_on,post,footprint,on,1.7256306366181857,0.491507697238273,0.3761467889908257,0.9870088845993447,0.9800364735197787,0.9873394492574376,0.984116884876647
mnist784_pca32 (20c),18,pre_none_off,pre,none,off,2.0908717385462112,0.5044172913322157,0.4271149076880683,0.9870088845993447,0.9800364735197787,0.9873394492574376,0.984116884876647
mnist784_pca32 (20c),18,pre_footprint_off,pre,footprint,off,2.202665354561547,0.4973609483615286,0.4210679048171793,0.9870088845993447,0.9800364735197787,0.9873394492574376,0.984116884876647
mnist784_pca32 (20c),18,pre_mass_off,pre,mass,off,2.1821562507912553,0.47347200233887526,0.4089280793607054,0.9870088845993447,0.9800364735197787,0.9873394492574376,0.984116884876647
mnist784_pca32 (20c),19,post_none_off,post,none,off,2.1966999906246607,0.3859691898269279,0.3334300638421358,0.9852804760315268,0.9778014674600094,0.9771990448648511,0.9785027530700444
mnist784_pca32 (20c),19,post_footprint_off,post,footprint,off,2.5749560355665873,0.5222085693786136,0.43748125937031485,0.9852804760315268,0.9778014674600094,0.9771990448648511,0.9785027530700444
mnist784_pca32 (20c),19,post_footprint_on,post,footprint,on,2.286998553024504,0.48616463809671184,0.3826086956521739,0.9852804760315268,0.9778014674600094,0.9771990448648511,0.9785027530700444
mnist784_pca32 (20c),19,pre_none_off,pre,none,off,2.4738619029874314,0.4605391170867697,0.3636881047239613,0.9852804760315268,0.9778014674600094,0.9771990448648511,0.9785027530700444
mnist784_pca32 (20c),19,pre_footprint_off,pre,footprint,off,2.915662829241202,0.5481441828287454,0.4596701649175412,0.9852804760315268,0.9778014674600094,0.9771990448648511,0.9785027530700444
mnist784_pca32 (20c),19,pre_mass_off,pre,mass,off,2.7777572472244163,0.5279359011611373,0.3979010494752624,0.9852804760315268,0.9778014674600094,0.9771990448648511,0.9785027530700444
mnist784_pca32 (50c),10,post_none_off,post,none,off,2.083144604079092,0.3876232316293374,0.3108695652173913,0.9812544019810339,0.9676095661380409,0.9789347416130013,0.972807419996456
mnist784_pca32 (50c),10,post_footprint_off,post,footprint,off,2.322148492155444,0.5093421241633762,0.43808160343593416,0.9812544019810339,0.9676095661380409,0.9789347416130013,0.972807419996456
mnist784_pca32 (50c),10,post_footprint_on,post,footprint,on,1.9632314102066248,0.48734906494434665,0.3836793128131711,0.9812544019810339,0.9676095661380409,0.9789347416130013,0.972807419996456
mnist784_pca32 (50c),10,pre_none_off,pre,none,off,2.3020511937151853,0.4430115414678874,0.3710144927536232,0.9812544019810339,0.9676095661380409,0.9789347416130013,0.972807419996456
mnist784_pca32 (50c),10,pre_footprint_off,pre,footprint,off,2.525975446222339,0.5740464372988072,0.48035837353549277,0.9812544019810339,0.9676095661380409,0.9789347416130013,0.972807419996456
mnist784_pca32 (50c),10,pre_mass_off,pre,mass,off,2.347938619717119,0.5628483566134824,0.47966919365954513,0.9812544019810339,0.9676095661380409,0.9789347416130013,0.972807419996456
mnist784_pca32 (50c),11,post_none_off,post,none,off,2.126714483387303,0.43797358865714453,0.349194729136164,0.9799216843868434,0.9655907374125899,0.9752731705540482,0.9743158358146077
mnist784_pca32 (50c),11,post_footprint_off,post,footprint,off,2.54665406402159,0.5161689090730324,0.4362818590704648,0.9799216843868434,0.9655907374125899,0.9752731705540482,0.9743158358146077
mnist784_pca32 (50c),11,post_footprint_on,post,footprint,on,1.9904374956107187,0.5036686714779344,0.40483162518301613,0.9799216843868434,0.9655907374125899,0.9752731705540482,0.9743158358146077
mnist784_pca32 (50c),11,pre_none_off,pre,none,off,2.4564634902268203,0.4622383321265138,0.38456237077877325,0.9799216843868434,0.9655907374125899,0.9752731705540482,0.9743158358146077
mnist784_pca32 (50c),11,pre_footprint_off,pre,footprint,off,2.9014718287007035,0.5508350883295006,0.4423765211166786,0.9799216843868434,0.9655907374125899,0.9752731705540482,0.9743158358146077
mnist784_pca32 (50c),11,pre_mass_off,pre,mass,off,2.729533399987545,0.5362818211440361,0.44022906227630637,0.9799216843868434,0.9655907374125899,0.9752731705540482,0.9743158358146077
mnist784_pca32 (50c),12,post_none_off,post,none,off,2.188496196003983,0.3904272424435439,0.2870436649964209,0.9778559413589514,0.9672258349661069,0.971601312162904,0.9790258699974062
mnist784_pca32 (50c),12,post_footprint_off,post,footprint,off,2.6158432153232725,0.47870062402831354,0.4032983508245877,0.9778559413589514,0.9672258349661069,0.971601312162904,0.9790258699974062
mnist784_pca32 (50c),12,post_footprint_on,post,footprint,on,2.243024098080732,0.5147582972801613,0.3853073463268366,0.9778559413589514,0.9672258349661069,0.971601312162904,0.9790258699974062
mnist784_pca32 (50c),12,pre_none_off,pre,none,off,2.364863841310874,0.4384704357749054,0.3214030064423765,0.9778559413589514,0.9672258349661069,0.971601312162904,0.9790258699974062
mnist784_pca32 (50c),12,pre_footprint_off,pre,footprint,off,2.9465755884200036,0.5949902641692806,0.5084125822970007,0.9778559413589514,0.9672258349661069,0.971601312162904,0.9790258699974062
mnist784_pca32 (50c),12,pre_mass_off,pre,mass,off,2.892243068563494,0.5797787680101734,0.492603550295858,0.9778559413589514,0.9672258349661069,0.971601312162904,0.9790258699974062
mnist784_pca32 (50c),13,post_none_off,post,none,off,1.9647970619459136,0.41004023093323655,0.3453183520599251,0.9785534710848127,0.9698477294252666,0.9732505271057356,0.9771696607746965
mnist784_pca32 (50c),13,post_footprint_off,post,footprint,off,2.5703154994660666,0.5024318463068833,0.44377811094452774,0.9785534710848127,0.9698477294252666,0.9732505271057356,0.9771696607746965
mnist784_pca32 (50c),13,post_footprint_on,post,footprint,on,2.3463155993157736,0.5114072673100758,0.40074906367041196,0.9785534710848127,0.9698477294252666,0.9732505271057356,0.9771696607746965
mnist784_pca32 (50c),13,pre_none_off,pre,none,off,2.244565727142433,0.481236946536895,0.39490006891798757,0.9785534710848127,0.9698477294252666,0.9732505271057356,0.9771696607746965
mnist784_pca32 (50c),13,pre_footprint_off,pre,footprint,off,2.782294888868347,0.5802079121782506,0.47280638143582304,0.9785534710848127,0.9698477294252666,0.9732505271057356,0.9771696607746965
mnist784_pca32 (50c),13,pre_mass_off,pre,mass,off,2.8165946639856516,0.5919047586883036,0.4688405797101449,0.9785534710848127,0.9698477294252666,0.9732505271057356,0.9771696607746965
mnist784_pca32 (50c),14,post_none_off,post,none,off,2.0297497958302624,0.43735095633230925,0.34763313609467456,0.9829408315896815,0.9721328892640028,0.9747935887273396,0.9765226057256399
mnist784_pca32 (50c),14,post_footprint_off,post,footprint,off,2.624260955169777,0.5205634198573856,0.4293590627153687,0.9829408315896815,0.9721328892640028,0.9747935887273396,0.9765226057256399
mnist784_pca32 (50c),14,post_footprint_on,post,footprint,on,2.2081404078089437,0.5026882805860373,0.42277580071174375,0.9829408315896815,0.9721328892640028,0.9747935887273396,0.9765226057256399
mnist784_pca32 (50c),14,pre_none_off,pre,none,off,2.312463186344098,0.5090547320124759,0.4527736131934033,0.9829408315896815,0.9721328892640028,0.9747935887273396,0.9765226057256399
mnist784_pca32 (50c),14,pre_footprint_off,pre,footprint,off,2.5548301844852914,0.5829696730638788,0.5095307917888563,0.9829408315896815,0.9721328892640028,0.9747935887273396,0.9765226057256399
mnist784_pca32 (50c),14,pre_mass_off,pre,mass,off,2.53432639231948,0.5754065467326845,0.5135531135531135,0.9829408315896815,0.9721328892640028,0.9747935887273396,0.9765226057256399
mnist784_pca32 (50c),15,post_none_off,post,none,off,2.1347573453471336,0.40023453367270756,0.33070866141732286,0.9835337782237049,0.9550978959394872,0.9741184552144612,0.9738287012994863
mnist784_pca32 (50c),15,post_footprint_off,post,footprint,off,2.3912370983803526,0.51047672618363,0.41789940828402367,0.9835337782237049,0.9550978959394872,0.9741184552144612,0.9738287012994863
mnist784_pca32 (50c),15,post_footprint_on,post,footprint,on,2.0495659413720744,0.5033307146407647,0.3797752808988764,0.9835337782237049,0.9550978959394872,0.9741184552144612,0.9738287012994863
mnist784_pca32 (50c),15,pre_none_off,pre,none,off,2.2842050037124313,0.4933132966793535,0.3937007874015748,0.9835337782237049,0.9550978959394872,0.9741184552144612,0.9738287012994863
mnist784_pca32 (50c),15,pre_footprint_off,pre,footprint,off,2.316106569767664,0.5390928422697401,0.363905325443787,0.9835337782237049,0.9550978959394872,0.9741184552144612,0.9738287012994863
mnist784_pca32 (50c),15,pre_mass_off,pre,mass,off,2.6563524721359086,0.5499654635221772,0.36809815950920244,0.9835337782237049,0.9550978959394872,0.9741184552144612,0.9738287012994863
mnist784_pca32 (50c),16,post_none_off,post,none,off,2.03654058066332,0.4136714249855134,0.3556168159889731,0.9798583578387162,0.9731750332689926,0.9742837773602716,0.9697950344758662
mnist784_pca32 (50c),16,post_footprint_off,post,footprint,off,2.4016579206914703,0.5709812376288717,0.46795313576843556,0.9798583578387162,0.9731750332689926,0.9742837773602716,0.9697950344758662
mnist784_pca32 (50c),16,post_footprint_on,post,footprint,on,1.9815432328520013,0.4745651083115991,0.37224199288256227,0.9798583578387162,0.9731750332689926,0.9742837773602716,0.9697950344758662
mnist784_pca32 (50c),16,pre_none_off,pre,none,off,2.496663534039972,0.486422688781206,0.37222619899785253,0.9798583578387162,0.9731750332689926,0.9742837773602716,0.9697950344758662
mnist784_pca32 (50c),16,pre_footprint_off,pre,footprint,off,2.6306165525300202,0.5774682853344306,0.473992673992674,0.9798583578387162,0.9731750332689926,0.9742837773602716,0.9697950344758662
mnist784_pca32 (50c),16,pre_mass_off,pre,mass,off,2.4883678161543448,0.5749927889050679,0.41513292433537835,0.9798583578387162,0.9731750332689926,0.9742837773602716,0.9697950344758662
mnist784_pca32 (50c),17,post_none_off,post,none,off,2.176640406586496,0.41821600114298674,0.33214030064423766,0.9825398068426401,0.9742560970617563,0.9795284011755655,0.979992029765267
mnist784_pca32 (50c),17,post_footprint_off,post,footprint,off,2.4530708761826427,0.5102492063748243,0.404047976011994,0.9825398068426401,0.9742560970617563,0.9795284011755655,0.979992029765267
mnist784_pca32 (50c),17,post_footprint_on,post,footprint,on,1.9488189576327888,0.49947527890370935,0.40014792899408286,0.9825398068426401,0.9742560970617563,0.9795284011755655,0.979992029765267
mnist784_pca32 (50c),17,pre_none_off,pre,none,off,2.4809149083246216,0.48169484036101323,0.4169538249483115,0.9825398068426401,0.9742560970617563,0.9795284011755655,0.979992029765267
mnist784_pca32 (50c),17,pre_footprint_off,pre,footprint,off,2.426696033046821,0.5701864286842215,0.5024121295658167,0.9825398068426401,0.9742560970617563,0.9795284011755655,0.979992029765267
mnist784_pca32 (50c),17,pre_mass_off,pre,mass,off,2.4577527594416204,0.5528940985404728,0.5003445899379738,0.9825398068426401,0.9742560970617563,0.9795284011755655,0.979992029765267
mnist784_pca32 (50c),18,post_none_off,post,none,off,2.1406455550216172,0.4215859929452752,0.33505917159763315,0.9819885210150935,0.9478791303426795,0.9727738942572621,0.9766958262188397
mnist784_pca32 (50c),18,post_footprint_off,post,footprint,off,2.4939032035782116,0.46820960012327284,0.4085576259489303,0.9819885210150935,0.9478791303426795,0.9727738942572621,0.9766958262188397
mnist784_pca32 (50c),18,post_footprint_on,post,footprint,on,1.6003577684133574,0.4940072942005622,0.3594306049822064,0.9819885210150935,0.9478791303426795,0.9727738942572621,0.9766958262188397
mnist784_pca32 (50c),18,pre_none_off,pre,none,off,2.2566176233163824,0.4810216405995789,0.3873190902825637,0.9819885210150935,0.9478791303426795,0.9727738942572621,0.9766958262188397
mnist784_pca32 (50c),18,pre_footprint_off,pre,footprint,off,2.4923725287168605,0.5778370582589117,0.4879120879120879,0.9819885210150935,0.9478791303426795,0.9727738942572621,0.9766958262188397
mnist784_pca32 (50c),18,pre_mass_off,pre,mass,off,2.3842333617388713,0.5618317356370548,0.48031496062992124,0.9819885210150935,0.9478791303426795,0.9727738942572621,0.9766958262188397
mnist784_pca32 (50c),19,post_none_off,post,none,off,2.064038422875277,0.3944918464884616,0.3039940828402367,0.9806012772750483,0.9748580713296369,0.9779126953778824,0.97709035385494
mnist784_pca32 (50c),19,post_footprint_off,post,footprint,off,2.5198076283965936,0.48381560438387966,0.4073013600572656,0.9806012772750483,0.9748580713296369,0.9779126953778824,0.97709035385494
mnist784_pca32 (50c),19,post_footprint_on,post,footprint,on,2.357778450816635,0.4885041150623628,0.3620689655172414,0.9806012772750483,0.9748580713296369,0.9779126953778824,0.97709035385494
mnist784_pca32 (50c),19,pre_none_off,pre,none,off,2.1886189925022097,0.5170732319806176,0.4489644970414201,0.9806012772750483,0.9748580713296369,0.9779126953778824,0.97709035385494
mnist784_pca32 (50c),19,pre_footprint_off,pre,footprint,off,2.7424573220753317,0.5621179185762187,0.43083275980729524,0.9806012772750483,0.9748580713296369,0.9779126953778824,0.97709035385494
mnist784_pca32 (50c),19,pre_mass_off,pre,mass,off,2.7758274607264983,0.5305362475158549,0.44710144927536233,0.9806012772750483,0.9748580713296369,0.9779126953778824,0.97709035385494
overlap_noise,10,post_none_off,post,none,off,4.247621346529994,0.8575757575757574,0.7636363636363637,0.9995203819760691,0.9747805496750855,0.9988010240551601,0.9938651102770273
overlap_noise,10,post_footprint_off,post,footprint,off,4.693461213531701,0.9049242424242423,0.8772727272727273,0.9995203819760691,0.9747805496750855,0.9988010240551601,0.9938651102770273
overlap_noise,10,post_footprint_on,post,footprint,on,4.689065888104451,0.893560606060606,0.8727272727272727,0.9995203819760691,0.9747805496750855,0.9988010240551601,0.9938651102770273
overlap_noise,10,pre_none_off,pre,none,off,4.56490111429463,0.903030303030303,0.8818181818181818,0.9995203819760691,0.9747805496750855,0.9988010240551601,0.9938651102770273
overlap_noise,10,pre_footprint_off,pre,footprint,off,4.780994415436113,0.9053030303030303,0.8863636363636364,0.9995203819760691,0.9747805496750855,0.9988010240551601,0.9938651102770273
overlap_noise,10,pre_mass_off,pre,mass,off,4.773134110317868,0.9053030303030302,0.8863636363636364,0.9995203819760691,0.9747805496750855,0.9988010240551601,0.9938651102770273
overlap_noise,11,post_none_off,post,none,off,3.652281086880585,0.818939393939394,0.7454545454545455,0.9990795526524908,0.9833333333333334,0.9967346511543587,0.9853702987544496
overlap_noise,11,post_footprint_off,post,footprint,off,4.9986542500327245,0.9060606060606061,0.8681818181818182,0.9990795526524908,0.9833333333333334,0.9967346511543587,0.9853702987544496
overlap_noise,11,post_footprint_on,post,footprint,on,5.008059127000421,0.896969696969697,0.8545454545454545,0.9990795526524908,0.9833333333333334,0.9967346511543587,0.9853702987544496
overlap_noise,11,pre_none_off,pre,none,off,4.834494753786049,0.9060606060606061,0.8681818181818182,0.9990795526524908,0.9833333333333334,0.9967346511543587,0.9853702987544496
overlap_noise,11,pre_footprint_off,pre,footprint,off,5.129575691900894,0.9060606060606061,0.8727272727272727,0.9990795526524908,0.9833333333333334,0.9967346511543587,0.9853702987544496
overlap_noise,11,pre_mass_off,pre,mass,off,5.119205008937024,0.9060606060606061,0.8727272727272727,0.9990795526524908,0.9833333333333334,0.9967346511543587,0.9853702987544496
overlap_noise,12,post_none_off,post,none,off,3.3298759355491545,0.8943181818181816,0.8727272727272727,0.9988985753824298,0.9747805496750855,0.9904627768702,0.985015629231227
overlap_noise,12,post_footprint_off,post,footprint,off,5.426189647907695,0.903030303030303,0.8772727272727273,0.9988985753824298,0.9747805496750855,0.9904627768702,0.985015629231227
overlap_noise,12,post_footprint_on,post,footprint,on,5.451954706167259,0.8958333333333335,0.8590909090909091,0.9988985753824298,0.9747805496750855,0.9904627768702,0.985015629231227
overlap_noise,12,pre_none_off,pre,none,off,5.288833104136316,0.9030303030303028,0.8727272727272727,0.9988985753824298,0.9747805496750855,0.9904627768702,0.985015629231227
overlap_noise,12,pre_footprint_off,pre,footprint,off,5.540819033805018,0.9022727272727272,0.8681818181818182,0.9988985753824298,0.9747805496750855,0.9904627768702,0.985015629231227
overlap_noise,12,pre_mass_off,pre,mass,off,5.535003645160689,0.9018939393939394,0.8681818181818182,0.9988985753824298,0.9747805496750855,0.9904627768702,0.985015629231227
overlap_noise,13,post_none_off,post,none,off,3.156439738886084,0.709848484848485,0.5863636363636363,0.9976349454054088,0.9833333333333334,0.9967934388584792,0.9895570105690112
overlap_noise,13,post_footprint_off,post,footprint,off,3.0891116985745053,0.8272727272727272,0.7136363636363636,0.9976349454054088,0.9833333333333334,0.9967934388584792,0.9895570105690112
overlap_noise,13,post_footprint_on,post,footprint,on,2.9516565821315965,0.8007575757575759,0.6045454545454545,0.9976349454054088,0.9833333333333334,0.9967934388584792,0.9895570105690112
overlap_noise,13,pre_none_off,pre,none,off,3.456290932188594,0.8401515151515152,0.7545454545454545,0.9976349454054088,0.9833333333333334,0.9967934388584792,0.9895570105690112
overlap_noise,13,pre_footprint_off,pre,footprint,off,5.056252703902216,0.8943181818181819,0.8590909090909091,0.9976349454054088,0.9833333333333334,0.9967934388584792,0.9895570105690112
overlap_noise,13,pre_mass_off,pre,mass,off,5.032506977295785,0.893181818181818,0.8545454545454545,0.9976349454054088,0.9833333333333334,0.9967934388584792,0.9895570105690112
overlap_noise,14,post_none_off,post,none,off,3.856613126872144,0.8920454545454546,0.8727272727272727,0.9997817707271811,0.9957236081708762,0.9970000458041065,0.9905359112419195
overlap_noise,14,post_footprint_off,post,footprint,off,5.033539013394141,0.9018939393939394,0.8727272727272727,0.9997817707271811,0.9957236081708762,0.9970000458041065,0.9905359112419195
overlap_noise,14,post_footprint_on,post,footprint,on,5.060295574933351,0.8946969696969697,0.8363636363636363,0.9997817707271811,0.9957236081708762,0.9970000458041065,0.9905359112419195
overlap_noise,14,pre_none_off,pre,none,off,4.843320599910673,0.901893939393939,0.8727272727272727,0.9997817707271811,0.9957236081708762,0.9970000458041065,0.9905359112419195
overlap_noise,14,pre_footprint_off,pre,footprint,off,5.232443213065697,0.903030303030303,0.8681818181818182,0.9997817707271811,0.9957236081708762,0.9970000458041065,0.9905359112419195
overlap_noise,14,pre_mass_off,pre,mass,off,5.222003034449665,0.903030303030303,0.8681818181818182,0.9997817707271811,0.9957236081708762,0.9970000458041065,0.9905359112419195
overlap_noise,15,post_none_off,post,none,off,4.011412555869421,0.8859848484848483,0.8181818181818182,0.9995172737955521,0.9662277660168379,0.9976029009928469,0.9877994289160065
overlap_noise,15,post_footprint_off,post,footprint,off,4.659906123915563,0.8981060606060608,0.8681818181818182,0.9995172737955521,0.9662277660168379,0.9976029009928469,0.9877994289160065
overlap_noise,15,post_footprint_on,post,footprint,on,4.656772309606805,0.8893939393939393,0.8545454545454545,0.9995172737955521,0.9662277660168379,0.9976029009928469,0.9877994289160065
overlap_noise,15,pre_none_off,pre,none,off,4.4819924718504005,0.8958333333333331,0.8636363636363636,0.9995172737955521,0.9662277660168379,0.9976029009928469,0.9877994289160065
overlap_noise,15,pre_footprint_off,pre,footprint,off,4.861657171542429,0.9015151515151514,0.8727272727272727,0.9995172737955521,0.9662277660168379,0.9976029009928469,0.9877994289160065
overlap_noise,15,pre_mass_off,pre,mass,off,4.850788783996295,0.9007575757575755,0.8727272727272727,0.9995172737955521,0.9662277660168379,0.9976029009928469,0.9877994289160065
overlap_noise,16,post_none_off,post,none,off,4.057886905935684,0.8799242424242424,0.8545454545454545,0.9992741655888814,0.9833333333333334,0.9988991485279418,0.9963472414572755
overlap_noise,16,post_footprint_off,post,footprint,off,4.794269970675417,0.8973484848484848,0.8818181818181818,0.9992741655888814,0.9833333333333334,0.9988991485279418,0.9963472414572755
overlap_noise,16,post_footprint_on,post,footprint,on,4.809753285092785,0.887878787878788,0.8727272727272727,0.9992741655888814,0.9833333333333334,0.9988991485279418,0.9963472414572755
overlap_noise,16,pre_none_off,pre,none,off,4.479581315437827,0.891287878787879,0.8727272727272727,0.9992741655888814,0.9833333333333334,0.9988991485279418,0.9963472414572755
overlap_noise,16,pre_footprint_off,pre,footprint,off,5.018433888574486,0.899621212121212,0.8727272727272727,0.9992741655888814,0.9833333333333334,0.9988991485279418,0.9963472414572755
overlap_noise,16,pre_mass_off,pre,mass,off,4.997699210126117,0.899621212121212,0.8727272727272727,0.9992741655888814,0.9833333333333334,0.9988991485279418,0.9963472414572755
overlap_noise,17,post_none_off,post,none,off,3.3471694936891114,0.8496212121212121,0.759090909090909,0.9988646872189886,0.9790569415042095,0.9965492779276115,0.9894689475537765
overlap_noise,17,post_footprint_off,post,footprint,off,5.048895431092277,0.8928030303030302,0.8545454545454545,0.9988646872189886,0.9790569415042095,0.9965492779276115,0.9894689475537765
overlap_noise,17,post_footprint_on,post,footprint,on,5.045565169283086,0.8799242424242424,0.8045454545454546,0.9988646872189886,0.9790569415042095,0.9965492779276115,0.9894689475537765
overlap_noise,17,pre_none_off,pre,none,off,4.6908591640865565,0.8833333333333332,0.8272727272727273,0.9988646872189886,0.9790569415042095,0.9965492779276115,0.9894689475537765
overlap_noise,17,pre_footprint_off,pre,footprint,off,5.249087217043511,0.8924242424242422,0.8545454545454545,0.9988646872189886,0.9790569415042095,0.9965492779276115,0.9894689475537765
overlap_noise,17,pre_mass_off,pre,mass,off,5.222236043745193,0.8924242424242422,0.8545454545454545,0.9988646872189886,0.9790569415042095,0.9965492779276115,0.9894689475537765
overlap_noise,18,post_none_off,post,none,off,4.411659146605073,0.8939393939393939,0.8681818181818182,0.9985456735711064,0.9747805496750858,0.9939932177701596,0.9926741699665498
overlap_noise,18,post_footprint_off,post,footprint,off,5.010210587228713,0.8977272727272728,0.8681818181818182,0.9985456735711064,0.9747805496750858,0.9939932177701596,0.9926741699665498
overlap_noise,18,post_footprint_on,post,footprint,on,5.0149406205501235,0.8924242424242425,0.8727272727272727,0.9985456735711064,0.9747805496750858,0.9939932177701596,0.9926741699665498
overlap_noise,18,pre_none_off,pre,none,off,4.9114173530391305,0.8973484848484846,0.8681818181818182,0.9985456735711064,0.9747805496750858,0.9939932177701596,0.9926741699665498
overlap_noise,18,pre_footprint_off,pre,footprint,off,5.102436925460713,0.8977272727272728,0.8681818181818182,0.9985456735711064,0.9747805496750858,0.9939932177701596,0.9926741699665498
overlap_noise,18,pre_mass_off,pre,mass,off,5.096471121960906,0.8977272727272728,0.8681818181818182,0.9985456735711064,0.9747805496750858,0.9939932177701596,0.9926741699665498
overlap_noise,19,post_none_off,post,none,off,3.6065154801657666,0.9011363636363635,0.8772727272727273,0.9996594270999095,0.9594885980857296,0.9985533704759311,0.9760412586237709
overlap_noise,19,post_footprint_off,post,footprint,off,5.186579889098181,0.9102272727272727,0.8954545454545455,0.9996594270999095,0.9594885980857296,0.9985533704759311,0.9760412586237709
overlap_noise,19,post_footprint_on,post,footprint,on,5.197574616379302,0.9022727272727273,0.8818181818181818,0.9996594270999095,0.9594885980857296,0.9985533704759311,0.9760412586237709
overlap_noise,19,pre_none_off,pre,none,off,5.112326189293027,0.9094696969696968,0.8954545454545455,0.9996594270999095,0.9594885980857296,0.9985533704759311,0.9760412586237709
overlap_noise,19,pre_footprint_off,pre,footprint,off,5.440669172200029,0.9094696969696968,0.8954545454545455,0.9996594270999095,0.9594885980857296,0.9985533704759311,0.9760412586237709
overlap_noise,19,pre_mass_off,pre,mass,off,5.436677086798708,0.9102272727272727,0.8954545454545455,0.9996594270999095,0.9594885980857296,0.9985533704759311,0.9760412586237709
pendigits,10,post_none_off,post,none,off,1.4390107624177735,0.5698049752971777,0.4547970479704797,0.989820900802011,0.9544256834334928,0.9847171624534959,0.9602702841736857
pendigits,10,post_footprint_off,post,footprint,off,1.9366081935642454,0.6130890556163567,0.48523985239852396,0.989820900802011,0.9544256834334928,0.9847171624534959,0.9602702841736857
pendigits,10,post_footprint_on,post,footprint,on,0.27227958072686875,0.5943111838309076,0.4446494464944649,0.989820900802011,0.9544256834334928,0.9847171624534959,0.9602702841736857
pendigits,10,pre_none_off,pre,none,off,2.32866518223581,0.6985864879540123,0.5156826568265682,0.989820900802011,0.9544256834334928,0.9847171624534959,0.9602702841736857
pendigits,10,pre_footprint_off,pre,footprint,off,1.9213721732630875,0.6813849293229943,0.4640221402214022,0.989820900802011,0.9544256834334928,0.9847171624534959,0.9602702841736857
pendigits,10,pre_mass_off,pre,mass,off,1.9071731764230822,0.6838675536083273,0.46586715867158673,0.989820900802011,0.9544256834334928,0.9847171624534959,0.9602702841736857
pendigits,11,post_none_off,post,none,off,1.6676853850115945,0.4897246100205079,0.43911439114391143,0.9907932663110435,0.9556366448094709,0.9862890967094226,0.9610336791637604
pendigits,11,post_footprint_off,post,footprint,off,1.9363755280116972,0.6195240768737383,0.531895777178796,0.9907932663110435,0.9556366448094709,0.9862890967094226,0.9610336791637604
pendigits,11,post_footprint_on,post,footprint,on,1.9555603334734866,0.6128337580763532,0.5437062937062938,0.9907932663110435,0.9556366448094709,0.9862890967094226,0.9610336791637604
pendigits,11,pre_none_off,pre,none,off,1.935390155437396,0.6463500536956105,0.5156826568265682,0.9907932663110435,0.9556366448094709,0.9862890967094226,0.9610336791637604
pendigits,11,pre_footprint_off,pre,footprint,off,1.4121870979345061,0.6600093303002478,0.5244239631336406,0.9907932663110435,0.9556366448094709,0.9862890967094226,0.9610336791637604
pendigits,11,pre_mass_off,pre,mass,off,2.0140406498208985,0.6422135271326254,0.5198156682027649,0.9907932663110435,0.9556366448094709,0.9862890967094226,0.9610336791637604
pendigits,12,post_none_off,post,none,off,1.2842977055945974,0.5244327577408815,0.42066420664206644,0.9943201733731328,0.9639429715088446,0.9883080027891697,0.968585322134462
pendigits,12,post_footprint_off,post,footprint,off,1.5560660451976085,0.6333646962141372,0.5,0.9943201733731328,0.9639429715088446,0.9883080027891697,0.968585322134462
pendigits,12,post_footprint_on,post,footprint,on,1.8176919738775785,0.666638632115622,0.5018450184501845,0.9943201733731328,0.9639429715088446,0.9883080027891697,0.968585322134462
pendigits,12,pre_none_off,pre,none,off,1.9624738790602194,0.7186167395802141,0.5876383763837638,0.9943201733731328,0.9639429715088446,0.9883080027891697,0.968585322134462
pendigits,12,pre_footprint_off,pre,footprint,off,1.8023992944014966,0.6651936989680552,0.5112309074573226,0.9943201733731328,0.9639429715088446,0.9883080027891697,0.968585322134462
pendigits,12,pre_mass_off,pre,mass,off,1.7998029118319556,0.6605742135585003,0.5058400718778078,0.9943201733731328,0.9639429715088446,0.9883080027891697,0.968585322134462
pendigits,13,post_none_off,post,none,off,1.1629730001708058,0.541724835361303,0.4981549815498155,0.9946050354615833,0.953862165965413,0.9908459656596944,0.9558954622024548
pendigits,13,post_footprint_off,post,footprint,off,2.0348254552743694,0.6976548743686635,0.5815668202764976,0.9946050354615833,0.953862165965413,0.9908459656596944,0.9558954622024548
pendigits,13,post_footprint_on,post,footprint,on,1.9922573611857468,0.6808431787114554,0.564240790655885,0.9946050354615833,0.953862165965413,0.9908459656596944,0.9558954622024548
pendigits,13,pre_none_off,pre,none,off,1.953772951403685,0.7178003062911016,0.5885608856088561,0.9946050354615833,0.953862165965413,0.9908459656596944,0.9558954622024548
pendigits,13,pre_footprint_off,pre,footprint,off,1.9584365384211262,0.7097972251532096,0.5778801843317972,0.9946050354615833,0.953862165965413,0.9908459656596944,0.9558954622024548
pendigits,13,pre_mass_off,pre,mass,off,1.9703012074282347,0.6526511206176855,0.511520737327189,0.9946050354615833,0.953862165965413,0.9908459656596944,0.9558954622024548
pendigits,14,post_none_off,post,none,off,1.217155172268514,0.5774529808534715,0.47232472324723246,0.9956959499463757,0.9492601199745131,0.9918151863935115,0.9637428124170828
pendigits,14,post_footprint_off,post,footprint,off,1.9821517395825674,0.6921180536323469,0.591705069124424,0.9956959499463757,0.9492601199745131,0.9918151863935115,0.9637428124170828
pendigits,14,post_footprint_on,post,footprint,on,1.9850279300842741,0.665377320086875,0.5627306273062731,0.9956959499463757,0.9492601199745131,0.9918151863935115,0.9637428124170828
pendigits,14,pre_none_off,pre,none,off,1.9026868826915397,0.6789118045865434,0.46863468634686345,0.9956959499463757,0.9492601199745131,0.9918151863935115,0.9637428124170828
pendigits,14,pre_footprint_off,pre,footprint,off,2.0093468675946924,0.6697318048990097,0.5894833948339483,0.9956959499463757,0.9492601199745131,0.9918151863935115,0.9637428124170828
pendigits,14,pre_mass_off,pre,mass,off,1.553674969231595,0.6894157324336374,0.6143911439114391,0.9956959499463757,0.9492601199745131,0.9918151863935115,0.9637428124170828
pendigits,15,post_none_off,post,none,off,1.544781203279326,0.5339142340920064,0.4944649446494465,0.9941727495636131,0.9219022866810255,0.9886363781749965,0.9443186671330371
pendigits,15,post_footprint_off,post,footprint,off,2.3589871432218517,0.6904177660950503,0.5341328413284133,0.9941727495636131,0.9219022866810255,0.9886363781749965,0.9443186671330371
pendigits,15,post_footprint_on,post,footprint,on,2.454211056280756,0.649633795823703,0.5322878228782287,0.9941727495636131,0.9219022866810255,0.9886363781749965,0.9443186671330371
pendigits,15,pre_none_off,pre,none,off,2.0108812007780608,0.7126746680285364,0.5765682656826568,0.9941727495636131,0.9219022866810255,0.9886363781749965,0.9443186671330371
pendigits,15,pre_footprint_off,pre,footprint,off,1.5535697402371502,0.5741421524230239,0.4797047970479705,0.9941727495636131,0.9219022866810255,0.9886363781749965,0.9443186671330371
pendigits,15,pre_mass_off,pre,mass,off,1.8428071726358295,0.5846482368349553,0.4446494464944649,0.9941727495636131,0.9219022866810255,0.9886363781749965,0.9443186671330371
pendigits,16,post_none_off,post,none,off,1.5983546810491909,0.5133554132007143,0.46309963099630996,0.9926456471620483,0.9644917916493103,0.9887822294039124,0.9601700510375888
pendigits,16,post_footprint_off,post,footprint,off,2.7758649456534314,0.7156686366801603,0.5525830258302583,0.9926456471620483,0.9644917916493103,0.9887822294039124,0.9601700510375888
pendigits,16,post_footprint_on,post,footprint,on,2.763424378865651,0.7043722229300283,0.5636531365313653,0.9926456471620483,0.9644917916493103,0.9887822294039124,0.9601700510375888
pendigits,16,pre_none_off,pre,none,off,2.3190249729533967,0.6965436875939246,0.522140221402214,0.9926456471620483,0.9644917916493103,0.9887822294039124,0.9601700510375888
pendigits,16,pre_footprint_off,pre,footprint,off,2.0614480346535,0.6814224287956138,0.49723247232472323,0.9926456471620483,0.9644917916493103,0.9887822294039124,0.9601700510375888
pendigits,16,pre_mass_off,pre,mass,off,3.007339253364301,0.7211921264901948,0.5553505535055351,0.9926456471620483,0.9644917916493103,0.9887822294039124,0.9601700510375888
pendigits,17,post_none_off,post,none,off,1.4358827154033817,0.5424134230991188,0.47878228782287824,0.9927163526452286,0.9271083450618629,0.987087633795897,0.9379056583933801
pendigits,17,post_footprint_off,post,footprint,off,1.6524971449786425,0.6077750431949214,0.5022461814914645,0.9927163526452286,0.9271083450618629,0.987087633795897,0.9379056583933801
pendigits,17,post_footprint_on,post,footprint,on,1.7674260326050164,0.6309646066364298,0.4732472324723247,0.9927163526452286,0.9271083450618629,0.987087633795897,0.9379056583933801
pendigits,17,pre_none_off,pre,none,off,1.9791502018852518,0.6937552304963852,0.5322878228782287,0.9927163526452286,0.9271083450618629,0.987087633795897,0.9379056583933801
pendigits,17,pre_footprint_off,pre,footprint,off,1.4859251722020046,0.5664365311908985,0.4537286612758311,0.9927163526452286,0.9271083450618629,0.987087633795897,0.9379056583933801
pendigits,17,pre_mass_off,pre,mass,off,1.5797674677415092,0.6168136606662438,0.5046125461254612,0.9927163526452286,0.9271083450618629,0.987087633795897,0.9379056583933801
pendigits,18,post_none_off,post,none,off,1.4356315272568343,0.4901322386114343,0.4248847926267281,0.9865120893492042,0.9572638846372483,0.9819146079558112,0.9644919167546488
pendigits,18,post_footprint_off,post,footprint,off,1.7631605857115034,0.6323966350216506,0.45018450184501846,0.9865120893492042,0.9572638846372483,0.9819146079558112,0.9644919167546488
pendigits,18,post_footprint_on,post,footprint,on,1.9464394240008387,0.6439954070818968,0.5299539170506913,0.9865120893492042,0.9572638846372483,0.9819146079558112,0.9644919167546488
pendigits,18,pre_none_off,pre,none,off,1.9667641107274305,0.7176532790749474,0.5793357933579336,0.9865120893492042,0.9572638846372483,0.9819146079558112,0.9644919167546488
pendigits,18,pre_footprint_off,pre,footprint,off,1.619189399099037,0.6323120887099102,0.5157232704402516,0.9865120893492042,0.9572638846372483,0.9819146079558112,0.9644919167546488
pendigits,18,pre_mass_off,pre,mass,off,1.9876286753721097,0.6708089672286264,0.56036866359447,0.9865120893492042,0.9572638846372483,0.9819146079558112,0.9644919167546488
pendigits,19,post_none_off,post,none,off,1.5578710708170955,0.5162623997352391,0.44280442804428044,0.9942766889449854,0.9555275055729071,0.9915839446140543,0.9646499979249112
pendigits,19,post_footprint_off,post,footprint,off,2.405900100922863,0.6954814407475042,0.474169741697417,0.9942766889449854,0.9555275055729071,0.9915839446140543,0.9646499979249112
pendigits,19,post_footprint_on,post,footprint,on,1.9382420484460638,0.6632334604166583,0.47601476014760147,0.9942766889449854,0.9555275055729071,0.9915839446140543,0.9646499979249112
pendigits,19,pre_none_off,pre,none,off,1.9676808343864616,0.6934790918035577,0.48985239852398527,0.9942766889449854,0.9555275055729071,0.9915839446140543,0.9646499979249112
pendigits,19,pre_footprint_off,pre,footprint,off,2.5849653096213117,0.7322612276108416,0.5756457564575646,0.9942766889449854,0.9555275055729071,0.9915839446140543,0.9646499979249112
pendigits,19,pre_mass_off,pre,mass,off,2.54303094312096,0.7042055444546736,0.4843173431734317,0.9942766889449854,0.9555275055729071,0.9915839446140543,0.9646499979249112
quantity_skew_extreme,10,post_none_off,post,none,off,1.086533187328766,0.8388269894418229,0.5775510204081633,0.9727413819092604,0.8081563863777901,0.9607989503937204,0.9543376369625418
quantity_skew_extreme,10,post_footprint_off,post,footprint,off,1.0738124616153182,0.8374375176291048,0.5755102040816327,0.9727413819092604,0.8081563863777901,0.9607989503937204,0.9543376369625418
quantity_skew_extreme,10,post_footprint_on,post,footprint,on,1.0724450474717593,0.8375073227576686,0.55,0.9727413819092604,0.8081563863777901,0.9607989503937204,0.9543376369625418
quantity_skew_extreme,10,pre_none_off,pre,none,off,1.7857063341580988,0.8086272091077326,0.65,0.9727413819092604,0.8081563863777901,0.9607989503937204,0.9543376369625418
quantity_skew_extreme,10,pre_footprint_off,pre,footprint,off,1.0698530517299518,0.82602799164555,0.5641025641025641,0.9727413819092604,0.8081563863777901,0.9607989503937204,0.9543376369625418
quantity_skew_extreme,10,pre_mass_off,pre,mass,off,8.06275371532312,1.0,1.0,0.9727413819092604,0.8081563863777901,0.9607989503937204,0.9543376369625418
quantity_skew_extreme,11,post_none_off,post,none,off,2.653498481868955,0.934544896799578,0.819672131147541,0.9155630390539691,0.9180413817439771,0.9112907590099057,0.9369675639101727
quantity_skew_extreme,11,post_footprint_off,post,footprint,off,4.273534196554322,0.9994606256742179,0.9935275080906149,0.9155630390539691,0.9180413817439771,0.9112907590099057,0.9369675639101727
quantity_skew_extreme,11,post_footprint_on,post,footprint,on,5.187751744543196,0.999730312837109,0.9967637540453075,0.9155630390539691,0.9180413817439771,0.9112907590099057,0.9369675639101727
quantity_skew_extreme,11,pre_none_off,pre,none,off,7.696902308839105,1.0,1.0,0.9155630390539691,0.9180413817439771,0.9112907590099057,0.9369675639101727
quantity_skew_extreme,11,pre_footprint_off,pre,footprint,off,7.744990523694193,1.0,1.0,0.9155630390539691,0.9180413817439771,0.9112907590099057,0.9369675639101727
quantity_skew_extreme,11,pre_mass_off,pre,mass,off,7.744939106484325,1.0,1.0,0.9155630390539691,0.9180413817439771,0.9112907590099057,0.9369675639101727
quantity_skew_extreme,12,post_none_off,post,none,off,2.631121631711307,0.8640552528116907,0.5816326530612245,0.8813672257659494,0.8637649899148534,0.9411139642249169,0.9586834452639675
quantity_skew_extreme,12,post_footprint_off,post,footprint,off,2.279183589223471,0.8255214480475838,0.6020408163265306,0.8813672257659494,0.8637649899148534,0.9411139642249169,0.9586834452639675
quantity_skew_extreme,12,post_footprint_on,post,footprint,on,2.228835365535217,0.8652567100901991,0.6923076923076923,0.8813672257659494,0.8637649899148534,0.9411139642249169,0.9586834452639675
quantity_skew_extreme,12,pre_none_off,pre,none,off,7.536810069678217,1.0,1.0,0.8813672257659494,0.8637649899148534,0.9411139642249169,0.9586834452639675
quantity_skew_extreme,12,pre_footprint_off,pre,footprint,off,2.5110840364616336,0.8255565515562472,0.6428571428571429,0.8813672257659494,0.8637649899148534,0.9411139642249169,0.9586834452639675
quantity_skew_extreme,12,pre_mass_off,pre,mass,off,7.566340477108711,1.0,1.0,0.8813672257659494,0.8637649899148534,0.9411139642249169,0.9586834452639675
quantity_skew_extreme,13,post_none_off,post,none,off,1.0648555251995473,0.8098436279727705,0.6,0.8047813698502035,0.7833333333333333,0.871341252691778,0.9142160346568199
quantity_skew_extreme,13,post_footprint_off,post,footprint,off,1.057729531497889,0.8198740911955206,0.5833333333333334,0.8047813698502035,0.7833333333333333,0.871341252691778,0.9142160346568199
quantity_skew_extreme,13,post_footprint_on,post,footprint,on,1.0511584133053193,0.8576747533699995,0.6,0.8047813698502035,0.7833333333333333,0.871341252691778,0.9142160346568199
quantity_skew_extreme,13,pre_none_off,pre,none,off,1.0594425757019343,0.8131404761841639,0.6,0.8047813698502035,0.7833333333333333,0.871341252691778,0.9142160346568199
quantity_skew_extreme,13,pre_footprint_off,pre,footprint,off,1.0651362517134795,0.8193460230452733,0.5833333333333334,0.8047813698502035,0.7833333333333333,0.871341252691778,0.9142160346568199
quantity_skew_extreme,13,pre_mass_off,pre,mass,off,1.0650706283197091,0.8195160910724842,0.5833333333333334,0.8047813698502035,0.7833333333333333,0.871341252691778,0.9142160346568199
quantity_skew_extreme,14,post_none_off,post,none,off,1.088116166965658,0.8127949659627515,0.5388349514563107,0.9862716239090269,0.9290569415042095,0.9828732815963586,0.9620905454697987
quantity_skew_extreme,14,post_footprint_off,post,footprint,off,1.1102257111381755,0.8033067221163779,0.5204081632653061,0.9862716239090269,0.9290569415042095,0.9828732815963586,0.9620905454697987
quantity_skew_extreme,14,post_footprint_on,post,footprint,on,1.1113874980766418,0.796442622008069,0.5357142857142857,0.9862716239090269,0.9290569415042095,0.9828732815963586,0.9620905454697987
quantity_skew_extreme,14,pre_none_off,pre,none,off,1.1401395411504511,0.8034991693844593,0.5275510204081633,0.9862716239090269,0.9290569415042095,0.9828732815963586,0.9620905454697987
quantity_skew_extreme,14,pre_footprint_off,pre,footprint,off,1.1269330010268876,0.8032211309656003,0.5306122448979592,0.9862716239090269,0.9290569415042095,0.9828732815963586,0.9620905454697987
quantity_skew_extreme,14,pre_mass_off,pre,mass,off,1.1308013401317851,0.8036256617099369,0.5306122448979592,0.9862716239090269,0.9290569415042095,0.9828732815963586,0.9620905454697987
quantity_skew_extreme,15,post_none_off,post,none,off,1.0904008807354202,0.8322773951905148,0.65,0.9962826678656594,0.9457661115402471,0.9804392121724428,0.9377472334039585
quantity_skew_extreme,15,post_footprint_off,post,footprint,off,1.0889273538762387,0.811492550030375,0.5475578406169666,0.9962826678656594,0.9457661115402471,0.9804392121724428,0.9377472334039585
quantity_skew_extreme,15,post_footprint_on,post,footprint,on,0.9576165162073379,0.8162943249428842,0.5244215938303342,0.9962826678656594,0.9457661115402471,0.9804392121724428,0.9377472334039585
quantity_skew_extreme,15,pre_none_off,pre,none,off,1.1122053408285568,0.8059904640630985,0.6521035598705501,0.9962826678656594,0.9457661115402471,0.9804392121724428,0.9377472334039585
quantity_skew_extreme,15,pre_footprint_off,pre,footprint,off,1.0998009852555264,0.8102060702018626,0.5372750642673522,0.9962826678656594,0.9457661115402471,0.9804392121724428,0.9377472334039585
quantity_skew_extreme,15,pre_mass_off,pre,mass,off,1.0996573509992023,0.810510981810519,0.5372750642673522,0.9962826678656594,0.9457661115402471,0.9804392121724428,0.9377472334039585
quantity_skew_extreme,16,post_none_off,post,none,off,1.1100261453885787,0.806414261004559,0.5673469387755102,0.9984319866186745,0.9957236081708761,0.9929490237900143,0.9878024717588451
quantity_skew_extreme,16,post_footprint_off,post,footprint,off,1.05839845822344,0.8100867911803377,0.5416666666666666,0.9984319866186745,0.9957236081708761,0.9929490237900143,0.9878024717588451
quantity_skew_extreme,16,post_footprint_on,post,footprint,on,0.6871627108517282,0.8184220066478439,0.55,0.9984319866186745,0.9957236081708761,0.9929490237900143,0.9878024717588451
quantity_skew_extreme,16,pre_none_off,pre,none,off,1.0590282133679119,0.7981238789955324,0.5416666666666666,0.9984319866186745,0.9957236081708761,0.9929490237900143,0.9878024717588451
quantity_skew_extreme,16,pre_footprint_off,pre,footprint,off,1.0592826751523294,0.8051892151185499,0.5416666666666666,0.9984319866186745,0.9957236081708761,0.9929490237900143,0.9878024717588451
quantity_skew_extreme,16,pre_mass_off,pre,mass,off,1.0592999339319067,0.8054443171593663,0.5416666666666666,0.9984319866186745,0.9957236081708761,0.9929490237900143,0.9878024717588451
quantity_skew_extreme,17,post_none_off,post,none,off,1.18409267167034,0.8293909541175379,0.540453074433657,0.9941031652454715,0.952704627669473,0.9964051666107603,0.9849055074981943
quantity_skew_extreme,17,post_footprint_off,post,footprint,off,1.179340172411311,0.8220290509777913,0.5016181229773463,0.9941031652454715,0.952704627669473,0.9964051666107603,0.9849055074981943
quantity_skew_extreme,17,post_footprint_on,post,footprint,on,1.1635843902882796,0.8270290832718142,0.5016181229773463,0.9941031652454715,0.952704627669473,0.9964051666107603,0.9849055074981943
quantity_skew_extreme,17,pre_none_off,pre,none,off,1.1857192282775149,0.8210409207364956,0.5097087378640777,0.9941031652454715,0.952704627669473,0.9964051666107603,0.9849055074981943
quantity_skew_extreme,17,pre_footprint_off,pre,footprint,off,1.2217697334866717,0.8193608797880775,0.5048543689320388,0.9941031652454715,0.952704627669473,0.9964051666107603,0.9849055074981943
quantity_skew_extreme,17,pre_mass_off,pre,mass,off,1.2221081738101816,0.8191762266387919,0.5016181229773463,0.9941031652454715,0.952704627669473,0.9964051666107603,0.9849055074981943
quantity_skew_extreme,18,post_none_off,post,none,off,3.125008090224824,0.9475207677682002,0.832258064516129,0.9887824960093293,0.9159244375141008,0.9822936048244654,0.9468329605986712
quantity_skew_extreme,18,post_footprint_off,post,footprint,off,3.986868424182729,0.9905911392367388,0.9583333333333334,0.9887824960093293,0.9159244375141008,0.9822936048244654,0.9468329605986712
quantity_skew_extreme,18,post_footprint_on,post,footprint,on,4.323298831418652,0.9985544217687075,0.986734693877551,0.9887824960093293,0.9159244375141008,0.9822936048244654,0.9468329605986712
quantity_skew_extreme,18,pre_none_off,pre,none,off,7.502310256070059,1.0,1.0,0.9887824960093293,0.9159244375141008,0.9822936048244654,0.9468329605986712
quantity_skew_extreme,18,pre_footprint_off,pre,footprint,off,7.389473504361896,1.0,1.0,0.9887824960093293,0.9159244375141008,0.9822936048244654,0.9468329605986712
quantity_skew_extreme,18,pre_mass_off,pre,mass,off,7.384749870322842,1.0,1.0,0.9887824960093293,0.9159244375141008,0.9822936048244654,0.9468329605986712
quantity_skew_extreme,19,post_none_off,post,none,off,3.3847145787111406,0.9861062291600263,0.9583333333333334,0.999776713085882,1.0,0.9951468654528448,0.9918611954633241
quantity_skew_extreme,19,post_footprint_off,post,footprint,off,7.513996707417539,1.0,1.0,0.999776713085882,1.0,0.9951468654528448,0.9918611954633241
quantity_skew_extreme,19,post_footprint_on,post,footprint,on,7.526218057188196,1.0,1.0,0.999776713085882,1.0,0.9951468654528448,0.9918611954633241
quantity_skew_extreme,19,pre_none_off,pre,none,off,7.543032767245842,1.0,1.0,0.999776713085882,1.0,0.9951468654528448,0.9918611954633241
quantity_skew_extreme,19,pre_footprint_off,pre,footprint,off,1.181203109372703,0.8186249155994519,0.5598705501618123,0.999776713085882,1.0,0.9951468654528448,0.9918611954633241
quantity_skew_extreme,19,pre_mass_off,pre,mass,off,1.1780678803308067,0.8186249155994519,0.5598705501618123,0.999776713085882,1.0,0.9951468654528448,0.9918611954633241
satimage,10,post_none_off,post,none,off,2.61525005314548,0.7300350713345327,0.6077170418006431,0.9897309353500827,0.9504283483461379,0.9875050684081599,0.9798853970970862
satimage,10,post_footprint_off,post,footprint,off,2.327085038966294,0.6635944253381834,0.4606741573033708,0.9897309353500827,0.9504283483461379,0.9875050684081599,0.9798853970970862
satimage,10,post_footprint_on,post,footprint,on,2.233243670320902,0.6701464360296588,0.49759229534510435,0.9897309353500827,0.9504283483461379,0.9875050684081599,0.9798853970970862
satimage,10,pre_none_off,pre,none,off,3.5042874471019982,0.6690528867845058,0.4662379421221865,0.9897309353500827,0.9504283483461379,0.9875050684081599,0.9798853970970862
satimage,10,pre_footprint_off,pre,footprint,off,2.8108663550445057,0.6615833732429112,0.4478330658105939,0.9897309353500827,0.9504283483461379,0.9875050684081599,0.9798853970970862
satimage,10,pre_mass_off,pre,mass,off,2.7980633984505197,0.6623095918048054,0.45264847512038525,0.9897309353500827,0.9504283483461379,0.9875050684081599,0.9798853970970862
satimage,11,post_none_off,post,none,off,2.570179319643561,0.6502719298396132,0.434991974317817,0.989506009459957,0.9532463092273099,0.9880450380447943,0.9748483138790262
satimage,11,post_footprint_off,post,footprint,off,2.1534291478143377,0.6515869719242153,0.4510433386837881,0.989506009459957,0.9532463092273099,0.9880450380447943,0.9748483138790262
satimage,11,post_footprint_on,post,footprint,on,0.7493398097515586,0.6497567453560298,0.5008025682182986,0.989506009459957,0.9532463092273099,0.9880450380447943,0.9748483138790262
satimage,11,pre_none_off,pre,none,off,2.4332555324833782,0.6362849872704424,0.4565916398713826,0.989506009459957,0.9532463092273099,0.9880450380447943,0.9748483138790262
satimage,11,pre_footprint_off,pre,footprint,off,2.0608091542898412,0.6495416705674815,0.4590690208667737,0.989506009459957,0.9532463092273099,0.9880450380447943,0.9748483138790262
satimage,11,pre_mass_off,pre,mass,off,2.052485627071742,0.6477370551634327,0.4606741573033708,0.989506009459957,0.9532463092273099,0.9880450380447943,0.9748483138790262
satimage,12,post_none_off,post,none,off,2.611496650829473,0.7302389419878778,0.5960044395116537,0.9922157597378174,0.961299585641975,0.9901809100339206,0.9753040439438295
satimage,12,post_footprint_off,post,footprint,off,2.9588082748417186,0.6888553353563314,0.507223113964687,0.9922157597378174,0.961299585641975,0.9901809100339206,0.9753040439438295
satimage,12,post_footprint_on,post,footprint,on,2.802766308916451,0.677602542639369,0.4622792937399679,0.9922157597378174,0.961299585641975,0.9901809100339206,0.9753040439438295
satimage,12,pre_none_off,pre,none,off,3.586417976174884,0.7054000802695786,0.5457463884430177,0.9922157597378174,0.961299585641975,0.9901809100339206,0.9753040439438295
satimage,12,pre_footprint_off,pre,footprint,off,2.653518807386719,0.6779597004200819,0.4622792937399679,0.9922157597378174,0.961299585641975,0.9901809100339206,0.9753040439438295
satimage,12,pre_mass_off,pre,mass,off,2.672466388600349,0.6776099857078344,0.4654895666131621,0.9922157597378174,0.961299585641975,0.9901809100339206,0.9753040439438295
satimage,13,post_none_off,post,none,off,2.4471418887489382,0.6478045640290878,0.4453376205787781,0.9902819700239325,0.9607409055818523,0.9896699604950484,0.9824408554141084
satimage,13,post_footprint_off,post,footprint,off,2.130802067428607,0.649294923206236,0.46869983948635635,0.9902819700239325,0.9607409055818523,0.9896699604950484,0.9824408554141084
satimage,13,post_footprint_on,post,footprint,on,2.0604131842195503,0.6528307880956759,0.5038845726970034,0.9902819700239325,0.9607409055818523,0.9896699604950484,0.9824408554141084
satimage,13,pre_none_off,pre,none,off,2.3737672149322604,0.6356899565183014,0.46141479099678456,0.9902819700239325,0.9607409055818523,0.9896699604950484,0.9824408554141084
satimage,13,pre_footprint_off,pre,footprint,off,1.9890069174293354,0.6519007659294649,0.4959871589085072,0.9902819700239325,0.9607409055818523,0.9896699604950484,0.9824408554141084
satimage,13,pre_mass_off,pre,mass,off,1.9846311034071022,0.6501632402022467,0.4959871589085072,0.9902819700239325,0.9607409055818523,0.9896699604950484,0.9824408554141084
satimage,14,post_none_off,post,none,off,2.6383805764276795,0.7285767664299129,0.5971107544141252,0.9913163689132481,0.9650150494146412,0.9905953389100925,0.9746782133252743
satimage,14,post_footprint_off,post,footprint,off,2.7903867514997316,0.6807722885762488,0.4606741573033708,0.9913163689132481,0.9650150494146412,0.9905953389100925,0.9746782133252743
satimage,14,post_footprint_on,post,footprint,on,2.687048814597172,0.6819205113109356,0.46141479099678456,0.9913163689132481,0.9650150494146412,0.9905953389100925,0.9746782133252743
satimage,14,pre_none_off,pre,none,off,3.4474332137786,0.6958797099325712,0.5200642054574639,0.9913163689132481,0.9650150494146412,0.9905953389100925,0.9746782133252743
satimage,14,pre_footprint_off,pre,footprint,off,2.5799269730504415,0.6782332687194775,0.46141479099678456,0.9913163689132481,0.9650150494146412,0.9905953389100925,0.9746782133252743
satimage,14,pre_mass_off,pre,mass,off,2.5917745944864996,0.6783417179025081,0.4646302250803859,0.9913163689132481,0.9650150494146412,0.9905953389100925,0.9746782133252743
satimage,15,post_none_off,post,none,off,2.4972582395808898,0.6583266637126673,0.42443729903536975,0.9920316089222881,0.9543012185079418,0.9905970779534868,0.9770551895828604
satimage,15,post_footprint_off,post,footprint,off,2.8209456864370512,0.6833606928745091,0.48635634028892455,0.9920316089222881,0.9543012185079418,0.9905970779534868,0.9770551895828604
satimage,15,post_footprint_on,post,footprint,on,2.717308973473398,0.6804843811459373,0.4678456591639871,0.9920316089222881,0.9543012185079418,0.9905970779534868,0.9770551895828604
satimage,15,pre_none_off,pre,none,off,2.428504644914289,0.6385981585764176,0.43086816720257237,0.9920316089222881,0.9543012185079418,0.9905970779534868,0.9770551895828604
satimage,15,pre_footprint_off,pre,footprint,off,2.0873238361785464,0.6553955298802222,0.4630225080385852,0.9920316089222881,0.9543012185079418,0.9905970779534868,0.9770551895828604
satimage,15,pre_mass_off,pre,mass,off,2.0735154797339512,0.6528057979556652,0.4630225080385852,0.9920316089222881,0.9543012185079418,0.9905970779534868,0.9770551895828604
satimage,16,post_none_off,post,none,off,2.4176822131279163,0.654949023340645,0.42443729903536975,0.9897183386477831,0.9590440195838343,0.9888729316421049,0.979892405310869
satimage,16,post_footprint_off,post,footprint,off,2.3445102387176844,0.6611346934226844,0.4630225080385852,0.9897183386477831,0.9590440195838343,0.9888729316421049,0.979892405310869
satimage,16,post_footprint_on,post,footprint,on,2.257512297402264,0.6626207023790174,0.4983922829581994,0.9897183386477831,0.9590440195838343,0.9888729316421049,0.979892405310869
satimage,16,pre_none_off,pre,none,off,2.5197305345770347,0.6410019391170516,0.43729903536977494,0.9897183386477831,0.9590440195838343,0.9888729316421049,0.979892405310869
satimage,16,pre_footprint_off,pre,footprint,off,2.0687693528695674,0.6523697142191747,0.4678456591639871,0.9897183386477831,0.9590440195838343,0.9888729316421049,0.979892405310869
satimage,16,pre_mass_off,pre,mass,off,2.0703653697581172,0.6511224502133542,0.4678456591639871,0.9897183386477831,0.9590440195838343,0.9888729316421049,0.979892405310869
satimage,17,post_none_off,post,none,off,2.572894821253997,0.7323440174379456,0.6260032102728732,0.9905274834980826,0.96509847405688,0.9897804385329216,0.9773015502688024
satimage,17,post_footprint_off,post,footprint,off,2.871556903544598,0.6833961806228616,0.4622792937399679,0.9905274834980826,0.96509847405688,0.9897804385329216,0.9773015502688024
satimage,17,post_footprint_on,post,footprint,on,2.163630395411329,0.6570786343661258,0.4903536977491961,0.9905274834980826,0.96509847405688,0.9897804385329216,0.9773015502688024
satimage,17,pre_none_off,pre,none,off,2.395342785996348,0.6346473955335306,0.4405144694533762,0.9905274834980826,0.96509847405688,0.9897804385329216,0.9773015502688024
satimage,17,pre_footprint_off,pre,footprint,off,2.0542992207964876,0.6533030917432205,0.4790996784565916,0.9905274834980826,0.96509847405688,0.9897804385329216,0.9773015502688024
satimage,17,pre_mass_off,pre,mass,off,2.0468515537089393,0.6516858442927027,0.4807073954983923,0.9905274834980826,0.96509847405688,0.9897804385329216,0.9773015502688024
satimage,18,post_none_off,post,none,off,2.7085188391334016,0.7310946974317593,0.6059933407325194,0.992469569854253,0.9690935540703174,0.9917289213615033,0.980946281230803
satimage,18,post_footprint_off,post,footprint,off,3.000739500810297,0.684930828557727,0.5049944506104328,0.992469569854253,0.9690935540703174,0.9917289213615033,0.980946281230803
satimage,18,post_footprint_on,post,footprint,on,2.853147494752324,0.6764051644510571,0.4630225080385852,0.992469569854253,0.9690935540703174,0.9917289213615033,0.980946281230803
satimage,18,pre_none_off,pre,none,off,3.618209341415235,0.7028448316175913,0.5493895671476138,0.992469569854253,0.9690935540703174,0.9917289213615033,0.980946281230803
satimage,18,pre_footprint_off,pre,footprint,off,2.6947804514019533,0.6757877729238133,0.47266881028938906,0.992469569854253,0.9690935540703174,0.9917289213615033,0.980946281230803
satimage,18,pre_mass_off,pre,mass,off,2.680319614126232,0.6765591248955213,0.478330658105939,0.992469569854253,0.9690935540703174,0.9917289213615033,0.980946281230803
satimage,19,post_none_off,post,none,off,2.5403851591767044,0.7243632156938353,0.6099518459069021,0.9918550358291647,0.9679763219350475,0.9911752781788136,0.9841766069983316
satimage,19,post_footprint_off,post,footprint,off,3.119804357621237,0.6940312885246888,0.5024077046548957,0.9918550358291647,0.9679763219350475,0.9911752781788136,0.9841766069983316
satimage,19,post_footprint_on,post,footprint,on,2.984366463129529,0.6830703391880727,0.45746388443017655,0.9918550358291647,0.9679763219350475,0.9911752781788136,0.9841766069983316
satimage,19,pre_none_off,pre,none,off,3.686748958321246,0.7085796933371962,0.5569823434991974,0.9918550358291647,0.9679763219350475,0.9911752781788136,0.9841766069983316
satimage,19,pre_footprint_off,pre,footprint,off,2.1446649311783936,0.6600043780195726,0.45819935691318325,0.9918550358291647,0.9679763219350475,0.9911752781788136,0.9841766069983316
satimage,19,pre_mass_off,pre,mass,off,2.120447873877521,0.6583815331457197,0.45819935691318325,0.9918550358291647,0.9679763219350475,0.9911752781788136,0.9841766069983316
wine,10,post_none_off,post,none,off,2.098537887957812,0.9302923976608188,0.7777777777777778,0.9692150824061996,0.85,0.9621263627543771,0.9151010645259005
wine,10,post_footprint_off,post,footprint,off,3.51034533834772,0.9619590643274855,0.8888888888888888,0.9692150824061996,0.85,0.9621263627543771,0.9151010645259005
wine,10,post_footprint_on,post,footprint,on,3.432413380640515,0.9285620915032681,0.8333333333333334,0.9692150824061996,0.85,0.9621263627543771,0.9151010645259005
wine,10,pre_none_off,pre,none,off,3.0059036056207202,0.9672222222222222,0.8333333333333334,0.9692150824061996,0.85,0.9621263627543771,0.9151010645259005
wine,10,pre_footprint_off,pre,footprint,off,3.5176867108089174,0.967514619883041,0.8888888888888888,0.9692150824061996,0.85,0.9621263627543771,0.9151010645259005
wine,10,pre_mass_off,pre,mass,off,3.5352032188917577,0.9727777777777777,0.8888888888888888,0.9692150824061996,0.85,0.9621263627543771,0.9151010645259005
wine,11,post_none_off,post,none,off,1.6985468820612644,0.9344736842105263,0.8333333333333334,0.9730012854755227,0.9,0.9673361856178677,0.9128345114569651
wine,11,post_footprint_off,post,footprint,off,3.5377826108884216,0.9718201754385964,0.8888888888888888,0.9730012854755227,0.9,0.9673361856178677,0.9128345114569651
wine,11,post_footprint_on,post,footprint,on,3.539286750745167,0.9439035087719299,0.8333333333333334,0.9730012854755227,0.9,0.9673361856178677,0.9128345114569651
wine,11,pre_none_off,pre,none,off,3.22155568527792,0.9662646198830409,0.8888888888888888,0.9730012854755227,0.9,0.9673361856178677,0.9128345114569651
wine,11,pre_footprint_off,pre,footprint,off,3.6088311866254172,0.9718201754385964,0.8888888888888888,0.9730012854755227,0.9,0.9673361856178677,0.9128345114569651
wine,11,pre_mass_off,pre,mass,off,3.591093551270047,0.9718201754385964,0.8888888888888888,0.9730012854755227,0.9,0.9673361856178677,0.9128345114569651
wine,12,post_none_off,post,none,off,1.6579906447654704,0.9297660818713449,0.8333333333333334,0.984774397761227,0.95,0.9773485981022304,0.9625900909056339
wine,12,post_footprint_off,post,footprint,off,3.6580473554577746,0.9725146198830409,0.8888888888888888,0.984774397761227,0.95,0.9773485981022304,0.9625900909056339
wine,12,post_footprint_on,post,footprint,on,3.659971321097081,0.9404459064327485,0.85,0.984774397761227,0.95,0.9773485981022304,0.9625900909056339
wine,12,pre_none_off,pre,none,off,3.128926674991809,0.9669590643274854,0.8888888888888888,0.984774397761227,0.95,0.9773485981022304,0.9625900909056339
wine,12,pre_footprint_off,pre,footprint,off,3.6852503449313425,0.9669590643274854,0.8888888888888888,0.984774397761227,0.95,0.9773485981022304,0.9625900909056339
wine,12,pre_mass_off,pre,mass,off,3.64720769478991,0.9725146198830409,0.9444444444444444,0.984774397761227,0.95,0.9773485981022304,0.9625900909056339
wine,13,post_none_off,post,none,off,1.9956866429026912,0.9300292397660819,0.8333333333333334,0.973324311534024,0.9,0.9632488456715637,0.9130221373244659
wine,13,post_footprint_off,post,footprint,off,3.573035522774714,0.9671878224974201,0.8888888888888888,0.973324311534024,0.9,0.9632488456715637,0.9130221373244659
wine,13,post_footprint_on,post,footprint,on,3.588132054350913,0.9347024423804611,0.8333333333333334,0.973324311534024,0.9,0.9632488456715637,0.9130221373244659
wine,13,pre_none_off,pre,none,off,3.1882930853820395,0.956076711386309,0.8333333333333334,0.973324311534024,0.9,0.9632488456715637,0.9130221373244659
wine,13,pre_footprint_off,pre,footprint,off,3.5588989968043263,0.9730701754385965,0.8888888888888888,0.973324311534024,0.9,0.9632488456715637,0.9130221373244659
wine,13,pre_mass_off,pre,mass,off,3.507608631041791,0.9730701754385965,0.8888888888888888,0.973324311534024,0.9,0.9632488456715637,0.9130221373244659
wine,14,post_none_off,post,none,off,2.569652449564571,0.929439284485724,0.8333333333333334,0.9701298813970325,1.0,0.9632821866635215,0.955902640745609
wine,14,post_footprint_off,post,footprint,off,3.662618278243327,0.9671878224974201,0.8888888888888888,0.9701298813970325,1.0,0.9632821866635215,0.955902640745609
wine,14,post_footprint_on,post,footprint,on,3.719595291741352,0.9281892844857241,0.8333333333333334,0.9701298813970325,1.0,0.9632821866635215,0.955902640745609
wine,14,pre_none_off,pre,none,off,3.3056850923525243,0.967514619883041,0.8888888888888888,0.9701298813970325,1.0,0.9632821866635215,0.955902640745609
wine,14,pre_footprint_off,pre,footprint,off,3.753029250585537,0.9730701754385965,0.8888888888888888,0.9701298813970325,1.0,0.9632821866635215,0.955902640745609
wine,14,pre_mass_off,pre,mass,off,3.7247718091538196,0.9730701754385965,0.8888888888888888,0.9701298813970325,1.0,0.9632821866635215,0.955902640745609
wine,15,post_none_off,post,none,off,2.0388981852858974,0.9081286549707602,0.7368421052631579,0.9737681728829759,0.95,0.9615495500601877,0.9480417178210968
wine,15,post_footprint_off,post,footprint,off,3.442487388126043,0.9730701754385965,0.9444444444444444,0.9737681728829759,0.95,0.9615495500601877,0.9480417178210968
wine,15,post_footprint_on,post,footprint,on,3.4245739934051125,0.9240716374269006,0.7777777777777778,0.9737681728829759,0.95,0.9615495500601877,0.9480417178210968
wine,15,pre_none_off,pre,none,off,3.1072281110144537,0.9630701754385965,0.85,0.9737681728829759,0.95,0.9615495500601877,0.9480417178210968
wine,15,pre_footprint_off,pre,footprint,off,3.4856591711983786,0.9730701754385965,0.9444444444444444,0.9737681728829759,0.95,0.9615495500601877,0.9480417178210968
wine,15,pre_mass_off,pre,mass,off,3.4116908796138152,0.9730701754385965,0.9444444444444444,0.9737681728829759,0.95,0.9615495500601877,0.9480417178210968
wine,16,post_none_off,post,none,off,2.365154154744908,0.9508479532163742,0.8333333333333334,0.9817281506940336,0.8,0.9756553102860683,0.8662614676806812
wine,16,post_footprint_off,post,footprint,off,3.590550782795004,0.9783333333333333,0.9444444444444444,0.9817281506940336,0.8,0.9756553102860683,0.8662614676806812
wine,16,post_footprint_on,post,footprint,on,3.4486288111886134,0.9347316821465428,0.7894736842105263,0.9817281506940336,0.8,0.9756553102860683,0.8662614676806812
wine,16,pre_none_off,pre,none,off,3.301416763760169,0.9672222222222222,0.8333333333333334,0.9817281506940336,0.8,0.9756553102860683,0.8662614676806812
wine,16,pre_footprint_off,pre,footprint,off,3.701403806160821,0.9783333333333333,0.9444444444444444,0.9817281506940336,0.8,0.9756553102860683,0.8662614676806812
wine,16,pre_mass_off,pre,mass,off,3.7016184744926592,0.9783333333333333,0.9444444444444444,0.9817281506940336,0.8,0.9756553102860683,0.8662614676806812
wine,17,post_none_off,post,none,off,1.4846114366315788,0.928888888888889,0.8333333333333334,0.9808707706589456,0.95,0.9742989149841191,0.9546715857476067
wine,17,post_footprint_off,post,footprint,off,3.3133845187724136,0.9552287581699346,0.8333333333333334,0.9808707706589456,0.95,0.9742989149841191,0.9546715857476067
wine,17,post_footprint_on,post,footprint,on,3.249585599086709,0.9217565359477125,0.7777777777777778,0.9808707706589456,0.95,0.9742989149841191,0.9546715857476067
wine,17,pre_none_off,pre,none,off,3.064141274357383,0.9663398692810456,0.8888888888888888,0.9808707706589456,0.95,0.9742989149841191,0.9546715857476067
wine,17,pre_footprint_off,pre,footprint,off,3.344225336589267,0.9552287581699346,0.8333333333333334,0.9808707706589456,0.95,0.9742989149841191,0.9546715857476067
wine,17,pre_mass_off,pre,mass,off,3.3484018206788946,0.9552287581699346,0.8333333333333334,0.9808707706589456,0.95,0.9742989149841191,0.9546715857476067
wine,18,post_none_off,post,none,off,2.050260461612618,0.9397368421052631,0.8333333333333334,0.9861379151902712,0.95,0.976093310692034,0.96612202071784
wine,18,post_footprint_off,post,footprint,off,3.617540558422269,0.9736257309941522,0.9,0.9861379151902712,0.95,0.976093310692034,0.96612202071784
wine,18,post_footprint_on,post,footprint,on,2.6415763081169783,0.92062564499484,0.8125,0.9861379151902712,0.95,0.976093310692034,0.96612202071784
wine,18,pre_none_off,pre,none,off,3.254502036782062,0.9678070175438597,0.8947368421052632,0.9861379151902712,0.95,0.976093310692034,0.96612202071784
wine,18,pre_footprint_off,pre,footprint,off,3.7069402233016975,0.9736257309941522,0.9,0.9861379151902712,0.95,0.976093310692034,0.96612202071784
wine,18,pre_mass_off,pre,mass,off,3.638500283014988,0.9736257309941522,0.9,0.9861379151902712,0.95,0.976093310692034,0.96612202071784
wine,19,post_none_off,post,none,off,2.061894224937693,0.8965862573099417,0.7894736842105263,0.9851580346655249,0.95,0.9760051871466157,0.9368073819173596
wine,19,post_footprint_off,post,footprint,off,3.5875868525687324,0.9615570175438597,0.8888888888888888,0.9851580346655249,0.95,0.9760051871466157,0.9368073819173596
wine,19,post_footprint_on,post,footprint,on,3.5958212880247133,0.9461403508771931,0.8888888888888888,0.9851580346655249,0.95,0.9760051871466157,0.9368073819173596
wine,19,pre_none_off,pre,none,off,3.139778271028656,0.9512938596491228,0.8421052631578947,0.9851580346655249,0.95,0.9760051871466157,0.9368073819173596
wine,19,pre_footprint_off,pre,footprint,off,3.680472335188113,0.9615570175438597,0.8888888888888888,0.9851580346655249,0.95,0.9760051871466157,0.9368073819173596
wine,19,pre_mass_off,pre,mass,off,3.6077989560490766,0.9615570175438597,0.8888888888888888,0.9851580346655249,0.95,0.9760051871466157,0.9368073819173596
