dataset,seed,cell,mass_point,gate,personalize,min_dist,mean_acc,worst_acc,pearson_end,spearman_end,pearson_all,spearman_all
cluster_skew_hard,0,post_none_off,post,none,off,3.317190192758482,0.8803030303030303,0.55,0.9998999527881073,0.9847080484106439,0.993929108118203,0.9753390421472066
cluster_skew_hard,0,post_none_on,post,none,on,0.2423995735251319,0.5583333333333333,0.44545454545454544,0.9998999527881073,0.9847080484106439,0.993929108118203,0.9753390421472066
cluster_skew_hard,0,post_footprint_off,post,footprint,off,7.430470758809825,1.0,1.0,0.9998999527881073,0.9847080484106439,0.993929108118203,0.9753390421472066
cluster_skew_hard,0,post_footprint_on,post,footprint,on,7.722624940195822,1.0,1.0,0.9998999527881073,0.9847080484106439,0.993929108118203,0.9753390421472066
cluster_skew_hard,0,post_mass_off,post,mass,off,7.434653279879148,1.0,1.0,0.9998999527881073,0.9847080484106439,0.993929108118203,0.9753390421472066
cluster_skew_hard,0,post_mass_on,post,mass,on,7.723075336369708,1.0,1.0,0.9998999527881073,0.9847080484106439,0.993929108118203,0.9753390421472066
cluster_skew_hard,0,pre_none_off,pre,none,off,1.2553889170664363,0.8598484848484849,0.6454545454545455,0.9998999527881073,0.9847080484106439,0.993929108118203,0.9753390421472066
cluster_skew_hard,0,pre_none_on,pre,none,on,0.8445809510549293,0.5731060606060606,0.45454545454545453,0.9998999527881073,0.9847080484106439,0.993929108118203,0.9753390421472066
cluster_skew_hard,0,pre_footprint_off,pre,footprint,off,1.099125388506385,0.834090909090909,0.5409090909090909,0.9998999527881073,0.9847080484106439,0.993929108118203,0.9753390421472066
cluster_skew_hard,0,pre_footprint_on,pre,footprint,on,0.9377137424062464,0.8238636363636364,0.5227272727272727,0.9998999527881073,0.9847080484106439,0.993929108118203,0.9753390421472066
cluster_skew_hard,0,pre_mass_off,pre,mass,off,1.0897050881803945,0.7662878787878787,0.5227272727272727,0.9998999527881073,0.9847080484106439,0.993929108118203,0.9753390421472066
cluster_skew_hard,0,pre_mass_on,pre,mass,on,0.9138489642330847,0.8708333333333332,0.5227272727272727,0.9998999527881073,0.9847080484106439,0.993929108118203,0.9753390421472066
cluster_skew_hard,1,post_none_off,post,none,off,2.1676024079366605,0.943560606060606,0.7909090909090909,0.9998667583651741,1.0,0.9998305242216442,0.9961407932675295
cluster_skew_hard,1,post_none_on,post,none,on,1.6983598564165758,0.556060606060606,0.44545454545454544,0.9998667583651741,1.0,0.9998305242216442,0.9961407932675295
cluster_skew_hard,1,post_footprint_off,post,footprint,off,7.959432085447524,1.0,1.0,0.9998667583651741,1.0,0.9998305242216442,0.9961407932675295
cluster_skew_hard,1,post_footprint_on,post,footprint,on,7.791543598695051,1.0,1.0,0.9998667583651741,1.0,0.9998305242216442,0.9961407932675295
cluster_skew_hard,1,post_mass_off,post,mass,off,7.959908088156788,1.0,1.0,0.9998667583651741,1.0,0.9998305242216442,0.9961407932675295
cluster_skew_hard,1,post_mass_on,post,mass,on,7.791644034781241,1.0,1.0,0.9998667583651741,1.0,0.9998305242216442,0.9961407932675295
cluster_skew_hard,1,pre_none_off,pre,none,off,8.271428792308363,1.0,1.0,0.9998667583651741,1.0,0.9998305242216442,0.9961407932675295
cluster_skew_hard,1,pre_none_on,pre,none,on,8.22553645513097,0.6060606060606061,0.4818181818181818,0.9998667583651741,1.0,0.9998305242216442,0.9961407932675295
cluster_skew_hard,1,pre_footprint_off,pre,footprint,off,8.335636062189208,1.0,1.0,0.9998667583651741,1.0,0.9998305242216442,0.9961407932675295
cluster_skew_hard,1,pre_footprint_on,pre,footprint,on,8.3271346537503,1.0,1.0,0.9998667583651741,1.0,0.9998305242216442,0.9961407932675295
cluster_skew_hard,1,pre_mass_off,pre,mass,off,8.335727845491439,1.0,1.0,0.9998667583651741,1.0,0.9998305242216442,0.9961407932675295
cluster_skew_hard,1,pre_mass_on,pre,mass,on,8.327062494891747,1.0,1.0,0.9998667583651741,1.0,0.9998305242216442,0.9961407932675295
cluster_skew_hard,2,post_none_off,post,none,off,0.9492492825061677,0.8481060606060606,0.5818181818181818,0.9998500187463888,1.0,0.9984577212877659,0.9919887905881599
cluster_skew_hard,2,post_none_on,post,none,on,0.8242216793964318,0.5821969696969698,0.4727272727272727,0.9998500187463888,1.0,0.9984577212877659,0.9919887905881599
cluster_skew_hard,2,post_footprint_off,post,footprint,off,7.75290415766975,1.0,1.0,0.9998500187463888,1.0,0.9984577212877659,0.9919887905881599
cluster_skew_hard,2,post_footprint_on,post,footprint,on,7.735544454317559,1.0,1.0,0.9998500187463888,1.0,0.9984577212877659,0.9919887905881599
cluster_skew_hard,2,post_mass_off,post,mass,off,7.756898000976586,1.0,1.0,0.9998500187463888,1.0,0.9984577212877659,0.9919887905881599
cluster_skew_hard,2,post_mass_on,post,mass,on,7.750729159308915,1.0,1.0,0.9998500187463888,1.0,0.9984577212877659,0.9919887905881599
cluster_skew_hard,2,pre_none_off,pre,none,off,8.425007877380255,1.0,1.0,0.9998500187463888,1.0,0.9984577212877659,0.9919887905881599
cluster_skew_hard,2,pre_none_on,pre,none,on,7.722535499826063,0.5912878787878789,0.5227272727272727,0.9998500187463888,1.0,0.9984577212877659,0.9919887905881599
cluster_skew_hard,2,pre_footprint_off,pre,footprint,off,8.522541368756176,1.0,1.0,0.9998500187463888,1.0,0.9984577212877659,0.9919887905881599
cluster_skew_hard,2,pre_footprint_on,pre,footprint,on,8.513229874794494,1.0,1.0,0.9998500187463888,1.0,0.9984577212877659,0.9919887905881599
cluster_skew_hard,2,pre_mass_off,pre,mass,off,8.522988624590235,1.0,1.0,0.9998500187463888,1.0,0.9984577212877659,0.9919887905881599
cluster_skew_hard,2,pre_mass_on,pre,mass,on,8.513726841487289,1.0,1.0,0.9998500187463888,1.0,0.9984577212877659,0.9919887905881599
cluster_skew_hard,3,post_none_off,post,none,off,2.640105315919794,0.9242424242424243,0.6954545454545454,0.9999327600400042,1.0,0.99245783923815,0.9943952151004197
cluster_skew_hard,3,post_none_on,post,none,on,1.8582886524685664,0.5662878787878788,0.43636363636363634,0.9999327600400042,1.0,0.99245783923815,0.9943952151004197
cluster_skew_hard,3,post_footprint_off,post,footprint,off,6.895473147951901,1.0,1.0,0.9999327600400042,1.0,0.99245783923815,0.9943952151004197
cluster_skew_hard,3,post_footprint_on,post,footprint,on,7.60961033141428,1.0,1.0,0.9999327600400042,1.0,0.99245783923815,0.9943952151004197
cluster_skew_hard,3,post_mass_off,post,mass,off,6.919170337367739,1.0,1.0,0.9999327600400042,1.0,0.99245783923815,0.9943952151004197
cluster_skew_hard,3,post_mass_on,post,mass,on,7.609431885604007,1.0,1.0,0.9999327600400042,1.0,0.99245783923815,0.9943952151004197
cluster_skew_hard,3,pre_none_off,pre,none,off,8.28409304564487,1.0,1.0,0.9999327600400042,1.0,0.99245783923815,0.9943952151004197
cluster_skew_hard,3,pre_none_on,pre,none,on,8.090927190582471,0.5920454545454545,0.4954545454545455,0.9999327600400042,1.0,0.99245783923815,0.9943952151004197
cluster_skew_hard,3,pre_footprint_off,pre,footprint,off,8.329743383245837,1.0,1.0,0.9999327600400042,1.0,0.99245783923815,0.9943952151004197
cluster_skew_hard,3,pre_footprint_on,pre,footprint,on,8.337961738087229,1.0,1.0,0.9999327600400042,1.0,0.99245783923815,0.9943952151004197
cluster_skew_hard,3,pre_mass_off,pre,mass,off,8.329774064475995,1.0,1.0,0.9999327600400042,1.0,0.99245783923815,0.9943952151004197
cluster_skew_hard,3,pre_mass_on,pre,mass,on,8.337841520733335,1.0,1.0,0.9999327600400042,1.0,0.99245783923815,0.9943952151004197
cluster_skew_hard,4,post_none_off,post,none,off,1.4801143980613187,0.9219696969696969,0.8363636363636363,0.9998956045620454,1.0,0.995978972689012,0.9880709019873791
cluster_skew_hard,4,post_none_on,post,none,on,0.899868998093189,0.5738636363636364,0.4590909090909091,0.9998956045620454,1.0,0.995978972689012,0.9880709019873791
cluster_skew_hard,4,post_footprint_off,post,footprint,off,7.204712678021693,1.0,1.0,0.9998956045620454,1.0,0.995978972689012,0.9880709019873791
cluster_skew_hard,4,post_footprint_on,post,footprint,on,7.375368440719124,1.0,1.0,0.9998956045620454,1.0,0.995978972689012,0.9880709019873791
cluster_skew_hard,4,post_mass_off,post,mass,off,7.218193910706009,1.0,1.0,0.9998956045620454,1.0,0.995978972689012,0.9880709019873791
cluster_skew_hard,4,post_mass_on,post,mass,on,7.375311676167662,1.0,1.0,0.9998956045620454,1.0,0.995978972689012,0.9880709019873791
cluster_skew_hard,4,pre_none_off,pre,none,off,8.318550519136185,1.0,1.0,0.9998956045620454,1.0,0.995978972689012,0.9880709019873791
cluster_skew_hard,4,pre_none_on,pre,none,on,6.918277726865799,0.6151515151515152,0.5,0.9998956045620454,1.0,0.995978972689012,0.9880709019873791
cluster_skew_hard,4,pre_footprint_off,pre,footprint,off,8.39458078847536,1.0,1.0,0.9998956045620454,1.0,0.995978972689012,0.9880709019873791
cluster_skew_hard,4,pre_footprint_on,pre,footprint,on,1.1340435172004966,0.8337121212121211,0.509090909090909,0.9998956045620454,1.0,0.995978972689012,0.9880709019873791
cluster_skew_hard,4,pre_mass_off,pre,mass,off,8.394994473224056,1.0,1.0,0.9998956045620454,1.0,0.995978972689012,0.9880709019873791
cluster_skew_hard,4,pre_mass_on,pre,mass,on,1.1943523861885332,0.8382575757575755,0.5272727272727272,0.9998956045620454,1.0,0.995978972689012,0.9880709019873791
cluster_skew_hard,5,post_none_off,post,none,off,1.7160358575259196,0.981439393939394,0.8818181818181818,0.999980805235649,1.0,0.9967969777134067,0.9955120010617846
cluster_skew_hard,5,post_none_on,post,none,on,0.7040718859187306,0.5848484848484848,0.4681818181818182,0.999980805235649,1.0,0.9967969777134067,0.9955120010617846
cluster_skew_hard,5,post_footprint_off,post,footprint,off,7.958270932785039,1.0,1.0,0.999980805235649,1.0,0.9967969777134067,0.9955120010617846
cluster_skew_hard,5,post_footprint_on,post,footprint,on,7.77477824983806,1.0,1.0,0.999980805235649,1.0,0.9967969777134067,0.9955120010617846
cluster_skew_hard,5,post_mass_off,post,mass,off,7.959327532628309,1.0,1.0,0.999980805235649,1.0,0.9967969777134067,0.9955120010617846
cluster_skew_hard,5,post_mass_on,post,mass,on,7.774977208005241,1.0,1.0,0.999980805235649,1.0,0.9967969777134067,0.9955120010617846
cluster_skew_hard,5,pre_none_off,pre,none,off,8.388374923322075,1.0,1.0,0.999980805235649,1.0,0.9967969777134067,0.9955120010617846
cluster_skew_hard,5,pre_none_on,pre,none,on,7.52364201061486,0.656060606060606,0.5454545454545454,0.999980805235649,1.0,0.9967969777134067,0.9955120010617846
cluster_skew_hard,5,pre_footprint_off,pre,footprint,off,8.493778560505753,1.0,1.0,0.999980805235649,1.0,0.9967969777134067,0.9955120010617846
cluster_skew_hard,5,pre_footprint_on,pre,footprint,on,8.472705183471833,1.0,1.0,0.999980805235649,1.0,0.9967969777134067,0.9955120010617846
cluster_skew_hard,5,pre_mass_off,pre,mass,off,8.49421340625806,1.0,1.0,0.999980805235649,1.0,0.9967969777134067,0.9955120010617846
cluster_skew_hard,5,pre_mass_on,pre,mass,on,8.473257293980277,1.0,1.0,0.999980805235649,1.0,0.9967969777134067,0.9955120010617846
cluster_skew_hard,6,post_none_off,post,none,off,1.0450165124869701,0.878787878787879,0.7454545454545455,0.9999133482314805,1.0,0.9921726434702095,0.9905317275566229
cluster_skew_hard,6,post_none_on,post,none,on,0.7129618407158596,0.5772727272727273,0.4818181818181818,0.9999133482314805,1.0,0.9921726434702095,0.9905317275566229
cluster_skew_hard,6,post_footprint_off,post,footprint,off,7.1436242815541675,1.0,1.0,0.9999133482314805,1.0,0.9921726434702095,0.9905317275566229
cluster_skew_hard,6,post_footprint_on,post,footprint,on,7.71305039913401,1.0,1.0,0.9999133482314805,1.0,0.9921726434702095,0.9905317275566229
cluster_skew_hard,6,post_mass_off,post,mass,off,7.153955087397072,1.0,1.0,0.9999133482314805,1.0,0.9921726434702095,0.9905317275566229
cluster_skew_hard,6,post_mass_on,post,mass,on,7.713942904353601,1.0,1.0,0.9999133482314805,1.0,0.9921726434702095,0.9905317275566229
cluster_skew_hard,6,pre_none_off,pre,none,off,8.360753420009381,1.0,1.0,0.9999133482314805,1.0,0.9921726434702095,0.9905317275566229
cluster_skew_hard,6,pre_none_on,pre,none,on,8.115032907078136,0.6431818181818181,0.6045454545454545,0.9999133482314805,1.0,0.9921726434702095,0.9905317275566229
cluster_skew_hard,6,pre_footprint_off,pre,footprint,off,8.472114071107157,1.0,1.0,0.9999133482314805,1.0,0.9921726434702095,0.9905317275566229
cluster_skew_hard,6,pre_footprint_on,pre,footprint,on,8.441390532244125,1.0,1.0,0.9999133482314805,1.0,0.9921726434702095,0.9905317275566229
cluster_skew_hard,6,pre_mass_off,pre,mass,off,8.472569748366258,1.0,1.0,0.9999133482314805,1.0,0.9921726434702095,0.9905317275566229
cluster_skew_hard,6,pre_mass_on,pre,mass,on,8.441551007881875,1.0,1.0,0.9999133482314805,1.0,0.9921726434702095,0.9905317275566229
cluster_skew_hard,7,post_none_off,post,none,off,2.280001053597206,0.8204545454545454,0.6,0.9999472037821705,1.0,0.9941726302624523,0.9957986205235921
cluster_skew_hard,7,post_none_on,post,none,on,1.0538319980208064,0.5678030303030303,0.4590909090909091,0.9999472037821705,1.0,0.9941726302624523,0.9957986205235921
cluster_skew_hard,7,post_footprint_off,post,footprint,off,8.034453926026362,1.0,1.0,0.9999472037821705,1.0,0.9941726302624523,0.9957986205235921
cluster_skew_hard,7,post_footprint_on,post,footprint,on,7.8478032289880915,1.0,1.0,0.9999472037821705,1.0,0.9941726302624523,0.9957986205235921
cluster_skew_hard,7,post_mass_off,post,mass,off,8.035398584832457,1.0,1.0,0.9999472037821705,1.0,0.9941726302624523,0.9957986205235921
cluster_skew_hard,7,post_mass_on,post,mass,on,7.854132463982872,1.0,1.0,0.9999472037821705,1.0,0.9941726302624523,0.9957986205235921
cluster_skew_hard,7,pre_none_off,pre,none,off,8.267785188079129,1.0,1.0,0.9999472037821705,1.0,0.9941726302624523,0.9957986205235921
cluster_skew_hard,7,pre_none_on,pre,none,on,7.519488014923796,0.631060606060606,0.5045454545454545,0.9999472037821705,1.0,0.9941726302624523,0.9957986205235921
cluster_skew_hard,7,pre_footprint_off,pre,footprint,off,8.381594722807987,1.0,1.0,0.9999472037821705,1.0,0.9941726302624523,0.9957986205235921
cluster_skew_hard,7,pre_footprint_on,pre,footprint,on,8.232279545330996,1.0,1.0,0.9999472037821705,1.0,0.9941726302624523,0.9957986205235921
cluster_skew_hard,7,pre_mass_off,pre,mass,off,8.382494079135707,1.0,1.0,0.9999472037821705,1.0,0.9941726302624523,0.9957986205235921
cluster_skew_hard,7,pre_mass_on,pre,mass,on,8.233605100336273,1.0,1.0,0.9999472037821705,1.0,0.9941726302624523,0.9957986205235921
cluster_skew_hard,8,post_none_off,post,none,off,2.4992486962527134,0.9253787878787878,0.7,0.9998979414318697,0.9847080484106439,0.9930136324929625,0.9614185455100124
cluster_skew_hard,8,post_none_on,post,none,on,1.5086940938525177,0.5481060606060607,0.4727272727272727,0.9998979414318697,0.9847080484106439,0.9930136324929625,0.9614185455100124
cluster_skew_hard,8,post_footprint_off,post,footprint,off,6.731373806254421,1.0,1.0,0.9998979414318697,0.9847080484106439,0.9930136324929625,0.9614185455100124
cluster_skew_hard,8,post_footprint_on,post,footprint,on,7.435066075890196,1.0,1.0,0.9998979414318697,0.9847080484106439,0.9930136324929625,0.9614185455100124
cluster_skew_hard,8,post_mass_off,post,mass,off,6.7102201976911555,1.0,1.0,0.9998979414318697,0.9847080484106439,0.9930136324929625,0.9614185455100124
cluster_skew_hard,8,post_mass_on,post,mass,on,7.435421847700434,1.0,1.0,0.9998979414318697,0.9847080484106439,0.9930136324929625,0.9614185455100124
cluster_skew_hard,8,pre_none_off,pre,none,off,8.26268009876131,1.0,1.0,0.9998979414318697,0.9847080484106439,0.9930136324929625,0.9614185455100124
cluster_skew_hard,8,pre_none_on,pre,none,on,1.4973565730953433,0.559469696969697,0.4681818181818182,0.9998979414318697,0.9847080484106439,0.9930136324929625,0.9614185455100124
cluster_skew_hard,8,pre_footprint_off,pre,footprint,off,8.328925717834368,1.0,1.0,0.9998979414318697,0.9847080484106439,0.9930136324929625,0.9614185455100124
cluster_skew_hard,8,pre_footprint_on,pre,footprint,on,0.7292663210048924,0.8659090909090909,0.5636363636363636,0.9998979414318697,0.9847080484106439,0.9930136324929625,0.9614185455100124
cluster_skew_hard,8,pre_mass_off,pre,mass,off,1.1189764539811162,0.8772727272727273,0.5636363636363636,0.9998979414318697,0.9847080484106439,0.9930136324929625,0.9614185455100124
cluster_skew_hard,8,pre_mass_on,pre,mass,on,8.321425061250144,1.0,1.0,0.9998979414318697,0.9847080484106439,0.9930136324929625,0.9614185455100124
cluster_skew_hard,9,post_none_off,post,none,off,2.618111708936693,0.934469696969697,0.740909090909091,0.999937503512247,1.0,0.9999205620381583,0.998686090842732
cluster_skew_hard,9,post_none_on,post,none,on,2.5506311346513226,0.5393939393939394,0.45,0.999937503512247,1.0,0.9999205620381583,0.998686090842732
cluster_skew_hard,9,post_footprint_off,post,footprint,off,8.03266856941013,1.0,1.0,0.999937503512247,1.0,0.9999205620381583,0.998686090842732
cluster_skew_hard,9,post_footprint_on,post,footprint,on,7.887325095449776,1.0,1.0,0.999937503512247,1.0,0.9999205620381583,0.998686090842732
cluster_skew_hard,9,post_mass_off,post,mass,off,8.035223946255067,1.0,1.0,0.999937503512247,1.0,0.9999205620381583,0.998686090842732
cluster_skew_hard,9,post_mass_on,post,mass,on,7.888352175538202,1.0,1.0,0.999937503512247,1.0,0.9999205620381583,0.998686090842732
cluster_skew_hard,9,pre_none_off,pre,none,off,8.266094463029788,1.0,1.0,0.999937503512247,1.0,0.9999205620381583,0.998686090842732
cluster_skew_hard,9,pre_none_on,pre,none,on,8.330223165450109,0.5662878787878788,0.4954545454545455,0.999937503512247,1.0,0.9999205620381583,0.998686090842732
cluster_skew_hard,9,pre_footprint_off,pre,footprint,off,8.367610040789367,1.0,1.0,0.999937503512247,1.0,0.9999205620381583,0.998686090842732
cluster_skew_hard,9,pre_footprint_on,pre,footprint,on,8.379550985177847,1.0,1.0,0.999937503512247,1.0,0.9999205620381583,0.998686090842732
cluster_skew_hard,9,pre_mass_off,pre,mass,off,8.367959000654446,1.0,1.0,0.999937503512247,1.0,0.9999205620381583,0.998686090842732
cluster_skew_hard,9,pre_mass_on,pre,mass,on,8.37967960393413,1.0,1.0,0.999937503512247,1.0,0.9999205620381583,0.998686090842732
cluster_skew_overlap,0,post_none_off,post,none,off,1.9837935868017225,0.7625000000000001,0.6409090909090909,0.9997067604191666,0.9428219314190628,0.9990583030531462,0.9790975813107077
cluster_skew_overlap,0,post_none_on,post,none,on,1.633617752539527,0.4117424242424242,0.33636363636363636,0.9997067604191666,0.9428219314190628,0.9990583030531462,0.9790975813107077
cluster_skew_overlap,0,post_footprint_off,post,footprint,off,4.6676407761191445,0.8632575757575759,0.8,0.9997067604191666,0.9428219314190628,0.9990583030531462,0.9790975813107077
cluster_skew_overlap,0,post_footprint_on,post,footprint,on,4.674608245407199,0.8132575757575758,0.7136363636363636,0.9997067604191666,0.9428219314190628,0.9990583030531462,0.9790975813107077
cluster_skew_overlap,0,post_mass_off,post,mass,off,4.642535277276845,0.8617424242424242,0.8045454545454546,0.9997067604191666,0.9428219314190628,0.9990583030531462,0.9790975813107077
cluster_skew_overlap,0,post_mass_on,post,mass,on,4.651934033149388,0.8090909090909091,0.7272727272727273,0.9997067604191666,0.9428219314190628,0.9990583030531462,0.9790975813107077
cluster_skew_overlap,0,pre_none_off,pre,none,off,4.479247631383477,0.8613636363636367,0.8045454545454546,0.9997067604191666,0.9428219314190628,0.9990583030531462,0.9790975813107077
cluster_skew_overlap,0,pre_none_on,pre,none,on,4.407834745019839,0.41363636363636375,0.32727272727272727,0.9997067604191666,0.9428219314190628,0.9990583030531462,0.9790975813107077
cluster_skew_overlap,0,pre_footprint_off,pre,footprint,off,5.113283045055968,0.8666666666666667,0.7954545454545454,0.9997067604191666,0.9428219314190628,0.9990583030531462,0.9790975813107077
cluster_skew_overlap,0,pre_footprint_on,pre,footprint,on,5.187470329440375,0.8329545454545455,0.75,0.9997067604191666,0.9428219314190628,0.9990583030531462,0.9790975813107077
cluster_skew_overlap,0,pre_mass_off,pre,mass,off,5.10750129016679,0.8662878787878788,0.7954545454545454,0.9997067604191666,0.9428219314190628,0.9990583030531462,0.9790975813107077
cluster_skew_overlap,0,pre_mass_on,pre,mass,on,5.181500582251464,0.8303030303030304,0.75,0.9997067604191666,0.9428219314190628,0.9990583030531462,0.9790975813107077
cluster_skew_overlap,1,post_none_off,post,none,off,2.2720147987858827,0.7848484848484848,0.6227272727272727,0.9998193998055287,0.9914472163417524,0.9995576564306752,0.986487546249509
cluster_skew_overlap,1,post_none_on,post,none,on,1.5661745823850484,0.41818181818181815,0.36363636363636365,0.9998193998055287,0.9914472163417524,0.9995576564306752,0.986487546249509
cluster_skew_overlap,1,post_footprint_off,post,footprint,off,4.607115391879358,0.8624999999999998,0.8136363636363636,0.9998193998055287,0.9914472163417524,0.9995576564306752,0.986487546249509
cluster_skew_overlap,1,post_footprint_on,post,footprint,on,4.6638188403161225,0.8170454545454545,0.7681818181818182,0.9998193998055287,0.9914472163417524,0.9995576564306752,0.986487546249509
cluster_skew_overlap,1,post_mass_off,post,mass,off,4.59590528198308,0.8628787878787879,0.8136363636363636,0.9998193998055287,0.9914472163417524,0.9995576564306752,0.986487546249509
cluster_skew_overlap,1,post_mass_on,post,mass,on,4.655202506562343,0.8151515151515151,0.7636363636363637,0.9998193998055287,0.9914472163417524,0.9995576564306752,0.986487546249509
cluster_skew_overlap,1,pre_none_off,pre,none,off,4.481733015965655,0.8636363636363636,0.8181818181818182,0.9998193998055287,0.9914472163417524,0.9995576564306752,0.986487546249509
cluster_skew_overlap,1,pre_none_on,pre,none,on,4.267590314550614,0.415530303030303,0.36363636363636365,0.9998193998055287,0.9914472163417524,0.9995576564306752,0.986487546249509
cluster_skew_overlap,1,pre_footprint_off,pre,footprint,off,5.00552494812,0.8651515151515152,0.8272727272727273,0.9998193998055287,0.9914472163417524,0.9995576564306752,0.986487546249509
cluster_skew_overlap,1,pre_footprint_on,pre,footprint,on,5.046362553809039,0.8371212121212123,0.7818181818181819,0.9998193998055287,0.9914472163417524,0.9995576564306752,0.986487546249509
cluster_skew_overlap,1,pre_mass_off,pre,mass,off,5.001741268967033,0.8655303030303032,0.8272727272727273,0.9998193998055287,0.9914472163417524,0.9995576564306752,0.986487546249509
cluster_skew_overlap,1,pre_mass_on,pre,mass,on,5.046106879041213,0.8359848484848486,0.7818181818181819,0.9998193998055287,0.9914472163417524,0.9995576564306752,0.986487546249509
cluster_skew_overlap,2,post_none_off,post,none,off,1.917068760819116,0.6287878787878788,0.4863636363636364,0.9997400767590835,0.9247805496750856,0.9993258961634992,0.9866754122723611
cluster_skew_overlap,2,post_none_on,post,none,on,1.1550628214022371,0.3924242424242425,0.33181818181818185,0.9997400767590835,0.9247805496750856,0.9993258961634992,0.9866754122723611
cluster_skew_overlap,2,post_footprint_off,post,footprint,off,4.604904123220422,0.859090909090909,0.8045454545454546,0.9997400767590835,0.9247805496750856,0.9993258961634992,0.9866754122723611
cluster_skew_overlap,2,post_footprint_on,post,footprint,on,4.698508832887077,0.8098484848484849,0.7272727272727273,0.9997400767590835,0.9247805496750856,0.9993258961634992,0.9866754122723611
cluster_skew_overlap,2,post_mass_off,post,mass,off,4.617573076598573,0.8602272727272728,0.8090909090909091,0.9997400767590835,0.9247805496750856,0.9993258961634992,0.9866754122723611
cluster_skew_overlap,2,post_mass_on,post,mass,on,4.7051693134151495,0.8087121212121212,0.7,0.9997400767590835,0.9247805496750856,0.9993258961634992,0.9866754122723611
cluster_skew_overlap,2,pre_none_off,pre,none,off,4.574981075239424,0.8587121212121213,0.8,0.9997400767590835,0.9247805496750856,0.9993258961634992,0.9866754122723611
cluster_skew_overlap,2,pre_none_on,pre,none,on,4.714230232776498,0.3950757575757576,0.35,0.9997400767590835,0.9247805496750856,0.9993258961634992,0.9866754122723611
cluster_skew_overlap,2,pre_footprint_off,pre,footprint,off,5.346231099756068,0.8583333333333333,0.7954545454545454,0.9997400767590835,0.9247805496750856,0.9993258961634992,0.9866754122723611
cluster_skew_overlap,2,pre_footprint_on,pre,footprint,on,5.388689112084068,0.8329545454545456,0.7545454545454545,0.9997400767590835,0.9247805496750856,0.9993258961634992,0.9866754122723611
cluster_skew_overlap,2,pre_mass_off,pre,mass,off,5.343778049432404,0.8579545454545454,0.7954545454545454,0.9997400767590835,0.9247805496750856,0.9993258961634992,0.9866754122723611
cluster_skew_overlap,2,pre_mass_on,pre,mass,on,5.387522480849319,0.831439393939394,0.740909090909091,0.9997400767590835,0.9247805496750856,0.9993258961634992,0.9866754122723611
cluster_skew_overlap,3,post_none_off,post,none,off,1.5963186409932881,0.7227272727272728,0.5545454545454546,0.9996770041881023,0.9538374911792951,0.9990673156785123,0.9801299602014583
cluster_skew_overlap,3,post_none_on,post,none,on,0.46623277244899397,0.3943181818181818,0.33636363636363636,0.9996770041881023,0.9538374911792951,0.9990673156785123,0.9801299602014583
cluster_skew_overlap,3,post_footprint_off,post,footprint,off,4.966283572042342,0.8458333333333332,0.8045454545454546,0.9996770041881023,0.9538374911792951,0.9990673156785123,0.9801299602014583
cluster_skew_overlap,3,post_footprint_on,post,footprint,on,5.001219107493859,0.8018939393939396,0.759090909090909,0.9996770041881023,0.9538374911792951,0.9990673156785123,0.9801299602014583
cluster_skew_overlap,3,post_mass_off,post,mass,off,4.946206018749834,0.8465909090909091,0.8045454545454546,0.9996770041881023,0.9538374911792951,0.9990673156785123,0.9801299602014583
cluster_skew_overlap,3,post_mass_on,post,mass,on,4.979868385596657,0.7988636363636363,0.7636363636363637,0.9996770041881023,0.9538374911792951,0.9990673156785123,0.9801299602014583
cluster_skew_overlap,3,pre_none_off,pre,none,off,4.832027424674184,0.8458333333333333,0.8090909090909091,0.9996770041881023,0.9538374911792951,0.9990673156785123,0.9801299602014583
cluster_skew_overlap,3,pre_none_on,pre,none,on,4.180796985463759,0.403409090909091,0.37272727272727274,0.9996770041881023,0.9538374911792951,0.9990673156785123,0.9801299602014583
cluster_skew_overlap,3,pre_footprint_off,pre,footprint,off,5.436058413020083,0.8473484848484848,0.8045454545454546,0.9996770041881023,0.9538374911792951,0.9990673156785123,0.9801299602014583
cluster_skew_overlap,3,pre_footprint_on,pre,footprint,on,5.434477172803078,0.8212121212121212,0.7681818181818182,0.9996770041881023,0.9538374911792951,0.9990673156785123,0.9801299602014583
cluster_skew_overlap,3,pre_mass_off,pre,mass,off,5.4308433216606,0.8469696969696968,0.8045454545454546,0.9996770041881023,0.9538374911792951,0.9990673156785123,0.9801299602014583
cluster_skew_overlap,3,pre_mass_on,pre,mass,on,5.431529119397326,0.8196969696969698,0.7681818181818182,0.9996770041881023,0.9538374911792951,0.9990673156785123,0.9801299602014583
cluster_skew_overlap,4,post_none_off,post,none,off,2.15271424432672,0.6731060606060607,0.5,0.9996529756707081,0.9495610993501713,0.9979281463102218,0.9808278960411658
cluster_skew_overlap,4,post_none_on,post,none,on,1.2312394512980016,0.41628787878787876,0.38636363636363635,0.9996529756707081,0.9495610993501713,0.9979281463102218,0.9808278960411658
cluster_skew_overlap,4,post_footprint_off,post,footprint,off,4.998390186882738,0.8602272727272727,0.7863636363636364,0.9996529756707081,0.9495610993501713,0.9979281463102218,0.9808278960411658
cluster_skew_overlap,4,post_footprint_on,post,footprint,on,4.3651626023773344,0.7579545454545454,0.6409090909090909,0.9996529756707081,0.9495610993501713,0.9979281463102218,0.9808278960411658
cluster_skew_overlap,4,post_mass_off,post,mass,off,4.895390264592717,0.859090909090909,0.7818181818181819,0.9996529756707081,0.9495610993501713,0.9979281463102218,0.9808278960411658
cluster_skew_overlap,4,post_mass_on,post,mass,on,4.911515532296573,0.8102272727272727,0.7181818181818181,0.9996529756707081,0.9495610993501713,0.9979281463102218,0.9808278960411658
cluster_skew_overlap,4,pre_none_off,pre,none,off,4.917196922206329,0.8606060606060607,0.8,0.9996529756707081,0.9495610993501713,0.9979281463102218,0.9808278960411658
cluster_skew_overlap,4,pre_none_on,pre,none,on,3.9442428434762835,0.4117424242424243,0.37272727272727274,0.9996529756707081,0.9495610993501713,0.9979281463102218,0.9808278960411658
cluster_skew_overlap,4,pre_footprint_off,pre,footprint,off,3.3124782719120653,0.7189393939393939,0.5045454545454545,0.9996529756707081,0.9495610993501713,0.9979281463102218,0.9808278960411658
cluster_skew_overlap,4,pre_footprint_on,pre,footprint,on,2.481016789473307,0.7431818181818182,0.5227272727272727,0.9996529756707081,0.9495610993501713,0.9979281463102218,0.9808278960411658
cluster_skew_overlap,4,pre_mass_off,pre,mass,off,5.540266239125439,0.8583333333333334,0.7863636363636364,0.9996529756707081,0.9495610993501713,0.9979281463102218,0.9808278960411658
cluster_skew_overlap,4,pre_mass_on,pre,mass,on,2.565940516625273,0.7340909090909092,0.5227272727272727,0.9996529756707081,0.9495610993501713,0.9979281463102218,0.9808278960411658
cluster_skew_overlap,5,post_none_off,post,none,off,2.1124740051988073,0.7678030303030304,0.5954545454545455,0.9995172350700127,0.9871708245126284,0.9990539818065461,0.9835132120735754
cluster_skew_overlap,5,post_none_on,post,none,on,0.20497607791904413,0.41325757575757577,0.36818181818181817,0.9995172350700127,0.9871708245126284,0.9990539818065461,0.9835132120735754
cluster_skew_overlap,5,post_footprint_off,post,footprint,off,4.399124441580091,0.8602272727272727,0.7454545454545455,0.9995172350700127,0.9871708245126284,0.9990539818065461,0.9835132120735754
cluster_skew_overlap,5,post_footprint_on,post,footprint,on,4.5156945658839795,0.8106060606060606,0.6454545454545455,0.9995172350700127,0.9871708245126284,0.9990539818065461,0.9835132120735754
cluster_skew_overlap,5,post_mass_off,post,mass,off,4.38628234958021,0.8587121212121213,0.7454545454545455,0.9995172350700127,0.9871708245126284,0.9990539818065461,0.9835132120735754
cluster_skew_overlap,5,post_mass_on,post,mass,on,4.505478986532123,0.8053030303030303,0.6545454545454545,0.9995172350700127,0.9871708245126284,0.9990539818065461,0.9835132120735754
cluster_skew_overlap,5,pre_none_off,pre,none,off,4.409211662323631,0.8575757575757578,0.7454545454545455,0.9995172350700127,0.9871708245126284,0.9990539818065461,0.9835132120735754
cluster_skew_overlap,5,pre_none_on,pre,none,on,3.6292039020120157,0.40037878787878783,0.36363636363636365,0.9995172350700127,0.9871708245126284,0.9990539818065461,0.9835132120735754
cluster_skew_overlap,5,pre_footprint_off,pre,footprint,off,5.08583625052525,0.859469696969697,0.75,0.9995172350700127,0.9871708245126284,0.9990539818065461,0.9835132120735754
cluster_skew_overlap,5,pre_footprint_on,pre,footprint,on,5.160287583145596,0.8352272727272726,0.6909090909090909,0.9995172350700127,0.9871708245126284,0.9990539818065461,0.9835132120735754
cluster_skew_overlap,5,pre_mass_off,pre,mass,off,5.082761108179908,0.859469696969697,0.75,0.9995172350700127,0.9871708245126284,0.9990539818065461,0.9835132120735754
cluster_skew_overlap,5,pre_mass_on,pre,mass,on,5.15754937395441,0.8295454545454546,0.6863636363636364,0.9995172350700127,0.9871708245126284,0.9990539818065461,0.9835132120735754
cluster_skew_overlap,6,post_none_off,post,none,off,1.6031407609165114,0.787878787878788,0.6636363636363637,0.9997418023348179,0.9705041578459618,0.9994625873724761,0.9835174918660037
cluster_skew_overlap,6,post_none_on,post,none,on,1.804472289863661,0.40378787878787875,0.35,0.9997418023348179,0.9705041578459618,0.9994625873724761,0.9835174918660037
cluster_skew_overlap,6,post_footprint_off,post,footprint,off,4.702918332731589,0.8734848484848486,0.8,0.9997418023348179,0.9705041578459618,0.9994625873724761,0.9835174918660037
cluster_skew_overlap,6,post_footprint_on,post,footprint,on,4.75516651796975,0.8234848484848486,0.7272727272727273,0.9997418023348179,0.9705041578459618,0.9994625873724761,0.9835174918660037
cluster_skew_overlap,6,post_mass_off,post,mass,off,4.744808931511614,0.8712121212121212,0.8045454545454546,0.9997418023348179,0.9705041578459618,0.9994625873724761,0.9835174918660037
cluster_skew_overlap,6,post_mass_on,post,mass,on,4.7826753882224615,0.8204545454545454,0.7272727272727273,0.9997418023348179,0.9705041578459618,0.9994625873724761,0.9835174918660037
cluster_skew_overlap,6,pre_none_off,pre,none,off,4.722649832741013,0.8696969696969696,0.8136363636363636,0.9997418023348179,0.9705041578459618,0.9994625873724761,0.9835174918660037
cluster_skew_overlap,6,pre_none_on,pre,none,on,4.907442214070552,0.40492424242424235,0.34545454545454546,0.9997418023348179,0.9705041578459618,0.9994625873724761,0.9835174918660037
cluster_skew_overlap,6,pre_footprint_off,pre,footprint,off,5.281812787982804,0.8818181818181818,0.8272727272727273,0.9997418023348179,0.9705041578459618,0.9994625873724761,0.9835174918660037
cluster_skew_overlap,6,pre_footprint_on,pre,footprint,on,5.305874030878462,0.856060606060606,0.7954545454545454,0.9997418023348179,0.9705041578459618,0.9994625873724761,0.9835174918660037
cluster_skew_overlap,6,pre_mass_off,pre,mass,off,5.2807521794794035,0.8818181818181818,0.8272727272727273,0.9997418023348179,0.9705041578459618,0.9994625873724761,0.9835174918660037
cluster_skew_overlap,6,pre_mass_on,pre,mass,on,5.3081858353331635,0.8541666666666669,0.8,0.9997418023348179,0.9705041578459618,0.9994625873724761,0.9835174918660037
cluster_skew_overlap,7,post_none_off,post,none,off,2.1985439037463115,0.6829545454545455,0.5181818181818182,0.9996125777405623,0.9705041578459617,0.998452385589546,0.9790064317238298
cluster_skew_overlap,7,post_none_on,post,none,on,1.549947978182435,0.4045454545454545,0.35909090909090907,0.9996125777405623,0.9705041578459617,0.998452385589546,0.9790064317238298
cluster_skew_overlap,7,post_footprint_off,post,footprint,off,4.299654326116223,0.8636363636363636,0.7818181818181819,0.9996125777405623,0.9705041578459617,0.998452385589546,0.9790064317238298
cluster_skew_overlap,7,post_footprint_on,post,footprint,on,4.348689385214434,0.818560606060606,0.7,0.9996125777405623,0.9705041578459617,0.998452385589546,0.9790064317238298
cluster_skew_overlap,7,post_mass_off,post,mass,off,4.3092214209952715,0.8632575757575758,0.7818181818181819,0.9996125777405623,0.9705041578459617,0.998452385589546,0.9790064317238298
cluster_skew_overlap,7,post_mass_on,post,mass,on,4.355429968305869,0.8170454545454544,0.7,0.9996125777405623,0.9705041578459617,0.998452385589546,0.9790064317238298
cluster_skew_overlap,7,pre_none_off,pre,none,off,4.219487709771653,0.8609848484848485,0.7818181818181819,0.9996125777405623,0.9705041578459617,0.998452385589546,0.9790064317238298
cluster_skew_overlap,7,pre_none_on,pre,none,on,4.458259144082324,0.41250000000000003,0.37272727272727274,0.9996125777405623,0.9705041578459617,0.998452385589546,0.9790064317238298
cluster_skew_overlap,7,pre_footprint_off,pre,footprint,off,4.731683279612354,0.8628787878787879,0.7909090909090909,0.9996125777405623,0.9705041578459617,0.998452385589546,0.9790064317238298
cluster_skew_overlap,7,pre_footprint_on,pre,footprint,on,4.780078058636933,0.8409090909090909,0.75,0.9996125777405623,0.9705041578459617,0.998452385589546,0.9790064317238298
cluster_skew_overlap,7,pre_mass_off,pre,mass,off,4.739975855469068,0.8624999999999999,0.7909090909090909,0.9996125777405623,0.9705041578459617,0.998452385589546,0.9790064317238298
cluster_skew_overlap,7,pre_mass_on,pre,mass,on,4.785920740659689,0.8382575757575758,0.740909090909091,0.9996125777405623,0.9705041578459617,0.998452385589546,0.9790064317238298
cluster_skew_overlap,8,post_none_off,post,none,off,2.044768485246493,0.6534090909090909,0.5772727272727273,0.9998361189495784,0.961951374187714,0.9990609503615673,0.9761833935409696
cluster_skew_overlap,8,post_none_on,post,none,on,0.9047582964946,0.3924242424242424,0.33181818181818185,0.9998361189495784,0.961951374187714,0.9990609503615673,0.9761833935409696
cluster_skew_overlap,8,post_footprint_off,post,footprint,off,4.589398860848542,0.8674242424242425,0.8272727272727273,0.9998361189495784,0.961951374187714,0.9990609503615673,0.9761833935409696
cluster_skew_overlap,8,post_footprint_on,post,footprint,on,4.630083080811653,0.8223484848484848,0.7818181818181819,0.9998361189495784,0.961951374187714,0.9990609503615673,0.9761833935409696
cluster_skew_overlap,8,post_mass_off,post,mass,off,4.558475580990817,0.8670454545454547,0.8272727272727273,0.9998361189495784,0.961951374187714,0.9990609503615673,0.9761833935409696
cluster_skew_overlap,8,post_mass_on,post,mass,on,4.599121083310457,0.8193181818181818,0.7818181818181819,0.9998361189495784,0.961951374187714,0.9990609503615673,0.9761833935409696
cluster_skew_overlap,8,pre_none_off,pre,none,off,4.613236974860554,0.8651515151515152,0.8363636363636363,0.9998361189495784,0.961951374187714,0.9990609503615673,0.9761833935409696
cluster_skew_overlap,8,pre_none_on,pre,none,on,3.1017544746758157,0.3912878787878788,0.3409090909090909,0.9998361189495784,0.961951374187714,0.9990609503615673,0.9761833935409696
cluster_skew_overlap,8,pre_footprint_off,pre,footprint,off,5.245872773115126,0.8636363636363636,0.8363636363636363,0.9998361189495784,0.961951374187714,0.9990609503615673,0.9761833935409696
cluster_skew_overlap,8,pre_footprint_on,pre,footprint,on,5.261351839681147,0.8420454545454544,0.8090909090909091,0.9998361189495784,0.961951374187714,0.9990609503615673,0.9761833935409696
cluster_skew_overlap,8,pre_mass_off,pre,mass,off,5.240559313243983,0.8636363636363636,0.8363636363636363,0.9998361189495784,0.961951374187714,0.9990609503615673,0.9761833935409696
cluster_skew_overlap,8,pre_mass_on,pre,mass,on,5.259595228416227,0.8393939393939394,0.8045454545454546,0.9998361189495784,0.961951374187714,0.9990609503615673,0.9761833935409696
cluster_skew_overlap,9,post_none_off,post,none,off,2.6224053454639624,0.8397727272727272,0.7318181818181818,0.9996905968920102,0.9790569415042095,0.9995843640079708,0.9808356697780921
cluster_skew_overlap,9,post_none_on,post,none,on,0.3424434234892568,0.4102272727272727,0.3409090909090909,0.9996905968920102,0.9790569415042095,0.9995843640079708,0.9808356697780921
cluster_skew_overlap,9,post_footprint_off,post,footprint,off,4.907285693441146,0.8568181818181819,0.8181818181818182,0.9996905968920102,0.9790569415042095,0.9995843640079708,0.9808356697780921
cluster_skew_overlap,9,post_footprint_on,post,footprint,on,4.940396513488285,0.8030303030303031,0.740909090909091,0.9996905968920102,0.9790569415042095,0.9995843640079708,0.9808356697780921
cluster_skew_overlap,9,post_mass_off,post,mass,off,4.861950292953956,0.8564393939393941,0.8136363636363636,0.9996905968920102,0.9790569415042095,0.9995843640079708,0.9808356697780921
cluster_skew_overlap,9,post_mass_on,post,mass,on,4.899012223181874,0.7981060606060607,0.7181818181818181,0.9996905968920102,0.9790569415042095,0.9995843640079708,0.9808356697780921
cluster_skew_overlap,9,pre_none_off,pre,none,off,4.688435285137224,0.8553030303030303,0.8136363636363636,0.9996905968920102,0.9790569415042095,0.9995843640079708,0.9808356697780921
cluster_skew_overlap,9,pre_none_on,pre,none,on,4.885616003925259,0.4090909090909091,0.32272727272727275,0.9996905968920102,0.9790569415042095,0.9995843640079708,0.9808356697780921
cluster_skew_overlap,9,pre_footprint_off,pre,footprint,off,5.293395569287666,0.8571969696969698,0.8136363636363636,0.9996905968920102,0.9790569415042095,0.9995843640079708,0.9808356697780921
cluster_skew_overlap,9,pre_footprint_on,pre,footprint,on,5.315953915458705,0.8257575757575758,0.7636363636363637,0.9996905968920102,0.9790569415042095,0.9995843640079708,0.9808356697780921
cluster_skew_overlap,9,pre_mass_off,pre,mass,off,5.281949212149988,0.8568181818181819,0.8136363636363636,0.9996905968920102,0.9790569415042095,0.9995843640079708,0.9808356697780921
cluster_skew_overlap,9,pre_mass_on,pre,mass,on,5.306229383172996,0.8219696969696971,0.759090909090909,0.9996905968920102,0.9790569415042095,0.9995843640079708,0.9808356697780921
digits_pca16,0,post_none_off,post,none,off,5.4638991785330605e-08,0.5684672771347763,0.4388888888888889,0.9907263479101032,0.9987878787878787,0.9924804723118524,0.9725036801974444
digits_pca16,0,post_none_on,post,none,on,0.29439656675708104,0.41777863004233246,0.32967032967032966,0.9907263479101032,0.9987878787878787,0.9924804723118524,0.9725036801974444
digits_pca16,0,post_footprint_off,post,footprint,off,6.104145910588144e-07,0.6808463425212165,0.5084745762711864,0.9907263479101032,0.9987878787878787,0.9924804723118524,0.9725036801974444
digits_pca16,0,post_footprint_on,post,footprint,on,0.3417988202686992,0.6374050979917203,0.4111111111111111,0.9907263479101032,0.9987878787878787,0.9924804723118524,0.9725036801974444
digits_pca16,0,post_mass_off,post,mass,off,2.255228407875635e-05,0.6477745205678944,0.4143646408839779,0.9907263479101032,0.9987878787878787,0.9924804723118524,0.9725036801974444
digits_pca16,0,post_mass_on,post,mass,on,0.2770834440578631,0.5395676604402562,0.3888888888888889,0.9907263479101032,0.9987878787878787,0.9924804723118524,0.9725036801974444
digits_pca16,0,pre_none_off,pre,none,off,1.724121673607379e-07,0.556964805655251,0.4222222222222222,0.9907263479101032,0.9987878787878787,0.9924804723118524,0.9725036801974444
digits_pca16,0,pre_none_on,pre,none,on,0.21615839378328136,0.4491274108664391,0.3076923076923077,0.9907263479101032,0.9987878787878787,0.9924804723118524,0.9725036801974444
digits_pca16,0,pre_footprint_off,pre,footprint,off,1.4666718233793374e-07,0.6869032242515797,0.423728813559322,0.9907263479101032,0.9987878787878787,0.9924804723118524,0.9725036801974444
digits_pca16,0,pre_footprint_on,pre,footprint,on,0.0028971206537315468,0.6727184869904664,0.4666666666666667,0.9907263479101032,0.9987878787878787,0.9924804723118524,0.9725036801974444
digits_pca16,0,pre_mass_off,pre,mass,off,3.0471621420607104e-05,0.6166394338509578,0.3898305084745763,0.9907263479101032,0.9987878787878787,0.9924804723118524,0.9725036801974444
digits_pca16,0,pre_mass_on,pre,mass,on,0.0010496974996137554,0.6036285530345055,0.5027624309392266,0.9907263479101032,0.9987878787878787,0.9924804723118524,0.9725036801974444
digits_pca16,1,post_none_off,post,none,off,2.711165639924745e-06,0.5392885278038742,0.3611111111111111,0.9928474496887715,0.9199999999999999,0.9867948844684142,0.9844111358540967
digits_pca16,1,post_none_on,post,none,on,0.29349956691925677,0.4681804848607804,0.35195530726256985,0.9928474496887715,0.9199999999999999,0.9867948844684142,0.9844111358540967
digits_pca16,1,post_footprint_off,post,footprint,off,3.5362987664444696e-07,0.6583069302514255,0.5310734463276836,0.9928474496887715,0.9199999999999999,0.9867948844684142,0.9844111358540967
digits_pca16,1,post_footprint_on,post,footprint,on,0.003655715617199395,0.5938984028853451,0.4666666666666667,0.9928474496887715,0.9199999999999999,0.9867948844684142,0.9844111358540967
digits_pca16,1,post_mass_off,post,mass,off,7.037349730954256e-07,0.6316955394419742,0.5084745762711864,0.9928474496887715,0.9199999999999999,0.9867948844684142,0.9844111358540967
digits_pca16,1,post_mass_on,post,mass,on,0.28090836789304247,0.516457424358861,0.4143646408839779,0.9928474496887715,0.9199999999999999,0.9867948844684142,0.9844111358540967
digits_pca16,1,pre_none_off,pre,none,off,0.0002846823617990582,0.6508294878093492,0.4388888888888889,0.9928474496887715,0.9199999999999999,0.9867948844684142,0.9844111358540967
digits_pca16,1,pre_none_on,pre,none,on,0.3536207722639637,0.46157227951016583,0.3240223463687151,0.9928474496887715,0.9199999999999999,0.9867948844684142,0.9844111358540967
digits_pca16,1,pre_footprint_off,pre,footprint,off,3.407919599796972e-06,0.7328368018786705,0.4777777777777778,0.9928474496887715,0.9199999999999999,0.9867948844684142,0.9844111358540967
digits_pca16,1,pre_footprint_on,pre,footprint,on,0.0012356485363892772,0.725456818100553,0.5722222222222222,0.9928474496887715,0.9199999999999999,0.9867948844684142,0.9844111358540967
digits_pca16,1,pre_mass_off,pre,mass,off,9.825690185097567e-05,0.5693336300980028,0.3898305084745763,0.9928474496887715,0.9199999999999999,0.9867948844684142,0.9844111358540967
digits_pca16,1,pre_mass_on,pre,mass,on,0.0013165614356303354,0.6258284120898577,0.425414364640884,0.9928474496887715,0.9199999999999999,0.9867948844684142,0.9844111358540967
digits_pca16,2,post_none_off,post,none,off,1.6472223275342772e-08,0.5319885368497652,0.3388888888888889,0.9914144641408091,0.9927272727272728,0.9941307272310654,0.9957276929862151
digits_pca16,2,post_none_on,post,none,on,0.2925368110046066,0.4145891408642875,0.32222222222222224,0.9914144641408091,0.9927272727272728,0.9941307272310654,0.9957276929862151
digits_pca16,2,post_footprint_off,post,footprint,off,7.800585285665232e-07,0.7059839585627241,0.5055555555555555,0.9914144641408091,0.9927272727272728,0.9941307272310654,0.9957276929862151
digits_pca16,2,post_footprint_on,post,footprint,on,0.019409550191703328,0.6535457323261443,0.4659090909090909,0.9914144641408091,0.9927272727272728,0.9941307272310654,0.9957276929862151
digits_pca16,2,post_mass_off,post,mass,off,2.0368709999441806e-07,0.6524596660285609,0.4180790960451977,0.9914144641408091,0.9927272727272728,0.9941307272310654,0.9957276929862151
digits_pca16,2,post_mass_on,post,mass,on,0.23747421495759585,0.5628624348880572,0.3611111111111111,0.9914144641408091,0.9927272727272728,0.9941307272310654,0.9957276929862151
digits_pca16,2,pre_none_off,pre,none,off,8.177048738629951e-06,0.6680944563463248,0.4745762711864407,0.9914144641408091,0.9927272727272728,0.9941307272310654,0.9957276929862151
digits_pca16,2,pre_none_on,pre,none,on,0.15847364566920627,0.44241724378188624,0.34444444444444444,0.9914144641408091,0.9927272727272728,0.9941307272310654,0.9957276929862151
digits_pca16,2,pre_footprint_off,pre,footprint,off,5.792810505757028e-06,0.6869891471324452,0.5254237288135594,0.9914144641408091,0.9927272727272728,0.9941307272310654,0.9957276929862151
digits_pca16,2,pre_footprint_on,pre,footprint,on,0.30513186242661217,0.6655022775547753,0.5170454545454546,0.9914144641408091,0.9927272727272728,0.9941307272310654,0.9957276929862151
digits_pca16,2,pre_mass_off,pre,mass,off,6.959327249890842e-05,0.525270484305794,0.3055555555555556,0.9914144641408091,0.9927272727272728,0.9941307272310654,0.9957276929862151
digits_pca16,2,pre_mass_on,pre,mass,on,0.2523790870165557,0.651864708545703,0.4888888888888889,0.9914144641408091,0.9927272727272728,0.9941307272310654,0.9957276929862151
digits_pca16,3,post_none_off,post,none,off,1.1115591540749541e-05,0.5386295077553654,0.3867403314917127,0.9944074866349079,0.9454545454545453,0.988384796825493,0.9874019903133202
digits_pca16,3,post_none_on,post,none,on,0.2529842143467516,0.42205804920377804,0.3333333333333333,0.9944074866349079,0.9454545454545453,0.988384796825493,0.9874019903133202
digits_pca16,3,post_footprint_off,post,footprint,off,1.0162022358844965e-07,0.7078840153004146,0.5388888888888889,0.9944074866349079,0.9454545454545453,0.988384796825493,0.9874019903133202
digits_pca16,3,post_footprint_on,post,footprint,on,0.12271559518294789,0.6093854859022576,0.47513812154696133,0.9944074866349079,0.9454545454545453,0.988384796825493,0.9874019903133202
digits_pca16,3,post_mass_off,post,mass,off,8.981614139568125e-07,0.6053536422339263,0.4318181818181818,0.9944074866349079,0.9454545454545453,0.988384796825493,0.9874019903133202
digits_pca16,3,post_mass_on,post,mass,on,0.19798465389018588,0.5404163391406878,0.4,0.9944074866349079,0.9454545454545453,0.988384796825493,0.9874019903133202
digits_pca16,3,pre_none_off,pre,none,off,3.056963548460905e-05,0.6084862074933104,0.4180790960451977,0.9944074866349079,0.9454545454545453,0.988384796825493,0.9874019903133202
digits_pca16,3,pre_none_on,pre,none,on,0.4640821700202827,0.4092814628807317,0.3277777777777778,0.9944074866349079,0.9454545454545453,0.988384796825493,0.9874019903133202
digits_pca16,3,pre_footprint_off,pre,footprint,off,1.8381977332323563e-05,0.6969743097533694,0.5777777777777777,0.9944074866349079,0.9454545454545453,0.988384796825493,0.9874019903133202
digits_pca16,3,pre_footprint_on,pre,footprint,on,0.03831780316856934,0.7321335410845621,0.5333333333333333,0.9944074866349079,0.9454545454545453,0.988384796825493,0.9874019903133202
digits_pca16,3,pre_mass_off,pre,mass,off,9.67179669901463e-07,0.6464070875446077,0.4198895027624309,0.9944074866349079,0.9454545454545453,0.988384796825493,0.9874019903133202
digits_pca16,3,pre_mass_on,pre,mass,on,0.002375872972891779,0.6915073143888135,0.5524861878453039,0.9944074866349079,0.9454545454545453,0.988384796825493,0.9874019903133202
digits_pca16,4,post_none_off,post,none,off,9.210390534356125e-06,0.5781760792999695,0.3812154696132597,0.9889871419859884,0.9369696969696969,0.9856664573434416,0.9823852565275176
digits_pca16,4,post_none_on,post,none,on,0.27850726125156594,0.4474431153677269,0.3611111111111111,0.9889871419859884,0.9369696969696969,0.9856664573434416,0.9823852565275176
digits_pca16,4,post_footprint_off,post,footprint,off,8.879474200730974e-07,0.6663777559159924,0.4519774011299435,0.9889871419859884,0.9369696969696969,0.9856664573434416,0.9823852565275176
digits_pca16,4,post_footprint_on,post,footprint,on,0.12049364583159561,0.6550078968342905,0.4585635359116022,0.9889871419859884,0.9369696969696969,0.9856664573434416,0.9823852565275176
digits_pca16,4,post_mass_off,post,mass,off,9.095335579246872e-07,0.6383159808626264,0.4858757062146893,0.9889871419859884,0.9369696969696969,0.9856664573434416,0.9823852565275176
digits_pca16,4,post_mass_on,post,mass,on,0.27484531999741313,0.522013461209851,0.36464088397790057,0.9889871419859884,0.9369696969696969,0.9856664573434416,0.9823852565275176
digits_pca16,4,pre_none_off,pre,none,off,0.0004580355331755711,0.6928318081165569,0.4519774011299435,0.9889871419859884,0.9369696969696969,0.9856664573434416,0.9823852565275176
digits_pca16,4,pre_none_on,pre,none,on,0.3121202467029898,0.44539182573656,0.37222222222222223,0.9889871419859884,0.9369696969696969,0.9856664573434416,0.9823852565275176
digits_pca16,4,pre_footprint_off,pre,footprint,off,2.104426099949498e-07,0.7277141265588126,0.5055555555555555,0.9889871419859884,0.9369696969696969,0.9856664573434416,0.9823852565275176
digits_pca16,4,pre_footprint_on,pre,footprint,on,0.01817465455630663,0.7304232759329485,0.5303867403314917,0.9889871419859884,0.9369696969696969,0.9856664573434416,0.9823852565275176
digits_pca16,4,pre_mass_off,pre,mass,off,0.0001752601308554571,0.5738820982390183,0.2655367231638418,0.9889871419859884,0.9369696969696969,0.9856664573434416,0.9823852565275176
digits_pca16,4,pre_mass_on,pre,mass,on,0.011701595898229571,0.6588924915821109,0.42777777777777776,0.9889871419859884,0.9369696969696969,0.9856664573434416,0.9823852565275176
digits_pca16,5,post_none_off,post,none,off,2.3370366193525744e-07,0.5879447792330953,0.4011299435028249,0.9936586844899624,0.9636363636363635,0.992328882106727,0.9895566643142775
digits_pca16,5,post_none_on,post,none,on,0.29623890469686553,0.46739672543002814,0.35714285714285715,0.9936586844899624,0.9636363636363635,0.992328882106727,0.9895566643142775
digits_pca16,5,post_footprint_off,post,footprint,off,5.036646463112972e-07,0.679437918361714,0.4632768361581921,0.9936586844899624,0.9636363636363635,0.992328882106727,0.9895566643142775
digits_pca16,5,post_footprint_on,post,footprint,on,0.03153712605178088,0.6566767218972593,0.4722222222222222,0.9936586844899624,0.9636363636363635,0.992328882106727,0.9895566643142775
digits_pca16,5,post_mass_off,post,mass,off,2.8156131180702343e-07,0.6260191173536199,0.4689265536723164,0.9936586844899624,0.9636363636363635,0.992328882106727,0.9895566643142775
digits_pca16,5,post_mass_on,post,mass,on,0.3899858253999967,0.5450738964909986,0.4388888888888889,0.9936586844899624,0.9636363636363635,0.992328882106727,0.9895566643142775
digits_pca16,5,pre_none_off,pre,none,off,0.00032497570877721083,0.6766103751491535,0.4124293785310734,0.9936586844899624,0.9636363636363635,0.992328882106727,0.9895566643142775
digits_pca16,5,pre_none_on,pre,none,on,0.30724723458296394,0.4429060672349333,0.2905027932960894,0.9936586844899624,0.9636363636363635,0.992328882106727,0.9895566643142775
digits_pca16,5,pre_footprint_off,pre,footprint,off,6.205139153094975e-07,0.7479445413938919,0.48333333333333334,0.9936586844899624,0.9636363636363635,0.992328882106727,0.9895566643142775
digits_pca16,5,pre_footprint_on,pre,footprint,on,0.002772545058977505,0.6816087785858784,0.49444444444444446,0.9936586844899624,0.9636363636363635,0.992328882106727,0.9895566643142775
digits_pca16,5,pre_mass_off,pre,mass,off,1.1260895127493505e-06,0.6862285026885192,0.4519774011299435,0.9936586844899624,0.9636363636363635,0.992328882106727,0.9895566643142775
digits_pca16,5,pre_mass_on,pre,mass,on,0.12885639842008095,0.6180354343650737,0.42777777777777776,0.9936586844899624,0.9636363636363635,0.992328882106727,0.9895566643142775
digits_pca16,6,post_none_off,post,none,off,3.0856391724978842e-06,0.5798418751572876,0.37777777777777777,0.9928921547984121,0.9454545454545453,0.9921200237221531,0.981425168668477
digits_pca16,6,post_none_on,post,none,on,0.37498572669503194,0.45458546872743916,0.3516483516483517,0.9928921547984121,0.9454545454545453,0.9921200237221531,0.981425168668477
digits_pca16,6,post_footprint_off,post,footprint,off,4.534199847869945e-06,0.669588060356549,0.4659090909090909,0.9928921547984121,0.9454545454545453,0.9921200237221531,0.981425168668477
digits_pca16,6,post_footprint_on,post,footprint,on,0.014314835273108567,0.6107168696390266,0.45,0.9928921547984121,0.9454545454545453,0.9921200237221531,0.981425168668477
digits_pca16,6,post_mass_off,post,mass,off,6.560443468598708e-06,0.6360687130123223,0.4943181818181818,0.9928921547984121,0.9454545454545453,0.9921200237221531,0.981425168668477
digits_pca16,6,post_mass_on,post,mass,on,0.2682281269652348,0.5437816162604469,0.4124293785310734,0.9928921547984121,0.9454545454545453,0.9921200237221531,0.981425168668477
digits_pca16,6,pre_none_off,pre,none,off,8.709076411215256e-05,0.6675692520685453,0.4293785310734463,0.9928921547984121,0.9454545454545453,0.9921200237221531,0.981425168668477
digits_pca16,6,pre_none_on,pre,none,on,0.23749060019278492,0.4793089427211923,0.35359116022099446,0.9928921547984121,0.9454545454545453,0.9921200237221531,0.981425168668477
digits_pca16,6,pre_footprint_off,pre,footprint,off,6.587013291281013e-06,0.7090656066348243,0.48333333333333334,0.9928921547984121,0.9454545454545453,0.9921200237221531,0.981425168668477
digits_pca16,6,pre_footprint_on,pre,footprint,on,0.002309953718009019,0.661381402000965,0.4722222222222222,0.9928921547984121,0.9454545454545453,0.9921200237221531,0.981425168668477
digits_pca16,6,pre_mass_off,pre,mass,off,7.100170351245418e-05,0.6238998557702897,0.3728813559322034,0.9928921547984121,0.9454545454545453,0.9921200237221531,0.981425168668477
digits_pca16,6,pre_mass_on,pre,mass,on,0.11901835169990597,0.6159997232894382,0.519774011299435,0.9928921547984121,0.9454545454545453,0.9921200237221531,0.981425168668477
digits_pca16,7,post_none_off,post,none,off,1.5265838015413645e-06,0.5293662706276769,0.34065934065934067,0.9844052320004387,0.9842424242424241,0.9888161647233024,0.9839412839243494
digits_pca16,7,post_none_on,post,none,on,0.31463658081262447,0.44592509097102645,0.3055555555555556,0.9844052320004387,0.9842424242424241,0.9888161647233024,0.9839412839243494
digits_pca16,7,post_footprint_off,post,footprint,off,2.0796404302082162e-06,0.6644184638869522,0.4632768361581921,0.9844052320004387,0.9842424242424241,0.9888161647233024,0.9839412839243494
digits_pca16,7,post_footprint_on,post,footprint,on,0.06643685355767669,0.673208269037027,0.5027624309392266,0.9844052320004387,0.9842424242424241,0.9888161647233024,0.9839412839243494
digits_pca16,7,post_mass_off,post,mass,off,7.303318026619714e-07,0.5975368276059119,0.375,0.9844052320004387,0.9842424242424241,0.9888161647233024,0.9839412839243494
digits_pca16,7,post_mass_on,post,mass,on,0.14311267983237305,0.5571542524269368,0.4388888888888889,0.9844052320004387,0.9842424242424241,0.9888161647233024,0.9839412839243494
digits_pca16,7,pre_none_off,pre,none,off,6.687725444421034e-06,0.6222694654048153,0.4777777777777778,0.9844052320004387,0.9842424242424241,0.9888161647233024,0.9839412839243494
digits_pca16,7,pre_none_on,pre,none,on,0.0016067259444341251,0.4488213545573263,0.3055555555555556,0.9844052320004387,0.9842424242424241,0.9888161647233024,0.9839412839243494
digits_pca16,7,pre_footprint_off,pre,footprint,off,2.9405988931011713e-07,0.6717741189661155,0.5028248587570622,0.9844052320004387,0.9842424242424241,0.9888161647233024,0.9839412839243494
digits_pca16,7,pre_footprint_on,pre,footprint,on,0.47342907524130884,0.6904059778996166,0.49444444444444446,0.9844052320004387,0.9842424242424241,0.9888161647233024,0.9839412839243494
digits_pca16,7,pre_mass_off,pre,mass,off,2.083732151352367e-05,0.5846128990782422,0.39444444444444443,0.9844052320004387,0.9842424242424241,0.9888161647233024,0.9839412839243494
digits_pca16,7,pre_mass_on,pre,mass,on,0.0035247289170243527,0.6623303641666393,0.4722222222222222,0.9844052320004387,0.9842424242424241,0.9888161647233024,0.9839412839243494
digits_pca16,8,post_none_off,post,none,off,4.385918378159864e-06,0.5510692814895347,0.3107344632768362,0.9931182242543091,0.9999999999999998,0.9929725170513104,0.9929926025964887
digits_pca16,8,post_none_on,post,none,on,0.17965801932331918,0.4310268463815098,0.3111111111111111,0.9931182242543091,0.9999999999999998,0.9929725170513104,0.9929926025964887
digits_pca16,8,post_footprint_off,post,footprint,off,9.721954889396498e-07,0.6612460067800059,0.4745762711864407,0.9931182242543091,0.9999999999999998,0.9929725170513104,0.9929926025964887
digits_pca16,8,post_footprint_on,post,footprint,on,0.01683987574202641,0.5954261400055951,0.4444444444444444,0.9931182242543091,0.9999999999999998,0.9929725170513104,0.9929926025964887
digits_pca16,8,post_mass_off,post,mass,off,8.16205242202228e-07,0.6054732626653546,0.3867403314917127,0.9931182242543091,0.9999999999999998,0.9929725170513104,0.9929926025964887
digits_pca16,8,post_mass_on,post,mass,on,0.16449295658815963,0.5606946211329861,0.4143646408839779,0.9931182242543091,0.9999999999999998,0.9929725170513104,0.9929926025964887
digits_pca16,8,pre_none_off,pre,none,off,4.341438225233079e-06,0.6686170265016345,0.4666666666666667,0.9931182242543091,0.9999999999999998,0.9929725170513104,0.9929926025964887
digits_pca16,8,pre_none_on,pre,none,on,0.13607782517227468,0.4534180185248335,0.3333333333333333,0.9931182242543091,0.9999999999999998,0.9929725170513104,0.9929926025964887
digits_pca16,8,pre_footprint_off,pre,footprint,off,4.54646039670045e-07,0.6982387587705352,0.4666666666666667,0.9931182242543091,0.9999999999999998,0.9929725170513104,0.9929926025964887
digits_pca16,8,pre_footprint_on,pre,footprint,on,0.006019194074203723,0.6710727760282001,0.5555555555555556,0.9931182242543091,0.9999999999999998,0.9929725170513104,0.9929926025964887
digits_pca16,8,pre_mass_off,pre,mass,off,5.8241460684742805e-06,0.653198989510283,0.4350282485875706,0.9931182242543091,0.9999999999999998,0.9929725170513104,0.9929926025964887
digits_pca16,8,pre_mass_on,pre,mass,on,0.0006622044043052834,0.6111363123355529,0.5359116022099447,0.9931182242543091,0.9999999999999998,0.9929725170513104,0.9929926025964887
digits_pca16,9,post_none_off,post,none,off,4.1127309265791615e-06,0.6070778196689425,0.4696132596685083,0.9942880997730068,0.9381818181818182,0.987448945895834,0.9882076738316967
digits_pca16,9,post_none_on,post,none,on,0.287405839457745,0.4234611001889025,0.32222222222222224,0.9942880997730068,0.9381818181818182,0.987448945895834,0.9882076738316967
digits_pca16,9,post_footprint_off,post,footprint,off,3.2864577090634123e-06,0.662314592323644,0.45555555555555555,0.9942880997730068,0.9381818181818182,0.987448945895834,0.9882076738316967
digits_pca16,9,post_footprint_on,post,footprint,on,0.03688273354365375,0.6297500614947023,0.43333333333333335,0.9942880997730068,0.9381818181818182,0.987448945895834,0.9882076738316967
digits_pca16,9,post_mass_off,post,mass,off,0.0011969538748450262,0.6177320789486609,0.4143646408839779,0.9942880997730068,0.9381818181818182,0.987448945895834,0.9882076738316967
digits_pca16,9,post_mass_on,post,mass,on,0.39630096197629766,0.5669093021853294,0.40555555555555556,0.9942880997730068,0.9381818181818182,0.987448945895834,0.9882076738316967
digits_pca16,9,pre_none_off,pre,none,off,3.619652753979053e-05,0.6845687092945516,0.45555555555555555,0.9942880997730068,0.9381818181818182,0.987448945895834,0.9882076738316967
digits_pca16,9,pre_none_on,pre,none,on,0.31386248589726395,0.4250818846184542,0.31666666666666665,0.9942880997730068,0.9381818181818182,0.987448945895834,0.9882076738316967
digits_pca16,9,pre_footprint_off,pre,footprint,off,1.162820010391339e-06,0.6832751765486128,0.43333333333333335,0.9942880997730068,0.9381818181818182,0.987448945895834,0.9882076738316967
digits_pca16,9,pre_footprint_on,pre,footprint,on,0.0033689067754260407,0.7355875236216097,0.5166666666666667,0.9942880997730068,0.9381818181818182,0.987448945895834,0.9882076738316967
digits_pca16,9,pre_mass_off,pre,mass,off,1.3467248719877682e-07,0.7180820528578561,0.49444444444444446,0.9942880997730068,0.9381818181818182,0.987448945895834,0.9882076738316967
digits_pca16,9,pre_mass_on,pre,mass,on,0.22730592486432913,0.6202943514177258,0.4666666666666667,0.9942880997730068,0.9381818181818182,0.987448945895834,0.9882076738316967
digits_pca32,0,post_none_off,post,none,off,5.1194130932267795e-17,0.49799411913072894,0.48295454545454547,nan,nan,0.9892340278204643,0.97306674184876
digits_pca32,0,post_none_on,post,none,on,3.083649397798501e-05,0.6136719065638954,0.37777777777777777,nan,nan,0.9892340278204643,0.97306674184876
digits_pca32,0,post_footprint_off,post,footprint,off,6.096860225034118e-17,0.49365571547052556,0.4725274725274725,nan,nan,0.9892340278204643,0.97306674184876
digits_pca32,0,post_footprint_on,post,footprint,on,2.872936040020081e-05,0.5745210590012891,0.39226519337016574,nan,nan,0.9892340278204643,0.97306674184876
digits_pca32,0,post_mass_off,post,mass,off,4.097259801529604e-17,0.505360777102914,0.4860335195530726,nan,nan,0.9892340278204643,0.97306674184876
digits_pca32,0,post_mass_on,post,mass,on,1.808282665270694e-05,0.5673113931340279,0.4388888888888889,nan,nan,0.9892340278204643,0.97306674184876
digits_pca32,0,pre_none_off,pre,none,off,5.801666397982208e-17,0.4925188326999117,0.4725274725274725,nan,nan,0.9892340278204643,0.97306674184876
digits_pca32,0,pre_none_on,pre,none,on,5.413969634933666e-05,0.6443551378627379,0.4340659340659341,nan,nan,0.9892340278204643,0.97306674184876
digits_pca32,0,pre_footprint_off,pre,footprint,off,6.574031285878274e-17,0.47697580045818455,0.45,nan,nan,0.9892340278204643,0.97306674184876
digits_pca32,0,pre_footprint_on,pre,footprint,on,0.0003010603224001812,0.5556013839822891,0.39779005524861877,nan,nan,0.9892340278204643,0.97306674184876
digits_pca32,0,pre_mass_off,pre,mass,off,4.958526138868754e-17,0.5003612322991471,0.48044692737430167,nan,nan,0.9892340278204643,0.97306674184876
digits_pca32,0,pre_mass_on,pre,mass,on,4.559596181549954e-06,0.569053352598136,0.39444444444444443,nan,nan,0.9892340278204643,0.97306674184876
digits_pca32,1,post_none_off,post,none,off,5.558093078924333e-17,0.48189077266709457,0.4581005586592179,nan,nan,0.9773036883500593,0.9555552474146202
digits_pca32,1,post_none_on,post,none,on,1.0421433835069565e-07,0.6950248914614386,0.5054945054945055,nan,nan,0.9773036883500593,0.9555552474146202
digits_pca32,1,post_footprint_off,post,footprint,off,5.887820648017466e-17,0.48903380128300816,0.4632768361581921,nan,nan,0.9773036883500593,0.9555552474146202
digits_pca32,1,post_footprint_on,post,footprint,on,3.16980786723149e-08,0.6756635060737457,0.5082872928176796,nan,nan,0.9773036883500593,0.9555552474146202
digits_pca32,1,post_mass_off,post,mass,off,4.759380752493139e-17,0.4863923351741727,0.45555555555555555,nan,nan,0.9773036883500593,0.9555552474146202
digits_pca32,1,post_mass_on,post,mass,on,6.420716858024573e-07,0.662243377165153,0.5027932960893855,nan,nan,0.9773036883500593,0.9555552474146202
digits_pca32,1,pre_none_off,pre,none,off,4.921977663890897e-17,0.4829562484497057,0.46111111111111114,nan,nan,0.9773036883500593,0.9555552474146202
digits_pca32,1,pre_none_on,pre,none,on,1.2863781573701245e-06,0.7122835484644537,0.521978021978022,nan,nan,0.9773036883500593,0.9555552474146202
digits_pca32,1,pre_footprint_off,pre,footprint,off,5.973025966955084e-17,0.4784585447794437,0.4388888888888889,nan,nan,0.9773036883500593,0.9555552474146202
digits_pca32,1,pre_footprint_on,pre,footprint,on,5.607297303904405e-07,0.687859168376779,0.5222222222222223,nan,nan,0.9773036883500593,0.9555552474146202
digits_pca32,1,pre_mass_off,pre,mass,off,4.811692099374606e-17,0.49184272906471316,0.4576271186440678,nan,nan,0.9773036883500593,0.9555552474146202
digits_pca32,1,pre_mass_on,pre,mass,on,2.247580719155554e-08,0.6783302995770077,0.5277777777777778,nan,nan,0.9773036883500593,0.9555552474146202
digits_pca32,2,post_none_off,post,none,off,4.5181450725247685e-17,0.5018901495983357,0.4777777777777778,nan,nan,0.9858966463374739,0.9554644721598177
digits_pca32,2,post_none_on,post,none,on,7.594098258539932e-07,0.7000672864633675,0.5,nan,nan,0.9858966463374739,0.9554644721598177
digits_pca32,2,post_footprint_off,post,footprint,off,6.1332215819656e-17,0.4957767649346244,0.4722222222222222,nan,nan,0.9858966463374739,0.9554644721598177
digits_pca32,2,post_footprint_on,post,footprint,on,7.880587033713316e-07,0.7061538222678488,0.5469613259668509,nan,nan,0.9858966463374739,0.9554644721598177
digits_pca32,2,post_mass_off,post,mass,off,4.6422517597398956e-17,0.4913899192277147,0.4722222222222222,nan,nan,0.9858966463374739,0.9554644721598177
digits_pca32,2,post_mass_on,post,mass,on,3.533251559601472e-06,0.6972016794712599,0.5388888888888889,nan,nan,0.9858966463374739,0.9554644721598177
digits_pca32,2,pre_none_off,pre,none,off,4.7223554804859275e-17,0.4985724042953354,0.4666666666666667,nan,nan,0.9858966463374739,0.9554644721598177
digits_pca32,2,pre_none_on,pre,none,on,9.995121306959384e-07,0.7128152693279508,0.5164835164835165,nan,nan,0.9858966463374739,0.9554644721598177
digits_pca32,2,pre_footprint_off,pre,footprint,off,3.46277995555937e-17,0.5114552658475834,0.45,nan,nan,0.9858966463374739,0.9554644721598177
digits_pca32,2,pre_footprint_on,pre,footprint,on,2.6892214477594963e-06,0.7001067300278115,0.5274725274725275,nan,nan,0.9858966463374739,0.9554644721598177
digits_pca32,2,pre_mass_off,pre,mass,off,5.232697251082821e-17,0.505176153653322,0.4725274725274725,nan,nan,0.9858966463374739,0.9554644721598177
digits_pca32,2,pre_mass_on,pre,mass,on,1.0991579777976233e-06,0.6912104606285172,0.5055555555555555,nan,nan,0.9858966463374739,0.9554644721598177
digits_pca32,3,post_none_off,post,none,off,5.69257238549001e-17,0.507499454500813,0.4777777777777778,nan,nan,0.9843981719398281,0.9760165097884757
digits_pca32,3,post_none_on,post,none,on,0.00016771544975007394,0.6210592512746599,0.4065934065934066,nan,nan,0.9843981719398281,0.9760165097884757
digits_pca32,3,post_footprint_off,post,footprint,off,7.096842870170741e-17,0.47179615368647737,0.4350282485875706,nan,nan,0.9843981719398281,0.9760165097884757
digits_pca32,3,post_footprint_on,post,footprint,on,0.00014237750908656596,0.6035976570532969,0.3516483516483517,nan,nan,0.9843981719398281,0.9760165097884757
digits_pca32,3,post_mass_off,post,mass,off,5.942832646861487e-17,0.5069034700538466,0.4689265536723164,nan,nan,0.9843981719398281,0.9760165097884757
digits_pca32,3,post_mass_on,post,mass,on,0.00040971678980692973,0.5846716772867168,0.3516483516483517,nan,nan,0.9843981719398281,0.9760165097884757
digits_pca32,3,pre_none_off,pre,none,off,4.382114879408182e-17,0.49686099872515443,0.4696132596685083,nan,nan,0.9843981719398281,0.9760165097884757
digits_pca32,3,pre_none_on,pre,none,on,0.00015508755598139134,0.5975364800602743,0.3901098901098901,nan,nan,0.9843981719398281,0.9760165097884757
digits_pca32,3,pre_footprint_off,pre,footprint,off,5.525084933420667e-17,0.49812417642344453,0.42777777777777776,nan,nan,0.9843981719398281,0.9760165097884757
digits_pca32,3,pre_footprint_on,pre,footprint,on,0.00016051759749834463,0.6137789262164465,0.31868131868131866,nan,nan,0.9843981719398281,0.9760165097884757
digits_pca32,3,pre_mass_off,pre,mass,off,5.775486567490507e-17,0.5078826338689161,0.4632768361581921,nan,nan,0.9843981719398281,0.9760165097884757
digits_pca32,3,pre_mass_on,pre,mass,on,0.0001380301178316963,0.6172366613345174,0.3791208791208791,nan,nan,0.9843981719398281,0.9760165097884757
digits_pca32,4,post_none_off,post,none,off,4.640463717389679e-17,0.4734983459370262,0.4444444444444444,nan,nan,0.9851593083593482,0.9674055961128168
digits_pca32,4,post_none_on,post,none,on,6.698445800499501e-07,0.6681874461049875,0.42857142857142855,nan,nan,0.9851593083593482,0.9674055961128168
digits_pca32,4,post_footprint_off,post,footprint,off,5.966056954181656e-17,0.4896918253109653,0.43333333333333335,nan,nan,0.9851593083593482,0.9674055961128168
digits_pca32,4,post_footprint_on,post,footprint,on,3.3845380625206203e-07,0.668696540408472,0.4340659340659341,nan,nan,0.9851593083593482,0.9674055961128168
digits_pca32,4,post_mass_off,post,mass,off,4.7574658338948644e-17,0.4729614873555906,0.45555555555555555,nan,nan,0.9851593083593482,0.9674055961128168
digits_pca32,4,post_mass_on,post,mass,on,2.0078999607386193e-07,0.6950669537817864,0.46153846153846156,nan,nan,0.9851593083593482,0.9674055961128168
digits_pca32,4,pre_none_off,pre,none,off,5.686223726417924e-17,0.4985478889297301,0.46111111111111114,nan,nan,0.9851593083593482,0.9674055961128168
digits_pca32,4,pre_none_on,pre,none,on,1.9338904843416093e-07,0.6765975191530182,0.37362637362637363,nan,nan,0.9851593083593482,0.9674055961128168
digits_pca32,4,pre_footprint_off,pre,footprint,off,5.783631273631395e-17,0.48293130527008976,0.46368715083798884,nan,nan,0.9851593083593482,0.9674055961128168
digits_pca32,4,pre_footprint_on,pre,footprint,on,3.374882606684522e-07,0.6620006379721277,0.45054945054945056,nan,nan,0.9851593083593482,0.9674055961128168
digits_pca32,4,pre_mass_off,pre,mass,off,4.4118770149265366e-17,0.48922016456707385,0.46153846153846156,nan,nan,0.9851593083593482,0.9674055961128168
digits_pca32,4,pre_mass_on,pre,mass,on,5.815019480944314e-07,0.6622728347608765,0.37362637362637363,nan,nan,0.9851593083593482,0.9674055961128168
digits_pca32,5,post_none_off,post,none,off,4.854449582988949e-17,0.49364315603627035,0.48333333333333334,nan,nan,0.9862560984474122,0.9725802201444009
digits_pca32,5,post_none_on,post,none,on,2.004856153087734e-07,0.7313281646547366,0.5274725274725275,nan,nan,0.9862560984474122,0.9725802201444009
digits_pca32,5,post_footprint_off,post,footprint,off,5.2460423433479266e-17,0.4964284654554265,0.4692737430167598,nan,nan,0.9862560984474122,0.9725802201444009
digits_pca32,5,post_footprint_on,post,footprint,on,4.326094055906186e-09,0.6972060547114423,0.5604395604395604,nan,nan,0.9862560984474122,0.9725802201444009
digits_pca32,5,post_mass_off,post,mass,off,4.836922193911949e-17,0.5041936489401311,0.48333333333333334,nan,nan,0.9862560984474122,0.9725802201444009
digits_pca32,5,post_mass_on,post,mass,on,3.702409867323302e-08,0.7022831399582559,0.5444444444444444,nan,nan,0.9862560984474122,0.9725802201444009
digits_pca32,5,pre_none_off,pre,none,off,5.165784262639969e-17,0.5003638359076936,0.48333333333333334,nan,nan,0.9862560984474122,0.9725802201444009
digits_pca32,5,pre_none_on,pre,none,on,1.007110967540119e-07,0.7385477278479398,0.521978021978022,nan,nan,0.9862560984474122,0.9725802201444009
digits_pca32,5,pre_footprint_off,pre,footprint,off,6.000857784056508e-17,0.47919337747359486,0.43575418994413406,nan,nan,0.9862560984474122,0.9725802201444009
digits_pca32,5,pre_footprint_on,pre,footprint,on,2.5336733071237837e-07,0.7116074408138984,0.5714285714285714,nan,nan,0.9862560984474122,0.9725802201444009
digits_pca32,5,pre_mass_off,pre,mass,off,4.4223291628878133e-17,0.5096543152579526,0.48044692737430167,nan,nan,0.9862560984474122,0.9725802201444009
digits_pca32,5,pre_mass_on,pre,mass,on,7.1700292416943275e-09,0.708904247426116,0.5659340659340659,nan,nan,0.9862560984474122,0.9725802201444009
digits_pca32,6,post_none_off,post,none,off,6.266349807904433e-17,0.4747113192169229,0.4340659340659341,nan,nan,0.9882629359309084,0.971350055093565
digits_pca32,6,post_none_on,post,none,on,1.215877330330194e-06,0.694385074800693,0.42777777777777776,nan,nan,0.9882629359309084,0.971350055093565
digits_pca32,6,post_footprint_off,post,footprint,off,6.486528040939776e-17,0.4834642672644479,0.4602272727272727,nan,nan,0.9882629359309084,0.971350055093565
digits_pca32,6,post_footprint_on,post,footprint,on,4.199473400405512e-08,0.6915877584696231,0.5083798882681564,nan,nan,0.9882629359309084,0.971350055093565
digits_pca32,6,post_mass_off,post,mass,off,3.926619071038575e-17,0.4776210686526826,0.4444444444444444,nan,nan,0.9882629359309084,0.971350055093565
digits_pca32,6,post_mass_on,post,mass,on,2.665622837350225e-07,0.6974006688891127,0.5277777777777778,nan,nan,0.9882629359309084,0.971350055093565
digits_pca32,6,pre_none_off,pre,none,off,5.66817575236144e-17,0.4879494500119927,0.45054945054945056,nan,nan,0.9882629359309084,0.971350055093565
digits_pca32,6,pre_none_on,pre,none,on,4.686074987117637e-07,0.707216010051046,0.45,nan,nan,0.9882629359309084,0.971350055093565
digits_pca32,6,pre_footprint_off,pre,footprint,off,5.083151917729463e-17,0.5018158581040001,0.45555555555555555,nan,nan,0.9882629359309084,0.971350055093565
digits_pca32,6,pre_footprint_on,pre,footprint,on,7.444668631034394e-08,0.7116768193959757,0.5363128491620112,nan,nan,0.9882629359309084,0.971350055093565
digits_pca32,6,pre_mass_off,pre,mass,off,5.377330124187817e-17,0.46246830601043837,0.42857142857142855,nan,nan,0.9882629359309084,0.971350055093565
digits_pca32,6,pre_mass_on,pre,mass,on,2.4771335620531616e-07,0.7004700852301179,0.510989010989011,nan,nan,0.9882629359309084,0.971350055093565
digits_pca32,7,post_none_off,post,none,off,5.0767795669555887e-17,0.49141713187293234,0.4725274725274725,nan,nan,0.9848835888298197,0.9855718093216611
digits_pca32,7,post_none_on,post,none,on,1.828231798336669e-05,0.7177993130747694,0.5055555555555555,nan,nan,0.9848835888298197,0.9855718093216611
digits_pca32,7,post_footprint_off,post,footprint,off,6.128576555675178e-17,0.4758734771138782,0.46111111111111114,nan,nan,0.9848835888298197,0.9855718093216611
digits_pca32,7,post_footprint_on,post,footprint,on,6.033913761930466e-07,0.5323430635501453,0.34806629834254144,nan,nan,0.9848835888298197,0.9855718093216611
digits_pca32,7,post_mass_off,post,mass,off,4.7767073488582085e-17,0.4857582044948258,0.46368715083798884,nan,nan,0.9848835888298197,0.9855718093216611
digits_pca32,7,post_mass_on,post,mass,on,6.377939104700324e-06,0.7034749632103482,0.5604395604395604,nan,nan,0.9848835888298197,0.9855718093216611
digits_pca32,7,pre_none_off,pre,none,off,4.7741161765431886e-17,0.4848391735394584,0.45555555555555555,nan,nan,0.9848835888298197,0.9855718093216611
digits_pca32,7,pre_none_on,pre,none,on,8.881679000249749e-06,0.7283491455150609,0.5494505494505495,nan,nan,0.9848835888298197,0.9855718093216611
digits_pca32,7,pre_footprint_off,pre,footprint,off,5.732833044976254e-17,0.4988092353139238,0.45,nan,nan,0.9848835888298197,0.9855718093216611
digits_pca32,7,pre_footprint_on,pre,footprint,on,3.633793464632289e-06,0.5466433541371248,0.3425414364640884,nan,nan,0.9848835888298197,0.9855718093216611
digits_pca32,7,pre_mass_off,pre,mass,off,4.68770395126516e-17,0.4885428744227561,0.46703296703296704,nan,nan,0.9848835888298197,0.9855718093216611
digits_pca32,7,pre_mass_on,pre,mass,on,2.1210461976286897e-06,0.7001943327836168,0.5055555555555555,nan,nan,0.9848835888298197,0.9855718093216611
digits_pca32,8,post_none_off,post,none,off,5.09182008421835e-17,0.4964526052123198,0.4666666666666667,nan,nan,0.9837601889136489,0.9778615916514095
digits_pca32,8,post_none_on,post,none,on,1.995938531961972e-06,0.7178164896963133,0.5054945054945055,nan,nan,0.9837601889136489,0.9778615916514095
digits_pca32,8,post_footprint_off,post,footprint,off,4.7862355185692696e-17,0.4768434049432625,0.45054945054945056,nan,nan,0.9837601889136489,0.9778615916514095
digits_pca32,8,post_footprint_on,post,footprint,on,7.306968062640472e-06,0.6351964821512277,0.4175824175824176,nan,nan,0.9837601889136489,0.9778615916514095
digits_pca32,8,post_mass_off,post,mass,off,5.494412677359189e-17,0.4908616780706191,0.47513812154696133,nan,nan,0.9837601889136489,0.9778615916514095
digits_pca32,8,post_mass_on,post,mass,on,2.45697785238944e-06,0.6734265803656736,0.5027624309392266,nan,nan,0.9837601889136489,0.9778615916514095
digits_pca32,8,pre_none_off,pre,none,off,4.328021137492525e-17,0.5197213220195248,0.489010989010989,nan,nan,0.9837601889136489,0.9778615916514095
digits_pca32,8,pre_none_on,pre,none,on,1.8039293184130566e-05,0.7317095559401381,0.510989010989011,nan,nan,0.9837601889136489,0.9778615916514095
digits_pca32,8,pre_footprint_off,pre,footprint,off,4.336411678015379e-17,0.5449387579822684,0.45,nan,nan,0.9837601889136489,0.9778615916514095
digits_pca32,8,pre_footprint_on,pre,footprint,on,1.3444656741270546e-05,0.6279424252305856,0.42857142857142855,nan,nan,0.9837601889136489,0.9778615916514095
digits_pca32,8,pre_mass_off,pre,mass,off,5.272236331977446e-17,0.4830267485008921,0.45604395604395603,nan,nan,0.9837601889136489,0.9778615916514095
digits_pca32,8,pre_mass_on,pre,mass,on,2.010119709215391e-06,0.6752794008981962,0.510989010989011,nan,nan,0.9837601889136489,0.9778615916514095
digits_pca32,9,post_none_off,post,none,off,4.801529358020162e-17,0.4791790414178143,0.4666666666666667,nan,nan,0.9774823103445367,0.9830119002124772
digits_pca32,9,post_none_on,post,none,on,6.007683337544682e-08,0.69939464793683,0.5,nan,nan,0.9774823103445367,0.9830119002124772
digits_pca32,9,post_footprint_off,post,footprint,off,5.852930892962974e-17,0.4896471578870275,0.4715909090909091,nan,nan,0.9774823103445367,0.9830119002124772
digits_pca32,9,post_footprint_on,post,footprint,on,1.4760933825802352e-08,0.6758518143315075,0.5027932960893855,nan,nan,0.9774823103445367,0.9830119002124772
digits_pca32,9,post_mass_off,post,mass,off,5.267192076571457e-17,0.4935402956753931,0.4748603351955307,nan,nan,0.9774823103445367,0.9830119002124772
digits_pca32,9,post_mass_on,post,mass,on,5.61089152176448e-08,0.7048669727001811,0.5494505494505495,nan,nan,0.9774823103445367,0.9830119002124772
digits_pca32,9,pre_none_off,pre,none,off,5.599418119314083e-17,0.48526159289983084,0.4722222222222222,nan,nan,0.9774823103445367,0.9830119002124772
digits_pca32,9,pre_none_on,pre,none,on,5.497961716190237e-07,0.7121917138678504,0.510989010989011,nan,nan,0.9774823103445367,0.9830119002124772
digits_pca32,9,pre_footprint_off,pre,footprint,off,5.976426610412239e-17,0.5081231759712583,0.45,nan,nan,0.9774823103445367,0.9830119002124772
digits_pca32,9,pre_footprint_on,pre,footprint,on,1.8304394957557364e-07,0.6920316913525743,0.532967032967033,nan,nan,0.9774823103445367,0.9830119002124772
digits_pca32,9,pre_mass_off,pre,mass,off,5.171770084357001e-17,0.4835985460733288,0.46111111111111114,nan,nan,0.9774823103445367,0.9830119002124772
digits_pca32,9,pre_mass_on,pre,mass,on,9.744125038622291e-08,0.7065560723872343,0.5384615384615384,nan,nan,0.9774823103445367,0.9830119002124772
dirichlet_0.03,0,post_none_off,post,none,off,0.8165801589795443,0.8723484848484849,0.7545454545454545,0.9996696981009423,1.0,0.9976405141078375,0.997732028913393
dirichlet_0.03,0,post_none_on,post,none,on,0.8847686590456495,0.4859848484848485,0.33181818181818185,0.9996696981009423,1.0,0.9976405141078375,0.997732028913393
dirichlet_0.03,0,post_footprint_off,post,footprint,off,6.125979531061227,1.0,1.0,0.9996696981009423,1.0,0.9976405141078375,0.997732028913393
dirichlet_0.03,0,post_footprint_on,post,footprint,on,6.099330123109922,1.0,1.0,0.9996696981009423,1.0,0.9976405141078375,0.997732028913393
dirichlet_0.03,0,post_mass_off,post,mass,off,6.126450977744731,1.0,1.0,0.9996696981009423,1.0,0.9976405141078375,0.997732028913393
dirichlet_0.03,0,post_mass_on,post,mass,on,6.302578384878172,1.0,1.0,0.9996696981009423,1.0,0.9976405141078375,0.997732028913393
dirichlet_0.03,0,pre_none_off,pre,none,off,8.585247231760992,1.0,1.0,0.9996696981009423,1.0,0.9976405141078375,0.997732028913393
dirichlet_0.03,0,pre_none_on,pre,none,on,8.73476377715324,0.5018939393939394,0.38636363636363635,0.9996696981009423,1.0,0.9976405141078375,0.997732028913393
dirichlet_0.03,0,pre_footprint_off,pre,footprint,off,8.605034433647333,1.0,1.0,0.9996696981009423,1.0,0.9976405141078375,0.997732028913393
dirichlet_0.03,0,pre_footprint_on,pre,footprint,on,8.391584395923724,1.0,1.0,0.9996696981009423,1.0,0.9976405141078375,0.997732028913393
dirichlet_0.03,0,pre_mass_off,pre,mass,off,8.604986266372476,1.0,1.0,0.9996696981009423,1.0,0.9976405141078375,0.997732028913393
dirichlet_0.03,0,pre_mass_on,pre,mass,on,8.391490732577022,1.0,1.0,0.9996696981009423,1.0,0.9976405141078375,0.997732028913393
dirichlet_0.03,1,post_none_off,post,none,off,0.0978860433660758,0.9359848484848484,0.6090909090909091,0.9999120322451452,1.0,0.9999004897665189,0.9999970960549113
dirichlet_0.03,1,post_none_on,post,none,on,0.5580947368332423,0.4507575757575757,0.33636363636363636,0.9999120322451452,1.0,0.9999004897665189,0.9999970960549113
dirichlet_0.03,1,post_footprint_off,post,footprint,off,6.222300038490889,1.0,1.0,0.9999120322451452,1.0,0.9999004897665189,0.9999970960549113
dirichlet_0.03,1,post_footprint_on,post,footprint,on,6.73052963535583,1.0,1.0,0.9999120322451452,1.0,0.9999004897665189,0.9999970960549113
dirichlet_0.03,1,post_mass_off,post,mass,off,6.218628593970937,1.0,1.0,0.9999120322451452,1.0,0.9999004897665189,0.9999970960549113
dirichlet_0.03,1,post_mass_on,post,mass,on,6.729622402504835,1.0,1.0,0.9999120322451452,1.0,0.9999004897665189,0.9999970960549113
dirichlet_0.03,1,pre_none_off,pre,none,off,7.23551067872796,1.0,1.0,0.9999120322451452,1.0,0.9999004897665189,0.9999970960549113
dirichlet_0.03,1,pre_none_on,pre,none,on,7.978642276503035,0.48106060606060597,0.4,0.9999120322451452,1.0,0.9999004897665189,0.9999970960549113
dirichlet_0.03,1,pre_footprint_off,pre,footprint,off,7.181909021689274,1.0,1.0,0.9999120322451452,1.0,0.9999004897665189,0.9999970960549113
dirichlet_0.03,1,pre_footprint_on,pre,footprint,on,8.260221151553937,1.0,1.0,0.9999120322451452,1.0,0.9999004897665189,0.9999970960549113
dirichlet_0.03,1,pre_mass_off,pre,mass,off,7.182111996024312,1.0,1.0,0.9999120322451452,1.0,0.9999004897665189,0.9999970960549113
dirichlet_0.03,1,pre_mass_on,pre,mass,on,8.260262908904036,1.0,1.0,0.9999120322451452,1.0,0.9999004897665189,0.9999970960549113
dirichlet_0.03,2,post_none_off,post,none,off,0.6143813577362764,0.9393939393939394,0.5590909090909091,0.9957539080940063,0.9772050896523576,0.9930297969212002,0.9799986387596616
dirichlet_0.03,2,post_none_on,post,none,on,0.3192234916183869,0.47083333333333327,0.3,0.9957539080940063,0.9772050896523576,0.9930297969212002,0.9799986387596616
dirichlet_0.03,2,post_footprint_off,post,footprint,off,1.3130915403579995,0.8227272727272728,0.5636363636363636,0.9957539080940063,0.9772050896523576,0.9930297969212002,0.9799986387596616
dirichlet_0.03,2,post_footprint_on,post,footprint,on,0.989011483561169,0.7909090909090909,0.5227272727272727,0.9957539080940063,0.9772050896523576,0.9930297969212002,0.9799986387596616
dirichlet_0.03,2,post_mass_off,post,mass,off,1.2932286755169475,0.8140151515151515,0.5409090909090909,0.9957539080940063,0.9772050896523576,0.9930297969212002,0.9799986387596616
dirichlet_0.03,2,post_mass_on,post,mass,on,7.665642357077171,1.0,1.0,0.9957539080940063,0.9772050896523576,0.9930297969212002,0.9799986387596616
dirichlet_0.03,2,pre_none_off,pre,none,off,8.469635892913791,1.0,1.0,0.9957539080940063,0.9772050896523576,0.9930297969212002,0.9799986387596616
dirichlet_0.03,2,pre_none_on,pre,none,on,8.19974380802765,0.5363636363636363,0.39545454545454545,0.9957539080940063,0.9772050896523576,0.9930297969212002,0.9799986387596616
dirichlet_0.03,2,pre_footprint_off,pre,footprint,off,1.1057331062009523,0.7159090909090909,0.509090909090909,0.9957539080940063,0.9772050896523576,0.9930297969212002,0.9799986387596616
dirichlet_0.03,2,pre_footprint_on,pre,footprint,on,0.885164997237013,0.7473484848484847,0.509090909090909,0.9957539080940063,0.9772050896523576,0.9930297969212002,0.9799986387596616
dirichlet_0.03,2,pre_mass_off,pre,mass,off,1.1195118583610195,0.7162878787878787,0.5,0.9957539080940063,0.9772050896523576,0.9930297969212002,0.9799986387596616
dirichlet_0.03,2,pre_mass_on,pre,mass,on,0.8433046857184318,0.7522727272727273,0.5318181818181819,0.9957539080940063,0.9772050896523576,0.9930297969212002,0.9799986387596616
dirichlet_0.03,3,post_none_off,post,none,off,0.9854271384555231,0.984469696969697,0.85,0.9998487820401943,1.0,0.999702236617046,0.996176571832415
dirichlet_0.03,3,post_none_on,post,none,on,1.1289375346703254,0.5162878787878789,0.35909090909090907,0.9998487820401943,1.0,0.999702236617046,0.996176571832415
dirichlet_0.03,3,post_footprint_off,post,footprint,off,6.001774189013943,1.0,1.0,0.9998487820401943,1.0,0.999702236617046,0.996176571832415
dirichlet_0.03,3,post_footprint_on,post,footprint,on,7.038689913037111,1.0,1.0,0.9998487820401943,1.0,0.999702236617046,0.996176571832415
dirichlet_0.03,3,post_mass_off,post,mass,off,6.046431681448152,1.0,1.0,0.9998487820401943,1.0,0.999702236617046,0.996176571832415
dirichlet_0.03,3,post_mass_on,post,mass,on,7.046880221755663,1.0,1.0,0.9998487820401943,1.0,0.999702236617046,0.996176571832415
dirichlet_0.03,3,pre_none_off,pre,none,off,7.704074201722371,1.0,1.0,0.9998487820401943,1.0,0.999702236617046,0.996176571832415
dirichlet_0.03,3,pre_none_on,pre,none,on,7.630047054027357,0.5321969696969697,0.37272727272727274,0.9998487820401943,1.0,0.999702236617046,0.996176571832415
dirichlet_0.03,3,pre_footprint_off,pre,footprint,off,7.735407711064085,1.0,1.0,0.9998487820401943,1.0,0.999702236617046,0.996176571832415
dirichlet_0.03,3,pre_footprint_on,pre,footprint,on,8.5888936937313,1.0,1.0,0.9998487820401943,1.0,0.999702236617046,0.996176571832415
dirichlet_0.03,3,pre_mass_off,pre,mass,off,7.734875089246082,1.0,1.0,0.9998487820401943,1.0,0.999702236617046,0.996176571832415
dirichlet_0.03,3,pre_mass_on,pre,mass,on,8.591246873365723,1.0,1.0,0.9998487820401943,1.0,0.999702236617046,0.996176571832415
dirichlet_0.03,4,post_none_off,post,none,off,0.5138725949569053,0.6999999999999998,0.4,0.9996281512926469,0.9694160968212877,0.9948007136334535,0.9566406201753519
dirichlet_0.03,4,post_none_on,post,none,on,1.004173373228928,0.41931818181818176,0.33181818181818185,0.9996281512926469,0.9694160968212877,0.9948007136334535,0.9566406201753519
dirichlet_0.03,4,post_footprint_off,post,footprint,off,6.586766475333614,1.0,1.0,0.9996281512926469,0.9694160968212877,0.9948007136334535,0.9566406201753519
dirichlet_0.03,4,post_footprint_on,post,footprint,on,7.916346879470694,1.0,1.0,0.9996281512926469,0.9694160968212877,0.9948007136334535,0.9566406201753519
dirichlet_0.03,4,post_mass_off,post,mass,off,6.583671591866831,1.0,1.0,0.9996281512926469,0.9694160968212877,0.9948007136334535,0.9566406201753519
dirichlet_0.03,4,post_mass_on,post,mass,on,7.917696905414179,1.0,1.0,0.9996281512926469,0.9694160968212877,0.9948007136334535,0.9566406201753519
dirichlet_0.03,4,pre_none_off,pre,none,off,8.442515610609846,1.0,1.0,0.9996281512926469,0.9694160968212877,0.9948007136334535,0.9566406201753519
dirichlet_0.03,4,pre_none_on,pre,none,on,8.382892067369735,0.47689393939393937,0.37272727272727274,0.9996281512926469,0.9694160968212877,0.9948007136334535,0.9566406201753519
dirichlet_0.03,4,pre_footprint_off,pre,footprint,off,8.496380117378466,1.0,1.0,0.9996281512926469,0.9694160968212877,0.9948007136334535,0.9566406201753519
dirichlet_0.03,4,pre_footprint_on,pre,footprint,on,0.9216777245418679,0.8041666666666667,0.5,0.9996281512926469,0.9694160968212877,0.9948007136334535,0.9566406201753519
dirichlet_0.03,4,pre_mass_off,pre,mass,off,7.602506644741744,1.0,1.0,0.9996281512926469,0.9694160968212877,0.9948007136334535,0.9566406201753519
dirichlet_0.03,4,pre_mass_on,pre,mass,on,8.495680594448421,1.0,1.0,0.9996281512926469,0.9694160968212877,0.9948007136334535,0.9566406201753519
dirichlet_0.03,5,post_none_off,post,none,off,0.9835252933875953,0.7886363636363636,0.5272727272727272,0.9996698213431151,0.9847080484106439,0.9977973285695866,0.9829106890771755
dirichlet_0.03,5,post_none_on,post,none,on,0.906132532412661,0.5060606060606061,0.35,0.9996698213431151,0.9847080484106439,0.9977973285695866,0.9829106890771755
dirichlet_0.03,5,post_footprint_off,post,footprint,off,7.02132998859507,1.0,1.0,0.9996698213431151,0.9847080484106439,0.9977973285695866,0.9829106890771755
dirichlet_0.03,5,post_footprint_on,post,footprint,on,0.27113384819005926,0.8727272727272727,0.5181818181818182,0.9996698213431151,0.9847080484106439,0.9977973285695866,0.9829106890771755
dirichlet_0.03,5,post_mass_off,post,mass,off,7.030488092102875,1.0,1.0,0.9996698213431151,0.9847080484106439,0.9977973285695866,0.9829106890771755
dirichlet_0.03,5,post_mass_on,post,mass,on,7.683253210229956,1.0,1.0,0.9996698213431151,0.9847080484106439,0.9977973285695866,0.9829106890771755
dirichlet_0.03,5,pre_none_off,pre,none,off,0.9961170704166142,0.8712121212121212,0.5136363636363637,0.9996698213431151,0.9847080484106439,0.9977973285695866,0.9829106890771755
dirichlet_0.03,5,pre_none_on,pre,none,on,0.6691546214124668,0.55,0.38181818181818183,0.9996698213431151,0.9847080484106439,0.9977973285695866,0.9829106890771755
dirichlet_0.03,5,pre_footprint_off,pre,footprint,off,1.0146597036099858,0.8643939393939394,0.5136363636363637,0.9996698213431151,0.9847080484106439,0.9977973285695866,0.9829106890771755
dirichlet_0.03,5,pre_footprint_on,pre,footprint,on,0.4541142909485891,0.8719696969696971,0.5045454545454545,0.9996698213431151,0.9847080484106439,0.9977973285695866,0.9829106890771755
dirichlet_0.03,5,pre_mass_off,pre,mass,off,1.0142449427272782,0.8651515151515151,0.5136363636363637,0.9996698213431151,0.9847080484106439,0.9977973285695866,0.9829106890771755
dirichlet_0.03,5,pre_mass_on,pre,mass,on,0.46508131278237885,0.8715909090909091,0.5045454545454545,0.9996698213431151,0.9847080484106439,0.9977973285695866,0.9829106890771755
dirichlet_0.03,6,post_none_off,post,none,off,0.3434061147537136,0.943939393939394,0.8681818181818182,0.9994495453870041,0.9847080484106439,0.9990901466721697,0.9750501384670865
dirichlet_0.03,6,post_none_on,post,none,on,0.6526836046691554,0.4856060606060606,0.35909090909090907,0.9994495453870041,0.9847080484106439,0.9990901466721697,0.9750501384670865
dirichlet_0.03,6,post_footprint_off,post,footprint,off,6.477903440026809,1.0,1.0,0.9994495453870041,0.9847080484106439,0.9990901466721697,0.9750501384670865
dirichlet_0.03,6,post_footprint_on,post,footprint,on,7.568373193465803,1.0,1.0,0.9994495453870041,0.9847080484106439,0.9990901466721697,0.9750501384670865
dirichlet_0.03,6,post_mass_off,post,mass,off,6.484178534047772,1.0,1.0,0.9994495453870041,0.9847080484106439,0.9990901466721697,0.9750501384670865
dirichlet_0.03,6,post_mass_on,post,mass,on,7.572331623530524,1.0,1.0,0.9994495453870041,0.9847080484106439,0.9990901466721697,0.9750501384670865
dirichlet_0.03,6,pre_none_off,pre,none,off,8.5290585082971,1.0,1.0,0.9994495453870041,0.9847080484106439,0.9990901466721697,0.9750501384670865
dirichlet_0.03,6,pre_none_on,pre,none,on,1.2524953308939772,0.47462121212121205,0.36818181818181817,0.9994495453870041,0.9847080484106439,0.9990901466721697,0.9750501384670865
dirichlet_0.03,6,pre_footprint_off,pre,footprint,off,8.563723029862349,1.0,1.0,0.9994495453870041,0.9847080484106439,0.9990901466721697,0.9750501384670865
dirichlet_0.03,6,pre_footprint_on,pre,footprint,on,8.562758608682314,1.0,1.0,0.9994495453870041,0.9847080484106439,0.9990901466721697,0.9750501384670865
dirichlet_0.03,6,pre_mass_off,pre,mass,off,8.563724426281741,1.0,1.0,0.9994495453870041,0.9847080484106439,0.9990901466721697,0.9750501384670865
dirichlet_0.03,6,pre_mass_on,pre,mass,on,8.562279490387093,1.0,1.0,0.9994495453870041,0.9847080484106439,0.9990901466721697,0.9750501384670865
dirichlet_0.03,7,post_none_off,post,none,off,0.6782365859842354,0.9424242424242425,0.7318181818181818,0.9996618483364075,1.0,0.9995426951176934,0.9999521281278397
dirichlet_0.03,7,post_none_on,post,none,on,2.4409124298591762,0.6037878787878788,0.40454545454545454,0.9996618483364075,1.0,0.9995426951176934,0.9999521281278397
dirichlet_0.03,7,post_footprint_off,post,footprint,off,7.231166803912996,1.0,1.0,0.9996618483364075,1.0,0.9995426951176934,0.9999521281278397
dirichlet_0.03,7,post_footprint_on,post,footprint,on,7.37292924508451,1.0,1.0,0.9996618483364075,1.0,0.9995426951176934,0.9999521281278397
dirichlet_0.03,7,post_mass_off,post,mass,off,7.237172617232373,1.0,1.0,0.9996618483364075,1.0,0.9995426951176934,0.9999521281278397
dirichlet_0.03,7,post_mass_on,post,mass,on,7.37267376581848,1.0,1.0,0.9996618483364075,1.0,0.9995426951176934,0.9999521281278397
dirichlet_0.03,7,pre_none_off,pre,none,off,7.928660942862342,1.0,1.0,0.9996618483364075,1.0,0.9995426951176934,0.9999521281278397
dirichlet_0.03,7,pre_none_on,pre,none,on,8.26858237749997,0.6007575757575759,0.41363636363636364,0.9996618483364075,1.0,0.9995426951176934,0.9999521281278397
dirichlet_0.03,7,pre_footprint_off,pre,footprint,off,8.001305308171215,1.0,1.0,0.9996618483364075,1.0,0.9995426951176934,0.9999521281278397
dirichlet_0.03,7,pre_footprint_on,pre,footprint,on,8.031068966374244,1.0,1.0,0.9996618483364075,1.0,0.9995426951176934,0.9999521281278397
dirichlet_0.03,7,pre_mass_off,pre,mass,off,8.003902280871378,1.0,1.0,0.9996618483364075,1.0,0.9995426951176934,0.9999521281278397
dirichlet_0.03,7,pre_mass_on,pre,mass,on,8.033286302781626,1.0,1.0,0.9996618483364075,1.0,0.9995426951176934,0.9999521281278397
dirichlet_0.03,8,post_none_off,post,none,off,0.5633509539905867,0.8852272727272728,0.6318181818181818,0.9994440905820231,1.0,0.9984129872774161,0.9906620095088091
dirichlet_0.03,8,post_none_on,post,none,on,0.7114579697858514,0.48484848484848486,0.39545454545454545,0.9994440905820231,1.0,0.9984129872774161,0.9906620095088091
dirichlet_0.03,8,post_footprint_off,post,footprint,off,6.884240199510535,1.0,1.0,0.9994440905820231,1.0,0.9984129872774161,0.9906620095088091
dirichlet_0.03,8,post_footprint_on,post,footprint,on,7.332179275980633,1.0,1.0,0.9994440905820231,1.0,0.9984129872774161,0.9906620095088091
dirichlet_0.03,8,post_mass_off,post,mass,off,6.923763027663656,1.0,1.0,0.9994440905820231,1.0,0.9984129872774161,0.9906620095088091
dirichlet_0.03,8,post_mass_on,post,mass,on,7.3391307782406585,1.0,1.0,0.9994440905820231,1.0,0.9984129872774161,0.9906620095088091
dirichlet_0.03,8,pre_none_off,pre,none,off,8.387916763737392,1.0,1.0,0.9994440905820231,1.0,0.9984129872774161,0.9906620095088091
dirichlet_0.03,8,pre_none_on,pre,none,on,8.13455550350117,0.5246212121212123,0.4318181818181818,0.9994440905820231,1.0,0.9984129872774161,0.9906620095088091
dirichlet_0.03,8,pre_footprint_off,pre,footprint,off,8.434068404772761,1.0,1.0,0.9994440905820231,1.0,0.9984129872774161,0.9906620095088091
dirichlet_0.03,8,pre_footprint_on,pre,footprint,on,8.398678885909836,1.0,1.0,0.9994440905820231,1.0,0.9984129872774161,0.9906620095088091
dirichlet_0.03,8,pre_mass_off,pre,mass,off,8.433960888457648,1.0,1.0,0.9994440905820231,1.0,0.9984129872774161,0.9906620095088091
dirichlet_0.03,8,pre_mass_on,pre,mass,on,8.398840592047526,1.0,1.0,0.9994440905820231,1.0,0.9984129872774161,0.9906620095088091
dirichlet_0.03,9,post_none_off,post,none,off,1.1762084625260922,0.9636363636363637,0.8272727272727273,0.9997409954574539,0.9847080484106439,0.9982485367075249,0.9738846950948312
dirichlet_0.03,9,post_none_on,post,none,on,0.6156308751462525,0.5261363636363636,0.38181818181818183,0.9997409954574539,0.9847080484106439,0.9982485367075249,0.9738846950948312
dirichlet_0.03,9,post_footprint_off,post,footprint,off,6.16011019782061,1.0,1.0,0.9997409954574539,0.9847080484106439,0.9982485367075249,0.9738846950948312
dirichlet_0.03,9,post_footprint_on,post,footprint,on,7.385626480566294,1.0,1.0,0.9997409954574539,0.9847080484106439,0.9982485367075249,0.9738846950948312
dirichlet_0.03,9,post_mass_off,post,mass,off,6.150110054606038,1.0,1.0,0.9997409954574539,0.9847080484106439,0.9982485367075249,0.9738846950948312
dirichlet_0.03,9,post_mass_on,post,mass,on,7.385500380388914,1.0,1.0,0.9997409954574539,0.9847080484106439,0.9982485367075249,0.9738846950948312
dirichlet_0.03,9,pre_none_off,pre,none,off,7.18721580935972,1.0,1.0,0.9997409954574539,0.9847080484106439,0.9982485367075249,0.9738846950948312
dirichlet_0.03,9,pre_none_on,pre,none,on,8.111683752777584,0.5435606060606061,0.36363636363636365,0.9997409954574539,0.9847080484106439,0.9982485367075249,0.9738846950948312
dirichlet_0.03,9,pre_footprint_off,pre,footprint,off,8.23435195637039,1.0,1.0,0.9997409954574539,0.9847080484106439,0.9982485367075249,0.9738846950948312
dirichlet_0.03,9,pre_footprint_on,pre,footprint,on,1.1965579725351851,0.7912878787878789,0.5045454545454545,0.9997409954574539,0.9847080484106439,0.9982485367075249,0.9738846950948312
dirichlet_0.03,9,pre_mass_off,pre,mass,off,8.23482154888005,1.0,1.0,0.9997409954574539,0.9847080484106439,0.9982485367075249,0.9738846950948312
dirichlet_0.03,9,pre_mass_on,pre,mass,on,1.2161019412088947,0.8053030303030303,0.5045454545454545,0.9997409954574539,0.9847080484106439,0.9982485367075249,0.9738846950948312
dirichlet_0.1,0,post_none_off,post,none,off,1.2433765327731672,0.9037878787878788,0.6409090909090909,0.9998488567003357,0.9694160968212877,0.9986227071288054,0.9744367116892714
dirichlet_0.1,0,post_none_on,post,none,on,1.5714160338402812,0.6106060606060605,0.4,0.9998488567003357,0.9694160968212877,0.9986227071288054,0.9744367116892714
dirichlet_0.1,0,post_footprint_off,post,footprint,off,7.210001243082643,1.0,1.0,0.9998488567003357,0.9694160968212877,0.9986227071288054,0.9744367116892714
dirichlet_0.1,0,post_footprint_on,post,footprint,on,7.396263114862932,1.0,1.0,0.9998488567003357,0.9694160968212877,0.9986227071288054,0.9744367116892714
dirichlet_0.1,0,post_mass_off,post,mass,off,7.210215155798991,1.0,1.0,0.9998488567003357,0.9694160968212877,0.9986227071288054,0.9744367116892714
dirichlet_0.1,0,post_mass_on,post,mass,on,7.544129924077718,1.0,1.0,0.9998488567003357,0.9694160968212877,0.9986227071288054,0.9744367116892714
dirichlet_0.1,0,pre_none_off,pre,none,off,8.231239914977493,1.0,1.0,0.9998488567003357,0.9694160968212877,0.9986227071288054,0.9744367116892714
dirichlet_0.1,0,pre_none_on,pre,none,on,7.945739519305123,0.631439393939394,0.45,0.9998488567003357,0.9694160968212877,0.9986227071288054,0.9744367116892714
dirichlet_0.1,0,pre_footprint_off,pre,footprint,off,8.272308238668284,1.0,1.0,0.9998488567003357,0.9694160968212877,0.9986227071288054,0.9744367116892714
dirichlet_0.1,0,pre_footprint_on,pre,footprint,on,8.284686911458165,1.0,1.0,0.9998488567003357,0.9694160968212877,0.9986227071288054,0.9744367116892714
dirichlet_0.1,0,pre_mass_off,pre,mass,off,8.272396000181972,1.0,1.0,0.9998488567003357,0.9694160968212877,0.9986227071288054,0.9744367116892714
dirichlet_0.1,0,pre_mass_on,pre,mass,on,8.285025397987024,1.0,1.0,0.9998488567003357,0.9694160968212877,0.9986227071288054,0.9744367116892714
dirichlet_0.1,1,post_none_off,post,none,off,3.0156795824743923,1.0,1.0,0.9997138061280113,0.9680413817439772,0.9986866922723026,0.9890791664817528
dirichlet_0.1,1,post_none_on,post,none,on,1.303419138073624,0.6617424242424242,0.38636363636363635,0.9997138061280113,0.9680413817439772,0.9986866922723026,0.9890791664817528
dirichlet_0.1,1,post_footprint_off,post,footprint,off,7.67009489064149,1.0,1.0,0.9997138061280113,0.9680413817439772,0.9986866922723026,0.9890791664817528
dirichlet_0.1,1,post_footprint_on,post,footprint,on,7.689244702440898,1.0,1.0,0.9997138061280113,0.9680413817439772,0.9986866922723026,0.9890791664817528
dirichlet_0.1,1,post_mass_off,post,mass,off,7.667627157260686,1.0,1.0,0.9997138061280113,0.9680413817439772,0.9986866922723026,0.9890791664817528
dirichlet_0.1,1,post_mass_on,post,mass,on,7.687668752096587,1.0,1.0,0.9997138061280113,0.9680413817439772,0.9986866922723026,0.9890791664817528
dirichlet_0.1,1,pre_none_off,pre,none,off,8.0692223424736,1.0,1.0,0.9997138061280113,0.9680413817439772,0.9986866922723026,0.9890791664817528
dirichlet_0.1,1,pre_none_on,pre,none,on,8.14862871254387,0.6897727272727273,0.42272727272727273,0.9997138061280113,0.9680413817439772,0.9986866922723026,0.9890791664817528
dirichlet_0.1,1,pre_footprint_off,pre,footprint,off,8.156401989498333,1.0,1.0,0.9997138061280113,0.9680413817439772,0.9986866922723026,0.9890791664817528
dirichlet_0.1,1,pre_footprint_on,pre,footprint,on,8.143361964226235,1.0,1.0,0.9997138061280113,0.9680413817439772,0.9986866922723026,0.9890791664817528
dirichlet_0.1,1,pre_mass_off,pre,mass,off,8.152401636322832,1.0,1.0,0.9997138061280113,0.9680413817439772,0.9986866922723026,0.9890791664817528
dirichlet_0.1,1,pre_mass_on,pre,mass,on,8.140595542233156,1.0,1.0,0.9997138061280113,0.9680413817439772,0.9986866922723026,0.9890791664817528
dirichlet_0.1,2,post_none_off,post,none,off,0.8453611398210766,0.8871212121212121,0.6409090909090909,0.9899351748112842,0.9812163891034569,0.9885024972724713,0.9750443253966021
dirichlet_0.1,2,post_none_on,post,none,on,1.827633898006028,0.5784090909090909,0.35454545454545455,0.9899351748112842,0.9812163891034569,0.9885024972724713,0.9750443253966021
dirichlet_0.1,2,post_footprint_off,post,footprint,off,4.763597404892007,0.9988636363636365,0.990909090909091,0.9899351748112842,0.9812163891034569,0.9885024972724713,0.9750443253966021
dirichlet_0.1,2,post_footprint_on,post,footprint,on,1.2841473110614408,0.8242424242424242,0.5227272727272727,0.9899351748112842,0.9812163891034569,0.9885024972724713,0.9750443253966021
dirichlet_0.1,2,post_mass_off,post,mass,off,5.930962112711757,1.0,1.0,0.9899351748112842,0.9812163891034569,0.9885024972724713,0.9750443253966021
dirichlet_0.1,2,post_mass_on,post,mass,on,1.128007116503662,0.793560606060606,0.5363636363636364,0.9899351748112842,0.9812163891034569,0.9885024972724713,0.9750443253966021
dirichlet_0.1,2,pre_none_off,pre,none,off,1.1683173276512473,0.8053030303030305,0.509090909090909,0.9899351748112842,0.9812163891034569,0.9885024972724713,0.9750443253966021
dirichlet_0.1,2,pre_none_on,pre,none,on,1.1630797560130124,0.568939393939394,0.41818181818181815,0.9899351748112842,0.9812163891034569,0.9885024972724713,0.9750443253966021
dirichlet_0.1,2,pre_footprint_off,pre,footprint,off,1.1761462364747357,0.806439393939394,0.509090909090909,0.9899351748112842,0.9812163891034569,0.9885024972724713,0.9750443253966021
dirichlet_0.1,2,pre_footprint_on,pre,footprint,on,1.119773044544666,0.8170454545454545,0.5272727272727272,0.9899351748112842,0.9812163891034569,0.9885024972724713,0.9750443253966021
dirichlet_0.1,2,pre_mass_off,pre,mass,off,1.1815032126526601,0.8083333333333332,0.509090909090909,0.9899351748112842,0.9812163891034569,0.9885024972724713,0.9750443253966021
dirichlet_0.1,2,pre_mass_on,pre,mass,on,1.114934398763892,0.8178030303030304,0.5272727272727272,0.9899351748112842,0.9812163891034569,0.9885024972724713,0.9750443253966021
dirichlet_0.1,3,post_none_off,post,none,off,1.5481454106848045,0.9166666666666666,0.6045454545454545,0.9998306311422159,0.9847080484106439,0.9983324320922113,0.9818772149258266
dirichlet_0.1,3,post_none_on,post,none,on,1.2210106444733742,0.559090909090909,0.3409090909090909,0.9998306311422159,0.9847080484106439,0.9983324320922113,0.9818772149258266
dirichlet_0.1,3,post_footprint_off,post,footprint,off,7.724055244520456,1.0,1.0,0.9998306311422159,0.9847080484106439,0.9983324320922113,0.9818772149258266
dirichlet_0.1,3,post_footprint_on,post,footprint,on,7.69291138997118,1.0,1.0,0.9998306311422159,0.9847080484106439,0.9983324320922113,0.9818772149258266
dirichlet_0.1,3,post_mass_off,post,mass,off,7.717477902378327,1.0,1.0,0.9998306311422159,0.9847080484106439,0.9983324320922113,0.9818772149258266
dirichlet_0.1,3,post_mass_on,post,mass,on,7.693155905357156,1.0,1.0,0.9998306311422159,0.9847080484106439,0.9983324320922113,0.9818772149258266
dirichlet_0.1,3,pre_none_off,pre,none,off,8.404212103812155,1.0,1.0,0.9998306311422159,0.9847080484106439,0.9983324320922113,0.9818772149258266
dirichlet_0.1,3,pre_none_on,pre,none,on,7.3196701727496105,0.6121212121212122,0.34545454545454546,0.9998306311422159,0.9847080484106439,0.9983324320922113,0.9818772149258266
dirichlet_0.1,3,pre_footprint_off,pre,footprint,off,8.497565991972326,1.0,1.0,0.9998306311422159,0.9847080484106439,0.9983324320922113,0.9818772149258266
dirichlet_0.1,3,pre_footprint_on,pre,footprint,on,1.245005442400304,0.8734848484848484,0.5318181818181819,0.9998306311422159,0.9847080484106439,0.9983324320922113,0.9818772149258266
dirichlet_0.1,3,pre_mass_off,pre,mass,off,8.497678338766558,1.0,1.0,0.9998306311422159,0.9847080484106439,0.9983324320922113,0.9818772149258266
dirichlet_0.1,3,pre_mass_on,pre,mass,on,8.493359199740091,1.0,1.0,0.9998306311422159,0.9847080484106439,0.9983324320922113,0.9818772149258266
dirichlet_0.1,4,post_none_off,post,none,off,0.6930853607650299,0.8890151515151515,0.6636363636363637,0.9979993986492772,0.9333333333333332,0.9978569126342837,0.991183776652656
dirichlet_0.1,4,post_none_on,post,none,on,2.575868331087914,0.6090909090909091,0.39545454545454545,0.9979993986492772,0.9333333333333332,0.9978569126342837,0.991183776652656
dirichlet_0.1,4,post_footprint_off,post,footprint,off,1.0853418638886918,0.7761363636363635,0.5363636363636364,0.9979993986492772,0.9333333333333332,0.9978569126342837,0.991183776652656
dirichlet_0.1,4,post_footprint_on,post,footprint,on,3.579876855310411,0.9662878787878788,0.9,0.9979993986492772,0.9333333333333332,0.9978569126342837,0.991183776652656
dirichlet_0.1,4,post_mass_off,post,mass,off,1.0868302950278015,0.7757575757575758,0.5318181818181819,0.9979993986492772,0.9333333333333332,0.9978569126342837,0.991183776652656
dirichlet_0.1,4,post_mass_on,post,mass,on,0.8125121570893649,0.7852272727272727,0.5272727272727272,0.9979993986492772,0.9333333333333332,0.9978569126342837,0.991183776652656
dirichlet_0.1,4,pre_none_off,pre,none,off,7.764319195035167,1.0,1.0,0.9979993986492772,0.9333333333333332,0.9978569126342837,0.991183776652656
dirichlet_0.1,4,pre_none_on,pre,none,on,7.716509203583297,0.6571969696969697,0.44545454545454544,0.9979993986492772,0.9333333333333332,0.9978569126342837,0.991183776652656
dirichlet_0.1,4,pre_footprint_off,pre,footprint,off,1.0863600590608604,0.881060606060606,0.5045454545454545,0.9979993986492772,0.9333333333333332,0.9978569126342837,0.991183776652656
dirichlet_0.1,4,pre_footprint_on,pre,footprint,on,1.06493088521667,0.8928030303030301,0.5227272727272727,0.9979993986492772,0.9333333333333332,0.9978569126342837,0.991183776652656
dirichlet_0.1,4,pre_mass_off,pre,mass,off,1.086196699593715,0.8803030303030303,0.5045454545454545,0.9979993986492772,0.9333333333333332,0.9978569126342837,0.991183776652656
dirichlet_0.1,4,pre_mass_on,pre,mass,on,1.066930855451793,0.8924242424242422,0.5272727272727272,0.9979993986492772,0.9333333333333332,0.9978569126342837,0.991183776652656
dirichlet_0.1,5,post_none_off,post,none,off,0.9536978608982448,0.9250000000000002,0.740909090909091,0.9998146446688437,0.9694160968212877,0.999286758694311,0.9627925707213727
dirichlet_0.1,5,post_none_on,post,none,on,1.173278782374074,0.5306818181818181,0.38636363636363635,0.9998146446688437,0.9694160968212877,0.999286758694311,0.9627925707213727
dirichlet_0.1,5,post_footprint_off,post,footprint,off,6.342728892530833,1.0,1.0,0.9998146446688437,0.9694160968212877,0.999286758694311,0.9627925707213727
dirichlet_0.1,5,post_footprint_on,post,footprint,on,7.148189757736108,1.0,1.0,0.9998146446688437,0.9694160968212877,0.999286758694311,0.9627925707213727
dirichlet_0.1,5,post_mass_off,post,mass,off,6.343519221836953,1.0,1.0,0.9998146446688437,0.9694160968212877,0.999286758694311,0.9627925707213727
dirichlet_0.1,5,post_mass_on,post,mass,on,7.148696930717014,1.0,1.0,0.9998146446688437,0.9694160968212877,0.999286758694311,0.9627925707213727
dirichlet_0.1,5,pre_none_off,pre,none,off,7.949089437965468,1.0,1.0,0.9998146446688437,0.9694160968212877,0.999286758694311,0.9627925707213727
dirichlet_0.1,5,pre_none_on,pre,none,on,7.489553402731321,0.5901515151515152,0.4590909090909091,0.9998146446688437,0.9694160968212877,0.999286758694311,0.9627925707213727
dirichlet_0.1,5,pre_footprint_off,pre,footprint,off,7.995836658320742,1.0,1.0,0.9998146446688437,0.9694160968212877,0.999286758694311,0.9627925707213727
dirichlet_0.1,5,pre_footprint_on,pre,footprint,on,8.078256463239358,1.0,1.0,0.9998146446688437,0.9694160968212877,0.999286758694311,0.9627925707213727
dirichlet_0.1,5,pre_mass_off,pre,mass,off,7.995925948242968,1.0,1.0,0.9998146446688437,0.9694160968212877,0.999286758694311,0.9627925707213727
dirichlet_0.1,5,pre_mass_on,pre,mass,on,8.078383802156173,1.0,1.0,0.9998146446688437,0.9694160968212877,0.999286758694311,0.9627925707213727
dirichlet_0.1,6,post_none_off,post,none,off,2.3924116762105623,0.8958333333333334,0.7681818181818182,0.9998473549029696,0.9804316565815201,0.9971610251520795,0.9796724149604918
dirichlet_0.1,6,post_none_on,post,none,on,2.0606507702918573,0.6549242424242424,0.4,0.9998473549029696,0.9804316565815201,0.9971610251520795,0.9796724149604918
dirichlet_0.1,6,post_footprint_off,post,footprint,off,7.511462738353292,1.0,1.0,0.9998473549029696,0.9804316565815201,0.9971610251520795,0.9796724149604918
dirichlet_0.1,6,post_footprint_on,post,footprint,on,7.5543102490031195,1.0,1.0,0.9998473549029696,0.9804316565815201,0.9971610251520795,0.9796724149604918
dirichlet_0.1,6,post_mass_off,post,mass,off,7.511647088156172,1.0,1.0,0.9998473549029696,0.9804316565815201,0.9971610251520795,0.9796724149604918
dirichlet_0.1,6,post_mass_on,post,mass,on,7.553772798390227,1.0,1.0,0.9998473549029696,0.9804316565815201,0.9971610251520795,0.9796724149604918
dirichlet_0.1,6,pre_none_off,pre,none,off,8.125711401492568,1.0,1.0,0.9998473549029696,0.9804316565815201,0.9971610251520795,0.9796724149604918
dirichlet_0.1,6,pre_none_on,pre,none,on,8.034340904560487,0.7071969696969697,0.37272727272727274,0.9998473549029696,0.9804316565815201,0.9971610251520795,0.9796724149604918
dirichlet_0.1,6,pre_footprint_off,pre,footprint,off,8.192161825778186,1.0,1.0,0.9998473549029696,0.9804316565815201,0.9971610251520795,0.9796724149604918
dirichlet_0.1,6,pre_footprint_on,pre,footprint,on,8.192244196425216,1.0,1.0,0.9998473549029696,0.9804316565815201,0.9971610251520795,0.9796724149604918
dirichlet_0.1,6,pre_mass_off,pre,mass,off,8.191276934937585,1.0,1.0,0.9998473549029696,0.9804316565815201,0.9971610251520795,0.9796724149604918
dirichlet_0.1,6,pre_mass_on,pre,mass,on,8.19131916727663,1.0,1.0,0.9998473549029696,0.9804316565815201,0.9971610251520795,0.9796724149604918
dirichlet_0.1,7,post_none_off,post,none,off,1.0385891664513052,0.9068181818181817,0.5636363636363636,0.999880939982747,1.0,0.999815533229025,0.9997632953882432
dirichlet_0.1,7,post_none_on,post,none,on,1.727410015763974,0.6132575757575757,0.36818181818181817,0.999880939982747,1.0,0.999815533229025,0.9997632953882432
dirichlet_0.1,7,post_footprint_off,post,footprint,off,7.454952206273094,1.0,1.0,0.999880939982747,1.0,0.999815533229025,0.9997632953882432
dirichlet_0.1,7,post_footprint_on,post,footprint,on,7.615690996197605,1.0,1.0,0.999880939982747,1.0,0.999815533229025,0.9997632953882432
dirichlet_0.1,7,post_mass_off,post,mass,off,7.4509110789471,1.0,1.0,0.999880939982747,1.0,0.999815533229025,0.9997632953882432
dirichlet_0.1,7,post_mass_on,post,mass,on,7.61543812337155,1.0,1.0,0.999880939982747,1.0,0.999815533229025,0.9997632953882432
dirichlet_0.1,7,pre_none_off,pre,none,off,8.113590131256421,1.0,1.0,0.999880939982747,1.0,0.999815533229025,0.9997632953882432
dirichlet_0.1,7,pre_none_on,pre,none,on,8.130260000495106,0.6606060606060606,0.4590909090909091,0.999880939982747,1.0,0.999815533229025,0.9997632953882432
dirichlet_0.1,7,pre_footprint_off,pre,footprint,off,8.222330648670445,1.0,1.0,0.999880939982747,1.0,0.999815533229025,0.9997632953882432
dirichlet_0.1,7,pre_footprint_on,pre,footprint,on,8.25035544620582,1.0,1.0,0.999880939982747,1.0,0.999815533229025,0.9997632953882432
dirichlet_0.1,7,pre_mass_off,pre,mass,off,8.224848095652497,1.0,1.0,0.999880939982747,1.0,0.999815533229025,0.9997632953882432
dirichlet_0.1,7,pre_mass_on,pre,mass,on,8.251967965734766,1.0,1.0,0.999880939982747,1.0,0.999815533229025,0.9997632953882432
dirichlet_0.1,8,post_none_off,post,none,off,0.7652956232679846,0.8579545454545455,0.740909090909091,0.9997876432892564,0.9694160968212877,0.9989766816996367,0.9624989743484286
dirichlet_0.1,8,post_none_on,post,none,on,1.2361270055656335,0.49621212121212116,0.33636363636363636,0.9997876432892564,0.9694160968212877,0.9989766816996367,0.9624989743484286
dirichlet_0.1,8,post_footprint_off,post,footprint,off,6.438661915248116,1.0,1.0,0.9997876432892564,0.9694160968212877,0.9989766816996367,0.9624989743484286
dirichlet_0.1,8,post_footprint_on,post,footprint,on,7.339304350075155,1.0,1.0,0.9997876432892564,0.9694160968212877,0.9989766816996367,0.9624989743484286
dirichlet_0.1,8,post_mass_off,post,mass,off,6.460079047309058,1.0,1.0,0.9997876432892564,0.9694160968212877,0.9989766816996367,0.9624989743484286
dirichlet_0.1,8,post_mass_on,post,mass,on,7.339547967985687,1.0,1.0,0.9997876432892564,0.9694160968212877,0.9989766816996367,0.9624989743484286
dirichlet_0.1,8,pre_none_off,pre,none,off,8.493547817329542,1.0,1.0,0.9997876432892564,0.9694160968212877,0.9989766816996367,0.9624989743484286
dirichlet_0.1,8,pre_none_on,pre,none,on,8.372406233339479,0.5602272727272727,0.38181818181818183,0.9997876432892564,0.9694160968212877,0.9989766816996367,0.9624989743484286
dirichlet_0.1,8,pre_footprint_off,pre,footprint,off,8.541074286706204,1.0,1.0,0.9997876432892564,0.9694160968212877,0.9989766816996367,0.9624989743484286
dirichlet_0.1,8,pre_footprint_on,pre,footprint,on,8.509528014780463,1.0,1.0,0.9997876432892564,0.9694160968212877,0.9989766816996367,0.9624989743484286
dirichlet_0.1,8,pre_mass_off,pre,mass,off,8.541117001520504,1.0,1.0,0.9997876432892564,0.9694160968212877,0.9989766816996367,0.9624989743484286
dirichlet_0.1,8,pre_mass_on,pre,mass,on,8.50962309154478,1.0,1.0,0.9997876432892564,0.9694160968212877,0.9989766816996367,0.9624989743484286
dirichlet_0.1,9,post_none_off,post,none,off,1.0322671836642707,0.7503787878787879,0.6090909090909091,0.9819959605945376,0.9076367462338778,0.9736322997876224,0.9468966928819271
dirichlet_0.1,9,post_none_on,post,none,on,0.845789418376761,0.556060606060606,0.37272727272727274,0.9819959605945376,0.9076367462338778,0.9736322997876224,0.9468966928819271
dirichlet_0.1,9,post_footprint_off,post,footprint,off,1.101403870964787,0.7306818181818183,0.5363636363636364,0.9819959605945376,0.9076367462338778,0.9736322997876224,0.9468966928819271
dirichlet_0.1,9,post_footprint_on,post,footprint,on,0.6440167199597707,0.7113636363636364,0.5227272727272727,0.9819959605945376,0.9076367462338778,0.9736322997876224,0.9468966928819271
dirichlet_0.1,9,post_mass_off,post,mass,off,1.1077055067298043,0.7238636363636363,0.5227272727272727,0.9819959605945376,0.9076367462338778,0.9736322997876224,0.9468966928819271
dirichlet_0.1,9,post_mass_on,post,mass,on,0.9129452660086761,0.7246212121212121,0.5227272727272727,0.9819959605945376,0.9076367462338778,0.9736322997876224,0.9468966928819271
dirichlet_0.1,9,pre_none_off,pre,none,off,1.1273067554327807,0.6818181818181818,0.5227272727272727,0.9819959605945376,0.9076367462338778,0.9736322997876224,0.9468966928819271
dirichlet_0.1,9,pre_none_on,pre,none,on,1.1075324255768118,0.5598484848484848,0.42272727272727273,0.9819959605945376,0.9076367462338778,0.9736322997876224,0.9468966928819271
dirichlet_0.1,9,pre_footprint_off,pre,footprint,off,1.1272815361779218,0.6693181818181819,0.5272727272727272,0.9819959605945376,0.9076367462338778,0.9736322997876224,0.9468966928819271
dirichlet_0.1,9,pre_footprint_on,pre,footprint,on,0.505955025759973,0.6943181818181818,0.509090909090909,0.9819959605945376,0.9076367462338778,0.9736322997876224,0.9468966928819271
dirichlet_0.1,9,pre_mass_off,pre,mass,off,1.1295983427432315,0.6784090909090911,0.5272727272727272,0.9819959605945376,0.9076367462338778,0.9736322997876224,0.9468966928819271
dirichlet_0.1,9,pre_mass_on,pre,mass,on,0.4627228229998409,0.703409090909091,0.5136363636363637,0.9819959605945376,0.9076367462338778,0.9736322997876224,0.9468966928819271
overlap_noise,0,post_none_off,post,none,off,2.909822037333844,0.7503787878787879,0.6045454545454545,0.998781225267689,0.9328944326835046,0.9978368193062198,0.9852456959077096
overlap_noise,0,post_none_on,post,none,on,2.9743515122707027,0.5886363636363637,0.3409090909090909,0.998781225267689,0.9328944326835046,0.9978368193062198,0.9852456959077096
overlap_noise,0,post_footprint_off,post,footprint,off,5.062640367457942,0.897348484848485,0.8681818181818182,0.998781225267689,0.9328944326835046,0.9978368193062198,0.9852456959077096
overlap_noise,0,post_footprint_on,post,footprint,on,5.078033503944573,0.8875000000000001,0.8363636363636363,0.998781225267689,0.9328944326835046,0.9978368193062198,0.9852456959077096
overlap_noise,0,post_mass_off,post,mass,off,5.008224259641808,0.8962121212121211,0.8681818181818182,0.998781225267689,0.9328944326835046,0.9978368193062198,0.9852456959077096
overlap_noise,0,post_mass_on,post,mass,on,5.024315152276531,0.8821969696969697,0.8045454545454546,0.998781225267689,0.9328944326835046,0.9978368193062198,0.9852456959077096
overlap_noise,0,pre_none_off,pre,none,off,2.3273597891491864,0.703030303030303,0.5590909090909091,0.998781225267689,0.9328944326835046,0.9978368193062198,0.9852456959077096
overlap_noise,0,pre_none_on,pre,none,on,1.8265961978414451,0.5856060606060607,0.35909090909090907,0.998781225267689,0.9328944326835046,0.9978368193062198,0.9852456959077096
overlap_noise,0,pre_footprint_off,pre,footprint,off,5.370352133499629,0.9,0.8727272727272727,0.998781225267689,0.9328944326835046,0.9978368193062198,0.9852456959077096
overlap_noise,0,pre_footprint_on,pre,footprint,on,1.778484572255724,0.6727272727272727,0.5181818181818182,0.998781225267689,0.9328944326835046,0.9978368193062198,0.9852456959077096
overlap_noise,0,pre_mass_off,pre,mass,off,5.356738985645404,0.8996212121212123,0.8727272727272727,0.998781225267689,0.9328944326835046,0.9978368193062198,0.9852456959077096
overlap_noise,0,pre_mass_on,pre,mass,on,1.7692422936339163,0.6742424242424242,0.509090909090909,0.998781225267689,0.9328944326835046,0.9978368193062198,0.9852456959077096
overlap_noise,1,post_none_off,post,none,off,4.449544529407668,0.893560606060606,0.8636363636363636,0.9988711931783021,0.9240383205225197,0.9986084582865185,0.9841121429456735
overlap_noise,1,post_none_on,post,none,on,4.052653855016781,0.6212121212121212,0.3409090909090909,0.9988711931783021,0.9240383205225197,0.9986084582865185,0.9841121429456735
overlap_noise,1,post_footprint_off,post,footprint,off,5.036099426816533,0.9068181818181816,0.8818181818181818,0.9988711931783021,0.9240383205225197,0.9986084582865185,0.9841121429456735
overlap_noise,1,post_footprint_on,post,footprint,on,5.042374285941915,0.8958333333333334,0.85,0.9988711931783021,0.9240383205225197,0.9986084582865185,0.9841121429456735
overlap_noise,1,post_mass_off,post,mass,off,5.02591380181384,0.9068181818181816,0.8818181818181818,0.9988711931783021,0.9240383205225197,0.9986084582865185,0.9841121429456735
overlap_noise,1,post_mass_on,post,mass,on,5.032504719826848,0.8950757575757575,0.85,0.9988711931783021,0.9240383205225197,0.9986084582865185,0.9841121429456735
overlap_noise,1,pre_none_off,pre,none,off,4.980934116170232,0.9037878787878788,0.8863636363636364,0.9988711931783021,0.9240383205225197,0.9986084582865185,0.9841121429456735
overlap_noise,1,pre_none_on,pre,none,on,4.949238037319637,0.6200757575757575,0.35,0.9988711931783021,0.9240383205225197,0.9986084582865185,0.9841121429456735
overlap_noise,1,pre_footprint_off,pre,footprint,off,5.160326133894557,0.9068181818181817,0.8818181818181818,0.9988711931783021,0.9240383205225197,0.9986084582865185,0.9841121429456735
overlap_noise,1,pre_footprint_on,pre,footprint,on,5.172933142920301,0.896969696969697,0.8590909090909091,0.9988711931783021,0.9240383205225197,0.9986084582865185,0.9841121429456735
overlap_noise,1,pre_mass_off,pre,mass,off,5.1552950989156985,0.9068181818181817,0.8818181818181818,0.9988711931783021,0.9240383205225197,0.9986084582865185,0.9841121429456735
overlap_noise,1,pre_mass_on,pre,mass,on,5.169415558618787,0.896969696969697,0.8545454545454545,0.9988711931783021,0.9240383205225197,0.9986084582865185,0.9841121429456735
overlap_noise,2,post_none_off,post,none,off,4.312585786849193,0.893560606060606,0.8681818181818182,0.9986411858378554,0.9957236081708762,0.9943457358648483,0.991053501981547
overlap_noise,2,post_none_on,post,none,on,3.325448352495531,0.6356060606060606,0.4681818181818182,0.9986411858378554,0.9957236081708762,0.9943457358648483,0.991053501981547
overlap_noise,2,post_footprint_off,post,footprint,off,5.013086589396467,0.9015151515151514,0.8863636363636364,0.9986411858378554,0.9957236081708762,0.9943457358648483,0.991053501981547
overlap_noise,2,post_footprint_on,post,footprint,on,5.02860569442413,0.8946969696969697,0.8772727272727273,0.9986411858378554,0.9957236081708762,0.9943457358648483,0.991053501981547
overlap_noise,2,post_mass_off,post,mass,off,4.999313721918798,0.9018939393939392,0.8863636363636364,0.9986411858378554,0.9957236081708762,0.9943457358648483,0.991053501981547
overlap_noise,2,post_mass_on,post,mass,on,5.014720441966116,0.8946969696969697,0.8772727272727273,0.9986411858378554,0.9957236081708762,0.9943457358648483,0.991053501981547
overlap_noise,2,pre_none_off,pre,none,off,5.010739402129001,0.9011363636363635,0.8863636363636364,0.9986411858378554,0.9957236081708762,0.9943457358648483,0.991053501981547
overlap_noise,2,pre_none_on,pre,none,on,4.7821575789672375,0.6378787878787878,0.4590909090909091,0.9986411858378554,0.9957236081708762,0.9943457358648483,0.991053501981547
overlap_noise,2,pre_footprint_off,pre,footprint,off,5.254637142351352,0.9018939393939394,0.8863636363636364,0.9986411858378554,0.9957236081708762,0.9943457358648483,0.991053501981547
overlap_noise,2,pre_footprint_on,pre,footprint,on,5.280526081797705,0.8954545454545455,0.8772727272727273,0.9986411858378554,0.9957236081708762,0.9943457358648483,0.991053501981547
overlap_noise,2,pre_mass_off,pre,mass,off,5.2490939803401435,0.9018939393939394,0.8863636363636364,0.9986411858378554,0.9957236081708762,0.9943457358648483,0.991053501981547
overlap_noise,2,pre_mass_on,pre,mass,on,5.277088395259455,0.8954545454545455,0.8772727272727273,0.9986411858378554,0.9957236081708762,0.9943457358648483,0.991053501981547
overlap_noise,3,post_none_off,post,none,off,3.3301372289656825,0.8734848484848485,0.8272727272727273,0.9993060635038824,0.9790569415042095,0.9987125782495606,0.9902831988119655
overlap_noise,3,post_none_on,post,none,on,1.7706948334762425,0.6125,0.4318181818181818,0.9993060635038824,0.9790569415042095,0.9987125782495606,0.9902831988119655
overlap_noise,3,post_footprint_off,post,footprint,off,5.22095086030544,0.8977272727272728,0.8818181818181818,0.9993060635038824,0.9790569415042095,0.9987125782495606,0.9902831988119655
overlap_noise,3,post_footprint_on,post,footprint,on,5.218633652757896,0.8897727272727272,0.8636363636363636,0.9993060635038824,0.9790569415042095,0.9987125782495606,0.9902831988119655
overlap_noise,3,post_mass_off,post,mass,off,5.18011885359095,0.897348484848485,0.8818181818181818,0.9993060635038824,0.9790569415042095,0.9987125782495606,0.9902831988119655
overlap_noise,3,post_mass_on,post,mass,on,5.176962523084703,0.8886363636363637,0.8590909090909091,0.9993060635038824,0.9790569415042095,0.9987125782495606,0.9902831988119655
overlap_noise,3,pre_none_off,pre,none,off,5.0411243157132,0.8958333333333335,0.8772727272727273,0.9993060635038824,0.9790569415042095,0.9987125782495606,0.9902831988119655
overlap_noise,3,pre_none_on,pre,none,on,4.607271070843334,0.6208333333333332,0.43636363636363634,0.9993060635038824,0.9790569415042095,0.9987125782495606,0.9902831988119655
overlap_noise,3,pre_footprint_off,pre,footprint,off,5.390112785898348,0.8981060606060606,0.8818181818181818,0.9993060635038824,0.9790569415042095,0.9987125782495606,0.9902831988119655
overlap_noise,3,pre_footprint_on,pre,footprint,on,5.388593583928491,0.8924242424242426,0.8636363636363636,0.9993060635038824,0.9790569415042095,0.9987125782495606,0.9902831988119655
overlap_noise,3,pre_mass_off,pre,mass,off,5.381257878624134,0.8981060606060606,0.8818181818181818,0.9993060635038824,0.9790569415042095,0.9987125782495606,0.9902831988119655
overlap_noise,3,pre_mass_on,pre,mass,on,5.383817581515298,0.8905303030303031,0.8590909090909091,0.9993060635038824,0.9790569415042095,0.9987125782495606,0.9902831988119655
overlap_noise,4,post_none_off,post,none,off,4.797502154630429,0.9056818181818181,0.8727272727272727,0.9677011942744865,0.8905456737852613,0.9918048633146347,0.976798022740512
overlap_noise,4,post_none_on,post,none,on,2.8275040821715725,0.6124999999999999,0.36363636363636365,0.9677011942744865,0.8905456737852613,0.9918048633146347,0.976798022740512
overlap_noise,4,post_footprint_off,post,footprint,off,2.0261572876653267,0.6981060606060606,0.4818181818181818,0.9677011942744865,0.8905456737852613,0.9918048633146347,0.976798022740512
overlap_noise,4,post_footprint_on,post,footprint,on,1.6297369348855553,0.7397727272727274,0.4727272727272727,0.9677011942744865,0.8905456737852613,0.9918048633146347,0.976798022740512
overlap_noise,4,post_mass_off,post,mass,off,2.1720953901863793,0.684469696969697,0.4909090909090909,0.9677011942744865,0.8905456737852613,0.9918048633146347,0.976798022740512
overlap_noise,4,post_mass_on,post,mass,on,5.053447499143414,0.8984848484848486,0.8227272727272728,0.9677011942744865,0.8905456737852613,0.9918048633146347,0.976798022740512
overlap_noise,4,pre_none_off,pre,none,off,4.923406222365319,0.9053030303030303,0.8727272727272727,0.9677011942744865,0.8905456737852613,0.9918048633146347,0.976798022740512
overlap_noise,4,pre_none_on,pre,none,on,1.678175209132584,0.6246212121212121,0.39545454545454545,0.9677011942744865,0.8905456737852613,0.9918048633146347,0.976798022740512
overlap_noise,4,pre_footprint_off,pre,footprint,off,2.015155731335702,0.7212121212121212,0.5272727272727272,0.9677011942744865,0.8905456737852613,0.9918048633146347,0.976798022740512
overlap_noise,4,pre_footprint_on,pre,footprint,on,4.559669124257871,0.8943181818181817,0.8409090909090909,0.9677011942744865,0.8905456737852613,0.9918048633146347,0.976798022740512
overlap_noise,4,pre_mass_off,pre,mass,off,1.9483204978558708,0.715530303030303,0.5181818181818182,0.9677011942744865,0.8905456737852613,0.9918048633146347,0.976798022740512
overlap_noise,4,pre_mass_on,pre,mass,on,1.6894982732054966,0.7518939393939394,0.5318181818181819,0.9677011942744865,0.8905456737852613,0.9918048633146347,0.976798022740512
overlap_noise,5,post_none_off,post,none,off,3.89136544438487,0.8503787878787877,0.7954545454545454,0.9983988438318868,0.9747805496750855,0.9967423191061122,0.9829787605381152
overlap_noise,5,post_none_on,post,none,on,3.238065792859474,0.6367424242424241,0.38636363636363635,0.9983988438318868,0.9747805496750855,0.9967423191061122,0.9829787605381152
overlap_noise,5,post_footprint_off,post,footprint,off,4.779059411302486,0.8981060606060606,0.8772727272727273,0.9983988438318868,0.9747805496750855,0.9967423191061122,0.9829787605381152
overlap_noise,5,post_footprint_on,post,footprint,on,4.79474377705004,0.8897727272727273,0.8363636363636363,0.9983988438318868,0.9747805496750855,0.9967423191061122,0.9829787605381152
overlap_noise,5,post_mass_off,post,mass,off,4.756684764471225,0.8977272727272726,0.8727272727272727,0.9983988438318868,0.9747805496750855,0.9967423191061122,0.9829787605381152
overlap_noise,5,post_mass_on,post,mass,on,4.7731427093844925,0.887878787878788,0.8363636363636363,0.9983988438318868,0.9747805496750855,0.9967423191061122,0.9829787605381152
overlap_noise,5,pre_none_off,pre,none,off,4.665775819100483,0.8924242424242422,0.8636363636363636,0.9983988438318868,0.9747805496750855,0.9967423191061122,0.9829787605381152
overlap_noise,5,pre_none_on,pre,none,on,2.3220045431256757,0.6352272727272728,0.38181818181818183,0.9983988438318868,0.9747805496750855,0.9967423191061122,0.9829787605381152
overlap_noise,5,pre_footprint_off,pre,footprint,off,4.944362246892629,0.8981060606060605,0.8772727272727273,0.9983988438318868,0.9747805496750855,0.9967423191061122,0.9829787605381152
overlap_noise,5,pre_footprint_on,pre,footprint,on,4.965457932291276,0.8939393939393941,0.8545454545454545,0.9983988438318868,0.9747805496750855,0.9967423191061122,0.9829787605381152
overlap_noise,5,pre_mass_off,pre,mass,off,4.939742271964129,0.8981060606060605,0.8772727272727273,0.9983988438318868,0.9747805496750855,0.9967423191061122,0.9829787605381152
overlap_noise,5,pre_mass_on,pre,mass,on,4.964390272915632,0.8928030303030302,0.8545454545454545,0.9983988438318868,0.9747805496750855,0.9967423191061122,0.9829787605381152
overlap_noise,6,post_none_off,post,none,off,4.356143429826346,0.890909090909091,0.8636363636363636,0.9992967605197672,0.98043165658152,0.9980508589276604,0.9861797111490982
overlap_noise,6,post_none_on,post,none,on,2.4813110767006825,0.6026515151515152,0.36818181818181817,0.9992967605197672,0.98043165658152,0.9980508589276604,0.9861797111490982
overlap_noise,6,post_footprint_off,post,footprint,off,5.152205072633393,0.9083333333333332,0.8681818181818182,0.9992967605197672,0.98043165658152,0.9980508589276604,0.9861797111490982
overlap_noise,6,post_footprint_on,post,footprint,on,5.183943445366402,0.8988636363636364,0.8636363636363636,0.9992967605197672,0.98043165658152,0.9980508589276604,0.9861797111490982
overlap_noise,6,post_mass_off,post,mass,off,5.147307761353049,0.9083333333333332,0.8681818181818182,0.9992967605197672,0.98043165658152,0.9980508589276604,0.9861797111490982
overlap_noise,6,post_mass_on,post,mass,on,5.1793013562293035,0.8984848484848484,0.8636363636363636,0.9992967605197672,0.98043165658152,0.9980508589276604,0.9861797111490982
overlap_noise,6,pre_none_off,pre,none,off,5.1464310801192035,0.9087121212121212,0.8681818181818182,0.9992967605197672,0.98043165658152,0.9980508589276604,0.9861797111490982
overlap_noise,6,pre_none_on,pre,none,on,4.275830866641192,0.6113636363636363,0.4318181818181818,0.9992967605197672,0.98043165658152,0.9980508589276604,0.9861797111490982
overlap_noise,6,pre_footprint_off,pre,footprint,off,5.2858521602982815,0.9083333333333333,0.8772727272727273,0.9992967605197672,0.98043165658152,0.9980508589276604,0.9861797111490982
overlap_noise,6,pre_footprint_on,pre,footprint,on,5.328111890885246,0.9018939393939394,0.8636363636363636,0.9992967605197672,0.98043165658152,0.9980508589276604,0.9861797111490982
overlap_noise,6,pre_mass_off,pre,mass,off,5.283705753876235,0.9083333333333333,0.8772727272727273,0.9992967605197672,0.98043165658152,0.9980508589276604,0.9861797111490982
overlap_noise,6,pre_mass_on,pre,mass,on,5.326712663308846,0.9015151515151515,0.8636363636363636,0.9992967605197672,0.98043165658152,0.9980508589276604,0.9861797111490982
overlap_noise,7,post_none_off,post,none,off,3.904335526721059,0.8587121212121213,0.8181818181818182,0.9991298725497968,0.9761552647523962,0.9983961343744495,0.9873102313717647
overlap_noise,7,post_none_on,post,none,on,3.4861705807299055,0.625378787878788,0.39545454545454545,0.9991298725497968,0.9761552647523962,0.9983961343744495,0.9873102313717647
overlap_noise,7,post_footprint_off,post,footprint,off,5.1976326086499105,0.9,0.8681818181818182,0.9991298725497968,0.9761552647523962,0.9983961343744495,0.9873102313717647
overlap_noise,7,post_footprint_on,post,footprint,on,5.185355534822772,0.8916666666666667,0.8545454545454545,0.9991298725497968,0.9761552647523962,0.9983961343744495,0.9873102313717647
overlap_noise,7,post_mass_off,post,mass,off,5.170150277650676,0.9003787878787879,0.8681818181818182,0.9991298725497968,0.9761552647523962,0.9983961343744495,0.9873102313717647
overlap_noise,7,post_mass_on,post,mass,on,5.154045071047394,0.8905303030303032,0.8545454545454545,0.9991298725497968,0.9761552647523962,0.9983961343744495,0.9873102313717647
overlap_noise,7,pre_none_off,pre,none,off,5.133091091339196,0.8977272727272728,0.8681818181818182,0.9991298725497968,0.9761552647523962,0.9983961343744495,0.9873102313717647
overlap_noise,7,pre_none_on,pre,none,on,5.025301128626199,0.618560606060606,0.4090909090909091,0.9991298725497968,0.9761552647523962,0.9983961343744495,0.9873102313717647
overlap_noise,7,pre_footprint_off,pre,footprint,off,5.2983997498371425,0.9003787878787879,0.8681818181818182,0.9991298725497968,0.9761552647523962,0.9983961343744495,0.9873102313717647
overlap_noise,7,pre_footprint_on,pre,footprint,on,5.297276643664203,0.8954545454545454,0.8636363636363636,0.9991298725497968,0.9761552647523962,0.9983961343744495,0.9873102313717647
overlap_noise,7,pre_mass_off,pre,mass,off,5.2925935547121625,0.9003787878787879,0.8681818181818182,0.9991298725497968,0.9761552647523962,0.9983961343744495,0.9873102313717647
overlap_noise,7,pre_mass_on,pre,mass,on,5.296788418636702,0.893939393939394,0.8590909090909091,0.9991298725497968,0.9761552647523962,0.9983961343744495,0.9873102313717647
overlap_noise,8,post_none_off,post,none,off,3.7750578972916333,0.8946969696969699,0.8454545454545455,0.9996223269614356,0.9637649899148535,0.9977188073969326,0.9914659400549228
overlap_noise,8,post_none_on,post,none,on,3.478370370735097,0.6443181818181819,0.42727272727272725,0.9996223269614356,0.9637649899148535,0.9977188073969326,0.9914659400549228
overlap_noise,8,post_footprint_off,post,footprint,off,5.36816703918609,0.9007575757575758,0.8727272727272727,0.9996223269614356,0.9637649899148535,0.9977188073969326,0.9914659400549228
overlap_noise,8,post_footprint_on,post,footprint,on,5.382841111954567,0.890909090909091,0.8409090909090909,0.9996223269614356,0.9637649899148535,0.9977188073969326,0.9914659400549228
overlap_noise,8,post_mass_off,post,mass,off,5.332848543700065,0.9003787878787879,0.8727272727272727,0.9996223269614356,0.9637649899148535,0.9977188073969326,0.9914659400549228
overlap_noise,8,post_mass_on,post,mass,on,5.347367657098926,0.8901515151515152,0.8409090909090909,0.9996223269614356,0.9637649899148535,0.9977188073969326,0.9914659400549228
overlap_noise,8,pre_none_off,pre,none,off,5.167312309417236,0.8992424242424243,0.8636363636363636,0.9996223269614356,0.9637649899148535,0.9977188073969326,0.9914659400549228
overlap_noise,8,pre_none_on,pre,none,on,5.286869736916063,0.6439393939393939,0.42272727272727273,0.9996223269614356,0.9637649899148535,0.9977188073969326,0.9914659400549228
overlap_noise,8,pre_footprint_off,pre,footprint,off,5.591906176724001,0.9007575757575758,0.8727272727272727,0.9996223269614356,0.9637649899148535,0.9977188073969326,0.9914659400549228
overlap_noise,8,pre_footprint_on,pre,footprint,on,5.609241396914553,0.8954545454545455,0.85,0.9996223269614356,0.9637649899148535,0.9977188073969326,0.9914659400549228
overlap_noise,8,pre_mass_off,pre,mass,off,5.584938847431292,0.9007575757575758,0.8727272727272727,0.9996223269614356,0.9637649899148535,0.9977188073969326,0.9914659400549228
overlap_noise,8,pre_mass_on,pre,mass,on,5.602324952273944,0.893560606060606,0.85,0.9996223269614356,0.9637649899148535,0.9977188073969326,0.9914659400549228
overlap_noise,9,post_none_off,post,none,off,4.291534481044917,0.9018939393939394,0.8681818181818182,0.9992031314623002,0.9957236081708762,0.9978257918052713,0.9927504135855856
overlap_noise,9,post_none_on,post,none,on,2.8848174878053174,0.6560606060606061,0.4818181818181818,0.9992031314623002,0.9957236081708762,0.9978257918052713,0.9927504135855856
overlap_noise,9,post_footprint_off,post,footprint,off,5.189726659540606,0.9143939393939394,0.8954545454545455,0.9992031314623002,0.9957236081708762,0.9978257918052713,0.9927504135855856
overlap_noise,9,post_footprint_on,post,footprint,on,5.183816572777954,0.9053030303030303,0.8681818181818182,0.9992031314623002,0.9957236081708762,0.9978257918052713,0.9927504135855856
overlap_noise,9,post_mass_off,post,mass,off,5.191106834931774,0.9143939393939394,0.8954545454545455,0.9992031314623002,0.9957236081708762,0.9978257918052713,0.9927504135855856
overlap_noise,9,post_mass_on,post,mass,on,5.1856743527231055,0.9045454545454544,0.8681818181818182,0.9992031314623002,0.9957236081708762,0.9978257918052713,0.9927504135855856
overlap_noise,9,pre_none_off,pre,none,off,5.114228671483113,0.9106060606060605,0.8863636363636364,0.9992031314623002,0.9957236081708762,0.9978257918052713,0.9927504135855856
overlap_noise,9,pre_none_on,pre,none,on,2.184499529958858,0.6575757575757576,0.4727272727272727,0.9992031314623002,0.9957236081708762,0.9978257918052713,0.9927504135855856
overlap_noise,9,pre_footprint_off,pre,footprint,off,5.253036505565842,0.9147727272727272,0.8954545454545455,0.9992031314623002,0.9957236081708762,0.9978257918052713,0.9927504135855856
overlap_noise,9,pre_footprint_on,pre,footprint,on,5.250042133411154,0.9079545454545452,0.8772727272727273,0.9992031314623002,0.9957236081708762,0.9978257918052713,0.9927504135855856
overlap_noise,9,pre_mass_off,pre,mass,off,5.253067985536681,0.9143939393939394,0.8909090909090909,0.9992031314623002,0.9957236081708762,0.9978257918052713,0.9927504135855856
overlap_noise,9,pre_mass_on,pre,mass,on,5.25003748110885,0.9071969696969696,0.8772727272727273,0.9992031314623002,0.9957236081708762,0.9978257918052713,0.9927504135855856
pendigits,0,post_none_off,post,none,off,0.0036905581847831337,0.5491271073437736,0.4714022140221402,0.9942029132487326,0.9322821709484398,0.9906082657380787,0.9459822979887635
pendigits,0,post_none_on,post,none,on,0.939694468618652,0.3751156056992003,0.33303411131059246,0.9942029132487326,0.9322821709484398,0.9906082657380787,0.9459822979887635
pendigits,0,post_footprint_off,post,footprint,off,0.959134419895578,0.6321532100913106,0.5129151291512916,0.9942029132487326,0.9322821709484398,0.9906082657380787,0.9459822979887635
pendigits,0,post_footprint_on,post,footprint,on,0.9896004956962708,0.6129020575804304,0.4870848708487085,0.9942029132487326,0.9322821709484398,0.9906082657380787,0.9459822979887635
pendigits,0,post_mass_off,post,mass,off,0.8701869870351429,0.6278046690388219,0.5119926199261993,0.9942029132487326,0.9322821709484398,0.9906082657380787,0.9459822979887635
pendigits,0,post_mass_on,post,mass,on,0.9329773229683429,0.5943931417852404,0.477859778597786,0.9942029132487326,0.9322821709484398,0.9906082657380787,0.9459822979887635
pendigits,0,pre_none_off,pre,none,off,0.037479118105958435,0.6897061249970652,0.5309973045822103,0.9942029132487326,0.9322821709484398,0.9906082657380787,0.9459822979887635
pendigits,0,pre_none_on,pre,none,on,0.8424643148521739,0.3752704137228585,0.3068181818181818,0.9942029132487326,0.9322821709484398,0.9906082657380787,0.9459822979887635
pendigits,0,pre_footprint_off,pre,footprint,off,0.9835674506918763,0.637220118282235,0.5119926199261993,0.9942029132487326,0.9322821709484398,0.9906082657380787,0.9459822979887635
pendigits,0,pre_footprint_on,pre,footprint,on,1.0064288304101696,0.6221250209451468,0.5,0.9942029132487326,0.9322821709484398,0.9906082657380787,0.9459822979887635
pendigits,0,pre_mass_off,pre,mass,off,0.927916441157024,0.6404145105084283,0.5092250922509225,0.9942029132487326,0.9322821709484398,0.9906082657380787,0.9459822979887635
pendigits,0,pre_mass_on,pre,mass,on,0.9737506604895589,0.6227589743120823,0.4843173431734317,0.9942029132487326,0.9322821709484398,0.9906082657380787,0.9459822979887635
pendigits,1,post_none_off,post,none,off,0.009093417878574405,0.5455812764768062,0.47878228782287824,0.9920605982755001,0.9403145155263436,0.9867773033519855,0.950058017524304
pendigits,1,post_none_on,post,none,on,0.9790684120058643,0.39955603531241823,0.3413284132841328,0.9920605982755001,0.9403145155263436,0.9867773033519855,0.950058017524304
pendigits,1,post_footprint_off,post,footprint,off,0.6866773767434814,0.5404436198999119,0.42435424354243545,0.9920605982755001,0.9403145155263436,0.9867773033519855,0.950058017524304
pendigits,1,post_footprint_on,post,footprint,on,0.8114793100576179,0.6116239636618728,0.49723247232472323,0.9920605982755001,0.9403145155263436,0.9867773033519855,0.950058017524304
pendigits,1,post_mass_off,post,mass,off,0.17600113556559574,0.5668157359275805,0.40682656826568264,0.9920605982755001,0.9403145155263436,0.9867773033519855,0.950058017524304
pendigits,1,post_mass_on,post,mass,on,1.1076286482203317,0.6276256135641691,0.4455719557195572,0.9920605982755001,0.9403145155263436,0.9867773033519855,0.950058017524304
pendigits,1,pre_none_off,pre,none,off,0.0019046231416056253,0.6617336165379923,0.5046125461254612,0.9920605982755001,0.9403145155263436,0.9867773033519855,0.950058017524304
pendigits,1,pre_none_on,pre,none,on,1.1151726727120614,0.3938094776588361,0.3391705069124424,0.9920605982755001,0.9403145155263436,0.9867773033519855,0.950058017524304
pendigits,1,pre_footprint_off,pre,footprint,off,0.6204021041011011,0.6162762932519424,0.45940959409594095,0.9920605982755001,0.9403145155263436,0.9867773033519855,0.950058017524304
pendigits,1,pre_footprint_on,pre,footprint,on,0.6972067643523876,0.6576136418417176,0.5305944055944056,0.9920605982755001,0.9403145155263436,0.9867773033519855,0.950058017524304
pendigits,1,pre_mass_off,pre,mass,off,0.6966354185602731,0.6473271121427793,0.5297202797202797,0.9920605982755001,0.9403145155263436,0.9867773033519855,0.950058017524304
pendigits,1,pre_mass_on,pre,mass,on,1.1884836300242771,0.6400409251181526,0.4728110599078341,0.9920605982755001,0.9403145155263436,0.9867773033519855,0.950058017524304
pendigits,2,post_none_off,post,none,off,0.058021819562548364,0.5560663619879185,0.43357933579335795,0.995686285854139,0.924392279778034,0.9915244328782048,0.9365703798591891
pendigits,2,post_none_on,post,none,on,0.9067058323362043,0.3927296015650354,0.35664335664335667,0.995686285854139,0.924392279778034,0.9915244328782048,0.9365703798591891
pendigits,2,post_footprint_off,post,footprint,off,0.8725955940677782,0.5581212783724138,0.4552995391705069,0.995686285854139,0.924392279778034,0.9915244328782048,0.9365703798591891
pendigits,2,post_footprint_on,post,footprint,on,0.9017114925407903,0.5461009704836567,0.4589861751152074,0.995686285854139,0.924392279778034,0.9915244328782048,0.9365703798591891
pendigits,2,post_mass_off,post,mass,off,0.7616864767366079,0.5837284329472403,0.4077490774907749,0.995686285854139,0.924392279778034,0.9915244328782048,0.9365703798591891
pendigits,2,post_mass_on,post,mass,on,0.8305868045976702,0.5704626170250384,0.39022140221402213,0.995686285854139,0.924392279778034,0.9915244328782048,0.9365703798591891
pendigits,2,pre_none_off,pre,none,off,0.020472011219106342,0.6884607505844483,0.48154981549815495,0.995686285854139,0.924392279778034,0.9915244328782048,0.9365703798591891
pendigits,2,pre_none_on,pre,none,on,0.9619294407626454,0.38500543694984124,0.33916083916083917,0.995686285854139,0.924392279778034,0.9915244328782048,0.9365703798591891
pendigits,2,pre_footprint_off,pre,footprint,off,0.9780208966007126,0.6208604790604831,0.5290322580645161,0.995686285854139,0.924392279778034,0.9915244328782048,0.9365703798591891
pendigits,2,pre_footprint_on,pre,footprint,on,1.2024167741439196,0.6533323120641111,0.4584870848708487,0.995686285854139,0.924392279778034,0.9915244328782048,0.9365703798591891
pendigits,2,pre_mass_off,pre,mass,off,1.1874991573716929,0.6682815479376265,0.46955719557195574,0.995686285854139,0.924392279778034,0.9915244328782048,0.9365703798591891
pendigits,2,pre_mass_on,pre,mass,on,1.1909710867435201,0.6352596135703481,0.4511070110701107,0.995686285854139,0.924392279778034,0.9915244328782048,0.9365703798591891
pendigits,3,post_none_off,post,none,off,0.0140107672336926,0.5585642437634987,0.514760147601476,0.9940714192257112,0.9157826558611578,0.9883954327451526,0.9311048217338266
pendigits,3,post_none_on,post,none,on,1.0962338776698635,0.39705540204156425,0.33948339483394835,0.9940714192257112,0.9157826558611578,0.9883954327451526,0.9311048217338266
pendigits,3,post_footprint_off,post,footprint,off,1.18915299991302,0.6616885521845024,0.4599078341013825,0.9940714192257112,0.9157826558611578,0.9883954327451526,0.9311048217338266
pendigits,3,post_footprint_on,post,footprint,on,1.2292512216221831,0.6596559929535141,0.4396313364055299,0.9940714192257112,0.9157826558611578,0.9883954327451526,0.9311048217338266
pendigits,3,post_mass_off,post,mass,off,0.8648831981227866,0.6332853397908105,0.5433579335793358,0.9940714192257112,0.9157826558611578,0.9883954327451526,0.9311048217338266
pendigits,3,post_mass_on,post,mass,on,0.835845609125875,0.5674651668044188,0.45940959409594095,0.9940714192257112,0.9157826558611578,0.9883954327451526,0.9311048217338266
pendigits,3,pre_none_off,pre,none,off,0.006477191271764745,0.6767265974297126,0.5239852398523985,0.9940714192257112,0.9157826558611578,0.9883954327451526,0.9311048217338266
pendigits,3,pre_none_on,pre,none,on,0.676205541628535,0.39910525927813045,0.34501845018450183,0.9940714192257112,0.9157826558611578,0.9883954327451526,0.9311048217338266
pendigits,3,pre_footprint_off,pre,footprint,off,0.6780359815603646,0.6607490473937229,0.5506993006993007,0.9940714192257112,0.9157826558611578,0.9883954327451526,0.9311048217338266
pendigits,3,pre_footprint_on,pre,footprint,on,0.6200482653481671,0.6633580270902077,0.5673431734317343,0.9940714192257112,0.9157826558611578,0.9883954327451526,0.9311048217338266
pendigits,3,pre_mass_off,pre,mass,off,0.5439849403153142,0.7202926929315207,0.6031468531468531,0.9940714192257112,0.9157826558611578,0.9883954327451526,0.9311048217338266
pendigits,3,pre_mass_on,pre,mass,on,1.2496270258851163,0.6549845444843533,0.43317972350230416,0.9940714192257112,0.9157826558611578,0.9883954327451526,0.9311048217338266
pendigits,4,post_none_off,post,none,off,0.00034595492634542153,0.5731484690830082,0.4944649446494465,0.9941117484053825,0.9197522110492502,0.9916808172881808,0.9357081703469939
pendigits,4,post_none_on,post,none,on,0.5965512753194782,0.4046524396235123,0.3500897666068223,0.9941117484053825,0.9197522110492502,0.9916808172881808,0.9357081703469939
pendigits,4,post_footprint_off,post,footprint,off,0.9241774609967582,0.6364958798038474,0.5193726937269373,0.9941117484053825,0.9197522110492502,0.9916808172881808,0.9357081703469939
pendigits,4,post_footprint_on,post,footprint,on,0.8517986700937576,0.6388717917102553,0.40313653136531363,0.9941117484053825,0.9197522110492502,0.9916808172881808,0.9357081703469939
pendigits,4,post_mass_off,post,mass,off,0.7165634971807516,0.6400667800086156,0.38099630996309963,0.9941117484053825,0.9197522110492502,0.9916808172881808,0.9357081703469939
pendigits,4,post_mass_on,post,mass,on,0.7885719107887721,0.624362648318529,0.4077490774907749,0.9941117484053825,0.9197522110492502,0.9916808172881808,0.9357081703469939
pendigits,4,pre_none_off,pre,none,off,0.16390773341132156,0.6326684028524735,0.3726937269372694,0.9941117484053825,0.9197522110492502,0.9916808172881808,0.9357081703469939
pendigits,4,pre_none_on,pre,none,on,0.865281700986622,0.3970770639162186,0.32944344703770195,0.9941117484053825,0.9197522110492502,0.9916808172881808,0.9357081703469939
pendigits,4,pre_footprint_off,pre,footprint,off,0.8811561404010138,0.6454667197583248,0.39114391143911437,0.9941117484053825,0.9197522110492502,0.9916808172881808,0.9357081703469939
pendigits,4,pre_footprint_on,pre,footprint,on,0.8972050128720493,0.6430859536001802,0.4022140221402214,0.9941117484053825,0.9197522110492502,0.9916808172881808,0.9357081703469939
pendigits,4,pre_mass_off,pre,mass,off,0.7973722569447584,0.6433016435039882,0.39206642066420666,0.9941117484053825,0.9197522110492502,0.9916808172881808,0.9357081703469939
pendigits,4,pre_mass_on,pre,mass,on,0.8433964722734902,0.6349957676737521,0.39760147601476015,0.9941117484053825,0.9197522110492502,0.9916808172881808,0.9357081703469939
pendigits,5,post_none_off,post,none,off,0.0010883277747061775,0.5389677409446891,0.41789667896678967,0.9933658238377736,0.9125645154072597,0.9881552259764028,0.9298044635963341
pendigits,5,post_none_on,post,none,on,1.059184672297047,0.38175086277880826,0.3456221198156682,0.9933658238377736,0.9125645154072597,0.9881552259764028,0.9298044635963341
pendigits,5,post_footprint_off,post,footprint,off,0.8025454584567354,0.6421883377778526,0.3865313653136531,0.9933658238377736,0.9125645154072597,0.9881552259764028,0.9298044635963341
pendigits,5,post_footprint_on,post,footprint,on,0.8401589678723684,0.6332850158303676,0.37822878228782286,0.9933658238377736,0.9125645154072597,0.9881552259764028,0.9298044635963341
pendigits,5,post_mass_off,post,mass,off,0.6896924895033748,0.6412441256629586,0.4077490774907749,0.9933658238377736,0.9125645154072597,0.9881552259764028,0.9298044635963341
pendigits,5,post_mass_on,post,mass,on,0.7792792197791493,0.6226134500975882,0.3856088560885609,0.9933658238377736,0.9125645154072597,0.9881552259764028,0.9298044635963341
pendigits,5,pre_none_off,pre,none,off,0.09438792031434419,0.6229846034804186,0.4215867158671587,0.9933658238377736,0.9125645154072597,0.9881552259764028,0.9298044635963341
pendigits,5,pre_none_on,pre,none,on,1.064994632324318,0.37138817656637496,0.3052064631956912,0.9933658238377736,0.9125645154072597,0.9881552259764028,0.9298044635963341
pendigits,5,pre_footprint_off,pre,footprint,off,0.8448166847166348,0.5771349211110219,0.37822878228782286,0.9933658238377736,0.9125645154072597,0.9881552259764028,0.9298044635963341
pendigits,5,pre_footprint_on,pre,footprint,on,0.8699797556383425,0.5694408539138308,0.3865313653136531,0.9933658238377736,0.9125645154072597,0.9881552259764028,0.9298044635963341
pendigits,5,pre_mass_off,pre,mass,off,2.187531448124802,0.7223591360576609,0.5055350553505535,0.9933658238377736,0.9125645154072597,0.9881552259764028,0.9298044635963341
pendigits,5,pre_mass_on,pre,mass,on,1.2696658394661486,0.6062724322941715,0.49169741697416974,0.9933658238377736,0.9125645154072597,0.9881552259764028,0.9298044635963341
pendigits,6,post_none_off,post,none,off,0.008271566330868575,0.5586518751967064,0.477859778597786,0.9909266120164546,0.9221462702620112,0.984716350467562,0.9655869259391046
pendigits,6,post_none_on,post,none,on,0.7340783737337704,0.4138880184113449,0.3399103139013453,0.9909266120164546,0.9221462702620112,0.984716350467562,0.9655869259391046
pendigits,6,post_footprint_off,post,footprint,off,0.3764635984463664,0.48319648010589555,0.39391143911439114,0.9909266120164546,0.9221462702620112,0.984716350467562,0.9655869259391046
pendigits,6,post_footprint_on,post,footprint,on,0.7676390759469535,0.6161483734254681,0.5166083916083916,0.9909266120164546,0.9221462702620112,0.984716350467562,0.9655869259391046
pendigits,6,post_mass_off,post,mass,off,0.3433496015055463,0.5585159657009682,0.41420664206642066,0.9909266120164546,0.9221462702620112,0.984716350467562,0.9655869259391046
pendigits,6,post_mass_on,post,mass,on,0.8349501896585808,0.5540122175933387,0.41974169741697415,0.9909266120164546,0.9221462702620112,0.984716350467562,0.9655869259391046
pendigits,6,pre_none_off,pre,none,off,0.002299429562640782,0.6467887756845374,0.4455719557195572,0.9909266120164546,0.9221462702620112,0.984716350467562,0.9655869259391046
pendigits,6,pre_none_on,pre,none,on,0.8624088264594331,0.41912995138984305,0.35336322869955156,0.9909266120164546,0.9221462702620112,0.984716350467562,0.9655869259391046
pendigits,6,pre_footprint_off,pre,footprint,off,0.647588286658609,0.667067014620632,0.5239852398523985,0.9909266120164546,0.9221462702620112,0.984716350467562,0.9655869259391046
pendigits,6,pre_footprint_on,pre,footprint,on,0.7162657621725249,0.6626039799775078,0.5009225092250923,0.9909266120164546,0.9221462702620112,0.984716350467562,0.9655869259391046
pendigits,6,pre_mass_off,pre,mass,off,0.6821506739890917,0.6692381306025131,0.525830258302583,0.9909266120164546,0.9221462702620112,0.984716350467562,0.9655869259391046
pendigits,6,pre_mass_on,pre,mass,on,0.6376567451620097,0.6972092009187928,0.5611888111888111,0.9909266120164546,0.9221462702620112,0.984716350467562,0.9655869259391046
pendigits,7,post_none_off,post,none,off,0.037922141721738745,0.5484213699466425,0.43726937269372695,0.995464193696234,0.8939390447811414,0.9895813150106841,0.9139113431092989
pendigits,7,post_none_on,post,none,on,0.7470856108228603,0.3842726923369299,0.33732718894009217,0.995464193696234,0.8939390447811414,0.9895813150106841,0.9139113431092989
pendigits,7,post_footprint_off,post,footprint,off,0.6244442952256631,0.5776180270915383,0.40184331797235023,0.995464193696234,0.8939390447811414,0.9895813150106841,0.9139113431092989
pendigits,7,post_footprint_on,post,footprint,on,0.7220153925078047,0.5704888231675539,0.3892988929889299,0.995464193696234,0.8939390447811414,0.9895813150106841,0.9139113431092989
pendigits,7,post_mass_off,post,mass,off,1.1520075834898462,0.6077558837891865,0.44608294930875575,0.995464193696234,0.8939390447811414,0.9895813150106841,0.9139113431092989
pendigits,7,post_mass_on,post,mass,on,1.021260611740754,0.5976404728771079,0.44516129032258067,0.995464193696234,0.8939390447811414,0.9895813150106841,0.9139113431092989
pendigits,7,pre_none_off,pre,none,off,0.01866739701237699,0.6580665195840263,0.5064575645756457,0.995464193696234,0.8939390447811414,0.9895813150106841,0.9139113431092989
pendigits,7,pre_none_on,pre,none,on,0.9679316277690246,0.3830813689567164,0.34470377019748655,0.995464193696234,0.8939390447811414,0.9895813150106841,0.9139113431092989
pendigits,7,pre_footprint_off,pre,footprint,off,0.5682112568673503,0.6165265448949946,0.503690036900369,0.995464193696234,0.8939390447811414,0.9895813150106841,0.9139113431092989
pendigits,7,pre_footprint_on,pre,footprint,on,0.4507836198301757,0.5757621189341704,0.4202764976958525,0.995464193696234,0.8939390447811414,0.9895813150106841,0.9139113431092989
pendigits,7,pre_mass_off,pre,mass,off,0.6471649320851863,0.6202139057284419,0.5046125461254612,0.995464193696234,0.8939390447811414,0.9895813150106841,0.9139113431092989
pendigits,7,pre_mass_on,pre,mass,on,0.4082680917574106,0.5779229787230287,0.4626728110599078,0.995464193696234,0.8939390447811414,0.9895813150106841,0.9139113431092989
pendigits,8,post_none_off,post,none,off,0.00967529413480273,0.5712774015223043,0.46586715867158673,0.9925604708145652,0.9311008992235859,0.9885408851316749,0.9413665077805108
pendigits,8,post_none_on,post,none,on,0.7973032693579888,0.3928430974632557,0.3505535055350554,0.9925604708145652,0.9311008992235859,0.9885408851316749,0.9413665077805108
pendigits,8,post_footprint_off,post,footprint,off,0.6216483810806422,0.5934006249368915,0.49907749077490776,0.9925604708145652,0.9311008992235859,0.9885408851316749,0.9413665077805108
pendigits,8,post_footprint_on,post,footprint,on,0.6240167537351631,0.5892354279143,0.45152603231597843,0.9925604708145652,0.9311008992235859,0.9885408851316749,0.9413665077805108
pendigits,8,post_mass_off,post,mass,off,0.8582705386334498,0.5676242467179141,0.4160516605166052,0.9925604708145652,0.9311008992235859,0.9885408851316749,0.9413665077805108
pendigits,8,post_mass_on,post,mass,on,0.8801850473591468,0.553912327058569,0.4132841328413284,0.9925604708145652,0.9311008992235859,0.9885408851316749,0.9413665077805108
pendigits,8,pre_none_off,pre,none,off,0.040275702321591056,0.6768998149013958,0.4935424354243542,0.9925604708145652,0.9311008992235859,0.9885408851316749,0.9413665077805108
pendigits,8,pre_none_on,pre,none,on,0.6187802249996225,0.3879360482529989,0.3339160839160839,0.9925604708145652,0.9311008992235859,0.9885408851316749,0.9413665077805108
pendigits,8,pre_footprint_off,pre,footprint,off,0.6995702775000371,0.6617106065914259,0.5305944055944056,0.9925604708145652,0.9311008992235859,0.9885408851316749,0.9413665077805108
pendigits,8,pre_footprint_on,pre,footprint,on,0.7198444110491878,0.6549847023741309,0.5209790209790209,0.9925604708145652,0.9311008992235859,0.9885408851316749,0.9413665077805108
pendigits,8,pre_mass_off,pre,mass,off,0.5101273982808835,0.7213884687890394,0.576048951048951,0.9925604708145652,0.9311008992235859,0.9885408851316749,0.9413665077805108
pendigits,8,pre_mass_on,pre,mass,on,0.5822234197596016,0.6985500749476022,0.5463286713286714,0.9925604708145652,0.9311008992235859,0.9885408851316749,0.9413665077805108
pendigits,9,post_none_off,post,none,off,0.009441714739876865,0.5745225246053941,0.4944649446494465,0.9927239642511625,0.9481984886255997,0.9903842456731548,0.9487842508978923
pendigits,9,post_none_on,post,none,on,0.7893284463161608,0.39040418496241497,0.33948339483394835,0.9927239642511625,0.9481984886255997,0.9903842456731548,0.9487842508978923
pendigits,9,post_footprint_off,post,footprint,off,0.5929829514296446,0.6438809848554491,0.5244239631336406,0.9927239642511625,0.9481984886255997,0.9903842456731548,0.9487842508978923
pendigits,9,post_footprint_on,post,footprint,on,0.6301594113038856,0.6282588099595496,0.5391705069124424,0.9927239642511625,0.9481984886255997,0.9903842456731548,0.9487842508978923
pendigits,9,post_mass_off,post,mass,off,0.6344748812258388,0.5611512204673266,0.4308118081180812,0.9927239642511625,0.9481984886255997,0.9903842456731548,0.9487842508978923
pendigits,9,post_mass_on,post,mass,on,0.857900991099589,0.5626819397837057,0.4280442804428044,0.9927239642511625,0.9481984886255997,0.9903842456731548,0.9487842508978923
pendigits,9,pre_none_off,pre,none,off,0.009439584858208,0.6772379018445733,0.5267527675276753,0.9927239642511625,0.9481984886255997,0.9903842456731548,0.9487842508978923
pendigits,9,pre_none_on,pre,none,on,0.7611098841942551,0.38399870937965713,0.33123877917414724,0.9927239642511625,0.9481984886255997,0.9903842456731548,0.9487842508978923
pendigits,9,pre_footprint_off,pre,footprint,off,0.5760365036050566,0.6384392364477194,0.5419354838709678,0.9927239642511625,0.9481984886255997,0.9903842456731548,0.9487842508978923
pendigits,9,pre_footprint_on,pre,footprint,on,0.5931683575995513,0.6326356628549985,0.5557603686635945,0.9927239642511625,0.9481984886255997,0.9903842456731548,0.9487842508978923
pendigits,9,pre_mass_off,pre,mass,off,0.5903988280978623,0.6652329892026162,0.5557603686635945,0.9927239642511625,0.9481984886255997,0.9903842456731548,0.9487842508978923
pendigits,9,pre_mass_on,pre,mass,on,0.7550684722495075,0.6509450961558139,0.5235023041474655,0.9927239642511625,0.9481984886255997,0.9903842456731548,0.9487842508978923
quantity_skew_extreme,0,post_none_off,post,none,off,1.2978984190961782,0.907321845063184,0.6,0.9554590434099683,0.9470983232481865,0.9355859985630943,0.9651116525850747
quantity_skew_extreme,0,post_none_on,post,none,on,4.794075960933675,0.6925803535748679,0.5161290322580645,0.9554590434099683,0.9470983232481865,0.9355859985630943,0.9651116525850747
quantity_skew_extreme,0,post_footprint_off,post,footprint,off,1.0979012590654247,0.7804984639075067,0.5416666666666666,0.9554590434099683,0.9470983232481865,0.9355859985630943,0.9651116525850747
quantity_skew_extreme,0,post_footprint_on,post,footprint,on,1.0821049431334662,0.7457916805924425,0.5776699029126213,0.9554590434099683,0.9470983232481865,0.9355859985630943,0.9651116525850747
quantity_skew_extreme,0,post_mass_off,post,mass,off,1.3048380412713882,0.8916621375500352,0.7,0.9554590434099683,0.9470983232481865,0.9355859985630943,0.9651116525850747
quantity_skew_extreme,0,post_mass_on,post,mass,on,1.1655670624017502,0.7467676099700896,0.5128205128205128,0.9554590434099683,0.9470983232481865,0.9355859985630943,0.9651116525850747
quantity_skew_extreme,0,pre_none_off,pre,none,off,1.317292212700376,0.8658884578060326,0.7448979591836735,0.9554590434099683,0.9470983232481865,0.9355859985630943,0.9651116525850747
quantity_skew_extreme,0,pre_none_on,pre,none,on,5.741671478989161,0.7038697756622453,0.5,0.9554590434099683,0.9470983232481865,0.9355859985630943,0.9651116525850747
quantity_skew_extreme,0,pre_footprint_off,pre,footprint,off,7.849060488224452,1.0,1.0,0.9554590434099683,0.9470983232481865,0.9355859985630943,0.9651116525850747
quantity_skew_extreme,0,pre_footprint_on,pre,footprint,on,7.841270031827931,1.0,1.0,0.9554590434099683,0.9470983232481865,0.9355859985630943,0.9651116525850747
quantity_skew_extreme,0,pre_mass_off,pre,mass,off,7.851243818805544,1.0,1.0,0.9554590434099683,0.9470983232481865,0.9355859985630943,0.9651116525850747
quantity_skew_extreme,0,pre_mass_on,pre,mass,on,7.9078664999880495,1.0,1.0,0.9554590434099683,0.9470983232481865,0.9355859985630943,0.9651116525850747
quantity_skew_extreme,1,post_none_off,post,none,off,1.0364718871042213,0.7819098143538219,0.5409836065573771,0.9971075184634614,0.9602733306076664,0.9936010740940575,0.970532982117901
quantity_skew_extreme,1,post_none_on,post,none,on,1.3587917167272332,0.7631671599520161,0.45,0.9971075184634614,0.9602733306076664,0.9936010740940575,0.970532982117901
quantity_skew_extreme,1,post_footprint_off,post,footprint,off,1.0891403728131177,0.8517602946555662,0.6132686084142395,0.9971075184634614,0.9602733306076664,0.9936010740940575,0.970532982117901
quantity_skew_extreme,1,post_footprint_on,post,footprint,on,1.2363219822550768,0.877218571529711,0.5954692556634305,0.9971075184634614,0.9602733306076664,0.9936010740940575,0.970532982117901
quantity_skew_extreme,1,post_mass_off,post,mass,off,1.0543987184865236,0.7678738967356861,0.5573770491803278,0.9971075184634614,0.9602733306076664,0.9936010740940575,0.970532982117901
quantity_skew_extreme,1,post_mass_on,post,mass,on,1.1422719335218168,0.8829105985963798,0.5760517799352751,0.9971075184634614,0.9602733306076664,0.9936010740940575,0.970532982117901
quantity_skew_extreme,1,pre_none_off,pre,none,off,1.5082055756129509,0.8000706387108899,0.5901639344262295,0.9971075184634614,0.9602733306076664,0.9936010740940575,0.970532982117901
quantity_skew_extreme,1,pre_none_on,pre,none,on,1.4860413133001789,0.7757285097868659,0.45,0.9971075184634614,0.9602733306076664,0.9936010740940575,0.970532982117901
quantity_skew_extreme,1,pre_footprint_off,pre,footprint,off,1.3328419544837977,0.9041070095781455,0.6440129449838188,0.9971075184634614,0.9602733306076664,0.9936010740940575,0.970532982117901
quantity_skew_extreme,1,pre_footprint_on,pre,footprint,on,1.3817108339475153,0.9027773044826879,0.6084142394822006,0.9971075184634614,0.9602733306076664,0.9936010740940575,0.970532982117901
quantity_skew_extreme,1,pre_mass_off,pre,mass,off,1.2655455888167872,0.898080721123203,0.627831715210356,0.9971075184634614,0.9602733306076664,0.9936010740940575,0.970532982117901
quantity_skew_extreme,1,pre_mass_on,pre,mass,on,1.3176101203871748,0.9006927327899331,0.598705501618123,0.9971075184634614,0.9602733306076664,0.9936010740940575,0.970532982117901
quantity_skew_extreme,2,post_none_off,post,none,off,2.2641734706462953,0.8433827724098943,0.7,0.9128782317438652,0.8283572157210147,0.9665314352684704,0.9228721443963964
quantity_skew_extreme,2,post_none_on,post,none,on,0.3016380900932293,0.6837202720216736,0.42071197411003236,0.9128782317438652,0.8283572157210147,0.9665314352684704,0.9228721443963964
quantity_skew_extreme,2,post_footprint_off,post,footprint,off,1.1147690300445425,0.8202074560608268,0.5737704918032787,0.9128782317438652,0.8283572157210147,0.9665314352684704,0.9228721443963964
quantity_skew_extreme,2,post_footprint_on,post,footprint,on,1.0147603246278658,0.7809292071024393,0.5080906148867314,0.9128782317438652,0.8283572157210147,0.9665314352684704,0.9228721443963964
quantity_skew_extreme,2,post_mass_off,post,mass,off,1.1737674789011114,0.7834545410180769,0.5081967213114754,0.9128782317438652,0.8283572157210147,0.9665314352684704,0.9228721443963964
quantity_skew_extreme,2,post_mass_on,post,mass,on,1.1392431014002806,0.8054022357917646,0.5080906148867314,0.9128782317438652,0.8283572157210147,0.9665314352684704,0.9228721443963964
quantity_skew_extreme,2,pre_none_off,pre,none,off,1.1501932399258168,0.8293640926041789,0.5901639344262295,0.9128782317438652,0.8283572157210147,0.9665314352684704,0.9228721443963964
quantity_skew_extreme,2,pre_none_on,pre,none,on,0.6414080610992965,0.6817957496954926,0.4077669902912621,0.9128782317438652,0.8283572157210147,0.9665314352684704,0.9228721443963964
quantity_skew_extreme,2,pre_footprint_off,pre,footprint,off,1.1193156430608886,0.8330101367240216,0.5573770491803278,0.9128782317438652,0.8283572157210147,0.9665314352684704,0.9228721443963964
quantity_skew_extreme,2,pre_footprint_on,pre,footprint,on,1.026656305481554,0.7949224520209701,0.5129449838187702,0.9128782317438652,0.8283572157210147,0.9665314352684704,0.9228721443963964
quantity_skew_extreme,2,pre_mass_off,pre,mass,off,1.121093921314047,0.8344612909562062,0.5737704918032787,0.9128782317438652,0.8283572157210147,0.9665314352684704,0.9228721443963964
quantity_skew_extreme,2,pre_mass_on,pre,mass,on,1.1379330703520127,0.823641259181665,0.5048543689320388,0.9128782317438652,0.8283572157210147,0.9665314352684704,0.9228721443963964
quantity_skew_extreme,3,post_none_off,post,none,off,2.346739871503251,0.9802175538706254,0.9344262295081968,0.9983547389442117,0.9718788729232722,0.9907447764080296,0.9542921318302301
quantity_skew_extreme,3,post_none_on,post,none,on,2.302663698159769,0.7528628741344644,0.42930591259640105,0.9983547389442117,0.9718788729232722,0.9907447764080296,0.9542921318302301
quantity_skew_extreme,3,post_footprint_off,post,footprint,off,1.2017495451357276,0.8451071189914215,0.5784061696658098,0.9983547389442117,0.9718788729232722,0.9907447764080296,0.9542921318302301
quantity_skew_extreme,3,post_footprint_on,post,footprint,on,1.1992722880060596,0.8633433233247679,0.5526992287917738,0.9983547389442117,0.9718788729232722,0.9907447764080296,0.9542921318302301
quantity_skew_extreme,3,post_mass_off,post,mass,off,1.2119024370162594,0.8451864999172596,0.5809768637532133,0.9983547389442117,0.9718788729232722,0.9907447764080296,0.9542921318302301
quantity_skew_extreme,3,post_mass_on,post,mass,on,1.2082835953010518,0.8690174978664243,0.5501285347043702,0.9983547389442117,0.9718788729232722,0.9907447764080296,0.9542921318302301
quantity_skew_extreme,3,pre_none_off,pre,none,off,7.713966104007377,1.0,1.0,0.9983547389442117,0.9718788729232722,0.9907447764080296,0.9542921318302301
quantity_skew_extreme,3,pre_none_on,pre,none,on,7.917006210067826,0.7575660686229799,0.47540983606557374,0.9983547389442117,0.9718788729232722,0.9907447764080296,0.9542921318302301
quantity_skew_extreme,3,pre_footprint_off,pre,footprint,off,7.844387681594946,1.0,1.0,0.9983547389442117,0.9718788729232722,0.9907447764080296,0.9542921318302301
quantity_skew_extreme,3,pre_footprint_on,pre,footprint,on,7.850185454738416,1.0,1.0,0.9983547389442117,0.9718788729232722,0.9907447764080296,0.9542921318302301
quantity_skew_extreme,3,pre_mass_off,pre,mass,off,1.2056180612266607,0.8439675205908511,0.5552699228791774,0.9983547389442117,0.9718788729232722,0.9907447764080296,0.9542921318302301
quantity_skew_extreme,3,pre_mass_on,pre,mass,on,1.203455259488889,0.8684594572443304,0.5398457583547558,0.9983547389442117,0.9718788729232722,0.9907447764080296,0.9542921318302301
quantity_skew_extreme,4,post_none_off,post,none,off,1.180828213228195,0.9210070130064358,0.7540453074433657,0.7872068341104215,0.7651397049921639,0.8712755754732555,0.9027092406830571
quantity_skew_extreme,4,post_none_on,post,none,on,1.1034785623326693,0.6733798230571941,0.5,0.7872068341104215,0.7651397049921639,0.8712755754732555,0.9027092406830571
quantity_skew_extreme,4,post_footprint_off,post,footprint,off,1.1110205754243903,0.8776561934607644,0.5384615384615384,0.7872068341104215,0.7651397049921639,0.8712755754732555,0.9027092406830571
quantity_skew_extreme,4,post_footprint_on,post,footprint,on,1.1027280699440045,0.9006305646920536,0.6585760517799353,0.7872068341104215,0.7651397049921639,0.8712755754732555,0.9027092406830571
quantity_skew_extreme,4,post_mass_off,post,mass,off,1.2197635491813625,0.9209086085519016,0.6941747572815534,0.7872068341104215,0.7651397049921639,0.8712755754732555,0.9027092406830571
quantity_skew_extreme,4,post_mass_on,post,mass,on,1.2068333463520868,0.8958567430537471,0.6153846153846154,0.7872068341104215,0.7651397049921639,0.8712755754732555,0.9027092406830571
quantity_skew_extreme,4,pre_none_off,pre,none,off,1.3678264980937147,0.9348302285776695,0.7475728155339806,0.7872068341104215,0.7651397049921639,0.8712755754732555,0.9027092406830571
quantity_skew_extreme,4,pre_none_on,pre,none,on,1.1472221497016377,0.668673230872657,0.5,0.7872068341104215,0.7651397049921639,0.8712755754732555,0.9027092406830571
quantity_skew_extreme,4,pre_footprint_off,pre,footprint,off,1.0855944453147495,0.9021339728773324,0.6375404530744336,0.7872068341104215,0.7651397049921639,0.8712755754732555,0.9027092406830571
quantity_skew_extreme,4,pre_footprint_on,pre,footprint,on,1.0565789047261795,0.8990659573842575,0.6326860841423948,0.7872068341104215,0.7651397049921639,0.8712755754732555,0.9027092406830571
quantity_skew_extreme,4,pre_mass_off,pre,mass,off,1.0849003663295094,0.9023186260266179,0.6407766990291263,0.7872068341104215,0.7651397049921639,0.8712755754732555,0.9027092406830571
quantity_skew_extreme,4,pre_mass_on,pre,mass,on,1.0581907665983414,0.87645018871175,0.46530612244897956,0.7872068341104215,0.7651397049921639,0.8712755754732555,0.9027092406830571
quantity_skew_extreme,5,post_none_off,post,none,off,1.5050558287122136,0.8048053628938233,0.5510204081632653,0.9922712908373917,0.9804316565815201,0.9874478665690379,0.9660089099817595
quantity_skew_extreme,5,post_none_on,post,none,on,1.8174457182101649,0.7425587804460084,0.4258064516129032,0.9922712908373917,0.9804316565815201,0.9874478665690379,0.9660089099817595
quantity_skew_extreme,5,post_footprint_off,post,footprint,off,1.0703242810242357,0.8215965034468925,0.5510204081632653,0.9922712908373917,0.9804316565815201,0.9874478665690379,0.9660089099817595
quantity_skew_extreme,5,post_footprint_on,post,footprint,on,1.0799250612749756,0.8232758084780021,0.5448979591836735,0.9922712908373917,0.9804316565815201,0.9874478665690379,0.9660089099817595
quantity_skew_extreme,5,post_mass_off,post,mass,off,1.0683084114320132,0.8227019456237631,0.5591836734693878,0.9922712908373917,0.9804316565815201,0.9874478665690379,0.9660089099817595
quantity_skew_extreme,5,post_mass_on,post,mass,on,1.0963300449617388,0.8080331666545643,0.5438775510204081,0.9922712908373917,0.9804316565815201,0.9874478665690379,0.9660089099817595
quantity_skew_extreme,5,pre_none_off,pre,none,off,1.0761927366682182,0.8197020081460616,0.5306122448979592,0.9922712908373917,0.9804316565815201,0.9874478665690379,0.9660089099817595
quantity_skew_extreme,5,pre_none_on,pre,none,on,1.1530840461945016,0.7559645546209116,0.44516129032258067,0.9922712908373917,0.9804316565815201,0.9874478665690379,0.9660089099817595
quantity_skew_extreme,5,pre_footprint_off,pre,footprint,off,1.0781466448360495,0.8212261940328042,0.5408163265306123,0.9922712908373917,0.9804316565815201,0.9874478665690379,0.9660089099817595
quantity_skew_extreme,5,pre_footprint_on,pre,footprint,on,1.0619175798653917,0.818671427476427,0.5428571428571428,0.9922712908373917,0.9804316565815201,0.9874478665690379,0.9660089099817595
quantity_skew_extreme,5,pre_mass_off,pre,mass,off,1.0786215996333874,0.8217363981144367,0.5408163265306123,0.9922712908373917,0.9804316565815201,0.9874478665690379,0.9660089099817595
quantity_skew_extreme,5,pre_mass_on,pre,mass,on,1.0640268143345655,0.8020047608097604,0.5,0.9922712908373917,0.9804316565815201,0.9874478665690379,0.9660089099817595
quantity_skew_extreme,6,post_none_off,post,none,off,0.3504144371846039,0.8457982440762716,0.535483870967742,0.9943850308280006,0.9957236081708761,0.9880259258710119,0.9727104409092822
quantity_skew_extreme,6,post_none_on,post,none,on,1.7464092227289534,0.7115165031468682,0.43958868894601544,0.9943850308280006,0.9957236081708761,0.9880259258710119,0.9727104409092822
quantity_skew_extreme,6,post_footprint_off,post,footprint,off,5.463726337651323,1.0,1.0,0.9943850308280006,0.9957236081708761,0.9880259258710119,0.9727104409092822
quantity_skew_extreme,6,post_footprint_on,post,footprint,on,5.741864444380047,1.0,1.0,0.9943850308280006,0.9957236081708761,0.9880259258710119,0.9727104409092822
quantity_skew_extreme,6,post_mass_off,post,mass,off,5.479180166017778,1.0,1.0,0.9943850308280006,0.9957236081708761,0.9880259258710119,0.9727104409092822
quantity_skew_extreme,6,post_mass_on,post,mass,on,5.763225563453735,1.0,1.0,0.9943850308280006,0.9957236081708761,0.9880259258710119,0.9727104409092822
quantity_skew_extreme,6,pre_none_off,pre,none,off,1.3982036713255601,0.905883347962841,0.5416666666666666,0.9943850308280006,0.9957236081708761,0.9880259258710119,0.9727104409092822
quantity_skew_extreme,6,pre_none_on,pre,none,on,1.2969045649990736,0.6892890794305337,0.4774193548387097,0.9943850308280006,0.9957236081708761,0.9880259258710119,0.9727104409092822
quantity_skew_extreme,6,pre_footprint_off,pre,footprint,off,7.83833456425194,1.0,1.0,0.9943850308280006,0.9957236081708761,0.9880259258710119,0.9727104409092822
quantity_skew_extreme,6,pre_footprint_on,pre,footprint,on,7.779671645641393,1.0,1.0,0.9943850308280006,0.9957236081708761,0.9880259258710119,0.9727104409092822
quantity_skew_extreme,6,pre_mass_off,pre,mass,off,7.837907920978626,1.0,1.0,0.9943850308280006,0.9957236081708761,0.9880259258710119,0.9727104409092822
quantity_skew_extreme,6,pre_mass_on,pre,mass,on,7.783192672831721,1.0,1.0,0.9943850308280006,0.9957236081708761,0.9880259258710119,0.9727104409092822
quantity_skew_extreme,7,post_none_off,post,none,off,1.1135222731630383,0.7444738730810561,0.5510204081632653,0.9953331465182579,0.9312163891034569,0.9901584285361288,0.9810315907476633
quantity_skew_extreme,7,post_none_on,post,none,on,0.6304517387958232,0.7956430254334141,0.45,0.9953331465182579,0.9312163891034569,0.9901584285361288,0.9810315907476633
quantity_skew_extreme,7,post_footprint_off,post,footprint,off,1.1163709543975873,0.7003670849466194,0.5612244897959183,0.9953331465182579,0.9312163891034569,0.9901584285361288,0.9810315907476633
quantity_skew_extreme,7,post_footprint_on,post,footprint,on,1.2127922061143612,0.835041510967995,0.5912596401028277,0.9953331465182579,0.9312163891034569,0.9901584285361288,0.9810315907476633
quantity_skew_extreme,7,post_mass_off,post,mass,off,1.1144836167872385,0.6918049419839276,0.5,0.9953331465182579,0.9312163891034569,0.9901584285361288,0.9810315907476633
quantity_skew_extreme,7,post_mass_on,post,mass,on,1.2337360972100397,0.8515264023180675,0.5918367346938775,0.9953331465182579,0.9312163891034569,0.9901584285361288,0.9810315907476633
quantity_skew_extreme,7,pre_none_off,pre,none,off,1.1266581176346109,0.7723842419948669,0.5510204081632653,0.9953331465182579,0.9312163891034569,0.9901584285361288,0.9810315907476633
quantity_skew_extreme,7,pre_none_on,pre,none,on,0.04987731566904478,0.7864561767780208,0.4,0.9953331465182579,0.9312163891034569,0.9901584285361288,0.9810315907476633
quantity_skew_extreme,7,pre_footprint_off,pre,footprint,off,1.1218119207390833,0.6878370989525743,0.5,0.9953331465182579,0.9312163891034569,0.9901584285361288,0.9810315907476633
quantity_skew_extreme,7,pre_footprint_on,pre,footprint,on,1.1293771010245395,0.850974817011438,0.5861182519280206,0.9953331465182579,0.9312163891034569,0.9901584285361288,0.9810315907476633
quantity_skew_extreme,7,pre_mass_off,pre,mass,off,1.1197245271548097,0.6843896892528504,0.5,0.9953331465182579,0.9312163891034569,0.9901584285361288,0.9810315907476633
quantity_skew_extreme,7,pre_mass_on,pre,mass,on,1.119679030050178,0.8820726046452866,0.5861182519280206,0.9953331465182579,0.9312163891034569,0.9901584285361288,0.9810315907476633
quantity_skew_extreme,8,post_none_off,post,none,off,4.14872279394428,0.9988095238095238,0.9918367346938776,0.9995830049899271,1.0,0.9985372195537381,0.9943099277394212
quantity_skew_extreme,8,post_none_on,post,none,on,7.039500959985312,0.7533516389428337,0.45918367346938777,0.9995830049899271,1.0,0.9985372195537381,0.9943099277394212
quantity_skew_extreme,8,post_footprint_off,post,footprint,off,7.546827566848108,1.0,1.0,0.9995830049899271,1.0,0.9985372195537381,0.9943099277394212
quantity_skew_extreme,8,post_footprint_on,post,footprint,on,7.5519550343513195,1.0,1.0,0.9995830049899271,1.0,0.9985372195537381,0.9943099277394212
quantity_skew_extreme,8,post_mass_off,post,mass,off,7.546725279145583,1.0,1.0,0.9995830049899271,1.0,0.9985372195537381,0.9943099277394212
quantity_skew_extreme,8,post_mass_on,post,mass,on,7.551842267243704,1.0,1.0,0.9995830049899271,1.0,0.9985372195537381,0.9943099277394212
quantity_skew_extreme,8,pre_none_off,pre,none,off,7.9168649561256625,1.0,1.0,0.9995830049899271,1.0,0.9985372195537381,0.9943099277394212
quantity_skew_extreme,8,pre_none_on,pre,none,on,5.298324617978505,0.7585595247083452,0.46938775510204084,0.9995830049899271,1.0,0.9985372195537381,0.9943099277394212
quantity_skew_extreme,8,pre_footprint_off,pre,footprint,off,1.2171611602067502,0.8318274240425402,0.5918367346938775,0.9995830049899271,1.0,0.9985372195537381,0.9943099277394212
quantity_skew_extreme,8,pre_footprint_on,pre,footprint,on,1.137066957439381,0.8358581279172936,0.5510204081632653,0.9995830049899271,1.0,0.9985372195537381,0.9943099277394212
quantity_skew_extreme,8,pre_mass_off,pre,mass,off,1.1982070242938567,0.8344394060203278,0.5918367346938775,0.9995830049899271,1.0,0.9985372195537381,0.9943099277394212
quantity_skew_extreme,8,pre_mass_on,pre,mass,on,1.1754242858762178,0.8629792299749751,0.5510204081632653,0.9995830049899271,1.0,0.9985372195537381,0.9943099277394212
quantity_skew_extreme,9,post_none_off,post,none,off,0.9466438828020078,0.8581114518881076,0.6979591836734694,0.9976875564025095,0.9833333333333334,0.9935752609256798,0.9927241830938618
quantity_skew_extreme,9,post_none_on,post,none,on,0.8563061969879083,0.7259693298936876,0.4530612244897959,0.9976875564025095,0.9833333333333334,0.9935752609256798,0.9927241830938618
quantity_skew_extreme,9,post_footprint_off,post,footprint,off,7.119025191114531,1.0,1.0,0.9976875564025095,0.9833333333333334,0.9935752609256798,0.9927241830938618
quantity_skew_extreme,9,post_footprint_on,post,footprint,on,6.949952021610006,1.0,1.0,0.9976875564025095,0.9833333333333334,0.9935752609256798,0.9927241830938618
quantity_skew_extreme,9,post_mass_off,post,mass,off,7.187655387136683,1.0,1.0,0.9976875564025095,0.9833333333333334,0.9935752609256798,0.9927241830938618
quantity_skew_extreme,9,post_mass_on,post,mass,on,6.9605970375458,1.0,1.0,0.9976875564025095,0.9833333333333334,0.9935752609256798,0.9927241830938618
quantity_skew_extreme,9,pre_none_off,pre,none,off,7.564321357621477,1.0,1.0,0.9976875564025095,0.9833333333333334,0.9935752609256798,0.9927241830938618
quantity_skew_extreme,9,pre_none_on,pre,none,on,3.9486415946184845,0.7669114231418858,0.44516129032258067,0.9976875564025095,0.9833333333333334,0.9935752609256798,0.9927241830938618
quantity_skew_extreme,9,pre_footprint_off,pre,footprint,off,7.599451297908351,1.0,1.0,0.9976875564025095,0.9833333333333334,0.9935752609256798,0.9927241830938618
quantity_skew_extreme,9,pre_footprint_on,pre,footprint,on,7.562713154591652,1.0,1.0,0.9976875564025095,0.9833333333333334,0.9935752609256798,0.9927241830938618
quantity_skew_extreme,9,pre_mass_off,pre,mass,off,7.6008772617753,1.0,1.0,0.9976875564025095,0.9833333333333334,0.9935752609256798,0.9927241830938618
quantity_skew_extreme,9,pre_mass_on,pre,mass,on,7.564288265328281,1.0,1.0,0.9976875564025095,0.9833333333333334,0.9935752609256798,0.9927241830938618
satimage,0,post_none_off,post,none,off,2.6477686383017627,0.7324792424257718,0.5993340732519423,0.9919465033673649,0.960823112281678,0.991703076258137,0.98009587382794
satimage,0,post_none_on,post,none,on,1.6479688553493772,0.49007814421696755,0.3995560488346282,0.9919465033673649,0.960823112281678,0.991703076258137,0.98009587382794
satimage,0,post_footprint_off,post,footprint,off,2.993247725959449,0.6896013444491167,0.4983922829581994,0.9919465033673649,0.960823112281678,0.991703076258137,0.98009587382794
satimage,0,post_footprint_on,post,footprint,on,2.8844838653929368,0.6829613239863099,0.4678456591639871,0.9919465033673649,0.960823112281678,0.991703076258137,0.98009587382794
satimage,0,post_mass_off,post,mass,off,3.1131351305122794,0.6909381293046503,0.5112540192926045,0.9919465033673649,0.960823112281678,0.991703076258137,0.98009587382794
satimage,0,post_mass_on,post,mass,on,2.937429326284973,0.6831107443007793,0.4742765273311897,0.9919465033673649,0.960823112281678,0.991703076258137,0.98009587382794
satimage,0,pre_none_off,pre,none,off,2.433780778752992,0.6367154646951327,0.4510433386837881,0.9919465033673649,0.960823112281678,0.991703076258137,0.98009587382794
satimage,0,pre_none_on,pre,none,on,1.6453390688842748,0.49321096201962733,0.3868378812199037,0.9919465033673649,0.960823112281678,0.991703076258137,0.98009587382794
satimage,0,pre_footprint_off,pre,footprint,off,2.0710824898081244,0.6482474260458896,0.4767255216693419,0.9919465033673649,0.960823112281678,0.991703076258137,0.98009587382794
satimage,0,pre_footprint_on,pre,footprint,on,2.057476933157345,0.6502410119807187,0.4967845659163987,0.9919465033673649,0.960823112281678,0.991703076258137,0.98009587382794
satimage,0,pre_mass_off,pre,mass,off,2.064954414474921,0.6460905057223181,0.478330658105939,0.9919465033673649,0.960823112281678,0.991703076258137,0.98009587382794
satimage,0,pre_mass_on,pre,mass,on,2.579315455056331,0.7068310394996918,0.5594855305466238,0.9919465033673649,0.960823112281678,0.991703076258137,0.98009587382794
satimage,1,post_none_off,post,none,off,2.604970080136424,0.7330963826310983,0.6215316315205327,0.992082286274672,0.9622620362207618,0.9904857918353532,0.9786520835546769
satimage,1,post_none_on,post,none,on,2.4650946461162073,0.492092186646856,0.4180064308681672,0.992082286274672,0.9622620362207618,0.9904857918353532,0.9786520835546769
satimage,1,post_footprint_off,post,footprint,off,3.1849025485963476,0.6915322258490612,0.522508038585209,0.992082286274672,0.9622620362207618,0.9904857918353532,0.9786520835546769
satimage,1,post_footprint_on,post,footprint,on,2.1834461086350623,0.6520527349618577,0.449438202247191,0.992082286274672,0.9622620362207618,0.9904857918353532,0.9786520835546769
satimage,1,post_mass_off,post,mass,off,3.3210338232270455,0.696414082516317,0.5385852090032154,0.992082286274672,0.9622620362207618,0.9904857918353532,0.9786520835546769
satimage,1,post_mass_on,post,mass,on,3.008416572117683,0.6802643107537937,0.4871382636655949,0.992082286274672,0.9622620362207618,0.9904857918353532,0.9786520835546769
satimage,1,pre_none_off,pre,none,off,3.701472917658008,0.7089368664520845,0.5858747993579454,0.992082286274672,0.9622620362207618,0.9904857918353532,0.9786520835546769
satimage,1,pre_none_on,pre,none,on,3.4225639716516514,0.49328776144716385,0.3868378812199037,0.992082286274672,0.9622620362207618,0.9904857918353532,0.9786520835546769
satimage,1,pre_footprint_off,pre,footprint,off,2.6975484545661277,0.6407480807699579,0.584,0.992082286274672,0.9622620362207618,0.9904857918353532,0.9786520835546769
satimage,1,pre_footprint_on,pre,footprint,on,2.059723455582328,0.6580095930463113,0.492776886035313,0.992082286274672,0.9622620362207618,0.9904857918353532,0.9786520835546769
satimage,1,pre_mass_off,pre,mass,off,2.827955914060651,0.6441944305297165,0.5932203389830508,0.992082286274672,0.9622620362207618,0.9904857918353532,0.9786520835546769
satimage,1,pre_mass_on,pre,mass,on,2.0576916360176645,0.6543052384010359,0.4959871589085072,0.992082286274672,0.9622620362207618,0.9904857918353532,0.9786520835546769
satimage,2,post_none_off,post,none,off,2.38589108782467,0.6458877512720128,0.4446227929373997,0.9892512802154583,0.9546005905817416,0.9881456410403648,0.9767316461817379
satimage,2,post_none_on,post,none,on,2.58514657725539,0.5017674143128883,0.42536115569823435,0.9892512802154583,0.9546005905817416,0.9881456410403648,0.9767316461817379
satimage,2,post_footprint_off,post,footprint,off,2.1739164185127153,0.6554025067542393,0.4630225080385852,0.9892512802154583,0.9546005905817416,0.9881456410403648,0.9767316461817379
satimage,2,post_footprint_on,post,footprint,on,2.09499984102135,0.6525142352872975,0.49517684887459806,0.9892512802154583,0.9546005905817416,0.9881456410403648,0.9767316461817379
satimage,2,post_mass_off,post,mass,off,2.140778501959194,0.6482934204034992,0.44694533762057875,0.9892512802154583,0.9546005905817416,0.9881456410403648,0.9767316461817379
satimage,2,post_mass_on,post,mass,on,2.0433737719340317,0.6438422934393266,0.5038845726970034,0.9892512802154583,0.9546005905817416,0.9881456410403648,0.9767316461817379
satimage,2,pre_none_off,pre,none,off,2.3371649944181088,0.6340318848708636,0.4533762057877814,0.9892512802154583,0.9546005905817416,0.9881456410403648,0.9767316461817379
satimage,2,pre_none_on,pre,none,on,3.6284987182743054,0.5032216482162106,0.43729189789123196,0.9892512802154583,0.9546005905817416,0.9881456410403648,0.9767316461817379
satimage,2,pre_footprint_off,pre,footprint,off,2.028198812193426,0.6503492576929382,0.4630225080385852,0.9892512802154583,0.9546005905817416,0.9881456410403648,0.9767316461817379
satimage,2,pre_footprint_on,pre,footprint,on,2.0146650684776417,0.650956993906523,0.5083240843507214,0.9892512802154583,0.9546005905817416,0.9881456410403648,0.9767316461817379
satimage,2,pre_mass_off,pre,mass,off,2.022138896154027,0.6507051983322194,0.4630225080385852,0.9892512802154583,0.9546005905817416,0.9881456410403648,0.9767316461817379
satimage,2,pre_mass_on,pre,mass,on,2.0059620737694845,0.6479334330850792,0.5104333868378812,0.9892512802154583,0.9546005905817416,0.9881456410403648,0.9767316461817379
satimage,3,post_none_off,post,none,off,2.606445467284727,0.7290091999379784,0.6059933407325194,0.991664277448557,0.9440733038568793,0.9909251316894487,0.9759322439486466
satimage,3,post_none_on,post,none,on,2.778785995800354,0.5146346096460099,0.43820224719101125,0.991664277448557,0.9440733038568793,0.9909251316894487,0.9759322439486466
satimage,3,post_footprint_off,post,footprint,off,2.9919727041560127,0.6868799573192905,0.48314606741573035,0.991664277448557,0.9440733038568793,0.9909251316894487,0.9759322439486466
satimage,3,post_footprint_on,post,footprint,on,2.907221696914804,0.6846061482908705,0.48231511254019294,0.991664277448557,0.9440733038568793,0.9909251316894487,0.9759322439486466
satimage,3,post_mass_off,post,mass,off,3.06628641371886,0.6898607058700336,0.4959871589085072,0.991664277448557,0.9440733038568793,0.9909251316894487,0.9759322439486466
satimage,3,post_mass_on,post,mass,on,2.9481877839751345,0.6849658060115521,0.48635634028892455,0.991664277448557,0.9440733038568793,0.9909251316894487,0.9759322439486466
satimage,3,pre_none_off,pre,none,off,3.6085199702279334,0.7053672526850283,0.5601926163723917,0.991664277448557,0.9440733038568793,0.9909251316894487,0.9759322439486466
satimage,3,pre_none_on,pre,none,on,3.001337685988801,0.5129014762530647,0.42857142857142855,0.991664277448557,0.9440733038568793,0.9909251316894487,0.9759322439486466
satimage,3,pre_footprint_off,pre,footprint,off,2.752585366063425,0.6774907100925136,0.47191011235955055,0.991664277448557,0.9440733038568793,0.9909251316894487,0.9759322439486466
satimage,3,pre_footprint_on,pre,footprint,on,2.5065034360466707,0.7076670091440181,0.5168539325842697,0.991664277448557,0.9440733038568793,0.9909251316894487,0.9759322439486466
satimage,3,pre_mass_off,pre,mass,off,2.768821174967886,0.6784175352448528,0.46869983948635635,0.991664277448557,0.9440733038568793,0.9909251316894487,0.9759322439486466
satimage,3,pre_mass_on,pre,mass,on,2.499850339689346,0.7038717698159525,0.5056179775280899,0.991664277448557,0.9440733038568793,0.9909251316894487,0.9759322439486466
satimage,4,post_none_off,post,none,off,2.4503468884492148,0.7172125472990802,0.594855305466238,0.9918194451186115,0.9622620362207618,0.9912008798689026,0.9833697046037222
satimage,4,post_none_on,post,none,on,2.5287305553190706,0.5084621226630578,0.4180064308681672,0.9918194451186115,0.9622620362207618,0.9912008798689026,0.9833697046037222
satimage,4,post_footprint_off,post,footprint,off,3.1267895582928267,0.6927437072034033,0.4887459807073955,0.9918194451186115,0.9622620362207618,0.9912008798689026,0.9833697046037222
satimage,4,post_footprint_on,post,footprint,on,2.965079764532845,0.685128806264117,0.4742765273311897,0.9918194451186115,0.9622620362207618,0.9912008798689026,0.9833697046037222
satimage,4,post_mass_off,post,mass,off,3.2352724390231415,0.6972054849039205,0.4967845659163987,0.9918194451186115,0.9622620362207618,0.9912008798689026,0.9833697046037222
satimage,4,post_mass_on,post,mass,on,3.0176379468626644,0.6838229242512244,0.4630225080385852,0.9918194451186115,0.9622620362207618,0.9912008798689026,0.9833697046037222
satimage,4,pre_none_off,pre,none,off,3.7229068722439616,0.7085513941270662,0.5482315112540193,0.9918194451186115,0.9622620362207618,0.9912008798689026,0.9833697046037222
satimage,4,pre_none_on,pre,none,on,3.2818957542710554,0.4980749691016255,0.4115755627009646,0.9918194451186115,0.9622620362207618,0.9912008798689026,0.9833697046037222
satimage,4,pre_footprint_off,pre,footprint,off,2.779290687025797,0.6821536233095677,0.4678456591639871,0.9918194451186115,0.9622620362207618,0.9912008798689026,0.9833697046037222
satimage,4,pre_footprint_on,pre,footprint,on,2.635419830447804,0.6830307494943607,0.4767255216693419,0.9918194451186115,0.9622620362207618,0.9912008798689026,0.9833697046037222
satimage,4,pre_mass_off,pre,mass,off,2.8091589800677506,0.6817561991336999,0.4630225080385852,0.9918194451186115,0.9622620362207618,0.9912008798689026,0.9833697046037222
satimage,4,pre_mass_on,pre,mass,on,2.579913649527037,0.6810008223317853,0.47351524879614765,0.9918194451186115,0.9622620362207618,0.9912008798689026,0.9833697046037222
satimage,5,post_none_off,post,none,off,2.6126227589559963,0.7256644953703559,0.5803858520900321,0.9902689822335592,0.9561426340604235,0.9896003927693225,0.9748334869755755
satimage,5,post_none_on,post,none,on,2.5847076185547015,0.48039767272886413,0.38290788013318533,0.9902689822335592,0.9561426340604235,0.9896003927693225,0.9748334869755755
satimage,5,post_footprint_off,post,footprint,off,2.250248697757974,0.6582092248924742,0.48475120385232745,0.9902689822335592,0.9561426340604235,0.9896003927693225,0.9748334869755755
satimage,5,post_footprint_on,post,footprint,on,2.129061086915709,0.6614829216815191,0.4959871589085072,0.9902689822335592,0.9561426340604235,0.9896003927693225,0.9748334869755755
satimage,5,post_mass_off,post,mass,off,2.2344932329091325,0.652575553669846,0.47191011235955055,0.9902689822335592,0.9561426340604235,0.9896003927693225,0.9748334869755755
satimage,5,post_mass_on,post,mass,on,2.0516530686835233,0.6505327121352724,0.5184590690208668,0.9902689822335592,0.9561426340604235,0.9896003927693225,0.9748334869755755
satimage,5,pre_none_off,pre,none,off,2.414658750933429,0.639061705399968,0.454983922829582,0.9902689822335592,0.9561426340604235,0.9896003927693225,0.9748334869755755
satimage,5,pre_none_on,pre,none,on,1.5696879412243507,0.47678640507643416,0.40514469453376206,0.9902689822335592,0.9561426340604235,0.9896003927693225,0.9748334869755755
satimage,5,pre_footprint_off,pre,footprint,off,2.0490142530018414,0.6536605395036338,0.492776886035313,0.9902689822335592,0.9561426340604235,0.9896003927693225,0.9748334869755755
satimage,5,pre_footprint_on,pre,footprint,on,1.976286163091104,0.6594654059693885,0.5316315205327414,0.9902689822335592,0.9561426340604235,0.9896003927693225,0.9748334869755755
satimage,5,pre_mass_off,pre,mass,off,2.039895224027826,0.6534937158796648,0.49759229534510435,0.9902689822335592,0.9561426340604235,0.9896003927693225,0.9748334869755755
satimage,5,pre_mass_on,pre,mass,on,0.7887067183785931,0.6508495376110215,0.5283018867924528,0.9902689822335592,0.9561426340604235,0.9896003927693225,0.9748334869755755
satimage,6,post_none_off,post,none,off,2.6284154763303578,0.7308887856374249,0.6026637069922308,0.9919656921748967,0.9564643258642374,0.9908505717211475,0.9817285174084396
satimage,6,post_none_on,post,none,on,2.208125387850666,0.511478496639808,0.4295227524972253,0.9919656921748967,0.9564643258642374,0.9908505717211475,0.9817285174084396
satimage,6,post_footprint_off,post,footprint,off,2.9831269580424964,0.6868168287948226,0.5024077046548957,0.9919656921748967,0.9564643258642374,0.9908505717211475,0.9817285174084396
satimage,6,post_footprint_on,post,footprint,on,2.8617524375128336,0.6811021135215095,0.4678456591639871,0.9919656921748967,0.9564643258642374,0.9908505717211475,0.9817285174084396
satimage,6,post_mass_off,post,mass,off,3.077538119216655,0.6887413733236472,0.5104333868378812,0.9919656921748967,0.9564643258642374,0.9908505717211475,0.9817285174084396
satimage,6,post_mass_on,post,mass,on,2.895851083230064,0.6811443418506142,0.47351524879614765,0.9919656921748967,0.9564643258642374,0.9908505717211475,0.9817285174084396
satimage,6,pre_none_off,pre,none,off,3.596784810643335,0.7052821327328707,0.5571587125416204,0.9919656921748967,0.9564643258642374,0.9908505717211475,0.9817285174084396
satimage,6,pre_none_on,pre,none,on,3.5106752769117304,0.5058334928250514,0.4239733629300777,0.9919656921748967,0.9564643258642374,0.9908505717211475,0.9817285174084396
satimage,6,pre_footprint_off,pre,footprint,off,2.6399363654189507,0.6752074536018382,0.4694533762057878,0.9919656921748967,0.9564643258642374,0.9908505717211475,0.9817285174084396
satimage,6,pre_footprint_on,pre,footprint,on,0.8465539767738193,0.64632091194305,0.5,0.9919656921748967,0.9564643258642374,0.9908505717211475,0.9817285174084396
satimage,6,pre_mass_off,pre,mass,off,2.6509072979368087,0.675621537529236,0.47106109324758844,0.9919656921748967,0.9564643258642374,0.9908505717211475,0.9817285174084396
satimage,6,pre_mass_on,pre,mass,on,2.259765353859544,0.71107021911479,0.5601926163723917,0.9919656921748967,0.9564643258642374,0.9908505717211475,0.9817285174084396
satimage,7,post_none_off,post,none,off,2.5607306961893883,0.727750731992213,0.6037735849056604,0.9920085148892241,0.9678928972928087,0.9908112148409746,0.9798592394109098
satimage,7,post_none_on,post,none,on,2.145498777209557,0.483172609646497,0.37735849056603776,0.9920085148892241,0.9678928972928087,0.9908112148409746,0.9798592394109098
satimage,7,post_footprint_off,post,footprint,off,2.798910405320685,0.6878851232209917,0.5064308681672026,0.9920085148892241,0.9678928972928087,0.9908112148409746,0.9798592394109098
satimage,7,post_footprint_on,post,footprint,on,2.7185655697143796,0.6829411904303277,0.47030497592295345,0.9920085148892241,0.9678928972928087,0.9908112148409746,0.9798592394109098
satimage,7,post_mass_off,post,mass,off,2.8764293964637853,0.689281682500827,0.5096463022508039,0.9920085148892241,0.9678928972928087,0.9908112148409746,0.9798592394109098
satimage,7,post_mass_on,post,mass,on,2.7541391329169933,0.6798339095062218,0.4654895666131621,0.9920085148892241,0.9678928972928087,0.9908112148409746,0.9798592394109098
satimage,7,pre_none_off,pre,none,off,3.486111934442791,0.7029839628723109,0.5530546623794212,0.9920085148892241,0.9678928972928087,0.9908112148409746,0.9798592394109098
satimage,7,pre_none_on,pre,none,on,3.4269574536931366,0.4853579307714811,0.38845726970033295,0.9920085148892241,0.9678928972928087,0.9908112148409746,0.9798592394109098
satimage,7,pre_footprint_off,pre,footprint,off,3.8746456022563485,0.6682808960005753,0.5926748057713651,0.9920085148892241,0.9678928972928087,0.9908112148409746,0.9798592394109098
satimage,7,pre_footprint_on,pre,footprint,on,2.058646190941703,0.6508812147861985,0.46709470304975925,0.9920085148892241,0.9678928972928087,0.9908112148409746,0.9798592394109098
satimage,7,pre_mass_off,pre,mass,off,2.619034430943894,0.6807780314149501,0.48392282958199356,0.9920085148892241,0.9678928972928087,0.9908112148409746,0.9798592394109098
satimage,7,pre_mass_on,pre,mass,on,2.0874032211428215,0.6852810146440478,0.48635634028892455,0.9920085148892241,0.9678928972928087,0.9908112148409746,0.9798592394109098
satimage,8,post_none_off,post,none,off,2.628755372275716,0.7190512792342847,0.6003210272873194,0.9916579327636095,0.9607396876394393,0.9906086397297262,0.9793240095953457
satimage,8,post_none_on,post,none,on,0.7618234140027502,0.5171660133463686,0.4343220338983051,0.9916579327636095,0.9607396876394393,0.9906086397297262,0.9793240095953457
satimage,8,post_footprint_off,post,footprint,off,3.0629353170560147,0.6859212191458602,0.48635634028892455,0.9916579327636095,0.9607396876394393,0.9906086397297262,0.9793240095953457
satimage,8,post_footprint_on,post,footprint,on,2.895043364598432,0.6802855637670938,0.4565916398713826,0.9916579327636095,0.9607396876394393,0.9906086397297262,0.9793240095953457
satimage,8,post_mass_off,post,mass,off,3.1402295179018997,0.6877913620868067,0.5040128410914928,0.9916579327636095,0.9607396876394393,0.9906086397297262,0.9793240095953457
satimage,8,post_mass_on,post,mass,on,2.8924749823841167,0.6780788930039029,0.4565916398713826,0.9916579327636095,0.9607396876394393,0.9906086397297262,0.9793240095953457
satimage,8,pre_none_off,pre,none,off,3.691083068336333,0.7014507632903151,0.5441412520064205,0.9916579327636095,0.9607396876394393,0.9906086397297262,0.9793240095953457
satimage,8,pre_none_on,pre,none,on,2.8136589473617764,0.5148970097260513,0.4446227929373997,0.9916579327636095,0.9607396876394393,0.9906086397297262,0.9793240095953457
satimage,8,pre_footprint_off,pre,footprint,off,2.684538679162657,0.6785781543755778,0.4646302250803859,0.9916579327636095,0.9607396876394393,0.9906086397297262,0.9793240095953457
satimage,8,pre_footprint_on,pre,footprint,on,2.1715023426870417,0.6985437493458225,0.5241157556270096,0.9916579327636095,0.9607396876394393,0.9906086397297262,0.9793240095953457
satimage,8,pre_mass_off,pre,mass,off,2.682321763124547,0.6795307457543809,0.4678456591639871,0.9916579327636095,0.9607396876394393,0.9906086397297262,0.9793240095953457
satimage,8,pre_mass_on,pre,mass,on,2.0506571472982618,0.7021060411419767,0.5353697749196141,0.9916579327636095,0.9607396876394393,0.9906086397297262,0.9793240095953457
satimage,9,post_none_off,post,none,off,2.668115393404984,0.728858127690196,0.5882352941176471,0.9920742328052172,0.9565477505064761,0.9898570255602166,0.9813050250629878
satimage,9,post_none_on,post,none,on,2.4555754649796913,0.48418868669131854,0.39228295819935693,0.9920742328052172,0.9565477505064761,0.9898570255602166,0.9813050250629878
satimage,9,post_footprint_off,post,footprint,off,2.9247622538437974,0.6876201316797008,0.47030497592295345,0.9920742328052172,0.9565477505064761,0.9898570255602166,0.9813050250629878
satimage,9,post_footprint_on,post,footprint,on,2.8465343621861843,0.6859283301092781,0.47266881028938906,0.9920742328052172,0.9565477505064761,0.9898570255602166,0.9813050250629878
satimage,9,post_mass_off,post,mass,off,3.0594053572984725,0.6892831231150633,0.478330658105939,0.9920742328052172,0.9565477505064761,0.9898570255602166,0.9813050250629878
satimage,9,post_mass_on,post,mass,on,2.247844226747082,0.6787227381269274,0.5048231511254019,0.9920742328052172,0.9565477505064761,0.9898570255602166,0.9813050250629878
satimage,9,pre_none_off,pre,none,off,3.6373889622114457,0.7032916433911129,0.5329052969502408,0.9920742328052172,0.9565477505064761,0.9898570255602166,0.9813050250629878
satimage,9,pre_none_on,pre,none,on,2.483183635089749,0.4796230611722786,0.364951768488746,0.9920742328052172,0.9565477505064761,0.9898570255602166,0.9813050250629878
satimage,9,pre_footprint_off,pre,footprint,off,2.0572609803883877,0.6500902821484351,0.4758842443729904,0.9920742328052172,0.9565477505064761,0.9898570255602166,0.9813050250629878
satimage,9,pre_footprint_on,pre,footprint,on,2.7359585823657673,0.6843303263856348,0.46141479099678456,0.9920742328052172,0.9565477505064761,0.9898570255602166,0.9813050250629878
satimage,9,pre_mass_off,pre,mass,off,2.8281205885251786,0.682472085368902,0.478330658105939,0.9920742328052172,0.9565477505064761,0.9898570255602166,0.9813050250629878
satimage,9,pre_mass_on,pre,mass,on,2.061197975774047,0.6777731549913195,0.477491961414791,0.9920742328052172,0.9565477505064761,0.9898570255602166,0.9813050250629878
wine,0,post_none_off,post,none,off,2.064425568440772,0.9300292397660821,0.8333333333333334,0.9766373399508428,1.0,0.9646227855352333,0.9771418178821092
wine,0,post_none_on,post,none,on,0.8255651873747998,0.7487659098727211,0.6666666666666666,0.9766373399508428,1.0,0.9646227855352333,0.9771418178821092
wine,0,post_footprint_off,post,footprint,off,3.496606598173491,0.9728070175438598,0.8888888888888888,0.9766373399508428,1.0,0.9646227855352333,0.9771418178821092
wine,0,post_footprint_on,post,footprint,on,3.5139968683817893,0.9405847953216375,0.8333333333333334,0.9766373399508428,1.0,0.9646227855352333,0.9771418178821092
wine,0,post_mass_off,post,mass,off,3.4255967691809723,0.9728070175438598,0.8888888888888888,0.9766373399508428,1.0,0.9646227855352333,0.9771418178821092
wine,0,post_mass_on,post,mass,on,3.447480163786319,0.8957039043687651,0.7894736842105263,0.9766373399508428,1.0,0.9646227855352333,0.9771418178821092
wine,0,pre_none_off,pre,none,off,3.208697436486975,0.9672514619883043,0.8888888888888888,0.9766373399508428,1.0,0.9646227855352333,0.9771418178821092
wine,0,pre_none_on,pre,none,on,1.6796466264950742,0.7490290677674578,0.6666666666666666,0.9766373399508428,1.0,0.9646227855352333,0.9771418178821092
wine,0,pre_footprint_off,pre,footprint,off,3.517965508891141,0.9733625730994152,0.8947368421052632,0.9766373399508428,1.0,0.9646227855352333,0.9771418178821092
wine,0,pre_footprint_on,pre,footprint,on,3.5265591937063223,0.935029239766082,0.8333333333333334,0.9766373399508428,1.0,0.9646227855352333,0.9771418178821092
wine,0,pre_mass_off,pre,mass,off,3.529594151017587,0.9783625730994153,0.8947368421052632,0.9766373399508428,1.0,0.9646227855352333,0.9771418178821092
wine,0,pre_mass_on,pre,mass,on,3.532118666564874,0.9009670622635019,0.8333333333333334,0.9766373399508428,1.0,0.9646227855352333,0.9771418178821092
wine,1,post_none_off,post,none,off,2.525221432965331,0.9402923976608187,0.7777777777777778,0.9835637846833464,1.0,0.9739657876941707,0.9577109161549062
wine,1,post_none_on,post,none,on,2.489400051476647,0.7658346233230134,0.6666666666666666,0.9835637846833464,1.0,0.9739657876941707,0.9577109161549062
wine,1,post_footprint_off,post,footprint,off,3.5630105111713117,0.9609722222222222,0.8333333333333334,0.9835637846833464,1.0,0.9739657876941707,0.9577109161549062
wine,1,post_footprint_on,post,footprint,on,3.576641186042609,0.9264787581699346,0.8333333333333334,0.9835637846833464,1.0,0.9739657876941707,0.9577109161549062
wine,1,post_mass_off,post,mass,off,3.379832478372053,0.9550898692810458,0.8333333333333334,0.9835637846833464,1.0,0.9739657876941707,0.9577109161549062
wine,1,post_mass_on,post,mass,on,3.3904830243985162,0.9001044891640868,0.7777777777777778,0.9835637846833464,1.0,0.9739657876941707,0.9577109161549062
wine,1,pre_none_off,pre,none,off,3.126172909685257,0.9550898692810458,0.8333333333333334,0.9835637846833464,1.0,0.9739657876941707,0.9577109161549062
wine,1,pre_none_on,pre,none,on,3.241913215236045,0.7602790677674579,0.6666666666666666,0.9835637846833464,1.0,0.9739657876941707,0.9577109161549062
wine,1,pre_footprint_off,pre,footprint,off,3.583518416443846,0.9609722222222222,0.8333333333333334,0.9835637846833464,1.0,0.9739657876941707,0.9577109161549062
wine,1,pre_footprint_on,pre,footprint,on,3.5685831749184733,0.9320343137254902,0.8333333333333334,0.9835637846833464,1.0,0.9739657876941707,0.9577109161549062
wine,1,pre_mass_off,pre,mass,off,3.473897157403718,0.9550898692810458,0.8333333333333334,0.9835637846833464,1.0,0.9739657876941707,0.9577109161549062
wine,1,pre_mass_on,pre,mass,on,3.4578893454306123,0.9106600447196422,0.7777777777777778,0.9835637846833464,1.0,0.9739657876941707,0.9577109161549062
wine,2,post_none_off,post,none,off,1.6237229614934832,0.9341812865497076,0.8333333333333334,0.9756135111493867,1.0,0.9687775789977495,0.9703308215144602
wine,2,post_none_on,post,none,on,1.8576635669803936,0.7272527519779841,0.5555555555555556,0.9756135111493867,1.0,0.9687775789977495,0.9703308215144602
wine,2,post_footprint_off,post,footprint,off,3.589211772996619,0.967514619883041,0.8888888888888888,0.9756135111493867,1.0,0.9687775789977495,0.9703308215144602
wine,2,post_footprint_on,post,footprint,on,3.5972581278448548,0.9197368421052632,0.75,0.9756135111493867,1.0,0.9687775789977495,0.9703308215144602
wine,2,post_mass_off,post,mass,off,3.3810841151415127,0.967514619883041,0.8888888888888888,0.9756135111493867,1.0,0.9687775789977495,0.9703308215144602
wine,2,post_mass_on,post,mass,on,3.2060866089231315,0.8767543859649123,0.6842105263157895,0.9756135111493867,1.0,0.9687775789977495,0.9703308215144602
wine,2,pre_none_off,pre,none,off,3.1626103334811755,0.967514619883041,0.8888888888888888,0.9756135111493867,1.0,0.9687775789977495,0.9703308215144602
wine,2,pre_none_on,pre,none,on,2.4930563807650903,0.7328083075335396,0.6111111111111112,0.9756135111493867,1.0,0.9687775789977495,0.9703308215144602
wine,2,pre_footprint_off,pre,footprint,off,3.635320489256999,0.967514619883041,0.8888888888888888,0.9756135111493867,1.0,0.9687775789977495,0.9703308215144602
wine,2,pre_footprint_on,pre,footprint,on,3.635925912767425,0.9247368421052633,0.7777777777777778,0.9756135111493867,1.0,0.9687775789977495,0.9703308215144602
wine,2,pre_mass_off,pre,mass,off,3.617972990613098,0.967514619883041,0.8888888888888888,0.9756135111493867,1.0,0.9687775789977495,0.9703308215144602
wine,2,pre_mass_on,pre,mass,on,3.619455107948905,0.9086257309941521,0.75,0.9756135111493867,1.0,0.9687775789977495,0.9703308215144602
wine,3,post_none_off,post,none,off,2.3162275985138097,0.9501535087719299,0.8888888888888888,0.9813182625140338,1.0,0.9667192917931643,0.9624177262107148
wine,3,post_none_on,post,none,on,0.7861022858942835,0.7688265393876849,0.6666666666666666,0.9813182625140338,1.0,0.9667192917931643,0.9624177262107148
wine,3,post_footprint_off,post,footprint,off,3.6699449354164475,0.9770833333333334,0.9375,0.9813182625140338,1.0,0.9667192917931643,0.9624177262107148
wine,3,post_footprint_on,post,footprint,on,3.680217335314034,0.9492711558307534,0.8333333333333334,0.9813182625140338,1.0,0.9667192917931643,0.9624177262107148
wine,3,post_mass_off,post,mass,off,3.4843624395763193,0.9715277777777779,0.8888888888888888,0.9813182625140338,1.0,0.9667192917931643,0.9624177262107148
wine,3,post_mass_on,post,mass,on,3.4685438981254886,0.9135685414516684,0.7647058823529411,0.9813182625140338,1.0,0.9667192917931643,0.9624177262107148
wine,3,pre_none_off,pre,none,off,3.2973919010191635,0.9662646198830409,0.8888888888888888,0.9813182625140338,1.0,0.9667192917931643,0.9624177262107148
wine,3,pre_none_on,pre,none,on,0.9248667233169516,0.7688265393876849,0.6666666666666666,0.9813182625140338,1.0,0.9667192917931643,0.9624177262107148
wine,3,pre_footprint_off,pre,footprint,off,3.7382964613697927,0.9770833333333334,0.9375,0.9813182625140338,1.0,0.9667192917931643,0.9624177262107148
wine,3,pre_footprint_on,pre,footprint,on,3.7536501415989543,0.9548267113863089,0.8888888888888888,0.9813182625140338,1.0,0.9667192917931643,0.9624177262107148
wine,3,pre_mass_off,pre,mass,off,3.640389560272074,0.9715277777777779,0.8888888888888888,0.9813182625140338,1.0,0.9667192917931643,0.9624177262107148
wine,3,pre_mass_on,pre,mass,on,3.640487755039411,0.9135685414516684,0.7647058823529411,0.9813182625140338,1.0,0.9667192917931643,0.9624177262107148
wine,4,post_none_off,post,none,off,2.5897592269875296,0.9390423976608187,0.7777777777777778,0.9731612983055863,0.9,0.9657722524572847,0.953087928673158
wine,4,post_none_on,post,none,on,1.9116313020380853,0.7711468008255934,0.65,0.9731612983055863,0.9,0.9657722524572847,0.953087928673158
wine,4,post_footprint_off,post,footprint,off,3.6977067412815012,0.9662646198830409,0.8888888888888888,0.9731612983055863,0.9,0.9657722524572847,0.953087928673158
wine,4,post_footprint_on,post,footprint,on,3.6896134173768185,0.9228332473340213,0.8333333333333334,0.9731612983055863,0.9,0.9657722524572847,0.953087928673158
wine,4,post_mass_off,post,mass,off,3.5589788577975927,0.9662646198830409,0.8888888888888888,0.9731612983055863,0.9,0.9657722524572847,0.953087928673158
wine,4,post_mass_on,post,mass,on,3.5603658189193617,0.8943266253869968,0.7777777777777778,0.9731612983055863,0.9,0.9657722524572847,0.953087928673158
wine,4,pre_none_off,pre,none,off,3.297126361674804,0.9662646198830409,0.8888888888888888,0.9731612983055863,0.9,0.9657722524572847,0.953087928673158
wine,4,pre_none_on,pre,none,on,3.016558968001507,0.7711468008255934,0.65,0.9731612983055863,0.9,0.9657722524572847,0.953087928673158
wine,4,pre_footprint_off,pre,footprint,off,3.7993443773697955,0.9662646198830409,0.8888888888888888,0.9731612983055863,0.9,0.9657722524572847,0.953087928673158
wine,4,pre_footprint_on,pre,footprint,on,3.7907941154231986,0.9283888028895768,0.85,0.9731612983055863,0.9,0.9657722524572847,0.953087928673158
wine,4,pre_mass_off,pre,mass,off,3.747923467979483,0.9662646198830409,0.8888888888888888,0.9731612983055863,0.9,0.9657722524572847,0.953087928673158
wine,4,pre_mass_on,pre,mass,on,3.7777902570037054,0.8943266253869968,0.7777777777777778,0.9731612983055863,0.9,0.9657722524572847,0.953087928673158
wine,5,post_none_off,post,none,off,1.5419227984827897,0.9241812865497077,0.7777777777777778,0.9812958803494315,1.0,0.9684300665364431,0.9672886387329682
wine,5,post_none_on,post,none,on,0.7193976147439097,0.7318558651530788,0.6111111111111112,0.9812958803494315,1.0,0.9684300665364431,0.9672886387329682
wine,5,post_footprint_off,post,footprint,off,3.573985002196976,0.9671878224974201,0.9411764705882353,0.9812958803494315,1.0,0.9684300665364431,0.9672886387329682
wine,5,post_footprint_on,post,footprint,on,3.5230742159174886,0.9241468868249054,0.8333333333333334,0.9812958803494315,1.0,0.9684300665364431,0.9672886387329682
wine,5,post_mass_off,post,mass,off,3.407946051598261,0.9616322669418645,0.8888888888888888,0.9812958803494315,1.0,0.9684300665364431,0.9672886387329682
wine,5,post_mass_on,post,mass,on,3.323688397860888,0.9227579979360165,0.85,0.9812958803494315,1.0,0.9684300665364431,0.9672886387329682
wine,5,pre_none_off,pre,none,off,3.014621333633545,0.9619590643274852,0.8333333333333334,0.9812958803494315,1.0,0.9684300665364431,0.9672886387329682
wine,5,pre_none_on,pre,none,on,1.4867473647196938,0.7268558651530788,0.6,0.9812958803494315,1.0,0.9684300665364431,0.9672886387329682
wine,5,pre_footprint_off,pre,footprint,off,3.6363063886756968,0.9724509803921568,0.9411764705882353,0.9812958803494315,1.0,0.9684300665364431,0.9672886387329682
wine,5,pre_footprint_on,pre,footprint,on,3.5985967572390933,0.9294100447196423,0.8333333333333334,0.9812958803494315,1.0,0.9684300665364431,0.9672886387329682
wine,5,pre_mass_off,pre,mass,off,3.6550883648427948,0.9724509803921568,0.9411764705882353,0.9812958803494315,1.0,0.9684300665364431,0.9672886387329682
wine,5,pre_mass_on,pre,mass,on,3.562460222667613,0.9290079979360165,0.85,0.9812958803494315,1.0,0.9684300665364431,0.9672886387329682
wine,6,post_none_off,post,none,off,1.8267773185534997,0.9241812865497077,0.7777777777777778,0.9842957131764839,0.95,0.9764685319775995,0.9687439704535078
wine,6,post_none_on,post,none,on,1.7709053642643307,0.7446482628138974,0.65,0.9842957131764839,0.95,0.9764685319775995,0.9687439704535078
wine,6,post_footprint_off,post,footprint,off,3.6175409910169365,0.9788888888888889,0.9,0.9842957131764839,0.95,0.9764685319775995,0.9687439704535078
wine,6,post_footprint_on,post,footprint,on,3.5702882514369976,0.9395343137254903,0.8333333333333334,0.9842957131764839,0.95,0.9764685319775995,0.9687439704535078
wine,6,post_mass_off,post,mass,off,3.4138931504895753,0.9733333333333334,0.9,0.9842957131764839,0.95,0.9764685319775995,0.9687439704535078
wine,6,post_mass_on,post,mass,on,3.4370916593637464,0.9339787581699348,0.8333333333333334,0.9842957131764839,0.95,0.9764685319775995,0.9687439704535078
wine,6,pre_none_off,pre,none,off,3.2161751652253816,0.9677777777777778,0.9,0.9842957131764839,0.95,0.9764685319775995,0.9687439704535078
wine,6,pre_none_on,pre,none,on,2.8933877882301156,0.7496482628138975,0.6666666666666666,0.9842957131764839,0.95,0.9764685319775995,0.9687439704535078
wine,6,pre_footprint_off,pre,footprint,off,3.6241733093921185,0.9788888888888889,0.9,0.9842957131764839,0.95,0.9764685319775995,0.9687439704535078
wine,6,pre_footprint_on,pre,footprint,on,3.6439601292066373,0.9395343137254903,0.8333333333333334,0.9842957131764839,0.95,0.9764685319775995,0.9687439704535078
wine,6,pre_mass_off,pre,mass,off,3.590860876748576,0.9733333333333333,0.9,0.9842957131764839,0.95,0.9764685319775995,0.9687439704535078
wine,6,pre_mass_on,pre,mass,on,3.6158236352531135,0.9280964052287581,0.8333333333333334,0.9842957131764839,0.95,0.9764685319775995,0.9687439704535078
wine,7,post_none_off,post,none,off,2.3173555435367788,0.9166468868249055,0.8333333333333334,0.9625835267024003,0.9,0.9532788126145593,0.9335121222201529
wine,7,post_none_on,post,none,on,1.599736852546404,0.781641726866185,0.6666666666666666,0.9625835267024003,0.9,0.9532788126145593,0.9335121222201529
wine,7,post_footprint_off,post,footprint,off,3.4466733562768264,0.9665277777777778,0.8888888888888888,0.9625835267024003,0.9,0.9532788126145593,0.9335121222201529
wine,7,post_footprint_on,post,footprint,on,3.4828180085020115,0.9259640522875818,0.8235294117647058,0.9625835267024003,0.9,0.9532788126145593,0.9335121222201529
wine,7,post_mass_off,post,mass,off,3.2665702185861916,0.9665277777777778,0.8888888888888888,0.9625835267024003,0.9,0.9532788126145593,0.9335121222201529
wine,7,post_mass_on,post,mass,on,3.2799560596069854,0.9148529411764705,0.7777777777777778,0.9625835267024003,0.9,0.9532788126145593,0.9335121222201529
wine,7,pre_none_off,pre,none,off,3.0947433038624093,0.961264619883041,0.8888888888888888,0.9625835267024003,0.9,0.9532788126145593,0.9335121222201529
wine,7,pre_none_on,pre,none,on,2.064017981093972,0.7871972824217406,0.7222222222222222,0.9625835267024003,0.9,0.9532788126145593,0.9335121222201529
wine,7,pre_footprint_off,pre,footprint,off,3.5468907159819296,0.9665277777777778,0.8888888888888888,0.9625835267024003,0.9,0.9532788126145593,0.9335121222201529
wine,7,pre_footprint_on,pre,footprint,on,3.5686020290103677,0.9318464052287583,0.8333333333333334,0.9625835267024003,0.9,0.9532788126145593,0.9335121222201529
wine,7,pre_mass_off,pre,mass,off,3.4696058904046203,0.9665277777777778,0.8888888888888888,0.9625835267024003,0.9,0.9532788126145593,0.9335121222201529
wine,7,pre_mass_on,pre,mass,on,3.4718929045107627,0.9204084967320261,0.8235294117647058,0.9625835267024003,0.9,0.9532788126145593,0.9335121222201529
wine,8,post_none_off,post,none,off,2.2892711669844643,0.8833427932576539,0.7222222222222222,0.9676459676962128,0.9,0.9600975833715729,0.9400800553497615
wine,8,post_none_on,post,none,on,1.7504288989853936,0.7732249742002064,0.6842105263157895,0.9676459676962128,0.9,0.9600975833715729,0.9400800553497615
wine,8,post_footprint_off,post,footprint,off,3.2784013569649613,0.9485767113863088,0.8888888888888888,0.9676459676962128,0.9,0.9600975833715729,0.9400800553497615
wine,8,post_footprint_on,post,footprint,on,3.2832044011977852,0.9160569315445477,0.8333333333333334,0.9676459676962128,0.9,0.9600975833715729,0.9400800553497615
wine,8,post_mass_off,post,mass,off,3.093099076740829,0.9430211558307533,0.8888888888888888,0.9676459676962128,0.9,0.9600975833715729,0.9400800553497615
wine,8,post_mass_on,post,mass,on,3.1081923672204037,0.8931695046439628,0.7368421052631579,0.9676459676962128,0.9,0.9600975833715729,0.9400800553497615
wine,8,pre_none_off,pre,none,off,2.950665805340708,0.9430211558307533,0.8888888888888888,0.9676459676962128,0.9,0.9600975833715729,0.9400800553497615
wine,8,pre_none_on,pre,none,on,2.0692865845219237,0.778780529755762,0.6842105263157895,0.9676459676962128,0.9,0.9600975833715729,0.9400800553497615
wine,8,pre_footprint_off,pre,footprint,off,3.3917779308322764,0.9485767113863088,0.8888888888888888,0.9676459676962128,0.9,0.9600975833715729,0.9400800553497615
wine,8,pre_footprint_on,pre,footprint,on,3.390259669335515,0.9374312005503956,0.8823529411764706,0.9676459676962128,0.9,0.9600975833715729,0.9400800553497615
wine,8,pre_mass_off,pre,mass,off,3.321560457943146,0.9485767113863088,0.8888888888888888,0.9676459676962128,0.9,0.9600975833715729,0.9400800553497615
wine,8,pre_mass_on,pre,mass,on,3.3262272841128127,0.9095437736498108,0.7894736842105263,0.9676459676962128,0.9,0.9600975833715729,0.9400800553497615
wine,9,post_none_off,post,none,off,2.3905585643328897,0.9186549707602341,0.8333333333333334,0.9776756407684385,0.9,0.9720065925112548,0.9282416233071398
wine,9,post_none_on,post,none,on,1.6471541314593041,0.7529325765393877,0.6666666666666666,0.9776756407684385,0.9,0.9720065925112548,0.9282416233071398
wine,9,post_footprint_off,post,footprint,off,3.346444657629154,0.9777777777777776,0.9444444444444444,0.9776756407684385,0.9,0.9720065925112548,0.9282416233071398
wine,9,post_footprint_on,post,footprint,on,3.3294626179089115,0.9495979532163743,0.8888888888888888,0.9776756407684385,0.9,0.9720065925112548,0.9282416233071398
wine,9,post_mass_off,post,mass,off,3.143954395561835,0.9614035087719298,0.8333333333333334,0.9776756407684385,0.9,0.9720065925112548,0.9282416233071398
wine,9,post_mass_on,post,mass,on,1.2302770793353244,0.8541761265909873,0.6111111111111112,0.9776756407684385,0.9,0.9720065925112548,0.9282416233071398
wine,9,pre_none_off,pre,none,off,3.078315130554624,0.9669590643274854,0.8888888888888888,0.9776756407684385,0.9,0.9720065925112548,0.9282416233071398
wine,9,pre_none_on,pre,none,on,1.8494578439709313,0.7529325765393877,0.6666666666666666,0.9776756407684385,0.9,0.9720065925112548,0.9282416233071398
wine,9,pre_footprint_off,pre,footprint,off,3.5326699950022986,0.9722222222222223,0.8888888888888888,0.9776756407684385,0.9,0.9720065925112548,0.9282416233071398
wine,9,pre_footprint_on,pre,footprint,on,3.579627199445217,0.9555555555555555,0.8333333333333334,0.9776756407684385,0.9,0.9720065925112548,0.9282416233071398
wine,9,pre_mass_off,pre,mass,off,3.448305964723348,0.9777777777777776,0.9444444444444444,0.9776756407684385,0.9,0.9720065925112548,0.9282416233071398
wine,9,pre_mass_on,pre,mass,on,1.593359880101529,0.8607529239766082,0.5555555555555556,0.9776756407684385,0.9,0.9720065925112548,0.9282416233071398
