dataset,seed,method,cell,mass_point,gate,personalize,L,rounds,n_rounds,participation,n_part,n_clients,split,m,n_clusters,dim,upload_numbers,min_dist,mean_acc,worst_acc,fcm_obj,gacc,xb,hnorm,no_earlystop,runtime_s
cluster_skew_hard,0,cells,post_none_off,post,none,off,5,50,50,1.0,12,12,0.0,2.0,4,2,7200,3.317190192758482,0.8803030303030303,0.55,8.030286599265127,0.7556818181818182,0.7297772153799056,0.8218453773221559,0,0.452
cluster_skew_hard,0,cells,post_none_on,post,none,on,5,50,50,1.0,12,12,0.0,2.0,4,2,7200,0.2423995735251319,0.5583333333333333,0.44545454545454544,0.4583198474228977,0.45340909090909093,157.2943459667787,0.48226069842029606,0,0.43
cluster_skew_hard,0,cells,post_footprint_off,post,footprint,off,5,50,50,1.0,12,12,0.0,2.0,4,2,7200,7.430470758809825,1.0,1.0,1.3390981427213389,1.0,0.024253797588429795,0.15353724086732945,0,1.002
cluster_skew_hard,0,cells,post_footprint_on,post,footprint,on,5,50,30,1.0,12,12,0.0,2.0,4,2,4320,7.722624940195822,1.0,1.0,1.2985846987333722,1.0,0.01807574448543669,0.16009044062119768,0,0.599
cluster_skew_hard,0,cells,post_mass_off,post,mass,off,5,50,50,1.0,12,12,0.0,2.0,4,2,7200,7.434653279879148,1.0,1.0,1.3393745867750677,1.0,0.024231517626753376,0.15354258836207144,0,0.432
cluster_skew_hard,0,cells,post_mass_on,post,mass,on,5,50,28,1.0,12,12,0.0,2.0,4,2,4032,7.723075336369708,1.0,1.0,1.2986275558580846,1.0,0.018077926195786402,0.16009869735353338,0,0.246
cluster_skew_hard,0,cells,pre_none_off,pre,none,off,5,50,50,1.0,12,12,0.0,2.0,4,2,7200,1.2553889170664363,0.8598484848484849,0.6454545454545455,6.240374725172395,0.6666666666666666,3.959625283390038,0.4257727931614305,0,0.426
cluster_skew_hard,0,cells,pre_none_on,pre,none,on,5,50,50,1.0,12,12,0.0,2.0,4,2,7200,0.8445809510549293,0.5731060606060606,0.45454545454545453,0.47940976089390475,0.4696969696969697,8.778909936122718,0.4595059687875252,0,0.428
cluster_skew_hard,0,cells,pre_footprint_off,pre,footprint,off,5,50,50,1.0,12,12,0.0,2.0,4,2,7200,1.099125388506385,0.834090909090909,0.5409090909090909,6.450804124215778,0.634090909090909,5.339730956828683,0.37646773489861446,0,1.01
cluster_skew_hard,0,cells,pre_footprint_on,pre,footprint,on,5,50,50,1.0,12,12,0.0,2.0,4,2,7200,0.9377137424062464,0.8238636363636364,0.5227272727272727,4.250791262744622,0.6363636363636364,7.399681071981085,0.3234684627706926,0,1.006
cluster_skew_hard,0,cells,pre_mass_off,pre,mass,off,5,50,50,1.0,12,12,0.0,2.0,4,2,7200,1.0897050881803945,0.7662878787878787,0.5227272727272727,6.2920263594327785,0.6352272727272728,5.298739583720147,0.391705609512333,0,0.406
cluster_skew_hard,0,cells,pre_mass_on,pre,mass,on,5,50,40,1.0,12,12,0.0,2.0,4,2,5760,0.9138489642330847,0.8708333333333332,0.5227272727272727,3.5356205137680994,0.6363636363636364,7.700923092542214,0.31607484618285864,0,0.357
cluster_skew_hard,0,cells,post_fpmask_off,post,fpmask,off,5,50,50,1.0,12,12,0.0,2.0,4,2,7200,1.073136157040322,0.8901515151515152,0.7181818181818181,6.519797411689353,0.6848484848484848,5.661407888562267,0.5588394967529149,0,0.988
cluster_skew_hard,0,cells,post_massmask_off,post,massmask,off,5,50,50,1.0,12,12,0.0,2.0,4,2,7200,0.6048905704487556,0.9829545454545455,0.9363636363636364,5.364350514230076,0.9829545454545454,14.660997466782899,0.5452047742443603,0,0.436
cluster_skew_hard,0,cells,pre_fpmask_off,pre,fpmask,off,5,50,50,1.0,12,12,0.0,2.0,4,2,7200,1.0547958490300473,0.8215909090909089,0.5272727272727272,6.288378180372977,0.6318181818181818,5.651995768553182,0.42067703686906216,0,1.031
cluster_skew_hard,0,cells,pre_massmask_off,pre,massmask,off,5,50,50,1.0,12,12,0.0,2.0,4,2,7200,1.0228957360926687,0.828409090909091,0.5136363636363637,6.293679637886764,0.6382575757575758,6.015086762613594,0.42187313757938905,0,0.458
cluster_skew_hard,1,cells,post_none_off,post,none,off,5,50,50,1.0,12,12,0.0,2.0,4,2,7200,2.1676024079366605,0.943560606060606,0.7909090909090909,9.326089398757949,0.7443181818181818,1.9849077373574702,0.8780425900454515,0,0.398
cluster_skew_hard,1,cells,post_none_on,post,none,on,5,50,50,1.0,12,12,0.0,2.0,4,2,7200,1.6983598564165758,0.556060606060606,0.44545454545454544,0.4265614381493244,0.38143939393939397,3.1279769339106256,0.49694228429825127,0,0.419
cluster_skew_hard,1,cells,post_footprint_off,post,footprint,off,5,50,50,1.0,12,12,0.0,2.0,4,2,7200,7.959432085447524,1.0,1.0,1.3882072407708177,1.0,0.021912409853544267,0.1571118738492161,0,0.971
cluster_skew_hard,1,cells,post_footprint_on,post,footprint,on,5,50,23,1.0,12,12,0.0,2.0,4,2,3312,7.791543598695051,1.0,1.0,1.2545568346047644,1.0,0.017763899440713785,0.1557765477422238,0,0.454
cluster_skew_hard,1,cells,post_mass_off,post,mass,off,5,50,50,1.0,12,12,0.0,2.0,4,2,7200,7.959908088156788,1.0,1.0,1.388493114694673,1.0,0.021914301095864747,0.1571412058877796,0,0.441
cluster_skew_hard,1,cells,post_mass_on,post,mass,on,5,50,23,1.0,12,12,0.0,2.0,4,2,3312,7.791644034781241,1.0,1.0,1.2545886515300433,1.0,0.017763982520053987,0.155785254170953,0,0.213
cluster_skew_hard,1,cells,pre_none_off,pre,none,off,5,50,50,1.0,12,12,0.0,2.0,4,2,7200,8.271428792308363,1.0,1.0,1.2768146166950545,1.0,0.018662369124495738,0.14128709786597796,0,0.456
cluster_skew_hard,1,cells,pre_none_on,pre,none,on,5,50,48,1.0,12,12,0.0,2.0,4,2,6912,8.22553645513097,0.6060606060606061,0.4818181818181818,0.45303885928006704,0.6053030303030303,0.018805500601931792,0.45533831129532243,0,0.434
cluster_skew_hard,1,cells,pre_footprint_off,pre,footprint,off,5,50,50,1.0,12,12,0.0,2.0,4,2,7200,8.335636062189208,1.0,1.0,1.3188497284677243,1.0,0.018980944728016896,0.14444504128217958,0,1.037
cluster_skew_hard,1,cells,pre_footprint_on,pre,footprint,on,5,50,25,1.0,12,12,0.0,2.0,4,2,3600,8.3271346537503,1.0,1.0,1.3112914073385356,1.0,0.01898996430121498,0.15068370607173562,0,0.496
cluster_skew_hard,1,cells,pre_mass_off,pre,mass,off,5,50,50,1.0,12,12,0.0,2.0,4,2,7200,8.335727845491439,1.0,1.0,1.319066504883229,1.0,0.018983646525553018,0.14446132323980854,0,0.433
cluster_skew_hard,1,cells,pre_mass_on,pre,mass,on,5,50,25,1.0,12,12,0.0,2.0,4,2,3600,8.327062494891747,1.0,1.0,1.311364412301702,1.0,0.01899089755195489,0.15067991572036854,0,0.225
cluster_skew_hard,1,cells,post_fpmask_off,post,fpmask,off,5,50,50,1.0,12,12,0.0,2.0,4,2,7200,7.813769816926103,1.0,1.0,1.2613248149646048,1.0,0.020658829592150988,0.14599081338723888,0,1.008
cluster_skew_hard,1,cells,post_massmask_off,post,massmask,off,5,50,50,1.0,12,12,0.0,2.0,4,2,7200,7.813769816926406,1.0,1.0,1.2613248149646947,1.0,0.02065882959215086,0.1459908133872479,0,0.469
cluster_skew_hard,1,cells,pre_fpmask_off,pre,fpmask,off,5,50,50,1.0,12,12,0.0,2.0,4,2,7200,8.281884358128965,1.0,1.0,1.2833608187389978,1.0,0.018710717941161473,0.14176357258904168,0,1.04
cluster_skew_hard,1,cells,pre_massmask_off,pre,massmask,off,5,50,50,1.0,12,12,0.0,2.0,4,2,7200,8.281884358128773,1.0,1.0,1.2833608187390282,1.0,0.018710717941162785,0.14176357258904337,0,0.441
cluster_skew_hard,2,cells,post_none_off,post,none,off,5,50,50,1.0,12,12,0.0,2.0,4,2,7200,0.9492492825061677,0.8481060606060606,0.5818181818181818,7.82791246346194,0.7988636363636363,8.687311722521306,0.7954541930086839,0,0.458
cluster_skew_hard,2,cells,post_none_on,post,none,on,5,50,50,1.0,12,12,0.0,2.0,4,2,7200,0.8242216793964318,0.5821969696969698,0.4727272727272727,0.485414995611401,0.42765151515151517,13.001892224786936,0.4669075209066811,0,0.454
cluster_skew_hard,2,cells,post_footprint_off,post,footprint,off,5,50,50,1.0,12,12,0.0,2.0,4,2,7200,7.75290415766975,1.0,1.0,1.7781369163514331,1.0,0.029582601831057473,0.19838671614501766,0,0.996
cluster_skew_hard,2,cells,post_footprint_on,post,footprint,on,5,50,29,1.0,12,12,0.0,2.0,4,2,4176,7.735544454317559,1.0,1.0,1.336013632495761,1.0,0.01879214026365953,0.1654302039625306,0,0.597
cluster_skew_hard,2,cells,post_mass_off,post,mass,off,5,50,50,1.0,12,12,0.0,2.0,4,2,7200,7.756898000976586,1.0,1.0,1.7780513122188508,1.0,0.029550724192245293,0.19836846879922945,0,0.464
cluster_skew_hard,2,cells,post_mass_on,post,mass,on,5,50,30,1.0,12,12,0.0,2.0,4,2,4320,7.750729159308915,1.0,1.0,1.3398438704958893,1.0,0.017997574764450297,0.16564115350340622,0,0.287
cluster_skew_hard,2,cells,pre_none_off,pre,none,off,5,50,50,1.0,12,12,0.0,2.0,4,2,7200,8.425007877380255,1.0,1.0,1.346639682849365,1.0,0.018971897819088097,0.14739675343838884,0,0.475
cluster_skew_hard,2,cells,pre_none_on,pre,none,on,5,50,31,1.0,12,12,0.0,2.0,4,2,4464,7.722535499826063,0.5912878787878789,0.5227272727272727,0.5078071621154212,0.5378787878787878,0.045304908790830586,0.43708217746024974,0,0.293
cluster_skew_hard,2,cells,pre_footprint_off,pre,footprint,off,5,50,50,1.0,12,12,0.0,2.0,4,2,7200,8.522541368756176,1.0,1.0,1.4040318657953494,1.0,0.019330305984339314,0.15164140548484645,0,1.018
cluster_skew_hard,2,cells,pre_footprint_on,pre,footprint,on,5,50,32,1.0,12,12,0.0,2.0,4,2,4608,8.513229874794494,1.0,1.0,1.4041630865745156,1.0,0.019309371006659876,0.15901308823342508,0,0.691
cluster_skew_hard,2,cells,pre_mass_off,pre,mass,off,5,50,50,1.0,12,12,0.0,2.0,4,2,7200,8.522988624590235,1.0,1.0,1.4043218993224664,1.0,0.019332269946414658,0.15166226207597702,0,0.471
cluster_skew_hard,2,cells,pre_mass_on,pre,mass,on,5,50,30,1.0,12,12,0.0,2.0,4,2,4320,8.513726841487289,1.0,1.0,1.4043561377475764,1.0,0.01930954378411959,0.15901086651628493,0,0.286
cluster_skew_hard,2,cells,post_fpmask_off,post,fpmask,off,5,50,50,1.0,12,12,0.0,2.0,4,2,7200,0.5358492118711812,0.9238636363636363,0.6909090909090909,6.0582308186255,0.9238636363636363,21.098939331871893,0.5579357748136496,0,1.087
cluster_skew_hard,2,cells,post_massmask_off,post,massmask,off,5,50,50,1.0,12,12,0.0,2.0,4,2,7200,1.2877561287246542,0.8791666666666668,0.5136363636363637,7.275097017951034,0.8791666666666667,4.3870394357107765,0.7307803432245825,0,0.467
cluster_skew_hard,2,cells,pre_fpmask_off,pre,fpmask,off,5,50,50,1.0,12,12,0.0,2.0,4,2,7200,8.43600464777041,1.0,1.0,1.3535958435823565,1.0,0.01902021367127377,0.14792069179195824,0,1.144
cluster_skew_hard,2,cells,pre_massmask_off,pre,massmask,off,5,50,50,1.0,12,12,0.0,2.0,4,2,7200,8.43600464777022,1.0,1.0,1.3535958435823663,1.0,0.019020213671274766,0.14792069179195824,0,0.419
cluster_skew_hard,3,cells,post_none_off,post,none,off,5,50,50,1.0,12,12,0.0,2.0,4,2,7200,2.640105315919794,0.9242424242424243,0.6954545454545454,9.170929787618784,0.7768939393939394,1.3157423856052097,0.8893695849971884,0,0.476
cluster_skew_hard,3,cells,post_none_on,post,none,on,5,50,50,1.0,12,12,0.0,2.0,4,2,7200,1.8582886524685664,0.5662878787878788,0.43636363636363634,0.4729121817587645,0.43257575757575756,2.57545541956427,0.47649190083111387,0,0.455
cluster_skew_hard,3,cells,post_footprint_off,post,footprint,off,5,50,50,1.0,12,12,0.0,2.0,4,2,7200,6.895473147951901,1.0,1.0,1.4809194167493878,1.0,0.031146072064724962,0.17069540264283495,0,1.028
cluster_skew_hard,3,cells,post_footprint_on,post,footprint,on,5,50,50,1.0,12,12,0.0,2.0,4,2,7200,7.60961033141428,1.0,1.0,1.2947492841775792,1.0,0.0187684080616528,0.1598393363089077,0,1.068
cluster_skew_hard,3,cells,post_mass_off,post,mass,off,5,50,50,1.0,12,12,0.0,2.0,4,2,7200,6.919170337367739,1.0,1.0,1.5646491642655809,1.0,0.032682022747649385,0.17890730064323426,0,0.465
cluster_skew_hard,3,cells,post_mass_on,post,mass,on,5,50,50,1.0,12,12,0.0,2.0,4,2,7200,7.609431885604007,1.0,1.0,1.2948003894063316,1.0,0.018770620439181988,0.159849534080186,0,0.498
cluster_skew_hard,3,cells,pre_none_off,pre,none,off,5,50,50,1.0,12,12,0.0,2.0,4,2,7200,8.28409304564487,1.0,1.0,1.301107562025103,1.0,0.018959342171618727,0.1427841404961786,0,0.468
cluster_skew_hard,3,cells,pre_none_on,pre,none,on,5,50,24,1.0,12,12,0.0,2.0,4,2,3456,8.090927190582471,0.5920454545454545,0.4954545454545455,0.47221450265179815,0.5833333333333334,0.019008697020604117,0.44478944204305054,0,0.238
cluster_skew_hard,3,cells,pre_footprint_off,pre,footprint,off,5,50,50,1.0,12,12,0.0,2.0,4,2,7200,8.329743383245837,1.0,1.0,1.346710269344446,1.0,0.019409347137494926,0.146120272547804,0,1.269
cluster_skew_hard,3,cells,pre_footprint_on,pre,footprint,on,5,50,49,1.0,12,12,0.0,2.0,4,2,7056,8.337961738087229,1.0,1.0,1.3502201079177159,1.0,0.019385688874456627,0.15339129665474088,0,1.068
cluster_skew_hard,3,cells,pre_mass_off,pre,mass,off,5,50,50,1.0,12,12,0.0,2.0,4,2,7200,8.329774064475995,1.0,1.0,1.3468835997569535,1.0,0.019411702247469135,0.14613289153198686,0,0.479
cluster_skew_hard,3,cells,pre_mass_on,pre,mass,on,5,50,42,1.0,12,12,0.0,2.0,4,2,6048,8.337841520733335,1.0,1.0,1.3504445862900452,1.0,0.019385374717638466,0.15340506106962426,0,0.453
cluster_skew_hard,3,cells,post_fpmask_off,post,fpmask,off,5,50,50,1.0,12,12,0.0,2.0,4,2,7200,0.8383142654573289,0.8833333333333333,0.55,8.287838126927944,0.8821969696969697,11.793088210955368,0.7909509798349244,0,1.228
cluster_skew_hard,3,cells,post_massmask_off,post,massmask,off,5,50,50,1.0,12,12,0.0,2.0,4,2,7200,0.9336571206780004,0.8905303030303031,0.6318181818181818,7.88224925338084,0.890530303030303,9.042225562608092,0.7971218159183059,0,0.506
cluster_skew_hard,3,cells,pre_fpmask_off,pre,fpmask,off,5,50,50,1.0,12,12,0.0,2.0,4,2,7200,8.29472431324266,1.0,1.0,1.307227418761142,1.0,0.018999721543931376,0.14325727007276015,0,1.123
cluster_skew_hard,3,cells,pre_massmask_off,pre,massmask,off,5,50,50,1.0,12,12,0.0,2.0,4,2,7200,8.294724314756154,1.0,1.0,1.3072274187828865,1.0,0.018999721537313868,0.1432572700733373,0,0.497
cluster_skew_hard,4,cells,post_none_off,post,none,off,5,50,50,1.0,12,12,0.0,2.0,4,2,7200,1.4801143980613187,0.9219696969696969,0.8363636363636363,7.884303837986933,0.7212121212121212,3.5989249128884313,0.7993071738781214,0,0.53
cluster_skew_hard,4,cells,post_none_on,post,none,on,5,50,45,1.0,12,12,0.0,2.0,4,2,6480,0.899868998093189,0.5738636363636364,0.4590909090909091,0.5136359250423685,0.45871212121212124,10.3727224323376,0.43025905625437455,0,0.439
cluster_skew_hard,4,cells,post_footprint_off,post,footprint,off,5,50,50,1.0,12,12,0.0,2.0,4,2,7200,7.204712678021693,1.0,1.0,1.6810937882200534,1.0,0.032386096940313955,0.18918672245915982,0,1.07
cluster_skew_hard,4,cells,post_footprint_on,post,footprint,on,5,50,35,1.0,12,12,0.0,2.0,4,2,5040,7.375368440719124,1.0,1.0,1.3434824653579773,1.0,0.0205454119226099,0.16502872909077643,0,0.887
cluster_skew_hard,4,cells,post_mass_off,post,mass,off,5,50,50,1.0,12,12,0.0,2.0,4,2,7200,7.218193910706009,1.0,1.0,1.6709207657918965,1.0,0.032069985730327544,0.18813961412933008,0,0.528
cluster_skew_hard,4,cells,post_mass_on,post,mass,on,5,50,35,1.0,12,12,0.0,2.0,4,2,5040,7.375311676167662,1.0,1.0,1.3435051183193194,1.0,0.020548250366415558,0.1650332322706065,0,0.445
cluster_skew_hard,4,cells,pre_none_off,pre,none,off,5,50,50,1.0,12,12,0.0,2.0,4,2,7200,8.318550519136185,1.0,1.0,1.3455730415639267,1.0,0.01944517968214521,0.1468569761674929,0,0.615
cluster_skew_hard,4,cells,pre_none_on,pre,none,on,5,50,41,1.0,12,12,0.0,2.0,4,2,5904,6.918277726865799,0.6151515151515152,0.5,0.5271844278321033,0.5590909090909091,0.06069065554856134,0.4106695644165924,0,0.608
cluster_skew_hard,4,cells,pre_footprint_off,pre,footprint,off,5,50,50,1.0,12,12,0.0,2.0,4,2,7200,8.39458078847536,1.0,1.0,1.395584377857215,1.0,0.019804235095601776,0.15043220525380385,0,1.115
cluster_skew_hard,4,cells,pre_footprint_on,pre,footprint,on,5,50,32,1.0,12,12,0.0,2.0,4,2,4608,1.1340435172004966,0.8337121212121211,0.509090909090909,3.5028397456520564,0.6742424242424242,4.312585643014435,0.3276113519729738,0,0.744
cluster_skew_hard,4,cells,pre_mass_off,pre,mass,off,5,50,50,1.0,12,12,0.0,2.0,4,2,7200,8.394994473224056,1.0,1.0,1.3957558005085486,1.0,0.019804715692719375,0.15044437317737677,0,0.514
cluster_skew_hard,4,cells,pre_mass_on,pre,mass,on,5,50,35,1.0,12,12,0.0,2.0,4,2,5040,1.1943523861885332,0.8382575757575755,0.5272727272727272,2.5048586271245252,0.6734848484848485,3.797342611699219,0.282725165968344,0,0.341
cluster_skew_hard,4,cells,post_fpmask_off,post,fpmask,off,5,50,50,1.0,12,12,0.0,2.0,4,2,7200,6.849433146058806,1.0,1.0,1.234111503552729,1.0,0.026305413826777518,0.14439842081911952,0,1.258
cluster_skew_hard,4,cells,post_massmask_off,post,massmask,off,5,50,50,1.0,12,12,0.0,2.0,4,2,7200,0.9800722094392101,0.9541666666666666,0.8772727272727273,6.879670882840023,0.746969696969697,7.16228359424207,0.6785620856442962,0,0.522
cluster_skew_hard,4,cells,pre_fpmask_off,pre,fpmask,off,5,50,50,1.0,12,12,0.0,2.0,4,2,7200,8.340408660903957,1.0,1.0,1.3526113786896448,1.0,0.019444571425213577,0.1473808575394179,0,1.117
cluster_skew_hard,4,cells,pre_massmask_off,pre,massmask,off,5,50,50,1.0,12,12,0.0,2.0,4,2,7200,8.340408699747996,1.0,1.0,1.3526113588276514,1.0,0.01944457095856634,0.14738085629214176,0,0.484
cluster_skew_hard,5,cells,post_none_off,post,none,off,5,50,50,1.0,12,12,0.0,2.0,4,2,7200,1.7160358575259196,0.981439393939394,0.8818181818181818,9.051769147659826,0.7537878787878788,3.0738364237068048,0.8296116231967735,0,0.437
cluster_skew_hard,5,cells,post_none_on,post,none,on,5,50,50,1.0,12,12,0.0,2.0,4,2,7200,0.7040718859187306,0.5848484848484848,0.4681818181818182,0.4971127494278195,0.4329545454545455,18.748311208780333,0.44062618334088444,0,0.447
cluster_skew_hard,5,cells,post_footprint_off,post,footprint,off,5,50,50,1.0,12,12,0.0,2.0,4,2,7200,7.958270932785039,1.0,1.0,1.1485220292149023,1.0,0.01813434563835287,0.13414517073180335,0,1.078
cluster_skew_hard,5,cells,post_footprint_on,post,footprint,on,5,50,25,1.0,12,12,0.0,2.0,4,2,3600,7.77477824983806,1.0,1.0,1.2991891968003235,1.0,0.018375015012264684,0.16034320183501033,0,0.743
cluster_skew_hard,5,cells,post_mass_off,post,mass,off,5,50,50,1.0,12,12,0.0,2.0,4,2,7200,7.959327532628309,1.0,1.0,1.1490571749416318,1.0,0.0181379786202444,0.13419727028549283,0,0.72
cluster_skew_hard,5,cells,post_mass_on,post,mass,on,5,50,24,1.0,12,12,0.0,2.0,4,2,3456,7.774977208005241,1.0,1.0,1.2992597836012425,1.0,0.018377183507795394,0.16035072992443702,0,0.311
cluster_skew_hard,5,cells,pre_none_off,pre,none,off,5,50,50,1.0,12,12,0.0,2.0,4,2,7200,8.388374923322075,1.0,1.0,1.3095937789200647,1.0,0.018611481150275604,0.1440685907975793,0,0.443
cluster_skew_hard,5,cells,pre_none_on,pre,none,on,5,50,35,1.0,12,12,0.0,2.0,4,2,5040,7.52364201061486,0.656060606060606,0.5454545454545454,0.5645844501823442,0.6390151515151515,0.02107690064440561,0.40203294236172543,0,0.329
cluster_skew_hard,5,cells,pre_footprint_off,pre,footprint,off,5,50,50,1.0,12,12,0.0,2.0,4,2,7200,8.493778560505753,1.0,1.0,1.355530350115961,1.0,0.018789160532716044,0.1476032676093357,0,1.178
cluster_skew_hard,5,cells,pre_footprint_on,pre,footprint,on,5,50,26,1.0,12,12,0.0,2.0,4,2,3744,8.472705183471833,1.0,1.0,1.3493570791759908,1.0,0.018674540616271336,0.1541104066744423,0,0.614
cluster_skew_hard,5,cells,pre_mass_off,pre,mass,off,5,50,50,1.0,12,12,0.0,2.0,4,2,7200,8.49421340625806,1.0,1.0,1.3557577383690584,1.0,0.01879038836016539,0.1476207818903717,0,0.505
cluster_skew_hard,5,cells,pre_mass_on,pre,mass,on,5,50,25,1.0,12,12,0.0,2.0,4,2,3600,8.473257293980277,1.0,1.0,1.3495384377919142,1.0,0.018674856630630312,0.1541116798325229,0,0.251
cluster_skew_hard,5,cells,post_fpmask_off,post,fpmask,off,5,50,50,1.0,12,12,0.0,2.0,4,2,7200,7.846801671955873,1.0,1.0,1.101151334062977,1.0,0.01788387630528559,0.1296226062581674,0,1.237
cluster_skew_hard,5,cells,post_massmask_off,post,massmask,off,5,50,50,1.0,12,12,0.0,2.0,4,2,7200,4.7506126979239705,0.8079545454545455,0.6545454545454545,8.28802186212817,0.634469696969697,0.36724140267428573,0.7995299531485076,0,0.513
cluster_skew_hard,5,cells,pre_fpmask_off,pre,fpmask,off,5,50,50,1.0,12,12,0.0,2.0,4,2,7200,8.398356697073893,1.0,1.0,1.3155678733251688,1.0,0.01865196650963392,0.14450922510921724,0,1.128
cluster_skew_hard,5,cells,pre_massmask_off,pre,massmask,off,5,50,50,1.0,12,12,0.0,2.0,4,2,7200,8.398356697073895,1.0,1.0,1.3155678733251703,1.0,0.01865196650963393,0.14450922510921732,0,0.5
cluster_skew_hard,6,cells,post_none_off,post,none,off,5,50,50,1.0,12,12,0.0,2.0,4,2,7200,1.0450165124869701,0.878787878787879,0.7454545454545455,9.185492660125727,0.6992424242424242,8.41116492689928,0.8095794113494811,0,0.471
cluster_skew_hard,6,cells,post_none_on,post,none,on,5,50,50,1.0,12,12,0.0,2.0,4,2,7200,0.7129618407158596,0.5772727272727273,0.4818181818181818,0.4736089432614458,0.4810606060606061,17.745359719849365,0.446753772024807,0,0.476
cluster_skew_hard,6,cells,post_footprint_off,post,footprint,off,5,50,50,1.0,12,12,0.0,2.0,4,2,7200,7.1436242815541675,1.0,1.0,1.5087690392178215,1.0,0.02956552218791474,0.1690866032795126,0,1.139
cluster_skew_hard,6,cells,post_footprint_on,post,footprint,on,5,50,33,1.0,12,12,0.0,2.0,4,2,4752,7.71305039913401,1.0,1.0,1.232507849540643,1.0,0.017956808554253866,0.15417095185514035,0,0.704
cluster_skew_hard,6,cells,post_mass_off,post,mass,off,5,50,50,1.0,12,12,0.0,2.0,4,2,7200,7.153955087397072,1.0,1.0,1.4745723153507504,1.0,0.02881201666240016,0.16615952176604742,0,0.424
cluster_skew_hard,6,cells,post_mass_on,post,mass,on,5,50,30,1.0,12,12,0.0,2.0,4,2,4320,7.713942904353601,1.0,1.0,1.2325870471987672,1.0,0.0179566542262028,0.15418146449268819,0,0.263
cluster_skew_hard,6,cells,pre_none_off,pre,none,off,5,50,50,1.0,12,12,0.0,2.0,4,2,7200,8.360753420009381,1.0,1.0,1.2350381723601165,1.0,0.0176680878729111,0.1377471068395183,0,0.437
cluster_skew_hard,6,cells,pre_none_on,pre,none,on,5,50,26,1.0,12,12,0.0,2.0,4,2,3744,8.115032907078136,0.6431818181818181,0.6045454545454545,0.5046366753707908,0.6431818181818182,0.018093198236996955,0.39665107636809216,0,0.245
cluster_skew_hard,6,cells,pre_footprint_off,pre,footprint,off,5,50,50,1.0,12,12,0.0,2.0,4,2,7200,8.472114071107157,1.0,1.0,1.280596339047746,1.0,0.01784138917933595,0.1412703975245703,0,1.106
cluster_skew_hard,6,cells,pre_footprint_on,pre,footprint,on,5,50,33,1.0,12,12,0.0,2.0,4,2,4752,8.441390532244125,1.0,1.0,1.2841834216776582,1.0,0.017809025377304225,0.14848316458140484,0,0.758
cluster_skew_hard,6,cells,pre_mass_off,pre,mass,off,5,50,50,1.0,12,12,0.0,2.0,4,2,7200,8.472569748366258,1.0,1.0,1.2808065602979581,1.0,0.017842398623827208,0.1412862817646878,0,0.496
cluster_skew_hard,6,cells,pre_mass_on,pre,mass,on,5,50,27,1.0,12,12,0.0,2.0,4,2,3888,8.441551007881875,1.0,1.0,1.2843718142701201,1.0,0.01781049609327401,0.14848615807577764,0,0.274
cluster_skew_hard,6,cells,post_fpmask_off,post,fpmask,off,5,50,50,1.0,12,12,0.0,2.0,4,2,7200,7.70357194114562,1.0,1.0,1.3076343239521357,1.0,0.022034440456448284,0.15153716395978956,0,1.062
cluster_skew_hard,6,cells,post_massmask_off,post,massmask,off,5,50,50,1.0,12,12,0.0,2.0,4,2,7200,7.20301761488833,1.0,1.0,1.2091312264985672,1.0,0.02330475188370873,0.14174659913051496,0,0.464
cluster_skew_hard,6,cells,pre_fpmask_off,pre,fpmask,off,5,50,50,1.0,12,12,0.0,2.0,4,2,7200,8.375572910598265,1.0,1.0,1.240325651313109,1.0,0.01768099406336747,0.138150616719899,0,1.084
cluster_skew_hard,6,cells,pre_massmask_off,pre,massmask,off,5,50,50,1.0,12,12,0.0,2.0,4,2,7200,8.375572910586097,1.0,1.0,1.240325651313081,1.0,0.017680994063418446,0.13815061671990095,0,0.473
cluster_skew_hard,7,cells,post_none_off,post,none,off,5,50,50,1.0,12,12,0.0,2.0,4,2,7200,2.280001053597206,0.8204545454545454,0.6,9.147052529158682,0.6666666666666666,1.7595883493737927,0.9010992324926923,0,0.423
cluster_skew_hard,7,cells,post_none_on,post,none,on,5,50,50,1.0,12,12,0.0,2.0,4,2,7200,1.0538319980208064,0.5678030303030303,0.4590909090909091,0.471574213308671,0.4647727272727273,8.272521958143555,0.44924271287151135,0,0.458
cluster_skew_hard,7,cells,post_footprint_off,post,footprint,off,5,50,50,1.0,12,12,0.0,2.0,4,2,7200,8.034453926026362,1.0,1.0,1.3124924528967374,1.0,0.020332186542023664,0.15215470310255813,0,1.111
cluster_skew_hard,7,cells,post_footprint_on,post,footprint,on,5,50,50,1.0,12,12,0.0,2.0,4,2,7200,7.8478032289880915,1.0,1.0,1.28377237477945,1.0,0.01756694899004495,0.15894843928760874,0,1.089
cluster_skew_hard,7,cells,post_mass_off,post,mass,off,5,50,50,1.0,12,12,0.0,2.0,4,2,7200,8.035398584832457,1.0,1.0,1.312947038392534,1.0,0.020334446686528184,0.15220163729302702,0,0.488
cluster_skew_hard,7,cells,post_mass_on,post,mass,on,5,50,50,1.0,12,12,0.0,2.0,4,2,7200,7.854132463982872,1.0,1.0,1.284783486359528,1.0,0.017545079328400267,0.15900614375512612,0,0.47
cluster_skew_hard,7,cells,pre_none_off,pre,none,off,5,50,50,1.0,12,12,0.0,2.0,4,2,7200,8.267785188079129,1.0,1.0,1.291562904406424,1.0,0.0188945778960766,0.14257758050387767,0,0.447
cluster_skew_hard,7,cells,pre_none_on,pre,none,on,5,50,25,1.0,12,12,0.0,2.0,4,2,3600,7.519488014923796,0.631060606060606,0.5045454545454545,0.5320168304756114,0.621969696969697,0.022088076970831046,0.4198215391523591,0,0.226
cluster_skew_hard,7,cells,pre_footprint_off,pre,footprint,off,5,50,50,1.0,12,12,0.0,2.0,4,2,7200,8.381594722807987,1.0,1.0,1.3352040389424924,1.0,0.019006157439620426,0.14595668959293115,0,1.035
cluster_skew_hard,7,cells,pre_footprint_on,pre,footprint,on,5,50,26,1.0,12,12,0.0,2.0,4,2,3744,8.232279545330996,1.0,1.0,1.3475994132705285,1.0,0.019383351872349085,0.1538673934093934,0,0.567
cluster_skew_hard,7,cells,pre_mass_off,pre,mass,off,5,50,50,1.0,12,12,0.0,2.0,4,2,7200,8.382494079135707,1.0,1.0,1.335502887889886,1.0,0.01900633242010362,0.14598023934145082,0,0.478
cluster_skew_hard,7,cells,pre_mass_on,pre,mass,on,5,50,22,1.0,12,12,0.0,2.0,4,2,3168,8.233605100336273,1.0,1.0,1.3477739116675245,1.0,0.01938069043148753,0.15386321956450633,0,0.209
cluster_skew_hard,7,cells,post_fpmask_off,post,fpmask,off,5,50,50,1.0,12,12,0.0,2.0,4,2,7200,0.6613493072776575,0.9829545454545454,0.95,5.188238950269897,0.9829545454545454,11.862006668049576,0.5254708761519828,0,1.055
cluster_skew_hard,7,cells,post_massmask_off,post,massmask,off,5,50,50,1.0,12,12,0.0,2.0,4,2,7200,2.2800010462404954,0.8204545454545454,0.6,9.147052529436435,0.6666666666666666,1.7595883607822909,0.9010992324657132,0,0.43
cluster_skew_hard,7,cells,pre_fpmask_off,pre,fpmask,off,5,50,50,1.0,12,12,0.0,2.0,4,2,7200,8.269923880953442,1.0,1.0,1.296646473780289,1.0,0.018959136743650296,0.14295240097172165,0,0.974
cluster_skew_hard,7,cells,pre_massmask_off,pre,massmask,off,5,50,50,1.0,12,12,0.0,2.0,4,2,7200,8.269923880953337,1.0,1.0,1.2966464737802852,1.0,0.018959136743650712,0.14295240097172124,0,0.437
cluster_skew_hard,8,cells,post_none_off,post,none,off,5,50,50,1.0,12,12,0.0,2.0,4,2,7200,2.4992486962527134,0.9253787878787878,0.7,8.765528835760755,0.8087121212121212,1.4033279474191778,0.8418624843118709,0,0.472
cluster_skew_hard,8,cells,post_none_on,post,none,on,5,50,50,1.0,12,12,0.0,2.0,4,2,7200,1.5086940938525177,0.5481060606060607,0.4727272727272727,0.4332005978030181,0.453030303030303,3.9720407014111565,0.47348020005710856,0,0.481
cluster_skew_hard,8,cells,post_footprint_off,post,footprint,off,5,50,50,1.0,12,12,0.0,2.0,4,2,7200,6.731373806254421,1.0,1.0,1.3256950169258634,1.0,0.029257432177759144,0.1548843667463778,0,1.084
cluster_skew_hard,8,cells,post_footprint_on,post,footprint,on,5,50,37,1.0,12,12,0.0,2.0,4,2,5328,7.435066075890196,1.0,1.0,1.2985617977703894,1.0,0.019734927418920276,0.16191766529400772,0,0.792
cluster_skew_hard,8,cells,post_mass_off,post,mass,off,5,50,50,1.0,12,12,0.0,2.0,4,2,7200,6.7102201976911555,1.0,1.0,1.497430499865378,1.0,0.03325623886549525,0.16715170954167663,0,0.45
cluster_skew_hard,8,cells,post_mass_on,post,mass,on,5,50,38,1.0,12,12,0.0,2.0,4,2,5472,7.435421847700434,1.0,1.0,1.298643358861,1.0,0.019736319044417347,0.1619172605185117,0,0.358
cluster_skew_hard,8,cells,pre_none_off,pre,none,off,5,50,50,1.0,12,12,0.0,2.0,4,2,7200,8.26268009876131,1.0,1.0,1.311491032392304,1.0,0.01920982673995247,0.1436642253796358,0,0.461
cluster_skew_hard,8,cells,pre_none_on,pre,none,on,5,50,50,1.0,12,12,0.0,2.0,4,2,7200,1.4973565730953433,0.559469696969697,0.4681818181818182,0.4770536162361295,0.44962121212121214,2.669707540768644,0.45859471284903125,0,0.468
cluster_skew_hard,8,cells,pre_footprint_off,pre,footprint,off,5,50,50,1.0,12,12,0.0,2.0,4,2,7200,8.328925717834368,1.0,1.0,1.3605365432244707,1.0,0.01961246734746003,0.14730551458154015,0,1.068
cluster_skew_hard,8,cells,pre_footprint_on,pre,footprint,on,5,50,43,1.0,12,12,0.0,2.0,4,2,6192,0.7292663210048924,0.8659090909090909,0.5636363636363636,3.0756883579831933,0.6306818181818182,11.840171342391084,0.27694774628559615,0,0.891
cluster_skew_hard,8,cells,pre_mass_off,pre,mass,off,5,50,50,1.0,12,12,0.0,2.0,4,2,7200,1.1189764539811162,0.8772727272727273,0.5636363636363636,6.209760314514132,0.6356060606060606,4.959443437822809,0.40295878741193436,0,0.429
cluster_skew_hard,8,cells,pre_mass_on,pre,mass,on,5,50,37,1.0,12,12,0.0,2.0,4,2,5328,8.321425061250144,1.0,1.0,1.3641410442650257,1.0,0.019523894832671446,0.15496127751626718,0,0.321
cluster_skew_hard,8,cells,post_fpmask_off,post,fpmask,off,5,50,50,1.0,12,12,0.0,2.0,4,2,7200,0.8932970504498102,0.9901515151515152,0.9045454545454545,8.97487377143579,0.7511363636363636,11.246996217253766,0.799382710086538,0,0.99
cluster_skew_hard,8,cells,post_massmask_off,post,massmask,off,5,50,50,1.0,12,12,0.0,2.0,4,2,7200,1.4642077639801099,0.796590909090909,0.5863636363636363,8.109647799956823,0.7356060606060606,3.7826536903248273,0.8094248522705522,0,0.466
cluster_skew_hard,8,cells,pre_fpmask_off,pre,fpmask,off,5,50,50,1.0,12,12,0.0,2.0,4,2,7200,8.276065902262642,1.0,1.0,1.3177081485906377,1.0,0.019238506349545444,0.14413285212996046,0,1.083
cluster_skew_hard,8,cells,pre_massmask_off,pre,massmask,off,5,50,50,1.0,12,12,0.0,2.0,4,2,7200,8.275903400443468,1.0,1.0,1.3203532809806444,1.0,0.019277882257857263,0.14432920881544808,0,0.491
cluster_skew_hard,9,cells,post_none_off,post,none,off,5,50,50,1.0,12,12,0.0,2.0,4,2,7200,2.618111708936693,0.934469696969697,0.740909090909091,8.64721246273652,0.8003787878787879,1.2615363934987507,0.8486750364710405,0,0.491
cluster_skew_hard,9,cells,post_none_on,post,none,on,5,50,50,1.0,12,12,0.0,2.0,4,2,7200,2.5506311346513226,0.5393939393939394,0.45,0.442337290511761,0.38712121212121214,1.3477147999781154,0.5006714607985981,0,0.514
cluster_skew_hard,9,cells,post_footprint_off,post,footprint,off,5,50,50,1.0,12,12,0.0,2.0,4,2,7200,8.03266856941013,1.0,1.0,1.372937118284808,1.0,0.021278007137383415,0.15593697733905823,0,1.13
cluster_skew_hard,9,cells,post_footprint_on,post,footprint,on,5,50,33,1.0,12,12,0.0,2.0,4,2,4752,7.887325095449776,1.0,1.0,1.3377337336578954,1.0,0.01787829028036096,0.1635371825988906,0,0.724
cluster_skew_hard,9,cells,post_mass_off,post,mass,off,5,50,50,1.0,12,12,0.0,2.0,4,2,7200,8.035223946255067,1.0,1.0,1.3728671103288848,1.0,0.021263391241772255,0.1559276870936823,0,0.472
cluster_skew_hard,9,cells,post_mass_on,post,mass,on,5,50,33,1.0,12,12,0.0,2.0,4,2,4752,7.888352175538202,1.0,1.0,1.337844479382709,1.0,0.01787629925204545,0.16353165564284997,0,0.303
cluster_skew_hard,9,cells,pre_none_off,pre,none,off,5,50,50,1.0,12,12,0.0,2.0,4,2,7200,8.266094463029788,1.0,1.0,1.3512446168594228,1.0,0.019775763005774244,0.1481382864827643,0,0.46
cluster_skew_hard,9,cells,pre_none_on,pre,none,on,5,50,28,1.0,12,12,0.0,2.0,4,2,4032,8.330223165450109,0.5662878787878788,0.4954545454545455,0.4715724496996032,0.5662878787878788,0.019736616399496136,0.4690518971248056,0,0.273
cluster_skew_hard,9,cells,pre_footprint_off,pre,footprint,off,5,50,50,1.0,12,12,0.0,2.0,4,2,7200,8.367610040789367,1.0,1.0,1.3995981303885197,1.0,0.019989433614896364,0.15164762321287603,0,1.162
cluster_skew_hard,9,cells,pre_footprint_on,pre,footprint,on,5,50,32,1.0,12,12,0.0,2.0,4,2,4608,8.379550985177847,1.0,1.0,1.397367678740052,1.0,0.019799843768282203,0.15883654303556882,0,0.724
cluster_skew_hard,9,cells,pre_mass_off,pre,mass,off,5,50,50,1.0,12,12,0.0,2.0,4,2,7200,8.367959000654446,1.0,1.0,1.3998155404809842,1.0,0.019990871304501372,0.1516637114350885,0,0.545
cluster_skew_hard,9,cells,pre_mass_on,pre,mass,on,5,50,31,1.0,12,12,0.0,2.0,4,2,4464,8.37967960393413,1.0,1.0,1.3976121770924435,1.0,0.019800590759691573,0.1588366864677683,0,0.328
cluster_skew_hard,9,cells,post_fpmask_off,post,fpmask,off,5,50,50,1.0,12,12,0.0,2.0,4,2,7200,7.912721263384594,1.0,1.0,1.2954209514812534,1.0,0.02068993765910501,0.14891377505726952,0,1.255
cluster_skew_hard,9,cells,post_massmask_off,post,massmask,off,5,50,50,1.0,12,12,0.0,2.0,4,2,7200,7.912721263384594,1.0,1.0,1.2954209514812534,1.0,0.02068993765910501,0.14891377505726952,0,0.475
cluster_skew_hard,9,cells,pre_fpmask_off,pre,fpmask,off,5,50,50,1.0,12,12,0.0,2.0,4,2,7200,8.283016374960559,1.0,1.0,1.3584763930129964,1.0,0.019800449795172974,0.14866465964302733,0,1.194
cluster_skew_hard,9,cells,pre_massmask_off,pre,massmask,off,5,50,50,1.0,12,12,0.0,2.0,4,2,7200,8.283016374960559,1.0,1.0,1.3584763930129964,1.0,0.019800449795172974,0.14866465964302733,0,0.505
cluster_skew_overlap,0,cells,post_none_off,post,none,off,5,50,50,1.0,12,12,0.0,2.0,4,2,7200,1.9837935868017225,0.7625000000000001,0.6409090909090909,2.8116358232236722,0.7625,0.7144405632132875,0.7411047907368848,0,0.48
cluster_skew_overlap,0,cells,post_none_on,post,none,on,5,50,50,1.0,12,12,0.0,2.0,4,2,7200,1.633617752539527,0.4117424242424242,0.33636363636363636,1.077122976926499,0.35378787878787876,1.0925746535979124,0.5904102426535935,0,0.526
cluster_skew_overlap,0,cells,post_footprint_off,post,footprint,off,5,50,50,1.0,12,12,0.0,2.0,4,2,7200,4.6676407761191445,0.8632575757575759,0.8,2.336612866304708,0.8632575757575758,0.10724866957981086,0.5382315927832044,0,1.301
cluster_skew_overlap,0,cells,post_footprint_on,post,footprint,on,5,50,32,1.0,12,12,0.0,2.0,4,2,4608,4.674608245407199,0.8132575757575758,0.7136363636363636,2.37320240366766,0.8132575757575757,0.10727210873874131,0.567888178269967,0,0.682
cluster_skew_overlap,0,cells,post_mass_off,post,mass,off,5,50,50,1.0,12,12,0.0,2.0,4,2,7200,4.642535277276845,0.8617424242424242,0.8045454545454546,2.322483647306915,0.8617424242424242,0.10775619307968208,0.5377925100498432,0,0.435
cluster_skew_overlap,0,cells,post_mass_on,post,mass,on,5,50,28,1.0,12,12,0.0,2.0,4,2,4032,4.651934033149388,0.8090909090909091,0.7272727272727273,2.357703477847527,0.8090909090909091,0.10767907893691428,0.5688744951122326,0,0.26
cluster_skew_overlap,0,cells,pre_none_off,pre,none,off,5,50,50,1.0,12,12,0.0,2.0,4,2,7200,4.479247631383477,0.8613636363636367,0.8045454545454546,2.2985849855890317,0.8613636363636363,0.1145645939389331,0.5382067143579635,0,0.455
cluster_skew_overlap,0,cells,pre_none_on,pre,none,on,5,50,50,1.0,12,12,0.0,2.0,4,2,7200,4.407834745019839,0.41363636363636375,0.32727272727272727,1.0815879491765787,0.3693181818181818,0.11770006620579597,0.5828287269936703,0,0.488
cluster_skew_overlap,0,cells,pre_footprint_off,pre,footprint,off,5,50,50,1.0,12,12,0.0,2.0,4,2,7200,5.113283045055968,0.8666666666666667,0.7954545454545454,2.5935417309288797,0.8666666666666667,0.09919586592408634,0.5485873569100423,0,1.22
cluster_skew_overlap,0,cells,pre_footprint_on,pre,footprint,on,5,50,34,1.0,12,12,0.0,2.0,4,2,4896,5.187470329440375,0.8329545454545455,0.75,2.509421029646414,0.8329545454545455,0.09665011992818984,0.5607341198021987,0,0.884
cluster_skew_overlap,0,cells,pre_mass_off,pre,mass,off,5,50,50,1.0,12,12,0.0,2.0,4,2,7200,5.10750129016679,0.8662878787878788,0.7954545454545454,2.5903939056142633,0.8662878787878788,0.09929990651546008,0.548451577240433,0,0.575
cluster_skew_overlap,0,cells,pre_mass_on,pre,mass,on,5,50,33,1.0,12,12,0.0,2.0,4,2,4752,5.181500582251464,0.8303030303030304,0.75,2.4972851937123783,0.8303030303030303,0.0967770546022312,0.5615361912941763,0,0.33
cluster_skew_overlap,0,cells,post_fpmask_off,post,fpmask,off,5,50,50,1.0,12,12,0.0,2.0,4,2,7200,3.135675352450771,0.5988636363636363,0.4863636363636364,2.56567027202849,0.571969696969697,0.2609387980175755,0.6681218996565542,0,1.184
cluster_skew_overlap,0,cells,post_massmask_off,post,massmask,off,5,50,50,1.0,12,12,0.0,2.0,4,2,7200,2.857860258029348,0.671969696969697,0.4590909090909091,2.504188769337678,0.6071969696969697,0.3066091317492346,0.6648679478961932,0,0.528
cluster_skew_overlap,0,cells,pre_fpmask_off,pre,fpmask,off,5,50,50,1.0,12,12,0.0,2.0,4,2,7200,4.4782501913371995,0.8662878787878786,0.7954545454545454,2.4106007889531176,0.8662878787878788,0.12020114042215642,0.5416060242098771,0,1.194
cluster_skew_overlap,0,cells,pre_massmask_off,pre,massmask,off,5,50,50,1.0,12,12,0.0,2.0,4,2,7200,4.487510929408741,0.8590909090909092,0.7909090909090909,2.3523050623872033,0.8590909090909091,0.11681069410665175,0.5404101103635719,0,0.495
cluster_skew_overlap,1,cells,post_none_off,post,none,off,5,50,50,1.0,12,12,0.0,2.0,4,2,7200,2.2720147987858827,0.7848484848484848,0.6227272727272727,2.611140881131354,0.7848484848484848,0.5058339711765228,0.703857858874465,0,0.524
cluster_skew_overlap,1,cells,post_none_on,post,none,on,5,50,50,1.0,12,12,0.0,2.0,4,2,7200,1.5661745823850484,0.41818181818181815,0.36363636363636365,1.0418262914279077,0.3784090909090909,1.2156005575731994,0.607974798865837,0,0.524
cluster_skew_overlap,1,cells,post_footprint_off,post,footprint,off,5,50,50,1.0,12,12,0.0,2.0,4,2,7200,4.607115391879358,0.8624999999999998,0.8136363636363636,2.251338188074658,0.8625,0.10606755508395393,0.5335044123749951,0,1.151
cluster_skew_overlap,1,cells,post_footprint_on,post,footprint,on,5,50,24,1.0,12,12,0.0,2.0,4,2,3456,4.6638188403161225,0.8170454545454545,0.7681818181818182,2.2619782908471833,0.8170454545454545,0.10371506812050257,0.5617342736749448,0,0.568
cluster_skew_overlap,1,cells,post_mass_off,post,mass,off,5,50,50,1.0,12,12,0.0,2.0,4,2,7200,4.59590528198308,0.8628787878787879,0.8136363636363636,2.2435565504911588,0.8628787878787879,0.10621720799234165,0.5334550340192826,0,0.48
cluster_skew_overlap,1,cells,post_mass_on,post,mass,on,5,50,24,1.0,12,12,0.0,2.0,4,2,3456,4.655202506562343,0.8151515151515151,0.7636363636363637,2.2496686298103055,0.8151515151515152,0.10373701320758312,0.562143360089976,0,0.221
cluster_skew_overlap,1,cells,pre_none_off,pre,none,off,5,50,50,1.0,12,12,0.0,2.0,4,2,7200,4.481733015965655,0.8636363636363636,0.8181818181818182,2.207400656031719,0.8636363636363636,0.10989785213891054,0.5328667979596445,0,0.471
cluster_skew_overlap,1,cells,pre_none_on,pre,none,on,5,50,38,1.0,12,12,0.0,2.0,4,2,5472,4.267590314550614,0.415530303030303,0.36363636363636365,1.0468799820880414,0.3928030303030303,0.12013988380744896,0.5978301423364147,0,0.378
cluster_skew_overlap,1,cells,pre_footprint_off,pre,footprint,off,5,50,50,1.0,12,12,0.0,2.0,4,2,7200,5.00552494812,0.8651515151515152,0.8272727272727273,2.478117026140813,0.8651515151515151,0.09890598011766301,0.5420246093857443,0,1.264
cluster_skew_overlap,1,cells,pre_footprint_on,pre,footprint,on,5,50,22,1.0,12,12,0.0,2.0,4,2,3168,5.046362553809039,0.8371212121212123,0.7818181818181819,2.3851357434281035,0.8371212121212122,0.09733779418412347,0.5543418653649461,0,0.504
cluster_skew_overlap,1,cells,pre_mass_off,pre,mass,off,5,50,50,1.0,12,12,0.0,2.0,4,2,7200,5.001741268967033,0.8655303030303032,0.8272727272727273,2.4754738902419784,0.865530303030303,0.09895002416640328,0.5419237493682713,0,0.525
cluster_skew_overlap,1,cells,pre_mass_on,pre,mass,on,5,50,22,1.0,12,12,0.0,2.0,4,2,3168,5.046106879041213,0.8359848484848486,0.7818181818181819,2.3747651285558278,0.8359848484848484,0.09727832934701854,0.554809251613219,0,0.226
cluster_skew_overlap,1,cells,post_fpmask_off,post,fpmask,off,5,50,50,1.0,12,12,0.0,2.0,4,2,7200,3.4045909446239304,0.7166666666666668,0.5863636363636363,2.441938019774151,0.7155303030303031,0.21067100026091262,0.6406768074405245,0,1.198
cluster_skew_overlap,1,cells,post_massmask_off,post,massmask,off,5,50,50,1.0,12,12,0.0,2.0,4,2,7200,3.4045909980773876,0.7166666666666668,0.5863636363636363,2.441937939152474,0.7155303030303031,0.21067098669027542,0.640676790089235,0,0.486
cluster_skew_overlap,1,cells,pre_fpmask_off,pre,fpmask,off,5,50,50,1.0,12,12,0.0,2.0,4,2,7200,4.5067923946139725,0.8632575757575758,0.8181818181818182,2.28666731480446,0.8632575757575758,0.11258171977583137,0.5358606761495947,0,1.223
cluster_skew_overlap,1,cells,pre_massmask_off,pre,massmask,off,5,50,50,1.0,12,12,0.0,2.0,4,2,7200,4.544219488492428,0.8636363636363638,0.8181818181818182,2.266771796043217,0.8636363636363636,0.10977139935396772,0.535160139734864,0,0.507
cluster_skew_overlap,2,cells,post_none_off,post,none,off,5,50,50,1.0,12,12,0.0,2.0,4,2,7200,1.917068760819116,0.6287878787878788,0.4863636363636364,2.8117954014745083,0.6261363636363636,0.7650826187964793,0.7521233671128172,0,0.463
cluster_skew_overlap,2,cells,post_none_on,post,none,on,5,50,50,1.0,12,12,0.0,2.0,4,2,7200,1.1550628214022371,0.3924242424242425,0.33181818181818185,1.0749559428662316,0.36287878787878786,2.2405190841831195,0.6094073769172434,0,0.463
cluster_skew_overlap,2,cells,post_footprint_off,post,footprint,off,5,50,50,1.0,12,12,0.0,2.0,4,2,7200,4.604904123220422,0.859090909090909,0.8045454545454546,2.3451034393427506,0.8590909090909091,0.11059126324673568,0.5465661884636897,0,1.044
cluster_skew_overlap,2,cells,post_footprint_on,post,footprint,on,5,50,29,1.0,12,12,0.0,2.0,4,2,4176,4.698508832887077,0.8098484848484849,0.7272727272727273,2.3942273922114086,0.8098484848484848,0.10688411006710716,0.5801332371326109,0,0.593
cluster_skew_overlap,2,cells,post_mass_off,post,mass,off,5,50,50,1.0,12,12,0.0,2.0,4,2,7200,4.617573076598573,0.8602272727272728,0.8090909090909091,2.3364687538073707,0.8602272727272727,0.10958028435100385,0.546363820049852,0,0.43
cluster_skew_overlap,2,cells,post_mass_on,post,mass,on,5,50,31,1.0,12,12,0.0,2.0,4,2,4464,4.7051693134151495,0.8087121212121212,0.7,2.3846109430582136,0.8087121212121212,0.10619073009715127,0.5806861570825497,0,0.276
cluster_skew_overlap,2,cells,pre_none_off,pre,none,off,5,50,50,1.0,12,12,0.0,2.0,4,2,7200,4.574981075239424,0.8587121212121213,0.8,2.3326900249340143,0.8587121212121213,0.11144957800719316,0.546583705928179,0,0.457
cluster_skew_overlap,2,cells,pre_none_on,pre,none,on,5,50,50,1.0,12,12,0.0,2.0,4,2,7200,4.714230232776498,0.3950757575757576,0.35,1.078539131578356,0.353030303030303,0.11034325010168224,0.5992335375936408,0,0.468
cluster_skew_overlap,2,cells,pre_footprint_off,pre,footprint,off,5,50,50,1.0,12,12,0.0,2.0,4,2,7200,5.346231099756068,0.8583333333333333,0.7954545454545454,2.653151909958663,0.8583333333333333,0.09282536401283317,0.559356798040923,0,1.167
cluster_skew_overlap,2,cells,pre_footprint_on,pre,footprint,on,5,50,25,1.0,12,12,0.0,2.0,4,2,3600,5.388689112084068,0.8329545454545456,0.7545454545454545,2.557031466889802,0.8329545454545455,0.0914176254424985,0.5722009907491213,0,0.581
cluster_skew_overlap,2,cells,pre_mass_off,pre,mass,off,5,50,50,1.0,12,12,0.0,2.0,4,2,7200,5.343778049432404,0.8579545454545454,0.7954545454545454,2.650442749301413,0.8579545454545454,0.09281573418441887,0.5592337151460338,0,0.47
cluster_skew_overlap,2,cells,pre_mass_on,pre,mass,on,5,50,25,1.0,12,12,0.0,2.0,4,2,3600,5.387522480849319,0.831439393939394,0.740909090909091,2.5470501267183434,0.8314393939393939,0.09138560358389747,0.572724940186625,0,0.239
cluster_skew_overlap,2,cells,post_fpmask_off,post,fpmask,off,5,50,50,1.0,12,12,0.0,2.0,4,2,7200,2.859527561029368,0.6712121212121213,0.5590909090909091,2.5596256473931867,0.6712121212121213,0.31303138272869496,0.6685136375429656,0,1.075
cluster_skew_overlap,2,cells,post_massmask_off,post,massmask,off,5,50,50,1.0,12,12,0.0,2.0,4,2,7200,2.603925485428435,0.7647727272727275,0.6545454545454545,2.500768816899584,0.7647727272727273,0.36882167930488247,0.6669432374318945,0,0.462
cluster_skew_overlap,2,cells,pre_fpmask_off,pre,fpmask,off,5,50,50,1.0,12,12,0.0,2.0,4,2,7200,4.616894000320564,0.8587121212121213,0.8,2.44140381648634,0.8587121212121213,0.11453541976370718,0.5517629674217138,0,1.085
cluster_skew_overlap,2,cells,pre_massmask_off,pre,massmask,off,5,50,50,1.0,12,12,0.0,2.0,4,2,7200,4.669489387907547,0.8575757575757575,0.8,2.406323276136918,0.8575757575757575,0.11036088804773263,0.5499529346244508,0,0.476
cluster_skew_overlap,3,cells,post_none_off,post,none,off,5,50,50,1.0,12,12,0.0,2.0,4,2,7200,1.5963186409932881,0.7227272727272728,0.5545454545454546,2.8306045349496074,0.6041666666666666,1.1108106318408977,0.7558423632296053,0,0.46
cluster_skew_overlap,3,cells,post_none_on,post,none,on,5,50,50,1.0,12,12,0.0,2.0,4,2,7200,0.46623277244899397,0.3943181818181818,0.33636363636363636,1.072429580777376,0.3446969696969697,13.422918106467796,0.5998221966229117,0,0.464
cluster_skew_overlap,3,cells,post_footprint_off,post,footprint,off,5,50,50,1.0,12,12,0.0,2.0,4,2,7200,4.966283572042342,0.8458333333333332,0.8045454545454546,2.2845894968493363,0.8458333333333333,0.09262861022034455,0.5400577476995547,0,1.151
cluster_skew_overlap,3,cells,post_footprint_on,post,footprint,on,5,50,29,1.0,12,12,0.0,2.0,4,2,4176,5.001219107493859,0.8018939393939396,0.759090909090909,2.3005721370440586,0.8018939393939394,0.09149233948251612,0.5693719991407473,0,0.668
cluster_skew_overlap,3,cells,post_mass_off,post,mass,off,5,50,50,1.0,12,12,0.0,2.0,4,2,7200,4.946206018749834,0.8465909090909091,0.8045454545454546,2.279066516242824,0.8465909090909091,0.0931563786350743,0.5404356749064648,0,0.475
cluster_skew_overlap,3,cells,post_mass_on,post,mass,on,5,50,28,1.0,12,12,0.0,2.0,4,2,4032,4.979868385596657,0.7988636363636363,0.7636363636363637,2.2871304279047573,0.7988636363636363,0.09206556965959561,0.5700254300696138,0,0.271
cluster_skew_overlap,3,cells,pre_none_off,pre,none,off,5,50,50,1.0,12,12,0.0,2.0,4,2,7200,4.832027424674184,0.8458333333333333,0.8090909090909091,2.262988443013067,0.8458333333333333,0.09692226506964474,0.5399524337366141,0,0.439
cluster_skew_overlap,3,cells,pre_none_on,pre,none,on,5,50,44,1.0,12,12,0.0,2.0,4,2,6336,4.180796985463759,0.403409090909091,0.37272727272727274,1.0774703436543454,0.3621212121212121,0.13107050379247234,0.5934625195517306,0,0.39
cluster_skew_overlap,3,cells,pre_footprint_off,pre,footprint,off,5,50,50,1.0,12,12,0.0,2.0,4,2,7200,5.436058413020083,0.8473484848484848,0.8045454545454546,2.518580585329328,0.8473484848484848,0.08522904490529191,0.5495524454154247,0,1.112
cluster_skew_overlap,3,cells,pre_footprint_on,pre,footprint,on,5,50,27,1.0,12,12,0.0,2.0,4,2,3888,5.434477172803078,0.8212121212121212,0.7681818181818182,2.431641041980898,0.8212121212121212,0.08511710738787975,0.5618701095636811,0,0.602
cluster_skew_overlap,3,cells,pre_mass_off,pre,mass,off,5,50,50,1.0,12,12,0.0,2.0,4,2,7200,5.4308433216606,0.8469696969696968,0.8045454545454546,2.5168503371055917,0.8469696969696969,0.08533414547545987,0.5495118270709088,0,0.47
cluster_skew_overlap,3,cells,pre_mass_on,pre,mass,on,5,50,27,1.0,12,12,0.0,2.0,4,2,3888,5.431529119397326,0.8196969696969698,0.7681818181818182,2.4199007496283684,0.8196969696969697,0.08518904408220468,0.5624257688899009,0,0.255
cluster_skew_overlap,3,cells,post_fpmask_off,post,fpmask,off,5,50,50,1.0,12,12,0.0,2.0,4,2,7200,2.823061846914448,0.5928030303030304,0.4090909090909091,2.747634816812549,0.5765151515151515,0.3447610745113441,0.7062861025565139,0,1.046
cluster_skew_overlap,3,cells,post_massmask_off,post,massmask,off,5,50,50,1.0,12,12,0.0,2.0,4,2,7200,2.4739016239953684,0.5821969696969697,0.42727272727272725,2.752010837945147,0.5571969696969697,0.449661068912274,0.7220798836301262,0,0.431
cluster_skew_overlap,3,cells,pre_fpmask_off,pre,fpmask,off,5,50,50,1.0,12,12,0.0,2.0,4,2,7200,4.89200816542235,0.8446969696969698,0.8045454545454546,2.3242206956026137,0.8446969696969697,0.09711873510895783,0.5418673903683078,0,1.053
cluster_skew_overlap,3,cells,pre_massmask_off,pre,massmask,off,5,50,50,1.0,12,12,0.0,2.0,4,2,7200,4.934616784770358,0.8450757575757576,0.8090909090909091,2.3089880771358544,0.8450757575757576,0.09482324797588577,0.5412074288415666,0,0.466
cluster_skew_overlap,4,cells,post_none_off,post,none,off,5,50,50,1.0,12,12,0.0,2.0,4,2,7200,2.15271424432672,0.6731060606060607,0.5,2.837422097212767,0.6685606060606061,0.6122815565111694,0.7587466780236635,0,0.488
cluster_skew_overlap,4,cells,post_none_on,post,none,on,5,50,48,1.0,12,12,0.0,2.0,4,2,6912,1.2312394512980016,0.41628787878787876,0.38636363636363635,1.1349572443001954,0.3662878787878788,2.0256084655048285,0.5934200748241165,0,0.467
cluster_skew_overlap,4,cells,post_footprint_off,post,footprint,off,5,50,50,1.0,12,12,0.0,2.0,4,2,7200,4.998390186882738,0.8602272727272727,0.7863636363636364,2.3731082850468814,0.8602272727272727,0.09498548510763673,0.5469951193137697,0,1.068
cluster_skew_overlap,4,cells,post_footprint_on,post,footprint,on,5,50,50,1.0,12,12,0.0,2.0,4,2,7200,4.3651626023773344,0.7579545454545454,0.6409090909090909,2.3135841362919156,0.7579545454545454,0.123819866338712,0.5915127466019372,0,1.071
cluster_skew_overlap,4,cells,post_mass_off,post,mass,off,5,50,50,1.0,12,12,0.0,2.0,4,2,7200,4.895390264592717,0.859090909090909,0.7818181818181819,2.3527862003258964,0.8590909090909091,0.09817656311132139,0.546312764956211,0,0.478
cluster_skew_overlap,4,cells,post_mass_on,post,mass,on,5,50,49,1.0,12,12,0.0,2.0,4,2,7056,4.911515532296573,0.8102272727272727,0.7181818181818181,2.387258072597414,0.8102272727272727,0.09769315371971418,0.5794665106710977,0,0.467
cluster_skew_overlap,4,cells,pre_none_off,pre,none,off,5,50,50,1.0,12,12,0.0,2.0,4,2,7200,4.917196922206329,0.8606060606060607,0.8,2.3377642041743814,0.8606060606060606,0.09668642495627461,0.5456759569802496,0,0.477
cluster_skew_overlap,4,cells,pre_none_on,pre,none,on,5,50,50,1.0,12,12,0.0,2.0,4,2,7200,3.9442428434762835,0.4117424242424243,0.37272727272727274,1.1370461268082626,0.37196969696969695,0.15983059567212138,0.586196602998543,0,0.454
cluster_skew_overlap,4,cells,pre_footprint_off,pre,footprint,off,5,50,50,1.0,12,12,0.0,2.0,4,2,7200,3.3124782719120653,0.7189393939393939,0.5045454545454545,2.747821250696867,0.6946969696969697,0.25042772111758516,0.5984164773641278,0,1.019
cluster_skew_overlap,4,cells,pre_footprint_on,pre,footprint,on,5,50,31,1.0,12,12,0.0,2.0,4,2,4464,2.481016789473307,0.7431818181818182,0.5227272727272727,2.3072016048314516,0.5742424242424242,0.4711379707027986,0.5689845684030719,0,0.644
cluster_skew_overlap,4,cells,pre_mass_off,pre,mass,off,5,50,50,1.0,12,12,0.0,2.0,4,2,7200,5.540266239125439,0.8583333333333334,0.7863636363636364,2.630460051584352,0.8583333333333333,0.08569795131548305,0.5564822154486192,0,0.431
cluster_skew_overlap,4,cells,pre_mass_on,pre,mass,on,5,50,39,1.0,12,12,0.0,2.0,4,2,5616,2.565940516625273,0.7340909090909092,0.5227272727272727,2.264497058132495,0.5803030303030303,0.4369079195786572,0.569612316926326,0,0.343
cluster_skew_overlap,4,cells,post_fpmask_off,post,fpmask,off,5,50,50,1.0,12,12,0.0,2.0,4,2,7200,3.1707882311729114,0.6068181818181819,0.5181818181818182,2.662617666997608,0.593939393939394,0.26483436227007956,0.6783600901281454,0,1.119
cluster_skew_overlap,4,cells,post_massmask_off,post,massmask,off,5,50,50,1.0,12,12,0.0,2.0,4,2,7200,3.170788853863357,0.6068181818181819,0.5181818181818182,2.662617501113726,0.593939393939394,0.2648342417524669,0.6783600567244855,0,0.474
cluster_skew_overlap,4,cells,pre_fpmask_off,pre,fpmask,off,5,50,50,1.0,12,12,0.0,2.0,4,2,7200,4.961372365736052,0.8590909090909092,0.7863636363636364,2.4147534934887442,0.8590909090909091,0.09810003364860369,0.5474648971319398,0,1.162
cluster_skew_overlap,4,cells,pre_massmask_off,pre,massmask,off,5,50,50,1.0,12,12,0.0,2.0,4,2,7200,5.042320040308619,0.8602272727272727,0.8,2.392792757822602,0.8602272727272727,0.09411184142494697,0.547275358067907,0,0.456
cluster_skew_overlap,5,cells,post_none_off,post,none,off,5,50,50,1.0,12,12,0.0,2.0,4,2,7200,2.1124740051988073,0.7678030303030304,0.5954545454545455,2.816430865255355,0.7678030303030303,0.6311264015016665,0.7379317798385663,0,0.487
cluster_skew_overlap,5,cells,post_none_on,post,none,on,5,50,50,1.0,12,12,0.0,2.0,4,2,7200,0.20497607791904413,0.41325757575757577,0.36818181818181817,1.0959112028688798,0.3443181818181818,71.8931451174099,0.5994492057749403,0,0.52
cluster_skew_overlap,5,cells,post_footprint_off,post,footprint,off,5,50,50,1.0,12,12,0.0,2.0,4,2,7200,4.399124441580091,0.8602272727272727,0.7454545454545455,2.3117784989463313,0.8602272727272727,0.1194575835634928,0.5394110980118414,0,1.179
cluster_skew_overlap,5,cells,post_footprint_on,post,footprint,on,5,50,30,1.0,12,12,0.0,2.0,4,2,4320,4.5156945658839795,0.8106060606060606,0.6454545454545455,2.3562899928902254,0.8106060606060606,0.11373892498024776,0.5710790777109225,0,0.694
cluster_skew_overlap,5,cells,post_mass_off,post,mass,off,5,50,50,1.0,12,12,0.0,2.0,4,2,7200,4.38628234958021,0.8587121212121213,0.7454545454545455,2.2973390174919937,0.8587121212121213,0.11940758644348559,0.5390234748864929,0,0.488
cluster_skew_overlap,5,cells,post_mass_on,post,mass,on,5,50,30,1.0,12,12,0.0,2.0,4,2,4320,4.505478986532123,0.8053030303030303,0.6545454545454545,2.338735849719247,0.8053030303030303,0.11355532733377283,0.5719381333921011,0,0.286
cluster_skew_overlap,5,cells,pre_none_off,pre,none,off,5,50,50,1.0,12,12,0.0,2.0,4,2,7200,4.409211662323631,0.8575757575757578,0.7454545454545455,2.3148795594909872,0.8575757575757575,0.11907113823887555,0.5392185851738324,0,0.456
cluster_skew_overlap,5,cells,pre_none_on,pre,none,on,5,50,37,1.0,12,12,0.0,2.0,4,2,5328,3.6292039020120157,0.40037878787878783,0.36363636363636365,1.0995497682701292,0.3446969696969697,0.18714922468603637,0.5935052281323614,0,0.385
cluster_skew_overlap,5,cells,pre_footprint_off,pre,footprint,off,5,50,50,1.0,12,12,0.0,2.0,4,2,7200,5.08583625052525,0.859469696969697,0.75,2.5932512512234913,0.859469696969697,0.10025818774158018,0.5503063958956546,0,1.274
cluster_skew_overlap,5,cells,pre_footprint_on,pre,footprint,on,5,50,26,1.0,12,12,0.0,2.0,4,2,3744,5.160287583145596,0.8352272727272726,0.6909090909090909,2.5045454128707925,0.8352272727272727,0.09726105245319663,0.5630898907476697,0,0.631
cluster_skew_overlap,5,cells,pre_mass_off,pre,mass,off,5,50,50,1.0,12,12,0.0,2.0,4,2,7200,5.082761108179908,0.859469696969697,0.75,2.590046987802989,0.859469696969697,0.1002555090912292,0.55013642176164,0,0.523
cluster_skew_overlap,5,cells,pre_mass_on,pre,mass,on,5,50,26,1.0,12,12,0.0,2.0,4,2,3744,5.15754937395441,0.8295454545454546,0.6863636363636364,2.4906261380810437,0.8295454545454546,0.09727238264200878,0.5637190939673811,0,0.249
cluster_skew_overlap,5,cells,post_fpmask_off,post,fpmask,off,5,50,50,1.0,12,12,0.0,2.0,4,2,7200,2.7156226305922377,0.5772727272727273,0.4590909090909091,2.7801074034639526,0.5193181818181818,0.3769838417137825,0.7060531658939884,0,1.288
cluster_skew_overlap,5,cells,post_massmask_off,post,massmask,off,5,50,50,1.0,12,12,0.0,2.0,4,2,7200,3.1081745475129243,0.6625,0.5772727272727273,2.7016659174542945,0.6625,0.2796538769897085,0.6917161121338223,0,0.548
cluster_skew_overlap,5,cells,pre_fpmask_off,pre,fpmask,off,5,50,50,1.0,12,12,0.0,2.0,4,2,7200,4.369041356919596,0.858712121212121,0.7454545454545455,2.4119617062713945,0.8587121212121213,0.1263566481704927,0.5441978817519393,0,1.646
cluster_skew_overlap,5,cells,pre_massmask_off,pre,massmask,off,5,50,50,1.0,12,12,0.0,2.0,4,2,7200,4.509675277388915,0.8564393939393941,0.75,2.3862496058036977,0.856439393939394,0.11733439194621008,0.5422361380732749,0,0.722
cluster_skew_overlap,6,cells,post_none_off,post,none,off,5,50,50,1.0,12,12,0.0,2.0,4,2,7200,1.6031407609165114,0.787878787878788,0.6636363636363637,2.8872143543855016,0.7878787878787878,1.1234033517261968,0.7709617912003656,0,0.481
cluster_skew_overlap,6,cells,post_none_on,post,none,on,5,50,50,1.0,12,12,0.0,2.0,4,2,7200,1.804472289863661,0.40378787878787875,0.35,1.0292398774323417,0.3481060606060606,0.8617966138852624,0.6056473917137595,0,0.455
cluster_skew_overlap,6,cells,post_footprint_off,post,footprint,off,5,50,50,1.0,12,12,0.0,2.0,4,2,7200,4.702918332731589,0.8734848484848486,0.8,2.2664042010664724,0.8734848484848485,0.10247135810227183,0.536973073626617,0,1.146
cluster_skew_overlap,6,cells,post_footprint_on,post,footprint,on,5,50,25,1.0,12,12,0.0,2.0,4,2,3600,4.75516651796975,0.8234848484848486,0.7272727272727273,2.2767829769258374,0.8234848484848485,0.10028315552856844,0.5663404477877724,0,0.586
cluster_skew_overlap,6,cells,post_mass_off,post,mass,off,5,50,50,1.0,12,12,0.0,2.0,4,2,7200,4.744808931511614,0.8712121212121212,0.8045454545454546,2.2686236589442474,0.8712121212121212,0.10076854779519544,0.5378306246301057,0,0.492
cluster_skew_overlap,6,cells,post_mass_on,post,mass,on,5,50,26,1.0,12,12,0.0,2.0,4,2,3744,4.7826753882224615,0.8204545454545454,0.7272727272727273,2.273750233308148,0.8204545454545454,0.0991590498246091,0.5665688343629982,0,0.265
cluster_skew_overlap,6,cells,pre_none_off,pre,none,off,5,50,50,1.0,12,12,0.0,2.0,4,2,7200,4.722649832741013,0.8696969696969696,0.8136363636363636,2.2689955354408013,0.8696969696969697,0.10173307002565747,0.5380561880415289,0,0.513
cluster_skew_overlap,6,cells,pre_none_on,pre,none,on,5,50,48,1.0,12,12,0.0,2.0,4,2,6912,4.907442214070552,0.40492424242424235,0.34545454545454546,1.0337431246363724,0.36098484848484846,0.09362863024415156,0.5958182804077858,0,0.481
cluster_skew_overlap,6,cells,pre_footprint_off,pre,footprint,off,5,50,50,1.0,12,12,0.0,2.0,4,2,7200,5.281812787982804,0.8818181818181818,0.8272727272727273,2.52477212535211,0.8818181818181818,0.09050158374973417,0.5449239706381146,0,1.275
cluster_skew_overlap,6,cells,pre_footprint_on,pre,footprint,on,5,50,22,1.0,12,12,0.0,2.0,4,2,3168,5.305874030878462,0.856060606060606,0.7954545454545454,2.427906922723502,0.8560606060606061,0.08948022106117542,0.5578422868070679,0,0.532
cluster_skew_overlap,6,cells,pre_mass_off,pre,mass,off,5,50,50,1.0,12,12,0.0,2.0,4,2,7200,5.2807521794794035,0.8818181818181818,0.8272727272727273,2.5242901725853018,0.8818181818181818,0.09052065808650052,0.5449629560486844,0,0.529
cluster_skew_overlap,6,cells,pre_mass_on,pre,mass,on,5,50,23,1.0,12,12,0.0,2.0,4,2,3312,5.3081858353331635,0.8541666666666669,0.8,2.4232857951284874,0.8541666666666666,0.08940251166406994,0.5581526853252264,0,0.278
cluster_skew_overlap,6,cells,post_fpmask_off,post,fpmask,off,5,50,50,1.0,12,12,0.0,2.0,4,2,7200,3.096021783322636,0.6287878787878788,0.5409090909090909,2.655622826765554,0.6287878787878788,0.2770501423717856,0.6811434587697229,0,1.326
cluster_skew_overlap,6,cells,post_massmask_off,post,massmask,off,5,50,50,1.0,12,12,0.0,2.0,4,2,7200,2.3236103410980635,0.681439393939394,0.55,2.778396692048259,0.5765151515151515,0.5145974763074306,0.7220214988601131,0,0.601
cluster_skew_overlap,6,cells,pre_fpmask_off,pre,fpmask,off,5,50,50,1.0,12,12,0.0,2.0,4,2,7200,4.789132952810391,0.8757575757575756,0.8090909090909091,2.352886245739352,0.8757575757575757,0.10258577490855401,0.539561857803823,0,1.611
cluster_skew_overlap,6,cells,pre_massmask_off,pre,massmask,off,5,50,50,1.0,12,12,0.0,2.0,4,2,7200,4.830536809352501,0.8715909090909091,0.8136363636363636,2.33667370259352,0.8715909090909091,0.10013992902748599,0.5401653529052585,0,0.458
cluster_skew_overlap,7,cells,post_none_off,post,none,off,5,50,50,1.0,12,12,0.0,2.0,4,2,7200,2.1985439037463115,0.6829545454545455,0.5181818181818182,2.692757909296403,0.5598484848484848,0.5570921320481189,0.7380445734840331,0,0.455
cluster_skew_overlap,7,cells,post_none_on,post,none,on,5,50,50,1.0,12,12,0.0,2.0,4,2,7200,1.549947978182435,0.4045454545454545,0.35909090909090907,1.044918785529743,0.34545454545454546,1.229895759814781,0.6046120754472508,0,0.435
cluster_skew_overlap,7,cells,post_footprint_off,post,footprint,off,5,50,50,1.0,12,12,0.0,2.0,4,2,7200,4.299654326116223,0.8636363636363636,0.7818181818181819,2.2799971918698083,0.8636363636363636,0.12332957332187226,0.5429580562115491,0,1.004
cluster_skew_overlap,7,cells,post_footprint_on,post,footprint,on,5,50,29,1.0,12,12,0.0,2.0,4,2,4176,4.348689385214434,0.818560606060606,0.7,2.307237701134204,0.8185606060606061,0.12063507374788032,0.5736356075117778,0,0.596
cluster_skew_overlap,7,cells,post_mass_off,post,mass,off,5,50,50,1.0,12,12,0.0,2.0,4,2,7200,4.3092214209952715,0.8632575757575758,0.7818181818181819,2.2721601451302202,0.8632575757575758,0.12236052106551042,0.5425032906076951,0,0.446
cluster_skew_overlap,7,cells,post_mass_on,post,mass,on,5,50,27,1.0,12,12,0.0,2.0,4,2,3888,4.355429968305869,0.8170454545454544,0.7,2.2984768221935834,0.8170454545454545,0.1198281460524116,0.5740794525382312,0,0.259
cluster_skew_overlap,7,cells,pre_none_off,pre,none,off,5,50,50,1.0,12,12,0.0,2.0,4,2,7200,4.219487709771653,0.8609848484848485,0.7818181818181819,2.281629810485955,0.8609848484848485,0.12815210079938452,0.5431731989026447,0,0.462
cluster_skew_overlap,7,cells,pre_none_on,pre,none,on,5,50,50,1.0,12,12,0.0,2.0,4,2,7200,4.458259144082324,0.41250000000000003,0.37272727272727274,1.0536500929957033,0.35265151515151516,0.11585613834062923,0.5959986573530903,0,0.481
cluster_skew_overlap,7,cells,pre_footprint_off,pre,footprint,off,5,50,50,1.0,12,12,0.0,2.0,4,2,7200,4.731683279612354,0.8628787878787879,0.7909090909090909,2.5434235028177277,0.8628787878787879,0.1136023580693067,0.5537622771517808,0,1.153
cluster_skew_overlap,7,cells,pre_footprint_on,pre,footprint,on,5,50,25,1.0,12,12,0.0,2.0,4,2,3600,4.780078058636933,0.8409090909090909,0.75,2.4386447275068943,0.8409090909090909,0.11044699901757433,0.5653447567599574,0,0.556
cluster_skew_overlap,7,cells,pre_mass_off,pre,mass,off,5,50,50,1.0,12,12,0.0,2.0,4,2,7200,4.739975855469068,0.8624999999999999,0.7909090909090909,2.5428492154649023,0.8625,0.11317965074625352,0.5536838995610958,0,0.45
cluster_skew_overlap,7,cells,pre_mass_on,pre,mass,on,5,50,25,1.0,12,12,0.0,2.0,4,2,3600,4.785920740659689,0.8382575757575758,0.740909090909091,2.432351102071231,0.8382575757575758,0.11015632339423335,0.5658230675759927,0,0.265
cluster_skew_overlap,7,cells,post_fpmask_off,post,fpmask,off,5,50,50,1.0,12,12,0.0,2.0,4,2,7200,2.357454971818974,0.6253787878787879,0.4772727272727273,2.7253650849194497,0.6075757575757575,0.4903857878617142,0.7267590888157023,0,1.157
cluster_skew_overlap,7,cells,post_massmask_off,post,massmask,off,5,50,50,1.0,12,12,0.0,2.0,4,2,7200,2.3542317917137363,0.6253787878787879,0.44545454545454544,2.711866753452207,0.5837121212121212,0.4892940183602321,0.7273983380414679,0,0.527
cluster_skew_overlap,7,cells,pre_fpmask_off,pre,fpmask,off,5,50,50,1.0,12,12,0.0,2.0,4,2,7200,4.2617226278664715,0.8602272727272727,0.7772727272727272,2.3879596908741196,0.8602272727272727,0.13147907216719182,0.5477227246232823,0,1.164
cluster_skew_overlap,7,cells,pre_massmask_off,pre,massmask,off,5,50,50,1.0,12,12,0.0,2.0,4,2,7200,4.294424597345556,0.8602272727272728,0.7909090909090909,2.3513239576501825,0.8602272727272727,0.12749774555335192,0.5456012786827489,0,0.573
cluster_skew_overlap,8,cells,post_none_off,post,none,off,5,50,50,1.0,12,12,0.0,2.0,4,2,7200,2.044768485246493,0.6534090909090909,0.5772727272727273,2.8731411854641293,0.5965909090909091,0.6871771052138654,0.7692178204762328,0,0.449
cluster_skew_overlap,8,cells,post_none_on,post,none,on,5,50,44,1.0,12,12,0.0,2.0,4,2,6336,0.9047582964946,0.3924242424242424,0.33181818181818185,1.0478944190686716,0.32083333333333336,3.807782181730767,0.6120385713283057,0,0.389
cluster_skew_overlap,8,cells,post_footprint_off,post,footprint,off,5,50,50,1.0,12,12,0.0,2.0,4,2,7200,4.589398860848542,0.8674242424242425,0.8272727272727273,2.307127739741461,0.8674242424242424,0.10953679611842485,0.543528846614773,0,1.106
cluster_skew_overlap,8,cells,post_footprint_on,post,footprint,on,5,50,30,1.0,12,12,0.0,2.0,4,2,4320,4.630083080811653,0.8223484848484848,0.7818181818181819,2.344860512178608,0.8223484848484849,0.10794997504259823,0.575879337915532,0,0.706
cluster_skew_overlap,8,cells,post_mass_off,post,mass,off,5,50,50,1.0,12,12,0.0,2.0,4,2,7200,4.558475580990817,0.8670454545454547,0.8272727272727273,2.2991257805446836,0.8670454545454546,0.11064287849745304,0.5433565351834607,0,0.496
cluster_skew_overlap,8,cells,post_mass_on,post,mass,on,5,50,32,1.0,12,12,0.0,2.0,4,2,4608,4.599121083310457,0.8193181818181818,0.7818181818181819,2.334264861991153,0.8193181818181818,0.10903845826088907,0.5763931632843556,0,0.328
cluster_skew_overlap,8,cells,pre_none_off,pre,none,off,5,50,50,1.0,12,12,0.0,2.0,4,2,7200,4.613236974860554,0.8651515151515152,0.8363636363636363,2.299873789791428,0.8651515151515151,0.10806684574108869,0.5430179519471616,0,0.551
cluster_skew_overlap,8,cells,pre_none_on,pre,none,on,5,50,50,1.0,12,12,0.0,2.0,4,2,7200,3.1017544746758157,0.3912878787878788,0.3409090909090909,1.0543464319643059,0.32575757575757575,0.259325772586625,0.604786353824899,0,0.495
cluster_skew_overlap,8,cells,pre_footprint_off,pre,footprint,off,5,50,50,1.0,12,12,0.0,2.0,4,2,7200,5.245872773115126,0.8636363636363636,0.8363636363636363,2.591077962113915,0.8636363636363636,0.09415534378837631,0.5550950405541042,0,1.241
cluster_skew_overlap,8,cells,pre_footprint_on,pre,footprint,on,5,50,48,1.0,12,12,0.0,2.0,4,2,6912,5.261351839681147,0.8420454545454544,0.8090909090909091,2.492243630343465,0.8420454545454545,0.09345475240366763,0.5671966487401018,0,1.181
cluster_skew_overlap,8,cells,pre_mass_off,pre,mass,off,5,50,50,1.0,12,12,0.0,2.0,4,2,7200,5.240559313243983,0.8636363636363636,0.8363636363636363,2.589713727984754,0.8636363636363636,0.0942966963138417,0.5550286049183063,0,0.527
cluster_skew_overlap,8,cells,pre_mass_on,pre,mass,on,5,50,49,1.0,12,12,0.0,2.0,4,2,7056,5.259595228416227,0.8393939393939394,0.8045454545454546,2.484247252053005,0.8393939393939394,0.09348086300384084,0.5676303979750728,0,0.594
cluster_skew_overlap,8,cells,post_fpmask_off,post,fpmask,off,5,50,50,1.0,12,12,0.0,2.0,4,2,7200,2.809567726591003,0.6015151515151516,0.5,2.668874428030768,0.5496212121212121,0.33810308184472543,0.7034925165106002,0,1.637
cluster_skew_overlap,8,cells,post_massmask_off,post,massmask,off,5,50,50,1.0,12,12,0.0,2.0,4,2,7200,2.1215779489171016,0.6723484848484849,0.5727272727272728,2.8680286718428345,0.6174242424242424,0.6371849406559768,0.7654962058566978,0,0.604
cluster_skew_overlap,8,cells,pre_fpmask_off,pre,fpmask,off,5,50,50,1.0,12,12,0.0,2.0,4,2,7200,4.635036880947062,0.8659090909090909,0.8318181818181818,2.400563759105143,0.865909090909091,0.11173953429842828,0.547301831937584,0,1.219
cluster_skew_overlap,8,cells,pre_massmask_off,pre,massmask,off,5,50,50,1.0,12,12,0.0,2.0,4,2,7200,4.679997358409806,0.8666666666666667,0.8363636363636363,2.3712930415593996,0.8666666666666667,0.10826647848994153,0.5461411743207505,0,0.555
cluster_skew_overlap,9,cells,post_none_off,post,none,off,5,50,50,1.0,12,12,0.0,2.0,4,2,7200,2.6224053454639624,0.8397727272727272,0.7318181818181818,2.5987920169673138,0.8397727272727272,0.3778956398331579,0.6939791506688201,0,0.46
cluster_skew_overlap,9,cells,post_none_on,post,none,on,5,50,50,1.0,12,12,0.0,2.0,4,2,7200,0.3424434234892568,0.4102272727272727,0.3409090909090909,1.1204088916807164,0.35378787878787876,25.43552978578926,0.6004491554341082,0,0.489
cluster_skew_overlap,9,cells,post_footprint_off,post,footprint,off,5,50,50,1.0,12,12,0.0,2.0,4,2,7200,4.907285693441146,0.8568181818181819,0.8181818181818182,2.36285908399942,0.8568181818181818,0.09811945716327815,0.5444922659620394,0,1.131
cluster_skew_overlap,9,cells,post_footprint_on,post,footprint,on,5,50,19,1.0,12,12,0.0,2.0,4,2,2736,4.940396513488285,0.8030303030303031,0.740909090909091,2.399968093337453,0.803030303030303,0.09712457645958475,0.5744749926716941,0,0.432
cluster_skew_overlap,9,cells,post_mass_off,post,mass,off,5,50,50,1.0,12,12,0.0,2.0,4,2,7200,4.861950292953956,0.8564393939393941,0.8136363636363636,2.345178910647192,0.856439393939394,0.09920988613714933,0.5440754280853823,0,0.451
cluster_skew_overlap,9,cells,post_mass_on,post,mass,on,5,50,20,1.0,12,12,0.0,2.0,4,2,2880,4.899012223181874,0.7981060606060607,0.7181818181818181,2.3767571696654777,0.7981060606060606,0.09805019438924484,0.5752912941559419,0,0.189
cluster_skew_overlap,9,cells,pre_none_off,pre,none,off,5,50,50,1.0,12,12,0.0,2.0,4,2,7200,4.688435285137224,0.8553030303030303,0.8136363636363636,2.326865316731112,0.8553030303030303,0.10585597939908473,0.5440350342981006,0,0.502
cluster_skew_overlap,9,cells,pre_none_on,pre,none,on,5,50,49,1.0,12,12,0.0,2.0,4,2,7056,4.885616003925259,0.4090909090909091,0.32272727272727275,1.1230818820897144,0.38446969696969696,0.09930215164747963,0.5890657619719212,0,0.428
cluster_skew_overlap,9,cells,pre_footprint_off,pre,footprint,off,5,50,50,1.0,12,12,0.0,2.0,4,2,7200,5.293395569287666,0.8571969696969698,0.8136363636363636,2.6289089616302306,0.8571969696969697,0.09382246690791003,0.5546432247771128,0,1.162
cluster_skew_overlap,9,cells,pre_footprint_on,pre,footprint,on,5,50,17,1.0,12,12,0.0,2.0,4,2,2448,5.315953915458705,0.8257575757575758,0.7636363636363637,2.531936184791265,0.8257575757575758,0.09294126450096266,0.5665782508171868,0,0.41
cluster_skew_overlap,9,cells,pre_mass_off,pre,mass,off,5,50,50,1.0,12,12,0.0,2.0,4,2,7200,5.281949212149988,0.8568181818181819,0.8136363636363636,2.6242907429826774,0.8568181818181818,0.09406401378864297,0.554433244477199,0,0.461
cluster_skew_overlap,9,cells,pre_mass_on,pre,mass,on,5,50,18,1.0,12,12,0.0,2.0,4,2,2592,5.306229383172996,0.8219696969696971,0.759090909090909,2.513717108777828,0.821969696969697,0.09313427829236778,0.567166648865356,0,0.187
cluster_skew_overlap,9,cells,post_fpmask_off,post,fpmask,off,5,50,50,1.0,12,12,0.0,2.0,4,2,7200,3.1779226616467593,0.7587121212121213,0.6909090909090909,2.456825548396,0.7587121212121212,0.24326950517708246,0.6371071471305788,0,1.232
cluster_skew_overlap,9,cells,post_massmask_off,post,massmask,off,5,50,50,1.0,12,12,0.0,2.0,4,2,7200,2.953066839053496,0.7628787878787878,0.7181818181818181,2.480010192515573,0.7628787878787879,0.2843851483141577,0.6497276092344738,0,0.443
cluster_skew_overlap,9,cells,pre_fpmask_off,pre,fpmask,off,5,50,50,1.0,12,12,0.0,2.0,4,2,7200,4.751245471112892,0.850378787878788,0.8045454545454546,2.4057902448175095,0.8503787878787878,0.10657192789166944,0.5467390487447161,0,1.097
cluster_skew_overlap,9,cells,pre_massmask_off,pre,massmask,off,5,50,50,1.0,12,12,0.0,2.0,4,2,7200,4.74596517640433,0.8511363636363636,0.8090909090909091,2.3893797210937486,0.8511363636363637,0.10608062723507632,0.5462213766282733,0,0.479
dirichlet_0.03,0,cells,post_none_off,post,none,off,5,50,50,1.0,12,12,0.0,2.0,4,2,7200,0.8165801589795443,0.8723484848484849,0.7545454545454545,8.905379102199447,0.568939393939394,13.355334361491558,0.8887003354005836,0,0.46
dirichlet_0.03,0,cells,post_none_on,post,none,on,5,50,50,1.0,12,12,0.0,2.0,4,2,7200,0.8847686590456495,0.4859848484848485,0.33181818181818185,0.3475594326671588,0.3984848484848485,11.72580410916131,0.577257223957468,0,0.449
dirichlet_0.03,0,cells,post_footprint_off,post,footprint,off,5,50,50,1.0,12,12,0.0,2.0,4,2,7200,6.125979531061227,1.0,1.0,1.9471623506096771,1.0,0.051886106287172266,0.21848751729536728,0,1.063
dirichlet_0.03,0,cells,post_footprint_on,post,footprint,on,5,50,50,1.0,12,12,0.0,2.0,4,2,7200,6.099330123109922,1.0,1.0,1.3488727446288955,1.0,0.04589585958175152,0.1798080239067054,0,1.076
dirichlet_0.03,0,cells,post_mass_off,post,mass,off,5,50,50,1.0,12,12,0.0,2.0,4,2,7200,6.126450977744731,1.0,1.0,1.9403477198274373,1.0,0.05169655927805124,0.21797189113749876,0,0.528
dirichlet_0.03,0,cells,post_mass_on,post,mass,on,5,50,50,1.0,12,12,0.0,2.0,4,2,7200,6.302578384878172,1.0,1.0,1.3497854937911176,1.0,0.04027886548854995,0.17869329227101644,0,0.536
dirichlet_0.03,0,cells,pre_none_off,pre,none,off,5,50,50,1.0,12,12,0.0,2.0,4,2,7200,8.585247231760992,1.0,1.0,1.3731673457460394,1.0,0.018630214486985566,0.1446096523327094,0,0.419
dirichlet_0.03,0,cells,pre_none_on,pre,none,on,5,50,50,1.0,12,12,0.0,2.0,4,2,7200,8.73476377715324,0.5018939393939394,0.38636363636363635,0.3961221862771146,0.478030303030303,0.020656222878611658,0.5594676204090631,0,0.447
dirichlet_0.03,0,cells,pre_footprint_off,pre,footprint,off,5,50,50,1.0,12,12,0.0,2.0,4,2,7200,8.605034433647333,1.0,1.0,1.4059317151550637,1.0,0.018987115963474462,0.14695532667936473,0,0.997
dirichlet_0.03,0,cells,pre_footprint_on,pre,footprint,on,5,50,44,1.0,12,12,0.0,2.0,4,2,6336,8.391584395923724,1.0,1.0,1.3903844034213015,1.0,0.018527603990393802,0.15583707220593113,0,0.961
dirichlet_0.03,0,cells,pre_mass_off,pre,mass,off,5,50,50,1.0,12,12,0.0,2.0,4,2,7200,8.604986266372476,1.0,1.0,1.4063886068092295,1.0,0.018993498922162858,0.14699298181576315,0,0.523
dirichlet_0.03,0,cells,pre_mass_on,pre,mass,on,5,50,44,1.0,12,12,0.0,2.0,4,2,6336,8.391490732577022,1.0,1.0,1.3905617910706227,1.0,0.01853258832595796,0.15584910476784997,0,0.426
dirichlet_0.03,0,cells,post_fpmask_off,post,fpmask,off,5,50,50,1.0,12,12,0.0,2.0,4,2,7200,6.141250305373271,1.0,1.0,1.8473653565815893,1.0,0.048982302676432075,0.20948322341712655,0,1.009
dirichlet_0.03,0,cells,post_massmask_off,post,massmask,off,5,50,50,1.0,12,12,0.0,2.0,4,2,7200,0.5122176192040834,0.9374999999999999,0.85,8.50528868534274,0.7723484848484848,32.417538295493145,0.8401455550719161,0,0.428
dirichlet_0.03,0,cells,pre_fpmask_off,pre,fpmask,off,5,50,50,1.0,12,12,0.0,2.0,4,2,7200,8.606580973619703,1.0,1.0,1.3831816126917762,1.0,0.01867316302552147,0.14527285885918478,0,1.024
dirichlet_0.03,0,cells,pre_massmask_off,pre,massmask,off,5,50,50,1.0,12,12,0.0,2.0,4,2,7200,8.606580981073089,1.0,1.0,1.3831816128027687,1.0,0.018673162994677597,0.14527285888956362,0,0.467
dirichlet_0.03,1,cells,post_none_off,post,none,off,5,50,50,1.0,12,12,0.0,2.0,4,2,7200,0.0978860433660758,0.9359848484848484,0.6090909090909091,9.107152188210367,0.8897727272727273,950.4757597659785,0.9388731637523333,0,0.445
dirichlet_0.03,1,cells,post_none_on,post,none,on,5,50,50,1.0,12,12,0.0,2.0,4,2,7200,0.5580947368332423,0.4507575757575757,0.33636363636363636,0.3110267602427838,0.35909090909090907,30.484318992786083,0.6195927932702034,0,0.431
dirichlet_0.03,1,cells,post_footprint_off,post,footprint,off,5,50,50,1.0,12,12,0.0,2.0,4,2,7200,6.222300038490889,1.0,1.0,2.38260235974791,1.0,0.06153889160480193,0.24531166025760395,0,0.995
dirichlet_0.03,1,cells,post_footprint_on,post,footprint,on,5,50,50,1.0,12,12,0.0,2.0,4,2,7200,6.73052963535583,1.0,1.0,1.3381057913341123,1.0,0.036915844962579415,0.18262875947153137,0,1.078
dirichlet_0.03,1,cells,post_mass_off,post,mass,off,5,50,50,1.0,12,12,0.0,2.0,4,2,7200,6.218628593970937,1.0,1.0,2.3830594715596507,1.0,0.06162339793743045,0.24544936529923927,0,0.484
dirichlet_0.03,1,cells,post_mass_on,post,mass,on,5,50,50,1.0,12,12,0.0,2.0,4,2,7200,6.729622402504835,1.0,1.0,1.3384949888865691,1.0,0.0369635718516618,0.18268498160894664,0,0.479
dirichlet_0.03,1,cells,pre_none_off,pre,none,off,5,50,50,1.0,12,12,0.0,2.0,4,2,7200,7.23551067872796,1.0,1.0,1.3833467742009884,1.0,0.026423642447692505,0.15281540613151706,0,0.471
dirichlet_0.03,1,cells,pre_none_on,pre,none,on,5,50,30,1.0,12,12,0.0,2.0,4,2,4320,7.978642276503035,0.48106060606060597,0.4,0.34695468264528456,0.4810606060606061,0.02243428951080195,0.5999277518376721,0,0.27
dirichlet_0.03,1,cells,pre_footprint_off,pre,footprint,off,5,50,50,1.0,12,12,0.0,2.0,4,2,7200,7.181909021689274,1.0,1.0,1.4163185997638892,1.0,0.027458775093887267,0.15543621917598027,0,1.042
dirichlet_0.03,1,cells,pre_footprint_on,pre,footprint,on,5,50,39,1.0,12,12,0.0,2.0,4,2,5616,8.260221151553937,1.0,1.0,1.4055715429814912,1.0,0.02041657735729005,0.16344730826330522,0,0.811
dirichlet_0.03,1,cells,pre_mass_off,pre,mass,off,5,50,50,1.0,12,12,0.0,2.0,4,2,7200,7.182111996024312,1.0,1.0,1.416467978362109,1.0,0.027460118988976025,0.15545055024535318,0,0.49
dirichlet_0.03,1,cells,pre_mass_on,pre,mass,on,5,50,39,1.0,12,12,0.0,2.0,4,2,5616,8.260262908904036,1.0,1.0,1.4056755618738281,1.0,0.02041859074839777,0.16345362073526576,0,0.402
dirichlet_0.03,1,cells,post_fpmask_off,post,fpmask,off,5,50,50,1.0,12,12,0.0,2.0,4,2,7200,6.242791568013395,1.0,1.0,2.2467883302974783,1.0,0.05765068730655096,0.2309718835715429,0,1.194
dirichlet_0.03,1,cells,post_massmask_off,post,massmask,off,5,50,50,1.0,12,12,0.0,2.0,4,2,7200,6.242791568013395,1.0,1.0,2.2467883302974783,1.0,0.05765068730655096,0.2309718835715429,0,0.482
dirichlet_0.03,1,cells,pre_fpmask_off,pre,fpmask,off,5,50,50,1.0,12,12,0.0,2.0,4,2,7200,7.249527583833862,1.0,1.0,1.3880624176388867,1.0,0.026411288085168384,0.15298498155771817,0,1.213
dirichlet_0.03,1,cells,pre_massmask_off,pre,massmask,off,5,50,50,1.0,12,12,0.0,2.0,4,2,7200,7.249527583833862,1.0,1.0,1.3880624176388867,1.0,0.026411288085168384,0.15298498155771817,0,0.52
dirichlet_0.03,2,cells,post_none_off,post,none,off,5,50,50,1.0,12,12,0.0,2.0,4,2,7200,0.6143813577362764,0.9393939393939394,0.5590909090909091,7.545872930302947,0.9268939393939394,19.990949811698233,0.9514962850600922,0,0.536
dirichlet_0.03,2,cells,post_none_on,post,none,on,5,50,50,1.0,12,12,0.0,2.0,4,2,7200,0.3192234916183869,0.47083333333333327,0.3,0.3843663995556323,0.334469696969697,72.13560430052424,0.5704861541606397,0,0.44
dirichlet_0.03,2,cells,post_footprint_off,post,footprint,off,5,50,50,1.0,12,12,0.0,2.0,4,2,7200,1.3130915403579995,0.8227272727272728,0.5636363636363636,3.755345070224205,0.7321969696969697,2.1780098662533387,0.4036039483075809,0,1.23
dirichlet_0.03,2,cells,post_footprint_on,post,footprint,on,5,50,50,1.0,12,12,0.0,2.0,4,2,7200,0.989011483561169,0.7909090909090909,0.5227272727272727,1.3327234885352395,0.6928030303030303,3.9168568707827505,0.31510037017138637,0,1.482
dirichlet_0.03,2,cells,post_mass_off,post,mass,off,5,50,50,1.0,12,12,0.0,2.0,4,2,7200,1.2932286755169475,0.8140151515151515,0.5409090909090909,3.6717153533315483,0.7234848484848485,2.195423727846986,0.40344549263393764,0,0.484
dirichlet_0.03,2,cells,post_mass_on,post,mass,on,5,50,50,1.0,12,12,0.0,2.0,4,2,7200,7.665642357077171,1.0,1.0,1.3667657135711517,1.0,0.027369117970719205,0.19344599563348802,0,0.449
dirichlet_0.03,2,cells,pre_none_off,pre,none,off,5,50,50,1.0,12,12,0.0,2.0,4,2,7200,8.469635892913791,1.0,1.0,1.3678875698872919,1.0,0.01906869278976694,0.15510931755353172,0,0.442
dirichlet_0.03,2,cells,pre_none_on,pre,none,on,5,50,50,1.0,12,12,0.0,2.0,4,2,7200,8.19974380802765,0.5363636363636363,0.39545454545454545,0.44237576861194733,0.521969696969697,0.01911525988927851,0.534894938423059,0,0.457
dirichlet_0.03,2,cells,pre_footprint_off,pre,footprint,off,5,50,50,1.0,12,12,0.0,2.0,4,2,7200,1.1057331062009523,0.7159090909090909,0.509090909090909,4.162034139014399,0.6375,3.404121187110544,0.3993652116914199,0,1.141
dirichlet_0.03,2,cells,pre_footprint_on,pre,footprint,on,5,50,50,1.0,12,12,0.0,2.0,4,2,7200,0.885164997237013,0.7473484848484847,0.509090909090909,2.322400959272377,0.6446969696969697,5.44872555593207,0.3453448508278821,0,1.209
dirichlet_0.03,2,cells,pre_mass_off,pre,mass,off,5,50,50,1.0,12,12,0.0,2.0,4,2,7200,1.1195118583610195,0.7162878787878787,0.5,4.159009518634581,0.6409090909090909,3.318428907654404,0.3970649643977067,0,0.482
dirichlet_0.03,2,cells,pre_mass_on,pre,mass,on,5,50,50,1.0,12,12,0.0,2.0,4,2,7200,0.8433046857184318,0.7522727272727273,0.5318181818181819,2.264890482606893,0.6420454545454546,5.985163823424256,0.3473924661819423,0,0.5
dirichlet_0.03,2,cells,post_fpmask_off,post,fpmask,off,5,50,50,1.0,12,12,0.0,2.0,4,2,7200,0.8675362285408335,0.9053030303030303,0.6363636363636364,6.23220955535709,0.7958333333333333,8.280695361720397,0.7358718515904882,0,1.143
dirichlet_0.03,2,cells,post_massmask_off,post,massmask,off,5,50,50,1.0,12,12,0.0,2.0,4,2,7200,0.3144429165161918,0.8636363636363636,0.6318181818181818,6.36431753231706,0.7549242424242424,64.36773215018985,0.8016358377447631,0,0.494
dirichlet_0.03,2,cells,pre_fpmask_off,pre,fpmask,off,5,50,50,1.0,12,12,0.0,2.0,4,2,7200,8.492310725356317,1.0,1.0,1.3798801156347815,1.0,0.019133287794600964,0.15584174281715532,0,1.181
dirichlet_0.03,2,cells,pre_massmask_off,pre,massmask,off,5,50,50,1.0,12,12,0.0,2.0,4,2,7200,8.492311024217036,1.0,1.0,1.3798801213168155,1.0,0.01913328652671331,0.15584174125103234,0,0.519
dirichlet_0.03,3,cells,post_none_off,post,none,off,5,50,50,1.0,12,12,0.0,2.0,4,2,7200,0.9854271384555231,0.984469696969697,0.85,9.193139820408351,0.8878787878787879,9.46705343634886,0.9442831326845403,0,0.46
dirichlet_0.03,3,cells,post_none_on,post,none,on,5,50,50,1.0,12,12,0.0,2.0,4,2,7200,1.1289375346703254,0.5162878787878789,0.35909090909090907,0.38642292899646047,0.3821969696969697,7.252836675688457,0.5714404756136079,0,0.489
dirichlet_0.03,3,cells,post_footprint_off,post,footprint,off,5,50,50,1.0,12,12,0.0,2.0,4,2,7200,6.001774189013943,1.0,1.0,2.035294551655828,1.0,0.05650253943287466,0.2321066899005338,0,1.196
dirichlet_0.03,3,cells,post_footprint_on,post,footprint,on,5,50,33,1.0,12,12,0.0,2.0,4,2,4752,7.038689913037111,1.0,1.0,1.3949185026387096,1.0,0.026848746493596715,0.17689294254151172,0,0.925
dirichlet_0.03,3,cells,post_mass_off,post,mass,off,5,50,50,1.0,12,12,0.0,2.0,4,2,7200,6.046431681448152,1.0,1.0,2.0085840891916713,1.0,0.05494038745351531,0.22934237952185216,0,0.531
dirichlet_0.03,3,cells,post_mass_on,post,mass,on,5,50,32,1.0,12,12,0.0,2.0,4,2,4608,7.046880221755663,1.0,1.0,1.3918396057606077,1.0,0.02652811214109994,0.17625384678289036,0,0.312
dirichlet_0.03,3,cells,pre_none_off,pre,none,off,5,50,50,1.0,12,12,0.0,2.0,4,2,7200,7.704074201722371,1.0,1.0,1.3663609911876646,1.0,0.023021018856957,0.148020299925674,0,0.472
dirichlet_0.03,3,cells,pre_none_on,pre,none,on,5,50,41,1.0,12,12,0.0,2.0,4,2,5904,7.630047054027357,0.5321969696969697,0.37272727272727274,0.4112327280095735,0.5231060606060606,0.02368820482014159,0.5458416264121754,0,0.358
dirichlet_0.03,3,cells,pre_footprint_off,pre,footprint,off,5,50,50,1.0,12,12,0.0,2.0,4,2,7200,7.735407711064085,1.0,1.0,1.3916642551149658,1.0,0.02325776909163718,0.15094136310836054,0,1.188
dirichlet_0.03,3,cells,pre_footprint_on,pre,footprint,on,5,50,29,1.0,12,12,0.0,2.0,4,2,4176,8.5888936937313,1.0,1.0,1.4364345577991515,1.0,0.01906791267930645,0.15698425323969617,0,0.716
dirichlet_0.03,3,cells,pre_mass_off,pre,mass,off,5,50,50,1.0,12,12,0.0,2.0,4,2,7200,7.734875089246082,1.0,1.0,1.3916683579027107,1.0,0.02326104082781614,0.1509463789856004,0,0.496
dirichlet_0.03,3,cells,pre_mass_on,pre,mass,on,5,50,29,1.0,12,12,0.0,2.0,4,2,4176,8.591246873365723,1.0,1.0,1.4366120269791343,1.0,0.01906068981124816,0.15698291663575042,0,0.319
dirichlet_0.03,3,cells,post_fpmask_off,post,fpmask,off,5,50,50,1.0,12,12,0.0,2.0,4,2,7200,0.6380507008657735,0.9871212121212122,0.9227272727272727,3.3512724883379557,0.9871212121212121,8.231886260500183,0.3654097727346179,0,1.148
dirichlet_0.03,3,cells,post_massmask_off,post,massmask,off,5,50,50,1.0,12,12,0.0,2.0,4,2,7200,6.694060252373367,1.0,1.0,1.661309131903921,1.0,0.037074151318253416,0.1897237009432956,0,0.505
dirichlet_0.03,3,cells,pre_fpmask_off,pre,fpmask,off,5,50,50,1.0,12,12,0.0,2.0,4,2,7200,7.73772689228867,1.0,1.0,1.370165113327519,1.0,0.02288474679097401,0.1480751085524612,0,1.145
dirichlet_0.03,3,cells,pre_massmask_off,pre,massmask,off,5,50,50,1.0,12,12,0.0,2.0,4,2,7200,7.737726901271143,1.0,1.0,1.3701651131172998,1.0,0.022884746734330583,0.14807510854386186,0,0.503
dirichlet_0.03,4,cells,post_none_off,post,none,off,5,50,50,1.0,12,12,0.0,2.0,4,2,7200,0.5138725949569053,0.6999999999999998,0.4,8.22614770423784,0.6401515151515151,31.151975226910107,0.919043561122806,0,0.538
dirichlet_0.03,4,cells,post_none_on,post,none,on,5,50,50,1.0,12,12,0.0,2.0,4,2,7200,1.004173373228928,0.41931818181818176,0.33181818181818185,0.3768942135473961,0.3723484848484849,8.497976893760848,0.6063467093554116,0,0.656
dirichlet_0.03,4,cells,post_footprint_off,post,footprint,off,5,50,50,1.0,12,12,0.0,2.0,4,2,7200,6.586766475333614,1.0,1.0,1.981104193736769,1.0,0.04566282586613617,0.2381696924073963,0,1.196
dirichlet_0.03,4,cells,post_footprint_on,post,footprint,on,5,50,50,1.0,12,12,0.0,2.0,4,2,7200,7.916346879470694,1.0,1.0,1.390577026556347,1.0,0.020877004264003404,0.18694256914675056,0,1.13
dirichlet_0.03,4,cells,post_mass_off,post,mass,off,5,50,50,1.0,12,12,0.0,2.0,4,2,7200,6.583671591866831,1.0,1.0,1.9857049979310522,1.0,0.04581191123530021,0.23868593190846263,0,0.441
dirichlet_0.03,4,cells,post_mass_on,post,mass,on,5,50,47,1.0,12,12,0.0,2.0,4,2,6768,7.917696905414179,1.0,1.0,1.3907753333614148,1.0,0.020880677198243266,0.1869461459948882,0,0.432
dirichlet_0.03,4,cells,pre_none_off,pre,none,off,5,50,50,1.0,12,12,0.0,2.0,4,2,7200,8.442515610609846,1.0,1.0,1.4190008246553376,1.0,0.019908516672320176,0.15874779196791317,0,0.488
dirichlet_0.03,4,cells,pre_none_on,pre,none,on,5,50,44,1.0,12,12,0.0,2.0,4,2,6336,8.382892067369735,0.47689393939393937,0.37272727272727274,0.4016257344753704,0.47689393939393937,0.020236272067523323,0.5763812826644089,0,0.418
dirichlet_0.03,4,cells,pre_footprint_off,pre,footprint,off,5,50,50,1.0,12,12,0.0,2.0,4,2,7200,8.496380117378466,1.0,1.0,1.445852069010296,1.0,0.020028849023722387,0.16039275819733842,0,1.188
dirichlet_0.03,4,cells,pre_footprint_on,pre,footprint,on,5,50,35,1.0,12,12,0.0,2.0,4,2,5040,0.9216777245418679,0.8041666666666667,0.5,1.0847928201224926,0.793939393939394,3.0840020225762865,0.272751766486066,0,0.763
dirichlet_0.03,4,cells,pre_mass_off,pre,mass,off,5,50,50,1.0,12,12,0.0,2.0,4,2,7200,7.602506644741744,1.0,1.0,1.4866702699889127,1.0,0.025721781211637988,0.16870961245922395,0,0.524
dirichlet_0.03,4,cells,pre_mass_on,pre,mass,on,5,50,43,1.0,12,12,0.0,2.0,4,2,6192,8.495680594448421,1.0,1.0,1.4505188256007313,1.0,0.019479451038445915,0.1706547221603838,0,0.437
dirichlet_0.03,4,cells,post_fpmask_off,post,fpmask,off,5,50,50,1.0,12,12,0.0,2.0,4,2,7200,0.40256540971274085,0.6742424242424242,0.45,7.249688031709216,0.6738636363636363,44.734893453846276,0.8734777301180974,0,1.144
dirichlet_0.03,4,cells,post_massmask_off,post,massmask,off,5,50,50,1.0,12,12,0.0,2.0,4,2,7200,0.4072156846723341,0.6719696969696969,0.44545454545454544,7.24440959657294,0.6715909090909091,43.6871790542804,0.8735367206923955,0,0.504
dirichlet_0.03,4,cells,pre_fpmask_off,pre,fpmask,off,5,50,50,1.0,12,12,0.0,2.0,4,2,7200,7.702543964396938,1.0,1.0,1.4678915428474946,1.0,0.024741475538204046,0.16648958980175732,0,1.242
dirichlet_0.03,4,cells,pre_massmask_off,pre,massmask,off,5,50,50,1.0,12,12,0.0,2.0,4,2,7200,7.687457668724653,1.0,1.0,1.4723070056917904,1.0,0.0249133944354088,0.16698547066384994,0,0.553
dirichlet_0.03,5,cells,post_none_off,post,none,off,5,50,50,1.0,12,12,0.0,2.0,4,2,7200,0.9835252933875953,0.7886363636363636,0.5272727272727272,10.668762241209741,0.75,11.02917354414073,0.9655844379956532,0,0.502
dirichlet_0.03,5,cells,post_none_on,post,none,on,5,50,50,1.0,12,12,0.0,2.0,4,2,7200,0.906132532412661,0.5060606060606061,0.35,0.3836789953417403,0.3931818181818182,12.755851931404449,0.5913720691718988,0,0.511
dirichlet_0.03,5,cells,post_footprint_off,post,footprint,off,5,50,50,1.0,12,12,0.0,2.0,4,2,7200,7.02132998859507,1.0,1.0,1.6897295648224087,1.0,0.03427507658871302,0.1910036067288299,0,1.032
dirichlet_0.03,5,cells,post_footprint_on,post,footprint,on,5,50,34,1.0,12,12,0.0,2.0,4,2,4896,0.27113384819005926,0.8727272727272727,0.5181818181818182,1.818489205252494,0.8181818181818182,34.54446084894141,0.27573090192704763,0,0.709
dirichlet_0.03,5,cells,post_mass_off,post,mass,off,5,50,50,1.0,12,12,0.0,2.0,4,2,7200,7.030488092102875,1.0,1.0,1.695885591085476,1.0,0.034310385389981025,0.19152438781790437,0,0.429
dirichlet_0.03,5,cells,post_mass_on,post,mass,on,5,50,50,1.0,12,12,0.0,2.0,4,2,7200,7.683253210229956,1.0,1.0,1.3297644464956226,1.0,0.020210206458639367,0.17289134244705998,0,0.435
dirichlet_0.03,5,cells,pre_none_off,pre,none,off,5,50,50,1.0,12,12,0.0,2.0,4,2,7200,0.9961170704166142,0.8712121212121212,0.5136363636363637,2.282907704653501,0.815530303030303,2.3007402407548683,0.26988253129300255,0,0.459
dirichlet_0.03,5,cells,pre_none_on,pre,none,on,5,50,50,1.0,12,12,0.0,2.0,4,2,7200,0.6691546214124668,0.55,0.38181818181818183,0.4242451372226832,0.5003787878787879,5.106331617312549,0.5498354826985972,0,0.477
dirichlet_0.03,5,cells,pre_footprint_off,pre,footprint,off,5,50,50,1.0,12,12,0.0,2.0,4,2,7200,1.0146597036099858,0.8643939393939394,0.5136363636363637,2.3281952420698624,0.8109848484848485,2.261406162103011,0.2692591474733895,0,1.127
dirichlet_0.03,5,cells,pre_footprint_on,pre,footprint,on,5,50,50,1.0,12,12,0.0,2.0,4,2,7200,0.4541142909485891,0.8719696969696971,0.5045454545454545,2.172237363720997,0.8181818181818182,11.152393442793107,0.27940815943553515,0,1.091
dirichlet_0.03,5,cells,pre_mass_off,pre,mass,off,5,50,50,1.0,12,12,0.0,2.0,4,2,7200,1.0142449427272782,0.8651515151515151,0.5136363636363637,2.316221785059098,0.8106060606060606,2.2516165918486006,0.2688854697124642,0,0.46
dirichlet_0.03,5,cells,pre_mass_on,pre,mass,on,5,50,50,1.0,12,12,0.0,2.0,4,2,7200,0.46508131278237885,0.8715909090909091,0.5045454545454545,2.0263180307970248,0.8178030303030303,10.607610818383792,0.2763836346996079,0,0.471
dirichlet_0.03,5,cells,post_fpmask_off,post,fpmask,off,5,50,50,1.0,12,12,0.0,2.0,4,2,7200,0.7233025191476252,0.9265151515151514,0.7727272727272727,2.531206352666228,0.9265151515151515,4.838242102987675,0.3614353227484291,0,1.071
dirichlet_0.03,5,cells,post_massmask_off,post,massmask,off,5,50,50,1.0,12,12,0.0,2.0,4,2,7200,2.474456701445503,0.978030303030303,0.9318181818181818,3.6448326359685774,0.928409090909091,0.5952753148844082,0.5048587381679277,0,0.477
dirichlet_0.03,5,cells,pre_fpmask_off,pre,fpmask,off,5,50,50,1.0,12,12,0.0,2.0,4,2,7200,0.9929814325571599,0.8715909090909091,0.5181818181818182,2.289711967687254,0.8159090909090909,2.3221945336126413,0.2702899230631547,0,1.14
dirichlet_0.03,5,cells,pre_massmask_off,pre,massmask,off,5,50,50,1.0,12,12,0.0,2.0,4,2,7200,0.9929891824680143,0.8715909090909091,0.5181818181818182,2.2897146541628155,0.8159090909090909,2.3221610105708534,0.27029164920025933,0,0.485
dirichlet_0.03,6,cells,post_none_off,post,none,off,5,50,50,1.0,12,12,0.0,2.0,4,2,7200,0.3434061147537136,0.943939393939394,0.8681818181818182,10.60145041921719,0.8541666666666666,89.89783618937383,0.9790784255354152,0,0.472
dirichlet_0.03,6,cells,post_none_on,post,none,on,5,50,50,1.0,12,12,0.0,2.0,4,2,7200,0.6526836046691554,0.4856060606060606,0.35909090909090907,0.3238602417014825,0.3693181818181818,21.462466720853147,0.6029144318374438,0,0.478
dirichlet_0.03,6,cells,post_footprint_off,post,footprint,off,5,50,50,1.0,12,12,0.0,2.0,4,2,7200,6.477903440026809,1.0,1.0,1.8508871497839416,1.0,0.0441073534715635,0.20898478905293955,0,1.113
dirichlet_0.03,6,cells,post_footprint_on,post,footprint,on,5,50,45,1.0,12,12,0.0,2.0,4,2,6480,7.568373193465803,1.0,1.0,1.3289591291347,1.0,0.023063649200727808,0.1746205034589853,0,1.068
dirichlet_0.03,6,cells,post_mass_off,post,mass,off,5,50,50,1.0,12,12,0.0,2.0,4,2,7200,6.484178534047772,1.0,1.0,1.8485949311082432,1.0,0.04396750580746506,0.20881266104425333,0,0.514
dirichlet_0.03,6,cells,post_mass_on,post,mass,on,5,50,44,1.0,12,12,0.0,2.0,4,2,6336,7.572331623530524,1.0,1.0,1.328450309344826,1.0,0.022992637744498508,0.1744825954538335,0,0.469
dirichlet_0.03,6,cells,pre_none_off,pre,none,off,5,50,50,1.0,12,12,0.0,2.0,4,2,7200,8.5290585082971,1.0,1.0,1.3577421702837198,1.0,0.01866444669119837,0.1502711108594809,0,0.479
dirichlet_0.03,6,cells,pre_none_on,pre,none,on,5,50,50,1.0,12,12,0.0,2.0,4,2,7200,1.2524953308939772,0.47462121212121205,0.36818181818181817,0.35704549961340765,0.43863636363636366,1.8801501630449762,0.5711234166392504,0,0.509
dirichlet_0.03,6,cells,pre_footprint_off,pre,footprint,off,5,50,50,1.0,12,12,0.0,2.0,4,2,7200,8.563723029862349,1.0,1.0,1.3735961027376924,1.0,0.018729829518002058,0.15176801152646097,0,1.284
dirichlet_0.03,6,cells,pre_footprint_on,pre,footprint,on,5,50,36,1.0,12,12,0.0,2.0,4,2,5184,8.562758608682314,1.0,1.0,1.3895345906535301,1.0,0.018368289832153096,0.15549622215825873,0,0.942
dirichlet_0.03,6,cells,pre_mass_off,pre,mass,off,5,50,50,1.0,12,12,0.0,2.0,4,2,7200,8.563724426281741,1.0,1.0,1.3734905474866137,1.0,0.018728384099308472,0.15175854584554152,0,0.523
dirichlet_0.03,6,cells,pre_mass_on,pre,mass,on,5,50,35,1.0,12,12,0.0,2.0,4,2,5040,8.562279490387093,1.0,1.0,1.3895064026236434,1.0,0.01836971946321608,0.15548786433814124,0,0.346
dirichlet_0.03,6,cells,post_fpmask_off,post,fpmask,off,5,50,50,1.0,12,12,0.0,2.0,4,2,7200,0.6060484521067535,0.8814393939393939,0.5136363636363637,7.114205429422618,0.7515151515151515,19.36920113465677,0.8048040485703652,0,1.175
dirichlet_0.03,6,cells,post_massmask_off,post,massmask,off,5,50,50,1.0,12,12,0.0,2.0,4,2,7200,0.7402351387576804,0.8435606060606061,0.5318181818181819,6.865367194416766,0.7159090909090909,12.529229843888286,0.791573824842079,0,0.531
dirichlet_0.03,6,cells,pre_fpmask_off,pre,fpmask,off,5,50,50,1.0,12,12,0.0,2.0,4,2,7200,8.544359499130417,1.0,1.0,1.36129332311554,1.0,0.01864630092580202,0.15034413071549926,0,1.168
dirichlet_0.03,6,cells,pre_massmask_off,pre,massmask,off,5,50,50,1.0,12,12,0.0,2.0,4,2,7200,8.544359425572393,1.0,1.0,1.361293321355919,1.0,0.01864630122275004,0.15034413043062325,0,0.496
dirichlet_0.03,7,cells,post_none_off,post,none,off,5,50,50,1.0,12,12,0.0,2.0,4,2,7200,0.6782365859842354,0.9424242424242425,0.7318181818181818,8.553403027137497,0.7890151515151516,18.594157690028357,0.832492378297956,0,0.513
dirichlet_0.03,7,cells,post_none_on,post,none,on,5,50,50,1.0,12,12,0.0,2.0,4,2,7200,2.4409124298591762,0.6037878787878788,0.40454545454545454,0.4781605402813422,0.45227272727272727,1.2981273877928459,0.4875164249978584,0,0.535
dirichlet_0.03,7,cells,post_footprint_off,post,footprint,off,5,50,50,1.0,12,12,0.0,2.0,4,2,7200,7.231166803912996,1.0,1.0,1.337492056425762,1.0,0.025578463451644242,0.1504429291606766,0,1.255
dirichlet_0.03,7,cells,post_footprint_on,post,footprint,on,5,50,24,1.0,12,12,0.0,2.0,4,2,3456,7.37292924508451,1.0,1.0,1.2753829079907733,1.0,0.019806637748217587,0.15091896712281297,0,0.607
dirichlet_0.03,7,cells,post_mass_off,post,mass,off,5,50,50,1.0,12,12,0.0,2.0,4,2,7200,7.237172617232373,1.0,1.0,1.3342757917547292,1.0,0.02547462172862096,0.15018696523423766,0,0.552
dirichlet_0.03,7,cells,post_mass_on,post,mass,on,5,50,22,1.0,12,12,0.0,2.0,4,2,3168,7.37267376581848,1.0,1.0,1.2752837646122963,1.0,0.01980992092655459,0.15093478165111696,0,0.233
dirichlet_0.03,7,cells,pre_none_off,pre,none,off,5,50,50,1.0,12,12,0.0,2.0,4,2,7200,7.928660942862342,1.0,1.0,1.272772251051659,1.0,0.020246548849407242,0.13478885602904853,0,0.479
dirichlet_0.03,7,cells,pre_none_on,pre,none,on,5,50,35,1.0,12,12,0.0,2.0,4,2,5040,8.26858237749997,0.6007575757575759,0.41363636363636364,0.4824590259120624,0.6007575757575757,0.018526839295374395,0.45523796739577554,0,0.357
dirichlet_0.03,7,cells,pre_footprint_off,pre,footprint,off,5,50,50,1.0,12,12,0.0,2.0,4,2,7200,8.001305308171215,1.0,1.0,1.3015774448160797,1.0,0.02033051263793771,0.13687870477267272,0,1.194
dirichlet_0.03,7,cells,pre_footprint_on,pre,footprint,on,5,50,19,1.0,12,12,0.0,2.0,4,2,2736,8.031068966374244,1.0,1.0,1.3286486267520905,1.0,0.020120089072036825,0.14629735403920183,0,0.471
dirichlet_0.03,7,cells,pre_mass_off,pre,mass,off,5,50,50,1.0,12,12,0.0,2.0,4,2,7200,8.003902280871378,1.0,1.0,1.30154820758143,1.0,0.020316865380595184,0.13688089490313157,0,0.511
dirichlet_0.03,7,cells,pre_mass_on,pre,mass,on,5,50,19,1.0,12,12,0.0,2.0,4,2,2736,8.033286302781626,1.0,1.0,1.3287532812692462,1.0,0.02010143578555056,0.14629581515648185,0,0.19
dirichlet_0.03,7,cells,post_fpmask_off,post,fpmask,off,5,50,50,1.0,12,12,0.0,2.0,4,2,7200,7.39545590392676,1.0,1.0,1.264244867951298,1.0,0.023115393745090983,0.14250344642244905,0,1.192
dirichlet_0.03,7,cells,post_massmask_off,post,massmask,off,5,50,50,1.0,12,12,0.0,2.0,4,2,7200,7.39545590392676,1.0,1.0,1.264244867951298,1.0,0.023115393745090983,0.14250344642244905,0,0.507
dirichlet_0.03,7,cells,pre_fpmask_off,pre,fpmask,off,5,50,50,1.0,12,12,0.0,2.0,4,2,7200,7.945255349079574,1.0,1.0,1.2776316245406942,1.0,0.02023904119573883,0.13510826630966902,0,1.195
dirichlet_0.03,7,cells,pre_massmask_off,pre,massmask,off,5,50,50,1.0,12,12,0.0,2.0,4,2,7200,7.945255349079574,1.0,1.0,1.2776316245406942,1.0,0.02023904119573883,0.13510826630966902,0,0.518
dirichlet_0.03,8,cells,post_none_off,post,none,off,5,50,50,1.0,12,12,0.0,2.0,4,2,7200,0.5633509539905867,0.8852272727272728,0.6318181818181818,10.10645256935288,0.7678030303030303,31.844957524701304,0.9637401865355896,0,0.484
dirichlet_0.03,8,cells,post_none_on,post,none,on,5,50,50,1.0,12,12,0.0,2.0,4,2,7200,0.7114579697858514,0.48484848484848486,0.39545454545454545,0.3572320008017074,0.3534090909090909,20.001411560063968,0.6069992773075971,0,0.501
dirichlet_0.03,8,cells,post_footprint_off,post,footprint,off,5,50,50,1.0,12,12,0.0,2.0,4,2,7200,6.884240199510535,1.0,1.0,2.0535812729665923,1.0,0.043331115081207745,0.21970315127161383,0,1.438
dirichlet_0.03,8,cells,post_footprint_on,post,footprint,on,5,50,50,1.0,12,12,0.0,2.0,4,2,7200,7.332179275980633,1.0,1.0,1.3363892372490962,1.0,0.023761667726895145,0.168462024023453,0,1.217
dirichlet_0.03,8,cells,post_mass_off,post,mass,off,5,50,50,1.0,12,12,0.0,2.0,4,2,7200,6.923763027663656,1.0,1.0,2.0195305772939145,1.0,0.04212753445651969,0.21616159142724017,0,0.492
dirichlet_0.03,8,cells,post_mass_on,post,mass,on,5,50,50,1.0,12,12,0.0,2.0,4,2,7200,7.3391307782406585,1.0,1.0,1.3357013347045037,1.0,0.023631838607996742,0.16824283968915107,0,0.504
dirichlet_0.03,8,cells,pre_none_off,pre,none,off,5,50,50,1.0,12,12,0.0,2.0,4,2,7200,8.387916763737392,1.0,1.0,1.3645144873317168,1.0,0.01939411322362111,0.1445110149692412,0,0.515
dirichlet_0.03,8,cells,pre_none_on,pre,none,on,5,50,40,1.0,12,12,0.0,2.0,4,2,5760,8.13455550350117,0.5246212121212123,0.4318181818181818,0.3848446684314899,0.5238636363636363,0.020361016869170752,0.575341042603134,0,0.41
dirichlet_0.03,8,cells,pre_footprint_off,pre,footprint,off,5,50,50,1.0,12,12,0.0,2.0,4,2,7200,8.434068404772761,1.0,1.0,1.3870989928436983,1.0,0.019499937450635572,0.14603008455844782,0,1.186
dirichlet_0.03,8,cells,pre_footprint_on,pre,footprint,on,5,50,39,1.0,12,12,0.0,2.0,4,2,5616,8.398678885909836,1.0,1.0,1.4065078001780509,1.0,0.019391558916536347,0.15652475132441057,0,0.914
dirichlet_0.03,8,cells,pre_mass_off,pre,mass,off,5,50,50,1.0,12,12,0.0,2.0,4,2,7200,8.433960888457648,1.0,1.0,1.3870963017323703,1.0,0.019500396792248763,0.14603069292098955,0,0.521
dirichlet_0.03,8,cells,pre_mass_on,pre,mass,on,5,50,36,1.0,12,12,0.0,2.0,4,2,5184,8.398840592047526,1.0,1.0,1.4065177579212267,1.0,0.019391227688601815,0.15652471011750457,0,0.39
dirichlet_0.03,8,cells,post_fpmask_off,post,fpmask,off,5,50,50,1.0,12,12,0.0,2.0,4,2,7200,7.068151189014927,1.0,1.0,2.002730697306951,1.0,0.04008767727557921,0.20684918364318125,0,1.182
dirichlet_0.03,8,cells,post_massmask_off,post,massmask,off,5,50,50,1.0,12,12,0.0,2.0,4,2,7200,0.4068603813743162,0.8420454545454544,0.6454545454545455,9.54103410948501,0.725,57.637434908329524,0.8760366465376853,0,0.526
dirichlet_0.03,8,cells,pre_fpmask_off,pre,fpmask,off,5,50,50,1.0,12,12,0.0,2.0,4,2,7200,8.408215974100411,1.0,1.0,1.373614504895225,1.0,0.019429299870777888,0.14511307492559658,0,1.021
dirichlet_0.03,8,cells,pre_massmask_off,pre,massmask,off,5,50,50,1.0,12,12,0.0,2.0,4,2,7200,8.408215974265616,1.0,1.0,1.3736145049051425,1.0,0.019429299870154664,0.14511307492643707,0,0.438
dirichlet_0.03,9,cells,post_none_off,post,none,off,5,50,50,1.0,12,12,0.0,2.0,4,2,7200,1.1762084625260922,0.9636363636363637,0.8272727272727273,10.783855530756453,0.8678030303030303,7.794808707607655,0.9435591390572053,0,0.513
dirichlet_0.03,9,cells,post_none_on,post,none,on,5,50,48,1.0,12,12,0.0,2.0,4,2,6912,0.6156308751462525,0.5261363636363636,0.38181818181818183,0.40622282125309167,0.4287878787878788,28.84746188774095,0.5455595255486856,0,0.514
dirichlet_0.03,9,cells,post_footprint_off,post,footprint,off,5,50,50,1.0,12,12,0.0,2.0,4,2,7200,6.16011019782061,1.0,1.0,1.6625176733539926,1.0,0.04381161959593738,0.19813480315832313,0,1.194
dirichlet_0.03,9,cells,post_footprint_on,post,footprint,on,5,50,44,1.0,12,12,0.0,2.0,4,2,6336,7.385626480566294,1.0,1.0,1.3561496520198568,1.0,0.020411036039059267,0.17079417321194318,0,0.961
dirichlet_0.03,9,cells,post_mass_off,post,mass,off,5,50,50,1.0,12,12,0.0,2.0,4,2,7200,6.150110054606038,1.0,1.0,1.6663239836214687,1.0,0.044054844267141485,0.1984889401646349,0,0.499
dirichlet_0.03,9,cells,post_mass_on,post,mass,on,5,50,38,1.0,12,12,0.0,2.0,4,2,5472,7.385500380388914,1.0,1.0,1.3561386222658742,1.0,0.020413012982503698,0.17080533802538003,0,0.379
dirichlet_0.03,9,cells,pre_none_off,pre,none,off,5,50,50,1.0,12,12,0.0,2.0,4,2,7200,7.18721580935972,1.0,1.0,1.4085750181054693,1.0,0.027268334357889078,0.1521696522503622,0,0.519
dirichlet_0.03,9,cells,pre_none_on,pre,none,on,5,50,50,1.0,12,12,0.0,2.0,4,2,7200,8.111683752777584,0.5435606060606061,0.36363636363636365,0.43452906662151763,0.5295454545454545,0.01998787360703571,0.5245118394905853,0,0.474
dirichlet_0.03,9,cells,pre_footprint_off,pre,footprint,off,5,50,50,1.0,12,12,0.0,2.0,4,2,7200,8.23435195637039,1.0,1.0,1.4172474793091765,1.0,0.020901951779786713,0.15327909353297764,0,1.063
dirichlet_0.03,9,cells,pre_footprint_on,pre,footprint,on,5,50,50,1.0,12,12,0.0,2.0,4,2,7200,1.1965579725351851,0.7912878787878789,0.5045454545454545,4.9494035442228554,0.5515151515151515,6.33580191526438,0.4015756246650533,0,1.144
dirichlet_0.03,9,cells,pre_mass_off,pre,mass,off,5,50,50,1.0,12,12,0.0,2.0,4,2,7200,8.23482154888005,1.0,1.0,1.4174787109108988,1.0,0.020902977848665627,0.15329342661799847,0,0.497
dirichlet_0.03,9,cells,pre_mass_on,pre,mass,on,5,50,50,1.0,12,12,0.0,2.0,4,2,7200,1.2161019412088947,0.8053030303030303,0.5045454545454545,3.9849641377535576,0.5450757575757575,5.984666737366975,0.36435185462996206,0,0.502
dirichlet_0.03,9,cells,post_fpmask_off,post,fpmask,off,5,50,50,1.0,12,12,0.0,2.0,4,2,7200,1.0682437702186427,0.7560606060606059,0.509090909090909,3.4293048634826624,0.7526515151515152,3.005144488143515,0.4548257984399703,0,1.318
dirichlet_0.03,9,cells,post_massmask_off,post,massmask,off,5,50,50,1.0,12,12,0.0,2.0,4,2,7200,0.3074958619428229,0.9299242424242425,0.8,5.071503713861248,0.7765151515151515,53.6362240681754,0.658684611382888,0,0.486
dirichlet_0.03,9,cells,pre_fpmask_off,pre,fpmask,off,5,50,50,1.0,12,12,0.0,2.0,4,2,7200,8.199905829686646,1.0,1.0,1.387281761744359,1.0,0.02063226689311158,0.1512831105172939,0,1.038
dirichlet_0.03,9,cells,pre_massmask_off,pre,massmask,off,5,50,50,1.0,12,12,0.0,2.0,4,2,7200,7.21823140851435,1.0,1.0,1.4115476753814966,1.0,0.0270915559903797,0.1522332697244376,0,0.462
dirichlet_0.1,0,cells,post_none_off,post,none,off,5,50,50,1.0,12,12,0.0,2.0,4,2,7200,1.2433765327731672,0.9037878787878788,0.6409090909090909,6.271385841482142,0.9037878787878788,4.056562658135878,0.6929176388059842,0,0.491
dirichlet_0.1,0,cells,post_none_on,post,none,on,5,50,50,1.0,12,12,0.0,2.0,4,2,7200,1.5714160338402812,0.6106060606060605,0.4,0.5192947079627357,0.4625,2.637457128469179,0.45076964526944274,0,0.459
dirichlet_0.1,0,cells,post_footprint_off,post,footprint,off,5,50,50,1.0,12,12,0.0,2.0,4,2,7200,7.210001243082643,1.0,1.0,1.1609890644489378,1.0,0.022333533986636005,0.1383789753061266,0,1.065
dirichlet_0.1,0,cells,post_footprint_on,post,footprint,on,5,50,32,1.0,12,12,0.0,2.0,4,2,4608,7.396263114862932,1.0,1.0,1.2568490866561128,1.0,0.020330982899411425,0.15631560895612912,0,0.716
dirichlet_0.1,0,cells,post_mass_off,post,mass,off,5,50,50,1.0,12,12,0.0,2.0,4,2,7200,7.210215155798991,1.0,1.0,1.160751211094204,1.0,0.022327633594434435,0.13835323059605636,0,0.476
dirichlet_0.1,0,cells,post_mass_on,post,mass,on,5,50,34,1.0,12,12,0.0,2.0,4,2,4896,7.544129924077718,1.0,1.0,1.2672706284338906,1.0,0.019013021457441753,0.1570701533573626,0,0.323
dirichlet_0.1,0,cells,pre_none_off,pre,none,off,5,50,50,1.0,12,12,0.0,2.0,4,2,7200,8.231239914977493,1.0,1.0,1.2351363000621691,1.0,0.01822990331034695,0.13984737878090614,0,0.451
dirichlet_0.1,0,cells,pre_none_on,pre,none,on,5,50,26,1.0,12,12,0.0,2.0,4,2,3744,7.945739519305123,0.631439393939394,0.45,0.532896438427672,0.6166666666666667,0.018784095924272638,0.42571165463961663,0,0.236
dirichlet_0.1,0,cells,pre_footprint_off,pre,footprint,off,5,50,50,1.0,12,12,0.0,2.0,4,2,7200,8.272308238668284,1.0,1.0,1.2727870176138323,1.0,0.01859954498363082,0.14275772775126921,0,1.048
dirichlet_0.1,0,cells,pre_footprint_on,pre,footprint,on,5,50,43,1.0,12,12,0.0,2.0,4,2,6192,8.284686911458165,1.0,1.0,1.294160677105349,1.0,0.018421876911390737,0.15225995862011898,0,0.934
dirichlet_0.1,0,cells,pre_mass_off,pre,mass,off,5,50,50,1.0,12,12,0.0,2.0,4,2,7200,8.272396000181972,1.0,1.0,1.2726359520716897,1.0,0.01859694283156832,0.14274492506392306,0,0.473
dirichlet_0.1,0,cells,pre_mass_on,pre,mass,on,5,50,38,1.0,12,12,0.0,2.0,4,2,5472,8.285025397987024,1.0,1.0,1.294145663992983,1.0,0.01842039404843628,0.15226889717580105,0,0.364
dirichlet_0.1,0,cells,post_fpmask_off,post,fpmask,off,5,50,50,1.0,12,12,0.0,2.0,4,2,7200,0.7937074210913655,0.9996212121212121,0.9954545454545455,3.766079126785216,0.9996212121212121,5.978174098929635,0.4374870711584466,0,1.122
dirichlet_0.1,0,cells,post_massmask_off,post,massmask,off,5,50,50,1.0,12,12,0.0,2.0,4,2,7200,0.7804447610912529,0.9666666666666667,0.9272727272727272,4.626370077236395,0.9666666666666667,7.59549410514175,0.538614181012665,0,0.473
dirichlet_0.1,0,cells,pre_fpmask_off,pre,fpmask,off,5,50,50,1.0,12,12,0.0,2.0,4,2,7200,8.25852049351427,1.0,1.0,1.2423293542113114,1.0,0.018215128752090325,0.14038265598438487,0,1.02
dirichlet_0.1,0,cells,pre_massmask_off,pre,massmask,off,5,50,50,1.0,12,12,0.0,2.0,4,2,7200,8.258448524477517,1.0,1.0,1.2429233565592621,1.0,0.018224155688433843,0.14042476418754513,0,0.435
dirichlet_0.1,1,cells,post_none_off,post,none,off,5,50,50,1.0,12,12,0.0,2.0,4,2,7200,3.0156795824743923,1.0,1.0,5.877160612580532,1.0,0.6462449585497941,0.6059221912800298,0,0.502
dirichlet_0.1,1,cells,post_none_on,post,none,on,5,50,50,1.0,12,12,0.0,2.0,4,2,7200,1.303419138073624,0.6617424242424242,0.38636363636363635,0.600147201559125,0.5462121212121213,4.125138162224088,0.4136110680128534,0,0.51
dirichlet_0.1,1,cells,post_footprint_off,post,footprint,off,5,50,50,1.0,12,12,0.0,2.0,4,2,7200,7.67009489064149,1.0,1.0,1.0575448688024427,1.0,0.017976176711010518,0.12672641407321109,0,1.204
dirichlet_0.1,1,cells,post_footprint_on,post,footprint,on,5,50,24,1.0,12,12,0.0,2.0,4,2,3456,7.689244702440898,1.0,1.0,1.1691321692996375,1.0,0.017860099176007074,0.14494953062779112,0,0.583
dirichlet_0.1,1,cells,post_mass_off,post,mass,off,5,50,50,1.0,12,12,0.0,2.0,4,2,7200,7.667627157260686,1.0,1.0,1.0570014869025186,1.0,0.01797850703791394,0.12667664575812523,0,0.508
dirichlet_0.1,1,cells,post_mass_on,post,mass,on,5,50,25,1.0,12,12,0.0,2.0,4,2,3600,7.687668752096587,1.0,1.0,1.1688467876323887,1.0,0.017856629734735115,0.14493287583435913,0,0.237
dirichlet_0.1,1,cells,pre_none_off,pre,none,off,5,50,50,1.0,12,12,0.0,2.0,4,2,7200,8.0692223424736,1.0,1.0,1.1322428702374512,1.0,0.017389064961336066,0.13187898300921047,0,0.483
dirichlet_0.1,1,cells,pre_none_on,pre,none,on,5,50,31,1.0,12,12,0.0,2.0,4,2,4464,8.14862871254387,0.6897727272727273,0.42272727272727273,0.6061696200209868,0.6863636363636364,0.01712789482894906,0.38149397500779003,0,0.276
dirichlet_0.1,1,cells,pre_footprint_off,pre,footprint,off,5,50,50,1.0,12,12,0.0,2.0,4,2,7200,8.156401989498333,1.0,1.0,1.1608830367995728,1.0,0.017449830846154812,0.13418719558289335,0,1.15
dirichlet_0.1,1,cells,pre_footprint_on,pre,footprint,on,5,50,25,1.0,12,12,0.0,2.0,4,2,3600,8.143361964226235,1.0,1.0,1.1910931205206408,1.0,0.017417345248941576,0.14254812281514123,0,0.573
dirichlet_0.1,1,cells,pre_mass_off,pre,mass,off,5,50,50,1.0,12,12,0.0,2.0,4,2,7200,8.152401636322832,1.0,1.0,1.1595236388294985,1.0,0.017446506312458882,0.1340717771255495,0,0.492
dirichlet_0.1,1,cells,pre_mass_on,pre,mass,on,5,50,25,1.0,12,12,0.0,2.0,4,2,3600,8.140595542233156,1.0,1.0,1.190495360766473,1.0,0.01741100343962011,0.14250335593315125,0,0.265
dirichlet_0.1,1,cells,post_fpmask_off,post,fpmask,off,5,50,50,1.0,12,12,0.0,2.0,4,2,7200,7.659027958038261,1.0,1.0,1.0454168717332868,1.0,0.017821415473581587,0.125570956995238,0,1.26
dirichlet_0.1,1,cells,post_massmask_off,post,massmask,off,5,50,50,1.0,12,12,0.0,2.0,4,2,7200,7.659384530858203,1.0,1.0,1.0470082970405712,1.0,0.01784688300268694,0.1257244799819728,0,0.494
dirichlet_0.1,1,cells,pre_fpmask_off,pre,fpmask,off,5,50,50,1.0,12,12,0.0,2.0,4,2,7200,8.113921226003722,1.0,1.0,1.1393883753437277,1.0,0.01730653839298764,0.13242790708774793,0,1.015
dirichlet_0.1,1,cells,pre_massmask_off,pre,massmask,off,5,50,50,1.0,12,12,0.0,2.0,4,2,7200,8.113786536991439,1.0,1.0,1.1407961713859915,1.0,0.017328497154654687,0.13255110406774517,0,0.459
dirichlet_0.1,2,cells,post_none_off,post,none,off,5,50,50,1.0,12,12,0.0,2.0,4,2,7200,0.8453611398210766,0.8871212121212121,0.6409090909090909,6.660338025080302,0.7772727272727272,9.319909839981111,0.7040850383106695,0,0.52
dirichlet_0.1,2,cells,post_none_on,post,none,on,5,50,50,1.0,12,12,0.0,2.0,4,2,7200,1.827633898006028,0.5784090909090909,0.35454545454545455,0.5344592520748851,0.46060606060606063,2.278508990216929,0.4509999483278244,0,0.52
dirichlet_0.1,2,cells,post_footprint_off,post,footprint,off,5,50,50,1.0,12,12,0.0,2.0,4,2,7200,4.763597404892007,0.9988636363636365,0.990909090909091,2.99964515300121,0.9988636363636364,0.13219035908992544,0.2718122944626556,0,1.159
dirichlet_0.1,2,cells,post_footprint_on,post,footprint,on,5,50,42,1.0,12,12,0.0,2.0,4,2,6048,1.2841473110614408,0.8242424242424242,0.5227272727272727,2.2001013218551537,0.6799242424242424,2.4789110304770623,0.29767251668838013,0,0.977
dirichlet_0.1,2,cells,post_mass_off,post,mass,off,5,50,50,1.0,12,12,0.0,2.0,4,2,7200,5.930962112711757,1.0,1.0,1.5469013891914123,1.0,0.043975656332439425,0.17607638167550835,0,0.495
dirichlet_0.1,2,cells,post_mass_on,post,mass,on,5,50,50,1.0,12,12,0.0,2.0,4,2,7200,1.128007116503662,0.793560606060606,0.5363636363636364,1.676451708945187,0.6609848484848485,3.212456803026263,0.30696415647528014,0,0.462
dirichlet_0.1,2,cells,pre_none_off,pre,none,off,5,50,50,1.0,12,12,0.0,2.0,4,2,7200,1.1683173276512473,0.8053030303030305,0.509090909090909,4.149460651520929,0.6685606060606061,3.03997501923955,0.3680126902199309,0,0.436
dirichlet_0.1,2,cells,pre_none_on,pre,none,on,5,50,43,1.0,12,12,0.0,2.0,4,2,6192,1.1630797560130124,0.568939393939394,0.41818181818181815,0.5249568221993594,0.4712121212121212,3.0920169910728634,0.45539956791763686,0,0.381
dirichlet_0.1,2,cells,pre_footprint_off,pre,footprint,off,5,50,50,1.0,12,12,0.0,2.0,4,2,7200,1.1761462364747357,0.806439393939394,0.509090909090909,4.264214307962672,0.6609848484848485,3.082594339527122,0.35450266753587695,0,1.049
dirichlet_0.1,2,cells,pre_footprint_on,pre,footprint,on,5,50,28,1.0,12,12,0.0,2.0,4,2,4032,1.119773044544666,0.8170454545454545,0.5272727272727272,2.2403971638972497,0.6628787878787878,3.433415390669378,0.2915336544374372,0,0.666
dirichlet_0.1,2,cells,pre_mass_off,pre,mass,off,5,50,50,1.0,12,12,0.0,2.0,4,2,7200,1.1815032126526601,0.8083333333333332,0.509090909090909,4.250357381610147,0.6617424242424242,3.0447780108036877,0.3581743834243338,0,0.469
dirichlet_0.1,2,cells,pre_mass_on,pre,mass,on,5,50,35,1.0,12,12,0.0,2.0,4,2,5040,1.114934398763892,0.8178030303030304,0.5272727272727272,1.8084559055509342,0.6632575757575757,3.4482262839135513,0.2829046219136569,0,0.372
dirichlet_0.1,2,cells,post_fpmask_off,post,fpmask,off,5,50,50,1.0,12,12,0.0,2.0,4,2,7200,0.5686672861015291,0.9280303030303029,0.8227272727272728,7.404353122639312,0.7787878787878788,22.896580762159786,0.6866318918195291,0,1.238
dirichlet_0.1,2,cells,post_massmask_off,post,massmask,off,5,50,50,1.0,12,12,0.0,2.0,4,2,7200,6.47774298954895,1.0,1.0,1.3346796141343793,1.0,0.03180750478272119,0.15522107434512897,0,0.489
dirichlet_0.1,2,cells,pre_fpmask_off,pre,fpmask,off,5,50,50,1.0,12,12,0.0,2.0,4,2,7200,1.176716851555273,0.8056818181818182,0.509090909090909,4.207042750117588,0.6590909090909091,3.038316269883681,0.36576559784477564,0,1.145
dirichlet_0.1,2,cells,pre_massmask_off,pre,massmask,off,5,50,50,1.0,12,12,0.0,2.0,4,2,7200,1.1621817469810798,0.796969696969697,0.509090909090909,4.161068312932144,0.6587121212121212,3.08075204420062,0.36696140400974464,0,0.551
dirichlet_0.1,3,cells,post_none_off,post,none,off,5,50,50,1.0,12,12,0.0,2.0,4,2,7200,1.5481454106848045,0.9166666666666666,0.6045454545454545,6.724906802219671,0.8602272727272727,2.8058391497958257,0.6842240709748462,0,0.454
dirichlet_0.1,3,cells,post_none_on,post,none,on,5,50,50,1.0,12,12,0.0,2.0,4,2,7200,1.2210106444733742,0.559090909090909,0.3409090909090909,0.4902653229794482,0.4810606060606061,6.53115714880271,0.5010935517300733,0,0.475
dirichlet_0.1,3,cells,post_footprint_off,post,footprint,off,5,50,50,1.0,12,12,0.0,2.0,4,2,7200,7.724055244520456,1.0,1.0,1.2668311717005722,1.0,0.021233813496139883,0.14975608706391863,0,1.184
dirichlet_0.1,3,cells,post_footprint_on,post,footprint,on,5,50,26,1.0,12,12,0.0,2.0,4,2,3744,7.69291138997118,1.0,1.0,1.2688790319458043,1.0,0.01799281030733673,0.15667870043273907,0,0.7
dirichlet_0.1,3,cells,post_mass_off,post,mass,off,5,50,50,1.0,12,12,0.0,2.0,4,2,7200,7.717477902378327,1.0,1.0,1.2694764928893785,1.0,0.021314437414558844,0.15007526365461363,0,0.482
dirichlet_0.1,3,cells,post_mass_on,post,mass,on,5,50,26,1.0,12,12,0.0,2.0,4,2,3744,7.693155905357156,1.0,1.0,1.268917337612499,1.0,0.01799294476169295,0.15669715915083085,0,0.247
dirichlet_0.1,3,cells,pre_none_off,pre,none,off,5,50,50,1.0,12,12,0.0,2.0,4,2,7200,8.404212103812155,1.0,1.0,1.2806567514700298,1.0,0.01813170875051193,0.14231183033135386,0,0.44
dirichlet_0.1,3,cells,pre_none_on,pre,none,on,5,50,32,1.0,12,12,0.0,2.0,4,2,4608,7.3196701727496105,0.6121212121212122,0.34545454545454546,0.5239510537884792,0.5723484848484849,0.027869101097510406,0.4442152641224792,0,0.281
dirichlet_0.1,3,cells,pre_footprint_off,pre,footprint,off,5,50,50,1.0,12,12,0.0,2.0,4,2,7200,8.497565991972326,1.0,1.0,1.3084221986551274,1.0,0.018120025802151215,0.14426170144552436,0,1.005
dirichlet_0.1,3,cells,pre_footprint_on,pre,footprint,on,5,50,42,1.0,12,12,0.0,2.0,4,2,6048,1.245005442400304,0.8734848484848484,0.5318181818181819,3.010312386503626,0.7321969696969697,2.9997285755545824,0.27060587869406627,0,0.863
dirichlet_0.1,3,cells,pre_mass_off,pre,mass,off,5,50,50,1.0,12,12,0.0,2.0,4,2,7200,8.497678338766558,1.0,1.0,1.308746576081513,1.0,0.018124038786450938,0.14428725357718367,0,0.484
dirichlet_0.1,3,cells,pre_mass_on,pre,mass,on,5,50,24,1.0,12,12,0.0,2.0,4,2,3456,8.493359199740091,1.0,1.0,1.3176024088835914,1.0,0.018093415262702358,0.15207906257033826,0,0.257
dirichlet_0.1,3,cells,post_fpmask_off,post,fpmask,off,5,50,50,1.0,12,12,0.0,2.0,4,2,7200,0.8721616159146421,0.9295454545454547,0.5136363636363637,4.232492032495317,0.8181818181818182,5.564193320606521,0.3910172829120339,0,1.19
dirichlet_0.1,3,cells,post_massmask_off,post,massmask,off,5,50,50,1.0,12,12,0.0,2.0,4,2,7200,0.5837784951304916,0.9348484848484847,0.5363636363636364,4.4816280857972,0.8484848484848485,13.150420127092604,0.4645565448382914,0,0.485
dirichlet_0.1,3,cells,pre_fpmask_off,pre,fpmask,off,5,50,50,1.0,12,12,0.0,2.0,4,2,7200,8.428771995378874,1.0,1.0,1.2887022469730578,1.0,0.018139444107204753,0.14288602321017566,0,1.134
dirichlet_0.1,3,cells,pre_massmask_off,pre,massmask,off,5,50,50,1.0,12,12,0.0,2.0,4,2,7200,8.430302885982787,1.0,1.0,1.2890233266573703,1.0,0.018137374479257055,0.14291388698256996,0,0.532
dirichlet_0.1,4,cells,post_none_off,post,none,off,5,50,50,1.0,12,12,0.0,2.0,4,2,7200,0.6930853607650299,0.8890151515151515,0.6636363636363637,4.551662118805289,0.8537878787878788,9.475378433996001,0.51656673525026,0,0.503
dirichlet_0.1,4,cells,post_none_on,post,none,on,5,50,50,1.0,12,12,0.0,2.0,4,2,7200,2.575868331087914,0.6090909090909091,0.39545454545454545,0.5752157459799498,0.5969696969696969,0.728951136411237,0.4014085770892445,0,0.493
dirichlet_0.1,4,cells,post_footprint_off,post,footprint,off,5,50,50,1.0,12,12,0.0,2.0,4,2,7200,1.0853418638886918,0.7761363636363635,0.5363636363636364,1.5089987171927033,0.7625,1.2810195586972648,0.27779208435840913,0,1.035
dirichlet_0.1,4,cells,post_footprint_on,post,footprint,on,5,50,50,1.0,12,12,0.0,2.0,4,2,7200,3.579876855310411,0.9662878787878788,0.9,1.750834616617064,0.9640151515151515,0.13169315280880725,0.2590862315487531,0,1.022
dirichlet_0.1,4,cells,post_mass_off,post,mass,off,5,50,50,1.0,12,12,0.0,2.0,4,2,7200,1.0868302950278015,0.7757575757575758,0.5318181818181819,1.5068867068507235,0.7628787878787879,1.2757251877690408,0.2775679030186495,0,0.468
dirichlet_0.1,4,cells,post_mass_on,post,mass,on,5,50,50,1.0,12,12,0.0,2.0,4,2,7200,0.8125121570893649,0.7852272727272727,0.5272727272727272,1.4947153658773353,0.7651515151515151,2.227544715311253,0.2824939152967492,0,0.509
dirichlet_0.1,4,cells,pre_none_off,pre,none,off,5,50,50,1.0,12,12,0.0,2.0,4,2,7200,7.764319195035167,1.0,1.0,1.238807350896155,1.0,0.020549299004652175,0.14127083731837445,0,0.492
dirichlet_0.1,4,cells,pre_none_on,pre,none,on,5,50,30,1.0,12,12,0.0,2.0,4,2,4320,7.716509203583297,0.6571969696969697,0.44545454545454544,0.5956821054981826,0.6522727272727272,0.02000815605318235,0.3951870358285063,0,0.298
dirichlet_0.1,4,cells,pre_footprint_off,pre,footprint,off,5,50,50,1.0,12,12,0.0,2.0,4,2,7200,1.0863600590608604,0.881060606060606,0.5045454545454545,1.7470045953554794,0.8731060606060606,1.4802888479351985,0.2073549298827744,0,1.205
dirichlet_0.1,4,cells,pre_footprint_on,pre,footprint,on,5,50,43,1.0,12,12,0.0,2.0,4,2,6192,1.06493088521667,0.8928030303030301,0.5227272727272727,1.7811285856407866,0.878030303030303,1.5478932567583485,0.2167557600275948,0,0.967
dirichlet_0.1,4,cells,pre_mass_off,pre,mass,off,5,50,50,1.0,12,12,0.0,2.0,4,2,7200,1.086196699593715,0.8803030303030303,0.5045454545454545,1.7475700586508751,0.8738636363636364,1.4812134179573948,0.2072469173385027,0,0.47
dirichlet_0.1,4,cells,pre_mass_on,pre,mass,on,5,50,33,1.0,12,12,0.0,2.0,4,2,4752,1.066930855451793,0.8924242424242422,0.5272727272727272,1.7824184873479856,0.8776515151515152,1.5423108325052484,0.21660619335670914,0,0.335
dirichlet_0.1,4,cells,post_fpmask_off,post,fpmask,off,5,50,50,1.0,12,12,0.0,2.0,4,2,7200,6.83498120805244,1.0,1.0,1.263951078328313,1.0,0.027055503157489846,0.15717781209888376,0,1.2
dirichlet_0.1,4,cells,post_massmask_off,post,massmask,off,5,50,50,1.0,12,12,0.0,2.0,4,2,7200,6.841454737445182,1.0,1.0,1.2654009039889744,1.0,0.02703530193938604,0.15737432619752642,0,0.493
dirichlet_0.1,4,cells,pre_fpmask_off,pre,fpmask,off,5,50,50,1.0,12,12,0.0,2.0,4,2,7200,7.884470796135966,1.0,1.0,1.2428193254445852,1.0,0.019992306439586608,0.140594178340034,0,1.196
dirichlet_0.1,4,cells,pre_massmask_off,pre,massmask,off,5,50,50,1.0,12,12,0.0,2.0,4,2,7200,7.884470796136219,1.0,1.0,1.2428193254446072,1.0,0.01999230643958569,0.14059417834003593,0,0.536
dirichlet_0.1,5,cells,post_none_off,post,none,off,5,50,50,1.0,12,12,0.0,2.0,4,2,7200,0.9536978608982448,0.9250000000000002,0.740909090909091,8.24815815685399,0.731439393939394,9.068498026078368,0.8704747728135954,0,0.525
dirichlet_0.1,5,cells,post_none_on,post,none,on,5,50,50,1.0,12,12,0.0,2.0,4,2,7200,1.173278782374074,0.5306818181818181,0.38636363636363635,0.43617970153266805,0.465530303030303,5.082456610418847,0.50820721447182,0,0.508
dirichlet_0.1,5,cells,post_footprint_off,post,footprint,off,5,50,50,1.0,12,12,0.0,2.0,4,2,7200,6.342728892530833,1.0,1.0,1.9437940014805704,1.0,0.04831677515338927,0.21214713263614135,0,1.008
dirichlet_0.1,5,cells,post_footprint_on,post,footprint,on,5,50,36,1.0,12,12,0.0,2.0,4,2,5184,7.148189757736108,1.0,1.0,1.2717696026852825,1.0,0.021957338013102665,0.16090540492739938,0,0.778
dirichlet_0.1,5,cells,post_mass_off,post,mass,off,5,50,50,1.0,12,12,0.0,2.0,4,2,7200,6.343519221836953,1.0,1.0,1.9398633719322,1.0,0.04820705739033662,0.21186264626334608,0,0.484
dirichlet_0.1,5,cells,post_mass_on,post,mass,on,5,50,36,1.0,12,12,0.0,2.0,4,2,5184,7.148696930717014,1.0,1.0,1.2717835598798777,1.0,0.02195319479140029,0.16090484458999227,0,0.335
dirichlet_0.1,5,cells,pre_none_off,pre,none,off,5,50,50,1.0,12,12,0.0,2.0,4,2,7200,7.949089437965468,1.0,1.0,1.2961305565104944,1.0,0.02051228218850812,0.14175115240346614,0,0.458
dirichlet_0.1,5,cells,pre_none_on,pre,none,on,5,50,47,1.0,12,12,0.0,2.0,4,2,6768,7.489553402731321,0.5901515151515152,0.4590909090909091,0.46673531079963587,0.5829545454545455,0.02217823875112425,0.4593907324151152,0,0.45
dirichlet_0.1,5,cells,pre_footprint_off,pre,footprint,off,5,50,50,1.0,12,12,0.0,2.0,4,2,7200,7.995836658320742,1.0,1.0,1.3262479755041572,1.0,0.02074421030784719,0.14380904543872894,0,1.191
dirichlet_0.1,5,cells,pre_footprint_on,pre,footprint,on,5,50,34,1.0,12,12,0.0,2.0,4,2,4896,8.078256463239358,1.0,1.0,1.3268421853369374,1.0,0.019953146571623052,0.15056858686106003,0,0.789
dirichlet_0.1,5,cells,pre_mass_off,pre,mass,off,5,50,50,1.0,12,12,0.0,2.0,4,2,7200,7.995925948242968,1.0,1.0,1.3262968175724794,1.0,0.02074451094746245,0.14381309149948796,0,0.472
dirichlet_0.1,5,cells,pre_mass_on,pre,mass,on,5,50,40,1.0,12,12,0.0,2.0,4,2,5760,8.078383802156173,1.0,1.0,1.3268350672493805,1.0,0.01995183309727212,0.1505656236662933,0,0.403
dirichlet_0.1,5,cells,post_fpmask_off,post,fpmask,off,5,50,50,1.0,12,12,0.0,2.0,4,2,7200,1.0377246235345274,0.8268939393939393,0.5636363636363636,4.7199892420480785,0.803409090909091,4.383053430541867,0.4696499977889522,0,1.338
dirichlet_0.1,5,cells,post_massmask_off,post,massmask,off,5,50,50,1.0,12,12,0.0,2.0,4,2,7200,1.0377246235345305,0.8268939393939393,0.5636363636363636,4.719989242048087,0.803409090909091,4.38305343054185,0.4696499977889541,0,0.505
dirichlet_0.1,5,cells,pre_fpmask_off,pre,fpmask,off,5,50,50,1.0,12,12,0.0,2.0,4,2,7200,7.983982604708429,1.0,1.0,1.3055420425276125,1.0,0.02048102548244072,0.1422927534911644,0,1.247
dirichlet_0.1,5,cells,pre_massmask_off,pre,massmask,off,5,50,50,1.0,12,12,0.0,2.0,4,2,7200,7.990028336893941,1.0,1.0,1.3069352430028627,1.0,0.020471866003390887,0.14237881495469104,0,0.516
dirichlet_0.1,6,cells,post_none_off,post,none,off,5,50,50,1.0,12,12,0.0,2.0,4,2,7200,2.3924116762105623,0.8958333333333334,0.7681818181818182,6.909152512936127,0.8958333333333334,1.2071269688840451,0.7171596753755864,0,0.445
dirichlet_0.1,6,cells,post_none_on,post,none,on,5,50,50,1.0,12,12,0.0,2.0,4,2,7200,2.0606507702918573,0.6549242424242424,0.4,0.605463895893579,0.5007575757575757,1.904860280041769,0.38848532563134697,0,0.447
dirichlet_0.1,6,cells,post_footprint_off,post,footprint,off,5,50,50,1.0,12,12,0.0,2.0,4,2,7200,7.511462738353292,1.0,1.0,1.1174579139072613,1.0,0.01980533264721813,0.12944087557400535,0,1.164
dirichlet_0.1,6,cells,post_footprint_on,post,footprint,on,5,50,35,1.0,12,12,0.0,2.0,4,2,5040,7.5543102490031195,1.0,1.0,1.2247908263766802,1.0,0.018185615493106218,0.1482798237141021,0,0.801
dirichlet_0.1,6,cells,post_mass_off,post,mass,off,5,50,50,1.0,12,12,0.0,2.0,4,2,7200,7.511647088156172,1.0,1.0,1.1161307733896197,1.0,0.019780840039294714,0.12930336016742522,0,0.507
dirichlet_0.1,6,cells,post_mass_on,post,mass,on,5,50,39,1.0,12,12,0.0,2.0,4,2,5616,7.553772798390227,1.0,1.0,1.2248054716115155,1.0,0.01818804722122388,0.1482894163433469,0,0.425
dirichlet_0.1,6,cells,pre_none_off,pre,none,off,5,50,50,1.0,12,12,0.0,2.0,4,2,7200,8.125711401492568,1.0,1.0,1.2067747378329772,1.0,0.0182769373489213,0.1352981380296961,0,0.469
dirichlet_0.1,6,cells,pre_none_on,pre,none,on,5,50,29,1.0,12,12,0.0,2.0,4,2,4176,8.034340904560487,0.7071969696969697,0.37272727272727274,0.6312729195222949,0.7034090909090909,0.017650909691483373,0.3575161355861937,0,0.275
dirichlet_0.1,6,cells,pre_footprint_off,pre,footprint,off,5,50,50,1.0,12,12,0.0,2.0,4,2,7200,8.192161825778186,1.0,1.0,1.2421758151320343,1.0,0.01850913078185503,0.13761621657777162,0,1.203
dirichlet_0.1,6,cells,pre_footprint_on,pre,footprint,on,5,50,24,1.0,12,12,0.0,2.0,4,2,3456,8.192244196425216,1.0,1.0,1.2696387590394596,1.0,0.018501304426232195,0.14569222182461794,0,0.661
dirichlet_0.1,6,cells,pre_mass_off,pre,mass,off,5,50,50,1.0,12,12,0.0,2.0,4,2,7200,8.191276934937585,1.0,1.0,1.2422853532174554,1.0,0.018514762555624942,0.13761581836439984,0,0.497
dirichlet_0.1,6,cells,pre_mass_on,pre,mass,on,5,50,24,1.0,12,12,0.0,2.0,4,2,3456,8.19131916727663,1.0,1.0,1.2697354654029778,1.0,0.018507500881777616,0.14568538190941152,0,0.261
dirichlet_0.1,6,cells,post_fpmask_off,post,fpmask,off,5,50,50,1.0,12,12,0.0,2.0,4,2,7200,7.504271077994841,1.0,1.0,1.0747717536345103,1.0,0.01908530991591362,0.12500746690895395,0,1.192
dirichlet_0.1,6,cells,post_massmask_off,post,massmask,off,5,50,50,1.0,12,12,0.0,2.0,4,2,7200,7.506006798797875,1.0,1.0,1.0737095109142079,1.0,0.019057630098494687,0.12495752854327093,0,0.491
dirichlet_0.1,6,cells,pre_fpmask_off,pre,fpmask,off,5,50,50,1.0,12,12,0.0,2.0,4,2,7200,8.147306795106141,1.0,1.0,1.2123657646029262,1.0,0.018264404766590567,0.1356734105989351,0,1.208
dirichlet_0.1,6,cells,pre_massmask_off,pre,massmask,off,5,50,50,1.0,12,12,0.0,2.0,4,2,7200,8.147177963192302,1.0,1.0,1.212447615227062,1.0,0.018266215530244833,0.13567252767272253,0,0.545
dirichlet_0.1,7,cells,post_none_off,post,none,off,5,50,50,1.0,12,12,0.0,2.0,4,2,7200,1.0385891664513052,0.9068181818181817,0.5636363636363636,8.140342800227154,0.7712121212121212,7.54666579573785,0.775703732607603,0,0.424
dirichlet_0.1,7,cells,post_none_on,post,none,on,5,50,50,1.0,12,12,0.0,2.0,4,2,7200,1.727410015763974,0.6132575757575757,0.36818181818181817,0.5166354526827711,0.4965909090909091,2.8464975159322377,0.4530469240763486,0,0.448
dirichlet_0.1,7,cells,post_footprint_off,post,footprint,off,5,50,50,1.0,12,12,0.0,2.0,4,2,7200,7.454952206273094,1.0,1.0,1.1493073590114036,1.0,0.020679806007722217,0.13305265327513072,0,1.067
dirichlet_0.1,7,cells,post_footprint_on,post,footprint,on,5,50,32,1.0,12,12,0.0,2.0,4,2,4608,7.615690996197605,1.0,1.0,1.24336347005414,1.0,0.018618554925097897,0.15136834149229683,0,0.708
dirichlet_0.1,7,cells,post_mass_off,post,mass,off,5,50,50,1.0,12,12,0.0,2.0,4,2,7200,7.4509110789471,1.0,1.0,1.150071296862103,1.0,0.02071600483437635,0.13315256380878177,0,0.477
dirichlet_0.1,7,cells,post_mass_on,post,mass,on,5,50,32,1.0,12,12,0.0,2.0,4,2,4608,7.61543812337155,1.0,1.0,1.2432010473037172,1.0,0.018621682297443393,0.15135485597640574,0,0.314
dirichlet_0.1,7,cells,pre_none_off,pre,none,off,5,50,50,1.0,12,12,0.0,2.0,4,2,7200,8.113590131256421,1.0,1.0,1.223355807290999,1.0,0.018583463457054465,0.13601514252448701,0,0.464
dirichlet_0.1,7,cells,pre_none_on,pre,none,on,5,50,32,1.0,12,12,0.0,2.0,4,2,4608,8.130260000495106,0.6606060606060606,0.4590909090909091,0.5390950910836441,0.6606060606060606,0.018228084275749012,0.42080763586094777,0,0.292
dirichlet_0.1,7,cells,pre_footprint_off,pre,footprint,off,5,50,50,1.0,12,12,0.0,2.0,4,2,7200,8.222330648670445,1.0,1.0,1.2514186165463002,1.0,0.01851026928322779,0.13818842848968155,0,0.997
dirichlet_0.1,7,cells,pre_footprint_on,pre,footprint,on,5,50,30,1.0,12,12,0.0,2.0,4,2,4320,8.25035544620582,1.0,1.0,1.2802540049643618,1.0,0.018137271916646523,0.1476336358091876,0,0.611
dirichlet_0.1,7,cells,pre_mass_off,pre,mass,off,5,50,50,1.0,12,12,0.0,2.0,4,2,7200,8.224848095652497,1.0,1.0,1.2519433118125722,1.0,0.01850669607868995,0.138227900061587,0,0.5
dirichlet_0.1,7,cells,pre_mass_on,pre,mass,on,5,50,30,1.0,12,12,0.0,2.0,4,2,4320,8.251967965734766,1.0,1.0,1.2804934130464014,1.0,0.01813693433076862,0.14763998188528943,0,0.261
dirichlet_0.1,7,cells,post_fpmask_off,post,fpmask,off,5,50,50,1.0,12,12,0.0,2.0,4,2,7200,7.5262547006229195,1.0,1.0,1.1077082691337787,1.0,0.019555439224033983,0.1285491814846375,0,1.097
dirichlet_0.1,7,cells,post_massmask_off,post,massmask,off,5,50,50,1.0,12,12,0.0,2.0,4,2,7200,7.5262547006229195,1.0,1.0,1.1077082691337787,1.0,0.019555439224033983,0.1285491814846375,0,0.475
dirichlet_0.1,7,cells,pre_fpmask_off,pre,fpmask,off,5,50,50,1.0,12,12,0.0,2.0,4,2,7200,8.130246491014042,1.0,1.0,1.2276732899601095,1.0,0.018572714460651858,0.13633101630374952,0,1.1
dirichlet_0.1,7,cells,pre_massmask_off,pre,massmask,off,5,50,50,1.0,12,12,0.0,2.0,4,2,7200,8.130246491014042,1.0,1.0,1.2276732899601095,1.0,0.018572714460651858,0.13633101630374952,0,0.582
dirichlet_0.1,8,cells,post_none_off,post,none,off,5,50,50,1.0,12,12,0.0,2.0,4,2,7200,0.7652956232679846,0.8579545454545455,0.740909090909091,7.448983057836593,0.696969696969697,12.718577108133465,0.866635205359411,0,0.453
dirichlet_0.1,8,cells,post_none_on,post,none,on,5,50,50,1.0,12,12,0.0,2.0,4,2,7200,1.2361270055656335,0.49621212121212116,0.33636363636363636,0.4179790279270098,0.43636363636363634,4.72587487944619,0.5320249312941233,0,0.464
dirichlet_0.1,8,cells,post_footprint_off,post,footprint,off,5,50,50,1.0,12,12,0.0,2.0,4,2,7200,6.438661915248116,1.0,1.0,1.5617831817103025,1.0,0.037672938681723826,0.19146247715898856,0,1.107
dirichlet_0.1,8,cells,post_footprint_on,post,footprint,on,5,50,30,1.0,12,12,0.0,2.0,4,2,4320,7.339304350075155,1.0,1.0,1.308918750405744,1.0,0.020901984317897408,0.17460416413801821,0,0.676
dirichlet_0.1,8,cells,post_mass_off,post,mass,off,5,50,50,1.0,12,12,0.0,2.0,4,2,7200,6.460079047309058,1.0,1.0,1.5468420736984831,1.0,0.037065538315270694,0.18982827773750086,0,0.516
dirichlet_0.1,8,cells,post_mass_on,post,mass,on,5,50,29,1.0,12,12,0.0,2.0,4,2,4176,7.339547967985687,1.0,1.0,1.308957259362434,1.0,0.020913040643411228,0.17462171562690873,0,0.305
dirichlet_0.1,8,cells,pre_none_off,pre,none,off,5,50,50,1.0,12,12,0.0,2.0,4,2,7200,8.493547817329542,1.0,1.0,1.327415578007418,1.0,0.018400458200445346,0.151117889890847,0,0.463
dirichlet_0.1,8,cells,pre_none_on,pre,none,on,5,50,45,1.0,12,12,0.0,2.0,4,2,6480,8.372406233339479,0.5602272727272727,0.38181818181818183,0.4396216192697775,0.5587121212121212,0.018170869569709515,0.4946805078319024,0,0.441
dirichlet_0.1,8,cells,pre_footprint_off,pre,footprint,off,5,50,50,1.0,12,12,0.0,2.0,4,2,7200,8.541074286706204,1.0,1.0,1.3547386005239181,1.0,0.0185707954708926,0.15282355627853983,0,1.27
dirichlet_0.1,8,cells,pre_footprint_on,pre,footprint,on,5,50,33,1.0,12,12,0.0,2.0,4,2,4752,8.509528014780463,1.0,1.0,1.37002084087725,1.0,0.018384795804191414,0.1625607879757404,0,0.776
dirichlet_0.1,8,cells,pre_mass_off,pre,mass,off,5,50,50,1.0,12,12,0.0,2.0,4,2,7200,8.541117001520504,1.0,1.0,1.3552564797497504,1.0,0.018577708755496997,0.15285543107441849,0,0.509
dirichlet_0.1,8,cells,pre_mass_on,pre,mass,on,5,50,33,1.0,12,12,0.0,2.0,4,2,4752,8.50962309154478,1.0,1.0,1.3701692346442613,1.0,0.01838858881944427,0.1625486141554867,0,0.327
dirichlet_0.1,8,cells,post_fpmask_off,post,fpmask,off,5,50,50,1.0,12,12,0.0,2.0,4,2,7200,0.9868657650833076,0.7481060606060606,0.5772727272727273,4.908143627293832,0.7018939393939394,5.039658358840159,0.6045602525739902,0,1.268
dirichlet_0.1,8,cells,post_massmask_off,post,massmask,off,5,50,50,1.0,12,12,0.0,2.0,4,2,7200,0.9614440055113895,0.7405303030303031,0.5318181818181819,4.971345650255476,0.690530303030303,5.378064023785091,0.6163425166748788,0,0.488
dirichlet_0.1,8,cells,pre_fpmask_off,pre,fpmask,off,5,50,50,1.0,12,12,0.0,2.0,4,2,7200,8.522242802186595,1.0,1.0,1.3393121242214774,1.0,0.018440555256917027,0.15190594515888484,0,1.296
dirichlet_0.1,8,cells,pre_massmask_off,pre,massmask,off,5,50,50,1.0,12,12,0.0,2.0,4,2,7200,8.540992813998235,1.0,1.0,1.34453141224626,1.0,0.018431226668814114,0.1522456869663368,0,0.432
dirichlet_0.1,9,cells,post_none_off,post,none,off,5,50,50,1.0,12,12,0.0,2.0,4,2,7200,1.0322671836642707,0.7503787878787879,0.6090909090909091,5.000109468738778,0.7022727272727273,4.692402638969527,0.5977428749755865,0,0.447
dirichlet_0.1,9,cells,post_none_on,post,none,on,5,50,45,1.0,12,12,0.0,2.0,4,2,6480,0.845789418376761,0.556060606060606,0.37272727272727274,0.5608474449967442,0.42954545454545456,8.846546377292723,0.4630151940179819,0,0.447
dirichlet_0.1,9,cells,post_footprint_off,post,footprint,off,5,50,50,1.0,12,12,0.0,2.0,4,2,7200,1.101403870964787,0.7306818181818183,0.5363636363636364,4.831211028823316,0.5950757575757576,3.982564434138564,0.4979887543468873,0,1.174
dirichlet_0.1,9,cells,post_footprint_on,post,footprint,on,5,50,42,1.0,12,12,0.0,2.0,4,2,6048,0.6440167199597707,0.7113636363636364,0.5227272727272727,2.2631126500511725,0.5613636363636364,11.58822432634297,0.3683346620172535,0,0.973
dirichlet_0.1,9,cells,post_mass_off,post,mass,off,5,50,50,1.0,12,12,0.0,2.0,4,2,7200,1.1077055067298043,0.7238636363636363,0.5227272727272727,4.927714191834491,0.5837121212121212,4.016029379873321,0.5090651755303894,0,0.504
dirichlet_0.1,9,cells,post_mass_on,post,mass,on,5,50,50,1.0,12,12,0.0,2.0,4,2,7200,0.9129452660086761,0.7246212121212121,0.5227272727272727,2.151229296481025,0.546969696969697,5.8410116988426966,0.36038702301780406,0,0.471
dirichlet_0.1,9,cells,pre_none_off,pre,none,off,5,50,50,1.0,12,12,0.0,2.0,4,2,7200,1.1273067554327807,0.6818181818181818,0.5227272727272727,4.509902016987314,0.5602272727272727,3.54881113659603,0.45248472544964946,0,0.465
dirichlet_0.1,9,cells,pre_none_on,pre,none,on,5,50,50,1.0,12,12,0.0,2.0,4,2,7200,1.1075324255768118,0.5598484848484848,0.42272727272727273,0.5641763938818654,0.44772727272727275,3.585104406037464,0.43392763469186,0,0.476
dirichlet_0.1,9,cells,pre_footprint_off,pre,footprint,off,5,50,50,1.0,12,12,0.0,2.0,4,2,7200,1.1272815361779218,0.6693181818181819,0.5272727272727272,4.770524465965138,0.5518939393939394,3.754061128234567,0.4425258120439529,0,1.225
dirichlet_0.1,9,cells,pre_footprint_on,pre,footprint,on,5,50,34,1.0,12,12,0.0,2.0,4,2,4896,0.505955025759973,0.6943181818181818,0.509090909090909,4.545647655438163,0.5765151515151515,19.354931979628546,0.4439389709108549,0,0.775
dirichlet_0.1,9,cells,pre_mass_off,pre,mass,off,5,50,50,1.0,12,12,0.0,2.0,4,2,7200,1.1295983427432315,0.6784090909090911,0.5272727272727272,4.62407891950076,0.5579545454545455,3.6239078397161535,0.4455001700064048,0,0.519
dirichlet_0.1,9,cells,pre_mass_on,pre,mass,on,5,50,35,1.0,12,12,0.0,2.0,4,2,5040,0.4627228229998409,0.703409090909091,0.5136363636363637,2.817055273496755,0.5553030303030303,22.101103583122054,0.39776726015230957,0,0.372
dirichlet_0.1,9,cells,post_fpmask_off,post,fpmask,off,5,50,50,1.0,12,12,0.0,2.0,4,2,7200,1.4359445206448103,0.7609848484848484,0.6,2.688749077781891,0.7609848484848485,1.3039920777564777,0.3761572519986206,0,1.19
dirichlet_0.1,9,cells,post_massmask_off,post,massmask,off,5,50,50,1.0,12,12,0.0,2.0,4,2,7200,1.520349741118033,0.7071969696969697,0.5181818181818182,4.766610799135324,0.6306818181818182,2.062161543427744,0.5578259629683641,0,0.608
dirichlet_0.1,9,cells,pre_fpmask_off,pre,fpmask,off,5,50,50,1.0,12,12,0.0,2.0,4,2,7200,1.1298485669924094,0.6810606060606061,0.5272727272727272,4.5491710282783036,0.5674242424242424,3.563623271976538,0.45284860627870566,0,1.107
dirichlet_0.1,9,cells,pre_massmask_off,pre,massmask,off,5,50,50,1.0,12,12,0.0,2.0,4,2,7200,1.1264335842549444,0.6825757575757576,0.5227272727272727,4.509481767180055,0.5609848484848485,3.553983888304685,0.4522767114256433,0,0.46
overlap_noise,0,cells,post_none_off,post,none,off,5,50,50,1.0,12,12,0.0,2.0,4,2,7200,2.909822037333844,0.7503787878787879,0.6045454545454545,2.7611829941554573,0.709469696969697,0.3261086605611057,0.584395268486981,0,0.511
overlap_noise,0,cells,post_none_on,post,none,on,5,50,50,1.0,12,12,0.0,2.0,4,2,7200,2.9743515122707027,0.5886363636363637,0.3409090909090909,1.8350697182845603,0.5621212121212121,0.32977979981372213,0.5289943493985974,0,0.517
overlap_noise,0,cells,post_footprint_off,post,footprint,off,5,50,50,1.0,12,12,0.0,2.0,4,2,7200,5.062640367457942,0.897348484848485,0.8681818181818182,2.3442180200588507,0.8973484848484848,0.09146266355565845,0.45775329110692453,0,1.255
overlap_noise,0,cells,post_footprint_on,post,footprint,on,5,50,22,1.0,12,12,0.0,2.0,4,2,3168,5.078033503944573,0.8875000000000001,0.8363636363636363,2.356891258913848,0.8875,0.09101728217786592,0.46856751471025704,0,0.552
overlap_noise,0,cells,post_mass_off,post,mass,off,5,50,50,1.0,12,12,0.0,2.0,4,2,7200,5.008224259641808,0.8962121212121211,0.8681818181818182,2.3406472382970898,0.8962121212121212,0.09331864634397034,0.45846833002368187,0,0.518
overlap_noise,0,cells,post_mass_on,post,mass,on,5,50,21,1.0,12,12,0.0,2.0,4,2,3024,5.024315152276531,0.8821969696969697,0.8045454545454546,2.348367326647931,0.8821969696969697,0.09283033970416352,0.47023368270488275,0,0.221
overlap_noise,0,cells,pre_none_off,pre,none,off,5,50,50,1.0,12,12,0.0,2.0,4,2,7200,2.3273597891491864,0.703030303030303,0.5590909090909091,2.753188788394137,0.6409090909090909,0.5082869262240414,0.5641124341499125,0,0.483
overlap_noise,0,cells,pre_none_on,pre,none,on,5,50,50,1.0,12,12,0.0,2.0,4,2,7200,1.8265961978414451,0.5856060606060607,0.35909090909090907,1.8321080809686132,0.5306818181818181,0.8354853133571515,0.5267132754685256,0,0.566
overlap_noise,0,cells,pre_footprint_off,pre,footprint,off,5,50,50,1.0,12,12,0.0,2.0,4,2,7200,5.370352133499629,0.9,0.8727272727272727,2.3809653313805064,0.9,0.08255579144283821,0.4559666143125251,0,1.15
overlap_noise,0,cells,pre_footprint_on,pre,footprint,on,5,50,50,1.0,12,12,0.0,2.0,4,2,7200,1.778484572255724,0.6727272727272727,0.5181818181818182,2.417536846239453,0.5708333333333333,0.8805872094919446,0.5321141747100111,0,1.202
overlap_noise,0,cells,pre_mass_off,pre,mass,off,5,50,50,1.0,12,12,0.0,2.0,4,2,7200,5.356738985645404,0.8996212121212123,0.8727272727272727,2.3788133892499213,0.8996212121212122,0.08290093020810166,0.4559283044862706,0,0.522
overlap_noise,0,cells,pre_mass_on,pre,mass,on,5,50,50,1.0,12,12,0.0,2.0,4,2,7200,1.7692422936339163,0.6742424242424242,0.509090909090909,2.393391714251191,0.5700757575757576,0.8881533120022619,0.531923952284644,0,0.518
overlap_noise,0,cells,post_fpmask_off,post,fpmask,off,5,50,50,1.0,12,12,0.0,2.0,4,2,7200,2.769255441868015,0.7503787878787879,0.5818181818181818,2.7342921919190317,0.7261363636363637,0.3565487240803512,0.5789199640426174,0,1.162
overlap_noise,0,cells,post_massmask_off,post,massmask,off,5,50,50,1.0,12,12,0.0,2.0,4,2,7200,2.9627452935391507,0.7515151515151515,0.6090909090909091,2.754860029263056,0.7151515151515152,0.31384188531756235,0.5822196500575415,0,0.454
overlap_noise,0,cells,pre_fpmask_off,pre,fpmask,off,5,50,50,1.0,12,12,0.0,2.0,4,2,7200,2.230332154951675,0.6946969696969697,0.5590909090909091,2.765310862971488,0.6321969696969697,0.5559104887851237,0.5622101203381504,0,1.168
overlap_noise,0,cells,pre_massmask_off,pre,massmask,off,5,50,50,1.0,12,12,0.0,2.0,4,2,7200,2.341695510552757,0.702651515151515,0.5590909090909091,2.754726925548831,0.6386363636363637,0.5023630717610422,0.5636356122104099,0,0.509
overlap_noise,1,cells,post_none_off,post,none,off,5,50,50,1.0,12,12,0.0,2.0,4,2,7200,4.449544529407668,0.893560606060606,0.8636363636363636,2.5628351956374145,0.893560606060606,0.12944627716898968,0.5044179550243267,0,0.567
overlap_noise,1,cells,post_none_on,post,none,on,5,50,50,1.0,12,12,0.0,2.0,4,2,7200,4.052653855016781,0.6212121212121212,0.3409090909090909,1.8260119072705547,0.6208333333333333,0.1589971409409401,0.5165928146204546,0,0.47
overlap_noise,1,cells,post_footprint_off,post,footprint,off,5,50,50,1.0,12,12,0.0,2.0,4,2,7200,5.036099426816533,0.9068181818181816,0.8818181818181818,2.3867263393413487,0.9068181818181819,0.09410528936861948,0.4452643923030364,0,1.253
overlap_noise,1,cells,post_footprint_on,post,footprint,on,5,50,14,1.0,12,12,0.0,2.0,4,2,2016,5.042374285941915,0.8958333333333334,0.85,2.399170942074923,0.8958333333333334,0.0940439976564742,0.4597728784561404,0,0.325
overlap_noise,1,cells,post_mass_off,post,mass,off,5,50,50,1.0,12,12,0.0,2.0,4,2,7200,5.02591380181384,0.9068181818181816,0.8818181818181818,2.386037194240662,0.9068181818181819,0.09445982520786869,0.44537823487993433,0,0.51
overlap_noise,1,cells,post_mass_on,post,mass,on,5,50,14,1.0,12,12,0.0,2.0,4,2,2016,5.032504719826848,0.8950757575757575,0.85,2.3943779149029067,0.8950757575757575,0.09439875757238216,0.46060240406987696,0,0.153
overlap_noise,1,cells,pre_none_off,pre,none,off,5,50,50,1.0,12,12,0.0,2.0,4,2,7200,4.980934116170232,0.9037878787878788,0.8863636363636364,2.3877829145595473,0.9037878787878788,0.096243907227264,0.4497104047842322,0,0.498
overlap_noise,1,cells,pre_none_on,pre,none,on,5,50,43,1.0,12,12,0.0,2.0,4,2,6192,4.949238037319637,0.6200757575757575,0.35,1.828033217041648,0.6196969696969697,0.09981222879800321,0.5151085991068777,0,0.516
overlap_noise,1,cells,pre_footprint_off,pre,footprint,off,5,50,50,1.0,12,12,0.0,2.0,4,2,7200,5.160326133894557,0.9068181818181817,0.8818181818181818,2.4242444981161606,0.9068181818181819,0.09103787640801783,0.44531259659381056,0,1.112
overlap_noise,1,cells,pre_footprint_on,pre,footprint,on,5,50,15,1.0,12,12,0.0,2.0,4,2,2160,5.172933142920301,0.896969696969697,0.8590909090909091,2.4136140031048496,0.896969696969697,0.09087987759496641,0.45555537689392056,0,0.342
overlap_noise,1,cells,pre_mass_off,pre,mass,off,5,50,50,1.0,12,12,0.0,2.0,4,2,7200,5.1552950989156985,0.9068181818181817,0.8818181818181818,2.4246116899420596,0.9068181818181819,0.09122946633411372,0.44539739571719117,0,0.493
overlap_noise,1,cells,pre_mass_on,pre,mass,on,5,50,15,1.0,12,12,0.0,2.0,4,2,2160,5.169415558618787,0.896969696969697,0.8545454545454545,2.409248999784095,0.896969696969697,0.09104157942628407,0.456267046698894,0,0.146
overlap_noise,1,cells,post_fpmask_off,post,fpmask,off,5,50,50,1.0,12,12,0.0,2.0,4,2,7200,4.573821485748655,0.9071969696969696,0.8818181818181818,2.3824565410968255,0.9071969696969697,0.11388501065597768,0.4516237489244046,0,1.164
overlap_noise,1,cells,post_massmask_off,post,massmask,off,5,50,50,1.0,12,12,0.0,2.0,4,2,7200,4.46158401518133,0.8977272727272728,0.85,2.4981939731814524,0.8977272727272727,0.12550123666158522,0.48566050155073637,0,0.509
overlap_noise,1,cells,pre_fpmask_off,pre,fpmask,off,5,50,50,1.0,12,12,0.0,2.0,4,2,7200,4.952844144537093,0.9071969696969696,0.8818181818181818,2.390779899311425,0.9071969696969697,0.09746086735148743,0.4439955564665306,0,1.21
overlap_noise,1,cells,pre_massmask_off,pre,massmask,off,5,50,50,1.0,12,12,0.0,2.0,4,2,7200,4.930307327728737,0.9064393939393939,0.8818181818181818,2.382896904508047,0.906439393939394,0.0980296088808858,0.4454726441543606,0,0.5
overlap_noise,2,cells,post_none_off,post,none,off,5,50,50,1.0,12,12,0.0,2.0,4,2,7200,4.312585786849193,0.893560606060606,0.8681818181818182,2.367104464782119,0.893560606060606,0.1272746554746519,0.48163546114870187,0,0.503
overlap_noise,2,cells,post_none_on,post,none,on,5,50,50,1.0,12,12,0.0,2.0,4,2,7200,3.325448352495531,0.6356060606060606,0.4681818181818182,1.9131228768951105,0.5401515151515152,0.2943498756997966,0.5163430520154347,0,0.494
overlap_noise,2,cells,post_footprint_off,post,footprint,off,5,50,50,1.0,12,12,0.0,2.0,4,2,7200,5.013086589396467,0.9015151515151514,0.8863636363636364,2.286280064868364,0.9015151515151515,0.09097436174116859,0.4475921283426912,0,1.293
overlap_noise,2,cells,post_footprint_on,post,footprint,on,5,50,20,1.0,12,12,0.0,2.0,4,2,2880,5.02860569442413,0.8946969696969697,0.8772727272727273,2.286498265279962,0.8946969696969697,0.09043920013406757,0.4554243397641421,0,0.459
overlap_noise,2,cells,post_mass_off,post,mass,off,5,50,50,1.0,12,12,0.0,2.0,4,2,7200,4.999313721918798,0.9018939393939392,0.8863636363636364,2.2855198102404506,0.9018939393939394,0.09144589361181998,0.4477483879070648,0,0.45
overlap_noise,2,cells,post_mass_on,post,mass,on,5,50,21,1.0,12,12,0.0,2.0,4,2,3024,5.014720441966116,0.8946969696969697,0.8772727272727273,2.283393501600284,0.8946969696969697,0.09090984886226826,0.45605684836137117,0,0.2
overlap_noise,2,cells,pre_none_off,pre,none,off,5,50,50,1.0,12,12,0.0,2.0,4,2,7200,5.010739402129001,0.9011363636363635,0.8863636363636364,2.280219047992783,0.9011363636363636,0.09081820963031945,0.450167636439319,0,0.482
overlap_noise,2,cells,pre_none_on,pre,none,on,5,50,49,1.0,12,12,0.0,2.0,4,2,7056,4.7821575789672375,0.6378787878787878,0.4590909090909091,1.9160813483799075,0.5746212121212121,0.11142380675204987,0.5141014745067356,0,0.511
overlap_noise,2,cells,pre_footprint_off,pre,footprint,off,5,50,50,1.0,12,12,0.0,2.0,4,2,7200,5.254637142351352,0.9018939393939394,0.8863636363636364,2.3030259967410602,0.9018939393939394,0.0834090889827983,0.44630606537959394,0,1.296
overlap_noise,2,cells,pre_footprint_on,pre,footprint,on,5,50,19,1.0,12,12,0.0,2.0,4,2,2736,5.280526081797705,0.8954545454545455,0.8772727272727273,2.2969314327945254,0.8954545454545455,0.08272723247064015,0.452927447001575,0,0.457
overlap_noise,2,cells,pre_mass_off,pre,mass,off,5,50,50,1.0,12,12,0.0,2.0,4,2,7200,5.2490939803401435,0.9018939393939394,0.8863636363636364,2.302663489269632,0.9018939393939394,0.08357218903051326,0.4462803510946084,0,0.491
overlap_noise,2,cells,pre_mass_on,pre,mass,on,5,50,20,1.0,12,12,0.0,2.0,4,2,2880,5.277088395259455,0.8954545454545455,0.8772727272727273,2.2943370095359246,0.8954545454545455,0.08283300581414654,0.4534386068743224,0,0.19
overlap_noise,2,cells,post_fpmask_off,post,fpmask,off,5,50,50,1.0,12,12,0.0,2.0,4,2,7200,4.669466934896255,0.8962121212121211,0.8727272727272727,2.305111263345854,0.8962121212121212,0.10572003150846428,0.46222846155036956,0,1.22
overlap_noise,2,cells,post_massmask_off,post,massmask,off,5,50,50,1.0,12,12,0.0,2.0,4,2,7200,4.579516509266092,0.8909090909090911,0.8590909090909091,2.369455071053948,0.8909090909090909,0.11298199006835412,0.4797687617696941,0,0.524
overlap_noise,2,cells,pre_fpmask_off,pre,fpmask,off,5,50,50,1.0,12,12,0.0,2.0,4,2,7200,5.074434601714133,0.9034090909090908,0.8863636363636364,2.286515181069691,0.9034090909090909,0.08879709736451179,0.44821647863975916,0,1.154
overlap_noise,2,cells,pre_massmask_off,pre,massmask,off,5,50,50,1.0,12,12,0.0,2.0,4,2,7200,5.003172812019555,0.9011363636363635,0.8863636363636364,2.2813886933493923,0.9011363636363636,0.09113984319876113,0.4497033664683325,0,0.474
overlap_noise,3,cells,post_none_off,post,none,off,5,50,50,1.0,12,12,0.0,2.0,4,2,7200,3.3301372289656825,0.8734848484848485,0.8272727272727273,2.6889848211064353,0.8734848484848485,0.242473393142368,0.5383654605957996,0,0.515
overlap_noise,3,cells,post_none_on,post,none,on,5,50,39,1.0,12,12,0.0,2.0,4,2,5616,1.7706948334762425,0.6125,0.4318181818181818,1.8952796106423442,0.5537878787878788,1.0388237287059803,0.5253807937079058,0,0.385
overlap_noise,3,cells,post_footprint_off,post,footprint,off,5,50,50,1.0,12,12,0.0,2.0,4,2,7200,5.22095086030544,0.8977272727272728,0.8818181818181818,2.3919075917460235,0.8977272727272727,0.0877496081848339,0.4548246260826435,0,1.279
overlap_noise,3,cells,post_footprint_on,post,footprint,on,5,50,19,1.0,12,12,0.0,2.0,4,2,2736,5.218633652757896,0.8897727272727272,0.8636363636363636,2.3907166938692166,0.8897727272727273,0.0878699988439608,0.46587369766433595,0,0.429
overlap_noise,3,cells,post_mass_off,post,mass,off,5,50,50,1.0,12,12,0.0,2.0,4,2,7200,5.18011885359095,0.897348484848485,0.8818181818181818,2.3889953940099264,0.8973484848484848,0.08902989550603917,0.4550296525304985,0,0.47
overlap_noise,3,cells,post_mass_on,post,mass,on,5,50,19,1.0,12,12,0.0,2.0,4,2,2736,5.176962523084703,0.8886363636363637,0.8590909090909091,2.3844125339002566,0.8886363636363637,0.0891894782947817,0.46724565875422186,0,0.19
overlap_noise,3,cells,pre_none_off,pre,none,off,5,50,50,1.0,12,12,0.0,2.0,4,2,7200,5.0411243157132,0.8958333333333335,0.8772727272727273,2.3786088967092205,0.8958333333333334,0.09359835674258526,0.4569242896069363,0,0.489
overlap_noise,3,cells,pre_none_on,pre,none,on,5,50,50,1.0,12,12,0.0,2.0,4,2,7200,4.607271070843334,0.6208333333333332,0.43636363636363634,1.8978195638637259,0.5693181818181818,0.11833811892175064,0.5213418096421681,0,0.509
overlap_noise,3,cells,pre_footprint_off,pre,footprint,off,5,50,50,1.0,12,12,0.0,2.0,4,2,7200,5.390112785898348,0.8981060606060606,0.8818181818181818,2.4157106548451512,0.8981060606060606,0.08314750260374945,0.45467366172008566,0,1.196
overlap_noise,3,cells,pre_footprint_on,pre,footprint,on,5,50,19,1.0,12,12,0.0,2.0,4,2,2736,5.388593583928491,0.8924242424242426,0.8636363636363636,2.402669088515164,0.8924242424242425,0.08328011812452826,0.4632927182164575,0,0.426
overlap_noise,3,cells,pre_mass_off,pre,mass,off,5,50,50,1.0,12,12,0.0,2.0,4,2,7200,5.381257878624134,0.8981060606060606,0.8818181818181818,2.41432790407478,0.8981060606060606,0.08337361731763512,0.45466043682357193,0,0.458
overlap_noise,3,cells,pre_mass_on,pre,mass,on,5,50,20,1.0,12,12,0.0,2.0,4,2,2880,5.383817581515298,0.8905303030303031,0.8590909090909091,2.3978382372157205,0.890530303030303,0.08340800568092395,0.46428115122442887,0,0.188
overlap_noise,3,cells,post_fpmask_off,post,fpmask,off,5,50,50,1.0,12,12,0.0,2.0,4,2,7200,4.028982042140886,0.878030303030303,0.8409090909090909,2.522925406513083,0.878030303030303,0.15542244865083113,0.49728129844271224,0,1.117
overlap_noise,3,cells,post_massmask_off,post,massmask,off,5,50,50,1.0,12,12,0.0,2.0,4,2,7200,3.981437010727976,0.8768939393939394,0.8318181818181818,2.54151648102797,0.8768939393939394,0.16032942381098994,0.5027407264838435,0,0.469
overlap_noise,3,cells,pre_fpmask_off,pre,fpmask,off,5,50,50,1.0,12,12,0.0,2.0,4,2,7200,5.099399447727165,0.8977272727272728,0.8818181818181818,2.384594903833872,0.8977272727272727,0.09170152251633118,0.45592127644607305,0,1.212
overlap_noise,3,cells,pre_massmask_off,pre,massmask,off,5,50,50,1.0,12,12,0.0,2.0,4,2,7200,5.016734489773608,0.8958333333333335,0.8772727272727273,2.3827069681878057,0.8958333333333334,0.09467349317961142,0.457026712788218,0,0.447
overlap_noise,4,cells,post_none_off,post,none,off,5,50,50,1.0,12,12,0.0,2.0,4,2,7200,4.797502154630429,0.9056818181818181,0.8727272727272727,2.4793557115847453,0.9056818181818181,0.10772301057023334,0.46707283341292954,0,0.46
overlap_noise,4,cells,post_none_on,post,none,on,5,50,50,1.0,12,12,0.0,2.0,4,2,7200,2.8275040821715725,0.6124999999999999,0.36363636363636365,1.966373287975344,0.4791666666666667,0.4728243031210528,0.5169367091030704,0,0.424
overlap_noise,4,cells,post_footprint_off,post,footprint,off,5,50,50,1.0,12,12,0.0,2.0,4,2,7200,2.0261572876653267,0.6981060606060606,0.4818181818181818,3.2086259684608622,0.6162878787878788,0.7815788202997258,0.5562596866290654,0,1.045
overlap_noise,4,cells,post_footprint_on,post,footprint,on,5,50,50,1.0,12,12,0.0,2.0,4,2,7200,1.6297369348855553,0.7397727272727274,0.4727272727272727,2.809131935036609,0.5988636363636364,1.20058398813797,0.5355739474519616,0,1.159
overlap_noise,4,cells,post_mass_off,post,mass,off,5,50,50,1.0,12,12,0.0,2.0,4,2,7200,2.1720953901863793,0.684469696969697,0.4909090909090909,3.214543411899495,0.6128787878787879,0.6813362680991834,0.5644778648846074,0,0.489
overlap_noise,4,cells,post_mass_on,post,mass,on,5,50,48,1.0,12,12,0.0,2.0,4,2,6912,5.053447499143414,0.8984848484848486,0.8227272727272728,2.4290845099351626,0.8984848484848484,0.09509747818778369,0.45471063864881966,0,0.474
overlap_noise,4,cells,pre_none_off,pre,none,off,5,50,50,1.0,12,12,0.0,2.0,4,2,7200,4.923406222365319,0.9053030303030303,0.8727272727272727,2.4231806436997028,0.9053030303030303,0.09996649167790332,0.4464862388182759,0,0.469
overlap_noise,4,cells,pre_none_on,pre,none,on,5,50,50,1.0,12,12,0.0,2.0,4,2,7200,1.678175209132584,0.6246212121212121,0.39545454545454545,1.9778785580381308,0.48598484848484846,1.2098503906978968,0.5167766945093897,0,0.454
overlap_noise,4,cells,pre_footprint_off,pre,footprint,off,5,50,50,1.0,12,12,0.0,2.0,4,2,7200,2.015155731335702,0.7212121212121212,0.5272727272727272,3.204607342869307,0.6306818181818182,0.7891464284802995,0.5557624035613531,0,1.092
overlap_noise,4,cells,pre_footprint_on,pre,footprint,on,5,50,49,1.0,12,12,0.0,2.0,4,2,7056,4.559669124257871,0.8943181818181817,0.8409090909090909,2.456762776020778,0.8340909090909091,0.12568325191931437,0.46635767217949936,0,1.107
overlap_noise,4,cells,pre_mass_off,pre,mass,off,5,50,50,1.0,12,12,0.0,2.0,4,2,7200,1.9483204978558708,0.715530303030303,0.5181818181818182,3.216245895447372,0.6303030303030303,0.8472829080842545,0.5510695998699399,0,0.471
overlap_noise,4,cells,pre_mass_on,pre,mass,on,5,50,50,1.0,12,12,0.0,2.0,4,2,7200,1.6894982732054966,0.7518939393939394,0.5318181818181819,2.873509414192423,0.6337121212121212,1.1391635482528584,0.5434129845394182,0,0.466
overlap_noise,4,cells,post_fpmask_off,post,fpmask,off,5,50,50,1.0,12,12,0.0,2.0,4,2,7200,3.365308036713248,0.6231060606060607,0.4909090909090909,3.4178130831315614,0.5473484848484849,0.30178570384784487,0.6446348312173437,0,1.032
overlap_noise,4,cells,post_massmask_off,post,massmask,off,5,50,50,1.0,12,12,0.0,2.0,4,2,7200,4.585417856729808,0.9049242424242424,0.8681818181818182,2.4406034404985943,0.9049242424242424,0.11607518469534374,0.45396653974877904,0,0.43
overlap_noise,4,cells,pre_fpmask_off,pre,fpmask,off,5,50,50,1.0,12,12,0.0,2.0,4,2,7200,4.8690580456936425,0.9056818181818181,0.8727272727272727,2.4289938536911824,0.9056818181818181,0.10245579132465522,0.4460653838271637,0,1.037
overlap_noise,4,cells,pre_massmask_off,pre,massmask,off,5,50,50,1.0,12,12,0.0,2.0,4,2,7200,4.898421830922303,0.9056818181818181,0.8727272727272727,2.4283825128601655,0.9056818181818181,0.10120564402544435,0.4462582785260343,0,0.461
overlap_noise,5,cells,post_none_off,post,none,off,5,50,50,1.0,12,12,0.0,2.0,4,2,7200,3.89136544438487,0.8503787878787877,0.7954545454545454,2.6686382308319216,0.8503787878787878,0.17623236418797802,0.5509327773240983,0,0.462
overlap_noise,5,cells,post_none_on,post,none,on,5,50,49,1.0,12,12,0.0,2.0,4,2,7056,3.238065792859474,0.6367424242424241,0.38636363636363635,1.903288176901718,0.5215909090909091,0.28249136951137865,0.5165955933640546,0,0.44
overlap_noise,5,cells,post_footprint_off,post,footprint,off,5,50,50,1.0,12,12,0.0,2.0,4,2,7200,4.779059411302486,0.8981060606060606,0.8772727272727273,2.343634029828597,0.8981060606060606,0.10261360285316869,0.4578173253630457,0,1.163
overlap_noise,5,cells,post_footprint_on,post,footprint,on,5,50,17,1.0,12,12,0.0,2.0,4,2,2448,4.79474377705004,0.8897727272727273,0.8363636363636363,2.33116314868299,0.8897727272727273,0.10198709123055986,0.46531994668819976,0,0.411
overlap_noise,5,cells,post_mass_off,post,mass,off,5,50,50,1.0,12,12,0.0,2.0,4,2,7200,4.756684764471225,0.8977272727272726,0.8727272727272727,2.342646511898977,0.8977272727272727,0.10353758244261413,0.4581194155225711,0,0.514
overlap_noise,5,cells,post_mass_on,post,mass,on,5,50,18,1.0,12,12,0.0,2.0,4,2,2592,4.7731427093844925,0.887878787878788,0.8363636363636363,2.3269135099857317,0.8878787878787879,0.10287380435803024,0.46619279058463775,0,0.2
overlap_noise,5,cells,pre_none_off,pre,none,off,5,50,50,1.0,12,12,0.0,2.0,4,2,7200,4.665775819100483,0.8924242424242422,0.8636363636363636,2.341311668082342,0.8924242424242425,0.10755026714100954,0.46419971666821985,0,0.492
overlap_noise,5,cells,pre_none_on,pre,none,on,5,50,46,1.0,12,12,0.0,2.0,4,2,6624,2.3220045431256757,0.6352272727272728,0.38181818181818183,1.9044462772019004,0.5435606060606061,0.502514410483791,0.5151353674096824,0,0.464
overlap_noise,5,cells,pre_footprint_off,pre,footprint,off,5,50,50,1.0,12,12,0.0,2.0,4,2,7200,4.944362246892629,0.8981060606060605,0.8772727272727273,2.3635097074076308,0.8981060606060606,0.09668004124940319,0.455553782470019,0,1.197
overlap_noise,5,cells,pre_footprint_on,pre,footprint,on,5,50,17,1.0,12,12,0.0,2.0,4,2,2448,4.965457932291276,0.8939393939393941,0.8545454545454545,2.3442433506026266,0.8939393939393939,0.0960042237035805,0.46141789791988314,0,0.409
overlap_noise,5,cells,pre_mass_off,pre,mass,off,5,50,50,1.0,12,12,0.0,2.0,4,2,7200,4.939742271964129,0.8981060606060605,0.8772727272727273,2.362886369647996,0.8981060606060606,0.0968354234779443,0.4556206983206672,0,0.496
overlap_noise,5,cells,pre_mass_on,pre,mass,on,5,50,18,1.0,12,12,0.0,2.0,4,2,2592,4.964390272915632,0.8928030303030302,0.8545454545454545,2.3408198596577803,0.8928030303030303,0.09603837253856155,0.46212280304172715,0,0.181
overlap_noise,5,cells,post_fpmask_off,post,fpmask,off,5,50,50,1.0,12,12,0.0,2.0,4,2,7200,4.120695615378192,0.8856060606060606,0.8409090909090909,2.3698919599783825,0.8856060606060606,0.13956852105082548,0.4779160494125161,0,1.195
overlap_noise,5,cells,post_massmask_off,post,massmask,off,5,50,50,1.0,12,12,0.0,2.0,4,2,7200,4.054919190196205,0.874621212121212,0.8136363636363636,2.4037765626595515,0.8746212121212121,0.14619404717400633,0.4911315685822274,0,0.449
overlap_noise,5,cells,pre_fpmask_off,pre,fpmask,off,5,50,50,1.0,12,12,0.0,2.0,4,2,7200,4.659136871545215,0.8920454545454546,0.8636363636363636,2.3444976791927803,0.8920454545454546,0.10800375856728285,0.46097692573612425,0,1.11
overlap_noise,5,cells,pre_massmask_off,pre,massmask,off,5,50,50,1.0,12,12,0.0,2.0,4,2,7200,4.660906419364478,0.8924242424242425,0.8636363636363636,2.341327955911919,0.8924242424242425,0.10777585677631281,0.4617612254850015,0,0.476
overlap_noise,6,cells,post_none_off,post,none,off,5,50,50,1.0,12,12,0.0,2.0,4,2,7200,4.356143429826346,0.890909090909091,0.8636363636363636,2.688729226418722,0.8909090909090909,0.141691150370592,0.5243464349828603,0,0.428
overlap_noise,6,cells,post_none_on,post,none,on,5,50,38,1.0,12,12,0.0,2.0,4,2,5472,2.4813110767006825,0.6026515151515152,0.36818181818181817,1.7447500073192324,0.5359848484848485,0.5234208727180018,0.5256302198551243,0,0.354
overlap_noise,6,cells,post_footprint_off,post,footprint,off,5,50,50,1.0,12,12,0.0,2.0,4,2,7200,5.152205072633393,0.9083333333333332,0.8681818181818182,2.360442327757171,0.9083333333333333,0.08892156797716406,0.43587125984711406,0,1.25
overlap_noise,6,cells,post_footprint_on,post,footprint,on,5,50,23,1.0,12,12,0.0,2.0,4,2,3312,5.183943445366402,0.8988636363636364,0.8636363636363636,2.3670401549518143,0.8988636363636363,0.08783061038295994,0.44825363421926867,0,0.579
overlap_noise,6,cells,post_mass_off,post,mass,off,5,50,50,1.0,12,12,0.0,2.0,4,2,7200,5.147307761353049,0.9083333333333332,0.8681818181818182,2.360010172722991,0.9083333333333333,0.08907454309923903,0.4358443705158244,0,0.492
overlap_noise,6,cells,post_mass_on,post,mass,on,5,50,23,1.0,12,12,0.0,2.0,4,2,3312,5.1793013562293035,0.8984848484848484,0.8636363636363636,2.365587581268699,0.8984848484848484,0.08796912023406507,0.4485823797670152,0,0.22
overlap_noise,6,cells,pre_none_off,pre,none,off,5,50,50,1.0,12,12,0.0,2.0,4,2,7200,5.1464310801192035,0.9087121212121212,0.8681818181818182,2.3464071595256764,0.9087121212121212,0.08859129554346974,0.4372966120105349,0,0.472
overlap_noise,6,cells,pre_none_on,pre,none,on,5,50,42,1.0,12,12,0.0,2.0,4,2,6048,4.275830866641192,0.6113636363636363,0.4318181818181818,1.7447433837917001,0.5481060606060606,0.14155772182758694,0.5160637818940387,0,0.411
overlap_noise,6,cells,pre_footprint_off,pre,footprint,off,5,50,50,1.0,12,12,0.0,2.0,4,2,7200,5.2858521602982815,0.9083333333333333,0.8772727272727273,2.3836141597847345,0.9083333333333333,0.08531117670424752,0.43441981346743325,0,1.177
overlap_noise,6,cells,pre_footprint_on,pre,footprint,on,5,50,50,1.0,12,12,0.0,2.0,4,2,7200,5.328111890885246,0.9018939393939394,0.8636363636363636,2.3787060593627865,0.9018939393939394,0.08403191106720735,0.4443952077365566,0,1.157
overlap_noise,6,cells,pre_mass_off,pre,mass,off,5,50,50,1.0,12,12,0.0,2.0,4,2,7200,5.283705753876235,0.9083333333333333,0.8772727272727273,2.3834068121634173,0.9083333333333333,0.08537307577206023,0.4344045760983682,0,0.47
overlap_noise,6,cells,pre_mass_on,pre,mass,on,5,50,38,1.0,12,12,0.0,2.0,4,2,5472,5.326712663308846,0.9015151515151515,0.8636363636363636,2.377091642482745,0.9015151515151515,0.0840694087767947,0.44473905668267066,0,0.339
overlap_noise,6,cells,post_fpmask_off,post,fpmask,off,5,50,50,1.0,12,12,0.0,2.0,4,2,7200,4.871474864320674,0.9087121212121212,0.8681818181818182,2.351498668236129,0.9087121212121212,0.0990886257015977,0.4410375430182578,0,1.089
overlap_noise,6,cells,post_massmask_off,post,massmask,off,5,50,50,1.0,12,12,0.0,2.0,4,2,7200,4.098522557783802,0.8571969696969696,0.7772727272727272,2.693018615885082,0.8571969696969697,0.160318889558496,0.5206423181639473,0,0.44
overlap_noise,6,cells,pre_fpmask_off,pre,fpmask,off,5,50,50,1.0,12,12,0.0,2.0,4,2,7200,5.200275576203493,0.9087121212121212,0.8681818181818182,2.363183176092925,0.9087121212121212,0.08738656509670853,0.43440456367878844,0,1.161
overlap_noise,6,cells,pre_massmask_off,pre,massmask,off,5,50,50,1.0,12,12,0.0,2.0,4,2,7200,5.199531496443732,0.9083333333333333,0.8681818181818182,2.3602616661249454,0.9083333333333333,0.08730351434298934,0.4348655603540286,0,0.515
overlap_noise,7,cells,post_none_off,post,none,off,5,50,50,1.0,12,12,0.0,2.0,4,2,7200,3.904335526721059,0.8587121212121213,0.8181818181818182,2.8089247613009363,0.8587121212121213,0.18426626859318038,0.5549799870696079,0,0.505
overlap_noise,7,cells,post_none_on,post,none,on,5,50,45,1.0,12,12,0.0,2.0,4,2,6480,3.4861705807299055,0.625378787878788,0.39545454545454545,1.8590297685057777,0.618560606060606,0.24195747728249972,0.5076619996688556,0,0.475
overlap_noise,7,cells,post_footprint_off,post,footprint,off,5,50,50,1.0,12,12,0.0,2.0,4,2,7200,5.1976326086499105,0.9,0.8681818181818182,2.39856605703329,0.9,0.08878518964677644,0.45011480484182487,0,1.189
overlap_noise,7,cells,post_footprint_on,post,footprint,on,5,50,21,1.0,12,12,0.0,2.0,4,2,3024,5.185355534822772,0.8916666666666667,0.8545454545454545,2.3946857960162333,0.8916666666666667,0.08935464415158886,0.4611884565042526,0,0.528
overlap_noise,7,cells,post_mass_off,post,mass,off,5,50,50,1.0,12,12,0.0,2.0,4,2,7200,5.170150277650676,0.9003787878787879,0.8681818181818182,2.397384399492623,0.9003787878787879,0.08968738088193727,0.4505403372355684,0,0.488
overlap_noise,7,cells,post_mass_on,post,mass,on,5,50,23,1.0,12,12,0.0,2.0,4,2,3312,5.154045071047394,0.8905303030303032,0.8545454545454545,2.388678094593858,0.890530303030303,0.09042973693294855,0.4623693588705468,0,0.243
overlap_noise,7,cells,pre_none_off,pre,none,off,5,50,50,1.0,12,12,0.0,2.0,4,2,7200,5.133091091339196,0.8977272727272728,0.8681818181818182,2.3940484253971674,0.8977272727272727,0.09086047193916708,0.45244206387133823,0,0.457
overlap_noise,7,cells,pre_none_on,pre,none,on,5,50,50,1.0,12,12,0.0,2.0,4,2,7200,5.025301128626199,0.618560606060606,0.4090909090909091,1.8613499302726981,0.6128787878787879,0.09518481305756665,0.5061719780965273,0,0.477
overlap_noise,7,cells,pre_footprint_off,pre,footprint,off,5,50,50,1.0,12,12,0.0,2.0,4,2,7200,5.2983997498371425,0.9003787878787879,0.8681818181818182,2.4330337427069466,0.9003787878787879,0.0866679828970177,0.4499605261209181,0,1.232
overlap_noise,7,cells,pre_footprint_on,pre,footprint,on,5,50,50,1.0,12,12,0.0,2.0,4,2,7200,5.297276643664203,0.8954545454545454,0.8636363636363636,2.414918468094173,0.8954545454545455,0.0870067983072427,0.4574618214328234,0,1.142
overlap_noise,7,cells,pre_mass_off,pre,mass,off,5,50,50,1.0,12,12,0.0,2.0,4,2,7200,5.2925935547121625,0.9003787878787879,0.8681818181818182,2.431816005941658,0.9003787878787879,0.08681477128976398,0.44998454800015336,0,0.435
overlap_noise,7,cells,pre_mass_on,pre,mass,on,5,50,21,1.0,12,12,0.0,2.0,4,2,3024,5.296788418636702,0.893939393939394,0.8590909090909091,2.409570660322548,0.8939393939393939,0.08701353204421913,0.4582405155237467,0,0.19
overlap_noise,7,cells,post_fpmask_off,post,fpmask,off,5,50,50,1.0,12,12,0.0,2.0,4,2,7200,4.311751811139441,0.893939393939394,0.8590909090909091,2.432270203086472,0.8939393939393939,0.1308290869617003,0.469215316474412,0,1.046
overlap_noise,7,cells,post_massmask_off,post,massmask,off,5,50,50,1.0,12,12,0.0,2.0,4,2,7200,4.653574033744919,0.8632575757575758,0.8318181818181818,2.699465755007781,0.8632575757575758,0.12465352594626197,0.5234985270262861,0,0.448
overlap_noise,7,cells,pre_fpmask_off,pre,fpmask,off,5,50,50,1.0,12,12,0.0,2.0,4,2,7200,5.201385802441673,0.8984848484848484,0.8681818181818182,2.4072864726820846,0.8984848484848484,0.08897943415176657,0.450711631554659,0,1.193
overlap_noise,7,cells,pre_massmask_off,pre,massmask,off,5,50,50,1.0,12,12,0.0,2.0,4,2,7200,5.139880148254924,0.8981060606060606,0.8681818181818182,2.401526932511425,0.8981060606060606,0.09090368254802168,0.45193489508552254,0,0.506
overlap_noise,8,cells,post_none_off,post,none,off,5,50,50,1.0,12,12,0.0,2.0,4,2,7200,3.7750578972916333,0.8946969696969699,0.8454545454545455,2.378972575909053,0.8946969696969697,0.16693300152351223,0.4829080093856691,0,0.488
overlap_noise,8,cells,post_none_on,post,none,on,5,50,36,1.0,12,12,0.0,2.0,4,2,5184,3.478370370735097,0.6443181818181819,0.42727272727272725,1.8759030019977396,0.6337121212121212,0.21846759343897543,0.5126528547049549,0,0.345
overlap_noise,8,cells,post_footprint_off,post,footprint,off,5,50,50,1.0,12,12,0.0,2.0,4,2,7200,5.36816703918609,0.9007575757575758,0.8727272727272727,2.304088582772774,0.9007575757575758,0.07995527652585556,0.4495056321629754,0,1.147
overlap_noise,8,cells,post_footprint_on,post,footprint,on,5,50,15,1.0,12,12,0.0,2.0,4,2,2160,5.382841111954567,0.890909090909091,0.8409090909090909,2.2986060616146355,0.8909090909090909,0.07959380078277735,0.4577838971239766,0,0.342
overlap_noise,8,cells,post_mass_off,post,mass,off,5,50,50,1.0,12,12,0.0,2.0,4,2,7200,5.332848543700065,0.9003787878787879,0.8727272727272727,2.3014579857450306,0.9003787878787879,0.08092534355556573,0.44967034827836866,0,0.455
overlap_noise,8,cells,post_mass_on,post,mass,on,5,50,14,1.0,12,12,0.0,2.0,4,2,2016,5.347367657098926,0.8901515151515152,0.8409090909090909,2.291949654071458,0.8901515151515151,0.08056762077813738,0.45874086625333216,0,0.125
overlap_noise,8,cells,pre_none_off,pre,none,off,5,50,50,1.0,12,12,0.0,2.0,4,2,7200,5.167312309417236,0.8992424242424243,0.8636363636363636,2.291808273646754,0.8992424242424243,0.08583192666810571,0.45192220653706244,0,0.463
overlap_noise,8,cells,pre_none_on,pre,none,on,5,50,29,1.0,12,12,0.0,2.0,4,2,4176,5.286869736916063,0.6439393939393939,0.42272727272727273,1.877246468356054,0.6333333333333333,0.08325117395474531,0.5102340268275777,0,0.259
overlap_noise,8,cells,pre_footprint_off,pre,footprint,off,5,50,50,1.0,12,12,0.0,2.0,4,2,7200,5.591906176724001,0.9007575757575758,0.8727272727272727,2.335921476666414,0.9007575757575758,0.07470307646874277,0.44958607129585537,0,1.186
overlap_noise,8,cells,pre_footprint_on,pre,footprint,on,5,50,15,1.0,12,12,0.0,2.0,4,2,2160,5.609241396914553,0.8954545454545455,0.85,2.3159883309506135,0.8954545454545455,0.07435912496610862,0.45515792404219463,0,0.343
overlap_noise,8,cells,pre_mass_off,pre,mass,off,5,50,50,1.0,12,12,0.0,2.0,4,2,7200,5.584938847431292,0.9007575757575758,0.8727272727272727,2.3340701542287197,0.9007575757575758,0.07483022671661184,0.44950905812676417,0,0.49
overlap_noise,8,cells,pre_mass_on,pre,mass,on,5,50,15,1.0,12,12,0.0,2.0,4,2,2160,5.602324952273944,0.893560606060606,0.85,2.310829919529569,0.893560606060606,0.07450127339837304,0.45583537478615,0,0.168
overlap_noise,8,cells,post_fpmask_off,post,fpmask,off,5,50,50,1.0,12,12,0.0,2.0,4,2,7200,4.526376942022408,0.8920454545454547,0.85,2.3189327096067998,0.8920454545454546,0.11318443597871305,0.4656730754538885,0,1.194
overlap_noise,8,cells,post_massmask_off,post,massmask,off,5,50,50,1.0,12,12,0.0,2.0,4,2,7200,3.774045463461833,0.8943181818181817,0.8409090909090909,2.3791479055006626,0.8943181818181818,0.16703488668899216,0.4825327540121797,0,0.48
overlap_noise,8,cells,pre_fpmask_off,pre,fpmask,off,5,50,50,1.0,12,12,0.0,2.0,4,2,7200,5.270536472143257,0.8999999999999999,0.8727272727272727,2.2981396112013077,0.9,0.08273071207892889,0.45105091488852406,0,1.09
overlap_noise,8,cells,pre_massmask_off,pre,massmask,off,5,50,50,1.0,12,12,0.0,2.0,4,2,7200,5.268048853038734,0.899621212121212,0.8636363636363636,2.2983750801169367,0.8996212121212122,0.08281734752055324,0.4514735377017517,0,0.431
overlap_noise,9,cells,post_none_off,post,none,off,5,50,50,1.0,12,12,0.0,2.0,4,2,7200,4.291534481044917,0.9018939393939394,0.8681818181818182,2.518613375980275,0.9018939393939394,0.1367528206874414,0.48138482171840075,0,0.492
overlap_noise,9,cells,post_none_on,post,none,on,5,50,39,1.0,12,12,0.0,2.0,4,2,5616,2.8848174878053174,0.6560606060606061,0.4818181818181818,1.9884067216716674,0.4674242424242424,0.4076768252093405,0.5125619148582072,0,0.399
overlap_noise,9,cells,post_footprint_off,post,footprint,off,5,50,50,1.0,12,12,0.0,2.0,4,2,7200,5.189726659540606,0.9143939393939394,0.8954545454545455,2.430427514701188,0.9143939393939394,0.09023888166397072,0.44716297796043775,0,1.114
overlap_noise,9,cells,post_footprint_on,post,footprint,on,5,50,16,1.0,12,12,0.0,2.0,4,2,2304,5.183816572777954,0.9053030303030303,0.8681818181818182,2.4353755808978366,0.9053030303030303,0.09052781158190407,0.4568080453057915,0,0.338
overlap_noise,9,cells,post_mass_off,post,mass,off,5,50,50,1.0,12,12,0.0,2.0,4,2,7200,5.191106834931774,0.9143939393939394,0.8954545454545455,2.4292693437952932,0.9143939393939394,0.09014792522519136,0.4472946152114157,0,0.47
overlap_noise,9,cells,post_mass_on,post,mass,on,5,50,19,1.0,12,12,0.0,2.0,4,2,2736,5.1856743527231055,0.9045454545454544,0.8681818181818182,2.4318255049580904,0.9045454545454545,0.09041382834465347,0.45726686729825916,0,0.167
overlap_noise,9,cells,pre_none_off,pre,none,off,5,50,50,1.0,12,12,0.0,2.0,4,2,7200,5.114228671483113,0.9106060606060605,0.8863636363636364,2.423905266022601,0.9106060606060606,0.09267345552633416,0.44936538112620206,0,0.462
overlap_noise,9,cells,pre_none_on,pre,none,on,5,50,40,1.0,12,12,0.0,2.0,4,2,5760,2.184499529958858,0.6575757575757576,0.4727272727272727,1.9918138337035627,0.5018939393939394,0.6504515590239954,0.5145615804879923,0,0.366
overlap_noise,9,cells,pre_footprint_off,pre,footprint,off,5,50,50,1.0,12,12,0.0,2.0,4,2,7200,5.253036505565842,0.9147727272727272,0.8954545454545455,2.459815378771341,0.9147727272727273,0.08914185649143737,0.4460570607876847,0,1.197
overlap_noise,9,cells,pre_footprint_on,pre,footprint,on,5,50,50,1.0,12,12,0.0,2.0,4,2,7200,5.250042133411154,0.9079545454545452,0.8772727272727273,2.4520400106356846,0.9079545454545455,0.08943736628719212,0.45368242821154825,0,1.256
overlap_noise,9,cells,pre_mass_off,pre,mass,off,5,50,50,1.0,12,12,0.0,2.0,4,2,7200,5.253067985536681,0.9143939393939394,0.8909090909090909,2.4585815970948386,0.9143939393939394,0.0890960773141346,0.446112853095124,0,0.465
overlap_noise,9,cells,pre_mass_on,pre,mass,on,5,50,18,1.0,12,12,0.0,2.0,4,2,2592,5.25003748110885,0.9071969696969696,0.8772727272727273,2.4483567703653506,0.9071969696969697,0.08939692754863326,0.4541041634692574,0,0.163
overlap_noise,9,cells,post_fpmask_off,post,fpmask,off,5,50,50,1.0,12,12,0.0,2.0,4,2,7200,4.891090870123611,0.9079545454545453,0.8772727272727273,2.417582852809371,0.9079545454545455,0.10105781491586062,0.4510948727223654,0,1.05
overlap_noise,9,cells,post_massmask_off,post,massmask,off,5,50,50,1.0,12,12,0.0,2.0,4,2,7200,4.138768098431515,0.9121212121212121,0.8681818181818182,2.45847198774719,0.9121212121212121,0.14352352042380973,0.4650099393158425,0,0.447
overlap_noise,9,cells,pre_fpmask_off,pre,fpmask,off,5,50,50,1.0,12,12,0.0,2.0,4,2,7200,5.17784675774698,0.9128787878787877,0.8909090909090909,2.433034135626215,0.9128787878787878,0.09075066499711536,0.44738750496223645,0,1.17
overlap_noise,9,cells,pre_massmask_off,pre,massmask,off,5,50,50,1.0,12,12,0.0,2.0,4,2,7200,5.149358170629527,0.9109848484848485,0.8909090909090909,2.427622574316955,0.9109848484848485,0.09155350296509875,0.44837442791535725,0,0.494
quantity_skew_extreme,0,cells,post_none_off,post,none,off,5,50,50,1.0,12,12,0.0,2.0,4,2,7200,1.2978984190961782,0.907321845063184,0.6,2.8179857138533837,0.8823529411764706,1.672851461806644,0.3514086394440402,0,0.66
quantity_skew_extreme,0,cells,post_none_on,post,none,on,5,50,31,1.0,12,12,0.0,2.0,4,2,4464,4.794075960933675,0.6925803535748679,0.5161290322580645,0.8439799751115201,0.7055076807793181,0.17924001156644287,0.27376928594067906,0,0.388
quantity_skew_extreme,0,cells,post_footprint_off,post,footprint,off,5,50,50,1.0,12,12,0.0,2.0,4,2,7200,1.0979012590654247,0.7804984639075067,0.5416666666666666,4.40877966922788,0.67740726863994,3.6575631149226377,0.46085833946541016,0,1.367
quantity_skew_extreme,0,cells,post_footprint_on,post,footprint,on,5,50,50,1.0,12,12,0.0,2.0,4,2,7200,1.0821049431334662,0.7457916805924425,0.5776699029126213,3.3105184125311378,0.6020981641064069,3.858812307499303,0.4045503383844539,0,1.446
quantity_skew_extreme,0,cells,post_mass_off,post,mass,off,5,50,50,1.0,12,12,0.0,2.0,4,2,7200,1.3048380412713882,0.8916621375500352,0.7,2.8682437369962526,0.8415136755339079,1.6846234223326957,0.34922356282941164,0,0.789
quantity_skew_extreme,0,cells,post_mass_on,post,mass,on,5,50,28,1.0,12,12,0.0,2.0,4,2,4032,1.1655670624017502,0.7467676099700896,0.5128205128205128,2.7799595971860893,0.6620457100037467,2.959088267346708,0.36265664826627164,0,0.392
quantity_skew_extreme,0,cells,pre_none_off,pre,none,off,5,50,50,1.0,12,12,0.0,2.0,4,2,7200,1.317292212700376,0.8658884578060326,0.7448979591836735,3.8812357887071474,0.7894342450355939,2.2366899091155386,0.2670822601116645,0,0.603
quantity_skew_extreme,0,cells,pre_none_on,pre,none,on,5,50,31,1.0,12,12,0.0,2.0,4,2,4464,5.741671478989161,0.7038697756622453,0.5,0.842395795409273,0.6811539902585237,0.10350345797753555,0.2777474267450779,0,0.398
quantity_skew_extreme,0,cells,pre_footprint_off,pre,footprint,off,5,50,50,1.0,12,12,0.0,2.0,4,2,7200,7.849060488224452,1.0,1.0,1.0636715301502726,1.0,0.01726522264962242,0.1283039949952594,0,1.11
quantity_skew_extreme,0,cells,pre_footprint_on,pre,footprint,on,5,50,19,1.0,12,12,0.0,2.0,4,2,2736,7.841270031827931,1.0,1.0,1.0938895130494826,1.0,0.017307758421197337,0.13331440451641585,0,0.42
quantity_skew_extreme,0,cells,pre_mass_off,pre,mass,off,5,50,50,1.0,12,12,0.0,2.0,4,2,7200,7.851243818805544,1.0,1.0,1.063821511767117,1.0,0.01725805461559092,0.128305663703274,0,0.611
quantity_skew_extreme,0,cells,pre_mass_on,pre,mass,on,5,50,21,1.0,12,12,0.0,2.0,4,2,3024,7.9078664999880495,1.0,1.0,1.0936797069101025,1.0,0.01705513904768279,0.13313675687352067,0,0.274
quantity_skew_extreme,0,cells,post_fpmask_off,post,fpmask,off,5,50,50,1.0,12,12,0.0,2.0,4,2,7200,1.443953459660906,0.8931820753792188,0.55,2.823341069746014,0.864743349569127,1.3541193821252022,0.3454732444108484,0,1.327
quantity_skew_extreme,0,cells,post_massmask_off,post,massmask,off,5,50,50,1.0,12,12,0.0,2.0,4,2,7200,1.2942098850218944,0.9071019674681331,0.6,2.8032903680311434,0.8816035968527538,1.6736269463522102,0.34861826302739524,0,0.625
quantity_skew_extreme,0,cells,pre_fpmask_off,pre,fpmask,off,5,50,50,1.0,12,12,0.0,2.0,4,2,7200,1.230684481967459,0.8651097044770205,0.7448979591836735,3.8890438701806946,0.784563506931435,2.567730224846356,0.2665684048837934,0,1.348
quantity_skew_extreme,0,cells,pre_massmask_off,pre,massmask,off,5,50,50,1.0,12,12,0.0,2.0,4,2,7200,1.23068429702143,0.8651097044770205,0.7448979591836735,3.8887631768177697,0.784563506931435,2.5675456695430405,0.2665735740677061,0,0.629
quantity_skew_extreme,1,cells,post_none_off,post,none,off,5,50,50,1.0,12,12,0.0,2.0,4,2,7200,1.0364718871042213,0.7819098143538219,0.5409836065573771,4.416581496151101,0.7073810415886099,4.111224518280816,0.39562383786618655,0,0.642
quantity_skew_extreme,1,cells,post_none_on,post,none,on,5,50,30,1.0,12,12,0.0,2.0,4,2,4320,1.3587917167272332,0.7631671599520161,0.45,0.8351266114192528,0.6444361183964031,2.628224958454588,0.30005466092951116,0,0.407
quantity_skew_extreme,1,cells,post_footprint_off,post,footprint,off,5,50,50,1.0,12,12,0.0,2.0,4,2,7200,1.0891403728131177,0.8517602946555662,0.6132686084142395,3.8208914498410955,0.7680779318096665,3.221046435171611,0.42369917926286654,0,1.436
quantity_skew_extreme,1,cells,post_footprint_on,post,footprint,on,5,50,28,1.0,12,12,0.0,2.0,4,2,4032,1.2363219822550768,0.877218571529711,0.5954692556634305,3.3038597613811973,0.7931809666541776,2.467541051197449,0.3866509215598785,0,0.841
quantity_skew_extreme,1,cells,post_mass_off,post,mass,off,5,50,50,1.0,12,12,0.0,2.0,4,2,7200,1.0543987184865236,0.7678738967356861,0.5573770491803278,4.596281426709859,0.6740352191832147,4.134251317959468,0.37051654236011966,0,0.833
quantity_skew_extreme,1,cells,post_mass_on,post,mass,on,5,50,40,1.0,12,12,0.0,2.0,4,2,5760,1.1422719335218168,0.8829105985963798,0.5760517799352751,3.0747597070555086,0.6912701386286999,3.4422499124803085,0.3522410624525062,0,0.557
quantity_skew_extreme,1,cells,pre_none_off,pre,none,off,5,50,50,1.0,12,12,0.0,2.0,4,2,7200,1.5082055756129509,0.8000706387108899,0.5901639344262295,4.535307015858715,0.7242412888722368,1.9938184379013417,0.36431042764658234,0,0.682
quantity_skew_extreme,1,cells,pre_none_on,pre,none,on,5,50,30,1.0,12,12,0.0,2.0,4,2,4320,1.4860413133001789,0.7757285097868659,0.45,0.8400689625554687,0.6414387411015362,2.0390109988464853,0.2973166645512805,0,0.403
quantity_skew_extreme,1,cells,pre_footprint_off,pre,footprint,off,5,50,50,1.0,12,12,0.0,2.0,4,2,7200,1.3328419544837977,0.9041070095781455,0.6440129449838188,3.632033339379062,0.8280254777070064,2.044525430549438,0.3890700122933067,0,1.395
quantity_skew_extreme,1,cells,pre_footprint_on,pre,footprint,on,5,50,33,1.0,12,12,0.0,2.0,4,2,4752,1.3817108339475153,0.9027773044826879,0.6084142394822006,3.469644556005332,0.8298988385162982,1.8964437494918092,0.37951387785089374,0,0.946
quantity_skew_extreme,1,cells,pre_mass_off,pre,mass,off,5,50,50,1.0,12,12,0.0,2.0,4,2,7200,1.2655455888167872,0.898080721123203,0.627831715210356,3.656951541504231,0.8182840014986886,2.283303365178605,0.3907621812924628,0,0.792
quantity_skew_extreme,1,cells,pre_mass_on,pre,mass,on,5,50,32,1.0,12,12,0.0,2.0,4,2,4608,1.3176101203871748,0.9006927327899331,0.598705501618123,3.4134730210923823,0.8209067066316973,2.0985651828627785,0.3782665161459763,0,0.467
quantity_skew_extreme,1,cells,post_fpmask_off,post,fpmask,off,5,50,50,1.0,12,12,0.0,2.0,4,2,7200,1.016804266136054,0.7573986405069166,0.5245901639344263,4.438936675507939,0.6676657924316224,4.293428453999362,0.3923540341221007,0,1.334
quantity_skew_extreme,1,cells,post_massmask_off,post,massmask,off,5,50,50,1.0,12,12,0.0,2.0,4,2,7200,1.016969023322474,0.7573986405069166,0.5245901639344263,4.439076695310355,0.6676657924316224,4.292172812670921,0.39271235528306364,0,0.748
quantity_skew_extreme,1,cells,pre_fpmask_off,pre,fpmask,off,5,50,50,1.0,12,12,0.0,2.0,4,2,7200,7.8784693592895,1.0,1.0,1.0457641463655944,1.0,0.01684806570409915,0.12891160901750826,0,1.4
quantity_skew_extreme,1,cells,pre_massmask_off,pre,massmask,off,5,50,50,1.0,12,12,0.0,2.0,4,2,7200,1.2075143966831332,0.7785486031226857,0.5737704918032787,4.547567396373467,0.6878980891719745,3.1188501538104654,0.36822921098309336,0,0.692
quantity_skew_extreme,2,cells,post_none_off,post,none,off,5,50,50,1.0,12,12,0.0,2.0,4,2,7200,2.2641734706462953,0.8433827724098943,0.7,2.4789230959953974,0.8838516298239041,0.4835525288624031,0.37615090269752793,0,0.654
quantity_skew_extreme,2,cells,post_none_on,post,none,on,5,50,40,1.0,12,12,0.0,2.0,4,2,5760,0.3016380900932293,0.6837202720216736,0.42071197411003236,1.0460887404960453,0.5713750468340202,29.669915941007904,0.39277905130050966,0,0.569
quantity_skew_extreme,2,cells,post_footprint_off,post,footprint,off,5,50,50,1.0,12,12,0.0,2.0,4,2,7200,1.1147690300445425,0.8202074560608268,0.5737704918032787,2.5092109664879847,0.7838141626077183,2.0191444391530573,0.40026342056939723,0,1.521
quantity_skew_extreme,2,cells,post_footprint_on,post,footprint,on,5,50,40,1.0,12,12,0.0,2.0,4,2,5760,1.0147603246278658,0.7809292071024393,0.5080906148867314,1.8477559479424752,0.6998875983514425,1.8999363900136044,0.3289389594207084,0,1.086
quantity_skew_extreme,2,cells,post_mass_off,post,mass,off,5,50,50,1.0,12,12,0.0,2.0,4,2,7200,1.1737674789011114,0.7834545410180769,0.5081967213114754,2.3486021814443534,0.7781940801798426,1.7046896128465538,0.35769255242825554,0,0.629
quantity_skew_extreme,2,cells,post_mass_on,post,mass,on,5,50,41,1.0,12,12,0.0,2.0,4,2,5904,1.1392431014002806,0.8054022357917646,0.5080906148867314,1.5168190854303985,0.7351067815661296,1.4973698996332372,0.32292853720098463,0,0.515
quantity_skew_extreme,2,cells,pre_none_off,pre,none,off,5,50,50,1.0,12,12,0.0,2.0,4,2,7200,1.1501932399258168,0.8293640926041789,0.5901639344262295,1.9372504526309975,0.8032971150243536,1.4643474979398958,0.29856069313527117,0,0.671
quantity_skew_extreme,2,cells,pre_none_on,pre,none,on,5,50,27,1.0,12,12,0.0,2.0,4,2,3888,0.6414080610992965,0.6817957496954926,0.4077669902912621,0.9674292479877966,0.6050955414012739,4.779795272000133,0.35402651704674865,0,0.371
quantity_skew_extreme,2,cells,pre_footprint_off,pre,footprint,off,5,50,50,1.0,12,12,0.0,2.0,4,2,7200,1.1193156430608886,0.8330101367240216,0.5573770491803278,1.9471277869388628,0.7988010490820532,1.5541370282661153,0.29812988351919506,0,1.395
quantity_skew_extreme,2,cells,pre_footprint_on,pre,footprint,on,5,50,49,1.0,12,12,0.0,2.0,4,2,7056,1.026656305481554,0.7949224520209701,0.5129449838187702,1.8674073753957938,0.7002622705133008,1.8750195321422867,0.3272143892223675,0,1.36
quantity_skew_extreme,2,cells,pre_mass_off,pre,mass,off,5,50,50,1.0,12,12,0.0,2.0,4,2,7200,1.121093921314047,0.8344612909562062,0.5737704918032787,1.9463368260804175,0.7995503934057699,1.5485812775520162,0.29816028408871564,0,0.654
quantity_skew_extreme,2,cells,pre_mass_on,pre,mass,on,5,50,40,1.0,12,12,0.0,2.0,4,2,5760,1.1379330703520127,0.823641259181665,0.5048543689320388,1.4357477025856846,0.7429748969651555,1.5168110445570344,0.30594186594099354,0,0.589
quantity_skew_extreme,2,cells,post_fpmask_off,post,fpmask,off,5,50,50,1.0,12,12,0.0,2.0,4,2,7200,1.1151571334415176,0.8257293486979957,0.5245901639344263,1.921206108613645,0.7905582615211689,1.5449051651926402,0.2966132814547796,0,1.442
quantity_skew_extreme,2,cells,post_massmask_off,post,massmask,off,5,50,50,1.0,12,12,0.0,2.0,4,2,7200,1.2374905793002164,0.8246306000614315,0.5737704918032787,1.9002603797469462,0.812663919070813,1.2408786448737186,0.29686702504647183,0,0.679
quantity_skew_extreme,2,cells,pre_fpmask_off,pre,fpmask,off,5,50,50,1.0,12,12,0.0,2.0,4,2,7200,1.121076387639951,0.8352674746121879,0.5737704918032787,1.9475624403765173,0.8010490820532035,1.5496048945665906,0.2979414462332035,0,1.332
quantity_skew_extreme,2,cells,pre_massmask_off,pre,massmask,off,5,50,50,1.0,12,12,0.0,2.0,4,2,7200,1.1567095519121084,0.8396994134292672,0.6229508196721312,1.9403193705591129,0.8077931809666542,1.4501888961534068,0.2976347112325942,0,0.634
quantity_skew_extreme,3,cells,post_none_off,post,none,off,5,50,50,1.0,12,12,0.0,2.0,4,2,7200,2.346739871503251,0.9802175538706254,0.9344262295081968,2.2437591611427643,0.9760209816410641,0.4074237435075073,0.2549855417999932,0,0.561
quantity_skew_extreme,3,cells,post_none_on,post,none,on,5,50,28,1.0,12,12,0.0,2.0,4,2,4032,2.302663698159769,0.7528628741344644,0.42930591259640105,0.8289512110462013,0.7036343199700262,0.4824187890864801,0.2796817543472888,0,0.306
quantity_skew_extreme,3,cells,post_footprint_off,post,footprint,off,5,50,50,1.0,12,12,0.0,2.0,4,2,7200,1.2017495451357276,0.8451071189914215,0.5784061696658098,2.3870475234724875,0.8261521168977145,1.6528488219266786,0.2763267871990383,0,1.384
quantity_skew_extreme,3,cells,post_footprint_on,post,footprint,on,5,50,38,1.0,12,12,0.0,2.0,4,2,5472,1.1992722880060596,0.8633433233247679,0.5526992287917738,2.2922680564855167,0.8179093293368302,1.6608084279061666,0.27732535649577794,0,0.886
quantity_skew_extreme,3,cells,post_mass_off,post,mass,off,5,50,50,1.0,12,12,0.0,2.0,4,2,7200,1.2119024370162594,0.8451864999172596,0.5809768637532133,2.3845085105935815,0.8287748220307232,1.6235421166185062,0.2761642578972062,0,0.564
quantity_skew_extreme,3,cells,post_mass_on,post,mass,on,5,50,36,1.0,12,12,0.0,2.0,4,2,5184,1.2082835953010518,0.8690174978664243,0.5501285347043702,2.230327549130212,0.8201573623079805,1.6344649950950523,0.27663182092036,0,0.409
quantity_skew_extreme,3,cells,pre_none_off,pre,none,off,5,50,50,1.0,12,12,0.0,2.0,4,2,7200,7.713966104007377,1.0,1.0,1.0788999996522528,1.0,0.018131166269538056,0.12537793512722847,0,0.617
quantity_skew_extreme,3,cells,pre_none_on,pre,none,on,5,50,34,1.0,12,12,0.0,2.0,4,2,4896,7.917006210067826,0.7575660686229799,0.47540983606557374,0.8236307404510793,0.7793180966654177,0.019382660100026736,0.275169216853742,0,0.474
quantity_skew_extreme,3,cells,pre_footprint_off,pre,footprint,off,5,50,50,1.0,12,12,0.0,2.0,4,2,7200,7.844387681594946,1.0,1.0,1.0898123038698417,1.0,0.017710613629492413,0.12548494154760817,0,1.338
quantity_skew_extreme,3,cells,pre_footprint_on,pre,footprint,on,5,50,18,1.0,12,12,0.0,2.0,4,2,2592,7.850185454738416,1.0,1.0,1.1411410913794229,1.0,0.01767956067968725,0.13337188745514006,0,0.403
quantity_skew_extreme,3,cells,pre_mass_off,pre,mass,off,5,50,50,1.0,12,12,0.0,2.0,4,2,7200,1.2056180612266607,0.8439675205908511,0.5552699228791774,2.4072641878068293,0.8182840014986886,1.6561675232779554,0.2762519032726225,0,0.463
quantity_skew_extreme,3,cells,pre_mass_on,pre,mass,on,5,50,43,1.0,12,12,0.0,2.0,4,2,6192,1.203455259488889,0.8684594572443304,0.5398457583547558,2.25111606315481,0.8179093293368302,1.6633314543189297,0.27652970976171964,0,0.393
quantity_skew_extreme,3,cells,post_fpmask_off,post,fpmask,off,5,50,50,1.0,12,12,0.0,2.0,4,2,7200,1.2482435446766893,0.8482116944685228,0.583547557840617,2.3776361555225742,0.8313975271637317,1.5259726108669187,0.275672031080866,0,1.234
quantity_skew_extreme,3,cells,post_massmask_off,post,massmask,off,5,50,50,1.0,12,12,0.0,2.0,4,2,7200,1.426474308801728,0.8981340411826145,0.6885245901639344,2.3329943227654106,0.876732858748595,1.1465309251453661,0.2731905874921131,0,0.705
quantity_skew_extreme,3,cells,pre_fpmask_off,pre,fpmask,off,5,50,50,1.0,12,12,0.0,2.0,4,2,7200,1.200306886601134,0.8446012620783946,0.5604113110539846,2.398833260116273,0.8201573623079805,1.6650047090143751,0.27627297977666054,0,1.34
quantity_skew_extreme,3,cells,pre_massmask_off,pre,massmask,off,5,50,50,1.0,12,12,0.0,2.0,4,2,7200,1.328189602807353,0.8522394289860773,0.6015424164524421,2.3772542581164244,0.8366429374297489,1.347582869359605,0.27449382992140736,0,0.5
quantity_skew_extreme,4,cells,post_none_off,post,none,off,5,50,50,1.0,12,12,0.0,2.0,4,2,7200,1.180828213228195,0.9210070130064358,0.7540453074433657,3.362397515649262,0.8355189209441738,2.411435299186883,0.38900036170155505,0,0.664
quantity_skew_extreme,4,cells,post_none_on,post,none,on,5,50,39,1.0,12,12,0.0,2.0,4,2,5616,1.1034785623326693,0.6733798230571941,0.5,0.7866524571904217,0.5024353690520794,3.8800255538540176,0.3604508452367287,0,0.514
quantity_skew_extreme,4,cells,post_footprint_off,post,footprint,off,5,50,50,1.0,12,12,0.0,2.0,4,2,7200,1.1110205754243903,0.8776561934607644,0.5384615384615384,5.135111913933652,0.6425627575871112,4.160118573211192,0.40786051082019087,0,1.176
quantity_skew_extreme,4,cells,post_footprint_on,post,footprint,on,5,50,28,1.0,12,12,0.0,2.0,4,2,4032,1.1027280699440045,0.9006305646920536,0.6585760517799353,3.293863166971337,0.6328212813787936,4.243776213775324,0.34745189724413106,0,0.749
quantity_skew_extreme,4,cells,post_mass_off,post,mass,off,5,50,50,1.0,12,12,0.0,2.0,4,2,7200,1.2197635491813625,0.9209086085519016,0.6941747572815534,3.312069333853363,0.8014237542150618,2.2261176738232247,0.36373579833421943,0,0.599
quantity_skew_extreme,4,cells,post_mass_on,post,mass,on,5,50,50,1.0,12,12,0.0,2.0,4,2,7200,1.2068333463520868,0.8958567430537471,0.6153846153846154,2.5831837689672046,0.7699512926189584,2.2747448462042144,0.3517488577183321,0,0.636
quantity_skew_extreme,4,cells,pre_none_off,pre,none,off,5,50,50,1.0,12,12,0.0,2.0,4,2,7200,1.3678264980937147,0.9348302285776695,0.7475728155339806,3.2300417417291007,0.8388909704008992,1.7264186110534918,0.36134602393841087,0,0.664
quantity_skew_extreme,4,cells,pre_none_on,pre,none,on,5,50,41,1.0,12,12,0.0,2.0,4,2,5904,1.1472221497016377,0.668673230872657,0.5,0.7995701414711043,0.4885724990633196,2.8541833176139617,0.3638696546922991,0,0.482
quantity_skew_extreme,4,cells,pre_footprint_off,pre,footprint,off,5,50,50,1.0,12,12,0.0,2.0,4,2,7200,1.0855944453147495,0.9021339728773324,0.6375404530744336,6.007353239159911,0.7635818658673661,5.09739096361168,0.4658418797563877,0,1.154
quantity_skew_extreme,4,cells,pre_footprint_on,pre,footprint,on,5,50,50,1.0,12,12,0.0,2.0,4,2,7200,1.0565789047261795,0.8990659573842575,0.6326860841423948,5.746193171745287,0.7527163731734732,5.4064632248977444,0.46813377587059635,0,1.208
quantity_skew_extreme,4,cells,pre_mass_off,pre,mass,off,5,50,50,1.0,12,12,0.0,2.0,4,2,7200,1.0849003663295094,0.9023186260266179,0.6407766990291263,5.994959448122118,0.7639565380292245,5.0933853879075235,0.46616386711658736,0,0.617
quantity_skew_extreme,4,cells,pre_mass_on,pre,mass,on,5,50,50,1.0,12,12,0.0,2.0,4,2,7200,1.0581907665983414,0.87645018871175,0.46530612244897956,5.529731237791727,0.7152491569876358,5.377974474680295,0.46486823324916193,0,0.508
quantity_skew_extreme,4,cells,post_fpmask_off,post,fpmask,off,5,50,50,1.0,12,12,0.0,2.0,4,2,7200,0.4874858631904377,0.7788447041539547,0.5641025641025641,8.67845463562159,0.5455226676657924,36.518955353804564,0.6814246071072196,0,1.341
quantity_skew_extreme,4,cells,post_massmask_off,post,massmask,off,5,50,50,1.0,12,12,0.0,2.0,4,2,7200,1.1839949896410291,0.918928696403117,0.7491909385113269,3.3930833717585034,0.8321468714874485,2.420442676788912,0.38972825175745335,0,0.711
quantity_skew_extreme,4,cells,pre_fpmask_off,pre,fpmask,off,5,50,50,1.0,12,12,0.0,2.0,4,2,7200,1.1116007708714506,0.7749522344018893,0.56957928802589,5.4597016586687355,0.6369426751592356,4.418463106952651,0.38042120456189493,0,1.237
quantity_skew_extreme,4,cells,pre_massmask_off,pre,massmask,off,5,50,50,1.0,12,12,0.0,2.0,4,2,7200,1.367478531601865,0.9348302285776695,0.7475728155339806,3.2300396183938562,0.8388909704008992,1.7272961910316451,0.3614381722282059,0,0.684
quantity_skew_extreme,5,cells,post_none_off,post,none,off,5,50,50,1.0,12,12,0.0,2.0,4,2,7200,1.5050558287122136,0.8048053628938233,0.5510204081632653,3.1896996463293448,0.7055076807793181,1.4081358980827279,0.35032198230103534,0,0.742
quantity_skew_extreme,5,cells,post_none_on,post,none,on,5,50,29,1.0,12,12,0.0,2.0,4,2,4176,1.8174457182101649,0.7425587804460084,0.4258064516129032,0.7519605643889878,0.6695391532409142,0.9769489073232024,0.2987910733892894,0,0.34
quantity_skew_extreme,5,cells,post_footprint_off,post,footprint,off,5,50,50,1.0,12,12,0.0,2.0,4,2,7200,1.0703242810242357,0.8215965034468925,0.5510204081632653,3.167079142308148,0.6837766953915324,2.7645736258444464,0.3304145989457838,0,1.159
quantity_skew_extreme,5,cells,post_footprint_on,post,footprint,on,5,50,50,1.0,12,12,0.0,2.0,4,2,7200,1.0799250612749756,0.8232758084780021,0.5448979591836735,2.089273500920256,0.674409891345073,2.6420929891773115,0.2887123802332437,0,1.221
quantity_skew_extreme,5,cells,post_mass_off,post,mass,off,5,50,50,1.0,12,12,0.0,2.0,4,2,7200,1.0683084114320132,0.8227019456237631,0.5591836734693878,3.16443432243071,0.6852753840389659,2.772699413939922,0.330518450143911,0,0.671
quantity_skew_extreme,5,cells,post_mass_on,post,mass,on,5,50,50,1.0,12,12,0.0,2.0,4,2,7200,1.0963300449617388,0.8080331666545643,0.5438775510204081,2.064284492275259,0.6837766953915324,2.5623956123558536,0.29087460328130227,0,0.668
quantity_skew_extreme,5,cells,pre_none_off,pre,none,off,5,50,50,1.0,12,12,0.0,2.0,4,2,7200,1.0761927366682182,0.8197020081460616,0.5306122448979592,3.189516538768126,0.6905207943049831,2.7538783082935483,0.330737643762269,0,0.641
quantity_skew_extreme,5,cells,pre_none_on,pre,none,on,5,50,42,1.0,12,12,0.0,2.0,4,2,6048,1.1530840461945016,0.7559645546209116,0.44516129032258067,0.7557036527096775,0.6811539902585237,2.3998102104626997,0.29990146386603284,0,0.538
quantity_skew_extreme,5,cells,pre_footprint_off,pre,footprint,off,5,50,50,1.0,12,12,0.0,2.0,4,2,7200,1.0781466448360495,0.8212261940328042,0.5408163265306123,3.1542531581965942,0.6800299737729487,2.713569037049549,0.33030566516573134,0,1.308
quantity_skew_extreme,5,cells,pre_footprint_on,pre,footprint,on,5,50,50,1.0,12,12,0.0,2.0,4,2,7200,1.0619175798653917,0.818671427476427,0.5428571428571428,2.0962624080969707,0.6819033345822405,2.793832897915228,0.28860226100898645,0,1.414
quantity_skew_extreme,5,cells,pre_mass_off,pre,mass,off,5,50,50,1.0,12,12,0.0,2.0,4,2,7200,1.0786215996333874,0.8217363981144367,0.5408163265306123,3.1541273644253742,0.6811539902585237,2.7110716808747863,0.3302940009021889,0,0.653
quantity_skew_extreme,5,cells,pre_mass_on,pre,mass,on,5,50,50,1.0,12,12,0.0,2.0,4,2,7200,1.0640268143345655,0.8020047608097604,0.5,2.066273553922864,0.683402023229674,2.783817778361982,0.2899922550702144,0,0.639
quantity_skew_extreme,5,cells,post_fpmask_off,post,fpmask,off,5,50,50,1.0,12,12,0.0,2.0,4,2,7200,1.04815186310185,0.8221679945406196,0.5612244897959183,3.1902715045447816,0.6935181715998502,2.9038837304470393,0.33197693355988167,0,1.321
quantity_skew_extreme,5,cells,post_massmask_off,post,massmask,off,5,50,50,1.0,12,12,0.0,2.0,4,2,7200,1.0480625681622893,0.8222530285542251,0.5612244897959183,3.190125200663985,0.6938928437617085,2.9042453803550776,0.3327270227174882,0,0.633
quantity_skew_extreme,5,cells,pre_fpmask_off,pre,fpmask,off,5,50,50,1.0,12,12,0.0,2.0,4,2,7200,1.0786313311986229,0.8185965659691911,0.5306122448979592,3.1987727265842563,0.6878980891719745,2.749396162385361,0.3303080488320073,0,1.573
quantity_skew_extreme,5,cells,pre_massmask_off,pre,massmask,off,5,50,50,1.0,12,12,0.0,2.0,4,2,7200,1.0786669078874842,0.8185965659691911,0.5306122448979592,3.198247067678139,0.6878980891719745,2.748763021305328,0.3303122633988779,0,0.725
quantity_skew_extreme,6,cells,post_none_off,post,none,off,5,50,50,1.0,12,12,0.0,2.0,4,2,7200,0.3504144371846039,0.8457982440762716,0.535483870967742,6.337514714859445,0.9171974522292994,51.61251223677598,0.5528761490308485,0,0.574
quantity_skew_extreme,6,cells,post_none_on,post,none,on,5,50,50,1.0,12,12,0.0,2.0,4,2,7200,1.7464092227289534,0.7115165031468682,0.43958868894601544,0.7305778483764845,0.6275758711127764,2.109129042986459,0.4023520554089386,0,0.445
quantity_skew_extreme,6,cells,post_footprint_off,post,footprint,off,5,50,50,1.0,12,12,0.0,2.0,4,2,7200,5.463726337651323,1.0,1.0,1.8511762094173376,1.0,0.0620111639239135,0.21764670643435335,0,1.013
quantity_skew_extreme,6,cells,post_footprint_on,post,footprint,on,5,50,50,1.0,12,12,0.0,2.0,4,2,7200,5.741864444380047,1.0,1.0,1.1657495428683826,1.0,0.051986600463821024,0.1654193891604752,0,1.233
quantity_skew_extreme,6,cells,post_mass_off,post,mass,off,5,50,50,1.0,12,12,0.0,2.0,4,2,7200,5.479180166017778,1.0,1.0,1.8429515872786035,1.0,0.061387898251059156,0.21686746904555662,0,0.604
quantity_skew_extreme,6,cells,post_mass_on,post,mass,on,5,50,32,1.0,12,12,0.0,2.0,4,2,4608,5.763225563453735,1.0,1.0,1.1565492631341956,1.0,0.051270737025601795,0.1641644318629943,0,0.339
quantity_skew_extreme,6,cells,pre_none_off,pre,none,off,5,50,50,1.0,12,12,0.0,2.0,4,2,7200,1.3982036713255601,0.905883347962841,0.5416666666666666,4.3930137167047,0.7560884226301986,2.247096291627472,0.31268746928406277,0,0.617
quantity_skew_extreme,6,cells,pre_none_on,pre,none,on,5,50,50,1.0,12,12,0.0,2.0,4,2,7200,1.2969045649990736,0.6892890794305337,0.4774193548387097,0.7568013996033255,0.6219557886849008,2.6483747043964914,0.40909948183489614,0,0.47
quantity_skew_extreme,6,cells,pre_footprint_off,pre,footprint,off,5,50,50,1.0,12,12,0.0,2.0,4,2,7200,7.83833456425194,1.0,1.0,1.0694446131261626,1.0,0.0174064699273766,0.12803204417614453,0,1.181
quantity_skew_extreme,6,cells,pre_footprint_on,pre,footprint,on,5,50,34,1.0,12,12,0.0,2.0,4,2,4896,7.779671645641393,1.0,1.0,1.116360083006357,1.0,0.01795511484553052,0.13538774398612685,0,0.72
quantity_skew_extreme,6,cells,pre_mass_off,pre,mass,off,5,50,50,1.0,12,12,0.0,2.0,4,2,7200,7.837907920978626,1.0,1.0,1.069309422839238,1.0,0.01740616434189894,0.12801824774036538,0,0.594
quantity_skew_extreme,6,cells,pre_mass_on,pre,mass,on,5,50,30,1.0,12,12,0.0,2.0,4,2,4320,7.783192672831721,1.0,1.0,1.1175394710127122,1.0,0.01794409687162285,0.13553724084483842,0,0.377
quantity_skew_extreme,6,cells,post_fpmask_off,post,fpmask,off,5,50,50,1.0,12,12,0.0,2.0,4,2,7200,1.3065918698098549,0.9489413326388153,0.75,4.547339764511538,0.9467965530161109,2.663652104725979,0.3813730108065197,0,1.134
quantity_skew_extreme,6,cells,post_massmask_off,post,massmask,off,5,50,50,1.0,12,12,0.0,2.0,4,2,7200,1.4620845754789331,0.8275225205551288,0.5714285714285714,4.010793806945391,0.8733608092918697,1.8762268415290186,0.338386490188253,0,0.463
quantity_skew_extreme,6,cells,pre_fpmask_off,pre,fpmask,off,5,50,50,1.0,12,12,0.0,2.0,4,2,7200,7.833064076110314,1.0,1.0,1.0691531856648313,1.0,0.017425152032934894,0.12807357694920637,0,1.194
quantity_skew_extreme,6,cells,pre_massmask_off,pre,massmask,off,5,50,50,1.0,12,12,0.0,2.0,4,2,7200,7.833064148389451,1.0,1.0,1.0691531831623247,1.0,0.0174251516705697,0.12807357627002647,0,0.642
quantity_skew_extreme,7,cells,post_none_off,post,none,off,5,50,50,1.0,12,12,0.0,2.0,4,2,7200,1.1135222731630383,0.7444738730810561,0.5510204081632653,1.4359010674668609,0.7137504683402023,1.1580483751501145,0.29714854694697085,0,0.568
quantity_skew_extreme,7,cells,post_none_on,post,none,on,5,50,31,1.0,12,12,0.0,2.0,4,2,4464,0.6304517387958232,0.7956430254334141,0.45,0.7882486250823585,0.6706631697264893,3.694067269435114,0.2536020800461538,0,0.346
quantity_skew_extreme,7,cells,post_footprint_off,post,footprint,off,5,50,50,1.0,12,12,0.0,2.0,4,2,7200,1.1163709543975873,0.7003670849466194,0.5612244897959183,1.4365267343795804,0.7159985013113526,1.152647879695248,0.2966063705074892,0,1.34
quantity_skew_extreme,7,cells,post_footprint_on,post,footprint,on,5,50,27,1.0,12,12,0.0,2.0,4,2,3888,1.2127922061143612,0.835041510967995,0.5912596401028277,1.4671794216089835,0.6950168602472836,0.9742776119946984,0.28741681192783725,0,0.742
quantity_skew_extreme,7,cells,post_mass_off,post,mass,off,5,50,50,1.0,12,12,0.0,2.0,4,2,7200,1.1144836167872385,0.6918049419839276,0.5,1.436221130944574,0.714499812663919,1.1563090771843045,0.29665590362229577,0,0.603
quantity_skew_extreme,7,cells,post_mass_on,post,mass,on,5,50,27,1.0,12,12,0.0,2.0,4,2,3888,1.2337360972100397,0.8515264023180675,0.5918367346938775,1.4625866919751354,0.6942675159235668,0.9416893807986845,0.2861708291599214,0,0.337
quantity_skew_extreme,7,cells,pre_none_off,pre,none,off,5,50,50,1.0,12,12,0.0,2.0,4,2,7200,1.1266581176346109,0.7723842419948669,0.5510204081632653,1.4333145170017245,0.7261146496815286,1.129164456816044,0.29765371307874894,0,0.625
quantity_skew_extreme,7,cells,pre_none_on,pre,none,on,5,50,33,1.0,12,12,0.0,2.0,4,2,4752,0.04987731566904478,0.7864561767780208,0.4,0.7786755487298095,0.6875234170101161,601.8964789592744,0.25533750207657746,0,0.404
quantity_skew_extreme,7,cells,pre_footprint_off,pre,footprint,off,5,50,50,1.0,12,12,0.0,2.0,4,2,7200,1.1218119207390833,0.6878370989525743,0.5,1.4362661782623563,0.7201198950917946,1.141286900039068,0.2962755333051122,0,1.35
quantity_skew_extreme,7,cells,pre_footprint_on,pre,footprint,on,5,50,30,1.0,12,12,0.0,2.0,4,2,4320,1.1293771010245395,0.850974817011438,0.5861182519280206,1.480296093166864,0.7010116148370176,1.1513623925589624,0.2910753818465278,0,0.838
quantity_skew_extreme,7,cells,pre_mass_off,pre,mass,off,5,50,50,1.0,12,12,0.0,2.0,4,2,7200,1.1197245271548097,0.6843896892528504,0.5,1.4358923955689167,0.720494567253653,1.1452479228299168,0.2962986587374479,0,0.629
quantity_skew_extreme,7,cells,pre_mass_on,pre,mass,on,5,50,35,1.0,12,12,0.0,2.0,4,2,5040,1.119679030050178,0.8820726046452866,0.5861182519280206,1.4836678479273644,0.7036343199700262,1.1750756181928925,0.2866640994965378,0,0.422
quantity_skew_extreme,7,cells,post_fpmask_off,post,fpmask,off,5,50,50,1.0,12,12,0.0,2.0,4,2,7200,1.1135793771470155,0.7442539954860051,0.5510204081632653,1.436523725705737,0.7137504683402023,1.1584317293542203,0.29703500643303393,0,1.308
quantity_skew_extreme,7,cells,post_massmask_off,post,massmask,off,5,50,50,1.0,12,12,0.0,2.0,4,2,7200,1.1135174963346366,0.7444738730810561,0.5510204081632653,1.4358622044659113,0.7137504683402023,1.1580269677690072,0.29710289026970016,0,0.693
quantity_skew_extreme,7,cells,pre_fpmask_off,pre,fpmask,off,5,50,50,1.0,12,12,0.0,2.0,4,2,7200,1.1265702241199653,0.7722493984134213,0.5510204081632653,1.4334077910426914,0.7257399775196703,1.1294141482245552,0.297650746427418,0,1.58
quantity_skew_extreme,7,cells,pre_massmask_off,pre,massmask,off,5,50,50,1.0,12,12,0.0,2.0,4,2,7200,1.1266586540115793,0.7723842419948669,0.5510204081632653,1.4333205189601363,0.7261146496815286,1.129168110011771,0.29765355435062035,0,0.703
quantity_skew_extreme,8,cells,post_none_off,post,none,off,5,50,50,1.0,12,12,0.0,2.0,4,2,7200,4.14872279394428,0.9988095238095238,0.9918367346938776,2.572484367222144,0.997002622705133,0.14945963226121792,0.2719100073168026,0,0.735
quantity_skew_extreme,8,cells,post_none_on,post,none,on,5,50,25,1.0,12,12,0.0,2.0,4,2,3600,7.039500959985312,0.7533516389428337,0.45918367346938777,0.9488683312269222,0.8977144998126639,0.024407099372716307,0.19541423785731973,0,0.343
quantity_skew_extreme,8,cells,post_footprint_off,post,footprint,off,5,50,50,1.0,12,12,0.0,2.0,4,2,7200,7.546827566848108,1.0,1.0,1.1468536169136736,1.0,0.02013627502567194,0.13851690840191178,0,1.354
quantity_skew_extreme,8,cells,post_footprint_on,post,footprint,on,5,50,20,1.0,12,12,0.0,2.0,4,2,2880,7.5519550343513195,1.0,1.0,1.1552843530191392,1.0,0.020103021804062416,0.1420109411314712,0,0.596
quantity_skew_extreme,8,cells,post_mass_off,post,mass,off,5,50,50,1.0,12,12,0.0,2.0,4,2,7200,7.546725279145583,1.0,1.0,1.1468698606216814,1.0,0.02013710609244515,0.13851712142646147,0,0.729
quantity_skew_extreme,8,cells,post_mass_on,post,mass,on,5,50,21,1.0,12,12,0.0,2.0,4,2,3024,7.551842267243704,1.0,1.0,1.1554187128458484,1.0,0.020103918417136022,0.14202615971292437,0,0.259
quantity_skew_extreme,8,cells,pre_none_off,pre,none,off,5,50,50,1.0,12,12,0.0,2.0,4,2,7200,7.9168649561256625,1.0,1.0,1.1432840941792803,1.0,0.018240959858304373,0.13642208186392032,0,0.686
quantity_skew_extreme,8,cells,pre_none_on,pre,none,on,5,50,23,1.0,12,12,0.0,2.0,4,2,3312,5.298324617978505,0.7585595247083452,0.46938775510204084,0.9517315548778666,0.7826901461221432,0.13099791324773272,0.20444596876862145,0,0.319
quantity_skew_extreme,8,cells,pre_footprint_off,pre,footprint,off,5,50,50,1.0,12,12,0.0,2.0,4,2,7200,1.2171611602067502,0.8318274240425402,0.5918367346938775,5.220166844149545,0.7594604720869239,3.523613075428096,0.3421594031341439,0,1.382
quantity_skew_extreme,8,cells,pre_footprint_on,pre,footprint,on,5,50,32,1.0,12,12,0.0,2.0,4,2,4608,1.137066957439381,0.8358581279172936,0.5510204081632653,5.05096550027907,0.7411015361558636,4.051117484464571,0.34565012154861063,0,0.868
quantity_skew_extreme,8,cells,pre_mass_off,pre,mass,off,5,50,50,1.0,12,12,0.0,2.0,4,2,7200,1.1982070242938567,0.8344394060203278,0.5918367346938775,5.220699925433427,0.7572124391157737,3.6363444032431187,0.3423863430234964,0,0.72
quantity_skew_extreme,8,cells,pre_mass_on,pre,mass,on,5,50,36,1.0,12,12,0.0,2.0,4,2,5184,1.1754242858762178,0.8629792299749751,0.5510204081632653,4.883499051151353,0.7429748969651555,3.7893271336834418,0.341727952705364,0,0.601
quantity_skew_extreme,8,cells,post_fpmask_off,post,fpmask,off,5,50,50,1.0,12,12,0.0,2.0,4,2,7200,7.5622294498748435,1.0,1.0,1.146098187719557,1.0,0.020041126300460323,0.13832793047612937,0,1.633
quantity_skew_extreme,8,cells,post_massmask_off,post,massmask,off,5,50,50,1.0,12,12,0.0,2.0,4,2,7200,7.562229449874845,1.0,1.0,1.1460981877195588,1.0,0.020041126300460343,0.1383279304761296,0,0.666
quantity_skew_extreme,8,cells,pre_fpmask_off,pre,fpmask,off,5,50,50,1.0,12,12,0.0,2.0,4,2,7200,1.2449533839055216,0.8410447325081963,0.5816326530612245,5.185430831328875,0.7545897339827651,3.345635822417588,0.3433684383931379,0,1.345
quantity_skew_extreme,8,cells,pre_massmask_off,pre,massmask,off,5,50,50,1.0,12,12,0.0,2.0,4,2,7200,1.2449565247705474,0.8410447325081963,0.5816326530612245,5.1794733940815565,0.7545897339827651,3.34177522687231,0.34341759849816694,0,0.626
quantity_skew_extreme,9,cells,post_none_off,post,none,off,5,50,50,1.0,12,12,0.0,2.0,4,2,7200,0.9466438828020078,0.8581114518881076,0.6979591836734694,6.126926396281553,0.8235294117647058,6.83706009902066,0.5898108072648149,0,0.745
quantity_skew_extreme,9,cells,post_none_on,post,none,on,5,50,50,1.0,12,12,0.0,2.0,4,2,7200,0.8563061969879083,0.7259693298936876,0.4530612244897959,0.6934598724171835,0.5578868490071188,8.669302637604188,0.34379642599003213,0,0.722
quantity_skew_extreme,9,cells,post_footprint_off,post,footprint,off,5,50,50,1.0,12,12,0.0,2.0,4,2,7200,7.119025191114531,1.0,1.0,1.6771580555821686,1.0,0.03309275568691382,0.18931305697028575,0,1.369
quantity_skew_extreme,9,cells,post_footprint_on,post,footprint,on,5,50,29,1.0,12,12,0.0,2.0,4,2,4176,6.949952021610006,1.0,1.0,1.2178442568838617,1.0,0.028847318191690095,0.15497294288643496,0,0.802
quantity_skew_extreme,9,cells,post_mass_off,post,mass,off,5,50,50,1.0,12,12,0.0,2.0,4,2,7200,7.187655387136683,1.0,1.0,1.6307662890507588,1.0,0.03156583135584148,0.18499769097819144,0,0.826
quantity_skew_extreme,9,cells,post_mass_on,post,mass,on,5,50,35,1.0,12,12,0.0,2.0,4,2,5040,6.9605970375458,1.0,1.0,1.2153991470591015,1.0,0.028511146988464443,0.1545075800780301,0,0.596
quantity_skew_extreme,9,cells,pre_none_off,pre,none,off,5,50,50,1.0,12,12,0.0,2.0,4,2,7200,7.564321357621477,1.0,1.0,1.1749937983062377,1.0,0.020535043761058257,0.1350437039621674,0,0.632
quantity_skew_extreme,9,cells,pre_none_on,pre,none,on,5,50,33,1.0,12,12,0.0,2.0,4,2,4752,3.9486415946184845,0.7669114231418858,0.44516129032258067,0.723430920536428,0.6657924316223305,0.19634496109516225,0.3165153555184507,0,0.487
quantity_skew_extreme,9,cells,pre_footprint_off,pre,footprint,off,5,50,50,1.0,12,12,0.0,2.0,4,2,7200,7.599451297908351,1.0,1.0,1.2000992212520698,1.0,0.020780341563231296,0.13675283223583679,0,1.236
quantity_skew_extreme,9,cells,pre_footprint_on,pre,footprint,on,5,50,27,1.0,12,12,0.0,2.0,4,2,3888,7.562713154591652,1.0,1.0,1.219126948987308,1.0,0.020999773287879636,0.14361301235452034,0,0.689
quantity_skew_extreme,9,cells,pre_mass_off,pre,mass,off,5,50,50,1.0,12,12,0.0,2.0,4,2,7200,7.6008772617753,1.0,1.0,1.2007751808921225,1.0,0.020784245496718333,0.13680158974235176,0,0.656
quantity_skew_extreme,9,cells,pre_mass_on,pre,mass,on,5,50,33,1.0,12,12,0.0,2.0,4,2,4752,7.564288265328281,1.0,1.0,1.219655622129523,1.0,0.02100336432383335,0.14364158659421306,0,0.418
quantity_skew_extreme,9,cells,post_fpmask_off,post,fpmask,off,5,50,50,1.0,12,12,0.0,2.0,4,2,7200,7.1082784937697125,1.0,1.0,1.2333989747885885,1.0,0.02441038976342407,0.14562683354854508,0,1.112
quantity_skew_extreme,9,cells,post_massmask_off,post,massmask,off,5,50,50,1.0,12,12,0.0,2.0,4,2,7200,7.108278493769711,1.0,1.0,1.2333989747885892,1.0,0.024410389763424085,0.14562683354854514,0,0.424
quantity_skew_extreme,9,cells,pre_fpmask_off,pre,fpmask,off,5,50,50,1.0,12,12,0.0,2.0,4,2,7200,7.577350877044469,1.0,1.0,1.1810487678449513,1.0,0.02056994045533987,0.1354364302067656,0,0.821
quantity_skew_extreme,9,cells,pre_massmask_off,pre,massmask,off,5,50,50,1.0,12,12,0.0,2.0,4,2,7200,7.577350877044467,1.0,1.0,1.1810487678449542,1.0,0.020569940455339924,0.13543643020676585,0,0.355
wine,0,cells,post_none_off,post,none,off,5,50,50,1.0,10,10,0.0,2.0,3,13,21000,2.064425568440772,0.9300292397660821,0.8333333333333334,4.095323453965886,0.9269662921348315,0.960925570052778,0.8607237935218032,0,0.148
wine,0,cells,post_none_on,post,none,on,5,50,45,1.0,10,10,0.0,2.0,3,13,18900,0.8255651873747998,0.7487659098727211,0.6666666666666666,3.201985555809651,0.5280898876404494,6.302789175179175,0.79063417403858,0,0.133
wine,0,cells,post_footprint_off,post,footprint,off,5,50,50,1.0,10,10,0.0,2.0,3,13,21000,3.496606598173491,0.9728070175438598,0.8888888888888888,4.094396502040244,0.9719101123595506,0.334885506399864,0.7754519006104998,0,0.465
wine,0,cells,post_footprint_on,post,footprint,on,5,50,19,1.0,10,10,0.0,2.0,3,13,7980,3.5139968683817893,0.9405847953216375,0.8333333333333334,3.816117463821205,0.9382022471910112,0.33171228310056877,0.7510537229175962,0,0.199
wine,0,cells,post_mass_off,post,mass,off,5,50,50,1.0,10,10,0.0,2.0,3,13,21000,3.4255967691809723,0.9728070175438598,0.8888888888888888,4.080284907617896,0.9719101123595506,0.3477106623208389,0.7843281748313602,0,0.153
wine,0,cells,post_mass_on,post,mass,on,5,50,23,1.0,10,10,0.0,2.0,3,13,9660,3.447480163786319,0.8957039043687651,0.7894736842105263,3.7176233415284017,0.8932584269662921,0.3434589471295021,0.7606901715696599,0,0.072
wine,0,cells,pre_none_off,pre,none,off,5,50,50,1.0,10,10,0.0,2.0,3,13,21000,3.208697436486975,0.9672514619883043,0.8888888888888888,4.062708511278646,0.9662921348314607,0.3946009525883807,0.7996118009152803,0,0.145
wine,0,cells,pre_none_on,pre,none,on,5,50,37,1.0,10,10,0.0,2.0,3,13,15540,1.6796466264950742,0.7490290677674578,0.6666666666666666,3.2026820679081487,0.5730337078651685,1.508692299802101,0.7890780313029144,0,0.111
wine,0,cells,pre_footprint_off,pre,footprint,off,5,50,50,1.0,10,10,0.0,2.0,3,13,21000,3.517965508891141,0.9733625730994152,0.8947368421052632,4.109287552477894,0.9719101123595506,0.33203462757285723,0.7699509665200442,0,0.479
wine,0,cells,pre_footprint_on,pre,footprint,on,5,50,21,1.0,10,10,0.0,2.0,3,13,8820,3.5265591937063223,0.935029239766082,0.8333333333333334,3.831559848886365,0.9325842696629213,0.3305423027400022,0.7481675810497502,0,0.23
wine,0,cells,pre_mass_off,pre,mass,off,5,50,50,1.0,10,10,0.0,2.0,3,13,21000,3.529594151017587,0.9783625730994153,0.8947368421052632,4.103727358401991,0.9775280898876404,0.3294040674094157,0.7721399734452498,0,0.158
wine,0,cells,pre_mass_on,pre,mass,on,5,50,25,1.0,10,10,0.0,2.0,3,13,10500,3.532118666564874,0.9009670622635019,0.8333333333333334,3.749429730587887,0.898876404494382,0.32904553391910024,0.7552217282729186,0,0.079
wine,0,cells,post_fpmask_off,post,fpmask,off,5,50,50,1.0,10,10,0.0,2.0,3,13,21000,2.4416052378898847,0.9400292397660819,0.8333333333333334,4.078362636270189,0.9382022471910112,0.6841241845206805,0.84685977390437,0,0.495
wine,0,cells,post_massmask_off,post,massmask,off,5,50,50,1.0,10,10,0.0,2.0,3,13,21000,2.064425568440772,0.9300292397660821,0.8333333333333334,4.095323453965886,0.9269662921348315,0.960925570052778,0.8607237935218032,0,0.174
wine,0,cells,pre_fpmask_off,pre,fpmask,off,5,50,50,1.0,10,10,0.0,2.0,3,13,21000,3.4371770308586425,0.9678070175438597,0.8888888888888888,4.07441961222431,0.9662921348314607,0.3448751892354271,0.7852733573273715,0,0.625
wine,0,cells,pre_massmask_off,pre,massmask,off,5,50,50,1.0,10,10,0.0,2.0,3,13,21000,3.208697436486975,0.9672514619883043,0.8888888888888888,4.062708511278646,0.9662921348314607,0.3946009525883807,0.7996118009152803,0,0.2
wine,1,cells,post_none_off,post,none,off,5,50,50,1.0,10,10,0.0,2.0,3,13,21000,2.525221432965331,0.9402923976608187,0.7777777777777778,4.085646781605582,0.9382022471910112,0.6407105631633461,0.8542263216153863,0,0.145
wine,1,cells,post_none_on,post,none,on,5,50,50,1.0,10,10,0.0,2.0,3,13,21000,2.489400051476647,0.7658346233230134,0.6666666666666666,3.2117699778916458,0.7471910112359551,0.6640759317514479,0.7804909795725181,0,0.155
wine,1,cells,post_footprint_off,post,footprint,off,5,50,50,1.0,10,10,0.0,2.0,3,13,21000,3.5630105111713117,0.9609722222222222,0.8333333333333334,4.1167023513988985,0.9606741573033708,0.32427633830535696,0.7701886907811873,0,0.467
wine,1,cells,post_footprint_on,post,footprint,on,5,50,29,1.0,10,10,0.0,2.0,3,13,12180,3.576641186042609,0.9264787581699346,0.8333333333333334,3.827260430137648,0.9269662921348315,0.32135039935090837,0.7455740966106689,0,0.28
wine,1,cells,post_mass_off,post,mass,off,5,50,50,1.0,10,10,0.0,2.0,3,13,21000,3.379832478372053,0.9550898692810458,0.8333333333333334,4.095468989425933,0.9550561797752809,0.3585199208613475,0.7800403427605666,0,0.152
wine,1,cells,post_mass_on,post,mass,on,5,50,43,1.0,10,10,0.0,2.0,3,13,18060,3.3904830243985162,0.9001044891640868,0.7777777777777778,3.721900694699314,0.898876404494382,0.35575010927279505,0.7574798254861513,0,0.146
wine,1,cells,pre_none_off,pre,none,off,5,50,50,1.0,10,10,0.0,2.0,3,13,21000,3.126172909685257,0.9550898692810458,0.8333333333333334,4.069191085632783,0.9550561797752809,0.4163725533766259,0.798785800869632,0,0.158
wine,1,cells,pre_none_on,pre,none,on,5,50,47,1.0,10,10,0.0,2.0,3,13,19740,3.241913215236045,0.7602790677674579,0.6666666666666666,3.2122317984876605,0.7471910112359551,0.38907139927912404,0.7776938796984006,0,0.167
wine,1,cells,pre_footprint_off,pre,footprint,off,5,50,50,1.0,10,10,0.0,2.0,3,13,21000,3.583518416443846,0.9609722222222222,0.8333333333333334,4.122852288011558,0.9606741573033708,0.32105430214480773,0.7673330316686797,0,0.515
wine,1,cells,pre_footprint_on,pre,footprint,on,5,50,27,1.0,10,10,0.0,2.0,3,13,11340,3.5685831749184733,0.9320343137254902,0.8333333333333334,3.8335435946272454,0.9325842696629213,0.32327394906319257,0.7444765444685358,0,0.268
wine,1,cells,pre_mass_off,pre,mass,off,5,50,50,1.0,10,10,0.0,2.0,3,13,21000,3.473897157403718,0.9550898692810458,0.8333333333333334,4.116634912756355,0.9550561797752809,0.34112098603620467,0.7711432449122941,0,0.176
wine,1,cells,pre_mass_on,pre,mass,on,5,50,34,1.0,10,10,0.0,2.0,3,13,14280,3.4578893454306123,0.9106600447196422,0.7777777777777778,3.7476833429887053,0.9101123595505618,0.343820693169749,0.7536548415324322,0,0.14
wine,1,cells,post_fpmask_off,post,fpmask,off,5,50,50,1.0,10,10,0.0,2.0,3,13,21000,2.743934105531847,0.9281600447196423,0.8333333333333334,4.087462242647313,0.9269662921348315,0.5428831952607561,0.8356608162605326,0,0.609
wine,1,cells,post_massmask_off,post,massmask,off,5,50,50,1.0,10,10,0.0,2.0,3,13,21000,2.525221432965331,0.9402923976608187,0.7777777777777778,4.085646781605582,0.9382022471910112,0.6407105631633461,0.8542263216153863,0,0.178
wine,1,cells,pre_fpmask_off,pre,fpmask,off,5,50,50,1.0,10,10,0.0,2.0,3,13,21000,3.3483936542945933,0.9493954248366014,0.8333333333333334,4.087416793720533,0.949438202247191,0.36456578286193453,0.7902799763731123,0,0.537
wine,1,cells,pre_massmask_off,pre,massmask,off,5,50,50,1.0,10,10,0.0,2.0,3,13,21000,3.126172909685257,0.9550898692810458,0.8333333333333334,4.069191085632783,0.9550561797752809,0.4163725533766259,0.798785800869632,0,0.168
wine,2,cells,post_none_off,post,none,off,5,50,50,1.0,10,10,0.0,2.0,3,13,21000,1.6237229614934832,0.9341812865497076,0.8333333333333334,4.134382503900034,0.9325842696629213,1.5681470656112027,0.8709900235081212,0,0.167
wine,2,cells,post_none_on,post,none,on,5,50,23,1.0,10,10,0.0,2.0,3,13,9660,1.8576635669803936,0.7272527519779841,0.5555555555555556,3.087409727850404,0.6797752808988764,1.205368473462936,0.7580845119491393,0,0.08
wine,2,cells,post_footprint_off,post,footprint,off,5,50,50,1.0,10,10,0.0,2.0,3,13,21000,3.589211772996619,0.967514619883041,0.8888888888888888,4.103557494918915,0.9662921348314607,0.31853881160306147,0.7757322393554267,0,0.549
wine,2,cells,post_footprint_on,post,footprint,on,5,50,32,1.0,10,10,0.0,2.0,3,13,13440,3.5972581278448548,0.9197368421052632,0.75,3.799388480799276,0.9157303370786517,0.3171082055728703,0.7466138699263992,0,0.351
wine,2,cells,post_mass_off,post,mass,off,5,50,50,1.0,10,10,0.0,2.0,3,13,21000,3.3810841151415127,0.967514619883041,0.8888888888888888,4.088123149214047,0.9662921348314607,0.3576119470108974,0.7841594021696362,0,0.19
wine,2,cells,post_mass_on,post,mass,on,5,50,50,1.0,10,10,0.0,2.0,3,13,21000,3.2060866089231315,0.8767543859649123,0.6842105263157895,3.7054716932815444,0.8707865168539326,0.3975434527143335,0.7644958756406163,0,0.182
wine,2,cells,pre_none_off,pre,none,off,5,50,50,1.0,10,10,0.0,2.0,3,13,21000,3.1626103334811755,0.967514619883041,0.8888888888888888,4.071410907218516,0.9662921348314607,0.40705544131364013,0.7970632628818161,0,0.182
wine,2,cells,pre_none_on,pre,none,on,5,50,24,1.0,10,10,0.0,2.0,3,13,10080,2.4930563807650903,0.7328083075335396,0.6111111111111112,3.0883905393648794,0.6853932584269663,0.6632410087631194,0.7557762766977226,0,0.103
wine,2,cells,pre_footprint_off,pre,footprint,off,5,50,50,1.0,10,10,0.0,2.0,3,13,21000,3.635320489256999,0.967514619883041,0.8888888888888888,4.118316476813415,0.9662921348314607,0.3116264476396805,0.7701319899917477,0,0.585
wine,2,cells,pre_footprint_on,pre,footprint,on,5,50,27,1.0,10,10,0.0,2.0,3,13,11340,3.635925912767425,0.9247368421052633,0.7777777777777778,3.814012540527759,0.9213483146067416,0.3118439238984399,0.7428592117934717,0,0.27
wine,2,cells,pre_mass_off,pre,mass,off,5,50,50,1.0,10,10,0.0,2.0,3,13,21000,3.617972990613098,0.967514619883041,0.8888888888888888,4.115757909996121,0.9662921348314607,0.31442652847055896,0.7715669525247073,0,0.164
wine,2,cells,pre_mass_on,pre,mass,on,5,50,40,1.0,10,10,0.0,2.0,3,13,16800,3.619455107948905,0.9086257309941521,0.75,3.74274722107492,0.9044943820224719,0.31455905993190775,0.7490229363137859,0,0.126
wine,2,cells,post_fpmask_off,post,fpmask,off,5,50,50,1.0,10,10,0.0,2.0,3,13,21000,2.6547755551525785,0.9241812865497077,0.8333333333333334,4.1067601917022,0.9213483146067416,0.5826982630059055,0.8412761319000878,0,0.535
wine,2,cells,post_massmask_off,post,massmask,off,5,50,50,1.0,10,10,0.0,2.0,3,13,21000,1.6237229614934832,0.9341812865497076,0.8333333333333334,4.134382503900034,0.9325842696629213,1.5681470656112027,0.8709900235081212,0,0.158
wine,2,cells,pre_fpmask_off,pre,fpmask,off,5,50,50,1.0,10,10,0.0,2.0,3,13,21000,3.4033330555752928,0.967514619883041,0.8888888888888888,4.09507425616993,0.9662921348314607,0.35355165732518534,0.7835400237757758,0,0.537
wine,2,cells,pre_massmask_off,pre,massmask,off,5,50,50,1.0,10,10,0.0,2.0,3,13,21000,3.1626103334811755,0.967514619883041,0.8888888888888888,4.071410907218516,0.9662921348314607,0.40705544131364013,0.7970632628818161,0,0.15
wine,3,cells,post_none_off,post,none,off,5,50,50,1.0,10,10,0.0,2.0,3,13,21000,2.3162275985138097,0.9501535087719299,0.8888888888888888,4.084072136351531,0.949438202247191,0.7612563709401633,0.8548996026130283,0,0.149
wine,3,cells,post_none_on,post,none,on,5,50,50,1.0,10,10,0.0,2.0,3,13,21000,0.7861022858942835,0.7688265393876849,0.6666666666666666,3.2210630743770476,0.5730337078651685,7.017895111741343,0.7959356793013523,0,0.17
wine,3,cells,post_footprint_off,post,footprint,off,5,50,50,1.0,10,10,0.0,2.0,3,13,21000,3.6699449354164475,0.9770833333333334,0.9375,4.128789929539219,0.9775280898876404,0.30655167302740993,0.768827747823954,0,0.521
wine,3,cells,post_footprint_on,post,footprint,on,5,50,19,1.0,10,10,0.0,2.0,3,13,7980,3.680217335314034,0.9492711558307534,0.8333333333333334,3.8419110855365535,0.949438202247191,0.304844846529067,0.7451057956855753,0,0.211
wine,3,cells,post_mass_off,post,mass,off,5,50,50,1.0,10,10,0.0,2.0,3,13,21000,3.4843624395763193,0.9715277777777779,0.8888888888888888,4.099982575012443,0.9719101123595506,0.33770334617697817,0.7788922797178873,0,0.161
wine,3,cells,post_mass_on,post,mass,on,5,50,20,1.0,10,10,0.0,2.0,3,13,8400,3.4685438981254886,0.9135685414516684,0.7647058823529411,3.73042917254345,0.9157303370786517,0.34082578507097516,0.7563283651468122,0,0.065
wine,3,cells,pre_none_off,pre,none,off,5,50,50,1.0,10,10,0.0,2.0,3,13,21000,3.2973919010191635,0.9662646198830409,0.8888888888888888,4.070417442520722,0.9662921348314607,0.37436722210212797,0.7941496056431865,0,0.213
wine,3,cells,pre_none_on,pre,none,on,5,50,50,1.0,10,10,0.0,2.0,3,13,21000,0.9248667233169516,0.7688265393876849,0.6666666666666666,3.222094505229334,0.5730337078651685,5.029344412706973,0.7952018839394016,0,0.226
wine,3,cells,pre_footprint_off,pre,footprint,off,5,50,50,1.0,10,10,0.0,2.0,3,13,21000,3.7382964613697927,0.9770833333333334,0.9375,4.142172516750933,0.9775280898876404,0.296401709096359,0.7641710560915999,0,0.542
wine,3,cells,pre_footprint_on,pre,footprint,on,5,50,19,1.0,10,10,0.0,2.0,3,13,7980,3.7536501415989543,0.9548267113863089,0.8888888888888888,3.8531516838862148,0.9550561797752809,0.29399336984936303,0.7424877906104681,0,0.219
wine,3,cells,pre_mass_off,pre,mass,off,5,50,50,1.0,10,10,0.0,2.0,3,13,21000,3.640389560272074,0.9715277777777779,0.8888888888888888,4.125128201739329,0.9719101123595506,0.31127319949939125,0.768242476773493,0,0.172
wine,3,cells,pre_mass_on,pre,mass,on,5,50,20,1.0,10,10,0.0,2.0,3,13,8400,3.640487755039411,0.9135685414516684,0.7647058823529411,3.757323980978418,0.9157303370786517,0.3112675204154812,0.7510703414505917,0,0.063
wine,3,cells,post_fpmask_off,post,fpmask,off,5,50,50,1.0,10,10,0.0,2.0,3,13,21000,2.551817973152368,0.9440423976608188,0.8888888888888888,4.084305028057389,0.9438202247191011,0.6272183925371326,0.8443129216903958,0,0.535
wine,3,cells,post_massmask_off,post,massmask,off,5,50,50,1.0,10,10,0.0,2.0,3,13,21000,2.3162275985138097,0.9501535087719299,0.8888888888888888,4.084072136351531,0.949438202247191,0.7612563709401633,0.8548996026130283,0,0.159
wine,3,cells,pre_fpmask_off,pre,fpmask,off,5,50,50,1.0,10,10,0.0,2.0,3,13,21000,3.4376977577527787,0.9662646198830409,0.8888888888888888,4.095042608547321,0.9662921348314607,0.3465158010682098,0.7804122338381777,0,0.496
wine,3,cells,pre_massmask_off,pre,massmask,off,5,50,50,1.0,10,10,0.0,2.0,3,13,21000,3.2973919010191635,0.9662646198830409,0.8888888888888888,4.070417442520722,0.9662921348314607,0.37436722210212797,0.7941496056431865,0,0.148
wine,4,cells,post_none_off,post,none,off,5,50,50,1.0,10,10,0.0,2.0,3,13,21000,2.5897592269875296,0.9390423976608187,0.7777777777777778,4.074777531724512,0.9382022471910112,0.6075543359261009,0.8408250953694204,0,0.195
wine,4,cells,post_none_on,post,none,on,5,50,20,1.0,10,10,0.0,2.0,3,13,8400,1.9116313020380853,0.7711468008255934,0.65,3.1527135035939597,0.7191011235955056,1.1309485315325156,0.7376156132199122,0,0.066
wine,4,cells,post_footprint_off,post,footprint,off,5,50,50,1.0,10,10,0.0,2.0,3,13,21000,3.6977067412815012,0.9662646198830409,0.8888888888888888,4.126583340267902,0.9662921348314607,0.3018044857379157,0.767045790365078,0,0.518
wine,4,cells,post_footprint_on,post,footprint,on,5,50,34,1.0,10,10,0.0,2.0,3,13,14280,3.6896134173768185,0.9228332473340213,0.8333333333333334,3.8135600893733392,0.9213483146067416,0.303004137354331,0.733559801208706,0,0.445
wine,4,cells,post_mass_off,post,mass,off,5,50,50,1.0,10,10,0.0,2.0,3,13,21000,3.5589788577975927,0.9662646198830409,0.8888888888888888,4.105283080844116,0.9662921348314607,0.3241098972999249,0.7743436418181849,0,0.182
wine,4,cells,post_mass_on,post,mass,on,5,50,31,1.0,10,10,0.0,2.0,3,13,13020,3.5603658189193617,0.8943266253869968,0.7777777777777778,3.7081661113772526,0.8932584269662921,0.32388506938017464,0.7381453678608446,0,0.11
wine,4,cells,pre_none_off,pre,none,off,5,50,50,1.0,10,10,0.0,2.0,3,13,21000,3.297126361674804,0.9662646198830409,0.8888888888888888,4.080684143675409,0.9662921348314607,0.3753719332300659,0.7879888214938469,0,0.177
wine,4,cells,pre_none_on,pre,none,on,5,50,29,1.0,10,10,0.0,2.0,3,13,12180,3.016558968001507,0.7711468008255934,0.65,3.1436266529123906,0.7191011235955056,0.4504311884278479,0.734871092166228,0,0.104
wine,4,cells,pre_footprint_off,pre,footprint,off,5,50,50,1.0,10,10,0.0,2.0,3,13,21000,3.7993443773697955,0.9662646198830409,0.8888888888888888,4.147781778170667,0.9662921348314607,0.28734164827439224,0.762052892950973,0,0.554
wine,4,cells,pre_footprint_on,pre,footprint,on,5,50,26,1.0,10,10,0.0,2.0,3,13,10920,3.7907941154231986,0.9283888028895768,0.85,3.8291188411993016,0.9269662921348315,0.2885937204644726,0.730709903329681,0,0.293
wine,4,cells,pre_mass_off,pre,mass,off,5,50,50,1.0,10,10,0.0,2.0,3,13,21000,3.747923467979483,0.9662646198830409,0.8888888888888888,4.13666678419689,0.9662921348314607,0.2944890228271294,0.7642055463508511,0,0.17
wine,4,cells,pre_mass_on,pre,mass,on,5,50,32,1.0,10,10,0.0,2.0,3,13,13440,3.7777902570037054,0.8943266253869968,0.7777777777777778,3.736677894722125,0.8932584269662921,0.28982390926290164,0.7332489724527631,0,0.097
wine,4,cells,post_fpmask_off,post,fpmask,off,5,50,50,1.0,10,10,0.0,2.0,3,13,21000,2.7778201690756323,0.9440423976608188,0.7777777777777778,4.066251140585241,0.9438202247191011,0.52697006365677,0.830932790633397,0,0.514
wine,4,cells,post_massmask_off,post,massmask,off,5,50,50,1.0,10,10,0.0,2.0,3,13,21000,2.5897592269875296,0.9390423976608187,0.7777777777777778,4.074777531724512,0.9382022471910112,0.6075543359261009,0.8408250953694204,0,0.162
wine,4,cells,pre_fpmask_off,pre,fpmask,off,5,50,50,1.0,10,10,0.0,2.0,3,13,21000,3.3776073154863404,0.9662646198830409,0.8888888888888888,4.084875030146434,0.9662921348314607,0.35806383711415785,0.7847144189794789,0,0.518
wine,4,cells,pre_massmask_off,pre,massmask,off,5,50,50,1.0,10,10,0.0,2.0,3,13,21000,3.297126361674804,0.9662646198830409,0.8888888888888888,4.080684143675409,0.9662921348314607,0.3753719332300659,0.7879888214938469,0,0.145
wine,5,cells,post_none_off,post,none,off,5,50,50,1.0,10,10,0.0,2.0,3,13,21000,1.5419227984827897,0.9241812865497077,0.7777777777777778,4.138164701983726,0.9213483146067416,1.7405340035614292,0.8718552212168532,0,0.165
wine,5,cells,post_none_on,post,none,on,5,50,42,1.0,10,10,0.0,2.0,3,13,17640,0.7193976147439097,0.7318558651530788,0.6111111111111112,3.222264371650986,0.5449438202247191,8.299652535043304,0.774373194809534,0,0.141
wine,5,cells,post_footprint_off,post,footprint,off,5,50,50,1.0,10,10,0.0,2.0,3,13,21000,3.573985002196976,0.9671878224974201,0.9411764705882353,4.108562371667212,0.9662921348314607,0.3216506496686041,0.7724880536061153,0,0.532
wine,5,cells,post_footprint_on,post,footprint,on,5,50,36,1.0,10,10,0.0,2.0,3,13,15120,3.5230742159174886,0.9241468868249054,0.8333333333333334,3.890827816999643,0.9213483146067416,0.33137937543220525,0.7563901222690462,0,0.378
wine,5,cells,post_mass_off,post,mass,off,5,50,50,1.0,10,10,0.0,2.0,3,13,21000,3.407946051598261,0.9616322669418645,0.8888888888888888,4.089940041551239,0.9606741573033708,0.35215310250699455,0.7829679019137824,0,0.157
wine,5,cells,post_mass_on,post,mass,on,5,50,40,1.0,10,10,0.0,2.0,3,13,16800,3.323688397860888,0.9227579979360165,0.85,3.7958924493064807,0.9213483146067416,0.37045527446282434,0.7651266412901331,0,0.137
wine,5,cells,pre_none_off,pre,none,off,5,50,50,1.0,10,10,0.0,2.0,3,13,21000,3.014621333633545,0.9619590643274852,0.8333333333333334,4.076014248768135,0.9606741573033708,0.4485079619905499,0.799688419763882,0,0.16
wine,5,cells,pre_none_on,pre,none,on,5,50,44,1.0,10,10,0.0,2.0,3,13,18480,1.4867473647196938,0.7268558651530788,0.6,3.2235192520041944,0.5561797752808989,1.9410952508095325,0.7729625164209819,0,0.131
wine,5,cells,pre_footprint_off,pre,footprint,off,5,50,50,1.0,10,10,0.0,2.0,3,13,21000,3.6363063886756968,0.9724509803921568,0.9411764705882353,4.120403244650732,0.9719101123595506,0.3116153068901945,0.7681098733377282,0,0.527
wine,5,cells,pre_footprint_on,pre,footprint,on,5,50,45,1.0,10,10,0.0,2.0,3,13,18900,3.5985967572390933,0.9294100447196423,0.8333333333333334,3.9027863483421146,0.9269662921348315,0.31870671953313295,0.7539406156076175,0,0.431
wine,5,cells,pre_mass_off,pre,mass,off,5,50,50,1.0,10,10,0.0,2.0,3,13,21000,3.6550883648427948,0.9724509803921568,0.9411764705882353,4.115086755887308,0.9719101123595506,0.3080230620804303,0.7707613831499307,0,0.146
wine,5,cells,pre_mass_on,pre,mass,on,5,50,32,1.0,10,10,0.0,2.0,3,13,13440,3.562460222667613,0.9290079979360165,0.85,3.827767525617315,0.9269662921348315,0.3243027038013076,0.7604400318786959,0,0.096
wine,5,cells,post_fpmask_off,post,fpmask,off,5,50,50,1.0,10,10,0.0,2.0,3,13,21000,1.827912766520707,0.9239181286549707,0.7777777777777778,4.1192038472314225,0.9213483146067416,1.2328276105391183,0.8636556149238951,0,0.473
wine,5,cells,post_massmask_off,post,massmask,off,5,50,50,1.0,10,10,0.0,2.0,3,13,21000,1.5419227984827897,0.9241812865497077,0.7777777777777778,4.138164701983726,0.9213483146067416,1.7405340035614292,0.8718552212168532,0,0.15
wine,5,cells,pre_fpmask_off,pre,fpmask,off,5,50,50,1.0,10,10,0.0,2.0,3,13,21000,3.291068428970181,0.962251461988304,0.8888888888888888,4.0708825668044994,0.9606741573033708,0.37585016882348615,0.7912026692517558,0,0.459
wine,5,cells,pre_massmask_off,pre,massmask,off,5,50,50,1.0,10,10,0.0,2.0,3,13,21000,3.014621333633545,0.9619590643274852,0.8333333333333334,4.076014248768135,0.9606741573033708,0.4485079619905499,0.799688419763882,0,0.144
wine,6,cells,post_none_off,post,none,off,5,50,50,1.0,10,10,0.0,2.0,3,13,21000,1.8267773185534997,0.9241812865497077,0.7777777777777778,4.125313927049148,0.9213483146067416,1.236191580962361,0.8637381574134557,0,0.162
wine,6,cells,post_none_on,post,none,on,5,50,43,1.0,10,10,0.0,2.0,3,13,18060,1.7709053642643307,0.7446482628138974,0.65,3.20006107543637,0.7078651685393258,1.3339175705476376,0.7798975231955656,0,0.135
wine,6,cells,post_footprint_off,post,footprint,off,5,50,50,1.0,10,10,0.0,2.0,3,13,21000,3.6175409910169365,0.9788888888888889,0.9,4.109308446735556,0.9775280898876404,0.3140087998946064,0.7743258514764535,0,0.594
wine,6,cells,post_footprint_on,post,footprint,on,5,50,21,1.0,10,10,0.0,2.0,3,13,8820,3.5702882514369976,0.9395343137254903,0.8333333333333334,3.8290975539508154,0.9382022471910112,0.32222624699076313,0.7464409436254698,0,0.212
wine,6,cells,post_mass_off,post,mass,off,5,50,50,1.0,10,10,0.0,2.0,3,13,21000,3.4138931504895753,0.9733333333333334,0.9,4.091639963005648,0.9719101123595506,0.35107310732838093,0.7841546159741353,0,0.153
wine,6,cells,post_mass_on,post,mass,on,5,50,35,1.0,10,10,0.0,2.0,3,13,14700,3.4370916593637464,0.9339787581699348,0.8333333333333334,3.736878736543999,0.9325842696629213,0.3465019902972374,0.7565154985308005,0,0.108
wine,6,cells,pre_none_off,pre,none,off,5,50,50,1.0,10,10,0.0,2.0,3,13,21000,3.2161751652253816,0.9677777777777778,0.9,4.06710398847399,0.9662921348314607,0.39319310053411566,0.7983708797537586,0,0.144
wine,6,cells,pre_none_on,pre,none,on,5,50,44,1.0,10,10,0.0,2.0,3,13,18480,2.8933877882301156,0.7496482628138975,0.6666666666666666,3.2007548501297776,0.6853932584269663,0.48906040050419797,0.7782585430120939,0,0.14
wine,6,cells,pre_footprint_off,pre,footprint,off,5,50,50,1.0,10,10,0.0,2.0,3,13,21000,3.6241733093921185,0.9788888888888889,0.9,4.119327693617864,0.9775280898876404,0.3136233766016538,0.7686149089111204,0,0.503
wine,6,cells,pre_footprint_on,pre,footprint,on,5,50,50,1.0,10,10,0.0,2.0,3,13,21000,3.6439601292066373,0.9395343137254903,0.8333333333333334,3.843065687814592,0.9382022471910112,0.31047975296066216,0.743489749350199,0,0.479
wine,6,cells,pre_mass_off,pre,mass,off,5,50,50,1.0,10,10,0.0,2.0,3,13,21000,3.590860876748576,0.9733333333333333,0.9,4.110727145877233,0.9719101123595506,0.31880233409729025,0.7716230941552067,0,0.145
wine,6,cells,pre_mass_on,pre,mass,on,5,50,26,1.0,10,10,0.0,2.0,3,13,10920,3.6158236352531135,0.9280964052287581,0.8333333333333334,3.765036476658705,0.9269662921348315,0.31473116998901696,0.7509559631820117,0,0.077
wine,6,cells,post_fpmask_off,post,fpmask,off,5,50,50,1.0,10,10,0.0,2.0,3,13,21000,1.8267773185534997,0.9241812865497077,0.7777777777777778,4.125313927049148,0.9213483146067416,1.236191580962361,0.8637381574134557,0,0.464
wine,6,cells,post_massmask_off,post,massmask,off,5,50,50,1.0,10,10,0.0,2.0,3,13,21000,1.8267773185534997,0.9241812865497077,0.7777777777777778,4.125313927049148,0.9213483146067416,1.236191580962361,0.8637381574134557,0,0.153
wine,6,cells,pre_fpmask_off,pre,fpmask,off,5,50,50,1.0,10,10,0.0,2.0,3,13,21000,3.4712809608995863,0.9674509803921568,0.9,4.093933391877829,0.9662921348314607,0.3397513881172837,0.7781173261891855,0,0.453
wine,6,cells,pre_massmask_off,pre,massmask,off,5,50,50,1.0,10,10,0.0,2.0,3,13,21000,3.2161751652253816,0.9677777777777778,0.9,4.06710398847399,0.9662921348314607,0.39319310053411566,0.7983708797537586,0,0.138
wine,7,cells,post_none_off,post,none,off,5,50,50,1.0,10,10,0.0,2.0,3,13,21000,2.3173555435367788,0.9166468868249055,0.8333333333333334,4.086204272810024,0.9157303370786517,0.7609125222592756,0.8523056889653327,0,0.171
wine,7,cells,post_none_on,post,none,on,5,50,20,1.0,10,10,0.0,2.0,3,13,8400,1.599736852546404,0.781641726866185,0.6666666666666666,3.132896614653536,0.6292134831460674,1.6813897481961535,0.7572674386433518,0,0.062
wine,7,cells,post_footprint_off,post,footprint,off,5,50,50,1.0,10,10,0.0,2.0,3,13,21000,3.4466733562768264,0.9665277777777778,0.8888888888888888,4.10849285919939,0.9662921348314607,0.3458456221414301,0.7727280768297244,0,0.564
wine,7,cells,post_footprint_on,post,footprint,on,5,50,17,1.0,10,10,0.0,2.0,3,13,7140,3.4828180085020115,0.9259640522875818,0.8235294117647058,3.7757919476107085,0.9269662921348315,0.33866472584816304,0.7368495691327728,0,0.178
wine,7,cells,post_mass_off,post,mass,off,5,50,50,1.0,10,10,0.0,2.0,3,13,21000,3.2665702185861916,0.9665277777777778,0.8888888888888888,4.088064655787846,0.9662921348314607,0.38311906075154545,0.7836566252224199,0,0.147
wine,7,cells,post_mass_on,post,mass,on,5,50,26,1.0,10,10,0.0,2.0,3,13,10920,3.2799560596069854,0.9148529411764705,0.7777777777777778,3.666315293562581,0.9157303370786517,0.38009020771503105,0.7483711009493302,0,0.078
wine,7,cells,pre_none_off,pre,none,off,5,50,50,1.0,10,10,0.0,2.0,3,13,21000,3.0947433038624093,0.961264619883041,0.8888888888888888,4.068847404422253,0.9606741573033708,0.42483680964308157,0.7979899588234303,0,0.157
wine,7,cells,pre_none_on,pre,none,on,5,50,24,1.0,10,10,0.0,2.0,3,13,10080,2.064017981093972,0.7871972824217406,0.7222222222222222,3.1342998008332636,0.6235955056179775,0.9955601326247911,0.7561810544265567,0,0.075
wine,7,cells,pre_footprint_off,pre,footprint,off,5,50,50,1.0,10,10,0.0,2.0,3,13,21000,3.5468907159819296,0.9665277777777778,0.8888888888888888,4.123528387166819,0.9662921348314607,0.32777314906174077,0.7671076652981339,0,0.464
wine,7,cells,pre_footprint_on,pre,footprint,on,5,50,21,1.0,10,10,0.0,2.0,3,13,8820,3.5686020290103677,0.9318464052287583,0.8333333333333334,3.790852257128181,0.9325842696629213,0.3238277054926551,0.7341167612651064,0,0.19
wine,7,cells,pre_mass_off,pre,mass,off,5,50,50,1.0,10,10,0.0,2.0,3,13,21000,3.4696058904046203,0.9665277777777778,0.8888888888888888,4.113901062080985,0.9662921348314607,0.3417382175948133,0.7713212756437319,0,0.151
wine,7,cells,pre_mass_on,pre,mass,on,5,50,25,1.0,10,10,0.0,2.0,3,13,10500,3.4718929045107627,0.9204084967320261,0.8235294117647058,3.7025267476918846,0.9213483146067416,0.3414645094768552,0.7437564515176672,0,0.074
wine,7,cells,post_fpmask_off,post,fpmask,off,5,50,50,1.0,10,10,0.0,2.0,3,13,21000,2.3173555435365665,0.9166468868249055,0.8333333333333334,4.086204272810031,0.9157303370786517,0.7609125222594165,0.852305688965334,0,0.477
wine,7,cells,post_massmask_off,post,massmask,off,5,50,50,1.0,10,10,0.0,2.0,3,13,21000,2.3173555435367788,0.9166468868249055,0.8333333333333334,4.086204272810024,0.9157303370786517,0.7609125222592756,0.8523056889653327,0,0.149
wine,7,cells,pre_fpmask_off,pre,fpmask,off,5,50,50,1.0,10,10,0.0,2.0,3,13,21000,3.226187632524581,0.9665277777777778,0.8888888888888888,4.077527530158646,0.9662921348314607,0.3917578052076896,0.7888781191376714,0,0.466
wine,7,cells,pre_massmask_off,pre,massmask,off,5,50,50,1.0,10,10,0.0,2.0,3,13,21000,3.0947433038624093,0.961264619883041,0.8888888888888888,4.068847404422253,0.9606741573033708,0.42483680964308157,0.7979899588234303,0,0.137
wine,8,cells,post_none_off,post,none,off,5,50,50,1.0,10,10,0.0,2.0,3,13,21000,2.2892711669844643,0.8833427932576539,0.7222222222222222,4.10686980926772,0.8820224719101124,0.7836397524378794,0.8553486317039047,0,0.162
wine,8,cells,post_none_on,post,none,on,5,50,30,1.0,10,10,0.0,2.0,3,13,12600,1.7504288989853936,0.7732249742002064,0.6842105263157895,3.2109145391908767,0.6067415730337079,1.4083094692948437,0.781660202349839,0,0.108
wine,8,cells,post_footprint_off,post,footprint,off,5,50,50,1.0,10,10,0.0,2.0,3,13,21000,3.2784013569649613,0.9485767113863088,0.8888888888888888,4.112027451359517,0.949438202247191,0.3825883695938089,0.7796747526335036,0,0.482
wine,8,cells,post_footprint_on,post,footprint,on,5,50,21,1.0,10,10,0.0,2.0,3,13,8820,3.2832044011977852,0.9160569315445477,0.8333333333333334,3.8193096373253854,0.9157303370786517,0.3819449501191041,0.7495805201265191,0,0.238
wine,8,cells,post_mass_off,post,mass,off,5,50,50,1.0,10,10,0.0,2.0,3,13,21000,3.093099076740829,0.9430211558307533,0.8888888888888888,4.0980442660632255,0.9438202247191011,0.42834034539085397,0.7902893992196915,0,0.173
wine,8,cells,post_mass_on,post,mass,on,5,50,29,1.0,10,10,0.0,2.0,3,13,12180,3.1081923672204037,0.8931695046439628,0.7368421052631579,3.704479302928338,0.8932584269662921,0.42438679232701504,0.7612125764106367,0,0.098
wine,8,cells,pre_none_off,pre,none,off,5,50,50,1.0,10,10,0.0,2.0,3,13,21000,2.950665805340708,0.9430211558307533,0.8888888888888888,4.076716445989111,0.9438202247191011,0.46824209890109425,0.8031211789026401,0,0.147
wine,8,cells,pre_none_on,pre,none,on,5,50,50,1.0,10,10,0.0,2.0,3,13,21000,2.0692865845219237,0.778780529755762,0.6842105263157895,3.2121915255013653,0.601123595505618,0.9866382495404963,0.7805649405312599,0,0.16
wine,8,cells,pre_footprint_off,pre,footprint,off,5,50,50,1.0,10,10,0.0,2.0,3,13,21000,3.3917779308322764,0.9485767113863088,0.8888888888888888,4.123389459266355,0.949438202247191,0.35842602535368057,0.7738436317923019,0,0.459
wine,8,cells,pre_footprint_on,pre,footprint,on,5,50,25,1.0,10,10,0.0,2.0,3,13,10500,3.390259669335515,0.9374312005503956,0.8823529411764706,3.8297967723002966,0.9382022471910112,0.359067918272955,0.7470265923343289,0,0.242
wine,8,cells,pre_mass_off,pre,mass,off,5,50,50,1.0,10,10,0.0,2.0,3,13,21000,3.321560457943146,0.9485767113863088,0.8888888888888888,4.118438812167169,0.949438202247191,0.373291666398433,0.7770989384742698,0,0.156
wine,8,cells,pre_mass_on,pre,mass,on,5,50,30,1.0,10,10,0.0,2.0,3,13,12600,3.3262272841128127,0.9095437736498108,0.7894736842105263,3.74011646639762,0.9101123595505618,0.37256152018804106,0.7558957767559098,0,0.089
wine,8,cells,post_fpmask_off,post,fpmask,off,5,50,50,1.0,10,10,0.0,2.0,3,13,21000,2.4107770544969296,0.8777872377020983,0.6666666666666666,4.106202483015635,0.8764044943820225,0.7065229323748572,0.8501511924577655,0,0.455
wine,8,cells,post_massmask_off,post,massmask,off,5,50,50,1.0,10,10,0.0,2.0,3,13,21000,2.2892711669844643,0.8833427932576539,0.7222222222222222,4.10686980926772,0.8820224719101124,0.7836397524378794,0.8553486317039047,0,0.145
wine,8,cells,pre_fpmask_off,pre,fpmask,off,5,50,50,1.0,10,10,0.0,2.0,3,13,21000,3.1853737645513336,0.9380211558307534,0.8333333333333334,4.098284171627063,0.9382022471910112,0.40390689887757286,0.7957592278360001,0,0.427
wine,8,cells,pre_massmask_off,pre,massmask,off,5,50,50,1.0,10,10,0.0,2.0,3,13,21000,2.950665805340708,0.9430211558307533,0.8888888888888888,4.076716445989111,0.9438202247191011,0.46824209890109425,0.8031211789026401,0,0.13
wine,9,cells,post_none_off,post,none,off,5,50,50,1.0,10,10,0.0,2.0,3,13,21000,2.3905585643328897,0.9186549707602341,0.8333333333333334,4.09145816580034,0.9157303370786517,0.7159444714605107,0.8573520376581955,0,0.155
wine,9,cells,post_none_on,post,none,on,5,50,26,1.0,10,10,0.0,2.0,3,13,10920,1.6471541314593041,0.7529325765393877,0.6666666666666666,3.1932484136501174,0.5112359550561798,1.5914707245263078,0.7689685341008797,0,0.085
wine,9,cells,post_footprint_off,post,footprint,off,5,50,50,1.0,10,10,0.0,2.0,3,13,21000,3.346444657629154,0.9777777777777776,0.9444444444444444,4.1046799199618285,0.9775280898876404,0.3665320893008864,0.7762344909969231,0,0.466
wine,9,cells,post_footprint_on,post,footprint,on,5,50,41,1.0,10,10,0.0,2.0,3,13,17220,3.3294626179089115,0.9495979532163743,0.8888888888888888,3.8210754368033606,0.949438202247191,0.3703589385952537,0.7466781181599109,0,0.374
wine,9,cells,post_mass_off,post,mass,off,5,50,50,1.0,10,10,0.0,2.0,3,13,21000,3.143954395561835,0.9614035087719298,0.8333333333333334,4.090651947544758,0.9606741573033708,0.4138472309031471,0.7861842232940462,0,0.151
wine,9,cells,post_mass_on,post,mass,on,5,50,50,1.0,10,10,0.0,2.0,3,13,21000,1.2302770793353244,0.8541761265909873,0.6111111111111112,3.6316631695334767,0.7303370786516854,2.7881285292360944,0.8003956159398142,0,0.147
wine,9,cells,pre_none_off,pre,none,off,5,50,50,1.0,10,10,0.0,2.0,3,13,21000,3.078315130554624,0.9669590643274854,0.8888888888888888,4.065647404314824,0.9662921348314607,0.42904570375351536,0.7993152448405975,0,0.141
wine,9,cells,pre_none_on,pre,none,on,5,50,33,1.0,10,10,0.0,2.0,3,13,13860,1.8494578439709313,0.7529325765393877,0.6666666666666666,3.193558974695267,0.5168539325842697,1.2651761072783407,0.7689004734016196,0,0.101
wine,9,cells,pre_footprint_off,pre,footprint,off,5,50,50,1.0,10,10,0.0,2.0,3,13,21000,3.5326699950022986,0.9722222222222223,0.8888888888888888,4.11766856896071,0.9719101123595506,0.329947808446229,0.7695227019694907,0,0.458
wine,9,cells,pre_footprint_on,pre,footprint,on,5,50,27,1.0,10,10,0.0,2.0,3,13,11340,3.579627199445217,0.9555555555555555,0.8333333333333334,3.8308926683856726,0.9550561797752809,0.3213335404333955,0.7397069933584995,0,0.231
wine,9,cells,pre_mass_off,pre,mass,off,5,50,50,1.0,10,10,0.0,2.0,3,13,21000,3.448305964723348,0.9777777777777776,0.9444444444444444,4.109852868382401,0.9775280898876404,0.34563259161871934,0.7722651625276974,0,0.128
wine,9,cells,pre_mass_on,pre,mass,on,5,50,43,1.0,10,10,0.0,2.0,3,13,18060,1.593359880101529,0.8607529239766082,0.5555555555555556,3.6407097712187237,0.7471910112359551,1.6525150748157333,0.7934586929060539,0,0.105
wine,9,cells,post_fpmask_off,post,fpmask,off,5,50,50,1.0,10,10,0.0,2.0,3,13,21000,2.48337679347192,0.9078362573099417,0.7894736842105263,4.091732673486887,0.9044943820224719,0.663471107533621,0.8529714652827282,0,0.352
wine,9,cells,post_massmask_off,post,massmask,off,5,50,50,1.0,10,10,0.0,2.0,3,13,21000,2.3905585643328897,0.9186549707602341,0.8333333333333334,4.09145816580034,0.9157303370786517,0.7159444714605107,0.8573520376581955,0,0.107
wine,9,cells,pre_fpmask_off,pre,fpmask,off,5,50,50,1.0,10,10,0.0,2.0,3,13,21000,3.262651229580342,0.9669590643274854,0.8888888888888888,4.074823612840695,0.9662921348314607,0.3827961065721562,0.7926602460550342,0,0.324
wine,9,cells,pre_massmask_off,pre,massmask,off,5,50,50,1.0,10,10,0.0,2.0,3,13,21000,3.078315130554624,0.9669590643274854,0.8888888888888888,4.065647404314824,0.9662921348314607,0.42904570375351536,0.7993152448405975,0,0.103
satimage,0,cells,post_none_off,post,none,off,5,50,50,1.0,10,10,0.0,2.0,6,36,111000,2.6477686383017627,0.7324792424257718,0.5993340732519423,4.159385114625979,0.7118195956454121,0.593292783173337,0.6919784834549215,0,8.117
satimage,0,cells,post_none_on,post,none,on,5,50,38,1.0,10,10,0.0,2.0,6,36,84360,1.6479688553493772,0.49007814421696755,0.3995560488346282,2.748771553932997,0.4438569206842924,1.5826719383885297,0.6684973127136634,0,6.549
satimage,0,cells,post_footprint_off,post,footprint,off,5,50,50,1.0,10,10,0.0,2.0,6,36,111000,2.993247725959449,0.6896013444491167,0.4983922829581994,3.8565476492969735,0.6622083981337481,0.430440749725104,0.6092963266920671,0,9.641
satimage,0,cells,post_footprint_on,post,footprint,on,5,50,27,1.0,10,10,0.0,2.0,6,36,59940,2.8844838653929368,0.6829613239863099,0.4678456591639871,3.805693544667923,0.6486780715396578,0.46466877444467514,0.6140661889038681,0,5.354
satimage,0,cells,post_mass_off,post,mass,off,5,50,50,1.0,10,10,0.0,2.0,6,36,111000,3.1131351305122794,0.6909381293046503,0.5112540192926045,3.8464359757441176,0.6665629860031104,0.3968830607581796,0.6094963921822237,0,7.933
satimage,0,cells,post_mass_on,post,mass,on,5,50,28,1.0,10,10,0.0,2.0,6,36,62160,2.937429326284973,0.6831107443007793,0.4742765273311897,3.778516154449847,0.6514774494556765,0.447619964677938,0.6153522951511043,0,4.729
satimage,0,cells,pre_none_off,pre,none,off,5,50,50,1.0,10,10,0.0,2.0,6,36,111000,2.433780778752992,0.6367154646951327,0.4510433386837881,3.835026224868235,0.6069984447900466,0.6474487912360382,0.6346163433487155,0,7.698
satimage,0,cells,pre_none_on,pre,none,on,5,50,34,1.0,10,10,0.0,2.0,6,36,75480,1.6453390688842748,0.49321096201962733,0.3868378812199037,2.7559371083485193,0.44727838258164854,1.4270091531865803,0.662866679817487,0,5.142
satimage,0,cells,pre_footprint_off,pre,footprint,off,5,50,50,1.0,10,10,0.0,2.0,6,36,111000,2.0710824898081244,0.6482474260458896,0.4767255216693419,3.9304898045595875,0.6009331259720062,0.9163299472583892,0.6261337538575653,0,9.195
satimage,0,cells,pre_footprint_on,pre,footprint,on,5,50,42,1.0,10,10,0.0,2.0,6,36,93240,2.057476933157345,0.6502410119807187,0.4967845659163987,3.8638275644481173,0.6097978227060653,0.9288094707190339,0.632556975658292,0,8.305
satimage,0,cells,pre_mass_off,pre,mass,off,5,50,50,1.0,10,10,0.0,2.0,6,36,111000,2.064954414474921,0.6460905057223181,0.478330658105939,3.924695845909801,0.6034214618973561,0.9204179257521269,0.6262210107574079,0,6.98
satimage,0,cells,pre_mass_on,pre,mass,on,5,50,27,1.0,10,10,0.0,2.0,6,36,59940,2.579315455056331,0.7068310394996918,0.5594855305466238,3.86466859872636,0.6895800933125972,0.5996285400296952,0.6290483249465119,0,4.259
satimage,0,cells,post_fpmask_off,post,fpmask,off,5,50,50,1.0,10,10,0.0,2.0,6,36,111000,2.608401612798697,0.6290251906994905,0.41479099678456594,3.8665065141014585,0.5973561430793157,0.5682897541014336,0.6552917978031305,0,9.34
satimage,0,cells,post_massmask_off,post,massmask,off,5,50,50,1.0,10,10,0.0,2.0,6,36,111000,2.6075207086713017,0.6328695861756357,0.42443729903536975,3.9108400012151314,0.6024883359253499,0.575194223823878,0.6873287557651638,0,7.681
satimage,0,cells,pre_fpmask_off,pre,fpmask,off,5,50,50,1.0,10,10,0.0,2.0,6,36,111000,2.54302094819494,0.6318625004479778,0.44301765650080255,3.863606877967974,0.6035769828926905,0.597438292609721,0.6293943729432666,0,9.056
satimage,0,cells,pre_massmask_off,pre,massmask,off,5,50,50,1.0,10,10,0.0,2.0,6,36,111000,2.4732079655486006,0.6355073005623159,0.4478330658105939,3.8461687053854576,0.6046656298600311,0.628792071096194,0.6315318952941483,0,7.522
satimage,1,cells,post_none_off,post,none,off,5,50,50,1.0,10,10,0.0,2.0,6,36,111000,2.604970080136424,0.7330963826310983,0.6215316315205327,4.201877960789452,0.7166407465007776,0.6192099917447998,0.6966569334472171,0,8.48
satimage,1,cells,post_none_on,post,none,on,5,50,32,1.0,10,10,0.0,2.0,6,36,71040,2.4650946461162073,0.492092186646856,0.4180064308681672,2.73867288223775,0.44292379471228616,0.7320400425027869,0.6634054325496344,0,5.002
satimage,1,cells,post_footprint_off,post,footprint,off,5,50,50,1.0,10,10,0.0,2.0,6,36,111000,3.1849025485963476,0.6915322258490612,0.522508038585209,3.8389077950599857,0.6665629860031104,0.378455990858448,0.6086132562798459,0,9.71
satimage,1,cells,post_footprint_on,post,footprint,on,5,50,50,1.0,10,10,0.0,2.0,6,36,111000,2.1834461086350623,0.6520527349618577,0.449438202247191,3.821718442796948,0.6138413685847589,0.8120397918406489,0.6345829589555175,0,9.979
satimage,1,cells,post_mass_off,post,mass,off,5,50,50,1.0,10,10,0.0,2.0,6,36,111000,3.3210338232270455,0.696414082516317,0.5385852090032154,3.8275820643510596,0.6741835147744946,0.34703870448615076,0.6087897763116924,0,8.377
satimage,1,cells,post_mass_on,post,mass,on,5,50,50,1.0,10,10,0.0,2.0,6,36,111000,3.008416572117683,0.6802643107537937,0.4871382636655949,3.7689958624840596,0.6499222395023329,0.425569287491355,0.6163815036067674,0,8.059
satimage,1,cells,pre_none_off,pre,none,off,5,50,50,1.0,10,10,0.0,2.0,6,36,111000,3.701472917658008,0.7089368664520845,0.5858747993579454,3.8053337328932804,0.6937791601866252,0.2777433047479963,0.6103593002763521,0,8.454
satimage,1,cells,pre_none_on,pre,none,on,5,50,30,1.0,10,10,0.0,2.0,6,36,66600,3.4225639716516514,0.49328776144716385,0.3868378812199037,2.741866854200641,0.476049766718507,0.3232753727832126,0.660820219341542,0,4.768
satimage,1,cells,pre_footprint_off,pre,footprint,off,5,50,50,1.0,10,10,0.0,2.0,6,36,111000,2.6975484545661277,0.6407480807699579,0.584,4.028396087868776,0.6200622083981338,0.5535969091596775,0.61400514449087,0,9.958
satimage,1,cells,pre_footprint_on,pre,footprint,on,5,50,40,1.0,10,10,0.0,2.0,6,36,88800,2.059723455582328,0.6580095930463113,0.492776886035313,3.880293948491898,0.6278382581648523,0.9292092463321678,0.6324083055619246,0,7.637
satimage,1,cells,pre_mass_off,pre,mass,off,5,50,50,1.0,10,10,0.0,2.0,6,36,111000,2.827955914060651,0.6441944305297165,0.5932203389830508,3.9830323109474004,0.6258164852255055,0.4980449717726582,0.612611792995578,0,8.023
satimage,1,cells,pre_mass_on,pre,mass,on,5,50,43,1.0,10,10,0.0,2.0,6,36,95460,2.0576916360176645,0.6543052384010359,0.4959871589085072,3.8467473581771503,0.628149300155521,0.9285817779899604,0.6341797650876703,0,7.36
satimage,1,cells,post_fpmask_off,post,fpmask,off,5,50,50,1.0,10,10,0.0,2.0,6,36,111000,3.577558328316384,0.7119873743102617,0.6004439511653719,3.7800436237682673,0.6970451010886469,0.2953407445905508,0.6138318627896711,0,10.296
satimage,1,cells,post_massmask_off,post,massmask,off,5,50,50,1.0,10,10,0.0,2.0,6,36,111000,2.819950803738418,0.6954348839692208,0.5771365149833518,3.9333328512084127,0.6791601866251944,0.49462679097897616,0.6569913667250233,0,7.8
satimage,1,cells,pre_fpmask_off,pre,fpmask,off,5,50,50,1.0,10,10,0.0,2.0,6,36,111000,3.6154035557708055,0.7094391734063259,0.5922953451043339,3.83657504524386,0.6939346811819596,0.2935148887196587,0.6078572924275747,0,10.014
satimage,1,cells,pre_massmask_off,pre,massmask,off,5,50,50,1.0,10,10,0.0,2.0,6,36,111000,3.619635343435424,0.710395905974521,0.5874799357945425,3.82299471097898,0.6947122861586315,0.2917924542431343,0.6094051856619446,0,8.588
satimage,2,cells,post_none_off,post,none,off,5,50,50,1.0,10,10,0.0,2.0,6,36,111000,2.38589108782467,0.6458877512720128,0.4446227929373997,4.224768163624789,0.6192846034214619,0.74216702075166,0.7279019965368836,0,7.219
satimage,2,cells,post_none_on,post,none,on,5,50,41,1.0,10,10,0.0,2.0,6,36,91020,2.58514657725539,0.5017674143128883,0.42536115569823435,2.7411041232626867,0.4463452566096423,0.7281674071017539,0.6590647081156278,0,6.361
satimage,2,cells,post_footprint_off,post,footprint,off,5,50,50,1.0,10,10,0.0,2.0,6,36,111000,2.1739164185127153,0.6554025067542393,0.4630225080385852,3.865113796651324,0.6035769828926905,0.8178555399020729,0.626793333049513,0,9.504
satimage,2,cells,post_footprint_on,post,footprint,on,5,50,28,1.0,10,10,0.0,2.0,6,36,62160,2.09499984102135,0.6525142352872975,0.49517684887459806,3.820601545578157,0.6097978227060653,0.8824605744762877,0.6339797666257021,0,5.275
satimage,2,cells,post_mass_off,post,mass,off,5,50,50,1.0,10,10,0.0,2.0,6,36,111000,2.140778501959194,0.6482934204034992,0.44694533762057875,3.862125243683079,0.6060653188180405,0.8427191899701129,0.6288439351986778,0,7.544
satimage,2,cells,post_mass_on,post,mass,on,5,50,41,1.0,10,10,0.0,2.0,6,36,91020,2.0433737719340317,0.6438422934393266,0.5038845726970034,3.790821523690086,0.6166407465007776,0.927104294107349,0.6363830883268494,0,6.698
satimage,2,cells,pre_none_off,pre,none,off,5,50,50,1.0,10,10,0.0,2.0,6,36,111000,2.3371649944181088,0.6340318848708636,0.4533762057877814,3.8427112085572697,0.6097978227060653,0.7034917379779853,0.6351255980006172,0,7.239
satimage,2,cells,pre_none_on,pre,none,on,5,50,50,1.0,10,10,0.0,2.0,6,36,111000,3.6284987182743054,0.5032216482162106,0.43729189789123196,2.7446175897943377,0.45660964230171075,0.3127112365259537,0.6554007282810939,0,7.815
satimage,2,cells,pre_footprint_off,pre,footprint,off,5,50,50,1.0,10,10,0.0,2.0,6,36,111000,2.028198812193426,0.6503492576929382,0.4630225080385852,3.929011583748673,0.6068429237947123,0.9551295051017367,0.6251483330311906,0,8.391
satimage,2,cells,pre_footprint_on,pre,footprint,on,5,50,50,1.0,10,10,0.0,2.0,6,36,111000,2.0146650684776417,0.650956993906523,0.5083240843507214,3.866837990628217,0.6121306376360809,0.9690918703423195,0.6323314080387336,0,9.583
satimage,2,cells,pre_mass_off,pre,mass,off,5,50,50,1.0,10,10,0.0,2.0,6,36,111000,2.022138896154027,0.6507051983322194,0.4630225080385852,3.9262651521270424,0.6091757387247279,0.96019106301469,0.6255386063292003,0,6.782
satimage,2,cells,pre_mass_on,pre,mass,on,5,50,36,1.0,10,10,0.0,2.0,6,36,79920,2.0059620737694845,0.6479334330850792,0.5104333868378812,3.8428478931675154,0.6147744945567651,0.9768886698645407,0.6337004104041272,0,5.656
satimage,2,cells,post_fpmask_off,post,fpmask,off,5,50,50,1.0,10,10,0.0,2.0,6,36,111000,2.438806733438062,0.6236204118767862,0.4212218649517685,3.9517395280376566,0.5940902021772939,0.6644059916104832,0.6957069399297209,0,8.618
satimage,2,cells,post_massmask_off,post,massmask,off,5,50,50,1.0,10,10,0.0,2.0,6,36,111000,2.438806733571717,0.6236204118767862,0.4212218649517685,3.951739527989161,0.5940902021772939,0.6644059915295059,0.6957069399163627,0,7.486
satimage,2,cells,pre_fpmask_off,pre,fpmask,off,5,50,50,1.0,10,10,0.0,2.0,6,36,111000,2.453112229486738,0.6288935925496636,0.4517684887459807,3.871683652916914,0.6057542768273717,0.6433762568695625,0.6300117401655776,0,8.679
satimage,2,cells,pre_massmask_off,pre,massmask,off,5,50,50,1.0,10,10,0.0,2.0,6,36,111000,2.412943233901941,0.6320972311464401,0.4517684887459807,3.8580574748809924,0.6073094867807154,0.662635170792147,0.6311117670913576,0,7.811
satimage,3,cells,post_none_off,post,none,off,5,50,50,1.0,10,10,0.0,2.0,6,36,111000,2.606445467284727,0.7290091999379784,0.6059933407325194,4.191033195300874,0.7135303265940902,0.6169128476395356,0.6955228724372166,0,6.049
satimage,3,cells,post_none_on,post,none,on,5,50,43,1.0,10,10,0.0,2.0,6,36,95460,2.778785995800354,0.5146346096460099,0.43820224719101125,2.7471373746685823,0.49035769828926906,0.5515204546304603,0.6635313566572905,0,5.416
satimage,3,cells,post_footprint_off,post,footprint,off,5,50,50,1.0,10,10,0.0,2.0,6,36,111000,2.9919727041560127,0.6868799573192905,0.48314606741573035,3.8547119241338885,0.6600311041990669,0.4306026250177508,0.609844916835581,0,7.967
satimage,3,cells,post_footprint_on,post,footprint,on,5,50,23,1.0,10,10,0.0,2.0,6,36,51060,2.907221696914804,0.6846061482908705,0.48231511254019294,3.7988023582561192,0.6483670295489891,0.4569043863887283,0.6141434026158057,0,3.698
satimage,3,cells,post_mass_off,post,mass,off,5,50,50,1.0,10,10,0.0,2.0,6,36,111000,3.06628641371886,0.6898607058700336,0.4959871589085072,3.8467336805440975,0.6645412130637636,0.4091350463356151,0.6107195303648262,0,6.807
satimage,3,cells,post_mass_on,post,mass,on,5,50,37,1.0,10,10,0.0,2.0,6,36,82140,2.9481877839751345,0.6849658060115521,0.48635634028892455,3.7702171989678908,0.6494556765163297,0.44378416799981174,0.6159545624972297,0,4.642
satimage,3,cells,pre_none_off,pre,none,off,5,50,50,1.0,10,10,0.0,2.0,6,36,111000,3.6085199702279334,0.7053672526850283,0.5601926163723917,3.8065713308952196,0.6866251944012441,0.29233158829384037,0.6112255880608215,0,6.573
satimage,3,cells,pre_none_on,pre,none,on,5,50,40,1.0,10,10,0.0,2.0,6,36,88800,3.001337685988801,0.5129014762530647,0.42857142857142855,2.7488054308959597,0.4818040435458787,0.42690197751010783,0.6558670202318719,0,5.089
satimage,3,cells,pre_footprint_off,pre,footprint,off,5,50,50,1.0,10,10,0.0,2.0,6,36,111000,2.752585366063425,0.6774907100925136,0.47191011235955055,3.914879125494916,0.6460342146189736,0.516697980561045,0.6090322842480198,0,8.205
satimage,3,cells,pre_footprint_on,pre,footprint,on,5,50,47,1.0,10,10,0.0,2.0,6,36,104340,2.5065034360466707,0.7076670091440181,0.5168539325842697,3.929892834855599,0.6343701399688958,0.6369467878415732,0.6164193699702382,0,7.917
satimage,3,cells,pre_mass_off,pre,mass,off,5,50,50,1.0,10,10,0.0,2.0,6,36,111000,2.768821174967886,0.6784175352448528,0.46869983948635635,3.9166702171025025,0.6489891135303266,0.5108897509532978,0.6100048016944647,0,6.444
satimage,3,cells,pre_mass_on,pre,mass,on,5,50,37,1.0,10,10,0.0,2.0,6,36,82140,2.499850339689346,0.7038717698159525,0.5056179775280899,3.901645761990598,0.6317262830482115,0.6396659694550978,0.6186196110217353,0,4.766
satimage,3,cells,post_fpmask_off,post,fpmask,off,5,50,50,1.0,10,10,0.0,2.0,6,36,111000,3.5668624808304235,0.7109816191819259,0.5749167591564928,3.834900189686285,0.692846034214619,0.3014264327914489,0.6319775369030853,0,7.754
satimage,3,cells,post_massmask_off,post,massmask,off,5,50,50,1.0,10,10,0.0,2.0,6,36,111000,2.743156853872033,0.7238740690547573,0.607103218645949,3.9494879933384865,0.7101088646967341,0.5248552132415566,0.6758386391778689,0,6.712
satimage,3,cells,pre_fpmask_off,pre,fpmask,off,5,50,50,1.0,10,10,0.0,2.0,6,36,111000,3.7314400490879223,0.7028643471465111,0.5457463884430177,3.8314856560786854,0.6841368584758942,0.2751783530910535,0.6088796665937275,0,7.896
satimage,3,cells,pre_massmask_off,pre,massmask,off,5,50,50,1.0,10,10,0.0,2.0,6,36,111000,3.7173742848930855,0.7032834348636079,0.5457463884430177,3.8236598900709993,0.684447900466563,0.2766984170595723,0.6100520599245329,0,6.659
satimage,4,cells,post_none_off,post,none,off,5,50,50,1.0,10,10,0.0,2.0,6,36,111000,2.4503468884492148,0.7172125472990802,0.594855305466238,4.28102018606057,0.6990668740279938,0.7130042763548283,0.7068855801111608,0,7.561
satimage,4,cells,post_none_on,post,none,on,5,50,44,1.0,10,10,0.0,2.0,6,36,97680,2.5287305553190706,0.5084621226630578,0.4180064308681672,2.722443904202848,0.48506998444790045,0.6960952575527963,0.6669037913882887,0,6.589
satimage,4,cells,post_footprint_off,post,footprint,off,5,50,50,1.0,10,10,0.0,2.0,6,36,111000,3.1267895582928267,0.6927437072034033,0.4887459807073955,3.8376582269711697,0.6650077760497667,0.3925265063162156,0.6086343706697466,0,8.362
satimage,4,cells,post_footprint_on,post,footprint,on,5,50,25,1.0,10,10,0.0,2.0,6,36,55500,2.965079764532845,0.685128806264117,0.4742765273311897,3.795399158176058,0.6519440124416797,0.43795580503563186,0.6140091172930593,0,4.721
satimage,4,cells,post_mass_off,post,mass,off,5,50,50,1.0,10,10,0.0,2.0,6,36,111000,3.2352724390231415,0.6972054849039205,0.4967845659163987,3.8287529511615035,0.6713841368584759,0.36579320057399234,0.6087716910105931,0,7.081
satimage,4,cells,post_mass_on,post,mass,on,5,50,30,1.0,10,10,0.0,2.0,6,36,66600,3.0176379468626644,0.6838229242512244,0.4630225080385852,3.768112033130954,0.6539657853810265,0.42226506154550425,0.6152250152729564,0,3.942
satimage,4,cells,pre_none_off,pre,none,off,5,50,50,1.0,10,10,0.0,2.0,6,36,111000,3.7229068722439616,0.7085513941270662,0.5482315112540193,3.808952654799825,0.691601866251944,0.2748155033931271,0.609897081983646,0,7.191
satimage,4,cells,pre_none_on,pre,none,on,5,50,45,1.0,10,10,0.0,2.0,6,36,99900,3.2818957542710554,0.4980749691016255,0.4115755627009646,2.726925709067688,0.47947122861586317,0.3591213126285863,0.6618760132160316,0,6.655
satimage,4,cells,pre_footprint_off,pre,footprint,off,5,50,50,1.0,10,10,0.0,2.0,6,36,111000,2.779290687025797,0.6821536233095677,0.4678456591639871,3.9113989192534104,0.6510108864696734,0.5063655684176355,0.6089229713867971,0,8.048
satimage,4,cells,pre_footprint_on,pre,footprint,on,5,50,36,1.0,10,10,0.0,2.0,6,36,79920,2.635419830447804,0.6830307494943607,0.4767255216693419,3.8599795546934454,0.6440124416796268,0.5656360752711952,0.6152632300519361,0,6.528
satimage,4,cells,pre_mass_off,pre,mass,off,5,50,50,1.0,10,10,0.0,2.0,6,36,111000,2.8091589800677506,0.6817561991336999,0.4630225080385852,3.9123683516576624,0.6548989113530327,0.49577782839213386,0.6095708528248489,0,7.214
satimage,4,cells,pre_mass_on,pre,mass,on,5,50,39,1.0,10,10,0.0,2.0,6,36,86580,2.579913649527037,0.6810008223317853,0.47351524879614765,3.8451373891050906,0.6461897356143079,0.5918375502553895,0.6171537586580814,0,6.016
satimage,4,cells,post_fpmask_off,post,fpmask,off,5,50,50,1.0,10,10,0.0,2.0,6,36,111000,2.7684920816070404,0.6942300218900721,0.5643086816720257,3.942277833616819,0.6771384136858476,0.514352265108196,0.662938454676797,0,8.939
satimage,4,cells,post_massmask_off,post,massmask,off,5,50,50,1.0,10,10,0.0,2.0,6,36,111000,2.7695097225277228,0.6955470767473722,0.572347266881029,3.940050387529447,0.6779160186625195,0.5136839395938619,0.6604366983046823,0,7.714
satimage,4,cells,pre_fpmask_off,pre,fpmask,off,5,50,50,1.0,10,10,0.0,2.0,6,36,111000,3.7226404231828183,0.7081462141985334,0.5482315112540193,3.8395323239172776,0.6906687402799377,0.27706148031536376,0.6073029539795725,0,8.165
satimage,4,cells,pre_massmask_off,pre,massmask,off,5,50,50,1.0,10,10,0.0,2.0,6,36,111000,3.7267621797610384,0.7082688168297258,0.545016077170418,3.824688202966027,0.6908242612752722,0.2753801786206276,0.6091447761549332,0,6.881
satimage,5,cells,post_none_off,post,none,off,5,50,50,1.0,10,10,0.0,2.0,6,36,111000,2.6126227589559963,0.7256644953703559,0.5803858520900321,4.19340707745278,0.7121306376360809,0.6143468168360734,0.6957900024184828,0,8.416
satimage,5,cells,post_none_on,post,none,on,5,50,31,1.0,10,10,0.0,2.0,6,36,68820,2.5847076185547015,0.48039767272886413,0.38290788013318533,2.7327059824372526,0.4265940902021773,0.6603684137620606,0.6639766748087248,0,4.974
satimage,5,cells,post_footprint_off,post,footprint,off,5,50,50,1.0,10,10,0.0,2.0,6,36,111000,2.250248697757974,0.6582092248924742,0.48475120385232745,3.8695719186361575,0.602954898911353,0.7641909402053906,0.6262588806150395,0,9.863
satimage,5,cells,post_footprint_on,post,footprint,on,5,50,31,1.0,10,10,0.0,2.0,6,36,68820,2.129061086915709,0.6614829216815191,0.4959871589085072,3.820931064823581,0.6152410575427683,0.8556951903795879,0.6332551483049569,0,5.992
satimage,5,cells,post_mass_off,post,mass,off,5,50,50,1.0,10,10,0.0,2.0,6,36,111000,2.2344932329091325,0.652575553669846,0.47191011235955055,3.863578587822753,0.6054432348367029,0.7738052341089782,0.627710136074223,0,8.231
satimage,5,cells,post_mass_on,post,mass,on,5,50,28,1.0,10,10,0.0,2.0,6,36,62160,2.0516530686835233,0.6505327121352724,0.5184590690208668,3.788211508808565,0.6231726283048211,0.9208933647623535,0.6357356906282898,0,4.291
satimage,5,cells,pre_none_off,pre,none,off,5,50,50,1.0,10,10,0.0,2.0,6,36,111000,2.414658750933429,0.639061705399968,0.454983922829582,3.8386966540541043,0.6091757387247279,0.658373387536318,0.6346868789495519,0,7.915
satimage,5,cells,pre_none_on,pre,none,on,5,50,32,1.0,10,10,0.0,2.0,6,36,71040,1.5696879412243507,0.47678640507643416,0.40514469453376206,2.7378773857978134,0.4259720062208398,1.5774837456516964,0.6599866929277527,0,4.951
satimage,5,cells,pre_footprint_off,pre,footprint,off,5,50,50,1.0,10,10,0.0,2.0,6,36,111000,2.0490142530018414,0.6536605395036338,0.492776886035313,3.9354210888118426,0.6074650077760497,0.9373488476204634,0.625481707817767,0,9.109
satimage,5,cells,pre_footprint_on,pre,footprint,on,5,50,50,1.0,10,10,0.0,2.0,6,36,111000,1.976286163091104,0.6594654059693885,0.5316315205327414,3.872389456238949,0.6216174183514774,1.0106706806488308,0.6324469633021165,0,9.956
satimage,5,cells,pre_mass_off,pre,mass,off,5,50,50,1.0,10,10,0.0,2.0,6,36,111000,2.039895224027826,0.6534937158796648,0.49759229534510435,3.932114468099468,0.609642301710731,0.9449534823333402,0.6259282145246029,0,7.458
satimage,5,cells,pre_mass_on,pre,mass,on,5,50,28,1.0,10,10,0.0,2.0,6,36,62160,0.7887067183785931,0.6508495376110215,0.5283018867924528,3.8482511449691024,0.6147744945567651,6.384953971251776,0.6386598564766319,0,4.216
satimage,5,cells,post_fpmask_off,post,fpmask,off,5,50,50,1.0,10,10,0.0,2.0,6,36,111000,2.8228964044160993,0.6977788394727229,0.5273311897106109,3.9096038486212543,0.6819595645412131,0.4906173161819844,0.656418431269533,0,8.931
satimage,5,cells,post_massmask_off,post,massmask,off,5,50,50,1.0,10,10,0.0,2.0,6,36,111000,2.8219888973485574,0.6977788394727229,0.5273311897106109,3.9098695180132825,0.6819595645412131,0.4909662768577514,0.6564694514808956,0,6.968
satimage,5,cells,pre_fpmask_off,pre,fpmask,off,5,50,50,1.0,10,10,0.0,2.0,6,36,111000,2.526285237261313,0.6344973196463861,0.45819935691318325,3.8671260920044053,0.605909797822706,0.6059315476993848,0.629441367414004,0,8.818
satimage,5,cells,pre_massmask_off,pre,massmask,off,5,50,50,1.0,10,10,0.0,2.0,6,36,111000,2.4540369535744584,0.6377896691540391,0.4565916398713826,3.8482166868062815,0.6069984447900466,0.6389947972828223,0.6319636033512342,0,8.043
satimage,6,cells,post_none_off,post,none,off,5,50,50,1.0,10,10,0.0,2.0,6,36,111000,2.6284154763303578,0.7308887856374249,0.6026637069922308,4.153688978047102,0.7127527216174183,0.6012373372344327,0.6915342262151459,0,7.171
satimage,6,cells,post_none_on,post,none,on,5,50,50,1.0,10,10,0.0,2.0,6,36,111000,2.208125387850666,0.511478496639808,0.4295227524972253,2.7416599871881946,0.4396578538102644,1.0044653847197693,0.6523676418566012,0,7.051
satimage,6,cells,post_footprint_off,post,footprint,off,5,50,50,1.0,10,10,0.0,2.0,6,36,111000,2.9831269580424964,0.6868168287948226,0.5024077046548957,3.8584732695142887,0.6611197511664074,0.4335827767780921,0.6092222691941337,0,8.605
satimage,6,cells,post_footprint_on,post,footprint,on,5,50,50,1.0,10,10,0.0,2.0,6,36,111000,2.8617524375128336,0.6811021135215095,0.4678456591639871,3.8105493211153143,0.6489891135303266,0.47247324470295315,0.6141958533315292,0,8.906
satimage,6,cells,post_mass_off,post,mass,off,5,50,50,1.0,10,10,0.0,2.0,6,36,111000,3.077538119216655,0.6887413733236472,0.5104333868378812,3.848663361071149,0.6659409020217729,0.4063526006540345,0.609730134016177,0,6.609
satimage,6,cells,post_mass_on,post,mass,on,5,50,27,1.0,10,10,0.0,2.0,6,36,59940,2.895851083230064,0.6811443418506142,0.47351524879614765,3.7823193201251817,0.6499222395023329,0.46090215007647783,0.6158943146020697,0,3.922
satimage,6,cells,pre_none_off,pre,none,off,5,50,50,1.0,10,10,0.0,2.0,6,36,111000,3.596784810643335,0.7052821327328707,0.5571587125416204,3.815212286210306,0.6875583203732504,0.2949102022396289,0.6107483270832912,0,7.229
satimage,6,cells,pre_none_on,pre,none,on,5,50,50,1.0,10,10,0.0,2.0,6,36,111000,3.5106752769117304,0.5058334928250514,0.4239733629300777,2.745001534079595,0.435303265940902,0.32290787269837323,0.6499824524414491,0,7.034
satimage,6,cells,pre_footprint_off,pre,footprint,off,5,50,50,1.0,10,10,0.0,2.0,6,36,111000,2.6399363654189507,0.6752074536018382,0.4694533762057878,3.9277510314684383,0.645412130637636,0.5635818967227852,0.6099762288739291,0,8.933
satimage,6,cells,pre_footprint_on,pre,footprint,on,5,50,50,1.0,10,10,0.0,2.0,6,36,111000,0.8465539767738193,0.64632091194305,0.5,3.8953503862936945,0.626905132192846,5.556133278075286,0.640262059050679,0,8.971
satimage,6,cells,pre_mass_off,pre,mass,off,5,50,50,1.0,10,10,0.0,2.0,6,36,111000,2.6509072979368087,0.675621537529236,0.47106109324758844,3.929380055365298,0.6486780715396578,0.5591585306018755,0.6110745301388434,0,6.887
satimage,6,cells,pre_mass_on,pre,mass,on,5,50,23,1.0,10,10,0.0,2.0,6,36,51060,2.259765353859544,0.71107021911479,0.5601926163723917,3.8748571921032147,0.6940902021772939,0.7868759700291299,0.625323747851788,0,3.535
satimage,6,cells,post_fpmask_off,post,fpmask,off,5,50,50,1.0,10,10,0.0,2.0,6,36,111000,2.7701002007838382,0.6276247111328822,0.42375601926163725,3.8643072627905948,0.5959564541213064,0.5035941699220756,0.6542225821165597,0,8.64
satimage,6,cells,post_massmask_off,post,massmask,off,5,50,50,1.0,10,10,0.0,2.0,6,36,111000,2.890858534078666,0.7136968746490927,0.5715871254162043,3.8521914056477233,0.6968895800933126,0.46095038126688026,0.6472351373646464,0,6.868
satimage,6,cells,pre_fpmask_off,pre,fpmask,off,5,50,50,1.0,10,10,0.0,2.0,6,36,111000,3.727735852249306,0.7034692278018345,0.5538290788013318,3.8479138881831036,0.686158631415241,0.2769077324208853,0.6082119005286181,0,8.516
satimage,6,cells,pre_massmask_off,pre,massmask,off,5,50,50,1.0,10,10,0.0,2.0,6,36,111000,3.6956935076390676,0.7031302105529239,0.5504994450610433,3.8311774564851033,0.6856920684292379,0.2805048498924019,0.6101151458890905,0,7.359
satimage,7,cells,post_none_off,post,none,off,5,50,50,1.0,10,10,0.0,2.0,6,36,111000,2.5607306961893883,0.727750731992213,0.6037735849056604,4.114961863225234,0.7116640746500777,0.6275350671789993,0.6900593248211864,0,6.972
satimage,7,cells,post_none_on,post,none,on,5,50,23,1.0,10,10,0.0,2.0,6,36,51060,2.145498777209557,0.483172609646497,0.37735849056603776,2.7360217513665153,0.4195956454121306,0.950424348150105,0.6634349132253248,0,3.224
satimage,7,cells,post_footprint_off,post,footprint,off,5,50,50,1.0,10,10,0.0,2.0,6,36,111000,2.798910405320685,0.6878851232209917,0.5064308681672026,3.8621032513500095,0.6555209953343701,0.4929988280476213,0.6104063627606652,0,7.97
satimage,7,cells,post_footprint_on,post,footprint,on,5,50,36,1.0,10,10,0.0,2.0,6,36,79920,2.7185655697143796,0.6829411904303277,0.47030497592295345,3.8111402531431864,0.6438569206842923,0.5236415437376856,0.6151633398516687,0,6.055
satimage,7,cells,post_mass_off,post,mass,off,5,50,50,1.0,10,10,0.0,2.0,6,36,111000,2.8764293964637853,0.689281682500827,0.5096463022508039,3.8552847376330983,0.6606531881804043,0.46596041353586565,0.6109527332026713,0,7.002
satimage,7,cells,post_mass_on,post,mass,on,5,50,41,1.0,10,10,0.0,2.0,6,36,91020,2.7541391329169933,0.6798339095062218,0.4654895666131621,3.784865593328304,0.6457231726283048,0.5098607403011649,0.6166726912931698,0,5.74
satimage,7,cells,pre_none_off,pre,none,off,5,50,50,1.0,10,10,0.0,2.0,6,36,111000,3.486111934442791,0.7029839628723109,0.5530546623794212,3.8113523102856224,0.6836702954898911,0.3136147210967415,0.6104033415903686,0,6.677
satimage,7,cells,pre_none_on,pre,none,on,5,50,31,1.0,10,10,0.0,2.0,6,36,68820,3.4269574536931366,0.4853579307714811,0.38845726970033295,2.740476894353883,0.412597200622084,0.32950389475535097,0.6602916050673616,0,4.913
satimage,7,cells,pre_footprint_off,pre,footprint,off,5,50,50,1.0,10,10,0.0,2.0,6,36,111000,3.8746456022563485,0.6682808960005753,0.5926748057713651,3.9088433819907644,0.6441679626749611,0.26036601646866286,0.6058606350158801,0,8.203
satimage,7,cells,pre_footprint_on,pre,footprint,on,5,50,41,1.0,10,10,0.0,2.0,6,36,91020,2.058646190941703,0.6508812147861985,0.46709470304975925,3.8749152327187186,0.6068429237947123,0.9304636493109972,0.6328693244919437,0,7.335
satimage,7,cells,pre_mass_off,pre,mass,off,5,50,50,1.0,10,10,0.0,2.0,6,36,111000,2.619034430943894,0.6807780314149501,0.48392282958199356,3.927587979065408,0.6485225505443235,0.5725896669067965,0.6106748519889533,0,7.067
satimage,7,cells,pre_mass_on,pre,mass,on,5,50,50,1.0,10,10,0.0,2.0,6,36,111000,2.0874032211428215,0.6852810146440478,0.48635634028892455,3.8672215038623445,0.6217729393468118,0.9067056938599187,0.6266653707055088,0,5.748
satimage,7,cells,post_fpmask_off,post,fpmask,off,5,50,50,1.0,10,10,0.0,2.0,6,36,111000,3.7058087638889883,0.711212157565661,0.58157602663707,3.7790690776754072,0.6940902021772939,0.27518123940969413,0.6123266530593529,0,7.7
satimage,7,cells,post_massmask_off,post,massmask,off,5,50,50,1.0,10,10,0.0,2.0,6,36,111000,2.7956195376854898,0.6929993022680527,0.562708102108768,3.9310511304966806,0.671850699844479,0.5029821335487316,0.6558896771489192,0,7.225
satimage,7,cells,pre_fpmask_off,pre,fpmask,off,5,50,50,1.0,10,10,0.0,2.0,6,36,111000,3.6180428099472,0.7018340418448867,0.5498392282958199,3.8424454557881056,0.6825816485225505,0.2935352814890732,0.6075138427512357,0,9.295
satimage,7,cells,pre_massmask_off,pre,massmask,off,5,50,50,1.0,10,10,0.0,2.0,6,36,111000,3.5834145232200787,0.7019981301009941,0.5482315112540193,3.8269756722396635,0.6824261275272162,0.2980311114655696,0.6094735481603649,0,6.755
satimage,8,cells,post_none_off,post,none,off,5,50,50,1.0,10,10,0.0,2.0,6,36,111000,2.628755372275716,0.7190512792342847,0.6003210272873194,4.236279974657379,0.7043545878693623,0.6130336419486858,0.7015988088999506,0,7.163
satimage,8,cells,post_none_on,post,none,on,5,50,50,1.0,10,10,0.0,2.0,6,36,111000,0.7618234140027502,0.5171660133463686,0.4343220338983051,2.7463920032288587,0.43841368584758944,7.786130780392074,0.6690169992834402,0,7.367
satimage,8,cells,post_footprint_off,post,footprint,off,5,50,50,1.0,10,10,0.0,2.0,6,36,111000,3.0629353170560147,0.6859212191458602,0.48635634028892455,3.846064818977557,0.6584758942457232,0.4099594938732971,0.6089368396752995,0,8.828
satimage,8,cells,post_footprint_on,post,footprint,on,5,50,33,1.0,10,10,0.0,2.0,6,36,73260,2.895043364598432,0.6802855637670938,0.4565916398713826,3.8023942774543085,0.6444790046656299,0.4604802509140602,0.6141525705032069,0,6.528
satimage,8,cells,post_mass_off,post,mass,off,5,50,50,1.0,10,10,0.0,2.0,6,36,111000,3.1402295179018997,0.6877913620868067,0.5040128410914928,3.838130195757989,0.6620528771384137,0.38922158728464457,0.6093050726280602,0,7.431
satimage,8,cells,post_mass_on,post,mass,on,5,50,37,1.0,10,10,0.0,2.0,6,36,82140,2.8924749823841167,0.6780788930039029,0.4565916398713826,3.778308183730962,0.6441679626749611,0.4610659462434911,0.6159857264660784,0,5.658
satimage,8,cells,pre_none_off,pre,none,off,5,50,50,1.0,10,10,0.0,2.0,6,36,111000,3.691083068336333,0.7014507632903151,0.5441412520064205,3.8033184928462616,0.6833592534992224,0.2791612001625956,0.6094422893611562,0,8.282
satimage,8,cells,pre_none_on,pre,none,on,5,50,48,1.0,10,10,0.0,2.0,6,36,106560,2.8136589473617764,0.5148970097260513,0.4446227929373997,2.750062439069536,0.435303265940902,0.5236191598813391,0.6642891850239578,0,7.493
satimage,8,cells,pre_footprint_off,pre,footprint,off,5,50,50,1.0,10,10,0.0,2.0,6,36,111000,2.684538679162657,0.6785781543755778,0.4646302250803859,3.920163748377731,0.6402799377916019,0.5439573843760914,0.6095771877516535,0,9.468
satimage,8,cells,pre_footprint_on,pre,footprint,on,5,50,50,1.0,10,10,0.0,2.0,6,36,111000,2.1715023426870417,0.6985437493458225,0.5241157556270096,3.923489458096253,0.6255054432348367,0.8457693677308009,0.6210192415657485,0,8.949
satimage,8,cells,pre_mass_off,pre,mass,off,5,50,50,1.0,10,10,0.0,2.0,6,36,111000,2.682321763124547,0.6795307457543809,0.4678456591639871,3.923077445380318,0.642457231726283,0.5452618780185672,0.6103835379369053,0,7.484
satimage,8,cells,pre_mass_on,pre,mass,on,5,50,50,1.0,10,10,0.0,2.0,6,36,111000,2.0506571472982618,0.7021060411419767,0.5353697749196141,3.9213867474530155,0.6315707620528771,0.9535774200557074,0.6240583896250262,0,8.227
satimage,8,cells,post_fpmask_off,post,fpmask,off,5,50,50,1.0,10,10,0.0,2.0,6,36,111000,2.905814961238717,0.6945809935190118,0.5634028892455859,3.9176483987925756,0.6783825816485225,0.46396962082456156,0.658504101521338,0,9.033
satimage,8,cells,post_massmask_off,post,massmask,off,5,50,50,1.0,10,10,0.0,2.0,6,36,111000,2.9006239797279907,0.7059830669466345,0.6037735849056604,3.9408114386917696,0.6930015552099533,0.4683847958554396,0.6708562390430519,0,7.38
satimage,8,cells,pre_fpmask_off,pre,fpmask,off,5,50,50,1.0,10,10,0.0,2.0,6,36,111000,3.813395426363992,0.6991671952761478,0.5345104333868379,3.8349509868808975,0.68149300155521,0.26371579064663336,0.6067329544889773,0,9.515
satimage,8,cells,pre_massmask_off,pre,massmask,off,5,50,50,1.0,10,10,0.0,2.0,6,36,111000,3.784609055248886,0.700094365637692,0.5345104333868379,3.8199832544161354,0.6822706065318818,0.26669778625486723,0.6083328797303618,0,7.791
satimage,9,cells,post_none_off,post,none,off,5,50,50,1.0,10,10,0.0,2.0,6,36,111000,2.668115393404984,0.728858127690196,0.5882352941176471,4.194170387803562,0.7118195956454121,0.5891648827066429,0.6935776702127798,0,6.567
satimage,9,cells,post_none_on,post,none,on,5,50,22,1.0,10,10,0.0,2.0,6,36,48840,2.4555754649796913,0.48418868669131854,0.39228295819935693,2.731781971083919,0.4297045101088647,0.7232776055706341,0.6641417593771561,0,3.297
satimage,9,cells,post_footprint_off,post,footprint,off,5,50,50,1.0,10,10,0.0,2.0,6,36,111000,2.9247622538437974,0.6876201316797008,0.47030497592295345,3.8578285186814254,0.6573872472783826,0.4509846714228726,0.6099190492588692,0,8.872
satimage,9,cells,post_footprint_on,post,footprint,on,5,50,28,1.0,10,10,0.0,2.0,6,36,62160,2.8465343621861843,0.6859283301092781,0.47266881028938906,3.8035819060514817,0.646656298600311,0.4769335348971198,0.6136275935167925,0,5.783
satimage,9,cells,post_mass_off,post,mass,off,5,50,50,1.0,10,10,0.0,2.0,6,36,111000,3.0594053572984725,0.6892831231150633,0.478330658105939,3.846799360034013,0.6626749611197512,0.41098454388716055,0.6098329178014471,0,6.885
satimage,9,cells,post_mass_on,post,mass,on,5,50,50,1.0,10,10,0.0,2.0,6,36,111000,2.247844226747082,0.6787227381269274,0.5048231511254019,3.794708162583219,0.6141524105754277,0.764738721048312,0.6304615312750137,0,6.71
satimage,9,cells,pre_none_off,pre,none,off,5,50,50,1.0,10,10,0.0,2.0,6,36,111000,3.6373889622114457,0.7032916433911129,0.5329052969502408,3.804097567017448,0.6835147744945568,0.2875227131881619,0.6095873117428948,0,7.669
satimage,9,cells,pre_none_on,pre,none,on,5,50,27,1.0,10,10,0.0,2.0,6,36,59940,2.483183635089749,0.4796230611722786,0.364951768488746,2.736275454823113,0.447900466562986,0.6284978437259959,0.6603824596329444,0,3.956
satimage,9,cells,pre_footprint_off,pre,footprint,off,5,50,50,1.0,10,10,0.0,2.0,6,36,111000,2.0572609803883877,0.6500902821484351,0.4758842443729904,3.934669902483925,0.6046656298600311,0.9296715167699633,0.625634134818609,0,9.174
satimage,9,cells,pre_footprint_on,pre,footprint,on,5,50,26,1.0,10,10,0.0,2.0,6,36,57720,2.7359585823657673,0.6843303263856348,0.46141479099678456,3.848336667571453,0.643701399688958,0.5238794818257736,0.612861579273304,0,4.784
satimage,9,cells,pre_mass_off,pre,mass,off,5,50,50,1.0,10,10,0.0,2.0,6,36,111000,2.8281205885251786,0.682472085368902,0.478330658105939,3.9131934825707626,0.6493001555209953,0.4892552275243486,0.6088225810012227,0,7.205
satimage,9,cells,pre_mass_on,pre,mass,on,5,50,50,1.0,10,10,0.0,2.0,6,36,111000,2.061197975774047,0.6777731549913195,0.477491961414791,3.819225145007369,0.6542768273716951,0.9342507445016212,0.6329992728006675,0,6.774
satimage,9,cells,post_fpmask_off,post,fpmask,off,5,50,50,1.0,10,10,0.0,2.0,6,36,111000,2.848569380043897,0.7009009209947724,0.5538290788013318,3.9101664614362734,0.683203732503888,0.4818830417613462,0.6581632611438104,0,9.127
satimage,9,cells,post_massmask_off,post,massmask,off,5,50,50,1.0,10,10,0.0,2.0,6,36,111000,2.8485693797088274,0.7009009209947724,0.5538290788013318,3.9101664617584233,0.683203732503888,0.48188304191441267,0.6581632611056073,0,7.031
satimage,9,cells,pre_fpmask_off,pre,fpmask,off,5,50,50,1.0,10,10,0.0,2.0,6,36,111000,3.747158306250528,0.7012785068062022,0.5264847512038523,3.828150669280681,0.6810264385692069,0.2726370916315731,0.6072021123711038,0,8.508
satimage,9,cells,pre_massmask_off,pre,massmask,off,5,50,50,1.0,10,10,0.0,2.0,6,36,111000,3.7301980261958287,0.7017654542527032,0.5248796147672552,3.8196522166413365,0.68149300155521,0.27451118582387407,0.6086773265102152,0,6.996
pendigits,0,cells,post_none_off,post,none,off,5,50,50,1.0,10,10,0.0,1.5,10,16,85000,1.6338318057537864,0.5042125274681303,0.44649446494464945,4.445894843628427,0.4724344978165939,1.6654994512781396,0.6675953495464723,0,9.769
pendigits,0,cells,post_none_on,post,none,on,5,50,50,1.0,10,10,0.0,1.5,10,16,85000,1.0125810540901998,0.3893920482945433,0.3243486073674753,2.452455196206397,0.3333333333333333,4.483763166998274,0.3848270426871421,0,9.757
pendigits,0,cells,post_footprint_off,post,footprint,off,5,50,50,1.0,10,10,0.0,1.5,10,16,85000,1.5833369953115883,0.6010521457952223,0.46863468634686345,4.173241972315958,0.5642285298398836,1.6646649979205557,0.4893786478878329,0,12.701
pendigits,0,cells,post_footprint_on,post,footprint,on,5,50,50,1.0,10,10,0.0,1.5,10,16,85000,1.5972508234635219,0.6012798755402887,0.45940959409594095,4.087663910764517,0.5413027656477438,1.6483619160304552,0.49135789811044805,0,12.749
pendigits,0,cells,post_mass_off,post,mass,off,5,50,50,1.0,10,10,0.0,1.5,10,16,85000,1.5545567800645501,0.5970554513386884,0.4714022140221402,4.134284265154245,0.5626819505094615,1.7107523926074268,0.4931946723253178,0,9.374
pendigits,0,cells,post_mass_on,post,mass,on,5,50,50,1.0,10,10,0.0,1.5,10,16,85000,1.5639783623657557,0.5888530063662166,0.46309963099630996,3.942565670027023,0.5037299854439592,1.697748404990334,0.4949955472601872,0,10.006
pendigits,0,cells,pre_none_off,pre,none,off,5,50,50,1.0,10,10,0.0,1.5,10,16,85000,1.8359703341859233,0.6532044815360224,0.3985239852398524,3.9534150266244246,0.6353711790393013,1.172846266126648,0.469074344090636,0,9.888
pendigits,0,cells,pre_none_on,pre,none,on,5,50,50,1.0,10,10,0.0,1.5,10,16,85000,1.4457171109313995,0.38382572781927143,0.3261455525606469,2.445426289603633,0.34506914119359533,1.9859323194041607,0.3804401794748359,0,9.269
pendigits,0,cells,pre_footprint_off,pre,footprint,off,5,50,50,1.0,10,10,0.0,1.5,10,16,85000,1.6069697468585549,0.6102803226597168,0.47232472324723246,4.250126993339849,0.5619541484716157,1.645835802514587,0.48449593973148886,0,12.107
pendigits,0,cells,pre_footprint_on,pre,footprint,on,5,50,39,1.0,10,10,0.0,1.5,10,16,66300,1.619115314596287,0.6064926131231232,0.47601476014760147,4.150502583171691,0.5451237263464338,1.6305601236264946,0.48610993292797244,0,10.003
pendigits,0,cells,pre_mass_off,pre,mass,off,5,50,50,1.0,10,10,0.0,1.5,10,16,85000,1.5886528606507557,0.6108396604783471,0.46586715867158673,4.222060003325176,0.5610443959243085,1.6728861396179358,0.48526195669073563,0,9.255
pendigits,0,cells,pre_mass_on,pre,mass,on,5,50,50,1.0,10,10,0.0,1.5,10,16,85000,1.6116887312891204,0.6055289951352758,0.4612546125461255,4.042763542632842,0.5381186317321689,1.6375959302366212,0.482329025520651,0,9.356
pendigits,0,cells,post_fpmask_off,post,fpmask,off,5,50,50,1.0,10,10,0.0,1.5,10,16,85000,1.449803119587777,0.5521325677011006,0.4914645103324349,4.2661835510860335,0.5070960698689956,2.0296515141167744,0.5901082741022193,0,13.599
pendigits,0,cells,post_massmask_off,post,massmask,off,5,50,50,1.0,10,10,0.0,1.5,10,16,85000,1.5864737482404225,0.5259751279261035,0.48663594470046084,4.39185568491482,0.48926491994177584,1.7449471613416483,0.6432585105565266,0,10.123
pendigits,0,cells,pre_fpmask_off,pre,fpmask,off,5,50,50,1.0,10,10,0.0,1.5,10,16,85000,2.2091135082455016,0.7170218079732253,0.5759209344115005,4.121914535424302,0.6812227074235808,0.844623032420843,0.48067133733534,0,12.189
pendigits,0,cells,pre_massmask_off,pre,massmask,off,5,50,50,1.0,10,10,0.0,1.5,10,16,85000,1.7998924166547396,0.6525884294088578,0.4059040590405904,3.9712851273893537,0.6330967976710334,1.225851816562444,0.46543132153367783,0,9.668
pendigits,1,cells,post_none_off,post,none,off,5,50,50,1.0,10,10,0.0,1.5,10,16,85000,1.6580713748730198,0.5329455843692306,0.45387453874538747,4.41124185722884,0.5302037845705968,1.6045543283266406,0.656316329341681,0,10.613
pendigits,1,cells,post_none_on,post,none,on,5,50,50,1.0,10,10,0.0,1.5,10,16,85000,1.5130267047718104,0.383181491310863,0.34111310592459604,2.446134439732511,0.30986171761280934,2.045352649725732,0.3884715173308174,0,10.106
pendigits,1,cells,post_footprint_off,post,footprint,off,5,50,50,1.0,10,10,0.0,1.5,10,16,85000,1.8040443132218265,0.647213559679507,0.5415129151291513,4.326597258123616,0.5694141193595342,1.3293889625691093,0.4951050565859653,0,13.071
pendigits,1,cells,post_footprint_on,post,footprint,on,5,50,40,1.0,10,10,0.0,1.5,10,16,68000,1.8114531035436197,0.6464682573423923,0.5350553505535055,4.101160480566409,0.5641375545851528,1.3185445297867633,0.47870850707441476,0,10.529
pendigits,1,cells,post_mass_off,post,mass,off,5,50,50,1.0,10,10,0.0,1.5,10,16,85000,1.7983676447411412,0.6459111240224988,0.5415129151291513,4.293354355985621,0.5682314410480349,1.3275160304607432,0.4978748121744212,0,9.843
pendigits,1,cells,post_mass_on,post,mass,on,5,50,40,1.0,10,10,0.0,1.5,10,16,68000,1.7995406080061662,0.6488478035796142,0.5202952029520295,3.988541063617948,0.5604985443959243,1.327007281700007,0.47520021887226377,0,8.071
pendigits,1,cells,pre_none_off,pre,none,off,5,50,50,1.0,10,10,0.0,1.5,10,16,85000,1.9637826602449011,0.7150494692924976,0.5830258302583026,4.079468954181602,0.7140647743813683,1.057832218929312,0.4847634210924609,0,10.354
pendigits,1,cells,pre_none_on,pre,none,on,5,50,48,1.0,10,10,0.0,1.5,10,16,81600,1.6480199979212342,0.38668961532299445,0.3357271095152603,2.4518051219130133,0.31068049490538574,1.5980510591740502,0.38619628030157804,0,10.108
pendigits,1,cells,pre_footprint_off,pre,footprint,off,5,50,50,1.0,10,10,0.0,1.5,10,16,85000,1.644300617650201,0.6694691519089989,0.5559440559440559,4.48639002712472,0.5734170305676856,1.6593369597896377,0.4882311904200933,0,12.508
pendigits,1,cells,pre_footprint_on,pre,footprint,on,5,50,41,1.0,10,10,0.0,1.5,10,16,69700,1.78462632501332,0.6665616807356122,0.5608856088560885,4.289788187715797,0.5662299854439592,1.4139055558361013,0.47889330399365565,0,11.079
pendigits,1,cells,pre_mass_off,pre,mass,off,5,50,50,1.0,10,10,0.0,1.5,10,16,85000,1.7023712516068294,0.670800295792949,0.5611888111888111,4.457547040357711,0.5733260553129549,1.5381099503357707,0.487970788655227,0,9.802
pendigits,1,cells,pre_mass_on,pre,mass,on,5,50,50,1.0,10,10,0.0,1.5,10,16,85000,1.7620165923339093,0.6439991172299588,0.5437062937062938,4.297893236982817,0.50764192139738,1.54331569494797,0.5070446719886659,0,11.12
pendigits,1,cells,post_fpmask_off,post,fpmask,off,5,50,50,1.0,10,10,0.0,1.5,10,16,85000,1.669127433832683,0.5420382454501196,0.4575645756457565,4.30317860763241,0.5389374090247453,1.5445799098309567,0.5737594897621925,0,13.558
pendigits,1,cells,post_massmask_off,post,massmask,off,5,50,50,1.0,10,10,0.0,1.5,10,16,85000,1.6494117635462502,0.5144348561073608,0.42764976958525347,4.3613215831371015,0.5153748180494906,1.603097494839909,0.6141112999579764,0,10.925
pendigits,1,cells,pre_fpmask_off,pre,fpmask,off,5,50,50,1.0,10,10,0.0,1.5,10,16,85000,2.109793995015924,0.6757317287281868,0.5009225092250923,4.080721511278387,0.6067139737991266,0.9167625281677952,0.46378873417717736,0,12.879
pendigits,1,cells,pre_massmask_off,pre,massmask,off,5,50,50,1.0,10,10,0.0,1.5,10,16,85000,2.041209526292131,0.713354735147642,0.577490774907749,4.104830257144867,0.7115174672489083,0.9851900791952208,0.47784480347979463,0,10.577
pendigits,2,cells,post_none_off,post,none,off,5,50,50,1.0,10,10,0.0,1.5,10,16,85000,1.6066933612044967,0.5170087858568702,0.46728110599078343,4.432410669198444,0.45369359534206694,1.7170146203632277,0.6648128375139591,0,10.948
pendigits,2,cells,post_none_on,post,none,on,5,50,50,1.0,10,10,0.0,1.5,10,16,85000,1.3578506014837464,0.3813806138266282,0.3513986013986014,2.406996831963154,0.3116812227074236,2.559665857816728,0.37444628253607765,0,10.727
pendigits,2,cells,post_footprint_off,post,footprint,off,5,50,50,1.0,10,10,0.0,1.5,10,16,85000,1.8927915429925832,0.6447984219372088,0.48154981549815495,4.301490144317127,0.6089883551673945,1.2006415217073787,0.4955991563036324,0,13.394
pendigits,2,cells,post_footprint_on,post,footprint,on,5,50,50,1.0,10,10,0.0,1.5,10,16,85000,1.5224792641314242,0.650439398432333,0.5507380073800738,3.9286619620147727,0.5434861717612809,1.8132282357392553,0.4669276819475293,0,13.625
pendigits,2,cells,post_mass_off,post,mass,off,5,50,50,1.0,10,10,0.0,1.5,10,16,85000,1.888023203319264,0.6486740521253991,0.4806273062730627,4.230195584492551,0.6125363901018923,1.1867132539537688,0.49481578012941385,0,10.206
pendigits,2,cells,post_mass_on,post,mass,on,5,50,50,1.0,10,10,0.0,1.5,10,16,85000,0.6332805577438723,0.5744224344388869,0.43870967741935485,3.924483501187738,0.5288391557496361,10.398273876796914,0.48220698771705917,0,10.648
pendigits,2,cells,pre_none_off,pre,none,off,5,50,50,1.0,10,10,0.0,1.5,10,16,85000,1.3680574668038539,0.6703574921001313,0.5701107011070111,4.0733737539982755,0.6251819505094615,2.1764343878387553,0.5043010888693245,0,9.222
pendigits,2,cells,pre_none_on,pre,none,on,5,50,50,1.0,10,10,0.0,1.5,10,16,85000,2.0087310586297247,0.3839522646205714,0.3479020979020979,2.4141588459790446,0.3186863173216885,1.104851135991376,0.37400465746883205,0,10.703
pendigits,2,cells,pre_footprint_off,pre,footprint,off,5,50,50,1.0,10,10,0.0,1.5,10,16,85000,1.938039156765523,0.6190374109148937,0.4967741935483871,4.749773949517677,0.5429403202328966,1.264584476762102,0.5322634713919409,0,14.21
pendigits,2,cells,pre_footprint_on,pre,footprint,on,5,50,50,1.0,10,10,0.0,1.5,10,16,85000,1.9994662714966143,0.6613385405283492,0.5013477088948787,4.20445421717674,0.5119177583697234,1.1547078948056835,0.49601484857775446,0,14.102
pendigits,2,cells,pre_mass_off,pre,mass,off,5,50,50,1.0,10,10,0.0,1.5,10,16,85000,1.9583124201140147,0.6130460230167257,0.47096774193548385,4.658245833831012,0.5258369723435226,1.2146703976462792,0.5301251474540636,0,10.898
pendigits,2,cells,pre_mass_on,pre,mass,on,5,50,47,1.0,10,10,0.0,1.5,10,16,79900,1.5236194233470761,0.6387009442408551,0.5285977859778598,3.885190506472218,0.5401200873362445,1.8348383699706223,0.46237829462276037,0,10.275
pendigits,2,cells,post_fpmask_off,post,fpmask,off,5,50,50,1.0,10,10,0.0,1.5,10,16,85000,1.619014666694918,0.6035615927467365,0.42988929889298894,4.370132789404669,0.5994359534206696,1.6672205986110007,0.6140874152574849,0,13.632
pendigits,2,cells,post_massmask_off,post,massmask,off,5,50,50,1.0,10,10,0.0,1.5,10,16,85000,1.6063432630161576,0.48531845229000836,0.41420664206642066,4.443944266956724,0.4366812227074236,1.7222329393223081,0.6568847618569345,0,10.815
pendigits,2,cells,pre_fpmask_off,pre,fpmask,off,5,50,50,1.0,10,10,0.0,1.5,10,16,85000,2.4410939271673757,0.6975550644817609,0.5247079964061097,4.2493304251791955,0.608806404657933,0.7131017828758386,0.49512545891770926,0,13.014
pendigits,2,cells,pre_massmask_off,pre,massmask,off,5,50,50,1.0,10,10,0.0,1.5,10,16,85000,2.264866034663127,0.6872298956500936,0.5588499550763701,4.11672755737287,0.6382823871906841,0.8025407414358317,0.4916750713805105,0,10.892
pendigits,3,cells,post_none_off,post,none,off,5,50,50,1.0,10,10,0.0,1.5,10,16,85000,1.5445146987113063,0.5715466556475154,0.47878228782287824,4.349839292468572,0.5707787481804949,1.82343010405225,0.6441596076319488,0,9.49
pendigits,3,cells,post_none_on,post,none,on,5,50,50,1.0,10,10,0.0,1.5,10,16,85000,1.3672652203159799,0.3992747827291404,0.34470046082949307,2.4690692489758765,0.3490720524017467,2.4320258992190196,0.384643247159157,0,10.157
pendigits,3,cells,post_footprint_off,post,footprint,off,5,50,50,1.0,10,10,0.0,1.5,10,16,85000,1.8446259161825045,0.7139091128207895,0.5230627306273062,4.2041200787601065,0.6454694323144105,1.2355448076803952,0.48269037590487973,0,13.431
pendigits,3,cells,post_footprint_on,post,footprint,on,5,50,30,1.0,10,10,0.0,1.5,10,16,51000,1.8567923274204765,0.6819885538525947,0.4935424354243542,4.196174622534034,0.6379184861717613,1.2513858807112264,0.5090418991882493,0,7.215
pendigits,3,cells,post_mass_off,post,mass,off,5,50,50,1.0,10,10,0.0,1.5,10,16,85000,1.80940254134529,0.6812347799315855,0.4935424354243542,4.291655775330685,0.6518377001455604,1.3108544989332256,0.5167213791622061,0,9.838
pendigits,3,cells,post_mass_on,post,mass,on,5,50,36,1.0,10,10,0.0,1.5,10,16,61200,1.8271389216139957,0.6746320440701312,0.47601476014760147,4.025106000693449,0.6264556040756915,1.2767305849556538,0.501373893709126,0,6.684
pendigits,3,cells,pre_none_off,pre,none,off,5,50,50,1.0,10,10,0.0,1.5,10,16,85000,1.950145354951105,0.7011960474576041,0.5461254612546126,4.137549733318491,0.6375545851528385,1.0879508134350457,0.5049525277245397,0,10.245
pendigits,3,cells,pre_none_on,pre,none,on,5,50,50,1.0,10,10,0.0,1.5,10,16,85000,2.265477461786621,0.39866967039233764,0.34285714285714286,2.4718564367872156,0.3406113537117904,0.8287582635077114,0.3826757707795522,0,9.897
pendigits,3,cells,pre_footprint_off,pre,footprint,off,5,50,50,1.0,10,10,0.0,1.5,10,16,85000,1.8617036051288012,0.7127498560278684,0.5276752767527675,4.301867677711822,0.6461062590975255,1.2411834275225544,0.4714594711761136,0,14.108
pendigits,3,cells,pre_footprint_on,pre,footprint,on,5,50,33,1.0,10,10,0.0,1.5,10,16,56100,1.8637260553027073,0.6912207425026768,0.496309963099631,4.297068787725583,0.6517467248908297,1.2592829743456908,0.5005179930900484,0,9.09
pendigits,3,cells,pre_mass_off,pre,mass,off,5,50,50,1.0,10,10,0.0,1.5,10,16,85000,2.582656688986703,0.7369697737991259,0.5950184501845018,4.216451353503137,0.7371724890829694,0.632140673913491,0.45808754535792484,0,10.686
pendigits,3,cells,pre_mass_on,pre,mass,on,5,50,49,1.0,10,10,0.0,1.5,10,16,83300,1.8662040759590968,0.6751090205373621,0.5201048951048951,4.208077740844302,0.6651200873362445,1.2705266250768714,0.5020997608855409,0,10.124
pendigits,3,cells,post_fpmask_off,post,fpmask,off,5,50,50,1.0,10,10,0.0,1.5,10,16,85000,1.766214649895595,0.5672338805305855,0.45018450184501846,4.280442585540411,0.5317503639010189,1.3721503816010854,0.5497399436151378,0,13.208
pendigits,3,cells,post_massmask_off,post,massmask,off,5,50,50,1.0,10,10,0.0,1.5,10,16,85000,1.5732728656937656,0.5563069152308147,0.4188191881918819,4.237341567312617,0.5212882096069869,1.7119275005696066,0.5976853714343702,0,10.204
pendigits,3,cells,pre_fpmask_off,pre,fpmask,off,5,50,50,1.0,10,10,0.0,1.5,10,16,85000,2.219072900455775,0.7190459264244331,0.5719557195571956,4.116409160753577,0.7179767103347889,0.8359405573286239,0.4646815577896748,0,13.869
pendigits,3,cells,pre_massmask_off,pre,massmask,off,5,50,50,1.0,10,10,0.0,1.5,10,16,85000,1.992860456671086,0.706490028299078,0.5627306273062731,4.153831265108785,0.6407387190684134,1.045911820702876,0.4871535674541683,0,10.67
pendigits,4,cells,post_none_off,post,none,off,5,50,50,1.0,10,10,0.0,1.5,10,16,85000,1.5943088986276766,0.5640533094173621,0.511070110701107,4.40369627182697,0.5273835516739447,1.7324967049311655,0.654150578876373,0,10.866
pendigits,4,cells,post_none_on,post,none,on,5,50,50,1.0,10,10,0.0,1.5,10,16,85000,1.0619326125369437,0.39098624382456715,0.36538461538461536,2.434603241768447,0.3463427947598253,3.970506797235749,0.3764093929881274,0,11.553
pendigits,4,cells,post_footprint_off,post,footprint,off,5,50,50,1.0,10,10,0.0,1.5,10,16,85000,1.5613969003358021,0.6063031289616466,0.4935424354243542,4.177046033862179,0.5633187772925764,1.7133363769216567,0.49002254422401764,0,13.393
pendigits,4,cells,post_footprint_on,post,footprint,on,5,50,50,1.0,10,10,0.0,1.5,10,16,85000,1.5773951509623665,0.5978919841131619,0.48523985239852396,4.074050104953168,0.5479439592430859,1.6844049371702177,0.4904146020104839,0,13.365
pendigits,4,cells,post_mass_off,post,mass,off,5,50,50,1.0,10,10,0.0,1.5,10,16,85000,2.29553656784563,0.6954236969567803,0.4944649446494465,4.004265487108956,0.6844068413391557,0.759896480463059,0.45690032240184797,0,10.945
pendigits,4,cells,post_mass_on,post,mass,on,5,50,46,1.0,10,10,0.0,1.5,10,16,78200,2.2639165419159966,0.6669167206439164,0.4732472324723247,3.8465525216532317,0.6389192139737991,0.7832524408670791,0.4552188384109421,0,9.525
pendigits,4,cells,pre_none_off,pre,none,off,5,50,50,1.0,10,10,0.0,1.5,10,16,85000,1.9055802353660984,0.6939641032177104,0.4944649446494465,3.9620368994142043,0.6835880640465793,1.0910986955824298,0.4665204363718941,0,11.001
pendigits,4,cells,pre_none_on,pre,none,on,5,50,50,1.0,10,10,0.0,1.5,10,16,85000,1.767465615371034,0.39486475438326013,0.3518850987432675,2.4384749497857277,0.35389374090247455,1.305703043074417,0.3715983228677732,0,11.842
pendigits,4,cells,pre_footprint_off,pre,footprint,off,5,50,50,1.0,10,10,0.0,1.5,10,16,85000,2.560449308550557,0.7083000884983083,0.5018450184501845,4.111959257358034,0.6995997088791849,0.627215003638985,0.4445666511028259,0,14.071
pendigits,4,cells,pre_footprint_on,pre,footprint,on,5,50,50,1.0,10,10,0.0,1.5,10,16,85000,2.553973383735851,0.6942703319391479,0.5046125461254612,4.026582441948837,0.6764919941775837,0.6325409990112068,0.4500411701220481,0,14.152
pendigits,4,cells,pre_mass_off,pre,mass,off,5,50,50,1.0,10,10,0.0,1.5,10,16,85000,2.520571407875537,0.7080352549028206,0.5027675276752768,4.098188946852662,0.6989628820960698,0.6450508719153846,0.4450668339348071,0,11.104
pendigits,4,cells,pre_mass_on,pre,mass,on,5,50,33,1.0,10,10,0.0,1.5,10,16,56100,2.5085334020979304,0.6830105779505986,0.5,3.9646682571535696,0.6592976710334789,0.6548142556348606,0.45036387305614517,0,7.081
pendigits,4,cells,post_fpmask_off,post,fpmask,off,5,50,50,1.0,10,10,0.0,1.5,10,16,85000,1.5262916602486971,0.6048685964352248,0.43726937269372695,4.024826965402969,0.5826055312954876,1.7277151900066374,0.521113830007657,0,13.977
pendigits,4,cells,post_massmask_off,post,massmask,off,5,50,50,1.0,10,10,0.0,1.5,10,16,85000,1.6705316894885769,0.5259906150180365,0.43357933579335795,4.277513760270317,0.4936317321688501,1.5327875997694933,0.6112872351429723,0,10.662
pendigits,4,cells,pre_fpmask_off,pre,fpmask,off,5,50,50,1.0,10,10,0.0,1.5,10,16,85000,2.191971032553057,0.6941979278562666,0.503690036900369,4.0164668110706625,0.6791302765647744,0.8359389504062117,0.453325163080582,0,13.619
pendigits,4,cells,pre_massmask_off,pre,massmask,off,5,50,50,1.0,10,10,0.0,1.5,10,16,85000,1.9342647770343449,0.6945362573179866,0.503690036900369,3.978837146268959,0.6801310043668122,1.0634677322654136,0.4602587009109689,0,10.631
pendigits,5,cells,post_none_off,post,none,off,5,50,50,1.0,10,10,0.0,1.5,10,16,85000,1.6732828996869458,0.5304036622158551,0.4621771217712177,4.436428356018085,0.5095524017467249,1.5845090607485839,0.6599526531338223,0,10.526
pendigits,5,cells,post_none_on,post,none,on,5,50,45,1.0,10,10,0.0,1.5,10,16,76500,0.8343220757431115,0.39821697247148274,0.37668161434977576,2.425937459018568,0.3288755458515284,6.44869978760806,0.3781055570637509,0,9.183
pendigits,5,cells,post_footprint_off,post,footprint,off,5,50,50,1.0,10,10,0.0,1.5,10,16,85000,2.3559038149414735,0.6923989306235221,0.46955719557195574,4.0693178312507206,0.6854075691411936,0.7331730631925241,0.4574941333234446,0,12.992
pendigits,5,cells,post_footprint_on,post,footprint,on,5,50,50,1.0,10,10,0.0,1.5,10,16,85000,2.3542098359688555,0.672640395442231,0.4833948339483395,3.929376823807961,0.6556586608442504,0.7220807122870928,0.45452450766689884,0,13.34
pendigits,5,cells,post_mass_off,post,mass,off,5,50,50,1.0,10,10,0.0,1.5,10,16,85000,2.251165687379944,0.6855092639028282,0.466789667896679,4.037505145625936,0.6748544395924309,0.7967061465062285,0.46246190259265735,0,9.927
pendigits,5,cells,post_mass_on,post,mass,on,5,50,50,1.0,10,10,0.0,1.5,10,16,85000,2.272957275067056,0.6595880616526193,0.48247232472324725,3.8339962493932247,0.6264556040756915,0.7723899175209517,0.4539208443241038,0,9.406
pendigits,5,cells,pre_none_off,pre,none,off,5,50,50,1.0,10,10,0.0,1.5,10,16,85000,1.9578444139599118,0.6797626158372643,0.46494464944649444,3.963752055386934,0.6690320232896652,1.0340704497092474,0.4648786509059939,0,11.757
pendigits,5,cells,pre_none_on,pre,none,on,5,50,48,1.0,10,10,0.0,1.5,10,16,81600,1.6832681412362298,0.3828650297240508,0.3511520737327189,2.4231701647854753,0.3310589519650655,1.470829982858511,0.37652138573242966,0,10.034
pendigits,5,cells,pre_footprint_off,pre,footprint,off,5,50,50,1.0,10,10,0.0,1.5,10,16,85000,2.519554896952664,0.6502715909241991,0.4612546125461255,4.359343064103347,0.6448326055312955,0.6867100399944964,0.48140382027095596,0,13.678
pendigits,5,cells,pre_footprint_on,pre,footprint,on,5,50,41,1.0,10,10,0.0,1.5,10,16,69700,2.5183721470803753,0.6258544210507168,0.46955719557195574,4.236543445764026,0.6068959243085881,0.6890096747202921,0.48309769243599116,0,10.726
pendigits,5,cells,pre_mass_off,pre,mass,off,5,50,50,1.0,10,10,0.0,1.5,10,16,85000,2.4627119337628627,0.7042837871423633,0.5913284132841329,4.1880593092150065,0.6596615720524017,0.6905348373484747,0.46537615360300194,0,10.709
pendigits,5,cells,pre_mass_on,pre,mass,on,5,50,42,1.0,10,10,0.0,1.5,10,16,71400,2.4510686785075237,0.6747695866552379,0.5581180811808119,4.008754311485753,0.6276382823871907,0.6914728857621119,0.46686403212618566,0,8.531
pendigits,5,cells,post_fpmask_off,post,fpmask,off,5,50,50,1.0,10,10,0.0,1.5,10,16,85000,1.4906831908910014,0.5579655996680416,0.4584870848708487,4.265929311985349,0.5191957787481805,1.9197423519175087,0.5704627542360352,0,13.88
pendigits,5,cells,post_massmask_off,post,massmask,off,5,50,50,1.0,10,10,0.0,1.5,10,16,85000,1.6331744261614753,0.5322773803103864,0.4612546125461255,4.370863726278397,0.5105531295487628,1.6387100793811964,0.6281022626404236,0,10.334
pendigits,5,cells,pre_fpmask_off,pre,fpmask,off,5,50,50,1.0,10,10,0.0,1.5,10,16,85000,2.170758395364464,0.6836159427095144,0.4797047970479705,4.024402280666464,0.6679403202328966,0.8540403852884875,0.45639561873552503,0,13.158
pendigits,5,cells,pre_massmask_off,pre,massmask,off,5,50,50,1.0,10,10,0.0,1.5,10,16,85000,1.979764797715692,0.6816300734921302,0.47878228782287824,3.9934529852695775,0.6683951965065502,1.0188761124329035,0.4589059786613923,0,9.913
pendigits,6,cells,post_none_off,post,none,off,5,50,50,1.0,10,10,0.0,1.5,10,16,85000,1.4202777945231173,0.5464943435800191,0.4492619926199262,4.4039870686206894,0.5470342066957787,2.1832297513495433,0.6540159708695851,0,10.843
pendigits,6,cells,post_none_on,post,none,on,5,50,41,1.0,10,10,0.0,1.5,10,16,69700,1.0881402968419132,0.39074456686946524,0.3496309963099631,2.4632776963777614,0.30585880640465796,4.002564033763173,0.38885759630605443,0,8.497
pendigits,6,cells,post_footprint_off,post,footprint,off,5,50,50,1.0,10,10,0.0,1.5,10,16,85000,1.494981400088143,0.6435853656533909,0.5470479704797048,4.508852675872516,0.5176491994177583,2.017411380615169,0.5366275425573831,0,13.047
pendigits,6,cells,post_footprint_on,post,footprint,on,5,50,31,1.0,10,10,0.0,1.5,10,16,52700,1.5690586596778222,0.6414752434189234,0.5304428044280443,4.2126592796844955,0.49135735080058224,1.8319785133202078,0.5105564855626049,0,8.547
pendigits,6,cells,post_mass_off,post,mass,off,5,50,50,1.0,10,10,0.0,1.5,10,16,85000,1.7673516795578357,0.644274518834053,0.5461254612546126,4.297499365116148,0.5662299854439592,1.3758461322634996,0.49977898929059933,0,10.313
pendigits,6,cells,post_mass_on,post,mass,on,5,50,50,1.0,10,10,0.0,1.5,10,16,85000,1.7832584633803654,0.6102086085388994,0.49475524475524474,4.161370891752456,0.5704148471615721,1.3793681239668307,0.519407017794301,0,11.199
pendigits,6,cells,pre_none_off,pre,none,off,5,50,50,1.0,10,10,0.0,1.5,10,16,85000,1.846704858945839,0.6974799368645332,0.5719557195571956,4.185042547158625,0.6311863173216885,1.2271704636276266,0.5128137893997374,0,11.12
pendigits,6,cells,pre_none_on,pre,none,on,5,50,50,1.0,10,10,0.0,1.5,10,16,85000,1.4545879918843376,0.3948806807007872,0.35239852398523985,2.477278873166135,0.3344250363901019,2.0388582487316853,0.38791814020233,0,10.865
pendigits,6,cells,pre_footprint_off,pre,footprint,off,5,50,50,1.0,10,10,0.0,1.5,10,16,85000,1.5539351929969762,0.6761182279206744,0.5046125461254612,4.370519878196515,0.6058042212518195,1.8099529886857977,0.4916399917122806,0,13.254
pendigits,6,cells,pre_footprint_on,pre,footprint,on,5,50,50,1.0,10,10,0.0,1.5,10,16,85000,1.8290242977673594,0.6463667877732632,0.5649769585253456,4.423621928608336,0.6017103347889374,1.3703860245166561,0.5227991761540499,0,13.387
pendigits,6,cells,pre_mass_off,pre,mass,off,5,50,50,1.0,10,10,0.0,1.5,10,16,85000,1.8103351928900548,0.701957878404257,0.5202952029520295,4.221625256246095,0.6956877729257642,1.2881359206468632,0.47761104248806524,0,10.686
pendigits,6,cells,pre_mass_on,pre,mass,on,5,50,48,1.0,10,10,0.0,1.5,10,16,81600,1.690224632967065,0.6784649500110996,0.5122377622377622,4.241427603881432,0.670032751091703,1.5388250021809469,0.5057117543165802,0,10.614
pendigits,6,cells,post_fpmask_off,post,fpmask,off,5,50,50,1.0,10,10,0.0,1.5,10,16,85000,1.546215539964047,0.5561106803216725,0.4612546125461255,4.288785718863863,0.5513100436681223,1.7938836870322592,0.5905113032756816,0,13.485
pendigits,6,cells,post_massmask_off,post,massmask,off,5,50,50,1.0,10,10,0.0,1.5,10,16,85000,1.5939338677950534,0.5492998059302969,0.4833948339483395,4.315344907848043,0.5200145560407569,1.6985366241641422,0.6187548017735907,0,10.702
pendigits,6,cells,pre_fpmask_off,pre,fpmask,off,5,50,50,1.0,10,10,0.0,1.5,10,16,85000,2.0568253729888117,0.7031951231214256,0.5710332103321033,4.257226952477817,0.6332787481804949,1.006310399317944,0.48528256577142875,0,13.11
pendigits,6,cells,pre_massmask_off,pre,massmask,off,5,50,50,1.0,10,10,0.0,1.5,10,16,85000,1.8260818041602789,0.697658779568629,0.5719557195571956,4.212019600032532,0.6295487627365357,1.2631354547094515,0.5011115226292819,0,9.791
pendigits,7,cells,post_none_off,post,none,off,5,50,50,1.0,10,10,0.0,1.5,10,16,85000,1.4328926362965628,0.4539786124637549,0.41420664206642066,4.462877335778933,0.4497816593886463,2.1736401555143092,0.6699057613827714,0,10.841
pendigits,7,cells,post_none_on,post,none,on,5,50,50,1.0,10,10,0.0,1.5,10,16,85000,1.3202055648654325,0.3815783729318174,0.3514760147601476,2.4202802191110924,0.3546215429403202,2.6108228301471494,0.37833594715561275,0,11.346
pendigits,7,cells,post_footprint_off,post,footprint,off,5,50,50,1.0,10,10,0.0,1.5,10,16,85000,1.4183634651222847,0.6150818327961002,0.5133640552995392,4.340673005373087,0.5104621542940321,2.157654972760209,0.5144779597409049,0,13.646
pendigits,7,cells,post_footprint_on,post,footprint,on,5,50,50,1.0,10,10,0.0,1.5,10,16,85000,1.440990863622249,0.614029146349705,0.4875576036866359,4.132245726160242,0.5052765647743813,2.0951205513431774,0.4965142128800785,0,14.742
pendigits,7,cells,post_mass_off,post,mass,off,5,50,50,1.0,10,10,0.0,1.5,10,16,85000,1.8491296720011983,0.6566449927237661,0.4599078341013825,4.141138617284271,0.5831513828238719,1.2111140235924864,0.4910566958046878,0,11.041
pendigits,7,cells,post_mass_on,post,mass,on,5,50,49,1.0,10,10,0.0,1.5,10,16,83300,1.9122604896222168,0.5988056846267116,0.4414746543778802,3.9498335792101593,0.5102802037845706,1.1671970287595115,0.4855996212781063,0,11.068
pendigits,7,cells,pre_none_off,pre,none,off,5,50,50,1.0,10,10,0.0,1.5,10,16,85000,1.9228320214364096,0.6680899035742354,0.47601476014760147,3.9991769428308603,0.6056222707423581,1.0816529223176565,0.4752697661026941,0,10.946
pendigits,7,cells,pre_none_on,pre,none,on,5,50,50,1.0,10,10,0.0,1.5,10,16,85000,2.201762579608744,0.3845727959543731,0.3496309963099631,2.42626871232781,0.3548034934497817,0.9064975210113418,0.3764174726659492,0,11.116
pendigits,7,cells,pre_footprint_off,pre,footprint,off,5,50,50,1.0,10,10,0.0,1.5,10,16,85000,1.4803871740272636,0.6135023435522979,0.5129151291512916,4.44699193352285,0.5129184861717613,2.029157297213557,0.5094454755149611,0,13.826
pendigits,7,cells,pre_footprint_on,pre,footprint,on,5,50,36,1.0,10,10,0.0,1.5,10,16,61200,1.5125211078907466,0.6208742979464674,0.5156826568265682,4.254128930429588,0.5131004366812227,1.9513129335284634,0.4969217712804895,0,10.39
pendigits,7,cells,pre_mass_off,pre,mass,off,5,50,50,1.0,10,10,0.0,1.5,10,16,85000,1.433934392175889,0.6129684951902599,0.514760147601476,4.408153410054082,0.5115538573508006,2.1438684731939075,0.5100706197478406,0,10.832
pendigits,7,cells,pre_mass_on,pre,mass,on,5,50,36,1.0,10,10,0.0,1.5,10,16,61200,1.4684378758565186,0.6160577434681114,0.49032258064516127,4.110748761203887,0.5182860262008734,2.054962773382592,0.49148183227607867,0,7.893
pendigits,7,cells,post_fpmask_off,post,fpmask,off,5,50,50,1.0,10,10,0.0,1.5,10,16,85000,1.1867009231176509,0.5612033697485157,0.4497695852534562,4.403049290705392,0.474617903930131,3.1265903769660235,0.6067186948896687,0,13.778
pendigits,7,cells,post_massmask_off,post,massmask,off,5,50,50,1.0,10,10,0.0,1.5,10,16,85000,1.3572818129632347,0.47767847254122475,0.40682656826568264,4.464346207118678,0.4772561863173217,2.423359284790061,0.6616078637573728,0,10.564
pendigits,7,cells,pre_fpmask_off,pre,fpmask,off,5,50,50,1.0,10,10,0.0,1.5,10,16,85000,2.3507685561861646,0.7049449765867852,0.4981549815498155,4.0678994821772045,0.641193595342067,0.7361231349960825,0.4414334864640679,0,13.322
pendigits,7,cells,pre_massmask_off,pre,massmask,off,5,50,50,1.0,10,10,0.0,1.5,10,16,85000,1.9240096995114082,0.6697189543584262,0.477859778597786,4.0195887308692395,0.6035298398835517,1.085843174481812,0.46716146105600154,0,9.418
pendigits,8,cells,post_none_off,post,none,off,5,50,50,1.0,10,10,0.0,1.5,10,16,85000,1.2110384435168038,0.523564300438038,0.43911439114391143,4.441326341899637,0.5220160116448326,3.028285563695711,0.672561569001483,0,9.936
pendigits,8,cells,post_none_on,post,none,on,5,50,50,1.0,10,10,0.0,1.5,10,16,85000,0.9571229318243253,0.3802373323493016,0.33732718894009217,2.4165147788325423,0.34643377001455605,5.010849671986546,0.3790462806290251,0,9.463
pendigits,8,cells,post_footprint_off,post,footprint,off,5,50,50,1.0,10,10,0.0,1.5,10,16,85000,1.4039050676799565,0.6177626510632026,0.5218531468531469,4.21825065976243,0.5750545851528385,2.1402125169581514,0.49557951302921477,0,12.937
pendigits,8,cells,post_footprint_on,post,footprint,on,5,50,47,1.0,10,10,0.0,1.5,10,16,79900,1.496860384344597,0.6135177293660845,0.5156826568265682,4.106906266363052,0.5350254730713246,1.8722080730090742,0.4990816491132445,0,12.116
pendigits,8,cells,post_mass_off,post,mass,off,5,50,50,1.0,10,10,0.0,1.5,10,16,85000,1.7805333972533233,0.6154784613310307,0.48800738007380073,4.156379732662671,0.6074417758369723,1.311037065694803,0.4939826599760935,0,9.636
pendigits,8,cells,post_mass_on,post,mass,on,5,50,48,1.0,10,10,0.0,1.5,10,16,81600,2.029349479981102,0.64116391665183,0.48523985239852396,3.9215813187107487,0.5726892285298398,1.011705715104227,0.4855342635765332,0,8.57
pendigits,8,cells,pre_none_off,pre,none,off,5,50,50,1.0,10,10,0.0,1.5,10,16,85000,2.0459819448576138,0.6524214769920341,0.5239852398523985,4.153333640989773,0.6153566229985444,0.9921862999066389,0.5112597817664205,0,8.952
pendigits,8,cells,pre_none_on,pre,none,on,5,50,47,1.0,10,10,0.0,1.5,10,16,79900,1.6650481247597984,0.3818894249596657,0.3400921658986175,2.4287171436152697,0.3403384279475983,1.5635777428008426,0.37945154614046905,0,8.109
pendigits,8,cells,pre_footprint_off,pre,footprint,off,5,50,50,1.0,10,10,0.0,1.5,10,16,85000,1.4297924402980462,0.5976589576028315,0.47465034965034963,4.6271565336211395,0.5827874818049491,2.263435893499539,0.5456198801414638,0,11.835
pendigits,8,cells,pre_footprint_on,pre,footprint,on,5,50,45,1.0,10,10,0.0,1.5,10,16,76500,1.7242192766611395,0.6002896446034496,0.46853146853146854,4.479189511036889,0.5835152838427947,1.5571482191998094,0.5452939844552408,0,10.678
pendigits,8,cells,pre_mass_off,pre,mass,off,5,50,50,1.0,10,10,0.0,1.5,10,16,85000,1.7695905074585976,0.6538069045580852,0.5124423963133641,4.4462781558577795,0.6018922852983989,1.4198781251248362,0.5096731279763425,0,9.413
pendigits,8,cells,pre_mass_on,pre,mass,on,5,50,44,1.0,10,10,0.0,1.5,10,16,74800,2.4670434143764113,0.6538192417021229,0.49169741697416974,4.213146917262192,0.6176310043668122,0.7316253328864559,0.49929041542787495,0,8.383
pendigits,8,cells,post_fpmask_off,post,fpmask,off,5,50,50,1.0,10,10,0.0,1.5,10,16,85000,1.15322680083838,0.5617815864152058,0.4474169741697417,4.206441654715103,0.5297489082969432,3.1628996695881764,0.581662822277984,0,12.402
pendigits,8,cells,post_massmask_off,post,massmask,off,5,50,50,1.0,10,10,0.0,1.5,10,16,85000,1.2209222714832726,0.5629350637066383,0.4418819188191882,4.410924957048762,0.5632278020378457,2.959059086224003,0.6482585281043879,0,9.207
pendigits,8,cells,pre_fpmask_off,pre,fpmask,off,5,50,50,1.0,10,10,0.0,1.5,10,16,85000,1.9641062984153428,0.6270750418847457,0.488929889298893,4.16648081952939,0.5655021834061136,1.080038930816034,0.4951666243788922,0,12.153
pendigits,8,cells,pre_massmask_off,pre,massmask,off,5,50,50,1.0,10,10,0.0,1.5,10,16,85000,2.0503850440975078,0.6546109656622312,0.5285977859778598,4.173644441845307,0.613264192139738,0.9927607477283565,0.5017544024276797,0,9.26
pendigits,9,cells,post_none_off,post,none,off,5,50,50,1.0,10,10,0.0,1.5,10,16,85000,1.464158911576729,0.5339997252181329,0.4474169741697417,4.401583963631981,0.5070050946142649,2.053206168968797,0.6613178566317721,0,10.597
pendigits,9,cells,post_none_on,post,none,on,5,50,47,1.0,10,10,0.0,1.5,10,16,79900,1.1753809869893983,0.3955757823690798,0.3423180592991914,2.432050301812275,0.32860262008733626,3.229624211412982,0.3758998761853487,0,10.642
pendigits,9,cells,post_footprint_off,post,footprint,off,5,50,50,1.0,10,10,0.0,1.5,10,16,85000,1.8557610414297183,0.6612023271767039,0.44423963133640554,4.177417870987198,0.5876091703056768,1.2130084155731895,0.4851464050134157,0,13.393
pendigits,9,cells,post_footprint_on,post,footprint,on,5,50,50,1.0,10,10,0.0,1.5,10,16,85000,1.8666913955072821,0.6535027709209207,0.45069124423963136,3.9729643671392143,0.5722343522561864,1.1993747609542882,0.4701575826490649,0,13.302
pendigits,9,cells,post_mass_off,post,mass,off,5,50,50,1.0,10,10,0.0,1.5,10,16,85000,1.8202368835812839,0.6701023139412278,0.46863468634686345,4.078209258961184,0.6077147016011645,1.2308742485496096,0.47360413846292115,0,10.452
pendigits,9,cells,post_mass_on,post,mass,on,5,50,47,1.0,10,10,0.0,1.5,10,16,79900,1.8137676587908549,0.6542315403749503,0.4547970479704797,3.7949661500942398,0.5907023289665211,1.234018111379593,0.4511855770816935,0,9.415
pendigits,9,cells,pre_none_off,pre,none,off,5,50,50,1.0,10,10,0.0,1.5,10,16,85000,1.890951330704358,0.6651857977564357,0.47878228782287824,4.004254131581933,0.6024381368267832,1.1198527739539132,0.47562252366744745,0,9.948
pendigits,9,cells,pre_none_on,pre,none,on,5,50,42,1.0,10,10,0.0,1.5,10,16,71400,1.9501289473130496,0.3974152797376395,0.3566820276497696,2.4338858084952997,0.3433406113537118,1.080738688055425,0.3722385973072142,0,7.919
pendigits,9,cells,pre_footprint_off,pre,footprint,off,5,50,50,1.0,10,10,0.0,1.5,10,16,85000,1.3003510789608705,0.65442058830585,0.5373271889400921,4.3183878553792585,0.553948326055313,2.553879494593717,0.49131746896788386,0,12.165
pendigits,9,cells,pre_footprint_on,pre,footprint,on,5,50,41,1.0,10,10,0.0,1.5,10,16,69700,1.4859388950633372,0.6564594698782126,0.5308755760368664,4.103632386100169,0.5634097525473072,1.9564807425816315,0.4791397392833263,0,10.917
pendigits,9,cells,pre_mass_off,pre,mass,off,5,50,50,1.0,10,10,0.0,1.5,10,16,85000,1.6154047299219332,0.6486387384117149,0.46359447004608295,4.262056955194076,0.5720524017467249,1.6332645984730725,0.49186833640346483,0,9.731
pendigits,9,cells,pre_mass_on,pre,mass,on,5,50,50,1.0,10,10,0.0,1.5,10,16,85000,1.9063068550829556,0.6469605435740895,0.4589861751152074,3.956226008136876,0.5683224163027657,1.1752635276640273,0.4652408629880323,0,10.534
pendigits,9,cells,post_fpmask_off,post,fpmask,off,5,50,50,1.0,10,10,0.0,1.5,10,16,85000,1.4595699795217212,0.6071381612177696,0.43911439114391143,4.213368686717732,0.5333879184861717,1.9777874597435574,0.5508014632923846,0,11.432
pendigits,9,cells,post_massmask_off,post,massmask,off,5,50,50,1.0,10,10,0.0,1.5,10,16,85000,1.7382794853535124,0.5396623227421886,0.46309963099630996,4.365345459218748,0.5010007278020379,1.444705773862971,0.6434292528953149,0,10.054
pendigits,9,cells,pre_fpmask_off,pre,fpmask,off,5,50,50,1.0,10,10,0.0,1.5,10,16,85000,1.9468822857139143,0.6683301302913415,0.492619926199262,4.054229713529956,0.5985262008733624,1.0696186460182824,0.4608419634611504,0,12.124
pendigits,9,cells,pre_massmask_off,pre,massmask,off,5,50,50,1.0,10,10,0.0,1.5,10,16,85000,1.8846553112664164,0.6687086101655418,0.48800738007380073,4.025794892325912,0.6014374090247453,1.1334119285606412,0.4678181511659401,0,10.305
digits_pca16,0,cells,post_none_off,post,none,off,5,50,50,1.0,10,10,0.0,1.3,10,16,85000,1.6894542162875676,0.39140060411086053,0.2967032967032967,8.233270627098461,0.36282693377851977,2.884559734036301,0.7536655317051645,0,1.99
digits_pca16,0,cells,post_none_on,post,none,on,5,50,50,1.0,10,10,0.0,1.3,10,16,85000,1.28216987550451,0.30924223917200067,0.2611111111111111,4.472684039555781,0.2621035058430718,5.021708548529057,0.2833295070919567,0,1.984
digits_pca16,0,cells,post_footprint_off,post,footprint,off,5,50,50,1.0,10,10,0.0,1.3,10,16,85000,2.1677843820519582,0.6278485652712036,0.4388888888888889,8.121788341956359,0.575403450194769,1.7283014775945622,0.524304733751964,0,3.755
digits_pca16,0,cells,post_footprint_on,post,footprint,on,5,50,50,1.0,10,10,0.0,1.3,10,16,85000,2.2696349285169997,0.6260096061878524,0.4166666666666667,7.79914876049108,0.5542570951585977,1.579697919015584,0.4861958388248204,0,3.573
digits_pca16,0,cells,post_mass_off,post,mass,off,5,50,50,1.0,10,10,0.0,1.3,10,16,85000,2.038573664485763,0.5570588978823193,0.4111111111111111,8.051201799956868,0.5075125208681135,1.9373491356311074,0.541569069820012,0,2.033
digits_pca16,0,cells,post_mass_on,post,mass,on,5,50,50,1.0,10,10,0.0,1.3,10,16,85000,2.033202508965976,0.5554760958009771,0.3277777777777778,7.516866638214233,0.454646633277685,1.974819901192665,0.5092772897779103,0,2.122
digits_pca16,0,cells,pre_none_off,pre,none,off,5,50,50,1.0,10,10,0.0,1.3,10,16,85000,2.137194054865378,0.6016791602151457,0.4166666666666667,7.953134663586265,0.6015581524763495,1.7412070672780582,0.5484252095471066,0,2.013
digits_pca16,0,cells,pre_none_on,pre,none,on,5,50,50,1.0,10,10,0.0,1.3,10,16,85000,1.9680316260426265,0.3270612010806479,0.2849162011173184,3.9622412357017733,0.2459654980523094,2.166707778455077,0.27729944511590104,0,2.049
digits_pca16,0,cells,pre_footprint_off,pre,footprint,off,5,50,50,1.0,10,10,0.0,1.3,10,16,85000,2.2166091849808383,0.6405973661500799,0.4,8.505347813704482,0.573734001112966,1.7310667761176401,0.4963299533627594,0,3.478
digits_pca16,0,cells,pre_footprint_on,pre,footprint,on,5,50,43,1.0,10,10,0.0,1.3,10,16,73100,2.1649907834297055,0.5844761292401103,0.4,8.052689628510167,0.5175292153589316,1.7750633553118047,0.5152387227110394,0,2.988
digits_pca16,0,cells,pre_mass_off,pre,mass,off,5,50,50,1.0,10,10,0.0,1.3,10,16,85000,2.136577912038555,0.6067106729082937,0.36464088397790057,8.37199872973847,0.5409015025041736,1.8339677106486167,0.5102752575624624,0,1.976
digits_pca16,0,cells,pre_mass_on,pre,mass,on,5,50,50,1.0,10,10,0.0,1.3,10,16,85000,2.099543562140209,0.6210454420460301,0.4419889502762431,7.93708417961516,0.5019476905954369,1.9417923656110159,0.4914567650798971,0,1.948
digits_pca16,0,cells,post_fpmask_off,post,fpmask,off,5,50,50,1.0,10,10,0.0,1.3,10,16,85000,1.7221323143695206,0.4155055855908329,0.3,8.289066178275567,0.36616583194212576,2.7949405523920436,0.7683385712504539,0,3.422
digits_pca16,0,cells,post_massmask_off,post,massmask,off,5,50,50,1.0,10,10,0.0,1.3,10,16,85000,1.6801309526147712,0.37858429249411707,0.32222222222222224,8.24694843354044,0.34056761268781305,2.921507553083237,0.7723229312166567,0,2.24
digits_pca16,0,cells,pre_fpmask_off,pre,fpmask,off,5,50,50,1.0,10,10,0.0,1.3,10,16,85000,2.1627028618558324,0.6210958821963974,0.3888888888888889,7.983651372247289,0.5837506956037841,1.7068991187574063,0.49149462184796255,0,3.629
digits_pca16,0,cells,pre_massmask_off,pre,massmask,off,5,50,50,1.0,10,10,0.0,1.3,10,16,85000,2.1359203348858236,0.6032960868735089,0.4166666666666667,7.9683260548494745,0.6032276015581525,1.7466142365677444,0.5415188006036851,0,2.232
digits_pca16,1,cells,post_none_off,post,none,off,5,50,50,1.0,10,10,0.0,1.3,10,16,85000,1.6562036860432638,0.4274088485939179,0.34444444444444444,8.207051734965749,0.4079020589872009,2.991986828769028,0.7508024498507693,0,2.006
digits_pca16,1,cells,post_none_on,post,none,on,5,50,41,1.0,10,10,0.0,1.3,10,16,69700,1.2720266514110659,0.3198126194765392,0.2611111111111111,4.443752061701862,0.26822481914301616,5.064705501844047,0.2788201053478399,0,1.95
digits_pca16,1,cells,post_footprint_off,post,footprint,off,5,50,50,1.0,10,10,0.0,1.3,10,16,85000,2.2541065793182398,0.655429084235196,0.4444444444444444,8.069553685481392,0.6110183639398998,1.5881832887813614,0.4830432594022998,0,3.811
digits_pca16,1,cells,post_footprint_on,post,footprint,on,5,50,50,1.0,10,10,0.0,1.3,10,16,85000,2.9761395606305276,0.6451892930787354,0.4388888888888889,7.682187723772625,0.5592654424040067,0.911809964579096,0.45338569142153334,0,3.962
digits_pca16,1,cells,post_mass_off,post,mass,off,5,50,50,1.0,10,10,0.0,1.3,10,16,85000,1.95654079966315,0.6577502947281675,0.4222222222222222,8.039515105651317,0.5820812465219811,2.1001583348657076,0.492689252943984,0,2.108
digits_pca16,1,cells,post_mass_on,post,mass,on,5,50,50,1.0,10,10,0.0,1.3,10,16,85000,2.78297277130657,0.6050523539289978,0.4166666666666667,7.44007643759099,0.5197551474680022,1.0348284193091508,0.45043654869235106,0,2.181
digits_pca16,1,cells,pre_none_off,pre,none,off,5,50,50,1.0,10,10,0.0,1.3,10,16,85000,2.0280057670418734,0.6368870359436054,0.40555555555555556,7.940131500616185,0.5882025598219255,1.930586761172438,0.5126064380321474,0,2.244
digits_pca16,1,cells,pre_none_on,pre,none,on,5,50,50,1.0,10,10,0.0,1.3,10,16,85000,1.8711205241191484,0.34049298963032576,0.29444444444444445,3.928213135182292,0.2459654980523094,2.358678536347731,0.2721198745977801,0,2.259
digits_pca16,1,cells,pre_footprint_off,pre,footprint,off,5,50,50,1.0,10,10,0.0,1.3,10,16,85000,3.2722037118773106,0.7084137537806704,0.45555555555555555,8.323141575303348,0.6310517529215359,0.7773321246281514,0.44856275251703415,0,3.495
digits_pca16,1,cells,pre_footprint_on,pre,footprint,on,5,50,50,1.0,10,10,0.0,1.3,10,16,85000,2.9619728450224514,0.6825980100979531,0.4222222222222222,7.916705121009715,0.5915414579855315,0.9438561079483582,0.434561947745041,0,3.549
digits_pca16,1,cells,pre_mass_off,pre,mass,off,5,50,50,1.0,10,10,0.0,1.3,10,16,85000,3.2099663065640915,0.7106270097218035,0.45,8.304036170530836,0.6304952698942682,0.805913228540504,0.450091322940688,0,2.552
digits_pca16,1,cells,pre_mass_on,pre,mass,on,5,50,50,1.0,10,10,0.0,1.3,10,16,85000,2.947101354950615,0.6596068902941473,0.4166666666666667,7.816014054779639,0.568725653867557,0.9521988465164877,0.4317724676000881,0,2.117
digits_pca16,1,cells,post_fpmask_off,post,fpmask,off,5,50,50,1.0,10,10,0.0,1.3,10,16,85000,1.81952335510649,0.4239339740205416,0.34444444444444444,8.12058796320923,0.4034501947690595,2.452856865635203,0.7042974760574278,0,3.961
digits_pca16,1,cells,post_massmask_off,post,massmask,off,5,50,50,1.0,10,10,0.0,1.3,10,16,85000,1.8300847396571565,0.43763575894510376,0.34806629834254144,8.200564793627823,0.4012242626599889,2.4485070854797146,0.7435069927114812,0,2.115
digits_pca16,1,cells,pre_fpmask_off,pre,fpmask,off,5,50,50,1.0,10,10,0.0,1.3,10,16,85000,2.1103426623140407,0.671446278049034,0.42777777777777776,8.200725958500493,0.5887590428491931,1.8413923821386657,0.4875641607685552,0,3.934
digits_pca16,1,cells,pre_massmask_off,pre,massmask,off,5,50,50,1.0,10,10,0.0,1.3,10,16,85000,2.050137308394092,0.6564956798284831,0.3888888888888889,8.010838849821932,0.5954368391764051,1.9059526068749657,0.49563309232835573,0,1.552
digits_pca16,2,cells,post_none_off,post,none,off,5,50,50,1.0,10,10,0.0,1.3,10,16,85000,1.5959551554380376,0.4353940085223125,0.3111111111111111,8.236129463769794,0.3583750695603784,3.2335664986394006,0.7441702820072313,0,2.132
digits_pca16,2,cells,post_none_on,post,none,on,5,50,44,1.0,10,10,0.0,1.3,10,16,74800,0.923500057522543,0.3069618751139668,0.2542372881355932,4.490671955375983,0.2498608792431831,9.701134610891348,0.2764681459094875,0,1.826
digits_pca16,2,cells,post_footprint_off,post,footprint,off,5,50,50,1.0,10,10,0.0,1.3,10,16,85000,2.1330951062047627,0.6170710202003704,0.46111111111111114,8.125176154042233,0.4724540901502504,1.7857158218475082,0.49296747383225864,0,3.568
digits_pca16,2,cells,post_footprint_on,post,footprint,on,5,50,50,1.0,10,10,0.0,1.3,10,16,85000,2.1705140072368367,0.6178670242896207,0.4444444444444444,7.616189937278521,0.454646633277685,1.7242199580602613,0.45342078654512136,0,3.534
digits_pca16,2,cells,post_mass_off,post,mass,off,5,50,50,1.0,10,10,0.0,1.3,10,16,85000,2.067525292199102,0.5960196319421313,0.45,8.173238073329635,0.44741235392320533,1.9120202493130418,0.5077208531904813,0,1.902
digits_pca16,2,cells,post_mass_on,post,mass,on,5,50,50,1.0,10,10,0.0,1.3,10,16,85000,2.048556102751579,0.5789461063947317,0.42777777777777776,7.320387672485273,0.4307178631051753,1.9403595352166083,0.4408415168615991,0,2.253
digits_pca16,2,cells,pre_none_off,pre,none,off,5,50,50,1.0,10,10,0.0,1.3,10,16,85000,2.3566595873534846,0.6256668663469668,0.4222222222222222,7.992949062231593,0.5242070116861436,1.43917410557679,0.49645134087183573,0,2.271
digits_pca16,2,cells,pre_none_on,pre,none,on,5,50,50,1.0,10,10,0.0,1.3,10,16,85000,1.616417515172874,0.3215459345436848,0.2598870056497175,4.50924145857348,0.2654424040066778,3.1435178532823875,0.27632810230764443,0,2.238
digits_pca16,2,cells,pre_footprint_off,pre,footprint,off,5,50,50,1.0,10,10,0.0,1.3,10,16,85000,2.69582507886504,0.6312029425458905,0.5,8.383652913580718,0.5514746800222593,1.153585720907981,0.4803128446515922,0,3.569
digits_pca16,2,cells,pre_footprint_on,pre,footprint,on,5,50,41,1.0,10,10,0.0,1.3,10,16,69700,2.7680960624194566,0.6021693585319385,0.4659090909090909,8.014408012904473,0.5091819699499165,1.0963639744334863,0.4676292701562688,0,2.961
digits_pca16,2,cells,pre_mass_off,pre,mass,off,5,50,50,1.0,10,10,0.0,1.3,10,16,85000,2.6535585324837374,0.6334631365071545,0.4777777777777778,8.307903334481377,0.5464663327768503,1.1798698165531205,0.479808256424144,0,1.997
digits_pca16,2,cells,pre_mass_on,pre,mass,on,5,50,50,1.0,10,10,0.0,1.3,10,16,85000,2.7462542187321928,0.5905591879098215,0.4166666666666667,7.785998708919478,0.5030606566499721,1.097589035518893,0.4615941667749779,0,1.928
digits_pca16,2,cells,post_fpmask_off,post,fpmask,off,5,50,50,1.0,10,10,0.0,1.3,10,16,85000,1.490810405440391,0.4482861440439416,0.3,8.194480023111593,0.3656093489148581,3.687029141018283,0.7074000694415633,0,3.606
digits_pca16,2,cells,post_massmask_off,post,massmask,off,5,50,50,1.0,10,10,0.0,1.3,10,16,85000,1.4085748574269,0.46211886996559803,0.32222222222222224,8.2081853450036,0.38953811908736785,4.137016854350839,0.7267179072825438,0,1.964
digits_pca16,2,cells,pre_fpmask_off,pre,fpmask,off,5,50,50,1.0,10,10,0.0,1.3,10,16,85000,2.3400591217620836,0.6144830954756586,0.42777777777777776,7.976305216691199,0.5130773511407902,1.4566261556600626,0.4693327250076271,0,3.464
digits_pca16,2,cells,pre_massmask_off,pre,massmask,off,5,50,50,1.0,10,10,0.0,1.3,10,16,85000,2.37034776457529,0.6234412945544717,0.4222222222222222,8.012854842324971,0.5214245965498052,1.4261432123675322,0.48812490428077693,0,1.82
digits_pca16,3,cells,post_none_off,post,none,off,5,50,50,1.0,10,10,0.0,1.3,10,16,85000,1.7403183133047206,0.3993031854246955,0.29444444444444445,8.282424872760805,0.3617139677239844,2.7346397649456766,0.7663258818161913,0,1.884
digits_pca16,3,cells,post_none_on,post,none,on,5,50,50,1.0,10,10,0.0,1.3,10,16,85000,1.3916023612765362,0.3120950083527429,0.2711864406779661,4.1630173417540135,0.25375626043405675,4.26710286543938,0.2816532857786867,0,1.837
digits_pca16,3,cells,post_footprint_off,post,footprint,off,5,50,50,1.0,10,10,0.0,1.3,10,16,85000,2.676149401942391,0.6819598714755168,0.4722222222222222,8.09311344211296,0.6471897607122983,1.130042865040097,0.49272525921835414,0,3.31
digits_pca16,3,cells,post_footprint_on,post,footprint,on,5,50,50,1.0,10,10,0.0,1.3,10,16,85000,2.470061436179227,0.6209480565931749,0.42777777777777776,7.817130071491474,0.565386755703951,1.323295947154696,0.48877999251382487,0,3.406
digits_pca16,3,cells,post_mass_off,post,mass,off,5,50,50,1.0,10,10,0.0,1.3,10,16,85000,2.599396531726454,0.6592938323066451,0.45,8.042915246237222,0.6204785754034502,1.190332857832135,0.5034855600063722,0,1.84
digits_pca16,3,cells,post_mass_on,post,mass,on,5,50,50,1.0,10,10,0.0,1.3,10,16,85000,2.210436764996445,0.5881078647177432,0.4166666666666667,7.563080265423412,0.55370061213133,1.635936480330927,0.47985274095883323,0,2.062
digits_pca16,3,cells,pre_none_off,pre,none,off,5,50,50,1.0,10,10,0.0,1.3,10,16,85000,1.9614219578454521,0.6183531534529243,0.43333333333333335,7.9914819807538695,0.5698386199220924,2.077233217260513,0.5278235565594981,0,1.987
digits_pca16,3,cells,pre_none_on,pre,none,on,5,50,50,1.0,10,10,0.0,1.3,10,16,85000,1.5893037000859913,0.3104251369007723,0.2598870056497175,4.18101361623175,0.2570951585976628,3.2475010225887573,0.28386349939363575,0,2.118
digits_pca16,3,cells,pre_footprint_off,pre,footprint,off,5,50,50,1.0,10,10,0.0,1.3,10,16,85000,2.792145739548208,0.6714950761936904,0.4111111111111111,8.352213239568536,0.6154702281580412,1.0713352817603605,0.49569504605072384,0,3.309
digits_pca16,3,cells,pre_footprint_on,pre,footprint,on,5,50,50,1.0,10,10,0.0,1.3,10,16,85000,2.845252115437563,0.6472477343721238,0.4888888888888889,8.048187726330376,0.557039510294936,1.028741812644318,0.4914465675812465,0,3.491
digits_pca16,3,cells,pre_mass_off,pre,mass,off,5,50,50,1.0,10,10,0.0,1.3,10,16,85000,2.802959529917174,0.6725719394203499,0.4111111111111111,8.310288060794255,0.6188091263216472,1.0577485129212705,0.49629530741460454,0,2.024
digits_pca16,3,cells,pre_mass_on,pre,mass,on,5,50,50,1.0,10,10,0.0,1.3,10,16,85000,2.6506644089310107,0.6345095070489797,0.4722222222222222,7.882425529515354,0.5364496382860323,1.1786595795479142,0.48772584955882475,0,1.592
digits_pca16,3,cells,post_fpmask_off,post,fpmask,off,5,50,50,1.0,10,10,0.0,1.3,10,16,85000,1.496358478550928,0.4337430025355612,0.3277777777777778,8.161101338636565,0.3789649415692821,3.6448316460212347,0.7214973834935339,0,3.419
digits_pca16,3,cells,post_massmask_off,post,massmask,off,5,50,50,1.0,10,10,0.0,1.3,10,16,85000,1.7870285821757192,0.3793587251782884,0.3055555555555556,8.300461740500614,0.3478018920422927,2.599197344046692,0.7634394168963785,0,2.292
digits_pca16,3,cells,pre_fpmask_off,pre,fpmask,off,5,50,50,1.0,10,10,0.0,1.3,10,16,85000,2.4015162481862897,0.6185402138076715,0.39444444444444443,8.100183853647344,0.5843071786310517,1.4045067078267708,0.5164371911077158,0,3.366
digits_pca16,3,cells,pre_massmask_off,pre,massmask,off,5,50,50,1.0,10,10,0.0,1.3,10,16,85000,1.927674058644193,0.6349116024229977,0.43333333333333335,8.03543139669809,0.6060100166944908,2.1624296707303152,0.520573390002137,0,2.251
digits_pca16,4,cells,post_none_off,post,none,off,5,50,50,1.0,10,10,0.0,1.3,10,16,85000,1.591622941946158,0.41189626548427966,0.3277777777777778,8.217677752469708,0.38397328881469117,3.2439094719887627,0.7644456855948769,0,1.649
digits_pca16,4,cells,post_none_on,post,none,on,5,50,50,1.0,10,10,0.0,1.3,10,16,85000,1.1840550752826928,0.31035065539352197,0.26256983240223464,4.473631719919785,0.2587646076794658,5.869057896023614,0.28679075582644603,0,1.967
digits_pca16,4,cells,post_footprint_off,post,footprint,off,5,50,50,1.0,10,10,0.0,1.3,10,16,85000,1.5802775105121005,0.5686173261240818,0.46111111111111114,8.233956483229392,0.4980523094045632,3.297173861569318,0.541339533408202,0,3.767
digits_pca16,4,cells,post_footprint_on,post,footprint,on,5,50,50,1.0,10,10,0.0,1.3,10,16,85000,1.558804562126645,0.5138514477136988,0.34444444444444444,7.944187979482023,0.44017807456872565,3.4146582398600716,0.5483899982831391,0,3.407
digits_pca16,4,cells,post_mass_off,post,mass,off,5,50,50,1.0,10,10,0.0,1.3,10,16,85000,1.578839249799183,0.546952947360457,0.45555555555555555,8.139783143046905,0.4791318864774624,3.265404643396595,0.5503338264755355,0,1.66
digits_pca16,4,cells,post_mass_on,post,mass,on,5,50,50,1.0,10,10,0.0,1.3,10,16,85000,1.5438344530704955,0.4733721487555102,0.34444444444444444,7.472333002156526,0.39677239844184753,3.4339168255557695,0.5254842726014071,0,1.74
digits_pca16,4,cells,pre_none_off,pre,none,off,5,50,50,1.0,10,10,0.0,1.3,10,16,85000,2.28606336361853,0.5881289731947826,0.40555555555555556,8.001440977904437,0.552031163049527,1.5310581252253757,0.5502834389101178,0,1.871
digits_pca16,4,cells,pre_none_on,pre,none,on,5,50,50,1.0,10,10,0.0,1.3,10,16,85000,1.8007903503600229,0.32050687384310494,0.2833333333333333,4.227506368097006,0.24874791318864775,2.552641347811672,0.27444059839682255,0,1.759
digits_pca16,4,cells,pre_footprint_off,pre,footprint,off,5,50,50,1.0,10,10,0.0,1.3,10,16,85000,2.613687242971634,0.6261445452458123,0.4,8.43992047274752,0.5937673900946021,1.235466910285649,0.5203709552225668,0,3.558
digits_pca16,4,cells,pre_footprint_on,pre,footprint,on,5,50,50,1.0,10,10,0.0,1.3,10,16,85000,2.5602278129748086,0.5939659672572837,0.3277777777777778,8.123996436218249,0.5431274346132443,1.2783819019331457,0.5194755864356283,0,3.366
digits_pca16,4,cells,pre_mass_off,pre,mass,off,5,50,50,1.0,10,10,0.0,1.3,10,16,85000,2.5234801385387073,0.6256419013848086,0.43333333333333335,8.380965693764756,0.5893155258764607,1.3161163402505098,0.5228640474934646,0,1.909
digits_pca16,4,cells,pre_mass_on,pre,mass,on,5,50,50,1.0,10,10,0.0,1.3,10,16,85000,2.517785158012293,0.6078376014487004,0.4111111111111111,8.008480459392175,0.49471341124095713,1.3256980756250296,0.5095713101981775,0,2.034
digits_pca16,4,cells,post_fpmask_off,post,fpmask,off,5,50,50,1.0,10,10,0.0,1.3,10,16,85000,1.6345225275344655,0.406545695750926,0.287292817679558,8.214340678674942,0.3778519755147468,3.0746160473789255,0.7462571498559241,0,3.734
digits_pca16,4,cells,post_massmask_off,post,massmask,off,5,50,50,1.0,10,10,0.0,1.3,10,16,85000,1.4628753962637162,0.4033157831501334,0.3111111111111111,8.227040384359544,0.34501947690595436,3.844403445279637,0.7667826637689231,0,2.176
digits_pca16,4,cells,pre_fpmask_off,pre,fpmask,off,5,50,50,1.0,10,10,0.0,1.3,10,16,85000,2.3122518759874557,0.6273445230208439,0.4,8.075664658482413,0.5275459098497496,1.5104557112333428,0.47075524712576045,0,3.694
digits_pca16,4,cells,pre_massmask_off,pre,massmask,off,5,50,50,1.0,10,10,0.0,1.3,10,16,85000,2.19702647214814,0.5960228671557077,0.40555555555555556,8.012339747405434,0.5626043405676127,1.6599261884861065,0.5325341807368782,0,2.143
digits_pca16,5,cells,post_none_off,post,none,off,5,50,50,1.0,10,10,0.0,1.3,10,16,85000,1.5800252893054834,0.4073933675982926,0.3388888888888889,8.278679820421887,0.3544796883695047,3.316141167887705,0.7665587199605254,0,1.918
digits_pca16,5,cells,post_none_on,post,none,on,5,50,50,1.0,10,10,0.0,1.3,10,16,85000,1.388976308300231,0.30538732607185626,0.2711864406779661,4.558287837946933,0.2409571508069004,4.270353531058228,0.2891507044578037,0,1.632
digits_pca16,5,cells,post_footprint_off,post,footprint,off,5,50,50,1.0,10,10,0.0,1.3,10,16,85000,2.0232901359732662,0.592369436427126,0.4111111111111111,8.099123074884167,0.5514746800222593,1.9784344701306058,0.5214228098312014,0,3.323
digits_pca16,5,cells,post_footprint_on,post,footprint,on,5,50,50,1.0,10,10,0.0,1.3,10,16,85000,2.094284692062542,0.5581030726017481,0.35555555555555557,7.61003924164848,0.5008347245409015,1.8411755950474322,0.4892715987343805,0,3.303
digits_pca16,5,cells,post_mass_off,post,mass,off,5,50,50,1.0,10,10,0.0,1.3,10,16,85000,2.344807870099869,0.6236775508736743,0.4444444444444444,7.999080342848959,0.575403450194769,1.4548745024602336,0.5209639417638978,0,1.963
digits_pca16,5,cells,post_mass_on,post,mass,on,5,50,50,1.0,10,10,0.0,1.3,10,16,85000,2.3137448027777414,0.5922602185588894,0.46111111111111114,7.293222783127539,0.4941569282136895,1.483176824328438,0.4508382606968865,0,1.816
digits_pca16,5,cells,pre_none_off,pre,none,off,5,50,50,1.0,10,10,0.0,1.3,10,16,85000,2.0497832937565814,0.6031275492164285,0.430939226519337,7.964099417340797,0.5292153589315526,1.8954868435555754,0.5047561810198173,0,1.954
digits_pca16,5,cells,pre_none_on,pre,none,on,5,50,50,1.0,10,10,0.0,1.3,10,16,85000,1.974048867554746,0.327225783107146,0.2833333333333333,4.032506207725206,0.2426265998887034,2.1100447415766257,0.27814879928424224,0,2.291
digits_pca16,5,cells,pre_footprint_off,pre,footprint,off,5,50,50,1.0,10,10,0.0,1.3,10,16,85000,2.866614317560084,0.6449527893431097,0.4431818181818182,8.27931242324431,0.6232609905397886,1.0075247880517995,0.48246530553664224,0,3.512
digits_pca16,5,cells,pre_footprint_on,pre,footprint,on,5,50,50,1.0,10,10,0.0,1.3,10,16,85000,2.869941803729424,0.6133351407264608,0.4602272727272727,8.03214605777851,0.5781858653311074,1.0031171460556434,0.4879271257766688,0,3.573
digits_pca16,5,cells,pre_mass_off,pre,mass,off,5,50,50,1.0,10,10,0.0,1.3,10,16,85000,2.938092078056556,0.6611919468103784,0.46111111111111114,8.273231856936455,0.6054535336672231,0.9583946731127314,0.4656633043251761,0,2.191
digits_pca16,5,cells,pre_mass_on,pre,mass,on,5,50,50,1.0,10,10,0.0,1.3,10,16,85000,2.482848201484083,0.5743381249608863,0.45,7.750029084819398,0.5186421814134669,1.3345545566161163,0.47751958441712866,0,2.229
digits_pca16,5,cells,post_fpmask_off,post,fpmask,off,5,50,50,1.0,10,10,0.0,1.3,10,16,85000,1.6704886481477197,0.39922887009517244,0.30386740331491713,8.176978608370156,0.34835837506956036,2.930257621187261,0.7317566352386291,0,3.369
digits_pca16,5,cells,post_massmask_off,post,massmask,off,5,50,50,1.0,10,10,0.0,1.3,10,16,85000,1.5778543065804025,0.4164424110338656,0.32044198895027626,8.267570493144643,0.3728436282693378,3.3208106069410466,0.7641103598686724,0,2.02
digits_pca16,5,cells,pre_fpmask_off,pre,fpmask,off,5,50,50,1.0,10,10,0.0,1.3,10,16,85000,2.68654880349929,0.647155327443438,0.42777777777777776,7.995792112415294,0.5420144685587089,1.1078272037921275,0.4653405100950142,0,3.493
digits_pca16,5,cells,pre_massmask_off,pre,massmask,off,5,50,50,1.0,10,10,0.0,1.3,10,16,85000,2.0250442290759727,0.5985922811904978,0.42777777777777776,7.977741305186775,0.5230940456316082,1.9454090107306237,0.49894869101277733,0,1.753
digits_pca16,6,cells,post_none_off,post,none,off,5,50,50,1.0,10,10,0.0,1.3,10,16,85000,1.62007883650844,0.41572691480614915,0.32222222222222224,8.228646169812414,0.3639398998330551,3.1351338752401787,0.7473852210798543,0,2.306
digits_pca16,6,cells,post_none_on,post,none,on,5,50,49,1.0,10,10,0.0,1.3,10,16,83300,1.2008645110986789,0.3048674931168715,0.25,4.44320356343572,0.2598775737340011,5.683508195025692,0.28736787597932456,0,2.323
digits_pca16,6,cells,post_footprint_off,post,footprint,off,5,50,50,1.0,10,10,0.0,1.3,10,16,85000,1.804952885265048,0.6297148293383138,0.43333333333333335,8.168106082592278,0.6254869226488592,2.5072037546533643,0.5235141408604429,0,3.875
digits_pca16,6,cells,post_footprint_on,post,footprint,on,5,50,50,1.0,10,10,0.0,1.3,10,16,85000,2.6023532734979016,0.6359123654756889,0.42777777777777776,7.66711149255898,0.5676126878130217,1.1841274608257373,0.4684665125710803,0,4.133
digits_pca16,6,cells,post_mass_off,post,mass,off,5,50,50,1.0,10,10,0.0,1.3,10,16,85000,1.5605493392268461,0.5291248413388848,0.4444444444444444,8.12065044585102,0.4713411240957151,3.33453905534302,0.5550918444542423,0,2.444
digits_pca16,6,cells,post_mass_on,post,mass,on,5,50,50,1.0,10,10,0.0,1.3,10,16,85000,1.8867214764244458,0.5854494802131454,0.4,7.448333245418367,0.5403450194769059,2.2430930662593003,0.48648558482026566,0,2.562
digits_pca16,6,cells,pre_none_off,pre,none,off,5,50,50,1.0,10,10,0.0,1.3,10,16,85000,2.1161434676541373,0.5661730489411095,0.4111111111111111,7.947516134254921,0.528658875904285,1.7747664162913395,0.5272252744356385,0,2.113
digits_pca16,6,cells,pre_none_on,pre,none,on,5,50,50,1.0,10,10,0.0,1.3,10,16,85000,1.5464922758164763,0.31706829665845715,0.2388888888888889,4.449576484946021,0.26989426822481916,3.440277334657722,0.2838828010551584,0,2.23
digits_pca16,6,cells,pre_footprint_off,pre,footprint,off,5,50,50,1.0,10,10,0.0,1.3,10,16,85000,2.9276929103738394,0.693758106373863,0.4444444444444444,8.272071850175477,0.6460767946577629,0.9650798674742771,0.46230684418555584,0,3.884
digits_pca16,6,cells,pre_footprint_on,pre,footprint,on,5,50,50,1.0,10,10,0.0,1.3,10,16,85000,2.0501229466904483,0.6753091717057498,0.42777777777777776,7.899274134510427,0.5715080690038954,1.9711650892160604,0.4523084494313793,0,4.006
digits_pca16,6,cells,pre_mass_off,pre,mass,off,5,50,50,1.0,10,10,0.0,1.3,10,16,85000,2.852613791620047,0.6943603278538423,0.4388888888888889,8.232034643935858,0.6438508625486923,1.0116289154380396,0.462270618838463,0,2.812
digits_pca16,6,cells,pre_mass_on,pre,mass,on,5,50,50,1.0,10,10,0.0,1.3,10,16,85000,2.846944960293937,0.6453181876640575,0.4222222222222222,7.860961678099627,0.5798553144129104,1.0169922612122213,0.45893414347946765,0,2.922
digits_pca16,6,cells,post_fpmask_off,post,fpmask,off,5,50,50,1.0,10,10,0.0,1.3,10,16,85000,1.7856782995912708,0.4205201163708344,0.3522727272727273,8.165096656272441,0.3778519755147468,2.560677517085982,0.7281480045859697,0,3.804
digits_pca16,6,cells,post_massmask_off,post,massmask,off,5,50,50,1.0,10,10,0.0,1.3,10,16,85000,1.625483545202232,0.41684151153538684,0.32222222222222224,8.231615594458496,0.36505286588759045,3.1154438353722664,0.7480556079107644,0,2.559
digits_pca16,6,cells,pre_fpmask_off,pre,fpmask,off,5,50,50,1.0,10,10,0.0,1.3,10,16,85000,2.246147740316448,0.5778973899896254,0.4166666666666667,7.981134383332246,0.5403450194769059,1.5819326373425977,0.5000478801103257,0,3.967
digits_pca16,6,cells,pre_massmask_off,pre,massmask,off,5,50,50,1.0,10,10,0.0,1.3,10,16,85000,2.0800573912634577,0.5712356523179114,0.4111111111111111,7.960884231291985,0.533667223149694,1.8399697061707523,0.5186890840468569,0,2.489
digits_pca16,7,cells,post_none_off,post,none,off,5,50,50,1.0,10,10,0.0,1.3,10,16,85000,1.5871860809816511,0.3938454328763371,0.3220338983050847,8.314621412342309,0.35225375626043404,3.3005535769259122,0.7816759763800488,0,2.194
digits_pca16,7,cells,post_none_on,post,none,on,5,50,50,1.0,10,10,0.0,1.3,10,16,85000,0.9815477387660908,0.34289306847061685,0.2692307692307692,4.180272781586761,0.2882582081246522,8.536559990195348,0.28354216196186105,0,2.492
digits_pca16,7,cells,post_footprint_off,post,footprint,off,5,50,50,1.0,10,10,0.0,1.3,10,16,85000,2.4709617658242764,0.6534859059966328,0.4777777777777778,8.135717315043712,0.57039510294936,1.3324895114991464,0.5020562995636442,0,3.817
digits_pca16,7,cells,post_footprint_on,post,footprint,on,5,50,50,1.0,10,10,0.0,1.3,10,16,85000,2.540313553991854,0.6217580482260922,0.4444444444444444,7.750604739708098,0.5331107401224263,1.2643244453616254,0.4759870768529272,0,4.114
digits_pca16,7,cells,post_mass_off,post,mass,off,5,50,50,1.0,10,10,0.0,1.3,10,16,85000,2.142163094024747,0.5944912571620597,0.4388888888888889,8.106019863830282,0.5503617139677239,1.766455079605058,0.5264411513646384,0,2.673
digits_pca16,7,cells,post_mass_on,post,mass,on,5,50,50,1.0,10,10,0.0,1.3,10,16,85000,2.278124588449396,0.5864702519510605,0.45,7.479620858278908,0.5080690038953812,1.551591288204758,0.48460294790610337,0,2.351
digits_pca16,7,cells,pre_none_off,pre,none,off,5,50,50,1.0,10,10,0.0,1.3,10,16,85000,2.1574984342259262,0.6026004235546563,0.4166666666666667,7.982889448904412,0.5820812465219811,1.7149803036050275,0.5529850940785542,0,2.491
digits_pca16,7,cells,pre_none_on,pre,none,on,5,50,50,1.0,10,10,0.0,1.3,10,16,85000,1.240878331995141,0.36271837065080714,0.2777777777777778,3.949076131445607,0.27712854757929883,5.354210669458304,0.26576939034353886,0,2.386
digits_pca16,7,cells,pre_footprint_off,pre,footprint,off,5,50,50,1.0,10,10,0.0,1.3,10,16,85000,3.165639617166428,0.701735826965741,0.5,8.434579075050063,0.6210350584307178,0.841667328793773,0.4593001077311885,0,4.062
digits_pca16,7,cells,pre_footprint_on,pre,footprint,on,5,50,36,1.0,10,10,0.0,1.3,10,16,61200,3.1719149041392014,0.6708177513588077,0.45,8.085052414510908,0.5882025598219255,0.8436294565331556,0.44835446491169473,0,2.941
digits_pca16,7,cells,pre_mass_off,pre,mass,off,5,50,50,1.0,10,10,0.0,1.3,10,16,85000,3.087807610106077,0.7051098578305425,0.49444444444444446,8.388935789578952,0.6193656093489148,0.8798454729269244,0.45912791664801617,0,2.808
digits_pca16,7,cells,pre_mass_on,pre,mass,on,5,50,35,1.0,10,10,0.0,1.3,10,16,59500,3.1090459486368274,0.654794440846431,0.4444444444444444,7.949339530504861,0.567056204785754,0.8749797490674823,0.44711209410859176,0,1.367
digits_pca16,7,cells,post_fpmask_off,post,fpmask,off,5,50,50,1.0,10,10,0.0,1.3,10,16,85000,1.647247337573806,0.42370909737547374,0.3277777777777778,8.273585948382692,0.3544796883695047,3.0491314977726014,0.7207516081079207,0,3.802
digits_pca16,7,cells,post_massmask_off,post,massmask,off,5,50,50,1.0,10,10,0.0,1.3,10,16,85000,1.654943158725048,0.405292843778353,0.3388888888888889,8.25511829707639,0.3528102392877017,3.0140963931905946,0.7449740966147188,0,2.119
digits_pca16,7,cells,pre_fpmask_off,pre,fpmask,off,5,50,50,1.0,10,10,0.0,1.3,10,16,85000,1.989167667682692,0.5789919644637095,0.4198895027624309,8.042321430562772,0.5097384529771842,2.032537858971463,0.5081564369136541,0,3.928
digits_pca16,7,cells,pre_massmask_off,pre,massmask,off,5,50,50,1.0,10,10,0.0,1.3,10,16,85000,1.9542046601330603,0.5865099561493092,0.4111111111111111,7.9899714150635575,0.558708959376739,2.092209339295119,0.5373396264064577,0,2.436
digits_pca16,8,cells,post_none_off,post,none,off,5,50,50,1.0,10,10,0.0,1.3,10,16,85000,1.413980720911933,0.38878980816128383,0.3055555555555556,8.236368188792158,0.33834168057874237,4.119540496131734,0.7654667245186246,0,2.054
digits_pca16,8,cells,post_none_on,post,none,on,5,50,44,1.0,10,10,0.0,1.3,10,16,74800,1.356386951541495,0.27975744821051374,0.24444444444444444,4.744674054004894,0.22815804117974403,4.4759162394942065,0.2918327080091615,0,1.84
digits_pca16,8,cells,post_footprint_off,post,footprint,off,5,50,50,1.0,10,10,0.0,1.3,10,16,85000,2.095634217493601,0.6315847290996386,0.4666666666666667,8.206853050899573,0.48914858096828046,1.8687262887849567,0.5028038231691702,0,3.96
digits_pca16,8,cells,post_footprint_on,post,footprint,on,5,50,50,1.0,10,10,0.0,1.3,10,16,85000,2.4561840351423747,0.5855318801114875,0.43333333333333335,7.62523837858017,0.454646633277685,1.3561868684473333,0.4654097960500067,0,3.596
digits_pca16,8,cells,post_mass_off,post,mass,off,5,50,50,1.0,10,10,0.0,1.3,10,16,85000,2.2043070318117994,0.5713591511000388,0.4222222222222222,7.990706472778851,0.49471341124095713,1.6445269904267084,0.5065846761639625,0,2.01
digits_pca16,8,cells,post_mass_on,post,mass,on,5,50,50,1.0,10,10,0.0,1.3,10,16,85000,1.9013631852406763,0.5721888616438413,0.42777777777777776,7.218514060893684,0.4028937117417919,2.247153391044519,0.44075279158971686,0,1.971
digits_pca16,8,cells,pre_none_off,pre,none,off,5,50,50,1.0,10,10,0.0,1.3,10,16,85000,2.5307136977234457,0.6252373199670741,0.4166666666666667,8.0078355722009,0.530328324986088,1.2503428516421426,0.520885877063806,0,2.212
digits_pca16,8,cells,pre_none_on,pre,none,on,5,50,50,1.0,10,10,0.0,1.3,10,16,85000,1.8413194866066402,0.28256636951519776,0.25,4.7455858268785205,0.23483583750695602,2.4237724082004006,0.2925912458942727,0,2.152
digits_pca16,8,cells,pre_footprint_off,pre,footprint,off,5,50,50,1.0,10,10,0.0,1.3,10,16,85000,2.2366808480124125,0.6592479417873806,0.46703296703296704,8.415926961105862,0.5191986644407346,1.6822631029596085,0.4565787877507862,0,3.559
digits_pca16,8,cells,pre_footprint_on,pre,footprint,on,5,50,50,1.0,10,10,0.0,1.3,10,16,85000,2.144510344020595,0.6450256292963485,0.45555555555555555,7.810249043992605,0.4980523094045632,1.807423506649167,0.44360844952311546,0,3.712
digits_pca16,8,cells,pre_mass_off,pre,mass,off,5,50,50,1.0,10,10,0.0,1.3,10,16,85000,2.150859618174724,0.6621128383086543,0.4444444444444444,8.309897322632633,0.5114079020589872,1.7962696245370307,0.45355541465895305,0,2.061
digits_pca16,8,cells,pre_mass_on,pre,mass,on,5,50,50,1.0,10,10,0.0,1.3,10,16,85000,2.1012412695491642,0.6326570313335338,0.42777777777777776,7.296680110465271,0.4724540901502504,1.867631300086376,0.39128515088239235,0,2.101
digits_pca16,8,cells,post_fpmask_off,post,fpmask,off,5,50,50,1.0,10,10,0.0,1.3,10,16,85000,1.5324897792580212,0.44278444981562776,0.2541436464088398,8.12714662323142,0.4023372287145242,3.460532414114093,0.719283388785209,0,3.599
digits_pca16,8,cells,post_massmask_off,post,massmask,off,5,50,50,1.0,10,10,0.0,1.3,10,16,85000,1.3692336304960118,0.3909333720877045,0.31666666666666665,8.201827431207333,0.3316638842515303,4.374772891118301,0.7531082176972754,0,1.578
digits_pca16,8,cells,pre_fpmask_off,pre,fpmask,off,5,50,50,1.0,10,10,0.0,1.3,10,16,85000,2.1198450511212226,0.5644857275703802,0.38333333333333336,7.985295430799073,0.526989426822482,1.7769808728188854,0.5096761738164799,0,3.372
digits_pca16,8,cells,pre_massmask_off,pre,massmask,off,5,50,50,1.0,10,10,0.0,1.3,10,16,85000,2.514825323972906,0.6429931071990025,0.4388888888888889,8.016449813939403,0.5459098497495827,1.267553877368719,0.5029133799450989,0,2.238
digits_pca16,9,cells,post_none_off,post,none,off,5,50,50,1.0,10,10,0.0,1.3,10,16,85000,1.7099821009806007,0.4128313634974086,0.2611111111111111,8.26347561444697,0.3756260434056761,2.8260485650644784,0.7626771029753019,0,2.32
digits_pca16,9,cells,post_none_on,post,none,on,5,50,50,1.0,10,10,0.0,1.3,10,16,85000,1.1275210355006735,0.3081699370169334,0.24444444444444444,4.485454287533389,0.2303839732888147,6.465539634321432,0.28481827883005045,0,2.277
digits_pca16,9,cells,post_footprint_off,post,footprint,off,5,50,50,1.0,10,10,0.0,1.3,10,16,85000,2.1199672515958037,0.5807343883614978,0.4111111111111111,8.184245773774709,0.5075125208681135,1.8210436609164544,0.5227115394150523,0,3.734
digits_pca16,9,cells,post_footprint_on,post,footprint,on,5,50,50,1.0,10,10,0.0,1.3,10,16,85000,2.1511889575807905,0.5931508289268768,0.43333333333333335,7.686817389950259,0.48970506399554814,1.7621132265296608,0.48481636809122425,0,3.576
digits_pca16,9,cells,post_mass_off,post,mass,off,5,50,50,1.0,10,10,0.0,1.3,10,16,85000,2.044296378132863,0.5994341736285612,0.3888888888888889,8.069258701416647,0.5125208681135225,1.930838370908272,0.5183276065111533,0,2.02
digits_pca16,9,cells,post_mass_on,post,mass,on,5,50,50,1.0,10,10,0.0,1.3,10,16,85000,1.9469033911708962,0.5746343428380363,0.4666666666666667,7.379118945304505,0.4885920979410128,2.127820138554618,0.474041141560554,0,1.953
digits_pca16,9,cells,pre_none_off,pre,none,off,5,50,50,1.0,10,10,0.0,1.3,10,16,85000,1.963013671380417,0.5678855314437582,0.4222222222222222,7.923933803558658,0.5019476905954369,2.056336528294462,0.5341419297059683,0,2.033
digits_pca16,9,cells,pre_none_on,pre,none,on,5,50,50,1.0,10,10,0.0,1.3,10,16,85000,1.6736233133064846,0.32718700040491067,0.2722222222222222,3.969976817585246,0.22370617696160267,2.9353228355657963,0.2707379622539451,0,2.083
digits_pca16,9,cells,pre_footprint_off,pre,footprint,off,5,50,50,1.0,10,10,0.0,1.3,10,16,85000,2.255568747875049,0.6205749519206247,0.4,8.392467270070947,0.5386755703951029,1.6495957121502722,0.49677989150911983,0,4.306
digits_pca16,9,cells,pre_footprint_on,pre,footprint,on,5,50,50,1.0,10,10,0.0,1.3,10,16,85000,2.3078287674097613,0.5949294235533846,0.43333333333333335,7.993373123758174,0.48636616583194214,1.577739451540009,0.4862794011719995,0,3.547
digits_pca16,9,cells,pre_mass_off,pre,mass,off,5,50,50,1.0,10,10,0.0,1.3,10,16,85000,2.210883634981978,0.6095184660858194,0.3888888888888889,8.319495902519115,0.530328324986088,1.7020222849524675,0.49656600178241017,0,2.08
digits_pca16,9,cells,pre_mass_on,pre,mass,on,5,50,50,1.0,10,10,0.0,1.3,10,16,85000,2.105341170567001,0.5965203714601824,0.46703296703296704,7.7076122840408345,0.48803561491374514,1.882845736237254,0.4686922457672028,0,2.072
digits_pca16,9,cells,post_fpmask_off,post,fpmask,off,5,50,50,1.0,10,10,0.0,1.3,10,16,85000,1.6314856609457824,0.40116973738167977,0.2777777777777778,8.166952028417217,0.3722871452420701,3.068269353852621,0.74135839802723,0,3.398
digits_pca16,9,cells,post_massmask_off,post,massmask,off,5,50,50,1.0,10,10,0.0,1.3,10,16,85000,1.7461611917430875,0.39386311058091833,0.2722222222222222,8.172936025090541,0.36282693377851977,2.680460648248239,0.7301299798384873,0,2.175
digits_pca16,9,cells,pre_fpmask_off,pre,fpmask,off,5,50,50,1.0,10,10,0.0,1.3,10,16,85000,2.2356838022231367,0.6156078526538171,0.4861878453038674,8.029493893360842,0.5598219254312743,1.6064507347353405,0.5002354233421561,0,3.348
digits_pca16,9,cells,pre_massmask_off,pre,massmask,off,5,50,50,1.0,10,10,0.0,1.3,10,16,85000,1.949121901828612,0.5700798823180451,0.43333333333333335,7.94533396559145,0.5019476905954369,2.091385792760601,0.5251276719150969,0,1.883
digits_pca32,0,cells,post_none_off,post,none,off,5,50,50,1.0,10,10,0.0,1.1,10,32,165000,2.109421010352554,0.35566464554347565,0.28888888888888886,25.19959771994639,0.3005008347245409,5.663267466701567,0.5011541504666677,0,5.158
digits_pca32,0,cells,post_none_on,post,none,on,5,50,50,1.0,10,10,0.0,1.1,10,32,165000,1.6407049494608257,0.3176659473026442,0.2711864406779661,15.312486431896437,0.25264329437952143,9.435408305144858,0.07987499717548023,0,5.094
digits_pca32,0,cells,post_footprint_off,post,footprint,off,5,50,50,1.0,10,10,0.0,1.1,10,32,165000,2.8416401563755134,0.6264128186134268,0.4835164835164835,24.972002914857015,0.5826377295492488,3.092539206943501,0.3191956290360626,0,7.253
digits_pca32,0,cells,post_footprint_on,post,footprint,on,5,50,50,1.0,10,10,0.0,1.1,10,32,165000,2.6206612656634913,0.5878766796228723,0.4222222222222222,24.103414967546843,0.4813578185865331,3.6462715066531466,0.33379468029363835,0,7.086
digits_pca32,0,cells,post_mass_off,post,mass,off,5,50,50,1.0,10,10,0.0,1.1,10,32,165000,2.59720582174963,0.5734176570671707,0.4725274725274725,24.736511573024654,0.5125208681135225,3.6671250395762094,0.31493591476079025,0,5.098
digits_pca32,0,cells,post_mass_on,post,mass,on,5,50,50,1.0,10,10,0.0,1.1,10,32,165000,2.693833637452248,0.5495504205917427,0.4090909090909091,23.393016543192307,0.48803561491374514,3.423926070187162,0.3063012413778372,0,5.175
digits_pca32,0,cells,pre_none_off,pre,none,off,5,50,50,1.0,10,10,0.0,1.1,10,32,165000,2.2915234387355534,0.512123116496828,0.37222222222222223,24.547076661394215,0.4034501947690595,4.674672296509149,0.367970304714723,0,5.185
digits_pca32,0,cells,pre_none_on,pre,none,on,5,50,50,1.0,10,10,0.0,1.1,10,32,165000,1.9974730342848515,0.35269313051430073,0.2711864406779661,14.011951697022015,0.2637729549248748,6.168173367748317,0.0780777661765646,0,4.578
digits_pca32,0,cells,pre_footprint_off,pre,footprint,off,5,50,50,1.0,10,10,0.0,1.1,10,32,165000,3.08671175020861,0.6739046080525297,0.5611111111111111,25.09732851945449,0.6188091263216472,2.6341187225855283,0.3213321318909701,0,6.536
digits_pca32,0,cells,pre_footprint_on,pre,footprint,on,5,50,49,1.0,10,10,0.0,1.1,10,32,161700,3.0918823556775608,0.6345640430455691,0.4888888888888889,24.18627811714272,0.5208681135225376,2.6057432230377504,0.3136743938195379,0,6.854
digits_pca32,0,cells,pre_mass_off,pre,mass,off,5,50,50,1.0,10,10,0.0,1.1,10,32,165000,2.8353189527075457,0.6791150641766964,0.4,24.840682432150903,0.5943238731218697,3.0900085483758812,0.28942851210150744,0,4.837
digits_pca32,0,cells,pre_mass_on,pre,mass,on,5,50,50,1.0,10,10,0.0,1.1,10,32,165000,2.881812015006179,0.5935348579401422,0.40555555555555556,23.738872506884093,0.4785754034501948,2.989041511902164,0.3036485044711193,0,4.966
digits_pca32,0,cells,post_fpmask_off,post,fpmask,off,5,50,50,1.0,10,10,0.0,1.1,10,32,165000,2.122951630854977,0.33478353610931466,0.20555555555555555,25.236146966207343,0.29938786867000555,5.599417486310201,0.5117244106678663,0,7.006
digits_pca32,0,cells,post_massmask_off,post,massmask,off,5,50,50,1.0,10,10,0.0,1.1,10,32,165000,1.968636634924932,0.32172982209414924,0.25555555555555554,25.107325434428432,0.2877017250973845,6.478423373411139,0.4944180886548649,0,5.328
digits_pca32,0,cells,pre_fpmask_off,pre,fpmask,off,5,50,50,1.0,10,10,0.0,1.1,10,32,165000,2.6286722630426627,0.6044691845305147,0.34444444444444444,24.332072317013473,0.4986087924318308,3.5213258373176455,0.31466353361201566,0,7.251
digits_pca32,0,cells,pre_massmask_off,pre,massmask,off,5,50,50,1.0,10,10,0.0,1.1,10,32,165000,2.238227407946148,0.5055842180104156,0.36464088397790057,24.584133394040283,0.4090150250417362,4.907343796670946,0.36892454173305606,0,5.653
digits_pca32,1,cells,post_none_off,post,none,off,5,50,50,1.0,10,10,0.0,1.1,10,32,165000,1.9795320068926878,0.3931568230855037,0.3,25.111683118332934,0.3377851975514747,6.408417031674211,0.49243687146426224,0,4.974
digits_pca32,1,cells,post_none_on,post,none,on,5,50,50,1.0,10,10,0.0,1.1,10,32,165000,1.7180544889627343,0.3142727874338745,0.2840909090909091,13.876409961480599,0.2637729549248748,8.606075616919245,0.07601921789687414,0,4.302
digits_pca32,1,cells,post_footprint_off,post,footprint,off,5,50,50,1.0,10,10,0.0,1.1,10,32,165000,2.489840621268826,0.6168294982605564,0.430939226519337,24.784518972347353,0.5041736227045075,3.997950366657253,0.30508325892934485,0,6.037
digits_pca32,1,cells,post_footprint_on,post,footprint,on,5,50,50,1.0,10,10,0.0,1.1,10,32,165000,2.678861605949988,0.5884145514491058,0.47802197802197804,23.19504205886674,0.49471341124095713,3.452438188671466,0.270396597267566,0,6.163
digits_pca32,1,cells,post_mass_off,post,mass,off,5,50,50,1.0,10,10,0.0,1.1,10,32,165000,2.6331528094446868,0.5818751809033994,0.40331491712707185,24.659502816552436,0.4540901502504174,3.556576787967358,0.30309421825251265,0,4.45
digits_pca32,1,cells,post_mass_on,post,mass,on,5,50,50,1.0,10,10,0.0,1.1,10,32,165000,2.5886525091027326,0.5540244400391574,0.4444444444444444,22.930630532621517,0.4095715080690039,3.6911942188699345,0.26910897733031774,0,3.54
digits_pca32,1,cells,pre_none_off,pre,none,off,5,50,50,1.0,10,10,0.0,1.1,10,32,165000,2.3841687763231083,0.534590432119784,0.3502824858757062,24.265098757602424,0.451307735114079,4.268822245804369,0.35239113022744684,0,4.111
digits_pca32,1,cells,pre_none_on,pre,none,on,5,50,50,1.0,10,10,0.0,1.1,10,32,165000,2.073134595419008,0.32758852895492324,0.28888888888888886,13.906617971362822,0.2498608792431831,5.818164531454247,0.07573611142857067,0,3.92
digits_pca32,1,cells,pre_footprint_off,pre,footprint,off,5,50,50,1.0,10,10,0.0,1.1,10,32,165000,3.2930619329689867,0.6811752624330645,0.4388888888888889,24.87519903407795,0.5347801892042293,2.293859254385025,0.28505210724119995,0,6.24
digits_pca32,1,cells,pre_footprint_on,pre,footprint,on,5,50,50,1.0,10,10,0.0,1.1,10,32,165000,3.134233114181463,0.5780952862107073,0.2833333333333333,23.930013009969333,0.4602114635503617,2.5887778880244383,0.2754919252844579,0,6.12
digits_pca32,1,cells,pre_mass_off,pre,mass,off,5,50,50,1.0,10,10,0.0,1.1,10,32,165000,2.830886724153947,0.6915473065421183,0.4722222222222222,24.810001030610188,0.4791318864774624,3.095863463781691,0.265220557317014,0,4.18
digits_pca32,1,cells,pre_mass_on,pre,mass,on,5,50,50,1.0,10,10,0.0,1.1,10,32,165000,3.272394600747276,0.6197711454039491,0.37777777777777777,23.301458959087782,0.3973288814691152,2.3533146204289936,0.21478672191177842,0,4.16
digits_pca32,1,cells,post_fpmask_off,post,fpmask,off,5,50,50,1.0,10,10,0.0,1.1,10,32,165000,1.8839709239831304,0.35914857363822295,0.287292817679558,25.03377114926249,0.3082915971062883,7.053064995322758,0.4673018170629898,0,5.746
digits_pca32,1,cells,post_massmask_off,post,massmask,off,5,50,50,1.0,10,10,0.0,1.1,10,32,165000,1.956522932926202,0.36976269529830763,0.2722222222222222,25.106587918774686,0.31385642737896496,6.558700642689529,0.48106361225608585,0,4.576
digits_pca32,1,cells,pre_fpmask_off,pre,fpmask,off,5,50,50,1.0,10,10,0.0,1.1,10,32,165000,2.642853800497792,0.5119853149141795,0.34806629834254144,24.37212295165744,0.41569282136894825,3.4893704756066732,0.305052970966197,0,5.023
digits_pca32,1,cells,pre_massmask_off,pre,massmask,off,5,50,50,1.0,10,10,0.0,1.1,10,32,165000,2.3805560475981635,0.48492829874933496,0.292817679558011,24.437190583573326,0.3861992209237618,4.312155902475788,0.3486051705076004,0,4.317
digits_pca32,2,cells,post_none_off,post,none,off,5,50,50,1.0,10,10,0.0,1.1,10,32,165000,2.2634917253445583,0.3448558899559349,0.25,25.07491422107061,0.29604897050639956,4.894199109264541,0.47522315131732307,0,4.236
digits_pca32,2,cells,post_none_on,post,none,on,5,50,39,1.0,10,10,0.0,1.1,10,32,128700,1.7656697119620974,0.34268649159408826,0.29444444444444445,14.823388058318473,0.24874791318864775,8.129020902123338,0.07632232601353972,0,3.882
digits_pca32,2,cells,post_footprint_off,post,footprint,off,5,50,50,1.0,10,10,0.0,1.1,10,32,165000,2.8908926208170582,0.6551235462754664,0.5113636363636364,24.68124528272903,0.530328324986088,2.9532699538156937,0.30572380457564907,0,5.578
digits_pca32,2,cells,post_footprint_on,post,footprint,on,5,50,50,1.0,10,10,0.0,1.1,10,32,165000,2.9129011264278075,0.5800853359898759,0.4,23.49279871168425,0.447968836950473,2.9417719517432706,0.2799563439271627,0,5.654
digits_pca32,2,cells,post_mass_off,post,mass,off,5,50,50,1.0,10,10,0.0,1.1,10,32,165000,2.7902877442016862,0.5902325876569492,0.37222222222222223,24.5811675354627,0.4674457429048414,3.157217662344066,0.31763729202676544,0,4.181
digits_pca32,2,cells,post_mass_on,post,mass,on,5,50,50,1.0,10,10,0.0,1.1,10,32,165000,2.7802511135374774,0.5327270972681115,0.3277777777777778,22.534516839513593,0.41903171953255425,3.2028299152249273,0.24976347374839722,0,4.368
digits_pca32,2,cells,pre_none_off,pre,none,off,5,50,50,1.0,10,10,0.0,1.1,10,32,165000,2.821202415457013,0.5767331266863156,0.3756906077348066,24.63606359424131,0.46299387868670006,3.095300532821772,0.323209056564373,0,4.397
digits_pca32,2,cells,pre_none_on,pre,none,on,5,50,50,1.0,10,10,0.0,1.1,10,32,165000,2.427922396800623,0.3376768980795026,0.29444444444444445,14.614896085275541,0.24707846410684475,4.240856136851949,0.07566764601258424,0,3.975
digits_pca32,2,cells,pre_footprint_off,pre,footprint,off,5,50,50,1.0,10,10,0.0,1.1,10,32,165000,3.2801663787027575,0.6959129146118445,0.5222222222222223,25.00125367511934,0.5481357818586533,2.3236464046880454,0.2912754710911542,0,6.364
digits_pca32,2,cells,pre_footprint_on,pre,footprint,on,5,50,50,1.0,10,10,0.0,1.1,10,32,165000,3.27526163633636,0.6338718808406111,0.4111111111111111,24.079287167458368,0.5002782415136339,2.3411992195190114,0.2752965286132501,0,6.212
digits_pca32,2,cells,pre_mass_off,pre,mass,off,5,50,50,1.0,10,10,0.0,1.1,10,32,165000,3.1485700431293857,0.6872838672994817,0.48066298342541436,24.770929148253767,0.5292153589315526,2.4987084126082584,0.2806075057806324,0,4.238
digits_pca32,2,cells,pre_mass_on,pre,mass,on,5,50,50,1.0,10,10,0.0,1.1,10,32,165000,3.1790024395660543,0.6034984547527641,0.37777777777777777,23.532267652377573,0.47022815804117973,2.4841056083711703,0.25147666301447535,0,4.657
digits_pca32,2,cells,post_fpmask_off,post,fpmask,off,5,50,50,1.0,10,10,0.0,1.1,10,32,165000,2.1924539151673526,0.3738132554821518,0.2777777777777778,24.790399374550418,0.2932665553700612,5.157302155864297,0.4594041709712286,0,6.11
digits_pca32,2,cells,post_massmask_off,post,massmask,off,5,50,50,1.0,10,10,0.0,1.1,10,32,165000,2.093011266040907,0.40881570875736706,0.27071823204419887,24.873567499285866,0.3327768503060657,5.677994225595457,0.4610833372330792,0,3.772
digits_pca32,2,cells,pre_fpmask_off,pre,fpmask,off,5,50,50,1.0,10,10,0.0,1.1,10,32,165000,2.556550166824421,0.5544230640569361,0.3055555555555556,24.524960871579474,0.4557595993322204,3.75231841451929,0.30341240139122994,0,5.979
digits_pca32,2,cells,pre_massmask_off,pre,massmask,off,5,50,50,1.0,10,10,0.0,1.1,10,32,165000,2.617157210626355,0.5514311591496059,0.3277777777777778,24.514387515558386,0.39565943238731216,3.5789977444006524,0.2999469037557046,0,4.149
digits_pca32,3,cells,post_none_off,post,none,off,5,50,50,1.0,10,10,0.0,1.1,10,32,165000,2.1956905577117434,0.40299334871437037,0.3388888888888889,25.182522869641296,0.32442960489705064,5.223444306483513,0.49346284989543787,0,3.539
digits_pca32,3,cells,post_none_on,post,none,on,5,50,35,1.0,10,10,0.0,1.1,10,32,115500,1.4744080872487562,0.3453992302729075,0.29608938547486036,13.238729061241623,0.2587646076794658,11.662552396933673,0.07065071064638691,0,3.813
digits_pca32,3,cells,post_footprint_off,post,footprint,off,5,50,50,1.0,10,10,0.0,1.1,10,32,165000,2.9663082940116836,0.6544689184046737,0.49444444444444446,24.955238733752857,0.5676126878130217,2.8361497412714245,0.31877419764109505,0,5.379
digits_pca32,3,cells,post_footprint_on,post,footprint,on,5,50,50,1.0,10,10,0.0,1.1,10,32,165000,2.9332989753507426,0.554283178709297,0.40555555555555556,23.413776721334894,0.42070116861435725,2.9311763556688746,0.29411656105243733,0,5.479
digits_pca32,3,cells,post_mass_off,post,mass,off,5,50,50,1.0,10,10,0.0,1.1,10,32,165000,2.8593906724492766,0.6023284950931939,0.31666666666666665,24.665519977793814,0.5208681135225376,3.016777518959462,0.3222339978034312,0,3.918
digits_pca32,3,cells,post_mass_on,post,mass,on,5,50,50,1.0,10,10,0.0,1.1,10,32,165000,2.749570534804956,0.5193581043356539,0.34444444444444444,22.63191752065,0.4017807456872565,3.2844223334443154,0.2672486301418609,0,3.427
digits_pca32,3,cells,pre_none_off,pre,none,off,5,50,50,1.0,10,10,0.0,1.1,10,32,165000,2.3959950124366625,0.5410627138405062,0.28888888888888886,24.215004826919643,0.3817473567056205,4.218059878621412,0.33890587561047447,0,4.317
digits_pca32,3,cells,pre_none_on,pre,none,on,5,50,50,1.0,10,10,0.0,1.1,10,32,165000,2.1120115894079534,0.3437517140157425,0.2681564245810056,13.15925462917423,0.2637729549248748,5.514833223259238,0.07172460574941592,0,4.182
digits_pca32,3,cells,pre_footprint_off,pre,footprint,off,5,50,50,1.0,10,10,0.0,1.1,10,32,165000,3.233918185937745,0.6934578770534787,0.42777777777777776,25.297505805944002,0.5386755703951029,2.4189096497027847,0.2956176143309014,0,5.341
digits_pca32,3,cells,pre_footprint_on,pre,footprint,on,5,50,50,1.0,10,10,0.0,1.1,10,32,165000,3.012270541030471,0.5241569017529165,0.3388888888888889,24.55641934314034,0.4062326099053979,2.830168912906842,0.30919368631430133,0,5.601
digits_pca32,3,cells,pre_mass_off,pre,mass,off,5,50,50,1.0,10,10,0.0,1.1,10,32,165000,3.043220857934804,0.6125857119502645,0.2777777777777778,25.144370884472256,0.5013912075681691,2.715024983083439,0.3012975985289468,0,4.279
digits_pca32,3,cells,pre_mass_on,pre,mass,on,5,50,50,1.0,10,10,0.0,1.1,10,32,165000,3.0276252630544964,0.5801013609730229,0.31666666666666665,23.494794546048404,0.4585420144685587,2.7519672926010768,0.27751065365981814,0,3.579
digits_pca32,3,cells,post_fpmask_off,post,fpmask,off,5,50,50,1.0,10,10,0.0,1.1,10,32,165000,1.9170003424956203,0.41794035982558625,0.3277777777777778,24.897245459961127,0.3316638842515303,6.774962880121133,0.46050750431368415,0,5.507
digits_pca32,3,cells,post_massmask_off,post,massmask,off,5,50,50,1.0,10,10,0.0,1.1,10,32,165000,2.093188882421651,0.37055319065883513,0.28888888888888886,24.936885630606053,0.28937117417918756,5.691482104585667,0.471360179036443,0,3.997
digits_pca32,3,cells,pre_fpmask_off,pre,fpmask,off,5,50,50,1.0,10,10,0.0,1.1,10,32,165000,2.7524380518708593,0.6114518788888152,0.4111111111111111,24.6221942042519,0.4869226488592098,3.250062000264134,0.34005010638144345,0,4.692
digits_pca32,3,cells,pre_massmask_off,pre,massmask,off,5,50,50,1.0,10,10,0.0,1.1,10,32,165000,2.458944872949981,0.5531378799241234,0.3055555555555556,24.344280958500235,0.3728436282693378,4.026237289334561,0.32435175772689806,0,4.496
digits_pca32,4,cells,post_none_off,post,none,off,5,50,50,1.0,10,10,0.0,1.1,10,32,165000,1.9904340985123323,0.37581094269539617,0.26666666666666666,25.191504022337927,0.3249860879243183,6.358555862314881,0.5040550181357802,0,4.126
digits_pca32,4,cells,post_none_on,post,none,on,5,50,39,1.0,10,10,0.0,1.1,10,32,128700,1.6941583163182892,0.3484919265929999,0.29120879120879123,13.951356060135783,0.27991096271563715,8.858781153357432,0.07513098035363425,0,3.926
digits_pca32,4,cells,post_footprint_off,post,footprint,off,5,50,50,1.0,10,10,0.0,1.1,10,32,165000,3.06333105382246,0.6172636611719281,0.35,24.624387076653356,0.5002782415136339,2.6240829675606165,0.2954565334036606,0,6.103
digits_pca32,4,cells,post_footprint_on,post,footprint,on,5,50,50,1.0,10,10,0.0,1.1,10,32,165000,2.8147682260993765,0.5410155919015204,0.3672316384180791,23.32280927957642,0.4045631608235949,3.146231967425724,0.26442273327164634,0,6.822
digits_pca32,4,cells,post_mass_off,post,mass,off,5,50,50,1.0,10,10,0.0,1.1,10,32,165000,2.5078338235014246,0.5197288194609433,0.36666666666666664,24.664558866689276,0.4073455759599332,3.921713303467806,0.31959079955445163,0,4.952
digits_pca32,4,cells,post_mass_on,post,mass,on,5,50,50,1.0,10,10,0.0,1.1,10,32,165000,2.5097673271583467,0.548600200817648,0.4419889502762431,22.960893747520014,0.38898163606010017,3.947901596480988,0.24921329891737368,0,4.831
digits_pca32,4,cells,pre_none_off,pre,none,off,5,50,50,1.0,10,10,0.0,1.1,10,32,165000,2.1548899656219502,0.5537805019283059,0.3388888888888889,24.313472547805663,0.4323873121869783,5.235965704655189,0.32934478429763875,0,4.586
digits_pca32,4,cells,pre_none_on,pre,none,on,5,50,50,1.0,10,10,0.0,1.1,10,32,165000,2.2228233270616724,0.36514668322680677,0.29120879120879123,13.615044620353984,0.27378964941569284,5.046005010314936,0.07266705679819625,0,4.697
digits_pca32,4,cells,pre_footprint_off,pre,footprint,off,5,50,50,1.0,10,10,0.0,1.1,10,32,165000,3.4973157699326793,0.6810817833391807,0.4777777777777778,25.233131792784423,0.5559265442404007,2.0630106199634466,0.3008801242647269,0,6.709
digits_pca32,4,cells,pre_footprint_on,pre,footprint,on,5,50,50,1.0,10,10,0.0,1.1,10,32,165000,3.323981316225623,0.5901473085317794,0.3502824858757062,24.500150497243162,0.49081803005008345,2.3066873210093446,0.2960250724979948,0,5.776
digits_pca32,4,cells,pre_mass_off,pre,mass,off,5,50,50,1.0,10,10,0.0,1.1,10,32,165000,3.2808938199031816,0.6896720435489582,0.4722222222222222,25.032186588215698,0.565386755703951,2.3254897863384962,0.2861082055623899,0,4.629
digits_pca32,4,cells,pre_mass_on,pre,mass,on,5,50,50,1.0,10,10,0.0,1.1,10,32,165000,2.7894269070474116,0.5854066093185375,0.40555555555555556,23.569500222332945,0.39788536449638284,3.2581323678456378,0.2602199004981487,0,4.461
digits_pca32,4,cells,post_fpmask_off,post,fpmask,off,5,50,50,1.0,10,10,0.0,1.1,10,32,165000,2.1297549626002965,0.3886042706233177,0.34065934065934067,24.848858278008134,0.31942125765164164,5.478317031756983,0.41655148606002473,0,5.727
digits_pca32,4,cells,post_massmask_off,post,massmask,off,5,50,50,1.0,10,10,0.0,1.1,10,32,165000,1.9704508353524435,0.3786544723048753,0.3055555555555556,25.00094458126635,0.31385642737896496,6.439100609184536,0.4397694089222448,0,4.586
digits_pca32,4,cells,pre_fpmask_off,pre,fpmask,off,5,50,50,1.0,10,10,0.0,1.1,10,32,165000,2.4909224276604554,0.5097191696317769,0.34444444444444444,24.576840186113312,0.451307735114079,3.961007270415947,0.3158308386857898,0,5.481
digits_pca32,4,cells,pre_massmask_off,pre,massmask,off,5,50,50,1.0,10,10,0.0,1.1,10,32,165000,2.2079889130344386,0.5137943127422754,0.3111111111111111,24.504519824978633,0.4357262103505843,5.026346453132341,0.31899550580712777,0,4.978
digits_pca32,5,cells,post_none_off,post,none,off,5,50,50,1.0,10,10,0.0,1.1,10,32,165000,1.858571991251758,0.29662911197140057,0.2222222222222222,25.404260618776014,0.2687813021702838,7.354409081594328,0.5492114473661626,0,4.31
digits_pca32,5,cells,post_none_on,post,none,on,5,50,41,1.0,10,10,0.0,1.1,10,32,135300,1.6435005660756727,0.34710484536166736,0.2897727272727273,14.003122329806788,0.26989426822481916,9.437579438613778,0.07581150587627179,0,3.913
digits_pca32,5,cells,post_footprint_off,post,footprint,off,5,50,50,1.0,10,10,0.0,1.1,10,32,165000,2.7674259358252074,0.5817339524029455,0.46703296703296704,24.88773405606755,0.5420144685587089,3.2496257233693924,0.33565988125923246,0,6.217
digits_pca32,5,cells,post_footprint_on,post,footprint,on,5,50,50,1.0,10,10,0.0,1.1,10,32,165000,2.786356353812126,0.5696552725860833,0.4406779661016949,23.867934147720792,0.48803561491374514,3.19642325584312,0.31312948386874045,0,6.997
digits_pca32,5,cells,post_mass_off,post,mass,off,5,50,50,1.0,10,10,0.0,1.1,10,32,165000,2.5300780695458984,0.5597397490135142,0.35555555555555557,24.712399967388738,0.5002782415136339,3.8605313176005387,0.3306982936609361,0,5.326
digits_pca32,5,cells,post_mass_on,post,mass,on,5,50,50,1.0,10,10,0.0,1.1,10,32,165000,2.353486787733215,0.5140347085291838,0.3791208791208791,23.036827168765484,0.4468558708959377,4.5270442545046325,0.2829976054175536,0,4.882
digits_pca32,5,cells,pre_none_off,pre,none,off,5,50,50,1.0,10,10,0.0,1.1,10,32,165000,2.39444686497069,0.585918619268764,0.3611111111111111,24.47765089602232,0.4273789649415693,4.269326099689437,0.3041589527442772,0,4.327
digits_pca32,5,cells,pre_none_on,pre,none,on,5,50,50,1.0,10,10,0.0,1.1,10,32,165000,2.4185512178886377,0.36086828920938874,0.2897727272727273,14.059905116892285,0.27879799666110183,4.315414784370334,0.07425378931472873,0,4.609
digits_pca32,5,cells,pre_footprint_off,pre,footprint,off,5,50,50,1.0,10,10,0.0,1.1,10,32,165000,3.19044277720033,0.6881641671757042,0.4745762711864407,25.15815293970359,0.6071229827490262,2.471592300413299,0.2991576665730624,0,6.499
digits_pca32,5,cells,pre_footprint_on,pre,footprint,on,5,50,50,1.0,10,10,0.0,1.1,10,32,165000,3.244069321451167,0.6182747087992999,0.3791208791208791,24.088943379952934,0.5242070116861436,2.3830954009457397,0.27307425144319036,0,6.227
digits_pca32,5,cells,pre_mass_off,pre,mass,off,5,50,50,1.0,10,10,0.0,1.1,10,32,165000,3.154738093952215,0.6803947643699649,0.4858757062146893,25.115599170746812,0.5998887033945465,2.5235791082522914,0.29924046839435015,0,5.019
digits_pca32,5,cells,pre_mass_on,pre,mass,on,5,50,35,1.0,10,10,0.0,1.1,10,32,115500,3.122782590387195,0.6245131889964829,0.40555555555555556,23.903542174456348,0.5364496382860323,2.570281080909003,0.2689811718171128,0,3.205
digits_pca32,5,cells,post_fpmask_off,post,fpmask,off,5,50,50,1.0,10,10,0.0,1.1,10,32,165000,2.0987599255182747,0.38613210312190216,0.3333333333333333,25.22237912369233,0.3589315525876461,5.726121031234773,0.4850120393106367,0,6.23
digits_pca32,5,cells,post_massmask_off,post,massmask,off,5,50,50,1.0,10,10,0.0,1.1,10,32,165000,1.9001729111866366,0.3569955226677172,0.2967032967032967,25.28762088072632,0.3283249860879243,7.003606333567708,0.5121647470803322,0,4.132
digits_pca32,5,cells,pre_fpmask_off,pre,fpmask,off,5,50,50,1.0,10,10,0.0,1.1,10,32,165000,2.384174880320605,0.5158391901282768,0.3388888888888889,24.592065427868704,0.4056761268781302,4.326321499037234,0.3205160755491255,0,6.153
digits_pca32,5,cells,pre_massmask_off,pre,massmask,off,5,50,50,1.0,10,10,0.0,1.1,10,32,165000,2.229961763219277,0.5074360494070476,0.35,24.651108759089325,0.39232053422370616,4.957259173359662,0.3353878425954706,0,4.945
digits_pca32,6,cells,post_none_off,post,none,off,5,50,50,1.0,10,10,0.0,1.1,10,32,165000,2.2541797437954,0.36577474644837704,0.2833333333333333,25.12570966887432,0.3361157484696717,4.944714844064503,0.4873068872830707,0,3.468
digits_pca32,6,cells,post_none_on,post,none,on,5,50,50,1.0,10,10,0.0,1.1,10,32,165000,1.4849929822463528,0.318174795032641,0.2655367231638418,14.472613415648638,0.24652198107957707,11.519687266856076,0.07754804451963976,0,3.161
digits_pca32,6,cells,post_footprint_off,post,footprint,off,5,50,50,1.0,10,10,0.0,1.1,10,32,165000,2.711099225545445,0.6160241834552307,0.5028248587570622,24.948397823315887,0.531997774067891,3.3943125880780647,0.34661072034109286,0,5.442
digits_pca32,6,cells,post_footprint_on,post,footprint,on,5,50,50,1.0,10,10,0.0,1.1,10,32,165000,2.8406911741072274,0.5321838023876955,0.3785310734463277,23.933881608510177,0.45965498052309406,3.0896491154439074,0.33384285471458064,0,5.276
digits_pca32,6,cells,post_mass_off,post,mass,off,5,50,50,1.0,10,10,0.0,1.1,10,32,165000,2.798505005457627,0.5983051786641999,0.4722222222222222,24.726615612909207,0.5392320534223706,3.157275659655412,0.3270275605965067,0,3.483
digits_pca32,6,cells,post_mass_on,post,mass,on,5,50,50,1.0,10,10,0.0,1.1,10,32,165000,2.1424402947710526,0.5167627338103972,0.39444444444444443,22.30577144146938,0.4012242626599889,5.366581197460294,0.24564743862746855,0,3.373
digits_pca32,6,cells,pre_none_off,pre,none,off,5,50,50,1.0,10,10,0.0,1.1,10,32,165000,2.50055338687481,0.5473742301855131,0.4431818181818182,24.664557246576138,0.5013912075681691,3.944582661958431,0.33969032196577104,0,3.896
digits_pca32,6,cells,pre_none_on,pre,none,on,5,50,50,1.0,10,10,0.0,1.1,10,32,165000,2.4678656384901507,0.31651754456183123,0.25,14.460955084807091,0.2409571508069004,4.184091949973634,0.07723445422865614,0,3.59
digits_pca32,6,cells,pre_footprint_off,pre,footprint,off,5,50,50,1.0,10,10,0.0,1.1,10,32,165000,3.2910956270660576,0.7005749127375984,0.5111111111111111,25.072887381685057,0.577072899276572,2.3148526258057296,0.28116586898304,0,5.25
digits_pca32,6,cells,pre_footprint_on,pre,footprint,on,5,50,50,1.0,10,10,0.0,1.1,10,32,165000,2.9479365085634113,0.5798483288549373,0.4065934065934066,24.71578877009486,0.4552031163049527,2.938652156440837,0.30149909992132806,0,5.835
digits_pca32,6,cells,pre_mass_off,pre,mass,off,5,50,50,1.0,10,10,0.0,1.1,10,32,165000,3.0453212826751597,0.7298495632489214,0.4722222222222222,24.96463351260177,0.563717306622148,2.691900230188334,0.2755599591828152,0,4.081
digits_pca32,6,cells,pre_mass_on,pre,mass,on,5,50,50,1.0,10,10,0.0,1.1,10,32,165000,2.99430346215059,0.6212139273297764,0.48295454545454547,23.782967020822102,0.5214245965498052,2.7885621533345297,0.2700233726809097,0,3.125
digits_pca32,6,cells,post_fpmask_off,post,fpmask,off,5,50,50,1.0,10,10,0.0,1.1,10,32,165000,2.245161366772536,0.40370870479554843,0.32967032967032966,25.029172211303756,0.3639398998330551,4.965367134240801,0.4617537593588242,0,5.185
digits_pca32,6,cells,post_massmask_off,post,massmask,off,5,50,50,1.0,10,10,0.0,1.1,10,32,165000,2.1399960087493586,0.3463268913859968,0.24444444444444444,25.078735877664965,0.29437952142459656,5.47620521991926,0.4691564590002301,0,3.147
digits_pca32,6,cells,pre_fpmask_off,pre,fpmask,off,5,50,50,1.0,10,10,0.0,1.1,10,32,165000,2.4724654320173047,0.5153628927473066,0.32967032967032966,24.6108594960878,0.4785754034501948,4.025930972316233,0.3194754931689353,0,5.291
digits_pca32,6,cells,pre_massmask_off,pre,massmask,off,5,50,50,1.0,10,10,0.0,1.1,10,32,165000,2.351678753805188,0.5422159538393914,0.4230769230769231,24.546298235465834,0.4952698942682248,4.438436546575746,0.32819012559576227,0,2.883
digits_pca32,7,cells,post_none_off,post,none,off,5,50,50,1.0,10,10,0.0,1.1,10,32,165000,2.267477402998686,0.3498986659002302,0.2541436464088398,25.0933386528129,0.3266555370061213,4.88059209713285,0.48921231278881205,0,3.562
digits_pca32,7,cells,post_none_on,post,none,on,5,50,47,1.0,10,10,0.0,1.1,10,32,155100,1.4404883379634505,0.314297099923255,0.2784090909090909,14.913684456812978,0.24318308291597107,12.209814068781622,0.07841548727794685,0,2.014
digits_pca32,7,cells,post_footprint_off,post,footprint,off,5,50,50,1.0,10,10,0.0,1.1,10,32,165000,2.93513682189547,0.6182068203452737,0.39444444444444443,24.74891949236774,0.5420144685587089,2.8727612984425717,0.3105351520428131,0,5.332
digits_pca32,7,cells,post_footprint_on,post,footprint,on,5,50,50,1.0,10,10,0.0,1.1,10,32,165000,2.406954376217829,0.6143966855159644,0.4666666666666667,23.93991833629245,0.5676126878130217,4.252119897643888,0.30386623969496623,0,4.406
digits_pca32,7,cells,post_mass_off,post,mass,off,5,50,50,1.0,10,10,0.0,1.1,10,32,165000,2.938979652702234,0.5890750552038819,0.37777777777777777,24.65414942122597,0.5420144685587089,2.854281910263501,0.309487076476565,0,1.406
digits_pca32,7,cells,post_mass_on,post,mass,on,5,50,50,1.0,10,10,0.0,1.1,10,32,165000,2.7298895730893262,0.5701254535136362,0.4111111111111111,23.259207707896092,0.5164162493043962,3.2997220521178687,0.2785847459534098,0,2.167
digits_pca32,7,cells,pre_none_off,pre,none,off,5,50,50,1.0,10,10,0.0,1.1,10,32,165000,2.5673000755953224,0.5450526389697463,0.39444444444444443,24.66217861707997,0.5041736227045075,3.7417793306000893,0.35213312572296174,0,2.771
digits_pca32,7,cells,pre_none_on,pre,none,on,5,50,50,1.0,10,10,0.0,1.1,10,32,165000,2.2711219081319807,0.3220539775893506,0.2833333333333333,14.932382451215974,0.2476349471341124,4.833039751419406,0.0794653231906441,0,3.922
digits_pca32,7,cells,pre_footprint_off,pre,footprint,off,5,50,50,1.0,10,10,0.0,1.1,10,32,165000,3.205645163158601,0.6897634771801975,0.5055555555555555,25.144041542989342,0.6193656093489148,2.4468322127406927,0.2953768158704123,0,5.72
digits_pca32,7,cells,pre_footprint_on,pre,footprint,on,5,50,50,1.0,10,10,0.0,1.1,10,32,165000,2.860155499538163,0.6659054518352233,0.45555555555555555,23.58412578786584,0.5297718419588202,3.0475697761350324,0.24409201005478148,0,3.349
digits_pca32,7,cells,pre_mass_off,pre,mass,off,5,50,50,1.0,10,10,0.0,1.1,10,32,165000,3.275344328622671,0.6890997325580157,0.5444444444444444,25.320483324366112,0.5759599332220368,2.3602503209014425,0.30481469629822794,0,1.839
digits_pca32,7,cells,pre_mass_on,pre,mass,on,5,50,50,1.0,10,10,0.0,1.1,10,32,165000,3.188740576048776,0.6245396114219153,0.39444444444444443,23.85108673538108,0.5214245965498052,2.474634863848209,0.2657695214703631,0,2.924
digits_pca32,7,cells,post_fpmask_off,post,fpmask,off,5,50,50,1.0,10,10,0.0,1.1,10,32,165000,1.8971974338071058,0.35247036778986524,0.2833333333333333,24.99999945211195,0.32943795214245963,6.945682740585487,0.48756659584585554,0,5.812
digits_pca32,7,cells,post_massmask_off,post,massmask,off,5,50,50,1.0,10,10,0.0,1.1,10,32,165000,1.9448680802936855,0.3693388964202983,0.2833333333333333,25.033518161325574,0.3494713411240957,6.6182259714564005,0.49813159868974427,0,3.994
digits_pca32,7,cells,pre_fpmask_off,pre,fpmask,off,5,50,50,1.0,10,10,0.0,1.1,10,32,165000,2.541295794141759,0.5555439757993745,0.41208791208791207,24.65656439946605,0.48247078464106846,3.817878710677552,0.3099588981166958,0,5.75
digits_pca32,7,cells,pre_massmask_off,pre,massmask,off,5,50,50,1.0,10,10,0.0,1.1,10,32,165000,2.5282671202808253,0.5512237340696807,0.3888888888888889,24.664739224860856,0.5036171396772399,3.858607593047455,0.34358684857745725,0,2.507
digits_pca32,8,cells,post_none_off,post,none,off,5,50,50,1.0,10,10,0.0,1.1,10,32,165000,1.9529351090521643,0.3709638481294118,0.2777777777777778,25.09696526647961,0.327212020033389,6.580298328640256,0.505523387344626,0,4.872
digits_pca32,8,cells,post_none_on,post,none,on,5,50,50,1.0,10,10,0.0,1.1,10,32,165000,1.471544133489541,0.31756302011339566,0.2542372881355932,15.11562964677572,0.2476349471341124,11.74659474571025,0.07627706747980724,0,4.532
digits_pca32,8,cells,post_footprint_off,post,footprint,off,5,50,50,1.0,10,10,0.0,1.1,10,32,165000,3.038716140269296,0.5847807837791252,0.35555555555555557,24.71696238396105,0.46800222593210905,2.67679326788489,0.30959603562231786,0,5.537
digits_pca32,8,cells,post_footprint_on,post,footprint,on,5,50,50,1.0,10,10,0.0,1.1,10,32,165000,2.7317257322595725,0.5148194431237006,0.3,23.09083101699453,0.43850862548692265,3.3187475538868636,0.2795522129061148,0,5.99
digits_pca32,8,cells,post_mass_off,post,mass,off,5,50,50,1.0,10,10,0.0,1.1,10,32,165000,2.88934150175304,0.5720363876556511,0.3277777777777778,24.566310263384796,0.46466332776850305,2.942674196681786,0.31250753720156227,0,4.596
digits_pca32,8,cells,post_mass_on,post,mass,on,5,50,44,1.0,10,10,0.0,1.1,10,32,145200,2.299924452688191,0.5127440676610698,0.3055555555555556,22.675862764228448,0.4017807456872565,4.646875767523564,0.2557581564666021,0,4.174
digits_pca32,8,cells,pre_none_off,pre,none,off,5,50,50,1.0,10,10,0.0,1.1,10,32,165000,2.582528843184105,0.5609512077362779,0.3888888888888889,24.504381191210754,0.43962159154145797,3.6741203533584685,0.33250183936577066,0,4.104
digits_pca32,8,cells,pre_none_on,pre,none,on,5,50,50,1.0,10,10,0.0,1.1,10,32,165000,2.1646059440254386,0.31810905306864656,0.2542372881355932,15.155633229581674,0.24652198107957707,5.286911637827486,0.07625247742823797,0,4.237
digits_pca32,8,cells,pre_footprint_off,pre,footprint,off,5,50,50,1.0,10,10,0.0,1.1,10,32,165000,2.931030738133782,0.6661203970502025,0.3888888888888889,25.130473701787423,0.523650528658876,2.9252293959626208,0.30319686396035356,0,5.675
digits_pca32,8,cells,pre_footprint_on,pre,footprint,on,5,50,50,1.0,10,10,0.0,1.1,10,32,165000,2.9155424925227993,0.6105001922513351,0.45,23.968447249716675,0.46633277685030605,2.950360231623433,0.27669694682347606,0,5.857
digits_pca32,8,cells,pre_mass_off,pre,mass,off,5,50,50,1.0,10,10,0.0,1.1,10,32,165000,3.083064679729979,0.6412866346960377,0.3888888888888889,25.093219687924424,0.5086254869226489,2.639922132259251,0.2873666615093545,0,4.088
digits_pca32,8,cells,pre_mass_on,pre,mass,on,5,50,50,1.0,10,10,0.0,1.1,10,32,165000,2.95399781740235,0.5878807187475992,0.38333333333333336,23.54655210966299,0.4501947690595437,2.8737496143647707,0.24696598592641303,0,4.952
digits_pca32,8,cells,post_fpmask_off,post,fpmask,off,5,50,50,1.0,10,10,0.0,1.1,10,32,165000,2.0934518745239052,0.3975543773365413,0.28888888888888886,24.92403071146233,0.3166388425153033,5.687118985961036,0.479821320300789,0,5.645
digits_pca32,8,cells,post_massmask_off,post,massmask,off,5,50,50,1.0,10,10,0.0,1.1,10,32,165000,2.0428594331010035,0.40159698723747966,0.3333333333333333,24.98350943223957,0.3311074012242627,5.9865480820826,0.4912645287725104,0,4.552
digits_pca32,8,cells,pre_fpmask_off,pre,fpmask,off,5,50,50,1.0,10,10,0.0,1.1,10,32,165000,2.621451522882089,0.5734983907357014,0.39779005524861877,24.54727122687692,0.43850862548692265,3.5720666967714734,0.30593806333924856,0,5.92
digits_pca32,8,cells,pre_massmask_off,pre,massmask,off,5,50,50,1.0,10,10,0.0,1.1,10,32,165000,2.5498190720893597,0.5553864085874248,0.31666666666666665,24.543815670018372,0.4468558708959377,3.7750555805194645,0.32568726876217113,0,4.229
digits_pca32,9,cells,post_none_off,post,none,off,5,50,50,1.0,10,10,0.0,1.1,10,32,165000,2.142977204522223,0.363751557150298,0.2722222222222222,25.03803100246234,0.3121869782971619,5.45211578377268,0.48123408973821136,0,3.509
digits_pca32,9,cells,post_none_on,post,none,on,5,50,50,1.0,10,10,0.0,1.1,10,32,165000,1.4569225224807447,0.3394004363227806,0.29545454545454547,13.928408499166926,0.26655537006121316,11.82779205929947,0.07402351691292533,0,3.905
digits_pca32,9,cells,post_footprint_off,post,footprint,off,5,50,50,1.0,10,10,0.0,1.1,10,32,165000,2.6922836661126532,0.5501617761742368,0.3,24.72317179439542,0.49304396215915414,3.4108494752479093,0.3289288963244384,0,6.092
digits_pca32,9,cells,post_footprint_on,post,footprint,on,5,50,50,1.0,10,10,0.0,1.1,10,32,165000,2.659688382704395,0.5661445612269593,0.37777777777777777,23.319130579575955,0.39510294936004453,3.494651337141002,0.27247420927427074,0,5.065
digits_pca32,9,cells,post_mass_off,post,mass,off,5,50,50,1.0,10,10,0.0,1.1,10,32,165000,2.5487757265987114,0.5278091927596064,0.3888888888888889,24.586907357711024,0.4540901502504174,3.784780172849993,0.3295754916741459,0,3.895
digits_pca32,9,cells,post_mass_on,post,mass,on,5,50,50,1.0,10,10,0.0,1.1,10,32,165000,2.2019163116045144,0.5165677648122087,0.4143646408839779,22.597915626465756,0.38898163606010017,5.124157612130676,0.24618810747862888,0,4.061
digits_pca32,9,cells,pre_none_off,pre,none,off,5,50,50,1.0,10,10,0.0,1.1,10,32,165000,2.681849615326553,0.5525122269707208,0.4222222222222222,24.36256277206434,0.4557595993322204,3.3873036401555714,0.3380001547719321,0,3.309
digits_pca32,9,cells,pre_none_on,pre,none,on,5,50,50,1.0,10,10,0.0,1.1,10,32,165000,2.2617994378505215,0.3510846995967293,0.3076923076923077,13.208641041686322,0.2587646076794658,4.7962338343116,0.0717927868381204,0,3.074
digits_pca32,9,cells,pre_footprint_off,pre,footprint,off,5,50,50,1.0,10,10,0.0,1.1,10,32,165000,3.488222514274072,0.641417903428883,0.5141242937853108,25.266254523350852,0.5436839176405119,2.0765027234020046,0.3024587129703413,0,5.196
digits_pca32,9,cells,pre_footprint_on,pre,footprint,on,5,50,50,1.0,10,10,0.0,1.1,10,32,165000,2.9602624854797273,0.6160288735451347,0.5166666666666667,23.856977523333335,0.44629938786867,2.8556511736082437,0.2656593965908026,0,5.672
digits_pca32,9,cells,pre_mass_off,pre,mass,off,5,50,50,1.0,10,10,0.0,1.1,10,32,165000,2.926843522195779,0.6580367429034656,0.49171270718232046,24.902005898994524,0.4674457429048414,2.906935013412798,0.2719439622398862,0,3.684
digits_pca32,9,cells,pre_mass_on,pre,mass,on,5,50,50,1.0,10,10,0.0,1.1,10,32,165000,2.9929858105594986,0.6116525779696764,0.42045454545454547,23.198686372182713,0.4062326099053979,2.803755201728251,0.2553125792523877,0,4.3
digits_pca32,9,cells,post_fpmask_off,post,fpmask,off,5,50,50,1.0,10,10,0.0,1.1,10,32,165000,2.1699506678398826,0.3816328510363526,0.26666666666666666,24.84450561508309,0.33834168057874237,5.276314058355865,0.4513296244452334,0,5.428
digits_pca32,9,cells,post_massmask_off,post,massmask,off,5,50,50,1.0,10,10,0.0,1.1,10,32,165000,2.168597898551385,0.3787441278935105,0.26666666666666666,24.874673097804898,0.337228714524207,5.289313599586605,0.45866408759861144,0,4.3
digits_pca32,9,cells,pre_fpmask_off,pre,fpmask,off,5,50,50,1.0,10,10,0.0,1.1,10,32,165000,2.7416471736603025,0.5748162676124874,0.425414364640884,24.643466279056994,0.4557595993322204,3.278526257171228,0.3177343738774424,0,5.622
digits_pca32,9,cells,pre_massmask_off,pre,massmask,off,5,50,50,1.0,10,10,0.0,1.1,10,32,165000,2.5725425240178796,0.5505189785258582,0.3277777777777778,24.456927884472442,0.47356705620478573,3.695530391771607,0.3143368705954564,0,3.622
letter,0,cells,post_none_off,post,none,off,5,50,50,1.0,10,10,0.0,1.3,26,16,221000,1.5131617355407307,0.2517075263084012,0.20266990291262135,5.2403258497548,0.20325,2.288693266647424,0.5513008229347406,0,49.693
letter,0,cells,post_none_on,post,none,on,5,50,50,1.0,10,10,0.0,1.3,26,16,221000,1.0544260096492226,0.2257126204725708,0.20764017252002465,3.361290250211708,0.15975,4.82411006908193,0.2811646723070849,0,48.682
letter,0,cells,post_footprint_off,post,footprint,off,5,50,50,1.0,10,10,0.0,1.3,26,16,221000,1.5249452665324938,0.28086990539669376,0.2366504854368932,5.185291139585755,0.25485,2.229793439657086,0.4564444894969133,0,60.416
letter,0,cells,post_footprint_on,post,footprint,on,5,50,50,1.0,10,10,0.0,1.3,26,16,221000,1.6586702200433148,0.2641150126569396,0.22694174757281554,4.852077603029461,0.2295,1.9024960031345182,0.4169124831469316,0,60.231
letter,0,cells,post_mass_off,post,mass,off,5,50,50,1.0,10,10,0.0,1.3,26,16,221000,1.7088516683903097,0.2816368862717654,0.2220873786407767,5.078838633338795,0.2596,1.7392246457309863,0.438962926727355,0,49.9
letter,0,cells,post_mass_on,post,mass,on,5,50,50,1.0,10,10,0.0,1.3,26,16,221000,1.2546285817064473,0.2722704930335185,0.19963592233009708,4.642649854150838,0.23785,3.311264392996474,0.4067536239847378,0,48.702
letter,0,cells,pre_none_off,pre,none,off,5,50,50,1.0,10,10,0.0,1.3,26,16,221000,1.658433327824518,0.27275560175601943,0.22148058252427186,5.01192731975562,0.2384,1.8222532395664224,0.459149899801893,0,54.133
letter,0,cells,pre_none_on,pre,none,on,5,50,50,1.0,10,10,0.0,1.3,26,16,221000,1.0332849767185046,0.22829736966294276,0.2088724584103512,3.357653217281445,0.1621,4.934244810855377,0.2782698674350746,0,61.548
letter,0,cells,pre_footprint_off,pre,footprint,off,5,50,50,1.0,10,10,0.0,1.3,26,16,221000,2.19934014072372,0.3044524572794462,0.2466097438473129,5.405008522737589,0.25985,1.1174074991112781,0.43741027879067834,0,62.826
letter,0,cells,pre_footprint_on,pre,footprint,on,5,50,50,1.0,10,10,0.0,1.3,26,16,221000,1.5778636936927555,0.2924301584868452,0.23807132094424913,5.0141845062839865,0.2497,2.1582202430176705,0.41378360225645505,0,60.922
letter,0,cells,pre_mass_off,pre,mass,off,5,50,50,1.0,10,10,0.0,1.3,26,16,221000,1.6989461671437587,0.29148199177503553,0.2275485436893204,5.350113677731128,0.26175,1.8535477299456673,0.44787746183151317,0,46.765
letter,0,cells,pre_mass_on,pre,mass,on,5,50,50,1.0,10,10,0.0,1.3,26,16,221000,1.9205158572858638,0.2891906606289214,0.2263349514563107,5.136839726125568,0.2467,1.4936144211096958,0.4224261386789287,0,47.599
letter,0,cells,post_fpmask_off,post,fpmask,off,5,50,50,1.0,10,10,0.0,1.3,26,16,221000,1.6207014225249101,0.259606705463641,0.22330097087378642,5.122419367707408,0.2078,1.95015488063872,0.5036860640531877,0,61.224
letter,0,cells,post_massmask_off,post,massmask,off,5,50,50,1.0,10,10,0.0,1.3,26,16,221000,1.3869664145039167,0.269620648708323,0.2220873786407767,5.217939332512663,0.2167,2.7124836927715235,0.5343453246144819,0,48.757
letter,0,cells,pre_fpmask_off,pre,fpmask,off,5,50,50,1.0,10,10,0.0,1.3,26,16,221000,1.4377186154582566,0.2716796014265345,0.216626213592233,5.019783878847887,0.23165,2.428495077582764,0.45288203375176683,0,60.544
letter,0,cells,pre_massmask_off,pre,massmask,off,5,50,50,1.0,10,10,0.0,1.3,26,16,221000,1.6441576969449643,0.2663368903762072,0.21601941747572814,5.0134243859310175,0.2354,1.85458835851342,0.45749489263299775,0,48.359
letter,1,cells,post_none_off,post,none,off,5,50,50,1.0,10,10,0.0,1.3,26,16,221000,1.409061903351329,0.25113155685251065,0.21844660194174756,5.217742636487215,0.21245,2.6279827347020355,0.5403772622981051,0,49.337
letter,1,cells,post_none_on,post,none,on,5,50,50,1.0,10,10,0.0,1.3,26,16,221000,1.087752368811392,0.2312054248211608,0.18730745532963647,3.3459695851915225,0.1804,4.519941897036441,0.27719916534301214,0,49.637
letter,1,cells,post_footprint_off,post,footprint,off,5,50,50,1.0,10,10,0.0,1.3,26,16,221000,1.6429254087427798,0.27979986364718296,0.22852837769964843,5.139516639172388,0.2482,1.9040861054112037,0.4534660282807468,0,60.962
letter,1,cells,post_footprint_on,post,footprint,on,5,50,50,1.0,10,10,0.0,1.3,26,16,221000,1.947765933800739,0.27982853878896036,0.21298543689320387,4.868284476466359,0.24135,1.3731542029578303,0.4170164600272652,0,59.934
letter,1,cells,post_mass_off,post,mass,off,5,50,50,1.0,10,10,0.0,1.3,26,16,221000,1.8968306521251395,0.29381841767293265,0.2466097438473129,5.048287869670857,0.2564,1.4030947307658628,0.43271589009874933,0,51.292
letter,1,cells,post_mass_on,post,mass,on,5,50,50,1.0,10,10,0.0,1.3,26,16,221000,1.5843018673573277,0.28255963696029623,0.24150485436893204,4.691639338738545,0.23755,2.04581196884397,0.4007147283845869,0,50.957
letter,1,cells,pre_none_off,pre,none,off,5,50,50,1.0,10,10,0.0,1.3,26,16,221000,1.7543638811217075,0.29429847633291895,0.20934466019417475,5.042866573204857,0.2433,1.6384685986756686,0.4632067318777757,0,58.816
letter,1,cells,pre_none_on,pre,none,on,5,50,50,1.0,10,10,0.0,1.3,26,16,221000,1.0764343558460288,0.22907419839228607,0.1947011706715958,3.34090130268652,0.1751,4.4827443929681925,0.2739376256154728,0,57.958
letter,1,cells,pre_footprint_off,pre,footprint,off,5,50,50,1.0,10,10,0.0,1.3,26,16,221000,2.114417061812493,0.30413782156613556,0.21844660194174756,5.373845693499797,0.2624,1.201998380797875,0.43686161121549516,0,64.198
letter,1,cells,pre_footprint_on,pre,footprint,on,5,50,50,1.0,10,10,0.0,1.3,26,16,221000,1.872145693431479,0.30703494348639365,0.23725728155339806,5.071669622030343,0.2751,1.5392252202806191,0.42062815230058065,0,60.657
letter,1,cells,pre_mass_off,pre,mass,off,5,50,50,1.0,10,10,0.0,1.3,26,16,221000,1.652029610062858,0.314459503365386,0.24711200401808137,5.326060381382205,0.2657,1.9515084292815905,0.4424934858787799,0,47.866
letter,1,cells,pre_mass_on,pre,mass,on,5,50,50,1.0,10,10,0.0,1.3,26,16,221000,1.9825492879428996,0.3013032022900889,0.2360622802611753,4.965327276869431,0.2502,1.3583398558474236,0.39657084629585415,0,49.68
letter,1,cells,post_fpmask_off,post,fpmask,off,5,50,50,1.0,10,10,0.0,1.3,26,16,221000,1.4623899700172542,0.25274264047793765,0.21601941747572814,5.070886412843633,0.20535,2.371141562133823,0.49481391242081046,0,61.084
letter,1,cells,post_massmask_off,post,massmask,off,5,50,50,1.0,10,10,0.0,1.3,26,16,221000,1.5783757835350474,0.24903695559972952,0.2129255626081939,5.19761594365682,0.2017,2.0863317527650334,0.5181476724508998,0,49.313
letter,1,cells,pre_fpmask_off,pre,fpmask,off,5,50,50,1.0,10,10,0.0,1.3,26,16,221000,1.7595513342064382,0.30086380369083865,0.23847087378640777,5.104296659776885,0.2545,1.648663503387909,0.44694135523721207,0,60.078
letter,1,cells,pre_massmask_off,pre,massmask,off,5,50,50,1.0,10,10,0.0,1.3,26,16,221000,1.7713955724015003,0.2919914199415997,0.22997572815533981,5.060910091187036,0.2435,1.6128631235689053,0.44746095067336783,0,48.844
letter,2,cells,post_none_off,post,none,off,5,50,50,1.0,10,10,0.0,1.3,26,16,221000,1.55236349010765,0.2595916605883079,0.20080784766301213,5.1416221638456285,0.21085,2.133601553486959,0.5285775779996471,0,49.465
letter,2,cells,post_none_on,post,none,on,5,50,50,1.0,10,10,0.0,1.3,26,16,221000,0.9084707868811202,0.23244300649310318,0.19174757281553398,3.360499127152642,0.17965,6.463803970170629,0.2767805131324985,0,49.512
letter,2,cells,post_footprint_off,post,footprint,off,5,50,50,1.0,10,10,0.0,1.3,26,16,221000,2.261974373908072,0.30772469113976963,0.24150485436893204,5.0974112255617765,0.26075,0.9962637080457374,0.42431937984632756,0,58.875
letter,2,cells,post_footprint_on,post,footprint,on,5,50,50,1.0,10,10,0.0,1.3,26,16,221000,1.770808556072819,0.28977654680490483,0.25849514563106796,4.7063550338487605,0.2447,1.6271863947192946,0.38890585622678453,0,62.379
letter,2,cells,post_mass_off,post,mass,off,5,50,50,1.0,10,10,0.0,1.3,26,16,221000,2.147283900886634,0.306615921112961,0.24029126213592233,5.103752780284604,0.2618,1.1069058774550158,0.43194195098949656,0,50.531
letter,2,cells,post_mass_on,post,mass,on,5,50,50,1.0,10,10,0.0,1.3,26,16,221000,1.5766745904722,0.276016433845008,0.2440984429934706,4.592687786556279,0.2281,2.080437624555645,0.3883585702986488,0,50.077
letter,2,cells,pre_none_off,pre,none,off,5,50,50,1.0,10,10,0.0,1.3,26,16,221000,1.8435376377883574,0.2849752266066953,0.24817961165048544,5.072803355498486,0.23755,1.492601969071488,0.44692424360644206,0,66.554
letter,2,cells,pre_none_on,pre,none,on,5,50,50,1.0,10,10,0.0,1.3,26,16,221000,1.343870995344038,0.23152279773695766,0.19842233009708737,3.366703421590692,0.1801,2.877200835361643,0.2752696642412714,0,49.455
letter,2,cells,pre_footprint_off,pre,footprint,off,5,50,50,1.0,10,10,0.0,1.3,26,16,221000,1.9827161853452302,0.2936131625784568,0.23556002009040683,5.324654574015445,0.24405,1.3544729473709047,0.42185407880906794,0,64.354
letter,2,cells,pre_footprint_on,pre,footprint,on,5,50,50,1.0,10,10,0.0,1.3,26,16,221000,2.246490575346195,0.2947403352418966,0.23756906077348067,5.008128193032506,0.2339,1.0632198550110121,0.3888301103373569,0,60.403
letter,2,cells,pre_mass_off,pre,mass,off,5,50,50,1.0,10,10,0.0,1.3,26,16,221000,2.2085467470233806,0.2931569666563942,0.23058252427184467,5.254693394588892,0.24235,1.0772938689442102,0.41604190944214914,0,47.598
letter,2,cells,pre_mass_on,pre,mass,on,5,50,50,1.0,10,10,0.0,1.3,26,16,221000,1.782680663431234,0.29525460939412046,0.24259166248116523,5.008756935294302,0.24025,1.6957640122438837,0.3956855995360092,0,50.767
letter,2,cells,post_fpmask_off,post,fpmask,off,5,50,50,1.0,10,10,0.0,1.3,26,16,221000,1.448989463457029,0.2676409466811566,0.20691747572815533,5.057603216108815,0.21755,2.408875196100732,0.49301597390610075,0,61.557
letter,2,cells,post_massmask_off,post,massmask,off,5,50,50,1.0,10,10,0.0,1.3,26,16,221000,1.4526645583914897,0.2638804598968222,0.20266990291262135,5.0670193560769725,0.21295,2.4011643209279794,0.503911476433639,0,49.575
letter,2,cells,pre_fpmask_off,pre,fpmask,off,5,50,50,1.0,10,10,0.0,1.3,26,16,221000,1.9697731437606631,0.2816571186242561,0.2524271844660194,5.1088995843321765,0.22555,1.3167245800931042,0.439466514842898,0,60.52
letter,2,cells,pre_massmask_off,pre,massmask,off,5,50,50,1.0,10,10,0.0,1.3,26,16,221000,1.9663381040139063,0.27896429366855935,0.2487864077669903,5.100898997763867,0.22225,1.3192598151269177,0.4435161358972171,0,48.75
letter,3,cells,post_none_off,post,none,off,5,50,50,1.0,10,10,0.0,1.3,26,16,221000,1.3704834175669913,0.2679940128654325,0.1953883495145631,5.14537861440415,0.21745,2.7394902997551345,0.5198674939176452,0,50.629
letter,3,cells,post_none_on,post,none,on,5,50,50,1.0,10,10,0.0,1.3,26,16,221000,1.0755188413295311,0.2380097342960536,0.20715522215810733,3.385516477345601,0.18175,4.621970114700257,0.28121348802509133,0,50.848
letter,3,cells,post_footprint_off,post,footprint,off,5,50,50,1.0,10,10,0.0,1.3,26,16,221000,1.4828079222206765,0.2743644310070392,0.23300970873786409,5.145118879370742,0.241,2.3400525930436,0.4552575221808156,0,61.776
letter,3,cells,post_footprint_on,post,footprint,on,5,50,50,1.0,10,10,0.0,1.3,26,16,221000,1.3464659774186072,0.2639114032113142,0.18992718446601942,4.707721138271148,0.22365,2.851090914724978,0.40084353533247646,0,63.509
letter,3,cells,post_mass_off,post,mass,off,5,50,50,1.0,10,10,0.0,1.3,26,16,221000,1.8397336691667865,0.2627982514942573,0.19599514563106796,5.137774897383304,0.2281,1.5179768888860412,0.4508278254723351,0,49.747
letter,3,cells,post_mass_on,post,mass,on,5,50,50,1.0,10,10,0.0,1.3,26,16,221000,1.6980295107633823,0.2644696907908944,0.22269417475728157,4.595811801442164,0.2178,1.79575590042235,0.38315976672991514,0,56.025
letter,3,cells,pre_none_off,pre,none,off,5,50,50,1.0,10,10,0.0,1.3,26,16,221000,1.7847961878005725,0.2596635406023892,0.18325242718446602,5.099625841963981,0.222,1.6008883858312468,0.447383376902171,0,61.949
letter,3,cells,pre_none_on,pre,none,on,5,50,50,1.0,10,10,0.0,1.3,26,16,221000,1.1422730301181403,0.23352064885198906,0.20024271844660194,3.387287374528164,0.1766,4.001869560251859,0.2787487817568161,0,50.425
letter,3,cells,pre_footprint_off,pre,footprint,off,5,50,50,1.0,10,10,0.0,1.3,26,16,221000,1.7670990910954034,0.28856603973990946,0.24058262179809142,5.306543031228128,0.2427,1.6993775762026515,0.4169829676557927,0,63.968
letter,3,cells,pre_footprint_on,pre,footprint,on,5,50,50,1.0,10,10,0.0,1.3,26,16,221000,2.0961961649111296,0.2857400081535316,0.23300970873786409,5.073391525607208,0.22345,1.239201815306652,0.41507106611848105,0,61.818
letter,3,cells,pre_mass_off,pre,mass,off,5,50,50,1.0,10,10,0.0,1.3,26,16,221000,1.890748705081007,0.2873383263259432,0.22390776699029127,5.272524654636927,0.2478,1.4748606749574298,0.42394948203086547,0,48.431
letter,3,cells,pre_mass_on,pre,mass,on,5,50,50,1.0,10,10,0.0,1.3,26,16,221000,1.8640009645131062,0.2759897965790026,0.2445388349514563,4.89235376579101,0.2208,1.5478351105353751,0.38845668105676,0,51.527
letter,3,cells,post_fpmask_off,post,fpmask,off,5,50,50,1.0,10,10,0.0,1.3,26,16,221000,1.8490334121485505,0.26604919568863933,0.18810679611650485,5.039433294824746,0.21355,1.4739820102794103,0.4823657969435134,0,62.919
letter,3,cells,post_massmask_off,post,massmask,off,5,50,50,1.0,10,10,0.0,1.3,26,16,221000,1.5425149615671372,0.2672021374733784,0.18992718446601942,5.047159540275739,0.22165,2.1212324522216983,0.4945318429064635,0,49.592
letter,3,cells,pre_fpmask_off,pre,fpmask,off,5,50,50,1.0,10,10,0.0,1.3,26,16,221000,1.9343997310759837,0.2643260253661793,0.21419902912621358,5.113812362830629,0.21825,1.3666343816786937,0.4301923987198035,0,60.543
letter,3,cells,pre_massmask_off,pre,massmask,off,5,50,50,1.0,10,10,0.0,1.3,26,16,221000,1.873760170274266,0.26346402636570754,0.21359223300970873,5.0970605099990145,0.2187,1.451749827731,0.4346209016606259,0,49.462
letter,4,cells,post_none_off,post,none,off,5,50,50,1.0,10,10,0.0,1.3,26,16,221000,1.6784411780374533,0.24325569936207478,0.2088863242931333,5.167812428898189,0.2019,1.8344018960727193,0.5266209430751867,0,48.639
letter,4,cells,post_none_on,post,none,on,5,50,50,1.0,10,10,0.0,1.3,26,16,221000,1.1830404288240535,0.22869989908879146,0.19162045594577942,3.3697214715205925,0.17275,3.8230178421271264,0.2797821316690879,0,46.816
letter,4,cells,post_footprint_off,post,footprint,off,5,50,50,1.0,10,10,0.0,1.3,26,16,221000,2.1822509842022106,0.29012050153258906,0.19842233009708737,5.189143362418073,0.24355,1.0896481182969349,0.4401418416689141,0,59.343
letter,4,cells,post_footprint_on,post,footprint,on,5,50,50,1.0,10,10,0.0,1.3,26,16,221000,1.9798158808283517,0.27984761987324963,0.23604368932038836,4.8242291661811,0.2277,1.3339145287109015,0.40530300654671336,0,60.921
letter,4,cells,post_mass_off,post,mass,off,5,50,50,1.0,10,10,0.0,1.3,26,16,221000,1.729881744624666,0.28483052937993725,0.20934466019417475,5.144650370055768,0.2379,1.7191866666501971,0.44498132856894157,0,48.264
letter,4,cells,post_mass_on,post,mass,on,5,50,50,1.0,10,10,0.0,1.3,26,16,221000,1.9009547504710291,0.2706115376403214,0.21359223300970873,4.605485328579581,0.22365,1.4291567925215618,0.39348955717855416,0,64.975
letter,4,cells,pre_none_off,pre,none,off,5,50,50,1.0,10,10,0.0,1.3,26,16,221000,1.6329597032707126,0.2827028051985455,0.22451456310679613,4.999288098946815,0.24005,1.8748098627078829,0.4431639245508355,0,50.068
letter,4,cells,pre_none_on,pre,none,on,5,50,50,1.0,10,10,0.0,1.3,26,16,221000,1.4751652272621325,0.2282414165987316,0.19162045594577942,3.364441259342119,0.1693,2.384886707387814,0.27547700471395276,0,50.944
letter,4,cells,pre_footprint_off,pre,footprint,off,5,50,50,1.0,10,10,0.0,1.3,26,16,221000,2.0988319250123717,0.28427411459437063,0.23300970873786409,5.349849168206515,0.2518,1.2144683877106661,0.44402073240263007,0,59.592
letter,4,cells,pre_footprint_on,pre,footprint,on,5,50,50,1.0,10,10,0.0,1.3,26,16,221000,2.2880681181025615,0.2911179608301217,0.24481865284974094,5.209459450985904,0.2469,1.0504397621885915,0.4259621521590605,0,59.411
letter,4,cells,pre_mass_off,pre,mass,off,5,50,50,1.0,10,10,0.0,1.3,26,16,221000,2.082899521975391,0.29562296511721786,0.23179611650485438,5.275233677508438,0.2546,1.2159201673560396,0.4329080631856514,0,48.792
letter,4,cells,pre_mass_on,pre,mass,on,5,50,50,1.0,10,10,0.0,1.3,26,16,221000,2.050141676073071,0.28376987648352514,0.21177184466019416,5.035291787440943,0.2376,1.2980191668427412,0.4018744044188051,0,48.141
letter,4,cells,post_fpmask_off,post,fpmask,off,5,50,50,1.0,10,10,0.0,1.3,26,16,221000,1.6934014789535279,0.23880391689320707,0.20388349514563106,5.068995221814757,0.20485,1.7676733417351718,0.4962497475869642,0,60.569
letter,4,cells,post_massmask_off,post,massmask,off,5,50,50,1.0,10,10,0.0,1.3,26,16,221000,1.6472776322696758,0.23414719949562207,0.1941747572815534,5.087367941660807,0.19735,1.874819863674827,0.5059585590735449,0,48.815
letter,4,cells,pre_fpmask_off,pre,fpmask,off,5,50,50,1.0,10,10,0.0,1.3,26,16,221000,1.5972458487031937,0.27720945033544886,0.22512135922330098,5.0126459412428925,0.2314,1.9648232746858671,0.4411941992735546,0,58.917
letter,4,cells,pre_massmask_off,pre,massmask,off,5,50,50,1.0,10,10,0.0,1.3,26,16,221000,1.5957488605776635,0.27678140396976025,0.22451456310679613,5.008763447976786,0.2314,1.9669867546957243,0.44248623195651116,0,47.817
letter,5,cells,post_none_off,post,none,off,5,50,50,1.0,10,10,0.0,1.3,26,16,221000,1.7245707407035784,0.24930909418742436,0.20388349514563106,5.150082814426091,0.21005,1.7316183746896396,0.5236993426051694,0,48.217
letter,5,cells,post_none_on,post,none,on,5,50,50,1.0,10,10,0.0,1.3,26,16,221000,1.3215712657833756,0.23851528119991522,0.1977818853974122,3.359187871973308,0.1746,3.015526147753389,0.27160964434123586,0,47.689
letter,5,cells,post_footprint_off,post,footprint,off,5,50,50,1.0,10,10,0.0,1.3,26,16,221000,1.890826940839265,0.2829011327766843,0.22330097087378642,5.091143474653465,0.2469,1.4240058485479052,0.44148784358737486,0,61.171
letter,5,cells,post_footprint_on,post,footprint,on,5,50,50,1.0,10,10,0.0,1.3,26,16,221000,1.815485847390278,0.27246127241040796,0.25606796116504854,4.684039940628496,0.2251,1.556563988773081,0.3929625058407225,0,61.522
letter,5,cells,post_mass_off,post,mass,off,5,50,50,1.0,10,10,0.0,1.3,26,16,221000,2.0873519841277584,0.27992917177177207,0.22997572815533981,5.08670030386645,0.24635,1.167467427880883,0.44377071799206425,0,55.407
letter,5,cells,post_mass_on,post,mass,on,5,50,50,1.0,10,10,0.0,1.3,26,16,221000,1.9085114455328696,0.27470566340735664,0.24738154613466334,4.520255757756937,0.2281,1.397881653228523,0.37882171361790395,0,59.443
letter,5,cells,pre_none_off,pre,none,off,5,50,50,1.0,10,10,0.0,1.3,26,16,221000,1.9567645008765444,0.275991939756484,0.20024271844660194,5.020409207769764,0.23775,1.3111790323569257,0.4365072909072942,0,49.705
letter,5,cells,pre_none_on,pre,none,on,5,50,50,1.0,10,10,0.0,1.3,26,16,221000,1.6102538616145567,0.2407418794561916,0.20947630922693267,3.356595112278855,0.17445,1.9900073376863816,0.2699906140665194,0,48.975
letter,5,cells,pre_footprint_off,pre,footprint,off,5,50,50,1.0,10,10,0.0,1.3,26,16,221000,1.9889365785931765,0.29310152106893766,0.233550979407333,5.263845144621042,0.25725,1.330642022177475,0.4308550701502368,0,60.157
letter,5,cells,pre_footprint_on,pre,footprint,on,5,50,50,1.0,10,10,0.0,1.3,26,16,221000,2.06842819245961,0.275742234165118,0.23604368932038836,4.962392371376631,0.23265,1.246623389785629,0.40008283769693304,0,60.362
letter,5,cells,pre_mass_off,pre,mass,off,5,50,50,1.0,10,10,0.0,1.3,26,16,221000,2.068850754423164,0.2917987134294574,0.2354368932038835,5.2585026400956085,0.25485,1.2285809363170133,0.43030971056541134,0,49.42
letter,5,cells,pre_mass_on,pre,mass,on,5,50,50,1.0,10,10,0.0,1.3,26,16,221000,2.0127679091168176,0.2781929556036543,0.23483009708737865,4.865392150460193,0.22665,1.3123862620760536,0.3907965460112059,0,48.798
letter,5,cells,post_fpmask_off,post,fpmask,off,5,50,50,1.0,10,10,0.0,1.3,26,16,221000,1.7788698757701389,0.27067367857893215,0.2220873786407767,5.0748416419447,0.21845,1.603740635896886,0.4868545577644189,0,59.723
letter,5,cells,post_massmask_off,post,massmask,off,5,50,50,1.0,10,10,0.0,1.3,26,16,221000,1.5069465979063863,0.26283469382084856,0.20024271844660194,5.089334769797909,0.217,2.241120944808283,0.49444796667585805,0,47.968
letter,5,cells,pre_fpmask_off,pre,fpmask,off,5,50,50,1.0,10,10,0.0,1.3,26,16,221000,1.9562907882495757,0.2735958904993939,0.20752427184466019,5.042048069066091,0.23745,1.317468262323751,0.4301282981541782,0,59.925
letter,5,cells,pre_massmask_off,pre,massmask,off,5,50,50,1.0,10,10,0.0,1.3,26,16,221000,1.9577736402761998,0.2724192161499517,0.20024271844660194,5.032300010374408,0.2354,1.3129299969043005,0.4333329545497675,0,48.774
letter,6,cells,post_none_off,post,none,off,5,50,50,1.0,10,10,0.0,1.3,26,16,221000,1.5571268290432159,0.26181796629523746,0.18810679611650485,5.13875535521401,0.21375,2.1193855412716216,0.5182967958340212,0,46.91
letter,6,cells,post_none_on,post,none,on,5,50,50,1.0,10,10,0.0,1.3,26,16,221000,1.046977744843444,0.23531687402701804,0.19100431300061615,3.369492429848057,0.17115,4.8505497321609345,0.27747624139889043,0,47.988
letter,6,cells,post_footprint_off,post,footprint,off,5,50,50,1.0,10,10,0.0,1.3,26,16,221000,1.621816305479481,0.296924450406927,0.24811652435961828,5.0382846480289665,0.2696,1.9154877342211518,0.4409426330951311,0,59.524
letter,6,cells,post_footprint_on,post,footprint,on,5,50,50,1.0,10,10,0.0,1.3,26,16,221000,1.8152096228969061,0.27590812413293586,0.24757281553398058,4.649465460973564,0.2417,1.537398228952504,0.4004592168817877,0,58.39
letter,6,cells,post_mass_off,post,mass,off,5,50,50,1.0,10,10,0.0,1.3,26,16,221000,1.8774443280477464,0.29002582908036584,0.24008036162732296,5.048512775923076,0.25685,1.4322846060131245,0.43690380182028954,0,46.152
letter,6,cells,post_mass_on,post,mass,on,5,50,50,1.0,10,10,0.0,1.3,26,16,221000,1.6297268991662057,0.265128860284533,0.216626213592233,4.539991097906844,0.23805,1.912614136814465,0.39207213717494915,0,45.036
letter,6,cells,pre_none_off,pre,none,off,5,50,50,1.0,10,10,0.0,1.3,26,16,221000,1.8628177102584869,0.27030414553645243,0.20145631067961164,5.020219165499236,0.23965,1.4467115906262902,0.45029432039152106,0,45.265
letter,6,cells,pre_none_on,pre,none,on,5,50,50,1.0,10,10,0.0,1.3,26,16,221000,1.4323978161926991,0.234085593116281,0.20209488601355516,3.3832149199850194,0.1728,2.497835623990128,0.27922049799567233,0,45.846
letter,6,cells,pre_footprint_off,pre,footprint,off,5,50,50,1.0,10,10,0.0,1.3,26,16,221000,2.1042732607875623,0.30669592379976923,0.23725728155339806,5.19752514527785,0.2782,1.1737951910308098,0.42777240907829783,0,58.34
letter,6,cells,pre_footprint_on,pre,footprint,on,5,50,50,1.0,10,10,0.0,1.3,26,16,221000,2.084371449541899,0.28902105991577576,0.18992718446601942,4.984152365277393,0.25745,1.2237898982700097,0.4147765552179126,0,56.448
letter,6,cells,pre_mass_off,pre,mass,off,5,50,50,1.0,10,10,0.0,1.3,26,16,221000,1.826633801301251,0.30268409013171904,0.22702159718734305,5.192470986162023,0.26885,1.5562203811017823,0.43213814052819227,0,44.78
letter,6,cells,pre_mass_on,pre,mass,on,5,50,50,1.0,10,10,0.0,1.3,26,16,221000,1.8711407207996955,0.27686052640129855,0.24861878453038674,4.781186330735723,0.2417,1.4848473394157808,0.38241308627597287,0,42.14
letter,6,cells,post_fpmask_off,post,fpmask,off,5,50,50,1.0,10,10,0.0,1.3,26,16,221000,1.6250034665894144,0.270594823734952,0.20570388349514562,5.041289089680949,0.22715,1.9091190838263608,0.48435633335667566,0,54.236
letter,6,cells,post_massmask_off,post,massmask,off,5,50,50,1.0,10,10,0.0,1.3,26,16,221000,1.5270402561477134,0.26253457537613045,0.18689320388349515,5.08989381660883,0.21695,2.1827688631489504,0.5000376027183855,0,41.754
letter,6,cells,pre_fpmask_off,pre,fpmask,off,5,50,50,1.0,10,10,0.0,1.3,26,16,221000,1.8988742870576807,0.26139171236194325,0.19963592233009708,5.038909042354757,0.23365,1.3974751422933516,0.44375359847962015,0,51.664
letter,6,cells,pre_massmask_off,pre,massmask,off,5,50,50,1.0,10,10,0.0,1.3,26,16,221000,1.851184779283016,0.26880134208869466,0.20631067961165048,5.0295682981585985,0.23755,1.4676792977874726,0.44764560813144877,0,39.622
letter,7,cells,post_none_off,post,none,off,5,50,50,1.0,10,10,0.0,1.3,26,16,221000,1.433577587290205,0.2549613129338619,0.2275485436893204,5.165405486622377,0.20615,2.5134023359458366,0.5277814493355031,0,48.325
letter,7,cells,post_none_on,post,none,on,5,50,50,1.0,10,10,0.0,1.3,26,16,221000,1.1072532976159775,0.23523224063596243,0.18052988293284042,3.3703388255552564,0.17365,4.383853699869807,0.27735084426267387,0,47.879
letter,7,cells,post_footprint_off,post,footprint,off,5,50,50,1.0,10,10,0.0,1.3,26,16,221000,1.7631543198646693,0.2708835189924578,0.22953289804118535,5.199156400937256,0.2377,1.672446488501354,0.4570526637048341,0,60.332
letter,7,cells,post_footprint_on,post,footprint,on,5,50,50,1.0,10,10,0.0,1.3,26,16,221000,1.6910228902214242,0.2647789610493703,0.23847087378640777,4.895173234475019,0.229,1.8552663628374262,0.42046171466571397,0,58.642
letter,7,cells,post_mass_off,post,mass,off,5,50,50,1.0,10,10,0.0,1.3,26,16,221000,1.6622687736389112,0.2780067656953898,0.23505775991963837,5.2086609343043335,0.23855,1.8850531252586324,0.4590485057964356,0,45.995
letter,7,cells,post_mass_on,post,mass,on,5,50,50,1.0,10,10,0.0,1.3,26,16,221000,1.5739591647454392,0.26497308276857967,0.24904458598726115,4.652446441028978,0.2286,2.1185262729958594,0.4130727156309096,0,46.481
letter,7,cells,pre_none_off,pre,none,off,5,50,50,1.0,10,10,0.0,1.3,26,16,221000,1.7117647290608817,0.28261055134690344,0.2178398058252427,5.023243454744748,0.24125,1.7143365325239817,0.44853773685946163,0,46.026
letter,7,cells,pre_none_on,pre,none,on,5,50,50,1.0,10,10,0.0,1.3,26,16,221000,1.1852428636043635,0.22952709452483666,0.18052988293284042,3.3766221552943256,0.1675,3.6891693474309486,0.2788555151949621,0,46.862
letter,7,cells,pre_footprint_off,pre,footprint,off,5,50,50,1.0,10,10,0.0,1.3,26,16,221000,1.9573054843769278,0.27714957106003774,0.20752427184466019,5.429210693413368,0.24355,1.4171619061393526,0.46273261126747356,0,57.91
letter,7,cells,pre_footprint_on,pre,footprint,on,5,50,50,1.0,10,10,0.0,1.3,26,16,221000,1.40502766686547,0.2840702411095867,0.25,5.224400532190247,0.2289,2.8142845761838697,0.4410387402013257,0,57.974
letter,7,cells,pre_mass_off,pre,mass,off,5,50,50,1.0,10,10,0.0,1.3,26,16,221000,1.9688939243026256,0.2984688872681203,0.2512135922330097,5.42699074539148,0.2534,1.3999561842048094,0.45201248249796844,0,43.302
letter,7,cells,pre_mass_on,pre,mass,on,5,50,50,1.0,10,10,0.0,1.3,26,16,221000,1.666433903306459,0.28361177448289915,0.24271844660194175,5.138854161259965,0.2283,2.0012004031188946,0.42306975350618,0,42.621
letter,7,cells,post_fpmask_off,post,fpmask,off,5,50,50,1.0,10,10,0.0,1.3,26,16,221000,1.54937019086647,0.25168337751493325,0.2250125565042692,5.106612370343384,0.216,2.127269438118058,0.49063187532358726,0,53.302
letter,7,cells,post_massmask_off,post,massmask,off,5,50,50,1.0,10,10,0.0,1.3,26,16,221000,1.4613670852793414,0.27355206661611864,0.2408980582524272,5.133644225996994,0.2263,2.4038486752996127,0.5128303421305165,0,41.249
letter,7,cells,pre_fpmask_off,pre,fpmask,off,5,50,50,1.0,10,10,0.0,1.3,26,16,221000,1.6789471931733961,0.28290197091320357,0.22390776699029127,5.071323554419381,0.24285,1.7990666221150253,0.4321657595939239,0,52.1
letter,7,cells,pre_massmask_off,pre,massmask,off,5,50,50,1.0,10,10,0.0,1.3,26,16,221000,1.7683571592484064,0.28476141866781546,0.21055825242718446,5.054056744830958,0.24175,1.616218760742772,0.4404221794675115,0,38.685
letter,8,cells,post_none_off,post,none,off,5,50,50,1.0,10,10,0.0,1.3,26,16,221000,1.636453173113163,0.26541397658565113,0.21419902912621358,5.178813225890593,0.2135,1.9338513294909259,0.5354076208504611,0,49.157
letter,8,cells,post_none_on,post,none,on,5,50,50,1.0,10,10,0.0,1.3,26,16,221000,0.9823693526557514,0.2379656693330856,0.19285274183610598,3.35900277531144,0.1803,5.489504882595265,0.2758498260456645,0,46.773
letter,8,cells,post_footprint_off,post,footprint,off,5,50,50,1.0,10,10,0.0,1.3,26,16,221000,1.7459115077264469,0.2896317157130405,0.22694174757281554,5.103299277274016,0.25265,1.6741970900627012,0.4380933788389821,0,58.544
letter,8,cells,post_footprint_on,post,footprint,on,5,50,50,1.0,10,10,0.0,1.3,26,16,221000,1.8867826834030557,0.27204806755327987,0.22269417475728157,4.7104219526635305,0.22765,1.4403921246459195,0.3954757146770921,0,59.791
letter,8,cells,post_mass_off,post,mass,off,5,50,50,1.0,10,10,0.0,1.3,26,16,221000,1.811241973682591,0.28343023421565156,0.22997572815533981,5.079604554072752,0.2467,1.548377871362197,0.44108851935677496,0,46.357
letter,8,cells,post_mass_on,post,mass,on,5,50,50,1.0,10,10,0.0,1.3,26,16,221000,1.7688574503681513,0.26469030477872524,0.22694174757281554,4.548745526837872,0.22255,1.6351203614998226,0.38480559951858717,0,46.633
letter,8,cells,pre_none_off,pre,none,off,5,50,50,1.0,10,10,0.0,1.3,26,16,221000,1.8430186653891247,0.2871424181167354,0.24696601941747573,5.0065184914707235,0.25205,1.4739282992649605,0.44293552909730755,0,46.447
letter,8,cells,pre_none_on,pre,none,on,5,50,50,1.0,10,10,0.0,1.3,26,16,221000,1.2355350679072992,0.23772031331980545,0.1891558841651263,3.356000072211197,0.1751,3.371502044988437,0.2744378495889213,0,46.869
letter,8,cells,pre_footprint_off,pre,footprint,off,5,50,50,1.0,10,10,0.0,1.3,26,16,221000,1.7843142498191957,0.303289493322659,0.22330097087378642,5.316179055166003,0.2641,1.669770993359226,0.4293179248461562,0,58.392
letter,8,cells,pre_footprint_on,pre,footprint,on,5,50,50,1.0,10,10,0.0,1.3,26,16,221000,2.108550097077572,0.2741855002510425,0.2154126213592233,4.987417290295279,0.22755,1.2056843557353334,0.3992219217537071,0,57.733
letter,8,cells,pre_mass_off,pre,mass,off,5,50,50,1.0,10,10,0.0,1.3,26,16,221000,1.730659121593247,0.30210950763989997,0.23179611650485438,5.287836446463424,0.26085,1.765448049723521,0.42645195995641305,0,44.565
letter,8,cells,pre_mass_on,pre,mass,on,5,50,50,1.0,10,10,0.0,1.3,26,16,221000,1.9578536003416174,0.2808520495881934,0.22936893203883496,4.885178304686748,0.2356,1.399823021663352,0.38881164145825536,0,44.366
letter,8,cells,post_fpmask_off,post,fpmask,off,5,50,50,1.0,10,10,0.0,1.3,26,16,221000,1.5796861660974817,0.2629251004610157,0.21696480092325446,5.024032431244025,0.2115,2.0133107128861143,0.48364641427472166,0,53.872
letter,8,cells,post_massmask_off,post,massmask,off,5,50,50,1.0,10,10,0.0,1.3,26,16,221000,1.5506423349984584,0.26191878098569443,0.20813106796116504,5.070879463587387,0.2071,2.108919555320469,0.5100774091592606,0,40.833
letter,8,cells,pre_fpmask_off,pre,fpmask,off,5,50,50,1.0,10,10,0.0,1.3,26,16,221000,1.815056779771619,0.2841952258867325,0.24108488196885988,5.051238038545047,0.25455,1.5332656425547253,0.4252386084657367,0,51.465
letter,8,cells,pre_massmask_off,pre,massmask,off,5,50,50,1.0,10,10,0.0,1.3,26,16,221000,1.836104918929346,0.2772809519369416,0.24058262179809142,5.002562444408829,0.24615,1.4838757252335386,0.42899641612613143,0,27.745
letter,9,cells,post_none_off,post,none,off,5,50,50,1.0,10,10,0.0,1.3,26,16,221000,1.2658421134194604,0.260095205457461,0.22735141373341028,5.146483745849627,0.21915,3.2118224185398527,0.5201850585999894,0,48.488
letter,9,cells,post_none_on,post,none,on,5,50,50,1.0,10,10,0.0,1.3,26,16,221000,0.9465626986825881,0.23669023028268624,0.21811460258780038,3.3618161019284316,0.1766,5.859680923542661,0.27481620290467995,0,47.875
letter,9,cells,post_footprint_off,post,footprint,off,5,50,50,1.0,10,10,0.0,1.3,26,16,221000,1.6114704926725605,0.2842388474007338,0.24359618282270215,5.047333358414956,0.2564,1.943646470413468,0.44118088867474153,0,59.835
letter,9,cells,post_footprint_on,post,footprint,on,5,50,50,1.0,10,10,0.0,1.3,26,16,221000,1.2181139162177215,0.27086620970175923,0.21177184466019416,4.691627571846844,0.2384,3.409863696198895,0.39967612494218113,0,58.904
letter,9,cells,post_mass_off,post,mass,off,5,50,50,1.0,10,10,0.0,1.3,26,16,221000,1.7144772620255644,0.29038099633581493,0.2111650485436893,5.020896043143779,0.25125,1.7081176096096264,0.43695518292804203,0,47.397
letter,9,cells,post_mass_on,post,mass,on,5,50,50,1.0,10,10,0.0,1.3,26,16,221000,1.1606224120569084,0.27422203882509466,0.2099514563106796,4.577568118885896,0.23555,3.7472218484450797,0.39325179539795135,0,47.985
letter,9,cells,pre_none_off,pre,none,off,5,50,50,1.0,10,10,0.0,1.3,26,16,221000,1.7339564856021326,0.2868051259083398,0.20691747572815533,5.0225009589662495,0.241,1.6704890738904041,0.44786730777852174,0,46.395
letter,9,cells,pre_none_on,pre,none,on,5,50,50,1.0,10,10,0.0,1.3,26,16,221000,1.252699745807512,0.23768569013406524,0.21811460258780038,3.367225668860112,0.17725,3.292134257495956,0.27474657873794767,0,47.906
letter,9,cells,pre_footprint_off,pre,footprint,off,5,50,50,1.0,10,10,0.0,1.3,26,16,221000,1.7373406989975566,0.2995058441776831,0.24008036162732296,5.302059196977491,0.27195,1.7566069032489668,0.438961073681449,0,58.806
letter,9,cells,pre_footprint_on,pre,footprint,on,5,50,50,1.0,10,10,0.0,1.3,26,16,221000,1.977258059677953,0.28547916058749023,0.23300970873786409,5.037945398122084,0.2555,1.3722331838450248,0.4122300706039764,0,56.186
letter,9,cells,pre_mass_off,pre,mass,off,5,50,50,1.0,10,10,0.0,1.3,26,16,221000,1.6892533984872453,0.29142278714096825,0.22390776699029127,5.24247417918069,0.26365,1.8371588002683137,0.43232739875873,0,44.384
letter,9,cells,pre_mass_on,pre,mass,on,5,50,50,1.0,10,10,0.0,1.3,26,16,221000,1.7593073244558406,0.2888755500643792,0.24817961165048544,4.927680303691635,0.2462,1.7131211327085496,0.40325434649025926,0,42.763
letter,9,cells,post_fpmask_off,post,fpmask,off,5,50,50,1.0,10,10,0.0,1.3,26,16,221000,1.5468656227551938,0.2693155171432833,0.23312175418349682,5.080836355222422,0.2188,2.1233912896147165,0.4961875112175963,0,52.883
letter,9,cells,post_massmask_off,post,massmask,off,5,50,50,1.0,10,10,0.0,1.3,26,16,221000,1.5650793709876831,0.26782082851602546,0.23312175418349682,5.088892216648517,0.21925,2.0775453772059103,0.4977683126680378,0,41.74
letter,9,cells,pre_fpmask_off,pre,fpmask,off,5,50,50,1.0,10,10,0.0,1.3,26,16,221000,1.2125538591539557,0.292723701326146,0.23968446601941748,5.047299293724869,0.2497,3.432867031875271,0.442394512958182,0,45.004
letter,9,cells,pre_massmask_off,pre,massmask,off,5,50,50,1.0,10,10,0.0,1.3,26,16,221000,1.7684074253306503,0.289598081316529,0.19781553398058252,5.018863356467207,0.244,1.6048731534396588,0.4442956448472739,0,21.178
mnist784_pca32 (20c),0,cells,post_none_off,post,none,off,5,50,50,1.0,20,20,0.0,1.1,10,32,330000,2.1112493068812874,0.41317032292747297,0.31410825199645076,24.960100748866566,0.35664285714285715,5.59973266507401,0.4237617921178718,0,63.194
mnist784_pca32 (20c),0,cells,post_none_on,post,none,on,5,50,50,1.0,20,20,0.0,1.1,10,32,330000,1.5585819287961515,0.4461717095264981,0.36261461106181603,19.099492534104918,0.32434285714285715,10.4089877509827,0.13690996900018607,0,64.087
mnist784_pca32 (20c),0,cells,post_footprint_off,post,footprint,off,5,50,50,1.0,20,20,0.0,1.1,10,32,330000,2.5956596127029283,0.4610885426918422,0.3669724770642202,24.655324623538554,0.4342714285714286,3.6594451793073053,0.33023432538506375,0,74.199
mnist784_pca32 (20c),0,cells,post_footprint_on,post,footprint,on,5,50,50,1.0,20,20,0.0,1.1,10,32,330000,2.0221570724672207,0.4847250891154354,0.3448683821354629,23.025545488021695,0.29754285714285716,6.074719083698292,0.26064276003173553,0,73.534
mnist784_pca32 (20c),0,cells,post_mass_off,post,mass,off,5,50,50,1.0,20,20,0.0,1.1,10,32,330000,2.5109477657689134,0.4052607616519344,0.3731386025200458,24.648579232098747,0.35742857142857143,3.9094578441270094,0.3418371502605332,0,61.729
mnist784_pca32 (20c),0,cells,post_mass_on,post,mass,on,5,50,50,1.0,20,20,0.0,1.1,10,32,330000,2.0528109115495137,0.48117505402274113,0.43384785005512677,22.65879010023154,0.32024285714285716,5.904510485480007,0.2673178596102648,0,61.839
mnist784_pca32 (20c),0,cells,pre_none_off,pre,none,off,5,50,50,1.0,20,20,0.0,1.1,10,32,330000,2.3004396929456523,0.4773586400687935,0.39662084765177547,24.79024737527069,0.3541,4.6844559068864955,0.3361120621452211,0,62.754
mnist784_pca32 (20c),0,cells,pre_none_on,pre,none,on,5,50,50,1.0,20,20,0.0,1.1,10,32,330000,1.8402270574429955,0.45472587631529604,0.3613325740318907,19.12482199448015,0.3047285714285714,7.453059105078111,0.13717587624867858,0,62.546
mnist784_pca32 (20c),0,cells,pre_footprint_off,pre,footprint,off,5,50,50,1.0,20,20,0.0,1.1,10,32,330000,2.442036178434035,0.5040014321506049,0.41957470010905124,25.1417856865985,0.3785,4.215915840093247,0.29321214450572014,0,73.891
mnist784_pca32 (20c),0,cells,pre_footprint_on,pre,footprint,on,5,50,50,1.0,20,20,0.0,1.1,10,32,330000,2.4723566318737404,0.5483405973269277,0.4450629944330501,23.872337988859964,0.35734285714285713,4.13959330408799,0.23687404182740182,0,78.117
mnist784_pca32 (20c),0,cells,pre_mass_off,pre,mass,off,5,50,50,1.0,20,20,0.0,1.1,10,32,330000,2.4349859845634043,0.4956328868639003,0.40512540894220284,25.120437511625422,0.36925714285714284,4.236763943325263,0.29602354035477557,0,66.311
mnist784_pca32 (20c),0,cells,pre_mass_on,pre,mass,on,5,50,50,1.0,20,20,0.0,1.1,10,32,330000,2.4722259560312665,0.5524130363029723,0.4754685777287762,23.546620688882225,0.3492,4.1226741194594325,0.23264586740380158,0,65.419
mnist784_pca32 (20c),0,cells,post_fpmask_off,post,fpmask,off,5,50,50,1.0,20,20,0.0,1.1,10,32,330000,2.13792333096068,0.4027930507433394,0.3358144861150873,24.7817798871128,0.32112857142857143,5.421859282103876,0.37640905640470435,0,75.983
mnist784_pca32 (20c),0,cells,post_massmask_off,post,massmask,off,5,50,50,1.0,20,20,0.0,1.1,10,32,330000,2.165356599403303,0.4046655205554336,0.3000286286859433,24.847792298608844,0.34832857142857143,5.299427467007611,0.40298019092882376,0,64.864
mnist784_pca32 (20c),0,cells,pre_fpmask_off,pre,fpmask,off,5,50,50,1.0,20,20,0.0,1.1,10,32,330000,2.248386534977173,0.47177568242128903,0.3985823336968375,24.95242273179242,0.35664285714285715,4.935950183817576,0.3192649213459259,0,77.796
mnist784_pca32 (20c),0,cells,pre_massmask_off,pre,massmask,off,5,50,50,1.0,20,20,0.0,1.1,10,32,330000,2.2966875816497683,0.48185843622959956,0.4111079301460063,24.80690079545675,0.3508142857142857,4.702931634927525,0.33562671230459246,0,65.087
mnist784_pca32 (20c),1,cells,post_none_off,post,none,off,5,50,50,1.0,20,20,0.0,1.1,10,32,330000,1.9388635353043377,0.3985268059136483,0.3138602520045819,24.974518487234132,0.3440285714285714,6.6435871749202855,0.4151401279769957,0,62.053
mnist784_pca32 (20c),1,cells,post_none_on,post,none,on,5,50,50,1.0,20,20,0.0,1.1,10,32,330000,1.1261936775502226,0.46135087928025137,0.3509914175791654,19.126803816769936,0.2835,19.97611051842516,0.13659922041901393,0,63.563
mnist784_pca32 (20c),1,cells,post_footprint_off,post,footprint,off,5,50,50,1.0,20,20,0.0,1.1,10,32,330000,2.39927150700849,0.4885275443781743,0.4325794446034927,24.818837238103303,0.3968714285714286,4.311442892096644,0.339792668680479,0,73.547
mnist784_pca32 (20c),1,cells,post_footprint_on,post,footprint,on,5,50,50,1.0,20,20,0.0,1.1,10,32,330000,1.7537453835682988,0.5293017734118943,0.4473539140022051,23.19107693716583,0.35335714285714287,8.070511440445014,0.2571237858772769,0,73.365
mnist784_pca32 (20c),1,cells,post_mass_off,post,mass,off,5,50,50,1.0,20,20,0.0,1.1,10,32,330000,2.284396985438812,0.45498921178306073,0.36616089321500145,24.70418670063452,0.3840857142857143,4.73399073969666,0.3331800837584042,0,61.28
mnist784_pca32 (20c),1,cells,post_mass_on,post,mass,on,5,50,50,1.0,20,20,0.0,1.1,10,32,330000,1.8427636672335692,0.5343633022680121,0.4509745127436282,22.94839914914055,0.3395142857142857,7.299949037995472,0.2489803705081362,0,61.638
mnist784_pca32 (20c),1,cells,pre_none_off,pre,none,off,5,50,50,1.0,20,20,0.0,1.1,10,32,330000,2.366987272817555,0.47208249761652155,0.4032983508245877,24.72420167497685,0.3907857142857143,4.412964481429851,0.3360152637915372,0,61.606
mnist784_pca32 (20c),1,cells,pre_none_on,pre,none,on,5,50,50,1.0,20,20,0.0,1.1,10,32,330000,1.580605528417779,0.47054051972298055,0.35187925421722405,19.115145614533823,0.2826,10.087425305926509,0.13664203910090195,0,62.166
mnist784_pca32 (20c),1,cells,pre_footprint_off,pre,footprint,off,5,50,50,1.0,20,20,0.0,1.1,10,32,330000,2.7794346564516412,0.5468521756472478,0.4796030871003308,25.06369200055367,0.4115142857142857,3.244382933769384,0.2821416843385668,0,73.675
mnist784_pca32 (20c),1,cells,pre_footprint_on,pre,footprint,on,5,50,50,1.0,20,20,0.0,1.1,10,32,330000,2.062631070671601,0.49059353951640555,0.3799089356858281,23.60307999253197,0.32598571428571427,5.863677367781741,0.26078255384917753,0,77.567
mnist784_pca32 (20c),1,cells,pre_mass_off,pre,mass,off,5,50,50,1.0,20,20,0.0,1.1,10,32,330000,2.69946628252938,0.5230469659472273,0.46092184368737477,25.02425490479722,0.40108571428571427,3.4340399293502872,0.293580347172722,0,65.546
mnist784_pca32 (20c),1,cells,pre_mass_on,pre,mass,on,5,50,50,1.0,20,20,0.0,1.1,10,32,330000,2.286706728743704,0.5067064966063693,0.4478929384965831,23.67027196659596,0.34932857142857143,4.787308500965275,0.25385243798685425,0,65.405
mnist784_pca32 (20c),1,cells,post_fpmask_off,post,fpmask,off,5,50,50,1.0,20,20,0.0,1.1,10,32,330000,2.1807468654648656,0.4526756265068491,0.3581780538302277,24.727048345919687,0.36475714285714284,5.19950217424099,0.37260816253756457,0,75.189
mnist784_pca32 (20c),1,cells,post_massmask_off,post,massmask,off,5,50,50,1.0,20,20,0.0,1.1,10,32,330000,2.2873812934822184,0.4119020670827064,0.3358981947321693,24.804047145868136,0.34927142857142857,4.740732144763298,0.3809168735917795,0,64.046
mnist784_pca32 (20c),1,cells,pre_fpmask_off,pre,fpmask,off,5,50,50,1.0,20,20,0.0,1.1,10,32,330000,2.4554077925189945,0.4922607060704638,0.44059547666762094,24.70051513909226,0.3897857142857143,4.096931957245462,0.32134313060130304,0,77.716
mnist784_pca32 (20c),1,cells,pre_massmask_off,pre,massmask,off,5,50,50,1.0,20,20,0.0,1.1,10,32,330000,2.391041662025663,0.47848177178911167,0.416191904047976,24.719163541341995,0.38907142857142857,4.323739137612267,0.33501941835558763,0,65.065
mnist784_pca32 (20c),2,cells,post_none_off,post,none,off,5,50,50,1.0,20,20,0.0,1.1,10,32,330000,2.0568642880127634,0.4154648708878545,0.33982250214715143,25.124162132349568,0.3398857142857143,5.938548553429626,0.4502531187590812,0,65.176
mnist784_pca32 (20c),2,cells,post_none_on,post,none,on,5,50,50,1.0,20,20,0.0,1.1,10,32,330000,1.6465731889448265,0.4656671613711045,0.37250996015936255,19.07984679394242,0.33275714285714286,9.30866384278136,0.13561798984555984,0,63.968
mnist784_pca32 (20c),2,cells,post_footprint_off,post,footprint,off,5,50,50,1.0,20,20,0.0,1.1,10,32,330000,2.385580601099579,0.5444243688274348,0.4838798567098374,24.6030092383378,0.47027142857142856,4.3231473730329135,0.3151963749463818,0,78.463
mnist784_pca32 (20c),2,cells,post_footprint_on,post,footprint,on,5,50,50,1.0,20,20,0.0,1.1,10,32,330000,2.4398691486494575,0.4952364678244782,0.4062683069712947,23.350683595115974,0.3958857142857143,4.141092783515275,0.2875675478072013,0,79.46
mnist784_pca32 (20c),2,cells,post_mass_off,post,mass,off,5,50,50,1.0,20,20,0.0,1.1,10,32,330000,2.417230289709719,0.5322727608390273,0.4849820887296776,24.54284494215961,0.4517,4.200382576181975,0.3146914695996711,0,65.627
mnist784_pca32 (20c),2,cells,post_mass_on,post,mass,on,5,50,50,1.0,20,20,0.0,1.1,10,32,330000,1.946098616947524,0.5003508347144383,0.4134396355353075,22.96385032588443,0.37194285714285713,6.534287462120994,0.26641836650651723,0,62.956
mnist784_pca32 (20c),2,cells,pre_none_off,pre,none,off,5,50,50,1.0,20,20,0.0,1.1,10,32,330000,2.31349672892591,0.4831827012221693,0.4091039221299742,24.706900885026744,0.3735142857142857,4.616156173695882,0.3585583764751999,0,63.589
mnist784_pca32 (20c),2,cells,pre_none_on,pre,none,on,5,50,50,1.0,20,20,0.0,1.1,10,32,330000,1.8574162836856623,0.4654120642936369,0.371371656232214,19.101285581669273,0.3187142857142857,7.301960081939892,0.13748886420527562,0,64.287
mnist784_pca32 (20c),2,cells,pre_footprint_off,pre,footprint,off,5,50,50,1.0,20,20,0.0,1.1,10,32,330000,2.814510546425763,0.5387086012973976,0.47665990142070164,25.04303027322933,0.3827285714285714,3.1614121479214634,0.3118232226754432,0,76.359
mnist784_pca32 (20c),2,cells,pre_footprint_on,pre,footprint,on,5,50,50,1.0,20,20,0.0,1.1,10,32,330000,2.263061645821456,0.5377366164878158,0.41400527395253445,23.67917964526176,0.3642714285714286,4.890146659244748,0.2785682420831487,0,74.858
mnist784_pca32 (20c),2,cells,pre_mass_off,pre,mass,off,5,50,50,1.0,20,20,0.0,1.1,10,32,330000,2.818230637323305,0.5071189370714442,0.44931662870159456,24.972610707341723,0.37911428571428574,3.1442052127527633,0.3197089721302525,0,64.873
mnist784_pca32 (20c),2,cells,pre_mass_on,pre,mass,on,5,50,50,1.0,20,20,0.0,1.1,10,32,330000,2.3430819156892597,0.5196225091866626,0.38740629685157424,23.611601529121344,0.34804285714285715,4.584628047259463,0.27572005974516356,0,64.939
mnist784_pca32 (20c),2,cells,post_fpmask_off,post,fpmask,off,5,50,50,1.0,20,20,0.0,1.1,10,32,330000,1.9879123704454476,0.4321762153334925,0.3850074962518741,24.998827241378482,0.35505714285714285,6.32594137418949,0.42218917200205447,0,75.52
mnist784_pca32 (20c),2,cells,post_massmask_off,post,massmask,off,5,50,50,1.0,20,20,0.0,1.1,10,32,330000,1.9720628789446941,0.40864686540009887,0.3681454946266189,25.05308459866433,0.3525285714285714,6.441984691371105,0.4323281338788816,0,70.52
mnist784_pca32 (20c),2,cells,pre_fpmask_off,pre,fpmask,off,5,50,50,1.0,20,20,0.0,1.1,10,32,330000,2.3080686030150703,0.5324562386870929,0.45004294302891495,24.677483955380893,0.4163857142857143,4.632372253774021,0.338543989460312,0,87.187
mnist784_pca32 (20c),2,cells,pre_massmask_off,pre,massmask,off,5,50,50,1.0,20,20,0.0,1.1,10,32,330000,2.2850102373851833,0.5126890765515169,0.46292585170340683,24.66384578631114,0.4035714285714286,4.723723797979476,0.3504480744205071,0,65.418
mnist784_pca32 (20c),3,cells,post_none_off,post,none,off,5,50,50,1.0,20,20,0.0,1.1,10,32,330000,2.042873060250133,0.40312018304446323,0.3025732031943212,24.961284742928424,0.3553142857142857,5.981142806241294,0.41587350346039387,0,64.935
mnist784_pca32 (20c),3,cells,post_none_on,post,none,on,5,50,50,1.0,20,20,0.0,1.1,10,32,330000,1.4200224667908419,0.4586044475827863,0.3934473760510293,19.138529260190285,0.3034142857142857,12.51240947610553,0.1394297597209183,0,65.732
mnist784_pca32 (20c),3,cells,post_footprint_off,post,footprint,off,5,50,50,1.0,20,20,0.0,1.1,10,32,330000,2.6455999272890276,0.5050861267314419,0.4334527418021494,24.559827487597598,0.45781428571428573,3.5089483202817773,0.3253835803599096,0,79.469
mnist784_pca32 (20c),3,cells,post_footprint_on,post,footprint,on,5,50,50,1.0,20,20,0.0,1.1,10,32,330000,2.2730867625513818,0.4908176517842504,0.381096720859741,23.304377778878663,0.37361428571428573,4.778586203977948,0.27413863825647605,0,79.857
mnist784_pca32 (20c),3,cells,post_mass_off,post,mass,off,5,50,50,1.0,20,20,0.0,1.1,10,32,330000,2.462468781504082,0.5305553648332123,0.47657111356119075,24.549193337250465,0.4489714285714286,4.048515063523353,0.3104351562414563,0,65.307
mnist784_pca32 (20c),3,cells,post_mass_on,post,mass,on,5,50,50,1.0,20,20,0.0,1.1,10,32,330000,2.0547689225944965,0.4713423615921326,0.3620832185174979,22.70497191435443,0.3646285714285714,5.843986726430478,0.2557046759884585,0,64.522
mnist784_pca32 (20c),3,cells,pre_none_off,pre,none,off,5,50,50,1.0,20,20,0.0,1.1,10,32,330000,2.316046946217809,0.4288468268443082,0.3460514640638864,24.72777234683768,0.34945714285714286,4.609886972031932,0.3539065532205529,0,64.123
mnist784_pca32 (20c),3,cells,pre_none_on,pre,none,on,5,50,50,1.0,20,20,0.0,1.1,10,32,330000,2.1977623509539144,0.46527514967016714,0.39489707161496085,19.127625942695417,0.30788571428571426,5.238067588951921,0.1384471439430317,0,65.907
mnist784_pca32 (20c),3,cells,pre_footprint_off,pre,footprint,off,5,50,50,1.0,20,20,0.0,1.1,10,32,330000,2.514587923023249,0.5675181415354829,0.5014990460615971,25.143924376950114,0.37288571428571426,3.976485571820848,0.2847240120762701,0,77.849
mnist784_pca32 (20c),3,cells,pre_footprint_on,pre,footprint,on,5,50,50,1.0,20,20,0.0,1.1,10,32,330000,2.180649519757113,0.5713090836210497,0.3977790432801822,24.111391706784413,0.3716857142857143,5.304157738904578,0.2264160954145544,0,77.64
mnist784_pca32 (20c),3,cells,pre_mass_off,pre,mass,off,5,50,50,1.0,20,20,0.0,1.1,10,32,330000,2.48307550594843,0.5648968993083362,0.4850054525627045,25.100164534675297,0.3684142857142857,4.070958888444888,0.2919345375995562,0,66.19
mnist784_pca32 (20c),3,cells,pre_mass_on,pre,mass,on,5,50,50,1.0,20,20,0.0,1.1,10,32,330000,2.210548394488628,0.5636196725773719,0.42998897464167585,24.040290060158075,0.3410285714285714,5.179127716424768,0.23351347105054063,0,65.741
mnist784_pca32 (20c),3,cells,post_fpmask_off,post,fpmask,off,5,50,50,1.0,20,20,0.0,1.1,10,32,330000,1.9953632891242061,0.43452620222666355,0.3581780538302277,24.78913502775141,0.3893,6.226119006680404,0.3768232851432656,0,77.803
mnist784_pca32 (20c),3,cells,post_massmask_off,post,massmask,off,5,50,50,1.0,20,20,0.0,1.1,10,32,330000,2.0582591890199042,0.40896133367677817,0.3111505471753919,24.861970266511232,0.3585285714285714,5.868612262737726,0.40293566131329184,0,80.748
mnist784_pca32 (20c),3,cells,pre_fpmask_off,pre,fpmask,off,5,50,50,1.0,20,20,0.0,1.1,10,32,330000,2.2156444745488844,0.5315338563243871,0.4869109947643979,24.76970133907959,0.3731285714285714,5.045690665275446,0.32631999165076714,0,80.71
mnist784_pca32 (20c),3,cells,pre_massmask_off,pre,massmask,off,5,50,50,1.0,20,20,0.0,1.1,10,32,330000,2.3216633109311497,0.4311451584550504,0.34398107068914524,24.729677913587544,0.3490285714285714,4.587963808796308,0.3524728349893711,0,66.151
mnist784_pca32 (20c),4,cells,post_none_off,post,none,off,5,50,50,1.0,20,20,0.0,1.1,10,32,330000,2.1319000499428364,0.4069024467788359,0.31814146197099735,24.9546888547313,0.3404857142857143,5.4905832360893365,0.40675014508903473,0,69.187
mnist784_pca32 (20c),4,cells,post_none_on,post,none,on,5,50,50,1.0,20,20,0.0,1.1,10,32,330000,1.6640283000983676,0.4704333818956722,0.3601276842716193,19.051479603923497,0.33404285714285714,9.059032884583022,0.13291028932302737,0,65.04
mnist784_pca32 (20c),4,cells,post_footprint_off,post,footprint,off,5,50,50,1.0,20,20,0.0,1.1,10,32,330000,2.2687452735685993,0.4848713879840118,0.4368815592203898,24.737946687880036,0.38404285714285713,4.8060930405413895,0.3247989308086665,0,76.178
mnist784_pca32 (20c),4,cells,post_footprint_on,post,footprint,on,5,50,50,1.0,20,20,0.0,1.1,10,32,330000,1.6489274719266127,0.4947507241688295,0.3957234915055653,23.28002702557339,0.36565714285714285,9.08756864852931,0.2831459370603034,0,77.258
mnist784_pca32 (20c),4,cells,post_mass_off,post,mass,off,5,50,50,1.0,20,20,0.0,1.1,10,32,330000,2.2304877074600222,0.4867255701548345,0.4381372278864701,24.728638444380802,0.3775142857142857,4.970505246838418,0.33991131536336483,0,65.259
mnist784_pca32 (20c),4,cells,post_mass_on,post,mass,on,5,50,50,1.0,20,20,0.0,1.1,10,32,330000,2.247180428648041,0.48506539918707753,0.3966989186112692,23.164656345054002,0.3664142857142857,4.874372779683916,0.28140603372630285,0,70.525
mnist784_pca32 (20c),4,cells,pre_none_off,pre,none,off,5,50,50,1.0,20,20,0.0,1.1,10,32,330000,2.41607450417384,0.43457874328080964,0.36358431148010306,24.85866267947967,0.32774285714285717,4.258504557169101,0.3499515750609755,0,76.674
mnist784_pca32 (20c),4,cells,pre_none_on,pre,none,on,5,50,50,1.0,20,20,0.0,1.1,10,32,330000,2.0634432959447193,0.4709945765009459,0.36560364464692485,19.073392149891014,0.33684285714285717,5.973878401390429,0.13209405073207703,0,64.324
mnist784_pca32 (20c),4,cells,pre_footprint_off,pre,footprint,off,5,50,50,1.0,20,20,0.0,1.1,10,32,330000,2.8962509861383645,0.5475327667286741,0.46403968035271426,25.051501778893602,0.37555714285714287,2.986492143401206,0.2992759707495864,0,75.823
mnist784_pca32 (20c),4,cells,pre_footprint_on,pre,footprint,on,5,50,50,1.0,20,20,0.0,1.1,10,32,330000,2.6968415037805573,0.5586286165623464,0.4530173601543125,24.14248990515497,0.37807142857142856,3.4467627393976876,0.27408698818178123,0,75.82
mnist784_pca32 (20c),4,cells,pre_mass_off,pre,mass,off,5,50,50,1.0,20,20,0.0,1.1,10,32,330000,2.5180814107735663,0.5691509107431854,0.5143526654950205,24.87852714473847,0.4281142857142857,3.923603667799182,0.29893428981414266,0,64.181
mnist784_pca32 (20c),4,cells,pre_mass_on,pre,mass,on,5,50,50,1.0,20,20,0.0,1.1,10,32,330000,2.232771634641448,0.5426658646574672,0.37421741605008535,23.799069095419544,0.3734142857142857,5.011801628987551,0.2710145663323214,0,64.964
mnist784_pca32 (20c),4,cells,post_fpmask_off,post,fpmask,off,5,50,50,1.0,20,20,0.0,1.1,10,32,330000,1.997586850500448,0.44533147247089977,0.3658170914542729,24.796772127281574,0.36554285714285717,6.214179729781986,0.3885041342245195,0,75.831
mnist784_pca32 (20c),4,cells,post_massmask_off,post,massmask,off,5,50,50,1.0,20,20,0.0,1.1,10,32,330000,1.914770390486467,0.3902691645766689,0.2768427161926872,24.96140878182053,0.3289714285714286,6.808253006234028,0.40972323180608416,0,64.134
mnist784_pca32 (20c),4,cells,pre_fpmask_off,pre,fpmask,off,5,50,50,1.0,20,20,0.0,1.1,10,32,330000,2.423668069056403,0.49831406933469713,0.4228359908883827,24.806597624974014,0.36464285714285716,4.222998428444512,0.3398221912256831,0,75.201
mnist784_pca32 (20c),4,cells,pre_massmask_off,pre,massmask,off,5,50,50,1.0,20,20,0.0,1.1,10,32,330000,2.4435615288217676,0.4312669089180991,0.36902376180933294,24.7937959281102,0.33264285714285713,4.1523740114782735,0.3442424655212865,0,62.44
mnist784_pca32 (20c),5,cells,post_none_off,post,none,off,5,50,50,1.0,20,20,0.0,1.1,10,32,330000,2.161712094236284,0.3948101731494895,0.3404318249038746,24.969141248380087,0.32395714285714283,5.343279614507318,0.4119660078339264,0,65.659
mnist784_pca32 (20c),5,cells,post_none_on,post,none,on,5,50,50,1.0,20,20,0.0,1.1,10,32,330000,1.2656713163402382,0.44495333226682743,0.3690205011389522,19.1861017092199,0.3134571428571429,15.741971551917768,0.14145660721739461,0,65.56
mnist784_pca32 (20c),5,cells,post_footprint_off,post,footprint,off,5,50,50,1.0,20,20,0.0,1.1,10,32,330000,2.3646442875053078,0.480566264588352,0.4147627416520211,24.793746836061892,0.40387142857142855,4.43415146431035,0.36161839550436414,0,76.995
mnist784_pca32 (20c),5,cells,post_footprint_on,post,footprint,on,5,50,50,1.0,20,20,0.0,1.1,10,32,330000,2.450053407424557,0.4925219496753831,0.3658170914542729,23.614851033246104,0.3907857142857143,4.132989247858265,0.3112161864612727,0,77.782
mnist784_pca32 (20c),5,cells,post_mass_off,post,mass,off,5,50,50,1.0,20,20,0.0,1.1,10,32,330000,2.3681971117623797,0.4594008504618478,0.37267080745341613,24.77183671839917,0.36154285714285717,4.416950319710693,0.36536842580730633,0,67.594
mnist784_pca32 (20c),5,cells,post_mass_on,post,mass,on,5,50,50,1.0,20,20,0.0,1.1,10,32,330000,1.8700879544951383,0.48321432972854933,0.35278080697928027,22.99426076854568,0.3551,7.082170143027846,0.2812244314487795,0,81.377
mnist784_pca32 (20c),5,cells,pre_none_off,pre,none,off,5,50,50,1.0,20,20,0.0,1.1,10,32,330000,2.4708742266533745,0.4413518686426105,0.3890638419696536,24.743985973095747,0.33937142857142855,4.052923273324241,0.3668924017484848,0,67.692
mnist784_pca32 (20c),5,cells,pre_none_on,pre,none,on,5,50,50,1.0,20,20,0.0,1.1,10,32,330000,1.729158579560662,0.44963505294351525,0.3690205011389522,19.20521710692768,0.31275714285714284,8.38685362815328,0.14087742231901876,0,65.799
mnist784_pca32 (20c),5,cells,pre_footprint_off,pre,footprint,off,5,50,50,1.0,20,20,0.0,1.1,10,32,330000,2.9235094745977923,0.5982541691308485,0.4889020420242675,24.99267743876923,0.45424285714285717,2.9241777807711755,0.30763176400204484,0,76.599
mnist784_pca32 (20c),5,cells,pre_footprint_on,pre,footprint,on,5,50,50,1.0,20,20,0.0,1.1,10,32,330000,2.2900178472772628,0.5167607447280451,0.365196803788103,24.120131821399994,0.36925714285714284,4.795703177630095,0.2896691396143031,0,78.257
mnist784_pca32 (20c),5,cells,pre_mass_off,pre,mass,off,5,50,50,1.0,20,20,0.0,1.1,10,32,330000,2.85440557954102,0.5827715645092556,0.4640426161586268,24.941863661603442,0.4421,3.0612411154903887,0.311136367650046,0,65.669
mnist784_pca32 (20c),5,cells,pre_mass_on,pre,mass,on,5,50,50,1.0,20,20,0.0,1.1,10,32,330000,2.048067622917826,0.5204969180105767,0.3487133984028394,23.91278673098207,0.34995714285714286,5.9734639548555855,0.2896637624020429,0,65.502
mnist784_pca32 (20c),5,cells,post_fpmask_off,post,fpmask,off,5,50,50,1.0,20,20,0.0,1.1,10,32,330000,2.1436159806313073,0.41244791572139083,0.3536549274933412,24.771253128352143,0.3364285714285714,5.39080974963423,0.3946521732370034,0,77.043
mnist784_pca32 (20c),5,cells,post_massmask_off,post,massmask,off,5,50,50,1.0,20,20,0.0,1.1,10,32,330000,2.1023398695088815,0.40271594503559405,0.34655223438887245,24.943570628087333,0.3300571428571429,5.64355509370625,0.40572179075854187,0,65.374
mnist784_pca32 (20c),5,cells,pre_fpmask_off,pre,fpmask,off,5,50,50,1.0,20,20,0.0,1.1,10,32,330000,2.357879592403749,0.43656271344545894,0.40011597564511453,24.734341554546617,0.3345142857142857,4.44894571262168,0.33752714460844574,0,75.784
mnist784_pca32 (20c),5,cells,pre_massmask_off,pre,massmask,off,5,50,50,1.0,20,20,0.0,1.1,10,32,330000,2.4528148228737843,0.48018183697396716,0.4191343963553531,24.715873456769216,0.3567571428571429,4.1081513846507525,0.3425036459920873,0,63.121
mnist784_pca32 (20c),6,cells,post_none_off,post,none,off,5,50,50,1.0,20,20,0.0,1.1,10,32,330000,1.887965103968438,0.40802699698128986,0.3424971363115693,25.040480103132637,0.33084285714285716,7.025135831839285,0.411597605151531,0,66.465
mnist784_pca32 (20c),6,cells,post_none_on,post,none,on,5,50,50,1.0,20,20,0.0,1.1,10,32,330000,1.4058101991653604,0.46927396127994114,0.3890153671030165,19.083741985692576,0.31838571428571427,12.82507549951384,0.1365501753797589,0,65.296
mnist784_pca32 (20c),6,cells,post_footprint_off,post,footprint,off,5,50,50,1.0,20,20,0.0,1.1,10,32,330000,2.5249616884488373,0.4725106343086428,0.3917525773195876,24.836000923308625,0.42064285714285715,3.8955795876261585,0.34922395924849187,0,77.17
mnist784_pca32 (20c),6,cells,post_footprint_on,post,footprint,on,5,50,50,1.0,20,20,0.0,1.1,10,32,330000,2.1471885980433503,0.4815590534716009,0.3759248719408082,23.676635971664197,0.3943,5.390712524072265,0.3128170073405906,0,79.401
mnist784_pca32 (20c),6,cells,post_mass_off,post,mass,off,5,50,50,1.0,20,20,0.0,1.1,10,32,330000,2.3760031301954796,0.4497876505989552,0.3436426116838488,24.73111731346489,0.39467142857142856,4.380762618989554,0.35629931253928554,0,66.629
mnist784_pca32 (20c),6,cells,post_mass_on,post,mass,on,5,50,50,1.0,20,20,0.0,1.1,10,32,330000,1.6760085762557528,0.471476710933052,0.38395810363836824,23.018232040987176,0.34004285714285715,8.836626620899793,0.28410018962738753,0,82.334
mnist784_pca32 (20c),6,cells,pre_none_off,pre,none,off,5,50,50,1.0,20,20,0.0,1.1,10,32,330000,2.221222764849225,0.48906809385010924,0.4372852233676976,24.781597194084494,0.3670857142857143,5.022790474265841,0.330105778115624,0,65.147
mnist784_pca32 (20c),6,cells,pre_none_on,pre,none,on,5,50,50,1.0,20,20,0.0,1.1,10,32,330000,1.7393829256283067,0.47081549105116743,0.3901536710301651,19.097643754716838,0.3249,8.356208576716911,0.1366703432381484,0,65.564
mnist784_pca32 (20c),6,cells,pre_footprint_off,pre,footprint,off,5,50,50,1.0,20,20,0.0,1.1,10,32,330000,2.606414005248554,0.5105648908738252,0.4773613193403298,24.95614968594855,0.4018,3.6735908160301163,0.3199268394362526,0,76.688
mnist784_pca32 (20c),6,cells,pre_footprint_on,pre,footprint,on,5,50,50,1.0,20,20,0.0,1.1,10,32,330000,2.2504237237484723,0.5107174766552754,0.4080819578827547,23.968841536063593,0.36287142857142857,4.9520039729872165,0.2703790414036698,0,77.348
mnist784_pca32 (20c),6,cells,pre_mass_off,pre,mass,off,5,50,50,1.0,20,20,0.0,1.1,10,32,330000,2.843924352551027,0.496522974781051,0.4216482878699942,24.820162368787773,0.38775714285714286,3.068799664430409,0.30274075735205436,0,65.354
mnist784_pca32 (20c),6,cells,pre_mass_on,pre,mass,on,5,50,50,1.0,20,20,0.0,1.1,10,32,330000,1.417230495599074,0.5796565166104943,0.39379271070615035,23.36125190174256,0.3339857142857143,12.458931852886453,0.23304023267856497,0,63.226
mnist784_pca32 (20c),6,cells,post_fpmask_off,post,fpmask,off,5,50,50,1.0,20,20,0.0,1.1,10,32,330000,2.015795021648781,0.4087727569263957,0.347651775486827,24.797499091178345,0.33602857142857145,6.102603396525877,0.3861210439576961,0,75.637
mnist784_pca32 (20c),6,cells,post_massmask_off,post,massmask,off,5,50,50,1.0,20,20,0.0,1.1,10,32,330000,1.883966301992053,0.4136163190327159,0.35423825887743415,24.934347450234593,0.32924285714285717,7.025087632131287,0.40961569029143224,0,64.975
mnist784_pca32 (20c),6,cells,pre_fpmask_off,pre,fpmask,off,5,50,50,1.0,20,20,0.0,1.1,10,32,330000,2.316160776881923,0.4839755009690315,0.4395802098950525,24.845561925566194,0.3708,4.631390686745549,0.3229373789591111,0,74.005
mnist784_pca32 (20c),6,cells,pre_massmask_off,pre,massmask,off,5,50,50,1.0,20,20,0.0,1.1,10,32,330000,2.206211541892602,0.49139964020594695,0.45517241379310347,24.86955179588309,0.354,5.109444120171069,0.3292691361495643,0,62.914
mnist784_pca32 (20c),7,cells,post_none_off,post,none,off,5,50,50,1.0,20,20,0.0,1.1,10,32,330000,2.272532657888088,0.4018201668101581,0.3418265101631835,24.898177226021023,0.34794285714285716,4.821112744478122,0.408823708941196,0,66.558
mnist784_pca32 (20c),7,cells,post_none_on,post,none,on,5,50,50,1.0,20,20,0.0,1.1,10,32,330000,1.4540180482591152,0.4596877530891484,0.3591348890153671,19.129969915309363,0.3205142857142857,11.953615247747834,0.13694063536135004,0,65.247
mnist784_pca32 (20c),7,cells,post_footprint_off,post,footprint,off,5,50,50,1.0,20,20,0.0,1.1,10,32,330000,2.5178418961882647,0.4580121613434551,0.409316427783903,24.73508829123039,0.41018571428571426,3.901724074121472,0.33002658620283787,0,77.842
mnist784_pca32 (20c),7,cells,post_footprint_on,post,footprint,on,5,50,50,1.0,20,20,0.0,1.1,10,32,330000,2.2507408159277453,0.4984009571188606,0.4308158765159868,23.537624064027916,0.4045285714285714,4.907846240601464,0.29645419658471844,0,80.11
mnist784_pca32 (20c),7,cells,post_mass_off,post,mass,off,5,50,50,1.0,20,20,0.0,1.1,10,32,330000,2.5405780210293667,0.48371966886338685,0.4084895259095921,24.597831494110075,0.42078571428571426,3.8109368201060936,0.3336652660014649,0,67.166
mnist784_pca32 (20c),7,cells,post_mass_on,post,mass,on,5,50,50,1.0,20,20,0.0,1.1,10,32,330000,2.24061990530217,0.4805382643759078,0.38864241348713396,23.06584685061205,0.37935714285714284,4.937238252407908,0.2887392647954699,0,84.02
mnist784_pca32 (20c),7,cells,pre_none_off,pre,none,off,5,50,50,1.0,20,20,0.0,1.1,10,32,330000,2.312591711050916,0.5049763403408564,0.4010359869138495,24.84826595788333,0.36914285714285716,4.646202748853106,0.36136965817541067,0,67.963
mnist784_pca32 (20c),7,cells,pre_none_on,pre,none,on,5,50,50,1.0,20,20,0.0,1.1,10,32,330000,1.9694553502240388,0.4656134317198909,0.3591348890153671,19.206767271788134,0.3286857142857143,6.463360501927621,0.13714493782891002,0,65.686
mnist784_pca32 (20c),7,cells,pre_footprint_off,pre,footprint,off,5,50,50,1.0,20,20,0.0,1.1,10,32,330000,2.5330180372128,0.5852416025037007,0.4804299889746417,24.953306156033445,0.4675714285714286,3.8891216721531947,0.3034659998823149,0,77.087
mnist784_pca32 (20c),7,cells,pre_footprint_on,pre,footprint,on,5,50,50,1.0,20,20,0.0,1.1,10,32,330000,2.4552563696907277,0.5603345933664784,0.45507166482910694,24.138791176843615,0.3797142857142857,4.200009458585045,0.244374571319885,0,78.118
mnist784_pca32 (20c),7,cells,pre_mass_off,pre,mass,off,5,50,50,1.0,20,20,0.0,1.1,10,32,330000,2.5224982915662104,0.5716889927369793,0.5198675496688742,24.978221169117596,0.4268571428571429,3.925543056562613,0.3137557813531973,0,65.448
mnist784_pca32 (20c),7,cells,pre_mass_on,pre,mass,on,5,50,50,1.0,20,20,0.0,1.1,10,32,330000,2.3986627146612594,0.5565492132942795,0.4369037884982284,23.36632208689852,0.3978857142857143,4.356565765648771,0.244783282092853,0,65.727
mnist784_pca32 (20c),7,cells,post_fpmask_off,post,fpmask,off,5,50,50,1.0,20,20,0.0,1.1,10,32,330000,2.1983661581894083,0.4190206011736162,0.3480319621189701,24.73908102261132,0.3537142857142857,5.118980830454743,0.3740517149467501,0,77.619
mnist784_pca32 (20c),7,cells,post_massmask_off,post,massmask,off,5,50,50,1.0,20,20,0.0,1.1,10,32,330000,2.083225540169706,0.41172299560558445,0.33094760950472374,24.821350086744655,0.34027142857142856,5.719430899603253,0.39977478083317497,0,66.222
mnist784_pca32 (20c),7,cells,pre_fpmask_off,pre,fpmask,off,5,50,50,1.0,20,20,0.0,1.1,10,32,330000,2.3005118750712725,0.4981306094040602,0.41466739367502725,24.76161076099817,0.3737857142857143,4.678751007460347,0.3479661417230207,0,75.631
mnist784_pca32 (20c),7,cells,pre_massmask_off,pre,massmask,off,5,50,50,1.0,20,20,0.0,1.1,10,32,330000,2.303314136357349,0.5120921167203355,0.4180975742709185,24.841266142670143,0.3667285714285714,4.682387823012582,0.3626052037544171,0,63.857
mnist784_pca32 (20c),8,cells,post_none_off,post,none,off,5,50,50,1.0,20,20,0.0,1.1,10,32,330000,2.1071053863225857,0.4122500100413333,0.3235635519442832,24.75707732817881,0.3566142857142857,5.576052558023515,0.3897634940467374,0,66.357
mnist784_pca32 (20c),8,cells,post_none_on,post,none,on,5,50,50,1.0,20,20,0.0,1.1,10,32,330000,1.6000252026307804,0.4351219895381721,0.34900916888494526,19.200019010063595,0.31184285714285714,9.828079907063652,0.14387176807270347,0,65.517
mnist784_pca32 (20c),8,cells,post_footprint_off,post,footprint,off,5,50,50,1.0,20,20,0.0,1.1,10,32,330000,2.5809548032591367,0.43737086165069383,0.34812482107071285,24.665585336649603,0.38025714285714285,3.7028031738678453,0.3447486901902473,0,77.275
mnist784_pca32 (20c),8,cells,post_footprint_on,post,footprint,on,5,50,50,1.0,20,20,0.0,1.1,10,32,330000,2.22534961983005,0.49110799886526924,0.4439930354033662,23.38791920640053,0.37911428571428574,5.014432961581584,0.30570688275885594,0,79.498
mnist784_pca32 (20c),8,cells,post_mass_off,post,mass,off,5,50,50,1.0,20,20,0.0,1.1,10,32,330000,2.621824134184639,0.47614953997548676,0.3993701689092471,24.548428712347548,0.39317142857142856,3.5712198380185796,0.3408432800174731,0,66.754
mnist784_pca32 (20c),8,cells,post_mass_on,post,mass,on,5,50,50,1.0,20,20,0.0,1.1,10,32,330000,1.9531595639740702,0.45767724035685503,0.39293598233995586,22.749872212867885,0.35205714285714285,6.511448285890089,0.2818457764780463,0,82.686
mnist784_pca32 (20c),8,cells,pre_none_off,pre,none,off,5,50,50,1.0,20,20,0.0,1.1,10,32,330000,2.424641706887473,0.48088023800943447,0.4384127858914301,24.739411522648837,0.3975714285714286,4.208179169093282,0.3424974131195333,0,66.911
mnist784_pca32 (20c),8,cells,pre_none_on,pre,none,on,5,50,50,1.0,20,20,0.0,1.1,10,32,330000,2.0232540188075805,0.44570249810975426,0.3673469387755102,19.191357638518237,0.3222857142857143,6.175929634052738,0.14224431692964565,0,64.805
mnist784_pca32 (20c),8,cells,pre_footprint_off,pre,footprint,off,5,50,50,1.0,20,20,0.0,1.1,10,32,330000,2.965520562219457,0.5236228762468395,0.4382953536549275,25.03248299684514,0.4784285714285714,2.846440109638761,0.3549218743252686,0,76.467
mnist784_pca32 (20c),8,cells,pre_footprint_on,pre,footprint,on,5,50,50,1.0,20,20,0.0,1.1,10,32,330000,2.4251036565812116,0.551870816341784,0.46442800227660785,23.87314899823988,0.3927857142857143,4.252269005008193,0.27954967570867084,0,77.6
mnist784_pca32 (20c),8,cells,pre_mass_off,pre,mass,off,5,50,50,1.0,20,20,0.0,1.1,10,32,330000,2.7002276739137696,0.49431230022198236,0.44303048239124,24.90908994096914,0.36604285714285717,3.416308589905064,0.3098565717418406,0,65.047
mnist784_pca32 (20c),8,cells,pre_mass_on,pre,mass,on,5,50,50,1.0,20,20,0.0,1.1,10,32,330000,2.0489212907875336,0.5485020023569896,0.4317516110134739,23.311795453964994,0.33985714285714286,5.944144397119935,0.2540095777213075,0,65.033
mnist784_pca32 (20c),8,cells,post_fpmask_off,post,fpmask,off,5,50,50,1.0,20,20,0.0,1.1,10,32,330000,2.1966624059588646,0.410171967453053,0.3163087637840975,24.704524747603084,0.34915714285714283,5.119763131378653,0.3823613245858316,0,77.956
mnist784_pca32 (20c),8,cells,post_massmask_off,post,massmask,off,5,50,50,1.0,20,20,0.0,1.1,10,32,330000,2.1303988932694233,0.41213228393808865,0.3195008705745792,24.765153490271704,0.35504285714285716,5.456562931675019,0.3899733734683116,0,64.615
mnist784_pca32 (20c),8,cells,pre_fpmask_off,pre,fpmask,off,5,50,50,1.0,20,20,0.0,1.1,10,32,330000,2.49701314376631,0.4923303609050732,0.4362818590704648,24.692913588114145,0.40822857142857144,3.9603236550112775,0.32932821456351946,0,75.603
mnist784_pca32 (20c),8,cells,pre_massmask_off,pre,massmask,off,5,50,50,1.0,20,20,0.0,1.1,10,32,330000,2.424346159372644,0.4888113625380856,0.4466795260402315,24.75080434470783,0.4006142857142857,4.211143648152248,0.3387574395100481,0,64.044
mnist784_pca32 (20c),9,cells,post_none_off,post,none,off,5,50,50,1.0,20,20,0.0,1.1,10,32,330000,2.022591732367759,0.37573804813925166,0.3090216754540129,25.056639852747285,0.30375714285714284,6.125003982816215,0.43768993663722805,0,67.925
mnist784_pca32 (20c),9,cells,post_none_on,post,none,on,5,50,50,1.0,20,20,0.0,1.1,10,32,330000,1.0965860931830957,0.46306872015892997,0.35750221959159517,19.11923388206872,0.321,20.95434552047498,0.13794583210802816,0,65.64
mnist784_pca32 (20c),9,cells,post_footprint_off,post,footprint,off,5,50,50,1.0,20,20,0.0,1.1,10,32,330000,2.4169481213943174,0.5102150153944401,0.4140929535232384,24.94344321990162,0.41527142857142857,4.269939745335258,0.3698776475198565,0,76.766
mnist784_pca32 (20c),9,cells,post_footprint_on,post,footprint,on,5,50,50,1.0,20,20,0.0,1.1,10,32,330000,1.8013045023963101,0.4913513201340402,0.41047647232909146,23.611110971038258,0.3544857142857143,7.669742820645515,0.31116787745040325,0,79.075
mnist784_pca32 (20c),9,cells,post_mass_off,post,mass,off,5,50,50,1.0,20,20,0.0,1.1,10,32,330000,2.37070006320967,0.463062420372727,0.38920539730134934,24.735162261572867,0.38445714285714283,4.401103086394778,0.3488200457710478,0,67.74
mnist784_pca32 (20c),9,cells,post_mass_on,post,mass,on,5,50,50,1.0,20,20,0.0,1.1,10,32,330000,1.3981959298135822,0.4569135289205938,0.39232531500572737,22.89572865903009,0.3405,12.711216446326162,0.2902052829951065,0,83.14
mnist784_pca32 (20c),9,cells,pre_none_off,pre,none,off,5,50,50,1.0,20,20,0.0,1.1,10,32,330000,2.3690403192486076,0.504637852896775,0.45547226386806594,24.723044461157027,0.3657285714285714,4.405112920641764,0.3497498357809059,0,66.082
mnist784_pca32 (20c),9,cells,pre_none_on,pre,none,on,5,50,50,1.0,20,20,0.0,1.1,10,32,330000,1.82163716458651,0.4688376949885248,0.3586860017756733,19.10971608181677,0.3243857142857143,7.629713765996873,0.1368950805741521,0,64.614
mnist784_pca32 (20c),9,cells,pre_footprint_off,pre,footprint,off,5,50,50,1.0,20,20,0.0,1.1,10,32,330000,2.711768086240518,0.5471930710820186,0.4172832198875407,24.946958574773646,0.41394285714285717,3.3924426544532063,0.33839566201753435,0,77.477
mnist784_pca32 (20c),9,cells,pre_footprint_on,pre,footprint,on,5,50,50,1.0,20,20,0.0,1.1,10,32,330000,2.3924174497650186,0.5222298963195716,0.43568215892053974,24.089094746376315,0.39425714285714286,4.395498833102836,0.3004045145117506,0,78.611
mnist784_pca32 (20c),9,cells,pre_mass_off,pre,mass,off,5,50,50,1.0,20,20,0.0,1.1,10,32,330000,2.8131878304265925,0.47872709672325564,0.3761467889908257,25.000706157829317,0.4031571428571429,3.1590377497805555,0.3336380897651938,0,65.468
mnist784_pca32 (20c),9,cells,pre_mass_on,pre,mass,on,5,50,50,1.0,20,20,0.0,1.1,10,32,330000,2.1493998170208184,0.5023024117934034,0.42278860569715143,23.80603327453218,0.38098571428571426,5.458822300055214,0.28325877998965854,0,64.307
mnist784_pca32 (20c),9,cells,post_fpmask_off,post,fpmask,off,5,50,50,1.0,20,20,0.0,1.1,10,32,330000,2.159711602504401,0.40849829161515494,0.36302373278640493,24.908047347796295,0.3333,5.340084875157599,0.4069684403436504,0,77.247
mnist784_pca32 (20c),9,cells,post_massmask_off,post,massmask,off,5,50,50,1.0,20,20,0.0,1.1,10,32,330000,1.974001521929848,0.3815667894904733,0.2709049255441008,24.92939969008338,0.3269285714285714,6.397596630975614,0.415652434921972,0,64.968
mnist784_pca32 (20c),9,cells,pre_fpmask_off,pre,fpmask,off,5,50,50,1.0,20,20,0.0,1.1,10,32,330000,2.247978492730209,0.5155477552635381,0.4358523725834798,24.821812408316642,0.3842714285714286,4.911896254584812,0.3459390562154338,0,74.62
mnist784_pca32 (20c),9,cells,pre_massmask_off,pre,massmask,off,5,50,50,1.0,20,20,0.0,1.1,10,32,330000,2.2892923983640707,0.49790293557747356,0.44698301113063854,24.771893648164898,0.36037142857142856,4.726685150164258,0.3602299043668899,0,62.644
mnist784_pca32 (50c),0,cells,post_none_off,post,none,off,5,50,50,1.0,50,50,0.0,1.1,10,32,825000,2.0809326529531487,0.40006127220070853,0.34082668600435095,24.914935974384232,0.36645714285714287,5.753653784876746,0.43109564296709957,0,116.896
mnist784_pca32 (50c),0,cells,post_none_on,post,none,on,5,50,50,1.0,50,50,0.0,1.1,10,32,825000,1.3482633000767585,0.44206675980335775,0.32988165680473375,18.944867296340306,0.2797857142857143,13.889894452811292,0.13609868774351205,0,114.79
mnist784_pca32 (50c),0,cells,post_footprint_off,post,footprint,off,5,50,50,1.0,50,50,0.0,1.1,10,32,825000,2.6142740100364015,0.5080867212034967,0.4534803583735355,24.583093106001893,0.4434,3.596949291066412,0.3276616906048272,0,130.644
mnist784_pca32 (50c),0,cells,post_footprint_on,post,footprint,on,5,50,50,1.0,50,50,0.0,1.1,10,32,825000,2.4642146140199936,0.4918176527383373,0.3868343195266272,23.55402412560914,0.41522857142857145,4.048731917793718,0.2994664326222748,0,132.981
mnist784_pca32 (50c),0,cells,post_mass_off,post,mass,off,5,50,50,1.0,50,50,0.0,1.1,10,32,825000,2.541789097668212,0.4832462026721915,0.4203997243280496,24.51411600882223,0.4148428571428571,3.7943484541738264,0.3276694752574436,0,116.227
mnist784_pca32 (50c),0,cells,post_mass_on,post,mass,on,5,50,50,1.0,50,50,0.0,1.1,10,32,825000,2.0098198904451423,0.488143248467917,0.401423487544484,23.296041349079978,0.39277142857142855,6.082910183972973,0.28988235350067154,0,125.62
mnist784_pca32 (50c),0,cells,pre_none_off,pre,none,off,5,50,50,1.0,50,50,0.0,1.1,10,32,825000,2.25837402169921,0.5163499777184871,0.4560117302052786,24.663034306414726,0.37688571428571427,4.8356489831882,0.32688379551205954,0,119.318
mnist784_pca32 (50c),0,cells,pre_none_on,pre,none,on,5,50,50,1.0,50,50,0.0,1.1,10,32,825000,1.442618104481096,0.4438149096171984,0.3306213017751479,18.952164881602318,0.27831428571428574,12.059063802952268,0.13619666558799884,0,120.321
mnist784_pca32 (50c),0,cells,pre_footprint_off,pre,footprint,off,5,50,50,1.0,50,50,0.0,1.1,10,32,825000,2.389488216993811,0.5983653430780049,0.45652173913043476,25.295665971541645,0.44355714285714287,4.430332598283075,0.3248626800092975,0,142.822
mnist784_pca32 (50c),0,cells,pre_footprint_on,pre,footprint,on,5,50,50,1.0,50,50,0.0,1.1,10,32,825000,2.2993430394685115,0.5834623641654914,0.44868035190615835,24.17368900036847,0.4352285714285714,4.735117443627642,0.27951770786261915,0,150.424
mnist784_pca32 (50c),0,cells,pre_mass_off,pre,mass,off,5,50,50,1.0,50,50,0.0,1.1,10,32,825000,2.1060848258756764,0.5655550638364406,0.40104947526236884,25.158466655017033,0.4232714285714286,5.671950737745756,0.3240480451012603,0,134.885
mnist784_pca32 (50c),0,cells,pre_mass_on,pre,mass,on,5,50,50,1.0,50,50,0.0,1.1,10,32,825000,2.1466861907690364,0.5660865647666273,0.4133138258961229,23.501453186590478,0.42304285714285716,5.432648423164055,0.24420000754941523,0,126.93
mnist784_pca32 (50c),0,cells,post_fpmask_off,post,fpmask,off,5,50,50,1.0,50,50,0.0,1.1,10,32,825000,2.1283973169448784,0.4434527423360234,0.3645761543762922,24.82145314155515,0.3754571428571429,5.47925859531106,0.3895483363777793,0,151.259
mnist784_pca32 (50c),0,cells,post_massmask_off,post,massmask,off,5,50,50,1.0,50,50,0.0,1.1,10,32,825000,2.1659424255135766,0.4204200316100426,0.3478883321403006,25.032066818505115,0.3452142857142857,5.33584116383494,0.4190240117531501,0,132.948
mnist784_pca32 (50c),0,cells,pre_fpmask_off,pre,fpmask,off,5,50,50,1.0,50,50,0.0,1.1,10,32,825000,2.4142546672928717,0.5048351715994323,0.43443223443223444,24.60907381667065,0.4267142857142857,4.222105777871897,0.32010013573387996,0,150.897
mnist784_pca32 (50c),0,cells,pre_massmask_off,pre,massmask,off,5,50,50,1.0,50,50,0.0,1.1,10,32,825000,2.2502784571995558,0.519320972412082,0.4535232383808096,24.68034290029353,0.37684285714285715,4.873923005846424,0.3213295936833572,0,151.917
mnist784_pca32 (50c),1,cells,post_none_off,post,none,off,5,50,50,1.0,50,50,0.0,1.1,10,32,825000,2.0847374691459293,0.4035260369124781,0.3386511965192168,24.957751562462644,0.33057142857142857,5.742522601042621,0.4133501794164495,0,117.973
mnist784_pca32 (50c),1,cells,post_none_on,post,none,on,5,50,50,1.0,50,50,0.0,1.1,10,32,825000,1.4356303257796985,0.44578039733361813,0.33357988165680474,18.89427013892734,0.32467142857142856,12.208745643259618,0.13512501869807989,0,115.909
mnist784_pca32 (50c),1,cells,post_footprint_off,post,footprint,off,5,50,50,1.0,50,50,0.0,1.1,10,32,825000,2.3975994320652583,0.5334704877305709,0.4362818590704648,24.76461248680264,0.4108,4.308025670243454,0.33062746259567777,0,132.34
mnist784_pca32 (50c),1,cells,post_footprint_on,post,footprint,on,5,50,50,1.0,50,50,0.0,1.1,10,32,825000,2.233107579586433,0.45153361004875514,0.35502958579881655,23.792602043947365,0.3427428571428571,5.0112990331407605,0.31563986090205587,0,134.486
mnist784_pca32 (50c),1,cells,post_mass_off,post,mass,off,5,50,50,1.0,50,50,0.0,1.1,10,32,825000,2.606926716912761,0.4523208402818089,0.3778100072516316,24.666769627273688,0.36165714285714284,3.6295654477126345,0.3400925660287116,0,118.949
mnist784_pca32 (50c),1,cells,post_mass_on,post,mass,on,5,50,50,1.0,50,50,0.0,1.1,10,32,825000,2.1339045945850317,0.45417360512551347,0.3758052970651396,23.039383761691838,0.35684285714285713,5.4414337356577605,0.27858511017518367,0,125.433
mnist784_pca32 (50c),1,cells,pre_none_off,pre,none,off,5,50,50,1.0,50,50,0.0,1.1,10,32,825000,2.2694308626185853,0.4760621666882042,0.41517537580529706,24.716259061746808,0.35044285714285717,4.798978732413476,0.3542313348828143,0,119.485
mnist784_pca32 (50c),1,cells,pre_none_on,pre,none,on,5,50,50,1.0,50,50,0.0,1.1,10,32,825000,1.8370879529863804,0.4554153090429312,0.33505917159763315,18.90186848620761,0.3304142857142857,7.458633040185233,0.13427647440457027,0,121.626
mnist784_pca32 (50c),1,cells,pre_footprint_off,pre,footprint,off,5,50,50,1.0,50,50,0.0,1.1,10,32,825000,2.528842803491617,0.5206779322764732,0.44380816034359344,25.070920636149253,0.38025714285714285,3.9203660037899852,0.3109194988071404,0,145.184
mnist784_pca32 (50c),1,cells,pre_footprint_on,pre,footprint,on,5,50,50,1.0,50,50,0.0,1.1,10,32,825000,2.145641613112181,0.5349567478755107,0.4242867593269934,23.98597213386509,0.3754857142857143,5.460313786148614,0.26231971954035455,0,151.595
mnist784_pca32 (50c),1,cells,pre_mass_off,pre,mass,off,5,50,50,1.0,50,50,0.0,1.1,10,32,825000,2.7892108700681013,0.5315129628538188,0.46870554765291605,25.00035073227423,0.3824142857142857,3.213537730306893,0.3100217538934151,0,134.27
mnist784_pca32 (50c),1,cells,pre_mass_on,pre,mass,on,5,50,50,1.0,50,50,0.0,1.1,10,32,825000,2.586827562423828,0.5090516195739652,0.39201183431952663,24.216945959464358,0.3445,3.7735729526004174,0.2837104352782965,0,127.952
mnist784_pca32 (50c),1,cells,post_fpmask_off,post,fpmask,off,5,50,50,1.0,50,50,0.0,1.1,10,32,825000,2.1266673794664634,0.43231790574366324,0.34782608695652173,24.700130003845366,0.3595714285714286,5.461351131973109,0.3674792757305003,0,150.461
mnist784_pca32 (50c),1,cells,post_massmask_off,post,massmask,off,5,50,50,1.0,50,50,0.0,1.1,10,32,825000,2.1543398476514115,0.41153447820972083,0.3614889047959914,24.90217896242942,0.32967142857142856,5.365484208983254,0.40692121169773404,0,131.273
mnist784_pca32 (50c),1,cells,pre_fpmask_off,pre,fpmask,off,5,50,50,1.0,50,50,0.0,1.1,10,32,825000,2.456751769377377,0.4784906600494591,0.3786476868327402,24.684494009009423,0.3547142857142857,4.089796268232467,0.33921344434252243,0,148.783
mnist784_pca32 (50c),1,cells,pre_massmask_off,pre,massmask,off,5,50,50,1.0,50,50,0.0,1.1,10,32,825000,2.361391643322392,0.47384017851726656,0.39231327048585934,24.720246417411957,0.34531428571428574,4.433194151392393,0.35635564722850716,0,150.599
mnist784_pca32 (50c),2,cells,post_none_off,post,none,off,5,50,50,1.0,50,50,0.0,1.1,10,32,825000,2.1358521259471783,0.3948952433782776,0.325697924123121,24.827895708227697,0.3566285714285714,5.442488871694582,0.40344623047460126,0,116.315
mnist784_pca32 (50c),2,cells,post_none_on,post,none,on,5,50,50,1.0,50,50,0.0,1.1,10,32,825000,1.341189174498567,0.4477213031791223,0.3165680473372781,18.84997770260347,0.3198857142857143,13.992217521879995,0.1331219391025033,0,112.526
mnist784_pca32 (50c),2,cells,post_footprint_off,post,footprint,off,5,50,50,1.0,50,50,0.0,1.1,10,32,825000,2.736291792435633,0.4697168734584563,0.3977976600137646,24.602051698360786,0.39217142857142856,3.2858407495331874,0.32650874038786304,0,130.834
mnist784_pca32 (50c),2,cells,post_footprint_on,post,footprint,on,5,50,50,1.0,50,50,0.0,1.1,10,32,825000,2.248245528157449,0.4619627642710426,0.35647816750178957,23.57797670572649,0.3833,4.88554914002805,0.3260976120878911,0,132.119
mnist784_pca32 (50c),2,cells,post_mass_off,post,mass,off,5,50,50,1.0,50,50,0.0,1.1,10,32,825000,2.4031431730801476,0.43111031049349946,0.36363636363636365,24.58722911127225,0.3939285714285714,4.257457258567648,0.33745547806139964,0,114.374
mnist784_pca32 (50c),2,cells,post_mass_on,post,mass,on,5,50,50,1.0,50,50,0.0,1.1,10,32,825000,2.1280134129041195,0.4737541649403306,0.40498220640569393,23.157177474149282,0.37284285714285714,5.483718991395739,0.31600717803722267,0,125.342
mnist784_pca32 (50c),2,cells,pre_none_off,pre,none,off,5,50,50,1.0,50,50,0.0,1.1,10,32,825000,2.2490620537848196,0.45572564500019325,0.3942307692307692,24.74612994654096,0.37094285714285713,4.892202359456978,0.3617428754113456,0,118.375
mnist784_pca32 (50c),2,cells,pre_none_on,pre,none,on,5,50,50,1.0,50,50,0.0,1.1,10,32,825000,1.8541428403614129,0.45160041545591495,0.3150887573964497,18.88720389442397,0.3147857142857143,7.330367100226896,0.13318753333674604,0,119.4
mnist784_pca32 (50c),2,cells,pre_footprint_off,pre,footprint,off,5,50,50,1.0,50,50,0.0,1.1,10,32,825000,2.4675564430143764,0.5375775279726398,0.4162399414776884,24.866492835279633,0.43742857142857144,4.083949335836435,0.31157519983606907,0,143.058
mnist784_pca32 (50c),2,cells,pre_footprint_on,pre,footprint,on,5,50,50,1.0,50,50,0.0,1.1,10,32,825000,2.023791294943076,0.5347522568670139,0.3049391553328561,24.21621145730192,0.37214285714285716,6.142866019288342,0.29171099259108124,0,150.373
mnist784_pca32 (50c),2,cells,pre_mass_off,pre,mass,off,5,50,50,1.0,50,50,0.0,1.1,10,32,825000,2.5561247112631973,0.5276806411004398,0.4316020482809071,24.98344091937084,0.41932857142857144,3.8237384213298893,0.30999441588721816,0,136.173
mnist784_pca32 (50c),2,cells,pre_mass_on,pre,mass,on,5,50,50,1.0,50,50,0.0,1.1,10,32,825000,2.0944238837608826,0.5433693047205227,0.4369369369369369,23.50940197996051,0.35335714285714287,5.719695905835709,0.25798969936279154,0,129.321
mnist784_pca32 (50c),2,cells,post_fpmask_off,post,fpmask,off,5,50,50,1.0,50,50,0.0,1.1,10,32,825000,2.197093673289391,0.42420031138569464,0.3519593613933237,24.711057775570822,0.3731,5.119106785472514,0.37440180769786185,0,150.563
mnist784_pca32 (50c),2,cells,post_massmask_off,post,massmask,off,5,50,50,1.0,50,50,0.0,1.1,10,32,825000,2.1559434921969736,0.3960580719484912,0.3128698224852071,24.81020487479503,0.3551285714285714,5.337717724114825,0.39536831552818813,0,133.275
mnist784_pca32 (50c),2,cells,pre_fpmask_off,pre,fpmask,off,5,50,50,1.0,50,50,0.0,1.1,10,32,825000,2.2950038494220277,0.46460173123376597,0.35355029585798814,24.694320405845506,0.3438,4.68846029135764,0.3470146071950977,0,152.083
mnist784_pca32 (50c),2,cells,pre_massmask_off,pre,massmask,off,5,50,50,1.0,50,50,0.0,1.1,10,32,825000,2.3860962255286724,0.46458304777629505,0.41863905325443784,24.686052287269614,0.37835714285714284,4.335864853768684,0.3495998203642558,0,151.214
mnist784_pca32 (50c),3,cells,post_none_off,post,none,off,5,50,50,1.0,50,50,0.0,1.1,10,32,825000,2.3348736275009494,0.42350390891915685,0.3640319071791153,24.883074057288646,0.3601857142857143,4.564332482407451,0.39902079985055733,0,116.563
mnist784_pca32 (50c),3,cells,post_none_on,post,none,on,5,50,50,1.0,50,50,0.0,1.1,10,32,825000,1.7668847925207865,0.44974387018869194,0.33875739644970415,18.917065854335632,0.3389857142857143,8.016727337937754,0.1350222915472585,0,113.036
mnist784_pca32 (50c),3,cells,post_footprint_off,post,footprint,off,5,50,50,1.0,50,50,0.0,1.1,10,32,825000,2.422796382453785,0.5172827283516033,0.4316816816816817,24.600460230479506,0.45762857142857144,4.1909202727745765,0.32565153028287064,0,131.431
mnist784_pca32 (50c),3,cells,post_footprint_on,post,footprint,on,5,50,50,1.0,50,50,0.0,1.1,10,32,825000,2.4403082491750547,0.4654350199180131,0.33579881656804733,23.00899611392905,0.37394285714285713,4.139851748560613,0.2830897804043402,0,132.099
mnist784_pca32 (50c),3,cells,post_mass_off,post,mass,off,5,50,50,1.0,50,50,0.0,1.1,10,32,825000,2.480861301783779,0.5079554610058731,0.4144144144144144,24.657605242327282,0.41414285714285715,4.006322683406071,0.33627499202352057,0,115.7
mnist784_pca32 (50c),3,cells,post_mass_on,post,mass,on,5,50,50,1.0,50,50,0.0,1.1,10,32,825000,2.429317100927118,0.4624976892507474,0.3084319526627219,22.57699722495274,0.39221428571428574,4.189903672604361,0.2716091081841068,0,124.807
mnist784_pca32 (50c),3,cells,pre_none_off,pre,none,off,5,50,50,1.0,50,50,0.0,1.1,10,32,825000,2.4256792017532534,0.48286782238254067,0.42792792792792794,24.68207877576926,0.3968857142857143,4.194836180032069,0.34047060505985133,0,119.879
mnist784_pca32 (50c),3,cells,pre_none_on,pre,none,on,5,50,50,1.0,50,50,0.0,1.1,10,32,825000,2.111455045821428,0.4512933650777808,0.3328402366863905,18.94725660992674,0.33831428571428573,5.6069713766666816,0.13413285563410773,0,120.786
mnist784_pca32 (50c),3,cells,pre_footprint_off,pre,footprint,off,5,50,50,1.0,50,50,0.0,1.1,10,32,825000,2.6865221607640284,0.5519336249827635,0.4730743012951602,24.910498783076328,0.4069285714285714,3.4514498609207114,0.2906386918817874,0,142.335
mnist784_pca32 (50c),3,cells,pre_footprint_on,pre,footprint,on,5,50,50,1.0,50,50,0.0,1.1,10,32,825000,2.3828269203525325,0.5036034912904368,0.36725978647686836,23.638855520154955,0.3254142857142857,4.432610114966152,0.25855280103563677,0,147.053
mnist784_pca32 (50c),3,cells,pre_mass_off,pre,mass,off,5,50,50,1.0,50,50,0.0,1.1,10,32,825000,2.738645323700414,0.5125776026737511,0.4010152284263959,24.921893813487387,0.39775714285714286,3.322840220449023,0.29222076364402555,0,132.926
mnist784_pca32 (50c),3,cells,pre_mass_on,pre,mass,on,5,50,50,1.0,50,50,0.0,1.1,10,32,825000,2.2674775079244216,0.5312405073237515,0.4268209666439755,23.14678992358371,0.3392428571428571,4.881345263593195,0.23826367003910148,0,126.331
mnist784_pca32 (50c),3,cells,post_fpmask_off,post,fpmask,off,5,50,50,1.0,50,50,0.0,1.1,10,32,825000,2.23425995463391,0.4161590251078534,0.30851825340014316,24.777856861973145,0.34615714285714283,4.963594979124439,0.37208320550680446,0,145.14
mnist784_pca32 (50c),3,cells,post_massmask_off,post,massmask,off,5,50,50,1.0,50,50,0.0,1.1,10,32,825000,2.266901662244874,0.4087042276532083,0.31639226914817464,24.882339584094257,0.3430714285714286,4.842011883951942,0.3925757171245659,0,131.195
mnist784_pca32 (50c),3,cells,pre_fpmask_off,pre,fpmask,off,5,50,50,1.0,50,50,0.0,1.1,10,32,825000,2.393535784038314,0.4616058188225849,0.378698224852071,24.804533329738682,0.3656,4.3296342582441865,0.35472165627033486,0,149.456
mnist784_pca32 (50c),3,cells,pre_massmask_off,pre,massmask,off,5,50,50,1.0,50,50,0.0,1.1,10,32,825000,2.4111202004491914,0.49725307145347175,0.4306049822064057,24.675722461723893,0.3924,4.244554885317839,0.3473606257845113,0,149.609
mnist784_pca32 (50c),4,cells,post_none_off,post,none,off,5,50,50,1.0,50,50,0.0,1.1,10,32,825000,1.9569120442292374,0.38784624364945075,0.31281317108088763,24.928761486780363,0.35255714285714285,6.509656762867324,0.4147935743132841,0,119.024
mnist784_pca32 (50c),4,cells,post_none_on,post,none,on,5,50,50,1.0,50,50,0.0,1.1,10,32,825000,1.3977101138689487,0.4734608945943839,0.34911242603550297,18.78815435486351,0.3092285714285714,12.923612896944226,0.13150348380937832,0,115.025
mnist784_pca32 (50c),4,cells,post_footprint_off,post,footprint,off,5,50,50,1.0,50,50,0.0,1.1,10,32,825000,2.4283782063956916,0.4306514402989825,0.35354927636113026,24.788328687892225,0.3723714285714286,4.2035342748577245,0.3331355308947493,0,133.085
mnist784_pca32 (50c),4,cells,post_footprint_on,post,footprint,on,5,50,50,1.0,50,50,0.0,1.1,10,32,825000,1.9274769539631396,0.4823239742164161,0.41366366366366364,23.6543254062267,0.37194285714285713,6.64910708616771,0.29448789362357086,0,134.357
mnist784_pca32 (50c),4,cells,post_mass_off,post,mass,off,5,50,50,1.0,50,50,0.0,1.1,10,32,825000,2.3578307799136526,0.42440666893991374,0.35010337698139216,24.65397071474825,0.3571142857142857,4.434673085688717,0.3323755422054941,0,118.557
mnist784_pca32 (50c),4,cells,post_mass_on,post,mass,on,5,50,50,1.0,50,50,0.0,1.1,10,32,825000,1.7941174153219794,0.48232219443705426,0.3872659176029963,23.172743829416127,0.34972857142857144,7.65436897231949,0.27552431502618224,0,127.613
mnist784_pca32 (50c),4,cells,pre_none_off,pre,none,off,5,50,50,1.0,50,50,0.0,1.1,10,32,825000,2.4044344668904136,0.4514735768461015,0.3604060913705584,24.73672603900085,0.3439285714285714,4.278744260559043,0.33080955638396214,0,120.533
mnist784_pca32 (50c),4,cells,pre_none_on,pre,none,on,5,50,50,1.0,50,50,0.0,1.1,10,32,825000,1.854809598223471,0.4783039241534412,0.34911242603550297,18.808804475056878,0.3084,7.293981947879274,0.13064139292836088,0,122.121
mnist784_pca32 (50c),4,cells,pre_footprint_off,pre,footprint,off,5,50,50,1.0,50,50,0.0,1.1,10,32,825000,2.8678400790311125,0.5399806074344286,0.4376278118609407,24.97221471194054,0.3936,3.0363176255376767,0.29773140816042215,0,148.911
mnist784_pca32 (50c),4,cells,pre_footprint_on,pre,footprint,on,5,50,50,1.0,50,50,0.0,1.1,10,32,825000,2.064282696291393,0.5415684674092337,0.3330960854092527,23.89871143153031,0.34627142857142856,5.88632153462031,0.2455281507309791,0,154.917
mnist784_pca32 (50c),4,cells,pre_mass_off,pre,mass,off,5,50,50,1.0,50,50,0.0,1.1,10,32,825000,2.674466551645163,0.5577155332360387,0.47788252356780275,24.978972326985833,0.4223,3.492208985029984,0.2798343379591066,0,138.2
mnist784_pca32 (50c),4,cells,pre_mass_on,pre,mass,on,5,50,50,1.0,50,50,0.0,1.1,10,32,825000,1.983419910598225,0.5321012623053925,0.35561877667140823,23.67841430835959,0.33917142857142857,6.368837503164666,0.2412687855126905,0,132.325
mnist784_pca32 (50c),4,cells,post_fpmask_off,post,fpmask,off,5,50,50,1.0,50,50,0.0,1.1,10,32,825000,2.0030124351254925,0.40751941974459477,0.3415730337078652,24.83899282257814,0.3529857142857143,6.191083921316571,0.3929704625210966,0,156.866
mnist784_pca32 (50c),4,cells,post_massmask_off,post,massmask,off,5,50,50,1.0,50,50,0.0,1.1,10,32,825000,2.074184685157767,0.3977174705140957,0.3210059171597633,25.006223674357326,0.33694285714285716,5.812370165553223,0.42921135214935036,0,135.198
mnist784_pca32 (50c),4,cells,pre_fpmask_off,pre,fpmask,off,5,50,50,1.0,50,50,0.0,1.1,10,32,825000,2.4121437856029515,0.47350438374004417,0.37766714082503555,24.770876909305983,0.36064285714285715,4.2573072758739405,0.31087021469714443,0,152.718
mnist784_pca32 (50c),4,cells,pre_massmask_off,pre,massmask,off,5,50,50,1.0,50,50,0.0,1.1,10,32,825000,2.4063707689146634,0.4594843148341497,0.37128353879622916,24.724336663845126,0.3442,4.269721632407774,0.3286599277991953,0,154.84
mnist784_pca32 (50c),5,cells,post_none_off,post,none,off,5,50,50,1.0,50,50,0.0,1.1,10,32,825000,2.196826022239401,0.4129666423263408,0.3683431952662722,25.055489254907318,0.3258857142857143,5.191723549412886,0.42961439658978784,0,114.833
mnist784_pca32 (50c),5,cells,post_none_on,post,none,on,5,50,50,1.0,50,50,0.0,1.1,10,32,825000,1.4217936941998186,0.4771084329027381,0.35587188612099646,18.746265411357975,0.31185714285714283,12.462791770353604,0.13092034890032905,0,113.024
mnist784_pca32 (50c),5,cells,post_footprint_off,post,footprint,off,5,50,50,1.0,50,50,0.0,1.1,10,32,825000,2.56669874815232,0.4812279130863497,0.404047976011994,24.693216204835412,0.4084285714285714,3.748244059605365,0.3508819179719182,0,129.88
mnist784_pca32 (50c),5,cells,post_footprint_on,post,footprint,on,5,50,50,1.0,50,50,0.0,1.1,10,32,825000,2.1733546658607414,0.5024052693484632,0.3879003558718861,23.34648440613988,0.3759857142857143,5.237172847695261,0.2954419807866188,0,131.773
mnist784_pca32 (50c),5,cells,post_mass_off,post,mass,off,5,50,50,1.0,50,50,0.0,1.1,10,32,825000,2.371985258113284,0.4855060791409172,0.37228464419475654,24.645860998356834,0.3965142857142857,4.380463073143683,0.35291408916990663,0,114.493
mnist784_pca32 (50c),5,cells,post_mass_on,post,mass,on,5,50,50,1.0,50,50,0.0,1.1,10,32,825000,2.0046501528337193,0.5112004946120345,0.4185053380782918,22.849006985122557,0.35245714285714286,6.185185059950015,0.27918405584449796,0,123.572
mnist784_pca32 (50c),5,cells,pre_none_off,pre,none,off,5,50,50,1.0,50,50,0.0,1.1,10,32,825000,2.377439986458754,0.43805012804647037,0.36693255982596085,24.655512686406688,0.37044285714285713,4.362092913506013,0.34294630208811994,0,118.523
mnist784_pca32 (50c),5,cells,pre_none_on,pre,none,on,5,50,50,1.0,50,50,0.0,1.1,10,32,825000,1.8262083659716315,0.4839235243750266,0.35587188612099646,18.74002177301649,0.3228,7.5320378923942695,0.12877562377811563,0,118.983
mnist784_pca32 (50c),5,cells,pre_footprint_off,pre,footprint,off,5,50,50,1.0,50,50,0.0,1.1,10,32,825000,2.4900967626792276,0.5619581118600208,0.48826979472140764,25.098848228499072,0.3977142857142857,4.04782142770734,0.3285254076676981,0,143.264
mnist784_pca32 (50c),5,cells,pre_footprint_on,pre,footprint,on,5,50,50,1.0,50,50,0.0,1.1,10,32,825000,1.985817151758866,0.5051184059757395,0.4259126700071582,24.11127841310652,0.33512857142857144,6.411594287419584,0.2979750577716239,0,149.753
mnist784_pca32 (50c),5,cells,pre_mass_off,pre,mass,off,5,50,50,1.0,50,50,0.0,1.1,10,32,825000,2.766217905114609,0.5057921222996232,0.43558718861209966,25.014201990966257,0.35391428571428574,3.2689921395473767,0.30199136349897454,0,135.518
mnist784_pca32 (50c),5,cells,pre_mass_on,pre,mass,on,5,50,50,1.0,50,50,0.0,1.1,10,32,825000,1.9350091222827612,0.5746932727259861,0.45761543762922124,23.445771289200003,0.31715714285714286,6.726599951825615,0.2480358510057977,0,128.396
mnist784_pca32 (50c),5,cells,post_fpmask_off,post,fpmask,off,5,50,50,1.0,50,50,0.0,1.1,10,32,825000,2.0090966387441265,0.4633009425547081,0.36797153024911033,24.85777665887485,0.3447,6.158296963981266,0.4030794035271894,0,149.932
mnist784_pca32 (50c),5,cells,post_massmask_off,post,massmask,off,5,50,50,1.0,50,50,0.0,1.1,10,32,825000,2.033528827827888,0.43861028655342127,0.36983321247280637,24.979569716931607,0.3301428571428571,6.040658529100709,0.4240010346067869,0,131.154
mnist784_pca32 (50c),5,cells,pre_fpmask_off,pre,fpmask,off,5,50,50,1.0,50,50,0.0,1.1,10,32,825000,2.3976568347986826,0.45169735703966857,0.3792603335750544,24.760950740118254,0.35537142857142856,4.307182431216861,0.3322909432071864,0,149.42
mnist784_pca32 (50c),5,cells,pre_massmask_off,pre,massmask,off,5,50,50,1.0,50,50,0.0,1.1,10,32,825000,2.377613823171968,0.4441736952087797,0.3575054387237128,24.708333737172353,0.36022857142857145,4.370798895911228,0.34945061851621284,0,149.685
mnist784_pca32 (50c),6,cells,post_none_off,post,none,off,5,50,50,1.0,50,50,0.0,1.1,10,32,825000,1.9448686470487633,0.38591526163321327,0.2763063707945598,25.025479613411377,0.35022857142857144,6.61609692768726,0.43662460946939596,0,116.227
mnist784_pca32 (50c),6,cells,post_none_on,post,none,on,5,50,50,1.0,50,50,0.0,1.1,10,32,825000,1.165931189327946,0.4521445337479649,0.3291420118343195,18.753674458699802,0.31038571428571426,18.569395949831314,0.133054430405202,0,114.001
mnist784_pca32 (50c),6,cells,post_footprint_off,post,footprint,off,5,50,50,1.0,50,50,0.0,1.1,10,32,825000,2.628305153958014,0.4760374786599895,0.3950524737631184,24.54811519461471,0.44284285714285715,3.553583946213289,0.33145295715833345,0,130.825
mnist784_pca32 (50c),6,cells,post_footprint_on,post,footprint,on,5,50,50,1.0,50,50,0.0,1.1,10,32,825000,1.9642265825599878,0.5130183744093644,0.38578680203045684,23.45036094831808,0.4074714285714286,6.4278459613906325,0.2960969707649618,0,132.147
mnist784_pca32 (50c),6,cells,post_mass_off,post,mass,off,5,50,50,1.0,50,50,0.0,1.1,10,32,825000,2.4404786219245214,0.4750952118196039,0.38455772113943026,24.79546922644755,0.3831,4.163152462655111,0.3583861212094031,0,114.922
mnist784_pca32 (50c),6,cells,post_mass_on,post,mass,on,5,50,50,1.0,50,50,0.0,1.1,10,32,825000,1.4873626301846217,0.46150600311233025,0.30177514792899407,22.798933388112,0.337,11.241404289404969,0.29179062429782543,0,125.789
mnist784_pca32 (50c),6,cells,pre_none_off,pre,none,off,5,50,50,1.0,50,50,0.0,1.1,10,32,825000,2.324540995740847,0.48658451505019407,0.3994273443092341,24.74021686984923,0.3758142857142857,4.578561822049985,0.34427958948480514,0,119.35
mnist784_pca32 (50c),6,cells,pre_none_on,pre,none,on,5,50,50,1.0,50,50,0.0,1.1,10,32,825000,1.614208407329715,0.45043855724229465,0.3306213017751479,18.797339496561303,0.3111,9.638731826144557,0.1342838779633363,0,120.687
mnist784_pca32 (50c),6,cells,pre_footprint_off,pre,footprint,off,5,50,50,1.0,50,50,0.0,1.1,10,32,825000,2.7320740702309037,0.55872767690463,0.4596829772570641,24.979204031298565,0.39075714285714286,3.3465217842095756,0.29736270278015825,0,142.366
mnist784_pca32 (50c),6,cells,pre_footprint_on,pre,footprint,on,5,50,50,1.0,50,50,0.0,1.1,10,32,825000,2.131513844104284,0.4976436769909744,0.4039829302987198,24.106847471135666,0.3421142857142857,5.546415494665904,0.2824203422124295,0,147.062
mnist784_pca32 (50c),6,cells,pre_mass_off,pre,mass,off,5,50,50,1.0,50,50,0.0,1.1,10,32,825000,2.469487886187902,0.5649571811121549,0.4968986905582357,24.79857752449123,0.4296714285714286,4.066426900380732,0.29921988458872395,0,132.671
mnist784_pca32 (50c),6,cells,pre_mass_on,pre,mass,on,5,50,50,1.0,50,50,0.0,1.1,10,32,825000,2.0796810360312863,0.5195171463827338,0.42562277580071173,23.85331889742803,0.3257857142857143,5.801809052645487,0.2555439361334539,0,125.939
mnist784_pca32 (50c),6,cells,post_fpmask_off,post,fpmask,off,5,50,50,1.0,50,50,0.0,1.1,10,32,825000,2.1191060363927128,0.43218476361271235,0.34467455621301774,24.791763358271396,0.37861428571428574,5.52080033357802,0.38705175189333707,0,145.788
mnist784_pca32 (50c),6,cells,post_massmask_off,post,massmask,off,5,50,50,1.0,50,50,0.0,1.1,10,32,825000,2.0881047949129425,0.4211648980649625,0.34155184916606235,24.94565888311362,0.35435714285714287,5.721243052241427,0.41320387520944923,0,127.861
mnist784_pca32 (50c),6,cells,pre_fpmask_off,pre,fpmask,off,5,50,50,1.0,50,50,0.0,1.1,10,32,825000,2.3455033054350123,0.4717343984996655,0.376521116678597,24.723987093742554,0.3763142857142857,4.4941380574243555,0.34432764081486805,0,144.083
mnist784_pca32 (50c),6,cells,pre_massmask_off,pre,massmask,off,5,50,50,1.0,50,50,0.0,1.1,10,32,825000,2.286017165257158,0.4923982624937719,0.41346153846153844,24.71579854952921,0.37234285714285714,4.729504821600095,0.3436070028991656,0,137.648
mnist784_pca32 (50c),7,cells,post_none_off,post,none,off,5,50,50,1.0,50,50,0.0,1.1,10,32,825000,2.0404927664152503,0.38222506608950974,0.29363905325443784,24.99529657839601,0.3248,6.003274129240924,0.4284993803967068,0,116.629
mnist784_pca32 (50c),7,cells,post_none_on,post,none,on,5,50,50,1.0,50,50,0.0,1.1,10,32,825000,1.3660814550117015,0.47190508215812565,0.3683431952662722,18.80899057681362,0.3041285714285714,13.505413127477844,0.13303165427637023,0,114.9
mnist784_pca32 (50c),7,cells,post_footprint_off,post,footprint,off,5,50,50,1.0,50,50,0.0,1.1,10,32,825000,2.574413065924675,0.499254771069859,0.4087329992841804,24.64599651897379,0.4222142857142857,3.718689529231075,0.3329748650088652,0,132.371
mnist784_pca32 (50c),7,cells,post_footprint_on,post,footprint,on,5,50,50,1.0,50,50,0.0,1.1,10,32,825000,2.061514256717515,0.4890497059107907,0.351310861423221,23.820042249384016,0.37664285714285717,5.826278948354312,0.33126397856646195,0,135.179
mnist784_pca32 (50c),7,cells,post_mass_off,post,mass,off,5,50,50,1.0,50,50,0.0,1.1,10,32,825000,2.4945111976657044,0.5014836272038389,0.3890532544378698,24.663900986525906,0.4267,3.9636094269492856,0.338442454450001,0,118.14
mnist784_pca32 (50c),7,cells,post_mass_on,post,mass,on,5,50,50,1.0,50,50,0.0,1.1,10,32,825000,1.4855506889582828,0.4998759688710176,0.3838757396449704,22.80954607723194,0.35327142857142857,11.22947863666234,0.2585167938302564,0,126.514
mnist784_pca32 (50c),7,cells,pre_none_off,pre,none,off,5,50,50,1.0,50,50,0.0,1.1,10,32,825000,2.339495540889926,0.5167315053132577,0.44565217391304346,24.737990661581794,0.4022,4.519807908560491,0.34259946936926405,0,120.038
mnist784_pca32 (50c),7,cells,pre_none_on,pre,none,on,5,50,50,1.0,50,50,0.0,1.1,10,32,825000,1.8265111805621959,0.4734759827831219,0.3698224852071006,18.82242074550625,0.3087714285714286,7.522093620870425,0.13259923290838402,0,121.388
mnist784_pca32 (50c),7,cells,pre_footprint_off,pre,footprint,off,5,50,50,1.0,50,50,0.0,1.1,10,32,825000,2.8093015277154434,0.5617404738302326,0.4602720114531138,25.09213084809636,0.4260857142857143,3.1793682494391615,0.29423348102141106,0,145.699
mnist784_pca32 (50c),7,cells,pre_footprint_on,pre,footprint,on,5,50,50,1.0,50,50,0.0,1.1,10,32,825000,2.536715791193599,0.5243977235834312,0.34017595307917886,24.22087842809776,0.3717857142857143,3.923188103304784,0.2756029361844296,0,149.327
mnist784_pca32 (50c),7,cells,pre_mass_off,pre,mass,off,5,50,50,1.0,50,50,0.0,1.1,10,32,825000,2.7590276441593162,0.5471316694696341,0.4409448818897638,25.05319819062224,0.42182857142857144,3.2911757179951984,0.3024700151726506,0,135.16
mnist784_pca32 (50c),7,cells,pre_mass_on,pre,mass,on,5,50,50,1.0,50,50,0.0,1.1,10,32,825000,2.548371738017195,0.5249648923801115,0.3686471009305655,23.891691684993877,0.3756285714285714,3.866499181606599,0.269007076481388,0,128.518
mnist784_pca32 (50c),7,cells,post_fpmask_off,post,fpmask,off,5,50,50,1.0,50,50,0.0,1.1,10,32,825000,2.0367672499569576,0.40615126470355933,0.2973372781065089,24.79078182093714,0.34774285714285713,5.975956353966562,0.37613622849613093,0,150.136
mnist784_pca32 (50c),7,cells,post_massmask_off,post,massmask,off,5,50,50,1.0,50,50,0.0,1.1,10,32,825000,2.0062014250982814,0.37125127662294405,0.30029585798816566,25.02161304432024,0.3033,6.216790529435349,0.44444896017527463,0,136.639
mnist784_pca32 (50c),7,cells,pre_fpmask_off,pre,fpmask,off,5,50,50,1.0,50,50,0.0,1.1,10,32,825000,2.367761702585228,0.473858333133442,0.39642119752236754,24.714728035411753,0.3446142857142857,4.4083884130917985,0.3525848886414756,0,154.818
mnist784_pca32 (50c),7,cells,pre_massmask_off,pre,massmask,off,5,50,50,1.0,50,50,0.0,1.1,10,32,825000,2.3745567254159194,0.5234117435244523,0.45072463768115945,24.663618793218426,0.40108571428571427,4.374130154402854,0.3421485257043534,0,153.023
mnist784_pca32 (50c),8,cells,post_none_off,post,none,off,5,50,50,1.0,50,50,0.0,1.1,10,32,825000,2.105145042543236,0.3861070073181681,0.3393763596809282,24.91440403240949,0.34468571428571426,5.621943228026405,0.40625685366301495,0,117.717
mnist784_pca32 (50c),8,cells,post_none_on,post,none,on,5,50,50,1.0,50,50,0.0,1.1,10,32,825000,1.3745091226170099,0.4614432425652341,0.35355029585798814,18.917796714328542,0.2779142857142857,13.362643196394695,0.1347472708038979,0,114.696
mnist784_pca32 (50c),8,cells,post_footprint_off,post,footprint,off,5,50,50,1.0,50,50,0.0,1.1,10,32,825000,2.555960881839525,0.48649928958346783,0.40149812734082396,24.66698105098489,0.4351,3.775787936637101,0.33462365728668264,0,132.004
mnist784_pca32 (50c),8,cells,post_footprint_on,post,footprint,on,5,50,50,1.0,50,50,0.0,1.1,10,32,825000,1.6989178264413674,0.4981872276736261,0.3890532544378698,23.05935848841054,0.3130428571428571,8.628977563290327,0.25701060539137854,0,134.164
mnist784_pca32 (50c),8,cells,post_mass_off,post,mass,off,5,50,50,1.0,50,50,0.0,1.1,10,32,825000,2.2155629234829437,0.42769688408282647,0.37056213017751477,24.69785553028501,0.36237142857142857,5.0314257525414225,0.32684282960602146,0,117.493
mnist784_pca32 (50c),8,cells,post_mass_on,post,mass,on,5,50,50,1.0,50,50,0.0,1.1,10,32,825000,1.697938085163873,0.502659948919507,0.3520710059171598,22.725357478219788,0.33098571428571427,8.64325925005574,0.2567451952018146,0,126.532
mnist784_pca32 (50c),8,cells,pre_none_off,pre,none,off,5,50,50,1.0,50,50,0.0,1.1,10,32,825000,2.3054069472486716,0.41911623902797884,0.36506800286327845,24.744673797887856,0.3577714285714286,4.655716616739149,0.35195825858816326,0,118.772
mnist784_pca32 (50c),8,cells,pre_none_on,pre,none,on,5,50,50,1.0,50,50,0.0,1.1,10,32,825000,1.939788799545718,0.4652763553996459,0.3505917159763314,18.926702359435012,0.2785714285714286,6.766075348506348,0.13492732968060164,0,121.478
mnist784_pca32 (50c),8,cells,pre_footprint_off,pre,footprint,off,5,50,50,1.0,50,50,0.0,1.1,10,32,825000,2.7612638055005516,0.534131318061441,0.4751098096632504,25.13011893726885,0.3895142857142857,3.295935799292515,0.284603814474108,0,145.983
mnist784_pca32 (50c),8,cells,pre_footprint_on,pre,footprint,on,5,50,50,1.0,50,50,0.0,1.1,10,32,825000,2.1024429092463244,0.554588297587772,0.37722419928825623,24.43317143193435,0.3652142857142857,5.719574941565343,0.23919996425207024,0,152.105
mnist784_pca32 (50c),8,cells,pre_mass_off,pre,mass,off,5,50,50,1.0,50,50,0.0,1.1,10,32,825000,2.306724189386629,0.5109793893461295,0.415508412582297,25.12623626381178,0.3414857142857143,4.722109998115368,0.29512093972932757,0,135.638
mnist784_pca32 (50c),8,cells,pre_mass_on,pre,mass,on,5,50,50,1.0,50,50,0.0,1.1,10,32,825000,2.0604420628026068,0.5622445936685123,0.399288256227758,24.319514763955752,0.3683142857142857,5.9564748030642125,0.23913347351923878,0,128.475
mnist784_pca32 (50c),8,cells,post_fpmask_off,post,fpmask,off,5,50,50,1.0,50,50,0.0,1.1,10,32,825000,2.1927673046711997,0.422715292670264,0.36656891495601174,24.7784458253256,0.37232857142857145,5.153342040721302,0.3832949352282291,0,151.712
mnist784_pca32 (50c),8,cells,post_massmask_off,post,massmask,off,5,50,50,1.0,50,50,0.0,1.1,10,32,825000,2.09020219648804,0.40453390382619925,0.3593414459556192,24.934910773376583,0.3485714285714286,5.7073067995118825,0.4135055541999624,0,133.562
mnist784_pca32 (50c),8,cells,pre_fpmask_off,pre,fpmask,off,5,50,50,1.0,50,50,0.0,1.1,10,32,825000,2.4006785084798428,0.43039661375678206,0.36479400749063673,24.657154080444315,0.37811428571428574,4.278336501796742,0.3391836242554312,0,150.885
mnist784_pca32 (50c),8,cells,pre_massmask_off,pre,massmask,off,5,50,50,1.0,50,50,0.0,1.1,10,32,825000,2.3085714240175546,0.4240137539073695,0.3683431952662722,24.730749893274258,0.3605714285714286,4.64034909855362,0.34884166478870504,0,151.647
mnist784_pca32 (50c),9,cells,post_none_off,post,none,off,5,50,50,1.0,50,50,0.0,1.1,10,32,825000,2.1737027968358733,0.3872198470613315,0.3013600572655691,25.026107769922355,0.3320142857142857,5.296548849657273,0.4316325894068097,0,117.132
mnist784_pca32 (50c),9,cells,post_none_on,post,none,on,5,50,50,1.0,50,50,0.0,1.1,10,32,825000,1.2419893140484346,0.45826921685201855,0.3423487544483986,18.884563008889344,0.32145714285714283,16.37494689261027,0.13391561170976643,0,114.669
mnist784_pca32 (50c),9,cells,post_footprint_off,post,footprint,off,5,50,50,1.0,50,50,0.0,1.1,10,32,825000,2.631513164205899,0.48304885542132986,0.4002998500749625,24.551463805827858,0.44042857142857145,3.5454086247718317,0.33031789030874814,0,132.113
mnist784_pca32 (50c),9,cells,post_footprint_on,post,footprint,on,5,50,50,1.0,50,50,0.0,1.1,10,32,825000,1.9177781022440583,0.4724984456787745,0.36044107512060647,23.366395655509233,0.3448428571428571,6.7320204704663364,0.29338650318360565,0,134.007
mnist784_pca32 (50c),9,cells,post_mass_off,post,mass,off,5,50,50,1.0,50,50,0.0,1.1,10,32,825000,2.5740390918676472,0.4688035815476955,0.3693629205440229,24.546064284474557,0.4289857142857143,3.7046875921368927,0.3317189568764982,0,117.982
mnist784_pca32 (50c),9,cells,post_mass_on,post,mass,on,5,50,50,1.0,50,50,0.0,1.1,10,32,825000,1.9359754325491219,0.47166763121821587,0.37224199288256227,22.616708133198017,0.3552571428571429,6.602134543889982,0.2705654253471037,0,126.555
mnist784_pca32 (50c),9,cells,pre_none_off,pre,none,off,5,50,50,1.0,50,50,0.0,1.1,10,32,825000,2.4602990731703214,0.48464909555944863,0.3890532544378698,24.598677899517416,0.3984857142857143,4.063834002269261,0.33706433056035995,0,118.872
mnist784_pca32 (50c),9,cells,pre_none_on,pre,none,on,5,50,50,1.0,50,50,0.0,1.1,10,32,825000,1.7422829285372037,0.46194508462622363,0.3459074733096085,18.882201434754954,0.3126285714285714,8.31136066878331,0.13356600726759907,0,121.365
mnist784_pca32 (50c),9,cells,pre_footprint_off,pre,footprint,off,5,50,50,1.0,50,50,0.0,1.1,10,32,825000,2.6813309542032946,0.5174480073595759,0.4390075809786354,24.85708480197634,0.4567,3.4573977914162035,0.3098423540018091,0,147.421
mnist784_pca32 (50c),9,cells,pre_footprint_on,pre,footprint,on,5,50,50,1.0,50,50,0.0,1.1,10,32,825000,2.0664697584753413,0.5432119795376988,0.3707865168539326,24.12963210993175,0.3758142857142857,5.902054142223994,0.26168810835555145,0,157.284
mnist784_pca32 (50c),9,cells,pre_mass_off,pre,mass,off,5,50,50,1.0,50,50,0.0,1.1,10,32,825000,2.542295110075536,0.5569770993117799,0.44658855961405924,24.891192521605845,0.4555,3.8511796637509526,0.30430887609300683,0,139.585
mnist784_pca32 (50c),9,cells,pre_mass_on,pre,mass,on,5,50,50,1.0,50,50,0.0,1.1,10,32,825000,2.0844616728821745,0.5708814358405196,0.4548587181254307,23.534404240039002,0.38507142857142856,5.784566794569756,0.255883522838812,0,133.901
mnist784_pca32 (50c),9,cells,post_fpmask_off,post,fpmask,off,5,50,50,1.0,50,50,0.0,1.1,10,32,825000,2.1644298364168586,0.39446544305614334,0.31424481030780244,24.959240164293263,0.3386142857142857,5.327756111750684,0.40886439336203023,0,158.876
mnist784_pca32 (50c),9,cells,post_massmask_off,post,massmask,off,5,50,50,1.0,50,50,0.0,1.1,10,32,825000,2.1713484400430483,0.38951063709756384,0.3035075161059413,25.01345087125584,0.3306142857142857,5.305356465297701,0.4221365631855193,0,136.963
mnist784_pca32 (50c),9,cells,pre_fpmask_off,pre,fpmask,off,5,50,50,1.0,50,50,0.0,1.1,10,32,825000,2.437750184399434,0.5091645495280099,0.4223372781065089,24.707158397570208,0.4019857142857143,4.157616272246363,0.327599428211171,0,157.136
mnist784_pca32 (50c),9,cells,pre_massmask_off,pre,massmask,off,5,50,50,1.0,50,50,0.0,1.1,10,32,825000,2.4670382767099346,0.4952265323469915,0.40458579881656803,24.61360884370284,0.40125714285714287,4.044115207180206,0.335784959232861,0,159.43
