dataset,seed,method,cell,mass_point,gate,personalize,L,rounds,n_rounds,participation,n_part,n_clients,split,m,n_clusters,dim,upload_numbers,min_dist,mean_acc,worst_acc,fcm_obj,gacc,xb,hnorm,no_earlystop,runtime_s
cluster_skew_hard,10,cells,post_none_off,post,none,off,5,50,50,1.0,12,12,0.0,2.0,4,2,7200,2.2382248345380322,0.8617424242424243,0.6,7.740804126385009,0.7731060606060606,1.545178504077172,0.7659316897752465,0,0.472
cluster_skew_hard,10,cells,post_none_on,post,none,on,5,50,50,1.0,12,12,0.0,2.0,4,2,7200,1.777127022402995,0.5431818181818182,0.4318181818181818,0.43236067234315567,0.43106060606060603,3.0017757171826944,0.4981595205558998,0,0.475
cluster_skew_hard,10,cells,post_footprint_off,post,footprint,off,5,50,50,1.0,12,12,0.0,2.0,4,2,7200,8.250782207409161,1.0,1.0,1.282592537044793,1.0,0.018840761927465685,0.14785644984614532,0,1.066
cluster_skew_hard,10,cells,post_footprint_on,post,footprint,on,5,50,38,1.0,12,12,0.0,2.0,4,2,5472,8.05202247078351,1.0,1.0,1.275516207768504,1.0,0.017369277238557083,0.15841575976200176,0,0.779
cluster_skew_hard,10,cells,post_mass_off,post,mass,off,5,50,50,1.0,12,12,0.0,2.0,4,2,7200,8.15792151118153,1.0,1.0,1.581016289041076,1.0,0.02375621785480596,0.17746770466959086,0,0.439
cluster_skew_hard,10,cells,post_mass_on,post,mass,on,5,50,37,1.0,12,12,0.0,2.0,4,2,5328,8.053857488399071,1.0,1.0,1.275652771186677,1.0,0.017367993763761358,0.15842531860585926,0,0.326
cluster_skew_hard,10,cells,pre_none_off,pre,none,off,5,50,50,1.0,12,12,0.0,2.0,4,2,7200,8.427586679021323,1.0,1.0,1.2840829293008102,1.0,0.018079508361194797,0.14219429590890628,0,0.427
cluster_skew_hard,10,cells,pre_none_on,pre,none,on,5,50,50,1.0,12,12,0.0,2.0,4,2,7200,7.895910788138022,0.5901515151515151,0.5272727272727272,0.4629552178694278,0.5765151515151515,0.020089640969359314,0.47465046541525285,0,0.434
cluster_skew_hard,10,cells,pre_footprint_off,pre,footprint,off,5,50,50,1.0,12,12,0.0,2.0,4,2,7200,1.0303428990509556,0.8060606060606061,0.5409090909090909,7.137395451304934,0.6242424242424243,6.723202543560154,0.38458048761628066,0,0.984
cluster_skew_hard,10,cells,pre_footprint_on,pre,footprint,on,5,50,23,1.0,12,12,0.0,2.0,4,2,3312,0.946336402870215,0.8250000000000001,0.5227272727272727,5.920455805448379,0.6231060606060606,7.9571366438259625,0.38009243819521493,0,0.46
cluster_skew_hard,10,cells,pre_mass_off,pre,mass,off,5,50,50,1.0,12,12,0.0,2.0,4,2,7200,1.0188011254846678,0.7757575757575759,0.5409090909090909,6.994793024631237,0.6242424242424243,6.739008996528021,0.38709252365480756,0,0.44
cluster_skew_hard,10,cells,pre_mass_on,pre,mass,on,5,50,31,1.0,12,12,0.0,2.0,4,2,4464,0.9368683431480151,0.8844696969696969,0.5272727272727272,3.9852934650633096,0.6234848484848485,7.937556773272032,0.3352237483358742,0,0.279
cluster_skew_hard,10,cells,post_fpmask_off,post,fpmask,off,5,50,50,1.0,12,12,0.0,2.0,4,2,7200,0.4009431959226711,0.9204545454545454,0.6318181818181818,7.370296467981007,0.821590909090909,45.847880336369684,0.6468769129226508,0,1.034
cluster_skew_hard,10,cells,post_massmask_off,post,massmask,off,5,50,50,1.0,12,12,0.0,2.0,4,2,7200,0.804877188681019,0.8674242424242425,0.6409090909090909,7.960664082320041,0.6587121212121212,12.288250617444954,0.780429556237424,0,0.46
cluster_skew_hard,10,cells,pre_fpmask_off,pre,fpmask,off,5,50,50,1.0,12,12,0.0,2.0,4,2,7200,0.9721216293326821,0.7821969696969697,0.5409090909090909,6.798297450794899,0.6268939393939394,7.193809787832884,0.4058865943755837,0,1.005
cluster_skew_hard,10,cells,pre_massmask_off,pre,massmask,off,5,50,50,1.0,12,12,0.0,2.0,4,2,7200,8.433073009448846,1.0,1.0,1.2895080062892064,1.0,0.01813227605758649,0.14259599470494602,0,0.441
cluster_skew_hard,11,cells,post_none_off,post,none,off,5,50,50,1.0,12,12,0.0,2.0,4,2,7200,2.4582766232002586,0.9867424242424242,0.9090909090909091,8.73294337671713,0.7518939393939394,1.445104128270726,0.8323950780196803,0,0.447
cluster_skew_hard,11,cells,post_none_on,post,none,on,5,50,50,1.0,12,12,0.0,2.0,4,2,7200,1.2457054085952477,0.5662878787878788,0.45454545454545453,0.4437332085071736,0.38446969696969696,5.982306670815927,0.49589147421141994,0,0.431
cluster_skew_hard,11,cells,post_footprint_off,post,footprint,off,5,50,50,1.0,12,12,0.0,2.0,4,2,7200,6.7841121118631,1.0,1.0,1.283791087205417,1.0,0.02789384116795349,0.1491500393459188,0,1.409
cluster_skew_hard,11,cells,post_footprint_on,post,footprint,on,5,50,24,1.0,12,12,0.0,2.0,4,2,3456,7.45477615531881,1.0,1.0,1.2851475339302678,1.0,0.018911027792811078,0.1591872776322014,0,0.552
cluster_skew_hard,11,cells,post_mass_off,post,mass,off,5,50,50,1.0,12,12,0.0,2.0,4,2,7200,6.7851526028813405,1.0,1.0,1.2836722945364993,1.0,0.02788270658139474,0.14913682710771078,0,0.531
cluster_skew_hard,11,cells,post_mass_on,post,mass,on,5,50,23,1.0,12,12,0.0,2.0,4,2,3312,7.4546238381952925,1.0,1.0,1.2851706419568134,1.0,0.01891238734758052,0.15919102723768003,0,0.242
cluster_skew_hard,11,cells,pre_none_off,pre,none,off,5,50,50,1.0,12,12,0.0,2.0,4,2,7200,8.310963722920908,1.0,1.0,1.2925372338830095,1.0,0.018712865208703088,0.14201202031345941,0,0.515
cluster_skew_hard,11,cells,pre_none_on,pre,none,on,5,50,50,1.0,12,12,0.0,2.0,4,2,7200,8.453379754599412,0.6030303030303031,0.5,0.47220945858252716,0.603030303030303,0.01763754585350708,0.4461118111342758,0,0.534
cluster_skew_hard,11,cells,pre_footprint_off,pre,footprint,off,5,50,50,1.0,12,12,0.0,2.0,4,2,7200,8.370461110300976,1.0,1.0,1.3369442895884942,1.0,0.01908158932242382,0.1453180311401649,0,1.231
cluster_skew_hard,11,cells,pre_footprint_on,pre,footprint,on,5,50,24,1.0,12,12,0.0,2.0,4,2,3456,8.365143540537957,1.0,1.0,1.3461801509682811,1.0,0.01894056641786526,0.15331984718243186,0,0.566
cluster_skew_hard,11,cells,pre_mass_off,pre,mass,off,5,50,50,1.0,12,12,0.0,2.0,4,2,7200,8.370608518446458,1.0,1.0,1.337139153399412,1.0,0.019083698370239353,0.14533238433268597,0,0.528
cluster_skew_hard,11,cells,pre_mass_on,pre,mass,on,5,50,23,1.0,12,12,0.0,2.0,4,2,3312,8.365320695009983,1.0,1.0,1.3463223358785226,1.0,0.018941580704140395,0.15331891085825927,0,0.219
cluster_skew_hard,11,cells,post_fpmask_off,post,fpmask,off,5,50,50,1.0,12,12,0.0,2.0,4,2,7200,0.5649612042369898,0.9136363636363637,0.7818181818181819,4.644710734923348,0.9136363636363637,14.55195758282545,0.5325139107891832,0,1.167
cluster_skew_hard,11,cells,post_massmask_off,post,massmask,off,5,50,50,1.0,12,12,0.0,2.0,4,2,7200,0.5649612042369576,0.9136363636363637,0.7818181818181819,4.644710734923357,0.9136363636363637,14.551957582827132,0.532513910789184,0,0.468
cluster_skew_hard,11,cells,pre_fpmask_off,pre,fpmask,off,5,50,50,1.0,12,12,0.0,2.0,4,2,7200,8.329277252110076,1.0,1.0,1.2992454178723696,1.0,0.018727359907032292,0.1425188425171403,0,1.312
cluster_skew_hard,11,cells,pre_massmask_off,pre,massmask,off,5,50,50,1.0,12,12,0.0,2.0,4,2,7200,8.329277252114288,1.0,1.0,1.2992454178723158,1.0,0.018727359907012586,0.1425188425171365,0,0.574
cluster_skew_hard,12,cells,post_none_off,post,none,off,5,50,50,1.0,12,12,0.0,2.0,4,2,7200,0.8033407341898711,0.8909090909090908,0.7818181818181819,8.368340992642613,0.7496212121212121,12.967008358159415,0.8246828145292615,0,0.471
cluster_skew_hard,12,cells,post_none_on,post,none,on,5,50,50,1.0,12,12,0.0,2.0,4,2,7200,0.8068479805915245,0.568560606060606,0.43636363636363634,0.4902979755726864,0.43787878787878787,13.12709091439016,0.44062271609013315,0,0.549
cluster_skew_hard,12,cells,post_footprint_off,post,footprint,off,5,50,50,1.0,12,12,0.0,2.0,4,2,7200,7.044658101734729,1.0,1.0,1.3758012724142084,1.0,0.02772272175337969,0.15620224936203017,0,1.054
cluster_skew_hard,12,cells,post_footprint_on,post,footprint,on,5,50,26,1.0,12,12,0.0,2.0,4,2,3744,7.527644542614552,1.0,1.0,1.3186519192569781,1.0,0.020078650587882177,0.16253617914100696,0,0.561
cluster_skew_hard,12,cells,post_mass_off,post,mass,off,5,50,50,1.0,12,12,0.0,2.0,4,2,7200,6.759704908857711,1.0,1.0,1.5512973051270424,1.0,0.0339499831526859,0.17589263161609808,0,0.478
cluster_skew_hard,12,cells,post_mass_on,post,mass,on,5,50,25,1.0,12,12,0.0,2.0,4,2,3600,7.528006590961903,1.0,1.0,1.3187345064240599,1.0,0.02008100637003541,0.1625325615864385,0,0.244
cluster_skew_hard,12,cells,pre_none_off,pre,none,off,5,50,50,1.0,12,12,0.0,2.0,4,2,7200,8.203414701370003,1.0,1.0,1.3308946088954225,1.0,0.019776723081490116,0.1460750422574078,0,0.478
cluster_skew_hard,12,cells,pre_none_on,pre,none,on,5,50,50,1.0,12,12,0.0,2.0,4,2,7200,8.077086343754106,0.6397727272727273,0.5318181818181819,0.53542168100759,0.6397727272727273,0.019133262961130118,0.4070013452758188,0,0.488
cluster_skew_hard,12,cells,pre_footprint_off,pre,footprint,off,5,50,50,1.0,12,12,0.0,2.0,4,2,7200,8.299233082867696,1.0,1.0,1.3836334241690762,1.0,0.020088389521167788,0.15003869463183342,0,1.082
cluster_skew_hard,12,cells,pre_footprint_on,pre,footprint,on,5,50,25,1.0,12,12,0.0,2.0,4,2,3600,8.284703000646129,1.0,1.0,1.3782546229617472,1.0,0.020001385982530314,0.15684163726723807,0,0.533
cluster_skew_hard,12,cells,pre_mass_off,pre,mass,off,5,50,50,1.0,12,12,0.0,2.0,4,2,7200,8.299658894811387,1.0,1.0,1.3839254365073825,1.0,0.02009056748318838,0.1500605775263173,0,0.469
cluster_skew_hard,12,cells,pre_mass_on,pre,mass,on,5,50,24,1.0,12,12,0.0,2.0,4,2,3456,8.285580981250522,1.0,1.0,1.378480213940561,1.0,0.01999920438576776,0.1568277971488357,0,0.223
cluster_skew_hard,12,cells,post_fpmask_off,post,fpmask,off,5,50,50,1.0,12,12,0.0,2.0,4,2,7200,0.5234162868343202,0.8121212121212121,0.5636363636363636,5.619397584804412,0.7852272727272728,20.51139962450575,0.4844872606739915,0,1.054
cluster_skew_hard,12,cells,post_massmask_off,post,massmask,off,5,50,50,1.0,12,12,0.0,2.0,4,2,7200,3.0351650724146575,0.774621212121212,0.55,8.174125627696762,0.6378787878787879,0.8873126566230614,0.8078784346310642,0,0.452
cluster_skew_hard,12,cells,pre_fpmask_off,pre,fpmask,off,5,50,50,1.0,12,12,0.0,2.0,4,2,7200,8.225090372653495,1.0,1.0,1.3370172780300402,1.0,0.019763127057704027,0.14650822000182873,0,1.063
cluster_skew_hard,12,cells,pre_massmask_off,pre,massmask,off,5,50,50,1.0,12,12,0.0,2.0,4,2,7200,8.225090372654781,1.0,1.0,1.3370172780300642,1.0,0.01976312705769819,0.14650822000182848,0,0.481
cluster_skew_hard,13,cells,post_none_off,post,none,off,5,50,50,1.0,12,12,0.0,2.0,4,2,7200,1.7929055837859147,0.9871212121212122,0.9363636363636364,8.12425059335221,0.7587121212121212,2.527367934955043,0.8287622159604043,0,0.473
cluster_skew_hard,13,cells,post_none_on,post,none,on,5,50,50,1.0,12,12,0.0,2.0,4,2,7200,1.2817149925507372,0.5825757575757576,0.5181818181818182,0.4941529198002825,0.5106060606060606,5.537487569935523,0.44256273752051867,0,0.482
cluster_skew_hard,13,cells,post_footprint_off,post,footprint,off,5,50,50,1.0,12,12,0.0,2.0,4,2,7200,7.543409715052844,1.0,1.0,1.4205264257690966,1.0,0.024963985618075297,0.15979602628627232,0,1.138
cluster_skew_hard,13,cells,post_footprint_on,post,footprint,on,5,50,30,1.0,12,12,0.0,2.0,4,2,4320,7.4796685804037235,1.0,1.0,1.2867454286943456,1.0,0.019315848162412236,0.1583288413745912,0,0.673
cluster_skew_hard,13,cells,post_mass_off,post,mass,off,5,50,50,1.0,12,12,0.0,2.0,4,2,7200,7.591543089306048,1.0,1.0,1.4134019674358207,1.0,0.024524805325172698,0.15897456042941055,0,0.459
cluster_skew_hard,13,cells,post_mass_on,post,mass,on,5,50,30,1.0,12,12,0.0,2.0,4,2,4320,7.480635643325078,1.0,1.0,1.2867025448506437,1.0,0.019310047772792327,0.15832094527177884,0,0.287
cluster_skew_hard,13,cells,pre_none_off,pre,none,off,5,50,50,1.0,12,12,0.0,2.0,4,2,7200,8.355311244394388,1.0,1.0,1.2963336134794325,1.0,0.018569128318303197,0.14153543312616823,0,0.466
cluster_skew_hard,13,cells,pre_none_on,pre,none,on,5,50,34,1.0,12,12,0.0,2.0,4,2,4896,8.392297832957006,0.6049242424242425,0.4727272727272727,0.5068745197049785,0.5920454545454545,0.016861654441903073,0.42525613002564233,0,0.316
cluster_skew_hard,13,cells,pre_footprint_off,pre,footprint,off,5,50,50,1.0,12,12,0.0,2.0,4,2,7200,8.41174084218848,1.0,1.0,1.340066770177619,1.0,0.018938896472637957,0.1447910782740984,0,1.055
cluster_skew_hard,13,cells,pre_footprint_on,pre,footprint,on,5,50,33,1.0,12,12,0.0,2.0,4,2,4752,8.395021870358729,1.0,1.0,1.3411429561902724,1.0,0.018865701599826194,0.15219212054051465,0,0.695
cluster_skew_hard,13,cells,pre_mass_off,pre,mass,off,5,50,50,1.0,12,12,0.0,2.0,4,2,7200,8.412017412418077,1.0,1.0,1.3402840952465336,1.0,0.018940722357296023,0.14480792049036623,0,0.458
cluster_skew_hard,13,cells,pre_mass_on,pre,mass,on,5,50,29,1.0,12,12,0.0,2.0,4,2,4176,8.401361233305176,1.0,1.0,1.341105515769636,1.0,0.018843476268488386,0.15216218506946486,0,0.274
cluster_skew_hard,13,cells,post_fpmask_off,post,fpmask,off,5,50,50,1.0,12,12,0.0,2.0,4,2,7200,0.5720159337605041,0.9946969696969697,0.9772727272727273,4.486022899621305,0.9946969696969697,13.710245558280793,0.487929223732661,0,1.337
cluster_skew_hard,13,cells,post_massmask_off,post,massmask,off,5,50,50,1.0,12,12,0.0,2.0,4,2,7200,0.7077579949133694,0.8670454545454543,0.6409090909090909,5.73604032250174,0.8662878787878788,11.450979253045524,0.609866609260964,0,0.581
cluster_skew_hard,13,cells,pre_fpmask_off,pre,fpmask,off,5,50,50,1.0,12,12,0.0,2.0,4,2,7200,8.36991369412375,1.0,1.0,1.3023146021318335,1.0,0.018589767171431095,0.14198455588589237,0,1.16
cluster_skew_hard,13,cells,pre_massmask_off,pre,massmask,off,5,50,50,1.0,12,12,0.0,2.0,4,2,7200,8.37392988301496,1.0,1.0,1.3039268888071465,1.0,0.018594932275319994,0.1421186837303258,0,0.527
cluster_skew_hard,14,cells,post_none_off,post,none,off,5,50,50,1.0,12,12,0.0,2.0,4,2,7200,2.195354098705968,0.8640151515151516,0.6590909090909091,9.026914119748461,0.6973484848484849,1.8729671120515243,0.8264920269868553,0,0.479
cluster_skew_hard,14,cells,post_none_on,post,none,on,5,50,50,1.0,12,12,0.0,2.0,4,2,7200,1.9593706204390418,0.6132575757575757,0.5272727272727272,0.5269620705824856,0.515530303030303,2.4004017237000594,0.41220504976479644,0,0.474
cluster_skew_hard,14,cells,post_footprint_off,post,footprint,off,5,50,50,1.0,12,12,0.0,2.0,4,2,7200,6.914735413334095,1.0,1.0,1.1893412052463836,1.0,0.02487455567140604,0.13961924793887365,0,1.057
cluster_skew_hard,14,cells,post_footprint_on,post,footprint,on,5,50,26,1.0,12,12,0.0,2.0,4,2,3744,7.423490824687869,1.0,1.0,1.2425622166548975,1.0,0.019285391887276213,0.15521452213724915,0,0.55
cluster_skew_hard,14,cells,post_mass_off,post,mass,off,5,50,50,1.0,12,12,0.0,2.0,4,2,7200,6.913242602597844,1.0,1.0,1.1903761755809208,1.0,0.024906954708500437,0.13972579969853494,0,0.453
cluster_skew_hard,14,cells,post_mass_on,post,mass,on,5,50,25,1.0,12,12,0.0,2.0,4,2,3600,7.423859067668966,1.0,1.0,1.2426587997040168,1.0,0.01928732918568909,0.15522072821570632,0,0.229
cluster_skew_hard,14,cells,pre_none_off,pre,none,off,5,50,50,1.0,12,12,0.0,2.0,4,2,7200,8.135268577237234,1.0,1.0,1.250015783759598,1.0,0.018887379485314305,0.13845523087077305,0,0.452
cluster_skew_hard,14,cells,pre_none_on,pre,none,on,5,50,48,1.0,12,12,0.0,2.0,4,2,6912,4.433332097411456,0.6416666666666667,0.5409090909090909,0.5581553912463025,0.4909090909090909,0.30138326480653566,0.3956096899744812,0,0.432
cluster_skew_hard,14,cells,pre_footprint_off,pre,footprint,off,5,50,50,1.0,12,12,0.0,2.0,4,2,7200,8.199501547818974,1.0,1.0,1.3010318179980265,1.0,0.01935142777627491,0.1423100239358481,0,1.037
cluster_skew_hard,14,cells,pre_footprint_on,pre,footprint,on,5,50,32,1.0,12,12,0.0,2.0,4,2,4608,8.208096839014019,1.0,1.0,1.3026879637424806,1.0,0.019310322000687687,0.1494937468908755,0,0.867
cluster_skew_hard,14,cells,pre_mass_off,pre,mass,off,5,50,50,1.0,12,12,0.0,2.0,4,2,7200,8.199819392336835,1.0,1.0,1.3012804316981437,1.0,0.01935362516121768,0.1423292996038931,0,0.568
cluster_skew_hard,14,cells,pre_mass_on,pre,mass,on,5,50,30,1.0,12,12,0.0,2.0,4,2,4320,8.208248933964997,1.0,1.0,1.3028862849520102,1.0,0.019311761816376956,0.1494966120496195,0,0.331
cluster_skew_hard,14,cells,post_fpmask_off,post,fpmask,off,5,50,50,1.0,12,12,0.0,2.0,4,2,7200,7.450801440604666,1.0,1.0,1.0543141260995437,1.0,0.018991708933351413,0.12483732592178022,0,1.168
cluster_skew_hard,14,cells,post_massmask_off,post,massmask,off,5,50,50,1.0,12,12,0.0,2.0,4,2,7200,7.450801440604491,1.0,1.0,1.0543141260995033,1.0,0.01899170893335157,0.12483732592177887,0,0.504
cluster_skew_hard,14,cells,pre_fpmask_off,pre,fpmask,off,5,50,50,1.0,12,12,0.0,2.0,4,2,7200,8.152410249295517,1.0,1.0,1.255800272865313,1.0,0.018895070665162692,0.13889763291769514,0,1.087
cluster_skew_hard,14,cells,pre_massmask_off,pre,massmask,off,5,50,50,1.0,12,12,0.0,2.0,4,2,7200,8.152410249295263,1.0,1.0,1.2558002728653084,1.0,0.018895070665163795,0.13889763291769483,0,0.485
cluster_skew_hard,15,cells,post_none_off,post,none,off,5,50,50,1.0,12,12,0.0,2.0,4,2,7200,1.0304766394411071,0.6287878787878789,0.4409090909090909,8.10683127467747,0.6140151515151515,7.634398621869406,0.8070635208055585,0,0.455
cluster_skew_hard,15,cells,post_none_on,post,none,on,5,50,50,1.0,12,12,0.0,2.0,4,2,7200,0.9133460353567248,0.5272727272727273,0.4318181818181818,0.4335510750578296,0.36856060606060603,11.627739076862621,0.5259892512268362,0,0.451
cluster_skew_hard,15,cells,post_footprint_off,post,footprint,off,5,50,50,1.0,12,12,0.0,2.0,4,2,7200,7.1916033063993545,1.0,1.0,1.454446509037324,1.0,0.028122006660624695,0.16525454484235402,0,1.031
cluster_skew_hard,15,cells,post_footprint_on,post,footprint,on,5,50,27,1.0,12,12,0.0,2.0,4,2,3888,7.116794833469186,1.0,1.0,1.2956797632049162,1.0,0.02239257072872009,0.16264196815578497,0,0.554
cluster_skew_hard,15,cells,post_mass_off,post,mass,off,5,50,50,1.0,12,12,0.0,2.0,4,2,7200,7.191314043415309,1.0,1.0,1.454239276625917,1.0,0.028120261860531393,0.16525540453095613,0,0.457
cluster_skew_hard,15,cells,post_mass_on,post,mass,on,5,50,28,1.0,12,12,0.0,2.0,4,2,4032,7.116169931353147,1.0,1.0,1.2957204673357998,1.0,0.022400066102590384,0.1626545299834361,0,0.264
cluster_skew_hard,15,cells,pre_none_off,pre,none,off,5,50,50,1.0,12,12,0.0,2.0,4,2,7200,8.043153534963471,1.0,1.0,1.3061729436580218,1.0,0.020190541445247935,0.14479660490679405,0,0.481
cluster_skew_hard,15,cells,pre_none_on,pre,none,on,5,50,26,1.0,12,12,0.0,2.0,4,2,3744,8.009814780353464,0.5746212121212123,0.5045454545454545,0.46197514800934675,0.5746212121212121,0.021634213689878966,0.4984177455115495,0,0.237
cluster_skew_hard,15,cells,pre_footprint_off,pre,footprint,off,5,50,50,1.0,12,12,0.0,2.0,4,2,7200,8.122471491879447,1.0,1.0,1.3491033396964445,1.0,0.020448847018270936,0.14811376873046306,0,1.058
cluster_skew_hard,15,cells,pre_footprint_on,pre,footprint,on,5,50,25,1.0,12,12,0.0,2.0,4,2,3600,8.031966960078726,1.0,1.0,1.351617872422868,1.0,0.020697794880818854,0.15534209882779218,0,0.541
cluster_skew_hard,15,cells,pre_mass_off,pre,mass,off,5,50,50,1.0,12,12,0.0,2.0,4,2,7200,8.123132688658387,1.0,1.0,1.349324462486645,1.0,0.020448869305942585,0.1481316115395293,0,0.458
cluster_skew_hard,15,cells,pre_mass_on,pre,mass,on,5,50,25,1.0,12,12,0.0,2.0,4,2,3600,8.032788671627939,1.0,1.0,1.3518333704416874,1.0,0.020697782047606757,0.15534357580605213,0,0.236
cluster_skew_hard,15,cells,post_fpmask_off,post,fpmask,off,5,50,50,1.0,12,12,0.0,2.0,4,2,7200,7.326789814871446,1.0,1.0,1.3281039457752397,1.0,0.024740279456290377,0.1527359896662752,0,1.103
cluster_skew_hard,15,cells,post_massmask_off,post,massmask,off,5,50,50,1.0,12,12,0.0,2.0,4,2,7200,7.326789814871446,1.0,1.0,1.3281039457752397,1.0,0.024740279456290377,0.1527359896662752,0,0.483
cluster_skew_hard,15,cells,pre_fpmask_off,pre,fpmask,off,5,50,50,1.0,12,12,0.0,2.0,4,2,7200,8.055765821283195,1.0,1.0,1.311776490892705,1.0,0.02021371683447694,0.14520077628202818,0,1.093
cluster_skew_hard,15,cells,pre_massmask_off,pre,massmask,off,5,50,50,1.0,12,12,0.0,2.0,4,2,7200,8.055765821283195,1.0,1.0,1.311776490892705,1.0,0.02021371683447694,0.14520077628202818,0,0.468
cluster_skew_hard,16,cells,post_none_off,post,none,off,5,50,50,1.0,12,12,0.0,2.0,4,2,7200,1.1103769222923348,0.7818181818181819,0.5363636363636364,8.137497435178167,0.6401515151515151,6.600092325961903,0.8228849477657549,0,0.455
cluster_skew_hard,16,cells,post_none_on,post,none,on,5,50,50,1.0,12,12,0.0,2.0,4,2,7200,1.139124199327107,0.5458333333333334,0.45454545454545453,0.4790628693934663,0.41893939393939394,6.915025523359067,0.47457069920211636,0,0.465
cluster_skew_hard,16,cells,post_footprint_off,post,footprint,off,5,50,50,1.0,12,12,0.0,2.0,4,2,7200,7.588486518793567,1.0,1.0,1.3671839034738489,1.0,0.023741961846131514,0.15850132500192923,0,1.072
cluster_skew_hard,16,cells,post_footprint_on,post,footprint,on,5,50,42,1.0,12,12,0.0,2.0,4,2,6048,7.489323026916923,1.0,1.0,1.3012248532252548,1.0,0.019175530146261697,0.16178113454206677,0,0.983
cluster_skew_hard,16,cells,post_mass_off,post,mass,off,5,50,50,1.0,12,12,0.0,2.0,4,2,7200,7.580266661948723,1.0,1.0,1.399235312540057,1.0,0.024351279725902324,0.16236410431249984,0,0.525
cluster_skew_hard,16,cells,post_mass_on,post,mass,on,5,50,42,1.0,12,12,0.0,2.0,4,2,6048,7.488997649075938,1.0,1.0,1.3012801353945302,1.0,0.01917750620204575,0.16178148419613797,0,0.397
cluster_skew_hard,16,cells,pre_none_off,pre,none,off,5,50,50,1.0,12,12,0.0,2.0,4,2,7200,8.177039731472785,1.0,1.0,1.313675293667477,1.0,0.01964698059899519,0.14488020289164918,0,0.499
cluster_skew_hard,16,cells,pre_none_on,pre,none,on,5,50,38,1.0,12,12,0.0,2.0,4,2,5472,7.896733500445556,0.6075757575757575,0.45454545454545453,0.4868941407289487,0.6045454545454545,0.020157468051915966,0.4331750256638051,0,0.359
cluster_skew_hard,16,cells,pre_footprint_off,pre,footprint,off,5,50,50,1.0,12,12,0.0,2.0,4,2,7200,8.250303273048086,1.0,1.0,1.3589947503018405,1.0,0.019965397120479796,0.14819945253991665,0,1.067
cluster_skew_hard,16,cells,pre_footprint_on,pre,footprint,on,5,50,50,1.0,12,12,0.0,2.0,4,2,7200,8.088324846622859,1.0,1.0,1.3582623025880842,1.0,0.02067443355463812,0.15583249785912018,0,1.154
cluster_skew_hard,16,cells,pre_mass_off,pre,mass,off,5,50,50,1.0,12,12,0.0,2.0,4,2,7200,8.250584103678968,1.0,1.0,1.359410235712607,1.0,0.019970141597088594,0.14822995343180426,0,0.488
cluster_skew_hard,16,cells,pre_mass_on,pre,mass,on,5,50,50,1.0,12,12,0.0,2.0,4,2,7200,8.089762050596105,1.0,1.0,1.3585392519459119,1.0,0.02067335273366202,0.1558188178066966,0,0.489
cluster_skew_hard,16,cells,post_fpmask_off,post,fpmask,off,5,50,50,1.0,12,12,0.0,2.0,4,2,7200,7.639775964896186,1.0,1.0,1.2955871501700933,1.0,0.022197567518378168,0.15138388699102076,0,1.118
cluster_skew_hard,16,cells,post_massmask_off,post,massmask,off,5,50,50,1.0,12,12,0.0,2.0,4,2,7200,7.639775964081339,1.0,1.0,1.295587150199058,1.0,0.02219756752360954,0.1513838869967853,0,0.474
cluster_skew_hard,16,cells,pre_fpmask_off,pre,fpmask,off,5,50,50,1.0,12,12,0.0,2.0,4,2,7200,8.194287991154445,1.0,1.0,1.3201383713253698,1.0,0.01966061088375187,0.14535065831227872,0,1.095
cluster_skew_hard,16,cells,pre_massmask_off,pre,massmask,off,5,50,50,1.0,12,12,0.0,2.0,4,2,7200,8.194287979946347,1.0,1.0,1.3201383712762176,1.0,0.019660610936803186,0.14535065832251243,0,0.488
cluster_skew_hard,17,cells,post_none_off,post,none,off,5,50,50,1.0,12,12,0.0,2.0,4,2,7200,0.9020818673890636,0.9053030303030303,0.6863636363636364,7.773988044611728,0.8193181818181818,9.553268015129905,0.7416704626760096,0,0.599
cluster_skew_hard,17,cells,post_none_on,post,none,on,5,50,50,1.0,12,12,0.0,2.0,4,2,7200,1.2870856908790338,0.5348484848484848,0.44545454545454544,0.43465385315195176,0.44053030303030305,5.1483654424458365,0.47763691241902423,0,0.589
cluster_skew_hard,17,cells,post_footprint_off,post,footprint,off,5,50,50,1.0,12,12,0.0,2.0,4,2,7200,7.124973126858783,1.0,1.0,1.8955093255714484,1.0,0.037338723282135305,0.21149875443733607,0,1.169
cluster_skew_hard,17,cells,post_footprint_on,post,footprint,on,5,50,39,1.0,12,12,0.0,2.0,4,2,5616,7.525550880090314,1.0,1.0,1.3036346486379218,1.0,0.019272990880735294,0.16242747807979413,0,0.936
cluster_skew_hard,17,cells,post_mass_off,post,mass,off,5,50,50,1.0,12,12,0.0,2.0,4,2,7200,7.127820115583938,1.0,1.0,1.8959763418771645,1.0,0.037318093808933916,0.21156342247093374,0,0.472
cluster_skew_hard,17,cells,post_mass_on,post,mass,on,5,50,35,1.0,12,12,0.0,2.0,4,2,5040,7.52542370833002,1.0,1.0,1.3038715782940948,1.0,0.019273588829052928,0.16243648848392253,0,0.356
cluster_skew_hard,17,cells,pre_none_off,pre,none,off,5,50,50,1.0,12,12,0.0,2.0,4,2,7200,8.211661430121817,1.0,1.0,1.324693980445886,1.0,0.01964506603318663,0.1451386681096285,0,0.486
cluster_skew_hard,17,cells,pre_none_on,pre,none,on,5,50,28,1.0,12,12,0.0,2.0,4,2,4032,7.562916622971982,0.612121212121212,0.5181818181818182,0.5042543793158811,0.5977272727272728,0.022478459185233602,0.4396622749635669,0,0.262
cluster_skew_hard,17,cells,pre_footprint_off,pre,footprint,off,5,50,50,1.0,12,12,0.0,2.0,4,2,7200,8.268266692103145,1.0,1.0,1.3690080565523346,1.0,0.020025208718277693,0.14842656528011489,0,1.098
cluster_skew_hard,17,cells,pre_footprint_on,pre,footprint,on,5,50,32,1.0,12,12,0.0,2.0,4,2,4608,8.286244219461539,1.0,1.0,1.3635471223736897,1.0,0.019621431239763624,0.15520399459176654,0,0.722
cluster_skew_hard,17,cells,pre_mass_off,pre,mass,off,5,50,50,1.0,12,12,0.0,2.0,4,2,7200,8.26900145148775,1.0,1.0,1.3694536891504518,1.0,0.020028167459513822,0.1484608216304854,0,0.469
cluster_skew_hard,17,cells,pre_mass_on,pre,mass,on,5,50,31,1.0,12,12,0.0,2.0,4,2,4464,8.287370704344198,1.0,1.0,1.3640987529213435,1.0,0.019618801129096263,0.15519005596949315,0,0.299
cluster_skew_hard,17,cells,post_fpmask_off,post,fpmask,off,5,50,50,1.0,12,12,0.0,2.0,4,2,7200,0.02848409777648135,0.9481060606060606,0.8363636363636363,7.733838352125928,0.7681818181818182,9532.13434669065,0.7445964286136988,0,1.111
cluster_skew_hard,17,cells,post_massmask_off,post,massmask,off,5,50,50,1.0,12,12,0.0,2.0,4,2,7200,0.4537856761666,0.9715909090909092,0.8681818181818182,7.746414227593762,0.7507575757575757,37.618298665656745,0.7464680647100218,0,0.5
cluster_skew_hard,17,cells,pre_fpmask_off,pre,fpmask,off,5,50,50,1.0,12,12,0.0,2.0,4,2,7200,8.223159372162941,1.0,1.0,1.3307396590570002,1.0,0.019679573647228964,0.1455895419250477,0,1.101
cluster_skew_hard,17,cells,pre_massmask_off,pre,massmask,off,5,50,50,1.0,12,12,0.0,2.0,4,2,7200,8.229651800509584,1.0,1.0,1.3354421582642007,1.0,0.019717968176747973,0.14596741789512713,0,0.49
cluster_skew_hard,18,cells,post_none_off,post,none,off,5,50,50,1.0,12,12,0.0,2.0,4,2,7200,1.4951634361978798,0.9249999999999999,0.7136363636363636,8.689515616907217,0.925,3.8870330399860866,0.8686621296808231,0,0.498
cluster_skew_hard,18,cells,post_none_on,post,none,on,5,50,50,1.0,12,12,0.0,2.0,4,2,7200,2.3731541155788,0.524621212121212,0.4318181818181818,0.4694301236629152,0.43825757575757573,1.3932406021729244,0.45924989885746315,0,0.495
cluster_skew_hard,18,cells,post_footprint_off,post,footprint,off,5,50,50,1.0,12,12,0.0,2.0,4,2,7200,7.044690784777776,1.0,1.0,1.419220381119609,1.0,0.028597361735406855,0.16293525895086888,0,1.177
cluster_skew_hard,18,cells,post_footprint_on,post,footprint,on,5,50,34,1.0,12,12,0.0,2.0,4,2,4896,7.763282546100073,1.0,1.0,1.293216840503212,1.0,0.018164910183764753,0.16097196553580786,0,0.727
cluster_skew_hard,18,cells,post_mass_off,post,mass,off,5,50,50,1.0,12,12,0.0,2.0,4,2,7200,6.77683120645748,1.0,1.0,1.6972388666273384,1.0,0.03695639763602715,0.19209154070383413,0,0.511
cluster_skew_hard,18,cells,post_mass_on,post,mass,on,5,50,33,1.0,12,12,0.0,2.0,4,2,4752,7.765227547913866,1.0,1.0,1.2933142432125109,1.0,0.018158385744603003,0.1609674898497211,0,0.318
cluster_skew_hard,18,cells,pre_none_off,pre,none,off,5,50,50,1.0,12,12,0.0,2.0,4,2,7200,8.38179032617492,1.0,1.0,1.3158621631254972,1.0,0.018729958453962643,0.144985051493596,0,0.492
cluster_skew_hard,18,cells,pre_none_on,pre,none,on,5,50,42,1.0,12,12,0.0,2.0,4,2,6048,7.816959401101126,0.6018939393939394,0.4636363636363636,0.48999473785950914,0.5912878787878788,0.019861508657655055,0.43453196393334836,0,0.386
cluster_skew_hard,18,cells,pre_footprint_off,pre,footprint,off,5,50,50,1.0,12,12,0.0,2.0,4,2,7200,8.512884800472568,1.0,1.0,1.3636591718663695,1.0,0.01881708406281685,0.14867222334991329,0,1.14
cluster_skew_hard,18,cells,pre_footprint_on,pre,footprint,on,5,50,33,1.0,12,12,0.0,2.0,4,2,4752,8.466524516707782,1.0,1.0,1.3610990065175939,1.0,0.018986347200583533,0.15566851035115553,0,0.728
cluster_skew_hard,18,cells,pre_mass_off,pre,mass,off,5,50,50,1.0,12,12,0.0,2.0,4,2,7200,8.513542703261862,1.0,1.0,1.3640470837854186,1.0,0.018819527867253525,0.14870036680664925,0,0.466
cluster_skew_hard,18,cells,pre_mass_on,pre,mass,on,5,50,27,1.0,12,12,0.0,2.0,4,2,3888,8.468234364326316,1.0,1.0,1.361479790735339,1.0,0.018982158836083413,0.15567434493998844,0,0.347
cluster_skew_hard,18,cells,post_fpmask_off,post,fpmask,off,5,50,50,1.0,12,12,0.0,2.0,4,2,7200,7.374341348224913,1.0,1.0,1.2982646822517705,1.0,0.023873537140310916,0.150431440264778,0,1.141
cluster_skew_hard,18,cells,post_massmask_off,post,massmask,off,5,50,50,1.0,12,12,0.0,2.0,4,2,7200,1.934585933615317,0.9037878787878788,0.6136363636363636,6.93782590503012,0.7738636363636363,1.8537337041743454,0.6928439941597385,0,0.478
cluster_skew_hard,18,cells,pre_fpmask_off,pre,fpmask,off,5,50,50,1.0,12,12,0.0,2.0,4,2,7200,8.391995611300889,1.0,1.0,1.3224950387283922,1.0,0.018778614880498836,0.14548357828629055,0,1.136
cluster_skew_hard,18,cells,pre_massmask_off,pre,massmask,off,5,50,50,1.0,12,12,0.0,2.0,4,2,7200,8.391995611322379,1.0,1.0,1.3224950387276553,1.0,0.018778614880392185,0.14548357828622452,0,0.512
cluster_skew_hard,19,cells,post_none_off,post,none,off,5,50,50,1.0,12,12,0.0,2.0,4,2,7200,1.8776162198015016,0.9136363636363636,0.6772727272727272,9.272153526253575,0.7780303030303031,2.6300678800280792,0.8548285147362926,0,0.484
cluster_skew_hard,19,cells,post_none_on,post,none,on,5,50,50,1.0,12,12,0.0,2.0,4,2,7200,0.18754468535483862,0.5416666666666666,0.4727272727272727,0.43581957312436664,0.37386363636363634,285.0172790771683,0.5127831026027979,0,0.46
cluster_skew_hard,19,cells,post_footprint_off,post,footprint,off,5,50,50,1.0,12,12,0.0,2.0,4,2,7200,7.399115723815085,1.0,1.0,1.4983357224277913,1.0,0.027368405391124853,0.17246427402910372,0,1.135
cluster_skew_hard,19,cells,post_footprint_on,post,footprint,on,5,50,26,1.0,12,12,0.0,2.0,4,2,3744,7.50605862609072,1.0,1.0,1.2770204167219998,1.0,0.018675456600540187,0.15972142212990575,0,0.59
cluster_skew_hard,19,cells,post_mass_off,post,mass,off,5,50,50,1.0,12,12,0.0,2.0,4,2,7200,7.400103760396806,1.0,1.0,1.4979749833918545,1.0,0.02735451015408866,0.1724273161984157,0,0.472
cluster_skew_hard,19,cells,post_mass_on,post,mass,on,5,50,26,1.0,12,12,0.0,2.0,4,2,3744,7.5061310031830795,1.0,1.0,1.2770539821899607,1.0,0.018675688160754184,0.1597240987934954,0,0.247
cluster_skew_hard,19,cells,pre_none_off,pre,none,off,5,50,50,1.0,12,12,0.0,2.0,4,2,7200,8.349739910047557,1.0,1.0,1.2897274307165205,1.0,0.018499161398593738,0.14285004119768716,0,0.482
cluster_skew_hard,19,cells,pre_none_on,pre,none,on,5,50,50,1.0,12,12,0.0,2.0,4,2,7200,8.221075405981415,0.5890151515151515,0.4681818181818182,0.458675696624041,0.5886363636363636,0.01876144388876095,0.4723739824987054,0,0.496
cluster_skew_hard,19,cells,pre_footprint_off,pre,footprint,off,5,50,50,1.0,12,12,0.0,2.0,4,2,7200,8.412709718639896,1.0,1.0,1.3368666717302382,1.0,0.018889318470803867,0.14636067041996814,0,1.086
cluster_skew_hard,19,cells,pre_footprint_on,pre,footprint,on,5,50,27,1.0,12,12,0.0,2.0,4,2,3888,8.356954999400388,1.0,1.0,1.3409870112354534,1.0,0.018961872556407616,0.15384010225763103,0,0.609
cluster_skew_hard,19,cells,pre_mass_off,pre,mass,off,5,50,50,1.0,12,12,0.0,2.0,4,2,7200,8.412980417811589,1.0,1.0,1.3370251329712277,1.0,0.018890341752188296,0.1463723932909026,0,0.49
cluster_skew_hard,19,cells,pre_mass_on,pre,mass,on,5,50,27,1.0,12,12,0.0,2.0,4,2,3888,8.357818795492244,1.0,1.0,1.3410891417097672,1.0,0.018957963995016768,0.15383562942172918,0,0.259
cluster_skew_hard,19,cells,post_fpmask_off,post,fpmask,off,5,50,50,1.0,12,12,0.0,2.0,4,2,7200,7.36515699880624,1.0,1.0,1.2663058962441276,1.0,0.023343964349350897,0.14877943465697432,0,1.116
cluster_skew_hard,19,cells,post_massmask_off,post,massmask,off,5,50,50,1.0,12,12,0.0,2.0,4,2,7200,7.36515699880624,1.0,1.0,1.2663058962441276,1.0,0.023343964349350897,0.14877943465697432,0,0.498
cluster_skew_hard,19,cells,pre_fpmask_off,pre,fpmask,off,5,50,50,1.0,12,12,0.0,2.0,4,2,7200,8.361751030752892,1.0,1.0,1.29559443779134,1.0,0.018529965471798828,0.14329175392482982,0,1.145
cluster_skew_hard,19,cells,pre_massmask_off,pre,massmask,off,5,50,50,1.0,12,12,0.0,2.0,4,2,7200,8.361751030752892,1.0,1.0,1.29559443779134,1.0,0.018529965471798828,0.14329175392482982,0,0.463
cluster_skew_overlap,10,cells,post_none_off,post,none,off,5,50,50,1.0,12,12,0.0,2.0,4,2,7200,1.4833844252135835,0.6132575757575757,0.509090909090909,2.9131392684005504,0.5340909090909091,1.3238958408155965,0.781119157696838,0,0.479
cluster_skew_overlap,10,cells,post_none_on,post,none,on,5,50,44,1.0,12,12,0.0,2.0,4,2,6336,1.208744537948903,0.409469696969697,0.33181818181818185,1.0292516768484365,0.38181818181818183,1.9725356056147125,0.6076137506887143,0,0.437
cluster_skew_overlap,10,cells,post_footprint_off,post,footprint,off,5,50,50,1.0,12,12,0.0,2.0,4,2,7200,4.753140140757504,0.8515151515151517,0.7727272727272727,2.276038092363587,0.8515151515151516,0.10074379066996765,0.5424856327663342,0,1.167
cluster_skew_overlap,10,cells,post_footprint_on,post,footprint,on,5,50,27,1.0,12,12,0.0,2.0,4,2,3888,4.806008397273867,0.8056818181818182,0.7181818181818181,2.2745617146978927,0.8056818181818182,0.0984389483368347,0.5704775903188122,0,0.64
cluster_skew_overlap,10,cells,post_mass_off,post,mass,off,5,50,50,1.0,12,12,0.0,2.0,4,2,7200,4.805078268680556,0.8496212121212121,0.7727272727272727,2.2756565142777783,0.8496212121212121,0.09856115365942085,0.5433239764466907,0,0.48
cluster_skew_overlap,10,cells,post_mass_on,post,mass,on,5,50,25,1.0,12,12,0.0,2.0,4,2,3600,4.8722912368961575,0.8071969696969696,0.7363636363636363,2.273189274092964,0.8071969696969697,0.09590282959984447,0.5712479820797621,0,0.241
cluster_skew_overlap,10,cells,pre_none_off,pre,none,off,5,50,50,1.0,12,12,0.0,2.0,4,2,7200,4.734518559586255,0.8511363636363636,0.7863636363636364,2.2738429075810402,0.8511363636363637,0.10143989959911218,0.5430160326229205,0,0.491
cluster_skew_overlap,10,cells,pre_none_on,pre,none,on,5,50,40,1.0,12,12,0.0,2.0,4,2,5760,4.534161603801845,0.4106060606060606,0.3409090909090909,1.033349305219232,0.3875,0.11383514489074972,0.6003804177103309,0,0.38
cluster_skew_overlap,10,cells,pre_footprint_off,pre,footprint,off,5,50,50,1.0,12,12,0.0,2.0,4,2,7200,5.299216722449443,0.8602272727272728,0.8,2.5350907592902514,0.8602272727272727,0.09027555138908479,0.5499414563654356,0,1.177
cluster_skew_overlap,10,cells,pre_footprint_on,pre,footprint,on,5,50,25,1.0,12,12,0.0,2.0,4,2,3600,5.30693214840467,0.8299242424242425,0.7272727272727273,2.4229035090298354,0.8299242424242425,0.08963177887315217,0.5621155353291611,0,0.594
cluster_skew_overlap,10,cells,pre_mass_off,pre,mass,off,5,50,50,1.0,12,12,0.0,2.0,4,2,7200,5.312015857251008,0.859848484848485,0.8,2.535629285021516,0.8598484848484849,0.08986012810042138,0.5500556771574846,0,0.48
cluster_skew_overlap,10,cells,pre_mass_on,pre,mass,on,5,50,24,1.0,12,12,0.0,2.0,4,2,3456,5.312859600592759,0.8295454545454547,0.7454545454545455,2.4195522438913164,0.8295454545454546,0.08947726404849997,0.5625268709839386,0,0.247
cluster_skew_overlap,10,cells,post_fpmask_off,post,fpmask,off,5,50,50,1.0,12,12,0.0,2.0,4,2,7200,3.4892760690436235,0.6647727272727272,0.5636363636363636,2.428976701044379,0.6628787878787878,0.1995044950615049,0.6385155761581547,0,1.145
cluster_skew_overlap,10,cells,post_massmask_off,post,massmask,off,5,50,50,1.0,12,12,0.0,2.0,4,2,7200,3.269981757435053,0.6261363636363637,0.5318181818181819,2.509111079148364,0.6242424242424243,0.2346546844046038,0.661630329465514,0,0.492
cluster_skew_overlap,10,cells,pre_fpmask_off,pre,fpmask,off,5,50,50,1.0,12,12,0.0,2.0,4,2,7200,4.790037639531558,0.850378787878788,0.7818181818181819,2.357788177433087,0.8503787878787878,0.1027606715083532,0.546301016504037,0,1.124
cluster_skew_overlap,10,cells,pre_massmask_off,pre,massmask,off,5,50,50,1.0,12,12,0.0,2.0,4,2,7200,4.798524024488565,0.8518939393939395,0.7863636363636364,2.3284662002050807,0.8518939393939394,0.10112408176743148,0.545150553010485,0,0.443
cluster_skew_overlap,11,cells,post_none_off,post,none,off,5,50,50,1.0,12,12,0.0,2.0,4,2,7200,1.9850400218634827,0.7106060606060606,0.5454545454545454,2.796343740757128,0.7106060606060606,0.709662768896547,0.740822929818588,0,0.477
cluster_skew_overlap,11,cells,post_none_on,post,none,on,5,50,50,1.0,12,12,0.0,2.0,4,2,7200,2.1912184627946956,0.4170454545454545,0.38181818181818183,1.0756381050145558,0.39810606060606063,0.5618395292948795,0.6017948737317936,0,0.497
cluster_skew_overlap,11,cells,post_footprint_off,post,footprint,off,5,50,50,1.0,12,12,0.0,2.0,4,2,7200,4.690431066793554,0.8746212121212121,0.8227272727272728,2.30346140881726,0.8746212121212121,0.1047021079271072,0.5380307430448255,0,1.124
cluster_skew_overlap,11,cells,post_footprint_on,post,footprint,on,5,50,26,1.0,12,12,0.0,2.0,4,2,3744,4.701556373691758,0.8174242424242425,0.7227272727272728,2.328886516431137,0.8174242424242424,0.10450460199147919,0.5683274106694169,0,0.597
cluster_skew_overlap,11,cells,post_mass_off,post,mass,off,5,50,50,1.0,12,12,0.0,2.0,4,2,7200,4.623574250643854,0.8738636363636364,0.8227272727272728,2.2973296443011386,0.8738636363636364,0.1074651486686567,0.5383746559441016,0,0.484
cluster_skew_overlap,11,cells,post_mass_on,post,mass,on,5,50,27,1.0,12,12,0.0,2.0,4,2,3888,4.644649407524771,0.8159090909090909,0.7181818181818181,2.316911481475882,0.8159090909090909,0.10674033770391216,0.5690137209446599,0,0.259
cluster_skew_overlap,11,cells,pre_none_off,pre,none,off,5,50,50,1.0,12,12,0.0,2.0,4,2,7200,4.594798406827615,0.871969696969697,0.8181818181818182,2.261582782375871,0.871969696969697,0.10712222028092608,0.5363527018624927,0,0.482
cluster_skew_overlap,11,cells,pre_none_on,pre,none,on,5,50,48,1.0,12,12,0.0,2.0,4,2,6912,4.855146971219597,0.4121212121212121,0.38636363636363635,1.0804992275112255,0.3875,0.09919626305707335,0.5944398722752209,0,0.455
cluster_skew_overlap,11,cells,pre_footprint_off,pre,footprint,off,5,50,50,1.0,12,12,0.0,2.0,4,2,7200,5.294880190881301,0.872348484848485,0.8136363636363636,2.5642100725585997,0.8723484848484848,0.09146213324844883,0.548733669896049,0,1.111
cluster_skew_overlap,11,cells,pre_footprint_on,pre,footprint,on,5,50,26,1.0,12,12,0.0,2.0,4,2,3744,5.272799754867301,0.8386363636363637,0.759090909090909,2.4637144768689305,0.8386363636363636,0.0923035356968147,0.5604270737854721,0,0.587
cluster_skew_overlap,11,cells,pre_mass_off,pre,mass,off,5,50,50,1.0,12,12,0.0,2.0,4,2,7200,5.284771116440165,0.8727272727272729,0.8136363636363636,2.5614189067273263,0.8727272727272727,0.09171243945643805,0.5486129766974982,0,0.479
cluster_skew_overlap,11,cells,pre_mass_on,pre,mass,on,5,50,22,1.0,12,12,0.0,2.0,4,2,3168,5.27013652761926,0.8363636363636364,0.7454545454545455,2.4509978374207595,0.8363636363636363,0.09228794948154231,0.5611057203812372,0,0.209
cluster_skew_overlap,11,cells,post_fpmask_off,post,fpmask,off,5,50,50,1.0,12,12,0.0,2.0,4,2,7200,3.1049590084287875,0.5356060606060608,0.4727272727272727,2.6337504945659367,0.5075757575757576,0.2731887985361962,0.6862388229946444,0,1.173
cluster_skew_overlap,11,cells,post_massmask_off,post,massmask,off,5,50,50,1.0,12,12,0.0,2.0,4,2,7200,3.0610754997089753,0.6844696969696971,0.5954545454545455,2.6071707864073184,0.6840909090909091,0.2782411748637277,0.6776253712513274,0,0.514
cluster_skew_overlap,11,cells,pre_fpmask_off,pre,fpmask,off,5,50,50,1.0,12,12,0.0,2.0,4,2,7200,4.603407145978407,0.8727272727272729,0.8136363636363636,2.3597023637087964,0.8727272727272727,0.111352110417109,0.5405290972966277,0,1.194
cluster_skew_overlap,11,cells,pre_massmask_off,pre,massmask,off,5,50,50,1.0,12,12,0.0,2.0,4,2,7200,4.635611006279053,0.8727272727272729,0.8136363636363636,2.3317408536357904,0.8727272727272727,0.10850913744612486,0.539168114897108,0,0.501
cluster_skew_overlap,12,cells,post_none_off,post,none,off,5,50,50,1.0,12,12,0.0,2.0,4,2,7200,2.625288981070124,0.6170454545454546,0.4909090909090909,2.733150616872178,0.609469696969697,0.39656039066319343,0.7217837597609326,0,0.46
cluster_skew_overlap,12,cells,post_none_on,post,none,on,5,50,50,1.0,12,12,0.0,2.0,4,2,7200,1.6750793096761758,0.40757575757575754,0.35909090909090907,1.0690786867443989,0.3462121212121212,1.0344028363281237,0.6007299832123423,0,0.475
cluster_skew_overlap,12,cells,post_footprint_off,post,footprint,off,5,50,50,1.0,12,12,0.0,2.0,4,2,7200,4.9021607531698885,0.8590909090909092,0.8,2.3594695555817013,0.8590909090909091,0.09818367432146292,0.5442645313429693,0,1.201
cluster_skew_overlap,12,cells,post_footprint_on,post,footprint,on,5,50,26,1.0,12,12,0.0,2.0,4,2,3744,4.950225529665549,0.8143939393939394,0.7,2.39537512786798,0.8143939393939394,0.09647503019402326,0.5747501240672293,0,0.623
cluster_skew_overlap,12,cells,post_mass_off,post,mass,off,5,50,50,1.0,12,12,0.0,2.0,4,2,7200,4.852688356992883,0.8587121212121213,0.8,2.3495044288098272,0.8587121212121213,0.09977264025159027,0.5441959633146615,0,0.487
cluster_skew_overlap,12,cells,post_mass_on,post,mass,on,5,50,30,1.0,12,12,0.0,2.0,4,2,4320,4.903089967018779,0.8117424242424242,0.7,2.3793771040583063,0.8117424242424243,0.0979001059716949,0.5752135632347589,0,0.27
cluster_skew_overlap,12,cells,pre_none_off,pre,none,off,5,50,50,1.0,12,12,0.0,2.0,4,2,7200,4.758871543755695,0.8583333333333334,0.8,2.3465062753692223,0.8583333333333333,0.10361288250386881,0.5444598832927721,0,0.461
cluster_skew_overlap,12,cells,pre_none_on,pre,none,on,5,50,50,1.0,12,12,0.0,2.0,4,2,7200,3.836825203049418,0.40492424242424246,0.3409090909090909,1.0719186879194793,0.34356060606060607,0.17131103787807278,0.5948342387738106,0,0.444
cluster_skew_overlap,12,cells,pre_footprint_off,pre,footprint,off,5,50,50,1.0,12,12,0.0,2.0,4,2,7200,5.258513594047891,0.8598484848484849,0.8045454545454546,2.6439050673030766,0.8598484848484849,0.09561364070814159,0.5558574889712056,0,1.097
cluster_skew_overlap,12,cells,pre_footprint_on,pre,footprint,on,5,50,23,1.0,12,12,0.0,2.0,4,2,3312,5.283332199272329,0.8367424242424241,0.7363636363636363,2.5517538371096995,0.8367424242424243,0.09436745748867077,0.5679671298691195,0,0.53
cluster_skew_overlap,12,cells,pre_mass_off,pre,mass,off,5,50,50,1.0,12,12,0.0,2.0,4,2,7200,5.254398086422527,0.859469696969697,0.8045454545454546,2.6412442216246403,0.859469696969697,0.09566710107022418,0.5557325540545868,0,0.474
cluster_skew_overlap,12,cells,pre_mass_on,pre,mass,on,5,50,23,1.0,12,12,0.0,2.0,4,2,3312,5.279552881769115,0.8348484848484848,0.7363636363636363,2.540754124834076,0.8348484848484848,0.09441719323375584,0.568384018243683,0,0.23
cluster_skew_overlap,12,cells,post_fpmask_off,post,fpmask,off,5,50,50,1.0,12,12,0.0,2.0,4,2,7200,3.117378864559621,0.5446969696969697,0.4681818181818182,2.6422121633995332,0.4837121212121212,0.2718870447811642,0.6835877023140212,0,1.147
cluster_skew_overlap,12,cells,post_massmask_off,post,massmask,off,5,50,50,1.0,12,12,0.0,2.0,4,2,7200,2.889490549917888,0.6109848484848485,0.4636363636363636,2.7029655173065295,0.5287878787878788,0.32374118227996534,0.6964574079697652,0,0.508
cluster_skew_overlap,12,cells,pre_fpmask_off,pre,fpmask,off,5,50,50,1.0,12,12,0.0,2.0,4,2,7200,4.806524941752375,0.859469696969697,0.8045454545454546,2.44459942619711,0.859469696969697,0.1058145294358952,0.5488991074832298,0,1.163
cluster_skew_overlap,12,cells,pre_massmask_off,pre,massmask,off,5,50,50,1.0,12,12,0.0,2.0,4,2,7200,4.746091981245305,0.8609848484848485,0.8045454545454546,2.425696361701401,0.8609848484848485,0.10768721248415797,0.5480926187595325,0,0.487
cluster_skew_overlap,13,cells,post_none_off,post,none,off,5,50,50,1.0,12,12,0.0,2.0,4,2,7200,1.647866796856078,0.6875,0.5045454545454545,2.93600212996751,0.5731060606060606,1.0812152435757512,0.7590562436136071,0,0.472
cluster_skew_overlap,13,cells,post_none_on,post,none,on,5,50,50,1.0,12,12,0.0,2.0,4,2,7200,0.9344402760523818,0.41363636363636364,0.36818181818181817,1.104861203879576,0.35378787878787876,3.6115037728736756,0.6026573256768859,0,0.477
cluster_skew_overlap,13,cells,post_footprint_off,post,footprint,off,5,50,50,1.0,12,12,0.0,2.0,4,2,7200,5.120801215101641,0.868939393939394,0.8227272727272728,2.364251971950195,0.8689393939393939,0.09016083506287076,0.5390451004442479,0,1.107
cluster_skew_overlap,13,cells,post_footprint_on,post,footprint,on,5,50,31,1.0,12,12,0.0,2.0,4,2,4464,5.151242696230332,0.8200757575757577,0.759090909090909,2.3783183244279633,0.8200757575757576,0.08922307187795356,0.56800056825537,0,0.674
cluster_skew_overlap,13,cells,post_mass_off,post,mass,off,5,50,50,1.0,12,12,0.0,2.0,4,2,7200,5.050630634345685,0.868560606060606,0.8227272727272728,2.347375707834579,0.868560606060606,0.09202194083142393,0.538615312763236,0,0.448
cluster_skew_overlap,13,cells,post_mass_on,post,mass,on,5,50,30,1.0,12,12,0.0,2.0,4,2,4320,5.08471400053277,0.8143939393939393,0.7545454545454545,2.3562484583060885,0.8143939393939394,0.09093310151925421,0.5691697224882661,0,0.277
cluster_skew_overlap,13,cells,pre_none_off,pre,none,off,5,50,50,1.0,12,12,0.0,2.0,4,2,7200,5.059941137830702,0.8696969696969696,0.8227272727272728,2.3277269048771307,0.8696969696969697,0.09091616264784688,0.538349212896006,0,0.454
cluster_skew_overlap,13,cells,pre_none_on,pre,none,on,5,50,50,1.0,12,12,0.0,2.0,4,2,7200,4.26221226026352,0.4162878787878788,0.33181818181818185,1.1094152734246834,0.37462121212121213,0.12877328696694387,0.5911164626006618,0,0.47
cluster_skew_overlap,13,cells,pre_footprint_off,pre,footprint,off,5,50,50,1.0,12,12,0.0,2.0,4,2,7200,5.631437976681406,0.8678030303030303,0.8045454545454546,2.595857023289358,0.8678030303030303,0.08185442420270779,0.5480954133628233,0,1.106
cluster_skew_overlap,13,cells,pre_footprint_on,pre,footprint,on,5,50,25,1.0,12,12,0.0,2.0,4,2,3600,5.638205768838695,0.8390151515151515,0.7727272727272727,2.5005490630587137,0.8390151515151515,0.08161551012741498,0.5601156656111534,0,0.554
cluster_skew_overlap,13,cells,pre_mass_off,pre,mass,off,5,50,50,1.0,12,12,0.0,2.0,4,2,7200,5.622604749711743,0.8681818181818182,0.8090909090909091,2.592552800430394,0.8681818181818182,0.08200729742119574,0.547937116535592,0,0.478
cluster_skew_overlap,13,cells,pre_mass_on,pre,mass,on,5,50,24,1.0,12,12,0.0,2.0,4,2,3456,5.632449950409561,0.8363636363636364,0.7772727272727272,2.486481355879888,0.8363636363636363,0.0817066116390337,0.5609550684952358,0,0.236
cluster_skew_overlap,13,cells,post_fpmask_off,post,fpmask,off,5,50,50,1.0,12,12,0.0,2.0,4,2,7200,3.168282430888718,0.6462121212121211,0.509090909090909,2.6148256507103853,0.6431818181818182,0.260492340899084,0.6638980902745188,0,1.166
cluster_skew_overlap,13,cells,post_massmask_off,post,massmask,off,5,50,50,1.0,12,12,0.0,2.0,4,2,7200,3.1779706064185,0.6431818181818182,0.5,2.609531189662018,0.6401515151515151,0.25838228818503994,0.6635694171630655,0,0.47
cluster_skew_overlap,13,cells,pre_fpmask_off,pre,fpmask,off,5,50,50,1.0,12,12,0.0,2.0,4,2,7200,5.202446255408248,0.8655303030303031,0.8181818181818182,2.378861955447658,0.865530303030303,0.08789294896536494,0.5392630821369045,0,1.13
cluster_skew_overlap,13,cells,pre_massmask_off,pre,massmask,off,5,50,50,1.0,12,12,0.0,2.0,4,2,7200,5.135691990148392,0.8678030303030302,0.8227272727272728,2.3723833708885307,0.8678030303030303,0.0899470517114008,0.5395389310888509,0,0.485
cluster_skew_overlap,14,cells,post_none_off,post,none,off,5,50,50,1.0,12,12,0.0,2.0,4,2,7200,2.0443794916041482,0.7624999999999998,0.6454545454545455,2.7148917311699887,0.7625,0.6495752714831288,0.731792432618942,0,0.483
cluster_skew_overlap,14,cells,post_none_on,post,none,on,5,50,50,1.0,12,12,0.0,2.0,4,2,7200,0.8303333584561626,0.4178030303030303,0.33181818181818185,1.0629762780942646,0.3693181818181818,4.259109314187433,0.6052171099311561,0,0.477
cluster_skew_overlap,14,cells,post_footprint_off,post,footprint,off,5,50,50,1.0,12,12,0.0,2.0,4,2,7200,4.690645260646185,0.8662878787878788,0.7954545454545454,2.227731516617421,0.8662878787878788,0.10125061490771681,0.5311449609711021,0,1.096
cluster_skew_overlap,14,cells,post_footprint_on,post,footprint,on,5,50,23,1.0,12,12,0.0,2.0,4,2,3312,4.765625915060929,0.8189393939393939,0.740909090909091,2.2579068375568907,0.818939393939394,0.09844946735718657,0.5625256286075305,0,0.51
cluster_skew_overlap,14,cells,post_mass_off,post,mass,off,5,50,50,1.0,12,12,0.0,2.0,4,2,7200,4.67974678247371,0.8659090909090909,0.8045454545454546,2.221837863189634,0.865909090909091,0.10145364497024954,0.5310851821372713,0,0.472
cluster_skew_overlap,14,cells,post_mass_on,post,mass,on,5,50,22,1.0,12,12,0.0,2.0,4,2,3168,4.751413849334778,0.8174242424242424,0.740909090909091,2.248633124469852,0.8174242424242424,0.09877468007316356,0.5631735498846845,0,0.215
cluster_skew_overlap,14,cells,pre_none_off,pre,none,off,5,50,50,1.0,12,12,0.0,2.0,4,2,7200,4.598562263718374,0.868939393939394,0.7818181818181819,2.215111236499619,0.8689393939393939,0.10474936474601615,0.530430107959978,0,0.472
cluster_skew_overlap,14,cells,pre_none_on,pre,none,on,5,50,50,1.0,12,12,0.0,2.0,4,2,7200,4.711624516455922,0.42537878787878786,0.37727272727272726,1.068321673434806,0.39924242424242423,0.10146441581613283,0.5910281962363625,0,0.497
cluster_skew_overlap,14,cells,pre_footprint_off,pre,footprint,off,5,50,50,1.0,12,12,0.0,2.0,4,2,7200,5.253439973847244,0.8662878787878787,0.7954545454545454,2.472847226593298,0.8662878787878788,0.08960035650040661,0.5420636613689997,0,1.2
cluster_skew_overlap,14,cells,pre_footprint_on,pre,footprint,on,5,50,21,1.0,12,12,0.0,2.0,4,2,3024,5.274203501675149,0.8401515151515152,0.759090909090909,2.3828659928642586,0.8401515151515152,0.08885841883473476,0.5548451238023752,0,0.517
cluster_skew_overlap,14,cells,pre_mass_off,pre,mass,off,5,50,50,1.0,12,12,0.0,2.0,4,2,7200,5.248565829476062,0.8659090909090909,0.7954545454545454,2.47114954358104,0.865909090909091,0.08970522308326821,0.5419905612927763,0,0.49
cluster_skew_overlap,14,cells,pre_mass_on,pre,mass,on,5,50,21,1.0,12,12,0.0,2.0,4,2,3024,5.270761116661427,0.8382575757575758,0.759090909090909,2.3750736934818497,0.8382575757575758,0.0889249815358613,0.5553570638330483,0,0.21
cluster_skew_overlap,14,cells,post_fpmask_off,post,fpmask,off,5,50,50,1.0,12,12,0.0,2.0,4,2,7200,3.2528328000277345,0.828030303030303,0.7636363636363637,2.310614901643022,0.828030303030303,0.21837558871504964,0.6138275808948629,0,1.16
cluster_skew_overlap,14,cells,post_massmask_off,post,massmask,off,5,50,50,1.0,12,12,0.0,2.0,4,2,7200,3.4071055299061914,0.8481060606060605,0.7681818181818182,2.3009689327926686,0.8481060606060606,0.1982163999774251,0.6213206460788563,0,0.518
cluster_skew_overlap,14,cells,pre_fpmask_off,pre,fpmask,off,5,50,50,1.0,12,12,0.0,2.0,4,2,7200,4.62385220812533,0.8696969696969696,0.7818181818181819,2.3038572316360826,0.8696969696969697,0.10775754142552828,0.53396356345863,0,1.249
cluster_skew_overlap,14,cells,pre_massmask_off,pre,massmask,off,5,50,50,1.0,12,12,0.0,2.0,4,2,7200,4.660247736355566,0.8666666666666667,0.7818181818181819,2.2722033230416714,0.8666666666666667,0.1046234850135177,0.5328407437013681,0,0.492
cluster_skew_overlap,15,cells,post_none_off,post,none,off,5,50,50,1.0,12,12,0.0,2.0,4,2,7200,1.6220650305683497,0.6890151515151515,0.5227272727272727,2.8104081297602583,0.6321969696969697,1.0681515372354098,0.7604309569373549,0,0.464
cluster_skew_overlap,15,cells,post_none_on,post,none,on,5,50,50,1.0,12,12,0.0,2.0,4,2,7200,1.4334354423638247,0.39999999999999997,0.35454545454545455,1.0883956949998161,0.3840909090909091,1.3873943008575829,0.6074163982684873,0,0.449
cluster_skew_overlap,15,cells,post_footprint_off,post,footprint,off,5,50,50,1.0,12,12,0.0,2.0,4,2,7200,4.3142295976235845,0.8579545454545454,0.7954545454545454,2.2828811680187693,0.8579545454545454,0.1226526109437544,0.5444805812868985,0,1.121
cluster_skew_overlap,15,cells,post_footprint_on,post,footprint,on,5,50,21,1.0,12,12,0.0,2.0,4,2,3024,4.371244155318497,0.8075757575757575,0.7,2.3098156709713686,0.8075757575757576,0.12010562570376104,0.5760839876352536,0,0.503
cluster_skew_overlap,15,cells,post_mass_off,post,mass,off,5,50,50,1.0,12,12,0.0,2.0,4,2,7200,4.277489171076085,0.8579545454545454,0.7954545454545454,2.275405697411943,0.8579545454545454,0.12436008313081537,0.5444471751366321,0,0.471
cluster_skew_overlap,15,cells,post_mass_on,post,mass,on,5,50,20,1.0,12,12,0.0,2.0,4,2,2880,4.3476330106064776,0.8075757575757576,0.7045454545454546,2.299231064964847,0.8075757575757576,0.12099734429505629,0.5768828357019474,0,0.2
cluster_skew_overlap,15,cells,pre_none_off,pre,none,off,5,50,50,1.0,12,12,0.0,2.0,4,2,7200,4.261153522462936,0.8571969696969696,0.7818181818181819,2.2663168175944306,0.8571969696969697,0.12481484988364629,0.5449951981245387,0,0.479
cluster_skew_overlap,15,cells,pre_none_on,pre,none,on,5,50,50,1.0,12,12,0.0,2.0,4,2,7200,4.103354217177147,0.40757575757575765,0.36363636363636365,1.0949691469120102,0.3893939393939394,0.13661610587193201,0.5989490886018862,0,0.499
cluster_skew_overlap,15,cells,pre_footprint_off,pre,footprint,off,5,50,50,1.0,12,12,0.0,2.0,4,2,7200,4.830958764409668,0.8583333333333334,0.7909090909090909,2.5419853736802622,0.8583333333333333,0.10891968742584018,0.5551252575507368,0,1.171
cluster_skew_overlap,15,cells,pre_footprint_on,pre,footprint,on,5,50,20,1.0,12,12,0.0,2.0,4,2,2880,4.860117019277754,0.8276515151515152,0.7090909090909091,2.448669145420073,0.8276515151515151,0.10797317947184874,0.5675368802161871,0,0.473
cluster_skew_overlap,15,cells,pre_mass_off,pre,mass,off,5,50,50,1.0,12,12,0.0,2.0,4,2,7200,4.833591766342812,0.859090909090909,0.7909090909090909,2.5400219645235014,0.8590909090909091,0.10871701906104467,0.555032543094132,0,0.49
cluster_skew_overlap,15,cells,pre_mass_on,pre,mass,on,5,50,17,1.0,12,12,0.0,2.0,4,2,2448,4.860532125376091,0.8253787878787878,0.7090909090909091,2.440229311593137,0.8253787878787879,0.10792048393962866,0.5681724543498952,0,0.17
cluster_skew_overlap,15,cells,post_fpmask_off,post,fpmask,off,5,50,50,1.0,12,12,0.0,2.0,4,2,7200,3.1651845783358383,0.5602272727272727,0.44545454545454544,2.652274782551342,0.49166666666666664,0.2647405300132692,0.69114178074497,0,1.207
cluster_skew_overlap,15,cells,post_massmask_off,post,massmask,off,5,50,50,1.0,12,12,0.0,2.0,4,2,7200,3.165150898104104,0.5602272727272727,0.44545454545454544,2.6522773550449457,0.49166666666666664,0.26474642101048185,0.6911432190251944,0,0.48
cluster_skew_overlap,15,cells,pre_fpmask_off,pre,fpmask,off,5,50,50,1.0,12,12,0.0,2.0,4,2,7200,4.374503227791801,0.8556818181818183,0.7863636363636364,2.368096842836396,0.8556818181818182,0.1237490792203263,0.5497411463444463,0,1.087
cluster_skew_overlap,15,cells,pre_massmask_off,pre,massmask,off,5,50,50,1.0,12,12,0.0,2.0,4,2,7200,4.33961009088507,0.856060606060606,0.7863636363636364,2.3490329196078434,0.8560606060606061,0.12473481357293249,0.5488920157986472,0,0.489
cluster_skew_overlap,16,cells,post_none_off,post,none,off,5,50,50,1.0,12,12,0.0,2.0,4,2,7200,2.6329066596651347,0.8465909090909092,0.7363636363636363,2.517825198901957,0.8465909090909091,0.3632073677513718,0.6755260709382855,0,0.44
cluster_skew_overlap,16,cells,post_none_on,post,none,on,5,50,50,1.0,12,12,0.0,2.0,4,2,7200,0.8699066901157075,0.40984848484848485,0.36818181818181817,1.1054503263041706,0.3553030303030303,3.7642492336367512,0.5942025993529086,0,0.477
cluster_skew_overlap,16,cells,post_footprint_off,post,footprint,off,5,50,50,1.0,12,12,0.0,2.0,4,2,7200,4.505459546199377,0.8511363636363636,0.7863636363636364,2.3147409028461334,0.8511363636363637,0.11403133185357334,0.541747081078118,0,1.176
cluster_skew_overlap,16,cells,post_footprint_on,post,footprint,on,5,50,27,1.0,12,12,0.0,2.0,4,2,3888,4.511469495510958,0.8053030303030303,0.7045454545454546,2.333288707704857,0.8053030303030303,0.11390307119681231,0.5676983089011891,0,0.646
cluster_skew_overlap,16,cells,post_mass_off,post,mass,off,5,50,50,1.0,12,12,0.0,2.0,4,2,7200,4.471501023261,0.8484848484848486,0.7727272727272727,2.3020122388383712,0.8484848484848485,0.11513330173438421,0.541490730022748,0,0.478
cluster_skew_overlap,16,cells,post_mass_on,post,mass,on,5,50,28,1.0,12,12,0.0,2.0,4,2,4032,4.4784425376649875,0.8030303030303031,0.6954545454545454,2.3123649062046514,0.803030303030303,0.1149784868029829,0.5680880474878468,0,0.275
cluster_skew_overlap,16,cells,pre_none_off,pre,none,off,5,50,50,1.0,12,12,0.0,2.0,4,2,7200,4.40523284692683,0.8500000000000001,0.7818181818181819,2.2752721210735736,0.85,0.11724534470525892,0.5407090843589855,0,0.49
cluster_skew_overlap,16,cells,pre_none_on,pre,none,on,5,50,50,1.0,12,12,0.0,2.0,4,2,7200,2.92798579619842,0.4128787878787879,0.36818181818181817,1.1121387405468126,0.3625,0.27757881296114617,0.5885186779685188,0,0.521
cluster_skew_overlap,16,cells,pre_footprint_off,pre,footprint,off,5,50,50,1.0,12,12,0.0,2.0,4,2,7200,4.932331886434463,0.8507575757575757,0.7863636363636364,2.549112029415807,0.8507575757575757,0.1047814343186115,0.5514037009232687,0,1.112
cluster_skew_overlap,16,cells,pre_footprint_on,pre,footprint,on,5,50,25,1.0,12,12,0.0,2.0,4,2,3600,4.933067959104535,0.8253787878787878,0.75,2.4579027965890585,0.8253787878787879,0.10444674391036923,0.5614159022364779,0,0.558
cluster_skew_overlap,16,cells,pre_mass_off,pre,mass,off,5,50,50,1.0,12,12,0.0,2.0,4,2,7200,4.9281342461371,0.850378787878788,0.7863636363636364,2.546394003925403,0.8503787878787878,0.10484809480479028,0.5512753301278288,0,0.493
cluster_skew_overlap,16,cells,pre_mass_on,pre,mass,on,5,50,24,1.0,12,12,0.0,2.0,4,2,3456,4.9287949928309756,0.8200757575757575,0.7227272727272728,2.444445164559538,0.8200757575757576,0.10455004528719955,0.5617153070317007,0,0.239
cluster_skew_overlap,16,cells,post_fpmask_off,post,fpmask,off,5,50,50,1.0,12,12,0.0,2.0,4,2,7200,3.3483272046497587,0.737121212121212,0.6454545454545455,2.4266034373196947,0.7371212121212121,0.21644274120867157,0.6363318350346647,0,1.128
cluster_skew_overlap,16,cells,post_massmask_off,post,massmask,off,5,50,50,1.0,12,12,0.0,2.0,4,2,7200,3.0105385729317957,0.7731060606060605,0.6772727272727272,2.4195157895009767,0.7731060606060606,0.2669562349363396,0.6418441981394931,0,0.492
cluster_skew_overlap,16,cells,pre_fpmask_off,pre,fpmask,off,5,50,50,1.0,12,12,0.0,2.0,4,2,7200,4.362616101679111,0.8473484848484848,0.7681818181818182,2.399930512781578,0.8473484848484848,0.12609697596390199,0.5470968020154372,0,1.126
cluster_skew_overlap,16,cells,pre_massmask_off,pre,massmask,off,5,50,50,1.0,12,12,0.0,2.0,4,2,7200,4.471810060391529,0.8484848484848485,0.7818181818181819,2.338459697539172,0.8484848484848485,0.11694002762175236,0.5430542162869222,0,0.473
cluster_skew_overlap,17,cells,post_none_off,post,none,off,5,50,50,1.0,12,12,0.0,2.0,4,2,7200,1.7363206678279548,0.6859848484848485,0.5363636363636364,2.8190415681939585,0.6859848484848485,0.9350645883825003,0.7555988536337819,0,0.483
cluster_skew_overlap,17,cells,post_none_on,post,none,on,5,50,50,1.0,12,12,0.0,2.0,4,2,7200,0.689319755293618,0.39356060606060606,0.32272727272727275,1.039889976637157,0.3397727272727273,6.161249547339741,0.6034527819461011,0,0.49
cluster_skew_overlap,17,cells,post_footprint_off,post,footprint,off,5,50,50,1.0,12,12,0.0,2.0,4,2,7200,4.323470289993306,0.8655303030303031,0.7954545454545454,2.332788597198977,0.865530303030303,0.12479880473915911,0.5485543360343339,0,1.154
cluster_skew_overlap,17,cells,post_footprint_on,post,footprint,on,5,50,41,1.0,12,12,0.0,2.0,4,2,5904,4.477706187772547,0.8015151515151513,0.6863636363636364,2.3504998478057573,0.8015151515151515,0.11652475527917074,0.5807146397145516,0,0.92
cluster_skew_overlap,17,cells,post_mass_off,post,mass,off,5,50,50,1.0,12,12,0.0,2.0,4,2,7200,4.29372958468136,0.8651515151515152,0.7909090909090909,2.333236584239138,0.8651515151515151,0.12655794037389256,0.548900304072397,0,0.465
cluster_skew_overlap,17,cells,post_mass_on,post,mass,on,5,50,46,1.0,12,12,0.0,2.0,4,2,6624,4.4624888333482415,0.8018939393939393,0.6818181818181818,2.3483535556186865,0.8018939393939394,0.11736001556618202,0.5805704248638907,0,0.438
cluster_skew_overlap,17,cells,pre_none_off,pre,none,off,5,50,50,1.0,12,12,0.0,2.0,4,2,7200,4.350744710926914,0.8659090909090909,0.8,2.3305338428182876,0.865909090909091,0.12311988810255384,0.5477348017167656,0,0.466
cluster_skew_overlap,17,cells,pre_none_on,pre,none,on,5,50,41,1.0,12,12,0.0,2.0,4,2,5904,3.29726365235479,0.39659090909090916,0.32272727272727275,1.0470613265309792,0.35378787878787876,0.2329815705214774,0.5965201001570893,0,0.407
cluster_skew_overlap,17,cells,pre_footprint_off,pre,footprint,off,5,50,50,1.0,12,12,0.0,2.0,4,2,7200,4.976563686422814,0.8666666666666667,0.8090909090909091,2.609615790954231,0.8666666666666667,0.10537011140030296,0.5574502505878746,0,1.128
cluster_skew_overlap,17,cells,pre_footprint_on,pre,footprint,on,5,50,27,1.0,12,12,0.0,2.0,4,2,3888,5.069511929923855,0.8325757575757575,0.7227272727272728,2.510462692092197,0.8325757575757575,0.1014929082616491,0.5708315281926767,0,0.6
cluster_skew_overlap,17,cells,pre_mass_off,pre,mass,off,5,50,50,1.0,12,12,0.0,2.0,4,2,7200,4.97100172091036,0.8666666666666667,0.8090909090909091,2.609277812052356,0.8666666666666667,0.10559235946043517,0.5574496535781462,0,0.458
cluster_skew_overlap,17,cells,pre_mass_on,pre,mass,on,5,50,28,1.0,12,12,0.0,2.0,4,2,4032,5.0649296099274705,0.8306818181818182,0.7227272727272728,2.505275601899657,0.8306818181818182,0.10167445882850831,0.571077878802347,0,0.285
cluster_skew_overlap,17,cells,post_fpmask_off,post,fpmask,off,5,50,50,1.0,12,12,0.0,2.0,4,2,7200,3.022636749012369,0.5738636363636364,0.5,2.6036324209046326,0.5704545454545454,0.2849756510304277,0.6653957338356754,0,1.107
cluster_skew_overlap,17,cells,post_massmask_off,post,massmask,off,5,50,50,1.0,12,12,0.0,2.0,4,2,7200,2.076639575807778,0.6022727272727273,0.5045454545454545,2.624230389493439,0.6003787878787878,0.6085267972740934,0.6996050116099406,0,0.499
cluster_skew_overlap,17,cells,pre_fpmask_off,pre,fpmask,off,5,50,50,1.0,12,12,0.0,2.0,4,2,7200,4.392632263665979,0.8662878787878788,0.8045454545454546,2.4519575032226646,0.8662878787878788,0.1270759147331055,0.5532588680988585,0,1.365
cluster_skew_overlap,17,cells,pre_massmask_off,pre,massmask,off,5,50,50,1.0,12,12,0.0,2.0,4,2,7200,4.424596239896746,0.8655303030303031,0.8090909090909091,2.410602486405509,0.865530303030303,0.12313409089527093,0.5504155661362146,0,0.512
cluster_skew_overlap,18,cells,post_none_off,post,none,off,5,50,50,1.0,12,12,0.0,2.0,4,2,7200,2.1144803182773635,0.7068181818181819,0.5227272727272727,2.7663203664643494,0.6193181818181818,0.6187214607132197,0.7367610209267847,0,0.483
cluster_skew_overlap,18,cells,post_none_on,post,none,on,5,50,50,1.0,12,12,0.0,2.0,4,2,7200,0.6286355193843242,0.3958333333333333,0.35454545454545455,1.083641884421099,0.3231060606060606,7.292000916339239,0.6137492694221988,0,0.492
cluster_skew_overlap,18,cells,post_footprint_off,post,footprint,off,5,50,50,1.0,12,12,0.0,2.0,4,2,7200,4.855254210774189,0.8606060606060607,0.8272727272727273,2.297028063144425,0.8606060606060606,0.0974411394685988,0.5437814416890654,0,1.133
cluster_skew_overlap,18,cells,post_footprint_on,post,footprint,on,5,50,31,1.0,12,12,0.0,2.0,4,2,4464,4.900256138704192,0.8053030303030303,0.7,2.329118976246241,0.8053030303030303,0.0960887567117848,0.5773764981774272,0,0.714
cluster_skew_overlap,18,cells,post_mass_off,post,mass,off,5,50,50,1.0,12,12,0.0,2.0,4,2,7200,4.871057935114363,0.8594696969696972,0.8272727272727273,2.2907086350684955,0.859469696969697,0.09654354972496938,0.5434512570755197,0,0.474
cluster_skew_overlap,18,cells,post_mass_on,post,mass,on,5,50,29,1.0,12,12,0.0,2.0,4,2,4176,4.911763685409708,0.8060606060606061,0.7227272727272728,2.32443366121832,0.806060606060606,0.0953994680838459,0.5779474782630223,0,0.265
cluster_skew_overlap,18,cells,pre_none_off,pre,none,off,5,50,50,1.0,12,12,0.0,2.0,4,2,7200,4.741969889520363,0.859469696969697,0.8318181818181818,2.275629727867861,0.859469696969697,0.10120081607262836,0.5430698612092182,0,0.477
cluster_skew_overlap,18,cells,pre_none_on,pre,none,on,5,50,49,1.0,12,12,0.0,2.0,4,2,7056,4.634278690449827,0.3924242424242424,0.35454545454545455,1.0899068243403605,0.3553030303030303,0.10631112766625819,0.6109378605647794,0,0.452
cluster_skew_overlap,18,cells,pre_footprint_off,pre,footprint,off,5,50,50,1.0,12,12,0.0,2.0,4,2,7200,5.307519511368587,0.859848484848485,0.8227272727272728,2.5805337810081266,0.8598484848484849,0.0916065125469399,0.5566256784161033,0,1.165
cluster_skew_overlap,18,cells,pre_footprint_on,pre,footprint,on,5,50,35,1.0,12,12,0.0,2.0,4,2,5040,5.322659189016265,0.8325757575757576,0.7318181818181818,2.4785042150100534,0.8325757575757575,0.09117223698001653,0.5689644514690686,0,0.772
cluster_skew_overlap,18,cells,pre_mass_off,pre,mass,off,5,50,50,1.0,12,12,0.0,2.0,4,2,7200,5.31139790912942,0.859469696969697,0.8227272727272728,2.5792698208499507,0.859469696969697,0.09142797483405483,0.5565577994674785,0,0.455
cluster_skew_overlap,18,cells,pre_mass_on,pre,mass,on,5,50,37,1.0,12,12,0.0,2.0,4,2,5328,5.324015112795036,0.8318181818181819,0.7363636363636363,2.4729099835142097,0.8318181818181818,0.09111418773513155,0.5695174945297841,0,0.34
cluster_skew_overlap,18,cells,post_fpmask_off,post,fpmask,off,5,50,50,1.0,12,12,0.0,2.0,4,2,7200,2.9541745514788875,0.7303030303030305,0.5818181818181818,2.4950441024809233,0.7303030303030303,0.28589457955243974,0.6584397324951266,0,1.103
cluster_skew_overlap,18,cells,post_massmask_off,post,massmask,off,5,50,50,1.0,12,12,0.0,2.0,4,2,7200,2.6778809784075097,0.6401515151515151,0.42727272727272725,2.7210712146500735,0.5886363636363636,0.3794524553079671,0.7206002014816221,0,0.468
cluster_skew_overlap,18,cells,pre_fpmask_off,pre,fpmask,off,5,50,50,1.0,12,12,0.0,2.0,4,2,7200,4.792024811944143,0.8594696969696969,0.8272727272727273,2.3630222404105634,0.859469696969697,0.10290339257345774,0.5474985874672252,0,1.346
cluster_skew_overlap,18,cells,pre_massmask_off,pre,massmask,off,5,50,50,1.0,12,12,0.0,2.0,4,2,7200,4.791005416791452,0.8579545454545454,0.8318181818181818,2.3321946439213095,0.8579545454545454,0.10160415535474104,0.545438151408271,0,0.522
cluster_skew_overlap,19,cells,post_none_off,post,none,off,5,50,50,1.0,12,12,0.0,2.0,4,2,7200,1.6750901969773588,0.5977272727272728,0.4954545454545455,2.8474021442047803,0.5784090909090909,1.01478120197416,0.7708600511879619,0,0.455
cluster_skew_overlap,19,cells,post_none_on,post,none,on,5,50,50,1.0,12,12,0.0,2.0,4,2,7200,0.6194061492059625,0.40303030303030307,0.35909090909090907,1.0484799221730954,0.3431818181818182,7.743480691820958,0.6161575783794024,0,0.45
cluster_skew_overlap,19,cells,post_footprint_off,post,footprint,off,5,50,50,1.0,12,12,0.0,2.0,4,2,7200,4.503427401372735,0.8617424242424243,0.8,2.2750463609710914,0.8617424242424242,0.11217702528417514,0.5427912733251695,0,1.109
cluster_skew_overlap,19,cells,post_footprint_on,post,footprint,on,5,50,28,1.0,12,12,0.0,2.0,4,2,4032,4.615599290654363,0.8140151515151515,0.740909090909091,2.331933877917415,0.8140151515151515,0.1069613434330317,0.5779469776582878,0,0.641
cluster_skew_overlap,19,cells,post_mass_off,post,mass,off,5,50,50,1.0,12,12,0.0,2.0,4,2,7200,4.4579344190376835,0.8617424242424242,0.7954545454545454,2.269295172039378,0.8617424242424242,0.11418883408434097,0.5428050734156534,0,0.469
cluster_skew_overlap,19,cells,post_mass_on,post,mass,on,5,50,30,1.0,12,12,0.0,2.0,4,2,4320,4.582331890231255,0.8106060606060606,0.7181818181818181,2.3254065712208454,0.8106060606060606,0.10826910876558853,0.5781906795913243,0,0.307
cluster_skew_overlap,19,cells,pre_none_off,pre,none,off,5,50,50,1.0,12,12,0.0,2.0,4,2,7200,4.530813158860462,0.8587121212121214,0.7954545454545454,2.267221946693952,0.8587121212121213,0.11044389910983497,0.5421813645744742,0,0.475
cluster_skew_overlap,19,cells,pre_none_on,pre,none,on,5,50,50,1.0,12,12,0.0,2.0,4,2,7200,2.754032543739749,0.40265151515151515,0.35909090909090907,1.0522113293026003,0.35833333333333334,0.32345880006219013,0.6115582837360359,0,0.453
cluster_skew_overlap,19,cells,pre_footprint_off,pre,footprint,off,5,50,50,1.0,12,12,0.0,2.0,4,2,7200,5.104909535156964,0.8640151515151516,0.8090909090909091,2.537363896009258,0.8640151515151515,0.09736584907132674,0.5525179322661017,0,1.123
cluster_skew_overlap,19,cells,pre_footprint_on,pre,footprint,on,5,50,24,1.0,12,12,0.0,2.0,4,2,3456,5.141728049584324,0.8306818181818182,0.7681818181818182,2.4747022904089278,0.8306818181818182,0.09583817502231276,0.569027893621963,0,0.542
cluster_skew_overlap,19,cells,pre_mass_off,pre,mass,off,5,50,50,1.0,12,12,0.0,2.0,4,2,7200,5.099424573715094,0.8632575757575758,0.8045454545454546,2.536436475137727,0.8632575757575758,0.0975397515415912,0.552476828793833,0,0.458
cluster_skew_overlap,19,cells,pre_mass_on,pre,mass,on,5,50,23,1.0,12,12,0.0,2.0,4,2,3312,5.139105703188328,0.8299242424242426,0.759090909090909,2.468796945549412,0.8299242424242425,0.09591139425690778,0.569248198175364,0,0.227
cluster_skew_overlap,19,cells,post_fpmask_off,post,fpmask,off,5,50,50,1.0,12,12,0.0,2.0,4,2,7200,3.0027610130923263,0.5765151515151515,0.4863636363636364,2.6205488554404814,0.5632575757575757,0.29063688071807864,0.6812228300096738,0,1.224
cluster_skew_overlap,19,cells,post_massmask_off,post,massmask,off,5,50,50,1.0,12,12,0.0,2.0,4,2,7200,2.1975514704691164,0.6609848484848484,0.5,2.5737458961856476,0.6553030303030303,0.5329513363969454,0.6951279290755711,0,0.567
cluster_skew_overlap,19,cells,pre_fpmask_off,pre,fpmask,off,5,50,50,1.0,12,12,0.0,2.0,4,2,7200,4.585604827770264,0.8624999999999999,0.8,2.3723974183385037,0.8625,0.11282210304319108,0.546921503207477,0,1.247
cluster_skew_overlap,19,cells,pre_massmask_off,pre,massmask,off,5,50,50,1.0,12,12,0.0,2.0,4,2,7200,4.585602424511805,0.8609848484848485,0.8,2.342409514905359,0.8609848484848485,0.11139611037529376,0.5456293710397754,0,0.486
dirichlet_0.03,10,cells,post_none_off,post,none,off,5,50,50,1.0,12,12,0.0,2.0,4,2,7200,0.45613985309921673,0.6753787878787879,0.5409090909090909,8.113609521367298,0.6753787878787879,38.99582081341401,0.9189708949782004,0,0.485
dirichlet_0.03,10,cells,post_none_on,post,none,on,5,50,50,1.0,12,12,0.0,2.0,4,2,7200,1.5107090357198163,0.43636363636363634,0.3,0.36416966761202213,0.38181818181818183,3.4899908270425417,0.6025731261017147,0,0.479
dirichlet_0.03,10,cells,post_footprint_off,post,footprint,off,5,50,50,1.0,12,12,0.0,2.0,4,2,7200,5.576012468779081,1.0,1.0,2.026301476122044,1.0,0.06517133064124395,0.23907573360738363,0,1.071
dirichlet_0.03,10,cells,post_footprint_on,post,footprint,on,5,50,30,1.0,12,12,0.0,2.0,4,2,4320,6.939818654217388,1.0,1.0,1.3216359563020652,1.0,0.027942908141168243,0.17905873869774466,0,0.68
dirichlet_0.03,10,cells,post_mass_off,post,mass,off,5,50,50,1.0,12,12,0.0,2.0,4,2,7200,5.599128943746279,1.0,1.0,2.0206452163737434,1.0,0.06445388930674954,0.23840917467005332,0,0.485
dirichlet_0.03,10,cells,post_mass_on,post,mass,on,5,50,31,1.0,12,12,0.0,2.0,4,2,4464,6.951443880845819,1.0,1.0,1.3208895642846803,1.0,0.027783406518194498,0.17884231565478342,0,0.291
dirichlet_0.03,10,cells,pre_none_off,pre,none,off,5,50,50,1.0,12,12,0.0,2.0,4,2,7200,7.778096168591906,1.0,1.0,1.353402627754433,1.0,0.02237074247742694,0.15354272791706827,0,0.482
dirichlet_0.03,10,cells,pre_none_on,pre,none,on,5,50,50,1.0,12,12,0.0,2.0,4,2,7200,7.685244743892739,0.5113636363636364,0.4090909090909091,0.40943346509951223,0.49166666666666664,0.02467290981188836,0.5457166448163673,0,0.47
dirichlet_0.03,10,cells,pre_footprint_off,pre,footprint,off,5,50,50,1.0,12,12,0.0,2.0,4,2,7200,7.825577299424593,1.0,1.0,1.3701734479688488,1.0,0.0223739558060743,0.15519483922946523,0,1.064
dirichlet_0.03,10,cells,pre_footprint_on,pre,footprint,on,5,50,41,1.0,12,12,0.0,2.0,4,2,5904,8.475407531547116,1.0,1.0,1.3885847156862077,1.0,0.019053596394336215,0.15844221797967004,0,0.945
dirichlet_0.03,10,cells,pre_mass_off,pre,mass,off,5,50,50,1.0,12,12,0.0,2.0,4,2,7200,7.826458823546929,1.0,1.0,1.3700594466111027,1.0,0.022367054819145644,0.15518139714822451,0,0.579
dirichlet_0.03,10,cells,pre_mass_on,pre,mass,on,5,50,40,1.0,12,12,0.0,2.0,4,2,5760,8.486772415396535,1.0,1.0,1.376306764525402,1.0,0.018438912344967154,0.1597678259586628,0,0.435
dirichlet_0.03,10,cells,post_fpmask_off,post,fpmask,off,5,50,50,1.0,12,12,0.0,2.0,4,2,7200,0.6500864009776183,0.6848484848484849,0.5,7.656912452795483,0.5704545454545454,18.118052721500366,0.8530363715326199,0,1.283
dirichlet_0.03,10,cells,post_massmask_off,post,massmask,off,5,50,50,1.0,12,12,0.0,2.0,4,2,7200,0.6500864009775937,0.6848484848484849,0.5,7.656912452795486,0.5704545454545454,18.118052721501737,0.853036371532622,0,0.495
dirichlet_0.03,10,cells,pre_fpmask_off,pre,fpmask,off,5,50,50,1.0,12,12,0.0,2.0,4,2,7200,7.557524664720456,1.0,1.0,1.4029476574512845,1.0,0.024563051671053035,0.1573887158819231,0,1.131
dirichlet_0.03,10,cells,pre_massmask_off,pre,massmask,off,5,50,50,1.0,12,12,0.0,2.0,4,2,7200,7.578188255278016,1.0,1.0,1.4060259109874471,1.0,0.024482882301944772,0.1575455798401777,0,0.494
dirichlet_0.03,11,cells,post_none_off,post,none,off,5,50,50,1.0,12,12,0.0,2.0,4,2,7200,7.039277728428327e-10,0.8693181818181818,0.5636363636363636,8.464116522177473,0.8693181818181818,1.7081477491088065e+19,0.9724553088189004,0,0.466
dirichlet_0.03,11,cells,post_none_on,post,none,on,5,50,46,1.0,12,12,0.0,2.0,4,2,6624,0.8519118380697173,0.45075757575757575,0.37272727272727274,0.3543515868066001,0.3549242424242424,11.63981773687141,0.5938104736681215,0,0.45
dirichlet_0.03,11,cells,post_footprint_off,post,footprint,off,5,50,50,1.0,12,12,0.0,2.0,4,2,7200,6.568549838304572,1.0,1.0,2.351435435252339,1.0,0.05449969348001144,0.2496379914334337,0,1.121
dirichlet_0.03,11,cells,post_footprint_on,post,footprint,on,5,50,37,1.0,12,12,0.0,2.0,4,2,5328,7.3837233163545255,1.0,1.0,1.3279730185051188,1.0,0.0255387261070856,0.18407683919343953,0,0.795
dirichlet_0.03,11,cells,post_mass_off,post,mass,off,5,50,50,1.0,12,12,0.0,2.0,4,2,7200,6.679413198062516,1.0,1.0,2.16302775252797,1.0,0.04848255188491739,0.22773619013387206,0,0.465
dirichlet_0.03,11,cells,post_mass_on,post,mass,on,5,50,50,1.0,12,12,0.0,2.0,4,2,7200,7.419681866492624,1.0,1.0,1.3722680618802214,1.0,0.02820904687557098,0.18945141857324477,0,0.462
dirichlet_0.03,11,cells,pre_none_off,pre,none,off,5,50,50,1.0,12,12,0.0,2.0,4,2,7200,8.189452301126126,1.0,1.0,1.355397891886692,1.0,0.02020957080241023,0.155373729967793,0,0.449
dirichlet_0.03,11,cells,pre_none_on,pre,none,on,5,50,50,1.0,12,12,0.0,2.0,4,2,7200,8.066171515835968,0.5113636363636364,0.4,0.36421411604690396,0.5011363636363636,0.01855559404500815,0.5525837475629377,0,0.47
dirichlet_0.03,11,cells,pre_footprint_off,pre,footprint,off,5,50,50,1.0,12,12,0.0,2.0,4,2,7200,8.191824722394744,1.0,1.0,1.3728128166425027,1.0,0.02045738048048774,0.15417682609201752,0,1.151
dirichlet_0.03,11,cells,pre_footprint_on,pre,footprint,on,5,50,40,1.0,12,12,0.0,2.0,4,2,5760,8.132512119990311,1.0,1.0,1.371537363259404,1.0,0.02048155917008247,0.16371506149523468,0,1.009
dirichlet_0.03,11,cells,pre_mass_off,pre,mass,off,5,50,50,1.0,12,12,0.0,2.0,4,2,7200,8.19188996320609,1.0,1.0,1.372845655308122,1.0,0.02045754398102961,0.1541799696031243,0,0.524
dirichlet_0.03,11,cells,pre_mass_on,pre,mass,on,5,50,40,1.0,12,12,0.0,2.0,4,2,5760,8.13276318911351,1.0,1.0,1.3715717147253172,1.0,0.020481215586692077,0.1637152679212854,0,0.437
dirichlet_0.03,11,cells,post_fpmask_off,post,fpmask,off,5,50,50,1.0,12,12,0.0,2.0,4,2,7200,2.1245942871043932,0.8681818181818182,0.6909090909090909,6.436976790930459,0.7965909090909091,1.4260341454574226,0.743444625805225,0,1.168
dirichlet_0.03,11,cells,post_massmask_off,post,massmask,off,5,50,50,1.0,12,12,0.0,2.0,4,2,7200,2.29440869883641,0.8386363636363635,0.5136363636363637,6.449616946853909,0.7878787878787878,1.2251587353258693,0.747449238985324,0,0.504
dirichlet_0.03,11,cells,pre_fpmask_off,pre,fpmask,off,5,50,50,1.0,12,12,0.0,2.0,4,2,7200,8.211777375117,1.0,1.0,1.3619838320547784,1.0,0.02019750006780863,0.1556422447543802,0,1.11
dirichlet_0.03,11,cells,pre_massmask_off,pre,massmask,off,5,50,50,1.0,12,12,0.0,2.0,4,2,7200,8.211777455555445,1.0,1.0,1.3619840182297223,1.0,0.02019750243299543,0.15564229324272988,0,0.492
dirichlet_0.03,12,cells,post_none_off,post,none,off,5,50,50,1.0,12,12,0.0,2.0,4,2,7200,0.60093649651927,0.965530303030303,0.8045454545454546,8.730880619460583,0.7333333333333333,24.176915275780157,0.8643364061465271,0,0.488
dirichlet_0.03,12,cells,post_none_on,post,none,on,5,50,50,1.0,12,12,0.0,2.0,4,2,7200,1.1384950384194603,0.509090909090909,0.35,0.38517129172057324,0.3242424242424242,7.086495551924563,0.5776374188855117,0,0.468
dirichlet_0.03,12,cells,post_footprint_off,post,footprint,off,5,50,50,1.0,12,12,0.0,2.0,4,2,7200,6.178955677245662,1.0,1.0,1.9944643491434224,1.0,0.05223915193137487,0.22596050125060255,0,1.098
dirichlet_0.03,12,cells,post_footprint_on,post,footprint,on,5,50,27,1.0,12,12,0.0,2.0,4,2,3888,7.2160496094665785,1.0,1.0,1.3746006814821385,1.0,0.025079006535280897,0.1673481748979354,0,0.572
dirichlet_0.03,12,cells,post_mass_off,post,mass,off,5,50,50,1.0,12,12,0.0,2.0,4,2,7200,6.176967937908377,1.0,1.0,1.9953874626166581,1.0,0.05229697212507985,0.2260193950773814,0,0.48
dirichlet_0.03,12,cells,post_mass_on,post,mass,on,5,50,27,1.0,12,12,0.0,2.0,4,2,3888,7.21535466225582,1.0,1.0,1.3749596033956246,1.0,0.025092898506974708,0.16734560654788186,0,0.245
dirichlet_0.03,12,cells,pre_none_off,pre,none,off,5,50,50,1.0,12,12,0.0,2.0,4,2,7200,8.317651175119332,1.0,1.0,1.3917788577939207,1.0,0.0201172600021083,0.14384852080006197,0,0.496
dirichlet_0.03,12,cells,pre_none_on,pre,none,on,5,50,41,1.0,12,12,0.0,2.0,4,2,5904,8.288948220555806,0.5458333333333334,0.4090909090909091,0.41363853607793954,0.5412878787878788,0.019990405124071027,0.5209825244274798,0,0.392
dirichlet_0.03,12,cells,pre_footprint_off,pre,footprint,off,5,50,50,1.0,12,12,0.0,2.0,4,2,7200,8.339465070507378,1.0,1.0,1.4205069241051345,1.0,0.020425230533721816,0.1457534643043266,0,1.358
dirichlet_0.03,12,cells,pre_footprint_on,pre,footprint,on,5,50,31,1.0,12,12,0.0,2.0,4,2,4464,8.340304469417198,1.0,1.0,1.4314993884944003,1.0,0.020242039445196692,0.1551706324415473,0,0.735
dirichlet_0.03,12,cells,pre_mass_off,pre,mass,off,5,50,50,1.0,12,12,0.0,2.0,4,2,7200,8.33945006484778,1.0,1.0,1.4206805010883352,1.0,0.02042779988168521,0.14576571662066126,0,0.513
dirichlet_0.03,12,cells,pre_mass_on,pre,mass,on,5,50,31,1.0,12,12,0.0,2.0,4,2,4464,8.339614033982505,1.0,1.0,1.431741833970112,1.0,0.020246254216356268,0.15516049804979012,0,0.327
dirichlet_0.03,12,cells,post_fpmask_off,post,fpmask,off,5,50,50,1.0,12,12,0.0,2.0,4,2,7200,0.24076686795442515,0.9428030303030304,0.6545454545454545,5.172322044862074,0.9428030303030303,89.22614116951144,0.5474297136303249,0,1.091
dirichlet_0.03,12,cells,post_massmask_off,post,massmask,off,5,50,50,1.0,12,12,0.0,2.0,4,2,7200,0.6025165796009496,0.9439393939393939,0.7,6.816209469283529,0.8340909090909091,18.776079882174287,0.733142541247099,0,0.49
dirichlet_0.03,12,cells,pre_fpmask_off,pre,fpmask,off,5,50,50,1.0,12,12,0.0,2.0,4,2,7200,8.341003975033217,1.0,1.0,1.4001478146574013,1.0,0.02012506216569125,0.14433073588783815,0,1.094
dirichlet_0.03,12,cells,pre_massmask_off,pre,massmask,off,5,50,50,1.0,12,12,0.0,2.0,4,2,7200,8.340731138944806,1.0,1.0,1.4031393900413915,1.0,0.02016938112297839,0.14454223222395035,0,0.472
dirichlet_0.03,13,cells,post_none_off,post,none,off,5,50,50,1.0,12,12,0.0,2.0,4,2,7200,0.9637561066823188,0.8606060606060607,0.5,7.874770330700709,0.8541666666666666,8.478199086955133,0.8661992150058427,0,0.486
dirichlet_0.03,13,cells,post_none_on,post,none,on,5,50,50,1.0,12,12,0.0,2.0,4,2,7200,0.5239047765999515,0.47840909090909095,0.3,0.4494256956540415,0.36742424242424243,29.255168443382047,0.5624569879870716,0,0.491
dirichlet_0.03,13,cells,post_footprint_off,post,footprint,off,5,50,50,1.0,12,12,0.0,2.0,4,2,7200,6.8077141887901576,1.0,1.0,1.9519812322165004,1.0,0.04211851098232093,0.22284713339635617,0,1.157
dirichlet_0.03,13,cells,post_footprint_on,post,footprint,on,5,50,38,1.0,12,12,0.0,2.0,4,2,5472,7.659026351878343,1.0,1.0,1.3222310552917569,1.0,0.020136789507166786,0.17326483494206346,0,0.89
dirichlet_0.03,13,cells,post_mass_off,post,mass,off,5,50,50,1.0,12,12,0.0,2.0,4,2,7200,6.80985100636581,1.0,1.0,1.9457878591088158,1.0,0.0419585304573263,0.2222763301290771,0,0.482
dirichlet_0.03,13,cells,post_mass_on,post,mass,on,5,50,39,1.0,12,12,0.0,2.0,4,2,5616,7.658081440008976,1.0,1.0,1.3220332142716678,1.0,0.02013691897536835,0.17324383708314348,0,0.368
dirichlet_0.03,13,cells,pre_none_off,pre,none,off,5,50,50,1.0,12,12,0.0,2.0,4,2,7200,8.449004333613443,1.0,1.0,1.3352012852141666,1.0,0.01870405091255575,0.15141778143419932,0,0.466
dirichlet_0.03,13,cells,pre_none_on,pre,none,on,5,50,50,1.0,12,12,0.0,2.0,4,2,7200,8.45596454385172,0.5340909090909091,0.34545454545454546,0.4906492387894691,0.5053030303030303,0.01970565699922379,0.5313048485532681,0,0.474
dirichlet_0.03,13,cells,pre_footprint_off,pre,footprint,off,5,50,50,1.0,12,12,0.0,2.0,4,2,7200,1.1760842237253704,0.8329545454545455,0.5363636363636364,5.248039086252032,0.8329545454545455,3.794199935739009,0.3839113387802138,0,1.155
dirichlet_0.03,13,cells,pre_footprint_on,pre,footprint,on,5,50,36,1.0,12,12,0.0,2.0,4,2,5184,8.20751235145542,1.0,1.0,1.376018184663976,1.0,0.01859483798500461,0.16342254488614363,0,0.801
dirichlet_0.03,13,cells,pre_mass_off,pre,mass,off,5,50,50,1.0,12,12,0.0,2.0,4,2,7200,8.479929923902747,1.0,1.0,1.3660596326482204,1.0,0.018997004749197393,0.1534711139355756,0,0.485
dirichlet_0.03,13,cells,pre_mass_on,pre,mass,on,5,50,40,1.0,12,12,0.0,2.0,4,2,5760,8.429075543941169,1.0,1.0,1.3846471785248808,1.0,0.018991623973942086,0.16389209699181756,0,0.391
dirichlet_0.03,13,cells,post_fpmask_off,post,fpmask,off,5,50,50,1.0,12,12,0.0,2.0,4,2,7200,0.9209619901170644,0.7772727272727272,0.5272727272727272,7.7670522243289115,0.7727272727272727,9.15741323527212,0.8496193859052636,0,1.123
dirichlet_0.03,13,cells,post_massmask_off,post,massmask,off,5,50,50,1.0,12,12,0.0,2.0,4,2,7200,0.9680717284898477,0.6636363636363636,0.5045454545454545,7.7670852561880555,0.6257575757575757,8.287871289379291,0.8517832551484908,0,0.469
dirichlet_0.03,13,cells,pre_fpmask_off,pre,fpmask,off,5,50,50,1.0,12,12,0.0,2.0,4,2,7200,8.469773614712823,1.0,1.0,1.3471242405883,1.0,0.018778636106757046,0.15221797162388448,0,1.118
dirichlet_0.03,13,cells,pre_massmask_off,pre,massmask,off,5,50,50,1.0,12,12,0.0,2.0,4,2,7200,8.4697743141626,1.0,1.0,1.3471240027057534,1.0,0.018778629689174067,0.15221797053041927,0,0.494
dirichlet_0.03,14,cells,post_none_off,post,none,off,5,50,50,1.0,12,12,0.0,2.0,4,2,7200,0.19739758485071787,0.7405303030303031,0.5,7.365713114896255,0.740530303030303,189.03017223500032,0.9403533850179843,0,0.504
dirichlet_0.03,14,cells,post_none_on,post,none,on,5,50,50,1.0,12,12,0.0,2.0,4,2,7200,0.4676588133281564,0.4935606060606061,0.3409090909090909,0.34783953845265536,0.453030303030303,32.26847447671788,0.5569870284529276,0,0.506
dirichlet_0.03,14,cells,post_footprint_off,post,footprint,off,5,50,50,1.0,12,12,0.0,2.0,4,2,7200,7.093239355547928,1.0,1.0,1.7021275351115757,1.0,0.03383006773084487,0.19898313917493476,0,1.124
dirichlet_0.03,14,cells,post_footprint_on,post,footprint,on,5,50,40,1.0,12,12,0.0,2.0,4,2,5760,7.233434484007725,1.0,1.0,1.2973850840857752,1.0,0.024517643450775697,0.177799878209224,0,0.916
dirichlet_0.03,14,cells,post_mass_off,post,mass,off,5,50,50,1.0,12,12,0.0,2.0,4,2,7200,7.030161395136554,1.0,1.0,1.7641258819155967,1.0,0.03569430914657479,0.20649104492241363,0,0.476
dirichlet_0.03,14,cells,post_mass_on,post,mass,on,5,50,33,1.0,12,12,0.0,2.0,4,2,4752,7.2353241730477915,1.0,1.0,1.2953091082822787,1.0,0.024404965548842923,0.17751554858922067,0,0.318
dirichlet_0.03,14,cells,pre_none_off,pre,none,off,5,50,50,1.0,12,12,0.0,2.0,4,2,7200,8.020555532499143,1.0,1.0,1.288390293228833,1.0,0.020028044326938006,0.14827896827447393,0,0.469
dirichlet_0.03,14,cells,pre_none_on,pre,none,on,5,50,50,1.0,12,12,0.0,2.0,4,2,7200,8.00701529822629,0.5367424242424242,0.39545454545454545,0.3775855258867525,0.5291666666666667,0.020062153755166588,0.5427827248157077,0,0.482
dirichlet_0.03,14,cells,pre_footprint_off,pre,footprint,off,5,50,50,1.0,12,12,0.0,2.0,4,2,7200,1.261956736533768,0.7496212121212121,0.5181818181818182,3.3100393918334006,0.7496212121212121,2.078472245431816,0.3913014301549007,0,1.137
dirichlet_0.03,14,cells,pre_footprint_on,pre,footprint,on,5,50,50,1.0,12,12,0.0,2.0,4,2,7200,0.7075090115366683,0.7401515151515152,0.5227272727272727,1.830007313416714,0.5871212121212122,8.711184021798717,0.3545936779896984,0,1.087
dirichlet_0.03,14,cells,pre_mass_off,pre,mass,off,5,50,50,1.0,12,12,0.0,2.0,4,2,7200,8.055014377419182,1.0,1.0,1.3167971920936448,1.0,0.020294868979788938,0.14969115666387647,0,0.484
dirichlet_0.03,14,cells,pre_mass_on,pre,mass,on,5,50,30,1.0,12,12,0.0,2.0,4,2,4320,8.07614113353454,1.0,1.0,1.3193159273042163,1.0,0.020033283909376157,0.15873698367757993,0,0.292
dirichlet_0.03,14,cells,post_fpmask_off,post,fpmask,off,5,50,50,1.0,12,12,0.0,2.0,4,2,7200,2.206347617087362,0.9090909090909092,0.8409090909090909,3.8218351249182247,0.8,0.7850983625837685,0.45248303923408856,0,1.102
dirichlet_0.03,14,cells,post_massmask_off,post,massmask,off,5,50,50,1.0,12,12,0.0,2.0,4,2,7200,0.6443623697151284,0.8727272727272726,0.740909090909091,5.198992417100463,0.7371212121212121,12.521571679958221,0.6921209249735405,0,0.47
dirichlet_0.03,14,cells,pre_fpmask_off,pre,fpmask,off,5,50,50,1.0,12,12,0.0,2.0,4,2,7200,7.472585528570746,1.0,1.0,1.2723462032145756,1.0,0.0227857594985711,0.15096982376881146,0,1.141
dirichlet_0.03,14,cells,pre_massmask_off,pre,massmask,off,5,50,50,1.0,12,12,0.0,2.0,4,2,7200,8.070143282192756,1.0,1.0,1.2987324227489556,1.0,0.019941471022609875,0.14877536656060614,0,0.486
dirichlet_0.03,15,cells,post_none_off,post,none,off,5,50,50,1.0,12,12,0.0,2.0,4,2,7200,0.0870237733768757,0.8681818181818182,0.740909090909091,7.14435970405457,0.7587121212121212,943.381795261436,0.9559768691928564,0,0.49
dirichlet_0.03,15,cells,post_none_on,post,none,on,5,50,50,1.0,12,12,0.0,2.0,4,2,7200,0.66691334466123,0.43977272727272726,0.3,0.34501986149818237,0.3886363636363636,15.065526891147652,0.5959841395831244,0,0.468
dirichlet_0.03,15,cells,post_footprint_off,post,footprint,off,5,50,50,1.0,12,12,0.0,2.0,4,2,7200,5.845350387810002,0.9996212121212121,0.9954545454545455,2.6974789804292456,0.9996212121212121,0.07894724348734652,0.28768159748105265,0,1.122
dirichlet_0.03,15,cells,post_footprint_on,post,footprint,on,5,50,42,1.0,12,12,0.0,2.0,4,2,6048,6.010170670344299,0.9996212121212121,0.9954545454545455,1.365890732270516,0.9996212121212121,0.062157614833006636,0.22446827513565334,0,0.914
dirichlet_0.03,15,cells,post_mass_off,post,mass,off,5,50,50,1.0,12,12,0.0,2.0,4,2,7200,5.841142697117606,0.9996212121212121,0.9954545454545455,2.6820045663546583,0.9996212121212121,0.07860748126579684,0.2860780801596053,0,0.476
dirichlet_0.03,15,cells,post_mass_on,post,mass,on,5,50,42,1.0,12,12,0.0,2.0,4,2,6048,6.013553740279316,0.9996212121212121,0.9954545454545455,1.36574152556482,0.9996212121212121,0.062080541602892704,0.22446869711424053,0,0.421
dirichlet_0.03,15,cells,pre_none_off,pre,none,off,5,50,50,1.0,12,12,0.0,2.0,4,2,7200,8.501269870158957,1.0,1.0,1.377373015603419,1.0,0.019058291466092125,0.15968545997245848,0,0.504
dirichlet_0.03,15,cells,pre_none_on,pre,none,on,5,50,38,1.0,12,12,0.0,2.0,4,2,5472,8.380988509521636,0.5022727272727273,0.36363636363636365,0.3850462107288438,0.49924242424242427,0.019159869941711444,0.573722802440265,0,0.386
dirichlet_0.03,15,cells,pre_footprint_off,pre,footprint,off,5,50,50,1.0,12,12,0.0,2.0,4,2,7200,8.549446531929798,1.0,1.0,1.4072938724614292,1.0,0.019253460376398062,0.1616383582688312,0,1.086
dirichlet_0.03,15,cells,pre_footprint_on,pre,footprint,on,5,50,38,1.0,12,12,0.0,2.0,4,2,5472,8.467143170123906,1.0,1.0,1.4153303108235546,1.0,0.0193103170535724,0.1697268852795995,0,0.888
dirichlet_0.03,15,cells,pre_mass_off,pre,mass,off,5,50,50,1.0,12,12,0.0,2.0,4,2,7200,8.549670828133912,1.0,1.0,1.4074253493783935,1.0,0.01925424884726531,0.16165081109733873,0,0.5
dirichlet_0.03,15,cells,pre_mass_on,pre,mass,on,5,50,37,1.0,12,12,0.0,2.0,4,2,5328,8.467058131325249,1.0,1.0,1.4155034015484464,1.0,0.019314228906365756,0.16972128211319273,0,0.359
dirichlet_0.03,15,cells,post_fpmask_off,post,fpmask,off,5,50,50,1.0,12,12,0.0,2.0,4,2,7200,0.5978091620669639,0.7181818181818183,0.5318181818181819,6.8669862191583695,0.6083333333333333,19.215028912482662,0.9125088773566825,0,1.083
dirichlet_0.03,15,cells,post_massmask_off,post,massmask,off,5,50,50,1.0,12,12,0.0,2.0,4,2,7200,0.2634807298562677,0.7814393939393939,0.6409090909090909,6.888162783403343,0.671969696969697,99.22147671931457,0.9288118214358649,0,0.481
dirichlet_0.03,15,cells,pre_fpmask_off,pre,fpmask,off,5,50,50,1.0,12,12,0.0,2.0,4,2,7200,8.500615166863916,1.0,1.0,1.394252861819675,1.0,0.019294824531406005,0.15839288750541167,0,1.157
dirichlet_0.03,15,cells,pre_massmask_off,pre,massmask,off,5,50,50,1.0,12,12,0.0,2.0,4,2,7200,8.500839048542948,1.0,1.0,1.3948254369635913,1.0,0.01930173158268776,0.1584066491112653,0,0.509
dirichlet_0.03,16,cells,post_none_off,post,none,off,5,50,50,1.0,12,12,0.0,2.0,4,2,7200,0.07323198652297397,0.9962121212121212,0.9863636363636363,9.88116000545287,0.8803030303030303,1842.4949303105811,0.9673354662534018,0,0.524
dirichlet_0.03,16,cells,post_none_on,post,none,on,5,50,50,1.0,12,12,0.0,2.0,4,2,7200,0.8068432882706517,0.48143939393939394,0.35454545454545455,0.33935477907882583,0.35113636363636364,15.143956247033975,0.6163525147555181,0,0.585
dirichlet_0.03,16,cells,post_footprint_off,post,footprint,off,5,50,50,1.0,12,12,0.0,2.0,4,2,7200,5.705532229247517,1.0,1.0,2.3687168742287783,1.0,0.07276471421698631,0.25941466186838547,0,1.129
dirichlet_0.03,16,cells,post_footprint_on,post,footprint,on,5,50,39,1.0,12,12,0.0,2.0,4,2,5616,6.917031513919564,1.0,1.0,1.3924769277955678,1.0,0.030453656143330673,0.1797580632249174,0,0.9
dirichlet_0.03,16,cells,post_mass_off,post,mass,off,5,50,50,1.0,12,12,0.0,2.0,4,2,7200,5.877538473854624,1.0,1.0,2.272583710208834,1.0,0.06578531037424223,0.2490234425250872,0,0.468
dirichlet_0.03,16,cells,post_mass_on,post,mass,on,5,50,42,1.0,12,12,0.0,2.0,4,2,6048,6.9299618413815685,1.0,1.0,1.386458460879832,1.0,0.02997411941425511,0.17862823987673285,0,0.397
dirichlet_0.03,16,cells,pre_none_off,pre,none,off,5,50,50,1.0,12,12,0.0,2.0,4,2,7200,8.35320634217916,1.0,1.0,1.3964700336798825,1.0,0.020013599361029918,0.1432762113782871,0,0.536
dirichlet_0.03,16,cells,pre_none_on,pre,none,on,5,50,44,1.0,12,12,0.0,2.0,4,2,6336,8.393803839290316,0.534469696969697,0.42272727272727273,0.3851370717183533,0.5257575757575758,0.018898943920325772,0.5721745882948773,0,0.503
dirichlet_0.03,16,cells,pre_footprint_off,pre,footprint,off,5,50,50,1.0,12,12,0.0,2.0,4,2,7200,8.523556717960055,1.0,1.0,1.4241734852988492,1.0,0.019602938850211544,0.1452589506706801,0,1.117
dirichlet_0.03,16,cells,pre_footprint_on,pre,footprint,on,5,50,34,1.0,12,12,0.0,2.0,4,2,4896,8.642727196744234,1.0,1.0,1.4353224596567904,1.0,0.018913390572346072,0.15620721274473084,0,0.739
dirichlet_0.03,16,cells,pre_mass_off,pre,mass,off,5,50,50,1.0,12,12,0.0,2.0,4,2,7200,8.530982838951898,1.0,1.0,1.424707585900544,1.0,0.019576164243334037,0.14529990746354857,0,0.472
dirichlet_0.03,16,cells,pre_mass_on,pre,mass,on,5,50,34,1.0,12,12,0.0,2.0,4,2,4896,8.645338938322892,1.0,1.0,1.4353188172050078,1.0,0.018905075003753876,0.15620306333178635,0,0.331
dirichlet_0.03,16,cells,post_fpmask_off,post,fpmask,off,5,50,50,1.0,12,12,0.0,2.0,4,2,7200,0.5830168890676599,0.8833333333333332,0.6318181818181818,5.511492427907089,0.8106060606060606,16.214626287625585,0.6255920655398571,0,1.129
dirichlet_0.03,16,cells,post_massmask_off,post,massmask,off,5,50,50,1.0,12,12,0.0,2.0,4,2,7200,0.9841956028160285,0.9787878787878789,0.9272727272727272,5.483299133429451,0.8647727272727272,5.660816773802071,0.6237601450148053,0,0.505
dirichlet_0.03,16,cells,pre_fpmask_off,pre,fpmask,off,5,50,50,1.0,12,12,0.0,2.0,4,2,7200,8.384569494309613,1.0,1.0,1.4060577121509004,1.0,0.02000053484373985,0.14390462165450027,0,1.136
dirichlet_0.03,16,cells,pre_massmask_off,pre,massmask,off,5,50,50,1.0,12,12,0.0,2.0,4,2,7200,8.384569486404217,1.0,1.0,1.4060577068372546,1.0,0.02000053480587067,0.14390462159836756,0,0.52
dirichlet_0.03,17,cells,post_none_off,post,none,off,5,50,50,1.0,12,12,0.0,2.0,4,2,7200,0.039961158299468,0.9405303030303029,0.7272727272727273,10.859530731616928,0.7560606060606061,6800.407264118761,0.9926027227633207,0,0.473
dirichlet_0.03,17,cells,post_none_on,post,none,on,5,50,50,1.0,12,12,0.0,2.0,4,2,7200,0.20762725280279096,0.47575757575757577,0.36818181818181817,0.3354593626895715,0.353030303030303,249.61352878591882,0.6210827899137101,0,0.501
dirichlet_0.03,17,cells,post_footprint_off,post,footprint,off,5,50,50,1.0,12,12,0.0,2.0,4,2,7200,6.35058702478196,1.0,1.0,2.1952270701468946,1.0,0.05443167590198603,0.2350882771059551,0,1.128
dirichlet_0.03,17,cells,post_footprint_on,post,footprint,on,5,50,50,1.0,12,12,0.0,2.0,4,2,7200,7.232887968523013,1.0,1.0,1.4109427184098373,1.0,0.020791079158024656,0.17624788329380237,0,1.091
dirichlet_0.03,17,cells,post_mass_off,post,mass,off,5,50,50,1.0,12,12,0.0,2.0,4,2,7200,6.353379566094991,1.0,1.0,2.183568123902832,1.0,0.05409500209793709,0.2339599401232529,0,0.494
dirichlet_0.03,17,cells,post_mass_on,post,mass,on,5,50,50,1.0,12,12,0.0,2.0,4,2,7200,7.2330938299565455,1.0,1.0,1.4109455138573825,1.0,0.020791423364159192,0.17625393009000917,0,0.493
dirichlet_0.03,17,cells,pre_none_off,pre,none,off,5,50,50,1.0,12,12,0.0,2.0,4,2,7200,8.193507932210332,1.0,1.0,1.4722635286409682,1.0,0.02193036180888881,0.15419408382117986,0,0.482
dirichlet_0.03,17,cells,pre_none_on,pre,none,on,5,50,50,1.0,12,12,0.0,2.0,4,2,7200,8.37525546658483,0.48446969696969705,0.38181818181818183,0.3612150370599627,0.484469696969697,0.020912516165549264,0.5928243571776375,0,0.481
dirichlet_0.03,17,cells,pre_footprint_off,pre,footprint,off,5,50,50,1.0,12,12,0.0,2.0,4,2,7200,8.23513923550321,1.0,1.0,1.4934871448102278,1.0,0.022022143891884095,0.15560321253382434,0,1.084
dirichlet_0.03,17,cells,pre_footprint_on,pre,footprint,on,5,50,49,1.0,12,12,0.0,2.0,4,2,7056,8.170637493845144,1.0,1.0,1.4956962929644073,1.0,0.02227648709856625,0.16658406648921653,0,1.09
dirichlet_0.03,17,cells,pre_mass_off,pre,mass,off,5,50,50,1.0,12,12,0.0,2.0,4,2,7200,8.225832859134684,1.0,1.0,1.4937332403724104,1.0,0.022075639020982,0.15562200864317327,0,0.507
dirichlet_0.03,17,cells,pre_mass_on,pre,mass,on,5,50,50,1.0,12,12,0.0,2.0,4,2,7200,8.171638387494001,1.0,1.0,1.4958458824433034,1.0,0.022273541240832317,0.16658823601393552,0,0.514
dirichlet_0.03,17,cells,post_fpmask_off,post,fpmask,off,5,50,50,1.0,12,12,0.0,2.0,4,2,7200,3.623665053644956,0.897348484848485,0.7454545454545455,7.422141375522972,0.7053030303030303,0.5652403114803628,0.7507427226042219,0,1.121
dirichlet_0.03,17,cells,post_massmask_off,post,massmask,off,5,50,50,1.0,12,12,0.0,2.0,4,2,7200,0.08786491110087288,0.8806818181818182,0.75,8.175140549348585,0.8806818181818182,1058.9227528188571,0.8483824024553555,0,0.522
dirichlet_0.03,17,cells,pre_fpmask_off,pre,fpmask,off,5,50,50,1.0,12,12,0.0,2.0,4,2,7200,8.225186333706828,1.0,1.0,1.4834945495419651,1.0,0.02192776986186286,0.15496515668806093,0,1.126
dirichlet_0.03,17,cells,pre_massmask_off,pre,massmask,off,5,50,50,1.0,12,12,0.0,2.0,4,2,7200,8.226598228811541,1.0,1.0,1.4843470990311836,1.0,0.02193284111810471,0.155033470049244,0,0.495
dirichlet_0.03,18,cells,post_none_off,post,none,off,5,50,50,1.0,12,12,0.0,2.0,4,2,7200,0.4795105938661277,0.9859848484848485,0.9363636363636364,9.379518878675023,0.8193181818181818,40.79285942983637,0.990715138508714,0,0.483
dirichlet_0.03,18,cells,post_none_on,post,none,on,5,50,50,1.0,12,12,0.0,2.0,4,2,7200,0.956740688904686,0.440530303030303,0.36818181818181817,0.2965203912523039,0.3640151515151515,10.127199083311826,0.6510517949936019,0,0.478
dirichlet_0.03,18,cells,post_footprint_off,post,footprint,off,5,50,50,1.0,12,12,0.0,2.0,4,2,7200,6.676860087657196,1.0,1.0,2.475521028654611,1.0,0.05552928331522045,0.26139086488453267,0,1.11
dirichlet_0.03,18,cells,post_footprint_on,post,footprint,on,5,50,44,1.0,12,12,0.0,2.0,4,2,6336,7.29548976507109,1.0,1.0,1.341655196711137,1.0,0.02550284771780911,0.18153510173121168,0,0.983
dirichlet_0.03,18,cells,post_mass_off,post,mass,off,5,50,50,1.0,12,12,0.0,2.0,4,2,7200,6.409628246303575,1.0,1.0,2.610531636236987,1.0,0.06354235077372372,0.2795139719839126,0,0.503
dirichlet_0.03,18,cells,post_mass_on,post,mass,on,5,50,49,1.0,12,12,0.0,2.0,4,2,7056,7.295511591292317,1.0,1.0,1.3416544764507872,1.0,0.025502429304327497,0.18153479107645729,0,0.503
dirichlet_0.03,18,cells,pre_none_off,pre,none,off,5,50,50,1.0,12,12,0.0,2.0,4,2,7200,7.210635416464488,1.0,1.0,1.3934455258394034,1.0,0.02680050149792559,0.15932376052762612,0,0.476
dirichlet_0.03,18,cells,pre_none_on,pre,none,on,5,50,37,1.0,12,12,0.0,2.0,4,2,5328,8.377540701863508,0.471969696969697,0.38636363636363635,0.33102362105974814,0.4715909090909091,0.020262615697052767,0.6196356323497535,0,0.349
dirichlet_0.03,18,cells,pre_footprint_off,pre,footprint,off,5,50,50,1.0,12,12,0.0,2.0,4,2,7200,8.206540772207006,1.0,1.0,1.420649560816428,1.0,0.02109437675114498,0.15569874775912101,0,1.112
dirichlet_0.03,18,cells,pre_footprint_on,pre,footprint,on,5,50,37,1.0,12,12,0.0,2.0,4,2,5328,8.179399504473931,1.0,1.0,1.4244849031010214,1.0,0.02116433038893744,0.16623493771421152,0,0.814
dirichlet_0.03,18,cells,pre_mass_off,pre,mass,off,5,50,50,1.0,12,12,0.0,2.0,4,2,7200,7.256056905671325,1.0,1.0,1.397456837232582,1.0,0.026542207669041775,0.15947617962957458,0,0.523
dirichlet_0.03,18,cells,pre_mass_on,pre,mass,on,5,50,37,1.0,12,12,0.0,2.0,4,2,5328,8.179379751980342,1.0,1.0,1.4244919618974177,1.0,0.02116455722019654,0.16623508601719106,0,0.367
dirichlet_0.03,18,cells,post_fpmask_off,post,fpmask,off,5,50,50,1.0,12,12,0.0,2.0,4,2,7200,0.23820990623637042,0.765530303030303,0.4318181818181818,8.489084310986986,0.7272727272727273,149.60331278235557,0.8309908949161984,0,1.177
dirichlet_0.03,18,cells,post_massmask_off,post,massmask,off,5,50,50,1.0,12,12,0.0,2.0,4,2,7200,0.47951059343033114,0.9859848484848485,0.9363636363636364,9.379518878847353,0.8193181818181818,40.79285950473391,0.9907151385507932,0,0.502
dirichlet_0.03,18,cells,pre_fpmask_off,pre,fpmask,off,5,50,50,1.0,12,12,0.0,2.0,4,2,7200,1.1543648267810467,0.912878787878788,0.5136363636363637,6.333957953962971,0.6678030303030303,4.753231923299861,0.4293996019008355,0,1.055
dirichlet_0.03,18,cells,pre_massmask_off,pre,massmask,off,5,50,50,1.0,12,12,0.0,2.0,4,2,7200,7.248677110801022,1.0,1.0,1.395517200000122,1.0,0.026559364802364777,0.159286143032046,0,0.474
dirichlet_0.03,19,cells,post_none_off,post,none,off,5,50,50,1.0,12,12,0.0,2.0,4,2,7200,0.24415048347154025,0.7859848484848485,0.509090909090909,7.457793408345876,0.6837121212121212,125.1109066594476,0.9588517662852337,0,0.481
dirichlet_0.03,19,cells,post_none_on,post,none,on,5,50,50,1.0,12,12,0.0,2.0,4,2,7200,0.6000070462440932,0.4178030303030303,0.3181818181818182,0.3161698911892415,0.3678030303030303,20.62263635563192,0.6136643726751203,0,0.462
dirichlet_0.03,19,cells,post_footprint_off,post,footprint,off,5,50,50,1.0,12,12,0.0,2.0,4,2,7200,1.057739587303639,0.7674242424242425,0.5045454545454545,2.8781642406157353,0.7674242424242425,2.572515828594397,0.3691390086155324,0,1.076
dirichlet_0.03,19,cells,post_footprint_on,post,footprint,on,5,50,50,1.0,12,12,0.0,2.0,4,2,7200,1.1384375191498979,0.7617424242424242,0.5,2.5628468302539558,0.75,1.9534063953858278,0.34435368992948384,0,1.158
dirichlet_0.03,19,cells,post_mass_off,post,mass,off,5,50,50,1.0,12,12,0.0,2.0,4,2,7200,6.58006183999633,1.0,1.0,2.0798153558028374,1.0,0.04803577811119443,0.24785091917954047,0,0.486
dirichlet_0.03,19,cells,post_mass_on,post,mass,on,5,50,28,1.0,12,12,0.0,2.0,4,2,4032,7.2542907558809775,1.0,1.0,1.313193412585175,1.0,0.024323889144933723,0.18643045286524668,0,0.274
dirichlet_0.03,19,cells,pre_none_off,pre,none,off,5,50,50,1.0,12,12,0.0,2.0,4,2,7200,1.1116373999061826,0.7613636363636364,0.5136363636363637,2.689274995264127,0.7560606060606061,2.176250652513391,0.3390002353061385,0,0.478
dirichlet_0.03,19,cells,pre_none_on,pre,none,on,5,50,39,1.0,12,12,0.0,2.0,4,2,5616,0.9883216785399672,0.42954545454545445,0.33181818181818185,0.34462798584611304,0.38333333333333336,2.779366157611932,0.5952531558087484,0,0.414
dirichlet_0.03,19,cells,pre_footprint_off,pre,footprint,off,5,50,50,1.0,12,12,0.0,2.0,4,2,7200,1.1217817088943902,0.7696969696969697,0.5,2.7036948869349406,0.7643939393939394,2.1485277679736203,0.33220256079478555,0,1.126
dirichlet_0.03,19,cells,pre_footprint_on,pre,footprint,on,5,50,50,1.0,12,12,0.0,2.0,4,2,7200,1.0684357748784306,0.7579545454545454,0.5,2.64661332108426,0.7454545454545455,2.348230001543754,0.33894853456536633,0,1.127
dirichlet_0.03,19,cells,pre_mass_off,pre,mass,off,5,50,50,1.0,12,12,0.0,2.0,4,2,7200,1.1211662794914574,0.7681818181818182,0.5,2.690435515709426,0.7628787878787879,2.140338840739435,0.33200098532524136,0,0.488
dirichlet_0.03,19,cells,pre_mass_on,pre,mass,on,5,50,50,1.0,12,12,0.0,2.0,4,2,7200,1.0260539000995363,0.7803030303030303,0.5045454545454545,2.2343419899660955,0.7068181818181818,2.536319797652682,0.3354534181028606,0,0.508
dirichlet_0.03,19,cells,post_fpmask_off,post,fpmask,off,5,50,50,1.0,12,12,0.0,2.0,4,2,7200,0.33379301559182795,0.831439393939394,0.5,6.720575487157011,0.8276515151515151,60.31870005449532,0.7378488428253549,0,1.073
dirichlet_0.03,19,cells,post_massmask_off,post,massmask,off,5,50,50,1.0,12,12,0.0,2.0,4,2,7200,0.18959792380567203,0.8068181818181817,0.6318181818181818,6.028216368256451,0.7439393939393939,167.69560369960303,0.7986084864783044,0,0.496
dirichlet_0.03,19,cells,pre_fpmask_off,pre,fpmask,off,5,50,50,1.0,12,12,0.0,2.0,4,2,7200,1.1090334936461743,0.7625000000000001,0.5045454545454545,2.6809004335867095,0.7579545454545454,2.1796730786233813,0.3335705688314393,0,1.113
dirichlet_0.03,19,cells,pre_massmask_off,pre,massmask,off,5,50,50,1.0,12,12,0.0,2.0,4,2,7200,1.1090575497919213,0.7625000000000001,0.5045454545454545,2.6644071281524706,0.7579545454545454,2.1661694256045974,0.3319874502294511,0,0.488
dirichlet_0.1,10,cells,post_none_off,post,none,off,5,50,50,1.0,12,12,0.0,2.0,4,2,7200,1.422710713529455,0.8465909090909092,0.5772727272727273,8.299893558263157,0.8306818181818182,4.100523630371225,0.8757977888512731,0,0.479
dirichlet_0.1,10,cells,post_none_on,post,none,on,5,50,50,1.0,12,12,0.0,2.0,4,2,7200,0.6262868625979018,0.5318181818181819,0.36818181818181817,0.42773670525331453,0.3431818181818182,24.723734074972135,0.5324191609103752,0,0.479
dirichlet_0.1,10,cells,post_footprint_off,post,footprint,off,5,50,50,1.0,12,12,0.0,2.0,4,2,7200,6.603141727114862,0.9996212121212121,0.9954545454545455,1.4763255643336697,0.9996212121212121,0.0338595282018668,0.17548318554060935,0,1.154
dirichlet_0.1,10,cells,post_footprint_on,post,footprint,on,5,50,33,1.0,12,12,0.0,2.0,4,2,4752,7.276382464664655,1.0,1.0,1.285729206924808,1.0,0.022823804922571734,0.16540688990921698,0,0.773
dirichlet_0.1,10,cells,post_mass_off,post,mass,off,5,50,50,1.0,12,12,0.0,2.0,4,2,7200,6.605847986710971,0.9996212121212121,0.9954545454545455,1.4753846932325236,0.9996212121212121,0.03381022978730332,0.17538812552479308,0,0.502
dirichlet_0.1,10,cells,post_mass_on,post,mass,on,5,50,31,1.0,12,12,0.0,2.0,4,2,4464,7.276319158595196,1.0,1.0,1.285729587451912,1.0,0.022818584681822383,0.165394151433245,0,0.289
dirichlet_0.1,10,cells,pre_none_off,pre,none,off,5,50,50,1.0,12,12,0.0,2.0,4,2,7200,8.33116334270016,1.0,1.0,1.28164577172925,1.0,0.018465314555122576,0.1417619316539675,0,0.472
dirichlet_0.1,10,cells,pre_none_on,pre,none,on,5,50,50,1.0,12,12,0.0,2.0,4,2,7200,6.943443379255158,0.5583333333333333,0.35454545454545455,0.44471480674165115,0.48787878787878786,0.05461686140324419,0.5063784574024814,0,0.462
dirichlet_0.1,10,cells,pre_footprint_off,pre,footprint,off,5,50,50,1.0,12,12,0.0,2.0,4,2,7200,8.459871977156533,1.0,1.0,1.309723845372931,1.0,0.018300044789430113,0.14362124349275812,0,1.096
dirichlet_0.1,10,cells,pre_footprint_on,pre,footprint,on,5,50,50,1.0,12,12,0.0,2.0,4,2,7200,8.452085135054569,1.0,1.0,1.324109292440432,1.0,0.01808597642637216,0.15163067696215207,0,1.119
dirichlet_0.1,10,cells,pre_mass_off,pre,mass,off,5,50,50,1.0,12,12,0.0,2.0,4,2,7200,8.459714955273137,1.0,1.0,1.3097473690791626,1.0,0.01830105283071773,0.14362131478028714,0,0.483
dirichlet_0.1,10,cells,pre_mass_on,pre,mass,on,5,50,47,1.0,12,12,0.0,2.0,4,2,6768,8.452051557355446,1.0,1.0,1.3244597129705342,1.0,0.018081758987661997,0.15165178373426866,0,0.477
dirichlet_0.1,10,cells,post_fpmask_off,post,fpmask,off,5,50,50,1.0,12,12,0.0,2.0,4,2,7200,1.1882234834554541,0.9496212121212122,0.85,2.7207175090757234,0.9496212121212121,1.927024289833674,0.3634973234701124,0,1.114
dirichlet_0.1,10,cells,post_massmask_off,post,massmask,off,5,50,50,1.0,12,12,0.0,2.0,4,2,7200,1.1497001710338712,0.8992424242424243,0.6772727272727272,3.0122782645574016,0.8143939393939394,2.2789032941343295,0.3739809829548593,0,0.485
dirichlet_0.1,10,cells,pre_fpmask_off,pre,fpmask,off,5,50,50,1.0,12,12,0.0,2.0,4,2,7200,8.38373363267356,1.0,1.0,1.290230092059413,1.0,0.018356599122660345,0.14220680133879704,0,1.128
dirichlet_0.1,10,cells,pre_massmask_off,pre,massmask,off,5,50,50,1.0,12,12,0.0,2.0,4,2,7200,8.383600192305671,1.0,1.0,1.2913235220216006,1.0,0.01837274062848168,0.1423012321671829,0,0.475
dirichlet_0.1,11,cells,post_none_off,post,none,off,5,50,50,1.0,12,12,0.0,2.0,4,2,7200,0.8282989210288304,0.9238636363636363,0.7909090909090909,6.416850180607436,0.7886363636363637,9.35293052433754,0.6917884975905209,0,0.5
dirichlet_0.1,11,cells,post_none_on,post,none,on,5,50,50,1.0,12,12,0.0,2.0,4,2,7200,0.9340089682085994,0.5833333333333334,0.33636363636363636,0.5142958574771374,0.42234848484848486,8.09717462016914,0.45418843825696315,0,0.481
dirichlet_0.1,11,cells,post_footprint_off,post,footprint,off,5,50,50,1.0,12,12,0.0,2.0,4,2,7200,7.585178455239419,1.0,1.0,1.1489710905477426,1.0,0.01996997383428067,0.13921722784297452,0,1.158
dirichlet_0.1,11,cells,post_footprint_on,post,footprint,on,5,50,47,1.0,12,12,0.0,2.0,4,2,6768,7.528596745525611,1.0,1.0,1.2529652387078603,1.0,0.01981415313001321,0.1599194076176455,0,1.07
dirichlet_0.1,11,cells,post_mass_off,post,mass,off,5,50,50,1.0,12,12,0.0,2.0,4,2,7200,7.586163817332941,1.0,1.0,1.1493248437358539,1.0,0.019970933293173863,0.13924053475873713,0,0.465
dirichlet_0.1,11,cells,post_mass_on,post,mass,on,5,50,47,1.0,12,12,0.0,2.0,4,2,6768,1.4120392259763377,0.7992424242424243,0.5181818181818182,2.0850174811082196,0.7219696969696969,1.6771239790528083,0.2837380965509418,0,0.439
dirichlet_0.1,11,cells,pre_none_off,pre,none,off,5,50,50,1.0,12,12,0.0,2.0,4,2,7200,8.032101199713214,1.0,1.0,1.24416216123025,1.0,0.01928495570160402,0.1423753385591243,0,0.474
dirichlet_0.1,11,cells,pre_none_on,pre,none,on,5,50,32,1.0,12,12,0.0,2.0,4,2,4608,1.4735622657652454,0.618181818181818,0.35909090909090907,0.5677476995334689,0.5515151515151515,1.5612687012292608,0.42665044113304434,0,0.31
dirichlet_0.1,11,cells,pre_footprint_off,pre,footprint,off,5,50,50,1.0,12,12,0.0,2.0,4,2,7200,1.5492197024462577,0.806060606060606,0.5727272727272728,3.37785538192901,0.8045454545454546,1.4073918404537844,0.3293190477909591,0,1.069
dirichlet_0.1,11,cells,pre_footprint_on,pre,footprint,on,5,50,50,1.0,12,12,0.0,2.0,4,2,7200,1.0776243589363157,0.7837121212121212,0.509090909090909,2.868369265733257,0.7011363636363637,2.984637792812639,0.3252575712731545,0,1.102
dirichlet_0.1,11,cells,pre_mass_off,pre,mass,off,5,50,50,1.0,12,12,0.0,2.0,4,2,7200,8.09940633055035,1.0,1.0,1.2756411814725455,1.0,0.019445636213343553,0.14451033662893165,0,0.503
dirichlet_0.1,11,cells,pre_mass_on,pre,mass,on,5,50,45,1.0,12,12,0.0,2.0,4,2,6480,1.0605093273079125,0.7848484848484848,0.5136363636363637,2.3331870738293774,0.703030303030303,3.067867030408299,0.29818388828883724,0,0.425
dirichlet_0.1,11,cells,post_fpmask_off,post,fpmask,off,5,50,50,1.0,12,12,0.0,2.0,4,2,7200,2.8652864755550103,0.9492424242424242,0.8772727272727273,3.068020111432139,0.9492424242424242,0.37369914345390287,0.31381919034189293,0,1.138
dirichlet_0.1,11,cells,post_massmask_off,post,massmask,off,5,50,50,1.0,12,12,0.0,2.0,4,2,7200,7.674340753862796,1.0,1.0,1.1770278415149267,1.0,0.019985019593634776,0.14165217302662145,0,0.495
dirichlet_0.1,11,cells,pre_fpmask_off,pre,fpmask,off,5,50,50,1.0,12,12,0.0,2.0,4,2,7200,8.045271791432128,1.0,1.0,1.2505655150815569,1.0,0.019320795686109064,0.14277561630816124,0,1.106
dirichlet_0.1,11,cells,pre_massmask_off,pre,massmask,off,5,50,50,1.0,12,12,0.0,2.0,4,2,7200,8.051925965088355,1.0,1.0,1.2539013094323908,1.0,0.01934032687170158,0.14300792835306889,0,0.479
dirichlet_0.1,12,cells,post_none_off,post,none,off,5,50,50,1.0,12,12,0.0,2.0,4,2,7200,1.3943505440537178,0.9867424242424243,0.9090909090909091,8.140926300836588,0.8829545454545454,4.187259554218814,0.8119306217986495,0,0.494
dirichlet_0.1,12,cells,post_none_on,post,none,on,5,50,50,1.0,12,12,0.0,2.0,4,2,7200,1.1251786839489308,0.5704545454545454,0.38636363636363635,0.5225793551885649,0.41515151515151516,7.198437832631432,0.48035612635849484,0,0.498
dirichlet_0.1,12,cells,post_footprint_off,post,footprint,off,5,50,50,1.0,12,12,0.0,2.0,4,2,7200,7.657085680066356,1.0,1.0,1.230587975976069,1.0,0.02098870550028867,0.14396552685356037,0,1.136
dirichlet_0.1,12,cells,post_footprint_on,post,footprint,on,5,50,40,1.0,12,12,0.0,2.0,4,2,5760,7.544660242787342,1.0,1.0,1.2888415660267711,1.0,0.02000459336902341,0.15483570117350592,0,0.889
dirichlet_0.1,12,cells,post_mass_off,post,mass,off,5,50,50,1.0,12,12,0.0,2.0,4,2,7200,7.659499061388462,1.0,1.0,1.2318381127629856,1.0,0.020996789889299095,0.14409000963235918,0,0.502
dirichlet_0.1,12,cells,post_mass_on,post,mass,on,5,50,39,1.0,12,12,0.0,2.0,4,2,5616,7.545056491555032,1.0,1.0,1.2891674181661819,1.0,0.020009150759033877,0.15489202203050978,0,0.389
dirichlet_0.1,12,cells,pre_none_off,pre,none,off,5,50,50,1.0,12,12,0.0,2.0,4,2,7200,7.932874975409932,1.0,1.0,1.3036990719966817,1.0,0.02071648819945031,0.14234287114883398,0,0.466
dirichlet_0.1,12,cells,pre_none_on,pre,none,on,5,50,50,1.0,12,12,0.0,2.0,4,2,7200,7.166065081907073,0.6022727272727272,0.45454545454545453,0.56135673783222,0.4564393939393939,0.06476244804877714,0.46066341661603943,0,0.463
dirichlet_0.1,12,cells,pre_footprint_off,pre,footprint,off,5,50,50,1.0,12,12,0.0,2.0,4,2,7200,7.96612195045577,1.0,1.0,1.3246306313932152,1.0,0.020873769935878257,0.14374831263830948,0,1.071
dirichlet_0.1,12,cells,pre_footprint_on,pre,footprint,on,5,50,27,1.0,12,12,0.0,2.0,4,2,3888,7.969040962638675,1.0,1.0,1.3366890135028142,1.0,0.02070132142690126,0.15096264772941276,0,0.595
dirichlet_0.1,12,cells,pre_mass_off,pre,mass,off,5,50,50,1.0,12,12,0.0,2.0,4,2,7200,7.9637919819758975,1.0,1.0,1.3249325247005455,1.0,0.020890745883732926,0.14378589893297997,0,0.481
dirichlet_0.1,12,cells,pre_mass_on,pre,mass,on,5,50,32,1.0,12,12,0.0,2.0,4,2,4608,7.967709983745883,1.0,1.0,1.337138837473416,1.0,0.020716347222696767,0.15098979858391368,0,0.31
dirichlet_0.1,12,cells,post_fpmask_off,post,fpmask,off,5,50,50,1.0,12,12,0.0,2.0,4,2,7200,7.720181535025661,1.0,1.0,1.1814705483568817,1.0,0.019822931253084392,0.1378380182215444,0,1.132
dirichlet_0.1,12,cells,post_massmask_off,post,massmask,off,5,50,50,1.0,12,12,0.0,2.0,4,2,7200,7.737343067756626,1.0,1.0,1.1897161849842939,1.0,0.01987282749436231,0.13878930919541688,0,0.489
dirichlet_0.1,12,cells,pre_fpmask_off,pre,fpmask,off,5,50,50,1.0,12,12,0.0,2.0,4,2,7200,7.952546119564859,1.0,1.0,1.308689897040434,1.0,0.020693042841809714,0.1425978102235861,0,1.115
dirichlet_0.1,12,cells,pre_massmask_off,pre,massmask,off,5,50,50,1.0,12,12,0.0,2.0,4,2,7200,7.964513499751545,1.0,1.0,1.3108173005951727,1.0,0.020664440891020146,0.14273143839979224,0,0.483
dirichlet_0.1,13,cells,post_none_off,post,none,off,5,50,50,1.0,12,12,0.0,2.0,4,2,7200,3.2480548492035664,0.9772727272727272,0.8590909090909091,5.3643950716480955,0.9481060606060606,0.5084801994867711,0.5544346358587793,0,0.483
dirichlet_0.1,13,cells,post_none_on,post,none,on,5,50,42,1.0,12,12,0.0,2.0,4,2,6048,1.834438221524585,0.6492424242424243,0.4909090909090909,0.6141787007120074,0.5920454545454545,1.4403910170487657,0.3795111451713404,0,0.389
dirichlet_0.1,13,cells,post_footprint_off,post,footprint,off,5,50,50,1.0,12,12,0.0,2.0,4,2,7200,1.2029855798000755,0.8431818181818183,0.55,1.9527816154281668,0.8121212121212121,1.3493755440530357,0.25027728594121385,0,1.152
dirichlet_0.1,13,cells,post_footprint_on,post,footprint,on,5,50,50,1.0,12,12,0.0,2.0,4,2,7200,1.1451776183890956,0.8340909090909091,0.5409090909090909,1.9818566367667747,0.793939393939394,1.4911080487905255,0.25840702028166934,0,1.093
dirichlet_0.1,13,cells,post_mass_off,post,mass,off,5,50,50,1.0,12,12,0.0,2.0,4,2,7200,1.202475430082162,0.8416666666666667,0.55,1.9447046409809232,0.8109848484848485,1.344934790733603,0.2507346530166447,0,0.53
dirichlet_0.1,13,cells,post_mass_on,post,mass,on,5,50,23,1.0,12,12,0.0,2.0,4,2,3312,1.1363721485326959,0.8333333333333334,0.5363636363636364,1.9129112415985114,0.7931818181818182,1.5087277051481158,0.2572230353832907,0,0.219
dirichlet_0.1,13,cells,pre_none_off,pre,none,off,5,50,50,1.0,12,12,0.0,2.0,4,2,7200,1.122598932258241,0.8363636363636364,0.5590909090909091,1.9879900655123162,0.7988636363636363,1.5774839896806685,0.2530204462053946,0,0.483
dirichlet_0.1,13,cells,pre_none_on,pre,none,on,5,50,50,1.0,12,12,0.0,2.0,4,2,7200,0.980045892856236,0.6587121212121212,0.5318181818181819,0.6203973832702327,0.6189393939393939,2.1113586804152527,0.37518157381538936,0,0.494
dirichlet_0.1,13,cells,pre_footprint_off,pre,footprint,off,5,50,50,1.0,12,12,0.0,2.0,4,2,7200,1.125396299349108,0.8295454545454546,0.5272727272727272,2.030647590944878,0.7859848484848485,1.6033324957877182,0.254297196980371,0,1.147
dirichlet_0.1,13,cells,pre_footprint_on,pre,footprint,on,5,50,20,1.0,12,12,0.0,2.0,4,2,2880,1.0805776029887202,0.8272727272727273,0.5318181818181819,2.0140616128800484,0.790530303030303,1.737909828219001,0.2582154996351219,0,0.496
dirichlet_0.1,13,cells,pre_mass_off,pre,mass,off,5,50,50,1.0,12,12,0.0,2.0,4,2,7200,1.1246102863435168,0.8295454545454546,0.5272727272727272,2.0276902222599182,0.7859848484848485,1.6032361762675973,0.25421026700100463,0,0.487
dirichlet_0.1,13,cells,pre_mass_on,pre,mass,on,5,50,20,1.0,12,12,0.0,2.0,4,2,2880,1.0779293673211512,0.8272727272727273,0.5318181818181819,1.9449646668190876,0.790530303030303,1.7440588235549266,0.2568983062662446,0,0.242
dirichlet_0.1,13,cells,post_fpmask_off,post,fpmask,off,5,50,50,1.0,12,12,0.0,2.0,4,2,7200,1.1334028096863547,0.8416666666666667,0.5545454545454546,1.94740049687918,0.8098484848484848,1.5159563853276112,0.25066606047179046,0,1.12
dirichlet_0.1,13,cells,post_massmask_off,post,massmask,off,5,50,50,1.0,12,12,0.0,2.0,4,2,7200,1.1492952157087624,0.8409090909090908,0.5590909090909091,2.044435214693323,0.8087121212121212,1.5477832957195163,0.2672112507221939,0,0.515
dirichlet_0.1,13,cells,pre_fpmask_off,pre,fpmask,off,5,50,50,1.0,12,12,0.0,2.0,4,2,7200,1.1086698619315463,0.831060606060606,0.5409090909090909,2.0230561151730138,0.7878787878787878,1.645900001597888,0.25419398854914754,0,1.183
dirichlet_0.1,13,cells,pre_massmask_off,pre,massmask,off,5,50,50,1.0,12,12,0.0,2.0,4,2,7200,1.108609598032618,0.8306818181818181,0.5409090909090909,2.0062581228066994,0.7878787878787878,1.6324111012806317,0.25380715226736467,0,0.505
dirichlet_0.1,14,cells,post_none_off,post,none,off,5,50,50,1.0,12,12,0.0,2.0,4,2,7200,0.9678963905807486,0.796590909090909,0.5136363636363637,7.649152876263777,0.7954545454545454,8.164988928854388,0.7352493364005991,0,0.49
dirichlet_0.1,14,cells,post_none_on,post,none,on,5,50,50,1.0,12,12,0.0,2.0,4,2,7200,1.5106005948293735,0.5696969696969697,0.3409090909090909,0.4803769985296031,0.4984848484848485,3.4458526265435525,0.4488233010639063,0,0.475
dirichlet_0.1,14,cells,post_footprint_off,post,footprint,off,5,50,50,1.0,12,12,0.0,2.0,4,2,7200,7.324009099681574,1.0,1.0,1.131319731826801,1.0,0.021090535724452606,0.1356458448864833,0,1.089
dirichlet_0.1,14,cells,post_footprint_on,post,footprint,on,5,50,31,1.0,12,12,0.0,2.0,4,2,4464,7.247926789483589,1.0,1.0,1.2159024765761128,1.0,0.01987469396142603,0.15311032517834852,0,0.684
dirichlet_0.1,14,cells,post_mass_off,post,mass,off,5,50,50,1.0,12,12,0.0,2.0,4,2,7200,7.323971722078044,1.0,1.0,1.1313037875217709,1.0,0.021090453751013476,0.1356367506505748,0,0.511
dirichlet_0.1,14,cells,post_mass_on,post,mass,on,5,50,28,1.0,12,12,0.0,2.0,4,2,4032,7.248633403927626,1.0,1.0,1.2160693964749851,1.0,0.01986897231203358,0.15312789195529602,0,0.292
dirichlet_0.1,14,cells,pre_none_off,pre,none,off,5,50,50,1.0,12,12,0.0,2.0,4,2,7200,7.983898664470847,1.0,1.0,1.210137304150961,1.0,0.01898473838410878,0.13996744719747034,0,0.481
dirichlet_0.1,14,cells,pre_none_on,pre,none,on,5,50,45,1.0,12,12,0.0,2.0,4,2,6480,7.663109955956608,0.5992424242424242,0.38636363636363635,0.4868695047491194,0.5882575757575758,0.01960727620665741,0.44158380886812876,0,0.43
dirichlet_0.1,14,cells,pre_footprint_off,pre,footprint,off,5,50,50,1.0,12,12,0.0,2.0,4,2,7200,7.972639161463985,1.0,1.0,1.232603181808863,1.0,0.019391842152631275,0.13977352115894326,0,1.152
dirichlet_0.1,14,cells,pre_footprint_on,pre,footprint,on,5,50,32,1.0,12,12,0.0,2.0,4,2,4608,7.6578382874966096,1.0,1.0,1.2494199540902189,1.0,0.019625734322178522,0.14853962417798325,0,0.739
dirichlet_0.1,14,cells,pre_mass_off,pre,mass,off,5,50,50,1.0,12,12,0.0,2.0,4,2,7200,7.973029726958977,1.0,1.0,1.2320910901485422,1.0,0.019381886691670226,0.13974022753973303,0,0.467
dirichlet_0.1,14,cells,pre_mass_on,pre,mass,on,5,50,32,1.0,12,12,0.0,2.0,4,2,4608,7.658174819521492,1.0,1.0,1.2491395669171357,1.0,0.01961755084500421,0.14852629660591918,0,0.318
dirichlet_0.1,14,cells,post_fpmask_off,post,fpmask,off,5,50,50,1.0,12,12,0.0,2.0,4,2,7200,7.359258434205955,1.0,1.0,1.092803001320584,1.0,0.02017779802713155,0.1319738487045351,0,1.185
dirichlet_0.1,14,cells,post_massmask_off,post,massmask,off,5,50,50,1.0,12,12,0.0,2.0,4,2,7200,2.02331091815127,0.8670454545454546,0.7681818181818182,7.345466538741188,0.6541666666666667,1.7942961884511393,0.7824601111726027,0,0.501
dirichlet_0.1,14,cells,pre_fpmask_off,pre,fpmask,off,5,50,50,1.0,12,12,0.0,2.0,4,2,7200,7.986584959434912,1.0,1.0,1.213682003827382,1.0,0.019027541616408683,0.1385124686352902,0,1.11
dirichlet_0.1,14,cells,pre_massmask_off,pre,massmask,off,5,50,50,1.0,12,12,0.0,2.0,4,2,7200,7.9855741593294605,1.0,1.0,1.2144946578679305,1.0,0.019045102504966077,0.13858890358702344,0,0.483
dirichlet_0.1,15,cells,post_none_off,post,none,off,5,50,50,1.0,12,12,0.0,2.0,4,2,7200,0.4284497544881071,0.9526515151515152,0.5818181818181818,4.647030659928984,0.9253787878787879,25.31487231728909,0.5043735335168672,0,0.492
dirichlet_0.1,15,cells,post_none_on,post,none,on,5,50,41,1.0,12,12,0.0,2.0,4,2,5904,1.3416848531627397,0.6924242424242425,0.32272727272727275,0.6477278557873957,0.6640151515151516,2.3427065008884917,0.34543016604164084,0,0.403
dirichlet_0.1,15,cells,post_footprint_off,post,footprint,off,5,50,50,1.0,12,12,0.0,2.0,4,2,7200,1.0137106800360054,0.7647727272727273,0.509090909090909,2.8480391926892272,0.7518939393939394,2.771519364427095,0.31492916043816027,0,1.079
dirichlet_0.1,15,cells,post_footprint_on,post,footprint,on,5,50,43,1.0,12,12,0.0,2.0,4,2,6192,1.185486159565342,0.8106060606060607,0.55,2.6505684885779677,0.7958333333333333,2.0044668261876932,0.3208679603806075,0,0.993
dirichlet_0.1,15,cells,post_mass_off,post,mass,off,5,50,50,1.0,12,12,0.0,2.0,4,2,7200,7.566379735469871,1.0,1.0,1.177227112766614,1.0,0.02056288225600749,0.14499336557753528,0,0.508
dirichlet_0.1,15,cells,post_mass_on,post,mass,on,5,50,36,1.0,12,12,0.0,2.0,4,2,5184,7.686136627427029,1.0,1.0,1.2395287026890018,1.0,0.01940632463848857,0.1594525537272199,0,0.339
dirichlet_0.1,15,cells,pre_none_off,pre,none,off,5,50,50,1.0,12,12,0.0,2.0,4,2,7200,1.1557845455038112,0.8647727272727272,0.5818181818181818,3.3437420641525386,0.834469696969697,2.5031046244760677,0.285752900684999,0,0.506
dirichlet_0.1,15,cells,pre_none_on,pre,none,on,5,50,41,1.0,12,12,0.0,2.0,4,2,5904,0.8613020895938495,0.681060606060606,0.39545454545454545,0.6349577449379729,0.6556818181818181,4.474981483762614,0.3567433515284992,0,0.395
dirichlet_0.1,15,cells,pre_footprint_off,pre,footprint,off,5,50,50,1.0,12,12,0.0,2.0,4,2,7200,1.0289716809622793,0.8462121212121212,0.5818181818181818,3.4299978399784314,0.8136363636363636,3.2395672638651978,0.2817856512936613,0,1.144
dirichlet_0.1,15,cells,pre_footprint_on,pre,footprint,on,5,50,37,1.0,12,12,0.0,2.0,4,2,5328,0.9820405877012272,0.8409090909090909,0.5818181818181818,3.358443907125765,0.8132575757575757,3.5524460042039734,0.2912002596051838,0,0.823
dirichlet_0.1,15,cells,pre_mass_off,pre,mass,off,5,50,50,1.0,12,12,0.0,2.0,4,2,7200,1.0301596207604942,0.8477272727272727,0.5818181818181818,3.401336601021616,0.8136363636363636,3.205092492034706,0.28300333530482785,0,0.504
dirichlet_0.1,15,cells,pre_mass_on,pre,mass,on,5,50,50,1.0,12,12,0.0,2.0,4,2,7200,1.0285632711595585,0.8481060606060606,0.5818181818181818,2.960929323933326,0.8132575757575757,3.2222917648450125,0.2858779410389085,0,0.524
dirichlet_0.1,15,cells,post_fpmask_off,post,fpmask,off,5,50,50,1.0,12,12,0.0,2.0,4,2,7200,1.016718472207986,0.8772727272727273,0.5818181818181818,3.270489567198468,0.8492424242424242,3.1638168878210404,0.2764623345761735,0,1.202
dirichlet_0.1,15,cells,post_massmask_off,post,massmask,off,5,50,50,1.0,12,12,0.0,2.0,4,2,7200,1.01038812891439,0.8848484848484848,0.5954545454545455,3.526243560152473,0.8503787878787878,3.4541073905786828,0.3384039479672769,0,0.465
dirichlet_0.1,15,cells,pre_fpmask_off,pre,fpmask,off,5,50,50,1.0,12,12,0.0,2.0,4,2,7200,1.0302735976284945,0.8450757575757576,0.5818181818181818,3.419372167541167,0.8140151515151515,3.2213746101123295,0.28032579106140576,0,1.129
dirichlet_0.1,15,cells,pre_massmask_off,pre,massmask,off,5,50,50,1.0,12,12,0.0,2.0,4,2,7200,1.0350630106930798,0.8481060606060606,0.5818181818181818,3.3649222674417927,0.8102272727272727,3.140808506722261,0.2848459113190848,0,0.483
dirichlet_0.1,16,cells,post_none_off,post,none,off,5,50,50,1.0,12,12,0.0,2.0,4,2,7200,2.8289719114495377,0.9996212121212121,0.9954545454545455,6.136254520368088,0.9996212121212121,0.7667364225772175,0.6280049956666198,0,0.476
dirichlet_0.1,16,cells,post_none_on,post,none,on,5,50,50,1.0,12,12,0.0,2.0,4,2,7200,2.6740341968919927,0.6553030303030303,0.5045454545454545,0.5707452606779512,0.6272727272727273,1.0116899045136356,0.3954621380564708,0,0.465
dirichlet_0.1,16,cells,post_footprint_off,post,footprint,off,5,50,50,1.0,12,12,0.0,2.0,4,2,7200,7.529563599174889,1.0,1.0,1.3940180088844494,1.0,0.02458831523731086,0.1605379860765847,0,1.099
dirichlet_0.1,16,cells,post_footprint_on,post,footprint,on,5,50,27,1.0,12,12,0.0,2.0,4,2,3888,7.52063400292984,1.0,1.0,1.2169279021097696,1.0,0.01924011765849276,0.15189243096714933,0,0.611
dirichlet_0.1,16,cells,post_mass_off,post,mass,off,5,50,50,1.0,12,12,0.0,2.0,4,2,7200,7.53360073588734,1.0,1.0,1.3793131006475874,1.0,0.024302875466201423,0.1591972663093971,0,0.483
dirichlet_0.1,16,cells,post_mass_on,post,mass,on,5,50,27,1.0,12,12,0.0,2.0,4,2,3888,7.524839723844476,1.0,1.0,1.217017432389865,1.0,0.01921630866660048,0.1518776990265813,0,0.264
dirichlet_0.1,16,cells,pre_none_off,pre,none,off,5,50,50,1.0,12,12,0.0,2.0,4,2,7200,7.863476173461225,1.0,1.0,1.1943717185122738,1.0,0.01931569596224812,0.1376782482449322,0,0.455
dirichlet_0.1,16,cells,pre_none_on,pre,none,on,5,50,27,1.0,12,12,0.0,2.0,4,2,3888,7.5826628650083245,0.7121212121212119,0.5590909090909091,0.6268021971387279,0.696969696969697,0.02037163860525961,0.36310322291090186,0,0.26
dirichlet_0.1,16,cells,pre_footprint_off,pre,footprint,off,5,50,50,1.0,12,12,0.0,2.0,4,2,7200,7.884767932362705,1.0,1.0,1.240403525457817,1.0,0.019951941412654224,0.14114118757726438,0,1.21
dirichlet_0.1,16,cells,pre_footprint_on,pre,footprint,on,5,50,29,1.0,12,12,0.0,2.0,4,2,4176,7.8151092984708965,1.0,1.0,1.2575569399111424,1.0,0.019734411417627905,0.14840337597444486,0,0.684
dirichlet_0.1,16,cells,pre_mass_off,pre,mass,off,5,50,50,1.0,12,12,0.0,2.0,4,2,7200,7.884656158669892,1.0,1.0,1.2394561483824682,1.0,0.019937268067156323,0.1410604832766671,0,0.47
dirichlet_0.1,16,cells,pre_mass_on,pre,mass,on,5,50,29,1.0,12,12,0.0,2.0,4,2,4176,7.815018168668951,1.0,1.0,1.2570137685886726,1.0,0.019715311317454434,0.1483573353530698,0,0.272
dirichlet_0.1,16,cells,post_fpmask_off,post,fpmask,off,5,50,50,1.0,12,12,0.0,2.0,4,2,7200,7.542992218102182,1.0,1.0,1.1788022636697888,1.0,0.020718277315266723,0.14036192273028422,0,1.151
dirichlet_0.1,16,cells,post_massmask_off,post,massmask,off,5,50,50,1.0,12,12,0.0,2.0,4,2,7200,7.556648696774412,1.0,1.0,1.1902573669287564,1.0,0.02084406471539301,0.14149007072861672,0,0.495
dirichlet_0.1,16,cells,pre_fpmask_off,pre,fpmask,off,5,50,50,1.0,12,12,0.0,2.0,4,2,7200,7.874881309539978,1.0,1.0,1.199136108820129,1.0,0.0193366148600003,0.13802734059033914,0,1.116
dirichlet_0.1,16,cells,pre_massmask_off,pre,massmask,off,5,50,50,1.0,12,12,0.0,2.0,4,2,7200,7.880378369347552,1.0,1.0,1.2017613629445514,1.0,0.019351921634034878,0.1382440916671435,0,0.495
dirichlet_0.1,17,cells,post_none_off,post,none,off,5,50,50,1.0,12,12,0.0,2.0,4,2,7200,0.8098982455937466,0.8992424242424243,0.5954545454545455,6.26915689879842,0.8992424242424243,9.557586180126293,0.6379891315612203,0,0.492
dirichlet_0.1,17,cells,post_none_on,post,none,on,5,50,46,1.0,12,12,0.0,2.0,4,2,6624,3.772980097800262,0.7477272727272727,0.4409090909090909,0.6986587896550994,0.6662878787878788,0.3502557641022087,0.33887510684971145,0,0.447
dirichlet_0.1,17,cells,post_footprint_off,post,footprint,off,5,50,50,1.0,12,12,0.0,2.0,4,2,7200,7.4407566260419955,1.0,1.0,1.0861798132799454,1.0,0.019618578094532175,0.12645421883558738,0,1.155
dirichlet_0.1,17,cells,post_footprint_on,post,footprint,on,5,50,28,1.0,12,12,0.0,2.0,4,2,4032,7.422447533310656,1.0,1.0,1.2106569547835953,1.0,0.019387801811209956,0.14386864784485212,0,0.626
dirichlet_0.1,17,cells,post_mass_off,post,mass,off,5,50,50,1.0,12,12,0.0,2.0,4,2,7200,7.441186117663119,1.0,1.0,1.0861918214675474,1.0,0.019616530329994976,0.12644370155958023,0,0.485
dirichlet_0.1,17,cells,post_mass_on,post,mass,on,5,50,28,1.0,12,12,0.0,2.0,4,2,4032,7.422561384101993,1.0,1.0,1.2109351436243199,1.0,0.019386086791669317,0.14388182417376344,0,0.301
dirichlet_0.1,17,cells,pre_none_off,pre,none,off,5,50,50,1.0,12,12,0.0,2.0,4,2,7200,7.84525379496172,1.0,1.0,1.166127885883838,1.0,0.01894663922829707,0.13166397712852324,0,0.527
dirichlet_0.1,17,cells,pre_none_on,pre,none,on,5,50,19,1.0,12,12,0.0,2.0,4,2,2736,7.8722619164995535,0.75,0.38181818181818183,0.7011606756833448,0.75,0.018616491040364665,0.32833913503154455,0,0.203
dirichlet_0.1,17,cells,pre_footprint_off,pre,footprint,off,5,50,50,1.0,12,12,0.0,2.0,4,2,7200,7.902054994877813,1.0,1.0,1.183701840857578,1.0,0.018956677743438167,0.13292147277062552,0,1.14
dirichlet_0.1,17,cells,pre_footprint_on,pre,footprint,on,5,50,50,1.0,12,12,0.0,2.0,4,2,7200,7.833900083807474,1.0,1.0,1.2398949062084739,1.0,0.019232920763100587,0.14214318359559647,0,1.128
dirichlet_0.1,17,cells,pre_mass_off,pre,mass,off,5,50,50,1.0,12,12,0.0,2.0,4,2,7200,7.900862900957707,1.0,1.0,1.184060726140734,1.0,0.018968147787492357,0.13295064043569832,0,0.486
dirichlet_0.1,17,cells,pre_mass_on,pre,mass,on,5,50,50,1.0,12,12,0.0,2.0,4,2,7200,7.832802931329563,1.0,1.0,1.2399912493848415,1.0,0.019236546378898454,0.14214915894347327,0,0.51
dirichlet_0.1,17,cells,post_fpmask_off,post,fpmask,off,5,50,50,1.0,12,12,0.0,2.0,4,2,7200,7.431018304770248,1.0,1.0,1.0758067821352892,1.0,0.019482182874508813,0.12539259918835274,0,1.146
dirichlet_0.1,17,cells,post_massmask_off,post,massmask,off,5,50,50,1.0,12,12,0.0,2.0,4,2,7200,7.431123386376984,1.0,1.0,1.0762191914057957,1.0,0.019489100154098,0.1254112274140369,0,0.502
dirichlet_0.1,17,cells,pre_fpmask_off,pre,fpmask,off,5,50,50,1.0,12,12,0.0,2.0,4,2,7200,7.859393905567976,1.0,1.0,1.1689802916801324,1.0,0.01892470322890045,0.131857204412825,0,1.221
dirichlet_0.1,17,cells,pre_massmask_off,pre,massmask,off,5,50,50,1.0,12,12,0.0,2.0,4,2,7200,7.859016194261649,1.0,1.0,1.172043016410091,1.0,0.018976109778455756,0.1320862486448039,0,0.521
dirichlet_0.1,18,cells,post_none_off,post,none,off,5,50,50,1.0,12,12,0.0,2.0,4,2,7200,1.6614534617880943,0.9643939393939395,0.9090909090909091,4.61884635456793,0.9026515151515152,1.6732358222512924,0.4917422243974085,0,0.473
dirichlet_0.1,18,cells,post_none_on,post,none,on,5,50,50,1.0,12,12,0.0,2.0,4,2,7200,1.191168557954902,0.5522727272727274,0.32727272727272727,0.6642032325582448,0.4553030303030303,5.808345985698751,0.46059714571466753,0,0.526
dirichlet_0.1,18,cells,post_footprint_off,post,footprint,off,5,50,50,1.0,12,12,0.0,2.0,4,2,7200,1.0969663811737531,0.809469696969697,0.5636363636363636,2.1885355624587186,0.8090909090909091,1.8187247303305405,0.29269035996447434,0,1.225
dirichlet_0.1,18,cells,post_footprint_on,post,footprint,on,5,50,24,1.0,12,12,0.0,2.0,4,2,3456,6.79873538740738,1.0,1.0,1.2260489586416528,1.0,0.024777150806910495,0.15443734210846052,0,0.521
dirichlet_0.1,18,cells,post_mass_off,post,mass,off,5,50,50,1.0,12,12,0.0,2.0,4,2,7200,5.783587653785488,1.0,1.0,1.2946341048971055,1.0,0.038703692417052904,0.15944942335631965,0,0.484
dirichlet_0.1,18,cells,post_mass_on,post,mass,on,5,50,25,1.0,12,12,0.0,2.0,4,2,3600,6.796307882494045,1.0,1.0,1.2260042162096187,1.0,0.024801938275390536,0.15446486869529444,0,0.24
dirichlet_0.1,18,cells,pre_none_off,pre,none,off,5,50,50,1.0,12,12,0.0,2.0,4,2,7200,8.09712002830685,1.0,1.0,1.1735277568487679,1.0,0.01789914193792519,0.13166759329636638,0,0.475
dirichlet_0.1,18,cells,pre_none_on,pre,none,on,5,50,41,1.0,12,12,0.0,2.0,4,2,5904,7.028279570804426,0.6234848484848485,0.38181818181818183,0.6710641341934824,0.5909090909090909,0.024428050750850257,0.4294973121415018,0,0.393
dirichlet_0.1,18,cells,pre_footprint_off,pre,footprint,off,5,50,50,1.0,12,12,0.0,2.0,4,2,7200,8.224369040966476,1.0,1.0,1.2138468499089243,1.0,0.017945630294121297,0.13438941726860848,0,1.118
dirichlet_0.1,18,cells,pre_footprint_on,pre,footprint,on,5,50,22,1.0,12,12,0.0,2.0,4,2,3168,8.179298139319897,1.0,1.0,1.2490683837820462,1.0,0.017884350651867338,0.142134593501451,0,0.516
dirichlet_0.1,18,cells,pre_mass_off,pre,mass,off,5,50,50,1.0,12,12,0.0,2.0,4,2,7200,8.225408751189567,1.0,1.0,1.2141347348530522,1.0,0.017945348887749218,0.13441049357331272,0,0.519
dirichlet_0.1,18,cells,pre_mass_on,pre,mass,on,5,50,23,1.0,12,12,0.0,2.0,4,2,3312,8.18031728632388,1.0,1.0,1.2491821476080913,1.0,0.0178825630392455,0.142135939683126,0,0.243
dirichlet_0.1,18,cells,post_fpmask_off,post,fpmask,off,5,50,50,1.0,12,12,0.0,2.0,4,2,7200,1.0405420474978155,0.7924242424242426,0.5863636363636363,2.411573342262362,0.7920454545454545,2.227312763016343,0.3206706155307168,0,1.264
dirichlet_0.1,18,cells,post_massmask_off,post,massmask,off,5,50,50,1.0,12,12,0.0,2.0,4,2,7200,6.396668181752727,1.0,1.0,1.197959131160812,1.0,0.029277524725510557,0.14629827951423305,0,0.47
dirichlet_0.1,18,cells,pre_fpmask_off,pre,fpmask,off,5,50,50,1.0,12,12,0.0,2.0,4,2,7200,8.16561698157383,1.0,1.0,1.1810461310398606,1.0,0.017712866580112143,0.13185424069397275,0,1.198
dirichlet_0.1,18,cells,pre_massmask_off,pre,massmask,off,5,50,50,1.0,12,12,0.0,2.0,4,2,7200,8.165616981573832,1.0,1.0,1.1810461310398612,1.0,0.017712866580112143,0.13185424069397275,0,0.498
dirichlet_0.1,19,cells,post_none_off,post,none,off,5,50,50,1.0,12,12,0.0,2.0,4,2,7200,0.6297787478863557,0.8787878787878788,0.6727272727272727,7.268642246397606,0.8231060606060606,18.32640549703566,0.7794000034881982,0,0.481
dirichlet_0.1,19,cells,post_none_on,post,none,on,5,50,50,1.0,12,12,0.0,2.0,4,2,7200,2.166244415131217,0.6083333333333333,0.4636363636363636,0.4806562392035803,0.4643939393939394,1.5043595229758338,0.4444813242969653,0,0.496
dirichlet_0.1,19,cells,post_footprint_off,post,footprint,off,5,50,50,1.0,12,12,0.0,2.0,4,2,7200,7.80753082393872,1.0,1.0,1.470675079708935,1.0,0.02412622193110133,0.17312906146840515,0,1.174
dirichlet_0.1,19,cells,post_footprint_on,post,footprint,on,5,50,27,1.0,12,12,0.0,2.0,4,2,3888,7.773452501863741,1.0,1.0,1.2191195666670613,1.0,0.01890691494261739,0.1598167079378898,0,0.605
dirichlet_0.1,19,cells,post_mass_off,post,mass,off,5,50,50,1.0,12,12,0.0,2.0,4,2,7200,7.812625576134816,1.0,1.0,1.4365528847784814,1.0,0.023535725843606553,0.16956009826073035,0,0.48
dirichlet_0.1,19,cells,post_mass_on,post,mass,on,5,50,29,1.0,12,12,0.0,2.0,4,2,4176,7.772612889394168,1.0,1.0,1.2206982153448505,1.0,0.01887090975754694,0.15991623476604722,0,0.292
dirichlet_0.1,19,cells,pre_none_off,pre,none,off,5,50,50,1.0,12,12,0.0,2.0,4,2,7200,8.094141176911242,1.0,1.0,1.2216920959741158,1.0,0.018647482749342546,0.14204609377368982,0,0.492
dirichlet_0.1,19,cells,pre_none_on,pre,none,on,5,50,28,1.0,12,12,0.0,2.0,4,2,4032,7.409690263014365,0.6178030303030303,0.4681818181818182,0.5140649860449074,0.5901515151515152,0.027866166703454875,0.4178257127805658,0,0.301
dirichlet_0.1,19,cells,pre_footprint_off,pre,footprint,off,5,50,50,1.0,12,12,0.0,2.0,4,2,7200,8.110055635286809,1.0,1.0,1.2381679959616487,1.0,0.018824866596350687,0.1431929745383042,0,1.128
dirichlet_0.1,19,cells,pre_footprint_on,pre,footprint,on,5,50,32,1.0,12,12,0.0,2.0,4,2,4608,8.024702479991372,1.0,1.0,1.2634363122707941,1.0,0.01885275215459094,0.15126863846536606,0,0.771
dirichlet_0.1,19,cells,pre_mass_off,pre,mass,off,5,50,50,1.0,12,12,0.0,2.0,4,2,7200,8.11154806289646,1.0,1.0,1.2380563663573843,1.0,0.018816243563575193,0.1431747671495127,0,0.491
dirichlet_0.1,19,cells,pre_mass_on,pre,mass,on,5,50,32,1.0,12,12,0.0,2.0,4,2,4608,8.026463777728818,1.0,1.0,1.2638152448734572,1.0,0.018846187912607414,0.15128402210750955,0,0.384
dirichlet_0.1,19,cells,post_fpmask_off,post,fpmask,off,5,50,50,1.0,12,12,0.0,2.0,4,2,7200,1.1474034432544058,0.8863636363636364,0.7136363636363636,4.782509434047485,0.7689393939393939,3.6326498447553703,0.46751254655734037,0,1.212
dirichlet_0.1,19,cells,post_massmask_off,post,massmask,off,5,50,50,1.0,12,12,0.0,2.0,4,2,7200,1.116699290758945,0.8424242424242424,0.6363636363636364,5.0154095530192455,0.7973484848484849,4.021924578722348,0.5421246994713461,0,0.495
dirichlet_0.1,19,cells,pre_fpmask_off,pre,fpmask,off,5,50,50,1.0,12,12,0.0,2.0,4,2,7200,8.100525446843186,1.0,1.0,1.22764094033864,1.0,0.01870875905726862,0.14242380777271602,0,1.224
dirichlet_0.1,19,cells,pre_massmask_off,pre,massmask,off,5,50,50,1.0,12,12,0.0,2.0,4,2,7200,8.103643077506012,1.0,1.0,1.2302338819801935,1.0,0.018733851571367716,0.14266307445316803,0,0.515
overlap_noise,10,cells,post_none_off,post,none,off,5,50,50,1.0,12,12,0.0,2.0,4,2,7200,4.247621346529994,0.8575757575757574,0.7636363636363637,2.6638026985163683,0.8575757575757575,0.14764218545219931,0.5259970698074757,0,0.49
overlap_noise,10,cells,post_none_on,post,none,on,5,50,50,1.0,12,12,0.0,2.0,4,2,7200,3.7340359310214155,0.5996212121212121,0.37272727272727274,1.8561744371518347,0.5757575757575758,0.2210481868960752,0.5279323853382963,0,0.496
overlap_noise,10,cells,post_footprint_off,post,footprint,off,5,50,50,1.0,12,12,0.0,2.0,4,2,7200,4.693461213531701,0.9049242424242423,0.8772727272727273,2.3736466726503607,0.9049242424242424,0.10775305855396276,0.4546903116616787,0,1.175
overlap_noise,10,cells,post_footprint_on,post,footprint,on,5,50,18,1.0,12,12,0.0,2.0,4,2,2592,4.689065888104451,0.893560606060606,0.8727272727272727,2.372403621361381,0.893560606060606,0.10813116784740377,0.46625730774873203,0,0.405
overlap_noise,10,cells,post_mass_off,post,mass,off,5,50,50,1.0,12,12,0.0,2.0,4,2,7200,4.685873475020171,0.9034090909090908,0.8772727272727273,2.3727093930622707,0.9034090909090909,0.108059619457303,0.45522971128939543,0,0.478
overlap_noise,10,cells,post_mass_on,post,mass,on,5,50,19,1.0,12,12,0.0,2.0,4,2,2736,4.681450197625546,0.8924242424242426,0.8681818181818182,2.3685836888766314,0.8924242424242425,0.10845463863685981,0.4674728053104937,0,0.191
overlap_noise,10,cells,pre_none_off,pre,none,off,5,50,50,1.0,12,12,0.0,2.0,4,2,7200,4.56490111429463,0.903030303030303,0.8818181818181818,2.369373278995101,0.9030303030303031,0.11370268960018577,0.4592505664491228,0,0.472
overlap_noise,10,cells,pre_none_on,pre,none,on,5,50,50,1.0,12,12,0.0,2.0,4,2,7200,4.8029288130482835,0.6140151515151515,0.4318181818181818,1.8637732485982248,0.6003787878787878,0.10590046985861513,0.5214774223659758,0,0.494
overlap_noise,10,cells,pre_footprint_off,pre,footprint,off,5,50,50,1.0,12,12,0.0,2.0,4,2,7200,4.780994415436113,0.9053030303030303,0.8863636363636364,2.3952950857590767,0.9053030303030303,0.10479065396667718,0.4538276250998244,0,1.164
overlap_noise,10,cells,pre_footprint_on,pre,footprint,on,5,50,18,1.0,12,12,0.0,2.0,4,2,2592,4.803335211635101,0.8962121212121211,0.8727272727272727,2.383385823544672,0.8962121212121212,0.1040697796462497,0.4631243928741926,0,0.435
overlap_noise,10,cells,pre_mass_off,pre,mass,off,5,50,50,1.0,12,12,0.0,2.0,4,2,7200,4.773134110317868,0.9053030303030302,0.8863636363636364,2.3947538309738086,0.9053030303030303,0.10511231544205153,0.45394834048172766,0,0.554
overlap_noise,10,cells,pre_mass_on,pre,mass,on,5,50,18,1.0,12,12,0.0,2.0,4,2,2592,4.795503685365856,0.8946969696969695,0.8727272727272727,2.381163699844422,0.8946969696969697,0.10441379672007957,0.46384311656742083,0,0.181
overlap_noise,10,cells,post_fpmask_off,post,fpmask,off,5,50,50,1.0,12,12,0.0,2.0,4,2,7200,4.0275377168247335,0.8833333333333334,0.8363636363636363,2.461476627815976,0.8833333333333333,0.15174573169962907,0.48586099016388307,0,1.185
overlap_noise,10,cells,post_massmask_off,post,massmask,off,5,50,50,1.0,12,12,0.0,2.0,4,2,7200,4.362734405944683,0.8242424242424242,0.6818181818181818,2.741043659342691,0.8242424242424242,0.1440119076564534,0.5409355199204914,0,0.506
overlap_noise,10,cells,pre_fpmask_off,pre,fpmask,off,5,50,50,1.0,12,12,0.0,2.0,4,2,7200,4.558682507364779,0.9034090909090908,0.8772727272727273,2.3710266749008286,0.9034090909090909,0.11409267087436478,0.4553620973734718,0,1.214
overlap_noise,10,cells,pre_massmask_off,pre,massmask,off,5,50,50,1.0,12,12,0.0,2.0,4,2,7200,4.579513151332003,0.9015151515151514,0.8727272727272727,2.3677379768650395,0.9015151515151515,0.11290027996794724,0.4575156426801807,0,0.503
overlap_noise,11,cells,post_none_off,post,none,off,5,50,50,1.0,12,12,0.0,2.0,4,2,7200,3.652281086880585,0.818939393939394,0.7454545454545455,2.7837138199524043,0.818939393939394,0.20868738491045727,0.5670290351156655,0,0.469
overlap_noise,11,cells,post_none_on,post,none,on,5,50,50,1.0,12,12,0.0,2.0,4,2,7200,3.07990695089541,0.5746212121212121,0.4318181818181818,1.7491736295504952,0.5208333333333334,0.31167364195488306,0.5182356623728984,0,0.463
overlap_noise,11,cells,post_footprint_off,post,footprint,off,5,50,50,1.0,12,12,0.0,2.0,4,2,7200,4.9986542500327245,0.9060606060606061,0.8681818181818182,2.3248156852495345,0.906060606060606,0.09304270555699126,0.4445564067733818,0,1.199
overlap_noise,11,cells,post_footprint_on,post,footprint,on,5,50,18,1.0,12,12,0.0,2.0,4,2,2592,5.008059127000421,0.896969696969697,0.8545454545454545,2.329361889335495,0.896969696969697,0.09288509789496448,0.4557016031755497,0,0.446
overlap_noise,11,cells,post_mass_off,post,mass,off,5,50,50,1.0,12,12,0.0,2.0,4,2,7200,4.981826922717238,0.9060606060606061,0.8681818181818182,2.3220108112575697,0.906060606060606,0.09355930065226578,0.4445952198157848,0,0.492
overlap_noise,11,cells,post_mass_on,post,mass,on,5,50,19,1.0,12,12,0.0,2.0,4,2,2736,4.99252488951946,0.8939393939393939,0.8454545454545455,2.3247755903307783,0.8939393939393939,0.09336678876639792,0.45675858825491233,0,0.181
overlap_noise,11,cells,pre_none_off,pre,none,off,5,50,50,1.0,12,12,0.0,2.0,4,2,7200,4.834494753786049,0.9060606060606061,0.8681818181818182,2.3064438084990875,0.906060606060606,0.09868262465093529,0.4467239434518019,0,0.52
overlap_noise,11,cells,pre_none_on,pre,none,on,5,50,38,1.0,12,12,0.0,2.0,4,2,5472,4.390153877706009,0.5818181818181819,0.4090909090909091,1.7497050555952662,0.5321969696969697,0.1299445260950826,0.5098053428961542,0,0.363
overlap_noise,11,cells,pre_footprint_off,pre,footprint,off,5,50,50,1.0,12,12,0.0,2.0,4,2,7200,5.129575691900894,0.9060606060606061,0.8727272727272727,2.3574161106165277,0.906060606060606,0.08959285204970373,0.44472354760360483,0,1.276
overlap_noise,11,cells,pre_footprint_on,pre,footprint,on,5,50,37,1.0,12,12,0.0,2.0,4,2,5328,1.8222411711239888,0.7132575757575758,0.5227272727272727,2.7681909922041883,0.6685606060606061,0.8972260055692095,0.5312980093434114,0,0.906
overlap_noise,11,cells,pre_mass_off,pre,mass,off,5,50,50,1.0,12,12,0.0,2.0,4,2,7200,5.119205008937024,0.9060606060606061,0.8727272727272727,2.356583078860763,0.906060606060606,0.08992443354136194,0.44472761141104317,0,0.512
overlap_noise,11,cells,pre_mass_on,pre,mass,on,5,50,40,1.0,12,12,0.0,2.0,4,2,5760,1.8467375708497669,0.7143939393939394,0.5318181818181819,2.71261475921256,0.6696969696969697,0.8712740528798094,0.5305720086936924,0,0.431
overlap_noise,11,cells,post_fpmask_off,post,fpmask,off,5,50,50,1.0,12,12,0.0,2.0,4,2,7200,3.2534073681523092,0.7215909090909092,0.4681818181818182,2.9386246054381426,0.7037878787878787,0.27763052789409387,0.5970794696827822,0,1.245
overlap_noise,11,cells,post_massmask_off,post,massmask,off,5,50,50,1.0,12,12,0.0,2.0,4,2,7200,3.7612204546422108,0.8303030303030301,0.75,2.760869975863022,0.8303030303030303,0.1951589061843912,0.5602631637146386,0,0.511
overlap_noise,11,cells,pre_fpmask_off,pre,fpmask,off,5,50,50,1.0,12,12,0.0,2.0,4,2,7200,5.031985341640779,0.9071969696969697,0.8727272727272727,2.319737116906717,0.9071969696969697,0.09161361846528257,0.4441371665777334,0,1.186
overlap_noise,11,cells,pre_massmask_off,pre,massmask,off,5,50,50,1.0,12,12,0.0,2.0,4,2,7200,4.932909116852887,0.9053030303030302,0.8681818181818182,2.312445687880779,0.9053030303030303,0.09503100299094304,0.4448565319703954,0,0.511
overlap_noise,12,cells,post_none_off,post,none,off,5,50,50,1.0,12,12,0.0,2.0,4,2,7200,3.3298759355491545,0.8943181818181816,0.8727272727272727,2.604004600866552,0.8943181818181818,0.23484733782284456,0.5154921720263921,0,0.481
overlap_noise,12,cells,post_none_on,post,none,on,5,50,50,1.0,12,12,0.0,2.0,4,2,7200,3.225599308948833,0.5882575757575758,0.4,1.8751434955360613,0.49242424242424243,0.33044985497543117,0.5227303687238438,0,0.493
overlap_noise,12,cells,post_footprint_off,post,footprint,off,5,50,50,1.0,12,12,0.0,2.0,4,2,7200,5.426189647907695,0.903030303030303,0.8772727272727273,2.410831564342561,0.9030303030303031,0.08187982993342485,0.4517425443132574,0,1.181
overlap_noise,12,cells,post_footprint_on,post,footprint,on,5,50,24,1.0,12,12,0.0,2.0,4,2,3456,5.451954706167259,0.8958333333333335,0.8590909090909091,2.4178826898072807,0.8958333333333334,0.08113775860446423,0.46352083874806976,0,0.601
overlap_noise,12,cells,post_mass_off,post,mass,off,5,50,50,1.0,12,12,0.0,2.0,4,2,7200,5.397247827982792,0.9026515151515152,0.8772727272727273,2.408328825286415,0.9026515151515152,0.08267440220085763,0.4518493530660191,0,0.556
overlap_noise,12,cells,post_mass_on,post,mass,on,5,50,24,1.0,12,12,0.0,2.0,4,2,3456,5.427124689222109,0.893939393939394,0.8590909090909091,2.4132332577281774,0.8939393939393939,0.08181704389975934,0.4645807080810472,0,0.258
overlap_noise,12,cells,pre_none_off,pre,none,off,5,50,50,1.0,12,12,0.0,2.0,4,2,7200,5.288833104136316,0.9030303030303028,0.8727272727272727,2.3942975727460705,0.9030303030303031,0.0855969716986352,0.45447164058796347,0,0.525
overlap_noise,12,cells,pre_none_on,pre,none,on,5,50,50,1.0,12,12,0.0,2.0,4,2,7200,4.543233244323829,0.5867424242424243,0.40454545454545454,1.8775033124643463,0.5162878787878787,0.13193969525886165,0.5204222404099514,0,0.473
overlap_noise,12,cells,pre_footprint_off,pre,footprint,off,5,50,50,1.0,12,12,0.0,2.0,4,2,7200,5.540819033805018,0.9022727272727272,0.8681818181818182,2.4440282880037283,0.9022727272727272,0.07960829014329861,0.4521246293493637,0,1.208
overlap_noise,12,cells,pre_footprint_on,pre,footprint,on,5,50,23,1.0,12,12,0.0,2.0,4,2,3312,5.557136798417522,0.897348484848485,0.8636363636363636,2.432397378175831,0.8973484848484848,0.07917691195519282,0.4607411483194366,0,0.553
overlap_noise,12,cells,pre_mass_off,pre,mass,off,5,50,50,1.0,12,12,0.0,2.0,4,2,7200,5.535003645160689,0.9018939393939394,0.8681818181818182,2.4428223881778264,0.9018939393939394,0.07973629814584984,0.4521496032340003,0,0.523
overlap_noise,12,cells,pre_mass_on,pre,mass,on,5,50,23,1.0,12,12,0.0,2.0,4,2,3312,5.551745260177544,0.8962121212121213,0.8636363636363636,2.4284208079277434,0.8962121212121212,0.07931980067866973,0.46151377945050776,0,0.23
overlap_noise,12,cells,post_fpmask_off,post,fpmask,off,5,50,50,1.0,12,12,0.0,2.0,4,2,7200,4.500756867902808,0.8575757575757575,0.75,2.6366081050032806,0.8575757575757575,0.13015908204240323,0.5118142930093609,0,1.178
overlap_noise,12,cells,post_massmask_off,post,massmask,off,5,50,50,1.0,12,12,0.0,2.0,4,2,7200,4.406060035189426,0.8598484848484849,0.75,2.6227438334738045,0.8598484848484849,0.13509990817778492,0.5097551984834627,0,0.481
overlap_noise,12,cells,pre_fpmask_off,pre,fpmask,off,5,50,50,1.0,12,12,0.0,2.0,4,2,7200,5.323321259384224,0.9022727272727273,0.8772727272727273,2.4081353103743908,0.9022727272727272,0.08497976641606336,0.45387165604389484,0,1.144
overlap_noise,12,cells,pre_massmask_off,pre,massmask,off,5,50,50,1.0,12,12,0.0,2.0,4,2,7200,5.315095616605899,0.9037878787878788,0.8772727272727273,2.4020687084081684,0.9037878787878788,0.08502825420976427,0.4546128328891544,0,0.496
overlap_noise,13,cells,post_none_off,post,none,off,5,50,50,1.0,12,12,0.0,2.0,4,2,7200,3.156439738886084,0.709848484848485,0.5863636363636363,2.6323020861364395,0.7098484848484848,0.264204811941726,0.5725052739940839,0,0.499
overlap_noise,13,cells,post_none_on,post,none,on,5,50,44,1.0,12,12,0.0,2.0,4,2,6336,2.686237288214182,0.543939393939394,0.4,1.7852891248862082,0.4973484848484849,0.3736511689101902,0.5187867687535246,0,0.412
overlap_noise,13,cells,post_footprint_off,post,footprint,off,5,50,50,1.0,12,12,0.0,2.0,4,2,7200,3.0891116985745053,0.8272727272727272,0.7136363636363636,2.312702805328741,0.8272727272727273,0.24235534534738742,0.4897414571793236,0,1.171
overlap_noise,13,cells,post_footprint_on,post,footprint,on,5,50,50,1.0,12,12,0.0,2.0,4,2,7200,2.9516565821315965,0.8007575757575759,0.6045454545454545,2.2591680069449858,0.8007575757575758,0.26562185886263107,0.4903213332834372,0,1.325
overlap_noise,13,cells,post_mass_off,post,mass,off,5,50,50,1.0,12,12,0.0,2.0,4,2,7200,3.5080858438757594,0.8465909090909092,0.7681818181818182,2.317167638496339,0.8465909090909091,0.18828556688463097,0.484382087419495,0,0.524
overlap_noise,13,cells,post_mass_on,post,mass,on,5,50,50,1.0,12,12,0.0,2.0,4,2,7200,3.3752286939558367,0.8223484848484848,0.6681818181818182,2.2635489349887137,0.8223484848484849,0.20329687220358447,0.48788479826878806,0,0.492
overlap_noise,13,cells,pre_none_off,pre,none,off,5,50,50,1.0,12,12,0.0,2.0,4,2,7200,3.456290932188594,0.8401515151515152,0.7545454545454545,2.308723674712052,0.8401515151515152,0.1932641818333566,0.4878920545378356,0,0.494
overlap_noise,13,cells,pre_none_on,pre,none,on,5,50,50,1.0,12,12,0.0,2.0,4,2,7200,1.9332337817925414,0.5511363636363636,0.37727272727272726,1.7843068745438548,0.475,0.6394550064139652,0.5165102113597612,0,0.505
overlap_noise,13,cells,pre_footprint_off,pre,footprint,off,5,50,50,1.0,12,12,0.0,2.0,4,2,7200,5.056252703902216,0.8943181818181819,0.8590909090909091,2.37822428716464,0.8943181818181818,0.09302405514574444,0.46016344580980406,0,1.243
overlap_noise,13,cells,pre_footprint_on,pre,footprint,on,5,50,28,1.0,12,12,0.0,2.0,4,2,4032,5.070139567131203,0.8897727272727273,0.8636363636363636,2.3684017118280183,0.8897727272727273,0.09280294218575844,0.46762938857442343,0,0.664
overlap_noise,13,cells,pre_mass_off,pre,mass,off,5,50,50,1.0,12,12,0.0,2.0,4,2,7200,5.032506977295785,0.893181818181818,0.8545454545454545,2.376867128102849,0.8931818181818182,0.09385040109885917,0.46031597209784636,0,0.479
overlap_noise,13,cells,pre_mass_on,pre,mass,on,5,50,30,1.0,12,12,0.0,2.0,4,2,4320,5.049798148506787,0.8859848484848484,0.85,2.3609520804477375,0.8859848484848485,0.09352185511610896,0.4689862070085,0,0.28
overlap_noise,13,cells,post_fpmask_off,post,fpmask,off,5,50,50,1.0,12,12,0.0,2.0,4,2,7200,2.6575883625923713,0.6321969696969697,0.5,2.5912257786352866,0.6276515151515152,0.3668848924975591,0.558726992760828,0,1.158
overlap_noise,13,cells,post_massmask_off,post,massmask,off,5,50,50,1.0,12,12,0.0,2.0,4,2,7200,2.8309621371771447,0.6386363636363637,0.4727272727272727,2.6067611208197077,0.6333333333333333,0.3252618390152321,0.5665642588647063,0,0.512
overlap_noise,13,cells,pre_fpmask_off,pre,fpmask,off,5,50,50,1.0,12,12,0.0,2.0,4,2,7200,3.8463636986639242,0.8587121212121213,0.8045454545454546,2.3220726248776233,0.8587121212121213,0.15695498152811813,0.4789330329382984,0,1.191
overlap_noise,13,cells,pre_massmask_off,pre,massmask,off,5,50,50,1.0,12,12,0.0,2.0,4,2,7200,3.46068688940363,0.8409090909090908,0.75,2.309308526329742,0.8409090909090909,0.1928223376840815,0.4876318339406624,0,0.466
overlap_noise,14,cells,post_none_off,post,none,off,5,50,50,1.0,12,12,0.0,2.0,4,2,7200,3.856613126872144,0.8920454545454546,0.8727272727272727,2.5927632785765757,0.8920454545454546,0.17432140470525498,0.5117871678043326,0,0.461
overlap_noise,14,cells,post_none_on,post,none,on,5,50,50,1.0,12,12,0.0,2.0,4,2,7200,2.7706912983078578,0.5840909090909091,0.39545454545454545,1.8248065628739583,0.553030303030303,0.4457933569170035,0.5295641921414616,0,0.483
overlap_noise,14,cells,post_footprint_off,post,footprint,off,5,50,50,1.0,12,12,0.0,2.0,4,2,7200,5.033539013394141,0.9018939393939394,0.8727272727272727,2.3114419643852266,0.9018939393939394,0.09122967244877739,0.4396820439394606,0,1.176
overlap_noise,14,cells,post_footprint_on,post,footprint,on,5,50,16,1.0,12,12,0.0,2.0,4,2,2304,5.060295574933351,0.8946969696969697,0.8363636363636363,2.312286272455371,0.8946969696969697,0.09036827812418398,0.45011830138091163,0,0.38
overlap_noise,14,cells,post_mass_off,post,mass,off,5,50,50,1.0,12,12,0.0,2.0,4,2,7200,5.000153539045942,0.9022727272727272,0.8727272727272727,2.309876206439189,0.9022727272727272,0.0923893740199103,0.439783520360685,0,0.466
overlap_noise,14,cells,post_mass_on,post,mass,on,5,50,17,1.0,12,12,0.0,2.0,4,2,2448,5.023419659649517,0.893560606060606,0.8318181818181818,2.3082281178595414,0.893560606060606,0.09163132338094226,0.4511855521588177,0,0.162
overlap_noise,14,cells,pre_none_off,pre,none,off,5,50,50,1.0,12,12,0.0,2.0,4,2,7200,4.843320599910673,0.901893939393939,0.8727272727272727,2.3000369088708523,0.9018939393939394,0.09805017421379009,0.4413055212020844,0,0.475
overlap_noise,14,cells,pre_none_on,pre,none,on,5,50,50,1.0,12,12,0.0,2.0,4,2,7200,4.984316234922094,0.5992424242424242,0.41363636363636364,1.8286249981249794,0.5765151515151515,0.09477560639221404,0.5255535472305222,0,0.48
overlap_noise,14,cells,pre_footprint_off,pre,footprint,off,5,50,50,1.0,12,12,0.0,2.0,4,2,7200,5.232443213065697,0.903030303030303,0.8681818181818182,2.330007325279903,0.9030303030303031,0.08510366021129381,0.4390528518047911,0,1.262
overlap_noise,14,cells,pre_footprint_on,pre,footprint,on,5,50,16,1.0,12,12,0.0,2.0,4,2,2304,5.277333538568706,0.8954545454545455,0.8363636363636363,2.323017827965232,0.8954545454545455,0.08386806181258695,0.44707968953134597,0,0.424
overlap_noise,14,cells,pre_mass_off,pre,mass,off,5,50,50,1.0,12,12,0.0,2.0,4,2,7200,5.222003034449665,0.903030303030303,0.8681818181818182,2.329073414071814,0.9030303030303031,0.08541004256927674,0.43904426167385213,0,0.495
overlap_noise,14,cells,pre_mass_on,pre,mass,on,5,50,15,1.0,12,12,0.0,2.0,4,2,2160,5.2731881123729645,0.8946969696969697,0.8318181818181818,2.3196150894978054,0.8946969696969697,0.08398623824064089,0.4479045704100556,0,0.15
overlap_noise,14,cells,post_fpmask_off,post,fpmask,off,5,50,50,1.0,12,12,0.0,2.0,4,2,7200,4.15681197244679,0.9011363636363634,0.8727272727272727,2.3246153851525917,0.9011363636363636,0.13453347101344906,0.44814698197612607,0,1.155
overlap_noise,14,cells,post_massmask_off,post,massmask,off,5,50,50,1.0,12,12,0.0,2.0,4,2,7200,4.22363626432436,0.8977272727272728,0.8772727272727273,2.5036698364623984,0.8977272727272727,0.14034729186194597,0.48462004393332636,0,0.5
overlap_noise,14,cells,pre_fpmask_off,pre,fpmask,off,5,50,50,1.0,12,12,0.0,2.0,4,2,7200,4.881393254822841,0.902272727272727,0.8727272727272727,2.3056746796880017,0.9022727272727272,0.09676324782672997,0.4397862654866221,0,1.198
overlap_noise,14,cells,pre_massmask_off,pre,massmask,off,5,50,50,1.0,12,12,0.0,2.0,4,2,7200,4.882120254491043,0.9011363636363634,0.8681818181818182,2.302250780724153,0.9011363636363636,0.09659078235819701,0.44032856924369623,0,0.493
overlap_noise,15,cells,post_none_off,post,none,off,5,50,50,1.0,12,12,0.0,2.0,4,2,7200,4.011412555869421,0.8859848484848483,0.8181818181818182,2.492871335572805,0.8859848484848485,0.15491918543932273,0.5208203159610305,0,0.509
overlap_noise,15,cells,post_none_on,post,none,on,5,50,39,1.0,12,12,0.0,2.0,4,2,5616,2.6560325663362767,0.5882575757575758,0.43636363636363634,1.8133033189104377,0.5079545454545454,0.4395401076864192,0.5275916113560858,0,0.451
overlap_noise,15,cells,post_footprint_off,post,footprint,off,5,50,50,1.0,12,12,0.0,2.0,4,2,7200,4.659906123915563,0.8981060606060608,0.8681818181818182,2.325664828202566,0.8981060606060606,0.10710081841872782,0.45893865924934873,0,1.259
overlap_noise,15,cells,post_footprint_on,post,footprint,on,5,50,22,1.0,12,12,0.0,2.0,4,2,3168,4.656772309606805,0.8893939393939393,0.8545454545454545,2.326971733907438,0.8893939393939394,0.10719881324001644,0.46779766478261103,0,0.53
overlap_noise,15,cells,post_mass_off,post,mass,off,5,50,50,1.0,12,12,0.0,2.0,4,2,7200,4.596451458349337,0.8988636363636363,0.8636363636363636,2.322032749597794,0.8988636363636363,0.10990640047665384,0.46056445532967866,0,0.491
overlap_noise,15,cells,post_mass_on,post,mass,on,5,50,26,1.0,12,12,0.0,2.0,4,2,3744,4.59544352629983,0.8871212121212121,0.8454545454545455,2.3182231219386997,0.8871212121212121,0.10994307207133952,0.4704496884310423,0,0.28
overlap_noise,15,cells,pre_none_off,pre,none,off,5,50,50,1.0,12,12,0.0,2.0,4,2,7200,4.4819924718504005,0.8958333333333331,0.8636363636363636,2.3161396422356013,0.8958333333333334,0.11529819126871939,0.4655233848098654,0,0.498
overlap_noise,15,cells,pre_none_on,pre,none,on,5,50,38,1.0,12,12,0.0,2.0,4,2,5472,2.805803351470849,0.5890151515151515,0.4318181818181818,1.8137822339655294,0.5446969696969697,0.3306478970765444,0.525843024149245,0,0.363
overlap_noise,15,cells,pre_footprint_off,pre,footprint,off,5,50,50,1.0,12,12,0.0,2.0,4,2,7200,4.861657171542429,0.9015151515151514,0.8727272727272727,2.356277007052003,0.9015151515151515,0.09969139754342031,0.4550702233576324,0,1.19
overlap_noise,15,cells,pre_footprint_on,pre,footprint,on,5,50,18,1.0,12,12,0.0,2.0,4,2,2592,4.852285233414991,0.8939393939393939,0.8636363636363636,2.346119488330764,0.8939393939393939,0.10001868298230768,0.4625693846051634,0,0.415
overlap_noise,15,cells,pre_mass_off,pre,mass,off,5,50,50,1.0,12,12,0.0,2.0,4,2,7200,4.850788783996295,0.9007575757575755,0.8727272727272727,2.3546237666587007,0.9007575757575758,0.10006836266829498,0.4552202866327986,0,0.472
overlap_noise,15,cells,pre_mass_on,pre,mass,on,5,50,18,1.0,12,12,0.0,2.0,4,2,2592,4.843708422655669,0.8916666666666666,0.8590909090909091,2.3413549948939183,0.8916666666666667,0.10034349887421985,0.4638860947689987,0,0.185
overlap_noise,15,cells,post_fpmask_off,post,fpmask,off,5,50,50,1.0,12,12,0.0,2.0,4,2,7200,3.942304089372201,0.8856060606060604,0.8363636363636363,2.378177149718812,0.8856060606060606,0.15301850724300722,0.49457231139298446,0,1.147
overlap_noise,15,cells,post_massmask_off,post,massmask,off,5,50,50,1.0,12,12,0.0,2.0,4,2,7200,4.004333175130091,0.8878787878787878,0.8409090909090909,2.390819397752702,0.8878787878787879,0.1491029926935111,0.4988176543656762,0,0.502
overlap_noise,15,cells,pre_fpmask_off,pre,fpmask,off,5,50,50,1.0,12,12,0.0,2.0,4,2,7200,4.460368949450191,0.8973484848484848,0.8636363636363636,2.3324514286141715,0.8973484848484848,0.11723871265462384,0.46339137585676493,0,1.19
overlap_noise,15,cells,pre_massmask_off,pre,massmask,off,5,50,50,1.0,12,12,0.0,2.0,4,2,7200,4.479868645365764,0.8973484848484846,0.8681818181818182,2.3197831250856424,0.8973484848484848,0.11558908463320063,0.46460609341789133,0,0.474
overlap_noise,16,cells,post_none_off,post,none,off,5,50,50,1.0,12,12,0.0,2.0,4,2,7200,4.057886905935684,0.8799242424242424,0.8545454545454545,2.3955992073029324,0.8799242424242424,0.14548368158719477,0.4965881254811277,0,0.489
overlap_noise,16,cells,post_none_on,post,none,on,5,50,50,1.0,12,12,0.0,2.0,4,2,7200,3.8569223959159222,0.6393939393939394,0.5272727272727272,1.867646015076132,0.6367424242424242,0.1841937117352844,0.5153035419329015,0,0.506
overlap_noise,16,cells,post_footprint_off,post,footprint,off,5,50,50,1.0,12,12,0.0,2.0,4,2,7200,4.794269970675417,0.8973484848484848,0.8818181818181818,2.3091358049190585,0.8973484848484848,0.1004626207695852,0.45552775284305264,0,1.166
overlap_noise,16,cells,post_footprint_on,post,footprint,on,5,50,15,1.0,12,12,0.0,2.0,4,2,2160,4.809753285092785,0.887878787878788,0.8727272727272727,2.2955394730224876,0.8878787878787879,0.09987378898762775,0.46289876315256895,0,0.377
overlap_noise,16,cells,post_mass_off,post,mass,off,5,50,50,1.0,12,12,0.0,2.0,4,2,7200,4.735520818882247,0.896969696969697,0.8818181818181818,2.3070397621768413,0.896969696969697,0.1028773050883968,0.4568009822695968,0,0.492
overlap_noise,16,cells,post_mass_on,post,mass,on,5,50,15,1.0,12,12,0.0,2.0,4,2,2160,4.745305152528411,0.8852272727272729,0.8636363636363636,2.288393510609849,0.8852272727272728,0.10251338107092198,0.4652069847323382,0,0.15
overlap_noise,16,cells,pre_none_off,pre,none,off,5,50,50,1.0,12,12,0.0,2.0,4,2,7200,4.479581315437827,0.891287878787879,0.8727272727272727,2.3009438515051945,0.8912878787878787,0.11466507830176788,0.46255636609218,0,0.478
overlap_noise,16,cells,pre_none_on,pre,none,on,5,50,50,1.0,12,12,0.0,2.0,4,2,7200,4.5258490767445565,0.6511363636363635,0.5227272727272727,1.8737182113726418,0.6488636363636363,0.11307266792150854,0.5074673089396072,0,0.467
overlap_noise,16,cells,pre_footprint_off,pre,footprint,off,5,50,50,1.0,12,12,0.0,2.0,4,2,7200,5.018433888574486,0.899621212121212,0.8727272727272727,2.3347238480949235,0.8996212121212122,0.09270413478222427,0.45294884921977874,0,1.172
overlap_noise,16,cells,pre_footprint_on,pre,footprint,on,5,50,15,1.0,12,12,0.0,2.0,4,2,2160,5.076614823059282,0.8924242424242425,0.8727272727272727,2.3137785920675684,0.8924242424242425,0.09080407079647916,0.4584884092827632,0,0.359
overlap_noise,16,cells,pre_mass_off,pre,mass,off,5,50,50,1.0,12,12,0.0,2.0,4,2,7200,4.997699210126117,0.899621212121212,0.8727272727272727,2.333285429600408,0.8996212121212122,0.0934173708997257,0.4532838029110363,0,0.507
overlap_noise,16,cells,pre_mass_on,pre,mass,on,5,50,15,1.0,12,12,0.0,2.0,4,2,2160,5.0719995748627085,0.890530303030303,0.8727272727272727,2.3090801272746075,0.890530303030303,0.09094986506258798,0.4597774786619827,0,0.153
overlap_noise,16,cells,post_fpmask_off,post,fpmask,off,5,50,50,1.0,12,12,0.0,2.0,4,2,7200,3.959169568214066,0.8840909090909091,0.8545454545454545,2.3155764691241894,0.884090909090909,0.14772395358960536,0.47643782687779257,0,1.214
overlap_noise,16,cells,post_massmask_off,post,massmask,off,5,50,50,1.0,12,12,0.0,2.0,4,2,7200,3.961122374371819,0.8840909090909091,0.8545454545454545,2.314712109999364,0.884090909090909,0.14752324761292201,0.47675355855167223,0,0.475
overlap_noise,16,cells,pre_fpmask_off,pre,fpmask,off,5,50,50,1.0,12,12,0.0,2.0,4,2,7200,4.46636767862398,0.8912878787878787,0.8727272727272727,2.3051036475936897,0.8912878787878787,0.11555307682129722,0.46187210839758125,0,1.164
overlap_noise,16,cells,pre_massmask_off,pre,massmask,off,5,50,50,1.0,12,12,0.0,2.0,4,2,7200,4.466852753114916,0.8916666666666666,0.8772727272727273,2.303050926717454,0.8916666666666667,0.1154251024118834,0.461796161782732,0,0.518
overlap_noise,17,cells,post_none_off,post,none,off,5,50,50,1.0,12,12,0.0,2.0,4,2,7200,3.3471694936891114,0.8496212121212121,0.759090909090909,2.5443663943624264,0.8496212121212121,0.22710371653641437,0.5211114127706742,0,0.493
overlap_noise,17,cells,post_none_on,post,none,on,5,50,31,1.0,12,12,0.0,2.0,4,2,4464,3.1815913589966103,0.6462121212121211,0.37272727272727274,1.9849803734548817,0.6348484848484849,0.29018940651278485,0.5087263154752795,0,0.307
overlap_noise,17,cells,post_footprint_off,post,footprint,off,5,50,50,1.0,12,12,0.0,2.0,4,2,7200,5.048895431092277,0.8928030303030302,0.8545454545454545,2.4084512491412458,0.8928030303030303,0.09448113632841934,0.4649779280377229,0,1.164
overlap_noise,17,cells,post_footprint_on,post,footprint,on,5,50,18,1.0,12,12,0.0,2.0,4,2,2592,5.045565169283086,0.8799242424242424,0.8045454545454546,2.3925146185993307,0.8799242424242424,0.09462051120893242,0.4725010834622418,0,0.393
overlap_noise,17,cells,post_mass_off,post,mass,off,5,50,50,1.0,12,12,0.0,2.0,4,2,7200,4.962563220497963,0.8897727272727273,0.8363636363636363,2.406603863410397,0.8897727272727273,0.09772203550873493,0.466469195854469,0,0.473
overlap_noise,17,cells,post_mass_on,post,mass,on,5,50,19,1.0,12,12,0.0,2.0,4,2,2736,4.957757434914729,0.874621212121212,0.7954545454545454,2.3809115602829185,0.8746212121212121,0.09794069652487547,0.47484929292600436,0,0.184
overlap_noise,17,cells,pre_none_off,pre,none,off,5,50,50,1.0,12,12,0.0,2.0,4,2,7200,4.6908591640865565,0.8833333333333332,0.8272727272727273,2.4046452280417507,0.8833333333333333,0.10928139320572991,0.47224697688966155,0,0.468
overlap_noise,17,cells,pre_none_on,pre,none,on,5,50,32,1.0,12,12,0.0,2.0,4,2,4608,4.587182899480197,0.6507575757575758,0.39545454545454545,1.984497385991216,0.6439393939393939,0.11711007388167158,0.5065813667733091,0,0.32
overlap_noise,17,cells,pre_footprint_off,pre,footprint,off,5,50,50,1.0,12,12,0.0,2.0,4,2,7200,5.249087217043511,0.8924242424242422,0.8545454545454545,2.424084423981928,0.8924242424242425,0.0879792313135654,0.46319743518257833,0,1.206
overlap_noise,17,cells,pre_footprint_on,pre,footprint,on,5,50,17,1.0,12,12,0.0,2.0,4,2,2448,5.2533358324128105,0.8818181818181818,0.8045454545454546,2.4046887831826833,0.8818181818181818,0.08789224500478758,0.46961600953625093,0,0.391
overlap_noise,17,cells,pre_mass_off,pre,mass,off,5,50,50,1.0,12,12,0.0,2.0,4,2,7200,5.222236043745193,0.8924242424242422,0.8545454545454545,2.422445102835195,0.8924242424242425,0.08882617233277236,0.463569721806305,0,0.46
overlap_noise,17,cells,pre_mass_on,pre,mass,on,5,50,18,1.0,12,12,0.0,2.0,4,2,2592,5.232987523465192,0.8795454545454547,0.8045454545454546,2.396722746948192,0.8795454545454545,0.0885472453231586,0.4711721289820025,0,0.173
overlap_noise,17,cells,post_fpmask_off,post,fpmask,off,5,50,50,1.0,12,12,0.0,2.0,4,2,7200,3.6800026864991064,0.853030303030303,0.759090909090909,2.5016420477259036,0.853030303030303,0.18472637015578994,0.5060193092586851,0,1.154
overlap_noise,17,cells,post_massmask_off,post,massmask,off,5,50,50,1.0,12,12,0.0,2.0,4,2,7200,3.712943892956629,0.8530303030303029,0.7681818181818182,2.503573958776049,0.853030303030303,0.18160326503439161,0.5089001513789495,0,0.53
overlap_noise,17,cells,pre_fpmask_off,pre,fpmask,off,5,50,50,1.0,12,12,0.0,2.0,4,2,7200,4.745737776753635,0.8848484848484849,0.8272727272727273,2.4060934808831744,0.8848484848484849,0.10683290078642622,0.4705308950193407,0,1.168
overlap_noise,17,cells,pre_massmask_off,pre,massmask,off,5,50,50,1.0,12,12,0.0,2.0,4,2,7200,4.756192500848039,0.8840909090909089,0.8272727272727273,2.4045324464169076,0.884090909090909,0.10629474493043996,0.4708886827089556,0,0.461
overlap_noise,18,cells,post_none_off,post,none,off,5,50,50,1.0,12,12,0.0,2.0,4,2,7200,4.411659146605073,0.8939393939393939,0.8681818181818182,2.380371292038587,0.8939393939393939,0.12230403988208885,0.47538183631527864,0,0.49
overlap_noise,18,cells,post_none_on,post,none,on,5,50,50,1.0,12,12,0.0,2.0,4,2,7200,2.790556789296505,0.6742424242424243,0.45454545454545453,1.9571643510922954,0.6196969696969697,0.374622389406997,0.5106554303705102,0,0.492
overlap_noise,18,cells,post_footprint_off,post,footprint,off,5,50,50,1.0,12,12,0.0,2.0,4,2,7200,5.010210587228713,0.8977272727272728,0.8681818181818182,2.291628073936681,0.8977272727272727,0.09129188474707006,0.4435494783848727,0,1.146
overlap_noise,18,cells,post_footprint_on,post,footprint,on,5,50,14,1.0,12,12,0.0,2.0,4,2,2016,5.0149406205501235,0.8924242424242425,0.8727272727272727,2.285689706356777,0.8924242424242425,0.09113913004808609,0.45009062843242287,0,0.34
overlap_noise,18,cells,post_mass_off,post,mass,off,5,50,50,1.0,12,12,0.0,2.0,4,2,7200,4.99242407233622,0.8977272727272728,0.8681818181818182,2.290930379154665,0.8977272727272727,0.09191554234766229,0.44358165851076253,0,0.472
overlap_noise,18,cells,post_mass_on,post,mass,on,5,50,15,1.0,12,12,0.0,2.0,4,2,2160,4.996159280592495,0.8924242424242425,0.8727272727272727,2.2823673764500882,0.8924242424242425,0.09179889429254984,0.4506760953895535,0,0.151
overlap_noise,18,cells,pre_none_off,pre,none,off,5,50,50,1.0,12,12,0.0,2.0,4,2,7200,4.9114173530391305,0.8973484848484846,0.8681818181818182,2.2882683667279347,0.8973484848484848,0.09486221830885201,0.4459841629407948,0,0.48
overlap_noise,18,cells,pre_none_on,pre,none,on,5,50,50,1.0,12,12,0.0,2.0,4,2,7200,4.2605391682989024,0.6723484848484849,0.45454545454545453,1.957632431874227,0.631439393939394,0.13155748884096244,0.5090275502570575,0,0.512
overlap_noise,18,cells,pre_footprint_off,pre,footprint,off,5,50,50,1.0,12,12,0.0,2.0,4,2,7200,5.102436925460713,0.8977272727272728,0.8681818181818182,2.2999181299778386,0.8977272727272727,0.08833993738435846,0.44279600352686305,0,1.19
overlap_noise,18,cells,pre_footprint_on,pre,footprint,on,5,50,14,1.0,12,12,0.0,2.0,4,2,2016,5.112854538174873,0.8939393939393939,0.8727272727272727,2.2897994621606954,0.8939393939393939,0.08802894925369352,0.44875930887233134,0,0.333
overlap_noise,18,cells,pre_mass_off,pre,mass,off,5,50,50,1.0,12,12,0.0,2.0,4,2,7200,5.096471121960906,0.8977272727272728,0.8681818181818182,2.2995384745685055,0.8977272727272727,0.08853225880142879,0.4427606406972836,0,0.469
overlap_noise,18,cells,pre_mass_on,pre,mass,on,5,50,15,1.0,12,12,0.0,2.0,4,2,2160,5.109000587979059,0.8924242424242426,0.8681818181818182,2.286673639735976,0.8924242424242425,0.08815253550920245,0.4492605905670496,0,0.157
overlap_noise,18,cells,post_fpmask_off,post,fpmask,off,5,50,50,1.0,12,12,0.0,2.0,4,2,7200,4.570100410824965,0.8962121212121211,0.8636363636363636,2.296290902199743,0.8962121212121212,0.10994498410521146,0.4500674284890003,0,1.218
overlap_noise,18,cells,post_massmask_off,post,massmask,off,5,50,50,1.0,12,12,0.0,2.0,4,2,7200,4.402029357901725,0.8984848484848486,0.8727272727272727,2.308697604740872,0.8984848484848484,0.11914098412937937,0.4568730354188167,0,0.486
overlap_noise,18,cells,pre_fpmask_off,pre,fpmask,off,5,50,50,1.0,12,12,0.0,2.0,4,2,7200,4.951756797806598,0.8973484848484846,0.8681818181818182,2.289985605276235,0.8973484848484848,0.09339295985382787,0.44480020099118334,0,1.13
overlap_noise,18,cells,pre_massmask_off,pre,massmask,off,5,50,50,1.0,12,12,0.0,2.0,4,2,7200,4.909387658963446,0.8977272727272728,0.8681818181818182,2.2880277079892624,0.8977272727272727,0.09493068755140611,0.44535343401078004,0,0.462
overlap_noise,19,cells,post_none_off,post,none,off,5,50,50,1.0,12,12,0.0,2.0,4,2,7200,3.6065154801657666,0.9011363636363635,0.8772727272727273,2.496088539552959,0.9011363636363636,0.1919041581202291,0.5120162446475734,0,0.495
overlap_noise,19,cells,post_none_on,post,none,on,5,50,32,1.0,12,12,0.0,2.0,4,2,4608,2.467060288093125,0.6382575757575758,0.42272727272727273,1.839829458997491,0.5772727272727273,0.5273274584283948,0.5146354439512821,0,0.317
overlap_noise,19,cells,post_footprint_off,post,footprint,off,5,50,50,1.0,12,12,0.0,2.0,4,2,7200,5.186579889098181,0.9102272727272727,0.8954545454545455,2.3120204779064615,0.9102272727272728,0.08594676464961279,0.4519712643527096,0,1.145
overlap_noise,19,cells,post_footprint_on,post,footprint,on,5,50,17,1.0,12,12,0.0,2.0,4,2,2448,5.197574616379302,0.9022727272727273,0.8818181818181818,2.3315602642646573,0.9022727272727272,0.08565581779565361,0.4656743681975767,0,0.405
overlap_noise,19,cells,post_mass_off,post,mass,off,5,50,50,1.0,12,12,0.0,2.0,4,2,7200,5.175500032371094,0.9102272727272727,0.8954545454545455,2.3103130298251346,0.9102272727272728,0.0862514085583312,0.45208709281234183,0,0.506
overlap_noise,19,cells,post_mass_on,post,mass,on,5,50,18,1.0,12,12,0.0,2.0,4,2,2592,5.185385940627648,0.9007575757575758,0.8818181818181818,2.327930851236892,0.9007575757575758,0.08600155633090768,0.4666106209552679,0,0.179
overlap_noise,19,cells,pre_none_off,pre,none,off,5,50,50,1.0,12,12,0.0,2.0,4,2,7200,5.112326189293027,0.9094696969696968,0.8954545454545455,2.307029639656743,0.9094696969696969,0.08827059667113536,0.45436483744688183,0,0.502
overlap_noise,19,cells,pre_none_on,pre,none,on,5,50,36,1.0,12,12,0.0,2.0,4,2,5184,4.466555185982096,0.6371212121212121,0.39090909090909093,1.8427631978591872,0.5765151515151515,0.11927841213297845,0.5116040559519973,0,0.378
overlap_noise,19,cells,pre_footprint_off,pre,footprint,off,5,50,50,1.0,12,12,0.0,2.0,4,2,7200,5.440669172200029,0.9094696969696968,0.8954545454545455,2.3556396797491947,0.9094696969696969,0.07958005292005767,0.4524662782359892,0,1.144
overlap_noise,19,cells,pre_footprint_on,pre,footprint,on,5,50,17,1.0,12,12,0.0,2.0,4,2,2448,5.455976185505218,0.9045454545454544,0.8863636363636364,2.3518493518772594,0.9045454545454545,0.07927737841065315,0.4618047895568907,0,0.394
overlap_noise,19,cells,pre_mass_off,pre,mass,off,5,50,50,1.0,12,12,0.0,2.0,4,2,7200,5.436677086798708,0.9102272727272727,0.8954545454545455,2.354410061954194,0.9102272727272728,0.07965536421220429,0.45244636808864286,0,0.503
overlap_noise,19,cells,pre_mass_on,pre,mass,on,5,50,17,1.0,12,12,0.0,2.0,4,2,2448,5.45360290132816,0.9034090909090908,0.8818181818181818,2.3484177876435606,0.9034090909090909,0.07932142004184746,0.4625910841718237,0,0.167
overlap_noise,19,cells,post_fpmask_off,post,fpmask,off,5,50,50,1.0,12,12,0.0,2.0,4,2,7200,4.946598844012198,0.9090909090909091,0.8909090909090909,2.3005242606768537,0.9090909090909091,0.094018525155168,0.45707562418157666,0,1.209
overlap_noise,19,cells,post_massmask_off,post,massmask,off,5,50,50,1.0,12,12,0.0,2.0,4,2,7200,3.583347771101366,0.9015151515151517,0.8727272727272727,2.4614455833295357,0.9015151515151515,0.19169567753971156,0.5028062882717365,0,0.484
overlap_noise,19,cells,pre_fpmask_off,pre,fpmask,off,5,50,50,1.0,12,12,0.0,2.0,4,2,7200,5.27078540808129,0.9094696969696968,0.8954545454545455,2.32310560000942,0.9094696969696969,0.08362156318941603,0.45298050324855504,0,1.117
overlap_noise,19,cells,pre_massmask_off,pre,massmask,off,5,50,50,1.0,12,12,0.0,2.0,4,2,7200,5.186866109268752,0.9094696969696968,0.8954545454545455,2.311630849603877,0.9094696969696969,0.08592279713537272,0.4536994610444558,0,0.49
quantity_skew_extreme,10,cells,post_none_off,post,none,off,5,50,50,1.0,12,12,0.0,2.0,4,2,7200,1.086533187328766,0.8388269894418229,0.5775510204081633,4.10887284967568,0.6155863619333084,3.480460505632192,0.41660281084654205,0,0.577
quantity_skew_extreme,10,cells,post_none_on,post,none,on,5,50,50,1.0,12,12,0.0,2.0,4,2,7200,1.0494467851837312,0.7908140622755804,0.5,0.8129905418496565,0.6084675908579993,3.7354763764076457,0.23440298619828215,0,0.557
quantity_skew_extreme,10,cells,post_footprint_off,post,footprint,off,5,50,50,1.0,12,12,0.0,2.0,4,2,7200,1.0738124616153182,0.8374375176291048,0.5755102040816327,4.137151813997346,0.6159610340951668,3.5879350974742197,0.3807949613129356,0,1.295
quantity_skew_extreme,10,cells,post_footprint_on,post,footprint,on,5,50,50,1.0,12,12,0.0,2.0,4,2,7200,1.0724450474717593,0.8375073227576686,0.55,3.4558870936590647,0.6159610340951668,3.595587201056354,0.36131162582601795,0,1.256
quantity_skew_extreme,10,cells,post_mass_off,post,mass,off,5,50,50,1.0,12,12,0.0,2.0,4,2,7200,1.0699902564105614,0.84034506882439,0.576530612244898,4.1036834103628514,0.6137130011240165,3.584381298773395,0.4122733639780026,0,0.605
quantity_skew_extreme,10,cells,post_mass_on,post,mass,on,5,50,50,1.0,12,12,0.0,2.0,4,2,7200,1.0758299897839276,0.8410820302756372,0.55,1.6363238431795577,0.6144623454477333,3.54604655677732,0.277803326736253,0,0.771
quantity_skew_extreme,10,cells,pre_none_off,pre,none,off,5,50,50,1.0,12,12,0.0,2.0,4,2,7200,1.7857063341580988,0.8086272091077326,0.65,3.9729386317451416,0.7617085050580742,1.2459246507752213,0.36783364987273215,0,0.809
quantity_skew_extreme,10,cells,pre_none_on,pre,none,on,5,50,49,1.0,12,12,0.0,2.0,4,2,7056,1.0485217135575347,0.7812073990974886,0.5,0.8574277866089429,0.6009741476208318,3.775626530401579,0.24011246015275894,0,0.477
quantity_skew_extreme,10,cells,pre_footprint_off,pre,footprint,off,5,50,50,1.0,12,12,0.0,2.0,4,2,7200,1.0698530517299518,0.82602799164555,0.5641025641025641,4.271321818365923,0.63132259273136,3.7317628287358717,0.37841845701795945,0,1.154
quantity_skew_extreme,10,cells,pre_footprint_on,pre,footprint,on,5,50,50,1.0,12,12,0.0,2.0,4,2,7200,1.1007129809235765,0.8049373129006147,0.55,3.4684151982457663,0.6826526789059573,3.496390117837166,0.3645437532154197,0,1.319
quantity_skew_extreme,10,cells,pre_mass_off,pre,mass,off,5,50,50,1.0,12,12,0.0,2.0,4,2,7200,8.06275371532312,1.0,1.0,1.1778931042045993,1.0,0.0181192030207742,0.1361099742728008,0,0.516
quantity_skew_extreme,10,cells,pre_mass_on,pre,mass,on,5,50,50,1.0,12,12,0.0,2.0,4,2,7200,1.0698358151906164,0.8355689917268844,0.55,2.474114372048586,0.6185837392281753,3.6724297445425775,0.3225227659865253,0,0.569
quantity_skew_extreme,10,cells,post_fpmask_off,post,fpmask,off,5,50,50,1.0,12,12,0.0,2.0,4,2,7200,1.0903418557238649,0.8375514792377413,0.5724489795918367,4.110380722089432,0.6140876732858749,3.4574561606459584,0.4161619430336248,0,1.218
quantity_skew_extreme,10,cells,post_massmask_off,post,massmask,off,5,50,50,1.0,12,12,0.0,2.0,4,2,7200,1.0920394049914315,0.83424932504273,0.5744897959183674,4.109768179383333,0.61521168977145,3.446201807498712,0.41613918653588894,0,0.635
quantity_skew_extreme,10,cells,pre_fpmask_off,pre,fpmask,off,5,50,50,1.0,12,12,0.0,2.0,4,2,7200,1.882379721299622,0.7918225340242692,0.55,3.9601302954128217,0.7811914574747096,1.1176221594124995,0.3665543049916094,0,1.337
quantity_skew_extreme,10,cells,pre_massmask_off,pre,massmask,off,5,50,50,1.0,12,12,0.0,2.0,4,2,7200,1.881573291699022,0.7970844746077835,0.6,3.9538270326554033,0.7789434245035594,1.1167999525869186,0.36684531679078725,0,0.544
quantity_skew_extreme,11,cells,post_none_off,post,none,off,5,50,50,1.0,12,12,0.0,2.0,4,2,7200,2.653498481868955,0.934544896799578,0.819672131147541,3.417552162167642,0.9400524541026601,0.4853750686124461,0.3911208112665124,0,0.577
quantity_skew_extreme,11,cells,post_none_on,post,none,on,5,50,38,1.0,12,12,0.0,2.0,4,2,5472,3.402099542394954,0.696631519169821,0.4897959183673469,0.6685085339384476,0.6047208692394155,0.35185442011761353,0.3347310465526075,0,0.368
quantity_skew_extreme,11,cells,post_footprint_off,post,footprint,off,5,50,50,1.0,12,12,0.0,2.0,4,2,7200,4.273534196554322,0.9994606256742179,0.9935275080906149,2.7669918530301576,0.9985013113525665,0.15150728419098897,0.2609570937159704,0,1.203
quantity_skew_extreme,11,cells,post_footprint_on,post,footprint,on,5,50,36,1.0,12,12,0.0,2.0,4,2,5184,5.187751744543196,0.999730312837109,0.9967637540453075,1.8101751517049116,0.9992506556762832,0.09296588115938335,0.2187487932080212,0,0.889
quantity_skew_extreme,11,cells,post_mass_off,post,mass,off,5,50,50,1.0,12,12,0.0,2.0,4,2,7200,1.1145352723757336,0.8635733888853424,0.5591836734693878,2.943829986097202,0.7699512926189584,2.3698730919329187,0.342624682452537,0,0.638
quantity_skew_extreme,11,cells,post_mass_on,post,mass,on,5,50,31,1.0,12,12,0.0,2.0,4,2,4464,6.070341933227031,1.0,1.0,1.4368651502053718,1.0,0.0607045025122443,0.18813143896171447,0,0.359
quantity_skew_extreme,11,cells,pre_none_off,pre,none,off,5,50,50,1.0,12,12,0.0,2.0,4,2,7200,7.696902308839105,1.0,1.0,1.0655503017756747,1.0,0.01798630723509364,0.13036374738737241,0,0.538
quantity_skew_extreme,11,cells,pre_none_on,pre,none,on,5,50,41,1.0,12,12,0.0,2.0,4,2,5904,8.193279081156609,0.7512605807322607,0.5408163265306123,0.6754042029037242,0.7362307980517048,0.01693672980738791,0.3137931813591769,0,0.429
quantity_skew_extreme,11,cells,pre_footprint_off,pre,footprint,off,5,50,50,1.0,12,12,0.0,2.0,4,2,7200,7.744990523694193,1.0,1.0,1.103103797268344,1.0,0.018389698039690146,0.13148147387454742,0,1.153
quantity_skew_extreme,11,cells,pre_footprint_on,pre,footprint,on,5,50,31,1.0,12,12,0.0,2.0,4,2,4464,7.800400589284474,1.0,1.0,1.116397951417646,1.0,0.018151983438686545,0.13641391339864137,0,0.736
quantity_skew_extreme,11,cells,pre_mass_off,pre,mass,off,5,50,50,1.0,12,12,0.0,2.0,4,2,7200,7.744939106484325,1.0,1.0,1.1036520480126653,1.0,0.018399082149335617,0.1315150048537033,0,0.654
quantity_skew_extreme,11,cells,pre_mass_on,pre,mass,on,5,50,30,1.0,12,12,0.0,2.0,4,2,4320,7.80037374482766,1.0,1.0,1.116813912962595,1.0,0.018160271533586767,0.1364334485960796,0,0.341
quantity_skew_extreme,11,cells,post_fpmask_off,post,fpmask,off,5,50,50,1.0,12,12,0.0,2.0,4,2,7200,7.335398240029148,1.0,1.0,1.5976145573611455,1.0,0.029690985689403666,0.1846123964584444,0,1.182
quantity_skew_extreme,11,cells,post_massmask_off,post,massmask,off,5,50,50,1.0,12,12,0.0,2.0,4,2,7200,1.1307385678766408,0.7233573714521596,0.4918032786885246,2.936919528259945,0.7159985013113526,2.2970351228045964,0.3426470759851259,0,0.524
quantity_skew_extreme,11,cells,pre_fpmask_off,pre,fpmask,off,5,50,50,1.0,12,12,0.0,2.0,4,2,7200,7.781375763245871,1.0,1.0,1.0753642005083563,1.0,0.017759993340588892,0.1301244778670189,0,1.258
quantity_skew_extreme,11,cells,pre_massmask_off,pre,massmask,off,5,50,50,1.0,12,12,0.0,2.0,4,2,7200,7.781375763245871,1.0,1.0,1.0753642005083561,1.0,0.01775999334058889,0.13012447786701886,0,0.719
quantity_skew_extreme,12,cells,post_none_off,post,none,off,5,50,50,1.0,12,12,0.0,2.0,4,2,7200,2.631121631711307,0.8640552528116907,0.5816326530612245,2.969009421894834,0.8505058074185088,0.4288740069765689,0.3438871430105715,0,0.662
quantity_skew_extreme,12,cells,post_none_on,post,none,on,5,50,43,1.0,12,12,0.0,2.0,4,2,6192,2.4462112782786027,0.7589447187586219,0.5346938775510204,0.7443084588700533,0.679280629449232,0.496577652013035,0.2968515521991851,0,0.489
quantity_skew_extreme,12,cells,post_footprint_off,post,footprint,off,5,50,50,1.0,12,12,0.0,2.0,4,2,7200,2.279183589223471,0.8255214480475838,0.6020408163265306,3.1002424952372896,0.818658673660547,0.5968113123998559,0.35173318619152066,0,1.296
quantity_skew_extreme,12,cells,post_footprint_on,post,footprint,on,5,50,23,1.0,12,12,0.0,2.0,4,2,3312,2.228835365535217,0.8652567100901991,0.6923076923076923,2.645107140401551,0.8190333458224054,0.619438136660819,0.33711017352868056,0,0.674
quantity_skew_extreme,12,cells,post_mass_off,post,mass,off,5,50,50,1.0,12,12,0.0,2.0,4,2,7200,4.417374857276522,0.9671588583574916,0.85,2.7904623472073733,0.9835144248782316,0.1430038259823114,0.2806654962475778,0,0.521
quantity_skew_extreme,12,cells,post_mass_on,post,mass,on,5,50,24,1.0,12,12,0.0,2.0,4,2,3456,4.419981825931147,0.9957448855731933,0.9806451612903225,2.2876915966552995,0.9902585237916823,0.14282719608377134,0.26670072258028416,0,0.258
quantity_skew_extreme,12,cells,pre_none_off,pre,none,off,5,50,50,1.0,12,12,0.0,2.0,4,2,7200,7.536810069678217,1.0,1.0,1.1750684664907207,1.0,0.020686548220184408,0.12412873777246655,0,0.493
quantity_skew_extreme,12,cells,pre_none_on,pre,none,on,5,50,38,1.0,12,12,0.0,2.0,4,2,5472,7.709376059908442,0.7916022331848657,0.5510204081632653,0.7525302761915126,0.726489321843387,0.029698500348087516,0.2855577887935338,0,0.35
quantity_skew_extreme,12,cells,pre_footprint_off,pre,footprint,off,5,50,50,1.0,12,12,0.0,2.0,4,2,7200,2.5110840364616336,0.8255565515562472,0.6428571428571429,3.1869263001469292,0.8388909704008992,0.5054166280134698,0.3520379917438086,0,1.279
quantity_skew_extreme,12,cells,pre_footprint_on,pre,footprint,on,5,50,28,1.0,12,12,0.0,2.0,4,2,4032,2.425310997249048,0.8865336251466428,0.6923076923076923,2.6808323517226516,0.8366429374297489,0.5423597849470447,0.33533396796829795,0,0.748
quantity_skew_extreme,12,cells,pre_mass_off,pre,mass,off,5,50,50,1.0,12,12,0.0,2.0,4,2,7200,7.566340477108711,1.0,1.0,1.1984565742466993,1.0,0.020933919113064425,0.1259040582130206,0,0.637
quantity_skew_extreme,12,cells,pre_mass_on,pre,mass,on,5,50,21,1.0,12,12,0.0,2.0,4,2,3024,7.558777056193696,1.0,1.0,1.2157979622649377,1.0,0.020983046211152927,0.12945764121869807,0,0.287
quantity_skew_extreme,12,cells,post_fpmask_off,post,fpmask,off,5,50,50,1.0,12,12,0.0,2.0,4,2,7200,2.58023601086409,0.8327530060356497,0.639344262295082,3.074321777890307,0.8632446609216935,0.46177504283189824,0.34151673028295537,0,1.239
quantity_skew_extreme,12,cells,post_massmask_off,post,massmask,off,5,50,50,1.0,12,12,0.0,2.0,4,2,7200,2.640238349241586,0.8335810695084492,0.639344262295082,3.057893342548177,0.8774822030723117,0.43866811019731855,0.33742396974379774,0,0.602
quantity_skew_extreme,12,cells,pre_fpmask_off,pre,fpmask,off,5,50,50,1.0,12,12,0.0,2.0,4,2,7200,7.549951140312145,1.0,1.0,1.1758858514094026,1.0,0.020628938572957285,0.12427351150959794,0,1.289
quantity_skew_extreme,12,cells,pre_massmask_off,pre,massmask,off,5,50,50,1.0,12,12,0.0,2.0,4,2,7200,7.511608849186403,1.0,1.0,1.1756838844344089,1.0,0.020836493524142657,0.12428629042211536,0,0.674
quantity_skew_extreme,13,cells,post_none_off,post,none,off,5,50,50,1.0,12,12,0.0,2.0,4,2,7200,1.0648555251995473,0.8098436279727705,0.6,1.6598402654089073,0.7958036717871863,1.4638107035748122,0.2736297466875736,0,0.619
quantity_skew_extreme,13,cells,post_none_on,post,none,on,5,50,47,1.0,12,12,0.0,2.0,4,2,6768,1.188350692535914,0.6812812847279949,0.4,0.8653597580914151,0.7010116148370176,1.2787505134598771,0.33249440217855397,0,0.645
quantity_skew_extreme,13,cells,post_footprint_off,post,footprint,off,5,50,50,1.0,12,12,0.0,2.0,4,2,7200,1.057729531497889,0.8198740911955206,0.5833333333333334,1.6606302895948395,0.7868115399025852,1.4843068623592783,0.271023274924956,0,1.452
quantity_skew_extreme,13,cells,post_footprint_on,post,footprint,on,5,50,39,1.0,12,12,0.0,2.0,4,2,5616,1.0511584133053193,0.8576747533699995,0.6,1.5972888602617772,0.7853128512551517,1.5033455102439315,0.2738074137831365,0,0.994
quantity_skew_extreme,13,cells,post_mass_off,post,mass,off,5,50,50,1.0,12,12,0.0,2.0,4,2,7200,1.056493373616466,0.8196100571203969,0.5833333333333334,1.6595334357432898,0.7879355563881604,1.4867996558615781,0.27103551146209665,0,0.612
quantity_skew_extreme,13,cells,post_mass_on,post,mass,on,5,50,39,1.0,12,12,0.0,2.0,4,2,5616,1.0488396539777955,0.8580642862057876,0.6632390745501285,1.3019058035304838,0.7834394904458599,1.5089361664625696,0.26937840771542915,0,0.513
quantity_skew_extreme,13,cells,pre_none_off,pre,none,off,5,50,50,1.0,12,12,0.0,2.0,4,2,7200,1.0594425757019343,0.8131404761841639,0.6,1.6601696480585537,0.7928062944923192,1.4791003023666276,0.27167060677897353,0,0.636
quantity_skew_extreme,13,cells,pre_none_on,pre,none,on,5,50,47,1.0,12,12,0.0,2.0,4,2,6768,1.051685600987361,0.6744081147480289,0.4,0.8659141575095066,0.6965155488947171,1.5337937368687642,0.33460699923890264,0,0.621
quantity_skew_extreme,13,cells,pre_footprint_off,pre,footprint,off,5,50,50,1.0,12,12,0.0,2.0,4,2,7200,1.0651362517134795,0.8193460230452733,0.5833333333333334,1.6619059576634676,0.7890595728737355,1.4648599743855046,0.27078532963307167,0,1.262
quantity_skew_extreme,13,cells,pre_footprint_on,pre,footprint,on,5,50,39,1.0,12,12,0.0,2.0,4,2,5616,1.0590415567391342,0.8659935015812582,0.6,1.60014499043541,0.7879355563881604,1.482296446328133,0.27364042689355295,0,1.049
quantity_skew_extreme,13,cells,pre_mass_off,pre,mass,off,5,50,50,1.0,12,12,0.0,2.0,4,2,7200,1.0650706283197091,0.8195160910724842,0.5833333333333334,1.6616450365540258,0.7898089171974523,1.4648104790654404,0.27077669413042305,0,0.708
quantity_skew_extreme,13,cells,pre_mass_on,pre,mass,on,5,50,39,1.0,12,12,0.0,2.0,4,2,5616,1.0607987303137496,0.8793227896071482,0.6632390745501285,1.332347367724506,0.7856875234170101,1.4772917598993103,0.2680695945066061,0,0.574
quantity_skew_extreme,13,cells,post_fpmask_off,post,fpmask,off,5,50,50,1.0,12,12,0.0,2.0,4,2,7200,1.0600538492806577,0.8128412176632747,0.6,1.6592554876565582,0.7931809666541776,1.4765814490345843,0.27165428345861936,0,1.322
quantity_skew_extreme,13,cells,post_massmask_off,post,massmask,off,5,50,50,1.0,12,12,0.0,2.0,4,2,7200,1.0600537085891604,0.8125010816088528,0.6,1.658166832535994,0.7928062944923192,1.4756130399777785,0.27163806071991553,0,0.6
quantity_skew_extreme,13,cells,pre_fpmask_off,pre,fpmask,off,5,50,50,1.0,12,12,0.0,2.0,4,2,7200,1.056931769395991,0.8194606940992014,0.6,1.660955093992393,0.7894342450355939,1.4868391450793506,0.27161977125149767,0,1.297
quantity_skew_extreme,13,cells,pre_massmask_off,pre,massmask,off,5,50,50,1.0,12,12,0.0,2.0,4,2,7200,1.056932990048636,0.8194606940992014,0.6,1.6608213903650704,0.7894342450355939,1.486716023419723,0.2716165064901535,0,0.656
quantity_skew_extreme,14,cells,post_none_off,post,none,off,5,50,50,1.0,12,12,0.0,2.0,4,2,7200,1.088116166965658,0.8127949659627515,0.5388349514563107,3.6952292578983332,0.633195953540652,3.120979111034607,0.5270010166880702,0,0.603
quantity_skew_extreme,14,cells,post_none_on,post,none,on,5,50,50,1.0,12,12,0.0,2.0,4,2,7200,0.8341311100821767,0.6739173965390176,0.3683673469387755,0.5648186387077073,0.5466466841513675,5.140823097764226,0.3967519216802089,0,0.741
quantity_skew_extreme,14,cells,post_footprint_off,post,footprint,off,5,50,50,1.0,12,12,0.0,2.0,4,2,7200,1.1102257111381755,0.8033067221163779,0.5204081632653061,1.7134393419970109,0.6189584113900337,1.3901004150893421,0.3655872188940905,0,1.296
quantity_skew_extreme,14,cells,post_footprint_on,post,footprint,on,5,50,39,1.0,12,12,0.0,2.0,4,2,5616,1.1113874980766418,0.796442622008069,0.5357142857142857,1.410657772287563,0.6208317721993256,1.384123657679274,0.3513342559897945,0,0.955
quantity_skew_extreme,14,cells,post_mass_off,post,mass,off,5,50,50,1.0,12,12,0.0,2.0,4,2,7200,1.1159546303069092,0.8034415656978234,0.5204081632653061,1.71295330540323,0.6193330835518921,1.3754741959407337,0.36527249849217325,0,0.647
quantity_skew_extreme,14,cells,post_mass_on,post,mass,on,5,50,50,1.0,12,12,0.0,2.0,4,2,7200,1.1171074370954075,0.8357167511622773,0.536734693877551,1.3821546368396185,0.6208317721993256,1.3695996240653736,0.3495680762727981,0,0.656
quantity_skew_extreme,14,cells,pre_none_off,pre,none,off,5,50,50,1.0,12,12,0.0,2.0,4,2,7200,1.1401395411504511,0.8034991693844593,0.5275510204081633,1.5796589614271677,0.6219557886849008,1.215198767029603,0.34941406024798194,0,0.653
quantity_skew_extreme,14,cells,pre_none_on,pre,none,on,5,50,50,1.0,12,12,0.0,2.0,4,2,7200,1.0175087894839836,0.7142745949527164,0.35,0.5614869527986285,0.575121768452604,1.5005520624134436,0.3808082941242511,0,0.587
quantity_skew_extreme,14,cells,pre_footprint_off,pre,footprint,off,5,50,50,1.0,12,12,0.0,2.0,4,2,7200,1.1269330010268876,0.8032211309656003,0.5306122448979592,1.5982504942285065,0.6249531659797677,1.25848676773865,0.35099526149925153,0,1.283
quantity_skew_extreme,14,cells,pre_footprint_on,pre,footprint,on,5,50,32,1.0,12,12,0.0,2.0,4,2,4608,1.129105462927822,0.7958166746393215,0.539795918367347,1.417751649185902,0.6230798051704758,1.2534675407769276,0.348303357852953,0,0.851
quantity_skew_extreme,14,cells,pre_mass_off,pre,mass,off,5,50,50,1.0,12,12,0.0,2.0,4,2,7200,1.1308013401317851,0.8036256617099369,0.5306122448979592,1.5988438473859894,0.6264518546272012,1.2503552472707848,0.3508783078825016,0,0.564
quantity_skew_extreme,14,cells,pre_mass_on,pre,mass,on,5,50,31,1.0,12,12,0.0,2.0,4,2,4464,1.133399059094247,0.8346197051058709,0.5438775510204081,1.3910124397291577,0.6242038216560509,1.244315870314973,0.346429875965052,0,0.327
quantity_skew_extreme,14,cells,post_fpmask_off,post,fpmask,off,5,50,50,1.0,12,12,0.0,2.0,4,2,7200,1.1119832123311204,0.8035265997114288,0.5214285714285715,1.7150018292651343,0.6197077557137505,1.3869733811341562,0.36571797943273227,0,1.222
quantity_skew_extreme,14,cells,post_massmask_off,post,massmask,off,5,50,50,1.0,12,12,0.0,2.0,4,2,7200,1.113231483981406,0.8028179147216368,0.5102040816326531,1.6982419827200461,0.6047208692394155,1.3703408750654402,0.36378160925573855,0,0.512
quantity_skew_extreme,14,cells,pre_fpmask_off,pre,fpmask,off,5,50,50,1.0,12,12,0.0,2.0,4,2,7200,1.1272402862679585,0.8031360969519948,0.5295918367346939,1.5970033507374173,0.6245784938179093,1.2568192508554674,0.3509192588518665,0,1.219
quantity_skew_extreme,14,cells,pre_massmask_off,pre,massmask,off,5,50,50,1.0,12,12,0.0,2.0,4,2,7200,1.1273733145447922,0.8030639081432841,0.5255102040816326,1.5936985605062977,0.6223304608467591,1.2539224531311104,0.3504977983202416,0,0.636
quantity_skew_extreme,15,cells,post_none_off,post,none,off,5,50,50,1.0,12,12,0.0,2.0,4,2,7200,1.0904008807354202,0.8322773951905148,0.65,4.185499534577981,0.6669164481079056,3.520261377004614,0.4309899575446425,0,0.539
quantity_skew_extreme,15,cells,post_none_on,post,none,on,5,50,28,1.0,12,12,0.0,2.0,4,2,4032,0.9695371793082298,0.709910158577603,0.5833333333333334,0.7984952488022043,0.6133383289621581,4.477653747115604,0.2812816474627157,0,0.3
quantity_skew_extreme,15,cells,post_footprint_off,post,footprint,off,5,50,50,1.0,12,12,0.0,2.0,4,2,7200,1.0889273538762387,0.811492550030375,0.5475578406169666,4.366733707667849,0.6871487448482577,3.68263684261473,0.3813980258766313,0,1.245
quantity_skew_extreme,15,cells,post_footprint_on,post,footprint,on,5,50,29,1.0,12,12,0.0,2.0,4,2,4176,0.9576165162073379,0.8162943249428842,0.5244215938303342,4.208983988338307,0.6616710378418883,4.779258457665211,0.37264268004756645,0,0.757
quantity_skew_extreme,15,cells,post_mass_off,post,mass,off,5,50,50,1.0,12,12,0.0,2.0,4,2,7200,1.1081743514166706,0.8055154844272313,0.6504854368932039,3.4910624951515667,0.6654177594604721,2.8427681100542177,0.3421794547411045,0,0.666
quantity_skew_extreme,15,cells,post_mass_on,post,mass,on,5,50,31,1.0,12,12,0.0,2.0,4,2,4464,1.0022132468104024,0.7829418884100101,0.6326860841423948,3.6182440534626465,0.6425627575871112,3.474681486818315,0.3525223007715818,0,0.413
quantity_skew_extreme,15,cells,pre_none_off,pre,none,off,5,50,50,1.0,12,12,0.0,2.0,4,2,7200,1.1122053408285568,0.8059904640630985,0.6521035598705501,3.487035088745752,0.6680404645934807,2.8189434588796303,0.33928961646015976,0,0.702
quantity_skew_extreme,15,cells,pre_none_on,pre,none,on,5,50,29,1.0,12,12,0.0,2.0,4,2,4176,1.020488312108204,0.690604664261595,0.5833333333333334,0.8161993670899241,0.6167103784188834,3.3503699545655037,0.2850856798668792,0,0.392
quantity_skew_extreme,15,cells,pre_footprint_off,pre,footprint,off,5,50,50,1.0,12,12,0.0,2.0,4,2,7200,1.0998009852555264,0.8102060702018626,0.5372750642673522,4.424153082268754,0.6908954664668415,3.657648243345382,0.36879627842567037,0,1.32
quantity_skew_extreme,15,cells,pre_footprint_on,pre,footprint,on,5,50,30,1.0,12,12,0.0,2.0,4,2,4320,0.9606008205750066,0.8146237197202376,0.5372750642673522,4.333136935857566,0.668415136755339,4.809998505087494,0.36929983747424755,0,0.823
quantity_skew_extreme,15,cells,pre_mass_off,pre,mass,off,5,50,50,1.0,12,12,0.0,2.0,4,2,7200,1.0996573509992023,0.810510981810519,0.5372750642673522,4.423424286589921,0.6920194829524167,3.658001124013408,0.36884050672311414,0,0.771
quantity_skew_extreme,15,cells,pre_mass_on,pre,mass,on,5,50,27,1.0,12,12,0.0,2.0,4,2,3888,0.9516793568265621,0.828800173374615,0.5424164524421594,4.191763875623,0.6654177594604721,4.901096244108375,0.3684634248805372,0,0.382
quantity_skew_extreme,15,cells,post_fpmask_off,post,fpmask,off,5,50,50,1.0,12,12,0.0,2.0,4,2,7200,1.1126892842990923,0.837342161446822,0.656957928802589,4.18133312510022,0.6706631697264893,3.377279141470865,0.4266015544499659,0,1.188
quantity_skew_extreme,15,cells,post_massmask_off,post,massmask,off,5,50,50,1.0,12,12,0.0,2.0,4,2,7200,1.112729150405531,0.8387112365849679,0.6682847896440129,4.197087786088497,0.6710378418883477,3.389761337653667,0.42798867916227035,0,0.606
quantity_skew_extreme,15,cells,pre_fpmask_off,pre,fpmask,off,5,50,50,1.0,12,12,0.0,2.0,4,2,7200,1.1169979819902114,0.8060844301110114,0.6537216828478964,3.5162037994434967,0.6687898089171974,2.818183461152696,0.33690469160716074,0,1.249
quantity_skew_extreme,15,cells,pre_massmask_off,pre,massmask,off,5,50,50,1.0,12,12,0.0,2.0,4,2,7200,1.1172019508643902,0.8060844301110114,0.6537216828478964,3.49688740901063,0.6687898089171974,2.8016783785745583,0.33861261800661857,0,0.693
quantity_skew_extreme,16,cells,post_none_off,post,none,off,5,50,50,1.0,12,12,0.0,2.0,4,2,7200,1.1100261453885787,0.806414261004559,0.5673469387755102,4.509685034856098,0.6050955414012739,3.659989121397891,0.5583996251225207,0,0.485
quantity_skew_extreme,16,cells,post_none_on,post,none,on,5,50,30,1.0,12,12,0.0,2.0,4,2,4320,0.7887307507162984,0.6448243157311583,0.4358974358974359,0.6382720926940978,0.5028100412139378,7.643984244139978,0.3883762624912157,0,0.324
quantity_skew_extreme,16,cells,post_footprint_off,post,footprint,off,5,50,50,1.0,12,12,0.0,2.0,4,2,7200,1.05839845822344,0.8100867911803377,0.5416666666666666,3.182819477047301,0.5796178343949044,2.8412772237440636,0.41637422740407226,0,1.206
quantity_skew_extreme,16,cells,post_footprint_on,post,footprint,on,5,50,46,1.0,12,12,0.0,2.0,4,2,6624,0.6871627108517282,0.8184220066478439,0.55,2.737445111230523,0.5833645560134882,6.792977451004374,0.401346067885221,0,1.224
quantity_skew_extreme,16,cells,post_mass_off,post,mass,off,5,50,50,1.0,12,12,0.0,2.0,4,2,7200,1.0600743014006495,0.7966491305200906,0.5416666666666666,2.1501679663756024,0.6579243162233046,1.9133735877330649,0.3698919940577109,0,0.469
quantity_skew_extreme,16,cells,post_mass_on,post,mass,on,5,50,50,1.0,12,12,0.0,2.0,4,2,7200,0.6740200689451371,0.8184986744585053,0.5612244897959183,1.8721223711813728,0.6137130011240165,4.758517597690477,0.3661538843981263,0,0.512
quantity_skew_extreme,16,cells,pre_none_off,pre,none,off,5,50,50,1.0,12,12,0.0,2.0,4,2,7200,1.0590282133679119,0.7981238789955324,0.5416666666666666,2.1474367997652006,0.6624203821656051,1.9147202515101656,0.369761776793299,0,0.617
quantity_skew_extreme,16,cells,pre_none_on,pre,none,on,5,50,25,1.0,12,12,0.0,2.0,4,2,3600,0.8020963431988657,0.64393415006036,0.38461538461538464,0.644702008493812,0.5147995503934057,3.3672126404665588,0.38413108094060844,0,0.355
quantity_skew_extreme,16,cells,pre_footprint_off,pre,footprint,off,5,50,50,1.0,12,12,0.0,2.0,4,2,7200,1.0592826751523294,0.8051892151185499,0.5416666666666666,3.3174727118562637,0.5736230798051705,2.9565390568557386,0.4102815305572528,0,1.318
quantity_skew_extreme,16,cells,pre_footprint_on,pre,footprint,on,5,50,37,1.0,12,12,0.0,2.0,4,2,5328,0.6985202826999587,0.8137443081811068,0.5428571428571428,2.893585660747675,0.5781191457474709,6.831179604908457,0.40262254294597666,0,0.943
quantity_skew_extreme,16,cells,pre_mass_off,pre,mass,off,5,50,50,1.0,12,12,0.0,2.0,4,2,7200,1.0592999339319067,0.8054443171593663,0.5416666666666666,3.302330535214314,0.5747470962907456,2.942948416295239,0.41051646715010753,0,0.556
quantity_skew_extreme,16,cells,pre_mass_on,pre,mass,on,5,50,49,1.0,12,12,0.0,2.0,4,2,7056,0.6968373578998426,0.8154933286851412,0.5448979591836735,2.8088223329381377,0.5814911952041963,6.829246177039465,0.4013645496108271,0,0.645
quantity_skew_extreme,16,cells,post_fpmask_off,post,fpmask,off,5,50,50,1.0,12,12,0.0,2.0,4,2,7200,1.0584365260067135,0.8153118912018513,0.5416666666666666,2.9842105465637574,0.5859872611464968,2.6637890143637035,0.43601674662262213,0,1.394
quantity_skew_extreme,16,cells,post_massmask_off,post,massmask,off,5,50,50,1.0,12,12,0.0,2.0,4,2,7200,1.0585131716863232,0.814740571376844,0.5416666666666666,2.739817992000564,0.58523791682278,2.445283290449073,0.42932053338921733,0,0.674
quantity_skew_extreme,16,cells,pre_fpmask_off,pre,fpmask,off,5,50,50,1.0,12,12,0.0,2.0,4,2,7200,1.0588430705385143,0.8105176143361322,0.5416666666666666,3.227321766305775,0.5807418508804796,2.8785850761038576,0.413496316192081,0,1.174
quantity_skew_extreme,16,cells,pre_massmask_off,pre,massmask,off,5,50,50,1.0,12,12,0.0,2.0,4,2,7200,1.0662557580308343,0.8169132518557894,0.5416666666666666,2.1601299513268377,0.6654177594604721,1.9000153068800039,0.3679645845213908,0,0.544
quantity_skew_extreme,17,cells,post_none_off,post,none,off,5,50,50,1.0,12,12,0.0,2.0,4,2,7200,1.18409267167034,0.8293909541175379,0.540453074433657,2.3688479616612876,0.7373548145372799,1.6895295849013952,0.341179164033162,0,0.617
quantity_skew_extreme,17,cells,post_none_on,post,none,on,5,50,37,1.0,12,12,0.0,2.0,4,2,5328,1.0742573636418484,0.7078174272853377,0.3656957928802589,0.6864188506200338,0.6646684151367553,1.9553768266490972,0.3390387012643117,0,0.466
quantity_skew_extreme,17,cells,post_footprint_off,post,footprint,off,5,50,50,1.0,12,12,0.0,2.0,4,2,7200,1.179340172411311,0.8220290509777913,0.5016181229773463,1.6333617837980898,0.7152491569876358,1.1743679907020506,0.2806138927099105,0,1.368
quantity_skew_extreme,17,cells,post_footprint_on,post,footprint,on,5,50,50,1.0,12,12,0.0,2.0,4,2,7200,1.1635843902882796,0.8270290832718142,0.5016181229773463,1.4942945327859762,0.7152491569876358,1.2056427374865213,0.27974011440762475,0,1.316
quantity_skew_extreme,17,cells,post_mass_off,post,mass,off,5,50,50,1.0,12,12,0.0,2.0,4,2,7200,1.1802626868617034,0.8225129626479659,0.5048543689320388,1.6334421568351194,0.7141251405020607,1.1725905910263668,0.28055522332083577,0,0.632
quantity_skew_extreme,17,cells,post_mass_on,post,mass,on,5,50,50,1.0,12,12,0.0,2.0,4,2,7200,1.1658790405939683,0.8312635025113839,0.5080906148867314,1.473423284907062,0.7137504683402023,1.201246149364696,0.2795812981480244,0,0.659
quantity_skew_extreme,17,cells,pre_none_off,pre,none,off,5,50,50,1.0,12,12,0.0,2.0,4,2,7200,1.1857192282775149,0.8210409207364956,0.5097087378640777,1.6444655648145015,0.716373173473211,1.1696638250303841,0.280567567476645,0,0.611
quantity_skew_extreme,17,cells,pre_none_on,pre,none,on,5,50,43,1.0,12,12,0.0,2.0,4,2,6192,1.0728478677558304,0.7202117656206669,0.38349514563106796,0.6869581728286814,0.6680404645934807,1.4306212717514288,0.33943775094694734,0,0.534
quantity_skew_extreme,17,cells,pre_footprint_off,pre,footprint,off,5,50,50,1.0,12,12,0.0,2.0,4,2,7200,1.2217697334866717,0.8193608797880775,0.5048543689320388,1.6632630469414649,0.7156238291494942,1.1142489005631717,0.28093933141056476,0,1.345
quantity_skew_extreme,17,cells,pre_footprint_on,pre,footprint,on,5,50,32,1.0,12,12,0.0,2.0,4,2,4608,1.2143302299559078,0.8221259270807746,0.5048543689320388,1.5089031749143227,0.714499812663919,1.1268856826713496,0.27928478330847883,0,0.871
quantity_skew_extreme,17,cells,pre_mass_off,pre,mass,off,5,50,50,1.0,12,12,0.0,2.0,4,2,7200,1.2221081738101816,0.8191762266387919,0.5016181229773463,1.6634227372467054,0.714499812663919,1.1137387647174781,0.28092861617957604,0,0.712
quantity_skew_extreme,17,cells,pre_mass_on,pre,mass,on,5,50,32,1.0,12,12,0.0,2.0,4,2,4608,1.2152663228385192,0.829300097348383,0.5080906148867314,1.4875189151556776,0.714499812663919,1.1253556675395673,0.2789509684243998,0,0.458
quantity_skew_extreme,17,cells,post_fpmask_off,post,fpmask,off,5,50,50,1.0,12,12,0.0,2.0,4,2,7200,1.1401518796012375,0.8223927041885952,0.5064724919093851,1.624525431900313,0.716373173473211,1.2496865610565617,0.28152004564573213,0,1.363
quantity_skew_extreme,17,cells,post_massmask_off,post,massmask,off,5,50,50,1.0,12,12,0.0,2.0,4,2,7200,1.1219523563912446,0.8244059189194363,0.5080906148867314,1.6225003179216448,0.7141251405020607,1.2889496725002756,0.28208338243199405,0,0.601
quantity_skew_extreme,17,cells,pre_fpmask_off,pre,fpmask,off,5,50,50,1.0,12,12,0.0,2.0,4,2,7200,1.1812478083817843,0.8181449166789104,0.5016181229773463,1.6476827122475444,0.716373173473211,1.1808413525045396,0.2809375588737754,0,1.218
quantity_skew_extreme,17,cells,pre_massmask_off,pre,massmask,off,5,50,50,1.0,12,12,0.0,2.0,4,2,7200,1.1793877565060003,0.8176923162839138,0.5016181229773463,1.6468814514934234,0.7159985013113526,1.1839929278405494,0.2809719023512526,0,0.541
quantity_skew_extreme,18,cells,post_none_off,post,none,off,5,50,50,1.0,12,12,0.0,2.0,4,2,7200,3.125008090224824,0.9475207677682002,0.832258064516129,3.892040041106299,0.959910078681154,0.3985428366538775,0.3902842588025959,0,0.645
quantity_skew_extreme,18,cells,post_none_on,post,none,on,5,50,50,1.0,12,12,0.0,2.0,4,2,7200,1.6236063100637377,0.7466187190837993,0.42142857142857143,0.6456882518152204,0.5537654552266766,2.7187768606318246,0.42248068460122185,0,0.526
quantity_skew_extreme,18,cells,post_footprint_off,post,footprint,off,5,50,50,1.0,12,12,0.0,2.0,4,2,7200,3.986868424182729,0.9905911392367388,0.9583333333333334,2.7486263573316236,0.991007868115399,0.17292265716941285,0.28839712877109847,0,1.181
quantity_skew_extreme,18,cells,post_footprint_on,post,footprint,on,5,50,33,1.0,12,12,0.0,2.0,4,2,4752,4.323298831418652,0.9985544217687075,0.986734693877551,1.8154578785234052,0.9947545897339828,0.1408067842745411,0.24179543216457297,0,0.853
quantity_skew_extreme,18,cells,post_mass_off,post,mass,off,5,50,50,1.0,12,12,0.0,2.0,4,2,7200,4.490813815268588,0.9992346938775509,0.9948979591836735,2.571361598839048,0.9977519670288497,0.12750084227998057,0.2727604466396569,0,0.565
quantity_skew_extreme,18,cells,post_mass_on,post,mass,on,5,50,30,1.0,12,12,0.0,2.0,4,2,4320,4.849331778270103,0.9998299319727891,0.9979591836734694,1.5848850501606457,0.9992506556762832,0.10352098333254914,0.219272255769253,0,0.399
quantity_skew_extreme,18,cells,pre_none_off,pre,none,off,5,50,50,1.0,12,12,0.0,2.0,4,2,7200,7.502310256070059,1.0,1.0,1.1309323471183113,1.0,0.020093083330842094,0.13828252930026264,0,0.608
quantity_skew_extreme,18,cells,pre_none_on,pre,none,on,5,50,28,1.0,12,12,0.0,2.0,4,2,4032,7.846999468198768,0.7294831211618135,0.4129032258064516,0.6418328490041737,0.6759085799925065,0.020560014004961234,0.3965124530377032,0,0.361
quantity_skew_extreme,18,cells,pre_footprint_off,pre,footprint,off,5,50,50,1.0,12,12,0.0,2.0,4,2,7200,7.389473504361896,1.0,1.0,1.1450385553047076,1.0,0.020969743477430372,0.1396751062402393,0,1.17
quantity_skew_extreme,18,cells,pre_footprint_on,pre,footprint,on,5,50,24,1.0,12,12,0.0,2.0,4,2,3456,8.162509585999082,1.0,1.0,1.158795142456991,1.0,0.017391441514438322,0.13975956780390747,0,0.568
quantity_skew_extreme,18,cells,pre_mass_off,pre,mass,off,5,50,50,1.0,12,12,0.0,2.0,4,2,7200,7.384749870322842,1.0,1.0,1.1449442521455575,1.0,0.0209948492919439,0.13966959442225685,0,0.536
quantity_skew_extreme,18,cells,pre_mass_on,pre,mass,on,5,50,24,1.0,12,12,0.0,2.0,4,2,3456,8.162615173442191,1.0,1.0,1.1585084053869272,1.0,0.01738740227660912,0.1397282821070571,0,0.295
quantity_skew_extreme,18,cells,post_fpmask_off,post,fpmask,off,5,50,50,1.0,12,12,0.0,2.0,4,2,7200,6.985975047449968,1.0,1.0,1.1413811566900363,1.0,0.023387114302416186,0.1406779809934461,0,1.305
quantity_skew_extreme,18,cells,post_massmask_off,post,massmask,off,5,50,50,1.0,12,12,0.0,2.0,4,2,7200,6.985351327517893,1.0,1.0,1.1452289867864176,1.0,0.023470147787553783,0.1410833561519677,0,0.654
quantity_skew_extreme,18,cells,pre_fpmask_off,pre,fpmask,off,5,50,50,1.0,12,12,0.0,2.0,4,2,7200,7.95497833792831,1.0,1.0,1.1289337876523897,1.0,0.017839820012446,0.13448070208542093,0,1.294
quantity_skew_extreme,18,cells,pre_massmask_off,pre,massmask,off,5,50,50,1.0,12,12,0.0,2.0,4,2,7200,7.954627563994435,1.0,1.0,1.128901809250669,1.0,0.017840888027652917,0.13437024837844452,0,0.547
quantity_skew_extreme,19,cells,post_none_off,post,none,off,5,50,50,1.0,12,12,0.0,2.0,4,2,7200,3.3847145787111406,0.9861062291600263,0.9583333333333334,3.3291170029885984,0.9891345073061072,0.2905928704085082,0.27077507244890237,0,0.746
quantity_skew_extreme,19,cells,post_none_on,post,none,on,5,50,50,1.0,12,12,0.0,2.0,4,2,7200,2.686280672773842,0.7890574600978413,0.5416666666666666,0.916521407633347,0.7669539153240914,0.5145099036466382,0.23795423042913813,0,0.854
quantity_skew_extreme,19,cells,post_footprint_off,post,footprint,off,5,50,50,1.0,12,12,0.0,2.0,4,2,7200,7.513996707417539,1.0,1.0,1.0364173303228597,1.0,0.01835661779539636,0.11843284169326014,0,1.378
quantity_skew_extreme,19,cells,post_footprint_on,post,footprint,on,5,50,42,1.0,12,12,0.0,2.0,4,2,6048,7.526218057188196,1.0,1.0,1.23232528139632,0.991007868115399,0.018300965138627966,0.12747289577581117,0,1.136
quantity_skew_extreme,19,cells,post_mass_off,post,mass,off,5,50,50,1.0,12,12,0.0,2.0,4,2,7200,1.1305464723148373,0.8206214449133266,0.5728155339805825,2.450376082852712,0.766579243162233,1.9171491726150203,0.27518715672376687,0,0.719
quantity_skew_extreme,19,cells,post_mass_on,post,mass,on,5,50,20,1.0,12,12,0.0,2.0,4,2,2880,7.526513626712476,1.0,1.0,1.2336234781861184,0.991007868115399,0.01830168581834235,0.1276981665961165,0,0.281
quantity_skew_extreme,19,cells,pre_none_off,pre,none,off,5,50,50,1.0,12,12,0.0,2.0,4,2,7200,7.543032767245842,1.0,1.0,1.0340878124370112,1.0,0.0181746238392956,0.11826353017128584,0,0.722
quantity_skew_extreme,19,cells,pre_none_on,pre,none,on,5,50,50,1.0,12,12,0.0,2.0,4,2,7200,5.591286662049521,0.8007905367630306,0.4583333333333333,0.9260416812329151,0.7969276882727613,0.06409152408882299,0.20543491123764465,0,0.635
quantity_skew_extreme,19,cells,pre_footprint_off,pre,footprint,off,5,50,50,1.0,12,12,0.0,2.0,4,2,7200,1.181203109372703,0.8186249155994519,0.5598705501618123,2.4588824341535935,0.7602098164106407,1.7623355477748208,0.2723951914215164,0,1.171
quantity_skew_extreme,19,cells,pre_footprint_on,pre,footprint,on,5,50,50,1.0,12,12,0.0,2.0,4,2,7200,1.1357059113239771,0.8401852478778364,0.5533980582524272,2.4224875379241935,0.7568377669539154,1.9107450858778094,0.27361580250285034,0,1.171
quantity_skew_extreme,19,cells,pre_mass_off,pre,mass,off,5,50,50,1.0,12,12,0.0,2.0,4,2,7200,1.1780678803308067,0.8186249155994519,0.5598705501618123,2.4590502835351002,0.7602098164106407,1.7718492902534542,0.2724395325315613,0,0.549
quantity_skew_extreme,19,cells,pre_mass_on,pre,mass,on,5,50,50,1.0,12,12,0.0,2.0,4,2,7200,1.13318080134178,0.8399155607149454,0.5501618122977346,2.4221951161439845,0.7560884226301986,1.9193455465080034,0.273664469395291,0,0.434
quantity_skew_extreme,19,cells,post_fpmask_off,post,fpmask,off,5,50,50,1.0,12,12,0.0,2.0,4,2,7200,1.0805161290081868,0.8190432654709174,0.5792880258899676,2.462670298740521,0.7485949793930311,2.109326284598028,0.279022789364201,0,0.74
quantity_skew_extreme,19,cells,post_massmask_off,post,massmask,off,5,50,50,1.0,12,12,0.0,2.0,4,2,7200,2.305610969710883,0.9361843593027596,0.875,3.596904909057408,0.9584113900337204,0.6766387991187888,0.2977237798815207,0,0.364
quantity_skew_extreme,19,cells,pre_fpmask_off,pre,fpmask,off,5,50,50,1.0,12,12,0.0,2.0,4,2,7200,7.54260962090641,1.0,1.0,1.0411354283586018,1.0,0.01830054248178663,0.11847530671216397,0,0.718
quantity_skew_extreme,19,cells,pre_massmask_off,pre,massmask,off,5,50,50,1.0,12,12,0.0,2.0,4,2,7200,1.159956686987452,0.8177069018269424,0.5550161812297735,2.4559700453590922,0.7579617834394905,1.8253221325800832,0.27317986904916647,0,0.275
wine,10,cells,post_none_off,post,none,off,5,50,50,1.0,10,10,0.0,2.0,3,13,21000,2.098537887957812,0.9302923976608188,0.7777777777777778,4.107221713207852,0.9269662921348315,0.932641031134125,0.8718699226662883,0,0.163
wine,10,cells,post_none_on,post,none,on,5,50,27,1.0,10,10,0.0,2.0,3,13,11340,1.5988917055859706,0.7276431888544892,0.631578947368421,3.1909527205288524,0.702247191011236,1.6192555759654519,0.7872199660841321,0,0.086
wine,10,cells,post_footprint_off,post,footprint,off,5,50,50,1.0,10,10,0.0,2.0,3,13,21000,3.51034533834772,0.9619590643274855,0.8888888888888888,4.118237171360167,0.9606741573033708,0.3342040185541691,0.7784647629643927,0,0.504
wine,10,cells,post_footprint_on,post,footprint,on,5,50,50,1.0,10,10,0.0,2.0,3,13,21000,3.432413380640515,0.9285620915032681,0.8333333333333334,3.844369435307996,0.9269662921348315,0.3507398178855424,0.760505302961179,0,0.506
wine,10,cells,post_mass_off,post,mass,off,5,50,50,1.0,10,10,0.0,2.0,3,13,21000,3.332136738272517,0.9677777777777777,0.8888888888888888,4.0896282984884,0.9662921348314607,0.3683309451926343,0.7890591372282042,0,0.148
wine,10,cells,post_mass_on,post,mass,on,5,50,30,1.0,10,10,0.0,2.0,3,13,12600,3.267715774029382,0.9124509803921569,0.7777777777777778,3.73498588755079,0.9101123595505618,0.384373334914471,0.7732528616587055,0,0.092
wine,10,cells,pre_none_off,pre,none,off,5,50,50,1.0,10,10,0.0,2.0,3,13,21000,3.0059036056207202,0.9672222222222222,0.8333333333333334,4.065463546285188,0.9662921348314607,0.4499455619599077,0.8076582382408515,0,0.149
wine,10,cells,pre_none_on,pre,none,on,5,50,26,1.0,10,10,0.0,2.0,3,13,10920,2.947173200371041,0.7213931888544891,0.631578947368421,3.1918046971855647,0.7078651685393258,0.46829759678246663,0.7849643326071009,0,0.081
wine,10,cells,pre_footprint_off,pre,footprint,off,5,50,50,1.0,10,10,0.0,2.0,3,13,21000,3.5176867108089174,0.967514619883041,0.8888888888888888,4.128683395004565,0.9662921348314607,0.3336547134882937,0.7745900726616515,0,0.463
wine,10,cells,pre_footprint_on,pre,footprint,on,5,50,50,1.0,10,10,0.0,2.0,3,13,21000,3.464999947218829,0.9285620915032681,0.8333333333333334,3.852732854009896,0.9269662921348315,0.3449077819115457,0.7581257985069783,0,0.482
wine,10,cells,pre_mass_off,pre,mass,off,5,50,50,1.0,10,10,0.0,2.0,3,13,21000,3.5352032188917577,0.9727777777777777,0.8888888888888888,4.110131260807506,0.9719101123595506,0.328872018378794,0.7766499467145382,0,0.156
wine,10,cells,pre_mass_on,pre,mass,on,5,50,27,1.0,10,10,0.0,2.0,3,13,11340,3.446376065510549,0.923562091503268,0.8333333333333334,3.764113231698048,0.9213483146067416,0.34725262528699924,0.7677786687294034,0,0.107
wine,10,cells,post_fpmask_off,post,fpmask,off,5,50,50,1.0,10,10,0.0,2.0,3,13,21000,1.987118217413042,0.9464035087719299,0.85,4.096826216498043,0.9438202247191011,1.037528731711018,0.8676496544096949,0,0.534
wine,10,cells,post_massmask_off,post,massmask,off,5,50,50,1.0,10,10,0.0,2.0,3,13,21000,2.098537887957812,0.9302923976608188,0.7777777777777778,4.107221713207852,0.9269662921348315,0.932641031134125,0.8718699226662883,0,0.176
wine,10,cells,pre_fpmask_off,pre,fpmask,off,5,50,50,1.0,10,10,0.0,2.0,3,13,21000,3.109633541211037,0.9627777777777778,0.85,4.065591586920448,0.9606741573033708,0.4204412561063645,0.80287403165425,0,0.525
wine,10,cells,pre_massmask_off,pre,massmask,off,5,50,50,1.0,10,10,0.0,2.0,3,13,21000,3.0059036056207202,0.9672222222222222,0.8333333333333334,4.065463546285188,0.9662921348314607,0.4499455619599077,0.8076582382408515,0,0.174
wine,11,cells,post_none_off,post,none,off,5,50,50,1.0,10,10,0.0,2.0,3,13,21000,1.6985468820612644,0.9344736842105263,0.8333333333333334,4.118712813934231,0.9325842696629213,1.4275996538925488,0.8661119307748189,0,0.162
wine,11,cells,post_none_on,post,none,on,5,50,44,1.0,10,10,0.0,2.0,3,13,18480,1.6219678020247605,0.7542462160302719,0.6842105263157895,3.269116210427905,0.7247191011235955,1.5729011241758062,0.7722303258889814,0,0.152
wine,11,cells,post_footprint_off,post,footprint,off,5,50,50,1.0,10,10,0.0,2.0,3,13,21000,3.5377826108884216,0.9718201754385964,0.8888888888888888,4.107716542261982,0.9719101123595506,0.32819970102658697,0.775607627033261,0,0.465
wine,11,cells,post_footprint_on,post,footprint,on,5,50,50,1.0,10,10,0.0,2.0,3,13,21000,3.539286750745167,0.9439035087719299,0.8333333333333334,3.893616447977004,0.9438202247191011,0.32821335042563743,0.7568607369655086,0,0.483
wine,11,cells,post_mass_off,post,mass,off,5,50,50,1.0,10,10,0.0,2.0,3,13,21000,3.422167106231948,0.9718201754385964,0.8888888888888888,4.0860507375039665,0.9719101123595506,0.34890028963109126,0.7852977772629804,0,0.166
wine,11,cells,post_mass_on,post,mass,on,5,50,38,1.0,10,10,0.0,2.0,3,13,15960,3.4043371382793826,0.9154312865497076,0.8333333333333334,3.7795295688522224,0.9157303370786517,0.3529803209717165,0.7666871314883997,0,0.114
wine,11,cells,pre_none_off,pre,none,off,5,50,50,1.0,10,10,0.0,2.0,3,13,21000,3.22155568527792,0.9662646198830409,0.8888888888888888,4.067029432914718,0.9662921348314607,0.3918736212230269,0.799877408788949,0,0.151
wine,11,cells,pre_none_on,pre,none,on,5,50,30,1.0,10,10,0.0,2.0,3,13,12600,3.0762193208559845,0.7486906604747163,0.6842105263157895,3.26989336668701,0.7078651685393258,0.43144965260368967,0.7696080231125417,0,0.093
wine,11,cells,pre_footprint_off,pre,footprint,off,5,50,50,1.0,10,10,0.0,2.0,3,13,21000,3.6088311866254172,0.9718201754385964,0.8888888888888888,4.122813317725084,0.9719101123595506,0.3165632791160822,0.7700776648346414,0,0.493
wine,11,cells,pre_footprint_on,pre,footprint,on,5,50,17,1.0,10,10,0.0,2.0,3,13,7140,3.601800723186088,0.9383479532163742,0.8333333333333334,3.909494999780628,0.9382022471910112,0.3181157800571207,0.7538744598136816,0,0.193
wine,11,cells,pre_mass_off,pre,mass,off,5,50,50,1.0,10,10,0.0,2.0,3,13,21000,3.591093551270047,0.9718201754385964,0.8888888888888888,4.115179264166199,0.9719101123595506,0.31910625744370935,0.7726907730951099,0,0.158
wine,11,cells,pre_mass_on,pre,mass,on,5,50,24,1.0,10,10,0.0,2.0,3,13,10080,3.5796228448588554,0.9209868421052633,0.8333333333333334,3.8175242646530725,0.9213483146067416,0.32157849161189483,0.7611596618713985,0,0.081
wine,11,cells,post_fpmask_off,post,fpmask,off,5,50,50,1.0,10,10,0.0,2.0,3,13,21000,1.9518562112726219,0.9289181286549708,0.8333333333333334,4.106784394013351,0.9269662921348315,1.0779689733139133,0.860065672233245,0,0.582
wine,11,cells,post_massmask_off,post,massmask,off,5,50,50,1.0,10,10,0.0,2.0,3,13,21000,1.6985468820612644,0.9344736842105263,0.8333333333333334,4.118712813934231,0.9325842696629213,1.4275996538925488,0.8661119307748189,0,0.168
wine,11,cells,pre_fpmask_off,pre,fpmask,off,5,50,50,1.0,10,10,0.0,2.0,3,13,21000,3.359746279224267,0.9662646198830409,0.8888888888888888,4.086460631152663,0.9662921348314607,0.3620214937466874,0.7877669663118738,0,0.504
wine,11,cells,pre_massmask_off,pre,massmask,off,5,50,50,1.0,10,10,0.0,2.0,3,13,21000,3.22155568527792,0.9662646198830409,0.8888888888888888,4.067029432914718,0.9662921348314607,0.3918736212230269,0.799877408788949,0,0.16
wine,12,cells,post_none_off,post,none,off,5,50,50,1.0,10,10,0.0,2.0,3,13,21000,1.6579906447654704,0.9297660818713449,0.8333333333333334,4.127685128767176,0.9269662921348315,1.501559027304973,0.8746272721531685,0,0.159
wine,12,cells,post_none_on,post,none,on,5,50,50,1.0,10,10,0.0,2.0,3,13,21000,2.222237440562305,0.7486270209838322,0.7,3.2117500852767575,0.7303370786516854,0.8394446510990194,0.8014719846827082,0,0.148
wine,12,cells,post_footprint_off,post,footprint,off,5,50,50,1.0,10,10,0.0,2.0,3,13,21000,3.6580473554577746,0.9725146198830409,0.8888888888888888,4.111438203900156,0.9719101123595506,0.30725228428087664,0.7715734846532231,0,0.476
wine,12,cells,post_footprint_on,post,footprint,on,5,50,50,1.0,10,10,0.0,2.0,3,13,21000,3.659971321097081,0.9404459064327485,0.85,3.830995786546453,0.9382022471910112,0.30700500899726435,0.751225061418982,0,0.5
wine,12,cells,post_mass_off,post,mass,off,5,50,50,1.0,10,10,0.0,2.0,3,13,21000,3.479058365476143,0.9669590643274854,0.8888888888888888,4.087584429338323,0.9662921348314607,0.3377095226053936,0.7808408066150899,0,0.16
wine,12,cells,post_mass_on,post,mass,on,5,50,50,1.0,10,10,0.0,2.0,3,13,21000,3.420647309817208,0.9152287581699345,0.8333333333333334,3.7380148214327336,0.9157303370786517,0.34925427471368825,0.7639554250844016,0,0.166
wine,12,cells,pre_none_off,pre,none,off,5,50,50,1.0,10,10,0.0,2.0,3,13,21000,3.128926674991809,0.9669590643274854,0.8888888888888888,4.067900051108775,0.9662921348314607,0.4155081074066523,0.7986557704075582,0,0.149
wine,12,cells,pre_none_on,pre,none,on,5,50,50,1.0,10,10,0.0,2.0,3,13,21000,3.1760111266280933,0.7603573271413828,0.6842105263157895,3.2123376202761094,0.7303370786516854,0.4039591914207177,0.7976199752589327,0,0.155
wine,12,cells,pre_footprint_off,pre,footprint,off,5,50,50,1.0,10,10,0.0,2.0,3,13,21000,3.6852503449313425,0.9669590643274854,0.8888888888888888,4.114632225161641,0.9662921348314607,0.30296818979694173,0.768623636938764,0,0.525
wine,12,cells,pre_footprint_on,pre,footprint,on,5,50,25,1.0,10,10,0.0,2.0,3,13,10500,3.690056940204797,0.934890350877193,0.8333333333333334,3.83550293133467,0.9325842696629213,0.30225188091864363,0.7496255596280154,0,0.286
wine,12,cells,pre_mass_off,pre,mass,off,5,50,50,1.0,10,10,0.0,2.0,3,13,21000,3.64720769478991,0.9725146198830409,0.9444444444444444,4.106520341982842,0.9719101123595506,0.3087116276748775,0.7716059214095918,0,0.166
wine,12,cells,pre_mass_on,pre,mass,on,5,50,50,1.0,10,10,0.0,2.0,3,13,21000,3.5159662769715148,0.9152287581699345,0.7777777777777778,3.7593260299871383,0.9157303370786517,0.33222311087765943,0.760602033697072,0,0.172
wine,12,cells,post_fpmask_off,post,fpmask,off,5,50,50,1.0,10,10,0.0,2.0,3,13,21000,1.6364798398119103,0.9297660818713449,0.8333333333333334,4.127314755630401,0.9269662921348315,1.5411548279663136,0.8685519472037282,0,0.503
wine,12,cells,post_massmask_off,post,massmask,off,5,50,50,1.0,10,10,0.0,2.0,3,13,21000,1.6579906447692514,0.9297660818713449,0.8333333333333334,4.127685128766667,0.9269662921348315,1.5015590272979393,0.8746272721530417,0,0.167
wine,12,cells,pre_fpmask_off,pre,fpmask,off,5,50,50,1.0,10,10,0.0,2.0,3,13,21000,3.35945584706537,0.9725146198830409,0.9444444444444444,4.085067620616905,0.9719101123595506,0.3619606627151913,0.7847746291341731,0,0.498
wine,12,cells,pre_massmask_off,pre,massmask,off,5,50,50,1.0,10,10,0.0,2.0,3,13,21000,3.12892667499181,0.9669590643274854,0.8888888888888888,4.067900051108776,0.9662921348314607,0.4155081074066521,0.7986557704075582,0,0.148
wine,13,cells,post_none_off,post,none,off,5,50,50,1.0,10,10,0.0,2.0,3,13,21000,1.9956866429026912,0.9300292397660819,0.8333333333333334,4.096149248213918,0.9269662921348315,1.0284686810606254,0.8566012803104468,0,0.15
wine,13,cells,post_none_on,post,none,on,5,50,37,1.0,10,10,0.0,2.0,3,13,15540,0.8499597767277984,0.7594457344341246,0.7,3.2439998626882742,0.6573033707865169,5.810822842963277,0.7923474426633751,0,0.115
wine,13,cells,post_footprint_off,post,footprint,off,5,50,50,1.0,10,10,0.0,2.0,3,13,21000,3.573035522774714,0.9671878224974201,0.8888888888888888,4.103466308175552,0.9662921348314607,0.3214224477567709,0.773496994853227,0,0.51
wine,13,cells,post_footprint_on,post,footprint,on,5,50,50,1.0,10,10,0.0,2.0,3,13,21000,3.588132054350913,0.9347024423804611,0.8333333333333334,3.8216779734154604,0.9325842696629213,0.3188369905839856,0.7480842938158178,0,0.533
wine,13,cells,post_mass_off,post,mass,off,5,50,50,1.0,10,10,0.0,2.0,3,13,21000,3.432622847293505,0.9671878224974201,0.8888888888888888,4.084322540531109,0.9662921348314607,0.34663136198277117,0.7828855081871722,0,0.177
wine,13,cells,post_mass_on,post,mass,on,5,50,30,1.0,10,10,0.0,2.0,3,13,12600,3.424665659817937,0.901890264877881,0.8333333333333334,3.7160969582590027,0.898876404494382,0.3482318000227022,0.7627645189440331,0,0.105
wine,13,cells,pre_none_off,pre,none,off,5,50,50,1.0,10,10,0.0,2.0,3,13,21000,3.1882930853820395,0.956076711386309,0.8333333333333334,4.059914483968018,0.9550561797752809,0.3993929654526281,0.8019533251272565,0,0.174
wine,13,cells,pre_none_on,pre,none,on,5,50,41,1.0,10,10,0.0,2.0,3,13,17220,1.1752783726186165,0.7486270209838322,0.7,3.2443002929256615,0.6573033707865169,3.021404222113172,0.7917766901436208,0,0.129
wine,13,cells,pre_footprint_off,pre,footprint,off,5,50,50,1.0,10,10,0.0,2.0,3,13,21000,3.5588989968043263,0.9730701754385965,0.8888888888888888,4.109847221769443,0.9719101123595506,0.32448479603772773,0.7697897240176657,0,0.493
wine,13,cells,pre_footprint_on,pre,footprint,on,5,50,50,1.0,10,10,0.0,2.0,3,13,21000,3.5769991547903457,0.9347024423804611,0.8333333333333334,3.829569529940294,0.9325842696629213,0.3213857786581288,0.7461154694216238,0,0.498
wine,13,cells,pre_mass_off,pre,mass,off,5,50,50,1.0,10,10,0.0,2.0,3,13,21000,3.507608631041791,0.9730701754385965,0.8888888888888888,4.103688678407672,0.9719101123595506,0.33354324219612524,0.7719763188196895,0,0.152
wine,13,cells,pre_mass_on,pre,mass,on,5,50,43,1.0,10,10,0.0,2.0,3,13,18060,3.4903117232885683,0.9116468868249055,0.8333333333333334,3.745813172876014,0.9101123595505618,0.33703150715926505,0.755744976857704,0,0.13
wine,13,cells,post_fpmask_off,post,fpmask,off,5,50,50,1.0,10,10,0.0,2.0,3,13,21000,1.9956866429026912,0.9300292397660819,0.8333333333333334,4.096149248213918,0.9269662921348315,1.0284686810606254,0.8566012803104468,0,0.48
wine,13,cells,post_massmask_off,post,massmask,off,5,50,50,1.0,10,10,0.0,2.0,3,13,21000,1.9956866429026912,0.9300292397660819,0.8333333333333334,4.096149248213918,0.9269662921348315,1.0284686810606254,0.8566012803104468,0,0.159
wine,13,cells,pre_fpmask_off,pre,fpmask,off,5,50,50,1.0,10,10,0.0,2.0,3,13,21000,3.1908025811833816,0.9616322669418643,0.8888888888888888,4.068669482633767,0.9606741573033708,0.39962490135919815,0.7966261808015564,0,0.467
wine,13,cells,pre_massmask_off,pre,massmask,off,5,50,50,1.0,10,10,0.0,2.0,3,13,21000,3.1882930853820395,0.956076711386309,0.8333333333333334,4.059914483968018,0.9550561797752809,0.3993929654526281,0.8019533251272565,0,0.142
wine,14,cells,post_none_off,post,none,off,5,50,50,1.0,10,10,0.0,2.0,3,13,21000,2.569652449564571,0.929439284485724,0.8333333333333334,4.0734414561763215,0.9269662921348315,0.616897063130866,0.8404176482847908,0,0.156
wine,14,cells,post_none_on,post,none,on,5,50,37,1.0,10,10,0.0,2.0,3,13,15540,2.331643660615197,0.7660517715858274,0.6666666666666666,3.207240048349689,0.7528089887640449,0.7522169692297341,0.758629222795632,0,0.158
wine,14,cells,post_footprint_off,post,footprint,off,5,50,50,1.0,10,10,0.0,2.0,3,13,21000,3.662618278243327,0.9671878224974201,0.8888888888888888,4.1189740960253935,0.9662921348314607,0.3070476259896811,0.7696130241752622,0,0.525
wine,14,cells,post_footprint_on,post,footprint,on,5,50,13,1.0,10,10,0.0,2.0,3,13,5460,3.719595291741352,0.9281892844857241,0.8333333333333334,3.837132728652823,0.9269662921348315,0.29814837922555804,0.740551657161847,0,0.13
wine,14,cells,post_mass_off,post,mass,off,5,50,50,1.0,10,10,0.0,2.0,3,13,21000,3.5524979456189483,0.9730701754385965,0.8888888888888888,4.09711395858856,0.9719101123595506,0.3246462366599072,0.7767681062413614,0,0.158
wine,14,cells,post_mass_on,post,mass,on,5,50,15,1.0,10,10,0.0,2.0,3,13,6300,3.5524423949080304,0.8835715514275886,0.7894736842105263,3.7348534075400988,0.8820224719101124,0.3250857058606201,0.7498180516683941,0,0.048
wine,14,cells,pre_none_off,pre,none,off,5,50,50,1.0,10,10,0.0,2.0,3,13,21000,3.3056850923525243,0.967514619883041,0.8888888888888888,4.068034761387402,0.9662921348314607,0.3722731351883813,0.7925294614210103,0,0.155
wine,14,cells,pre_none_on,pre,none,on,5,50,34,1.0,10,10,0.0,2.0,3,13,14280,3.2101682612078735,0.7660517715858274,0.6666666666666666,3.207688022289947,0.7528089887640449,0.39591772274662496,0.7566561511481837,0,0.106
wine,14,cells,pre_footprint_off,pre,footprint,off,5,50,50,1.0,10,10,0.0,2.0,3,13,21000,3.753029250585537,0.9730701754385965,0.8888888888888888,4.129265566033269,0.9719101123595506,0.2931628372013457,0.7653960169123676,0,0.478
wine,14,cells,pre_footprint_on,pre,footprint,on,5,50,13,1.0,10,10,0.0,2.0,3,13,5460,3.78137322917269,0.9455847953216375,0.8333333333333334,3.8437226726500127,0.9438202247191011,0.2891039943041061,0.7382467384669493,0,0.125
wine,14,cells,pre_mass_off,pre,mass,off,5,50,50,1.0,10,10,0.0,2.0,3,13,21000,3.7247718091538196,0.9730701754385965,0.8888888888888888,4.121587378577136,0.9719101123595506,0.2970743585240357,0.7673604670417694,0,0.149
wine,14,cells,pre_mass_on,pre,mass,on,5,50,15,1.0,10,10,0.0,2.0,3,13,6300,3.7158600969473246,0.8835715514275886,0.7894736842105263,3.758752628290071,0.8820224719101124,0.29884814496691564,0.7456604657145751,0,0.047
wine,14,cells,post_fpmask_off,post,fpmask,off,5,50,50,1.0,10,10,0.0,2.0,3,13,21000,2.924941067572022,0.929439284485724,0.8333333333333334,4.07840574824262,0.9269662921348315,0.4767121157520563,0.8227531862702128,0,0.498
wine,14,cells,post_massmask_off,post,massmask,off,5,50,50,1.0,10,10,0.0,2.0,3,13,21000,2.569652449564571,0.929439284485724,0.8333333333333334,4.0734414561763215,0.9269662921348315,0.616897063130866,0.8404176482847908,0,0.152
wine,14,cells,pre_fpmask_off,pre,fpmask,off,5,50,50,1.0,10,10,0.0,2.0,3,13,21000,3.4594781548970026,0.9671878224974201,0.8888888888888888,4.080958424572967,0.9662921348314607,0.3409894836165541,0.7836237825014921,0,0.443
wine,14,cells,pre_massmask_off,pre,massmask,off,5,50,50,1.0,10,10,0.0,2.0,3,13,21000,3.3056850923525243,0.967514619883041,0.8888888888888888,4.068034761387402,0.9662921348314607,0.3722731351883813,0.7925294614210103,0,0.14
wine,15,cells,post_none_off,post,none,off,5,50,50,1.0,10,10,0.0,2.0,3,13,21000,2.0388981852858974,0.9081286549707602,0.7368421052631579,4.101626699272,0.9044943820224719,0.9866543905240094,0.8604389566588725,0,0.199
wine,15,cells,post_none_on,post,none,on,5,50,50,1.0,10,10,0.0,2.0,3,13,21000,1.777128650958754,0.7710810113519091,0.5789473684210527,3.22843052133398,0.5337078651685393,1.3681359881541115,0.7794174491777182,0,0.171
wine,15,cells,post_footprint_off,post,footprint,off,5,50,50,1.0,10,10,0.0,2.0,3,13,21000,3.442487388126043,0.9730701754385965,0.9444444444444444,4.101788249754856,0.9719101123595506,0.3461214551860847,0.7770792038151103,0,0.506
wine,15,cells,post_footprint_on,post,footprint,on,5,50,27,1.0,10,10,0.0,2.0,3,13,11340,3.4245739934051125,0.9240716374269006,0.7777777777777778,3.8165352200595697,0.9213483146067416,0.34975076960745255,0.7468461237936487,0,0.271
wine,15,cells,post_mass_off,post,mass,off,5,50,50,1.0,10,10,0.0,2.0,3,13,21000,3.2820062658982816,0.9680701754385966,0.9,4.085366994175562,0.9662921348314607,0.37927329455833714,0.7845532580890855,0,0.156
wine,15,cells,post_mass_on,post,mass,on,5,50,20,1.0,10,10,0.0,2.0,3,13,8400,3.0039199045377627,0.8742543859649121,0.6842105263157895,3.723643482395977,0.8707865168539326,0.45365309582928204,0.7657947221842897,0,0.067
wine,15,cells,pre_none_off,pre,none,off,5,50,50,1.0,10,10,0.0,2.0,3,13,21000,3.1072281110144537,0.9630701754385965,0.85,4.063707264802337,0.9606741573033708,0.42089730091482774,0.8004589267067005,0,0.142
wine,15,cells,pre_none_on,pre,none,on,5,50,50,1.0,10,10,0.0,2.0,3,13,21000,1.4108452500934565,0.7605254557963536,0.5789473684210527,3.2303272714565514,0.5393258426966292,2.1769715891256594,0.7784479964035059,0,0.151
wine,15,cells,pre_footprint_off,pre,footprint,off,5,50,50,1.0,10,10,0.0,2.0,3,13,21000,3.4856591711983786,0.9730701754385965,0.9444444444444444,4.117046915867424,0.9719101123595506,0.33885662207889533,0.7712098532051956,0,0.489
wine,15,cells,pre_footprint_on,pre,footprint,on,5,50,24,1.0,10,10,0.0,2.0,3,13,10080,3.4774433193672487,0.9290716374269007,0.7777777777777778,3.8283956333786375,0.9269662921348315,0.34045386143962497,0.7439882960997168,0,0.241
wine,15,cells,pre_mass_off,pre,mass,off,5,50,50,1.0,10,10,0.0,2.0,3,13,21000,3.4116908796138152,0.9730701754385965,0.9444444444444444,4.111816067145607,0.9719101123595506,0.35325989070502023,0.7734508214474681,0,0.148
wine,15,cells,pre_mass_on,pre,mass,on,5,50,33,1.0,10,10,0.0,2.0,3,13,13860,3.2261573079022345,0.8850730994152046,0.7222222222222222,3.7626847389085074,0.8820224719101124,0.3959167805333787,0.7593601742546516,0,0.099
wine,15,cells,post_fpmask_off,post,fpmask,off,5,50,50,1.0,10,10,0.0,2.0,3,13,21000,2.0388981852858974,0.9081286549707602,0.7368421052631579,4.101626699272,0.9044943820224719,0.9866543905240094,0.8604389566588725,0,0.441
wine,15,cells,post_massmask_off,post,massmask,off,5,50,50,1.0,10,10,0.0,2.0,3,13,21000,2.0388981852858974,0.9081286549707602,0.7368421052631579,4.101626699272,0.9044943820224719,0.9866543905240094,0.8604389566588725,0,0.14
wine,15,cells,pre_fpmask_off,pre,fpmask,off,5,50,50,1.0,10,10,0.0,2.0,3,13,21000,3.214001222632302,0.9680701754385966,0.9,4.069021619549757,0.9662921348314607,0.39391083074363364,0.7953995449610387,0,0.429
wine,15,cells,pre_massmask_off,pre,massmask,off,5,50,50,1.0,10,10,0.0,2.0,3,13,21000,3.1072281110144537,0.9630701754385965,0.85,4.063707264802337,0.9606741573033708,0.42089730091482774,0.8004589267067005,0,0.133
wine,16,cells,post_none_off,post,none,off,5,50,50,1.0,10,10,0.0,2.0,3,13,21000,2.365154154744908,0.9508479532163742,0.8333333333333334,4.087117199728401,0.949438202247191,0.7306311548774479,0.8492367967820348,0,0.163
wine,16,cells,post_none_on,post,none,on,5,50,36,1.0,10,10,0.0,2.0,3,13,15120,2.172673080920232,0.7429618163054695,0.631578947368421,3.1567606981641103,0.7134831460674157,0.8697778731225183,0.7342843071217385,0,0.115
wine,16,cells,post_footprint_off,post,footprint,off,5,50,50,1.0,10,10,0.0,2.0,3,13,21000,3.590550782795004,0.9783333333333333,0.9444444444444444,4.123924166577252,0.9775280898876404,0.31988105782535453,0.7666529712973833,0,0.506
wine,16,cells,post_footprint_on,post,footprint,on,5,50,20,1.0,10,10,0.0,2.0,3,13,8400,3.4486288111886134,0.9347316821465428,0.7894736842105263,3.8488563604391564,0.9325842696629213,0.3467910397298826,0.7398038470036082,0,0.19
wine,16,cells,post_mass_off,post,mass,off,5,50,50,1.0,10,10,0.0,2.0,3,13,21000,3.507810748503616,0.9727777777777777,0.8888888888888888,4.099606751423964,0.9719101123595506,0.33317307002965635,0.7755157009832562,0,0.158
wine,16,cells,post_mass_on,post,mass,on,5,50,28,1.0,10,10,0.0,2.0,3,13,11760,3.363276691550774,0.8961007911936706,0.6842105263157895,3.736918756634193,0.8932584269662921,0.36218645355056156,0.7492505656223885,0,0.087
wine,16,cells,pre_none_off,pre,none,off,5,50,50,1.0,10,10,0.0,2.0,3,13,21000,3.301416763760169,0.9672222222222222,0.8333333333333334,4.074815671031001,0.9662921348314607,0.37385850358415645,0.7922131287275965,0,0.145
wine,16,cells,pre_none_on,pre,none,on,5,50,38,1.0,10,10,0.0,2.0,3,13,15960,3.1672439967985198,0.7485173718610251,0.631578947368421,3.1573070920540744,0.7078651685393258,0.40717367723444364,0.7324480429170958,0,0.12
wine,16,cells,pre_footprint_off,pre,footprint,off,5,50,50,1.0,10,10,0.0,2.0,3,13,21000,3.701403806160821,0.9783333333333333,0.9444444444444444,4.140511794075415,0.9775280898876404,0.30221853194650444,0.7623197529234996,0,0.493
wine,16,cells,pre_footprint_on,pre,footprint,on,5,50,21,1.0,10,10,0.0,2.0,3,13,8820,3.5027185104938208,0.9347316821465428,0.7894736842105263,3.8644849762865086,0.9325842696629213,0.3376651930425359,0.7379336652282368,0,0.191
wine,16,cells,pre_mass_off,pre,mass,off,5,50,50,1.0,10,10,0.0,2.0,3,13,21000,3.7016184744926592,0.9783333333333333,0.9444444444444444,4.131017121383469,0.9775280898876404,0.3014905380951855,0.7651309897036137,0,0.139
wine,16,cells,pre_mass_on,pre,mass,on,5,50,28,1.0,10,10,0.0,2.0,3,13,11760,3.5092214651028533,0.9072463020295837,0.7368421052631579,3.772858060758716,0.9044943820224719,0.3353081539044263,0.7445786927666513,0,0.083
wine,16,cells,post_fpmask_off,post,fpmask,off,5,50,50,1.0,10,10,0.0,2.0,3,13,21000,2.6643604021621385,0.9452923976608186,0.7777777777777778,4.081645164861001,0.9438202247191011,0.5749754553603219,0.8433089203112988,0,0.442
wine,16,cells,post_massmask_off,post,massmask,off,5,50,50,1.0,10,10,0.0,2.0,3,13,21000,2.365154154744908,0.9508479532163742,0.8333333333333334,4.087117199728401,0.949438202247191,0.7306311548774479,0.8492367967820348,0,0.144
wine,16,cells,pre_fpmask_off,pre,fpmask,off,5,50,50,1.0,10,10,0.0,2.0,3,13,21000,3.3973385990848013,0.9727777777777777,0.8888888888888888,4.090424839833389,0.9719101123595506,0.3543975821065352,0.7836282107503318,0,0.4
wine,16,cells,pre_massmask_off,pre,massmask,off,5,50,50,1.0,10,10,0.0,2.0,3,13,21000,3.301416763760169,0.9672222222222222,0.8333333333333334,4.074815671031001,0.9662921348314607,0.37385850358415645,0.7922131287275965,0,0.127
wine,17,cells,post_none_off,post,none,off,5,50,50,1.0,10,10,0.0,2.0,3,13,21000,1.4846114366315788,0.928888888888889,0.8333333333333334,4.1246483613639775,0.9269662921348315,1.8713771656894282,0.8765460453221348,0,0.156
wine,17,cells,post_none_on,post,none,on,5,50,50,1.0,10,10,0.0,2.0,3,13,21000,1.4667263557706836,0.7277936876504988,0.6111111111111112,3.243750017707428,0.7134831460674157,1.92205829017504,0.7908208512836999,0,0.157
wine,17,cells,post_footprint_off,post,footprint,off,5,50,50,1.0,10,10,0.0,2.0,3,13,21000,3.3133845187724136,0.9552287581699346,0.8333333333333334,4.099503919690752,0.9550561797752809,0.3734114481196894,0.7823566531189096,0,0.502
wine,17,cells,post_footprint_on,post,footprint,on,5,50,24,1.0,10,10,0.0,2.0,3,13,10080,3.249585599086709,0.9217565359477125,0.7777777777777778,3.868444453757817,0.9213483146067416,0.38838974052656455,0.7661784398755355,0,0.232
wine,17,cells,post_mass_off,post,mass,off,5,50,50,1.0,10,10,0.0,2.0,3,13,21000,3.2262071136352652,0.9552287581699346,0.8333333333333334,4.081832832203544,0.9550561797752809,0.39216671081420496,0.7912291489351376,0,0.15
wine,17,cells,post_mass_on,post,mass,on,5,50,50,1.0,10,10,0.0,2.0,3,13,21000,3.1660234983019784,0.9000898692810457,0.7222222222222222,3.7606823616437213,0.898876404494382,0.4074580279630679,0.7754642194594037,0,0.156
wine,17,cells,pre_none_off,pre,none,off,5,50,50,1.0,10,10,0.0,2.0,3,13,21000,3.064141274357383,0.9663398692810456,0.8888888888888888,4.06184277935694,0.9662921348314607,0.43261895061977135,0.8053339776016732,0,0.149
wine,17,cells,pre_none_on,pre,none,on,5,50,50,1.0,10,10,0.0,2.0,3,13,21000,2.9578719705374272,0.7277936876504988,0.6111111111111112,3.2443029283533136,0.7191011235955056,0.4650239887519166,0.7882630661440748,0,0.159
wine,17,cells,pre_footprint_off,pre,footprint,off,5,50,50,1.0,10,10,0.0,2.0,3,13,21000,3.344225336589267,0.9552287581699346,0.8333333333333334,4.115776863088026,0.9550561797752809,0.3680109623850236,0.7762666550911589,0,0.461
wine,17,cells,pre_footprint_on,pre,footprint,on,5,50,23,1.0,10,10,0.0,2.0,3,13,9660,3.2793827579161836,0.9273120915032681,0.7777777777777778,3.888379914316669,0.9269662921348315,0.38306541795682153,0.7624936430175484,0,0.206
wine,17,cells,pre_mass_off,pre,mass,off,5,50,50,1.0,10,10,0.0,2.0,3,13,21000,3.3484018206788946,0.9552287581699346,0.8333333333333334,4.107209608581808,0.9550561797752809,0.3663293611028057,0.7775214165283266,0,0.14
wine,17,cells,pre_mass_on,pre,mass,on,5,50,39,1.0,10,10,0.0,2.0,3,13,16380,3.2820281696989917,0.9000898692810457,0.7222222222222222,3.799882177362056,0.898876404494382,0.3815292039508858,0.7686997052636279,0,0.112
wine,17,cells,post_fpmask_off,post,fpmask,off,5,50,50,1.0,10,10,0.0,2.0,3,13,21000,1.8152755438668522,0.9283333333333335,0.7777777777777778,4.106743491497739,0.9269662921348315,1.2462709276045463,0.8675691193999295,0,0.43
wine,17,cells,post_massmask_off,post,massmask,off,5,50,50,1.0,10,10,0.0,2.0,3,13,21000,1.4846114366315788,0.928888888888889,0.8333333333333334,4.1246483613639775,0.9269662921348315,1.8713771656894282,0.8765460453221348,0,0.133
wine,17,cells,pre_fpmask_off,pre,fpmask,off,5,50,50,1.0,10,10,0.0,2.0,3,13,21000,3.318224407877206,0.949673202614379,0.8333333333333334,4.082513670642697,0.949438202247191,0.37077986381761574,0.7927654145322455,0,0.399
wine,17,cells,pre_massmask_off,pre,massmask,off,5,50,50,1.0,10,10,0.0,2.0,3,13,21000,3.064141274357383,0.9663398692810456,0.8888888888888888,4.06184277935694,0.9662921348314607,0.43261895061977135,0.8053339776016732,0,0.126
wine,18,cells,post_none_off,post,none,off,5,50,50,1.0,10,10,0.0,2.0,3,13,21000,2.050260461612618,0.9397368421052631,0.8333333333333334,4.096884943365953,0.9382022471910112,0.9746208416065284,0.8613137159341319,0,0.155
wine,18,cells,post_none_on,post,none,on,5,50,37,1.0,10,10,0.0,2.0,3,13,15540,1.6268746388160706,0.768844169246646,0.631578947368421,3.1379732440022163,0.6123595505617978,1.5856459996252104,0.787708701285913,0,0.118
wine,18,cells,post_footprint_off,post,footprint,off,5,50,50,1.0,10,10,0.0,2.0,3,13,21000,3.617540558422269,0.9736257309941522,0.9,4.112833762685959,0.9719101123595506,0.3142782586414392,0.7708931389024771,0,0.472
wine,18,cells,post_footprint_on,post,footprint,on,5,50,35,1.0,10,10,0.0,2.0,3,13,14700,2.6415763081169783,0.92062564499484,0.8125,3.76370605630276,0.8314606741573034,0.5909721614980945,0.7685496240866543,0,0.358
wine,18,cells,post_mass_off,post,mass,off,5,50,50,1.0,10,10,0.0,2.0,3,13,21000,3.526936111036999,0.9736257309941522,0.9,4.090772348984957,0.9719101123595506,0.32885929874883174,0.7795175091422687,0,0.156
wine,18,cells,post_mass_on,post,mass,on,5,50,50,1.0,10,10,0.0,2.0,3,13,21000,2.4749634423705107,0.8702382180942552,0.75,3.6424010225878742,0.7808988764044944,0.673166177324919,0.7730033295506853,0,0.154
wine,18,cells,pre_none_off,pre,none,off,5,50,50,1.0,10,10,0.0,2.0,3,13,21000,3.254502036782062,0.9678070175438597,0.8947368421052632,4.066319901818011,0.9662921348314607,0.3839126714561264,0.7977755835924859,0,0.143
wine,18,cells,pre_none_on,pre,none,on,5,50,28,1.0,10,10,0.0,2.0,3,13,11760,2.135150383408093,0.7632886136910905,0.631578947368421,3.1385039481477843,0.6123595505617978,0.9138280507062924,0.7857995135822874,0,0.079
wine,18,cells,pre_footprint_off,pre,footprint,off,5,50,50,1.0,10,10,0.0,2.0,3,13,21000,3.7069402233016975,0.9736257309941522,0.9,4.1206409995816795,0.9719101123595506,0.29987041019082245,0.7676297881564081,0,0.441
wine,18,cells,pre_footprint_on,pre,footprint,on,5,50,50,1.0,10,10,0.0,2.0,3,13,21000,2.6044183805947947,0.92687564499484,0.8333333333333334,3.7707822125431205,0.8370786516853933,0.6098797656999949,0.7674626271221029,0,0.444
wine,18,cells,pre_mass_off,pre,mass,off,5,50,50,1.0,10,10,0.0,2.0,3,13,21000,3.638500283014988,0.9736257309941522,0.9,4.110527764556632,0.9719101123595506,0.31049367659646476,0.7698736507391648,0,0.13
wine,18,cells,pre_mass_on,pre,mass,on,5,50,50,1.0,10,10,0.0,2.0,3,13,21000,2.5663375001195905,0.8920145338837289,0.8125,3.66333165437378,0.8033707865168539,0.6276544416906805,0.7672417402624825,0,0.128
wine,18,cells,post_fpmask_off,post,fpmask,off,5,50,50,1.0,10,10,0.0,2.0,3,13,21000,2.586062383300736,0.934563553491572,0.85,4.108552968963874,0.9325842696629213,0.6143429746054567,0.8310677686993525,0,0.392
wine,18,cells,post_massmask_off,post,massmask,off,5,50,50,1.0,10,10,0.0,2.0,3,13,21000,2.050260461612618,0.9397368421052631,0.8333333333333334,4.096884943365953,0.9382022471910112,0.9746208416065284,0.8613137159341319,0,0.127
wine,18,cells,pre_fpmask_off,pre,fpmask,off,5,50,50,1.0,10,10,0.0,2.0,3,13,21000,3.4469072220388934,0.9619246646026831,0.8947368421052632,4.0881552692117555,0.9606741573033708,0.344086944011226,0.7824885020012038,0,0.346
wine,18,cells,pre_massmask_off,pre,massmask,off,5,50,50,1.0,10,10,0.0,2.0,3,13,21000,3.254502036782062,0.9678070175438597,0.8947368421052632,4.066319901818011,0.9662921348314607,0.3839126714561264,0.7977755835924859,0,0.101
wine,19,cells,post_none_off,post,none,off,5,50,50,1.0,10,10,0.0,2.0,3,13,21000,2.061894224937693,0.8965862573099417,0.7894736842105263,4.106539760922099,0.8932584269662921,0.9659246910904592,0.8567773870437946,0,0.162
wine,19,cells,post_none_on,post,none,on,5,50,30,1.0,10,10,0.0,2.0,3,13,12600,1.723926350719663,0.7691825765393877,0.7222222222222222,3.1988780078867554,0.6685393258426966,1.398821589612663,0.7713456979844951,0,0.092
wine,19,cells,post_footprint_off,post,footprint,off,5,50,50,1.0,10,10,0.0,2.0,3,13,21000,3.5875868525687324,0.9615570175438597,0.8888888888888888,4.113785670614014,0.9606741573033708,0.31962210949802067,0.7722310200160196,0,0.484
wine,19,cells,post_footprint_on,post,footprint,on,5,50,50,1.0,10,10,0.0,2.0,3,13,21000,3.5958212880247133,0.9461403508771931,0.8888888888888888,3.824037969398351,0.9438202247191011,0.3182770615875381,0.7469213338465271,0,0.467
wine,19,cells,post_mass_off,post,mass,off,5,50,50,1.0,10,10,0.0,2.0,3,13,21000,3.379414749522552,0.9565570175438598,0.8888888888888888,4.0937934725346725,0.9550561797752809,0.3584618474435741,0.780603435435484,0,0.141
wine,19,cells,post_mass_on,post,mass,on,5,50,25,1.0,10,10,0.0,2.0,3,13,10500,2.979336708854363,0.8775094599243207,0.7777777777777778,3.7043296601917675,0.8764044943820225,0.4629382293825298,0.7741189677455972,0,0.072
wine,19,cells,pre_none_off,pre,none,off,5,50,50,1.0,10,10,0.0,2.0,3,13,21000,3.139778271028656,0.9512938596491228,0.8421052631578947,4.07353552490586,0.949438202247191,0.4132125933858745,0.7990986174134128,0,0.139
wine,19,cells,pre_none_on,pre,none,on,5,50,33,1.0,10,10,0.0,2.0,3,13,13860,2.384563640450633,0.7691825765393877,0.7222222222222222,3.1993298167861046,0.6685393258426966,0.7267165917120154,0.7696168753697747,0,0.092
wine,19,cells,pre_footprint_off,pre,footprint,off,5,50,50,1.0,10,10,0.0,2.0,3,13,21000,3.680472335188113,0.9615570175438597,0.8888888888888888,4.128159735360025,0.9606741573033708,0.30475397452583974,0.7681740818842562,0,0.43
wine,19,cells,pre_footprint_on,pre,footprint,on,5,50,32,1.0,10,10,0.0,2.0,3,13,13440,3.7509132413136035,0.9461403508771931,0.8888888888888888,3.850718010158145,0.9438202247191011,0.2942104078663967,0.7434293733225156,0,0.26
wine,19,cells,pre_mass_off,pre,mass,off,5,50,50,1.0,10,10,0.0,2.0,3,13,21000,3.6077989560490766,0.9615570175438597,0.8888888888888888,4.121874190147447,0.9606741573033708,0.3166722988356082,0.7700418920253129,0,0.127
wine,19,cells,pre_mass_on,pre,mass,on,5,50,36,1.0,10,10,0.0,2.0,3,13,15120,3.180054908908723,0.8775094599243207,0.7777777777777778,3.746525599290107,0.8764044943820225,0.4087135963315187,0.7703118165428303,0,0.095
wine,19,cells,post_fpmask_off,post,fpmask,off,5,50,50,1.0,10,10,0.0,2.0,3,13,21000,2.061894224937693,0.8965862573099417,0.7894736842105263,4.106539760922099,0.8932584269662921,0.9659246910904592,0.8567773870437946,0,0.381
wine,19,cells,post_massmask_off,post,massmask,off,5,50,50,1.0,10,10,0.0,2.0,3,13,21000,2.061894224937693,0.8965862573099417,0.7894736842105263,4.106539760922099,0.8932584269662921,0.9659246910904592,0.8567773870437946,0,0.11
wine,19,cells,pre_fpmask_off,pre,fpmask,off,5,50,50,1.0,10,10,0.0,2.0,3,13,21000,3.373774751310172,0.9512938596491228,0.8421052631578947,4.086919969197765,0.949438202247191,0.3590574695729151,0.7916460110855029,0,0.312
wine,19,cells,pre_massmask_off,pre,massmask,off,5,50,50,1.0,10,10,0.0,2.0,3,13,21000,3.139778271028656,0.9512938596491228,0.8421052631578947,4.07353552490586,0.949438202247191,0.4132125933858745,0.7990986174134128,0,0.096
satimage,10,cells,post_none_off,post,none,off,5,50,50,1.0,10,10,0.0,2.0,6,36,111000,2.61525005314548,0.7300350713345327,0.6077170418006431,4.134400848923481,0.710886469673406,0.6044858538371866,0.6912228626120659,0,7.967
satimage,10,cells,post_none_on,post,none,on,5,50,22,1.0,10,10,0.0,2.0,6,36,48840,1.9748982987183463,0.4969013277020964,0.40621531631520535,2.7302909689277093,0.43670295489891137,1.2426266015680432,0.6692448811446038,0,3.246
satimage,10,cells,post_footprint_off,post,footprint,off,5,50,50,1.0,10,10,0.0,2.0,6,36,111000,2.327085038966294,0.6635944253381834,0.4606741573033708,3.855702602162709,0.6031104199066875,0.7119984044933324,0.6241892801287326,0,9.532
satimage,10,cells,post_footprint_on,post,footprint,on,5,50,50,1.0,10,10,0.0,2.0,6,36,111000,2.233243670320902,0.6701464360296588,0.49759229534510435,3.8049265139633657,0.6038880248833592,0.7744043603707579,0.6297539051606045,0,9.549
satimage,10,cells,post_mass_off,post,mass,off,5,50,50,1.0,10,10,0.0,2.0,6,36,111000,2.9683148107063415,0.6908386934321024,0.47266881028938906,3.845785879916761,0.6611197511664074,0.4364808380337311,0.6107055533923569,0,7.102
satimage,10,cells,post_mass_on,post,mass,on,5,50,50,1.0,10,10,0.0,2.0,6,36,111000,2.1986892239724485,0.6682290315506199,0.4887459807073955,3.77768205161202,0.6093312597200622,0.7978136150056275,0.6321925969516947,0,6.994
satimage,10,cells,pre_none_off,pre,none,off,5,50,50,1.0,10,10,0.0,2.0,6,36,111000,3.5042874471019982,0.6690528867845058,0.4662379421221865,4.152646960290436,0.6127527216174183,0.3381625930213019,0.5968301572897672,0,7.666
satimage,10,cells,pre_none_on,pre,none,on,5,50,26,1.0,10,10,0.0,2.0,6,36,57720,1.5933830674309637,0.49243191117121904,0.420545746388443,2.730977838897235,0.4460342146189736,1.5435056372488845,0.6616504134793619,0,3.427
satimage,10,cells,pre_footprint_off,pre,footprint,off,5,50,50,1.0,10,10,0.0,2.0,6,36,111000,2.8108663550445057,0.6615833732429112,0.4478330658105939,4.307858262604097,0.592846034214619,0.5452315911532913,0.5916278736856839,0,9.047
satimage,10,cells,pre_footprint_on,pre,footprint,on,5,50,50,1.0,10,10,0.0,2.0,6,36,111000,3.6638472459841505,0.6581168501880706,0.45425361155698235,4.114148851295084,0.5939346811819596,0.31797125932387943,0.5915433066553382,0,9.89
satimage,10,cells,pre_mass_off,pre,mass,off,5,50,50,1.0,10,10,0.0,2.0,6,36,111000,2.7980633984505197,0.6623095918048054,0.45264847512038525,4.3103892648992534,0.5922239502332814,0.5505558623932548,0.5913294280566056,0,7.804
satimage,10,cells,pre_mass_on,pre,mass,on,5,50,30,1.0,10,10,0.0,2.0,6,36,66600,3.225478479190639,0.6655296239229641,0.45746388443017655,4.088380562575583,0.5872472783825816,0.4114570355755085,0.58976008047036,0,4.697
satimage,10,cells,post_fpmask_off,post,fpmask,off,5,50,50,1.0,10,10,0.0,2.0,6,36,111000,2.982427484458925,0.6631635376084379,0.5232744783306581,4.295375772908923,0.6054432348367029,0.48290463898120145,0.6502223389977455,0,9.974
satimage,10,cells,post_massmask_off,post,massmask,off,5,50,50,1.0,10,10,0.0,2.0,6,36,111000,2.8364065061973083,0.7166096503086691,0.6366559485530546,3.9351436298055686,0.7040435458786937,0.48912925917531375,0.674229952387371,0,6.856
satimage,10,cells,pre_fpmask_off,pre,fpmask,off,5,50,50,1.0,10,10,0.0,2.0,6,36,111000,3.5469961081164483,0.664334890478635,0.4630225080385852,4.218663199993815,0.6026438569206843,0.33531534669819824,0.5862793976310972,0,9.11
satimage,10,cells,pre_massmask_off,pre,massmask,off,5,50,50,1.0,10,10,0.0,2.0,6,36,111000,3.523850272664494,0.6641599865455967,0.4678456591639871,4.196333818713315,0.6018662519440124,0.3379365257503327,0.5884587383760633,0,7.319
satimage,11,cells,post_none_off,post,none,off,5,50,50,1.0,10,10,0.0,2.0,6,36,111000,2.570179319643561,0.6502719298396132,0.434991974317817,4.175534740429999,0.6147744945567651,0.6320992160942674,0.7221341496178701,0,7.352
satimage,11,cells,post_none_on,post,none,on,5,50,21,1.0,10,10,0.0,2.0,6,36,46620,1.674314036593166,0.49111094504508596,0.35691318327974275,2.7305284256010633,0.4609642301710731,1.5521068438512893,0.6628887291981305,0,3.086
satimage,11,cells,post_footprint_off,post,footprint,off,5,50,50,1.0,10,10,0.0,2.0,6,36,111000,2.1534291478143377,0.6515869719242153,0.4510433386837881,3.869152253174509,0.6001555209953344,0.8343622478108921,0.6267131932364944,0,9.081
satimage,11,cells,post_footprint_on,post,footprint,on,5,50,25,1.0,10,10,0.0,2.0,6,36,55500,0.7493398097515586,0.6497567453560298,0.5008025682182986,3.844517844102383,0.6306376360808709,7.002289818156358,0.639720228758478,0,4.834
satimage,11,cells,post_mass_off,post,mass,off,5,50,50,1.0,10,10,0.0,2.0,6,36,111000,2.160380069959567,0.6477420034227149,0.4510433386837881,3.862280619889281,0.6017107309486781,0.8275295305581842,0.6275980382307754,0,7.982
satimage,11,cells,post_mass_on,post,mass,on,5,50,24,1.0,10,10,0.0,2.0,6,36,53280,0.8286863634664999,0.6497151540730587,0.5040128410914928,3.817070620267146,0.6303265940902022,5.7181297004233125,0.6394386358269095,0,3.168
satimage,11,cells,pre_none_off,pre,none,off,5,50,50,1.0,10,10,0.0,2.0,6,36,111000,2.4332555324833782,0.6362849872704424,0.4565916398713826,3.843901792339238,0.6046656298600311,0.6492274057634037,0.6334286835041486,0,8.728
satimage,11,cells,pre_none_on,pre,none,on,5,50,29,1.0,10,10,0.0,2.0,6,36,64380,1.7597671136086805,0.4845671020703775,0.364951768488746,2.7289922924716628,0.45629860031104197,1.2629506882262018,0.6531355933371956,0,4.743
satimage,11,cells,pre_footprint_off,pre,footprint,off,5,50,50,1.0,10,10,0.0,2.0,6,36,111000,2.0608091542898412,0.6495416705674815,0.4590690208667737,3.9388363439458236,0.6024883359253499,0.9274540175129621,0.6246986277653249,0,10.149
satimage,11,cells,pre_footprint_on,pre,footprint,on,5,50,26,1.0,10,10,0.0,2.0,6,36,57720,0.9372038828096995,0.6457370089941006,0.5056179775280899,3.8901108459241978,0.6241057542768274,4.530494171352186,0.6369123478193172,0,5.118
satimage,11,cells,pre_mass_off,pre,mass,off,5,50,50,1.0,10,10,0.0,2.0,6,36,111000,2.052485627071742,0.6477370551634327,0.4606741573033708,3.937809679903955,0.6052877138413686,0.9347478460562411,0.6251520707031643,0,7.2
satimage,11,cells,pre_mass_on,pre,mass,on,5,50,28,1.0,10,10,0.0,2.0,6,36,62160,0.7149732728786292,0.6403593728360831,0.5056179775280899,3.8683759039587815,0.5947122861586314,7.797983802685279,0.6369046887367086,0,3.933
satimage,11,cells,post_fpmask_off,post,fpmask,off,5,50,50,1.0,10,10,0.0,2.0,6,36,111000,2.818617786902284,0.6294366539111719,0.42375601926163725,3.8161510041576365,0.5973561430793157,0.4803448898951886,0.637894826404214,0,8.33
satimage,11,cells,post_massmask_off,post,massmask,off,5,50,50,1.0,10,10,0.0,2.0,6,36,111000,2.572075395013501,0.6294197189820236,0.42696629213483145,3.9426284811728047,0.592846034214619,0.5959618575592304,0.6926514272552079,0,7.514
satimage,11,cells,pre_fpmask_off,pre,fpmask,off,5,50,50,1.0,10,10,0.0,2.0,6,36,111000,2.543425367020615,0.6306447855031261,0.45746388443017655,3.8734816858021546,0.6024883359253499,0.5987747940445887,0.628384260963302,0,8.842
satimage,11,cells,pre_massmask_off,pre,massmask,off,5,50,50,1.0,10,10,0.0,2.0,6,36,111000,2.4725990251891337,0.6350126372716611,0.45585874799357945,3.8553753048141295,0.6027993779160187,0.6306077064781946,0.6303728758862917,0,7.907
satimage,12,cells,post_none_off,post,none,off,5,50,50,1.0,10,10,0.0,2.0,6,36,111000,2.611496650829473,0.7302389419878778,0.5960044395116537,4.226371185770407,0.7139968895800933,0.619710265623264,0.6980860668449776,0,7.215
satimage,12,cells,post_none_on,post,none,on,5,50,45,1.0,10,10,0.0,2.0,6,36,99900,2.183098288062246,0.505072433717574,0.3987138263665595,2.7433433959879556,0.4191290824261275,0.943461940379429,0.6724417014769936,0,6.684
satimage,12,cells,post_footprint_off,post,footprint,off,5,50,50,1.0,10,10,0.0,2.0,6,36,111000,2.9588082748417186,0.6888553353563314,0.507223113964687,3.8486416741686464,0.663452566096423,0.43961634276926476,0.6103409067699689,0,8.998
satimage,12,cells,post_footprint_on,post,footprint,on,5,50,23,1.0,10,10,0.0,2.0,6,36,51060,2.802766308916451,0.677602542639369,0.4622792937399679,3.8055819290556854,0.6474339035769829,0.49158732409648026,0.6152670367379217,0,4.089
satimage,12,cells,post_mass_off,post,mass,off,5,50,50,1.0,10,10,0.0,2.0,6,36,111000,3.073271246627023,0.6908252054024925,0.5104333868378812,3.840279552800046,0.6682737169517885,0.40659408322014373,0.6104661153193955,0,7.973
satimage,12,cells,post_mass_on,post,mass,on,5,50,33,1.0,10,10,0.0,2.0,6,36,73260,2.8467706769555976,0.6758270948100972,0.449438202247191,3.7810644834034566,0.6496111975116641,0.47618623366785245,0.6165855252636641,0,4.682
satimage,12,cells,pre_none_off,pre,none,off,5,50,50,1.0,10,10,0.0,2.0,6,36,111000,3.586417976174884,0.7054000802695786,0.5457463884430177,3.8094365874175695,0.6870917573872473,0.2961685528436363,0.609612290052378,0,7.233
satimage,12,cells,pre_none_on,pre,none,on,5,50,26,1.0,10,10,0.0,2.0,6,36,57720,2.29347478716586,0.4949221104074275,0.38290788013318533,2.7403837245173923,0.4146189735614308,0.7617034750740967,0.6629127732980088,0,3.607
satimage,12,cells,pre_footprint_off,pre,footprint,off,5,50,50,1.0,10,10,0.0,2.0,6,36,111000,2.653518807386719,0.6779597004200819,0.4622792937399679,3.9203081818325125,0.6471228615863142,0.5567700541165251,0.6098760575932918,0,9.364
satimage,12,cells,pre_footprint_on,pre,footprint,on,5,50,31,1.0,10,10,0.0,2.0,6,36,68820,2.0709269769507155,0.6549290728146571,0.4872364039955605,3.863741190734616,0.6079315707620528,0.9157624489726985,0.6326493598149354,0,5.889
satimage,12,cells,pre_mass_off,pre,mass,off,5,50,50,1.0,10,10,0.0,2.0,6,36,111000,2.672466388600349,0.6776099857078344,0.4654895666131621,3.922640106082382,0.6506998444790046,0.5492296326073807,0.6105331293382925,0,7.707
satimage,12,cells,pre_mass_on,pre,mass,on,5,50,45,1.0,10,10,0.0,2.0,6,36,99900,2.095693363568893,0.67780511975675,0.4794672586015538,3.8742119892685305,0.6567651632970452,0.9033974505180166,0.6484503799535342,0,7.056
satimage,12,cells,post_fpmask_off,post,fpmask,off,5,50,50,1.0,10,10,0.0,2.0,6,36,111000,2.809551463606935,0.697564650997678,0.560488346281909,3.9295903673811683,0.6810264385692069,0.4978210967398786,0.6607813045540847,0,9.049
satimage,12,cells,post_massmask_off,post,massmask,off,5,50,50,1.0,10,10,0.0,2.0,6,36,111000,2.8107763207910335,0.6962353189956927,0.55826859045505,3.9283752778781356,0.6791601866251944,0.49723351866494214,0.6588500822392225,0,7.546
satimage,12,cells,pre_fpmask_off,pre,fpmask,off,5,50,50,1.0,10,10,0.0,2.0,6,36,111000,3.702419107997441,0.7020589702337867,0.5438401775804661,3.8400176092809417,0.6835147744945568,0.2801315721571355,0.6067289936777756,0,9.153
satimage,12,cells,pre_massmask_off,pre,massmask,off,5,50,50,1.0,10,10,0.0,2.0,6,36,111000,3.674828602517544,0.7024383438214702,0.5393258426966292,3.825288600568288,0.6835147744945568,0.2832631173342915,0.6083131991030324,0,7.479
satimage,13,cells,post_none_off,post,none,off,5,50,50,1.0,10,10,0.0,2.0,6,36,111000,2.4471418887489382,0.6478045640290878,0.4453376205787781,4.199838714061493,0.6228615863141524,0.7013169095740209,0.7237457355559397,0,7.191
satimage,13,cells,post_none_on,post,none,on,5,50,29,1.0,10,10,0.0,2.0,6,36,64380,2.2457263706430646,0.5092633501499877,0.41318327974276525,2.7576361148488173,0.391601866251944,1.013536174629575,0.6713873014252756,0,4.863
satimage,13,cells,post_footprint_off,post,footprint,off,5,50,50,1.0,10,10,0.0,2.0,6,36,111000,2.130802067428607,0.649294923206236,0.46869983948635635,3.874419433226867,0.6013996889580093,0.8533366830441962,0.6297221626915946,0,8.435
satimage,13,cells,post_footprint_on,post,footprint,on,5,50,27,1.0,10,10,0.0,2.0,6,36,59940,2.0604131842195503,0.6528307880956759,0.5038845726970034,3.815899753119596,0.6119751166407466,0.9134798423893418,0.6352481022401425,0,4.503
satimage,13,cells,post_mass_off,post,mass,off,5,50,50,1.0,10,10,0.0,2.0,6,36,111000,2.1340484660019987,0.6453785059612291,0.4662379421221865,3.867720414602817,0.6026438569206843,0.8492714330907112,0.6310356064280337,0,7.211
satimage,13,cells,post_mass_on,post,mass,on,5,50,27,1.0,10,10,0.0,2.0,6,36,59940,2.0408426824082113,0.6452905757218563,0.5027746947835738,3.781306152209491,0.6181959564541213,0.9297995439752998,0.636985187857318,0,4.144
satimage,13,cells,pre_none_off,pre,none,off,5,50,50,1.0,10,10,0.0,2.0,6,36,111000,2.3737672149322604,0.6356899565183014,0.46141479099678456,3.8394319050663888,0.6074650077760497,0.6813820912488442,0.6357022459257973,0,8.218
satimage,13,cells,pre_none_on,pre,none,on,5,50,27,1.0,10,10,0.0,2.0,6,36,59940,1.525386740229046,0.49991297607035207,0.40192926045016075,2.753308638107772,0.3973561430793157,1.9456854784423008,0.6628812458809417,0,4.002
satimage,13,cells,pre_footprint_off,pre,footprint,off,5,50,50,1.0,10,10,0.0,2.0,6,36,111000,1.9890069174293354,0.6519007659294649,0.4959871589085072,3.9402662153207624,0.6040435458786936,0.9959854130373512,0.6269888577554525,0,9.379
satimage,13,cells,pre_footprint_on,pre,footprint,on,5,50,31,1.0,10,10,0.0,2.0,6,36,68820,1.9560211659973499,0.6565606796431526,0.5072142064372919,3.869781940078336,0.6149300155520996,1.030814556731726,0.6331862945663475,0,5.562
satimage,13,cells,pre_mass_off,pre,mass,off,5,50,50,1.0,10,10,0.0,2.0,6,36,111000,1.9846311034071022,0.6501632402022467,0.4959871589085072,3.9362865476632027,0.6051321928460343,0.999371866130362,0.627288755827071,0,7.627
satimage,13,cells,pre_mass_on,pre,mass,on,5,50,47,1.0,10,10,0.0,2.0,6,36,104340,1.9491002593961324,0.6539825933055013,0.5149833518312985,3.8385261490713463,0.6185069984447901,1.0366143149732177,0.6345132036344814,0,7.567
satimage,13,cells,post_fpmask_off,post,fpmask,off,5,50,50,1.0,10,10,0.0,2.0,6,36,111000,2.5297342243922865,0.6314535155096987,0.4228295819935691,3.8847532528059245,0.604199066874028,0.6070348803061969,0.6776561298873555,0,9.355
satimage,13,cells,post_massmask_off,post,massmask,off,5,50,50,1.0,10,10,0.0,2.0,6,36,111000,2.529895992620521,0.6292762988395377,0.4228295819935691,3.9135970550451846,0.6018662519440124,0.6114638328969734,0.6875199647862749,0,7.997
satimage,13,cells,pre_fpmask_off,pre,fpmask,off,5,50,50,1.0,10,10,0.0,2.0,6,36,111000,2.490770134086774,0.6317225263296835,0.46141479099678456,3.867896088490084,0.6038880248833592,0.6234584262698605,0.6303092462375764,0,10.085
satimage,13,cells,pre_massmask_off,pre,massmask,off,5,50,50,1.0,10,10,0.0,2.0,6,36,111000,2.4129824473748256,0.6357238315929373,0.46141479099678456,3.848779374735217,0.6057542768273717,0.6610201388538413,0.6329251930325761,0,6.63
satimage,14,cells,post_none_off,post,none,off,5,50,50,1.0,10,10,0.0,2.0,6,36,111000,2.6383805764276795,0.7285767664299129,0.5971107544141252,4.170239702528413,0.7099533437013997,0.5990818144939251,0.6921355060441655,0,7.631
satimage,14,cells,post_none_on,post,none,on,5,50,34,1.0,10,10,0.0,2.0,6,36,75480,2.0072886233171,0.5163109281583765,0.4317817014446228,2.7462432701066533,0.44867807153965783,1.2948281174595186,0.6695306540045399,0,4.83
satimage,14,cells,post_footprint_off,post,footprint,off,5,50,50,1.0,10,10,0.0,2.0,6,36,111000,2.7903867514997316,0.6807722885762488,0.4606741573033708,3.876199149186209,0.652099533437014,0.4978256613380078,0.6102905917653013,0,8.584
satimage,14,cells,post_footprint_on,post,footprint,on,5,50,26,1.0,10,10,0.0,2.0,6,36,57720,2.687048814597172,0.6819205113109356,0.46141479099678456,3.828400844291281,0.6402799377916019,0.5381679766420746,0.6146648081320935,0,4.711
satimage,14,cells,post_mass_off,post,mass,off,5,50,50,1.0,10,10,0.0,2.0,6,36,111000,2.8699884422016653,0.6828314282019055,0.46869983948635635,3.868960668889504,0.6567651632970452,0.46971455651012894,0.6105686283348035,0,6.952
satimage,14,cells,post_mass_on,post,mass,on,5,50,29,1.0,10,10,0.0,2.0,6,36,64380,2.6965502210030263,0.6841396007055233,0.4662379421221865,3.8040446051125216,0.6423017107309487,0.5343919600833684,0.6157910082949909,0,4.281
satimage,14,cells,pre_none_off,pre,none,off,5,50,50,1.0,10,10,0.0,2.0,6,36,111000,3.4474332137786,0.6958797099325712,0.5200642054574639,3.825138540240597,0.6780715396578538,0.3218514323990161,0.6099012929067104,0,7.258
satimage,14,cells,pre_none_on,pre,none,on,5,50,33,1.0,10,10,0.0,2.0,6,36,73260,2.7693908381640986,0.5058104016220482,0.42375601926163725,2.7497440045882917,0.44245723172628304,0.6018283961279738,0.6656943917807953,0,4.795
satimage,14,cells,pre_footprint_off,pre,footprint,off,5,50,50,1.0,10,10,0.0,2.0,6,36,111000,2.5799269730504415,0.6782332687194775,0.46141479099678456,3.9405064258907188,0.6399688958009331,0.5920211386909328,0.6098405408533242,0,8.214
satimage,14,cells,pre_footprint_on,pre,footprint,on,5,50,24,1.0,10,10,0.0,2.0,6,36,53280,2.5438723629512605,0.6824920873237625,0.4694533762057878,3.8734508391316638,0.6362363919129083,0.6098170811027925,0.614219374808581,0,4.537
satimage,14,cells,pre_mass_off,pre,mass,off,5,50,50,1.0,10,10,0.0,2.0,6,36,111000,2.5917745944864996,0.6783417179025081,0.4646302250803859,3.9439335616015887,0.6421461897356143,0.5871311650726022,0.6105256223439475,0,6.757
satimage,14,cells,pre_mass_on,pre,mass,on,5,50,25,1.0,10,10,0.0,2.0,6,36,55500,2.53540969838014,0.6832990662328969,0.45980707395498394,3.8503997910432957,0.637791601866252,0.614618444963975,0.6151124175221475,0,3.657
satimage,14,cells,post_fpmask_off,post,fpmask,off,5,50,50,1.0,10,10,0.0,2.0,6,36,111000,3.7690447425599705,0.7090443882988307,0.5762439807383628,3.7860159899452426,0.6931570762052877,0.2665138958753255,0.6118835588978782,0,7.755
satimage,14,cells,post_massmask_off,post,massmask,off,5,50,50,1.0,10,10,0.0,2.0,6,36,111000,2.8270972476048315,0.6900568102697234,0.5457463884430177,3.9440348337587166,0.6692068429237947,0.4934682855037426,0.6555944416717602,0,5.9
satimage,14,cells,pre_fpmask_off,pre,fpmask,off,5,50,50,1.0,10,10,0.0,2.0,6,36,111000,3.5681727058789563,0.6949099011871459,0.5120385232744783,3.859033301554815,0.6769828926905133,0.30310059762204644,0.6070911541131867,0,8.506
satimage,14,cells,pre_massmask_off,pre,massmask,off,5,50,50,1.0,10,10,0.0,2.0,6,36,111000,3.540711744965094,0.6940827366616924,0.5088282504012841,3.8417811847804955,0.6762052877138414,0.306444253698391,0.6089275098694125,0,6.76
satimage,15,cells,post_none_off,post,none,off,5,50,50,1.0,10,10,0.0,2.0,6,36,111000,2.4972582395808898,0.6583266637126673,0.42443729903536975,4.173799817152743,0.6206842923794712,0.6692751594804328,0.722661246538134,0,7.246
satimage,15,cells,post_none_on,post,none,on,5,50,23,1.0,10,10,0.0,2.0,6,36,51060,1.8361281364134434,0.4873285908911136,0.37735849056603776,2.7268096816311287,0.4213063763608087,1.2821586088053596,0.6672354210380619,0,3.272
satimage,15,cells,post_footprint_off,post,footprint,off,5,50,50,1.0,10,10,0.0,2.0,6,36,111000,2.8209456864370512,0.6833606928745091,0.48635634028892455,3.8638236902488017,0.6534992223950233,0.485543172907636,0.6101062876130913,0,8.028
satimage,15,cells,post_footprint_on,post,footprint,on,5,50,38,1.0,10,10,0.0,2.0,6,36,84360,2.717308973473398,0.6804843811459373,0.4678456591639871,3.82332829792891,0.6410575427682738,0.5246451249728601,0.6152975896471713,0,6.524
satimage,15,cells,post_mass_off,post,mass,off,5,50,50,1.0,10,10,0.0,2.0,6,36,111000,2.361903527550205,0.6609341487429417,0.4453376205787781,3.850484738077674,0.6024883359253499,0.6902256537555086,0.6246584961156652,0,6.789
satimage,15,cells,post_mass_on,post,mass,on,5,50,39,1.0,10,10,0.0,2.0,6,36,86580,2.7525508961178624,0.6794946223658244,0.4662379421221865,3.7970415776391504,0.6427682737169518,0.5106192276611262,0.6173832363751294,0,5.724
satimage,15,cells,pre_none_off,pre,none,off,5,50,50,1.0,10,10,0.0,2.0,6,36,111000,2.428504644914289,0.6385981585764176,0.43086816720257237,3.840093718061348,0.6035769828926905,0.6511243645179605,0.6341131490244514,0,7.013
satimage,15,cells,pre_none_on,pre,none,on,5,50,31,1.0,10,10,0.0,2.0,6,36,68820,1.1520136209290504,0.47915672997831776,0.37402885682574916,2.731454954265869,0.42628304821150853,2.928606153390607,0.6631104173590027,0,4.015
satimage,15,cells,pre_footprint_off,pre,footprint,off,5,50,50,1.0,10,10,0.0,2.0,6,36,111000,2.0873238361785464,0.6553955298802222,0.4630225080385852,3.936898652940518,0.5987558320373251,0.9035965619526091,0.6252981913845305,0,8.278
satimage,15,cells,pre_footprint_on,pre,footprint,on,5,50,32,1.0,10,10,0.0,2.0,6,36,71040,2.519253113036961,0.6815221992022849,0.4662379421221865,3.875679967546374,0.6345256609642301,0.6210032355176157,0.6158994285502333,0,5.292
satimage,15,cells,pre_mass_off,pre,mass,off,5,50,50,1.0,10,10,0.0,2.0,6,36,111000,2.0735154797339512,0.6528057979556652,0.4630225080385852,3.934743986149618,0.5993779160186625,0.915170297701332,0.6257965477958645,0,6.808
satimage,15,cells,pre_mass_on,pre,mass,on,5,50,45,1.0,10,10,0.0,2.0,6,36,99900,1.9850762712273635,0.6638603177670427,0.5128617363344051,3.8436197531148193,0.6195956454121306,0.9964971414330489,0.6329423936646237,0,5.762
satimage,15,cells,post_fpmask_off,post,fpmask,off,5,50,50,1.0,10,10,0.0,2.0,6,36,111000,2.590505774180556,0.6448074143870473,0.43569131832797425,3.8757818965289403,0.5987558320373251,0.577550814311912,0.6678198049784655,0,8.564
satimage,15,cells,post_massmask_off,post,massmask,off,5,50,50,1.0,10,10,0.0,2.0,6,36,111000,2.4779547388023673,0.6402619743384667,0.43729903536977494,3.942774838532305,0.5923794712286159,0.6421185811611009,0.6930952826311321,0,6.585
satimage,15,cells,pre_fpmask_off,pre,fpmask,off,5,50,50,1.0,10,10,0.0,2.0,6,36,111000,2.538261654941514,0.6366013608159194,0.43086816720257237,3.8639152563440087,0.6001555209953344,0.599728675644314,0.6291312290289925,0,8.015
satimage,15,cells,pre_massmask_off,pre,massmask,off,5,50,50,1.0,10,10,0.0,2.0,6,36,111000,2.4677912467876,0.63842855227207,0.43086816720257237,3.852776028849112,0.6009331259720062,0.6326404029365429,0.6307002060442579,0,6.801
satimage,16,cells,post_none_off,post,none,off,5,50,50,1.0,10,10,0.0,2.0,6,36,111000,2.4176822131279163,0.654949023340645,0.42443729903536975,4.142482931733876,0.6174183514774495,0.7086997782437752,0.7175425236800916,0,8.461
satimage,16,cells,post_none_on,post,none,on,5,50,37,1.0,10,10,0.0,2.0,6,36,82140,2.6473959875739124,0.4915440632941543,0.387459807073955,2.747439486009809,0.435303265940902,0.6050235579123368,0.6666151078935874,0,6.013
satimage,16,cells,post_footprint_off,post,footprint,off,5,50,50,1.0,10,10,0.0,2.0,6,36,111000,2.3445102387176844,0.6611346934226844,0.4630225080385852,3.8601824197445302,0.6010886469673405,0.7022691021894061,0.624339979279955,0,9.697
satimage,16,cells,post_footprint_on,post,footprint,on,5,50,37,1.0,10,10,0.0,2.0,6,36,82140,2.257512297402264,0.6626207023790174,0.4983922829581994,3.817256083523014,0.608398133748056,0.758783411439872,0.6321404826032099,0,6.796
satimage,16,cells,post_mass_off,post,mass,off,5,50,50,1.0,10,10,0.0,2.0,6,36,111000,2.347836998981339,0.6577852755814104,0.4565916398713826,3.852907964522647,0.6035769828926905,0.6989606884536106,0.6257552601147004,0,7.887
satimage,16,cells,post_mass_on,post,mass,on,5,50,36,1.0,10,10,0.0,2.0,6,36,79920,2.2054729877234953,0.6553062369282089,0.5016077170418006,3.7870190777257555,0.6181959564541213,0.7941003456655115,0.6350478040121346,0,5.828
satimage,16,cells,pre_none_off,pre,none,off,5,50,50,1.0,10,10,0.0,2.0,6,36,111000,2.5197305345770347,0.6410019391170516,0.43729903536977494,3.8354071067273297,0.6055987558320374,0.6040922593888879,0.633050730846981,0,7.295
satimage,16,cells,pre_none_on,pre,none,on,5,50,50,1.0,10,10,0.0,2.0,6,36,111000,2.621100742322773,0.4819139628382523,0.3739967897271268,2.7515255851170224,0.43172628304821153,0.5620609646042654,0.6628193017465571,0,6.473
satimage,16,cells,pre_footprint_off,pre,footprint,off,5,50,50,1.0,10,10,0.0,2.0,6,36,111000,2.0687693528695674,0.6523697142191747,0.4678456591639871,3.9298896827410803,0.6043545878693624,0.9182400088501093,0.6246674729068958,0,9.143
satimage,16,cells,pre_footprint_on,pre,footprint,on,5,50,31,1.0,10,10,0.0,2.0,6,36,68820,2.0605849977608117,0.6570826820409297,0.5160771704180064,3.8656642640979997,0.6160186625194402,0.9259682795151648,0.6315923613843664,0,5.781
satimage,16,cells,pre_mass_off,pre,mass,off,5,50,50,1.0,10,10,0.0,2.0,6,36,111000,2.0703653697581172,0.6511224502133542,0.4678456591639871,3.9239795570900506,0.605909797822706,0.9154460321174088,0.6249020248371098,0,7.061
satimage,16,cells,pre_mass_on,pre,mass,on,5,50,40,1.0,10,10,0.0,2.0,6,36,88800,2.058347956385527,0.6534769070551094,0.5096463022508039,3.8326350154099753,0.619751166407465,0.9261001415427044,0.6331498634315544,0,5.744
satimage,16,cells,post_fpmask_off,post,fpmask,off,5,50,50,1.0,10,10,0.0,2.0,6,36,111000,2.5462945033613282,0.6418446393312173,0.4292604501607717,3.834962958605911,0.6021772939346812,0.5914852356037573,0.6578679044576417,0,8.998
satimage,16,cells,post_massmask_off,post,massmask,off,5,50,50,1.0,10,10,0.0,2.0,6,36,111000,2.5336153801850205,0.6366405360007191,0.42604501607717044,3.9190275189403394,0.5973561430793157,0.6105158445928757,0.6876346573495465,0,7.088
satimage,16,cells,pre_fpmask_off,pre,fpmask,off,5,50,50,1.0,10,10,0.0,2.0,6,36,111000,2.618807674610246,0.6357900082557906,0.42443729903536975,3.8650208316392596,0.6027993779160187,0.5635657986741716,0.6281567770533697,0,8.411
satimage,16,cells,pre_massmask_off,pre,massmask,off,5,50,50,1.0,10,10,0.0,2.0,6,36,111000,2.5843110453184552,0.6396971104944716,0.432475884244373,3.84826408528454,0.604199066874028,0.5762027147782596,0.6297468348107201,0,6.509
satimage,17,cells,post_none_off,post,none,off,5,50,50,1.0,10,10,0.0,2.0,6,36,111000,2.572894821253997,0.7323440174379456,0.6260032102728732,4.199310912886488,0.7174183514774495,0.634357333550321,0.6971146892571549,0,7.06
satimage,17,cells,post_none_on,post,none,on,5,50,50,1.0,10,10,0.0,2.0,6,36,111000,2.7341578970090805,0.5064500643079028,0.387459807073955,2.7444962755624775,0.4234836702954899,0.6678753256624381,0.6631323752636231,0,6.847
satimage,17,cells,post_footprint_off,post,footprint,off,5,50,50,1.0,10,10,0.0,2.0,6,36,111000,2.871556903544598,0.6833961806228616,0.4622792937399679,3.863776849482515,0.6531881804043546,0.4685729160993574,0.6106498708432634,0,7.846
satimage,17,cells,post_footprint_on,post,footprint,on,5,50,44,1.0,10,10,0.0,2.0,6,36,97680,2.163630395411329,0.6570786343661258,0.4903536977491961,3.817936211225528,0.6105754276827372,0.8265140785387834,0.6337511812379343,0,7.52
satimage,17,cells,post_mass_off,post,mass,off,5,50,50,1.0,10,10,0.0,2.0,6,36,111000,2.9320684790256424,0.6841774415764956,0.46869983948635635,3.857025500426404,0.6567651632970452,0.4486465081384531,0.6113480221842953,0,6.051
satimage,17,cells,post_mass_on,post,mass,on,5,50,50,1.0,10,10,0.0,2.0,6,36,111000,2.0903945056828173,0.6476111667003789,0.5016077170418006,3.7836068277815986,0.6241057542768274,0.8850796970914284,0.6370125795627902,0,5.942
satimage,17,cells,pre_none_off,pre,none,off,5,50,50,1.0,10,10,0.0,2.0,6,36,111000,2.395342785996348,0.6346473955335306,0.4405144694533762,3.8386035388631425,0.611353032659409,0.6690181736060761,0.6356042888294242,0,6.873
satimage,17,cells,pre_none_on,pre,none,on,5,50,50,1.0,10,10,0.0,2.0,6,36,111000,2.4677716750296805,0.4974191592565186,0.39389067524115756,2.749386135803337,0.38724727838258166,0.8047815149222414,0.6644999930254621,0,6.533
satimage,17,cells,pre_footprint_off,pre,footprint,off,5,50,50,1.0,10,10,0.0,2.0,6,36,111000,2.0542992207964876,0.6533030917432205,0.4790996784565916,3.9242681427669543,0.6073094867807154,0.9298893460848819,0.6247723273334708,0,8.293
satimage,17,cells,pre_footprint_on,pre,footprint,on,5,50,50,1.0,10,10,0.0,2.0,6,36,111000,2.1295511072125963,0.6704131459043176,0.5160771704180064,3.8839173813990784,0.643701399688958,0.8703381528745093,0.630378316887132,0,7.326
satimage,17,cells,pre_mass_off,pre,mass,off,5,50,50,1.0,10,10,0.0,2.0,6,36,111000,2.0468515537089393,0.6516858442927027,0.4807073954983923,3.9206581289453886,0.6110419906687403,0.9358069811865669,0.6253044639139901,0,6.609
satimage,17,cells,pre_mass_on,pre,mass,on,5,50,41,1.0,10,10,0.0,2.0,6,36,91020,2.0402238429875394,0.6788525607855608,0.4807073954983923,3.827688375093031,0.6564541213063764,0.9554309717424172,0.6326611807218964,0,5.534
satimage,17,cells,post_fpmask_off,post,fpmask,off,5,50,50,1.0,10,10,0.0,2.0,6,36,111000,3.6057005896391963,0.7136022928318757,0.5762439807383628,3.78282840585379,0.6976671850699845,0.29096270108129946,0.6135133082682356,0,7.672
satimage,17,cells,post_massmask_off,post,massmask,off,5,50,50,1.0,10,10,0.0,2.0,6,36,111000,2.7994855567084675,0.7147809880428759,0.6293007769145395,3.947036284532079,0.7026438569206843,0.5036335536098923,0.673719644655048,0,6.606
satimage,17,cells,pre_fpmask_off,pre,fpmask,off,5,50,50,1.0,10,10,0.0,2.0,6,36,111000,2.510935749105297,0.6304767460950134,0.43729903536977494,3.8673566560441195,0.6085536547433904,0.6133989463039542,0.6303244099471428,0,7.797
satimage,17,cells,pre_massmask_off,pre,massmask,off,5,50,50,1.0,10,10,0.0,2.0,6,36,111000,2.437504698777902,0.6336030951532027,0.43729903536977494,3.8471097987579626,0.6093312597200622,0.6475057931991848,0.6332407558905314,0,5.566
satimage,18,cells,post_none_off,post,none,off,5,50,50,1.0,10,10,0.0,2.0,6,36,111000,2.7085188391334016,0.7310946974317593,0.6059933407325194,4.221160334637247,0.7197511664074651,0.5753977073979007,0.6976300260412556,0,6.518
satimage,18,cells,post_none_on,post,none,on,5,50,40,1.0,10,10,0.0,2.0,6,36,88800,2.81292777434677,0.5085333286487623,0.3868378812199037,2.738047995452026,0.4682737169517885,0.5372081253314163,0.6706979263942382,0,5.315
satimage,18,cells,post_footprint_off,post,footprint,off,5,50,50,1.0,10,10,0.0,2.0,6,36,111000,3.000739500810297,0.684930828557727,0.5049944506104328,3.851471605410385,0.6611197511664074,0.4277303921857181,0.6096314346148589,0,8.582
satimage,18,cells,post_footprint_on,post,footprint,on,5,50,34,1.0,10,10,0.0,2.0,6,36,75480,2.853147494752324,0.6764051644510571,0.4630225080385852,3.8157873381461993,0.6474339035769829,0.47481923217331434,0.6155169336076128,0,5.915
satimage,18,cells,post_mass_off,post,mass,off,5,50,50,1.0,10,10,0.0,2.0,6,36,111000,3.084097089415662,0.6874318213501576,0.5127635960044395,3.8451138837083905,0.6659409020217729,0.40425288149537975,0.6100057848830021,0,6.826
satimage,18,cells,post_mass_on,post,mass,on,5,50,43,1.0,10,10,0.0,2.0,6,36,95460,2.7452641339298847,0.6761517714574666,0.4622792937399679,3.8086114213539375,0.642457231726283,0.5142188463754357,0.6187709399867883,0,6.001
satimage,18,cells,pre_none_off,pre,none,off,5,50,50,1.0,10,10,0.0,2.0,6,36,111000,3.618209341415235,0.7028448316175913,0.5493895671476138,3.8131320243988833,0.6866251944012441,0.2912691317964206,0.6102958258027953,0,7.269
satimage,18,cells,pre_none_on,pre,none,on,5,50,47,1.0,10,10,0.0,2.0,6,36,104340,3.0172886550509377,0.5142158777161991,0.42857142857142855,2.7429623810274917,0.4842923794712286,0.4225928042904388,0.6646089347699194,0,6.144
satimage,18,cells,pre_footprint_off,pre,footprint,off,5,50,50,1.0,10,10,0.0,2.0,6,36,111000,2.6947804514019533,0.6757877729238133,0.47266881028938906,3.9299683849008544,0.644945567651633,0.541180675288419,0.6097025436072446,0,8.083
satimage,18,cells,pre_footprint_on,pre,footprint,on,5,50,31,1.0,10,10,0.0,2.0,6,36,68820,2.4609721619258487,0.6812436910305321,0.4959871589085072,3.903182065173129,0.6317262830482115,0.654881213917775,0.6179199584800201,0,4.603
satimage,18,cells,pre_mass_off,pre,mass,off,5,50,50,1.0,10,10,0.0,2.0,6,36,111000,2.680319614126232,0.6765591248955213,0.478330658105939,3.9356656208006378,0.6472783825816485,0.5478290072386084,0.6106888207227458,0,7.311
satimage,18,cells,pre_mass_on,pre,mass,on,5,50,40,1.0,10,10,0.0,2.0,6,36,88800,2.397817175647039,0.6838133971065888,0.5152487961476726,3.892487050031285,0.6283048211508554,0.6922669547827172,0.6205407298054112,0,5.237
satimage,18,cells,post_fpmask_off,post,fpmask,off,5,50,50,1.0,10,10,0.0,2.0,6,36,111000,3.6345031922042668,0.7103529470291488,0.5538290788013318,3.8392441361421756,0.6940902021772939,0.2906401575996194,0.6315306737057471,0,8.444
satimage,18,cells,post_massmask_off,post,massmask,off,5,50,50,1.0,10,10,0.0,2.0,6,36,111000,2.9075306050150354,0.6949055875728972,0.5493895671476138,3.9159821699246766,0.6790046656298601,0.4632251344119023,0.6559831923437924,0,5.994
satimage,18,cells,pre_fpmask_off,pre,fpmask,off,5,50,50,1.0,10,10,0.0,2.0,6,36,111000,3.740337678184837,0.701422449336733,0.5438401775804661,3.846491251049424,0.6842923794712286,0.27494328969323784,0.6075729253770064,0,8.03
satimage,18,cells,pre_massmask_off,pre,massmask,off,5,50,50,1.0,10,10,0.0,2.0,6,36,111000,3.712364199004136,0.7017528044716113,0.5427302996670367,3.8295003510677907,0.684447900466563,0.27786955276027325,0.6094321077546038,0,6.402
satimage,19,cells,post_none_off,post,none,off,5,50,50,1.0,10,10,0.0,2.0,6,36,111000,2.5403851591767044,0.7243632156938353,0.6099518459069021,4.176679380255696,0.7068429237947123,0.6471903072283129,0.6987884519387829,0,7.224
satimage,19,cells,post_none_on,post,none,on,5,50,42,1.0,10,10,0.0,2.0,6,36,93240,1.2482621643686462,0.5069061949877997,0.39228295819935693,2.7469317600490735,0.48771384136858476,2.9121623143536275,0.6685083168022568,0,6.385
satimage,19,cells,post_footprint_off,post,footprint,off,5,50,50,1.0,10,10,0.0,2.0,6,36,111000,3.119804357621237,0.6940312885246888,0.5024077046548957,3.838224766701108,0.6648522550544324,0.39434440444051877,0.6086620614008911,0,9.534
satimage,19,cells,post_footprint_on,post,footprint,on,5,50,41,1.0,10,10,0.0,2.0,6,36,91020,2.984366463129529,0.6830703391880727,0.45746388443017655,3.7855640363036573,0.652099533437014,0.4322229406357436,0.6136152942871245,0,7.656
satimage,19,cells,post_mass_off,post,mass,off,5,50,50,1.0,10,10,0.0,2.0,6,36,111000,3.1923305102244344,0.6966413149396472,0.5120385232744783,3.8321386953167234,0.6692068429237947,0.37603262090416656,0.6094760562660849,0,6.878
satimage,19,cells,post_mass_on,post,mass,on,5,50,32,1.0,10,10,0.0,2.0,6,36,71040,3.02619025212613,0.683872942570884,0.463884430176565,3.7599504115585436,0.653343701399689,0.4200685028638403,0.6156305163055381,0,4.521
satimage,19,cells,pre_none_off,pre,none,off,5,50,50,1.0,10,10,0.0,2.0,6,36,111000,3.686748958321246,0.7085796933371962,0.5569823434991974,3.8054681271322472,0.6909797822706065,0.2799760979310389,0.6113840058942691,0,6.807
satimage,19,cells,pre_none_on,pre,none,on,5,50,50,1.0,10,10,0.0,2.0,6,36,111000,1.463054788289214,0.499588082344023,0.36816720257234725,2.7480109110922335,0.4727838258164852,1.8560004603681877,0.6604017356315479,0,6.561
satimage,19,cells,pre_footprint_off,pre,footprint,off,5,50,50,1.0,10,10,0.0,2.0,6,36,111000,2.1446649311783936,0.6600043780195726,0.45819935691318325,3.918011165712013,0.604199066874028,0.8518179126793246,0.6233125635710287,0,9.103
satimage,19,cells,pre_footprint_on,pre,footprint,on,5,50,36,1.0,10,10,0.0,2.0,6,36,79920,0.9216301513429183,0.6518027006092302,0.5024077046548957,3.8789321095950497,0.6203732503888025,4.668991338823847,0.6378470591194026,0,6.63
satimage,19,cells,pre_mass_off,pre,mass,off,5,50,50,1.0,10,10,0.0,2.0,6,36,111000,2.120447873877521,0.6583815331457197,0.45819935691318325,3.9156031348370566,0.605909797822706,0.8708502199265397,0.623874209582606,0,4.903
satimage,19,cells,pre_mass_on,pre,mass,on,5,50,50,1.0,10,10,0.0,2.0,6,36,111000,0.9619899348767155,0.6536477250618246,0.4983922829581994,3.8477966590731505,0.62099533437014,4.274278815377569,0.6381819230651755,0,6.945
satimage,19,cells,post_fpmask_off,post,fpmask,off,5,50,50,1.0,10,10,0.0,2.0,6,36,111000,2.827106159761038,0.6967580923688076,0.5837957824639289,3.9305602186274813,0.6794712286158632,0.49177927303225377,0.6641040252488217,0,8.473
satimage,19,cells,post_massmask_off,post,massmask,off,5,50,50,1.0,10,10,0.0,2.0,6,36,111000,2.8291622436038693,0.6987560484403318,0.5849056603773585,3.924349198929178,0.6785381026438569,0.4902887609577086,0.6602037405623243,0,6.685
satimage,19,cells,pre_fpmask_off,pre,fpmask,off,5,50,50,1.0,10,10,0.0,2.0,6,36,111000,3.6239144171708646,0.7069202667938183,0.5537720706260032,3.8364518728869403,0.6895800933125972,0.29212847323557034,0.6088546062187749,0,7.838
satimage,19,cells,pre_massmask_off,pre,massmask,off,5,50,50,1.0,10,10,0.0,2.0,6,36,111000,3.627934541453714,0.7064566879596331,0.5489566613162119,3.823227748595717,0.6891135303265941,0.2904766882848745,0.6104247199809368,0,7.925
pendigits,10,cells,post_none_off,post,none,off,5,50,50,1.0,10,10,0.0,1.5,10,16,85000,1.4390107624177735,0.5698049752971777,0.4547970479704797,4.413742348548417,0.5263828238719068,2.1314683763249618,0.6607201895610522,0,10.376
pendigits,10,cells,post_none_on,post,none,on,5,50,50,1.0,10,10,0.0,1.5,10,16,85000,1.5026338473570604,0.4036226672086941,0.3618881118881119,2.4458622805410704,0.35152838427947597,2.054077086201909,0.377509336475511,0,10.714
pendigits,10,cells,post_footprint_off,post,footprint,off,5,50,50,1.0,10,10,0.0,1.5,10,16,85000,1.9366081935642454,0.6130890556163567,0.48523985239852396,4.347743132883699,0.5330240174672489,1.1592586572819321,0.48932995114679245,0,13.044
pendigits,10,cells,post_footprint_on,post,footprint,on,5,50,42,1.0,10,10,0.0,1.5,10,16,71400,0.27227958072686875,0.5943111838309076,0.4446494464944649,4.099263557451155,0.5041848617176128,58.9958075349531,0.4791473232035309,0,10.796
pendigits,10,cells,post_mass_off,post,mass,off,5,50,50,1.0,10,10,0.0,1.5,10,16,85000,1.931218855468047,0.6058585524042248,0.4806273062730627,4.298134705480994,0.5282023289665211,1.1524365836380768,0.4954348194308659,0,10.32
pendigits,10,cells,post_mass_on,post,mass,on,5,50,38,1.0,10,10,0.0,1.5,10,16,64600,0.41375295737761947,0.5836217740403693,0.43726937269372695,3.9282179597208566,0.4887190684133916,25.26252328774672,0.4756383489141055,0,8.013
pendigits,10,cells,pre_none_off,pre,none,off,5,50,50,1.0,10,10,0.0,1.5,10,16,85000,2.32866518223581,0.6985864879540123,0.5156826568265682,4.064371186200307,0.636098981077147,0.7495131629983015,0.4697724970197178,0,9.987
pendigits,10,cells,pre_none_on,pre,none,on,5,50,50,1.0,10,10,0.0,1.5,10,16,85000,2.3273690308070702,0.4029888762942936,0.36538461538461536,2.4391935088769614,0.34425036390101893,0.7725862122999541,0.3763261438746643,0,9.767
pendigits,10,cells,pre_footprint_off,pre,footprint,off,5,50,50,1.0,10,10,0.0,1.5,10,16,85000,1.9213721732630875,0.6813849293229943,0.4640221402214022,4.345748065039871,0.5350254730713246,1.1771764146522257,0.442973186358976,0,12.543
pendigits,10,cells,pre_footprint_on,pre,footprint,on,5,50,27,1.0,10,10,0.0,1.5,10,16,45900,0.22442952457737905,0.6852141824232769,0.48616236162361626,4.030153396682076,0.5195596797671034,88.12092786608214,0.4296399147609276,0,7.203
pendigits,10,cells,pre_mass_off,pre,mass,off,5,50,50,1.0,10,10,0.0,1.5,10,16,85000,1.9071731764230822,0.6838675536083273,0.46586715867158673,4.316359520823252,0.5357532751091703,1.186690187159764,0.4424413982853879,0,10.761
pendigits,10,cells,pre_mass_on,pre,mass,on,5,50,39,1.0,10,10,0.0,1.5,10,16,66300,0.1350453726549177,0.6849347275472587,0.4677121771217712,3.9122831766023665,0.521561135371179,239.14131716258274,0.4178058275696247,0,8.195
pendigits,10,cells,post_fpmask_off,post,fpmask,off,5,50,50,1.0,10,10,0.0,1.5,10,16,85000,1.6095624906296284,0.562720318113267,0.4304147465437788,4.296808135485278,0.5083697234352256,1.6585565215679603,0.5812053889920411,0,12.692
pendigits,10,cells,post_massmask_off,post,massmask,off,5,50,50,1.0,10,10,0.0,1.5,10,16,85000,1.5355279802572281,0.5416772931518021,0.4470046082949309,4.296933947815766,0.49208515283842796,1.8223979102750558,0.6083815714310804,0,9.283
pendigits,10,cells,pre_fpmask_off,pre,fpmask,off,5,50,50,1.0,10,10,0.0,1.5,10,16,85000,2.2294557775895223,0.6981861494536556,0.4806273062730627,4.176627855023651,0.6358260553129549,0.8402877957599271,0.4580370177896404,0,12.743
pendigits,10,cells,pre_massmask_off,pre,massmask,off,5,50,50,1.0,10,10,0.0,1.5,10,16,85000,2.6838669431302242,0.7142374151892668,0.4714022140221402,4.2544075100811005,0.5849708879184862,0.5906322056201959,0.47102414086945643,0,9.943
pendigits,11,cells,post_none_off,post,none,off,5,50,50,1.0,10,10,0.0,1.5,10,16,85000,1.6676853850115945,0.4897246100205079,0.43911439114391143,4.46444965296207,0.4893558951965066,1.6052389317264222,0.6698328795979652,0,9.11
pendigits,11,cells,post_none_on,post,none,on,5,50,49,1.0,10,10,0.0,1.5,10,16,83300,1.4078835038426563,0.3803377128135158,0.30251346499102333,2.440308989866205,0.31277292576419213,2.3203680956583286,0.38266551792460796,0,9.678
pendigits,11,cells,post_footprint_off,post,footprint,off,5,50,50,1.0,10,10,0.0,1.5,10,16,85000,1.9363755280116972,0.6195240768737383,0.531895777178796,4.508877050733558,0.5773289665211062,1.2025114554249527,0.5202113059584736,0,12.608
pendigits,11,cells,post_footprint_on,post,footprint,on,5,50,50,1.0,10,10,0.0,1.5,10,16,85000,1.9555603334734866,0.6128337580763532,0.5437062937062938,4.36044196855804,0.5585880640465793,1.179552257745751,0.5170211863969045,0,11.699
pendigits,11,cells,post_mass_off,post,mass,off,5,50,50,1.0,10,10,0.0,1.5,10,16,85000,2.389553937123886,0.6382865600573513,0.5525830258302583,4.436381418003899,0.5953420669577875,0.7769538119458982,0.5110738693531717,0,9.944
pendigits,11,cells,post_mass_on,post,mass,on,5,50,49,1.0,10,10,0.0,1.5,10,16,83300,2.292884776603761,0.6396573676947283,0.5249077490774908,4.1419729287800875,0.5768740902474527,0.8437124431085578,0.49854155569656555,0,10.022
pendigits,11,cells,pre_none_off,pre,none,off,5,50,50,1.0,10,10,0.0,1.5,10,16,85000,1.935390155437396,0.6463500536956105,0.5156826568265682,4.111800252017286,0.6447416302765647,1.0977285347198942,0.504640094350329,0,9.204
pendigits,11,cells,pre_none_on,pre,none,on,5,50,50,1.0,10,10,0.0,1.5,10,16,85000,1.8611754195780779,0.38345952753039025,0.2989228007181329,2.4614556776534466,0.3263282387190684,1.2707614663796043,0.38010796474666775,0,10.441
pendigits,11,cells,pre_footprint_off,pre,footprint,off,5,50,50,1.0,10,10,0.0,1.5,10,16,85000,1.4121870979345061,0.6600093303002478,0.5244239631336406,5.163613317488205,0.5393922852983989,2.5892216723225094,0.548636448804182,0,12.227
pendigits,11,cells,pre_footprint_on,pre,footprint,on,5,50,34,1.0,10,10,0.0,1.5,10,16,57800,2.0267172064212042,0.6359644955776609,0.5152073732718894,4.648991852237402,0.56122634643377,1.1765712535854942,0.5262733108181162,0,8.425
pendigits,11,cells,pre_mass_off,pre,mass,off,5,50,50,1.0,10,10,0.0,1.5,10,16,85000,2.0140406498208985,0.6422135271326254,0.5198156682027649,4.774576045512722,0.5899745269286754,1.177059322291667,0.5279580989916234,0,10.556
pendigits,11,cells,pre_mass_on,pre,mass,on,5,50,44,1.0,10,10,0.0,1.5,10,16,74800,2.0079853343011624,0.6337580019857664,0.5322878228782287,4.483794546756637,0.5502183406113537,1.1929066818523408,0.5188921382518347,0,8.531
pendigits,11,cells,post_fpmask_off,post,fpmask,off,5,50,50,1.0,10,10,0.0,1.5,10,16,85000,1.6272405851393046,0.5585212492952815,0.470479704797048,4.297381943790882,0.5102802037845706,1.6229323597242382,0.554027699395688,0,12.588
pendigits,11,cells,post_massmask_off,post,massmask,off,5,50,50,1.0,10,10,0.0,1.5,10,16,85000,1.6813264456337522,0.47103016773075357,0.44003690036900367,4.463237210514772,0.4697962154294032,1.5788682122302256,0.6540572685369951,0,8.907
pendigits,11,cells,pre_fpmask_off,pre,fpmask,off,5,50,50,1.0,10,10,0.0,1.5,10,16,85000,2.2920295446352177,0.6564580190928326,0.5212177121771218,4.336800724974886,0.5813318777292577,0.8255227457740577,0.49349808139668705,0,11.616
pendigits,11,cells,pre_massmask_off,pre,massmask,off,5,50,50,1.0,10,10,0.0,1.5,10,16,85000,1.7837296372380107,0.6939776735253077,0.5516621743036837,4.2206819149167885,0.6558406113537117,1.3265528800275865,0.48871206644277904,0,9.848
pendigits,12,cells,post_none_off,post,none,off,5,50,50,1.0,10,10,0.0,1.5,10,16,85000,1.2842977055945974,0.5244327577408815,0.42066420664206644,4.420234553532771,0.5203784570596798,2.6798710787632123,0.6542316439843594,0,10.737
pendigits,12,cells,post_none_on,post,none,on,5,50,44,1.0,10,10,0.0,1.5,10,16,74800,1.2460996262259825,0.3755012267946391,0.34111310592459604,2.413737668738542,0.315684133915575,2.943174633298344,0.37623116082488606,0,8.867
pendigits,12,cells,post_footprint_off,post,footprint,off,5,50,50,1.0,10,10,0.0,1.5,10,16,85000,1.5560660451976085,0.6333646962141372,0.5,4.190470388620229,0.6278202328966521,1.730639946722616,0.49569366696042916,0,12.534
pendigits,12,cells,post_footprint_on,post,footprint,on,5,50,50,1.0,10,10,0.0,1.5,10,16,85000,1.8176919738775785,0.666638632115622,0.5018450184501845,3.9431794123594663,0.6555676855895196,1.2613626631692028,0.4727765756520229,0,12.798
pendigits,12,cells,post_mass_off,post,mass,off,5,50,50,1.0,10,10,0.0,1.5,10,16,85000,2.4220012349484636,0.6582852717146924,0.5433579335793358,4.151458148543394,0.6534752547307132,0.7077044779771617,0.4762925584181281,0,10.545
pendigits,12,cells,post_mass_on,post,mass,on,5,50,44,1.0,10,10,0.0,1.5,10,16,74800,2.0736140992330854,0.6364729540092426,0.496309963099631,3.9490547239310194,0.6225436681222707,0.9597426893766035,0.48722928926655124,0,9.005
pendigits,12,cells,pre_none_off,pre,none,off,5,50,50,1.0,10,10,0.0,1.5,10,16,85000,1.9624738790602194,0.7186167395802141,0.5876383763837638,4.070539790112554,0.7157933042212519,1.05692515566591,0.4840365036638383,0,9.286
pendigits,12,cells,pre_none_on,pre,none,on,5,50,39,1.0,10,10,0.0,1.5,10,16,66300,2.1347311354513208,0.37804142527032586,0.34290843806104127,2.4311959312744915,0.32769286754002913,0.9613475434422014,0.376570067264017,0,7.593
pendigits,12,cells,pre_footprint_off,pre,footprint,off,5,50,50,1.0,10,10,0.0,1.5,10,16,85000,1.8023992944014966,0.6651936989680552,0.5112309074573226,4.384749937682102,0.5998908296943232,1.3497172959674637,0.4921992981991562,0,12.082
pendigits,12,cells,pre_footprint_on,pre,footprint,on,5,50,50,1.0,10,10,0.0,1.5,10,16,85000,1.455846468286203,0.6594286542722214,0.5087412587412588,4.186458724348801,0.5603165938864629,2.055816650180064,0.4899327231583735,0,12.844
pendigits,12,cells,pre_mass_off,pre,mass,off,5,50,50,1.0,10,10,0.0,1.5,10,16,85000,1.7998029118319556,0.6605742135585003,0.5058400718778078,4.350830823918691,0.5974344978165939,1.3431431343139282,0.49392058312175646,0,9.831
pendigits,12,cells,pre_mass_on,pre,mass,on,5,50,49,1.0,10,10,0.0,1.5,10,16,83300,1.4134936655132402,0.6556271051379775,0.564240790655885,4.052457379180706,0.5685953420669578,2.1148419753552212,0.48510400682746263,0,10.156
pendigits,12,cells,post_fpmask_off,post,fpmask,off,5,50,50,1.0,10,10,0.0,1.5,10,16,85000,1.436378782178026,0.5836436179890353,0.44280442804428044,4.3398327709579165,0.5686863173216885,2.103463752416619,0.594039001420869,0,13.059
pendigits,12,cells,post_massmask_off,post,massmask,off,5,50,50,1.0,10,10,0.0,1.5,10,16,85000,1.5871206225551895,0.518552843631886,0.4552995391705069,4.3853797789947215,0.4724344978165939,1.7409541763315455,0.6280016466141524,0,9.604
pendigits,12,cells,pre_fpmask_off,pre,fpmask,off,5,50,50,1.0,10,10,0.0,1.5,10,16,85000,1.9263629658920554,0.6244825998358723,0.507380073800738,4.146716048068263,0.5740538573508006,1.1174498889612863,0.49372152884978676,0,11.872
pendigits,12,cells,pre_massmask_off,pre,massmask,off,5,50,50,1.0,10,10,0.0,1.5,10,16,85000,2.046425818818313,0.7232652703012735,0.5913284132841329,4.078432760039096,0.7198871906841339,0.9738706863090131,0.47381644580439397,0,10.101
pendigits,13,cells,post_none_off,post,none,off,5,50,50,1.0,10,10,0.0,1.5,10,16,85000,1.1629730001708058,0.541724835361303,0.4981549815498155,4.423463261294219,0.5373908296943232,3.270567827453776,0.6660482620244562,0,9.634
pendigits,13,cells,post_none_on,post,none,on,5,50,36,1.0,10,10,0.0,1.5,10,16,61200,1.1310067458952389,0.3887098122759469,0.31956912028725315,2.419086156119588,0.31368267831149926,3.6121231228920117,0.37686140057578427,0,6.642
pendigits,13,cells,post_footprint_off,post,footprint,off,5,50,50,1.0,10,10,0.0,1.5,10,16,85000,2.0348254552743694,0.6976548743686635,0.5815668202764976,4.279767539158083,0.6141739446870451,1.0336317868801002,0.49739410048057797,0,13.31
pendigits,13,cells,post_footprint_on,post,footprint,on,5,50,40,1.0,10,10,0.0,1.5,10,16,68000,1.9922573611857468,0.6808431787114554,0.564240790655885,3.9764029898523305,0.5978893740902474,1.067465038665632,0.46197707322985593,0,10.519
pendigits,13,cells,post_mass_off,post,mass,off,5,50,50,1.0,10,10,0.0,1.5,10,16,85000,2.2408915635336553,0.6877586473797463,0.48800738007380073,4.041028830402254,0.6701237263464338,0.8047301366979006,0.4628368027995889,0,9.179
pendigits,13,cells,post_mass_on,post,mass,on,5,50,50,1.0,10,10,0.0,1.5,10,16,85000,2.1467029433199207,0.663551019765505,0.5354896675651393,3.8593486653949034,0.5826055312954876,0.9118673108245086,0.4582930938165353,0,9.464
pendigits,13,cells,pre_none_off,pre,none,off,5,50,50,1.0,10,10,0.0,1.5,10,16,85000,1.953772951403685,0.7178003062911016,0.5885608856088561,4.0701789821067855,0.7165211062590975,1.0662654122468445,0.4844169518346263,0,9.62
pendigits,13,cells,pre_none_on,pre,none,on,5,50,35,1.0,10,10,0.0,1.5,10,16,59500,1.7744917096596997,0.3927453187714213,0.3653500897666068,2.4166755964901587,0.3309679767103348,1.365558294239113,0.36956980577983184,0,6.694
pendigits,13,cells,pre_footprint_off,pre,footprint,off,5,50,50,1.0,10,10,0.0,1.5,10,16,85000,1.9584365384211262,0.7097972251532096,0.5778801843317972,4.304157692378789,0.6319141193595342,1.1221971670430158,0.47026954858278214,0,12.908
pendigits,13,cells,pre_footprint_on,pre,footprint,on,5,50,36,1.0,10,10,0.0,1.5,10,16,61200,1.9598795072271769,0.6996802139853401,0.573225516621743,4.046985579595149,0.6158114992721979,1.1204443770204715,0.45060321456887503,0,9.21
pendigits,13,cells,pre_mass_off,pre,mass,off,5,50,50,1.0,10,10,0.0,1.5,10,16,85000,1.9703012074282347,0.6526511206176855,0.511520737327189,4.325900387302782,0.5699599708879185,1.1143234442421222,0.4755344606763323,0,9.627
pendigits,13,cells,pre_mass_on,pre,mass,on,5,50,47,1.0,10,10,0.0,1.5,10,16,79900,1.9909207957314647,0.6780586524964702,0.5444743935309974,3.985225428555287,0.5950691411935953,1.0864519564922646,0.4513275106826473,0,9.046
pendigits,13,cells,post_fpmask_off,post,fpmask,off,5,50,50,1.0,10,10,0.0,1.5,10,16,85000,1.7229082319790368,0.6016086346139323,0.48154981549815495,4.19668062186257,0.5517649199417758,1.4137793288204916,0.5272684291998128,0,12.134
pendigits,13,cells,post_massmask_off,post,massmask,off,5,50,50,1.0,10,10,0.0,1.5,10,16,85000,1.1707036806526292,0.5161333689010628,0.40921658986175113,4.353110128091034,0.5165574963609898,3.176184242788492,0.6139452924868216,0,9.757
pendigits,13,cells,pre_fpmask_off,pre,fpmask,off,5,50,50,1.0,10,10,0.0,1.5,10,16,85000,2.2233163085919103,0.7292299004173177,0.5212177121771218,4.105368402067593,0.6486535662299855,0.8305191064321816,0.447000649451319,0,12.816
pendigits,13,cells,pre_massmask_off,pre,massmask,off,5,50,50,1.0,10,10,0.0,1.5,10,16,85000,1.9036337432615387,0.7320624339238825,0.5285977859778598,4.067972376027991,0.6514737991266376,1.12256424780011,0.4578798370728376,0,9.858
pendigits,14,cells,post_none_off,post,none,off,5,50,50,1.0,10,10,0.0,1.5,10,16,85000,1.217155172268514,0.5774529808534715,0.47232472324723246,4.357755231308851,0.5542212518195051,2.9415141035241654,0.6547795624551483,0,11.161
pendigits,14,cells,post_none_on,post,none,on,5,50,50,1.0,10,10,0.0,1.5,10,16,85000,0.8685530915603112,0.40339413989639794,0.348294434470377,2.4600036577219253,0.36299126637554585,5.957760324720601,0.3827714877766076,0,11.182
pendigits,14,cells,post_footprint_off,post,footprint,off,5,50,50,1.0,10,10,0.0,1.5,10,16,85000,1.9821517395825674,0.6921180536323469,0.591705069124424,4.1271737445234065,0.6539301310043668,1.0504586368074702,0.47354128752071856,0,13.09
pendigits,14,cells,post_footprint_on,post,footprint,on,5,50,50,1.0,10,10,0.0,1.5,10,16,85000,1.9850279300842741,0.665377320086875,0.5627306273062731,4.005731597910839,0.6280931586608443,1.049364510635685,0.4740547705199551,0,13.296
pendigits,14,cells,post_mass_off,post,mass,off,5,50,50,1.0,10,10,0.0,1.5,10,16,85000,2.3545392882470177,0.6947403401684913,0.48985239852398527,4.005006143820801,0.6786754002911208,0.7224225662583279,0.4586902700301498,0,10.224
pendigits,14,cells,post_mass_on,post,mass,on,5,50,49,1.0,10,10,0.0,1.5,10,16,83300,2.2333626975553806,0.6650274486596491,0.474169741697417,3.8299349947774197,0.6480167394468704,0.7974324565151324,0.4537589943934382,0,10.527
pendigits,14,cells,pre_none_off,pre,none,off,5,50,50,1.0,10,10,0.0,1.5,10,16,85000,1.9026868826915397,0.6789118045865434,0.46863468634686345,3.992802420910691,0.6706695778748181,1.102917866221163,0.47255916690530786,0,10.791
pendigits,14,cells,pre_none_on,pre,none,on,5,50,50,1.0,10,10,0.0,1.5,10,16,85000,1.8157623819196054,0.41234849823225517,0.35368043087971274,2.470161205756182,0.3681768558951965,1.2464289976359655,0.3795737036992141,0,10.998
pendigits,14,cells,pre_footprint_off,pre,footprint,off,5,50,50,1.0,10,10,0.0,1.5,10,16,85000,2.0093468675946924,0.6697318048990097,0.5894833948339483,4.5264948845553095,0.598344250363901,1.1211202720291296,0.5189347092806605,0,13.542
pendigits,14,cells,pre_footprint_on,pre,footprint,on,5,50,33,1.0,10,10,0.0,1.5,10,16,56100,2.0056422725807703,0.6488721318360602,0.5267527675276753,4.3059580980815335,0.5630458515283843,1.128044827356071,0.5143863032509991,0,8.757
pendigits,14,cells,pre_mass_off,pre,mass,off,5,50,50,1.0,10,10,0.0,1.5,10,16,85000,1.553674969231595,0.6894157324336374,0.6143911439114391,4.2646531913736,0.6468340611353712,1.766702328237774,0.4811814366018336,0,11.318
pendigits,14,cells,pre_mass_on,pre,mass,on,5,50,46,1.0,10,10,0.0,1.5,10,16,78200,1.6237399234480236,0.6911518937177393,0.5304428044280443,4.1090617613871245,0.6635735080058224,1.5740974504662562,0.48955195140695956,0,9.113
pendigits,14,cells,post_fpmask_off,post,fpmask,off,5,50,50,1.0,10,10,0.0,1.5,10,16,85000,1.5414827887820621,0.6084514513663952,0.4769372693726937,4.077181859565214,0.5681404657933042,1.7158634494397786,0.5281358696422367,0,13.862
pendigits,14,cells,post_massmask_off,post,massmask,off,5,50,50,1.0,10,10,0.0,1.5,10,16,85000,1.2188590593620334,0.6071115589018785,0.4714022140221402,4.2169453338167875,0.5751455604075691,2.8385136813247485,0.6080507177217329,0,9.499
pendigits,14,cells,pre_fpmask_off,pre,fpmask,off,5,50,50,1.0,10,10,0.0,1.5,10,16,85000,1.4964856290794226,0.6717770345259132,0.5793357933579336,4.114136666538858,0.6307314410480349,1.8371034514130282,0.4922583562078088,0,13.203
pendigits,14,cells,pre_massmask_off,pre,massmask,off,5,50,50,1.0,10,10,0.0,1.5,10,16,85000,1.8716320888991707,0.6936467566190551,0.4935424354243542,3.9837059088445765,0.6858624454148472,1.1372247549266332,0.46347283543905576,0,9.882
pendigits,15,cells,post_none_off,post,none,off,5,50,50,1.0,10,10,0.0,1.5,10,16,85000,1.544781203279326,0.5339142340920064,0.4944649446494465,4.4456288140871205,0.5288391557496361,1.8629416222931316,0.6644303389980876,0,10.748
pendigits,15,cells,post_none_on,post,none,on,5,50,50,1.0,10,10,0.0,1.5,10,16,85000,1.0935929425735047,0.37863347990463475,0.3496309963099631,2.422273382646585,0.34361353711790393,3.884692996425686,0.38168259639287117,0,10.988
pendigits,15,cells,post_footprint_off,post,footprint,off,5,50,50,1.0,10,10,0.0,1.5,10,16,85000,2.3589871432218517,0.6904177660950503,0.5341328413284133,4.210703809335068,0.6799490538573508,0.7566648248536275,0.48071741135973267,0,12.175
pendigits,15,cells,post_footprint_on,post,footprint,on,5,50,50,1.0,10,10,0.0,1.5,10,16,85000,2.454211056280756,0.649633795823703,0.5322878228782287,4.093233228061426,0.6405567685589519,0.6968499250117652,0.4788596501463168,0,11.095
pendigits,15,cells,post_mass_off,post,mass,off,5,50,50,1.0,10,10,0.0,1.5,10,16,85000,1.9014784482307918,0.640849974943235,0.5092250922509225,4.236648251290274,0.5715975254730713,1.1717624951045547,0.49223270579108763,0,9.708
pendigits,15,cells,post_mass_on,post,mass,on,5,50,42,1.0,10,10,0.0,1.5,10,16,71400,2.2594770526495913,0.6618048330317079,0.4981549815498155,3.9919068288017536,0.6533842794759825,0.8166019545450325,0.477338827575365,0,7.041
pendigits,15,cells,pre_none_off,pre,none,off,5,50,50,1.0,10,10,0.0,1.5,10,16,85000,2.0108812007780608,0.7126746680285364,0.5765682656826568,4.0717675056752425,0.7120633187772926,1.0069551888275632,0.48511766895409886,0,9.394
pendigits,15,cells,pre_none_on,pre,none,on,5,50,50,1.0,10,10,0.0,1.5,10,16,85000,1.6194896291559904,0.37937384099278204,0.3496309963099631,2.4287361280967428,0.3460698689956332,1.6760223507139573,0.3804181945560297,0,9.839
pendigits,15,cells,pre_footprint_off,pre,footprint,off,5,50,50,1.0,10,10,0.0,1.5,10,16,85000,1.5535697402371502,0.5741421524230239,0.4797047970479705,4.700320961974301,0.5176491994177583,1.9474486159945577,0.5768207478551526,0,12.331
pendigits,15,cells,pre_footprint_on,pre,footprint,on,5,50,49,1.0,10,10,0.0,1.5,10,16,83300,2.1940432445402487,0.6177443732928396,0.5059907834101383,4.446269802664708,0.5926128093158661,0.9449575996414645,0.528809925287509,0,12.699
pendigits,15,cells,pre_mass_off,pre,mass,off,5,50,50,1.0,10,10,0.0,1.5,10,16,85000,1.8428071726358295,0.5846482368349553,0.4446494464944649,4.434252146088301,0.5682314410480349,1.3057516910880382,0.5298151524714924,0,9.697
pendigits,15,cells,pre_mass_on,pre,mass,on,5,50,50,1.0,10,10,0.0,1.5,10,16,85000,2.3372416270194565,0.6327010406379666,0.5101476014760148,4.219264558661502,0.5393922852983989,0.8386977185368157,0.5194585572759917,0,9.375
pendigits,15,cells,post_fpmask_off,post,fpmask,off,5,50,50,1.0,10,10,0.0,1.5,10,16,85000,1.6710705269755493,0.5661552997740074,0.46586715867158673,4.332877616698169,0.5595887918486172,1.5516253393241863,0.6089297140073154,0,13.033
pendigits,15,cells,post_massmask_off,post,massmask,off,5,50,50,1.0,10,10,0.0,1.5,10,16,85000,1.6579606718361568,0.535952415746605,0.4492619926199262,4.388031897553936,0.533933770014556,1.5963250429368214,0.6457220922732452,0,10.267
pendigits,15,cells,pre_fpmask_off,pre,fpmask,off,5,50,50,1.0,10,10,0.0,1.5,10,16,85000,2.1714117471867103,0.7127070451609907,0.5747232472324724,4.131559461899292,0.7117903930131004,0.8762532495742251,0.4678705892208862,0,12.894
pendigits,15,cells,pre_massmask_off,pre,massmask,off,5,50,50,1.0,10,10,0.0,1.5,10,16,85000,2.045244797047533,0.713333285830198,0.5765682656826568,4.09681370411018,0.7124272197962155,0.9793899033924034,0.4777566732594746,0,9.85
pendigits,16,cells,post_none_off,post,none,off,5,50,50,1.0,10,10,0.0,1.5,10,16,85000,1.5983546810491909,0.5133554132007143,0.46309963099630996,4.418298320933883,0.5104621542940321,1.7294528296972873,0.6601306403088227,0,10.309
pendigits,16,cells,post_none_on,post,none,on,5,50,50,1.0,10,10,0.0,1.5,10,16,85000,1.1641506264370636,0.3771844070033743,0.30251346499102333,2.4296056375100394,0.3288755458515284,3.34903764485022,0.3830456154043853,0,10.37
pendigits,16,cells,post_footprint_off,post,footprint,off,5,50,50,1.0,10,10,0.0,1.5,10,16,85000,2.7758649456534314,0.7156686366801603,0.5525830258302583,4.1083298938299775,0.6504730713245997,0.5331736089681932,0.45536823058148257,0,12.483
pendigits,16,cells,post_footprint_on,post,footprint,on,5,50,44,1.0,10,10,0.0,1.5,10,16,74800,2.763424378865651,0.7043722229300283,0.5636531365313653,3.935583317674768,0.6346433770014556,0.5383881638065322,0.44803251614935613,0,11.005
pendigits,16,cells,post_mass_off,post,mass,off,5,50,50,1.0,10,10,0.0,1.5,10,16,85000,2.5730026694067276,0.7090686888038084,0.5378228782287823,4.079445482141134,0.6462882096069869,0.616198532967328,0.45804315182970606,0,10.143
pendigits,16,cells,post_mass_on,post,mass,on,5,50,35,1.0,10,10,0.0,1.5,10,16,59500,2.547841461808019,0.6886424700644278,0.540590405904059,3.8409304319556727,0.62627365356623,0.6301953527717906,0.4444951140439973,0,6.705
pendigits,16,cells,pre_none_off,pre,none,off,5,50,50,1.0,10,10,0.0,1.5,10,16,85000,2.3190249729533967,0.6965436875939246,0.522140221402214,4.051359299388269,0.6353711790393013,0.753338060927332,0.469376755568307,0,10.007
pendigits,16,cells,pre_none_on,pre,none,on,5,50,50,1.0,10,10,0.0,1.5,10,16,85000,1.9873945985899655,0.3702823687812771,0.30251346499102333,2.430385542360671,0.310589519650655,1.064715732275877,0.3793509440119665,0,10.401
pendigits,16,cells,pre_footprint_off,pre,footprint,off,5,50,50,1.0,10,10,0.0,1.5,10,16,85000,2.0614480346535,0.6814224287956138,0.49723247232472323,4.280027858039677,0.6142649199417758,1.0071677541025188,0.44487651539496814,0,12.584
pendigits,16,cells,pre_footprint_on,pre,footprint,on,5,50,40,1.0,10,10,0.0,1.5,10,16,68000,2.0595235917750756,0.6760445593781915,0.5202952029520295,4.107647658200968,0.6041666666666666,1.013151465422432,0.44347295697466155,0,9.992
pendigits,16,cells,pre_mass_off,pre,mass,off,5,50,50,1.0,10,10,0.0,1.5,10,16,85000,3.007339253364301,0.7211921264901948,0.5553505535055351,4.1880932830178885,0.6550218340611353,0.4630751759314437,0.440420100808161,0,10.162
pendigits,16,cells,pre_mass_on,pre,mass,on,5,50,50,1.0,10,10,0.0,1.5,10,16,85000,2.991397461186867,0.7087663646449482,0.559040590405904,3.9649729835076655,0.6404657933042213,0.46879743448856087,0.4360113042279778,0,8.989
pendigits,16,cells,post_fpmask_off,post,fpmask,off,5,50,50,1.0,10,10,0.0,1.5,10,16,85000,1.6515285248579852,0.5499154464723465,0.4783410138248848,4.3324538973436875,0.5000909752547307,1.5884069978298185,0.5689794091648311,0,12.768
pendigits,16,cells,post_massmask_off,post,massmask,off,5,50,50,1.0,10,10,0.0,1.5,10,16,85000,1.6982034488951516,0.552580156590645,0.46912442396313364,4.343119241021179,0.5030931586608443,1.5059907904201213,0.5967982889183144,0,10.073
pendigits,16,cells,pre_fpmask_off,pre,fpmask,off,5,50,50,1.0,10,10,0.0,1.5,10,16,85000,2.352718256084826,0.7043889877927216,0.5378228782287823,4.09756069748768,0.6401928675400291,0.7402621609367108,0.4483434948921872,0,12.639
pendigits,16,cells,pre_massmask_off,pre,massmask,off,5,50,50,1.0,10,10,0.0,1.5,10,16,85000,2.325654666392613,0.7000811871121443,0.5285977859778598,4.073151222115881,0.639919941775837,0.7530782064311158,0.45659082731162964,0,9.747
pendigits,17,cells,post_none_off,post,none,off,5,50,50,1.0,10,10,0.0,1.5,10,16,85000,1.4358827154033817,0.5424134230991188,0.47878228782287824,4.41017045127196,0.5353893740902474,2.1390327785716656,0.6575993511593348,0,10.876
pendigits,17,cells,post_none_on,post,none,on,5,50,50,1.0,10,10,0.0,1.5,10,16,85000,1.3229162950218372,0.3979601309435125,0.3419354838709677,2.4616213721620968,0.31413755458515286,2.693179593014238,0.3879046065226951,0,9.38
pendigits,17,cells,post_footprint_off,post,footprint,off,5,50,50,1.0,10,10,0.0,1.5,10,16,85000,1.6524971449786425,0.6077750431949214,0.5022461814914645,4.439935602571067,0.585971615720524,1.6259052576914415,0.5452329349769766,0,12.783
pendigits,17,cells,post_footprint_on,post,footprint,on,5,50,50,1.0,10,10,0.0,1.5,10,16,85000,1.7674260326050164,0.6309646066364298,0.4732472324723247,4.1442091050785255,0.620269286754003,1.3594947583159718,0.4990173520928824,0,12.889
pendigits,17,cells,post_mass_off,post,mass,off,5,50,50,1.0,10,10,0.0,1.5,10,16,85000,1.992769397953933,0.6263645924631102,0.5378228782287823,4.332081963230813,0.5734170305676856,1.0908940531572495,0.5207806446522468,0,9.528
pendigits,17,cells,post_mass_on,post,mass,on,5,50,50,1.0,10,10,0.0,1.5,10,16,85000,1.8102982740586724,0.6188562607331342,0.46494464944649444,4.031167877838525,0.6027110625909753,1.2856203839639964,0.4966081201279533,0,9.261
pendigits,17,cells,pre_none_off,pre,none,off,5,50,50,1.0,10,10,0.0,1.5,10,16,85000,1.9791502018852518,0.6937552304963852,0.5322878228782287,4.064084205835137,0.6685771470160117,1.0375408094721068,0.4969591894578294,0,11.382
pendigits,17,cells,pre_none_on,pre,none,on,5,50,50,1.0,10,10,0.0,1.5,10,16,85000,1.6995488892217248,0.3890394694521884,0.34654377880184334,2.441108853257574,0.29858078602620086,1.5535106229916509,0.3826010600522302,0,10.085
pendigits,17,cells,pre_footprint_off,pre,footprint,off,5,50,50,1.0,10,10,0.0,1.5,10,16,85000,1.4859251722020046,0.5664365311908985,0.4537286612758311,4.58505060664726,0.5041848617176128,2.0765875871653456,0.5405298689692908,0,13.189
pendigits,17,cells,pre_footprint_on,pre,footprint,on,5,50,31,1.0,10,10,0.0,1.5,10,16,52700,1.6604875675125539,0.5782939278534,0.47619047619047616,4.354891864176974,0.49972707423580787,1.662235776339745,0.5263940244828949,0,8.516
pendigits,17,cells,pre_mass_off,pre,mass,off,5,50,50,1.0,10,10,0.0,1.5,10,16,85000,1.5797674677415092,0.6168136606662438,0.5046125461254612,4.4711111326158,0.5969796215429404,1.7915508214861255,0.5299065220736936,0,10.455
pendigits,17,cells,pre_mass_on,pre,mass,on,5,50,50,1.0,10,10,0.0,1.5,10,16,85000,1.887350355258312,0.6350723029516644,0.46863468634686345,4.146381215931655,0.6219978165938864,1.2113021521697418,0.492135739173267,0,9.545
pendigits,17,cells,post_fpmask_off,post,fpmask,off,5,50,50,1.0,10,10,0.0,1.5,10,16,85000,1.5482436208525243,0.5886359640424181,0.48523985239852396,4.203507118076125,0.542849344978166,1.7536107075069256,0.5555702403929563,0,13.756
pendigits,17,cells,post_massmask_off,post,massmask,off,5,50,50,1.0,10,10,0.0,1.5,10,16,85000,1.6377187132556759,0.5280185591602523,0.48663594470046084,4.407545384135104,0.46879548762736534,1.6433049745162212,0.6474540403744251,0,9.523
pendigits,17,cells,pre_fpmask_off,pre,fpmask,off,5,50,50,1.0,10,10,0.0,1.5,10,16,85000,2.1638563275340283,0.6914152078243931,0.533210332103321,4.1343364413729855,0.6663937409024745,0.8829761477639522,0.48423422204521044,0,13.485
pendigits,17,cells,pre_massmask_off,pre,massmask,off,5,50,50,1.0,10,10,0.0,1.5,10,16,85000,2.0020664998415216,0.6779269662358112,0.5267527675276753,4.088159829872571,0.6544759825327511,1.0199311809602902,0.49601095633293213,0,10.333
pendigits,18,cells,post_none_off,post,none,off,5,50,50,1.0,10,10,0.0,1.5,10,16,85000,1.4356315272568343,0.4901322386114343,0.4248847926267281,4.450528956532202,0.49072052401746724,2.1593630060294293,0.6657142945993831,0,9.743
pendigits,18,cells,post_none_on,post,none,on,5,50,50,1.0,10,10,0.0,1.5,10,16,85000,1.5379919775750601,0.38621056207331955,0.3456221198156682,2.422557558983346,0.34252183406113534,1.9252006105000918,0.37643056036896777,0,10.529
pendigits,18,cells,post_footprint_off,post,footprint,off,5,50,50,1.0,10,10,0.0,1.5,10,16,85000,1.7631605857115034,0.6323966350216506,0.45018450184501846,4.212605995745985,0.5901564774381368,1.3550867653918255,0.4979250927856775,0,12.65
pendigits,18,cells,post_footprint_on,post,footprint,on,5,50,41,1.0,10,10,0.0,1.5,10,16,69700,1.9464394240008387,0.6439954070818968,0.5299539170506913,4.212701461750994,0.5384825327510917,1.168916937672614,0.4955893271229517,0,10.191
pendigits,18,cells,post_mass_off,post,mass,off,5,50,50,1.0,10,10,0.0,1.5,10,16,85000,2.41900752920165,0.6587579423855938,0.5295202952029521,4.150582209781251,0.6512918486171762,0.7093075458510104,0.47697231205135115,0,9.839
pendigits,18,cells,post_mass_on,post,mass,on,5,50,50,1.0,10,10,0.0,1.5,10,16,85000,1.9968784460033704,0.6144844530179633,0.5069124423963134,4.164479849406451,0.5421215429403202,1.1128566750444904,0.5078168385243967,0,10.68
pendigits,18,cells,pre_none_off,pre,none,off,5,50,50,1.0,10,10,0.0,1.5,10,16,85000,1.9667641107274305,0.7176532790749474,0.5793357933579336,4.07304292607928,0.7171579330422125,1.0529662170918122,0.4845976965641283,0,10.065
pendigits,18,cells,pre_none_on,pre,none,on,5,50,50,1.0,10,10,0.0,1.5,10,16,85000,2.2369598619916236,0.38114928220062894,0.34838709677419355,2.432756855640123,0.3247816593886463,0.8778730627845871,0.3787299899812013,0,10.029
pendigits,18,cells,pre_footprint_off,pre,footprint,off,5,50,50,1.0,10,10,0.0,1.5,10,16,85000,1.619189399099037,0.6323120887099102,0.5157232704402516,4.652298282503495,0.5423944687045124,1.774484655099463,0.5195796053625569,0,12.712
pendigits,18,cells,pre_footprint_on,pre,footprint,on,5,50,47,1.0,10,10,0.0,1.5,10,16,79900,1.613212639661948,0.6420719730430259,0.5050691244239631,4.381999989006081,0.5318413391557496,1.7983469285940832,0.5055207262851026,0,11.743
pendigits,18,cells,pre_mass_off,pre,mass,off,5,50,50,1.0,10,10,0.0,1.5,10,16,85000,1.9876286753721097,0.6708089672286264,0.56036866359447,4.47689506824301,0.5952510917030568,1.1331995880764238,0.48603783847474863,0,9.364
pendigits,18,cells,pre_mass_on,pre,mass,on,5,50,30,1.0,10,10,0.0,1.5,10,16,51000,1.943232207387601,0.6586672539619849,0.5327188940092166,4.2394503886006,0.5472161572052402,1.2000211559506333,0.4770241436519171,0,5.948
pendigits,18,cells,post_fpmask_off,post,fpmask,off,5,50,50,1.0,10,10,0.0,1.5,10,16,85000,1.7806532410994922,0.5707492681369886,0.45202952029520294,4.3382161582301695,0.5258369723435226,1.3682091123816205,0.5690917613967589,0,14.118
pendigits,18,cells,post_massmask_off,post,massmask,off,5,50,50,1.0,10,10,0.0,1.5,10,16,85000,1.3890616470114605,0.5035101577854343,0.4492619926199262,4.466582587971137,0.487627365356623,2.3149004960648276,0.6581218212411156,0,10.03
pendigits,18,cells,pre_fpmask_off,pre,fpmask,off,5,50,50,1.0,10,10,0.0,1.5,10,16,85000,2.3250530113460313,0.6873543444431552,0.492619926199262,4.128043367123849,0.63264192139738,0.7636221768998851,0.4530991895767102,0,11.541
pendigits,18,cells,pre_massmask_off,pre,massmask,off,5,50,50,1.0,10,10,0.0,1.5,10,16,85000,1.9927514829172057,0.7164024822707087,0.5747232472324724,4.096718425271922,0.7152474526928675,1.031643944169563,0.4759161934048542,0,9.468
pendigits,19,cells,post_none_off,post,none,off,5,50,50,1.0,10,10,0.0,1.5,10,16,85000,1.5578710708170955,0.5162623997352391,0.44280442804428044,4.415707493180656,0.4942685589519651,1.819438044744256,0.6543771334286994,0,9.322
pendigits,19,cells,post_none_on,post,none,on,5,50,50,1.0,10,10,0.0,1.5,10,16,85000,1.3742738881491032,0.38656788236853357,0.34838709677419355,2.4179527109230197,0.3328784570596798,2.37447423146459,0.3733753510299985,0,10.649
pendigits,19,cells,post_footprint_off,post,footprint,off,5,50,50,1.0,10,10,0.0,1.5,10,16,85000,2.405900100922863,0.6954814407475042,0.474169741697417,4.040004135649368,0.6885007278020379,0.697953724213501,0.4553379185799415,0,12.569
pendigits,19,cells,post_footprint_on,post,footprint,on,5,50,50,1.0,10,10,0.0,1.5,10,16,85000,1.9382420484460638,0.6632334604166583,0.47601476014760147,4.013155916548244,0.6603893740902474,1.10285054707059,0.4823380253975532,0,13.12
pendigits,19,cells,post_mass_off,post,mass,off,5,50,50,1.0,10,10,0.0,1.5,10,16,85000,2.305059285923954,0.6855899775366852,0.474169741697417,4.0250438034746345,0.6775836972343523,0.7575414681063145,0.4629174861380701,0,10.312
pendigits,19,cells,post_mass_on,post,mass,on,5,50,50,1.0,10,10,0.0,1.5,10,16,85000,2.126914177005317,0.6536772811391682,0.488929889298893,3.8165023996823204,0.6042576419213974,0.8860785179537675,0.45734316455431323,0,10.31
pendigits,19,cells,pre_none_off,pre,none,off,5,50,50,1.0,10,10,0.0,1.5,10,16,85000,1.9676808343864616,0.6934790918035577,0.48985239852398527,3.9646456185676553,0.6768558951965066,1.02398846102608,0.46502004156106475,0,10.393
pendigits,19,cells,pre_none_on,pre,none,on,5,50,50,1.0,10,10,0.0,1.5,10,16,85000,2.0248509507064525,0.38368929946418556,0.3511520737327189,2.423565808366473,0.3260553129548763,1.0173974621872575,0.37202012384917155,0,8.485
pendigits,19,cells,pre_footprint_off,pre,footprint,off,5,50,50,1.0,10,10,0.0,1.5,10,16,85000,2.5849653096213117,0.7322612276108416,0.5756457564575646,4.165876326250835,0.7322598253275109,0.6234432602294272,0.4504489467313968,0,11.528
pendigits,19,cells,pre_footprint_on,pre,footprint,on,5,50,50,1.0,10,10,0.0,1.5,10,16,85000,2.813057833855138,0.7012854136888926,0.5040431266846361,4.062816423479394,0.701146288209607,0.5300246660974978,0.4586578889389032,0,11.849
pendigits,19,cells,pre_mass_off,pre,mass,off,5,50,50,1.0,10,10,0.0,1.5,10,16,85000,2.54303094312096,0.7042055444546736,0.4843173431734317,4.087401037208522,0.6949599708879185,0.632039122664472,0.44265841436343323,0,9.597
pendigits,19,cells,pre_mass_on,pre,mass,on,5,50,41,1.0,10,10,0.0,1.5,10,16,69700,2.93463420196786,0.6942698015503295,0.5130278526504941,4.00601333213444,0.6749454148471615,0.4919861725925219,0.45243700155625877,0,6.819
pendigits,19,cells,post_fpmask_off,post,fpmask,off,5,50,50,1.0,10,10,0.0,1.5,10,16,85000,1.5675366908549682,0.5593499330514297,0.4470046082949309,4.2823311699026245,0.5171033478893741,1.7427890394451107,0.5621365304738801,0,12.867
pendigits,19,cells,post_massmask_off,post,massmask,off,5,50,50,1.0,10,10,0.0,1.5,10,16,85000,1.5573310022357458,0.5069498139111707,0.4418819188191882,4.400038142845769,0.4877183406113537,1.814239351344973,0.6291651814260463,0,7.473
pendigits,19,cells,pre_fpmask_off,pre,fpmask,off,5,50,50,1.0,10,10,0.0,1.5,10,16,85000,2.2042547720522436,0.6952493031215317,0.49907749077490776,4.013703135446136,0.6747634643377002,0.8260791643146808,0.45284977548501665,0,10.669
pendigits,19,cells,pre_massmask_off,pre,massmask,off,5,50,50,1.0,10,10,0.0,1.5,10,16,85000,1.974543643732758,0.6955862491631042,0.49907749077490776,3.989903754164197,0.6740356622998545,1.0233611945142802,0.46048972555061807,0,8.185
digits_pca16,10,cells,post_none_off,post,none,off,5,50,50,1.0,10,10,0.0,1.3,10,16,85000,1.5499930705982878,0.4208660600751883,0.27071823204419887,8.227142465626187,0.3834168057874235,3.4244395531094254,0.7795283955733121,0,1.556
digits_pca16,10,cells,post_none_on,post,none,on,5,50,50,1.0,10,10,0.0,1.3,10,16,85000,1.148055832986576,0.29918805842549046,0.25,4.571351866780239,0.2392877017250974,6.245029579789288,0.2910604161841354,0,1.947
digits_pca16,10,cells,post_footprint_off,post,footprint,off,5,50,50,1.0,10,10,0.0,1.3,10,16,85000,2.5129703990401544,0.667063220183872,0.4388888888888889,8.09869419646298,0.5820812465219811,1.2824494468821468,0.48852476913444687,0,3.102
digits_pca16,10,cells,post_footprint_on,post,footprint,on,5,50,50,1.0,10,10,0.0,1.3,10,16,85000,1.3801491262061756,0.6166913348692945,0.4722222222222222,7.678877506452047,0.4974958263772955,4.317051056155949,0.4849291046193173,0,2.97
digits_pca16,10,cells,post_mass_off,post,mass,off,5,50,50,1.0,10,10,0.0,1.3,10,16,85000,2.1204189427290374,0.6167105851423478,0.45555555555555555,7.965889668413166,0.5759599332220368,1.7717030640088791,0.5066728184629015,0,1.501
digits_pca16,10,cells,post_mass_on,post,mass,on,5,50,50,1.0,10,10,0.0,1.3,10,16,85000,1.6329492828276644,0.5606297048256657,0.45555555555555555,7.538835427814936,0.4373956594323873,3.0610041754921435,0.5051988073360922,0,1.689
digits_pca16,10,cells,pre_none_off,pre,none,off,5,50,50,1.0,10,10,0.0,1.3,10,16,85000,2.019749503078397,0.5662565283638747,0.3867403314917127,7.912121375453293,0.5442404006677797,1.939536339377166,0.530584933536365,0,2.286
digits_pca16,10,cells,pre_none_on,pre,none,on,5,50,50,1.0,10,10,0.0,1.3,10,16,85000,1.2761078510254686,0.31425260763677976,0.26666666666666666,4.02107840732335,0.2476349471341124,5.087997523025425,0.2787396070632031,0,1.633
digits_pca16,10,cells,pre_footprint_off,pre,footprint,off,5,50,50,1.0,10,10,0.0,1.3,10,16,85000,2.9075334341399115,0.6369102888062781,0.4585635359116022,8.655154310797784,0.5214245965498052,1.0238241755645574,0.49135337574733556,0,3.062
digits_pca16,10,cells,pre_footprint_on,pre,footprint,on,5,50,50,1.0,10,10,0.0,1.3,10,16,85000,2.8207768794818158,0.650609562994629,0.4861878453038674,8.102002178469936,0.49638286032276013,1.0828534634566993,0.4617051980286402,0,3.264
digits_pca16,10,cells,pre_mass_off,pre,mass,off,5,50,50,1.0,10,10,0.0,1.3,10,16,85000,3.1390448669090727,0.6888406501106594,0.5138121546961326,8.574080513895568,0.5403450194769059,0.8701467671688944,0.47244688829920134,0,2.065
digits_pca16,10,cells,pre_mass_on,pre,mass,on,5,50,50,1.0,10,10,0.0,1.3,10,16,85000,2.7489619509533316,0.613767323897429,0.34444444444444444,8.027655992600883,0.4574290484140234,1.1413819223114812,0.4757835088926512,0,1.99
digits_pca16,10,cells,post_fpmask_off,post,fpmask,off,5,50,50,1.0,10,10,0.0,1.3,10,16,85000,1.531819242342092,0.40854219350082177,0.3111111111111111,8.145667232987966,0.3739565943238731,3.4714556628521405,0.7204485667100337,0,3.423
digits_pca16,10,cells,post_massmask_off,post,massmask,off,5,50,50,1.0,10,10,0.0,1.3,10,16,85000,1.5667171884561237,0.42440563672017645,0.27071823204419887,8.275419356297851,0.3834168057874235,3.3713884501289586,0.7535640656264447,0,1.576
digits_pca16,10,cells,pre_fpmask_off,pre,fpmask,off,5,50,50,1.0,10,10,0.0,1.3,10,16,85000,1.9507384121489872,0.6157023213720192,0.4888888888888889,8.160155260029867,0.560378408458542,2.1443730990996865,0.5147436910386074,0,3.141
digits_pca16,10,cells,pre_massmask_off,pre,massmask,off,5,50,50,1.0,10,10,0.0,1.3,10,16,85000,2.0134947593595514,0.6456713816174057,0.4419889502762431,8.00060134067097,0.5976627712854758,1.9734295339066859,0.5079492534361164,0,1.929
digits_pca16,11,cells,post_none_off,post,none,off,5,50,50,1.0,10,10,0.0,1.3,10,16,85000,1.6947595654978989,0.4072106090574083,0.30939226519337015,8.252343669874861,0.3745130773511408,2.873168644845974,0.7779078253938568,0,1.165
digits_pca16,11,cells,post_none_on,post,none,on,5,50,37,1.0,10,10,0.0,1.3,10,16,62900,1.2363884440423925,0.3131776575020919,0.2611111111111111,4.393687821924834,0.2576516416249304,5.351130313331096,0.27706781176397904,0,1.401
digits_pca16,11,cells,post_footprint_off,post,footprint,off,5,50,50,1.0,10,10,0.0,1.3,10,16,85000,1.557449637052364,0.5483683918089052,0.4166666666666667,8.253813517581392,0.5091819699499165,3.402723251353774,0.5511441461622393,0,3.413
digits_pca16,11,cells,post_footprint_on,post,footprint,on,5,50,50,1.0,10,10,0.0,1.3,10,16,85000,1.5635900258589608,0.5642255759024016,0.4444444444444444,7.807429620017276,0.5180856983861992,3.335331799859622,0.5117815493580543,0,3.142
digits_pca16,11,cells,post_mass_off,post,mass,off,5,50,50,1.0,10,10,0.0,1.3,10,16,85000,1.9466848109099297,0.5629782459257273,0.40555555555555556,8.130686571960034,0.5191986644407346,2.1455366586205917,0.538102547440142,0,2.006
digits_pca16,11,cells,post_mass_on,post,mass,on,5,50,50,1.0,10,10,0.0,1.3,10,16,85000,1.957956992244983,0.5172866835187654,0.39444444444444443,7.471029009868186,0.4774624373956594,2.111142732358588,0.4858040411052543,0,1.757
digits_pca16,11,cells,pre_none_off,pre,none,off,5,50,50,1.0,10,10,0.0,1.3,10,16,85000,2.089618738008097,0.5568279339711851,0.4,7.981984654559665,0.5047301057317752,1.8280024795499503,0.5409461679618178,0,1.721
digits_pca16,11,cells,pre_none_on,pre,none,on,5,50,50,1.0,10,10,0.0,1.3,10,16,85000,1.659432408995657,0.33429328256715884,0.25,4.04806712956547,0.2687813021702838,2.9407710607195763,0.27536787486957914,0,1.676
digits_pca16,11,cells,pre_footprint_off,pre,footprint,off,5,50,50,1.0,10,10,0.0,1.3,10,16,85000,1.5727724899751794,0.6378642607848952,0.46408839779005523,8.486086837371383,0.5920979410127991,3.430644078221147,0.5366636336599264,0,3.009
digits_pca16,11,cells,pre_footprint_on,pre,footprint,on,5,50,50,1.0,10,10,0.0,1.3,10,16,85000,1.5694739471774912,0.5425367063663693,0.4,8.175036039538458,0.4713411240957151,3.465762471083881,0.5599902290335356,0,3.073
digits_pca16,11,cells,pre_mass_off,pre,mass,off,5,50,50,1.0,10,10,0.0,1.3,10,16,85000,1.560690249903308,0.5622631164719072,0.39664804469273746,8.40198614718683,0.5514746800222593,3.4494394563342965,0.5593798824428097,0,1.775
digits_pca16,11,cells,pre_mass_on,pre,mass,on,5,50,50,1.0,10,10,0.0,1.3,10,16,85000,1.565929052794513,0.5516953480168361,0.4166666666666667,7.898944982784196,0.5147468002225932,3.4116098206478007,0.5138596810808636,0,1.941
digits_pca16,11,cells,post_fpmask_off,post,fpmask,off,5,50,50,1.0,10,10,0.0,1.3,10,16,85000,1.6051239097430736,0.4128743784048935,0.30386740331491713,8.179961372498504,0.4067890929326656,3.174929783118035,0.7345504767579896,0,2.94
digits_pca16,11,cells,post_massmask_off,post,massmask,off,5,50,50,1.0,10,10,0.0,1.3,10,16,85000,1.7197134669223273,0.40764837492447115,0.32044198895027626,8.322364999863272,0.36282693377851977,2.8140679156992943,0.775367173383053,0,2.109
digits_pca16,11,cells,pre_fpmask_off,pre,fpmask,off,5,50,50,1.0,10,10,0.0,1.3,10,16,85000,2.047546717699387,0.5588238487915169,0.4,8.080492150948828,0.5047301057317752,1.9273925393380706,0.5311547728978888,0,3.152
digits_pca16,11,cells,pre_massmask_off,pre,massmask,off,5,50,50,1.0,10,10,0.0,1.3,10,16,85000,2.0673038857484065,0.5858334194444027,0.4222222222222222,8.002429969047249,0.5364496382860323,1.872462980920339,0.5459648148380444,0,1.163
digits_pca16,12,cells,post_none_off,post,none,off,5,50,50,1.0,10,10,0.0,1.3,10,16,85000,1.695431353873576,0.37545588763231946,0.3055555555555556,8.250341637306311,0.35392320534223703,2.870195715604606,0.7833133925548899,0,1.869
digits_pca16,12,cells,post_none_on,post,none,on,5,50,50,1.0,10,10,0.0,1.3,10,16,85000,1.3471682030436432,0.2998698900605935,0.25,4.5992162228567866,0.27212020033388984,4.515668654888045,0.28552487423419437,0,1.524
digits_pca16,12,cells,post_footprint_off,post,footprint,off,5,50,50,1.0,10,10,0.0,1.3,10,16,85000,2.4477335258144564,0.6284671988110412,0.49444444444444446,8.120662272586824,0.5987757373400111,1.3553865653539925,0.5165783929286835,0,3.252
digits_pca16,12,cells,post_footprint_on,post,footprint,on,5,50,50,1.0,10,10,0.0,1.3,10,16,85000,2.4701380484368722,0.582000078528252,0.4444444444444444,7.817442748227668,0.5397885364496383,1.329962777324769,0.5081642049941805,0,3.445
digits_pca16,12,cells,post_mass_off,post,mass,off,5,50,50,1.0,10,10,0.0,1.3,10,16,85000,2.4567443278178187,0.5821347206033358,0.4088397790055249,8.11586858604167,0.5036171396772399,1.3446680383920935,0.5253533768514885,0,1.844
digits_pca16,12,cells,post_mass_on,post,mass,on,5,50,50,1.0,10,10,0.0,1.3,10,16,85000,2.28460667296025,0.5224743192522984,0.40555555555555556,7.549668920386589,0.4969393433500278,1.5475639436671484,0.5036205760140042,0,1.952
digits_pca16,12,cells,pre_none_off,pre,none,off,5,50,50,1.0,10,10,0.0,1.3,10,16,85000,2.0709110022597517,0.5751185322734698,0.40555555555555556,7.9677905064023,0.5392320534223706,1.8578687765697453,0.5647890605359055,0,1.686
digits_pca16,12,cells,pre_none_on,pre,none,on,5,50,50,1.0,10,10,0.0,1.3,10,16,85000,1.6474907606341673,0.3222055317516466,0.2824858757062147,4.094306606625705,0.27879799666110183,2.9738359413452753,0.27747636158071304,0,1.846
digits_pca16,12,cells,pre_footprint_off,pre,footprint,off,5,50,50,1.0,10,10,0.0,1.3,10,16,85000,2.6500090455816148,0.6177465575187184,0.36666666666666664,8.428851900126041,0.5976627712854758,1.2002555155398995,0.5059109913863837,0,3.316
digits_pca16,12,cells,pre_footprint_on,pre,footprint,on,5,50,33,1.0,10,10,0.0,1.3,10,16,56100,2.5999318836334826,0.5764428145699899,0.3611111111111111,8.188581977232605,0.5525876460767947,1.2517272215729893,0.508651660234672,0,2.081
digits_pca16,12,cells,pre_mass_off,pre,mass,off,5,50,50,1.0,10,10,0.0,1.3,10,16,85000,2.649920824098415,0.6127680483091915,0.36666666666666664,8.384275799250014,0.5920979410127991,1.1939874442772145,0.5077000511175822,0,1.738
digits_pca16,12,cells,pre_mass_on,pre,mass,on,5,50,34,1.0,10,10,0.0,1.3,10,16,57800,2.581563391619565,0.5575206411149702,0.37222222222222223,7.9947098987740155,0.5258764607679466,1.262452169563685,0.5041617577641804,0,0.868
digits_pca16,12,cells,post_fpmask_off,post,fpmask,off,5,50,50,1.0,10,10,0.0,1.3,10,16,85000,1.6518419444271777,0.3899557947385427,0.3333333333333333,8.201875556432942,0.36505286588759045,3.005911542864751,0.736630060148173,0,3.221
digits_pca16,12,cells,post_massmask_off,post,massmask,off,5,50,50,1.0,10,10,0.0,1.3,10,16,85000,1.6953378625013664,0.37545588763231946,0.3055555555555556,8.25036150961671,0.35392320534223703,2.8705191989776506,0.7833255659172211,0,1.848
digits_pca16,12,cells,pre_fpmask_off,pre,fpmask,off,5,50,50,1.0,10,10,0.0,1.3,10,16,85000,2.111427934145991,0.5515380725287262,0.38333333333333336,8.073717304894082,0.5197551474680022,1.8110106860541684,0.5404255172268656,0,3.883
digits_pca16,12,cells,pre_massmask_off,pre,massmask,off,5,50,50,1.0,10,10,0.0,1.3,10,16,85000,2.05484508870828,0.593090129079344,0.4198895027624309,7.983900033242035,0.5564830272676683,1.8908492997379989,0.547847076340058,0,1.703
digits_pca16,13,cells,post_none_off,post,none,off,5,50,50,1.0,10,10,0.0,1.3,10,16,85000,1.6172339860918377,0.41899322213005324,0.3333333333333333,8.24601929338728,0.3850862548692265,3.152816013739078,0.7564763334904517,0,2.218
digits_pca16,13,cells,post_none_on,post,none,on,5,50,44,1.0,10,10,0.0,1.3,10,16,74800,0.9145531637383776,0.30148276189362544,0.25555555555555554,4.556775903467483,0.23427935447968837,9.849002658804636,0.2914121056599,0,1.65
digits_pca16,13,cells,post_footprint_off,post,footprint,off,5,50,50,1.0,10,10,0.0,1.3,10,16,85000,2.4350418013288904,0.6724010424663021,0.4777777777777778,8.002793014623268,0.6338341680578742,1.349673567098715,0.47907571469473864,0,3.552
digits_pca16,13,cells,post_footprint_on,post,footprint,on,5,50,50,1.0,10,10,0.0,1.3,10,16,85000,2.3603103526895155,0.6277997985927197,0.4777777777777778,7.608970995147849,0.5859766277128547,1.4375885469054788,0.4623176540501389,0,3.433
digits_pca16,13,cells,post_mass_off,post,mass,off,5,50,50,1.0,10,10,0.0,1.3,10,16,85000,2.1394289325885536,0.6569846633103229,0.46111111111111114,7.948288702883001,0.6210350584307178,1.736512460841154,0.48897842955029247,0,1.776
digits_pca16,13,cells,post_mass_on,post,mass,on,5,50,50,1.0,10,10,0.0,1.3,10,16,85000,1.4457203667315324,0.5708722276539047,0.37777777777777777,7.368424025972932,0.5191986644407346,3.8020984152055006,0.47188779692403554,0,1.885
digits_pca16,13,cells,pre_none_off,pre,none,off,5,50,50,1.0,10,10,0.0,1.3,10,16,85000,2.042517784971708,0.6264251332621923,0.45,7.904293564184658,0.5909849749582637,1.8946603556819557,0.5113454250404527,0,1.634
digits_pca16,13,cells,pre_none_on,pre,none,on,5,50,50,1.0,10,10,0.0,1.3,10,16,85000,1.4487544200978302,0.3008783756566049,0.25555555555555554,4.604530803640285,0.23594880356149137,4.028120099679518,0.2953283245716668,0,1.815
digits_pca16,13,cells,pre_footprint_off,pre,footprint,off,5,50,50,1.0,10,10,0.0,1.3,10,16,85000,3.0163295190987225,0.7153719710199666,0.49444444444444446,8.214900150247146,0.674457429048414,0.9029105352544201,0.4502754954465638,0,2.543
digits_pca16,13,cells,pre_footprint_on,pre,footprint,on,5,50,42,1.0,10,10,0.0,1.3,10,16,71400,2.9765036041197,0.6754269027376909,0.48333333333333334,7.932607064285753,0.6338341680578742,0.9332895102443269,0.44793774706867934,0,2.28
digits_pca16,13,cells,pre_mass_off,pre,mass,off,5,50,50,1.0,10,10,0.0,1.3,10,16,85000,2.9179542180620452,0.7149005776556127,0.4888888888888889,8.216146759293931,0.6750139120756817,0.9649642877092558,0.4527450274064616,0,1.29
digits_pca16,13,cells,pre_mass_on,pre,mass,on,5,50,50,1.0,10,10,0.0,1.3,10,16,85000,2.8741617527255015,0.659862256378244,0.4777777777777778,7.8296374379852045,0.6154702281580412,1.000598003866354,0.4480635281806872,0,1.421
digits_pca16,13,cells,post_fpmask_off,post,fpmask,off,5,50,50,1.0,10,10,0.0,1.3,10,16,85000,1.5207988624353694,0.4291717416144888,0.3,8.109658437323146,0.3989983305509182,3.5063801976835767,0.7095131963177239,0,3.78
digits_pca16,13,cells,post_massmask_off,post,massmask,off,5,50,50,1.0,10,10,0.0,1.3,10,16,85000,1.6501734268391033,0.4172763650399835,0.3149171270718232,8.205291711031128,0.38731218697829717,3.0132477916878764,0.7464579095758419,0,1.924
digits_pca16,13,cells,pre_fpmask_off,pre,fpmask,off,5,50,50,1.0,10,10,0.0,1.3,10,16,85000,2.126962739368867,0.6220501968693284,0.4166666666666667,8.031247912490835,0.5698386199220924,1.7752653165984427,0.4945011685569841,0,3.052
digits_pca16,13,cells,pre_massmask_off,pre,massmask,off,5,50,50,1.0,10,10,0.0,1.3,10,16,85000,1.9432658517711248,0.6431272569039206,0.4388888888888889,8.015196118088756,0.6076794657762938,2.1225098538355303,0.5404052869354128,0,1.95
digits_pca16,14,cells,post_none_off,post,none,off,5,50,50,1.0,10,10,0.0,1.3,10,16,85000,1.733064594936405,0.4448687879440823,0.3333333333333333,8.279785364186958,0.3606010016694491,2.756700459366011,0.7570376050000419,0,1.789
digits_pca16,14,cells,post_none_on,post,none,on,5,50,38,1.0,10,10,0.0,1.3,10,16,64600,1.1473523333724167,0.30936384592610244,0.25555555555555554,4.498963418011313,0.25153032832498606,6.2712770278299,0.28262185598461637,0,1.468
digits_pca16,14,cells,post_footprint_off,post,footprint,off,5,50,50,1.0,10,10,0.0,1.3,10,16,85000,2.3585482956031694,0.6426805776305231,0.45,8.082974685119353,0.5219810795770728,1.453053722353803,0.4873436339506517,0,3.24
digits_pca16,14,cells,post_footprint_on,post,footprint,on,5,50,50,1.0,10,10,0.0,1.3,10,16,85000,2.4409018784024608,0.5996047651338696,0.4222222222222222,7.67026628050576,0.4535336672231497,1.3809147430341506,0.4665286401402708,0,3.653
digits_pca16,14,cells,post_mass_off,post,mass,off,5,50,50,1.0,10,10,0.0,1.3,10,16,85000,2.313579831744726,0.5680158646706468,0.46111111111111114,8.286895224852266,0.4602114635503617,1.5481850464999893,0.5233729643826855,0,2.301
digits_pca16,14,cells,post_mass_on,post,mass,on,5,50,50,1.0,10,10,0.0,1.3,10,16,85000,2.253131032772334,0.5622193008047163,0.36464088397790057,7.035426869847723,0.4112409571508069,1.6152402333219864,0.4249214712646423,0,1.257
digits_pca16,14,cells,pre_none_off,pre,none,off,5,50,50,1.0,10,10,0.0,1.3,10,16,85000,2.111821461949081,0.6078003628514088,0.37777777777777777,7.99575098866365,0.525319977740679,1.7928537422141912,0.5178564995320856,0,1.551
digits_pca16,14,cells,pre_none_on,pre,none,on,5,50,50,1.0,10,10,0.0,1.3,10,16,85000,1.773686386940853,0.34114290028398464,0.2611111111111111,3.999389329117147,0.24207011686143573,2.5813267689777617,0.2675423325748253,0,1.193
digits_pca16,14,cells,pre_footprint_off,pre,footprint,off,5,50,50,1.0,10,10,0.0,1.3,10,16,85000,2.5615626973701864,0.641876722829472,0.46111111111111114,8.454082365983991,0.452977184195882,1.288417141802081,0.4559390679204803,0,2.673
digits_pca16,14,cells,pre_footprint_on,pre,footprint,on,5,50,50,1.0,10,10,0.0,1.3,10,16,85000,2.8758620519353717,0.6353127710492241,0.4388888888888889,7.838822152291975,0.48747913188647746,1.0080806227425145,0.4269060331990974,0,2.499
digits_pca16,14,cells,pre_mass_off,pre,mass,off,5,50,50,1.0,10,10,0.0,1.3,10,16,85000,2.527522660786654,0.6297341715116374,0.45555555555555555,8.384099803509656,0.44741235392320533,1.312400307520158,0.4618134906230334,0,1.808
digits_pca16,14,cells,pre_mass_on,pre,mass,on,5,50,50,1.0,10,10,0.0,1.3,10,16,85000,2.6648303694319058,0.6377047189276078,0.42777777777777776,7.600569390978384,0.4607679465776294,1.170244704211952,0.41100079104491505,0,2.11
digits_pca16,14,cells,post_fpmask_off,post,fpmask,off,5,50,50,1.0,10,10,0.0,1.3,10,16,85000,1.589633116209578,0.4742446171538524,0.37222222222222223,8.230104125159837,0.38953811908736785,3.2569532625453386,0.7468931410594156,0,3.228
digits_pca16,14,cells,post_massmask_off,post,massmask,off,5,50,50,1.0,10,10,0.0,1.3,10,16,85000,1.7063708045600356,0.4499385067118462,0.3388888888888889,8.217723283203838,0.36894824707846413,2.822309836268162,0.7297427960580865,0,1.702
digits_pca16,14,cells,pre_fpmask_off,pre,fpmask,off,5,50,50,1.0,10,10,0.0,1.3,10,16,85000,2.166536860659437,0.6387977733428694,0.38333333333333336,8.032338432947837,0.5548135781858653,1.7112357078186877,0.4806047129834964,0,3.215
digits_pca16,14,cells,pre_massmask_off,pre,massmask,off,5,50,50,1.0,10,10,0.0,1.3,10,16,85000,2.2212258446154536,0.6497604969948665,0.38333333333333336,7.9837570748205895,0.555370061213133,1.6181615522844572,0.49806455569833696,0,1.654
digits_pca16,15,cells,post_none_off,post,none,off,5,50,50,1.0,10,10,0.0,1.3,10,16,85000,1.6772229621420687,0.41143304052774343,0.3055555555555556,8.237181932768475,0.37340011129660544,2.9281752077328003,0.7718927064272743,0,2.012
digits_pca16,15,cells,post_none_on,post,none,on,5,50,50,1.0,10,10,0.0,1.3,10,16,85000,1.1089406309483676,0.3176583913121006,0.25,4.518198963545285,0.2570951585976628,6.673802458716172,0.28947888760727514,0,2.017
digits_pca16,15,cells,post_footprint_off,post,footprint,off,5,50,50,1.0,10,10,0.0,1.3,10,16,85000,2.1941772597644067,0.5652430060755699,0.43333333333333335,8.220830088539294,0.48747913188647746,1.7075453729856653,0.5240845934587884,0,3.767
digits_pca16,15,cells,post_footprint_on,post,footprint,on,5,50,50,1.0,10,10,0.0,1.3,10,16,85000,2.213525856594919,0.6079805878343328,0.46111111111111114,7.672336168706621,0.4557595993322204,1.663943351090012,0.4614425998007727,0,3.49
digits_pca16,15,cells,post_mass_off,post,mass,off,5,50,50,1.0,10,10,0.0,1.3,10,16,85000,2.141469285222879,0.5934495227719341,0.45054945054945056,8.078205035346572,0.46410684474123537,1.7615345773797013,0.5071172093642785,0,2.071
digits_pca16,15,cells,post_mass_on,post,mass,on,5,50,50,1.0,10,10,0.0,1.3,10,16,85000,1.7594229604104519,0.538408994505254,0.45555555555555555,7.493424874273909,0.447968836950473,2.6088121109062032,0.49195679214346816,0,1.581
digits_pca16,15,cells,pre_none_off,pre,none,off,5,50,50,1.0,10,10,0.0,1.3,10,16,85000,2.048775443633019,0.5764291432506684,0.425414364640884,7.931686563987958,0.5281023928770172,1.8896302108529306,0.5265262369979998,0,2.183
digits_pca16,15,cells,pre_none_on,pre,none,on,5,50,50,1.0,10,10,0.0,1.3,10,16,85000,1.7741436483512183,0.36030664429614345,0.2611111111111111,4.039790128783984,0.27824151363383415,2.7439353060545204,0.27552788922696375,0,2.716
digits_pca16,15,cells,pre_footprint_off,pre,footprint,off,5,50,50,1.0,10,10,0.0,1.3,10,16,85000,2.71035011959847,0.6732587802454673,0.46111111111111114,8.34487126217057,0.6154702281580412,1.1359751966346345,0.4628876048928678,0,3.737
digits_pca16,15,cells,pre_footprint_on,pre,footprint,on,5,50,50,1.0,10,10,0.0,1.3,10,16,85000,2.5416678051152286,0.5949446083314752,0.3854748603351955,8.131394520062742,0.48914858096828046,1.3403324301984543,0.47134971395449105,0,3.497
digits_pca16,15,cells,pre_mass_off,pre,mass,off,5,50,50,1.0,10,10,0.0,1.3,10,16,85000,2.634343300596208,0.6699433794093482,0.45555555555555555,8.284822972121004,0.6154702281580412,1.1938190153888841,0.4618368268770373,0,2.487
digits_pca16,15,cells,pre_mass_on,pre,mass,on,5,50,50,1.0,10,10,0.0,1.3,10,16,85000,2.789768648690398,0.5777932666222899,0.39106145251396646,7.985893996207703,0.4585420144685587,1.1032564411182666,0.46743285320266015,0,2.351
digits_pca16,15,cells,post_fpmask_off,post,fpmask,off,5,50,50,1.0,10,10,0.0,1.3,10,16,85000,1.5223346405887623,0.4045938780729167,0.32222222222222224,8.154996303803214,0.3606010016694491,3.518872318868069,0.7330217458585243,0,3.806
digits_pca16,15,cells,post_massmask_off,post,massmask,off,5,50,50,1.0,10,10,0.0,1.3,10,16,85000,1.7349434279439775,0.40306703707620495,0.3333333333333333,8.256609472284993,0.36894824707846413,2.7430334725099854,0.7586745093168181,0,2.563
digits_pca16,15,cells,pre_fpmask_off,pre,fpmask,off,5,50,50,1.0,10,10,0.0,1.3,10,16,85000,2.054915645794599,0.61528209163096,0.38333333333333336,8.069291556112594,0.5531441291040623,1.9109415781114294,0.4824820190982849,0,3.308
digits_pca16,15,cells,pre_massmask_off,pre,massmask,off,5,50,50,1.0,10,10,0.0,1.3,10,16,85000,2.0870357380944964,0.568585100854032,0.43646408839779005,7.965431476776231,0.5153032832498609,1.8287297667300217,0.5191870763935058,0,1.982
digits_pca16,16,cells,post_none_off,post,none,off,5,50,50,1.0,10,10,0.0,1.3,10,16,85000,1.747004065313459,0.4119696250506877,0.32044198895027626,8.254505653296235,0.3544796883695047,2.7046012107241117,0.760870806824169,0,1.12
digits_pca16,16,cells,post_none_on,post,none,on,5,50,50,1.0,10,10,0.0,1.3,10,16,85000,1.4677139444867575,0.3087740124073219,0.25555555555555554,4.6980740872276066,0.27100723427935447,3.777639190561333,0.2791274213211344,0,0.978
digits_pca16,16,cells,post_footprint_off,post,footprint,off,5,50,50,1.0,10,10,0.0,1.3,10,16,85000,2.5683169829133212,0.6250545122394314,0.4861878453038674,8.091947109240948,0.5626043405676127,1.226749213983877,0.5037612548645821,0,2.745
digits_pca16,16,cells,post_footprint_on,post,footprint,on,5,50,50,1.0,10,10,0.0,1.3,10,16,85000,1.5802433771931543,0.5874167557214841,0.4,7.5973050133243705,0.5186421814134669,3.2539095385704035,0.4722413382521489,0,3.087
digits_pca16,16,cells,post_mass_off,post,mass,off,5,50,50,1.0,10,10,0.0,1.3,10,16,85000,2.1233991743314062,0.5641183626573097,0.40555555555555556,8.002718411943542,0.4941569282136895,1.7749014636400242,0.5194092986931608,0,1.675
digits_pca16,16,cells,post_mass_on,post,mass,on,5,50,50,1.0,10,10,0.0,1.3,10,16,85000,1.9464026931936225,0.5377560029845287,0.38333333333333336,7.203115804960399,0.47189760712298273,2.1079832646848837,0.45148382550932326,0,1.776
digits_pca16,16,cells,pre_none_off,pre,none,off,5,50,50,1.0,10,10,0.0,1.3,10,16,85000,2.108914507141341,0.6190666585917866,0.4111111111111111,7.932821162504168,0.5826377295492488,1.7836503156460728,0.5142423587015978,0,1.686
digits_pca16,16,cells,pre_none_on,pre,none,on,5,50,50,1.0,10,10,0.0,1.3,10,16,85000,1.6616956953888133,0.30769443206038727,0.25555555555555554,4.711287944938947,0.27490261547022815,2.9201959104884985,0.2808741913396039,0,2.262
digits_pca16,16,cells,pre_footprint_off,pre,footprint,off,5,50,50,1.0,10,10,0.0,1.3,10,16,85000,3.026328014046228,0.691867191121648,0.48333333333333334,8.438755009242563,0.6388425153032833,0.9213961276853219,0.4637829766508767,0,3.942
digits_pca16,16,cells,pre_footprint_on,pre,footprint,on,5,50,50,1.0,10,10,0.0,1.3,10,16,85000,3.038812129862325,0.66625306059452,0.46111111111111114,8.096614660731712,0.6054535336672231,0.916514591661953,0.456058540940381,0,2.574
digits_pca16,16,cells,pre_mass_off,pre,mass,off,5,50,50,1.0,10,10,0.0,1.3,10,16,85000,2.9496098858882727,0.6902091761739324,0.48333333333333334,8.388524378704167,0.6410684474123539,0.9641762080508305,0.46241118825975797,0,1.559
digits_pca16,16,cells,pre_mass_on,pre,mass,on,5,50,50,1.0,10,10,0.0,1.3,10,16,85000,2.700038640134481,0.6029987003672959,0.4222222222222222,7.742956541957106,0.5414579855314413,1.1380321934569642,0.44130382485775455,0,2.081
digits_pca16,16,cells,post_fpmask_off,post,fpmask,off,5,50,50,1.0,10,10,0.0,1.3,10,16,85000,1.8263129418978963,0.4065660275063232,0.3111111111111111,8.155989844917125,0.37006121313299944,2.4452669779910323,0.6906292137760649,0,3.559
digits_pca16,16,cells,post_massmask_off,post,massmask,off,5,50,50,1.0,10,10,0.0,1.3,10,16,85000,1.7198924869487313,0.4376224778648255,0.31666666666666665,8.229252331265915,0.3795214245965498,2.782004194551647,0.752208255520582,0,2.031
digits_pca16,16,cells,pre_fpmask_off,pre,fpmask,off,5,50,50,1.0,10,10,0.0,1.3,10,16,85000,2.1581561163599963,0.5984377398340158,0.43333333333333335,8.096498224729359,0.5141903171953256,1.7383271377337133,0.4810959343941981,0,3.661
digits_pca16,16,cells,pre_massmask_off,pre,massmask,off,5,50,50,1.0,10,10,0.0,1.3,10,16,85000,2.193207646070588,0.5705684191222848,0.4,7.93181064780148,0.535336672231497,1.64897030713793,0.5124688422639606,0,1.793
digits_pca16,17,cells,post_none_off,post,none,off,5,50,50,1.0,10,10,0.0,1.3,10,16,85000,1.7242423738816304,0.4217482266169778,0.27624309392265195,8.212057070010719,0.3811908736783528,2.7622013372959646,0.7461067107206738,0,1.613
digits_pca16,17,cells,post_none_on,post,none,on,5,50,50,1.0,10,10,0.0,1.3,10,16,85000,1.286002151281518,0.2987665591568202,0.2722222222222222,4.331031230740603,0.2570951585976628,4.986603240231478,0.2782554427274541,0,1.264
digits_pca16,17,cells,post_footprint_off,post,footprint,off,5,50,50,1.0,10,10,0.0,1.3,10,16,85000,2.410060755133858,0.6280574992759906,0.44751381215469616,8.117757192273665,0.6021146355036171,1.3975909362685268,0.5145414928559946,0,2.951
digits_pca16,17,cells,post_footprint_on,post,footprint,on,5,50,45,1.0,10,10,0.0,1.3,10,16,76500,2.218944138577941,0.5549771998048272,0.3888888888888889,7.797782778616856,0.5258764607679466,1.6457030873530971,0.5080241078254139,0,2.486
digits_pca16,17,cells,post_mass_off,post,mass,off,5,50,50,1.0,10,10,0.0,1.3,10,16,85000,2.4149621736512312,0.6234264881099523,0.43333333333333335,7.97602129435367,0.5826377295492488,1.367620617931091,0.492278278115627,0,1.646
digits_pca16,17,cells,post_mass_on,post,mass,on,5,50,50,1.0,10,10,0.0,1.3,10,16,85000,2.0894627431818704,0.5457425875098508,0.36666666666666664,7.366637605303018,0.5019476905954369,1.8223808003519557,0.4607346253248945,0,2.323
digits_pca16,17,cells,pre_none_off,pre,none,off,5,50,50,1.0,10,10,0.0,1.3,10,16,85000,2.1609364462776948,0.5877041349848231,0.3888888888888889,7.905390129723012,0.5275459098497496,1.6929312371370646,0.5159007954442781,0,2.15
digits_pca16,17,cells,pre_none_on,pre,none,on,5,50,50,1.0,10,10,0.0,1.3,10,16,85000,1.9003788326567792,0.29873903547007863,0.2681564245810056,4.3416981933972085,0.2493043962159154,2.285570212692608,0.2783591982139195,0,1.817
digits_pca16,17,cells,pre_footprint_off,pre,footprint,off,5,50,50,1.0,10,10,0.0,1.3,10,16,85000,2.7754224220251245,0.6575206494455342,0.49171270718232046,8.381744638700892,0.6316082359488036,1.088118615475103,0.490759590449169,0,3.468
digits_pca16,17,cells,pre_footprint_on,pre,footprint,on,5,50,50,1.0,10,10,0.0,1.3,10,16,85000,2.519290998845568,0.5755027472403786,0.4388888888888889,8.051312541526706,0.5264329437952142,1.3175259185424217,0.4954368648762446,0,2.53
digits_pca16,17,cells,pre_mass_off,pre,mass,off,5,50,50,1.0,10,10,0.0,1.3,10,16,85000,2.732628716751148,0.6547454567611237,0.49171270718232046,8.342353777438795,0.6282693377851976,1.1171907913424195,0.4918121961821715,0,1.233
digits_pca16,17,cells,pre_mass_on,pre,mass,on,5,50,50,1.0,10,10,0.0,1.3,10,16,85000,2.4373585798274777,0.5426111509852383,0.4111111111111111,7.865588437537686,0.4958263772954925,1.4016144532363763,0.49212041064875994,0,1.224
digits_pca16,17,cells,post_fpmask_off,post,fpmask,off,5,50,50,1.0,10,10,0.0,1.3,10,16,85000,1.7132418953661808,0.4304933012747448,0.29444444444444445,8.116452488044253,0.3989983305509182,2.7652148383530273,0.7093562554455777,0,2.581
digits_pca16,17,cells,post_massmask_off,post,massmask,off,5,50,50,1.0,10,10,0.0,1.3,10,16,85000,1.7379659225899748,0.4334032350054973,0.2983425414364641,8.19880035573654,0.41569282136894825,2.7143621946641687,0.7299730589842243,0,1.941
digits_pca16,17,cells,pre_fpmask_off,pre,fpmask,off,5,50,50,1.0,10,10,0.0,1.3,10,16,85000,2.080170142890969,0.5944930409205536,0.4,8.055209117580272,0.560378408458542,1.861568846069894,0.530018655078255,0,3.228
digits_pca16,17,cells,pre_massmask_off,pre,massmask,off,5,50,50,1.0,10,10,0.0,1.3,10,16,85000,2.1449688450303155,0.5916526253414346,0.4,7.924223600406423,0.531997774067891,1.7223235682442681,0.5073635146865242,0,1.8
digits_pca16,18,cells,post_none_off,post,none,off,5,50,50,1.0,10,10,0.0,1.3,10,16,85000,1.1386668421098094,0.40896405886812576,0.3333333333333333,8.220856838003067,0.36505286588759045,6.340503357111305,0.7710871079901889,0,1.788
digits_pca16,18,cells,post_none_on,post,none,on,5,50,50,1.0,10,10,0.0,1.3,10,16,85000,1.2917185106820324,0.2966227960068944,0.23163841807909605,4.643684370082121,0.25431274346132443,4.9288693688230465,0.2859955005271473,0,1.244
digits_pca16,18,cells,post_footprint_off,post,footprint,off,5,50,50,1.0,10,10,0.0,1.3,10,16,85000,2.470406191860595,0.6478271717827402,0.5254237288135594,8.126426176532929,0.6032276015581525,1.3315664986732685,0.5025661297229644,0,3.308
digits_pca16,18,cells,post_footprint_on,post,footprint,on,5,50,50,1.0,10,10,0.0,1.3,10,16,85000,2.1911357038716157,0.6512823652881845,0.4888888888888889,7.716561124323186,0.6126878130217028,1.668412579480044,0.4709598592048201,0,2.928
digits_pca16,18,cells,post_mass_off,post,mass,off,5,50,50,1.0,10,10,0.0,1.3,10,16,85000,2.258992650474386,0.6531105685787544,0.5166666666666667,8.03893070641146,0.5982192543127435,1.5753195011126202,0.5066981945549246,0,1.825
digits_pca16,18,cells,post_mass_on,post,mass,on,5,50,50,1.0,10,10,0.0,1.3,10,16,85000,1.8975105085388475,0.6031733512683535,0.4666666666666667,7.580337108593237,0.5503617139677239,2.2501591042052222,0.4765376102114352,0,1.273
digits_pca16,18,cells,pre_none_off,pre,none,off,5,50,50,1.0,10,10,0.0,1.3,10,16,85000,1.960977340795649,0.5777729535585998,0.4419889502762431,7.967815256952053,0.5069560378408459,2.072020773031787,0.5329014186785728,0,1.969
digits_pca16,18,cells,pre_none_on,pre,none,on,5,50,50,1.0,10,10,0.0,1.3,10,16,85000,2.006619191841803,0.30163876655832816,0.24858757062146894,4.660269076975829,0.2582081246521981,2.0634803768346486,0.2875612349402855,0,1.904
digits_pca16,18,cells,pre_footprint_off,pre,footprint,off,5,50,50,1.0,10,10,0.0,1.3,10,16,85000,2.6265598452235475,0.7039226214882989,0.5666666666666667,8.295305856624715,0.6393989983305509,1.2024244610193031,0.48076752158640884,0,3.095
digits_pca16,18,cells,pre_footprint_on,pre,footprint,on,5,50,50,1.0,10,10,0.0,1.3,10,16,85000,2.773719947260608,0.6780143804379892,0.5222222222222223,8.065505616800039,0.6193656093489148,1.0876627426613446,0.45737818974271477,0,3.411
digits_pca16,18,cells,pre_mass_off,pre,mass,off,5,50,50,1.0,10,10,0.0,1.3,10,16,85000,2.7961292155338753,0.6971667864262929,0.5444444444444444,8.281873885272157,0.6427378964941569,1.0592882093780391,0.4666135237175511,0,1.553
digits_pca16,18,cells,pre_mass_on,pre,mass,on,5,50,50,1.0,10,10,0.0,1.3,10,16,85000,2.5734444507067846,0.6612922994887886,0.4888888888888889,7.930355607060313,0.6065664997217585,1.2554316341593448,0.46215907306108944,0,1.937
digits_pca16,18,cells,post_fpmask_off,post,fpmask,off,5,50,50,1.0,10,10,0.0,1.3,10,16,85000,1.7064533133140707,0.41705262094492557,0.3,8.214002861503586,0.3867557039510295,2.8207592949215425,0.7481611483960663,0,3.204
digits_pca16,18,cells,post_massmask_off,post,massmask,off,5,50,50,1.0,10,10,0.0,1.3,10,16,85000,1.1302501074119415,0.40786250408663494,0.3333333333333333,8.221040179616942,0.36449638286032277,6.435431275885834,0.7709831979185185,0,2.038
digits_pca16,18,cells,pre_fpmask_off,pre,fpmask,off,5,50,50,1.0,10,10,0.0,1.3,10,16,85000,2.2850309769488515,0.6038930007570512,0.45,8.071971964176035,0.5503617139677239,1.5459500616816022,0.4921201720465275,0,3.249
digits_pca16,18,cells,pre_massmask_off,pre,massmask,off,5,50,50,1.0,10,10,0.0,1.3,10,16,85000,1.939393616423164,0.5766683968680295,0.4143646408839779,7.978958157897605,0.5169727323316639,2.121359455070653,0.5230962940126187,0,1.624
digits_pca16,19,cells,post_none_off,post,none,off,5,50,50,1.0,10,10,0.0,1.3,10,16,85000,1.7184224737228073,0.37805468797386577,0.287292817679558,8.256627154034033,0.32387312186978295,2.796036174451266,0.7737665218221129,0,2.095
digits_pca16,19,cells,post_none_on,post,none,on,5,50,50,1.0,10,10,0.0,1.3,10,16,85000,1.408012540406374,0.31993817691161874,0.25555555555555554,4.434643698286782,0.2632164718976071,4.153850841900173,0.28301642715496733,0,2.024
digits_pca16,19,cells,post_footprint_off,post,footprint,off,5,50,50,1.0,10,10,0.0,1.3,10,16,85000,2.523926807013743,0.6295038672444369,0.3812154696132597,8.108079974623166,0.6093489148580968,1.2728127322168097,0.5148484494578609,0,3.522
digits_pca16,19,cells,post_footprint_on,post,footprint,on,5,50,50,1.0,10,10,0.0,1.3,10,16,85000,2.1535848774309527,0.6162415579477187,0.5027624309392266,7.835659319987543,0.5870895937673901,1.7528651040018666,0.507381645112717,0,3.822
digits_pca16,19,cells,post_mass_off,post,mass,off,5,50,50,1.0,10,10,0.0,1.3,10,16,85000,1.5783454623681676,0.5486662893189225,0.49171270718232046,8.13618815855462,0.47356705620478573,3.266005046936207,0.547529855101222,0,2.056
digits_pca16,19,cells,post_mass_on,post,mass,on,5,50,50,1.0,10,10,0.0,1.3,10,16,85000,1.6074353738656522,0.4999632268120827,0.35555555555555557,7.561379857055034,0.452977184195882,3.1482305881401036,0.5164395525521172,0,1.994
digits_pca16,19,cells,pre_none_off,pre,none,off,5,50,50,1.0,10,10,0.0,1.3,10,16,85000,1.9793470395608517,0.6443703617334859,0.4666666666666667,8.055569508756777,0.573734001112966,2.056138464780052,0.5338365890845336,0,1.89
digits_pca16,19,cells,pre_none_on,pre,none,on,5,50,50,1.0,10,10,0.0,1.3,10,16,85000,1.9077881763785691,0.32106408312830703,0.2737430167597765,4.450798812432537,0.2476349471341124,2.3013991295523324,0.2838464804234415,0,1.259
digits_pca16,19,cells,pre_footprint_off,pre,footprint,off,5,50,50,1.0,10,10,0.0,1.3,10,16,85000,2.9740019440209324,0.7286532606497473,0.5388888888888889,8.265169927353202,0.6622148024485254,0.93447845030629,0.4615423914678735,0,2.491
digits_pca16,19,cells,pre_footprint_on,pre,footprint,on,5,50,50,1.0,10,10,0.0,1.3,10,16,85000,3.009407089198653,0.6819356430898539,0.5222222222222223,7.97150421835005,0.6210350584307178,0.9083107553723129,0.4651231424786554,0,3.134
digits_pca16,19,cells,pre_mass_off,pre,mass,off,5,50,50,1.0,10,10,0.0,1.3,10,16,85000,2.92518344969975,0.7225787063348383,0.5277777777777778,8.243697049859268,0.6555370061213133,0.9634203337905022,0.46312007071834527,0,2.029
digits_pca16,19,cells,pre_mass_on,pre,mass,on,5,50,48,1.0,10,10,0.0,1.3,10,16,81600,2.963931003310696,0.6548040228892431,0.5055555555555555,7.858753131268327,0.5959933222036727,0.9365349692228241,0.46473493277777667,0,2.204
digits_pca16,19,cells,post_fpmask_off,post,fpmask,off,5,50,50,1.0,10,10,0.0,1.3,10,16,85000,1.6765360244956329,0.4072938121322632,0.27624309392265195,8.227943698078963,0.3756260434056761,2.9272885347897737,0.7459450099278849,0,3.303
digits_pca16,19,cells,post_massmask_off,post,massmask,off,5,50,50,1.0,10,10,0.0,1.3,10,16,85000,1.7375626675921165,0.35445496078618915,0.3111111111111111,8.283670104833517,0.29771841958820255,2.743732963437639,0.7892753270250812,0,1.528
digits_pca16,19,cells,pre_fpmask_off,pre,fpmask,off,5,50,50,1.0,10,10,0.0,1.3,10,16,85000,2.0046322678806416,0.6410941440912732,0.4777777777777778,8.178252553499158,0.560378408458542,2.035124976931091,0.494229431046087,0,2.802
digits_pca16,19,cells,pre_massmask_off,pre,massmask,off,5,50,50,1.0,10,10,0.0,1.3,10,16,85000,1.8790507568690387,0.6493038310290713,0.4666666666666667,8.02631106831309,0.5792988313856428,2.273206893923088,0.5132218426481577,0,1.264
digits_pca32,10,cells,post_none_off,post,none,off,5,50,50,1.0,10,10,0.0,1.1,10,32,165000,2.17243864793874,0.3665975992617031,0.2994350282485876,25.215650101813974,0.3121869782971619,5.34287641600426,0.5120584792181817,0,4.704
digits_pca32,10,cells,post_none_on,post,none,on,5,50,50,1.0,10,10,0.0,1.1,10,32,165000,1.5199937420812504,0.3600672410406749,0.3107344632768362,14.488913443523295,0.2776850306065665,10.963916552738752,0.07402440950611297,0,5.168
digits_pca32,10,cells,post_footprint_off,post,footprint,off,5,50,50,1.0,10,10,0.0,1.1,10,32,165000,2.9273244881102634,0.6886003611616069,0.5333333333333333,24.674895001247847,0.5364496382860323,2.8794767865396085,0.2972670461453605,0,4.24
digits_pca32,10,cells,post_footprint_on,post,footprint,on,5,50,50,1.0,10,10,0.0,1.1,10,32,165000,2.5164687422500234,0.5940367071106754,0.37222222222222223,23.49557040986307,0.4707846410684474,3.9508887588419443,0.27858108099769185,0,4.678
digits_pca32,10,cells,post_mass_off,post,mass,off,5,50,50,1.0,10,10,0.0,1.1,10,32,165000,2.7957383450023054,0.6454682553724348,0.5227272727272727,24.566017723303574,0.5130773511407902,3.1429807038515514,0.31287706021530043,0,4.483
digits_pca32,10,cells,post_mass_on,post,mass,on,5,50,50,1.0,10,10,0.0,1.1,10,32,165000,2.1833577074770534,0.5293003425450519,0.3888888888888889,22.62977320877814,0.4034501947690595,5.198943680724974,0.2524483700890565,0,3.201
digits_pca32,10,cells,pre_none_off,pre,none,off,5,50,50,1.0,10,10,0.0,1.1,10,32,165000,2.2920482725797235,0.5550503167533661,0.42613636363636365,24.506491739435525,0.4835837506956038,4.664806393355452,0.34792136909830895,0,3.473
digits_pca32,10,cells,pre_none_on,pre,none,on,5,50,50,1.0,10,10,0.0,1.1,10,32,165000,2.212866572984709,0.3606448006741925,0.31666666666666665,14.48456222117643,0.27657206455203115,5.158005407999923,0.07281707566887251,0,3.633
digits_pca32,10,cells,pre_footprint_off,pre,footprint,off,5,50,50,1.0,10,10,0.0,1.1,10,32,165000,3.4180260905203554,0.6299857623059775,0.4011299435028249,25.518659937509963,0.5297718419588202,2.1842740066679407,0.32115415727592483,0,6.349
digits_pca32,10,cells,pre_footprint_on,pre,footprint,on,5,50,50,1.0,10,10,0.0,1.1,10,32,165000,3.255943223492435,0.6484809412397533,0.4725274725274725,24.316136861289785,0.4885920979410128,2.401149186032001,0.2782005496080391,0,6.872
digits_pca32,10,cells,pre_mass_off,pre,mass,off,5,50,50,1.0,10,10,0.0,1.1,10,32,165000,3.2000757148453447,0.6283155414319617,0.4011299435028249,25.392938995757383,0.5230940456316082,2.4796618554075427,0.31879173448196924,0,3.992
digits_pca32,10,cells,pre_mass_on,pre,mass,on,5,50,50,1.0,10,10,0.0,1.1,10,32,165000,3.175596526360338,0.5864539954399458,0.4166666666666667,23.753384217740198,0.44574290484140233,2.5251766787356207,0.26272293066050245,0,3.116
digits_pca32,10,cells,post_fpmask_off,post,fpmask,off,5,50,50,1.0,10,10,0.0,1.1,10,32,165000,1.890563881189938,0.40392107159502555,0.36666666666666664,24.876306830413963,0.3283249860879243,6.959903078459417,0.47743161977856374,0,4.561
digits_pca32,10,cells,post_massmask_off,post,massmask,off,5,50,50,1.0,10,10,0.0,1.1,10,32,165000,2.094446382507611,0.3645949331329811,0.3131868131868132,25.075094721661685,0.30495269894268223,5.716156206249919,0.47177152489918917,0,3.551
digits_pca32,10,cells,pre_fpmask_off,pre,fpmask,off,5,50,50,1.0,10,10,0.0,1.1,10,32,165000,2.563489768588744,0.5351405138370825,0.39226519337016574,24.593486002368287,0.41624930439621594,3.742457829072011,0.3121396978929746,0,5.256
digits_pca32,10,cells,pre_massmask_off,pre,massmask,off,5,50,50,1.0,10,10,0.0,1.1,10,32,165000,2.28786666611469,0.623097661099038,0.43333333333333335,24.407752796538343,0.5414579855314413,4.663010298378446,0.30981738663422304,0,3.992
digits_pca32,11,cells,post_none_off,post,none,off,5,50,50,1.0,10,10,0.0,1.1,10,32,165000,1.9430616734180186,0.3161625787656958,0.25555555555555554,25.209418823621768,0.2904841402337229,6.67712739967407,0.5278460715957562,0,3.405
digits_pca32,11,cells,post_none_on,post,none,on,5,50,50,1.0,10,10,0.0,1.1,10,32,165000,1.4974694241166813,0.31682827927218904,0.26666666666666666,15.125216584399336,0.25598219254312743,11.334303874558552,0.07799690200387599,0,4.728
digits_pca32,11,cells,post_footprint_off,post,footprint,off,5,50,50,1.0,10,10,0.0,1.1,10,32,165000,2.792418264346382,0.609903577134167,0.510989010989011,24.91667148914847,0.5909849749582637,3.195428368509338,0.32842930072776877,0,5.067
digits_pca32,11,cells,post_footprint_on,post,footprint,on,5,50,50,1.0,10,10,0.0,1.1,10,32,165000,2.870648238218407,0.5543508234260408,0.35555555555555557,23.945236437513476,0.531997774067891,3.021811051663511,0.30302535918009854,0,5.321
digits_pca32,11,cells,post_mass_off,post,mass,off,5,50,50,1.0,10,10,0.0,1.1,10,32,165000,2.6134177352121415,0.5460998516999539,0.39444444444444443,24.857476050586715,0.49081803005008345,3.6394802055673967,0.3469991551257989,0,3.68
digits_pca32,11,cells,post_mass_on,post,mass,on,5,50,50,1.0,10,10,0.0,1.1,10,32,165000,2.046706215120605,0.4970838890106754,0.3277777777777778,23.080131153006423,0.43795214245965497,5.9454907467648335,0.28153043615920503,0,3.363
digits_pca32,11,cells,pre_none_off,pre,none,off,5,50,50,1.0,10,10,0.0,1.1,10,32,165000,2.583128843521758,0.5866518891566831,0.37222222222222223,24.41298131523702,0.48970506399554814,3.6587158438372214,0.330802703143342,0,3.689
digits_pca32,11,cells,pre_none_on,pre,none,on,5,50,50,1.0,10,10,0.0,1.1,10,32,165000,2.2805481111993426,0.3273099585192865,0.2722222222222222,14.949834852407408,0.2582081246521981,4.840964700280624,0.07915166569246426,0,3.767
digits_pca32,11,cells,pre_footprint_off,pre,footprint,off,5,50,50,1.0,10,10,0.0,1.1,10,32,165000,3.331775018432519,0.6354623636735975,0.4111111111111111,25.387641105015895,0.6360601001669449,2.2870255432090447,0.33617333563352514,0,5.338
digits_pca32,11,cells,pre_footprint_on,pre,footprint,on,5,50,50,1.0,10,10,0.0,1.1,10,32,165000,3.2764053528652037,0.5460127219929279,0.3388888888888889,24.711979136900137,0.5364496382860323,2.3697290698535345,0.3253844872854072,0,5.259
digits_pca32,11,cells,pre_mass_off,pre,mass,off,5,50,50,1.0,10,10,0.0,1.1,10,32,165000,3.0051806527512688,0.6171717153739198,0.31666666666666665,25.158051764542403,0.6176961602671118,2.7857095815978026,0.32996675363857036,0,3.684
digits_pca32,11,cells,pre_mass_on,pre,mass,on,5,50,50,1.0,10,10,0.0,1.1,10,32,165000,3.0691015196564297,0.5205416243771339,0.3,23.56100835566813,0.5080690038953812,2.6663447259818747,0.2726981635128456,0,3.108
digits_pca32,11,cells,post_fpmask_off,post,fpmask,off,5,50,50,1.0,10,10,0.0,1.1,10,32,165000,2.1929733948484023,0.34949751329478274,0.3,25.307737353277954,0.31552587646076796,5.2624331624136,0.5353055185693733,0,4.708
digits_pca32,11,cells,post_massmask_off,post,massmask,off,5,50,50,1.0,10,10,0.0,1.1,10,32,165000,2.0466145427173315,0.3558831936443187,0.2611111111111111,25.14890277936562,0.32220367278797996,6.004086361448375,0.5204317269901232,0,3.288
digits_pca32,11,cells,pre_fpmask_off,pre,fpmask,off,5,50,50,1.0,10,10,0.0,1.1,10,32,165000,2.4490864164835915,0.5456954988007199,0.34806629834254144,24.614816126568662,0.442960489705064,4.103820691007275,0.3372895156247935,0,4.742
digits_pca32,11,cells,pre_massmask_off,pre,massmask,off,5,50,50,1.0,10,10,0.0,1.1,10,32,165000,2.548456391274365,0.5578479660955553,0.42777777777777776,24.680450665433007,0.4307178631051753,3.8001319163944154,0.3535945142681189,0,3.72
digits_pca32,12,cells,post_none_off,post,none,off,5,50,50,1.0,10,10,0.0,1.1,10,32,165000,2.1006083863694207,0.3590579654241256,0.26666666666666666,25.11100437810621,0.34557595993322204,5.690807480951222,0.4929386790217398,0,2.52
digits_pca32,12,cells,post_none_on,post,none,on,5,50,42,1.0,10,10,0.0,1.1,10,32,138600,1.5486280519708437,0.3288656817480336,0.23333333333333334,15.57058533175184,0.2643294379521425,10.5760001295652,0.07713514824937448,0,1.931
digits_pca32,12,cells,post_footprint_off,post,footprint,off,5,50,50,1.0,10,10,0.0,1.1,10,32,165000,2.950049012480478,0.6088490656594382,0.3888888888888889,24.833490517154377,0.535336672231497,2.8535093766872928,0.32162648651393183,0,6.679
digits_pca32,12,cells,post_footprint_on,post,footprint,on,5,50,50,1.0,10,10,0.0,1.1,10,32,165000,2.8559333101417685,0.5640258663828548,0.37222222222222223,23.89250173438669,0.48580968280467446,3.0656473702847213,0.30661065722184333,0,7.695
digits_pca32,12,cells,post_mass_off,post,mass,off,5,50,50,1.0,10,10,0.0,1.1,10,32,165000,2.8459511491561416,0.5790687076490095,0.32222222222222224,24.660603491077044,0.5030606566499721,3.0447302224500064,0.31800937257098594,0,5.367
digits_pca32,12,cells,post_mass_on,post,mass,on,5,50,50,1.0,10,10,0.0,1.1,10,32,165000,2.4207098582510365,0.5098431855796359,0.3111111111111111,22.467221650024353,0.4763494713411241,4.208550635413886,0.24494392118620859,0,4.77
digits_pca32,12,cells,pre_none_off,pre,none,off,5,50,50,1.0,10,10,0.0,1.1,10,32,165000,2.5885601367577458,0.5688167640327201,0.29444444444444445,24.473492517913552,0.4574290484140234,3.652409237983748,0.324116226436711,0,3.658
digits_pca32,12,cells,pre_none_on,pre,none,on,5,50,50,1.0,10,10,0.0,1.1,10,32,165000,2.1923587859779254,0.32498631137353967,0.23333333333333334,15.569290085472911,0.25542570951585974,5.173707959299231,0.07711208391132407,0,4.629
digits_pca32,12,cells,pre_footprint_off,pre,footprint,off,5,50,50,1.0,10,10,0.0,1.1,10,32,165000,3.12747475357375,0.6089122069180155,0.3,25.316339488442043,0.4674457429048414,2.588292093927309,0.31069279719927634,0,4.722
digits_pca32,12,cells,pre_footprint_on,pre,footprint,on,5,50,50,1.0,10,10,0.0,1.1,10,32,165000,2.778212447086165,0.5581737072125676,0.35,23.74657423594174,0.41791875347801893,3.3072207594038234,0.2702646879573134,0,5.777
digits_pca32,12,cells,pre_mass_off,pre,mass,off,5,50,50,1.0,10,10,0.0,1.1,10,32,165000,3.1543148391217755,0.5889327978789531,0.2833333333333333,25.108042784314975,0.4585420144685587,2.5234969370042015,0.30284565874809055,0,3.285
digits_pca32,12,cells,pre_mass_on,pre,mass,on,5,50,50,1.0,10,10,0.0,1.1,10,32,165000,2.7984754446430373,0.5623102091864507,0.34444444444444444,23.07151352129313,0.4095715080690039,3.184794383584944,0.2310207871783525,0,3.881
digits_pca32,12,cells,post_fpmask_off,post,fpmask,off,5,50,50,1.0,10,10,0.0,1.1,10,32,165000,1.8753239268569506,0.3871447499822434,0.2722222222222222,25.141140907700972,0.333889816360601,7.148787581580081,0.4705191085471159,0,6.937
digits_pca32,12,cells,post_massmask_off,post,massmask,off,5,50,50,1.0,10,10,0.0,1.1,10,32,165000,2.073165777907606,0.3776943717731301,0.2681564245810056,25.05177495116335,0.3516972732331664,5.828683037417264,0.48529360914809067,0,4.854
digits_pca32,12,cells,pre_fpmask_off,pre,fpmask,off,5,50,50,1.0,10,10,0.0,1.1,10,32,165000,2.4898530096663585,0.5799542983987707,0.28888888888888886,24.260050753507247,0.4657762938230384,3.913310310885482,0.29378834883147875,0,6.802
digits_pca32,12,cells,pre_massmask_off,pre,massmask,off,5,50,50,1.0,10,10,0.0,1.1,10,32,165000,2.472288494944195,0.5805253798724579,0.3,24.257991722279854,0.46466332776850305,3.9687756353112236,0.30838837901400384,0,5.77
digits_pca32,13,cells,post_none_off,post,none,off,5,50,50,1.0,10,10,0.0,1.1,10,32,165000,1.9876884644995798,0.35940601094330404,0.3,25.17470438072048,0.29938786867000555,6.371882297517806,0.5040392046265829,0,3.074
digits_pca32,13,cells,post_none_on,post,none,on,5,50,50,1.0,10,10,0.0,1.1,10,32,165000,1.595038231377868,0.3420729363946459,0.288135593220339,13.636336097452922,0.2648859209794101,10.001816283212197,0.07240289642920868,0,3.347
digits_pca32,13,cells,post_footprint_off,post,footprint,off,5,50,50,1.0,10,10,0.0,1.1,10,32,165000,2.673357723439082,0.6039416387077102,0.3611111111111111,24.8226617087074,0.5831942125765164,3.47323522538245,0.3270043778607736,0,4.557
digits_pca32,13,cells,post_footprint_on,post,footprint,on,5,50,50,1.0,10,10,0.0,1.1,10,32,165000,2.751084352988823,0.6080106772089288,0.4444444444444444,23.634796303499883,0.5164162493043962,3.270348872747291,0.26824912496751824,0,4.56
digits_pca32,13,cells,post_mass_off,post,mass,off,5,50,50,1.0,10,10,0.0,1.1,10,32,165000,2.561528703633249,0.630472490037534,0.5359116022099447,24.698126442480504,0.5531441291040623,3.7641381648695322,0.31527137797667387,0,2.69
digits_pca32,13,cells,post_mass_on,post,mass,on,5,50,50,1.0,10,10,0.0,1.1,10,32,165000,2.554965243263532,0.5896601856194869,0.40555555555555556,23.259767058499165,0.5047301057317752,3.7754245478296933,0.258531356787298,0,2.741
digits_pca32,13,cells,pre_none_off,pre,none,off,5,50,50,1.0,10,10,0.0,1.1,10,32,165000,2.542598176816278,0.5985285766353521,0.3812154696132597,24.31904927094088,0.44518642181413465,3.7617603984006496,0.3240506275723956,0,3.819
digits_pca32,13,cells,pre_none_on,pre,none,on,5,50,50,1.0,10,10,0.0,1.1,10,32,165000,2.4825168041011243,0.3510467454746214,0.28888888888888886,13.678942242205572,0.27434613244296047,4.129537423347142,0.07371152153070634,0,4.159
digits_pca32,13,cells,pre_footprint_off,pre,footprint,off,5,50,50,1.0,10,10,0.0,1.1,10,32,165000,3.184538851290068,0.6916519524488344,0.5480225988700564,24.941760233359428,0.6110183639398998,2.4594273412371637,0.2857826850662527,0,4.783
digits_pca32,13,cells,pre_footprint_on,pre,footprint,on,5,50,50,1.0,10,10,0.0,1.1,10,32,165000,3.1021122781180597,0.6627339370487045,0.5,24.03476971408094,0.565386755703951,2.591616335723279,0.2678266503688323,0,5.542
digits_pca32,13,cells,pre_mass_off,pre,mass,off,5,50,50,1.0,10,10,0.0,1.1,10,32,165000,2.8546103485980634,0.6841589573179367,0.5833333333333334,24.903257101734095,0.5870895937673901,3.0560642500955923,0.28267004479308516,0,3.587
digits_pca32,13,cells,pre_mass_on,pre,mass,on,5,50,50,1.0,10,10,0.0,1.1,10,32,165000,3.050389391605825,0.6282923003356871,0.4777777777777778,23.733871676646455,0.5364496382860323,2.6901173655756585,0.25667193929588544,0,3.315
digits_pca32,13,cells,post_fpmask_off,post,fpmask,off,5,50,50,1.0,10,10,0.0,1.1,10,32,165000,2.051985750417344,0.34995023763253497,0.29444444444444445,25.096688928446024,0.30328324986087923,5.960294878716766,0.4895441581099156,0,5.346
digits_pca32,13,cells,post_massmask_off,post,massmask,off,5,50,50,1.0,10,10,0.0,1.1,10,32,165000,1.9444266671798973,0.3590185716124618,0.2833333333333333,25.17737117029145,0.3038397328881469,6.659279528202147,0.5205755975302985,0,3.792
digits_pca32,13,cells,pre_fpmask_off,pre,fpmask,off,5,50,50,1.0,10,10,0.0,1.1,10,32,165000,2.739056297018203,0.6043324900999959,0.3756906077348066,24.352541095872592,0.5041736227045075,3.245954050777401,0.2734746274198665,0,4.917
digits_pca32,13,cells,pre_massmask_off,pre,massmask,off,5,50,50,1.0,10,10,0.0,1.1,10,32,165000,2.615230231686835,0.5988636645093857,0.39226519337016574,24.423695714981854,0.4991652754590985,3.5710137683618215,0.31057947079423553,0,2.002
digits_pca32,14,cells,post_none_off,post,none,off,5,50,50,1.0,10,10,0.0,1.1,10,32,165000,1.9243157522866219,0.35249902933363225,0.2833333333333333,25.26388579370203,0.2877017250973845,6.822561818953768,0.5237635226272542,0,3.78
digits_pca32,14,cells,post_none_on,post,none,on,5,50,41,1.0,10,10,0.0,1.1,10,32,135300,1.572048043702503,0.3302434519688113,0.2777777777777778,13.695041225169055,0.25264329437952143,10.324570442068538,0.07320595822487766,0,2.811
digits_pca32,14,cells,post_footprint_off,post,footprint,off,5,50,50,1.0,10,10,0.0,1.1,10,32,165000,2.9245163776887706,0.6459439966418564,0.46111111111111114,24.784502510229526,0.5141903171953256,2.8978245692462807,0.31599522467174795,0,4.538
digits_pca32,14,cells,post_footprint_on,post,footprint,on,5,50,50,1.0,10,10,0.0,1.1,10,32,165000,1.8758069681181633,0.5454586368121535,0.39779005524861877,22.80701486832449,0.3811908736783528,7.03491648087038,0.24728958025104755,0,5.038
digits_pca32,14,cells,post_mass_off,post,mass,off,5,50,50,1.0,10,10,0.0,1.1,10,32,165000,2.8182190096839843,0.6215030320524684,0.4222222222222222,24.436750941170516,0.4902615470228158,3.0767625624362265,0.3103273152171391,0,3.718
digits_pca32,14,cells,post_mass_on,post,mass,on,5,50,50,1.0,10,10,0.0,1.1,10,32,165000,2.393835981984593,0.5718334313688775,0.4375,22.79506489739212,0.39677239844184753,4.27615563129864,0.2646686905577485,0,3.223
digits_pca32,14,cells,pre_none_off,pre,none,off,5,50,50,1.0,10,10,0.0,1.1,10,32,165000,2.3676453442858043,0.5827470691290471,0.4,24.376890161066488,0.4780189204229271,4.3485553549663045,0.3453356426183122,0,3.88
digits_pca32,14,cells,pre_none_on,pre,none,on,5,50,50,1.0,10,10,0.0,1.1,10,32,165000,1.8875976902218075,0.3307707589367962,0.2802197802197802,13.719441579086785,0.24485253199777407,7.019302529802971,0.07340087888022126,0,4.035
digits_pca32,14,cells,pre_footprint_off,pre,footprint,off,5,50,50,1.0,10,10,0.0,1.1,10,32,165000,2.658092733424771,0.6896931441446652,0.5027624309392266,24.937296560235858,0.41012799109627157,3.529466902514707,0.2644655731815101,0,5.446
digits_pca32,14,cells,pre_footprint_on,pre,footprint,on,5,50,50,1.0,10,10,0.0,1.1,10,32,165000,3.2809779879642917,0.625906428050534,0.3388888888888889,23.564281186645548,0.39454646633277685,2.3317699411139423,0.23292806353889817,0,4.739
digits_pca32,14,cells,pre_mass_off,pre,mass,off,5,50,50,1.0,10,10,0.0,1.1,10,32,165000,3.3081468065311275,0.6691697678337895,0.55,25.197789022689438,0.49081803005008345,2.3024642044377703,0.2734782421036219,0,3.449
digits_pca32,14,cells,pre_mass_on,pre,mass,on,5,50,50,1.0,10,10,0.0,1.1,10,32,165000,3.0829097492474897,0.6260232852585783,0.29444444444444445,23.658901160299834,0.3900946021146355,2.6472594110270915,0.23632976720565305,0,3.635
digits_pca32,14,cells,post_fpmask_off,post,fpmask,off,5,50,50,1.0,10,10,0.0,1.1,10,32,165000,1.9441348122917375,0.36124128455149734,0.2768361581920904,24.655339737646198,0.2988313856427379,6.523163099161369,0.47066315549226034,0,5.194
digits_pca32,14,cells,post_massmask_off,post,massmask,off,5,50,50,1.0,10,10,0.0,1.1,10,32,165000,1.8399356657143624,0.3680995957584813,0.2833333333333333,24.895707918379486,0.30161380077907624,7.3539251332042195,0.5220430304386818,0,3.176
digits_pca32,14,cells,pre_fpmask_off,pre,fpmask,off,5,50,50,1.0,10,10,0.0,1.1,10,32,165000,2.458786038975958,0.5138316987990936,0.3812154696132597,24.509959660293397,0.36282693377851977,4.054162193886006,0.3228304929185085,0,5.686
digits_pca32,14,cells,pre_massmask_off,pre,massmask,off,5,50,50,1.0,10,10,0.0,1.1,10,32,165000,2.5812615152696874,0.5505203112813098,0.37777777777777777,24.398473411055313,0.39677239844184753,3.6618339001765645,0.3191940665211201,0,4.381
digits_pca32,15,cells,post_none_off,post,none,off,5,50,50,1.0,10,10,0.0,1.1,10,32,165000,2.062888582292853,0.376747084326358,0.28888888888888886,25.08619368820783,0.3533667223149694,5.8949920919671674,0.4891228285381043,0,3.837
digits_pca32,15,cells,post_none_on,post,none,on,5,50,50,1.0,10,10,0.0,1.1,10,32,165000,1.4848090268786345,0.34650998455034177,0.3068181818181818,13.643977569678398,0.24874791318864775,11.477061704674066,0.07656552223171961,0,1.994
digits_pca32,15,cells,post_footprint_off,post,footprint,off,5,50,50,1.0,10,10,0.0,1.1,10,32,165000,3.0129402204959708,0.6422233059424494,0.5055555555555555,24.71087361855085,0.533667223149694,2.722118766590645,0.29982577490141415,0,5.29
digits_pca32,15,cells,post_footprint_on,post,footprint,on,5,50,50,1.0,10,10,0.0,1.1,10,32,165000,2.6905363940612492,0.5950761103385498,0.3888888888888889,23.699599239127085,0.46800222593210905,3.41959315374334,0.2734727945275632,0,5.011
digits_pca32,15,cells,post_mass_off,post,mass,off,5,50,50,1.0,10,10,0.0,1.1,10,32,165000,2.8311804218146372,0.6127389188673116,0.4888888888888889,24.738352959662368,0.4997217584863662,3.0862825889553855,0.32454810646075294,0,3.261
digits_pca32,15,cells,post_mass_on,post,mass,on,5,50,50,1.0,10,10,0.0,1.1,10,32,165000,3.0211876140057075,0.5586257793387048,0.34444444444444444,23.05235635083833,0.46299387868670006,2.6955972065108864,0.25894807139204107,0,2.728
digits_pca32,15,cells,pre_none_off,pre,none,off,5,50,50,1.0,10,10,0.0,1.1,10,32,165000,2.5654823205399646,0.5756767716760394,0.3901098901098901,24.45244305575598,0.49638286032276013,3.7152171590759115,0.32540634160195975,0,2.889
digits_pca32,15,cells,pre_none_on,pre,none,on,5,50,50,1.0,10,10,0.0,1.1,10,32,165000,2.338324287148163,0.3470409514348998,0.3068181818181818,13.551919360601506,0.2598775737340011,4.563792158828426,0.07426488087670634,0,3.095
digits_pca32,15,cells,pre_footprint_off,pre,footprint,off,5,50,50,1.0,10,10,0.0,1.1,10,32,165000,3.0165167280435656,0.6485907663873726,0.4340659340659341,25.246788352241825,0.4713411240957151,2.774563464866624,0.29101545157723424,0,6.125
digits_pca32,15,cells,pre_footprint_on,pre,footprint,on,5,50,50,1.0,10,10,0.0,1.1,10,32,165000,3.1825255393563228,0.6258503064468683,0.4340659340659341,24.107830371912826,0.5175292153589316,2.486025774875175,0.2656790200186047,0,4.225
digits_pca32,15,cells,pre_mass_off,pre,mass,off,5,50,50,1.0,10,10,0.0,1.1,10,32,165000,3.1705939672785703,0.6260423197848383,0.3611111111111111,24.997387131568598,0.5598219254312743,2.4866425353848984,0.2969057995838903,0,2.664
digits_pca32,15,cells,pre_mass_on,pre,mass,on,5,50,44,1.0,10,10,0.0,1.1,10,32,145200,3.0528692016101613,0.6162607697448738,0.46111111111111114,23.80876320053534,0.4997217584863662,2.691694335099767,0.25624735448365044,0,2.758
digits_pca32,15,cells,post_fpmask_off,post,fpmask,off,5,50,50,1.0,10,10,0.0,1.1,10,32,165000,2.148860615563241,0.3928926322031551,0.30726256983240224,24.766692225833395,0.3478018920422927,5.3635398893604815,0.4471162939768231,0,4.814
digits_pca32,15,cells,post_massmask_off,post,massmask,off,5,50,50,1.0,10,10,0.0,1.1,10,32,165000,2.0909973514827143,0.3551274096063405,0.2611111111111111,24.878895490738824,0.3233166388425153,5.690155439557872,0.47527906395317054,0,2.501
digits_pca32,15,cells,pre_fpmask_off,pre,fpmask,off,5,50,50,1.0,10,10,0.0,1.1,10,32,165000,2.5382293001753498,0.5787421447110306,0.34444444444444444,24.45176670171949,0.5125208681135225,3.7953212079031218,0.29804724509024494,0,3.883
digits_pca32,15,cells,pre_massmask_off,pre,massmask,off,5,50,50,1.0,10,10,0.0,1.1,10,32,165000,2.5799037349334064,0.5694901000186343,0.3701657458563536,24.60259411778327,0.49304396215915414,3.6963569146323985,0.3363707656777716,0,3.228
digits_pca32,16,cells,post_none_off,post,none,off,5,50,50,1.0,10,10,0.0,1.1,10,32,165000,2.09421522425111,0.39453754489314735,0.2611111111111111,25.1920402636392,0.3516972732331664,5.744083134601759,0.5299464188817148,0,2.454
digits_pca32,16,cells,post_none_on,post,none,on,5,50,50,1.0,10,10,0.0,1.1,10,32,165000,1.5808043293379466,0.3325007972052673,0.24858757062146894,14.664254520020545,0.27100723427935447,10.126619664514287,0.07745358410546105,0,3.161
digits_pca32,16,cells,post_footprint_off,post,footprint,off,5,50,50,1.0,10,10,0.0,1.1,10,32,165000,2.9832840405343783,0.6521195239939553,0.45,24.796805077209612,0.535336672231497,2.7861629870767306,0.31515320275136555,0,4.799
digits_pca32,16,cells,post_footprint_on,post,footprint,on,5,50,50,1.0,10,10,0.0,1.1,10,32,165000,2.4005809624698564,0.5962351313322958,0.4777777777777778,23.111610058974705,0.4791318864774624,4.287402431796082,0.25178951478725264,0,4.893
digits_pca32,16,cells,post_mass_off,post,mass,off,5,50,50,1.0,10,10,0.0,1.1,10,32,165000,2.4457755660183373,0.6240025121452554,0.46111111111111114,24.626373809187015,0.5052865887590429,4.116871044540514,0.3046856034311693,0,1.894
digits_pca32,16,cells,post_mass_on,post,mass,on,5,50,50,1.0,10,10,0.0,1.1,10,32,165000,2.506189910585505,0.5289139153689189,0.39444444444444443,22.67942931606901,0.38731218697829717,3.959290003110214,0.24112632463616696,0,3.019
digits_pca32,16,cells,pre_none_off,pre,none,off,5,50,50,1.0,10,10,0.0,1.1,10,32,165000,2.5313377758490048,0.5656582654307447,0.34444444444444444,24.47430166583791,0.5208681135225376,3.819531607104383,0.3194527831966303,0,3.664
digits_pca32,16,cells,pre_none_on,pre,none,on,5,50,50,1.0,10,10,0.0,1.1,10,32,165000,2.118798601998587,0.3365172692181412,0.281767955801105,14.656831317471248,0.2659988870339455,5.563225067407451,0.07544632464052536,0,3.563
digits_pca32,16,cells,pre_footprint_off,pre,footprint,off,5,50,50,1.0,10,10,0.0,1.1,10,32,165000,3.357516602860249,0.6733304747758774,0.4350282485875706,25.48592205602185,0.5564830272676683,2.260809725331433,0.30886881158819424,0,4.18
digits_pca32,16,cells,pre_footprint_on,pre,footprint,on,5,50,50,1.0,10,10,0.0,1.1,10,32,165000,3.340337792139901,0.6206612953878008,0.4111111111111111,24.455613199065887,0.5203116304952699,2.2671456787735087,0.29329248809849157,0,4.266
digits_pca32,16,cells,pre_mass_off,pre,mass,off,5,50,50,1.0,10,10,0.0,1.1,10,32,165000,3.1683567616155632,0.6980682169996426,0.4777777777777778,25.152203689222127,0.5525876460767947,2.505577760930976,0.2980961100553823,0,3.078
digits_pca32,16,cells,pre_mass_on,pre,mass,on,5,50,50,1.0,10,10,0.0,1.1,10,32,165000,3.16372389627068,0.6013759878177454,0.38333333333333336,23.95597241609366,0.5075125208681135,2.516757457536609,0.27411113864725184,0,3.562
digits_pca32,16,cells,post_fpmask_off,post,fpmask,off,5,50,50,1.0,10,10,0.0,1.1,10,32,165000,1.9910605633144338,0.36475826351787616,0.2833333333333333,24.788287862946074,0.3266555370061213,6.252843946596492,0.4677942119906061,0,5.343
digits_pca32,16,cells,post_massmask_off,post,massmask,off,5,50,50,1.0,10,10,0.0,1.1,10,32,165000,2.2163994582183997,0.4407800290086996,0.3055555555555556,24.87719467463234,0.3834168057874235,5.064135693212575,0.44835376124021825,0,4.146
digits_pca32,16,cells,pre_fpmask_off,pre,fpmask,off,5,50,50,1.0,10,10,0.0,1.1,10,32,165000,2.5153274286455702,0.5646815064339067,0.3,24.510508322631814,0.5203116304952699,3.8740325454154716,0.3022107844922261,0,4.703
digits_pca32,16,cells,pre_massmask_off,pre,massmask,off,5,50,50,1.0,10,10,0.0,1.1,10,32,165000,2.492246835926912,0.5629176356932556,0.3388888888888889,24.467458678329457,0.5180856983861992,3.9391884414561966,0.3142227831074815,0,2.795
digits_pca32,17,cells,post_none_off,post,none,off,5,50,50,1.0,10,10,0.0,1.1,10,32,165000,2.0525838367623064,0.3213468252365973,0.2265193370165746,25.14757014250074,0.3110740122426266,5.968898842545809,0.499845686091208,0,4.228
digits_pca32,17,cells,post_none_on,post,none,on,5,50,44,1.0,10,10,0.0,1.1,10,32,145200,1.7909289461125872,0.33546000977248985,0.2722222222222222,14.662419516537952,0.2854757929883139,7.8350947513996845,0.07190734198370437,0,3.838
digits_pca32,17,cells,post_footprint_off,post,footprint,off,5,50,50,1.0,10,10,0.0,1.1,10,32,165000,3.0121892323335744,0.6437107224559181,0.49444444444444446,24.66664259761441,0.5648302726766834,2.718601409963976,0.3115032117303077,0,4.718
digits_pca32,17,cells,post_footprint_on,post,footprint,on,5,50,50,1.0,10,10,0.0,1.1,10,32,165000,2.722562227859462,0.5681665116306813,0.40555555555555556,23.14742730467038,0.449638286032276,3.3489245879571334,0.26451345421993616,0,5.782
digits_pca32,17,cells,post_mass_off,post,mass,off,5,50,50,1.0,10,10,0.0,1.1,10,32,165000,2.6453458462743376,0.5643814197853099,0.31666666666666665,24.425713348124244,0.5342237061769616,3.490457373344668,0.30946747795324675,0,2.782
digits_pca32,17,cells,post_mass_on,post,mass,on,5,50,50,1.0,10,10,0.0,1.1,10,32,165000,2.4097135921909074,0.5168949679388148,0.4166666666666667,22.097330304891358,0.41736227045075125,4.232822985831018,0.22373911326723345,0,4.165
digits_pca32,17,cells,pre_none_off,pre,none,off,5,50,50,1.0,10,10,0.0,1.1,10,32,165000,2.4621922876596205,0.5094690314592588,0.25555555555555554,24.714981138151586,0.46132442960489706,4.076771310717046,0.36887483897759543,0,4.641
digits_pca32,17,cells,pre_none_on,pre,none,on,5,50,50,1.0,10,10,0.0,1.1,10,32,165000,2.506056729649168,0.3299777142901944,0.2722222222222222,14.679453956869635,0.2860322760155815,3.9359773715782476,0.07203517296158679,0,4.198
digits_pca32,17,cells,pre_footprint_off,pre,footprint,off,5,50,50,1.0,10,10,0.0,1.1,10,32,165000,2.77651200285865,0.592632821956341,0.37222222222222223,25.230220151496017,0.5364496382860323,3.2728185612427247,0.32778121416778916,0,6.059
digits_pca32,17,cells,pre_footprint_on,pre,footprint,on,5,50,50,1.0,10,10,0.0,1.1,10,32,165000,2.8103919370043853,0.5830659122317253,0.43333333333333335,23.85818420308901,0.4757929883138564,3.1941357576673686,0.274112327475842,0,5.954
digits_pca32,17,cells,pre_mass_off,pre,mass,off,5,50,50,1.0,10,10,0.0,1.1,10,32,165000,3.2543507808110843,0.7079863899079469,0.55,24.91576221890668,0.6060100166944908,2.352585693314116,0.29204609278760363,0,4.215
digits_pca32,17,cells,pre_mass_on,pre,mass,on,5,50,50,1.0,10,10,0.0,1.1,10,32,165000,2.916004907987943,0.5323012230625213,0.29444444444444445,23.141953972895898,0.4540901502504174,2.947055726678387,0.2582312097607592,0,5.339
digits_pca32,17,cells,post_fpmask_off,post,fpmask,off,5,50,50,1.0,10,10,0.0,1.1,10,32,165000,1.822321436023363,0.34922154211379697,0.24444444444444444,25.043277112716513,0.32053422370617696,7.541212722066242,0.47124471372185817,0,5.54
digits_pca32,17,cells,post_massmask_off,post,massmask,off,5,50,50,1.0,10,10,0.0,1.1,10,32,165000,2.0113596852098694,0.3401070263538614,0.2833333333333333,24.992321873386178,0.31719532554257096,6.1777043945798615,0.4738021955749557,0,3.733
digits_pca32,17,cells,pre_fpmask_off,pre,fpmask,off,5,50,50,1.0,10,10,0.0,1.1,10,32,165000,2.481868057893008,0.5299205490129502,0.29444444444444445,24.300917897933534,0.45631608235948806,3.945166156475142,0.324197031293071,0,5.24
digits_pca32,17,cells,pre_massmask_off,pre,massmask,off,5,50,50,1.0,10,10,0.0,1.1,10,32,165000,2.448805837303979,0.534380451916895,0.3277777777777778,24.318500707664025,0.4524207011686144,4.055347667583245,0.33219720749300086,0,2.636
digits_pca32,18,cells,post_none_off,post,none,off,5,50,50,1.0,10,10,0.0,1.1,10,32,165000,1.9729185640118163,0.33619176625963554,0.26666666666666666,25.26390151448391,0.2760155815247635,6.490558985550886,0.5168385343010645,0,2.948
digits_pca32,18,cells,post_none_on,post,none,on,5,50,50,1.0,10,10,0.0,1.1,10,32,165000,1.3629107664264817,0.32582257008834503,0.2711864406779661,14.216504548140636,0.2654424040066778,13.703257220202945,0.07529180928068661,0,3.059
digits_pca32,18,cells,post_footprint_off,post,footprint,off,5,50,50,1.0,10,10,0.0,1.1,10,32,165000,2.9700532228590437,0.6207372987761324,0.5227272727272727,24.86564492867557,0.5614913745130774,2.8188454421011166,0.32145992441266386,0,4.859
digits_pca32,18,cells,post_footprint_on,post,footprint,on,5,50,50,1.0,10,10,0.0,1.1,10,32,165000,2.8221341028366407,0.5718646458633425,0.4431818181818182,23.359082304268984,0.4373956594323873,3.13415368023383,0.27895233088415095,0,6.033
digits_pca32,18,cells,post_mass_off,post,mass,off,5,50,50,1.0,10,10,0.0,1.1,10,32,165000,2.668566982032195,0.5967207629630813,0.49444444444444446,24.75340295193143,0.5893155258764607,3.475991414998481,0.328730171815002,0,3.03
digits_pca32,18,cells,post_mass_on,post,mass,on,5,50,50,1.0,10,10,0.0,1.1,10,32,165000,2.2001999439945306,0.5224311504732302,0.4090909090909091,22.175664431156868,0.4028937117417919,5.108714782820388,0.23514770513803857,0,4.301
digits_pca32,18,cells,pre_none_off,pre,none,off,5,50,50,1.0,10,10,0.0,1.1,10,32,165000,2.586456607856662,0.5254289981323289,0.40555555555555556,24.652937240121005,0.44184752365052865,3.6851763598802796,0.3698460250986082,0,3.858
digits_pca32,18,cells,pre_none_on,pre,none,on,5,50,50,1.0,10,10,0.0,1.1,10,32,165000,2.231605283893836,0.3442189940292303,0.2711864406779661,13.254980895951409,0.2687813021702838,5.114608978502903,0.07264886952274126,0,3.603
digits_pca32,18,cells,pre_footprint_off,pre,footprint,off,5,50,50,1.0,10,10,0.0,1.1,10,32,165000,3.316782157749672,0.7140283772513896,0.6111111111111112,25.194765070992293,0.5898720089037285,2.290215850542397,0.28797161311993674,0,6.141
digits_pca32,18,cells,pre_footprint_on,pre,footprint,on,5,50,48,1.0,10,10,0.0,1.1,10,32,158400,2.8208987443496545,0.6088783916808969,0.46111111111111114,24.066461333468144,0.4974958263772955,3.1481720156491417,0.2751448620423897,0,4.144
digits_pca32,18,cells,pre_mass_off,pre,mass,off,5,50,50,1.0,10,10,0.0,1.1,10,32,165000,3.2703537835861294,0.7074321378958128,0.6111111111111112,25.076862117673606,0.5854201446855871,2.344680753738379,0.292310726921759,0,3.678
digits_pca32,18,cells,pre_mass_on,pre,mass,on,5,50,50,1.0,10,10,0.0,1.1,10,32,165000,2.8374483159082895,0.614739713408372,0.40555555555555556,23.736504337950862,0.5091819699499165,3.113825331342978,0.26726500468260717,0,2.832
digits_pca32,18,cells,post_fpmask_off,post,fpmask,off,5,50,50,1.0,10,10,0.0,1.1,10,32,165000,2.069829158012342,0.3494710218859884,0.3076923076923077,25.34653438167668,0.30495269894268223,5.916291796388529,0.522115933234796,0,4.833
digits_pca32,18,cells,post_massmask_off,post,massmask,off,5,50,50,1.0,10,10,0.0,1.1,10,32,165000,1.882615952694575,0.3299846168722608,0.2777777777777778,25.307454579096245,0.2932665553700612,7.140440377887417,0.5186967176862676,0,4.005
digits_pca32,18,cells,pre_fpmask_off,pre,fpmask,off,5,50,50,1.0,10,10,0.0,1.1,10,32,165000,2.5144758446961477,0.5585394462127109,0.45604395604395603,24.54498487299217,0.49304396215915414,3.882109963506339,0.33135842888933886,0,4.654
digits_pca32,18,cells,pre_massmask_off,pre,massmask,off,5,50,50,1.0,10,10,0.0,1.1,10,32,165000,2.354914119037786,0.49383440615930596,0.38333333333333336,24.38242165364346,0.4062326099053979,4.396698551276375,0.3386508682453425,0,3.619
digits_pca32,19,cells,post_none_off,post,none,off,5,50,50,1.0,10,10,0.0,1.1,10,32,165000,2.1454006850400362,0.39623407084530465,0.3388888888888889,25.210574019145326,0.3411240957150807,5.477292127232233,0.49005467233412053,0,4.559
digits_pca32,19,cells,post_none_on,post,none,on,5,50,50,1.0,10,10,0.0,1.1,10,32,165000,1.5724954413141816,0.3379824999426985,0.27472527472527475,14.228558328992728,0.2637729549248748,10.291532888801171,0.07278922287392844,0,4.413
digits_pca32,19,cells,post_footprint_off,post,footprint,off,5,50,50,1.0,10,10,0.0,1.1,10,32,165000,2.9925768077109383,0.603456888268176,0.4388888888888889,24.737657754186774,0.5503617139677239,2.7622816923295574,0.3150696184493225,0,6.253
digits_pca32,19,cells,post_footprint_on,post,footprint,on,5,50,50,1.0,10,10,0.0,1.1,10,32,165000,2.786662574609198,0.5976705132171403,0.35,23.723744898251162,0.5158597662771286,3.1877431740132156,0.2917180095807793,0,6.288
digits_pca32,19,cells,post_mass_off,post,mass,off,5,50,50,1.0,10,10,0.0,1.1,10,32,165000,2.947596907368293,0.6007157079932683,0.4166666666666667,24.656133886961786,0.5375626043405676,2.8378458117023992,0.3177674387722205,0,3.508
digits_pca32,19,cells,post_mass_on,post,mass,on,5,50,50,1.0,10,10,0.0,1.1,10,32,165000,2.6590266139007066,0.5120826590355507,0.39779005524861877,22.684322145904964,0.41235392320534225,3.5199623743593227,0.25013148125296136,0,3.664
digits_pca32,19,cells,pre_none_off,pre,none,off,5,50,50,1.0,10,10,0.0,1.1,10,32,165000,2.4673397909375474,0.5686391945502893,0.4111111111111111,24.330523225351797,0.43628269337785197,3.9966261266243723,0.32257800889392113,0,2.814
digits_pca32,19,cells,pre_none_on,pre,none,on,5,50,50,1.0,10,10,0.0,1.1,10,32,165000,2.3978376444873697,0.38625474539975657,0.30726256983240224,13.661359149427781,0.2888146911519199,4.282020256488289,0.0728378707068698,0,3.44
digits_pca32,19,cells,pre_footprint_off,pre,footprint,off,5,50,50,1.0,10,10,0.0,1.1,10,32,165000,3.8893744544405484,0.6044107131999152,0.4293785310734463,25.54434180051728,0.5809682804674458,1.6886327267000676,0.3297159367544989,0,4.876
digits_pca32,19,cells,pre_footprint_on,pre,footprint,on,5,50,50,1.0,10,10,0.0,1.1,10,32,165000,3.4484902341575103,0.6257129673864339,0.3888888888888889,24.82185968911243,0.5859766277128547,2.1044702981138608,0.32785321580628346,0,5.291
digits_pca32,19,cells,pre_mass_off,pre,mass,off,5,50,50,1.0,10,10,0.0,1.1,10,32,165000,3.5942375554307677,0.6199917828795526,0.4350282485875706,25.419493844252525,0.5882025598219255,1.967674888264652,0.32774453099449324,0,3.346
digits_pca32,19,cells,pre_mass_on,pre,mass,on,5,50,50,1.0,10,10,0.0,1.1,10,32,165000,3.3541293651500275,0.598847443422603,0.4,24.505378651420877,0.5492487479131887,2.242280145605404,0.31322463772075126,0,3.533
digits_pca32,19,cells,post_fpmask_off,post,fpmask,off,5,50,50,1.0,10,10,0.0,1.1,10,32,165000,1.8512544573281922,0.40964709735334254,0.32967032967032966,25.12021919082429,0.3583750695603784,7.329784228055094,0.4838747417656412,0,5.414
digits_pca32,19,cells,post_massmask_off,post,massmask,off,5,50,50,1.0,10,10,0.0,1.1,10,32,165000,2.117957024314242,0.4248189345412031,0.3111111111111111,25.161997993262993,0.34835837506956036,5.60932800757381,0.46167169641938377,0,4.357
digits_pca32,19,cells,pre_fpmask_off,pre,fpmask,off,5,50,50,1.0,10,10,0.0,1.1,10,32,165000,2.6085184166473634,0.5582764212414617,0.38333333333333336,24.700934093716914,0.4819143016138008,3.6301582888824564,0.3441512213473361,0,5.272
digits_pca32,19,cells,pre_massmask_off,pre,massmask,off,5,50,50,1.0,10,10,0.0,1.1,10,32,165000,2.4749489402431393,0.5154290476734495,0.29444444444444445,24.56588405644327,0.4251530328324986,4.010512835220607,0.34608093967563375,0,3.152
letter,10,cells,post_none_off,post,none,off,5,50,50,1.0,10,10,0.0,1.3,26,16,221000,1.6382463935965714,0.24188016682178687,0.18385922330097088,5.164519367897539,0.2011,1.9242941930333797,0.5349197475633861,0,57.554
letter,10,cells,post_none_on,post,none,on,5,50,50,1.0,10,10,0.0,1.3,26,16,221000,1.27431938376389,0.23506969558250587,0.19174757281553398,3.3559779622992245,0.18545,3.2537244246191874,0.27578749161770777,0,52.022
letter,10,cells,post_footprint_off,post,footprint,off,5,50,50,1.0,10,10,0.0,1.3,26,16,221000,1.5597632364581495,0.2884594066628655,0.24475524475524477,5.238745145752206,0.2441,2.1533266322619586,0.4509676157272465,0,60.46
letter,10,cells,post_footprint_on,post,footprint,on,5,50,50,1.0,10,10,0.0,1.3,26,16,221000,1.6129617650149024,0.27871077788066756,0.23179611650485438,4.870160447096746,0.23765,2.0115387757753798,0.422133144817395,0,57.53
letter,10,cells,post_mass_off,post,mass,off,5,50,50,1.0,10,10,0.0,1.3,26,16,221000,1.8055238878789623,0.2848422072863905,0.22451456310679613,5.131556001421707,0.25395,1.5741372474264645,0.44878626717035536,0,47.161
letter,10,cells,post_mass_on,post,mass,on,5,50,50,1.0,10,10,0.0,1.3,26,16,221000,1.7427937711622308,0.281379004778867,0.2501255650426921,4.726514426023548,0.23135,1.722295636157646,0.40650576129558746,0,47.594
letter,10,cells,pre_none_off,pre,none,off,5,50,50,1.0,10,10,0.0,1.3,26,16,221000,1.7837491360715345,0.27836198778996024,0.23604368932038836,5.048238606264647,0.2436,1.5866177997987039,0.4378227455198357,0,46.984
letter,10,cells,pre_none_on,pre,none,on,5,50,50,1.0,10,10,0.0,1.3,26,16,221000,1.7398109651724476,0.23251489895295535,0.19842233009708737,3.3625900995985285,0.1895,1.693939278781308,0.2754770803488682,0,47.095
letter,10,cells,pre_footprint_off,pre,footprint,off,5,50,50,1.0,10,10,0.0,1.3,26,16,221000,2.0345656484527668,0.29808123116099783,0.22702159718734305,5.407813205662453,0.2594,1.3064063020870869,0.43642528899551947,0,57.689
letter,10,cells,pre_footprint_on,pre,footprint,on,5,50,50,1.0,10,10,0.0,1.3,26,16,221000,1.4254017503121608,0.2854468428719229,0.2433252427184466,5.020380778938925,0.2355,2.6664207847017924,0.41680470475952575,0,58.986
letter,10,cells,pre_mass_off,pre,mass,off,5,50,50,1.0,10,10,0.0,1.3,26,16,221000,2.333746600165981,0.3067065986936489,0.23907584128578604,5.38515286963104,0.2627,0.9887594327496544,0.42572348601713744,0,45.979
letter,10,cells,pre_mass_on,pre,mass,on,5,50,50,1.0,10,10,0.0,1.3,26,16,221000,1.666557349775618,0.27862779780967706,0.22953289804118535,4.987965499783636,0.23645,1.9379805929483698,0.41499458284298185,0,46.952
letter,10,cells,post_fpmask_off,post,fpmask,off,5,50,50,1.0,10,10,0.0,1.3,26,16,221000,1.5975715797382257,0.25488699062975867,0.2088863242931333,5.124150694628773,0.21,2.0077111983110276,0.49164546202738096,0,57.1
letter,10,cells,post_massmask_off,post,massmask,off,5,50,50,1.0,10,10,0.0,1.3,26,16,221000,1.6336244794042842,0.2542650091555354,0.1953883495145631,5.13592103796145,0.20465,1.9244820864128789,0.5097091427065256,0,47.203
letter,10,cells,pre_fpmask_off,pre,fpmask,off,5,50,50,1.0,10,10,0.0,1.3,26,16,221000,1.8107320266677616,0.28578886160378314,0.24817961165048544,5.066784907551744,0.2458,1.5453401990186844,0.43041794187714116,0,59.588
letter,10,cells,pre_massmask_off,pre,massmask,off,5,50,50,1.0,10,10,0.0,1.3,26,16,221000,1.714553173869993,0.27793109534317784,0.2408980582524272,5.061323029826721,0.2388,1.7217184728373112,0.4372268719140909,0,46.054
letter,11,cells,post_none_off,post,none,off,5,50,50,1.0,10,10,0.0,1.3,26,16,221000,1.4866093751142821,0.2552039000398648,0.19599514563106796,5.182250993002935,0.2117,2.3449020636128326,0.5291691722614451,0,56.254
letter,11,cells,post_none_on,post,none,on,5,50,50,1.0,10,10,0.0,1.3,26,16,221000,1.2465500623756354,0.2359603478307719,0.20764017252002465,3.376905825603914,0.18015,3.4302212572646704,0.2811371782951237,0,51.804
letter,11,cells,post_footprint_off,post,footprint,off,5,50,50,1.0,10,10,0.0,1.3,26,16,221000,1.9115990496749131,0.283258669548568,0.23483009708737865,5.221409247955431,0.2432,1.428874619628198,0.4613175224982631,0,60.719
letter,11,cells,post_footprint_on,post,footprint,on,5,50,50,1.0,10,10,0.0,1.3,26,16,221000,1.6515505693851797,0.27395126026184,0.24575242718446602,4.865929594924225,0.244,1.9218550061194957,0.4256919949227969,0,57.104
letter,11,cells,post_mass_off,post,mass,off,5,50,50,1.0,10,10,0.0,1.3,26,16,221000,1.6841670037303542,0.2777977205583775,0.2287621359223301,5.066379835273342,0.2422,1.7861891119406486,0.4468727438056834,0,47.63
letter,11,cells,post_mass_on,post,mass,on,5,50,50,1.0,10,10,0.0,1.3,26,16,221000,1.7368115571291496,0.27969879750936416,0.23604368932038836,4.702728830955636,0.2345,1.7333050570875483,0.4083858271807462,0,47.448
letter,11,cells,pre_none_off,pre,none,off,5,50,50,1.0,10,10,0.0,1.3,26,16,221000,1.5776186970487736,0.2670962648338017,0.21844660194174756,5.040228620945586,0.23465,2.025098476215695,0.45561604814832013,0,46.766
letter,11,cells,pre_none_on,pre,none,on,5,50,50,1.0,10,10,0.0,1.3,26,16,221000,1.4451916031734904,0.23545041822976537,0.20209488601355516,3.3823769930623326,0.18085,2.4779659845536925,0.2810467427404557,0,47.09
letter,11,cells,pre_footprint_off,pre,footprint,off,5,50,50,1.0,10,10,0.0,1.3,26,16,221000,1.9243180341005257,0.27223549485235726,0.21844660194174756,5.368578753250999,0.24305,1.4497917643804688,0.4464415462043159,0,57.765
letter,11,cells,pre_footprint_on,pre,footprint,on,5,50,50,1.0,10,10,0.0,1.3,26,16,221000,1.8724880222584868,0.2842623621317165,0.22936893203883496,5.08532060659342,0.2436,1.5467350259474684,0.41862576085163133,0,58.877
letter,11,cells,pre_mass_off,pre,mass,off,5,50,50,1.0,10,10,0.0,1.3,26,16,221000,1.9056320962879079,0.2786974914464807,0.2178398058252427,5.3675065180874535,0.2513,1.478068163046807,0.4406236876519892,0,45.752
letter,11,cells,pre_mass_on,pre,mass,on,5,50,50,1.0,10,10,0.0,1.3,26,16,221000,2.151423506142664,0.2947460085551301,0.23791018998272884,5.030297090485401,0.2464,1.1723768482507584,0.4080780211151725,0,46.677
letter,11,cells,post_fpmask_off,post,fpmask,off,5,50,50,1.0,10,10,0.0,1.3,26,16,221000,1.5511889939609211,0.2711221416007175,0.220873786407767,5.099606716083254,0.22525,2.1193723060174317,0.4906664106978868,0,57.261
letter,11,cells,post_massmask_off,post,massmask,off,5,50,50,1.0,10,10,0.0,1.3,26,16,221000,1.4242532580430323,0.26612691255247384,0.21237864077669902,5.094828980947348,0.2193,2.51162714036216,0.49796459711297125,0,47.242
letter,11,cells,pre_fpmask_off,pre,fpmask,off,5,50,50,1.0,10,10,0.0,1.3,26,16,221000,1.6963856269273874,0.2811090969292641,0.24510296333500753,5.073736994335129,0.24755,1.7631074592614713,0.43313839791195025,0,60.069
letter,11,cells,pre_massmask_off,pre,massmask,off,5,50,50,1.0,10,10,0.0,1.3,26,16,221000,1.7207235718829912,0.2761205944927574,0.2440984429934706,5.060863888158334,0.2439,1.709237612115246,0.43823675101200493,0,45.669
letter,12,cells,post_none_off,post,none,off,5,50,50,1.0,10,10,0.0,1.3,26,16,221000,1.2697011442686577,0.25128119536422816,0.19842233009708737,5.165939541537319,0.2101,3.2043968580497184,0.5316680723316553,0,55.062
letter,12,cells,post_none_on,post,none,on,5,50,50,1.0,10,10,0.0,1.3,26,16,221000,1.24867952583534,0.24026687593537366,0.21601941747572814,3.3584968943579785,0.17515,3.395538266721695,0.27383142862592263,0,50.013
letter,12,cells,post_footprint_off,post,footprint,off,5,50,50,1.0,10,10,0.0,1.3,26,16,221000,1.3986082075986526,0.28420470058414166,0.20813106796116504,5.120711412136323,0.24435,2.6178102023400003,0.4439973382260642,0,59.469
letter,12,cells,post_footprint_on,post,footprint,on,5,50,50,1.0,10,10,0.0,1.3,26,16,221000,2.213337281058119,0.2708695087440571,0.21237864077669902,4.849034049972248,0.23975,1.06284911914652,0.4048867660510277,0,55.594
letter,12,cells,post_mass_off,post,mass,off,5,50,50,1.0,10,10,0.0,1.3,26,16,221000,1.6964099063419125,0.2773362707832089,0.23907766990291263,5.114850261018503,0.245,1.7773433120013817,0.44447126370717077,0,46.518
letter,12,cells,post_mass_on,post,mass,on,5,50,50,1.0,10,10,0.0,1.3,26,16,221000,1.8386843912653843,0.262298472122486,0.1862864077669903,4.6379217760775395,0.22515,1.527315231757475,0.392325139471967,0,48.078
letter,12,cells,pre_none_off,pre,none,off,5,50,50,1.0,10,10,0.0,1.3,26,16,221000,1.8766486993592368,0.2846203482972166,0.21237864077669902,5.093989620523536,0.2496,1.4464122503986665,0.43480772363718595,0,45.299
letter,12,cells,pre_none_on,pre,none,on,5,50,50,1.0,10,10,0.0,1.3,26,16,221000,1.2616964063494105,0.23625296747566088,0.20764017252002465,3.3728318714825276,0.17225,3.2367201221323683,0.2769412026212101,0,46.218
letter,12,cells,pre_footprint_off,pre,footprint,off,5,50,50,1.0,10,10,0.0,1.3,26,16,221000,1.8539370232411203,0.2793268050576494,0.21419902912621358,5.30831844398973,0.24785,1.5444256765408066,0.4332684359076072,0,56.041
letter,12,cells,pre_footprint_on,pre,footprint,on,5,50,50,1.0,10,10,0.0,1.3,26,16,221000,2.0964653079201025,0.28926873219754984,0.1953883495145631,5.0199085468011635,0.24315,1.2238513879275497,0.3968123486427136,0,57.315
letter,12,cells,pre_mass_off,pre,mass,off,5,50,50,1.0,10,10,0.0,1.3,26,16,221000,1.7360959974833836,0.2827859551766676,0.24150485436893204,5.304078351073052,0.25165,1.7597965385122893,0.43035778353419224,0,45.076
letter,12,cells,pre_mass_on,pre,mass,on,5,50,50,1.0,10,10,0.0,1.3,26,16,221000,1.57633266609607,0.2681107057167895,0.1820388349514563,4.873287743268102,0.2305,2.12758810813499,0.3993828332745415,0,46.261
letter,12,cells,post_fpmask_off,post,fpmask,off,5,50,50,1.0,10,10,0.0,1.3,26,16,221000,1.9240564627873193,0.2604486481469953,0.21419902912621358,5.053782240803364,0.2298,1.3651516546602818,0.4764447158966705,0,57.005
letter,12,cells,post_massmask_off,post,massmask,off,5,50,50,1.0,10,10,0.0,1.3,26,16,221000,1.7055712878325084,0.25094430742227847,0.2020631067961165,5.082021140501353,0.2124,1.7470153248108395,0.5052067098402125,0,45.448
letter,12,cells,pre_fpmask_off,pre,fpmask,off,5,50,50,1.0,10,10,0.0,1.3,26,16,221000,2.085910556859517,0.28463070318190525,0.24610748367654445,5.114707920667449,0.24465,1.175518514970725,0.42229532397632363,0,58.284
letter,12,cells,pre_massmask_off,pre,massmask,off,5,50,50,1.0,10,10,0.0,1.3,26,16,221000,2.112274286773625,0.28355793277777147,0.24271844660194175,5.083822700967091,0.2453,1.1394355665207887,0.426288659025904,0,46.08
letter,13,cells,post_none_off,post,none,off,5,50,50,1.0,10,10,0.0,1.3,26,16,221000,1.5297100480368635,0.24629352533985754,0.21581073283323715,5.157769254982935,0.2089,2.204162809071277,0.5250340921185292,0,56.772
letter,13,cells,post_none_on,post,none,on,5,50,50,1.0,10,10,0.0,1.3,26,16,221000,1.1938118538823708,0.23361332420236,0.1970074812967581,3.3741317202772856,0.1736,3.7111840382615333,0.2830129996935628,0,48.786
letter,13,cells,post_footprint_off,post,footprint,off,5,50,50,1.0,10,10,0.0,1.3,26,16,221000,2.0822816925056022,0.2876264646730834,0.22451456310679613,5.167838681272802,0.2531,1.1918730138934395,0.4401566319348975,0,58.823
letter,13,cells,post_footprint_on,post,footprint,on,5,50,50,1.0,10,10,0.0,1.3,26,16,221000,1.775357789059896,0.2673964075671375,0.19114077669902912,4.838769286809052,0.2321,1.6614911455647443,0.4117778050962425,0,57.434
letter,13,cells,post_mass_off,post,mass,off,5,50,50,1.0,10,10,0.0,1.3,26,16,221000,1.960154590040191,0.27450508408299595,0.22148058252427186,5.026246875567827,0.24345,1.3081669367852344,0.43252583083095636,0,47.891
letter,13,cells,post_mass_on,post,mass,on,5,50,50,1.0,10,10,0.0,1.3,26,16,221000,1.6911589861316543,0.2547542088083895,0.18021844660194175,4.609618195147161,0.2279,1.7855192867193328,0.39276304703679993,0,46.635
letter,13,cells,pre_none_off,pre,none,off,5,50,50,1.0,10,10,0.0,1.3,26,16,221000,1.7112608223261072,0.27015222051467397,0.23491271820448878,5.0322543518356,0.24075,1.7184233635406734,0.4466007402263695,0,46.83
letter,13,cells,pre_none_on,pre,none,on,5,50,50,1.0,10,10,0.0,1.3,26,16,221000,0.8820340554848671,0.23125422455592096,0.19356796116504854,3.372531173108126,0.1753,6.63143231576603,0.27885901375845135,0,47.729
letter,13,cells,pre_footprint_off,pre,footprint,off,5,50,50,1.0,10,10,0.0,1.3,26,16,221000,2.423478411279111,0.31200749115770476,0.2487864077669903,5.38013375744602,0.27765,0.9160406839215001,0.42873458561730593,0,58.434
letter,13,cells,pre_footprint_on,pre,footprint,on,5,50,50,1.0,10,10,0.0,1.3,26,16,221000,2.189530219866501,0.2977929266307829,0.23786407766990292,5.0467317061847305,0.25015,1.1186151289096617,0.3940645091130556,0,59.618
letter,13,cells,pre_mass_off,pre,mass,off,5,50,50,1.0,10,10,0.0,1.3,26,16,221000,1.9808831390952149,0.3049709780944643,0.25,5.305906708515145,0.2613,1.3522030118970083,0.4297547148752485,0,47.303
letter,13,cells,pre_mass_on,pre,mass,on,5,50,50,1.0,10,10,0.0,1.3,26,16,221000,1.1753785570875737,0.28473560663365394,0.23907766990291263,4.899401912415103,0.2437,3.8503004774084775,0.3959268373445002,0,47.318
letter,13,cells,post_fpmask_off,post,fpmask,off,5,50,50,1.0,10,10,0.0,1.3,26,16,221000,1.626077013990488,0.2676769071080781,0.2087378640776699,5.073463419909005,0.22065,1.918767315191567,0.47854644997995155,0,57.72
letter,13,cells,post_massmask_off,post,massmask,off,5,50,50,1.0,10,10,0.0,1.3,26,16,221000,1.429882043050329,0.24880335370155665,0.21638776687824582,5.116844344152156,0.2154,2.5026595915458896,0.5068845093243947,0,47.195
letter,13,cells,pre_fpmask_off,pre,fpmask,off,5,50,50,1.0,10,10,0.0,1.3,26,16,221000,2.064399839614879,0.27677732964149193,0.2370668006027122,5.050563108438467,0.2453,1.1850922794269718,0.4258436153034467,0,59.31
letter,13,cells,pre_massmask_off,pre,massmask,off,5,50,50,1.0,10,10,0.0,1.3,26,16,221000,1.9111625627530486,0.2820203912678293,0.24861878453038674,5.056641715502271,0.2487,1.3844170013771069,0.43511978426177556,0,46.554
letter,14,cells,post_none_off,post,none,off,5,50,50,1.0,10,10,0.0,1.3,26,16,221000,1.4730523616136377,0.2619206636924012,0.23968446601941748,5.159306551384725,0.21485,2.37768853576608,0.5273374540403057,0,53.699
letter,14,cells,post_none_on,post,none,on,5,50,50,1.0,10,10,0.0,1.3,26,16,221000,1.2166166360830033,0.2366122165144095,0.21177184466019416,3.354157307179893,0.19,3.5632400384289564,0.2751606337476205,0,48.341
letter,14,cells,post_footprint_off,post,footprint,off,5,50,50,1.0,10,10,0.0,1.3,26,16,221000,1.7694666938321986,0.29477442074145255,0.24008036162732296,5.0885684579671695,0.25595,1.6252150548897495,0.4245779769275644,0,58.011
letter,14,cells,post_footprint_on,post,footprint,on,5,50,50,1.0,10,10,0.0,1.3,26,16,221000,1.3222800153148244,0.27021824868345956,0.22936893203883496,4.699532074346699,0.23185,2.938412991966813,0.38634415010422163,0,59.36
letter,14,cells,post_mass_off,post,mass,off,5,50,50,1.0,10,10,0.0,1.3,26,16,221000,2.032154067373842,0.2929829463861461,0.2360622802611753,5.080369892053036,0.25765,1.2302179853402555,0.4290415357008629,0,48.358
letter,14,cells,post_mass_on,post,mass,on,5,50,50,1.0,10,10,0.0,1.3,26,16,221000,1.9266635627251782,0.2681726372525405,0.23179611650485438,4.566912273952876,0.2327,1.3715678309625914,0.3817796708554305,0,46.42
letter,14,cells,pre_none_off,pre,none,off,5,50,50,1.0,10,10,0.0,1.3,26,16,221000,1.6503481676403655,0.2867634207031172,0.2354368932038835,5.023208384107598,0.2482,1.8442935366596847,0.43996031692748017,0,47.821
letter,14,cells,pre_none_on,pre,none,on,5,50,50,1.0,10,10,0.0,1.3,26,16,221000,1.5588812884400083,0.2367789086372861,0.21237864077669902,3.357788886483589,0.18565,2.111125447625743,0.27322921403798417,0,45.849
letter,14,cells,pre_footprint_off,pre,footprint,off,5,50,50,1.0,10,10,0.0,1.3,26,16,221000,2.17145694122181,0.31410006205556557,0.23058252427184467,5.304031539696075,0.2734,1.1248734177477184,0.4214169968092705,0,58.808
letter,14,cells,pre_footprint_on,pre,footprint,on,5,50,50,1.0,10,10,0.0,1.3,26,16,221000,2.042353985555922,0.2950301786920108,0.24514563106796117,4.871440486141784,0.25635,1.2531880554754005,0.3846540093498978,0,58.44
letter,14,cells,pre_mass_off,pre,mass,off,5,50,50,1.0,10,10,0.0,1.3,26,16,221000,1.9569886340762674,0.3145002812245211,0.24635922330097088,5.258188505500303,0.2779,1.3729652483334363,0.41749690152349406,0,47.088
letter,14,cells,pre_mass_on,pre,mass,on,5,50,50,1.0,10,10,0.0,1.3,26,16,221000,1.2623753767560526,0.28525445713024433,0.24029126213592233,4.849938035276692,0.2507,3.3076274890342265,0.3809960825987119,0,46.437
letter,14,cells,post_fpmask_off,post,fpmask,off,5,50,50,1.0,10,10,0.0,1.3,26,16,221000,1.4932655670385455,0.2670547763486996,0.2342233009708738,5.084179939425053,0.22155,2.2800628102703944,0.4858361657932308,0,57.485
letter,14,cells,post_massmask_off,post,massmask,off,5,50,50,1.0,10,10,0.0,1.3,26,16,221000,1.4683250743567409,0.2716517240620119,0.24364896073903003,5.090540331658417,0.2239,2.361127569234764,0.4949850773137721,0,48.137
letter,14,cells,pre_fpmask_off,pre,fpmask,off,5,50,50,1.0,10,10,0.0,1.3,26,16,221000,1.8298426568313833,0.27629498813978887,0.22572815533980584,5.059629233694927,0.24195,1.5110930151637443,0.432598662883427,0,57.958
letter,14,cells,pre_massmask_off,pre,massmask,off,5,50,50,1.0,10,10,0.0,1.3,26,16,221000,1.6153831437670858,0.2888806302183973,0.23361650485436894,5.02615094489535,0.2497,1.9261248465624292,0.4350098903147433,0,47.337
letter,15,cells,post_none_off,post,none,off,5,50,50,1.0,10,10,0.0,1.3,26,16,221000,1.8587379005900542,0.25153890294847414,0.19902912621359223,5.158237226490436,0.20895,1.4930178580623525,0.5216536384740241,0,49.554
letter,15,cells,post_none_on,post,none,on,5,50,50,1.0,10,10,0.0,1.3,26,16,221000,1.2578538104358683,0.23084905121598784,0.19100431300061615,3.3728493830311317,0.17475,3.383392220236046,0.28020658971622436,0,48.29
letter,15,cells,post_footprint_off,post,footprint,off,5,50,50,1.0,10,10,0.0,1.3,26,16,221000,2.0284808287401597,0.2934524335255665,0.2536407766990291,5.147969115783886,0.2484,1.251106031289813,0.43912090355330624,0,56.976
letter,15,cells,post_footprint_on,post,footprint,on,5,50,50,1.0,10,10,0.0,1.3,26,16,221000,1.815815612660784,0.2722570019353351,0.22451456310679613,4.716420824419996,0.2257,1.5769605198057828,0.406350285492305,0,60.541
letter,15,cells,post_mass_off,post,mass,off,5,50,50,1.0,10,10,0.0,1.3,26,16,221000,1.9684384915415285,0.2853109929535921,0.2342233009708738,5.102048123597603,0.2437,1.3167424991368186,0.43851745271249115,0,46.507
letter,15,cells,post_mass_on,post,mass,on,5,50,50,1.0,10,10,0.0,1.3,26,16,221000,2.0291767453955396,0.2797650238384637,0.22936893203883496,4.675448464660057,0.2276,1.259337044399613,0.39833574346897627,0,46.969
letter,15,cells,pre_none_off,pre,none,off,5,50,50,1.0,10,10,0.0,1.3,26,16,221000,1.8948878243356992,0.28571009840486244,0.2196601941747573,5.028877350469887,0.2384,1.4005674642130874,0.4450661878149206,0,47.506
letter,15,cells,pre_none_on,pre,none,on,5,50,50,1.0,10,10,0.0,1.3,26,16,221000,1.3103857022892769,0.2263992317691254,0.17900485436893204,3.364990729493172,0.1751,3.062230010249552,0.2748456832708483,0,45.359
letter,15,cells,pre_footprint_off,pre,footprint,off,5,50,50,1.0,10,10,0.0,1.3,26,16,221000,1.7358528299467602,0.297855601817382,0.22026699029126215,5.402008994182685,0.24705,1.79279032303085,0.42981781355337284,0,59.014
letter,15,cells,pre_footprint_on,pre,footprint,on,5,50,50,1.0,10,10,0.0,1.3,26,16,221000,2.4354452950583414,0.2815913327377795,0.20509708737864077,5.160351093782604,0.2265,0.9312903380932575,0.41006986948211593,0,58.86
letter,15,cells,pre_mass_off,pre,mass,off,5,50,50,1.0,10,10,0.0,1.3,26,16,221000,2.050736282684607,0.2876741532647792,0.21177184466019416,5.356839486051446,0.2467,1.2737640948707571,0.4356429401693878,0,47.444
letter,15,cells,pre_mass_on,pre,mass,on,5,50,50,1.0,10,10,0.0,1.3,26,16,221000,1.7356265896632626,0.27274376378618853,0.20509708737864077,4.931681279049272,0.2145,1.7995682782937932,0.4048138215148918,0,45.902
letter,15,cells,post_fpmask_off,post,fpmask,off,5,50,50,1.0,10,10,0.0,1.3,26,16,221000,1.744493295280452,0.2645197568188122,0.21848317428427927,5.0661383142305105,0.21675,1.6647094056862162,0.4782988266738684,0,59.825
letter,15,cells,post_massmask_off,post,massmask,off,5,50,50,1.0,10,10,0.0,1.3,26,16,221000,1.655205235689905,0.24644583461088368,0.17597087378640777,5.071089289630839,0.20955,1.850962220955399,0.5053330516673425,0,47.97
letter,15,cells,pre_fpmask_off,pre,fpmask,off,5,50,50,1.0,10,10,0.0,1.3,26,16,221000,1.7944320304071841,0.2753278521511478,0.20752427184466019,5.100450776544273,0.23275,1.5839976579808184,0.4312410743978287,0,58.378
letter,15,cells,pre_massmask_off,pre,massmask,off,5,50,50,1.0,10,10,0.0,1.3,26,16,221000,1.8366383891841678,0.2725349253188218,0.2008495145631068,5.042035042272859,0.22905,1.494715521682822,0.4321783494717564,0,48.052
letter,16,cells,post_none_off,post,none,off,5,50,50,1.0,10,10,0.0,1.3,26,16,221000,1.9379950147751543,0.2620981816534509,0.20934466019417475,5.133289679330212,0.2154,1.3667543403622178,0.5153378256331412,0,44.695
letter,16,cells,post_none_on,post,none,on,5,50,50,1.0,10,10,0.0,1.3,26,16,221000,1.1419402762060673,0.2330386086562411,0.1980891719745223,3.3516418585319974,0.1746,4.116758443200144,0.2794207436991786,0,47.07
letter,16,cells,post_footprint_off,post,footprint,off,5,50,50,1.0,10,10,0.0,1.3,26,16,221000,2.117872237004934,0.2854129740684408,0.2487864077669903,5.139781569465122,0.245,1.1458958542842277,0.43170506532497843,0,58.935
letter,16,cells,post_footprint_on,post,footprint,on,5,50,50,1.0,10,10,0.0,1.3,26,16,221000,1.6129656971268271,0.2725820872895285,0.21844660194174756,4.729780929606746,0.22745,1.990313935138657,0.39066892299127953,0,54.651
letter,16,cells,post_mass_off,post,mass,off,5,50,50,1.0,10,10,0.0,1.3,26,16,221000,2.1312913809918483,0.2846651828944281,0.2487864077669903,5.118922389162582,0.24255,1.1269194839671477,0.43328861325324525,0,45.568
letter,16,cells,post_mass_on,post,mass,on,5,50,50,1.0,10,10,0.0,1.3,26,16,221000,1.5523621416317503,0.2803138166691596,0.2178398058252427,4.658652870786043,0.22865,2.1422934737965673,0.391110675355316,0,46.377
letter,16,cells,pre_none_off,pre,none,off,5,50,50,1.0,10,10,0.0,1.3,26,16,221000,2.0029216851716987,0.2721849327917467,0.2220873786407767,5.048388084704185,0.23875,1.2584176354905559,0.4381994740562789,0,45.333
letter,16,cells,pre_none_on,pre,none,on,5,50,50,1.0,10,10,0.0,1.3,26,16,221000,1.8259629058113802,0.2329660874511879,0.19872611464968154,3.3639173068469876,0.1765,1.537291239730255,0.280257048278509,0,44.754
letter,16,cells,pre_footprint_off,pre,footprint,off,5,50,50,1.0,10,10,0.0,1.3,26,16,221000,2.0828768441870094,0.2853835987178301,0.24962330487192366,5.311864228105495,0.23715,1.2243900232972027,0.421288561760959,0,55.874
letter,16,cells,pre_footprint_on,pre,footprint,on,5,50,50,1.0,10,10,0.0,1.3,26,16,221000,1.8478698854987385,0.2861332800501216,0.2342233009708738,4.996338950701321,0.22385,1.5706958582840955,0.3842848538600751,0,55.48
letter,16,cells,pre_mass_off,pre,mass,off,5,50,50,1.0,10,10,0.0,1.3,26,16,221000,2.0825745407887353,0.2827104720946976,0.2408980582524272,5.2526972319798455,0.23555,1.2111034988408174,0.4215300183646168,0,43.848
letter,16,cells,pre_mass_on,pre,mass,on,5,50,50,1.0,10,10,0.0,1.3,26,16,221000,1.601447308481681,0.2945860305545206,0.2342233009708738,4.897998122505726,0.2378,2.077248562151661,0.38214355674399547,0,43.769
letter,16,cells,post_fpmask_off,post,fpmask,off,5,50,50,1.0,10,10,0.0,1.3,26,16,221000,1.6569631703800332,0.24661219790702366,0.18264563106796117,5.051962408409583,0.21075,1.8400702320905493,0.4904418975419046,0,53.65
letter,16,cells,post_massmask_off,post,massmask,off,5,50,50,1.0,10,10,0.0,1.3,26,16,221000,1.61316315022072,0.2630727189608096,0.2008495145631068,5.056459900792072,0.2135,1.9430768695367988,0.4961463499789471,0,40.732
letter,16,cells,pre_fpmask_off,pre,fpmask,off,5,50,50,1.0,10,10,0.0,1.3,26,16,221000,1.6885137066465252,0.2811205030526745,0.24757281553398058,5.094244292242403,0.24865,1.786777959701541,0.4358091919219815,0,50.501
letter,16,cells,pre_massmask_off,pre,massmask,off,5,50,50,1.0,10,10,0.0,1.3,26,16,221000,1.7114350735570685,0.2817942965084043,0.25,5.083382265594683,0.24225,1.7355291537077808,0.4354575040978467,0,38.086
letter,17,cells,post_none_off,post,none,off,5,50,50,1.0,10,10,0.0,1.3,26,16,221000,1.553619779037697,0.27279256337237723,0.23300970873786409,5.152416369245735,0.225,2.1346243941391516,0.5260564634861109,0,46.787
letter,17,cells,post_none_on,post,none,on,5,50,50,1.0,10,10,0.0,1.3,26,16,221000,1.0223917463449803,0.22865130152248453,0.20399002493765586,3.3686358636416567,0.1735,5.14891228425752,0.2797147765535697,0,46.154
letter,17,cells,post_footprint_off,post,footprint,off,5,50,50,1.0,10,10,0.0,1.3,26,16,221000,1.9384568402091904,0.29186111823836663,0.24861878453038674,5.0689038773545025,0.25735,1.3489684237064592,0.42921484113240654,0,59.331
letter,17,cells,post_footprint_on,post,footprint,on,5,50,50,1.0,10,10,0.0,1.3,26,16,221000,1.7052918353602962,0.26775348944534355,0.2408980582524272,4.843604687024611,0.22455,1.795439101074666,0.41804643755951865,0,56.191
letter,17,cells,post_mass_off,post,mass,off,5,50,50,1.0,10,10,0.0,1.3,26,16,221000,1.5470077835405176,0.29245785514383166,0.24696601941747573,5.047173284484103,0.2552,2.10893511448532,0.4351145248952998,0,47.246
letter,17,cells,post_mass_on,post,mass,on,5,50,50,1.0,10,10,0.0,1.3,26,16,221000,1.6123764751527663,0.266631722321535,0.2008495145631068,4.645862477365797,0.2264,1.9985791016421346,0.41332582284103164,0,45.613
letter,17,cells,pre_none_off,pre,none,off,5,50,50,1.0,10,10,0.0,1.3,26,16,221000,2.076515349674192,0.2757223881123319,0.22026699029126215,5.012571000100343,0.24305,1.1624927301656633,0.43709098506485194,0,45.968
letter,17,cells,pre_none_on,pre,none,on,5,50,50,1.0,10,10,0.0,1.3,26,16,221000,0.8886195198596822,0.23037817864543103,0.19800498753117207,3.3727745932382875,0.17645,6.636771361483304,0.2797786664486372,0,46.003
letter,17,cells,pre_footprint_off,pre,footprint,off,5,50,50,1.0,10,10,0.0,1.3,26,16,221000,2.103210743060196,0.28302370646824665,0.220873786407767,5.386986937546017,0.2319,1.2178122534835194,0.4439023506613527,0,56.67
letter,17,cells,pre_footprint_on,pre,footprint,on,5,50,50,1.0,10,10,0.0,1.3,26,16,221000,2.083269444213127,0.2921559026935099,0.26619789050728276,5.124866916807339,0.242,1.2542598870090973,0.4137693511337073,0,56.628
letter,17,cells,pre_mass_off,pre,mass,off,5,50,50,1.0,10,10,0.0,1.3,26,16,221000,1.6835704863142134,0.2900009422526432,0.2370668006027122,5.2920943981217174,0.25425,1.867088804315498,0.4249714000816975,0,46.146
letter,17,cells,pre_mass_on,pre,mass,on,5,50,50,1.0,10,10,0.0,1.3,26,16,221000,1.4898435399327414,0.28392322787783303,0.24029126213592233,5.038377688931856,0.2215,2.452981665301049,0.4055641324934496,0,43.464
letter,17,cells,post_fpmask_off,post,fpmask,off,5,50,50,1.0,10,10,0.0,1.3,26,16,221000,1.6396602508331803,0.26879883362519097,0.1929611650485437,5.089200934357517,0.22435,1.8929618491620337,0.49434614571192165,0,52.172
letter,17,cells,post_massmask_off,post,massmask,off,5,50,50,1.0,10,10,0.0,1.3,26,16,221000,1.6762266612301877,0.2631095534228819,0.22504327755337564,5.099949542499045,0.21385,1.815099308100701,0.49927787514529925,0,40.314
letter,17,cells,pre_fpmask_off,pre,fpmask,off,5,50,50,1.0,10,10,0.0,1.3,26,16,221000,1.936704287271401,0.2752450113927418,0.2430939226519337,5.05143849242077,0.2444,1.346754518669314,0.42648905937701515,0,49.208
letter,17,cells,pre_massmask_off,pre,massmask,off,5,50,50,1.0,10,10,0.0,1.3,26,16,221000,1.935622394956568,0.2766953938088846,0.24259166248116523,5.036015827286426,0.24445,1.3441440376097678,0.42992920344287877,0,37.419
letter,18,cells,post_none_off,post,none,off,5,50,50,1.0,10,10,0.0,1.3,26,16,221000,1.5440784510667793,0.2824355209484212,0.21359223300970873,5.1740921661515,0.22805,2.170178399133249,0.5291951925182443,0,48.055
letter,18,cells,post_none_on,post,none,on,5,50,50,1.0,10,10,0.0,1.3,26,16,221000,1.2154634251818672,0.23385079433435565,0.20640788662969808,3.3576371541790753,0.16815,3.6079513769631397,0.28051034839912414,0,45.761
letter,18,cells,post_footprint_off,post,footprint,off,5,50,50,1.0,10,10,0.0,1.3,26,16,221000,1.6661288345733192,0.28907884488909685,0.24208940231039677,5.079832905283128,0.25315,1.8299206834296784,0.43276777304615655,0,59.64
letter,18,cells,post_footprint_on,post,footprint,on,5,50,50,1.0,10,10,0.0,1.3,26,16,221000,1.923715592569171,0.2744284552773785,0.22936893203883496,4.781950602402727,0.23725,1.4146352288638802,0.40839198996178283,0,57.021
letter,18,cells,post_mass_off,post,mass,off,5,50,50,1.0,10,10,0.0,1.3,26,16,221000,1.8654300239697457,0.2928050730044266,0.2440984429934706,5.055471940662873,0.2516,1.4527931365020206,0.4353932187136732,0,47.207
letter,18,cells,post_mass_on,post,mass,on,5,50,50,1.0,10,10,0.0,1.3,26,16,221000,1.9473187980788138,0.26956501604321365,0.22929936305732485,4.611037588694249,0.2282,1.372311511092695,0.38338063479495127,0,46.639
letter,18,cells,pre_none_off,pre,none,off,5,50,50,1.0,10,10,0.0,1.3,26,16,221000,1.610012893923089,0.2956748988004807,0.23556002009040683,5.1295873605133195,0.25135,1.978899424938245,0.45938603996014826,0,45.488
letter,18,cells,pre_none_on,pre,none,on,5,50,50,1.0,10,10,0.0,1.3,26,16,221000,1.3981319550966804,0.23449973075622702,0.21061742642815925,3.3596147681660136,0.16725,2.638937591304393,0.2792306419186847,0,46.087
letter,18,cells,pre_footprint_off,pre,footprint,off,5,50,50,1.0,10,10,0.0,1.3,26,16,221000,2.036612214649176,0.31510791324656884,0.21844660194174756,5.359096826803155,0.27065,1.2920368954589514,0.4323046924361864,0,57.385
letter,18,cells,pre_footprint_on,pre,footprint,on,5,50,50,1.0,10,10,0.0,1.3,26,16,221000,2.1438430304705403,0.301496908777869,0.20631067961165048,5.155321375492711,0.2462,1.1921306853445268,0.423389320431463,0,56.837
letter,18,cells,pre_mass_off,pre,mass,off,5,50,50,1.0,10,10,0.0,1.3,26,16,221000,2.210613170850626,0.3097858899333072,0.23847087378640777,5.300787608154637,0.25765,1.0847131292068253,0.43222355961372827,0,45.774
letter,18,cells,pre_mass_on,pre,mass,on,5,50,50,1.0,10,10,0.0,1.3,26,16,221000,2.0513835627198067,0.2880461371088237,0.22390776699029127,5.001565017686469,0.24395,1.2870843051051049,0.407110666336153,0,43.076
letter,18,cells,post_fpmask_off,post,fpmask,off,5,50,50,1.0,10,10,0.0,1.3,26,16,221000,1.4642810640075448,0.27608566412733915,0.19599514563106796,5.123737944007939,0.22895,2.3896704715441754,0.49911409654436095,0,51.588
letter,18,cells,post_massmask_off,post,massmask,off,5,50,50,1.0,10,10,0.0,1.3,26,16,221000,1.5543124335798526,0.28034456378102607,0.2178398058252427,5.124058104272915,0.22915,2.1209840546476,0.5098056570580277,0,40.509
letter,18,cells,pre_fpmask_off,pre,fpmask,off,5,50,50,1.0,10,10,0.0,1.3,26,16,221000,1.7055590470365933,0.303644420511144,0.245605223505776,5.096636643429393,0.2593,1.752064755725026,0.43825515082002114,0,49.181
letter,18,cells,pre_massmask_off,pre,massmask,off,5,50,50,1.0,10,10,0.0,1.3,26,16,221000,1.7052102576456287,0.30250846211940646,0.2430939226519337,5.080182972034881,0.2585,1.7471230020530168,0.4464348197932209,0,37.205
letter,19,cells,post_none_off,post,none,off,5,50,50,1.0,10,10,0.0,1.3,26,16,221000,1.5550844768283694,0.2588144600345684,0.23300970873786409,5.1550775656341115,0.21515,2.1317056285438083,0.5269420199173711,0,47.672
letter,19,cells,post_none_on,post,none,on,5,50,50,1.0,10,10,0.0,1.3,26,16,221000,1.2848604633407732,0.23776942948140373,0.19038817005545286,3.3764814760765534,0.1801,3.2358881367808006,0.28150929998526264,0,46.939
letter,19,cells,post_footprint_off,post,footprint,off,5,50,50,1.0,10,10,0.0,1.3,26,16,221000,1.783307273973417,0.3028549514265578,0.20388349514563106,5.123486078217214,0.27015,1.6110655029849694,0.4518195740774872,0,58.979
letter,19,cells,post_footprint_on,post,footprint,on,5,50,50,1.0,10,10,0.0,1.3,26,16,221000,1.4347023997678987,0.2769783738903071,0.25970873786407767,4.6881825347488935,0.23045,2.489425580489559,0.4028573241024853,0,58.651
letter,19,cells,post_mass_off,post,mass,off,5,50,50,1.0,10,10,0.0,1.3,26,16,221000,1.3974313641294818,0.2921989495427154,0.24150485436893204,5.13419633406632,0.24705,2.6291266021905315,0.45654526135415335,0,47.68
letter,19,cells,post_mass_on,post,mass,on,5,50,50,1.0,10,10,0.0,1.3,26,16,221000,1.403147729121817,0.27265665689833424,0.24892174984596427,4.585817615003687,0.2226,2.63179620525331,0.38711937732230306,0,46.15
letter,19,cells,pre_none_off,pre,none,off,5,50,50,1.0,10,10,0.0,1.3,26,16,221000,1.711193151305585,0.2865359211817324,0.2230437461491066,5.025668934667474,0.2406,1.7163103020311585,0.4538796127008565,0,46.067
letter,19,cells,pre_none_on,pre,none,on,5,50,50,1.0,10,10,0.0,1.3,26,16,221000,1.3200080940652534,0.23573904715504573,0.17929759704251386,3.3892971161187475,0.1774,2.955626058328611,0.2827613604002016,0,45.487
letter,19,cells,pre_footprint_off,pre,footprint,off,5,50,50,1.0,10,10,0.0,1.3,26,16,221000,2.0117798695019733,0.3062469949311557,0.21298543689320387,5.216688676056543,0.26925,1.288943863330057,0.43847749869777974,0,56.33
letter,19,cells,pre_footprint_on,pre,footprint,on,5,50,50,1.0,10,10,0.0,1.3,26,16,221000,1.7444920826108685,0.291510496528464,0.23361650485436894,4.931800931343443,0.24455,1.7297030651484986,0.41658032656123783,0,55.707
letter,19,cells,pre_mass_off,pre,mass,off,5,50,50,1.0,10,10,0.0,1.3,26,16,221000,1.9861861987308018,0.3017410190226621,0.2178398058252427,5.200192280279241,0.26225,1.318194461564919,0.4375589590209574,0,44.774
letter,19,cells,pre_mass_on,pre,mass,on,5,50,50,1.0,10,10,0.0,1.3,26,16,221000,1.856935180907937,0.29456839993767214,0.23847087378640777,4.903663136947075,0.24515,1.5369827431370882,0.40987730761468566,0,42.702
letter,19,cells,post_fpmask_off,post,fpmask,off,5,50,50,1.0,10,10,0.0,1.3,26,16,221000,1.5522565345813497,0.2654383533346527,0.22269417475728157,5.03602749194654,0.21165,2.0900712854107093,0.48381975817539025,0,52.464
letter,19,cells,post_massmask_off,post,massmask,off,5,50,50,1.0,10,10,0.0,1.3,26,16,221000,1.572952877214485,0.26077532799707487,0.22815533980582525,5.05708021050553,0.2063,2.0439412934798176,0.49827288293556954,0,39.23
letter,19,cells,pre_fpmask_off,pre,fpmask,off,5,50,50,1.0,10,10,0.0,1.3,26,16,221000,1.6074529070573398,0.2779260086373237,0.23906346272335183,5.042686506815229,0.2494,1.9515759297111532,0.44167971220381436,0,49.879
letter,19,cells,pre_massmask_off,pre,massmask,off,5,50,50,1.0,10,10,0.0,1.3,26,16,221000,1.5669094837076456,0.2694492663585156,0.23361650485436894,5.033144015471714,0.245,2.0499890390834015,0.44259742020203585,0,26.429
mnist784_pca32 (20c),10,cells,post_none_off,post,none,off,5,50,50,1.0,20,20,0.0,1.1,10,32,330000,2.112042786567036,0.39594249349061544,0.3018327605956472,24.94782041553946,0.3629,5.592772904131397,0.3983628305804182,0,67.775
mnist784_pca32 (20c),10,cells,post_none_on,post,none,on,5,50,50,1.0,20,20,0.0,1.1,10,32,330000,1.5280953584626515,0.4420189883589839,0.3321502514049098,19.092084896302563,0.32257142857142856,10.754803976241162,0.1380866632411511,0,66.141
mnist784_pca32 (20c),10,cells,post_footprint_off,post,footprint,off,5,50,50,1.0,20,20,0.0,1.1,10,32,330000,2.517023287892414,0.5135092881950887,0.45518453427065025,24.66508110781693,0.4270857142857143,3.8932122432877394,0.32021117038970986,0,76.477
mnist784_pca32 (20c),10,cells,post_footprint_on,post,footprint,on,5,50,50,1.0,20,20,0.0,1.1,10,32,330000,2.207625502207136,0.49102457182598835,0.400599700149925,23.28113428134603,0.3769857142857143,5.066650107091073,0.2688085060785479,0,76.147
mnist784_pca32 (20c),10,cells,post_mass_off,post,mass,off,5,50,50,1.0,20,20,0.0,1.1,10,32,330000,2.423744166792305,0.4918427545991496,0.40899550224887554,24.61148749278219,0.42745714285714287,4.189520396009035,0.3285052149773026,0,67.441
mnist784_pca32 (20c),10,cells,post_mass_on,post,mass,on,5,50,50,1.0,20,20,0.0,1.1,10,32,330000,2.209745634458425,0.4959758689673506,0.3622188905547226,22.94328482699809,0.3908714285714286,5.035223446559756,0.2724178232899882,0,65.39
mnist784_pca32 (20c),10,cells,pre_none_off,pre,none,off,5,50,50,1.0,20,20,0.0,1.1,10,32,330000,2.405993044420037,0.45555622556504344,0.41124586549062847,24.826522086940095,0.37257142857142855,4.288714627791621,0.3367032500840759,0,64.01
mnist784_pca32 (20c),10,cells,pre_none_on,pre,none,on,5,50,50,1.0,20,20,0.0,1.1,10,32,330000,1.845137996263774,0.44935237187986604,0.3318544809228039,19.072662696841345,0.31724285714285716,7.320917774777184,0.13627894615931196,0,64.844
mnist784_pca32 (20c),10,cells,pre_footprint_off,pre,footprint,off,5,50,50,1.0,20,20,0.0,1.1,10,32,330000,2.7218338015580286,0.5573934828810315,0.4468026460859978,24.979089123058316,0.4461857142857143,3.3717346672871833,0.32412026244052655,0,76.453
mnist784_pca32 (20c),10,cells,pre_footprint_on,pre,footprint,on,5,50,50,1.0,20,20,0.0,1.1,10,32,330000,2.6441832177361775,0.538416577351043,0.4862183020948181,23.938685819646093,0.4106142857142857,3.5622304169167154,0.28981977278424986,0,76.758
mnist784_pca32 (20c),10,cells,pre_mass_off,pre,mass,off,5,50,50,1.0,20,20,0.0,1.1,10,32,330000,2.5854407766297154,0.5741317053652223,0.4938488576449912,24.858081179568426,0.4445571428571429,3.718762251378737,0.29977562552400766,0,64.999
mnist784_pca32 (20c),10,cells,pre_mass_on,pre,mass,on,5,50,50,1.0,20,20,0.0,1.1,10,32,330000,2.524416384934708,0.5489838041261537,0.4395802098950525,23.356035433030595,0.4141714285714286,3.8985891846522045,0.25902421017952204,0,65.052
mnist784_pca32 (20c),10,cells,post_fpmask_off,post,fpmask,off,5,50,50,1.0,20,20,0.0,1.1,10,32,330000,2.1561567990135115,0.41115383862982,0.3347651775486827,24.820001459018126,0.37124285714285715,5.338768904290837,0.35919969070030205,0,76.185
mnist784_pca32 (20c),10,cells,post_massmask_off,post,massmask,off,5,50,50,1.0,20,20,0.0,1.1,10,32,330000,2.0415264631062495,0.41352682205068597,0.3525200458190149,24.941608234304642,0.35905714285714285,5.984314725318619,0.39805950010890767,0,66.267
mnist784_pca32 (20c),10,cells,pre_fpmask_off,pre,fpmask,off,5,50,50,1.0,20,20,0.0,1.1,10,32,330000,2.3781097249341103,0.48966919392778163,0.3868065967016492,24.745045738228583,0.4045285714285714,4.375467708958947,0.32776334506189464,0,77.025
mnist784_pca32 (20c),10,cells,pre_massmask_off,pre,massmask,off,5,50,50,1.0,20,20,0.0,1.1,10,32,330000,2.3913720859069936,0.46818092716811244,0.4066437571592211,24.774793907201953,0.38407142857142856,4.3322722357295556,0.3296641805615258,0,65.634
mnist784_pca32 (20c),11,cells,post_none_off,post,none,off,5,50,50,1.0,20,20,0.0,1.1,10,32,330000,2.043909116567621,0.39740594543006164,0.33419243986254293,25.065389764275178,0.32594285714285715,6.000000695033144,0.42010833099154754,0,67.657
mnist784_pca32 (20c),11,cells,post_none_on,post,none,on,5,50,50,1.0,20,20,0.0,1.1,10,32,330000,1.5914102277923925,0.5235558448277026,0.39863325740318906,19.0650710237613,0.32562857142857143,10.010643780705957,0.12793566724592137,0,65.371
mnist784_pca32 (20c),11,cells,post_footprint_off,post,footprint,off,5,50,50,1.0,20,20,0.0,1.1,10,32,330000,2.3323550676631517,0.49969293493881484,0.38974641675854466,24.826986931418244,0.3729857142857143,4.563884900705175,0.3196018486369416,0,76.91
mnist784_pca32 (20c),11,cells,post_footprint_on,post,footprint,on,5,50,50,1.0,20,20,0.0,1.1,10,32,330000,2.0172712032299667,0.5082447712209668,0.4301460457426288,23.34333291389714,0.37088571428571426,6.104873175315047,0.2847688992819956,0,77.424
mnist784_pca32 (20c),11,cells,post_mass_off,post,mass,off,5,50,50,1.0,20,20,0.0,1.1,10,32,330000,2.2676930855244057,0.5201770088451296,0.44282171397079084,24.738954983408654,0.4009,4.810750111914119,0.32086813792533114,0,68.684
mnist784_pca32 (20c),11,cells,post_mass_on,post,mass,on,5,50,50,1.0,20,20,0.0,1.1,10,32,330000,1.9402879962217585,0.5126771925854439,0.41575790621592146,23.125751213655604,0.3387,6.600311033974728,0.2650952941208212,0,65.138
mnist784_pca32 (20c),11,cells,pre_none_off,pre,none,off,5,50,50,1.0,20,20,0.0,1.1,10,32,330000,2.2426065690207246,0.5152743021259378,0.40959206174200663,24.921442046077587,0.36425714285714283,4.955266184808267,0.35352267125488973,0,64.007
mnist784_pca32 (20c),11,cells,pre_none_on,pre,none,on,5,50,50,1.0,20,20,0.0,1.1,10,32,330000,1.8321351588015242,0.5337762438978245,0.4031890660592255,19.121209910125042,0.3183142857142857,7.610835918985628,0.12670339901297603,0,65.924
mnist784_pca32 (20c),11,cells,pre_footprint_off,pre,footprint,off,5,50,50,1.0,20,20,0.0,1.1,10,32,330000,2.529318709702819,0.5265056108948624,0.42282249173098124,25.07804842053457,0.3895571428571429,3.9200050223648644,0.3002144476982869,0,76.599
mnist784_pca32 (20c),11,cells,pre_footprint_on,pre,footprint,on,5,50,50,1.0,20,20,0.0,1.1,10,32,330000,2.3007358151070463,0.5628899121304951,0.45719738276990185,24.121849613219002,0.36707142857142855,4.786341791048476,0.2595163537444219,0,77.145
mnist784_pca32 (20c),11,cells,pre_mass_off,pre,mass,off,5,50,50,1.0,20,20,0.0,1.1,10,32,330000,2.501100370475768,0.5169266013627445,0.4306971617525489,24.940170522182328,0.3903714285714286,3.9869168426956256,0.300348459027601,0,65.638
mnist784_pca32 (20c),11,cells,pre_mass_on,pre,mass,on,5,50,50,1.0,20,20,0.0,1.1,10,32,330000,2.158345658173963,0.5847538159107788,0.4422518862449216,23.664083956363957,0.32198571428571426,5.435435608349374,0.23334233965049375,0,66.706
mnist784_pca32 (20c),11,cells,post_fpmask_off,post,fpmask,off,5,50,50,1.0,20,20,0.0,1.1,10,32,330000,1.786780869579528,0.4447441841405218,0.34077892325315007,24.90910787433291,0.34272857142857144,7.802173173289207,0.4128207485753931,0,76.832
mnist784_pca32 (20c),11,cells,post_massmask_off,post,massmask,off,5,50,50,1.0,20,20,0.0,1.1,10,32,330000,1.8476774888025007,0.4122649419964822,0.34039507586601775,25.023486791434994,0.3345,7.329856785760737,0.4424401334611933,0,66.462
mnist784_pca32 (20c),11,cells,pre_fpmask_off,pre,fpmask,off,5,50,50,1.0,20,20,0.0,1.1,10,32,330000,2.2936229346250276,0.5188481505445589,0.44534647723977966,24.79712475586235,0.36187142857142857,4.713649455467583,0.32920779675531403,0,77.089
mnist784_pca32 (20c),11,cells,pre_massmask_off,pre,massmask,off,5,50,50,1.0,20,20,0.0,1.1,10,32,330000,2.3023442938584378,0.5035668589194154,0.4224412873296608,24.82053482080013,0.3581857142857143,4.682422496363486,0.33959945235770783,0,67.162
mnist784_pca32 (20c),12,cells,post_none_off,post,none,off,5,50,50,1.0,20,20,0.0,1.1,10,32,330000,2.044855580355818,0.4347543075729872,0.4029985007496252,25.01001104821245,0.35695714285714286,5.981203813718928,0.4189048978810143,0,70.558
mnist784_pca32 (20c),12,cells,post_none_on,post,none,on,5,50,50,1.0,20,20,0.0,1.1,10,32,330000,1.3644492426427248,0.4724399750801661,0.36882579118603964,19.162655326616544,0.30528571428571427,13.577804200717294,0.13759446045814777,0,68.401
mnist784_pca32 (20c),12,cells,post_footprint_off,post,footprint,off,5,50,50,1.0,20,20,0.0,1.1,10,32,330000,2.6897819877771942,0.5108064533972645,0.42399083882049815,24.600774380041486,0.40035714285714286,3.400279491138156,0.3285710352265172,0,75.828
mnist784_pca32 (20c),12,cells,post_footprint_on,post,footprint,on,5,50,50,1.0,20,20,0.0,1.1,10,32,330000,2.011863913091419,0.4827030665123663,0.40734603700635186,23.735183419572053,0.4037428571428571,6.108395532830234,0.3309276090009106,0,79.008
mnist784_pca32 (20c),12,cells,post_mass_off,post,mass,off,5,50,50,1.0,20,20,0.0,1.1,10,32,330000,2.547051167878221,0.5036944489274197,0.43786166988151004,24.601074015446752,0.38695714285714283,3.7920908051815916,0.31591577758249617,0,69.997
mnist784_pca32 (20c),12,cells,post_mass_on,post,mass,on,5,50,50,1.0,20,20,0.0,1.1,10,32,330000,1.7657874096505068,0.4976561045031439,0.3821184510250569,22.965332084347835,0.3389857142857143,7.973668720331091,0.2750253729097987,0,69.807
mnist784_pca32 (20c),12,cells,pre_none_off,pre,none,off,5,50,50,1.0,20,20,0.0,1.1,10,32,330000,2.3552396434903677,0.4702311621152151,0.3715545755237045,24.622853993724036,0.3711,4.438826644789585,0.3552181474868841,0,66.003
mnist784_pca32 (20c),12,cells,pre_none_on,pre,none,on,5,50,50,1.0,20,20,0.0,1.1,10,32,330000,1.8674034555515149,0.48024180989841625,0.36853002070393376,19.176180480594244,0.3060428571428571,7.20181778972185,0.13474032155612486,0,65.962
mnist784_pca32 (20c),12,cells,pre_footprint_off,pre,footprint,off,5,50,50,1.0,20,20,0.0,1.1,10,32,330000,2.5771418950468337,0.5732570315514407,0.474090407938258,24.92231495760387,0.48315714285714284,3.7524223845758238,0.29661897868759435,0,79.783
mnist784_pca32 (20c),12,cells,pre_footprint_on,pre,footprint,on,5,50,50,1.0,20,20,0.0,1.1,10,32,330000,2.8154297945409246,0.5116089016908197,0.37471526195899774,25.026091851170072,0.3378285714285714,3.222100413481572,0.27054760025283187,0,92.913
mnist784_pca32 (20c),12,cells,pre_mass_off,pre,mass,off,5,50,50,1.0,20,20,0.0,1.1,10,32,330000,2.783631700497688,0.5264661047137689,0.4525909592061742,24.855531162918272,0.41477142857142857,3.207742521219031,0.3006108190752909,0,67.401
mnist784_pca32 (20c),12,cells,pre_mass_on,pre,mass,on,5,50,50,1.0,20,20,0.0,1.1,10,32,330000,2.3719963681262097,0.5611713238952742,0.484624145785877,23.99501612447789,0.3005285714285714,4.49824278576804,0.253703308343654,0,68.572
mnist784_pca32 (20c),12,cells,post_fpmask_off,post,fpmask,off,5,50,50,1.0,20,20,0.0,1.1,10,32,330000,2.0585916627477805,0.4627580592715563,0.3869900771775083,24.685788300880166,0.3511714285714286,5.825142864991976,0.3745779162758007,0,79.155
mnist784_pca32 (20c),12,cells,post_massmask_off,post,massmask,off,5,50,50,1.0,20,20,0.0,1.1,10,32,330000,2.0602580122561536,0.4578887186837646,0.4017635712317443,24.79630726911663,0.3669,5.841761011160924,0.3902621697644342,0,65.536
mnist784_pca32 (20c),12,cells,pre_fpmask_off,pre,fpmask,off,5,50,50,1.0,20,20,0.0,1.1,10,32,330000,2.3087958351027202,0.4771179278527712,0.37982359426681367,24.62433900065804,0.37065714285714285,4.619484569651004,0.3455889957837248,0,75.59
mnist784_pca32 (20c),12,cells,pre_massmask_off,pre,massmask,off,5,50,50,1.0,20,20,0.0,1.1,10,32,330000,2.345136133582384,0.4725527890856456,0.37541345093715545,24.625966270671167,0.3711857142857143,4.477722380230345,0.35318245616706906,0,67.653
mnist784_pca32 (20c),13,cells,post_none_off,post,none,off,5,50,50,1.0,20,20,0.0,1.1,10,32,330000,2.0730131050898497,0.3752513240967264,0.2997678467788741,24.903518336127156,0.3324285714285714,5.795042331882377,0.4090621017964312,0,72.047
mnist784_pca32 (20c),13,cells,post_none_on,post,none,on,5,50,50,1.0,20,20,0.0,1.1,10,32,330000,1.5676139596197094,0.454852402253739,0.3955606146841207,19.099619990224024,0.3657285714285714,10.26676221061621,0.13616918645329534,0,68.51
mnist784_pca32 (20c),13,cells,post_footprint_off,post,footprint,off,5,50,50,1.0,20,20,0.0,1.1,10,32,330000,2.6160312652756694,0.45102989957771833,0.40778923253150057,24.68516281724324,0.36775714285714284,3.607033167965417,0.3418298969432946,0,76.686
mnist784_pca32 (20c),13,cells,post_footprint_on,post,footprint,on,5,50,50,1.0,20,20,0.0,1.1,10,32,330000,2.1679120420698035,0.4953871382096616,0.42083456643977507,23.688033319100303,0.38777142857142854,5.260220283127674,0.31529121962061246,0,79.797
mnist784_pca32 (20c),13,cells,post_mass_off,post,mass,off,5,50,50,1.0,20,20,0.0,1.1,10,32,330000,2.49166721899959,0.4347281430732474,0.3787015945330296,24.670338171992196,0.37725714285714285,3.9736995355472233,0.34824926573541454,0,70.333
mnist784_pca32 (20c),13,cells,post_mass_on,post,mass,on,5,50,50,1.0,20,20,0.0,1.1,10,32,330000,2.0614564008497687,0.44618860135652677,0.390375854214123,22.924652302199654,0.3634,5.806337024012755,0.2795107173068991,0,70.057
mnist784_pca32 (20c),13,cells,pre_none_off,pre,none,off,5,50,50,1.0,20,20,0.0,1.1,10,32,330000,2.5164560904610154,0.452038114977829,0.4060088202866593,24.757895787136786,0.37,3.909624224002142,0.35083653528724273,0,66.551
mnist784_pca32 (20c),13,cells,pre_none_on,pre,none,on,5,50,50,1.0,20,20,0.0,1.1,10,32,330000,1.9874866502056485,0.4536641680710106,0.3465261958997722,19.15521202451206,0.36304285714285717,6.418089120881628,0.13796494867691173,0,67.329
mnist784_pca32 (20c),13,cells,pre_footprint_off,pre,footprint,off,5,50,50,1.0,20,20,0.0,1.1,10,32,330000,2.80734976453033,0.596875983374779,0.473592571096924,25.21277916875576,0.4131714285714286,3.1990989365696123,0.3098624119981943,0,83.046
mnist784_pca32 (20c),13,cells,pre_footprint_on,pre,footprint,on,5,50,50,1.0,20,20,0.0,1.1,10,32,330000,2.676731190822068,0.5735275149108171,0.4807190489997101,23.93297632576417,0.3939,3.4917293997314394,0.28222193545907476,0,90.914
mnist784_pca32 (20c),13,cells,pre_mass_off,pre,mass,off,5,50,50,1.0,20,20,0.0,1.1,10,32,330000,2.815198031464804,0.5772461966191813,0.4799767846778874,25.177844968761026,0.4140285714285714,3.1768788603882614,0.3195080505812236,0,67.115
mnist784_pca32 (20c),13,cells,pre_mass_on,pre,mass,on,5,50,50,1.0,20,20,0.0,1.1,10,32,330000,2.9239500725638203,0.5279656028479687,0.40239043824701193,23.316091666911056,0.3702857142857143,2.931439053038946,0.2637550263064426,0,70.177
mnist784_pca32 (20c),13,cells,post_fpmask_off,post,fpmask,off,5,50,50,1.0,20,20,0.0,1.1,10,32,330000,2.111007233823882,0.37576565908345183,0.3160185722576901,24.75691402603331,0.33605714285714283,5.555422142269208,0.3632576072139044,0,77.917
mnist784_pca32 (20c),13,cells,post_massmask_off,post,massmask,off,5,50,50,1.0,20,20,0.0,1.1,10,32,330000,2.103472796794923,0.3723691181031089,0.31458393737315166,24.879163301842915,0.3353,5.622920859222671,0.40488054049124067,0,65.152
mnist784_pca32 (20c),13,cells,pre_fpmask_off,pre,fpmask,off,5,50,50,1.0,20,20,0.0,1.1,10,32,330000,2.485667002210564,0.4814423854286794,0.4120660216277746,24.73789425753617,0.38017142857142855,4.003841113322839,0.332684902993673,0,76.086
mnist784_pca32 (20c),13,cells,pre_massmask_off,pre,massmask,off,5,50,50,1.0,20,20,0.0,1.1,10,32,330000,2.5196978476442915,0.4234388236004521,0.38162038362439166,24.821572353625783,0.3463857142857143,3.9096002965466305,0.34675561720009856,0,69.879
mnist784_pca32 (20c),14,cells,post_none_off,post,none,off,5,50,50,1.0,20,20,0.0,1.1,10,32,330000,2.1346276073956636,0.3911161887539315,0.3418265101631835,25.08120476360382,0.33308571428571426,5.504326030305477,0.44562889280632134,0,72.459
mnist784_pca32 (20c),14,cells,post_none_on,post,none,on,5,50,50,1.0,20,20,0.0,1.1,10,32,330000,1.4018316232286356,0.43886957433322793,0.3551346552234389,19.122065923776983,0.31892857142857145,12.80357351443171,0.13961188277409092,0,74.321
mnist784_pca32 (20c),14,cells,post_footprint_off,post,footprint,off,5,50,50,1.0,20,20,0.0,1.1,10,32,330000,2.6596790836764934,0.4849535418470564,0.4045233323790438,24.706879566178248,0.39567142857142856,3.4926850273829895,0.33928818325987015,0,79.026
mnist784_pca32 (20c),14,cells,post_footprint_on,post,footprint,on,5,50,50,1.0,20,20,0.0,1.1,10,32,330000,1.9919213075311588,0.5065516837076676,0.42998500749625185,23.961174318675223,0.3764857142857143,6.262326526865134,0.3329158942759697,0,76.027
mnist784_pca32 (20c),14,cells,post_mass_off,post,mass,off,5,50,50,1.0,20,20,0.0,1.1,10,32,330000,2.3962775103971046,0.4946099461936967,0.43685300207039335,24.698754503189516,0.3802,4.301310852061473,0.346017798267879,0,66.804
mnist784_pca32 (20c),14,cells,post_mass_on,post,mass,on,5,50,50,1.0,20,20,0.0,1.1,10,32,330000,1.6917275840818542,0.5051037366449661,0.4,23.562316472309597,0.3836428571428571,8.675484586937747,0.3184886050649597,0,65.086
mnist784_pca32 (20c),14,cells,pre_none_off,pre,none,off,5,50,50,1.0,20,20,0.0,1.1,10,32,330000,2.358423539685789,0.4855649253479264,0.41085698539542576,24.87387872266036,0.35464285714285715,4.471980597615724,0.3511062660892133,0,65.062
mnist784_pca32 (20c),14,cells,pre_none_on,pre,none,on,5,50,50,1.0,20,20,0.0,1.1,10,32,330000,1.415853774324289,0.4433868965330768,0.35454276413139985,19.131502619616956,0.3192857142857143,12.501416040267946,0.13951967677964142,0,64.942
mnist784_pca32 (20c),14,cells,pre_footprint_off,pre,footprint,off,5,50,50,1.0,20,20,0.0,1.1,10,32,330000,2.7225773669407896,0.5817855644987469,0.5134739308728764,25.03715314100893,0.4628,3.3777265378859513,0.3142610580273766,0,76.922
mnist784_pca32 (20c),14,cells,pre_footprint_on,pre,footprint,on,5,50,50,1.0,20,20,0.0,1.1,10,32,330000,2.788614108860034,0.5346336265398927,0.44906089926010245,24.359691318972917,0.4169,3.2452424038383505,0.3121058720640133,0,77.17
mnist784_pca32 (20c),14,cells,pre_mass_off,pre,mass,off,5,50,50,1.0,20,20,0.0,1.1,10,32,330000,2.668921030379873,0.5744912021833107,0.49807749186631173,24.931781546753857,0.44977142857142854,3.5001113854844097,0.31514615647281125,0,64.229
mnist784_pca32 (20c),14,cells,pre_mass_on,pre,mass,on,5,50,50,1.0,20,20,0.0,1.1,10,32,330000,2.5563958662650657,0.539346064865369,0.4430848036425726,23.803876240475468,0.4099,3.845953128463882,0.2870169606630825,0,65.198
mnist784_pca32 (20c),14,cells,post_fpmask_off,post,fpmask,off,5,50,50,1.0,20,20,0.0,1.1,10,32,330000,2.0809343222771566,0.392622984623036,0.34388872447469665,24.98079417292113,0.3021,5.768853288989683,0.4342791433800156,0,76.482
mnist784_pca32 (20c),14,cells,post_massmask_off,post,massmask,off,5,50,50,1.0,20,20,0.0,1.1,10,32,330000,2.110378981685135,0.40300878953315744,0.3486238532110092,24.96163763236221,0.3212714285714286,5.604697383179829,0.43973541142657424,0,64.094
mnist784_pca32 (20c),14,cells,pre_fpmask_off,pre,fpmask,off,5,50,50,1.0,20,20,0.0,1.1,10,32,330000,2.393967655909267,0.49764710925752526,0.4318249038745933,24.809784635755648,0.36478571428571427,4.328988552133152,0.34639439257696947,0,76.912
mnist784_pca32 (20c),14,cells,pre_massmask_off,pre,massmask,off,5,50,50,1.0,20,20,0.0,1.1,10,32,330000,2.3405410031920972,0.4726219536491666,0.4056213833011849,24.885858105114586,0.3430142857142857,4.542763345750992,0.3533787529941478,0,63.453
mnist784_pca32 (20c),15,cells,post_none_off,post,none,off,5,50,50,1.0,20,20,0.0,1.1,10,32,330000,2.1958524407038995,0.3831500856996659,0.3238699007717751,24.911841928666373,0.3489857142857143,5.166536886824124,0.4094869898424041,0,74.842
mnist784_pca32 (20c),15,cells,post_none_on,post,none,on,5,50,50,1.0,20,20,0.0,1.1,10,32,330000,1.1984797790611703,0.4559337447347607,0.3665338645418327,19.103627550154595,0.2732,17.63779553612967,0.13938726957477968,0,70.361
mnist784_pca32 (20c),15,cells,post_footprint_off,post,footprint,off,5,50,50,1.0,20,20,0.0,1.1,10,32,330000,2.5350599605304476,0.4772878201584211,0.4098950524737631,24.82660173743776,0.3846,3.863143187244019,0.34710007815800453,0,78.534
mnist784_pca32 (20c),15,cells,post_footprint_on,post,footprint,on,5,50,50,1.0,20,20,0.0,1.1,10,32,330000,1.7848152361918426,0.5257354168559065,0.4389805097451274,23.48999044163047,0.3515285714285714,7.789941124021987,0.2874360678090395,0,77.783
mnist784_pca32 (20c),15,cells,post_mass_off,post,mass,off,5,50,50,1.0,20,20,0.0,1.1,10,32,330000,2.2739147057175986,0.4969615349903019,0.42998500749625185,24.74989128290037,0.39585714285714285,4.786575956134943,0.34595295852752356,0,66.23
mnist784_pca32 (20c),15,cells,post_mass_on,post,mass,on,5,50,50,1.0,20,20,0.0,1.1,10,32,330000,1.620657144367879,0.5085999287434368,0.4314842578710645,22.830715603681163,0.3295,9.434464577229386,0.25255944267586256,0,67.003
mnist784_pca32 (20c),15,cells,pre_none_off,pre,none,off,5,50,50,1.0,20,20,0.0,1.1,10,32,330000,2.234443354636669,0.5035826827956658,0.44815465729349735,24.83621302015813,0.3817857142857143,4.974468412303939,0.33508219030182057,0,63.859
mnist784_pca32 (20c),15,cells,pre_none_on,pre,none,on,5,50,50,1.0,20,20,0.0,1.1,10,32,330000,1.624177196286961,0.4637633642163189,0.3659647125782584,19.072458235390158,0.27104285714285714,9.584727834477617,0.13826415574538228,0,65.686
mnist784_pca32 (20c),15,cells,pre_footprint_off,pre,footprint,off,5,50,50,1.0,20,20,0.0,1.1,10,32,330000,2.2967724454007623,0.5414557059526863,0.45093715545755236,25.04408926487227,0.3712285714285714,4.747547346543164,0.30285614637938757,0,78.571
mnist784_pca32 (20c),15,cells,pre_footprint_on,pre,footprint,on,5,50,50,1.0,20,20,0.0,1.1,10,32,330000,1.843194308330187,0.5783173151376455,0.4165202108963093,24.113863896586473,0.33164285714285713,7.395690903848155,0.28231790285747504,0,76.493
mnist784_pca32 (20c),15,cells,pre_mass_off,pre,mass,off,5,50,50,1.0,20,20,0.0,1.1,10,32,330000,2.311549156977119,0.5308087829904404,0.4534178610804851,24.98119496222981,0.36805714285714286,4.6752726380376615,0.30920914538348626,0,65.94
mnist784_pca32 (20c),15,cells,pre_mass_on,pre,mass,on,5,50,50,1.0,20,20,0.0,1.1,10,32,330000,1.8745943000157372,0.5548284635401337,0.44903189066059224,23.78211496577104,0.33612857142857144,7.152083420640401,0.27554626793281334,0,64.224
mnist784_pca32 (20c),15,cells,post_fpmask_off,post,fpmask,off,5,50,50,1.0,20,20,0.0,1.1,10,32,330000,2.102175417848255,0.4614680790678724,0.3989455184534271,24.96681209057245,0.37455714285714287,5.649697381658326,0.3712887650995346,0,77.378
mnist784_pca32 (20c),15,cells,post_massmask_off,post,massmask,off,5,50,50,1.0,20,20,0.0,1.1,10,32,330000,2.1060942871169703,0.3854337190210848,0.34154022330375033,24.97722627812392,0.3359142857142857,5.6310396858160585,0.40788498363202785,0,65.521
mnist784_pca32 (20c),15,cells,pre_fpmask_off,pre,fpmask,off,5,50,50,1.0,20,20,0.0,1.1,10,32,330000,2.268127872895261,0.46766648400235733,0.4059970014992504,24.908139322307832,0.3574,4.841792963936912,0.3198735094668607,0,74.531
mnist784_pca32 (20c),15,cells,pre_massmask_off,pre,massmask,off,5,50,50,1.0,20,20,0.0,1.1,10,32,330000,2.1903392803751625,0.47174397021463044,0.402425578831312,24.79687624268204,0.3276857142857143,5.168615090881086,0.3400802617670648,0,64.849
mnist784_pca32 (20c),16,cells,post_none_off,post,none,off,5,50,50,1.0,20,20,0.0,1.1,10,32,330000,1.9424441836183333,0.4110901219569471,0.3583208395802099,24.923881142833725,0.35527142857142857,6.605695878840583,0.4265650797414381,0,75.774
mnist784_pca32 (20c),16,cells,post_none_on,post,none,on,5,50,50,1.0,20,20,0.0,1.1,10,32,330000,1.4196388902980666,0.4666671468409113,0.38610478359908884,19.070224685417767,0.32954285714285714,12.513931873528431,0.13643958263882494,0,69.707
mnist784_pca32 (20c),16,cells,post_footprint_off,post,footprint,off,5,50,50,1.0,20,20,0.0,1.1,10,32,330000,2.4067360541580807,0.4913775376107862,0.44756883421206795,24.685606325446003,0.41341428571428573,4.26173921560591,0.32724042283534865,0,77.664
mnist784_pca32 (20c),16,cells,post_footprint_on,post,footprint,on,5,50,50,1.0,20,20,0.0,1.1,10,32,330000,1.7460451119660603,0.4971441144536774,0.41429384965831434,23.074534962086883,0.3712714285714286,8.121011174171446,0.2757421587490297,0,79.386
mnist784_pca32 (20c),16,cells,post_mass_off,post,mass,off,5,50,50,1.0,20,20,0.0,1.1,10,32,330000,2.2935197124379187,0.43434809259195245,0.3487972508591065,24.69928361814604,0.3773142857142857,4.695473596198921,0.3339257222106991,0,65.606
mnist784_pca32 (20c),16,cells,post_mass_on,post,mass,on,5,50,50,1.0,20,20,0.0,1.1,10,32,330000,1.7939018013183712,0.4561071992523317,0.39190404797601197,22.885889081630538,0.34527142857142856,7.737784510240658,0.2785170511065995,0,66.765
mnist784_pca32 (20c),16,cells,pre_none_off,pre,none,off,5,50,50,1.0,20,20,0.0,1.1,10,32,330000,2.276811735523847,0.37739342955362337,0.3230240549828179,24.844037533384324,0.31615714285714286,4.792564143502349,0.3700381889131164,0,64.391
mnist784_pca32 (20c),16,cells,pre_none_on,pre,none,on,5,50,50,1.0,20,20,0.0,1.1,10,32,330000,1.8680888740114152,0.4662023724291542,0.3858200455580866,19.085140813163736,0.32665714285714287,7.248733424424423,0.13702730628299586,0,65.533
mnist784_pca32 (20c),16,cells,pre_footprint_off,pre,footprint,off,5,50,50,1.0,20,20,0.0,1.1,10,32,330000,2.8660575171860567,0.5506142959602462,0.45691382765531063,25.128193444772563,0.4204,3.0590844277305616,0.2971107504777645,0,78.157
mnist784_pca32 (20c),16,cells,pre_footprint_on,pre,footprint,on,5,50,50,1.0,20,20,0.0,1.1,10,32,330000,2.472652241788055,0.49720512087005886,0.3695829926410466,24.225084498100845,0.3289714285714286,4.155245823715756,0.30031642101515654,0,75.858
mnist784_pca32 (20c),16,cells,pre_mass_off,pre,mass,off,5,50,50,1.0,20,20,0.0,1.1,10,32,330000,2.4914476456951813,0.5204774958602044,0.4140929535232384,25.004009780501804,0.4424571428571429,4.02815458820888,0.32224602508442435,0,65.36
mnist784_pca32 (20c),16,cells,pre_mass_on,pre,mass,on,5,50,50,1.0,20,20,0.0,1.1,10,32,330000,2.28181827218819,0.5368610752714378,0.4179847685998828,24.026758993810436,0.37015714285714285,4.8305539601607235,0.26546094076430493,0,64.85
mnist784_pca32 (20c),16,cells,post_fpmask_off,post,fpmask,off,5,50,50,1.0,20,20,0.0,1.1,10,32,330000,1.894756930832006,0.43219847125067556,0.3601657295057709,24.819864722446447,0.3445714285714286,6.913411399477455,0.39378519294471026,0,77.129
mnist784_pca32 (20c),16,cells,post_massmask_off,post,massmask,off,5,50,50,1.0,20,20,0.0,1.1,10,32,330000,1.9762887325859102,0.4187868661322317,0.37631184407796103,24.888129829549975,0.3525714285714286,6.372230462357385,0.41557483414540025,0,65.552
mnist784_pca32 (20c),16,cells,pre_fpmask_off,pre,fpmask,off,5,50,50,1.0,20,20,0.0,1.1,10,32,330000,2.3598049936015695,0.464077276022247,0.3627254509018036,24.860774675030306,0.3560857142857143,4.464393074453042,0.34285648498643545,0,74.812
mnist784_pca32 (20c),16,cells,pre_massmask_off,pre,massmask,off,5,50,50,1.0,20,20,0.0,1.1,10,32,330000,2.0824594768433204,0.44311282848085387,0.4074601366742597,24.908815122922352,0.3433428571428571,5.743808487511257,0.3839382925934471,0,65.355
mnist784_pca32 (20c),17,cells,post_none_off,post,none,off,5,50,50,1.0,20,20,0.0,1.1,10,32,330000,2.0409874173296383,0.37460429092884967,0.27569424563412537,25.048689377471216,0.3357857142857143,6.0131820531491424,0.4118213903149914,0,76.926
mnist784_pca32 (20c),17,cells,post_none_on,post,none,on,5,50,50,1.0,20,20,0.0,1.1,10,32,330000,1.4954019589083283,0.4499479989299687,0.3604616750517905,19.168110277083752,0.2913857142857143,11.294746852794342,0.14133294751070935,0,69.385
mnist784_pca32 (20c),17,cells,post_footprint_off,post,footprint,off,5,50,50,1.0,20,20,0.0,1.1,10,32,330000,2.6129656390228435,0.5258543075711778,0.43455497382198954,24.703595527849576,0.4401857142857143,3.6182016769666787,0.3333744583334065,0,76.439
mnist784_pca32 (20c),17,cells,post_footprint_on,post,footprint,on,5,50,50,1.0,20,20,0.0,1.1,10,32,330000,2.19032022579766,0.49415580196118897,0.35112443778110947,23.78417309192876,0.38702857142857144,5.203673546531032,0.3228861690998178,0,80.614
mnist784_pca32 (20c),17,cells,post_mass_off,post,mass,off,5,50,50,1.0,20,20,0.0,1.1,10,32,330000,2.302491778156706,0.5074783800456203,0.45487256371814094,24.601032006102894,0.4268142857142857,4.640418503591212,0.34033738727463625,0,66.164
mnist784_pca32 (20c),17,cells,post_mass_on,post,mass,on,5,50,50,1.0,20,20,0.0,1.1,10,32,330000,2.2888680908307464,0.4792606239247525,0.3873927197395679,23.130979197413822,0.3897857142857143,4.712734685315126,0.3031633664942771,0,67.312
mnist784_pca32 (20c),17,cells,pre_none_off,pre,none,off,5,50,50,1.0,20,20,0.0,1.1,10,32,330000,2.3925169582259076,0.4663649908669119,0.39010494752623687,24.642452437487673,0.3672714285714286,4.305007153968205,0.3565611083481271,0,64.165
mnist784_pca32 (20c),17,cells,pre_none_on,pre,none,on,5,50,50,1.0,20,20,0.0,1.1,10,32,330000,1.888207374957689,0.45425630011654705,0.3598697839597514,19.17593938074216,0.29395714285714286,7.066684710905736,0.1410379038949049,0,65.538
mnist784_pca32 (20c),17,cells,pre_footprint_off,pre,footprint,off,5,50,50,1.0,20,20,0.0,1.1,10,32,330000,3.0267455302067887,0.5490547630957431,0.4884053821929573,25.100355471518572,0.4247714285714286,2.739857984457134,0.3164947794518479,0,78.14
mnist784_pca32 (20c),17,cells,pre_footprint_on,pre,footprint,on,5,50,50,1.0,20,20,0.0,1.1,10,32,330000,2.4390720845422975,0.5470302053932417,0.4496300512236767,24.20206255038035,0.3867857142857143,4.242029818552216,0.27286630695367536,0,76.663
mnist784_pca32 (20c),17,cells,pre_mass_off,pre,mass,off,5,50,50,1.0,20,20,0.0,1.1,10,32,330000,2.9247457750102623,0.5388684544554989,0.4677927283137704,25.000821288314405,0.4182142857142857,2.9226582188960917,0.32161564707815654,0,65.453
mnist784_pca32 (20c),17,cells,pre_mass_on,pre,mass,on,5,50,50,1.0,20,20,0.0,1.1,10,32,330000,2.051447450385521,0.5581503868156897,0.470973249857712,23.617550965981074,0.38005714285714287,5.9621762465067505,0.24972606781865445,0,64.919
mnist784_pca32 (20c),17,cells,post_fpmask_off,post,fpmask,off,5,50,50,1.0,20,20,0.0,1.1,10,32,330000,2.191856350142529,0.4221023582731944,0.39094533029612755,24.80304813218034,0.3515857142857143,5.162747441448663,0.41049110967816715,0,77.489
mnist784_pca32 (20c),17,cells,post_massmask_off,post,massmask,off,5,50,50,1.0,20,20,0.0,1.1,10,32,330000,2.176699980960012,0.42144488152659854,0.38620097337532205,24.89101062021073,0.3482857142857143,5.253459435199787,0.4164420174059498,0,65.474
mnist784_pca32 (20c),17,cells,pre_fpmask_off,pre,fpmask,off,5,50,50,1.0,20,20,0.0,1.1,10,32,330000,2.3562605432429162,0.4736339743181392,0.4039680352714246,24.688955465605275,0.38315714285714286,4.446887009318965,0.33204132746844955,0,75.619
mnist784_pca32 (20c),17,cells,pre_massmask_off,pre,massmask,off,5,50,50,1.0,20,20,0.0,1.1,10,32,330000,2.323242664659483,0.47841498476742705,0.41361256544502617,24.664302859630972,0.3875,4.569615884088524,0.3350361590421124,0,65.353
mnist784_pca32 (20c),18,cells,post_none_off,post,none,off,5,50,50,1.0,20,20,0.0,1.1,10,32,330000,2.0574447840287027,0.41258088173605695,0.3441846700207162,24.97196516231312,0.3409285714285714,5.899243772751243,0.41119308743797967,0,76.955
mnist784_pca32 (20c),18,cells,post_none_on,post,none,on,5,50,50,1.0,20,20,0.0,1.1,10,32,330000,1.3046770573601063,0.48560753583862926,0.36531890660592253,19.159925317041466,0.2875857142857143,14.919052032430605,0.13396064726451748,0,69.855
mnist784_pca32 (20c),18,cells,post_footprint_off,post,footprint,off,5,50,50,1.0,20,20,0.0,1.1,10,32,330000,2.500394892103074,0.452491173910044,0.39029768467475195,24.693374421602687,0.38454285714285713,3.9496920471509807,0.32665918991541243,0,76.441
mnist784_pca32 (20c),18,cells,post_footprint_on,post,footprint,on,5,50,50,1.0,20,20,0.0,1.1,10,32,330000,1.7256306366181857,0.491507697238273,0.3761467889908257,23.46920320321533,0.3171428571428571,8.39231389652185,0.31521878415273896,0,79.873
mnist784_pca32 (20c),18,cells,post_mass_off,post,mass,off,5,50,50,1.0,20,20,0.0,1.1,10,32,330000,2.3349625733176387,0.48199601916630996,0.37476151539929137,24.624965861466226,0.4148,4.516643257719793,0.32339947570061045,0,65.069
mnist784_pca32 (20c),18,cells,post_mass_on,post,mass,on,5,50,50,1.0,20,20,0.0,1.1,10,32,330000,1.8004062536883356,0.4652313108798934,0.39879759519038077,22.837752685107265,0.3236857142857143,7.732504489912192,0.26892606632361704,0,66.683
mnist784_pca32 (20c),18,cells,pre_none_off,pre,none,off,5,50,50,1.0,20,20,0.0,1.1,10,32,330000,2.0908717385462112,0.5044172913322157,0.4271149076880683,24.876699200934212,0.34187142857142855,5.690336770131416,0.32395664009240766,0,63.272
mnist784_pca32 (20c),18,cells,pre_none_on,pre,none,on,5,50,50,1.0,20,20,0.0,1.1,10,32,330000,1.616544880887273,0.4887587954210115,0.36816628701594534,19.142077339697305,0.2858,9.649677024849632,0.1344471379278802,0,65.797
mnist784_pca32 (20c),18,cells,pre_footprint_off,pre,footprint,off,5,50,50,1.0,20,20,0.0,1.1,10,32,330000,2.202665354561547,0.4973609483615286,0.4210679048171793,25.05639826605804,0.40087142857142855,5.164420563024171,0.30795331282301674,0,77.742
mnist784_pca32 (20c),18,cells,pre_footprint_on,pre,footprint,on,5,50,50,1.0,20,20,0.0,1.1,10,32,330000,1.7446576359824135,0.5839538126724013,0.45342706502636204,23.93202759312586,0.2902142857142857,8.267179255156986,0.22397100096241043,0,75.42
mnist784_pca32 (20c),18,cells,pre_mass_off,pre,mass,off,5,50,50,1.0,20,20,0.0,1.1,10,32,330000,2.1821562507912553,0.47347200233887526,0.4089280793607054,25.040621004000766,0.36195714285714287,5.258639582290074,0.30840206486858984,0,65.691
mnist784_pca32 (20c),18,cells,pre_mass_on,pre,mass,on,5,50,50,1.0,20,20,0.0,1.1,10,32,330000,1.950603351572387,0.5423776453241469,0.46527981248168765,23.782635162884038,0.31147142857142857,6.597985961418831,0.24793027936623577,0,64.476
mnist784_pca32 (20c),18,cells,post_fpmask_off,post,fpmask,off,5,50,50,1.0,20,20,0.0,1.1,10,32,330000,1.9780698063880506,0.4390160653229353,0.3560650029019153,24.778529131014523,0.3446,6.332749293200103,0.37061960903428565,0,76.985
mnist784_pca32 (20c),18,cells,post_massmask_off,post,massmask,off,5,50,50,1.0,20,20,0.0,1.1,10,32,330000,2.22409709604912,0.40940667398022496,0.3304696449026346,24.8123452059963,0.33434285714285716,5.016032348721923,0.38873938289407967,0,65.32
mnist784_pca32 (20c),18,cells,pre_fpmask_off,pre,fpmask,off,5,50,50,1.0,20,20,0.0,1.1,10,32,330000,2.163859840969292,0.4915053068540084,0.4338561704646345,24.844145466255696,0.35022857142857144,5.30598245507456,0.32483600070665275,0,75.413
mnist784_pca32 (20c),18,cells,pre_massmask_off,pre,massmask,off,5,50,50,1.0,20,20,0.0,1.1,10,32,330000,2.163800686241569,0.49214409645043844,0.44365572315882873,24.828135423540925,0.3504,5.302853109010659,0.32939976616335725,0,64.655
mnist784_pca32 (20c),19,cells,post_none_off,post,none,off,5,50,50,1.0,20,20,0.0,1.1,10,32,330000,2.1966999906246607,0.3859691898269279,0.3334300638421358,24.77487351013468,0.3382,5.1341665099711795,0.3907937159598221,0,77.982
mnist784_pca32 (20c),19,cells,post_none_on,post,none,on,5,50,50,1.0,20,20,0.0,1.1,10,32,330000,1.293473016537252,0.452178827510457,0.4015981059485055,19.209156911027343,0.3563,14.987553767049862,0.14092004310220013,0,67.197
mnist784_pca32 (20c),19,cells,post_footprint_off,post,footprint,off,5,50,50,1.0,20,20,0.0,1.1,10,32,330000,2.5749560355665873,0.5222085693786136,0.43748125937031485,24.73356710970741,0.46818571428571426,3.73032884709018,0.3534195441967926,0,76.725
mnist784_pca32 (20c),19,cells,post_footprint_on,post,footprint,on,5,50,50,1.0,20,20,0.0,1.1,10,32,330000,2.286998553024504,0.48616463809671184,0.3826086956521739,23.887711535890375,0.40722857142857144,4.698565202646185,0.3341119646600421,0,79.087
mnist784_pca32 (20c),19,cells,post_mass_off,post,mass,off,5,50,50,1.0,20,20,0.0,1.1,10,32,330000,2.3340502580710982,0.503975272482133,0.4110944527736132,24.668984367145974,0.46044285714285715,4.52825487355086,0.3572147281929469,0,64.675
mnist784_pca32 (20c),19,cells,post_mass_on,post,mass,on,5,50,50,1.0,20,20,0.0,1.1,10,32,330000,2.06944469259568,0.48339740955945104,0.4239880059970015,23.35917876040188,0.4022857142857143,5.737609524916363,0.3111009875130803,0,66.744
mnist784_pca32 (20c),19,cells,pre_none_off,pre,none,off,5,50,50,1.0,20,20,0.0,1.1,10,32,330000,2.4738619029874314,0.4605391170867697,0.3636881047239613,24.68029028184364,0.36237142857142857,4.032731970601951,0.3525116201836792,0,63.841
mnist784_pca32 (20c),19,cells,pre_none_on,pre,none,on,5,50,50,1.0,20,20,0.0,1.1,10,32,330000,1.853691629048767,0.4555081681308882,0.4045575614087008,19.218160472654173,0.3642142857142857,7.257257524594883,0.14121270570825117,0,65.306
mnist784_pca32 (20c),19,cells,pre_footprint_off,pre,footprint,off,5,50,50,1.0,20,20,0.0,1.1,10,32,330000,2.915662829241202,0.5481441828287454,0.4596701649175412,24.984054988742205,0.484,2.9389238051859743,0.33221506890819447,0,78.074
mnist784_pca32 (20c),19,cells,pre_footprint_on,pre,footprint,on,5,50,50,1.0,20,20,0.0,1.1,10,32,330000,2.848670654643245,0.5187839275170375,0.4103665521191294,24.274557181311597,0.4394857142857143,3.0780562697328886,0.32732658200776704,0,75.396
mnist784_pca32 (20c),19,cells,pre_mass_off,pre,mass,off,5,50,50,1.0,20,20,0.0,1.1,10,32,330000,2.7777572472244163,0.5279359011611373,0.3979010494752624,24.97607032870457,0.4659857142857143,3.236946562962268,0.33748927646094157,0,65.281
mnist784_pca32 (20c),19,cells,pre_mass_on,pre,mass,on,5,50,50,1.0,20,20,0.0,1.1,10,32,330000,2.514736207815705,0.5241116580235973,0.42640320733104237,23.872943612618588,0.4300285714285714,3.9288757980845364,0.31641586501787167,0,65.215
mnist784_pca32 (20c),19,cells,post_fpmask_off,post,fpmask,off,5,50,50,1.0,20,20,0.0,1.1,10,32,330000,2.209032946623257,0.39122165135825354,0.31872852233676974,24.79292580026558,0.3467142857142857,5.080698155794611,0.35268237134642183,0,77.45
mnist784_pca32 (20c),19,cells,post_massmask_off,post,massmask,off,5,50,50,1.0,20,20,0.0,1.1,10,32,330000,1.9865463862980925,0.3976609636815274,0.34004143237644274,24.79510785275675,0.3491714285714286,6.28302200785483,0.3948230750298334,0,64.462
mnist784_pca32 (20c),19,cells,pre_fpmask_off,pre,fpmask,off,5,50,50,1.0,20,20,0.0,1.1,10,32,330000,2.0154632191934923,0.4782478677104681,0.4027818881325836,24.72788999470949,0.3906142857142857,6.087476617524978,0.3525273003757808,0,74.648
mnist784_pca32 (20c),19,cells,pre_massmask_off,pre,massmask,off,5,50,50,1.0,20,20,0.0,1.1,10,32,330000,2.475375278383414,0.46583436773629633,0.38104723961297665,24.705656269263,0.35245714285714286,4.031942185938331,0.3561422879105499,0,65.263
mnist784_pca32 (50c),10,cells,post_none_off,post,none,off,5,50,50,1.0,50,50,0.0,1.1,10,32,825000,2.083144604079092,0.3876232316293374,0.3108695652173913,24.96710534414296,0.32662857142857143,5.753463437063653,0.4062857573162702,0,129.081
mnist784_pca32 (50c),10,cells,post_none_on,post,none,on,5,50,50,1.0,50,50,0.0,1.1,10,32,825000,1.3783646233744564,0.4896403710217752,0.35798816568047337,18.755408897215645,0.3312428571428571,13.271559093201725,0.12687261027905256,0,131.674
mnist784_pca32 (50c),10,cells,post_footprint_off,post,footprint,off,5,50,50,1.0,50,50,0.0,1.1,10,32,825000,2.322148492155444,0.5093421241633762,0.43808160343593416,24.8877160706667,0.43538571428571426,4.61535454073775,0.3499663163274362,0,151.489
mnist784_pca32 (50c),10,cells,post_footprint_on,post,footprint,on,5,50,50,1.0,50,50,0.0,1.1,10,32,825000,1.9632314102066248,0.48734906494434665,0.3836793128131711,23.567250106981742,0.3722,6.4360726380947115,0.2885871319474437,0,149.444
mnist784_pca32 (50c),10,cells,post_mass_off,post,mass,off,5,50,50,1.0,50,50,0.0,1.1,10,32,825000,2.2993923325257843,0.4693103033333139,0.4051539012168933,24.729352145839847,0.37835714285714284,4.677206895394687,0.3509552216119584,0,131.042
mnist784_pca32 (50c),10,cells,post_mass_on,post,mass,on,5,50,50,1.0,50,50,0.0,1.1,10,32,825000,1.9369142677221673,0.4819132528030538,0.40638606676342526,22.81901438827978,0.35268571428571427,6.590647149158768,0.26479019639828755,0,132.687
mnist784_pca32 (50c),10,cells,pre_none_off,pre,none,off,5,50,50,1.0,50,50,0.0,1.1,10,32,825000,2.3020511937151853,0.4430115414678874,0.3710144927536232,24.81221703024963,0.35115714285714283,4.682045356104445,0.3515353259420271,0,130.319
mnist784_pca32 (50c),10,cells,pre_none_on,pre,none,on,5,50,50,1.0,50,50,0.0,1.1,10,32,825000,1.7271928732138646,0.49776813251392515,0.3727810650887574,18.772975408391794,0.3354714285714286,8.368515170273158,0.125405901954073,0,131.521
mnist784_pca32 (50c),10,cells,pre_footprint_off,pre,footprint,off,5,50,50,1.0,50,50,0.0,1.1,10,32,825000,2.525975446222339,0.5740464372988072,0.48035837353549277,24.89682375183725,0.46212857142857144,3.901985898358954,0.30173121114476037,0,157.671
mnist784_pca32 (50c),10,cells,pre_footprint_on,pre,footprint,on,5,50,50,1.0,50,50,0.0,1.1,10,32,825000,2.584268643460742,0.5699531335263585,0.4467455621301775,24.086691534683673,0.41835714285714287,3.74723553392785,0.27349440579135437,0,149.46
mnist784_pca32 (50c),10,cells,pre_mass_off,pre,mass,off,5,50,50,1.0,50,50,0.0,1.1,10,32,825000,2.347938619717119,0.5628483566134824,0.47966919365954513,24.823229887698638,0.44475714285714285,4.502822325206279,0.30400638422050147,0,139.886
mnist784_pca32 (50c),10,cells,pre_mass_on,pre,mass,on,5,50,50,1.0,50,50,0.0,1.1,10,32,825000,2.0466536665572868,0.5406828076653425,0.41551849166062366,23.686781124099916,0.3789142857142857,5.9490964179155466,0.2624717095458411,0,134.343
mnist784_pca32 (50c),10,cells,post_fpmask_off,post,fpmask,off,5,50,50,1.0,50,50,0.0,1.1,10,32,825000,2.0838475710666557,0.4202496460696542,0.3572463768115942,24.71189704765655,0.35397142857142855,5.690811360318249,0.376950968883591,0,168.595
mnist784_pca32 (50c),10,cells,post_massmask_off,post,massmask,off,5,50,50,1.0,50,50,0.0,1.1,10,32,825000,2.0259969938382802,0.40565225910436276,0.32681159420289857,24.87985572636216,0.3379142857142857,6.06136259221601,0.4004158579270532,0,137.677
mnist784_pca32 (50c),10,cells,pre_fpmask_off,pre,fpmask,off,5,50,50,1.0,50,50,0.0,1.1,10,32,825000,2.2836972315479747,0.4434927272908129,0.36376811594202896,24.796758326417088,0.3445285714285714,4.754642395642945,0.34378506730051395,0,156.393
mnist784_pca32 (50c),10,cells,pre_massmask_off,pre,massmask,off,5,50,50,1.0,50,50,0.0,1.1,10,32,825000,2.283984677749443,0.44171478877935333,0.36594202898550726,24.766273922601023,0.3510142857142857,4.7476019534036435,0.34896922133846003,0,131.572
mnist784_pca32 (50c),11,cells,post_none_off,post,none,off,5,50,50,1.0,50,50,0.0,1.1,10,32,825000,2.126714483387303,0.43797358865714453,0.349194729136164,25.003196650248018,0.34732857142857143,5.528116148171644,0.4018446209699356,0,129.327
mnist784_pca32 (50c),11,cells,post_none_on,post,none,on,5,50,50,1.0,50,50,0.0,1.1,10,32,825000,1.4857353889333529,0.47126225877381084,0.3701067615658363,18.799202991507446,0.3385285714285714,11.336336534845081,0.1302384055680457,0,133.057
mnist784_pca32 (50c),11,cells,post_footprint_off,post,footprint,off,5,50,50,1.0,50,50,0.0,1.1,10,32,825000,2.54665406402159,0.5161689090730324,0.4362818590704648,24.642782335417518,0.4333,3.799704574343638,0.3218741507091854,0,155.875
mnist784_pca32 (50c),11,cells,post_footprint_on,post,footprint,on,5,50,50,1.0,50,50,0.0,1.1,10,32,825000,1.9904374956107187,0.5036686714779344,0.40483162518301613,23.285799165253884,0.3640285714285714,6.216233199262655,0.26933460852678553,0,152.177
mnist784_pca32 (50c),11,cells,post_mass_off,post,mass,off,5,50,50,1.0,50,50,0.0,1.1,10,32,825000,2.4618331399237836,0.4969489214560207,0.4172767203513909,24.565988934452818,0.40972857142857144,4.053377240376118,0.3247914323212213,0,133.096
mnist784_pca32 (50c),11,cells,post_mass_on,post,mass,on,5,50,50,1.0,50,50,0.0,1.1,10,32,825000,1.9279935028029347,0.5017993740892672,0.3994546693933197,22.810994304674992,0.36264285714285716,6.630105972230588,0.2591736285110753,0,135.873
mnist784_pca32 (50c),11,cells,pre_none_off,pre,none,off,5,50,50,1.0,50,50,0.0,1.1,10,32,825000,2.4564634902268203,0.4622383321265138,0.38456237077877325,24.723514582200142,0.37794285714285714,4.097222799180693,0.3411310563029712,0,134.584
mnist784_pca32 (50c),11,cells,pre_none_on,pre,none,on,5,50,50,1.0,50,50,0.0,1.1,10,32,825000,1.890513482548541,0.473613458601095,0.37295373665480425,18.8035479883517,0.3303142857142857,7.00541730597996,0.13019087086946476,0,136.803
mnist784_pca32 (50c),11,cells,pre_footprint_off,pre,footprint,off,5,50,50,1.0,50,50,0.0,1.1,10,32,825000,2.9014718287007035,0.5508350883295006,0.4423765211166786,25.036006688783957,0.4179,2.9739135691625638,0.2978319353525166,0,162.285
mnist784_pca32 (50c),11,cells,pre_footprint_on,pre,footprint,on,5,50,50,1.0,50,50,0.0,1.1,10,32,825000,2.2903805173633742,0.5451762591142275,0.42341729067392786,24.067884706863236,0.4017857142857143,4.807970966777165,0.2594883293641069,0,155.403
mnist784_pca32 (50c),11,cells,pre_mass_off,pre,mass,off,5,50,50,1.0,50,50,0.0,1.1,10,32,825000,2.729533399987545,0.5362818211440361,0.44022906227630637,24.891534404597387,0.3753,3.340987440770606,0.305623378375874,0,143.058
mnist784_pca32 (50c),11,cells,pre_mass_on,pre,mass,on,5,50,50,1.0,50,50,0.0,1.1,10,32,825000,2.348633409597591,0.534240004056841,0.4002722940776038,23.53471747831819,0.37892857142857145,4.543642062995478,0.2517442851619422,0,138.359
mnist784_pca32 (50c),11,cells,post_fpmask_off,post,fpmask,off,5,50,50,1.0,50,50,0.0,1.1,10,32,825000,2.127557444008878,0.4188795843363433,0.3249821045096636,24.626383336044498,0.36132857142857144,5.440490367789453,0.3657719488476274,0,174.08
mnist784_pca32 (50c),11,cells,post_massmask_off,post,massmask,off,5,50,50,1.0,50,50,0.0,1.1,10,32,825000,2.1685248010156224,0.3935528685784675,0.31209735146743023,24.79424830952894,0.34582857142857143,5.272567633706215,0.3862660231107211,0,139.346
mnist784_pca32 (50c),11,cells,pre_fpmask_off,pre,fpmask,off,5,50,50,1.0,50,50,0.0,1.1,10,32,825000,2.428335094444186,0.49429505108059096,0.4150805270863836,24.663348096209972,0.3869,4.182488927012529,0.3330865134034054,0,150.344
mnist784_pca32 (50c),11,cells,pre_massmask_off,pre,massmask,off,5,50,50,1.0,50,50,0.0,1.1,10,32,825000,2.4136054537438234,0.47637723666346815,0.41419710544452104,24.73465881641903,0.37592857142857145,4.245935252604418,0.3358163451261339,0,136.809
mnist784_pca32 (50c),12,cells,post_none_off,post,none,off,5,50,50,1.0,50,50,0.0,1.1,10,32,825000,2.188496196003983,0.3904272424435439,0.2870436649964209,24.92460326025058,0.35734285714285713,5.2039924999193214,0.4074055447577083,0,129.896
mnist784_pca32 (50c),12,cells,post_none_on,post,none,on,5,50,50,1.0,50,50,0.0,1.1,10,32,825000,1.4267495271994632,0.4688354092985451,0.34023668639053256,18.88747866598317,0.33925714285714287,12.296840137687864,0.1296838211309567,0,135.296
mnist784_pca32 (50c),12,cells,post_footprint_off,post,footprint,off,5,50,50,1.0,50,50,0.0,1.1,10,32,825000,2.6158432153232725,0.47870062402831354,0.4032983508245877,24.55476946023603,0.44174285714285716,3.588495784277736,0.3314660727667712,0,155.153
mnist784_pca32 (50c),12,cells,post_footprint_on,post,footprint,on,5,50,50,1.0,50,50,0.0,1.1,10,32,825000,2.243024098080732,0.5147582972801613,0.3853073463268366,23.516564852299755,0.4550142857142857,4.93236790405684,0.29876566349672967,0,152.949
mnist784_pca32 (50c),12,cells,post_mass_off,post,mass,off,5,50,50,1.0,50,50,0.0,1.1,10,32,825000,2.444471515369476,0.5237651781587883,0.4754937820043892,24.527363446511604,0.4526,4.104695116193915,0.3136591530006785,0,134.089
mnist784_pca32 (50c),12,cells,post_mass_on,post,mass,on,5,50,50,1.0,50,50,0.0,1.1,10,32,825000,2.2583382680464137,0.4957006979991582,0.39571005917159763,22.89551617101045,0.4338142857142857,4.840965280402129,0.2722559925732048,0,135.259
mnist784_pca32 (50c),12,cells,pre_none_off,pre,none,off,5,50,50,1.0,50,50,0.0,1.1,10,32,825000,2.364863841310874,0.4384704357749054,0.3214030064423765,24.743626200271535,0.37288571428571426,4.424366183275851,0.3592889499967618,0,134.719
mnist784_pca32 (50c),12,cells,pre_none_on,pre,none,on,5,50,50,1.0,50,50,0.0,1.1,10,32,825000,2.1624874526284206,0.4737163788295209,0.34023668639053256,18.884660913559074,0.3431,5.383752550647636,0.12983443085310933,0,136.148
mnist784_pca32 (50c),12,cells,pre_footprint_off,pre,footprint,off,5,50,50,1.0,50,50,0.0,1.1,10,32,825000,2.9465755884200036,0.5949902641692806,0.5084125822970007,24.88245379915389,0.47977142857142857,2.8658802087956587,0.3010826786799166,0,163.406
mnist784_pca32 (50c),12,cells,pre_footprint_on,pre,footprint,on,5,50,50,1.0,50,50,0.0,1.1,10,32,825000,2.3979070156598215,0.5735779653769404,0.4917541229385307,24.058285262107475,0.4720142857142857,4.3390227060495405,0.28909819090586114,0,154.832
mnist784_pca32 (50c),12,cells,pre_mass_off,pre,mass,off,5,50,50,1.0,50,50,0.0,1.1,10,32,825000,2.892243068563494,0.5797787680101734,0.492603550295858,24.830317977885986,0.4689285714285714,2.9683335673103706,0.30349418721612537,0,142.765
mnist784_pca32 (50c),12,cells,pre_mass_on,pre,mass,on,5,50,50,1.0,50,50,0.0,1.1,10,32,825000,2.341442070072362,0.5336707753934375,0.4179714091218516,23.624406786022085,0.4143428571428571,4.562790168814385,0.26502485735875136,0,139.531
mnist784_pca32 (50c),12,cells,post_fpmask_off,post,fpmask,off,5,50,50,1.0,50,50,0.0,1.1,10,32,825000,2.1749906406629984,0.41350575213910773,0.2999284180386543,24.767939929162726,0.3796428571428571,5.235704180850421,0.3668828720353175,0,174.942
mnist784_pca32 (50c),12,cells,post_massmask_off,post,massmask,off,5,50,50,1.0,50,50,0.0,1.1,10,32,825000,2.188631911073232,0.3956039416112208,0.29205440229062274,24.85333941315803,0.35987142857142856,5.188469840934387,0.3972788477708691,0,139.654
mnist784_pca32 (50c),12,cells,pre_fpmask_off,pre,fpmask,off,5,50,50,1.0,50,50,0.0,1.1,10,32,825000,2.31735564220677,0.45514043686522876,0.3471725125268432,24.822566974823488,0.3376571428571429,4.622333876700145,0.3452877095667623,0,149.85
mnist784_pca32 (50c),12,cells,pre_massmask_off,pre,massmask,off,5,50,50,1.0,50,50,0.0,1.1,10,32,825000,2.3356231206288465,0.437232146171874,0.3350035790980673,24.793788556248288,0.3650857142857143,4.545036357980195,0.35987516273597403,0,137.321
mnist784_pca32 (50c),13,cells,post_none_off,post,none,off,5,50,50,1.0,50,50,0.0,1.1,10,32,825000,1.9647970619459136,0.41004023093323655,0.3453183520599251,25.063418252949006,0.3150857142857143,6.492394504962147,0.42814722390609566,0,130.403
mnist784_pca32 (50c),13,cells,post_none_on,post,none,on,5,50,50,1.0,50,50,0.0,1.1,10,32,825000,1.504591430809444,0.4701066634959367,0.36512455516014236,18.881683589063595,0.3377857142857143,11.080894307633912,0.12992627335641027,0,133.547
mnist784_pca32 (50c),13,cells,post_footprint_off,post,footprint,off,5,50,50,1.0,50,50,0.0,1.1,10,32,825000,2.5703154994660666,0.5024318463068833,0.44377811094452774,24.55773279493753,0.43174285714285715,3.7171954716572886,0.3276472586625072,0,154.453
mnist784_pca32 (50c),13,cells,post_footprint_on,post,footprint,on,5,50,50,1.0,50,50,0.0,1.1,10,32,825000,2.3463155993157736,0.5114072673100758,0.40074906367041196,23.51846483189605,0.3672714285714286,4.492447763902129,0.2801336607428113,0,150.31
mnist784_pca32 (50c),13,cells,post_mass_off,post,mass,off,5,50,50,1.0,50,50,0.0,1.1,10,32,825000,2.2795396424713146,0.48293641219379707,0.4160419790104948,24.657186671996424,0.4212,4.74514212308243,0.34534281553328366,0,131.977
mnist784_pca32 (50c),13,cells,post_mass_on,post,mass,on,5,50,50,1.0,50,50,0.0,1.1,10,32,825000,2.048298462826415,0.502813765985669,0.4286786786786787,22.798813296622363,0.35405714285714285,5.88461108799034,0.25795702379522073,0,133.647
mnist784_pca32 (50c),13,cells,pre_none_off,pre,none,off,5,50,50,1.0,50,50,0.0,1.1,10,32,825000,2.244565727142433,0.481236946536895,0.39490006891798757,24.78665765399207,0.33572857142857143,4.919866449188904,0.3526333161235914,0,132.667
mnist784_pca32 (50c),13,cells,pre_none_on,pre,none,on,5,50,50,1.0,50,50,0.0,1.1,10,32,825000,1.8801439718939894,0.4746970343506048,0.3822064056939502,18.874963251816336,0.33412857142857144,7.101591916401333,0.1302514080380612,0,134.142
mnist784_pca32 (50c),13,cells,pre_footprint_off,pre,footprint,off,5,50,50,1.0,50,50,0.0,1.1,10,32,825000,2.782294888868347,0.5802079121782506,0.47280638143582304,25.105049619650575,0.4301857142857143,3.243058391156275,0.30574913369976786,0,160.358
mnist784_pca32 (50c),13,cells,pre_footprint_on,pre,footprint,on,5,50,50,1.0,50,50,0.0,1.1,10,32,825000,2.325862292846217,0.5952171794182187,0.4626334519572954,24.181713058676724,0.3858285714285714,4.642468477276044,0.28268198853400195,0,150.8
mnist784_pca32 (50c),13,cells,pre_mass_off,pre,mass,off,5,50,50,1.0,50,50,0.0,1.1,10,32,825000,2.8165946639856516,0.5919047586883036,0.4688405797101449,25.089116086097242,0.4497857142857143,3.1625445833120143,0.3109359797650287,0,141.779
mnist784_pca32 (50c),13,cells,pre_mass_on,pre,mass,on,5,50,50,1.0,50,50,0.0,1.1,10,32,825000,2.33773916864993,0.547909961246819,0.4136163982430454,23.24653143900308,0.3783714285714286,4.543401750865449,0.25642707123358893,0,135.633
mnist784_pca32 (50c),13,cells,post_fpmask_off,post,fpmask,off,5,50,50,1.0,50,50,0.0,1.1,10,32,825000,2.034942633073977,0.42647017137091375,0.3609467455621302,24.783789870088302,0.34612857142857145,5.984989283599047,0.3841335640497149,0,172.716
mnist784_pca32 (50c),13,cells,post_massmask_off,post,massmask,off,5,50,50,1.0,50,50,0.0,1.1,10,32,825000,1.9475093521436888,0.41391894876348295,0.3520710059171598,25.025639738791234,0.3228142857142857,6.598209254255951,0.41986779580832756,0,140.712
mnist784_pca32 (50c),13,cells,pre_fpmask_off,pre,fpmask,off,5,50,50,1.0,50,50,0.0,1.1,10,32,825000,2.241568887642606,0.5016260824592343,0.45567765567765567,24.732246376254928,0.36534285714285714,4.9222014496368685,0.32920899581045304,0,154.389
mnist784_pca32 (50c),13,cells,pre_massmask_off,pre,massmask,off,5,50,50,1.0,50,50,0.0,1.1,10,32,825000,2.233219838683401,0.48653958348745285,0.39696760854583046,24.785953904415113,0.33675714285714287,4.969843158790119,0.3509581014720986,0,136.779
mnist784_pca32 (50c),14,cells,post_none_off,post,none,off,5,50,50,1.0,50,50,0.0,1.1,10,32,825000,2.0297497958302624,0.43735095633230925,0.34763313609467456,24.890922607687774,0.3553,6.041655832037016,0.4163793824936603,0,129.991
mnist784_pca32 (50c),14,cells,post_none_on,post,none,on,5,50,50,1.0,50,50,0.0,1.1,10,32,825000,1.477179833188205,0.46186502984940686,0.36020710059171596,18.862525356643445,0.2971,11.533404618085527,0.13209901615931116,0,133.047
mnist784_pca32 (50c),14,cells,post_footprint_off,post,footprint,off,5,50,50,1.0,50,50,0.0,1.1,10,32,825000,2.624260955169777,0.5205634198573856,0.4293590627153687,24.80265232600646,0.42351428571428573,3.6015055452436786,0.3439944034199305,0,155.297
mnist784_pca32 (50c),14,cells,post_footprint_on,post,footprint,on,5,50,50,1.0,50,50,0.0,1.1,10,32,825000,2.2081404078089437,0.5026882805860373,0.42277580071174375,23.669425267381293,0.39254285714285714,5.068393599713742,0.3144606285414078,0,151.993
mnist784_pca32 (50c),14,cells,post_mass_off,post,mass,off,5,50,50,1.0,50,50,0.0,1.1,10,32,825000,2.4993233857582338,0.521790698672981,0.4548587181254307,24.61599243062831,0.4234142857142857,3.9406915626754175,0.34645535435101504,0,132.462
mnist784_pca32 (50c),14,cells,post_mass_on,post,mass,on,5,50,50,1.0,50,50,0.0,1.1,10,32,825000,1.9185207874798844,0.48397588711954476,0.41066066066066065,22.838006118149714,0.3868142857142857,6.716185623978538,0.2827375181376071,0,134.908
mnist784_pca32 (50c),14,cells,pre_none_off,pre,none,off,5,50,50,1.0,50,50,0.0,1.1,10,32,825000,2.312463186344098,0.5090547320124759,0.4527736131934033,24.67141408391795,0.3774,4.613647261231581,0.3543177777526094,0,133.582
mnist784_pca32 (50c),14,cells,pre_none_on,pre,none,on,5,50,50,1.0,50,50,0.0,1.1,10,32,825000,2.091932574435634,0.47020407908999556,0.36020710059171596,18.84409393816696,0.3083,5.693182448056215,0.13034874388349652,0,135.16
mnist784_pca32 (50c),14,cells,pre_footprint_off,pre,footprint,off,5,50,50,1.0,50,50,0.0,1.1,10,32,825000,2.5548301844852914,0.5829696730638788,0.5095307917888563,24.906178901795588,0.4466857142857143,3.8157773538454745,0.30009804390133527,0,159.244
mnist784_pca32 (50c),14,cells,pre_footprint_on,pre,footprint,on,5,50,50,1.0,50,50,0.0,1.1,10,32,825000,2.397758727831761,0.5661070988260388,0.4358974358974359,23.903095167349296,0.42764285714285716,4.348680855122099,0.26590610070021287,0,151.99
mnist784_pca32 (50c),14,cells,pre_mass_off,pre,mass,off,5,50,50,1.0,50,50,0.0,1.1,10,32,825000,2.53432639231948,0.5754065467326845,0.5135531135531135,24.84030234934661,0.4282285714285714,3.867513025130253,0.2980667542183722,0,140.785
mnist784_pca32 (50c),14,cells,pre_mass_on,pre,mass,on,5,50,50,1.0,50,50,0.0,1.1,10,32,825000,2.2686976717570704,0.5615836346416471,0.4301445285615967,23.249278773248587,0.40422857142857144,4.850347915620304,0.2504128191512083,0,135.394
mnist784_pca32 (50c),14,cells,post_fpmask_off,post,fpmask,off,5,50,50,1.0,50,50,0.0,1.1,10,32,825000,2.035920040719394,0.5047825770509674,0.4227106227106227,24.856152778772202,0.3533428571428571,5.996702100838956,0.38176492937969386,0,172.088
mnist784_pca32 (50c),14,cells,post_massmask_off,post,massmask,off,5,50,50,1.0,50,50,0.0,1.1,10,32,825000,1.872799885411925,0.47160496261246687,0.3942307692307692,24.92473219449699,0.35205714285714285,7.1063689653180635,0.3980334182391821,0,141.444
mnist784_pca32 (50c),14,cells,pre_fpmask_off,pre,fpmask,off,5,50,50,1.0,50,50,0.0,1.1,10,32,825000,2.3755733779380543,0.5101154305781429,0.4460059171597633,24.67972084431013,0.4033285714285714,4.373240321567614,0.34944122783336645,0,154.654
mnist784_pca32 (50c),14,cells,pre_massmask_off,pre,massmask,off,5,50,50,1.0,50,50,0.0,1.1,10,32,825000,2.2911774571296544,0.5201502466832292,0.4505247376311844,24.6416841843077,0.3824142857142857,4.694106427563368,0.3487271011676056,0,138.582
mnist784_pca32 (50c),15,cells,post_none_off,post,none,off,5,50,50,1.0,50,50,0.0,1.1,10,32,825000,2.1347573453471336,0.40023453367270756,0.33070866141732286,24.8826917217489,0.34372857142857144,5.460096594495498,0.39731131994992175,0,132.527
mnist784_pca32 (50c),15,cells,post_none_on,post,none,on,5,50,50,1.0,50,50,0.0,1.1,10,32,825000,1.4061229593270268,0.44891362153378617,0.3553299492385787,18.877235082510815,0.3040857142857143,12.724391599839771,0.13386732209416263,0,134.545
mnist784_pca32 (50c),15,cells,post_footprint_off,post,footprint,off,5,50,50,1.0,50,50,0.0,1.1,10,32,825000,2.3912370983803526,0.51047672618363,0.41789940828402367,24.764577043676834,0.43911428571428573,4.330974585954989,0.3381134066285504,0,153.842
mnist784_pca32 (50c),15,cells,post_footprint_on,post,footprint,on,5,50,50,1.0,50,50,0.0,1.1,10,32,825000,2.0495659413720744,0.5033307146407647,0.3797752808988764,23.682937833646516,0.3919,5.918718653144974,0.29560158751466886,0,151.944
mnist784_pca32 (50c),15,cells,post_mass_off,post,mass,off,5,50,50,1.0,50,50,0.0,1.1,10,32,825000,2.400882811477432,0.49536541483932056,0.45095168374816985,24.683623924395174,0.3953714285714286,4.282200483247701,0.3245489920466703,0,133.695
mnist784_pca32 (50c),15,cells,post_mass_on,post,mass,on,5,50,50,1.0,50,50,0.0,1.1,10,32,825000,2.0083739280566686,0.5088620230999981,0.46120996441281137,23.074065560145144,0.37642857142857145,6.14821460193063,0.2678639860677586,0,135.215
mnist784_pca32 (50c),15,cells,pre_none_off,pre,none,off,5,50,50,1.0,50,50,0.0,1.1,10,32,825000,2.2842050037124313,0.4933132966793535,0.3937007874015748,24.7702038479602,0.37274285714285715,4.747439331986791,0.33938889210203166,0,132.846
mnist784_pca32 (50c),15,cells,pre_none_on,pre,none,on,5,50,50,1.0,50,50,0.0,1.1,10,32,825000,2.0652186841780344,0.4621215979840404,0.35872781065088755,18.840419278083985,0.3149571428571429,5.875937173326942,0.1302569141883217,0,135.68
mnist784_pca32 (50c),15,cells,pre_footprint_off,pre,footprint,off,5,50,50,1.0,50,50,0.0,1.1,10,32,825000,2.316106569767664,0.5390928422697401,0.363905325443787,25.201991889908854,0.39795714285714284,4.698051687411144,0.3096011891256827,0,160.249
mnist784_pca32 (50c),15,cells,pre_footprint_on,pre,footprint,on,5,50,50,1.0,50,50,0.0,1.1,10,32,825000,2.439654791796907,0.5908823247518442,0.47829083390764987,24.170181208021003,0.40495714285714285,4.218563103989315,0.27618802726456293,0,154.084
mnist784_pca32 (50c),15,cells,pre_mass_off,pre,mass,off,5,50,50,1.0,50,50,0.0,1.1,10,32,825000,2.6563524721359086,0.5499654635221772,0.36809815950920244,25.077591245892293,0.42454285714285717,3.5539753964861247,0.31795794105179825,0,141.2
mnist784_pca32 (50c),15,cells,pre_mass_on,pre,mass,on,5,50,50,1.0,50,50,0.0,1.1,10,32,825000,2.4004545807215303,0.5577087063242938,0.4321157822191592,23.72778148565377,0.395,4.347843461135888,0.25932672607297785,0,136.951
mnist784_pca32 (50c),15,cells,post_fpmask_off,post,fpmask,off,5,50,50,1.0,50,50,0.0,1.1,10,32,825000,1.9413573044143748,0.4016876075681215,0.3457408732999284,24.796455977170037,0.33895714285714285,6.579284488209515,0.37659116664322045,0,172.489
mnist784_pca32 (50c),15,cells,post_massmask_off,post,massmask,off,5,50,50,1.0,50,50,0.0,1.1,10,32,825000,2.138071045069792,0.4076743535587777,0.33142448103078026,24.83421894175215,0.3700857142857143,5.432581387839222,0.3892113939631408,0,142.732
mnist784_pca32 (50c),15,cells,pre_fpmask_off,pre,fpmask,off,5,50,50,1.0,50,50,0.0,1.1,10,32,825000,2.255701917075822,0.4904685157611208,0.4178595773687798,24.873703956768953,0.37192857142857144,4.888516032266486,0.3319002826019465,0,155.224
mnist784_pca32 (50c),15,cells,pre_massmask_off,pre,massmask,off,5,50,50,1.0,50,50,0.0,1.1,10,32,825000,2.2402455689848835,0.4938073173579326,0.4213606437454279,24.857005881351956,0.3742285714285714,4.952877208128677,0.34329041735923405,0,141.146
mnist784_pca32 (50c),16,cells,post_none_off,post,none,off,5,50,50,1.0,50,50,0.0,1.1,10,32,825000,2.03654058066332,0.4136714249855134,0.3556168159889731,25.15452645031338,0.3102714285714286,6.064988882524482,0.44378979133472235,0,133.161
mnist784_pca32 (50c),16,cells,post_none_on,post,none,on,5,50,50,1.0,50,50,0.0,1.1,10,32,825000,1.5335682790971181,0.4838292345934294,0.36881559220389803,18.84642658812994,0.2670142857142857,10.780418004472933,0.1297626309155041,0,137.045
mnist784_pca32 (50c),16,cells,post_footprint_off,post,footprint,off,5,50,50,1.0,50,50,0.0,1.1,10,32,825000,2.4016579206914703,0.5709812376288717,0.46795313576843556,24.755451591474824,0.4500571428571429,4.2918897314158455,0.31386362594337275,0,156.252
mnist784_pca32 (50c),16,cells,post_footprint_on,post,footprint,on,5,50,50,1.0,50,50,0.0,1.1,10,32,825000,1.9815432328520013,0.4745651083115991,0.37224199288256227,23.13705612595157,0.31542857142857145,6.313487396824366,0.2709636728387412,0,155.521
mnist784_pca32 (50c),16,cells,post_mass_off,post,mass,off,5,50,50,1.0,50,50,0.0,1.1,10,32,825000,2.316409665432269,0.4820957076770601,0.41454272863568215,24.67459645125175,0.4049714285714286,4.59853315220389,0.33455228399029757,0,137.319
mnist784_pca32 (50c),16,cells,post_mass_on,post,mass,on,5,50,50,1.0,50,50,0.0,1.1,10,32,825000,2.0612934911063787,0.4871948319145474,0.33428165007112376,23.02316651704147,0.31934285714285715,5.83173138433418,0.2600987615435596,0,137.945
mnist784_pca32 (50c),16,cells,pre_none_off,pre,none,off,5,50,50,1.0,50,50,0.0,1.1,10,32,825000,2.496663534039972,0.486422688781206,0.37222619899785253,24.850022885636754,0.346,3.986637585497876,0.3482424677439473,0,136.065
mnist784_pca32 (50c),16,cells,pre_none_on,pre,none,on,5,50,50,1.0,50,50,0.0,1.1,10,32,825000,2.126527372090799,0.4877769018730475,0.37437722419928826,18.86836544018451,0.2678714285714286,5.621807415450381,0.13003275371612788,0,138.269
mnist784_pca32 (50c),16,cells,pre_footprint_off,pre,footprint,off,5,50,50,1.0,50,50,0.0,1.1,10,32,825000,2.6306165525300202,0.5774682853344306,0.473992673992674,25.02806554581622,0.4383,3.6166975062740683,0.27725831483566804,0,162.416
mnist784_pca32 (50c),16,cells,pre_footprint_on,pre,footprint,on,5,50,50,1.0,50,50,0.0,1.1,10,32,825000,2.553545223251662,0.5426512332005584,0.4167852062588905,24.4532747254582,0.34612857142857145,3.909765697099737,0.2510974305053025,0,157.911
mnist784_pca32 (50c),16,cells,pre_mass_off,pre,mass,off,5,50,50,1.0,50,50,0.0,1.1,10,32,825000,2.4883678161543448,0.5749927889050679,0.41513292433537835,25.283837487487325,0.37807142857142856,4.083323977333764,0.2769109689974185,0,144.599
mnist784_pca32 (50c),16,cells,pre_mass_on,pre,mass,on,5,50,50,1.0,50,50,0.0,1.1,10,32,825000,2.4898218293453693,0.5543892466004814,0.3871886120996441,24.388600851174463,0.3452857142857143,4.111853331135694,0.24661454205637778,0,140.655
mnist784_pca32 (50c),16,cells,post_fpmask_off,post,fpmask,off,5,50,50,1.0,50,50,0.0,1.1,10,32,825000,2.0519758733509192,0.4539054854916193,0.3624260355029586,24.964304662902553,0.32634285714285716,5.9289115822874425,0.3845394850048629,0,174.733
mnist784_pca32 (50c),16,cells,post_massmask_off,post,massmask,off,5,50,50,1.0,50,50,0.0,1.1,10,32,825000,2.131343504366645,0.4480605701467224,0.35428994082840237,24.77906531303077,0.3591714285714286,5.454789815192473,0.376645226634965,0,145.151
mnist784_pca32 (50c),16,cells,pre_fpmask_off,pre,fpmask,off,5,50,50,1.0,50,50,0.0,1.1,10,32,825000,2.1656757167182024,0.5049641912791756,0.4015748031496063,25.002236030460946,0.3339857142857143,5.330795187192394,0.33394618176460156,0,158.276
mnist784_pca32 (50c),16,cells,pre_massmask_off,pre,massmask,off,5,50,50,1.0,50,50,0.0,1.1,10,32,825000,2.365963180154719,0.496175244470352,0.39012168933428776,24.8796311253255,0.3522142857142857,4.444551815031156,0.34418933398779405,0,147.346
mnist784_pca32 (50c),17,cells,post_none_off,post,none,off,5,50,50,1.0,50,50,0.0,1.1,10,32,825000,2.176640406586496,0.41821600114298674,0.33214030064423766,24.986081101577597,0.32524285714285717,5.273813544031614,0.4127441073593926,0,131.373
mnist784_pca32 (50c),17,cells,post_none_on,post,none,on,5,50,50,1.0,50,50,0.0,1.1,10,32,825000,1.6209387299873774,0.4719397779296371,0.3343195266272189,18.802038600810672,0.3143714285714286,9.607733091755708,0.12932387998439746,0,139.247
mnist784_pca32 (50c),17,cells,post_footprint_off,post,footprint,off,5,50,50,1.0,50,50,0.0,1.1,10,32,825000,2.4530708761826427,0.5102492063748243,0.404047976011994,24.733078320404204,0.4049,4.110152916964683,0.32322473555771075,0,159.7
mnist784_pca32 (50c),17,cells,post_footprint_on,post,footprint,on,5,50,50,1.0,50,50,0.0,1.1,10,32,825000,1.9488189576327888,0.49947527890370935,0.40014792899408286,23.217801984130165,0.3571714285714286,6.512091150217865,0.27205071399811687,0,156.672
mnist784_pca32 (50c),17,cells,post_mass_off,post,mass,off,5,50,50,1.0,50,50,0.0,1.1,10,32,825000,2.4865284894205084,0.4702664702841355,0.4025487256371814,24.640557101297293,0.38862857142857143,3.9853240825634955,0.32355561922894677,0,137.47
mnist784_pca32 (50c),17,cells,post_mass_on,post,mass,on,5,50,50,1.0,50,50,0.0,1.1,10,32,825000,1.9309901303173784,0.46246203909889194,0.3683431952662722,22.21724299604879,0.3215,6.6620046651419464,0.2539550060484844,0,140.078
mnist784_pca32 (50c),17,cells,pre_none_off,pre,none,off,5,50,50,1.0,50,50,0.0,1.1,10,32,825000,2.4809149083246216,0.48169484036101323,0.4169538249483115,24.709495562648453,0.38074285714285716,4.01458023165338,0.3481526114444129,0,138.502
mnist784_pca32 (50c),17,cells,pre_none_on,pre,none,on,5,50,50,1.0,50,50,0.0,1.1,10,32,825000,1.7994754143615774,0.4743045950925564,0.3343195266272189,18.83440096423162,0.30447142857142856,7.800333817737965,0.13014543786901878,0,143.354
mnist784_pca32 (50c),17,cells,pre_footprint_off,pre,footprint,off,5,50,50,1.0,50,50,0.0,1.1,10,32,825000,2.426696033046821,0.5701864286842215,0.5024121295658167,24.90784545176648,0.4513714285714286,4.229659452918495,0.30023558555382496,0,163.248
mnist784_pca32 (50c),17,cells,pre_footprint_on,pre,footprint,on,5,50,50,1.0,50,50,0.0,1.1,10,32,825000,2.0047424373029306,0.5487365983182244,0.3865425912670007,23.834303066790138,0.3792,6.257880352029329,0.2476579339171853,0,163.229
mnist784_pca32 (50c),17,cells,pre_mass_off,pre,mass,off,5,50,50,1.0,50,50,0.0,1.1,10,32,825000,2.4577527594416204,0.5528940985404728,0.5003445899379738,24.871228189818332,0.4273857142857143,4.117379020927197,0.3021548719409833,0,145.932
mnist784_pca32 (50c),17,cells,pre_mass_on,pre,mass,on,5,50,50,1.0,50,50,0.0,1.1,10,32,825000,1.7627932652464382,0.5216973186410643,0.4022906227630637,24.042650389203317,0.3484857142857143,8.192538640520736,0.24362593509608282,0,142.833
mnist784_pca32 (50c),17,cells,post_fpmask_off,post,fpmask,off,5,50,50,1.0,50,50,0.0,1.1,10,32,825000,1.9887085034646548,0.4428730125964649,0.36578382247673585,24.760489348012545,0.35177142857142857,6.260614490035839,0.38815868714143575,0,178.838
mnist784_pca32 (50c),17,cells,post_massmask_off,post,massmask,off,5,50,50,1.0,50,50,0.0,1.1,10,32,825000,2.2136217675813876,0.41369983782943415,0.3178239083750895,24.934137962328805,0.3186428571428571,5.088473587405237,0.4255076511846092,0,143.882
mnist784_pca32 (50c),17,cells,pre_fpmask_off,pre,fpmask,off,5,50,50,1.0,50,50,0.0,1.1,10,32,825000,2.457305899606981,0.4662586562900833,0.3979289940828402,24.678811733176378,0.3727714285714286,4.087010921435352,0.33182862655768,0,154.503
mnist784_pca32 (50c),17,cells,pre_massmask_off,pre,massmask,off,5,50,50,1.0,50,50,0.0,1.1,10,32,825000,2.4578485388788267,0.48324493433673266,0.4231564438318401,24.721180864376922,0.3785,4.092220048226736,0.34771571071279384,0,150.824
mnist784_pca32 (50c),18,cells,post_none_off,post,none,off,5,50,50,1.0,50,50,0.0,1.1,10,32,825000,2.1406455550216172,0.4215859929452752,0.33505917159763315,24.888457668620703,0.34787142857142855,5.431358349013019,0.41859953241635617,0,130.467
mnist784_pca32 (50c),18,cells,post_none_on,post,none,on,5,50,50,1.0,50,50,0.0,1.1,10,32,825000,1.1230177097156546,0.4581929080756587,0.3758620689655172,18.914653917314073,0.311,19.91953927651524,0.13289551319316262,0,135.244
mnist784_pca32 (50c),18,cells,post_footprint_off,post,footprint,off,5,50,50,1.0,50,50,0.0,1.1,10,32,825000,2.4939032035782116,0.46820960012327284,0.4085576259489303,24.690616814943127,0.4058428571428571,3.9698377142806933,0.3463548933655904,0,156.696
mnist784_pca32 (50c),18,cells,post_footprint_on,post,footprint,on,5,50,50,1.0,50,50,0.0,1.1,10,32,825000,1.6003577684133574,0.4940072942005622,0.3594306049822064,23.737456158015732,0.4055,9.629022091254662,0.33064364860786644,0,153.603
mnist784_pca32 (50c),18,cells,post_mass_off,post,mass,off,5,50,50,1.0,50,50,0.0,1.1,10,32,825000,2.1704843085710634,0.49071530990077084,0.3850187265917603,24.687642984689557,0.41268571428571427,5.240422798327445,0.3484943928591081,0,135.145
mnist784_pca32 (50c),18,cells,post_mass_on,post,mass,on,5,50,50,1.0,50,50,0.0,1.1,10,32,825000,1.469069821242061,0.4617333228764558,0.3238434163701068,23.01029097836607,0.3603571428571429,11.494034511716686,0.3068049247847368,0,137.896
mnist784_pca32 (50c),18,cells,pre_none_off,pre,none,off,5,50,50,1.0,50,50,0.0,1.1,10,32,825000,2.2566176233163824,0.4810216405995789,0.3873190902825637,24.78842573123491,0.3364714285714286,4.867803015413904,0.3533719160478168,0,135.519
mnist784_pca32 (50c),18,cells,pre_none_on,pre,none,on,5,50,50,1.0,50,50,0.0,1.1,10,32,825000,2.0022145913754033,0.4557215083595513,0.3758620689655172,18.949575340910762,0.3139,6.272644421149905,0.13369231214218003,0,137.645
mnist784_pca32 (50c),18,cells,pre_footprint_off,pre,footprint,off,5,50,50,1.0,50,50,0.0,1.1,10,32,825000,2.4923725287168605,0.5778370582589117,0.4879120879120879,24.93907284707609,0.42934285714285714,4.014711964638047,0.3027682883317309,0,161.804
mnist784_pca32 (50c),18,cells,pre_footprint_on,pre,footprint,on,5,50,50,1.0,50,50,0.0,1.1,10,32,825000,2.3376478478308815,0.5643230657070588,0.4370106761565836,23.895873651887722,0.40217142857142857,4.583664979919896,0.28037036695980627,0,156.046
mnist784_pca32 (50c),18,cells,pre_mass_off,pre,mass,off,5,50,50,1.0,50,50,0.0,1.1,10,32,825000,2.3842333617388713,0.5618317356370548,0.48031496062992124,25.010952579138866,0.41787142857142856,4.399797732576888,0.302125813185829,0,143.124
mnist784_pca32 (50c),18,cells,pre_mass_on,pre,mass,on,5,50,50,1.0,50,50,0.0,1.1,10,32,825000,2.4314936647896714,0.5481369234396234,0.40711743772241993,23.33685413705543,0.4074285714285714,4.217964458978061,0.24784981596217678,0,139.76
mnist784_pca32 (50c),18,cells,post_fpmask_off,post,fpmask,off,5,50,50,1.0,50,50,0.0,1.1,10,32,825000,2.055066422943044,0.4448675318038732,0.3575712143928036,24.83011809289483,0.35241428571428574,5.879319450574907,0.3988283058479011,0,174.483
mnist784_pca32 (50c),18,cells,post_massmask_off,post,massmask,off,5,50,50,1.0,50,50,0.0,1.1,10,32,825000,2.037924864772507,0.4267699701891734,0.36431784107946025,24.90665295433809,0.369,5.997068825276244,0.4272882187365864,0,143.503
mnist784_pca32 (50c),18,cells,pre_fpmask_off,pre,fpmask,off,5,50,50,1.0,50,50,0.0,1.1,10,32,825000,2.3010106098718066,0.47927759125052743,0.3762922122674018,24.91823461454621,0.3329285714285714,4.7063045583651775,0.3657532576258255,0,156.242
mnist784_pca32 (50c),18,cells,pre_massmask_off,pre,massmask,off,5,50,50,1.0,50,50,0.0,1.1,10,32,825000,2.247227670850235,0.48755655886008376,0.3921433494141971,24.779598120028666,0.3379,4.9068198213242455,0.3515350772678331,0,146.101
mnist784_pca32 (50c),19,cells,post_none_off,post,none,off,5,50,50,1.0,50,50,0.0,1.1,10,32,825000,2.064038422875277,0.3944918464884616,0.3039940828402367,25.0155321608121,0.32902857142857145,5.8718397007546494,0.42239316152156736,0,129.956
mnist784_pca32 (50c),19,cells,post_none_on,post,none,on,5,50,50,1.0,50,50,0.0,1.1,10,32,825000,1.64159700355363,0.48043656382811745,0.35872781065088755,18.84193424449219,0.3210142857142857,9.344413208675196,0.12896092350923802,0,134.822
mnist784_pca32 (50c),19,cells,post_footprint_off,post,footprint,off,5,50,50,1.0,50,50,0.0,1.1,10,32,825000,2.5198076283965936,0.48381560438387966,0.4073013600572656,24.60129807079293,0.38657142857142857,3.8745676690687643,0.3330886345238475,0,155.925
mnist784_pca32 (50c),19,cells,post_footprint_on,post,footprint,on,5,50,50,1.0,50,50,0.0,1.1,10,32,825000,2.357778450816635,0.4885041150623628,0.3620689655172414,23.814153772183776,0.37174285714285715,4.456348532709626,0.3156425649683486,0,152.319
mnist784_pca32 (50c),19,cells,post_mass_off,post,mass,off,5,50,50,1.0,50,50,0.0,1.1,10,32,825000,2.5061067440640534,0.4907675143667032,0.3858267716535433,24.64680854703828,0.3944857142857143,3.9242942237930483,0.3442808352730846,0,134.594
mnist784_pca32 (50c),19,cells,post_mass_on,post,mass,on,5,50,50,1.0,50,50,0.0,1.1,10,32,825000,2.200258084311183,0.4611574122670167,0.3609467455621302,23.121059914534055,0.3508,5.109214683055268,0.29268171615055044,0,135.553
mnist784_pca32 (50c),19,cells,pre_none_off,pre,none,off,5,50,50,1.0,50,50,0.0,1.1,10,32,825000,2.1886189925022097,0.5170732319806176,0.4489644970414201,24.758108755734963,0.3605857142857143,5.168650173206293,0.33907128537104714,0,134.597
mnist784_pca32 (50c),19,cells,pre_none_on,pre,none,on,5,50,50,1.0,50,50,0.0,1.1,10,32,825000,1.834391704104666,0.48289063257443554,0.3691322901849218,18.867814566925986,0.3218142857142857,7.5164905343950785,0.12941058869868366,0,135.876
mnist784_pca32 (50c),19,cells,pre_footprint_off,pre,footprint,off,5,50,50,1.0,50,50,0.0,1.1,10,32,825000,2.7424573220753317,0.5621179185762187,0.43083275980729524,24.917544957686804,0.4194857142857143,3.3130309637139903,0.29501503166762627,0,159.952
mnist784_pca32 (50c),19,cells,pre_footprint_on,pre,footprint,on,5,50,50,1.0,50,50,0.0,1.1,10,32,825000,1.99324179859368,0.568910819325582,0.4500344589937974,23.65127244079496,0.38152857142857144,6.314534857054975,0.24390735848210054,0,152.932
mnist784_pca32 (50c),19,cells,pre_mass_off,pre,mass,off,5,50,50,1.0,50,50,0.0,1.1,10,32,825000,2.7758274607264983,0.5305362475158549,0.44710144927536233,24.850217640035417,0.41747142857142855,3.225115414543381,0.2989694590647358,0,142.296
mnist784_pca32 (50c),19,cells,pre_mass_on,pre,mass,on,5,50,50,1.0,50,50,0.0,1.1,10,32,825000,1.910170741605849,0.5787572159014891,0.44953471725125266,23.861094977249113,0.374,6.895650195380172,0.25177789791823557,0,137.044
mnist784_pca32 (50c),19,cells,post_fpmask_off,post,fpmask,off,5,50,50,1.0,50,50,0.0,1.1,10,32,825000,2.214117027764768,0.4048864382040454,0.31952662721893493,24.74666903122833,0.34855714285714284,5.047956527844096,0.37317241246293026,0,172.444
mnist784_pca32 (50c),19,cells,post_massmask_off,post,massmask,off,5,50,50,1.0,50,50,0.0,1.1,10,32,825000,2.1325804640138615,0.38868445672675134,0.2992125984251969,24.99274590547431,0.3260142857142857,5.495448230543799,0.4184083902189758,0,141.435
mnist784_pca32 (50c),19,cells,pre_fpmask_off,pre,fpmask,off,5,50,50,1.0,50,50,0.0,1.1,10,32,825000,2.4445836126065634,0.48604080065649036,0.3838896952104499,24.71527468664997,0.36201428571428573,4.1357630553291935,0.334545241739402,0,153.139
mnist784_pca32 (50c),19,cells,pre_massmask_off,pre,massmask,off,5,50,50,1.0,50,50,0.0,1.1,10,32,825000,2.268268429373044,0.49784919663784744,0.38796229151559103,24.74534619928349,0.37482857142857146,4.809552147007463,0.3386650170873191,0,139.678
