source,key,field,prior,new,match,strict
t3_design_space/per_seed_metrics__T9_L1_gf.csv [noES both],cluster_skew_hard|0|post_footprint_on,min_dist,1.0722863305140276,1.0722863305140276,1,1
t3_design_space/per_seed_metrics__T9_L1_gf.csv [noES both],cluster_skew_hard|0|post_footprint_on,mean_acc,0.8640151515151514,0.8640151515151514,1,1
t3_design_space/per_seed_metrics__T9_L1_gf.csv [noES both],cluster_skew_hard|0|post_footprint_on,worst_acc,0.5454545454545454,0.5454545454545454,1,1
t3_design_space/per_seed_metrics__T9_L1_gf.csv [noES both],cluster_skew_hard|0|post_footprint_on,fcm_obj,1.5155735228169367,1.5155735228169367,1,1
t3_design_space/per_seed_metrics__T9_L1_gf.csv [noES both],cluster_skew_hard|1|post_footprint_on,min_dist,7.329268736429699,7.329268736429699,1,1
t3_design_space/per_seed_metrics__T9_L1_gf.csv [noES both],cluster_skew_hard|1|post_footprint_on,mean_acc,1.0,1.0,1,1
t3_design_space/per_seed_metrics__T9_L1_gf.csv [noES both],cluster_skew_hard|1|post_footprint_on,worst_acc,1.0,1.0,1,1
t3_design_space/per_seed_metrics__T9_L1_gf.csv [noES both],cluster_skew_hard|1|post_footprint_on,fcm_obj,1.0089882821359404,1.0089882821359404,1,1
t3_design_space/per_seed_metrics__T9_L1_gf.csv [noES both],cluster_skew_hard|2|post_footprint_on,min_dist,7.2803484427177905,7.2803484427177905,1,1
t3_design_space/per_seed_metrics__T9_L1_gf.csv [noES both],cluster_skew_hard|2|post_footprint_on,mean_acc,1.0,1.0,1,1
t3_design_space/per_seed_metrics__T9_L1_gf.csv [noES both],cluster_skew_hard|2|post_footprint_on,worst_acc,1.0,1.0,1,1
t3_design_space/per_seed_metrics__T9_L1_gf.csv [noES both],cluster_skew_hard|2|post_footprint_on,fcm_obj,1.0486018287150431,1.0486018287150431,1,1
t3_design_space/per_seed_metrics__T9_L1_gf.csv [noES both],cluster_skew_hard|3|post_footprint_on,min_dist,7.121616075831318,7.121616075831318,1,1
t3_design_space/per_seed_metrics__T9_L1_gf.csv [noES both],cluster_skew_hard|3|post_footprint_on,mean_acc,1.0,1.0,1,1
t3_design_space/per_seed_metrics__T9_L1_gf.csv [noES both],cluster_skew_hard|3|post_footprint_on,worst_acc,1.0,1.0,1,1
t3_design_space/per_seed_metrics__T9_L1_gf.csv [noES both],cluster_skew_hard|3|post_footprint_on,fcm_obj,1.0396172402371175,1.0396172402371175,1,1
t3_design_space/per_seed_metrics__T9_L1_gf.csv [noES both],cluster_skew_hard|4|post_footprint_on,min_dist,1.1388977010839956,1.1388977010839956,1,1
t3_design_space/per_seed_metrics__T9_L1_gf.csv [noES both],cluster_skew_hard|4|post_footprint_on,mean_acc,0.8723484848484847,0.8723484848484847,1,1
t3_design_space/per_seed_metrics__T9_L1_gf.csv [noES both],cluster_skew_hard|4|post_footprint_on,worst_acc,0.5545454545454546,0.5545454545454546,1,1
t3_design_space/per_seed_metrics__T9_L1_gf.csv [noES both],cluster_skew_hard|4|post_footprint_on,fcm_obj,1.2192822222206843,1.2192822222206843,1,1
t3_design_space/per_seed_metrics__T9_L1_gf.csv [noES both],cluster_skew_hard|5|post_footprint_on,min_dist,7.359481215227121,7.359481215227121,1,1
t3_design_space/per_seed_metrics__T9_L1_gf.csv [noES both],cluster_skew_hard|5|post_footprint_on,mean_acc,1.0,1.0,1,1
t3_design_space/per_seed_metrics__T9_L1_gf.csv [noES both],cluster_skew_hard|5|post_footprint_on,worst_acc,1.0,1.0,1,1
t3_design_space/per_seed_metrics__T9_L1_gf.csv [noES both],cluster_skew_hard|5|post_footprint_on,fcm_obj,1.0485167970351679,1.0485167970351679,1,1
t3_design_space/per_seed_metrics__T9_L1_gf.csv [noES both],cluster_skew_hard|6|post_footprint_on,min_dist,7.390791642594062,7.390791642594062,1,1
t3_design_space/per_seed_metrics__T9_L1_gf.csv [noES both],cluster_skew_hard|6|post_footprint_on,mean_acc,1.0,1.0,1,1
t3_design_space/per_seed_metrics__T9_L1_gf.csv [noES both],cluster_skew_hard|6|post_footprint_on,worst_acc,1.0,1.0,1,1
t3_design_space/per_seed_metrics__T9_L1_gf.csv [noES both],cluster_skew_hard|6|post_footprint_on,fcm_obj,0.9938078017243976,0.9938078017243976,1,1
t3_design_space/per_seed_metrics__T9_L1_gf.csv [noES both],cluster_skew_hard|7|post_footprint_on,min_dist,7.4696292952784775,7.4696292952784775,1,1
t3_design_space/per_seed_metrics__T9_L1_gf.csv [noES both],cluster_skew_hard|7|post_footprint_on,mean_acc,1.0,1.0,1,1
t3_design_space/per_seed_metrics__T9_L1_gf.csv [noES both],cluster_skew_hard|7|post_footprint_on,worst_acc,1.0,1.0,1,1
t3_design_space/per_seed_metrics__T9_L1_gf.csv [noES both],cluster_skew_hard|7|post_footprint_on,fcm_obj,1.0239451734011131,1.0239451734011131,1,1
t3_design_space/per_seed_metrics__T9_L1_gf.csv [noES both],cluster_skew_hard|8|post_footprint_on,min_dist,1.0758977356478554,1.0758977356478554,1,1
t3_design_space/per_seed_metrics__T9_L1_gf.csv [noES both],cluster_skew_hard|8|post_footprint_on,mean_acc,0.8727272727272726,0.8727272727272726,1,1
t3_design_space/per_seed_metrics__T9_L1_gf.csv [noES both],cluster_skew_hard|8|post_footprint_on,worst_acc,0.5363636363636364,0.5363636363636364,1,1
t3_design_space/per_seed_metrics__T9_L1_gf.csv [noES both],cluster_skew_hard|8|post_footprint_on,fcm_obj,1.3398344531849238,1.3398344531849238,1,1
t3_design_space/per_seed_metrics__T9_L1_gf.csv [noES both],cluster_skew_hard|9|post_footprint_on,min_dist,7.29502480068557,7.29502480068557,1,1
t3_design_space/per_seed_metrics__T9_L1_gf.csv [noES both],cluster_skew_hard|9|post_footprint_on,mean_acc,1.0,1.0,1,1
t3_design_space/per_seed_metrics__T9_L1_gf.csv [noES both],cluster_skew_hard|9|post_footprint_on,worst_acc,1.0,1.0,1,1
t3_design_space/per_seed_metrics__T9_L1_gf.csv [noES both],cluster_skew_hard|9|post_footprint_on,fcm_obj,1.071147510498638,1.071147510498638,1,1
t3_design_space/per_seed_metrics__T9_L1_gf.csv [noES both],cluster_skew_overlap|0|post_footprint_on,min_dist,4.222908398087146,4.222908398087146,1,1
t3_design_space/per_seed_metrics__T9_L1_gf.csv [noES both],cluster_skew_overlap|0|post_footprint_on,mean_acc,0.8446969696969697,0.8446969696969697,1,1
t3_design_space/per_seed_metrics__T9_L1_gf.csv [noES both],cluster_skew_overlap|0|post_footprint_on,worst_acc,0.7909090909090909,0.7909090909090909,1,1
t3_design_space/per_seed_metrics__T9_L1_gf.csv [noES both],cluster_skew_overlap|0|post_footprint_on,fcm_obj,2.059967076824794,2.059967076824794,1,1
t3_design_space/per_seed_metrics__T9_L1_gf.csv [noES both],cluster_skew_overlap|1|post_footprint_on,min_dist,4.206975221296046,4.206975221296046,1,1
t3_design_space/per_seed_metrics__T9_L1_gf.csv [noES both],cluster_skew_overlap|1|post_footprint_on,mean_acc,0.8454545454545456,0.8454545454545456,1,1
t3_design_space/per_seed_metrics__T9_L1_gf.csv [noES both],cluster_skew_overlap|1|post_footprint_on,worst_acc,0.7909090909090909,0.7909090909090909,1,1
t3_design_space/per_seed_metrics__T9_L1_gf.csv [noES both],cluster_skew_overlap|1|post_footprint_on,fcm_obj,2.013008714790409,2.013008714790409,1,1
t3_design_space/per_seed_metrics__T9_L1_gf.csv [noES both],cluster_skew_overlap|2|post_footprint_on,min_dist,4.227978564128545,4.227978564128545,1,1
t3_design_space/per_seed_metrics__T9_L1_gf.csv [noES both],cluster_skew_overlap|2|post_footprint_on,mean_acc,0.8443181818181817,0.8443181818181817,1,1
t3_design_space/per_seed_metrics__T9_L1_gf.csv [noES both],cluster_skew_overlap|2|post_footprint_on,worst_acc,0.7954545454545454,0.7954545454545454,1,1
t3_design_space/per_seed_metrics__T9_L1_gf.csv [noES both],cluster_skew_overlap|2|post_footprint_on,fcm_obj,2.0807514435032566,2.0807514435032566,1,1
t3_design_space/per_seed_metrics__T9_L1_gf.csv [noES both],cluster_skew_overlap|3|post_footprint_on,min_dist,4.317544079683218,4.317544079683218,1,1
t3_design_space/per_seed_metrics__T9_L1_gf.csv [noES both],cluster_skew_overlap|3|post_footprint_on,mean_acc,0.8378787878787879,0.8378787878787879,1,1
t3_design_space/per_seed_metrics__T9_L1_gf.csv [noES both],cluster_skew_overlap|3|post_footprint_on,worst_acc,0.7818181818181819,0.7818181818181819,1,1
t3_design_space/per_seed_metrics__T9_L1_gf.csv [noES both],cluster_skew_overlap|3|post_footprint_on,fcm_obj,2.0489617105072284,2.0489617105072284,1,1
t3_design_space/per_seed_metrics__T9_L1_gf.csv [noES both],cluster_skew_overlap|4|post_footprint_on,min_dist,4.351019102693457,4.351019102693457,1,1
t3_design_space/per_seed_metrics__T9_L1_gf.csv [noES both],cluster_skew_overlap|4|post_footprint_on,mean_acc,0.8458333333333332,0.8458333333333332,1,1
t3_design_space/per_seed_metrics__T9_L1_gf.csv [noES both],cluster_skew_overlap|4|post_footprint_on,worst_acc,0.759090909090909,0.759090909090909,1,1
t3_design_space/per_seed_metrics__T9_L1_gf.csv [noES both],cluster_skew_overlap|4|post_footprint_on,fcm_obj,2.1350024828880945,2.1350024828880945,1,1
t3_design_space/per_seed_metrics__T9_L1_gf.csv [noES both],cluster_skew_overlap|5|post_footprint_on,min_dist,4.259849211297197,4.259849211297197,1,1
t3_design_space/per_seed_metrics__T9_L1_gf.csv [noES both],cluster_skew_overlap|5|post_footprint_on,mean_acc,0.846969696969697,0.846969696969697,1,1
t3_design_space/per_seed_metrics__T9_L1_gf.csv [noES both],cluster_skew_overlap|5|post_footprint_on,worst_acc,0.75,0.75,1,1
t3_design_space/per_seed_metrics__T9_L1_gf.csv [noES both],cluster_skew_overlap|5|post_footprint_on,fcm_obj,2.0701741367198223,2.0701741367198223,1,1
t3_design_space/per_seed_metrics__T9_L1_gf.csv [noES both],cluster_skew_overlap|6|post_footprint_on,min_dist,4.312251912041328,4.312251912041328,1,1
t3_design_space/per_seed_metrics__T9_L1_gf.csv [noES both],cluster_skew_overlap|6|post_footprint_on,mean_acc,0.8659090909090909,0.8659090909090909,1,1
t3_design_space/per_seed_metrics__T9_L1_gf.csv [noES both],cluster_skew_overlap|6|post_footprint_on,worst_acc,0.8090909090909091,0.8090909090909091,1,1
t3_design_space/per_seed_metrics__T9_L1_gf.csv [noES both],cluster_skew_overlap|6|post_footprint_on,fcm_obj,2.0221448910577786,2.0221448910577786,1,1
t3_design_space/per_seed_metrics__T9_L1_gf.csv [noES both],cluster_skew_overlap|7|post_footprint_on,min_dist,4.254595335868763,4.254595335868763,1,1
t3_design_space/per_seed_metrics__T9_L1_gf.csv [noES both],cluster_skew_overlap|7|post_footprint_on,mean_acc,0.8462121212121213,0.8462121212121213,1,1
t3_design_space/per_seed_metrics__T9_L1_gf.csv [noES both],cluster_skew_overlap|7|post_footprint_on,worst_acc,0.7772727272727272,0.7772727272727272,1,1
t3_design_space/per_seed_metrics__T9_L1_gf.csv [noES both],cluster_skew_overlap|7|post_footprint_on,fcm_obj,2.028084201632916,2.028084201632916,1,1
t3_design_space/per_seed_metrics__T9_L1_gf.csv [noES both],cluster_skew_overlap|8|post_footprint_on,min_dist,4.125523012436391,4.125523012436391,1,1
t3_design_space/per_seed_metrics__T9_L1_gf.csv [noES both],cluster_skew_overlap|8|post_footprint_on,mean_acc,0.8465909090909091,0.8465909090909091,1,1
t3_design_space/per_seed_metrics__T9_L1_gf.csv [noES both],cluster_skew_overlap|8|post_footprint_on,worst_acc,0.8045454545454546,0.8045454545454546,1,1
t3_design_space/per_seed_metrics__T9_L1_gf.csv [noES both],cluster_skew_overlap|8|post_footprint_on,fcm_obj,2.0611183322696296,2.0611183322696296,1,1
t3_design_space/per_seed_metrics__T9_L1_gf.csv [noES both],cluster_skew_overlap|9|post_footprint_on,min_dist,4.304997553355719,4.304997553355719,1,1
t3_design_space/per_seed_metrics__T9_L1_gf.csv [noES both],cluster_skew_overlap|9|post_footprint_on,mean_acc,0.8363636363636363,0.8363636363636363,1,1
t3_design_space/per_seed_metrics__T9_L1_gf.csv [noES both],cluster_skew_overlap|9|post_footprint_on,worst_acc,0.759090909090909,0.759090909090909,1,1
t3_design_space/per_seed_metrics__T9_L1_gf.csv [noES both],cluster_skew_overlap|9|post_footprint_on,fcm_obj,2.0848844380506133,2.0848844380506133,1,1
t3_design_space/per_seed_metrics__T9_L1_gf.csv [noES both],dirichlet_0.03|0|post_footprint_on,min_dist,6.706299580960239,6.706299580960239,1,1
t3_design_space/per_seed_metrics__T9_L1_gf.csv [noES both],dirichlet_0.03|0|post_footprint_on,mean_acc,1.0,1.0,1,1
t3_design_space/per_seed_metrics__T9_L1_gf.csv [noES both],dirichlet_0.03|0|post_footprint_on,worst_acc,1.0,1.0,1,1
t3_design_space/per_seed_metrics__T9_L1_gf.csv [noES both],dirichlet_0.03|0|post_footprint_on,fcm_obj,1.0436960990552127,1.0436960990552127,1,1
t3_design_space/per_seed_metrics__T9_L1_gf.csv [noES both],dirichlet_0.03|1|post_footprint_on,min_dist,7.118466280440441,7.118466280440441,1,1
t3_design_space/per_seed_metrics__T9_L1_gf.csv [noES both],dirichlet_0.03|1|post_footprint_on,mean_acc,1.0,1.0,1,1
t3_design_space/per_seed_metrics__T9_L1_gf.csv [noES both],dirichlet_0.03|1|post_footprint_on,worst_acc,1.0,1.0,1,1
t3_design_space/per_seed_metrics__T9_L1_gf.csv [noES both],dirichlet_0.03|1|post_footprint_on,fcm_obj,1.0214399395410285,1.0214399395410285,1,1
t3_design_space/per_seed_metrics__T9_L1_gf.csv [noES both],dirichlet_0.03|2|post_footprint_on,min_dist,7.2644612582038794,7.2644612582038794,1,1
t3_design_space/per_seed_metrics__T9_L1_gf.csv [noES both],dirichlet_0.03|2|post_footprint_on,mean_acc,1.0,1.0,1,1
t3_design_space/per_seed_metrics__T9_L1_gf.csv [noES both],dirichlet_0.03|2|post_footprint_on,worst_acc,1.0,1.0,1,1
t3_design_space/per_seed_metrics__T9_L1_gf.csv [noES both],dirichlet_0.03|2|post_footprint_on,fcm_obj,1.0740801945342051,1.0740801945342051,1,1
t3_design_space/per_seed_metrics__T9_L1_gf.csv [noES both],dirichlet_0.03|3|post_footprint_on,min_dist,6.455254634636243,6.455254634636243,1,1
t3_design_space/per_seed_metrics__T9_L1_gf.csv [noES both],dirichlet_0.03|3|post_footprint_on,mean_acc,1.0,1.0,1,1
t3_design_space/per_seed_metrics__T9_L1_gf.csv [noES both],dirichlet_0.03|3|post_footprint_on,worst_acc,1.0,1.0,1,1
t3_design_space/per_seed_metrics__T9_L1_gf.csv [noES both],dirichlet_0.03|3|post_footprint_on,fcm_obj,1.0883700340555906,1.0883700340555906,1,1
t3_design_space/per_seed_metrics__T9_L1_gf.csv [noES both],dirichlet_0.03|4|post_footprint_on,min_dist,7.118509116937064,7.118509116937064,1,1
t3_design_space/per_seed_metrics__T9_L1_gf.csv [noES both],dirichlet_0.03|4|post_footprint_on,mean_acc,1.0,1.0,1,1
t3_design_space/per_seed_metrics__T9_L1_gf.csv [noES both],dirichlet_0.03|4|post_footprint_on,worst_acc,1.0,1.0,1,1
t3_design_space/per_seed_metrics__T9_L1_gf.csv [noES both],dirichlet_0.03|4|post_footprint_on,fcm_obj,1.0619212308150356,1.0619212308150356,1,1
t3_design_space/per_seed_metrics__T9_L1_gf.csv [noES both],dirichlet_0.03|5|post_footprint_on,min_dist,7.261401460849661,7.261401460849661,1,1
t3_design_space/per_seed_metrics__T9_L1_gf.csv [noES both],dirichlet_0.03|5|post_footprint_on,mean_acc,1.0,1.0,1,1
t3_design_space/per_seed_metrics__T9_L1_gf.csv [noES both],dirichlet_0.03|5|post_footprint_on,worst_acc,1.0,1.0,1,1
t3_design_space/per_seed_metrics__T9_L1_gf.csv [noES both],dirichlet_0.03|5|post_footprint_on,fcm_obj,1.0343348402654238,1.0343348402654238,1,1
t3_design_space/per_seed_metrics__T9_L1_gf.csv [noES both],dirichlet_0.03|6|post_footprint_on,min_dist,7.191103389575492,7.191103389575492,1,1
t3_design_space/per_seed_metrics__T9_L1_gf.csv [noES both],dirichlet_0.03|6|post_footprint_on,mean_acc,1.0,1.0,1,1
t3_design_space/per_seed_metrics__T9_L1_gf.csv [noES both],dirichlet_0.03|6|post_footprint_on,worst_acc,1.0,1.0,1,1
t3_design_space/per_seed_metrics__T9_L1_gf.csv [noES both],dirichlet_0.03|6|post_footprint_on,fcm_obj,1.0610470279000614,1.0610470279000614,1,1
t3_design_space/per_seed_metrics__T9_L1_gf.csv [noES both],dirichlet_0.03|7|post_footprint_on,min_dist,7.374023876289422,7.374023876289422,1,1
t3_design_space/per_seed_metrics__T9_L1_gf.csv [noES both],dirichlet_0.03|7|post_footprint_on,mean_acc,1.0,1.0,1,1
t3_design_space/per_seed_metrics__T9_L1_gf.csv [noES both],dirichlet_0.03|7|post_footprint_on,worst_acc,1.0,1.0,1,1
t3_design_space/per_seed_metrics__T9_L1_gf.csv [noES both],dirichlet_0.03|7|post_footprint_on,fcm_obj,1.031801674602868,1.031801674602868,1,1
t3_design_space/per_seed_metrics__T9_L1_gf.csv [noES both],dirichlet_0.03|8|post_footprint_on,min_dist,7.096944788917875,7.096944788917875,1,1
t3_design_space/per_seed_metrics__T9_L1_gf.csv [noES both],dirichlet_0.03|8|post_footprint_on,mean_acc,1.0,1.0,1,1
t3_design_space/per_seed_metrics__T9_L1_gf.csv [noES both],dirichlet_0.03|8|post_footprint_on,worst_acc,1.0,1.0,1,1
t3_design_space/per_seed_metrics__T9_L1_gf.csv [noES both],dirichlet_0.03|8|post_footprint_on,fcm_obj,1.0449415418364825,1.0449415418364825,1,1
t3_design_space/per_seed_metrics__T9_L1_gf.csv [noES both],dirichlet_0.03|9|post_footprint_on,min_dist,7.060886310526556,7.060886310526556,1,1
t3_design_space/per_seed_metrics__T9_L1_gf.csv [noES both],dirichlet_0.03|9|post_footprint_on,mean_acc,1.0,1.0,1,1
t3_design_space/per_seed_metrics__T9_L1_gf.csv [noES both],dirichlet_0.03|9|post_footprint_on,worst_acc,1.0,1.0,1,1
t3_design_space/per_seed_metrics__T9_L1_gf.csv [noES both],dirichlet_0.03|9|post_footprint_on,fcm_obj,1.06329558107285,1.06329558107285,1,1
t3_design_space/per_seed_metrics__T9_L1_gf.csv [noES both],dirichlet_0.1|0|post_footprint_on,min_dist,7.257495715122796,7.257495715122796,1,1
t3_design_space/per_seed_metrics__T9_L1_gf.csv [noES both],dirichlet_0.1|0|post_footprint_on,mean_acc,1.0,1.0,1,1
t3_design_space/per_seed_metrics__T9_L1_gf.csv [noES both],dirichlet_0.1|0|post_footprint_on,worst_acc,1.0,1.0,1,1
t3_design_space/per_seed_metrics__T9_L1_gf.csv [noES both],dirichlet_0.1|0|post_footprint_on,fcm_obj,1.0278457309589166,1.0278457309589166,1,1
t3_design_space/per_seed_metrics__T9_L1_gf.csv [noES both],dirichlet_0.1|1|post_footprint_on,min_dist,7.442739457694417,7.442739457694417,1,1
t3_design_space/per_seed_metrics__T9_L1_gf.csv [noES both],dirichlet_0.1|1|post_footprint_on,mean_acc,1.0,1.0,1,1
t3_design_space/per_seed_metrics__T9_L1_gf.csv [noES both],dirichlet_0.1|1|post_footprint_on,worst_acc,1.0,1.0,1,1
t3_design_space/per_seed_metrics__T9_L1_gf.csv [noES both],dirichlet_0.1|1|post_footprint_on,fcm_obj,1.001561206229091,1.001561206229091,1,1
t3_design_space/per_seed_metrics__T9_L1_gf.csv [noES both],dirichlet_0.1|2|post_footprint_on,min_dist,1.231240977378957,1.231240977378957,1,1
t3_design_space/per_seed_metrics__T9_L1_gf.csv [noES both],dirichlet_0.1|2|post_footprint_on,mean_acc,0.8446969696969698,0.8446969696969698,1,1
t3_design_space/per_seed_metrics__T9_L1_gf.csv [noES both],dirichlet_0.1|2|post_footprint_on,worst_acc,0.55,0.55,1,1
t3_design_space/per_seed_metrics__T9_L1_gf.csv [noES both],dirichlet_0.1|2|post_footprint_on,fcm_obj,2.120068821275223,2.120068821275223,1,1
t3_design_space/per_seed_metrics__T9_L1_gf.csv [noES both],dirichlet_0.1|3|post_footprint_on,min_dist,7.286912073238044,7.286912073238044,1,1
t3_design_space/per_seed_metrics__T9_L1_gf.csv [noES both],dirichlet_0.1|3|post_footprint_on,mean_acc,1.0,1.0,1,1
t3_design_space/per_seed_metrics__T9_L1_gf.csv [noES both],dirichlet_0.1|3|post_footprint_on,worst_acc,1.0,1.0,1,1
t3_design_space/per_seed_metrics__T9_L1_gf.csv [noES both],dirichlet_0.1|3|post_footprint_on,fcm_obj,1.044059553890217,1.044059553890217,1,1
t3_design_space/per_seed_metrics__T9_L1_gf.csv [noES both],dirichlet_0.1|4|post_footprint_on,min_dist,1.3272205077301675,1.3272205077301675,1,1
t3_design_space/per_seed_metrics__T9_L1_gf.csv [noES both],dirichlet_0.1|4|post_footprint_on,mean_acc,0.9060606060606061,0.9060606060606061,1,1
t3_design_space/per_seed_metrics__T9_L1_gf.csv [noES both],dirichlet_0.1|4|post_footprint_on,worst_acc,0.5727272727272728,0.5727272727272728,1,1
t3_design_space/per_seed_metrics__T9_L1_gf.csv [noES both],dirichlet_0.1|4|post_footprint_on,fcm_obj,1.579620221784466,1.579620221784466,1,1
t3_design_space/per_seed_metrics__T9_L1_gf.csv [noES both],dirichlet_0.1|5|post_footprint_on,min_dist,6.787413707135026,6.787413707135026,1,1
t3_design_space/per_seed_metrics__T9_L1_gf.csv [noES both],dirichlet_0.1|5|post_footprint_on,mean_acc,1.0,1.0,1,1
t3_design_space/per_seed_metrics__T9_L1_gf.csv [noES both],dirichlet_0.1|5|post_footprint_on,worst_acc,1.0,1.0,1,1
t3_design_space/per_seed_metrics__T9_L1_gf.csv [noES both],dirichlet_0.1|5|post_footprint_on,fcm_obj,1.0398586585000507,1.0398586585000507,1,1
t3_design_space/per_seed_metrics__T9_L1_gf.csv [noES both],dirichlet_0.1|6|post_footprint_on,min_dist,7.304215145721172,7.304215145721172,1,1
t3_design_space/per_seed_metrics__T9_L1_gf.csv [noES both],dirichlet_0.1|6|post_footprint_on,mean_acc,1.0,1.0,1,1
t3_design_space/per_seed_metrics__T9_L1_gf.csv [noES both],dirichlet_0.1|6|post_footprint_on,worst_acc,1.0,1.0,1,1
t3_design_space/per_seed_metrics__T9_L1_gf.csv [noES both],dirichlet_0.1|6|post_footprint_on,fcm_obj,1.0077883141102564,1.0077883141102564,1,1
t3_design_space/per_seed_metrics__T9_L1_gf.csv [noES both],dirichlet_0.1|7|post_footprint_on,min_dist,7.325295859736952,7.325295859736952,1,1
t3_design_space/per_seed_metrics__T9_L1_gf.csv [noES both],dirichlet_0.1|7|post_footprint_on,mean_acc,1.0,1.0,1,1
t3_design_space/per_seed_metrics__T9_L1_gf.csv [noES both],dirichlet_0.1|7|post_footprint_on,worst_acc,1.0,1.0,1,1
t3_design_space/per_seed_metrics__T9_L1_gf.csv [noES both],dirichlet_0.1|7|post_footprint_on,fcm_obj,1.0251288012129132,1.0251288012129132,1,1
t3_design_space/per_seed_metrics__T9_L1_gf.csv [noES both],dirichlet_0.1|8|post_footprint_on,min_dist,7.128116482719328,7.128116482719328,1,1
t3_design_space/per_seed_metrics__T9_L1_gf.csv [noES both],dirichlet_0.1|8|post_footprint_on,mean_acc,1.0,1.0,1,1
t3_design_space/per_seed_metrics__T9_L1_gf.csv [noES both],dirichlet_0.1|8|post_footprint_on,worst_acc,1.0,1.0,1,1
t3_design_space/per_seed_metrics__T9_L1_gf.csv [noES both],dirichlet_0.1|8|post_footprint_on,fcm_obj,1.026801743046103,1.026801743046103,1,1
t3_design_space/per_seed_metrics__T9_L1_gf.csv [noES both],dirichlet_0.1|9|post_footprint_on,min_dist,1.1818827376113339,1.1818827376113339,1,1
t3_design_space/per_seed_metrics__T9_L1_gf.csv [noES both],dirichlet_0.1|9|post_footprint_on,mean_acc,0.8215909090909091,0.8215909090909091,1,1
t3_design_space/per_seed_metrics__T9_L1_gf.csv [noES both],dirichlet_0.1|9|post_footprint_on,worst_acc,0.5727272727272728,0.5727272727272728,1,1
t3_design_space/per_seed_metrics__T9_L1_gf.csv [noES both],dirichlet_0.1|9|post_footprint_on,fcm_obj,2.221144005192289,2.221144005192289,1,1
t3_design_space/per_seed_metrics__T9_L1_gf.csv [noES both],overlap_noise|0|post_footprint_on,min_dist,4.876508153024362,4.876508153024362,1,1
t3_design_space/per_seed_metrics__T9_L1_gf.csv [noES both],overlap_noise|0|post_footprint_on,mean_acc,0.8988636363636363,0.8988636363636363,1,1
t3_design_space/per_seed_metrics__T9_L1_gf.csv [noES both],overlap_noise|0|post_footprint_on,worst_acc,0.85,0.85,1,1
t3_design_space/per_seed_metrics__T9_L1_gf.csv [noES both],overlap_noise|0|post_footprint_on,fcm_obj,2.297502983125175,2.297502983125175,1,1
t3_design_space/per_seed_metrics__T9_L1_gf.csv [noES both],overlap_noise|1|post_footprint_on,min_dist,4.919089576652896,4.919089576652896,1,1
t3_design_space/per_seed_metrics__T9_L1_gf.csv [noES both],overlap_noise|1|post_footprint_on,mean_acc,0.9071969696969697,0.9071969696969697,1,1
t3_design_space/per_seed_metrics__T9_L1_gf.csv [noES both],overlap_noise|1|post_footprint_on,worst_acc,0.8863636363636364,0.8863636363636364,1,1
t3_design_space/per_seed_metrics__T9_L1_gf.csv [noES both],overlap_noise|1|post_footprint_on,fcm_obj,2.331379195190024,2.331379195190024,1,1
t3_design_space/per_seed_metrics__T9_L1_gf.csv [noES both],overlap_noise|2|post_footprint_on,min_dist,4.852989623029885,4.852989623029885,1,1
t3_design_space/per_seed_metrics__T9_L1_gf.csv [noES both],overlap_noise|2|post_footprint_on,mean_acc,0.9003787878787879,0.9003787878787879,1,1
t3_design_space/per_seed_metrics__T9_L1_gf.csv [noES both],overlap_noise|2|post_footprint_on,worst_acc,0.8818181818181818,0.8818181818181818,1,1
t3_design_space/per_seed_metrics__T9_L1_gf.csv [noES both],overlap_noise|2|post_footprint_on,fcm_obj,2.25870030625687,2.25870030625687,1,1
t3_design_space/per_seed_metrics__T9_L1_gf.csv [noES both],overlap_noise|3|post_footprint_on,min_dist,4.971652787060517,4.971652787060517,1,1
t3_design_space/per_seed_metrics__T9_L1_gf.csv [noES both],overlap_noise|3|post_footprint_on,mean_acc,0.8962121212121213,0.8962121212121213,1,1
t3_design_space/per_seed_metrics__T9_L1_gf.csv [noES both],overlap_noise|3|post_footprint_on,worst_acc,0.8727272727272727,0.8727272727272727,1,1
t3_design_space/per_seed_metrics__T9_L1_gf.csv [noES both],overlap_noise|3|post_footprint_on,fcm_obj,2.347991632095475,2.347991632095475,1,1
t3_design_space/per_seed_metrics__T9_L1_gf.csv [noES both],overlap_noise|4|post_footprint_on,min_dist,5.000154442754439,5.000154442754439,1,1
t3_design_space/per_seed_metrics__T9_L1_gf.csv [noES both],overlap_noise|4|post_footprint_on,mean_acc,0.9053030303030303,0.9053030303030303,1,1
t3_design_space/per_seed_metrics__T9_L1_gf.csv [noES both],overlap_noise|4|post_footprint_on,worst_acc,0.8727272727272727,0.8727272727272727,1,1
t3_design_space/per_seed_metrics__T9_L1_gf.csv [noES both],overlap_noise|4|post_footprint_on,fcm_obj,2.4011762321959664,2.4011762321959664,1,1
t3_design_space/per_seed_metrics__T9_L1_gf.csv [noES both],overlap_noise|5|post_footprint_on,min_dist,4.703551001371142,4.703551001371142,1,1
t3_design_space/per_seed_metrics__T9_L1_gf.csv [noES both],overlap_noise|5|post_footprint_on,mean_acc,0.9007575757575759,0.9007575757575759,1,1
t3_design_space/per_seed_metrics__T9_L1_gf.csv [noES both],overlap_noise|5|post_footprint_on,worst_acc,0.8727272727272727,0.8727272727272727,1,1
t3_design_space/per_seed_metrics__T9_L1_gf.csv [noES both],overlap_noise|5|post_footprint_on,fcm_obj,2.314161504757672,2.314161504757672,1,1
t3_design_space/per_seed_metrics__T9_L1_gf.csv [noES both],overlap_noise|6|post_footprint_on,min_dist,2.1777881883288286,2.1777881883288286,1,1
t3_design_space/per_seed_metrics__T9_L1_gf.csv [noES both],overlap_noise|6|post_footprint_on,mean_acc,0.6791666666666667,0.6791666666666667,1,1
t3_design_space/per_seed_metrics__T9_L1_gf.csv [noES both],overlap_noise|6|post_footprint_on,worst_acc,0.5,0.5,1,1
t3_design_space/per_seed_metrics__T9_L1_gf.csv [noES both],overlap_noise|6|post_footprint_on,fcm_obj,2.6829375440986842,2.6829375440986842,1,1
t3_design_space/per_seed_metrics__T9_L1_gf.csv [noES both],overlap_noise|7|post_footprint_on,min_dist,5.054996804618119,5.054996804618119,1,1
t3_design_space/per_seed_metrics__T9_L1_gf.csv [noES both],overlap_noise|7|post_footprint_on,mean_acc,0.9022727272727272,0.9022727272727272,1,1
t3_design_space/per_seed_metrics__T9_L1_gf.csv [noES both],overlap_noise|7|post_footprint_on,worst_acc,0.8727272727272727,0.8727272727272727,1,1
t3_design_space/per_seed_metrics__T9_L1_gf.csv [noES both],overlap_noise|7|post_footprint_on,fcm_obj,2.352719476926595,2.352719476926595,1,1
t3_design_space/per_seed_metrics__T9_L1_gf.csv [noES both],overlap_noise|8|post_footprint_on,min_dist,5.006547425482204,5.006547425482204,1,1
t3_design_space/per_seed_metrics__T9_L1_gf.csv [noES both],overlap_noise|8|post_footprint_on,mean_acc,0.9015151515151514,0.9015151515151514,1,1
t3_design_space/per_seed_metrics__T9_L1_gf.csv [noES both],overlap_noise|8|post_footprint_on,worst_acc,0.8727272727272727,0.8727272727272727,1,1
t3_design_space/per_seed_metrics__T9_L1_gf.csv [noES both],overlap_noise|8|post_footprint_on,fcm_obj,2.25394250104634,2.25394250104634,1,1
t3_design_space/per_seed_metrics__T9_L1_gf.csv [noES both],overlap_noise|9|post_footprint_on,min_dist,5.0115378104127055,5.0115378104127055,1,1
t3_design_space/per_seed_metrics__T9_L1_gf.csv [noES both],overlap_noise|9|post_footprint_on,mean_acc,0.9113636363636363,0.9113636363636363,1,1
t3_design_space/per_seed_metrics__T9_L1_gf.csv [noES both],overlap_noise|9|post_footprint_on,worst_acc,0.8863636363636364,0.8863636363636364,1,1
t3_design_space/per_seed_metrics__T9_L1_gf.csv [noES both],overlap_noise|9|post_footprint_on,fcm_obj,2.3964511083816893,2.3964511083816893,1,1
t3_design_space/per_seed_metrics__T9_L1_gf.csv [noES both],quantity_skew_extreme|0|post_footprint_on,min_dist,7.4836214425211525,7.4836214425211525,1,1
t3_design_space/per_seed_metrics__T9_L1_gf.csv [noES both],quantity_skew_extreme|0|post_footprint_on,mean_acc,1.0,1.0,1,1
t3_design_space/per_seed_metrics__T9_L1_gf.csv [noES both],quantity_skew_extreme|0|post_footprint_on,worst_acc,1.0,1.0,1,1
t3_design_space/per_seed_metrics__T9_L1_gf.csv [noES both],quantity_skew_extreme|0|post_footprint_on,fcm_obj,1.021536701943661,1.021536701943661,1,1
t3_design_space/per_seed_metrics__T9_L1_gf.csv [noES both],quantity_skew_extreme|1|post_footprint_on,min_dist,7.331197581823508,7.331197581823508,1,1
t3_design_space/per_seed_metrics__T9_L1_gf.csv [noES both],quantity_skew_extreme|1|post_footprint_on,mean_acc,1.0,1.0,1,1
t3_design_space/per_seed_metrics__T9_L1_gf.csv [noES both],quantity_skew_extreme|1|post_footprint_on,worst_acc,1.0,1.0,1,1
t3_design_space/per_seed_metrics__T9_L1_gf.csv [noES both],quantity_skew_extreme|1|post_footprint_on,fcm_obj,1.0068601136187483,1.0068601136187483,1,1
t3_design_space/per_seed_metrics__T9_L1_gf.csv [noES both],quantity_skew_extreme|2|post_footprint_on,min_dist,1.1667511416509904,1.1667511416509904,1,1
t3_design_space/per_seed_metrics__T9_L1_gf.csv [noES both],quantity_skew_extreme|2|post_footprint_on,mean_acc,0.8205664905340367,0.8205664905340367,1,1
t3_design_space/per_seed_metrics__T9_L1_gf.csv [noES both],quantity_skew_extreme|2|post_footprint_on,worst_acc,0.517799352750809,0.517799352750809,1,1
t3_design_space/per_seed_metrics__T9_L1_gf.csv [noES both],quantity_skew_extreme|2|post_footprint_on,fcm_obj,1.587492261990713,1.587492261990713,1,1
t3_design_space/per_seed_metrics__T9_L1_gf.csv [noES both],quantity_skew_extreme|3|post_footprint_on,min_dist,1.058880307086399,1.058880307086399,1,1
t3_design_space/per_seed_metrics__T9_L1_gf.csv [noES both],quantity_skew_extreme|3|post_footprint_on,mean_acc,0.8651859778999755,0.8651859778999755,1,1
t3_design_space/per_seed_metrics__T9_L1_gf.csv [noES both],quantity_skew_extreme|3|post_footprint_on,worst_acc,0.5552699228791774,0.5552699228791774,1,1
t3_design_space/per_seed_metrics__T9_L1_gf.csv [noES both],quantity_skew_extreme|3|post_footprint_on,fcm_obj,2.1901399605927687,2.1901399605927687,1,1
t3_design_space/per_seed_metrics__T9_L1_gf.csv [noES both],quantity_skew_extreme|4|post_footprint_on,min_dist,0.977036783392166,0.977036783392166,1,1
t3_design_space/per_seed_metrics__T9_L1_gf.csv [noES both],quantity_skew_extreme|4|post_footprint_on,mean_acc,0.9147428416748022,0.9147428416748022,1,1
t3_design_space/per_seed_metrics__T9_L1_gf.csv [noES both],quantity_skew_extreme|4|post_footprint_on,worst_acc,0.686734693877551,0.686734693877551,1,1
t3_design_space/per_seed_metrics__T9_L1_gf.csv [noES both],quantity_skew_extreme|4|post_footprint_on,fcm_obj,2.9697003995671074,2.9697003995671074,1,1
t3_design_space/per_seed_metrics__T9_L1_gf.csv [noES both],quantity_skew_extreme|5|post_footprint_on,min_dist,1.452541504081748,1.452541504081748,1,1
t3_design_space/per_seed_metrics__T9_L1_gf.csv [noES both],quantity_skew_extreme|5|post_footprint_on,mean_acc,0.8727209457708344,0.8727209457708344,1,1
t3_design_space/per_seed_metrics__T9_L1_gf.csv [noES both],quantity_skew_extreme|5|post_footprint_on,worst_acc,0.5714285714285714,0.5714285714285714,1,1
t3_design_space/per_seed_metrics__T9_L1_gf.csv [noES both],quantity_skew_extreme|5|post_footprint_on,fcm_obj,3.072911253658367,3.072911253658367,1,1
t3_design_space/per_seed_metrics__T9_L1_gf.csv [noES both],quantity_skew_extreme|6|post_footprint_on,min_dist,7.323942749706985,7.323942749706985,1,1
t3_design_space/per_seed_metrics__T9_L1_gf.csv [noES both],quantity_skew_extreme|6|post_footprint_on,mean_acc,1.0,1.0,1,1
t3_design_space/per_seed_metrics__T9_L1_gf.csv [noES both],quantity_skew_extreme|6|post_footprint_on,worst_acc,1.0,1.0,1,1
t3_design_space/per_seed_metrics__T9_L1_gf.csv [noES both],quantity_skew_extreme|6|post_footprint_on,fcm_obj,1.0128531953122653,1.0128531953122653,1,1
t3_design_space/per_seed_metrics__T9_L1_gf.csv [noES both],quantity_skew_extreme|7|post_footprint_on,min_dist,1.0750866301586652,1.0750866301586652,1,1
t3_design_space/per_seed_metrics__T9_L1_gf.csv [noES both],quantity_skew_extreme|7|post_footprint_on,mean_acc,0.8329432622235481,0.8329432622235481,1,1
t3_design_space/per_seed_metrics__T9_L1_gf.csv [noES both],quantity_skew_extreme|7|post_footprint_on,worst_acc,0.596401028277635,0.596401028277635,1,1
t3_design_space/per_seed_metrics__T9_L1_gf.csv [noES both],quantity_skew_extreme|7|post_footprint_on,fcm_obj,0.9023883335796575,0.9023883335796575,1,1
t3_design_space/per_seed_metrics__T9_L1_gf.csv [noES both],quantity_skew_extreme|8|post_footprint_on,min_dist,7.393399011583144,7.393399011583144,1,1
t3_design_space/per_seed_metrics__T9_L1_gf.csv [noES both],quantity_skew_extreme|8|post_footprint_on,mean_acc,1.0,1.0,1,1
t3_design_space/per_seed_metrics__T9_L1_gf.csv [noES both],quantity_skew_extreme|8|post_footprint_on,worst_acc,1.0,1.0,1,1
t3_design_space/per_seed_metrics__T9_L1_gf.csv [noES both],quantity_skew_extreme|8|post_footprint_on,fcm_obj,1.058436153378599,1.058436153378599,1,1
t3_design_space/per_seed_metrics__T9_L1_gf.csv [noES both],quantity_skew_extreme|9|post_footprint_on,min_dist,6.987049727256052,6.987049727256052,1,1
t3_design_space/per_seed_metrics__T9_L1_gf.csv [noES both],quantity_skew_extreme|9|post_footprint_on,mean_acc,1.0,1.0,1,1
t3_design_space/per_seed_metrics__T9_L1_gf.csv [noES both],quantity_skew_extreme|9|post_footprint_on,worst_acc,1.0,1.0,1,1
t3_design_space/per_seed_metrics__T9_L1_gf.csv [noES both],quantity_skew_extreme|9|post_footprint_on,fcm_obj,1.1045242251964522,1.1045242251964522,1,1
t3_design_space/per_seed_metrics__T9_L1_gf.csv [noES both],wine|0|post_footprint_on,min_dist,3.3794827301959955,3.3794827301959955,1,1
t3_design_space/per_seed_metrics__T9_L1_gf.csv [noES both],wine|0|post_footprint_on,mean_acc,0.9461403508771931,0.9461403508771931,1,1
t3_design_space/per_seed_metrics__T9_L1_gf.csv [noES both],wine|0|post_footprint_on,worst_acc,0.8333333333333334,0.8333333333333334,1,1
t3_design_space/per_seed_metrics__T9_L1_gf.csv [noES both],wine|0|post_footprint_on,fcm_obj,3.806531038716822,3.806531038716822,1,1
t3_design_space/per_seed_metrics__T9_L1_gf.csv [noES both],wine|1|post_footprint_on,min_dist,3.599946717366396,3.599946717366396,1,1
t3_design_space/per_seed_metrics__T9_L1_gf.csv [noES both],wine|1|post_footprint_on,mean_acc,0.9557090643274855,0.9557090643274855,1,1
t3_design_space/per_seed_metrics__T9_L1_gf.csv [noES both],wine|1|post_footprint_on,worst_acc,0.8333333333333334,0.8333333333333334,1,1
t3_design_space/per_seed_metrics__T9_L1_gf.csv [noES both],wine|1|post_footprint_on,fcm_obj,3.8223156806703575,3.8223156806703575,1,1
t3_design_space/per_seed_metrics__T9_L1_gf.csv [noES both],wine|2|post_footprint_on,min_dist,3.4259878230721887,3.4259878230721887,1,1
t3_design_space/per_seed_metrics__T9_L1_gf.csv [noES both],wine|2|post_footprint_on,mean_acc,0.9358479532163744,0.9358479532163744,1,1
t3_design_space/per_seed_metrics__T9_L1_gf.csv [noES both],wine|2|post_footprint_on,worst_acc,0.8,0.8,1,1
t3_design_space/per_seed_metrics__T9_L1_gf.csv [noES both],wine|2|post_footprint_on,fcm_obj,3.7628859016416265,3.7628859016416265,1,1
t3_design_space/per_seed_metrics__T9_L1_gf.csv [noES both],wine|3|post_footprint_on,min_dist,3.582117724429985,3.582117724429985,1,1
t3_design_space/per_seed_metrics__T9_L1_gf.csv [noES both],wine|3|post_footprint_on,mean_acc,0.9666322669418644,0.9666322669418644,1,1
t3_design_space/per_seed_metrics__T9_L1_gf.csv [noES both],wine|3|post_footprint_on,worst_acc,0.8888888888888888,0.8888888888888888,1,1
t3_design_space/per_seed_metrics__T9_L1_gf.csv [noES both],wine|3|post_footprint_on,fcm_obj,3.81906830411264,3.81906830411264,1,1
t3_design_space/per_seed_metrics__T9_L1_gf.csv [noES both],wine|4|post_footprint_on,min_dist,3.5353453281518674,3.5353453281518674,1,1
t3_design_space/per_seed_metrics__T9_L1_gf.csv [noES both],wine|4|post_footprint_on,mean_acc,0.9569590643274853,0.9569590643274853,1,1
t3_design_space/per_seed_metrics__T9_L1_gf.csv [noES both],wine|4|post_footprint_on,worst_acc,0.8888888888888888,0.8888888888888888,1,1
t3_design_space/per_seed_metrics__T9_L1_gf.csv [noES both],wine|4|post_footprint_on,fcm_obj,3.796073908770433,3.796073908770433,1,1
t3_design_space/per_seed_metrics__T9_L1_gf.csv [noES both],wine|5|post_footprint_on,min_dist,3.435836711844788,3.435836711844788,1,1
t3_design_space/per_seed_metrics__T9_L1_gf.csv [noES both],wine|5|post_footprint_on,mean_acc,0.9405503955968351,0.9405503955968351,1,1
t3_design_space/per_seed_metrics__T9_L1_gf.csv [noES both],wine|5|post_footprint_on,worst_acc,0.8421052631578947,0.8421052631578947,1,1
t3_design_space/per_seed_metrics__T9_L1_gf.csv [noES both],wine|5|post_footprint_on,fcm_obj,3.8491587212021567,3.8491587212021567,1,1
t3_design_space/per_seed_metrics__T9_L1_gf.csv [noES both],wine|6|post_footprint_on,min_dist,3.480983508579581,3.480983508579581,1,1
t3_design_space/per_seed_metrics__T9_L1_gf.csv [noES both],wine|6|post_footprint_on,mean_acc,0.9613398692810458,0.9613398692810458,1,1
t3_design_space/per_seed_metrics__T9_L1_gf.csv [noES both],wine|6|post_footprint_on,worst_acc,0.8333333333333334,0.8333333333333334,1,1
t3_design_space/per_seed_metrics__T9_L1_gf.csv [noES both],wine|6|post_footprint_on,fcm_obj,3.812643518447452,3.812643518447452,1,1
t3_design_space/per_seed_metrics__T9_L1_gf.csv [noES both],wine|7|post_footprint_on,min_dist,3.459933898171619,3.459933898171619,1,1
t3_design_space/per_seed_metrics__T9_L1_gf.csv [noES both],wine|7|post_footprint_on,mean_acc,0.9491666666666667,0.9491666666666667,1,1
t3_design_space/per_seed_metrics__T9_L1_gf.csv [noES both],wine|7|post_footprint_on,worst_acc,0.875,0.875,1,1
t3_design_space/per_seed_metrics__T9_L1_gf.csv [noES both],wine|7|post_footprint_on,fcm_obj,3.762577364199648,3.762577364199648,1,1
t3_design_space/per_seed_metrics__T9_L1_gf.csv [noES both],wine|8|post_footprint_on,min_dist,3.500643111727746,3.500643111727746,1,1
t3_design_space/per_seed_metrics__T9_L1_gf.csv [noES both],wine|8|post_footprint_on,mean_acc,0.9662646198830409,0.9662646198830409,1,1
t3_design_space/per_seed_metrics__T9_L1_gf.csv [noES both],wine|8|post_footprint_on,worst_acc,0.9375,0.9375,1,1
t3_design_space/per_seed_metrics__T9_L1_gf.csv [noES both],wine|8|post_footprint_on,fcm_obj,3.797204992578699,3.797204992578699,1,1
t3_design_space/per_seed_metrics__T9_L1_gf.csv [noES both],wine|9|post_footprint_on,min_dist,3.4258866697716464,3.4258866697716464,1,1
t3_design_space/per_seed_metrics__T9_L1_gf.csv [noES both],wine|9|post_footprint_on,mean_acc,0.9558479532163743,0.9558479532163743,1,1
t3_design_space/per_seed_metrics__T9_L1_gf.csv [noES both],wine|9|post_footprint_on,worst_acc,0.8333333333333334,0.8333333333333334,1,1
t3_design_space/per_seed_metrics__T9_L1_gf.csv [noES both],wine|9|post_footprint_on,fcm_obj,3.8045303964532757,3.8045303964532757,1,1
t3_design_space/per_seed_metrics__T9_L1_gf.csv [noES both],satimage|0|post_footprint_on,min_dist,3.1799784027981155,3.1799784027981155,1,1
t3_design_space/per_seed_metrics__T9_L1_gf.csv [noES both],satimage|0|post_footprint_on,mean_acc,0.6822510872709107,0.6822510872709107,1,1
t3_design_space/per_seed_metrics__T9_L1_gf.csv [noES both],satimage|0|post_footprint_on,worst_acc,0.4758842443729904,0.4758842443729904,1,1
t3_design_space/per_seed_metrics__T9_L1_gf.csv [noES both],satimage|0|post_footprint_on,fcm_obj,3.7163104451913713,3.7163104451913713,1,1
t3_design_space/per_seed_metrics__T9_L1_gf.csv [noES both],satimage|1|post_footprint_on,min_dist,3.1557126915689735,3.1557126915689735,1,1
t3_design_space/per_seed_metrics__T9_L1_gf.csv [noES both],satimage|1|post_footprint_on,mean_acc,0.6811964957872207,0.6811964957872207,1,1
t3_design_space/per_seed_metrics__T9_L1_gf.csv [noES both],satimage|1|post_footprint_on,worst_acc,0.477491961414791,0.477491961414791,1,1
t3_design_space/per_seed_metrics__T9_L1_gf.csv [noES both],satimage|1|post_footprint_on,fcm_obj,3.7152546786128946,3.7152546786128946,1,1
t3_design_space/per_seed_metrics__T9_L1_gf.csv [noES both],satimage|2|post_footprint_on,min_dist,3.126908051030432,3.126908051030432,1,1
t3_design_space/per_seed_metrics__T9_L1_gf.csv [noES both],satimage|2|post_footprint_on,mean_acc,0.6752358773522366,0.6752358773522366,1,1
t3_design_space/per_seed_metrics__T9_L1_gf.csv [noES both],satimage|2|post_footprint_on,worst_acc,0.4694533762057878,0.4694533762057878,1,1
t3_design_space/per_seed_metrics__T9_L1_gf.csv [noES both],satimage|2|post_footprint_on,fcm_obj,3.7161590002223703,3.7161590002223703,1,1
t3_design_space/per_seed_metrics__T9_L1_gf.csv [noES both],satimage|3|post_footprint_on,min_dist,3.194149734696356,3.194149734696356,1,1
t3_design_space/per_seed_metrics__T9_L1_gf.csv [noES both],satimage|3|post_footprint_on,mean_acc,0.67827075003744,0.67827075003744,1,1
t3_design_space/per_seed_metrics__T9_L1_gf.csv [noES both],satimage|3|post_footprint_on,worst_acc,0.47191011235955055,0.47191011235955055,1,1
t3_design_space/per_seed_metrics__T9_L1_gf.csv [noES both],satimage|3|post_footprint_on,fcm_obj,3.714191903099558,3.714191903099558,1,1
t3_design_space/per_seed_metrics__T9_L1_gf.csv [noES both],satimage|4|post_footprint_on,min_dist,3.231873680865568,3.231873680865568,1,1
t3_design_space/per_seed_metrics__T9_L1_gf.csv [noES both],satimage|4|post_footprint_on,mean_acc,0.6872523292147799,0.6872523292147799,1,1
t3_design_space/per_seed_metrics__T9_L1_gf.csv [noES both],satimage|4|post_footprint_on,worst_acc,0.4646302250803859,0.4646302250803859,1,1
t3_design_space/per_seed_metrics__T9_L1_gf.csv [noES both],satimage|4|post_footprint_on,fcm_obj,3.7091236929558633,3.7091236929558633,1,1
t3_design_space/per_seed_metrics__T9_L1_gf.csv [noES both],satimage|5|post_footprint_on,min_dist,3.096182595222959,3.096182595222959,1,1
t3_design_space/per_seed_metrics__T9_L1_gf.csv [noES both],satimage|5|post_footprint_on,mean_acc,0.678927103865586,0.678927103865586,1,1
t3_design_space/per_seed_metrics__T9_L1_gf.csv [noES both],satimage|5|post_footprint_on,worst_acc,0.4742765273311897,0.4742765273311897,1,1
t3_design_space/per_seed_metrics__T9_L1_gf.csv [noES both],satimage|5|post_footprint_on,fcm_obj,3.7192223970999874,3.7192223970999874,1,1
t3_design_space/per_seed_metrics__T9_L1_gf.csv [noES both],satimage|6|post_footprint_on,min_dist,3.3303732456617348,3.3303732456617348,1,1
t3_design_space/per_seed_metrics__T9_L1_gf.csv [noES both],satimage|6|post_footprint_on,mean_acc,0.6824086285790162,0.6824086285790162,1,1
t3_design_space/per_seed_metrics__T9_L1_gf.csv [noES both],satimage|6|post_footprint_on,worst_acc,0.46869983948635635,0.46869983948635635,1,1
t3_design_space/per_seed_metrics__T9_L1_gf.csv [noES both],satimage|6|post_footprint_on,fcm_obj,3.7081390031578376,3.7081390031578376,1,1
t3_design_space/per_seed_metrics__T9_L1_gf.csv [noES both],satimage|7|post_footprint_on,min_dist,3.108767535086831,3.108767535086831,1,1
t3_design_space/per_seed_metrics__T9_L1_gf.csv [noES both],satimage|7|post_footprint_on,mean_acc,0.6802400346076456,0.6802400346076456,1,1
t3_design_space/per_seed_metrics__T9_L1_gf.csv [noES both],satimage|7|post_footprint_on,worst_acc,0.4790996784565916,0.4790996784565916,1,1
t3_design_space/per_seed_metrics__T9_L1_gf.csv [noES both],satimage|7|post_footprint_on,fcm_obj,3.7159233257685895,3.7159233257685895,1,1
t3_design_space/per_seed_metrics__T9_L1_gf.csv [noES both],satimage|8|post_footprint_on,min_dist,3.225464193651547,3.225464193651547,1,1
t3_design_space/per_seed_metrics__T9_L1_gf.csv [noES both],satimage|8|post_footprint_on,mean_acc,0.6813292465103902,0.6813292465103902,1,1
t3_design_space/per_seed_metrics__T9_L1_gf.csv [noES both],satimage|8|post_footprint_on,worst_acc,0.47030497592295345,0.47030497592295345,1,1
t3_design_space/per_seed_metrics__T9_L1_gf.csv [noES both],satimage|8|post_footprint_on,fcm_obj,3.712158968269422,3.712158968269422,1,1
t3_design_space/per_seed_metrics__T9_L1_gf.csv [noES both],satimage|9|post_footprint_on,min_dist,3.354816370776272,3.354816370776272,1,1
t3_design_space/per_seed_metrics__T9_L1_gf.csv [noES both],satimage|9|post_footprint_on,mean_acc,0.6875592004215945,0.6875592004215945,1,1
t3_design_space/per_seed_metrics__T9_L1_gf.csv [noES both],satimage|9|post_footprint_on,worst_acc,0.4767255216693419,0.4767255216693419,1,1
t3_design_space/per_seed_metrics__T9_L1_gf.csv [noES both],satimage|9|post_footprint_on,fcm_obj,3.703931645293725,3.703931645293725,1,1
t3_design_space/per_seed_metrics__T9_L1_gf.csv [noES both],pendigits|0|post_footprint_on,min_dist,2.2947728284107964,2.2947728284107964,1,1
t3_design_space/per_seed_metrics__T9_L1_gf.csv [noES both],pendigits|0|post_footprint_on,mean_acc,0.7315370496394812,0.7315370496394812,1,1
t3_design_space/per_seed_metrics__T9_L1_gf.csv [noES both],pendigits|0|post_footprint_on,worst_acc,0.5239852398523985,0.5239852398523985,1,1
t3_design_space/per_seed_metrics__T9_L1_gf.csv [noES both],pendigits|0|post_footprint_on,fcm_obj,3.79700344881606,3.79700344881606,1,1
t3_design_space/per_seed_metrics__T9_L1_gf.csv [noES both],pendigits|1|post_footprint_on,min_dist,1.7441463118006337,1.7441463118006337,1,1
t3_design_space/per_seed_metrics__T9_L1_gf.csv [noES both],pendigits|1|post_footprint_on,mean_acc,0.65399375632147,0.65399375632147,1,1
t3_design_space/per_seed_metrics__T9_L1_gf.csv [noES both],pendigits|1|post_footprint_on,worst_acc,0.5571955719557196,0.5571955719557196,1,1
t3_design_space/per_seed_metrics__T9_L1_gf.csv [noES both],pendigits|1|post_footprint_on,fcm_obj,4.024150545222521,4.024150545222521,1,1
t3_design_space/per_seed_metrics__T9_L1_gf.csv [noES both],pendigits|2|post_footprint_on,min_dist,1.8200672533913005,1.8200672533913005,1,1
t3_design_space/per_seed_metrics__T9_L1_gf.csv [noES both],pendigits|2|post_footprint_on,mean_acc,0.6883400926743122,0.6883400926743122,1,1
t3_design_space/per_seed_metrics__T9_L1_gf.csv [noES both],pendigits|2|post_footprint_on,worst_acc,0.5447004608294931,0.5447004608294931,1,1
t3_design_space/per_seed_metrics__T9_L1_gf.csv [noES both],pendigits|2|post_footprint_on,fcm_obj,3.8249971853618696,3.8249971853618696,1,1
t3_design_space/per_seed_metrics__T9_L1_gf.csv [noES both],pendigits|3|post_footprint_on,min_dist,2.2530381652106417,2.2530381652106417,1,1
t3_design_space/per_seed_metrics__T9_L1_gf.csv [noES both],pendigits|3|post_footprint_on,mean_acc,0.683979889246028,0.683979889246028,1,1
t3_design_space/per_seed_metrics__T9_L1_gf.csv [noES both],pendigits|3|post_footprint_on,worst_acc,0.507380073800738,0.507380073800738,1,1
t3_design_space/per_seed_metrics__T9_L1_gf.csv [noES both],pendigits|3|post_footprint_on,fcm_obj,3.8130931590074533,3.8130931590074533,1,1
t3_design_space/per_seed_metrics__T9_L1_gf.csv [noES both],pendigits|4|post_footprint_on,min_dist,2.2837094987240256,2.2837094987240256,1,1
t3_design_space/per_seed_metrics__T9_L1_gf.csv [noES both],pendigits|4|post_footprint_on,mean_acc,0.7338807738132759,0.7338807738132759,1,1
t3_design_space/per_seed_metrics__T9_L1_gf.csv [noES both],pendigits|4|post_footprint_on,worst_acc,0.5239852398523985,0.5239852398523985,1,1
t3_design_space/per_seed_metrics__T9_L1_gf.csv [noES both],pendigits|4|post_footprint_on,fcm_obj,3.7935777271137416,3.7935777271137416,1,1
t3_design_space/per_seed_metrics__T9_L1_gf.csv [noES both],pendigits|5|post_footprint_on,min_dist,2.297578173392637,2.297578173392637,1,1
t3_design_space/per_seed_metrics__T9_L1_gf.csv [noES both],pendigits|5|post_footprint_on,mean_acc,0.7315619754869209,0.7315619754869209,1,1
t3_design_space/per_seed_metrics__T9_L1_gf.csv [noES both],pendigits|5|post_footprint_on,worst_acc,0.5341328413284133,0.5341328413284133,1,1
t3_design_space/per_seed_metrics__T9_L1_gf.csv [noES both],pendigits|5|post_footprint_on,fcm_obj,3.7905578852221975,3.7905578852221975,1,1
t3_design_space/per_seed_metrics__T9_L1_gf.csv [noES both],pendigits|6|post_footprint_on,min_dist,2.3322408655282945,2.3322408655282945,1,1
t3_design_space/per_seed_metrics__T9_L1_gf.csv [noES both],pendigits|6|post_footprint_on,mean_acc,0.7797742040977548,0.7797742040977548,1,1
t3_design_space/per_seed_metrics__T9_L1_gf.csv [noES both],pendigits|6|post_footprint_on,worst_acc,0.6605166051660517,0.6605166051660517,1,1
t3_design_space/per_seed_metrics__T9_L1_gf.csv [noES both],pendigits|6|post_footprint_on,fcm_obj,3.8664548556180214,3.8664548556180214,1,1
t3_design_space/per_seed_metrics__T9_L1_gf.csv [noES both],pendigits|7|post_footprint_on,min_dist,1.809655323407303,1.809655323407303,1,1
t3_design_space/per_seed_metrics__T9_L1_gf.csv [noES both],pendigits|7|post_footprint_on,mean_acc,0.6876515716556983,0.6876515716556983,1,1
t3_design_space/per_seed_metrics__T9_L1_gf.csv [noES both],pendigits|7|post_footprint_on,worst_acc,0.5202952029520295,0.5202952029520295,1,1
t3_design_space/per_seed_metrics__T9_L1_gf.csv [noES both],pendigits|7|post_footprint_on,fcm_obj,3.824286698582389,3.824286698582389,1,1
t3_design_space/per_seed_metrics__T9_L1_gf.csv [noES both],pendigits|8|post_footprint_on,min_dist,2.271085961194225,2.271085961194225,1,1
t3_design_space/per_seed_metrics__T9_L1_gf.csv [noES both],pendigits|8|post_footprint_on,mean_acc,0.7310150617474449,0.7310150617474449,1,1
t3_design_space/per_seed_metrics__T9_L1_gf.csv [noES both],pendigits|8|post_footprint_on,worst_acc,0.533210332103321,0.533210332103321,1,1
t3_design_space/per_seed_metrics__T9_L1_gf.csv [noES both],pendigits|8|post_footprint_on,fcm_obj,3.793963910250331,3.793963910250331,1,1
t3_design_space/per_seed_metrics__T9_L1_gf.csv [noES both],pendigits|9|post_footprint_on,min_dist,1.836074681247298,1.836074681247298,1,1
t3_design_space/per_seed_metrics__T9_L1_gf.csv [noES both],pendigits|9|post_footprint_on,mean_acc,0.7279415999342553,0.7279415999342553,1,1
t3_design_space/per_seed_metrics__T9_L1_gf.csv [noES both],pendigits|9|post_footprint_on,worst_acc,0.5963133640552996,0.5963133640552996,1,1
t3_design_space/per_seed_metrics__T9_L1_gf.csv [noES both],pendigits|9|post_footprint_on,fcm_obj,3.9067744905749877,3.9067744905749877,1,1
t3_design_space/per_seed_metrics__T9_L1_gf.csv [noES both],digits_pca16|0|post_footprint_on,min_dist,2.424798280126265,2.424798280126265,1,1
t3_design_space/per_seed_metrics__T9_L1_gf.csv [noES both],digits_pca16|0|post_footprint_on,mean_acc,0.6939619833431847,0.6939619833431847,1,1
t3_design_space/per_seed_metrics__T9_L1_gf.csv [noES both],digits_pca16|0|post_footprint_on,worst_acc,0.39444444444444443,0.39444444444444443,1,1
t3_design_space/per_seed_metrics__T9_L1_gf.csv [noES both],digits_pca16|0|post_footprint_on,fcm_obj,7.643820724332765,7.643820724332765,1,1
t3_design_space/per_seed_metrics__T9_L1_gf.csv [noES both],digits_pca16|1|post_footprint_on,min_dist,2.6966197569281314,2.6966197569281314,1,1
t3_design_space/per_seed_metrics__T9_L1_gf.csv [noES both],digits_pca16|1|post_footprint_on,mean_acc,0.7526211938889276,0.7526211938889276,1,1
t3_design_space/per_seed_metrics__T9_L1_gf.csv [noES both],digits_pca16|1|post_footprint_on,worst_acc,0.5388888888888889,0.5388888888888889,1,1
t3_design_space/per_seed_metrics__T9_L1_gf.csv [noES both],digits_pca16|1|post_footprint_on,fcm_obj,7.528652731012446,7.528652731012446,1,1
t3_design_space/per_seed_metrics__T9_L1_gf.csv [noES both],digits_pca16|2|post_footprint_on,min_dist,2.4496909007054435,2.4496909007054435,1,1
t3_design_space/per_seed_metrics__T9_L1_gf.csv [noES both],digits_pca16|2|post_footprint_on,mean_acc,0.6939629590515584,0.6939629590515584,1,1
t3_design_space/per_seed_metrics__T9_L1_gf.csv [noES both],digits_pca16|2|post_footprint_on,worst_acc,0.45,0.45,1,1
t3_design_space/per_seed_metrics__T9_L1_gf.csv [noES both],digits_pca16|2|post_footprint_on,fcm_obj,7.700179239380312,7.700179239380312,1,1
t3_design_space/per_seed_metrics__T9_L1_gf.csv [noES both],digits_pca16|3|post_footprint_on,min_dist,2.401312740262138,2.401312740262138,1,1
t3_design_space/per_seed_metrics__T9_L1_gf.csv [noES both],digits_pca16|3|post_footprint_on,mean_acc,0.7114083551992952,0.7114083551992952,1,1
t3_design_space/per_seed_metrics__T9_L1_gf.csv [noES both],digits_pca16|3|post_footprint_on,worst_acc,0.4111111111111111,0.4111111111111111,1,1
t3_design_space/per_seed_metrics__T9_L1_gf.csv [noES both],digits_pca16|3|post_footprint_on,fcm_obj,7.772661413318778,7.772661413318778,1,1
t3_design_space/per_seed_metrics__T9_L1_gf.csv [noES both],digits_pca16|4|post_footprint_on,min_dist,2.406991579515796,2.406991579515796,1,1
t3_design_space/per_seed_metrics__T9_L1_gf.csv [noES both],digits_pca16|4|post_footprint_on,mean_acc,0.7456077276075284,0.7456077276075284,1,1
t3_design_space/per_seed_metrics__T9_L1_gf.csv [noES both],digits_pca16|4|post_footprint_on,worst_acc,0.5722222222222222,0.5722222222222222,1,1
t3_design_space/per_seed_metrics__T9_L1_gf.csv [noES both],digits_pca16|4|post_footprint_on,fcm_obj,7.557781178313204,7.557781178313204,1,1
t3_design_space/per_seed_metrics__T9_L1_gf.csv [noES both],digits_pca16|5|post_footprint_on,min_dist,2.579633044107606,2.579633044107606,1,1
t3_design_space/per_seed_metrics__T9_L1_gf.csv [noES both],digits_pca16|5|post_footprint_on,mean_acc,0.7991113495095421,0.7991113495095421,1,1
t3_design_space/per_seed_metrics__T9_L1_gf.csv [noES both],digits_pca16|5|post_footprint_on,worst_acc,0.5888888888888889,0.5888888888888889,1,1
t3_design_space/per_seed_metrics__T9_L1_gf.csv [noES both],digits_pca16|5|post_footprint_on,fcm_obj,7.592885428303347,7.592885428303347,1,1
t3_design_space/per_seed_metrics__T9_L1_gf.csv [noES both],digits_pca16|6|post_footprint_on,min_dist,2.155903311577574,2.155903311577574,1,1
t3_design_space/per_seed_metrics__T9_L1_gf.csv [noES both],digits_pca16|6|post_footprint_on,mean_acc,0.7479024206358377,0.7479024206358377,1,1
t3_design_space/per_seed_metrics__T9_L1_gf.csv [noES both],digits_pca16|6|post_footprint_on,worst_acc,0.4888888888888889,0.4888888888888889,1,1
t3_design_space/per_seed_metrics__T9_L1_gf.csv [noES both],digits_pca16|6|post_footprint_on,fcm_obj,7.621818778703222,7.621818778703222,1,1
t3_design_space/per_seed_metrics__T9_L1_gf.csv [noES both],digits_pca16|7|post_footprint_on,min_dist,2.146529597632358,2.146529597632358,1,1
t3_design_space/per_seed_metrics__T9_L1_gf.csv [noES both],digits_pca16|7|post_footprint_on,mean_acc,0.7097372363582878,0.7097372363582878,1,1
t3_design_space/per_seed_metrics__T9_L1_gf.csv [noES both],digits_pca16|7|post_footprint_on,worst_acc,0.46111111111111114,0.46111111111111114,1,1
t3_design_space/per_seed_metrics__T9_L1_gf.csv [noES both],digits_pca16|7|post_footprint_on,fcm_obj,7.75499859329552,7.75499859329552,1,1
t3_design_space/per_seed_metrics__T9_L1_gf.csv [noES both],digits_pca16|8|post_footprint_on,min_dist,2.178126814544831,2.178126814544831,1,1
t3_design_space/per_seed_metrics__T9_L1_gf.csv [noES both],digits_pca16|8|post_footprint_on,mean_acc,0.7400600553517551,0.7400600553517551,1,1
t3_design_space/per_seed_metrics__T9_L1_gf.csv [noES both],digits_pca16|8|post_footprint_on,worst_acc,0.5833333333333334,0.5833333333333334,1,1
t3_design_space/per_seed_metrics__T9_L1_gf.csv [noES both],digits_pca16|8|post_footprint_on,fcm_obj,7.638672202828346,7.638672202828346,1,1
t3_design_space/per_seed_metrics__T9_L1_gf.csv [noES both],digits_pca16|9|post_footprint_on,min_dist,2.0174306592405626,2.0174306592405626,1,1
t3_design_space/per_seed_metrics__T9_L1_gf.csv [noES both],digits_pca16|9|post_footprint_on,mean_acc,0.6821244509356097,0.6821244509356097,1,1
t3_design_space/per_seed_metrics__T9_L1_gf.csv [noES both],digits_pca16|9|post_footprint_on,worst_acc,0.4835164835164835,0.4835164835164835,1,1
t3_design_space/per_seed_metrics__T9_L1_gf.csv [noES both],digits_pca16|9|post_footprint_on,fcm_obj,7.599174681429499,7.599174681429499,1,1
t3_design_space/per_seed_metrics__T9_L1_gf.csv [noES both],digits_pca32|0|post_footprint_on,min_dist,2.8621478804343483,2.8621478804343483,1,1
t3_design_space/per_seed_metrics__T9_L1_gf.csv [noES both],digits_pca32|0|post_footprint_on,mean_acc,0.7659432549160012,0.7659432549160012,1,1
t3_design_space/per_seed_metrics__T9_L1_gf.csv [noES both],digits_pca32|0|post_footprint_on,worst_acc,0.55,0.55,1,1
t3_design_space/per_seed_metrics__T9_L1_gf.csv [noES both],digits_pca32|0|post_footprint_on,fcm_obj,23.63603135734333,23.63603135734333,1,1
t3_design_space/per_seed_metrics__T9_L1_gf.csv [noES both],digits_pca32|1|post_footprint_on,min_dist,2.954374942653532,2.954374942653532,1,1
t3_design_space/per_seed_metrics__T9_L1_gf.csv [noES both],digits_pca32|1|post_footprint_on,mean_acc,0.753294787576919,0.753294787576919,1,1
t3_design_space/per_seed_metrics__T9_L1_gf.csv [noES both],digits_pca32|1|post_footprint_on,worst_acc,0.480225988700565,0.480225988700565,1,1
t3_design_space/per_seed_metrics__T9_L1_gf.csv [noES both],digits_pca32|1|post_footprint_on,fcm_obj,23.751110373708993,23.751110373708993,1,1
t3_design_space/per_seed_metrics__T9_L1_gf.csv [noES both],digits_pca32|2|post_footprint_on,min_dist,2.697197879729033,2.697197879729033,1,1
t3_design_space/per_seed_metrics__T9_L1_gf.csv [noES both],digits_pca32|2|post_footprint_on,mean_acc,0.8269426968722124,0.8269426968722124,1,1
t3_design_space/per_seed_metrics__T9_L1_gf.csv [noES both],digits_pca32|2|post_footprint_on,worst_acc,0.5819209039548022,0.5819209039548022,1,1
t3_design_space/per_seed_metrics__T9_L1_gf.csv [noES both],digits_pca32|2|post_footprint_on,fcm_obj,23.280873643095955,23.280873643095955,1,1
t3_design_space/per_seed_metrics__T9_L1_gf.csv [noES both],digits_pca32|3|post_footprint_on,min_dist,2.7990907061163486,2.7990907061163486,1,1
t3_design_space/per_seed_metrics__T9_L1_gf.csv [noES both],digits_pca32|3|post_footprint_on,mean_acc,0.7293340546082849,0.7293340546082849,1,1
t3_design_space/per_seed_metrics__T9_L1_gf.csv [noES both],digits_pca32|3|post_footprint_on,worst_acc,0.45555555555555555,0.45555555555555555,1,1
t3_design_space/per_seed_metrics__T9_L1_gf.csv [noES both],digits_pca32|3|post_footprint_on,fcm_obj,23.417832478824838,23.417832478824838,1,1
t3_design_space/per_seed_metrics__T9_L1_gf.csv [noES both],digits_pca32|4|post_footprint_on,min_dist,2.5952180563393026,2.5952180563393026,1,1
t3_design_space/per_seed_metrics__T9_L1_gf.csv [noES both],digits_pca32|4|post_footprint_on,mean_acc,0.741151575649764,0.741151575649764,1,1
t3_design_space/per_seed_metrics__T9_L1_gf.csv [noES both],digits_pca32|4|post_footprint_on,worst_acc,0.632768361581921,0.632768361581921,1,1
t3_design_space/per_seed_metrics__T9_L1_gf.csv [noES both],digits_pca32|4|post_footprint_on,fcm_obj,23.269478619878274,23.269478619878274,1,1
t3_design_space/per_seed_metrics__T9_L1_gf.csv [noES both],digits_pca32|5|post_footprint_on,min_dist,3.002200307462735,3.002200307462735,1,1
t3_design_space/per_seed_metrics__T9_L1_gf.csv [noES both],digits_pca32|5|post_footprint_on,mean_acc,0.8139569457135952,0.8139569457135952,1,1
t3_design_space/per_seed_metrics__T9_L1_gf.csv [noES both],digits_pca32|5|post_footprint_on,worst_acc,0.5423728813559322,0.5423728813559322,1,1
t3_design_space/per_seed_metrics__T9_L1_gf.csv [noES both],digits_pca32|5|post_footprint_on,fcm_obj,23.692332457049837,23.692332457049837,1,1
t3_design_space/per_seed_metrics__T9_L1_gf.csv [noES both],digits_pca32|6|post_footprint_on,min_dist,3.0396023395688982,3.0396023395688982,1,1
t3_design_space/per_seed_metrics__T9_L1_gf.csv [noES both],digits_pca32|6|post_footprint_on,mean_acc,0.8257760124317114,0.8257760124317114,1,1
t3_design_space/per_seed_metrics__T9_L1_gf.csv [noES both],digits_pca32|6|post_footprint_on,worst_acc,0.5084745762711864,0.5084745762711864,1,1
t3_design_space/per_seed_metrics__T9_L1_gf.csv [noES both],digits_pca32|6|post_footprint_on,fcm_obj,23.721227637745265,23.721227637745265,1,1
t3_design_space/per_seed_metrics__T9_L1_gf.csv [noES both],digits_pca32|7|post_footprint_on,min_dist,3.0169482679800677,3.0169482679800677,1,1
t3_design_space/per_seed_metrics__T9_L1_gf.csv [noES both],digits_pca32|7|post_footprint_on,mean_acc,0.7912074785034842,0.7912074785034842,1,1
t3_design_space/per_seed_metrics__T9_L1_gf.csv [noES both],digits_pca32|7|post_footprint_on,worst_acc,0.6111111111111112,0.6111111111111112,1,1
t3_design_space/per_seed_metrics__T9_L1_gf.csv [noES both],digits_pca32|7|post_footprint_on,fcm_obj,23.734781143103916,23.734781143103916,1,1
t3_design_space/per_seed_metrics__T9_L1_gf.csv [noES both],digits_pca32|8|post_footprint_on,min_dist,2.8126801055900863,2.8126801055900863,1,1
t3_design_space/per_seed_metrics__T9_L1_gf.csv [noES both],digits_pca32|8|post_footprint_on,mean_acc,0.7798950023469063,0.7798950023469063,1,1
t3_design_space/per_seed_metrics__T9_L1_gf.csv [noES both],digits_pca32|8|post_footprint_on,worst_acc,0.5084745762711864,0.5084745762711864,1,1
t3_design_space/per_seed_metrics__T9_L1_gf.csv [noES both],digits_pca32|8|post_footprint_on,fcm_obj,23.64783353377408,23.64783353377408,1,1
t3_design_space/per_seed_metrics__T9_L1_gf.csv [noES both],digits_pca32|9|post_footprint_on,min_dist,2.7392948460287263,2.7392948460287263,1,1
t3_design_space/per_seed_metrics__T9_L1_gf.csv [noES both],digits_pca32|9|post_footprint_on,mean_acc,0.7577022896650518,0.7577022896650518,1,1
t3_design_space/per_seed_metrics__T9_L1_gf.csv [noES both],digits_pca32|9|post_footprint_on,worst_acc,0.5611111111111111,0.5611111111111111,1,1
t3_design_space/per_seed_metrics__T9_L1_gf.csv [noES both],digits_pca32|9|post_footprint_on,fcm_obj,23.26476374648968,23.26476374648968,1,1
t3_design_space/per_seed_metrics__T9_L1_gf.csv [noES both],letter|0|post_footprint_on,min_dist,1.8048665223579825,1.8048665223579825,1,1
t3_design_space/per_seed_metrics__T9_L1_gf.csv [noES both],letter|0|post_footprint_on,mean_acc,0.2873990257555945,0.2873990257555945,1,1
t3_design_space/per_seed_metrics__T9_L1_gf.csv [noES both],letter|0|post_footprint_on,worst_acc,0.23118932038834952,0.23118932038834952,1,1
t3_design_space/per_seed_metrics__T9_L1_gf.csv [noES both],letter|0|post_footprint_on,fcm_obj,4.870701966118417,4.870701966118417,1,1
t3_design_space/per_seed_metrics__T9_L1_gf.csv [noES both],letter|1|post_footprint_on,min_dist,1.3990730805408658,1.3990730805408658,1,1
t3_design_space/per_seed_metrics__T9_L1_gf.csv [noES both],letter|1|post_footprint_on,mean_acc,0.3074807953299849,0.3074807953299849,1,1
t3_design_space/per_seed_metrics__T9_L1_gf.csv [noES both],letter|1|post_footprint_on,worst_acc,0.22512135922330098,0.22512135922330098,1,1
t3_design_space/per_seed_metrics__T9_L1_gf.csv [noES both],letter|1|post_footprint_on,fcm_obj,4.89356209677894,4.89356209677894,1,1
t3_design_space/per_seed_metrics__T9_L1_gf.csv [noES both],letter|2|post_footprint_on,min_dist,1.934762880947398,1.934762880947398,1,1
t3_design_space/per_seed_metrics__T9_L1_gf.csv [noES both],letter|2|post_footprint_on,mean_acc,0.2900813958513312,0.2900813958513312,1,1
t3_design_space/per_seed_metrics__T9_L1_gf.csv [noES both],letter|2|post_footprint_on,worst_acc,0.2087378640776699,0.2087378640776699,1,1
t3_design_space/per_seed_metrics__T9_L1_gf.csv [noES both],letter|2|post_footprint_on,fcm_obj,4.781951764748771,4.781951764748771,1,1
t3_design_space/per_seed_metrics__T9_L1_gf.csv [noES both],letter|3|post_footprint_on,min_dist,1.0930910514134016,1.0930910514134016,1,1
t3_design_space/per_seed_metrics__T9_L1_gf.csv [noES both],letter|3|post_footprint_on,mean_acc,0.3097120035028337,0.3097120035028337,1,1
t3_design_space/per_seed_metrics__T9_L1_gf.csv [noES both],letter|3|post_footprint_on,worst_acc,0.2220873786407767,0.2220873786407767,1,1
t3_design_space/per_seed_metrics__T9_L1_gf.csv [noES both],letter|3|post_footprint_on,fcm_obj,4.8302967387785545,4.8302967387785545,1,1
t3_design_space/per_seed_metrics__T9_L1_gf.csv [noES both],letter|4|post_footprint_on,min_dist,1.8719066965906466,1.8719066965906466,1,1
t3_design_space/per_seed_metrics__T9_L1_gf.csv [noES both],letter|4|post_footprint_on,mean_acc,0.3134411977137286,0.3134411977137286,1,1
t3_design_space/per_seed_metrics__T9_L1_gf.csv [noES both],letter|4|post_footprint_on,worst_acc,0.2154126213592233,0.2154126213592233,1,1
t3_design_space/per_seed_metrics__T9_L1_gf.csv [noES both],letter|4|post_footprint_on,fcm_obj,4.793100100791791,4.793100100791791,1,1
t3_design_space/per_seed_metrics__T9_L1_gf.csv [noES both],letter|5|post_footprint_on,min_dist,1.6163888350717035,1.6163888350717035,1,1
t3_design_space/per_seed_metrics__T9_L1_gf.csv [noES both],letter|5|post_footprint_on,mean_acc,0.3022069050353424,0.3022069050353424,1,1
t3_design_space/per_seed_metrics__T9_L1_gf.csv [noES both],letter|5|post_footprint_on,worst_acc,0.20813106796116504,0.20813106796116504,1,1
t3_design_space/per_seed_metrics__T9_L1_gf.csv [noES both],letter|5|post_footprint_on,fcm_obj,4.8349198504423905,4.8349198504423905,1,1
t3_design_space/per_seed_metrics__T9_L1_gf.csv [noES both],letter|6|post_footprint_on,min_dist,1.8473208258788347,1.8473208258788347,1,1
t3_design_space/per_seed_metrics__T9_L1_gf.csv [noES both],letter|6|post_footprint_on,mean_acc,0.30431321992530014,0.30431321992530014,1,1
t3_design_space/per_seed_metrics__T9_L1_gf.csv [noES both],letter|6|post_footprint_on,worst_acc,0.22997572815533981,0.22997572815533981,1,1
t3_design_space/per_seed_metrics__T9_L1_gf.csv [noES both],letter|6|post_footprint_on,fcm_obj,4.7466086697649486,4.7466086697649486,1,1
t3_design_space/per_seed_metrics__T9_L1_gf.csv [noES both],letter|7|post_footprint_on,min_dist,1.6342118072163017,1.6342118072163017,1,1
t3_design_space/per_seed_metrics__T9_L1_gf.csv [noES both],letter|7|post_footprint_on,mean_acc,0.28789132958660113,0.28789132958660113,1,1
t3_design_space/per_seed_metrics__T9_L1_gf.csv [noES both],letter|7|post_footprint_on,worst_acc,0.22330097087378642,0.22330097087378642,1,1
t3_design_space/per_seed_metrics__T9_L1_gf.csv [noES both],letter|7|post_footprint_on,fcm_obj,4.903367141643567,4.903367141643567,1,1
t3_design_space/per_seed_metrics__T9_L1_gf.csv [noES both],letter|8|post_footprint_on,min_dist,1.7846311646158954,1.7846311646158954,1,1
t3_design_space/per_seed_metrics__T9_L1_gf.csv [noES both],letter|8|post_footprint_on,mean_acc,0.3054588698507345,0.3054588698507345,1,1
t3_design_space/per_seed_metrics__T9_L1_gf.csv [noES both],letter|8|post_footprint_on,worst_acc,0.21905339805825244,0.21905339805825244,1,1
t3_design_space/per_seed_metrics__T9_L1_gf.csv [noES both],letter|8|post_footprint_on,fcm_obj,4.772152067901384,4.772152067901384,1,1
t3_design_space/per_seed_metrics__T9_L1_gf.csv [noES both],letter|9|post_footprint_on,min_dist,1.7185772290719223,1.7185772290719223,1,1
t3_design_space/per_seed_metrics__T9_L1_gf.csv [noES both],letter|9|post_footprint_on,mean_acc,0.3180879949800566,0.3180879949800566,1,1
t3_design_space/per_seed_metrics__T9_L1_gf.csv [noES both],letter|9|post_footprint_on,worst_acc,0.2196601941747573,0.2196601941747573,1,1
t3_design_space/per_seed_metrics__T9_L1_gf.csv [noES both],letter|9|post_footprint_on,fcm_obj,4.854805062071847,4.854805062071847,1,1
t3_design_space/per_seed_metrics__T9_L1_gf.csv [noES both],mnist784_pca32 (20c)|0|post_footprint_on,min_dist,2.623096142020876,2.623096142020876,1,1
t3_design_space/per_seed_metrics__T9_L1_gf.csv [noES both],mnist784_pca32 (20c)|0|post_footprint_on,mean_acc,0.609472625026498,0.609472625026498,1,1
t3_design_space/per_seed_metrics__T9_L1_gf.csv [noES both],mnist784_pca32 (20c)|0|post_footprint_on,worst_acc,0.5304669703872438,0.5304669703872438,1,1
t3_design_space/per_seed_metrics__T9_L1_gf.csv [noES both],mnist784_pca32 (20c)|0|post_footprint_on,fcm_obj,23.580164689829466,23.580164689829466,1,1
t3_design_space/per_seed_metrics__T9_L1_gf.csv [noES both],mnist784_pca32 (20c)|1|post_footprint_on,min_dist,2.0953944255182004,2.0953944255182004,1,1
t3_design_space/per_seed_metrics__T9_L1_gf.csv [noES both],mnist784_pca32 (20c)|1|post_footprint_on,mean_acc,0.5922133241445137,0.5922133241445137,1,1
t3_design_space/per_seed_metrics__T9_L1_gf.csv [noES both],mnist784_pca32 (20c)|1|post_footprint_on,worst_acc,0.4701102727800348,0.4701102727800348,1,1
t3_design_space/per_seed_metrics__T9_L1_gf.csv [noES both],mnist784_pca32 (20c)|1|post_footprint_on,fcm_obj,23.622372417230324,23.622372417230324,1,1
t3_design_space/per_seed_metrics__T9_L1_gf.csv [noES both],mnist784_pca32 (20c)|2|post_footprint_on,min_dist,2.1445350874858127,2.1445350874858127,1,1
t3_design_space/per_seed_metrics__T9_L1_gf.csv [noES both],mnist784_pca32 (20c)|2|post_footprint_on,mean_acc,0.6196265968164223,0.6196265968164223,1,1
t3_design_space/per_seed_metrics__T9_L1_gf.csv [noES both],mnist784_pca32 (20c)|2|post_footprint_on,worst_acc,0.5014645577035736,0.5014645577035736,1,1
t3_design_space/per_seed_metrics__T9_L1_gf.csv [noES both],mnist784_pca32 (20c)|2|post_footprint_on,fcm_obj,23.659817118759655,23.659817118759655,1,1
t3_design_space/per_seed_metrics__T9_L1_gf.csv [noES both],mnist784_pca32 (20c)|3|post_footprint_on,min_dist,2.499613005181135,2.499613005181135,1,1
t3_design_space/per_seed_metrics__T9_L1_gf.csv [noES both],mnist784_pca32 (20c)|3|post_footprint_on,mean_acc,0.5839180244350944,0.5839180244350944,1,1
t3_design_space/per_seed_metrics__T9_L1_gf.csv [noES both],mnist784_pca32 (20c)|3|post_footprint_on,worst_acc,0.4670377966598301,0.4670377966598301,1,1
t3_design_space/per_seed_metrics__T9_L1_gf.csv [noES both],mnist784_pca32 (20c)|3|post_footprint_on,fcm_obj,23.628476900492508,23.628476900492508,1,1
t3_design_space/per_seed_metrics__T9_L1_gf.csv [noES both],mnist784_pca32 (20c)|4|post_footprint_on,min_dist,2.2774616115243127,2.2774616115243127,1,1
t3_design_space/per_seed_metrics__T9_L1_gf.csv [noES both],mnist784_pca32 (20c)|4|post_footprint_on,mean_acc,0.6330530336354336,0.6330530336354336,1,1
t3_design_space/per_seed_metrics__T9_L1_gf.csv [noES both],mnist784_pca32 (20c)|4|post_footprint_on,worst_acc,0.4931864308495216,0.4931864308495216,1,1
t3_design_space/per_seed_metrics__T9_L1_gf.csv [noES both],mnist784_pca32 (20c)|4|post_footprint_on,fcm_obj,23.74197899102887,23.74197899102887,1,1
t3_design_space/per_seed_metrics__T9_L1_gf.csv [noES both],mnist784_pca32 (20c)|5|post_footprint_on,min_dist,2.3129768654338836,2.3129768654338836,1,1
t3_design_space/per_seed_metrics__T9_L1_gf.csv [noES both],mnist784_pca32 (20c)|5|post_footprint_on,mean_acc,0.6136438404025171,0.6136438404025171,1,1
t3_design_space/per_seed_metrics__T9_L1_gf.csv [noES both],mnist784_pca32 (20c)|5|post_footprint_on,worst_acc,0.45549434618730067,0.45549434618730067,1,1
t3_design_space/per_seed_metrics__T9_L1_gf.csv [noES both],mnist784_pca32 (20c)|5|post_footprint_on,fcm_obj,23.824097600594673,23.824097600594673,1,1
t3_design_space/per_seed_metrics__T9_L1_gf.csv [noES both],mnist784_pca32 (20c)|6|post_footprint_on,min_dist,1.8331110018460448,1.8331110018460448,1,1
t3_design_space/per_seed_metrics__T9_L1_gf.csv [noES both],mnist784_pca32 (20c)|6|post_footprint_on,mean_acc,0.5640549207658531,0.5640549207658531,1,1
t3_design_space/per_seed_metrics__T9_L1_gf.csv [noES both],mnist784_pca32 (20c)|6|post_footprint_on,worst_acc,0.4342629482071713,0.4342629482071713,1,1
t3_design_space/per_seed_metrics__T9_L1_gf.csv [noES both],mnist784_pca32 (20c)|6|post_footprint_on,fcm_obj,23.468680691845204,23.468680691845204,1,1
t3_design_space/per_seed_metrics__T9_L1_gf.csv [noES both],mnist784_pca32 (20c)|7|post_footprint_on,min_dist,2.5153859179473494,2.5153859179473494,1,1
t3_design_space/per_seed_metrics__T9_L1_gf.csv [noES both],mnist784_pca32 (20c)|7|post_footprint_on,mean_acc,0.6015284230403084,0.6015284230403084,1,1
t3_design_space/per_seed_metrics__T9_L1_gf.csv [noES both],mnist784_pca32 (20c)|7|post_footprint_on,worst_acc,0.4706530724717553,0.4706530724717553,1,1
t3_design_space/per_seed_metrics__T9_L1_gf.csv [noES both],mnist784_pca32 (20c)|7|post_footprint_on,fcm_obj,23.837265794787278,23.837265794787278,1,1
t3_design_space/per_seed_metrics__T9_L1_gf.csv [noES both],mnist784_pca32 (20c)|8|post_footprint_on,min_dist,2.5862574022871065,2.5862574022871065,1,1
t3_design_space/per_seed_metrics__T9_L1_gf.csv [noES both],mnist784_pca32 (20c)|8|post_footprint_on,mean_acc,0.5519637489097676,0.5519637489097676,1,1
t3_design_space/per_seed_metrics__T9_L1_gf.csv [noES both],mnist784_pca32 (20c)|8|post_footprint_on,worst_acc,0.4310915104740904,0.4310915104740904,1,1
t3_design_space/per_seed_metrics__T9_L1_gf.csv [noES both],mnist784_pca32 (20c)|8|post_footprint_on,fcm_obj,23.78696675335603,23.78696675335603,1,1
t3_design_space/per_seed_metrics__T9_L1_gf.csv [noES both],mnist784_pca32 (20c)|9|post_footprint_on,min_dist,2.2152453018745213,2.2152453018745213,1,1
t3_design_space/per_seed_metrics__T9_L1_gf.csv [noES both],mnist784_pca32 (20c)|9|post_footprint_on,mean_acc,0.565793279243172,0.565793279243172,1,1
t3_design_space/per_seed_metrics__T9_L1_gf.csv [noES both],mnist784_pca32 (20c)|9|post_footprint_on,worst_acc,0.44915954808487185,0.44915954808487185,1,1
t3_design_space/per_seed_metrics__T9_L1_gf.csv [noES both],mnist784_pca32 (20c)|9|post_footprint_on,fcm_obj,23.595298002933564,23.595298002933564,1,1
t3_design_space/per_seed_metrics__T9_L1_gf.csv [noES both],mnist784_pca32 (50c)|0|post_footprint_on,min_dist,2.3939417944223877,2.3939417944223877,1,1
t3_design_space/per_seed_metrics__T9_L1_gf.csv [noES both],mnist784_pca32 (50c)|0|post_footprint_on,mean_acc,0.6404326475379816,0.6404326475379816,1,1
t3_design_space/per_seed_metrics__T9_L1_gf.csv [noES both],mnist784_pca32 (50c)|0|post_footprint_on,worst_acc,0.4804270462633452,0.4804270462633452,1,1
t3_design_space/per_seed_metrics__T9_L1_gf.csv [noES both],mnist784_pca32 (50c)|0|post_footprint_on,fcm_obj,23.907440024240003,23.907440024240003,1,1
t3_design_space/per_seed_metrics__T9_L1_gf.csv [noES both],mnist784_pca32 (50c)|1|post_footprint_on,min_dist,2.2963502349342333,2.2963502349342333,1,1
t3_design_space/per_seed_metrics__T9_L1_gf.csv [noES both],mnist784_pca32 (50c)|1|post_footprint_on,mean_acc,0.6251063188079784,0.6251063188079784,1,1
t3_design_space/per_seed_metrics__T9_L1_gf.csv [noES both],mnist784_pca32 (50c)|1|post_footprint_on,worst_acc,0.48535871156661786,0.48535871156661786,1,1
t3_design_space/per_seed_metrics__T9_L1_gf.csv [noES both],mnist784_pca32 (50c)|1|post_footprint_on,fcm_obj,23.701924833055045,23.701924833055045,1,1
t3_design_space/per_seed_metrics__T9_L1_gf.csv [noES both],mnist784_pca32 (50c)|2|post_footprint_on,min_dist,2.8140712827133094,2.8140712827133094,1,1
t3_design_space/per_seed_metrics__T9_L1_gf.csv [noES both],mnist784_pca32 (50c)|2|post_footprint_on,mean_acc,0.5365021952826697,0.5365021952826697,1,1
t3_design_space/per_seed_metrics__T9_L1_gf.csv [noES both],mnist784_pca32 (50c)|2|post_footprint_on,worst_acc,0.450723638869745,0.450723638869745,1,1
t3_design_space/per_seed_metrics__T9_L1_gf.csv [noES both],mnist784_pca32 (50c)|2|post_footprint_on,fcm_obj,24.013777086748792,24.013777086748792,1,1
t3_design_space/per_seed_metrics__T9_L1_gf.csv [noES both],mnist784_pca32 (50c)|3|post_footprint_on,min_dist,2.3001380811844876,2.3001380811844876,1,1
t3_design_space/per_seed_metrics__T9_L1_gf.csv [noES both],mnist784_pca32 (50c)|3|post_footprint_on,mean_acc,0.5782380881497421,0.5782380881497421,1,1
t3_design_space/per_seed_metrics__T9_L1_gf.csv [noES both],mnist784_pca32 (50c)|3|post_footprint_on,worst_acc,0.4747622531089978,0.4747622531089978,1,1
t3_design_space/per_seed_metrics__T9_L1_gf.csv [noES both],mnist784_pca32 (50c)|3|post_footprint_on,fcm_obj,23.607850221087094,23.607850221087094,1,1
t3_design_space/per_seed_metrics__T9_L1_gf.csv [noES both],mnist784_pca32 (50c)|4|post_footprint_on,min_dist,2.181270537954782,2.181270537954782,1,1
t3_design_space/per_seed_metrics__T9_L1_gf.csv [noES both],mnist784_pca32 (50c)|4|post_footprint_on,mean_acc,0.5676132965702734,0.5676132965702734,1,1
t3_design_space/per_seed_metrics__T9_L1_gf.csv [noES both],mnist784_pca32 (50c)|4|post_footprint_on,worst_acc,0.4033674963396779,0.4033674963396779,1,1
t3_design_space/per_seed_metrics__T9_L1_gf.csv [noES both],mnist784_pca32 (50c)|4|post_footprint_on,fcm_obj,23.652528132530882,23.652528132530882,1,1
t3_design_space/per_seed_metrics__T9_L1_gf.csv [noES both],mnist784_pca32 (50c)|5|post_footprint_on,min_dist,2.6554532598214426,2.6554532598214426,1,1
t3_design_space/per_seed_metrics__T9_L1_gf.csv [noES both],mnist784_pca32 (50c)|5|post_footprint_on,mean_acc,0.5722468344754218,0.5722468344754218,1,1
t3_design_space/per_seed_metrics__T9_L1_gf.csv [noES both],mnist784_pca32 (50c)|5|post_footprint_on,worst_acc,0.43004824259131635,0.43004824259131635,1,1
t3_design_space/per_seed_metrics__T9_L1_gf.csv [noES both],mnist784_pca32 (50c)|5|post_footprint_on,fcm_obj,23.989598932412395,23.989598932412395,1,1
t3_design_space/per_seed_metrics__T9_L1_gf.csv [noES both],mnist784_pca32 (50c)|6|post_footprint_on,min_dist,2.357677905588722,2.357677905588722,1,1
t3_design_space/per_seed_metrics__T9_L1_gf.csv [noES both],mnist784_pca32 (50c)|6|post_footprint_on,mean_acc,0.5666547067809653,0.5666547067809653,1,1
t3_design_space/per_seed_metrics__T9_L1_gf.csv [noES both],mnist784_pca32 (50c)|6|post_footprint_on,worst_acc,0.45507246376811594,0.45507246376811594,1,1
t3_design_space/per_seed_metrics__T9_L1_gf.csv [noES both],mnist784_pca32 (50c)|6|post_footprint_on,fcm_obj,23.795687186996876,23.795687186996876,1,1
t3_design_space/per_seed_metrics__T9_L1_gf.csv [noES both],mnist784_pca32 (50c)|7|post_footprint_on,min_dist,2.5553913475564203,2.5553913475564203,1,1
t3_design_space/per_seed_metrics__T9_L1_gf.csv [noES both],mnist784_pca32 (50c)|7|post_footprint_on,mean_acc,0.5579477723648837,0.5579477723648837,1,1
t3_design_space/per_seed_metrics__T9_L1_gf.csv [noES both],mnist784_pca32 (50c)|7|post_footprint_on,worst_acc,0.48683274021352313,0.48683274021352313,1,1
t3_design_space/per_seed_metrics__T9_L1_gf.csv [noES both],mnist784_pca32 (50c)|7|post_footprint_on,fcm_obj,23.84272371205092,23.84272371205092,1,1
t3_design_space/per_seed_metrics__T9_L1_gf.csv [noES both],mnist784_pca32 (50c)|8|post_footprint_on,min_dist,2.3556806656103357,2.3556806656103357,1,1
t3_design_space/per_seed_metrics__T9_L1_gf.csv [noES both],mnist784_pca32 (50c)|8|post_footprint_on,mean_acc,0.588371951531376,0.588371951531376,1,1
t3_design_space/per_seed_metrics__T9_L1_gf.csv [noES both],mnist784_pca32 (50c)|8|post_footprint_on,worst_acc,0.44111192392099485,0.44111192392099485,1,1
t3_design_space/per_seed_metrics__T9_L1_gf.csv [noES both],mnist784_pca32 (50c)|8|post_footprint_on,fcm_obj,23.728710508321804,23.728710508321804,1,1
t3_design_space/per_seed_metrics__T9_L1_gf.csv [noES both],mnist784_pca32 (50c)|9|post_footprint_on,min_dist,2.6367714248931904,2.6367714248931904,1,1
t3_design_space/per_seed_metrics__T9_L1_gf.csv [noES both],mnist784_pca32 (50c)|9|post_footprint_on,mean_acc,0.6074154227824105,0.6074154227824105,1,1
t3_design_space/per_seed_metrics__T9_L1_gf.csv [noES both],mnist784_pca32 (50c)|9|post_footprint_on,worst_acc,0.5329949238578681,0.5329949238578681,1,1
t3_design_space/per_seed_metrics__T9_L1_gf.csv [noES both],mnist784_pca32 (50c)|9|post_footprint_on,fcm_obj,23.91455091963263,23.91455091963263,1,1
t3_design_space/per_seed_metrics__T9_L1_confirm.csv [noES both],cluster_skew_hard|10|post_footprint_on,min_dist,1.0413575598563245,1.0413575598563245,1,1
t3_design_space/per_seed_metrics__T9_L1_confirm.csv [noES both],cluster_skew_hard|10|post_footprint_on,mean_acc,0.8647727272727272,0.8647727272727272,1,1
t3_design_space/per_seed_metrics__T9_L1_confirm.csv [noES both],cluster_skew_hard|10|post_footprint_on,worst_acc,0.5454545454545454,0.5454545454545454,1,1
t3_design_space/per_seed_metrics__T9_L1_confirm.csv [noES both],cluster_skew_hard|10|post_footprint_on,fcm_obj,1.6087697372714136,1.6087697372714136,1,1
t3_design_space/per_seed_metrics__T9_L1_confirm.csv [noES both],cluster_skew_hard|11|post_footprint_on,min_dist,7.26683672455742,7.26683672455742,1,1
t3_design_space/per_seed_metrics__T9_L1_confirm.csv [noES both],cluster_skew_hard|11|post_footprint_on,mean_acc,1.0,1.0,1,1
t3_design_space/per_seed_metrics__T9_L1_confirm.csv [noES both],cluster_skew_hard|11|post_footprint_on,worst_acc,1.0,1.0,1,1
t3_design_space/per_seed_metrics__T9_L1_confirm.csv [noES both],cluster_skew_hard|11|post_footprint_on,fcm_obj,1.0232596305431603,1.0232596305431603,1,1
t3_design_space/per_seed_metrics__T9_L1_confirm.csv [noES both],cluster_skew_hard|12|post_footprint_on,min_dist,7.134133159756775,7.134133159756775,1,1
t3_design_space/per_seed_metrics__T9_L1_confirm.csv [noES both],cluster_skew_hard|12|post_footprint_on,mean_acc,1.0,1.0,1,1
t3_design_space/per_seed_metrics__T9_L1_confirm.csv [noES both],cluster_skew_hard|12|post_footprint_on,worst_acc,1.0,1.0,1,1
t3_design_space/per_seed_metrics__T9_L1_confirm.csv [noES both],cluster_skew_hard|12|post_footprint_on,fcm_obj,1.0485060187751865,1.0485060187751865,1,1
t3_design_space/per_seed_metrics__T9_L1_confirm.csv [noES both],cluster_skew_hard|13|post_footprint_on,min_dist,7.444737683529758,7.444737683529758,1,1
t3_design_space/per_seed_metrics__T9_L1_confirm.csv [noES both],cluster_skew_hard|13|post_footprint_on,mean_acc,1.0,1.0,1,1
t3_design_space/per_seed_metrics__T9_L1_confirm.csv [noES both],cluster_skew_hard|13|post_footprint_on,worst_acc,1.0,1.0,1,1
t3_design_space/per_seed_metrics__T9_L1_confirm.csv [noES both],cluster_skew_hard|13|post_footprint_on,fcm_obj,1.042124072638255,1.042124072638255,1,1
t3_design_space/per_seed_metrics__T9_L1_confirm.csv [noES both],cluster_skew_hard|14|post_footprint_on,min_dist,7.308242267745615,7.308242267745615,1,1
t3_design_space/per_seed_metrics__T9_L1_confirm.csv [noES both],cluster_skew_hard|14|post_footprint_on,mean_acc,1.0,1.0,1,1
t3_design_space/per_seed_metrics__T9_L1_confirm.csv [noES both],cluster_skew_hard|14|post_footprint_on,worst_acc,1.0,1.0,1,1
t3_design_space/per_seed_metrics__T9_L1_confirm.csv [noES both],cluster_skew_hard|14|post_footprint_on,fcm_obj,1.002766398391097,1.002766398391097,1,1
t3_design_space/per_seed_metrics__T9_L1_confirm.csv [noES both],cluster_skew_hard|15|post_footprint_on,min_dist,7.315237883372783,7.315237883372783,1,1
t3_design_space/per_seed_metrics__T9_L1_confirm.csv [noES both],cluster_skew_hard|15|post_footprint_on,mean_acc,1.0,1.0,1,1
t3_design_space/per_seed_metrics__T9_L1_confirm.csv [noES both],cluster_skew_hard|15|post_footprint_on,worst_acc,1.0,1.0,1,1
t3_design_space/per_seed_metrics__T9_L1_confirm.csv [noES both],cluster_skew_hard|15|post_footprint_on,fcm_obj,1.0506966630788783,1.0506966630788783,1,1
t3_design_space/per_seed_metrics__T9_L1_confirm.csv [noES both],cluster_skew_hard|16|post_footprint_on,min_dist,7.2866210108182115,7.2866210108182115,1,1
t3_design_space/per_seed_metrics__T9_L1_confirm.csv [noES both],cluster_skew_hard|16|post_footprint_on,mean_acc,1.0,1.0,1,1
t3_design_space/per_seed_metrics__T9_L1_confirm.csv [noES both],cluster_skew_hard|16|post_footprint_on,worst_acc,1.0,1.0,1,1
t3_design_space/per_seed_metrics__T9_L1_confirm.csv [noES both],cluster_skew_hard|16|post_footprint_on,fcm_obj,1.0419621266232129,1.0419621266232129,1,1
t3_design_space/per_seed_metrics__T9_L1_confirm.csv [noES both],cluster_skew_hard|17|post_footprint_on,min_dist,7.220030626995849,7.220030626995849,1,1
t3_design_space/per_seed_metrics__T9_L1_confirm.csv [noES both],cluster_skew_hard|17|post_footprint_on,mean_acc,1.0,1.0,1,1
t3_design_space/per_seed_metrics__T9_L1_confirm.csv [noES both],cluster_skew_hard|17|post_footprint_on,worst_acc,1.0,1.0,1,1
t3_design_space/per_seed_metrics__T9_L1_confirm.csv [noES both],cluster_skew_hard|17|post_footprint_on,fcm_obj,1.0442842104289842,1.0442842104289842,1,1
t3_design_space/per_seed_metrics__T9_L1_confirm.csv [noES both],cluster_skew_hard|18|post_footprint_on,min_dist,1.146601203593456,1.146601203593456,1,1
t3_design_space/per_seed_metrics__T9_L1_confirm.csv [noES both],cluster_skew_hard|18|post_footprint_on,mean_acc,0.875,0.875,1,1
t3_design_space/per_seed_metrics__T9_L1_confirm.csv [noES both],cluster_skew_hard|18|post_footprint_on,worst_acc,0.55,0.55,1,1
t3_design_space/per_seed_metrics__T9_L1_confirm.csv [noES both],cluster_skew_hard|18|post_footprint_on,fcm_obj,1.5556944580594727,1.5556944580594727,1,1
t3_design_space/per_seed_metrics__T9_L1_confirm.csv [noES both],cluster_skew_hard|19|post_footprint_on,min_dist,7.330540623236057,7.330540623236057,1,1
t3_design_space/per_seed_metrics__T9_L1_confirm.csv [noES both],cluster_skew_hard|19|post_footprint_on,mean_acc,1.0,1.0,1,1
t3_design_space/per_seed_metrics__T9_L1_confirm.csv [noES both],cluster_skew_hard|19|post_footprint_on,worst_acc,1.0,1.0,1,1
t3_design_space/per_seed_metrics__T9_L1_confirm.csv [noES both],cluster_skew_hard|19|post_footprint_on,fcm_obj,1.0233795056977235,1.0233795056977235,1,1
t3_design_space/per_seed_metrics__T9_L1_confirm.csv [noES both],cluster_skew_overlap|10|post_footprint_on,min_dist,4.302346715407839,4.302346715407839,1,1
t3_design_space/per_seed_metrics__T9_L1_confirm.csv [noES both],cluster_skew_overlap|10|post_footprint_on,mean_acc,0.8428030303030304,0.8428030303030304,1,1
t3_design_space/per_seed_metrics__T9_L1_confirm.csv [noES both],cluster_skew_overlap|10|post_footprint_on,worst_acc,0.759090909090909,0.759090909090909,1,1
t3_design_space/per_seed_metrics__T9_L1_confirm.csv [noES both],cluster_skew_overlap|10|post_footprint_on,fcm_obj,2.0355197592479053,2.0355197592479053,1,1
t3_design_space/per_seed_metrics__T9_L1_confirm.csv [noES both],cluster_skew_overlap|11|post_footprint_on,min_dist,4.2971267219906695,4.2971267219906695,1,1
t3_design_space/per_seed_metrics__T9_L1_confirm.csv [noES both],cluster_skew_overlap|11|post_footprint_on,mean_acc,0.8534090909090909,0.8534090909090909,1,1
t3_design_space/per_seed_metrics__T9_L1_confirm.csv [noES both],cluster_skew_overlap|11|post_footprint_on,worst_acc,0.8090909090909091,0.8090909090909091,1,1
t3_design_space/per_seed_metrics__T9_L1_confirm.csv [noES both],cluster_skew_overlap|11|post_footprint_on,fcm_obj,2.0483009336878046,2.0483009336878046,1,1
t3_design_space/per_seed_metrics__T9_L1_confirm.csv [noES both],cluster_skew_overlap|12|post_footprint_on,min_dist,4.4074010396799475,4.4074010396799475,1,1
t3_design_space/per_seed_metrics__T9_L1_confirm.csv [noES both],cluster_skew_overlap|12|post_footprint_on,mean_acc,0.8435606060606061,0.8435606060606061,1,1
t3_design_space/per_seed_metrics__T9_L1_confirm.csv [noES both],cluster_skew_overlap|12|post_footprint_on,worst_acc,0.7727272727272727,0.7727272727272727,1,1
t3_design_space/per_seed_metrics__T9_L1_confirm.csv [noES both],cluster_skew_overlap|12|post_footprint_on,fcm_obj,2.094937189287441,2.094937189287441,1,1
t3_design_space/per_seed_metrics__T9_L1_confirm.csv [noES both],cluster_skew_overlap|13|post_footprint_on,min_dist,4.4537695985560575,4.4537695985560575,1,1
t3_design_space/per_seed_metrics__T9_L1_confirm.csv [noES both],cluster_skew_overlap|13|post_footprint_on,mean_acc,0.8534090909090909,0.8534090909090909,1,1
t3_design_space/per_seed_metrics__T9_L1_confirm.csv [noES both],cluster_skew_overlap|13|post_footprint_on,worst_acc,0.7772727272727272,0.7772727272727272,1,1
t3_design_space/per_seed_metrics__T9_L1_confirm.csv [noES both],cluster_skew_overlap|13|post_footprint_on,fcm_obj,2.1229975865413806,2.1229975865413806,1,1
t3_design_space/per_seed_metrics__T9_L1_confirm.csv [noES both],cluster_skew_overlap|14|post_footprint_on,min_dist,4.211684171171226,4.211684171171226,1,1
t3_design_space/per_seed_metrics__T9_L1_confirm.csv [noES both],cluster_skew_overlap|14|post_footprint_on,mean_acc,0.8534090909090909,0.8534090909090909,1,1
t3_design_space/per_seed_metrics__T9_L1_confirm.csv [noES both],cluster_skew_overlap|14|post_footprint_on,worst_acc,0.759090909090909,0.759090909090909,1,1
t3_design_space/per_seed_metrics__T9_L1_confirm.csv [noES both],cluster_skew_overlap|14|post_footprint_on,fcm_obj,2.0062183469018624,2.0062183469018624,1,1
t3_design_space/per_seed_metrics__T9_L1_confirm.csv [noES both],cluster_skew_overlap|15|post_footprint_on,min_dist,4.133625405262532,4.133625405262532,1,1
t3_design_space/per_seed_metrics__T9_L1_confirm.csv [noES both],cluster_skew_overlap|15|post_footprint_on,mean_acc,0.8420454545454547,0.8420454545454547,1,1
t3_design_space/per_seed_metrics__T9_L1_confirm.csv [noES both],cluster_skew_overlap|15|post_footprint_on,worst_acc,0.7727272727272727,0.7727272727272727,1,1
t3_design_space/per_seed_metrics__T9_L1_confirm.csv [noES both],cluster_skew_overlap|15|post_footprint_on,fcm_obj,2.0496652474153567,2.0496652474153567,1,1
t3_design_space/per_seed_metrics__T9_L1_confirm.csv [noES both],cluster_skew_overlap|16|post_footprint_on,min_dist,4.282245173651334,4.282245173651334,1,1
t3_design_space/per_seed_metrics__T9_L1_confirm.csv [noES both],cluster_skew_overlap|16|post_footprint_on,mean_acc,0.8321969696969697,0.8321969696969697,1,1
t3_design_space/per_seed_metrics__T9_L1_confirm.csv [noES both],cluster_skew_overlap|16|post_footprint_on,worst_acc,0.7863636363636364,0.7863636363636364,1,1
t3_design_space/per_seed_metrics__T9_L1_confirm.csv [noES both],cluster_skew_overlap|16|post_footprint_on,fcm_obj,2.055580328530565,2.055580328530565,1,1
t3_design_space/per_seed_metrics__T9_L1_confirm.csv [noES both],cluster_skew_overlap|17|post_footprint_on,min_dist,4.293014963482188,4.293014963482188,1,1
t3_design_space/per_seed_metrics__T9_L1_confirm.csv [noES both],cluster_skew_overlap|17|post_footprint_on,mean_acc,0.8477272727272727,0.8477272727272727,1,1
t3_design_space/per_seed_metrics__T9_L1_confirm.csv [noES both],cluster_skew_overlap|17|post_footprint_on,worst_acc,0.7954545454545454,0.7954545454545454,1,1
t3_design_space/per_seed_metrics__T9_L1_confirm.csv [noES both],cluster_skew_overlap|17|post_footprint_on,fcm_obj,2.094474067777318,2.094474067777318,1,1
t3_design_space/per_seed_metrics__T9_L1_confirm.csv [noES both],cluster_skew_overlap|18|post_footprint_on,min_dist,4.350648238152121,4.350648238152121,1,1
t3_design_space/per_seed_metrics__T9_L1_confirm.csv [noES both],cluster_skew_overlap|18|post_footprint_on,mean_acc,0.8462121212121212,0.8462121212121212,1,1
t3_design_space/per_seed_metrics__T9_L1_confirm.csv [noES both],cluster_skew_overlap|18|post_footprint_on,worst_acc,0.8,0.8,1,1
t3_design_space/per_seed_metrics__T9_L1_confirm.csv [noES both],cluster_skew_overlap|18|post_footprint_on,fcm_obj,2.050654808080467,2.050654808080467,1,1
t3_design_space/per_seed_metrics__T9_L1_confirm.csv [noES both],cluster_skew_overlap|19|post_footprint_on,min_dist,4.2390016587274975,4.2390016587274975,1,1
t3_design_space/per_seed_metrics__T9_L1_confirm.csv [noES both],cluster_skew_overlap|19|post_footprint_on,mean_acc,0.8477272727272728,0.8477272727272728,1,1
t3_design_space/per_seed_metrics__T9_L1_confirm.csv [noES both],cluster_skew_overlap|19|post_footprint_on,worst_acc,0.7863636363636364,0.7863636363636364,1,1
t3_design_space/per_seed_metrics__T9_L1_confirm.csv [noES both],cluster_skew_overlap|19|post_footprint_on,fcm_obj,2.0459876285395158,2.0459876285395158,1,1
t3_design_space/per_seed_metrics__T9_L1_confirm.csv [noES both],dirichlet_0.03|10|post_footprint_on,min_dist,6.415520450176611,6.415520450176611,1,1
t3_design_space/per_seed_metrics__T9_L1_confirm.csv [noES both],dirichlet_0.03|10|post_footprint_on,mean_acc,1.0,1.0,1,1
t3_design_space/per_seed_metrics__T9_L1_confirm.csv [noES both],dirichlet_0.03|10|post_footprint_on,worst_acc,1.0,1.0,1,1
t3_design_space/per_seed_metrics__T9_L1_confirm.csv [noES both],dirichlet_0.03|10|post_footprint_on,fcm_obj,1.0318660791975631,1.0318660791975631,1,1
t3_design_space/per_seed_metrics__T9_L1_confirm.csv [noES both],dirichlet_0.03|11|post_footprint_on,min_dist,7.238239074075125,7.238239074075125,1,1
t3_design_space/per_seed_metrics__T9_L1_confirm.csv [noES both],dirichlet_0.03|11|post_footprint_on,mean_acc,1.0,1.0,1,1
t3_design_space/per_seed_metrics__T9_L1_confirm.csv [noES both],dirichlet_0.03|11|post_footprint_on,worst_acc,1.0,1.0,1,1
t3_design_space/per_seed_metrics__T9_L1_confirm.csv [noES both],dirichlet_0.03|11|post_footprint_on,fcm_obj,1.0657229760247824,1.0657229760247824,1,1
t3_design_space/per_seed_metrics__T9_L1_confirm.csv [noES both],dirichlet_0.03|12|post_footprint_on,min_dist,7.127743622277622,7.127743622277622,1,1
t3_design_space/per_seed_metrics__T9_L1_confirm.csv [noES both],dirichlet_0.03|12|post_footprint_on,mean_acc,1.0,1.0,1,1
t3_design_space/per_seed_metrics__T9_L1_confirm.csv [noES both],dirichlet_0.03|12|post_footprint_on,worst_acc,1.0,1.0,1,1
t3_design_space/per_seed_metrics__T9_L1_confirm.csv [noES both],dirichlet_0.03|12|post_footprint_on,fcm_obj,1.0598866453533942,1.0598866453533942,1,1
t3_design_space/per_seed_metrics__T9_L1_confirm.csv [noES both],dirichlet_0.03|13|post_footprint_on,min_dist,7.1819126014350045,7.1819126014350045,1,1
t3_design_space/per_seed_metrics__T9_L1_confirm.csv [noES both],dirichlet_0.03|13|post_footprint_on,mean_acc,1.0,1.0,1,1
t3_design_space/per_seed_metrics__T9_L1_confirm.csv [noES both],dirichlet_0.03|13|post_footprint_on,worst_acc,1.0,1.0,1,1
t3_design_space/per_seed_metrics__T9_L1_confirm.csv [noES both],dirichlet_0.03|13|post_footprint_on,fcm_obj,1.0452902112922144,1.0452902112922144,1,1
t3_design_space/per_seed_metrics__T9_L1_confirm.csv [noES both],dirichlet_0.03|14|post_footprint_on,min_dist,7.2409321362747745,7.2409321362747745,1,1
t3_design_space/per_seed_metrics__T9_L1_confirm.csv [noES both],dirichlet_0.03|14|post_footprint_on,mean_acc,1.0,1.0,1,1
t3_design_space/per_seed_metrics__T9_L1_confirm.csv [noES both],dirichlet_0.03|14|post_footprint_on,worst_acc,1.0,1.0,1,1
t3_design_space/per_seed_metrics__T9_L1_confirm.csv [noES both],dirichlet_0.03|14|post_footprint_on,fcm_obj,1.0359159896775478,1.0359159896775478,1,1
t3_design_space/per_seed_metrics__T9_L1_confirm.csv [noES both],dirichlet_0.03|15|post_footprint_on,min_dist,7.187199042065219,7.187199042065219,1,1
t3_design_space/per_seed_metrics__T9_L1_confirm.csv [noES both],dirichlet_0.03|15|post_footprint_on,mean_acc,1.0,1.0,1,1
t3_design_space/per_seed_metrics__T9_L1_confirm.csv [noES both],dirichlet_0.03|15|post_footprint_on,worst_acc,1.0,1.0,1,1
t3_design_space/per_seed_metrics__T9_L1_confirm.csv [noES both],dirichlet_0.03|15|post_footprint_on,fcm_obj,1.0323699672360624,1.0323699672360624,1,1
t3_design_space/per_seed_metrics__T9_L1_confirm.csv [noES both],dirichlet_0.03|16|post_footprint_on,min_dist,6.48772048363399,6.48772048363399,1,1
t3_design_space/per_seed_metrics__T9_L1_confirm.csv [noES both],dirichlet_0.03|16|post_footprint_on,mean_acc,1.0,1.0,1,1
t3_design_space/per_seed_metrics__T9_L1_confirm.csv [noES both],dirichlet_0.03|16|post_footprint_on,worst_acc,1.0,1.0,1,1
t3_design_space/per_seed_metrics__T9_L1_confirm.csv [noES both],dirichlet_0.03|16|post_footprint_on,fcm_obj,1.0703836293649849,1.0703836293649849,1,1
t3_design_space/per_seed_metrics__T9_L1_confirm.csv [noES both],dirichlet_0.03|17|post_footprint_on,min_dist,7.127249552011307,7.127249552011307,1,1
t3_design_space/per_seed_metrics__T9_L1_confirm.csv [noES both],dirichlet_0.03|17|post_footprint_on,mean_acc,1.0,1.0,1,1
t3_design_space/per_seed_metrics__T9_L1_confirm.csv [noES both],dirichlet_0.03|17|post_footprint_on,worst_acc,1.0,1.0,1,1
t3_design_space/per_seed_metrics__T9_L1_confirm.csv [noES both],dirichlet_0.03|17|post_footprint_on,fcm_obj,1.0498256964677481,1.0498256964677481,1,1
t3_design_space/per_seed_metrics__T9_L1_confirm.csv [noES both],dirichlet_0.03|18|post_footprint_on,min_dist,6.849321870479042,6.849321870479042,1,1
t3_design_space/per_seed_metrics__T9_L1_confirm.csv [noES both],dirichlet_0.03|18|post_footprint_on,mean_acc,1.0,1.0,1,1
t3_design_space/per_seed_metrics__T9_L1_confirm.csv [noES both],dirichlet_0.03|18|post_footprint_on,worst_acc,1.0,1.0,1,1
t3_design_space/per_seed_metrics__T9_L1_confirm.csv [noES both],dirichlet_0.03|18|post_footprint_on,fcm_obj,1.0323871938143276,1.0323871938143276,1,1
t3_design_space/per_seed_metrics__T9_L1_confirm.csv [noES both],dirichlet_0.03|19|post_footprint_on,min_dist,7.083237572359361,7.083237572359361,1,1
t3_design_space/per_seed_metrics__T9_L1_confirm.csv [noES both],dirichlet_0.03|19|post_footprint_on,mean_acc,1.0,1.0,1,1
t3_design_space/per_seed_metrics__T9_L1_confirm.csv [noES both],dirichlet_0.03|19|post_footprint_on,worst_acc,1.0,1.0,1,1
t3_design_space/per_seed_metrics__T9_L1_confirm.csv [noES both],dirichlet_0.03|19|post_footprint_on,fcm_obj,1.003309567631659,1.003309567631659,1,1
t3_design_space/per_seed_metrics__T9_L1_confirm.csv [noES both],dirichlet_0.1|10|post_footprint_on,min_dist,6.74824656873813,6.74824656873813,1,1
t3_design_space/per_seed_metrics__T9_L1_confirm.csv [noES both],dirichlet_0.1|10|post_footprint_on,mean_acc,1.0,1.0,1,1
t3_design_space/per_seed_metrics__T9_L1_confirm.csv [noES both],dirichlet_0.1|10|post_footprint_on,worst_acc,1.0,1.0,1,1
t3_design_space/per_seed_metrics__T9_L1_confirm.csv [noES both],dirichlet_0.1|10|post_footprint_on,fcm_obj,1.0288762625305086,1.0288762625305086,1,1
t3_design_space/per_seed_metrics__T9_L1_confirm.csv [noES both],dirichlet_0.1|11|post_footprint_on,min_dist,7.261175277197085,7.261175277197085,1,1
t3_design_space/per_seed_metrics__T9_L1_confirm.csv [noES both],dirichlet_0.1|11|post_footprint_on,mean_acc,1.0,1.0,1,1
t3_design_space/per_seed_metrics__T9_L1_confirm.csv [noES both],dirichlet_0.1|11|post_footprint_on,worst_acc,1.0,1.0,1,1
t3_design_space/per_seed_metrics__T9_L1_confirm.csv [noES both],dirichlet_0.1|11|post_footprint_on,fcm_obj,1.0184879599755512,1.0184879599755512,1,1
t3_design_space/per_seed_metrics__T9_L1_confirm.csv [noES both],dirichlet_0.1|12|post_footprint_on,min_dist,7.29991356569256,7.29991356569256,1,1
t3_design_space/per_seed_metrics__T9_L1_confirm.csv [noES both],dirichlet_0.1|12|post_footprint_on,mean_acc,1.0,1.0,1,1
t3_design_space/per_seed_metrics__T9_L1_confirm.csv [noES both],dirichlet_0.1|12|post_footprint_on,worst_acc,1.0,1.0,1,1
t3_design_space/per_seed_metrics__T9_L1_confirm.csv [noES both],dirichlet_0.1|12|post_footprint_on,fcm_obj,1.062921020102009,1.062921020102009,1,1
t3_design_space/per_seed_metrics__T9_L1_confirm.csv [noES both],dirichlet_0.1|13|post_footprint_on,min_dist,1.4759324398372313,1.4759324398372313,1,1
t3_design_space/per_seed_metrics__T9_L1_confirm.csv [noES both],dirichlet_0.1|13|post_footprint_on,mean_acc,0.8821969696969698,0.8821969696969698,1,1
t3_design_space/per_seed_metrics__T9_L1_confirm.csv [noES both],dirichlet_0.1|13|post_footprint_on,worst_acc,0.6318181818181818,0.6318181818181818,1,1
t3_design_space/per_seed_metrics__T9_L1_confirm.csv [noES both],dirichlet_0.1|13|post_footprint_on,fcm_obj,1.7488390502870825,1.7488390502870825,1,1
t3_design_space/per_seed_metrics__T9_L1_confirm.csv [noES both],dirichlet_0.1|14|post_footprint_on,min_dist,7.35748111817127,7.35748111817127,1,1
t3_design_space/per_seed_metrics__T9_L1_confirm.csv [noES both],dirichlet_0.1|14|post_footprint_on,mean_acc,1.0,1.0,1,1
t3_design_space/per_seed_metrics__T9_L1_confirm.csv [noES both],dirichlet_0.1|14|post_footprint_on,worst_acc,1.0,1.0,1,1
t3_design_space/per_seed_metrics__T9_L1_confirm.csv [noES both],dirichlet_0.1|14|post_footprint_on,fcm_obj,0.9935842273389734,0.9935842273389734,1,1
t3_design_space/per_seed_metrics__T9_L1_confirm.csv [noES both],dirichlet_0.1|15|post_footprint_on,min_dist,7.437171867593458,7.437171867593458,1,1
t3_design_space/per_seed_metrics__T9_L1_confirm.csv [noES both],dirichlet_0.1|15|post_footprint_on,mean_acc,1.0,1.0,1,1
t3_design_space/per_seed_metrics__T9_L1_confirm.csv [noES both],dirichlet_0.1|15|post_footprint_on,worst_acc,1.0,1.0,1,1
t3_design_space/per_seed_metrics__T9_L1_confirm.csv [noES both],dirichlet_0.1|15|post_footprint_on,fcm_obj,1.0301427851587521,1.0301427851587521,1,1
t3_design_space/per_seed_metrics__T9_L1_confirm.csv [noES both],dirichlet_0.1|16|post_footprint_on,min_dist,7.384773890521116,7.384773890521116,1,1
t3_design_space/per_seed_metrics__T9_L1_confirm.csv [noES both],dirichlet_0.1|16|post_footprint_on,mean_acc,1.0,1.0,1,1
t3_design_space/per_seed_metrics__T9_L1_confirm.csv [noES both],dirichlet_0.1|16|post_footprint_on,worst_acc,1.0,1.0,1,1
t3_design_space/per_seed_metrics__T9_L1_confirm.csv [noES both],dirichlet_0.1|16|post_footprint_on,fcm_obj,1.0359788439148359,1.0359788439148359,1,1
t3_design_space/per_seed_metrics__T9_L1_confirm.csv [noES both],dirichlet_0.1|17|post_footprint_on,min_dist,7.388139561170756,7.388139561170756,1,1
t3_design_space/per_seed_metrics__T9_L1_confirm.csv [noES both],dirichlet_0.1|17|post_footprint_on,mean_acc,1.0,1.0,1,1
t3_design_space/per_seed_metrics__T9_L1_confirm.csv [noES both],dirichlet_0.1|17|post_footprint_on,worst_acc,1.0,1.0,1,1
t3_design_space/per_seed_metrics__T9_L1_confirm.csv [noES both],dirichlet_0.1|17|post_footprint_on,fcm_obj,1.0486841261164115,1.0486841261164115,1,1
t3_design_space/per_seed_metrics__T9_L1_confirm.csv [noES both],dirichlet_0.1|18|post_footprint_on,min_dist,6.960445466369649,6.960445466369649,1,1
t3_design_space/per_seed_metrics__T9_L1_confirm.csv [noES both],dirichlet_0.1|18|post_footprint_on,mean_acc,1.0,1.0,1,1
t3_design_space/per_seed_metrics__T9_L1_confirm.csv [noES both],dirichlet_0.1|18|post_footprint_on,worst_acc,1.0,1.0,1,1
t3_design_space/per_seed_metrics__T9_L1_confirm.csv [noES both],dirichlet_0.1|18|post_footprint_on,fcm_obj,1.0431079445039466,1.0431079445039466,1,1
t3_design_space/per_seed_metrics__T9_L1_confirm.csv [noES both],dirichlet_0.1|19|post_footprint_on,min_dist,7.445184342050561,7.445184342050561,1,1
t3_design_space/per_seed_metrics__T9_L1_confirm.csv [noES both],dirichlet_0.1|19|post_footprint_on,mean_acc,1.0,1.0,1,1
t3_design_space/per_seed_metrics__T9_L1_confirm.csv [noES both],dirichlet_0.1|19|post_footprint_on,worst_acc,1.0,1.0,1,1
t3_design_space/per_seed_metrics__T9_L1_confirm.csv [noES both],dirichlet_0.1|19|post_footprint_on,fcm_obj,1.0116730532281735,1.0116730532281735,1,1
t3_design_space/per_seed_metrics__T9_L1_confirm.csv [noES both],overlap_noise|10|post_footprint_on,min_dist,4.708695305800114,4.708695305800114,1,1
t3_design_space/per_seed_metrics__T9_L1_confirm.csv [noES both],overlap_noise|10|post_footprint_on,mean_acc,0.9071969696969697,0.9071969696969697,1,1
t3_design_space/per_seed_metrics__T9_L1_confirm.csv [noES both],overlap_noise|10|post_footprint_on,worst_acc,0.8772727272727273,0.8772727272727273,1,1
t3_design_space/per_seed_metrics__T9_L1_confirm.csv [noES both],overlap_noise|10|post_footprint_on,fcm_obj,2.3331448370135925,2.3331448370135925,1,1
t3_design_space/per_seed_metrics__T9_L1_confirm.csv [noES both],overlap_noise|11|post_footprint_on,min_dist,4.900125082780814,4.900125082780814,1,1
t3_design_space/per_seed_metrics__T9_L1_confirm.csv [noES both],overlap_noise|11|post_footprint_on,mean_acc,0.9053030303030304,0.9053030303030304,1,1
t3_design_space/per_seed_metrics__T9_L1_confirm.csv [noES both],overlap_noise|11|post_footprint_on,worst_acc,0.8636363636363636,0.8636363636363636,1,1
t3_design_space/per_seed_metrics__T9_L1_confirm.csv [noES both],overlap_noise|11|post_footprint_on,fcm_obj,2.262814102261418,2.262814102261418,1,1
t3_design_space/per_seed_metrics__T9_L1_confirm.csv [noES both],overlap_noise|12|post_footprint_on,min_dist,5.009128077088361,5.009128077088361,1,1
t3_design_space/per_seed_metrics__T9_L1_confirm.csv [noES both],overlap_noise|12|post_footprint_on,mean_acc,0.9037878787878788,0.9037878787878788,1,1
t3_design_space/per_seed_metrics__T9_L1_confirm.csv [noES both],overlap_noise|12|post_footprint_on,worst_acc,0.8727272727272727,0.8727272727272727,1,1
t3_design_space/per_seed_metrics__T9_L1_confirm.csv [noES both],overlap_noise|12|post_footprint_on,fcm_obj,2.3587384748838875,2.3587384748838875,1,1
t3_design_space/per_seed_metrics__T9_L1_confirm.csv [noES both],overlap_noise|13|post_footprint_on,min_dist,2.333504711006663,2.333504711006663,1,1
t3_design_space/per_seed_metrics__T9_L1_confirm.csv [noES both],overlap_noise|13|post_footprint_on,mean_acc,0.7776515151515152,0.7776515151515152,1,1
t3_design_space/per_seed_metrics__T9_L1_confirm.csv [noES both],overlap_noise|13|post_footprint_on,worst_acc,0.5818181818181818,0.5818181818181818,1,1
t3_design_space/per_seed_metrics__T9_L1_confirm.csv [noES both],overlap_noise|13|post_footprint_on,fcm_obj,2.238558710010113,2.238558710010113,1,1
t3_design_space/per_seed_metrics__T9_L1_confirm.csv [noES both],overlap_noise|14|post_footprint_on,min_dist,4.933465738158611,4.933465738158611,1,1
t3_design_space/per_seed_metrics__T9_L1_confirm.csv [noES both],overlap_noise|14|post_footprint_on,mean_acc,0.9007575757575758,0.9007575757575758,1,1
t3_design_space/per_seed_metrics__T9_L1_confirm.csv [noES both],overlap_noise|14|post_footprint_on,worst_acc,0.8681818181818182,0.8681818181818182,1,1
t3_design_space/per_seed_metrics__T9_L1_confirm.csv [noES both],overlap_noise|14|post_footprint_on,fcm_obj,2.2774524822519657,2.2774524822519657,1,1
t3_design_space/per_seed_metrics__T9_L1_confirm.csv [noES both],overlap_noise|15|post_footprint_on,min_dist,4.71090326490222,4.71090326490222,1,1
t3_design_space/per_seed_metrics__T9_L1_confirm.csv [noES both],overlap_noise|15|post_footprint_on,mean_acc,0.8999999999999999,0.8999999999999999,1,1
t3_design_space/per_seed_metrics__T9_L1_confirm.csv [noES both],overlap_noise|15|post_footprint_on,worst_acc,0.8772727272727273,0.8772727272727273,1,1
t3_design_space/per_seed_metrics__T9_L1_confirm.csv [noES both],overlap_noise|15|post_footprint_on,fcm_obj,2.286600996492663,2.286600996492663,1,1
t3_design_space/per_seed_metrics__T9_L1_confirm.csv [noES both],overlap_noise|16|post_footprint_on,min_dist,4.8111668552873486,4.8111668552873486,1,1
t3_design_space/per_seed_metrics__T9_L1_confirm.csv [noES both],overlap_noise|16|post_footprint_on,mean_acc,0.8981060606060605,0.8981060606060605,1,1
t3_design_space/per_seed_metrics__T9_L1_confirm.csv [noES both],overlap_noise|16|post_footprint_on,worst_acc,0.8818181818181818,0.8818181818181818,1,1
t3_design_space/per_seed_metrics__T9_L1_confirm.csv [noES both],overlap_noise|16|post_footprint_on,fcm_obj,2.2731739875412296,2.2731739875412296,1,1
t3_design_space/per_seed_metrics__T9_L1_confirm.csv [noES both],overlap_noise|17|post_footprint_on,min_dist,4.96921543793413,4.96921543793413,1,1
t3_design_space/per_seed_metrics__T9_L1_confirm.csv [noES both],overlap_noise|17|post_footprint_on,mean_acc,0.8924242424242426,0.8924242424242426,1,1
t3_design_space/per_seed_metrics__T9_L1_confirm.csv [noES both],overlap_noise|17|post_footprint_on,worst_acc,0.8545454545454545,0.8545454545454545,1,1
t3_design_space/per_seed_metrics__T9_L1_confirm.csv [noES both],overlap_noise|17|post_footprint_on,fcm_obj,2.369488448764452,2.369488448764452,1,1
t3_design_space/per_seed_metrics__T9_L1_confirm.csv [noES both],overlap_noise|18|post_footprint_on,min_dist,4.891505952998249,4.891505952998249,1,1
t3_design_space/per_seed_metrics__T9_L1_confirm.csv [noES both],overlap_noise|18|post_footprint_on,mean_acc,0.897348484848485,0.897348484848485,1,1
t3_design_space/per_seed_metrics__T9_L1_confirm.csv [noES both],overlap_noise|18|post_footprint_on,worst_acc,0.8727272727272727,0.8727272727272727,1,1
t3_design_space/per_seed_metrics__T9_L1_confirm.csv [noES both],overlap_noise|18|post_footprint_on,fcm_obj,2.262736277236759,2.262736277236759,1,1
t3_design_space/per_seed_metrics__T9_L1_confirm.csv [noES both],overlap_noise|19|post_footprint_on,min_dist,4.935187114165193,4.935187114165193,1,1
t3_design_space/per_seed_metrics__T9_L1_confirm.csv [noES both],overlap_noise|19|post_footprint_on,mean_acc,0.9087121212121211,0.9087121212121211,1,1
t3_design_space/per_seed_metrics__T9_L1_confirm.csv [noES both],overlap_noise|19|post_footprint_on,worst_acc,0.8909090909090909,0.8909090909090909,1,1
t3_design_space/per_seed_metrics__T9_L1_confirm.csv [noES both],overlap_noise|19|post_footprint_on,fcm_obj,2.2737035148136338,2.2737035148136338,1,1
t3_design_space/per_seed_metrics__T9_L1_confirm.csv [noES both],quantity_skew_extreme|10|post_footprint_on,min_dist,1.2161359995889374,1.2161359995889374,1,1
t3_design_space/per_seed_metrics__T9_L1_confirm.csv [noES both],quantity_skew_extreme|10|post_footprint_on,mean_acc,0.8487488598236909,0.8487488598236909,1,1
t3_design_space/per_seed_metrics__T9_L1_confirm.csv [noES both],quantity_skew_extreme|10|post_footprint_on,worst_acc,0.5714285714285714,0.5714285714285714,1,1
t3_design_space/per_seed_metrics__T9_L1_confirm.csv [noES both],quantity_skew_extreme|10|post_footprint_on,fcm_obj,3.33600881444492,3.33600881444492,1,1
t3_design_space/per_seed_metrics__T9_L1_confirm.csv [noES both],quantity_skew_extreme|11|post_footprint_on,min_dist,6.866117923265342,6.866117923265342,1,1
t3_design_space/per_seed_metrics__T9_L1_confirm.csv [noES both],quantity_skew_extreme|11|post_footprint_on,mean_acc,1.0,1.0,1,1
t3_design_space/per_seed_metrics__T9_L1_confirm.csv [noES both],quantity_skew_extreme|11|post_footprint_on,worst_acc,1.0,1.0,1,1
t3_design_space/per_seed_metrics__T9_L1_confirm.csv [noES both],quantity_skew_extreme|11|post_footprint_on,fcm_obj,1.2909177880923126,1.2909177880923126,1,1
t3_design_space/per_seed_metrics__T9_L1_confirm.csv [noES both],quantity_skew_extreme|12|post_footprint_on,min_dist,1.0807070907064973,1.0807070907064973,1,1
t3_design_space/per_seed_metrics__T9_L1_confirm.csv [noES both],quantity_skew_extreme|12|post_footprint_on,mean_acc,0.8081302689811132,0.8081302689811132,1,1
t3_design_space/per_seed_metrics__T9_L1_confirm.csv [noES both],quantity_skew_extreme|12|post_footprint_on,worst_acc,0.5377551020408163,0.5377551020408163,1,1
t3_design_space/per_seed_metrics__T9_L1_confirm.csv [noES both],quantity_skew_extreme|12|post_footprint_on,fcm_obj,2.338672878880349,2.338672878880349,1,1
t3_design_space/per_seed_metrics__T9_L1_confirm.csv [noES both],quantity_skew_extreme|13|post_footprint_on,min_dist,1.0712291545121848,1.0712291545121848,1,1
t3_design_space/per_seed_metrics__T9_L1_confirm.csv [noES both],quantity_skew_extreme|13|post_footprint_on,mean_acc,0.870427262265019,0.870427262265019,1,1
t3_design_space/per_seed_metrics__T9_L1_confirm.csv [noES both],quantity_skew_extreme|13|post_footprint_on,worst_acc,0.6,0.6,1,1
t3_design_space/per_seed_metrics__T9_L1_confirm.csv [noES both],quantity_skew_extreme|13|post_footprint_on,fcm_obj,1.22743942429084,1.22743942429084,1,1
t3_design_space/per_seed_metrics__T9_L1_confirm.csv [noES both],quantity_skew_extreme|14|post_footprint_on,min_dist,1.0642320901000748,1.0642320901000748,1,1
t3_design_space/per_seed_metrics__T9_L1_confirm.csv [noES both],quantity_skew_extreme|14|post_footprint_on,mean_acc,0.8351701400662407,0.8351701400662407,1,1
t3_design_space/per_seed_metrics__T9_L1_confirm.csv [noES both],quantity_skew_extreme|14|post_footprint_on,worst_acc,0.5064724919093851,0.5064724919093851,1,1
t3_design_space/per_seed_metrics__T9_L1_confirm.csv [noES both],quantity_skew_extreme|14|post_footprint_on,fcm_obj,1.260121315262382,1.260121315262382,1,1
t3_design_space/per_seed_metrics__T9_L1_confirm.csv [noES both],quantity_skew_extreme|15|post_footprint_on,min_dist,7.435674061097657,7.435674061097657,1,1
t3_design_space/per_seed_metrics__T9_L1_confirm.csv [noES both],quantity_skew_extreme|15|post_footprint_on,mean_acc,1.0,1.0,1,1
t3_design_space/per_seed_metrics__T9_L1_confirm.csv [noES both],quantity_skew_extreme|15|post_footprint_on,worst_acc,1.0,1.0,1,1
t3_design_space/per_seed_metrics__T9_L1_confirm.csv [noES both],quantity_skew_extreme|15|post_footprint_on,fcm_obj,1.0572773971322338,1.0572773971322338,1,1
t3_design_space/per_seed_metrics__T9_L1_confirm.csv [noES both],quantity_skew_extreme|16|post_footprint_on,min_dist,1.8240716566280104,1.8240716566280104,1,1
t3_design_space/per_seed_metrics__T9_L1_confirm.csv [noES both],quantity_skew_extreme|16|post_footprint_on,mean_acc,0.9601288968387248,0.9601288968387248,1,1
t3_design_space/per_seed_metrics__T9_L1_confirm.csv [noES both],quantity_skew_extreme|16|post_footprint_on,worst_acc,0.8040816326530612,0.8040816326530612,1,1
t3_design_space/per_seed_metrics__T9_L1_confirm.csv [noES both],quantity_skew_extreme|16|post_footprint_on,fcm_obj,1.68450904311519,1.68450904311519,1,1
t3_design_space/per_seed_metrics__T9_L1_confirm.csv [noES both],quantity_skew_extreme|17|post_footprint_on,min_dist,1.0961771082061216,1.0961771082061216,1,1
t3_design_space/per_seed_metrics__T9_L1_confirm.csv [noES both],quantity_skew_extreme|17|post_footprint_on,mean_acc,0.8294253991759303,0.8294253991759303,1,1
t3_design_space/per_seed_metrics__T9_L1_confirm.csv [noES both],quantity_skew_extreme|17|post_footprint_on,worst_acc,0.5145631067961165,0.5145631067961165,1,1
t3_design_space/per_seed_metrics__T9_L1_confirm.csv [noES both],quantity_skew_extreme|17|post_footprint_on,fcm_obj,1.4022653277168846,1.4022653277168846,1,1
t3_design_space/per_seed_metrics__T9_L1_confirm.csv [noES both],quantity_skew_extreme|18|post_footprint_on,min_dist,6.276476106506723,6.276476106506723,1,1
t3_design_space/per_seed_metrics__T9_L1_confirm.csv [noES both],quantity_skew_extreme|18|post_footprint_on,mean_acc,1.0,1.0,1,1
t3_design_space/per_seed_metrics__T9_L1_confirm.csv [noES both],quantity_skew_extreme|18|post_footprint_on,worst_acc,1.0,1.0,1,1
t3_design_space/per_seed_metrics__T9_L1_confirm.csv [noES both],quantity_skew_extreme|18|post_footprint_on,fcm_obj,1.054618436548308,1.054618436548308,1,1
t3_design_space/per_seed_metrics__T9_L1_confirm.csv [noES both],quantity_skew_extreme|19|post_footprint_on,min_dist,1.129359021235636,1.129359021235636,1,1
t3_design_space/per_seed_metrics__T9_L1_confirm.csv [noES both],quantity_skew_extreme|19|post_footprint_on,mean_acc,0.8605019986688159,0.8605019986688159,1,1
t3_design_space/per_seed_metrics__T9_L1_confirm.csv [noES both],quantity_skew_extreme|19|post_footprint_on,worst_acc,0.6326860841423948,0.6326860841423948,1,1
t3_design_space/per_seed_metrics__T9_L1_confirm.csv [noES both],quantity_skew_extreme|19|post_footprint_on,fcm_obj,2.3972879067370862,2.3972879067370862,1,1
t3_design_space/per_seed_metrics__T9_L1_confirm.csv [noES both],wine|10|post_footprint_on,min_dist,3.4711831884946243,3.4711831884946243,1,1
t3_design_space/per_seed_metrics__T9_L1_confirm.csv [noES both],wine|10|post_footprint_on,mean_acc,0.9355211558307535,0.9355211558307535,1,1
t3_design_space/per_seed_metrics__T9_L1_confirm.csv [noES both],wine|10|post_footprint_on,worst_acc,0.8,0.8,1,1
t3_design_space/per_seed_metrics__T9_L1_confirm.csv [noES both],wine|10|post_footprint_on,fcm_obj,3.8064880375005425,3.8064880375005425,1,1
t3_design_space/per_seed_metrics__T9_L1_confirm.csv [noES both],wine|11|post_footprint_on,min_dist,3.434145500646385,3.434145500646385,1,1
t3_design_space/per_seed_metrics__T9_L1_confirm.csv [noES both],wine|11|post_footprint_on,mean_acc,0.9668201754385966,0.9668201754385966,1,1
t3_design_space/per_seed_metrics__T9_L1_confirm.csv [noES both],wine|11|post_footprint_on,worst_acc,0.8888888888888888,0.8888888888888888,1,1
t3_design_space/per_seed_metrics__T9_L1_confirm.csv [noES both],wine|11|post_footprint_on,fcm_obj,3.8667949580338794,3.8667949580338794,1,1
t3_design_space/per_seed_metrics__T9_L1_confirm.csv [noES both],wine|12|post_footprint_on,min_dist,3.504061683944859,3.504061683944859,1,1
t3_design_space/per_seed_metrics__T9_L1_confirm.csv [noES both],wine|12|post_footprint_on,mean_acc,0.9569590643274853,0.9569590643274853,1,1
t3_design_space/per_seed_metrics__T9_L1_confirm.csv [noES both],wine|12|post_footprint_on,worst_acc,0.8888888888888888,0.8888888888888888,1,1
t3_design_space/per_seed_metrics__T9_L1_confirm.csv [noES both],wine|12|post_footprint_on,fcm_obj,3.8255941959712025,3.8255941959712025,1,1
t3_design_space/per_seed_metrics__T9_L1_confirm.csv [noES both],wine|13|post_footprint_on,min_dist,3.4999849491589843,3.4999849491589843,1,1
t3_design_space/per_seed_metrics__T9_L1_confirm.csv [noES both],wine|13|post_footprint_on,mean_acc,0.9461403508771931,0.9461403508771931,1,1
t3_design_space/per_seed_metrics__T9_L1_confirm.csv [noES both],wine|13|post_footprint_on,worst_acc,0.8333333333333334,0.8333333333333334,1,1
t3_design_space/per_seed_metrics__T9_L1_confirm.csv [noES both],wine|13|post_footprint_on,fcm_obj,3.8081949432539917,3.8081949432539917,1,1
t3_design_space/per_seed_metrics__T9_L1_confirm.csv [noES both],wine|14|post_footprint_on,min_dist,3.4590169522079997,3.4590169522079997,1,1
t3_design_space/per_seed_metrics__T9_L1_confirm.csv [noES both],wine|14|post_footprint_on,mean_acc,0.949826711386309,0.949826711386309,1,1
t3_design_space/per_seed_metrics__T9_L1_confirm.csv [noES both],wine|14|post_footprint_on,worst_acc,0.8333333333333334,0.8333333333333334,1,1
t3_design_space/per_seed_metrics__T9_L1_confirm.csv [noES both],wine|14|post_footprint_on,fcm_obj,3.7931083559946805,3.7931083559946805,1,1
t3_design_space/per_seed_metrics__T9_L1_confirm.csv [noES both],wine|15|post_footprint_on,min_dist,3.4991551158940757,3.4991551158940757,1,1
t3_design_space/per_seed_metrics__T9_L1_confirm.csv [noES both],wine|15|post_footprint_on,mean_acc,0.9572222222222221,0.9572222222222221,1,1
t3_design_space/per_seed_metrics__T9_L1_confirm.csv [noES both],wine|15|post_footprint_on,worst_acc,0.85,0.85,1,1
t3_design_space/per_seed_metrics__T9_L1_confirm.csv [noES both],wine|15|post_footprint_on,fcm_obj,3.807830902565925,3.807830902565925,1,1
t3_design_space/per_seed_metrics__T9_L1_confirm.csv [noES both],wine|16|post_footprint_on,min_dist,3.4150492886881905,3.4150492886881905,1,1
t3_design_space/per_seed_metrics__T9_L1_confirm.csv [noES both],wine|16|post_footprint_on,mean_acc,0.9672222222222222,0.9672222222222222,1,1
t3_design_space/per_seed_metrics__T9_L1_confirm.csv [noES both],wine|16|post_footprint_on,worst_acc,0.8333333333333334,0.8333333333333334,1,1
t3_design_space/per_seed_metrics__T9_L1_confirm.csv [noES both],wine|16|post_footprint_on,fcm_obj,3.8178786461914673,3.8178786461914673,1,1
t3_design_space/per_seed_metrics__T9_L1_confirm.csv [noES both],wine|17|post_footprint_on,min_dist,3.4368991000350535,3.4368991000350535,1,1
t3_design_space/per_seed_metrics__T9_L1_confirm.csv [noES both],wine|17|post_footprint_on,mean_acc,0.9441176470588235,0.9441176470588235,1,1
t3_design_space/per_seed_metrics__T9_L1_confirm.csv [noES both],wine|17|post_footprint_on,worst_acc,0.7777777777777778,0.7777777777777778,1,1
t3_design_space/per_seed_metrics__T9_L1_confirm.csv [noES both],wine|17|post_footprint_on,fcm_obj,3.8473613938608793,3.8473613938608793,1,1
t3_design_space/per_seed_metrics__T9_L1_confirm.csv [noES both],wine|18|post_footprint_on,min_dist,3.587492533498453,3.587492533498453,1,1
t3_design_space/per_seed_metrics__T9_L1_confirm.csv [noES both],wine|18|post_footprint_on,mean_acc,0.967514619883041,0.967514619883041,1,1
t3_design_space/per_seed_metrics__T9_L1_confirm.csv [noES both],wine|18|post_footprint_on,worst_acc,0.8333333333333334,0.8333333333333334,1,1
t3_design_space/per_seed_metrics__T9_L1_confirm.csv [noES both],wine|18|post_footprint_on,fcm_obj,3.7765292426956973,3.7765292426956973,1,1
t3_design_space/per_seed_metrics__T9_L1_confirm.csv [noES both],wine|19|post_footprint_on,min_dist,3.5304032378639265,3.5304032378639265,1,1
t3_design_space/per_seed_metrics__T9_L1_confirm.csv [noES both],wine|19|post_footprint_on,mean_acc,0.9516959064327486,0.9516959064327486,1,1
t3_design_space/per_seed_metrics__T9_L1_confirm.csv [noES both],wine|19|post_footprint_on,worst_acc,0.8888888888888888,0.8888888888888888,1,1
t3_design_space/per_seed_metrics__T9_L1_confirm.csv [noES both],wine|19|post_footprint_on,fcm_obj,3.797841101138148,3.797841101138148,1,1
t3_design_space/per_seed_metrics__T9_L1_confirm.csv [noES both],satimage|10|post_footprint_on,min_dist,3.259034664985099,3.259034664985099,1,1
t3_design_space/per_seed_metrics__T9_L1_confirm.csv [noES both],satimage|10|post_footprint_on,mean_acc,0.6862850462276415,0.6862850462276415,1,1
t3_design_space/per_seed_metrics__T9_L1_confirm.csv [noES both],satimage|10|post_footprint_on,worst_acc,0.47266881028938906,0.47266881028938906,1,1
t3_design_space/per_seed_metrics__T9_L1_confirm.csv [noES both],satimage|10|post_footprint_on,fcm_obj,3.7075021086326743,3.7075021086326743,1,1
t3_design_space/per_seed_metrics__T9_L1_confirm.csv [noES both],satimage|11|post_footprint_on,min_dist,3.0556217148577587,3.0556217148577587,1,1
t3_design_space/per_seed_metrics__T9_L1_confirm.csv [noES both],satimage|11|post_footprint_on,mean_acc,0.6792129722763605,0.6792129722763605,1,1
t3_design_space/per_seed_metrics__T9_L1_confirm.csv [noES both],satimage|11|post_footprint_on,worst_acc,0.4758842443729904,0.4758842443729904,1,1
t3_design_space/per_seed_metrics__T9_L1_confirm.csv [noES both],satimage|11|post_footprint_on,fcm_obj,3.714645422915069,3.714645422915069,1,1
t3_design_space/per_seed_metrics__T9_L1_confirm.csv [noES both],satimage|12|post_footprint_on,min_dist,3.14467210471672,3.14467210471672,1,1
t3_design_space/per_seed_metrics__T9_L1_confirm.csv [noES both],satimage|12|post_footprint_on,mean_acc,0.679038661880132,0.679038661880132,1,1
t3_design_space/per_seed_metrics__T9_L1_confirm.csv [noES both],satimage|12|post_footprint_on,worst_acc,0.46869983948635635,0.46869983948635635,1,1
t3_design_space/per_seed_metrics__T9_L1_confirm.csv [noES both],satimage|12|post_footprint_on,fcm_obj,3.7142798919134075,3.7142798919134075,1,1
t3_design_space/per_seed_metrics__T9_L1_confirm.csv [noES both],satimage|13|post_footprint_on,min_dist,3.2515828249811976,3.2515828249811976,1,1
t3_design_space/per_seed_metrics__T9_L1_confirm.csv [noES both],satimage|13|post_footprint_on,mean_acc,0.6766119694794813,0.6766119694794813,1,1
t3_design_space/per_seed_metrics__T9_L1_confirm.csv [noES both],satimage|13|post_footprint_on,worst_acc,0.4758842443729904,0.4758842443729904,1,1
t3_design_space/per_seed_metrics__T9_L1_confirm.csv [noES both],satimage|13|post_footprint_on,fcm_obj,3.7111079579660275,3.7111079579660275,1,1
t3_design_space/per_seed_metrics__T9_L1_confirm.csv [noES both],satimage|14|post_footprint_on,min_dist,3.1751528505904996,3.1751528505904996,1,1
t3_design_space/per_seed_metrics__T9_L1_confirm.csv [noES both],satimage|14|post_footprint_on,mean_acc,0.6824772255000584,0.6824772255000584,1,1
t3_design_space/per_seed_metrics__T9_L1_confirm.csv [noES both],satimage|14|post_footprint_on,worst_acc,0.47191011235955055,0.47191011235955055,1,1
t3_design_space/per_seed_metrics__T9_L1_confirm.csv [noES both],satimage|14|post_footprint_on,fcm_obj,3.7135131609843692,3.7135131609843692,1,1
t3_design_space/per_seed_metrics__T9_L1_confirm.csv [noES both],satimage|15|post_footprint_on,min_dist,3.1728274729318975,3.1728274729318975,1,1
t3_design_space/per_seed_metrics__T9_L1_confirm.csv [noES both],satimage|15|post_footprint_on,mean_acc,0.68121592157594,0.68121592157594,1,1
t3_design_space/per_seed_metrics__T9_L1_confirm.csv [noES both],satimage|15|post_footprint_on,worst_acc,0.46869983948635635,0.46869983948635635,1,1
t3_design_space/per_seed_metrics__T9_L1_confirm.csv [noES both],satimage|15|post_footprint_on,fcm_obj,3.7149789979045056,3.7149789979045056,1,1
t3_design_space/per_seed_metrics__T9_L1_confirm.csv [noES both],satimage|16|post_footprint_on,min_dist,3.1388460603030803,3.1388460603030803,1,1
t3_design_space/per_seed_metrics__T9_L1_confirm.csv [noES both],satimage|16|post_footprint_on,mean_acc,0.6836329126221965,0.6836329126221965,1,1
t3_design_space/per_seed_metrics__T9_L1_confirm.csv [noES both],satimage|16|post_footprint_on,worst_acc,0.4799357945425361,0.4799357945425361,1,1
t3_design_space/per_seed_metrics__T9_L1_confirm.csv [noES both],satimage|16|post_footprint_on,fcm_obj,3.71793438013805,3.71793438013805,1,1
t3_design_space/per_seed_metrics__T9_L1_confirm.csv [noES both],satimage|17|post_footprint_on,min_dist,3.1915671401646275,3.1915671401646275,1,1
t3_design_space/per_seed_metrics__T9_L1_confirm.csv [noES both],satimage|17|post_footprint_on,mean_acc,0.6857084812068747,0.6857084812068747,1,1
t3_design_space/per_seed_metrics__T9_L1_confirm.csv [noES both],satimage|17|post_footprint_on,worst_acc,0.46709470304975925,0.46709470304975925,1,1
t3_design_space/per_seed_metrics__T9_L1_confirm.csv [noES both],satimage|17|post_footprint_on,fcm_obj,3.711277130814298,3.711277130814298,1,1
t3_design_space/per_seed_metrics__T9_L1_confirm.csv [noES both],satimage|18|post_footprint_on,min_dist,3.2160203672736505,3.2160203672736505,1,1
t3_design_space/per_seed_metrics__T9_L1_confirm.csv [noES both],satimage|18|post_footprint_on,mean_acc,0.6810443383055074,0.6810443383055074,1,1
t3_design_space/per_seed_metrics__T9_L1_confirm.csv [noES both],satimage|18|post_footprint_on,worst_acc,0.49356913183279744,0.49356913183279744,1,1
t3_design_space/per_seed_metrics__T9_L1_confirm.csv [noES both],satimage|18|post_footprint_on,fcm_obj,3.715394811459592,3.715394811459592,1,1
t3_design_space/per_seed_metrics__T9_L1_confirm.csv [noES both],satimage|19|post_footprint_on,min_dist,3.667553248812455,3.667553248812455,1,1
t3_design_space/per_seed_metrics__T9_L1_confirm.csv [noES both],satimage|19|post_footprint_on,mean_acc,0.6967582649989885,0.6967582649989885,1,1
t3_design_space/per_seed_metrics__T9_L1_confirm.csv [noES both],satimage|19|post_footprint_on,worst_acc,0.5172031076581576,0.5172031076581576,1,1
t3_design_space/per_seed_metrics__T9_L1_confirm.csv [noES both],satimage|19|post_footprint_on,fcm_obj,3.6938964310052302,3.6938964310052302,1,1
t3_design_space/per_seed_metrics__T9_L1_confirm.csv [noES both],pendigits|10|post_footprint_on,min_dist,2.273723927445187,2.273723927445187,1,1
t3_design_space/per_seed_metrics__T9_L1_confirm.csv [noES both],pendigits|10|post_footprint_on,mean_acc,0.730649727913754,0.730649727913754,1,1
t3_design_space/per_seed_metrics__T9_L1_confirm.csv [noES both],pendigits|10|post_footprint_on,worst_acc,0.4870848708487085,0.4870848708487085,1,1
t3_design_space/per_seed_metrics__T9_L1_confirm.csv [noES both],pendigits|10|post_footprint_on,fcm_obj,3.8371953495153535,3.8371953495153535,1,1
t3_design_space/per_seed_metrics__T9_L1_confirm.csv [noES both],pendigits|11|post_footprint_on,min_dist,2.3289129467754757,2.3289129467754757,1,1
t3_design_space/per_seed_metrics__T9_L1_confirm.csv [noES both],pendigits|11|post_footprint_on,mean_acc,0.7435628782619481,0.7435628782619481,1,1
t3_design_space/per_seed_metrics__T9_L1_confirm.csv [noES both],pendigits|11|post_footprint_on,worst_acc,0.5553505535055351,0.5553505535055351,1,1
t3_design_space/per_seed_metrics__T9_L1_confirm.csv [noES both],pendigits|11|post_footprint_on,fcm_obj,3.8102348914028097,3.8102348914028097,1,1
t3_design_space/per_seed_metrics__T9_L1_confirm.csv [noES both],pendigits|12|post_footprint_on,min_dist,1.7702034811729697,1.7702034811729697,1,1
t3_design_space/per_seed_metrics__T9_L1_confirm.csv [noES both],pendigits|12|post_footprint_on,mean_acc,0.730144453498388,0.730144453498388,1,1
t3_design_space/per_seed_metrics__T9_L1_confirm.csv [noES both],pendigits|12|post_footprint_on,worst_acc,0.5977859778597786,0.5977859778597786,1,1
t3_design_space/per_seed_metrics__T9_L1_confirm.csv [noES both],pendigits|12|post_footprint_on,fcm_obj,3.8866703437916823,3.8866703437916823,1,1
t3_design_space/per_seed_metrics__T9_L1_confirm.csv [noES both],pendigits|13|post_footprint_on,min_dist,1.8584768939091312,1.8584768939091312,1,1
t3_design_space/per_seed_metrics__T9_L1_confirm.csv [noES both],pendigits|13|post_footprint_on,mean_acc,0.7345485250378061,0.7345485250378061,1,1
t3_design_space/per_seed_metrics__T9_L1_confirm.csv [noES both],pendigits|13|post_footprint_on,worst_acc,0.6073732718894009,0.6073732718894009,1,1
t3_design_space/per_seed_metrics__T9_L1_confirm.csv [noES both],pendigits|13|post_footprint_on,fcm_obj,3.80358253985572,3.80358253985572,1,1
t3_design_space/per_seed_metrics__T9_L1_confirm.csv [noES both],pendigits|14|post_footprint_on,min_dist,2.2804640542484815,2.2804640542484815,1,1
t3_design_space/per_seed_metrics__T9_L1_confirm.csv [noES both],pendigits|14|post_footprint_on,mean_acc,0.7331948844397549,0.7331948844397549,1,1
t3_design_space/per_seed_metrics__T9_L1_confirm.csv [noES both],pendigits|14|post_footprint_on,worst_acc,0.5230627306273062,0.5230627306273062,1,1
t3_design_space/per_seed_metrics__T9_L1_confirm.csv [noES both],pendigits|14|post_footprint_on,fcm_obj,3.7938008940258268,3.7938008940258268,1,1
t3_design_space/per_seed_metrics__T9_L1_confirm.csv [noES both],pendigits|15|post_footprint_on,min_dist,2.2868886713443497,2.2868886713443497,1,1
t3_design_space/per_seed_metrics__T9_L1_confirm.csv [noES both],pendigits|15|post_footprint_on,mean_acc,0.731104445609519,0.731104445609519,1,1
t3_design_space/per_seed_metrics__T9_L1_confirm.csv [noES both],pendigits|15|post_footprint_on,worst_acc,0.525830258302583,0.525830258302583,1,1
t3_design_space/per_seed_metrics__T9_L1_confirm.csv [noES both],pendigits|15|post_footprint_on,fcm_obj,3.791998160680822,3.791998160680822,1,1
t3_design_space/per_seed_metrics__T9_L1_confirm.csv [noES both],pendigits|16|post_footprint_on,min_dist,2.278649836597775,2.278649836597775,1,1
t3_design_space/per_seed_metrics__T9_L1_confirm.csv [noES both],pendigits|16|post_footprint_on,mean_acc,0.6826212285131428,0.6826212285131428,1,1
t3_design_space/per_seed_metrics__T9_L1_confirm.csv [noES both],pendigits|16|post_footprint_on,worst_acc,0.5009225092250923,0.5009225092250923,1,1
t3_design_space/per_seed_metrics__T9_L1_confirm.csv [noES both],pendigits|16|post_footprint_on,fcm_obj,3.8148468733509397,3.8148468733509397,1,1
t3_design_space/per_seed_metrics__T9_L1_confirm.csv [noES both],pendigits|17|post_footprint_on,min_dist,2.299116073076293,2.299116073076293,1,1
t3_design_space/per_seed_metrics__T9_L1_confirm.csv [noES both],pendigits|17|post_footprint_on,mean_acc,0.7226162451032716,0.7226162451032716,1,1
t3_design_space/per_seed_metrics__T9_L1_confirm.csv [noES both],pendigits|17|post_footprint_on,worst_acc,0.6300738007380073,0.6300738007380073,1,1
t3_design_space/per_seed_metrics__T9_L1_confirm.csv [noES both],pendigits|17|post_footprint_on,fcm_obj,3.878896402034446,3.878896402034446,1,1
t3_design_space/per_seed_metrics__T9_L1_confirm.csv [noES both],pendigits|18|post_footprint_on,min_dist,1.842827880937861,1.842827880937861,1,1
t3_design_space/per_seed_metrics__T9_L1_confirm.csv [noES both],pendigits|18|post_footprint_on,mean_acc,0.7345113712744556,0.7345113712744556,1,1
t3_design_space/per_seed_metrics__T9_L1_confirm.csv [noES both],pendigits|18|post_footprint_on,worst_acc,0.6110599078341014,0.6110599078341014,1,1
t3_design_space/per_seed_metrics__T9_L1_confirm.csv [noES both],pendigits|18|post_footprint_on,fcm_obj,3.8015431730907743,3.8015431730907743,1,1
t3_design_space/per_seed_metrics__T9_L1_confirm.csv [noES both],pendigits|19|post_footprint_on,min_dist,2.276664785829666,2.276664785829666,1,1
t3_design_space/per_seed_metrics__T9_L1_confirm.csv [noES both],pendigits|19|post_footprint_on,mean_acc,0.7308233047591614,0.7308233047591614,1,1
t3_design_space/per_seed_metrics__T9_L1_confirm.csv [noES both],pendigits|19|post_footprint_on,worst_acc,0.5193726937269373,0.5193726937269373,1,1
t3_design_space/per_seed_metrics__T9_L1_confirm.csv [noES both],pendigits|19|post_footprint_on,fcm_obj,3.7948142621176513,3.7948142621176513,1,1
t3_design_space/per_seed_metrics__T9_L1_confirm.csv [noES both],digits_pca16|10|post_footprint_on,min_dist,2.598287210802481,2.598287210802481,1,1
t3_design_space/per_seed_metrics__T9_L1_confirm.csv [noES both],digits_pca16|10|post_footprint_on,mean_acc,0.7981593362274885,0.7981593362274885,1,1
t3_design_space/per_seed_metrics__T9_L1_confirm.csv [noES both],digits_pca16|10|post_footprint_on,worst_acc,0.5611111111111111,0.5611111111111111,1,1
t3_design_space/per_seed_metrics__T9_L1_confirm.csv [noES both],digits_pca16|10|post_footprint_on,fcm_obj,7.57106270874135,7.57106270874135,1,1
t3_design_space/per_seed_metrics__T9_L1_confirm.csv [noES both],digits_pca16|11|post_footprint_on,min_dist,2.464195263876085,2.464195263876085,1,1
t3_design_space/per_seed_metrics__T9_L1_confirm.csv [noES both],digits_pca16|11|post_footprint_on,mean_acc,0.7667373558844937,0.7667373558844937,1,1
t3_design_space/per_seed_metrics__T9_L1_confirm.csv [noES both],digits_pca16|11|post_footprint_on,worst_acc,0.4111111111111111,0.4111111111111111,1,1
t3_design_space/per_seed_metrics__T9_L1_confirm.csv [noES both],digits_pca16|11|post_footprint_on,fcm_obj,7.64440367989786,7.64440367989786,1,1
t3_design_space/per_seed_metrics__T9_L1_confirm.csv [noES both],digits_pca16|12|post_footprint_on,min_dist,2.4306348902346215,2.4306348902346215,1,1
t3_design_space/per_seed_metrics__T9_L1_confirm.csv [noES both],digits_pca16|12|post_footprint_on,mean_acc,0.7302911417374016,0.7302911417374016,1,1
t3_design_space/per_seed_metrics__T9_L1_confirm.csv [noES both],digits_pca16|12|post_footprint_on,worst_acc,0.4111111111111111,0.4111111111111111,1,1
t3_design_space/per_seed_metrics__T9_L1_confirm.csv [noES both],digits_pca16|12|post_footprint_on,fcm_obj,7.759399066948238,7.759399066948238,1,1
t3_design_space/per_seed_metrics__T9_L1_confirm.csv [noES both],digits_pca16|13|post_footprint_on,min_dist,2.4712575474077023,2.4712575474077023,1,1
t3_design_space/per_seed_metrics__T9_L1_confirm.csv [noES both],digits_pca16|13|post_footprint_on,mean_acc,0.7444587204744206,0.7444587204744206,1,1
t3_design_space/per_seed_metrics__T9_L1_confirm.csv [noES both],digits_pca16|13|post_footprint_on,worst_acc,0.5536723163841808,0.5536723163841808,1,1
t3_design_space/per_seed_metrics__T9_L1_confirm.csv [noES both],digits_pca16|13|post_footprint_on,fcm_obj,7.662596914198119,7.662596914198119,1,1
t3_design_space/per_seed_metrics__T9_L1_confirm.csv [noES both],digits_pca16|14|post_footprint_on,min_dist,2.620744240393768,2.620744240393768,1,1
t3_design_space/per_seed_metrics__T9_L1_confirm.csv [noES both],digits_pca16|14|post_footprint_on,mean_acc,0.6770365204744666,0.6770365204744666,1,1
t3_design_space/per_seed_metrics__T9_L1_confirm.csv [noES both],digits_pca16|14|post_footprint_on,worst_acc,0.45,0.45,1,1
t3_design_space/per_seed_metrics__T9_L1_confirm.csv [noES both],digits_pca16|14|post_footprint_on,fcm_obj,7.6559185265609,7.6559185265609,1,1
t3_design_space/per_seed_metrics__T9_L1_confirm.csv [noES both],digits_pca16|15|post_footprint_on,min_dist,2.9334542835200446,2.9334542835200446,1,1
t3_design_space/per_seed_metrics__T9_L1_confirm.csv [noES both],digits_pca16|15|post_footprint_on,mean_acc,0.7604117139671805,0.7604117139671805,1,1
t3_design_space/per_seed_metrics__T9_L1_confirm.csv [noES both],digits_pca16|15|post_footprint_on,worst_acc,0.5111111111111111,0.5111111111111111,1,1
t3_design_space/per_seed_metrics__T9_L1_confirm.csv [noES both],digits_pca16|15|post_footprint_on,fcm_obj,7.544546512402337,7.544546512402337,1,1
t3_design_space/per_seed_metrics__T9_L1_confirm.csv [noES both],digits_pca16|16|post_footprint_on,min_dist,2.409097428741794,2.409097428741794,1,1
t3_design_space/per_seed_metrics__T9_L1_confirm.csv [noES both],digits_pca16|16|post_footprint_on,mean_acc,0.7681741103893213,0.7681741103893213,1,1
t3_design_space/per_seed_metrics__T9_L1_confirm.csv [noES both],digits_pca16|16|post_footprint_on,worst_acc,0.5666666666666667,0.5666666666666667,1,1
t3_design_space/per_seed_metrics__T9_L1_confirm.csv [noES both],digits_pca16|16|post_footprint_on,fcm_obj,7.59027825183868,7.59027825183868,1,1
t3_design_space/per_seed_metrics__T9_L1_confirm.csv [noES both],digits_pca16|17|post_footprint_on,min_dist,2.5039389215322476,2.5039389215322476,1,1
t3_design_space/per_seed_metrics__T9_L1_confirm.csv [noES both],digits_pca16|17|post_footprint_on,mean_acc,0.8013715398841391,0.8013715398841391,1,1
t3_design_space/per_seed_metrics__T9_L1_confirm.csv [noES both],digits_pca16|17|post_footprint_on,worst_acc,0.5833333333333334,0.5833333333333334,1,1
t3_design_space/per_seed_metrics__T9_L1_confirm.csv [noES both],digits_pca16|17|post_footprint_on,fcm_obj,7.534604556027105,7.534604556027105,1,1
t3_design_space/per_seed_metrics__T9_L1_confirm.csv [noES both],digits_pca16|18|post_footprint_on,min_dist,2.716767844760111,2.716767844760111,1,1
t3_design_space/per_seed_metrics__T9_L1_confirm.csv [noES both],digits_pca16|18|post_footprint_on,mean_acc,0.739902890333316,0.739902890333316,1,1
t3_design_space/per_seed_metrics__T9_L1_confirm.csv [noES both],digits_pca16|18|post_footprint_on,worst_acc,0.5932203389830508,0.5932203389830508,1,1
t3_design_space/per_seed_metrics__T9_L1_confirm.csv [noES both],digits_pca16|18|post_footprint_on,fcm_obj,7.6151607298716,7.6151607298716,1,1
t3_design_space/per_seed_metrics__T9_L1_confirm.csv [noES both],digits_pca16|19|post_footprint_on,min_dist,2.44493102823924,2.44493102823924,1,1
t3_design_space/per_seed_metrics__T9_L1_confirm.csv [noES both],digits_pca16|19|post_footprint_on,mean_acc,0.7391733100119809,0.7391733100119809,1,1
t3_design_space/per_seed_metrics__T9_L1_confirm.csv [noES both],digits_pca16|19|post_footprint_on,worst_acc,0.4350282485875706,0.4350282485875706,1,1
t3_design_space/per_seed_metrics__T9_L1_confirm.csv [noES both],digits_pca16|19|post_footprint_on,fcm_obj,7.727900188080286,7.727900188080286,1,1
t3_design_space/per_seed_metrics__T9_L1_confirm.csv [noES both],digits_pca32|10|post_footprint_on,min_dist,2.7885779885462485,2.7885779885462485,1,1
t3_design_space/per_seed_metrics__T9_L1_confirm.csv [noES both],digits_pca32|10|post_footprint_on,mean_acc,0.7865218552631339,0.7865218552631339,1,1
t3_design_space/per_seed_metrics__T9_L1_confirm.csv [noES both],digits_pca32|10|post_footprint_on,worst_acc,0.5423728813559322,0.5423728813559322,1,1
t3_design_space/per_seed_metrics__T9_L1_confirm.csv [noES both],digits_pca32|10|post_footprint_on,fcm_obj,23.401397072546324,23.401397072546324,1,1
t3_design_space/per_seed_metrics__T9_L1_confirm.csv [noES both],digits_pca32|11|post_footprint_on,min_dist,2.967962059233018,2.967962059233018,1,1
t3_design_space/per_seed_metrics__T9_L1_confirm.csv [noES both],digits_pca32|11|post_footprint_on,mean_acc,0.743791014325755,0.743791014325755,1,1
t3_design_space/per_seed_metrics__T9_L1_confirm.csv [noES both],digits_pca32|11|post_footprint_on,worst_acc,0.4576271186440678,0.4576271186440678,1,1
t3_design_space/per_seed_metrics__T9_L1_confirm.csv [noES both],digits_pca32|11|post_footprint_on,fcm_obj,23.57840836757427,23.57840836757427,1,1
t3_design_space/per_seed_metrics__T9_L1_confirm.csv [noES both],digits_pca32|12|post_footprint_on,min_dist,2.616210773735171,2.616210773735171,1,1
t3_design_space/per_seed_metrics__T9_L1_confirm.csv [noES both],digits_pca32|12|post_footprint_on,mean_acc,0.7634168344027608,0.7634168344027608,1,1
t3_design_space/per_seed_metrics__T9_L1_confirm.csv [noES both],digits_pca32|12|post_footprint_on,worst_acc,0.6055555555555555,0.6055555555555555,1,1
t3_design_space/per_seed_metrics__T9_L1_confirm.csv [noES both],digits_pca32|12|post_footprint_on,fcm_obj,22.96000546263051,22.96000546263051,1,1
t3_design_space/per_seed_metrics__T9_L1_confirm.csv [noES both],digits_pca32|13|post_footprint_on,min_dist,2.8421414610506632,2.8421414610506632,1,1
t3_design_space/per_seed_metrics__T9_L1_confirm.csv [noES both],digits_pca32|13|post_footprint_on,mean_acc,0.7941449505521803,0.7941449505521803,1,1
t3_design_space/per_seed_metrics__T9_L1_confirm.csv [noES both],digits_pca32|13|post_footprint_on,worst_acc,0.4406779661016949,0.4406779661016949,1,1
t3_design_space/per_seed_metrics__T9_L1_confirm.csv [noES both],digits_pca32|13|post_footprint_on,fcm_obj,23.498373947303357,23.498373947303357,1,1
t3_design_space/per_seed_metrics__T9_L1_confirm.csv [noES both],digits_pca32|14|post_footprint_on,min_dist,2.4949403221406135,2.4949403221406135,1,1
t3_design_space/per_seed_metrics__T9_L1_confirm.csv [noES both],digits_pca32|14|post_footprint_on,mean_acc,0.7922080652172055,0.7922080652172055,1,1
t3_design_space/per_seed_metrics__T9_L1_confirm.csv [noES both],digits_pca32|14|post_footprint_on,worst_acc,0.576271186440678,0.576271186440678,1,1
t3_design_space/per_seed_metrics__T9_L1_confirm.csv [noES both],digits_pca32|14|post_footprint_on,fcm_obj,23.290435880553144,23.290435880553144,1,1
t3_design_space/per_seed_metrics__T9_L1_confirm.csv [noES both],digits_pca32|15|post_footprint_on,min_dist,2.8187263162501677,2.8187263162501677,1,1
t3_design_space/per_seed_metrics__T9_L1_confirm.csv [noES both],digits_pca32|15|post_footprint_on,mean_acc,0.7230272460469838,0.7230272460469838,1,1
t3_design_space/per_seed_metrics__T9_L1_confirm.csv [noES both],digits_pca32|15|post_footprint_on,worst_acc,0.5277777777777778,0.5277777777777778,1,1
t3_design_space/per_seed_metrics__T9_L1_confirm.csv [noES both],digits_pca32|15|post_footprint_on,fcm_obj,22.80814241151789,22.80814241151789,1,1
t3_design_space/per_seed_metrics__T9_L1_confirm.csv [noES both],digits_pca32|16|post_footprint_on,min_dist,2.897657492266113,2.897657492266113,1,1
t3_design_space/per_seed_metrics__T9_L1_confirm.csv [noES both],digits_pca32|16|post_footprint_on,mean_acc,0.8069661102658243,0.8069661102658243,1,1
t3_design_space/per_seed_metrics__T9_L1_confirm.csv [noES both],digits_pca32|16|post_footprint_on,worst_acc,0.5423728813559322,0.5423728813559322,1,1
t3_design_space/per_seed_metrics__T9_L1_confirm.csv [noES both],digits_pca32|16|post_footprint_on,fcm_obj,23.626850578852782,23.626850578852782,1,1
t3_design_space/per_seed_metrics__T9_L1_confirm.csv [noES both],digits_pca32|17|post_footprint_on,min_dist,2.8052922267166145,2.8052922267166145,1,1
t3_design_space/per_seed_metrics__T9_L1_confirm.csv [noES both],digits_pca32|17|post_footprint_on,mean_acc,0.8002402915969713,0.8002402915969713,1,1
t3_design_space/per_seed_metrics__T9_L1_confirm.csv [noES both],digits_pca32|17|post_footprint_on,worst_acc,0.4576271186440678,0.4576271186440678,1,1
t3_design_space/per_seed_metrics__T9_L1_confirm.csv [noES both],digits_pca32|17|post_footprint_on,fcm_obj,23.455541037672972,23.455541037672972,1,1
t3_design_space/per_seed_metrics__T9_L1_confirm.csv [noES both],digits_pca32|18|post_footprint_on,min_dist,2.8506305396857856,2.8506305396857856,1,1
t3_design_space/per_seed_metrics__T9_L1_confirm.csv [noES both],digits_pca32|18|post_footprint_on,mean_acc,0.7778201015083053,0.7778201015083053,1,1
t3_design_space/per_seed_metrics__T9_L1_confirm.csv [noES both],digits_pca32|18|post_footprint_on,worst_acc,0.5932203389830508,0.5932203389830508,1,1
t3_design_space/per_seed_metrics__T9_L1_confirm.csv [noES both],digits_pca32|18|post_footprint_on,fcm_obj,23.592279047964414,23.592279047964414,1,1
t3_design_space/per_seed_metrics__T9_L1_confirm.csv [noES both],digits_pca32|19|post_footprint_on,min_dist,3.055505049287371,3.055505049287371,1,1
t3_design_space/per_seed_metrics__T9_L1_confirm.csv [noES both],digits_pca32|19|post_footprint_on,mean_acc,0.7787140593460867,0.7787140593460867,1,1
t3_design_space/per_seed_metrics__T9_L1_confirm.csv [noES both],digits_pca32|19|post_footprint_on,worst_acc,0.4632768361581921,0.4632768361581921,1,1
t3_design_space/per_seed_metrics__T9_L1_confirm.csv [noES both],digits_pca32|19|post_footprint_on,fcm_obj,23.97654156184291,23.97654156184291,1,1
t3_design_space/per_seed_metrics__T9_L1_confirm.csv [noES both],letter|10|post_footprint_on,min_dist,1.8164092277372792,1.8164092277372792,1,1
t3_design_space/per_seed_metrics__T9_L1_confirm.csv [noES both],letter|10|post_footprint_on,mean_acc,0.2856557733538233,0.2856557733538233,1,1
t3_design_space/per_seed_metrics__T9_L1_confirm.csv [noES both],letter|10|post_footprint_on,worst_acc,0.23483009708737865,0.23483009708737865,1,1
t3_design_space/per_seed_metrics__T9_L1_confirm.csv [noES both],letter|10|post_footprint_on,fcm_obj,4.945666211390981,4.945666211390981,1,1
t3_design_space/per_seed_metrics__T9_L1_confirm.csv [noES both],letter|11|post_footprint_on,min_dist,1.925963660122881,1.925963660122881,1,1
t3_design_space/per_seed_metrics__T9_L1_confirm.csv [noES both],letter|11|post_footprint_on,mean_acc,0.3041749954980558,0.3041749954980558,1,1
t3_design_space/per_seed_metrics__T9_L1_confirm.csv [noES both],letter|11|post_footprint_on,worst_acc,0.23361650485436894,0.23361650485436894,1,1
t3_design_space/per_seed_metrics__T9_L1_confirm.csv [noES both],letter|11|post_footprint_on,fcm_obj,4.911643018008331,4.911643018008331,1,1
t3_design_space/per_seed_metrics__T9_L1_confirm.csv [noES both],letter|12|post_footprint_on,min_dist,2.0166596985684575,2.0166596985684575,1,1
t3_design_space/per_seed_metrics__T9_L1_confirm.csv [noES both],letter|12|post_footprint_on,mean_acc,0.2930728046025964,0.2930728046025964,1,1
t3_design_space/per_seed_metrics__T9_L1_confirm.csv [noES both],letter|12|post_footprint_on,worst_acc,0.220873786407767,0.220873786407767,1,1
t3_design_space/per_seed_metrics__T9_L1_confirm.csv [noES both],letter|12|post_footprint_on,fcm_obj,4.858898551312168,4.858898551312168,1,1
t3_design_space/per_seed_metrics__T9_L1_confirm.csv [noES both],letter|13|post_footprint_on,min_dist,1.869616515306781,1.869616515306781,1,1
t3_design_space/per_seed_metrics__T9_L1_confirm.csv [noES both],letter|13|post_footprint_on,mean_acc,0.30213385812522076,0.30213385812522076,1,1
t3_design_space/per_seed_metrics__T9_L1_confirm.csv [noES both],letter|13|post_footprint_on,worst_acc,0.22512135922330098,0.22512135922330098,1,1
t3_design_space/per_seed_metrics__T9_L1_confirm.csv [noES both],letter|13|post_footprint_on,fcm_obj,4.796057980298847,4.796057980298847,1,1
t3_design_space/per_seed_metrics__T9_L1_confirm.csv [noES both],letter|14|post_footprint_on,min_dist,1.8129099063241592,1.8129099063241592,1,1
t3_design_space/per_seed_metrics__T9_L1_confirm.csv [noES both],letter|14|post_footprint_on,mean_acc,0.31052224558792396,0.31052224558792396,1,1
t3_design_space/per_seed_metrics__T9_L1_confirm.csv [noES both],letter|14|post_footprint_on,worst_acc,0.2196601941747573,0.2196601941747573,1,1
t3_design_space/per_seed_metrics__T9_L1_confirm.csv [noES both],letter|14|post_footprint_on,fcm_obj,4.770194496104304,4.770194496104304,1,1
t3_design_space/per_seed_metrics__T9_L1_confirm.csv [noES both],letter|15|post_footprint_on,min_dist,1.5329255543989606,1.5329255543989606,1,1
t3_design_space/per_seed_metrics__T9_L1_confirm.csv [noES both],letter|15|post_footprint_on,mean_acc,0.31390638134673593,0.31390638134673593,1,1
t3_design_space/per_seed_metrics__T9_L1_confirm.csv [noES both],letter|15|post_footprint_on,worst_acc,0.21177184466019416,0.21177184466019416,1,1
t3_design_space/per_seed_metrics__T9_L1_confirm.csv [noES both],letter|15|post_footprint_on,fcm_obj,4.813314557247039,4.813314557247039,1,1
t3_design_space/per_seed_metrics__T9_L1_confirm.csv [noES both],letter|16|post_footprint_on,min_dist,1.9433053924406158,1.9433053924406158,1,1
t3_design_space/per_seed_metrics__T9_L1_confirm.csv [noES both],letter|16|post_footprint_on,mean_acc,0.2900097954404465,0.2900097954404465,1,1
t3_design_space/per_seed_metrics__T9_L1_confirm.csv [noES both],letter|16|post_footprint_on,worst_acc,0.20570388349514562,0.20570388349514562,1,1
t3_design_space/per_seed_metrics__T9_L1_confirm.csv [noES both],letter|16|post_footprint_on,fcm_obj,4.8298868354807425,4.8298868354807425,1,1
t3_design_space/per_seed_metrics__T9_L1_confirm.csv [noES both],letter|17|post_footprint_on,min_dist,1.7085537453930486,1.7085537453930486,1,1
t3_design_space/per_seed_metrics__T9_L1_confirm.csv [noES both],letter|17|post_footprint_on,mean_acc,0.27481668146877725,0.27481668146877725,1,1
t3_design_space/per_seed_metrics__T9_L1_confirm.csv [noES both],letter|17|post_footprint_on,worst_acc,0.220873786407767,0.220873786407767,1,1
t3_design_space/per_seed_metrics__T9_L1_confirm.csv [noES both],letter|17|post_footprint_on,fcm_obj,4.876815906765191,4.876815906765191,1,1
t3_design_space/per_seed_metrics__T9_L1_confirm.csv [noES both],letter|18|post_footprint_on,min_dist,1.8135510768329843,1.8135510768329843,1,1
t3_design_space/per_seed_metrics__T9_L1_confirm.csv [noES both],letter|18|post_footprint_on,mean_acc,0.31761642191065287,0.31761642191065287,1,1
t3_design_space/per_seed_metrics__T9_L1_confirm.csv [noES both],letter|18|post_footprint_on,worst_acc,0.2506067961165049,0.2506067961165049,1,1
t3_design_space/per_seed_metrics__T9_L1_confirm.csv [noES both],letter|18|post_footprint_on,fcm_obj,4.77787188441251,4.77787188441251,1,1
t3_design_space/per_seed_metrics__T9_L1_confirm.csv [noES both],letter|19|post_footprint_on,min_dist,1.5140322714066161,1.5140322714066161,1,1
t3_design_space/per_seed_metrics__T9_L1_confirm.csv [noES both],letter|19|post_footprint_on,mean_acc,0.32523156219043303,0.32523156219043303,1,1
t3_design_space/per_seed_metrics__T9_L1_confirm.csv [noES both],letter|19|post_footprint_on,worst_acc,0.22269417475728157,0.22269417475728157,1,1
t3_design_space/per_seed_metrics__T9_L1_confirm.csv [noES both],letter|19|post_footprint_on,fcm_obj,4.8342716120110225,4.8342716120110225,1,1
t3_design_space/per_seed_metrics__T9_L1_confirm.csv [noES both],mnist784_pca32 (20c)|10|post_footprint_on,min_dist,2.5045244795471144,2.5045244795471144,1,1
t3_design_space/per_seed_metrics__T9_L1_confirm.csv [noES both],mnist784_pca32 (20c)|10|post_footprint_on,mean_acc,0.588609632148786,0.588609632148786,1,1
t3_design_space/per_seed_metrics__T9_L1_confirm.csv [noES both],mnist784_pca32 (20c)|10|post_footprint_on,worst_acc,0.4980955171403457,0.4980955171403457,1,1
t3_design_space/per_seed_metrics__T9_L1_confirm.csv [noES both],mnist784_pca32 (20c)|10|post_footprint_on,fcm_obj,23.82358087987654,23.82358087987654,1,1
t3_design_space/per_seed_metrics__T9_L1_confirm.csv [noES both],mnist784_pca32 (20c)|11|post_footprint_on,min_dist,2.337739758412002,2.337739758412002,1,1
t3_design_space/per_seed_metrics__T9_L1_confirm.csv [noES both],mnist784_pca32 (20c)|11|post_footprint_on,mean_acc,0.560055760730234,0.560055760730234,1,1
t3_design_space/per_seed_metrics__T9_L1_confirm.csv [noES both],mnist784_pca32 (20c)|11|post_footprint_on,worst_acc,0.4737767360093759,0.4737767360093759,1,1
t3_design_space/per_seed_metrics__T9_L1_confirm.csv [noES both],mnist784_pca32 (20c)|11|post_footprint_on,fcm_obj,23.816651070518848,23.816651070518848,1,1
t3_design_space/per_seed_metrics__T9_L1_confirm.csv [noES both],mnist784_pca32 (20c)|12|post_footprint_on,min_dist,2.5146366861257605,2.5146366861257605,1,1
t3_design_space/per_seed_metrics__T9_L1_confirm.csv [noES both],mnist784_pca32 (20c)|12|post_footprint_on,mean_acc,0.5168424674879087,0.5168424674879087,1,1
t3_design_space/per_seed_metrics__T9_L1_confirm.csv [noES both],mnist784_pca32 (20c)|12|post_footprint_on,worst_acc,0.3509876896650444,0.3509876896650444,1,1
t3_design_space/per_seed_metrics__T9_L1_confirm.csv [noES both],mnist784_pca32 (20c)|12|post_footprint_on,fcm_obj,23.973505725649833,23.973505725649833,1,1
t3_design_space/per_seed_metrics__T9_L1_confirm.csv [noES both],mnist784_pca32 (20c)|13|post_footprint_on,min_dist,2.4843669814404103,2.4843669814404103,1,1
t3_design_space/per_seed_metrics__T9_L1_confirm.csv [noES both],mnist784_pca32 (20c)|13|post_footprint_on,mean_acc,0.6042237533632541,0.6042237533632541,1,1
t3_design_space/per_seed_metrics__T9_L1_confirm.csv [noES both],mnist784_pca32 (20c)|13|post_footprint_on,worst_acc,0.541259982253771,0.541259982253771,1,1
t3_design_space/per_seed_metrics__T9_L1_confirm.csv [noES both],mnist784_pca32 (20c)|13|post_footprint_on,fcm_obj,23.918366522975774,23.918366522975774,1,1
t3_design_space/per_seed_metrics__T9_L1_confirm.csv [noES both],mnist784_pca32 (20c)|14|post_footprint_on,min_dist,2.506693487518694,2.506693487518694,1,1
t3_design_space/per_seed_metrics__T9_L1_confirm.csv [noES both],mnist784_pca32 (20c)|14|post_footprint_on,mean_acc,0.5824173705176263,0.5824173705176263,1,1
t3_design_space/per_seed_metrics__T9_L1_confirm.csv [noES both],mnist784_pca32 (20c)|14|post_footprint_on,worst_acc,0.46734637641223475,0.46734637641223475,1,1
t3_design_space/per_seed_metrics__T9_L1_confirm.csv [noES both],mnist784_pca32 (20c)|14|post_footprint_on,fcm_obj,23.956444821781744,23.956444821781744,1,1
t3_design_space/per_seed_metrics__T9_L1_confirm.csv [noES both],mnist784_pca32 (20c)|15|post_footprint_on,min_dist,2.1189131918673354,2.1189131918673354,1,1
t3_design_space/per_seed_metrics__T9_L1_confirm.csv [noES both],mnist784_pca32 (20c)|15|post_footprint_on,mean_acc,0.6347344072958435,0.6347344072958435,1,1
t3_design_space/per_seed_metrics__T9_L1_confirm.csv [noES both],mnist784_pca32 (20c)|15|post_footprint_on,worst_acc,0.5030443606842563,0.5030443606842563,1,1
t3_design_space/per_seed_metrics__T9_L1_confirm.csv [noES both],mnist784_pca32 (20c)|15|post_footprint_on,fcm_obj,23.976565389141797,23.976565389141797,1,1
t3_design_space/per_seed_metrics__T9_L1_confirm.csv [noES both],mnist784_pca32 (20c)|16|post_footprint_on,min_dist,2.487731590943536,2.487731590943536,1,1
t3_design_space/per_seed_metrics__T9_L1_confirm.csv [noES both],mnist784_pca32 (20c)|16|post_footprint_on,mean_acc,0.59058226110873,0.59058226110873,1,1
t3_design_space/per_seed_metrics__T9_L1_confirm.csv [noES both],mnist784_pca32 (20c)|16|post_footprint_on,worst_acc,0.4909197422378442,0.4909197422378442,1,1
t3_design_space/per_seed_metrics__T9_L1_confirm.csv [noES both],mnist784_pca32 (20c)|16|post_footprint_on,fcm_obj,23.847496851405218,23.847496851405218,1,1
t3_design_space/per_seed_metrics__T9_L1_confirm.csv [noES both],mnist784_pca32 (20c)|17|post_footprint_on,min_dist,2.379363595785687,2.379363595785687,1,1
t3_design_space/per_seed_metrics__T9_L1_confirm.csv [noES both],mnist784_pca32 (20c)|17|post_footprint_on,mean_acc,0.579485075009796,0.579485075009796,1,1
t3_design_space/per_seed_metrics__T9_L1_confirm.csv [noES both],mnist784_pca32 (20c)|17|post_footprint_on,worst_acc,0.4224304216037476,0.4224304216037476,1,1
t3_design_space/per_seed_metrics__T9_L1_confirm.csv [noES both],mnist784_pca32 (20c)|17|post_footprint_on,fcm_obj,23.77564431661758,23.77564431661758,1,1
t3_design_space/per_seed_metrics__T9_L1_confirm.csv [noES both],mnist784_pca32 (20c)|18|post_footprint_on,min_dist,2.3764706306890453,2.3764706306890453,1,1
t3_design_space/per_seed_metrics__T9_L1_confirm.csv [noES both],mnist784_pca32 (20c)|18|post_footprint_on,mean_acc,0.5401535238154029,0.5401535238154029,1,1
t3_design_space/per_seed_metrics__T9_L1_confirm.csv [noES both],mnist784_pca32 (20c)|18|post_footprint_on,worst_acc,0.47787869909170816,0.47787869909170816,1,1
t3_design_space/per_seed_metrics__T9_L1_confirm.csv [noES both],mnist784_pca32 (20c)|18|post_footprint_on,fcm_obj,23.508728444155796,23.508728444155796,1,1
t3_design_space/per_seed_metrics__T9_L1_confirm.csv [noES both],mnist784_pca32 (20c)|19|post_footprint_on,min_dist,2.3210313055117107,2.3210313055117107,1,1
t3_design_space/per_seed_metrics__T9_L1_confirm.csv [noES both],mnist784_pca32 (20c)|19|post_footprint_on,mean_acc,0.6173606941083115,0.6173606941083115,1,1
t3_design_space/per_seed_metrics__T9_L1_confirm.csv [noES both],mnist784_pca32 (20c)|19|post_footprint_on,worst_acc,0.5002901915264074,0.5002901915264074,1,1
t3_design_space/per_seed_metrics__T9_L1_confirm.csv [noES both],mnist784_pca32 (20c)|19|post_footprint_on,fcm_obj,23.696470200038725,23.696470200038725,1,1
t3_design_space/per_seed_metrics__T9_L1_confirm.csv [noES both],mnist784_pca32 (50c)|10|post_footprint_on,min_dist,2.251123979004775,2.251123979004775,1,1
t3_design_space/per_seed_metrics__T9_L1_confirm.csv [noES both],mnist784_pca32 (50c)|10|post_footprint_on,mean_acc,0.6237858747818719,0.6237858747818719,1,1
t3_design_space/per_seed_metrics__T9_L1_confirm.csv [noES both],mnist784_pca32 (50c)|10|post_footprint_on,worst_acc,0.457325746799431,0.457325746799431,1,1
t3_design_space/per_seed_metrics__T9_L1_confirm.csv [noES both],mnist784_pca32 (50c)|10|post_footprint_on,fcm_obj,23.926786999055867,23.926786999055867,1,1
t3_design_space/per_seed_metrics__T9_L1_confirm.csv [noES both],mnist784_pca32 (50c)|11|post_footprint_on,min_dist,2.385751297305043,2.385751297305043,1,1
t3_design_space/per_seed_metrics__T9_L1_confirm.csv [noES both],mnist784_pca32 (50c)|11|post_footprint_on,mean_acc,0.5693394503698334,0.5693394503698334,1,1
t3_design_space/per_seed_metrics__T9_L1_confirm.csv [noES both],mnist784_pca32 (50c)|11|post_footprint_on,worst_acc,0.44468864468864466,0.44468864468864466,1,1
t3_design_space/per_seed_metrics__T9_L1_confirm.csv [noES both],mnist784_pca32 (50c)|11|post_footprint_on,fcm_obj,23.618722099241918,23.618722099241918,1,1
t3_design_space/per_seed_metrics__T9_L1_confirm.csv [noES both],mnist784_pca32 (50c)|12|post_footprint_on,min_dist,2.6284571884335715,2.6284571884335715,1,1
t3_design_space/per_seed_metrics__T9_L1_confirm.csv [noES both],mnist784_pca32 (50c)|12|post_footprint_on,mean_acc,0.6080208239108219,0.6080208239108219,1,1
t3_design_space/per_seed_metrics__T9_L1_confirm.csv [noES both],mnist784_pca32 (50c)|12|post_footprint_on,worst_acc,0.5271260997067448,0.5271260997067448,1,1
t3_design_space/per_seed_metrics__T9_L1_confirm.csv [noES both],mnist784_pca32 (50c)|12|post_footprint_on,fcm_obj,23.91073434216433,23.91073434216433,1,1
t3_design_space/per_seed_metrics__T9_L1_confirm.csv [noES both],mnist784_pca32 (50c)|13|post_footprint_on,min_dist,2.632106474779777,2.632106474779777,1,1
t3_design_space/per_seed_metrics__T9_L1_confirm.csv [noES both],mnist784_pca32 (50c)|13|post_footprint_on,mean_acc,0.6450466385992725,0.6450466385992725,1,1
t3_design_space/per_seed_metrics__T9_L1_confirm.csv [noES both],mnist784_pca32 (50c)|13|post_footprint_on,worst_acc,0.5238434163701068,0.5238434163701068,1,1
t3_design_space/per_seed_metrics__T9_L1_confirm.csv [noES both],mnist784_pca32 (50c)|13|post_footprint_on,fcm_obj,23.938738343824514,23.938738343824514,1,1
t3_design_space/per_seed_metrics__T9_L1_confirm.csv [noES both],mnist784_pca32 (50c)|14|post_footprint_on,min_dist,2.380712146753684,2.380712146753684,1,1
t3_design_space/per_seed_metrics__T9_L1_confirm.csv [noES both],mnist784_pca32 (50c)|14|post_footprint_on,mean_acc,0.5910144067499055,0.5910144067499055,1,1
t3_design_space/per_seed_metrics__T9_L1_confirm.csv [noES both],mnist784_pca32 (50c)|14|post_footprint_on,worst_acc,0.5212298682284041,0.5212298682284041,1,1
t3_design_space/per_seed_metrics__T9_L1_confirm.csv [noES both],mnist784_pca32 (50c)|14|post_footprint_on,fcm_obj,23.87112202501244,23.87112202501244,1,1
t3_design_space/per_seed_metrics__T9_L1_confirm.csv [noES both],mnist784_pca32 (50c)|15|post_footprint_on,min_dist,2.3406150663468157,2.3406150663468157,1,1
t3_design_space/per_seed_metrics__T9_L1_confirm.csv [noES both],mnist784_pca32 (50c)|15|post_footprint_on,mean_acc,0.6277239290356532,0.6277239290356532,1,1
t3_design_space/per_seed_metrics__T9_L1_confirm.csv [noES both],mnist784_pca32 (50c)|15|post_footprint_on,worst_acc,0.5288256227758007,0.5288256227758007,1,1
t3_design_space/per_seed_metrics__T9_L1_confirm.csv [noES both],mnist784_pca32 (50c)|15|post_footprint_on,fcm_obj,23.722006125244036,23.722006125244036,1,1
t3_design_space/per_seed_metrics__T9_L1_confirm.csv [noES both],mnist784_pca32 (50c)|16|post_footprint_on,min_dist,2.2328473855835895,2.2328473855835895,1,1
t3_design_space/per_seed_metrics__T9_L1_confirm.csv [noES both],mnist784_pca32 (50c)|16|post_footprint_on,mean_acc,0.5995143650954078,0.5995143650954078,1,1
t3_design_space/per_seed_metrics__T9_L1_confirm.csv [noES both],mnist784_pca32 (50c)|16|post_footprint_on,worst_acc,0.4622710622710623,0.4622710622710623,1,1
t3_design_space/per_seed_metrics__T9_L1_confirm.csv [noES both],mnist784_pca32 (50c)|16|post_footprint_on,fcm_obj,23.672541524568434,23.672541524568434,1,1
t3_design_space/per_seed_metrics__T9_L1_confirm.csv [noES both],mnist784_pca32 (50c)|17|post_footprint_on,min_dist,2.520324444445034,2.520324444445034,1,1
t3_design_space/per_seed_metrics__T9_L1_confirm.csv [noES both],mnist784_pca32 (50c)|17|post_footprint_on,mean_acc,0.6152886184883336,0.6152886184883336,1,1
t3_design_space/per_seed_metrics__T9_L1_confirm.csv [noES both],mnist784_pca32 (50c)|17|post_footprint_on,worst_acc,0.5387900355871886,0.5387900355871886,1,1
t3_design_space/per_seed_metrics__T9_L1_confirm.csv [noES both],mnist784_pca32 (50c)|17|post_footprint_on,fcm_obj,23.961377514832694,23.961377514832694,1,1
t3_design_space/per_seed_metrics__T9_L1_confirm.csv [noES both],mnist784_pca32 (50c)|18|post_footprint_on,min_dist,2.513051366358907,2.513051366358907,1,1
t3_design_space/per_seed_metrics__T9_L1_confirm.csv [noES both],mnist784_pca32 (50c)|18|post_footprint_on,mean_acc,0.5849041010677833,0.5849041010677833,1,1
t3_design_space/per_seed_metrics__T9_L1_confirm.csv [noES both],mnist784_pca32 (50c)|18|post_footprint_on,worst_acc,0.4472140762463343,0.4472140762463343,1,1
t3_design_space/per_seed_metrics__T9_L1_confirm.csv [noES both],mnist784_pca32 (50c)|18|post_footprint_on,fcm_obj,23.763150871058066,23.763150871058066,1,1
t3_design_space/per_seed_metrics__T9_L1_confirm.csv [noES both],mnist784_pca32 (50c)|19|post_footprint_on,min_dist,2.4615460546189327,2.4615460546189327,1,1
t3_design_space/per_seed_metrics__T9_L1_confirm.csv [noES both],mnist784_pca32 (50c)|19|post_footprint_on,mean_acc,0.5824722676709603,0.5824722676709603,1,1
t3_design_space/per_seed_metrics__T9_L1_confirm.csv [noES both],mnist784_pca32 (50c)|19|post_footprint_on,worst_acc,0.4773060029282577,0.4773060029282577,1,1
t3_design_space/per_seed_metrics__T9_L1_confirm.csv [noES both],mnist784_pca32 (50c)|19|post_footprint_on,fcm_obj,23.746359435591227,23.746359435591227,1,1
