source,key,field,prior,new,match,strict
t9b_scffcm_fair.csv,cluster_skew_hard|1|0|1.0|2.0,min_dist,7.458306338573518,7.458306338573518,1,1
t9b_scffcm_fair.csv,cluster_skew_hard|1|0|1.0|2.0,mean_acc,1.0,1.0,1,1
t9b_scffcm_fair.csv,cluster_skew_hard|1|0|1.0|2.0,worst_acc,1.0,1.0,1,1
t9b_scffcm_fair.csv,cluster_skew_hard|1|0|1.0|2.0,fcm_obj,1.032892785883118,1.032892785883118,1,1
t9b_scffcm_fair.csv,cluster_skew_hard|1|1|1.0|2.0,min_dist,7.4819954049674235,7.4819954049674235,1,1
t9b_scffcm_fair.csv,cluster_skew_hard|1|1|1.0|2.0,mean_acc,1.0,1.0,1,1
t9b_scffcm_fair.csv,cluster_skew_hard|1|1|1.0|2.0,worst_acc,1.0,1.0,1,1
t9b_scffcm_fair.csv,cluster_skew_hard|1|1|1.0|2.0,fcm_obj,1.0200557521854825,1.0200557521854825,1,1
t9b_scffcm_fair.csv,cluster_skew_hard|1|2|1.0|2.0,min_dist,7.468339635063656,7.468339635063656,1,1
t9b_scffcm_fair.csv,cluster_skew_hard|1|2|1.0|2.0,mean_acc,1.0,1.0,1,1
t9b_scffcm_fair.csv,cluster_skew_hard|1|2|1.0|2.0,worst_acc,1.0,1.0,1,1
t9b_scffcm_fair.csv,cluster_skew_hard|1|2|1.0|2.0,fcm_obj,1.0558751137483717,1.0558751137483717,1,1
t9b_scffcm_fair.csv,cluster_skew_hard|1|3|1.0|2.0,min_dist,7.531698551150738,7.531698551150738,1,1
t9b_scffcm_fair.csv,cluster_skew_hard|1|3|1.0|2.0,mean_acc,1.0,1.0,1,1
t9b_scffcm_fair.csv,cluster_skew_hard|1|3|1.0|2.0,worst_acc,1.0,1.0,1,1
t9b_scffcm_fair.csv,cluster_skew_hard|1|3|1.0|2.0,fcm_obj,1.0462690151230893,1.0462690151230893,1,1
t9b_scffcm_fair.csv,cluster_skew_hard|1|4|1.0|2.0,min_dist,7.4798470359590095,7.4798470359590095,1,1
t9b_scffcm_fair.csv,cluster_skew_hard|1|4|1.0|2.0,mean_acc,1.0,1.0,1,1
t9b_scffcm_fair.csv,cluster_skew_hard|1|4|1.0|2.0,worst_acc,1.0,1.0,1,1
t9b_scffcm_fair.csv,cluster_skew_hard|1|4|1.0|2.0,fcm_obj,1.0727722790052812,1.0727722790052812,1,1
t9b_scffcm_fair.csv,cluster_skew_hard|1|5|1.0|2.0,min_dist,7.479762508073881,7.479762508073881,1,1
t9b_scffcm_fair.csv,cluster_skew_hard|1|5|1.0|2.0,mean_acc,1.0,1.0,1,1
t9b_scffcm_fair.csv,cluster_skew_hard|1|5|1.0|2.0,worst_acc,1.0,1.0,1,1
t9b_scffcm_fair.csv,cluster_skew_hard|1|5|1.0|2.0,fcm_obj,1.057091128289661,1.057091128289661,1,1
t9b_scffcm_fair.csv,cluster_skew_hard|1|6|1.0|2.0,min_dist,7.536731814992392,7.536731814992392,1,1
t9b_scffcm_fair.csv,cluster_skew_hard|1|6|1.0|2.0,mean_acc,1.0,1.0,1,1
t9b_scffcm_fair.csv,cluster_skew_hard|1|6|1.0|2.0,worst_acc,1.0,1.0,1,1
t9b_scffcm_fair.csv,cluster_skew_hard|1|6|1.0|2.0,fcm_obj,1.0002988743313974,1.0002988743313974,1,1
t9b_scffcm_fair.csv,cluster_skew_hard|1|7|1.0|2.0,min_dist,7.520223700846729,7.520223700846729,1,1
t9b_scffcm_fair.csv,cluster_skew_hard|1|7|1.0|2.0,mean_acc,1.0,1.0,1,1
t9b_scffcm_fair.csv,cluster_skew_hard|1|7|1.0|2.0,worst_acc,1.0,1.0,1,1
t9b_scffcm_fair.csv,cluster_skew_hard|1|7|1.0|2.0,fcm_obj,1.0296266451760834,1.0296266451760834,1,1
t9b_scffcm_fair.csv,cluster_skew_hard|1|8|1.0|2.0,min_dist,7.478969814753617,7.478969814753617,1,1
t9b_scffcm_fair.csv,cluster_skew_hard|1|8|1.0|2.0,mean_acc,1.0,1.0,1,1
t9b_scffcm_fair.csv,cluster_skew_hard|1|8|1.0|2.0,worst_acc,1.0,1.0,1,1
t9b_scffcm_fair.csv,cluster_skew_hard|1|8|1.0|2.0,fcm_obj,1.0402681102076763,1.0402681102076763,1,1
t9b_scffcm_fair.csv,cluster_skew_hard|1|9|1.0|2.0,min_dist,7.466313428510747,7.466313428510747,1,1
t9b_scffcm_fair.csv,cluster_skew_hard|1|9|1.0|2.0,mean_acc,1.0,1.0,1,1
t9b_scffcm_fair.csv,cluster_skew_hard|1|9|1.0|2.0,worst_acc,1.0,1.0,1,1
t9b_scffcm_fair.csv,cluster_skew_hard|1|9|1.0|2.0,fcm_obj,1.0787542085095414,1.0787542085095414,1,1
t9b_scffcm_fair.csv,cluster_skew_hard|1|10|1.0|2.0,min_dist,7.484541626880166,7.484541626880166,1,1
t9b_scffcm_fair.csv,cluster_skew_hard|1|10|1.0|2.0,mean_acc,1.0,1.0,1,1
t9b_scffcm_fair.csv,cluster_skew_hard|1|10|1.0|2.0,worst_acc,1.0,1.0,1,1
t9b_scffcm_fair.csv,cluster_skew_hard|1|10|1.0|2.0,fcm_obj,1.025029532917811,1.025029532917811,1,1
t9b_scffcm_fair.csv,cluster_skew_hard|1|11|1.0|2.0,min_dist,7.516613881183504,7.516613881183504,1,1
t9b_scffcm_fair.csv,cluster_skew_hard|1|11|1.0|2.0,mean_acc,1.0,1.0,1,1
t9b_scffcm_fair.csv,cluster_skew_hard|1|11|1.0|2.0,worst_acc,1.0,1.0,1,1
t9b_scffcm_fair.csv,cluster_skew_hard|1|11|1.0|2.0,fcm_obj,1.0294671964487985,1.0294671964487985,1,1
t9b_scffcm_fair.csv,cluster_skew_hard|1|12|1.0|2.0,min_dist,7.524122421087418,7.524122421087418,1,1
t9b_scffcm_fair.csv,cluster_skew_hard|1|12|1.0|2.0,mean_acc,1.0,1.0,1,1
t9b_scffcm_fair.csv,cluster_skew_hard|1|12|1.0|2.0,worst_acc,1.0,1.0,1,1
t9b_scffcm_fair.csv,cluster_skew_hard|1|12|1.0|2.0,fcm_obj,1.0585973823732018,1.0585973823732018,1,1
t9b_scffcm_fair.csv,cluster_skew_hard|1|13|1.0|2.0,min_dist,7.636695222166935,7.636695222166935,1,1
t9b_scffcm_fair.csv,cluster_skew_hard|1|13|1.0|2.0,mean_acc,1.0,1.0,1,1
t9b_scffcm_fair.csv,cluster_skew_hard|1|13|1.0|2.0,worst_acc,1.0,1.0,1,1
t9b_scffcm_fair.csv,cluster_skew_hard|1|13|1.0|2.0,fcm_obj,1.0509331506137376,1.0509331506137376,1,1
t9b_scffcm_fair.csv,cluster_skew_hard|1|14|1.0|2.0,min_dist,7.451227342361998,7.451227342361998,1,1
t9b_scffcm_fair.csv,cluster_skew_hard|1|14|1.0|2.0,mean_acc,1.0,1.0,1,1
t9b_scffcm_fair.csv,cluster_skew_hard|1|14|1.0|2.0,worst_acc,1.0,1.0,1,1
t9b_scffcm_fair.csv,cluster_skew_hard|1|14|1.0|2.0,fcm_obj,1.0107905451077959,1.0107905451077959,1,1
t9b_scffcm_fair.csv,cluster_skew_hard|1|15|1.0|2.0,min_dist,7.465622155425692,7.465622155425692,1,1
t9b_scffcm_fair.csv,cluster_skew_hard|1|15|1.0|2.0,mean_acc,1.0,1.0,1,1
t9b_scffcm_fair.csv,cluster_skew_hard|1|15|1.0|2.0,worst_acc,1.0,1.0,1,1
t9b_scffcm_fair.csv,cluster_skew_hard|1|15|1.0|2.0,fcm_obj,1.0583444310318466,1.0583444310318466,1,1
t9b_scffcm_fair.csv,cluster_skew_hard|1|16|1.0|2.0,min_dist,7.509016582571736,7.509016582571736,1,1
t9b_scffcm_fair.csv,cluster_skew_hard|1|16|1.0|2.0,mean_acc,1.0,1.0,1,1
t9b_scffcm_fair.csv,cluster_skew_hard|1|16|1.0|2.0,worst_acc,1.0,1.0,1,1
t9b_scffcm_fair.csv,cluster_skew_hard|1|16|1.0|2.0,fcm_obj,1.049168665629107,1.049168665629107,1,1
t9b_scffcm_fair.csv,cluster_skew_hard|1|17|1.0|2.0,min_dist,7.523552339126733,7.523552339126733,1,1
t9b_scffcm_fair.csv,cluster_skew_hard|1|17|1.0|2.0,mean_acc,1.0,1.0,1,1
t9b_scffcm_fair.csv,cluster_skew_hard|1|17|1.0|2.0,worst_acc,1.0,1.0,1,1
t9b_scffcm_fair.csv,cluster_skew_hard|1|17|1.0|2.0,fcm_obj,1.0500152262251454,1.0500152262251454,1,1
t9b_scffcm_fair.csv,cluster_skew_hard|1|18|1.0|2.0,min_dist,7.51467344692959,7.51467344692959,1,1
t9b_scffcm_fair.csv,cluster_skew_hard|1|18|1.0|2.0,mean_acc,1.0,1.0,1,1
t9b_scffcm_fair.csv,cluster_skew_hard|1|18|1.0|2.0,worst_acc,1.0,1.0,1,1
t9b_scffcm_fair.csv,cluster_skew_hard|1|18|1.0|2.0,fcm_obj,1.0433782327286674,1.0433782327286674,1,1
t9b_scffcm_fair.csv,cluster_skew_hard|1|19|1.0|2.0,min_dist,7.529416523735239,7.529416523735239,1,1
t9b_scffcm_fair.csv,cluster_skew_hard|1|19|1.0|2.0,mean_acc,1.0,1.0,1,1
t9b_scffcm_fair.csv,cluster_skew_hard|1|19|1.0|2.0,worst_acc,1.0,1.0,1,1
t9b_scffcm_fair.csv,cluster_skew_hard|1|19|1.0|2.0,fcm_obj,1.0312130817914706,1.0312130817914706,1,1
t9b_scffcm_fair.csv,cluster_skew_overlap|1|0|0.5|8.0,min_dist,3.7656793046732755,3.7656793046732755,1,1
t9b_scffcm_fair.csv,cluster_skew_overlap|1|0|0.5|8.0,mean_acc,0.8632575757575757,0.8632575757575757,1,1
t9b_scffcm_fair.csv,cluster_skew_overlap|1|0|0.5|8.0,worst_acc,0.8090909090909091,0.8090909090909091,1,1
t9b_scffcm_fair.csv,cluster_skew_overlap|1|0|0.5|8.0,fcm_obj,2.0917478309569275,2.0917478309569275,1,1
t9b_scffcm_fair.csv,cluster_skew_overlap|1|1|0.5|8.0,min_dist,3.8447778281906015,3.8447778281906015,1,1
t9b_scffcm_fair.csv,cluster_skew_overlap|1|1|0.5|8.0,mean_acc,0.8681818181818183,0.8681818181818183,1,1
t9b_scffcm_fair.csv,cluster_skew_overlap|1|1|0.5|8.0,worst_acc,0.8227272727272728,0.8227272727272728,1,1
t9b_scffcm_fair.csv,cluster_skew_overlap|1|1|0.5|8.0,fcm_obj,2.0536480832789024,2.0536480832789024,1,1
t9b_scffcm_fair.csv,cluster_skew_overlap|1|2|0.5|8.0,min_dist,3.7682871835680727,3.7682871835680727,1,1
t9b_scffcm_fair.csv,cluster_skew_overlap|1|2|0.5|8.0,mean_acc,0.8606060606060607,0.8606060606060607,1,1
t9b_scffcm_fair.csv,cluster_skew_overlap|1|2|0.5|8.0,worst_acc,0.8272727272727273,0.8272727272727273,1,1
t9b_scffcm_fair.csv,cluster_skew_overlap|1|2|0.5|8.0,fcm_obj,2.1218538778006524,2.1218538778006524,1,1
t9b_scffcm_fair.csv,cluster_skew_overlap|1|3|0.5|8.0,min_dist,3.957857797014716,3.957857797014716,1,1
t9b_scffcm_fair.csv,cluster_skew_overlap|1|3|0.5|8.0,mean_acc,0.8583333333333334,0.8583333333333334,1,1
t9b_scffcm_fair.csv,cluster_skew_overlap|1|3|0.5|8.0,worst_acc,0.8,0.8,1,1
t9b_scffcm_fair.csv,cluster_skew_overlap|1|3|0.5|8.0,fcm_obj,2.091559072453135,2.091559072453135,1,1
t9b_scffcm_fair.csv,cluster_skew_overlap|1|4|0.5|8.0,min_dist,3.828778701294698,3.828778701294698,1,1
t9b_scffcm_fair.csv,cluster_skew_overlap|1|4|0.5|8.0,mean_acc,0.8625000000000002,0.8625000000000002,1,1
t9b_scffcm_fair.csv,cluster_skew_overlap|1|4|0.5|8.0,worst_acc,0.8227272727272728,0.8227272727272728,1,1
t9b_scffcm_fair.csv,cluster_skew_overlap|1|4|0.5|8.0,fcm_obj,2.1638150055665415,2.1638150055665415,1,1
t9b_scffcm_fair.csv,cluster_skew_overlap|1|5|0.5|8.0,min_dist,3.8803673349506873,3.8803673349506873,1,1
t9b_scffcm_fair.csv,cluster_skew_overlap|1|5|0.5|8.0,mean_acc,0.8590909090909092,0.8590909090909092,1,1
t9b_scffcm_fair.csv,cluster_skew_overlap|1|5|0.5|8.0,worst_acc,0.7681818181818182,0.7681818181818182,1,1
t9b_scffcm_fair.csv,cluster_skew_overlap|1|5|0.5|8.0,fcm_obj,2.1108065425659563,2.1108065425659563,1,1
t9b_scffcm_fair.csv,cluster_skew_overlap|1|6|0.5|8.0,min_dist,3.893503360889193,3.893503360889193,1,1
t9b_scffcm_fair.csv,cluster_skew_overlap|1|6|0.5|8.0,mean_acc,0.8856060606060606,0.8856060606060606,1,1
t9b_scffcm_fair.csv,cluster_skew_overlap|1|6|0.5|8.0,worst_acc,0.8363636363636363,0.8363636363636363,1,1
t9b_scffcm_fair.csv,cluster_skew_overlap|1|6|0.5|8.0,fcm_obj,2.0621157700395703,2.0621157700395703,1,1
t9b_scffcm_fair.csv,cluster_skew_overlap|1|7|0.5|8.0,min_dist,3.9140563945501166,3.9140563945501166,1,1
t9b_scffcm_fair.csv,cluster_skew_overlap|1|7|0.5|8.0,mean_acc,0.8643939393939394,0.8643939393939394,1,1
t9b_scffcm_fair.csv,cluster_skew_overlap|1|7|0.5|8.0,worst_acc,0.8090909090909091,0.8090909090909091,1,1
t9b_scffcm_fair.csv,cluster_skew_overlap|1|7|0.5|8.0,fcm_obj,2.0715650426019936,2.0715650426019936,1,1
t9b_scffcm_fair.csv,cluster_skew_overlap|1|8|0.5|8.0,min_dist,3.744365138246673,3.744365138246673,1,1
t9b_scffcm_fair.csv,cluster_skew_overlap|1|8|0.5|8.0,mean_acc,0.868560606060606,0.868560606060606,1,1
t9b_scffcm_fair.csv,cluster_skew_overlap|1|8|0.5|8.0,worst_acc,0.8272727272727273,0.8272727272727273,1,1
t9b_scffcm_fair.csv,cluster_skew_overlap|1|8|0.5|8.0,fcm_obj,2.1037589951615887,2.1037589951615887,1,1
t9b_scffcm_fair.csv,cluster_skew_overlap|1|9|0.5|8.0,min_dist,3.863933086618683,3.863933086618683,1,1
t9b_scffcm_fair.csv,cluster_skew_overlap|1|9|0.5|8.0,mean_acc,0.8526515151515152,0.8526515151515152,1,1
t9b_scffcm_fair.csv,cluster_skew_overlap|1|9|0.5|8.0,worst_acc,0.8,0.8,1,1
t9b_scffcm_fair.csv,cluster_skew_overlap|1|9|0.5|8.0,fcm_obj,2.1268082542376057,2.1268082542376057,1,1
t9b_scffcm_fair.csv,cluster_skew_overlap|1|10|0.5|8.0,min_dist,3.885641689295958,3.885641689295958,1,1
t9b_scffcm_fair.csv,cluster_skew_overlap|1|10|0.5|8.0,mean_acc,0.8640151515151516,0.8640151515151516,1,1
t9b_scffcm_fair.csv,cluster_skew_overlap|1|10|0.5|8.0,worst_acc,0.8090909090909091,0.8090909090909091,1,1
t9b_scffcm_fair.csv,cluster_skew_overlap|1|10|0.5|8.0,fcm_obj,2.07829524446902,2.07829524446902,1,1
t9b_scffcm_fair.csv,cluster_skew_overlap|1|11|0.5|8.0,min_dist,3.8753476699421836,3.8753476699421836,1,1
t9b_scffcm_fair.csv,cluster_skew_overlap|1|11|0.5|8.0,mean_acc,0.8719696969696971,0.8719696969696971,1,1
t9b_scffcm_fair.csv,cluster_skew_overlap|1|11|0.5|8.0,worst_acc,0.8272727272727273,0.8272727272727273,1,1
t9b_scffcm_fair.csv,cluster_skew_overlap|1|11|0.5|8.0,fcm_obj,2.0861778660055874,2.0861778660055874,1,1
t9b_scffcm_fair.csv,cluster_skew_overlap|1|12|0.5|8.0,min_dist,3.939278393531851,3.939278393531851,1,1
t9b_scffcm_fair.csv,cluster_skew_overlap|1|12|0.5|8.0,mean_acc,0.8666666666666666,0.8666666666666666,1,1
t9b_scffcm_fair.csv,cluster_skew_overlap|1|12|0.5|8.0,worst_acc,0.8181818181818182,0.8181818181818182,1,1
t9b_scffcm_fair.csv,cluster_skew_overlap|1|12|0.5|8.0,fcm_obj,2.1372884673164623,2.1372884673164623,1,1
t9b_scffcm_fair.csv,cluster_skew_overlap|1|13|0.5|8.0,min_dist,4.071620130671555,4.071620130671555,1,1
t9b_scffcm_fair.csv,cluster_skew_overlap|1|13|0.5|8.0,mean_acc,0.869318181818182,0.869318181818182,1,1
t9b_scffcm_fair.csv,cluster_skew_overlap|1|13|0.5|8.0,worst_acc,0.8045454545454546,0.8045454545454546,1,1
t9b_scffcm_fair.csv,cluster_skew_overlap|1|13|0.5|8.0,fcm_obj,2.160985733812699,2.160985733812699,1,1
t9b_scffcm_fair.csv,cluster_skew_overlap|1|14|0.5|8.0,min_dist,3.823414932182247,3.823414932182247,1,1
t9b_scffcm_fair.csv,cluster_skew_overlap|1|14|0.5|8.0,mean_acc,0.8700757575757575,0.8700757575757575,1,1
t9b_scffcm_fair.csv,cluster_skew_overlap|1|14|0.5|8.0,worst_acc,0.7818181818181819,0.7818181818181819,1,1
t9b_scffcm_fair.csv,cluster_skew_overlap|1|14|0.5|8.0,fcm_obj,2.0469519460649184,2.0469519460649184,1,1
t9b_scffcm_fair.csv,cluster_skew_overlap|1|15|0.5|8.0,min_dist,3.756381550483447,3.756381550483447,1,1
t9b_scffcm_fair.csv,cluster_skew_overlap|1|15|0.5|8.0,mean_acc,0.859090909090909,0.859090909090909,1,1
t9b_scffcm_fair.csv,cluster_skew_overlap|1|15|0.5|8.0,worst_acc,0.8,0.8,1,1
t9b_scffcm_fair.csv,cluster_skew_overlap|1|15|0.5|8.0,fcm_obj,2.090961487197798,2.090961487197798,1,1
t9b_scffcm_fair.csv,cluster_skew_overlap|1|16|0.5|8.0,min_dist,3.92775350665699,3.92775350665699,1,1
t9b_scffcm_fair.csv,cluster_skew_overlap|1|16|0.5|8.0,mean_acc,0.852651515151515,0.852651515151515,1,1
t9b_scffcm_fair.csv,cluster_skew_overlap|1|16|0.5|8.0,worst_acc,0.7909090909090909,0.7909090909090909,1,1
t9b_scffcm_fair.csv,cluster_skew_overlap|1|16|0.5|8.0,fcm_obj,2.094892344270218,2.094892344270218,1,1
t9b_scffcm_fair.csv,cluster_skew_overlap|1|17|0.5|8.0,min_dist,3.894276453187573,3.894276453187573,1,1
t9b_scffcm_fair.csv,cluster_skew_overlap|1|17|0.5|8.0,mean_acc,0.8715909090909092,0.8715909090909092,1,1
t9b_scffcm_fair.csv,cluster_skew_overlap|1|17|0.5|8.0,worst_acc,0.8363636363636363,0.8363636363636363,1,1
t9b_scffcm_fair.csv,cluster_skew_overlap|1|17|0.5|8.0,fcm_obj,2.14166667880299,2.14166667880299,1,1
t9b_scffcm_fair.csv,cluster_skew_overlap|1|18|0.5|8.0,min_dist,3.90574987878549,3.90574987878549,1,1
t9b_scffcm_fair.csv,cluster_skew_overlap|1|18|0.5|8.0,mean_acc,0.8609848484848484,0.8609848484848484,1,1
t9b_scffcm_fair.csv,cluster_skew_overlap|1|18|0.5|8.0,worst_acc,0.8318181818181818,0.8318181818181818,1,1
t9b_scffcm_fair.csv,cluster_skew_overlap|1|18|0.5|8.0,fcm_obj,2.091880493322212,2.091880493322212,1,1
t9b_scffcm_fair.csv,cluster_skew_overlap|1|19|0.5|8.0,min_dist,3.870087985695278,3.870087985695278,1,1
t9b_scffcm_fair.csv,cluster_skew_overlap|1|19|0.5|8.0,mean_acc,0.8655303030303031,0.8655303030303031,1,1
t9b_scffcm_fair.csv,cluster_skew_overlap|1|19|0.5|8.0,worst_acc,0.8136363636363636,0.8136363636363636,1,1
t9b_scffcm_fair.csv,cluster_skew_overlap|1|19|0.5|8.0,fcm_obj,2.087111289028416,2.087111289028416,1,1
t9b_scffcm_fair.csv,dirichlet_0.03|1|0|1.0|2.0,min_dist,7.50696675625956,7.50696675625956,1,1
t9b_scffcm_fair.csv,dirichlet_0.03|1|0|1.0|2.0,mean_acc,1.0,1.0,1,1
t9b_scffcm_fair.csv,dirichlet_0.03|1|0|1.0|2.0,worst_acc,1.0,1.0,1,1
t9b_scffcm_fair.csv,dirichlet_0.03|1|0|1.0|2.0,fcm_obj,1.0312732688172503,1.0312732688172503,1,1
t9b_scffcm_fair.csv,dirichlet_0.03|1|1|1.0|2.0,min_dist,7.523148902576045,7.523148902576045,1,1
t9b_scffcm_fair.csv,dirichlet_0.03|1|1|1.0|2.0,mean_acc,1.0,1.0,1,1
t9b_scffcm_fair.csv,dirichlet_0.03|1|1|1.0|2.0,worst_acc,1.0,1.0,1,1
t9b_scffcm_fair.csv,dirichlet_0.03|1|1|1.0|2.0,fcm_obj,1.0246956245605086,1.0246956245605086,1,1
t9b_scffcm_fair.csv,dirichlet_0.03|1|2|1.0|2.0,min_dist,7.543120971895043,7.543120971895043,1,1
t9b_scffcm_fair.csv,dirichlet_0.03|1|2|1.0|2.0,mean_acc,1.0,1.0,1,1
t9b_scffcm_fair.csv,dirichlet_0.03|1|2|1.0|2.0,worst_acc,1.0,1.0,1,1
t9b_scffcm_fair.csv,dirichlet_0.03|1|2|1.0|2.0,fcm_obj,1.0578045745591076,1.0578045745591076,1,1
t9b_scffcm_fair.csv,dirichlet_0.03|1|3|1.0|2.0,min_dist,7.441673101892747,7.441673101892747,1,1
t9b_scffcm_fair.csv,dirichlet_0.03|1|3|1.0|2.0,mean_acc,1.0,1.0,1,1
t9b_scffcm_fair.csv,dirichlet_0.03|1|3|1.0|2.0,worst_acc,1.0,1.0,1,1
t9b_scffcm_fair.csv,dirichlet_0.03|1|3|1.0|2.0,fcm_obj,1.049886233647858,1.049886233647858,1,1
t9b_scffcm_fair.csv,dirichlet_0.03|1|4|1.0|2.0,min_dist,7.492801636039139,7.492801636039139,1,1
t9b_scffcm_fair.csv,dirichlet_0.03|1|4|1.0|2.0,mean_acc,1.0,1.0,1,1
t9b_scffcm_fair.csv,dirichlet_0.03|1|4|1.0|2.0,worst_acc,1.0,1.0,1,1
t9b_scffcm_fair.csv,dirichlet_0.03|1|4|1.0|2.0,fcm_obj,1.0741438776553174,1.0741438776553174,1,1
t9b_scffcm_fair.csv,dirichlet_0.03|1|5|1.0|2.0,min_dist,5.650234140130262,5.650234140130262,1,1
t9b_scffcm_fair.csv,dirichlet_0.03|1|5|1.0|2.0,mean_acc,1.0,1.0,1,1
t9b_scffcm_fair.csv,dirichlet_0.03|1|5|1.0|2.0,worst_acc,1.0,1.0,1,1
t9b_scffcm_fair.csv,dirichlet_0.03|1|5|1.0|2.0,fcm_obj,1.617570715059958,1.617570715059958,1,1
t9b_scffcm_fair.csv,dirichlet_0.03|1|6|1.0|2.0,min_dist,7.518742557143843,7.518742557143843,1,1
t9b_scffcm_fair.csv,dirichlet_0.03|1|6|1.0|2.0,mean_acc,1.0,1.0,1,1
t9b_scffcm_fair.csv,dirichlet_0.03|1|6|1.0|2.0,worst_acc,1.0,1.0,1,1
t9b_scffcm_fair.csv,dirichlet_0.03|1|6|1.0|2.0,fcm_obj,1.008935739314264,1.008935739314264,1,1
t9b_scffcm_fair.csv,dirichlet_0.03|1|7|1.0|2.0,min_dist,7.5355405256294,7.5355405256294,1,1
t9b_scffcm_fair.csv,dirichlet_0.03|1|7|1.0|2.0,mean_acc,1.0,1.0,1,1
t9b_scffcm_fair.csv,dirichlet_0.03|1|7|1.0|2.0,worst_acc,1.0,1.0,1,1
t9b_scffcm_fair.csv,dirichlet_0.03|1|7|1.0|2.0,fcm_obj,1.0414897137258077,1.0414897137258077,1,1
t9b_scffcm_fair.csv,dirichlet_0.03|1|8|1.0|2.0,min_dist,7.557576818206306,7.557576818206306,1,1
t9b_scffcm_fair.csv,dirichlet_0.03|1|8|1.0|2.0,mean_acc,1.0,1.0,1,1
t9b_scffcm_fair.csv,dirichlet_0.03|1|8|1.0|2.0,worst_acc,1.0,1.0,1,1
t9b_scffcm_fair.csv,dirichlet_0.03|1|8|1.0|2.0,fcm_obj,1.0455693262412742,1.0455693262412742,1,1
t9b_scffcm_fair.csv,dirichlet_0.03|1|9|1.0|2.0,min_dist,7.415551216773728,7.415551216773728,1,1
t9b_scffcm_fair.csv,dirichlet_0.03|1|9|1.0|2.0,mean_acc,1.0,1.0,1,1
t9b_scffcm_fair.csv,dirichlet_0.03|1|9|1.0|2.0,worst_acc,1.0,1.0,1,1
t9b_scffcm_fair.csv,dirichlet_0.03|1|9|1.0|2.0,fcm_obj,1.0729450551357824,1.0729450551357824,1,1
t9b_scffcm_fair.csv,dirichlet_0.03|1|10|1.0|2.0,min_dist,7.535306220477872,7.535306220477872,1,1
t9b_scffcm_fair.csv,dirichlet_0.03|1|10|1.0|2.0,mean_acc,1.0,1.0,1,1
t9b_scffcm_fair.csv,dirichlet_0.03|1|10|1.0|2.0,worst_acc,1.0,1.0,1,1
t9b_scffcm_fair.csv,dirichlet_0.03|1|10|1.0|2.0,fcm_obj,1.0303448494606404,1.0303448494606404,1,1
t9b_scffcm_fair.csv,dirichlet_0.03|1|11|1.0|2.0,min_dist,7.5106204048455245,7.5106204048455245,1,1
t9b_scffcm_fair.csv,dirichlet_0.03|1|11|1.0|2.0,mean_acc,1.0,1.0,1,1
t9b_scffcm_fair.csv,dirichlet_0.03|1|11|1.0|2.0,worst_acc,1.0,1.0,1,1
t9b_scffcm_fair.csv,dirichlet_0.03|1|11|1.0|2.0,fcm_obj,1.0229791024959345,1.0229791024959345,1,1
t9b_scffcm_fair.csv,dirichlet_0.03|1|12|1.0|2.0,min_dist,7.5103938121576785,7.5103938121576785,1,1
t9b_scffcm_fair.csv,dirichlet_0.03|1|12|1.0|2.0,mean_acc,1.0,1.0,1,1
t9b_scffcm_fair.csv,dirichlet_0.03|1|12|1.0|2.0,worst_acc,1.0,1.0,1,1
t9b_scffcm_fair.csv,dirichlet_0.03|1|12|1.0|2.0,fcm_obj,1.0711273478463637,1.0711273478463637,1,1
t9b_scffcm_fair.csv,dirichlet_0.03|1|13|1.0|2.0,min_dist,7.535218507465461,7.535218507465461,1,1
t9b_scffcm_fair.csv,dirichlet_0.03|1|13|1.0|2.0,mean_acc,1.0,1.0,1,1
t9b_scffcm_fair.csv,dirichlet_0.03|1|13|1.0|2.0,worst_acc,1.0,1.0,1,1
t9b_scffcm_fair.csv,dirichlet_0.03|1|13|1.0|2.0,fcm_obj,1.0549870136308512,1.0549870136308512,1,1
t9b_scffcm_fair.csv,dirichlet_0.03|1|14|1.0|2.0,min_dist,7.4713436489435745,7.4713436489435745,1,1
t9b_scffcm_fair.csv,dirichlet_0.03|1|14|1.0|2.0,mean_acc,1.0,1.0,1,1
t9b_scffcm_fair.csv,dirichlet_0.03|1|14|1.0|2.0,worst_acc,1.0,1.0,1,1
t9b_scffcm_fair.csv,dirichlet_0.03|1|14|1.0|2.0,fcm_obj,0.9999031691806889,0.9999031691806889,1,1
t9b_scffcm_fair.csv,dirichlet_0.03|1|15|1.0|2.0,min_dist,7.534272081537866,7.534272081537866,1,1
t9b_scffcm_fair.csv,dirichlet_0.03|1|15|1.0|2.0,mean_acc,1.0,1.0,1,1
t9b_scffcm_fair.csv,dirichlet_0.03|1|15|1.0|2.0,worst_acc,1.0,1.0,1,1
t9b_scffcm_fair.csv,dirichlet_0.03|1|15|1.0|2.0,fcm_obj,1.0392079342217613,1.0392079342217613,1,1
t9b_scffcm_fair.csv,dirichlet_0.03|1|16|1.0|2.0,min_dist,7.608421517157886,7.608421517157886,1,1
t9b_scffcm_fair.csv,dirichlet_0.03|1|16|1.0|2.0,mean_acc,1.0,1.0,1,1
t9b_scffcm_fair.csv,dirichlet_0.03|1|16|1.0|2.0,worst_acc,1.0,1.0,1,1
t9b_scffcm_fair.csv,dirichlet_0.03|1|16|1.0|2.0,fcm_obj,1.0423912145272265,1.0423912145272265,1,1
t9b_scffcm_fair.csv,dirichlet_0.03|1|17|1.0|2.0,min_dist,7.564157860000489,7.564157860000489,1,1
t9b_scffcm_fair.csv,dirichlet_0.03|1|17|1.0|2.0,mean_acc,1.0,1.0,1,1
t9b_scffcm_fair.csv,dirichlet_0.03|1|17|1.0|2.0,worst_acc,1.0,1.0,1,1
t9b_scffcm_fair.csv,dirichlet_0.03|1|17|1.0|2.0,fcm_obj,1.053591183062886,1.053591183062886,1,1
t9b_scffcm_fair.csv,dirichlet_0.03|1|18|1.0|2.0,min_dist,7.472785496524499,7.472785496524499,1,1
t9b_scffcm_fair.csv,dirichlet_0.03|1|18|1.0|2.0,mean_acc,1.0,1.0,1,1
t9b_scffcm_fair.csv,dirichlet_0.03|1|18|1.0|2.0,worst_acc,1.0,1.0,1,1
t9b_scffcm_fair.csv,dirichlet_0.03|1|18|1.0|2.0,fcm_obj,1.0400200167579259,1.0400200167579259,1,1
t9b_scffcm_fair.csv,dirichlet_0.03|1|19|1.0|2.0,min_dist,7.533398766129995,7.533398766129995,1,1
t9b_scffcm_fair.csv,dirichlet_0.03|1|19|1.0|2.0,mean_acc,1.0,1.0,1,1
t9b_scffcm_fair.csv,dirichlet_0.03|1|19|1.0|2.0,worst_acc,1.0,1.0,1,1
t9b_scffcm_fair.csv,dirichlet_0.03|1|19|1.0|2.0,fcm_obj,1.0168953841916173,1.0168953841916173,1,1
t9b_scffcm_fair.csv,dirichlet_0.1|1|0|0.5|4.0,min_dist,7.475028564243617,7.475028564243617,1,1
t9b_scffcm_fair.csv,dirichlet_0.1|1|0|0.5|4.0,mean_acc,1.0,1.0,1,1
t9b_scffcm_fair.csv,dirichlet_0.1|1|0|0.5|4.0,worst_acc,1.0,1.0,1,1
t9b_scffcm_fair.csv,dirichlet_0.1|1|0|0.5|4.0,fcm_obj,1.0323901159461466,1.0323901159461466,1,1
t9b_scffcm_fair.csv,dirichlet_0.1|1|1|0.5|4.0,min_dist,7.554947362146816,7.554947362146816,1,1
t9b_scffcm_fair.csv,dirichlet_0.1|1|1|0.5|4.0,mean_acc,1.0,1.0,1,1
t9b_scffcm_fair.csv,dirichlet_0.1|1|1|0.5|4.0,worst_acc,1.0,1.0,1,1
t9b_scffcm_fair.csv,dirichlet_0.1|1|1|0.5|4.0,fcm_obj,1.0102150141622859,1.0102150141622859,1,1
t9b_scffcm_fair.csv,dirichlet_0.1|1|2|0.5|4.0,min_dist,5.856677674431532,5.856677674431532,1,1
t9b_scffcm_fair.csv,dirichlet_0.1|1|2|0.5|4.0,mean_acc,1.0,1.0,1,1
t9b_scffcm_fair.csv,dirichlet_0.1|1|2|0.5|4.0,worst_acc,1.0,1.0,1,1
t9b_scffcm_fair.csv,dirichlet_0.1|1|2|0.5|4.0,fcm_obj,1.6370629743004277,1.6370629743004277,1,1
t9b_scffcm_fair.csv,dirichlet_0.1|1|3|0.5|4.0,min_dist,7.496860117145377,7.496860117145377,1,1
t9b_scffcm_fair.csv,dirichlet_0.1|1|3|0.5|4.0,mean_acc,1.0,1.0,1,1
t9b_scffcm_fair.csv,dirichlet_0.1|1|3|0.5|4.0,worst_acc,1.0,1.0,1,1
t9b_scffcm_fair.csv,dirichlet_0.1|1|3|0.5|4.0,fcm_obj,1.0482069210252867,1.0482069210252867,1,1
t9b_scffcm_fair.csv,dirichlet_0.1|1|4|0.5|4.0,min_dist,7.434212775670019,7.434212775670019,1,1
t9b_scffcm_fair.csv,dirichlet_0.1|1|4|0.5|4.0,mean_acc,1.0,1.0,1,1
t9b_scffcm_fair.csv,dirichlet_0.1|1|4|0.5|4.0,worst_acc,1.0,1.0,1,1
t9b_scffcm_fair.csv,dirichlet_0.1|1|4|0.5|4.0,fcm_obj,1.0707911263110799,1.0707911263110799,1,1
t9b_scffcm_fair.csv,dirichlet_0.1|1|5|0.5|4.0,min_dist,7.5272427420809445,7.5272427420809445,1,1
t9b_scffcm_fair.csv,dirichlet_0.1|1|5|0.5|4.0,mean_acc,1.0,1.0,1,1
t9b_scffcm_fair.csv,dirichlet_0.1|1|5|0.5|4.0,worst_acc,1.0,1.0,1,1
t9b_scffcm_fair.csv,dirichlet_0.1|1|5|0.5|4.0,fcm_obj,1.046541751161035,1.046541751161035,1,1
t9b_scffcm_fair.csv,dirichlet_0.1|1|6|0.5|4.0,min_dist,7.523860637390501,7.523860637390501,1,1
t9b_scffcm_fair.csv,dirichlet_0.1|1|6|0.5|4.0,mean_acc,1.0,1.0,1,1
t9b_scffcm_fair.csv,dirichlet_0.1|1|6|0.5|4.0,worst_acc,1.0,1.0,1,1
t9b_scffcm_fair.csv,dirichlet_0.1|1|6|0.5|4.0,fcm_obj,1.0151859579123268,1.0151859579123268,1,1
t9b_scffcm_fair.csv,dirichlet_0.1|1|7|0.5|4.0,min_dist,7.502885900900961,7.502885900900961,1,1
t9b_scffcm_fair.csv,dirichlet_0.1|1|7|0.5|4.0,mean_acc,1.0,1.0,1,1
t9b_scffcm_fair.csv,dirichlet_0.1|1|7|0.5|4.0,worst_acc,1.0,1.0,1,1
t9b_scffcm_fair.csv,dirichlet_0.1|1|7|0.5|4.0,fcm_obj,1.0360151750617625,1.0360151750617625,1,1
t9b_scffcm_fair.csv,dirichlet_0.1|1|8|0.5|4.0,min_dist,7.447943884647943,7.447943884647943,1,1
t9b_scffcm_fair.csv,dirichlet_0.1|1|8|0.5|4.0,mean_acc,1.0,1.0,1,1
t9b_scffcm_fair.csv,dirichlet_0.1|1|8|0.5|4.0,worst_acc,1.0,1.0,1,1
t9b_scffcm_fair.csv,dirichlet_0.1|1|8|0.5|4.0,fcm_obj,1.03873247207381,1.03873247207381,1,1
t9b_scffcm_fair.csv,dirichlet_0.1|1|9|0.5|4.0,min_dist,7.452859553774639,7.452859553774639,1,1
t9b_scffcm_fair.csv,dirichlet_0.1|1|9|0.5|4.0,mean_acc,1.0,1.0,1,1
t9b_scffcm_fair.csv,dirichlet_0.1|1|9|0.5|4.0,worst_acc,1.0,1.0,1,1
t9b_scffcm_fair.csv,dirichlet_0.1|1|9|0.5|4.0,fcm_obj,1.0566846330726727,1.0566846330726727,1,1
t9b_scffcm_fair.csv,dirichlet_0.1|1|10|0.5|4.0,min_dist,7.485408438912604,7.485408438912604,1,1
t9b_scffcm_fair.csv,dirichlet_0.1|1|10|0.5|4.0,mean_acc,1.0,1.0,1,1
t9b_scffcm_fair.csv,dirichlet_0.1|1|10|0.5|4.0,worst_acc,1.0,1.0,1,1
t9b_scffcm_fair.csv,dirichlet_0.1|1|10|0.5|4.0,fcm_obj,1.0302670480344076,1.0302670480344076,1,1
t9b_scffcm_fair.csv,dirichlet_0.1|1|11|0.5|4.0,min_dist,7.5388828667002485,7.5388828667002485,1,1
t9b_scffcm_fair.csv,dirichlet_0.1|1|11|0.5|4.0,mean_acc,1.0,1.0,1,1
t9b_scffcm_fair.csv,dirichlet_0.1|1|11|0.5|4.0,worst_acc,1.0,1.0,1,1
t9b_scffcm_fair.csv,dirichlet_0.1|1|11|0.5|4.0,fcm_obj,1.02210932420374,1.02210932420374,1,1
t9b_scffcm_fair.csv,dirichlet_0.1|1|12|0.5|4.0,min_dist,7.474980848372765,7.474980848372765,1,1
t9b_scffcm_fair.csv,dirichlet_0.1|1|12|0.5|4.0,mean_acc,1.0,1.0,1,1
t9b_scffcm_fair.csv,dirichlet_0.1|1|12|0.5|4.0,worst_acc,1.0,1.0,1,1
t9b_scffcm_fair.csv,dirichlet_0.1|1|12|0.5|4.0,fcm_obj,1.070948391331822,1.070948391331822,1,1
t9b_scffcm_fair.csv,dirichlet_0.1|1|13|0.5|4.0,min_dist,1.516804857968452,1.516804857968452,1,1
t9b_scffcm_fair.csv,dirichlet_0.1|1|13|0.5|4.0,mean_acc,0.8973484848484848,0.8973484848484848,1,1
t9b_scffcm_fair.csv,dirichlet_0.1|1|13|0.5|4.0,worst_acc,0.7090909090909091,0.7090909090909091,1,1
t9b_scffcm_fair.csv,dirichlet_0.1|1|13|0.5|4.0,fcm_obj,1.9108129765413693,1.9108129765413693,1,1
t9b_scffcm_fair.csv,dirichlet_0.1|1|14|0.5|4.0,min_dist,7.500810568166918,7.500810568166918,1,1
t9b_scffcm_fair.csv,dirichlet_0.1|1|14|0.5|4.0,mean_acc,1.0,1.0,1,1
t9b_scffcm_fair.csv,dirichlet_0.1|1|14|0.5|4.0,worst_acc,1.0,1.0,1,1
t9b_scffcm_fair.csv,dirichlet_0.1|1|14|0.5|4.0,fcm_obj,1.0030102506268272,1.0030102506268272,1,1
t9b_scffcm_fair.csv,dirichlet_0.1|1|15|0.5|4.0,min_dist,7.468902373221197,7.468902373221197,1,1
t9b_scffcm_fair.csv,dirichlet_0.1|1|15|0.5|4.0,mean_acc,1.0,1.0,1,1
t9b_scffcm_fair.csv,dirichlet_0.1|1|15|0.5|4.0,worst_acc,1.0,1.0,1,1
t9b_scffcm_fair.csv,dirichlet_0.1|1|15|0.5|4.0,fcm_obj,1.051818253654381,1.051818253654381,1,1
t9b_scffcm_fair.csv,dirichlet_0.1|1|16|0.5|4.0,min_dist,7.471925927847107,7.471925927847107,1,1
t9b_scffcm_fair.csv,dirichlet_0.1|1|16|0.5|4.0,mean_acc,1.0,1.0,1,1
t9b_scffcm_fair.csv,dirichlet_0.1|1|16|0.5|4.0,worst_acc,1.0,1.0,1,1
t9b_scffcm_fair.csv,dirichlet_0.1|1|16|0.5|4.0,fcm_obj,1.0445742274398278,1.0445742274398278,1,1
t9b_scffcm_fair.csv,dirichlet_0.1|1|17|0.5|4.0,min_dist,7.482040022870184,7.482040022870184,1,1
t9b_scffcm_fair.csv,dirichlet_0.1|1|17|0.5|4.0,mean_acc,1.0,1.0,1,1
t9b_scffcm_fair.csv,dirichlet_0.1|1|17|0.5|4.0,worst_acc,1.0,1.0,1,1
t9b_scffcm_fair.csv,dirichlet_0.1|1|17|0.5|4.0,fcm_obj,1.0569340867857924,1.0569340867857924,1,1
t9b_scffcm_fair.csv,dirichlet_0.1|1|18|0.5|4.0,min_dist,7.454758357819347,7.454758357819347,1,1
t9b_scffcm_fair.csv,dirichlet_0.1|1|18|0.5|4.0,mean_acc,1.0,1.0,1,1
t9b_scffcm_fair.csv,dirichlet_0.1|1|18|0.5|4.0,worst_acc,1.0,1.0,1,1
t9b_scffcm_fair.csv,dirichlet_0.1|1|18|0.5|4.0,fcm_obj,1.0467405400028418,1.0467405400028418,1,1
t9b_scffcm_fair.csv,dirichlet_0.1|1|19|0.5|4.0,min_dist,7.504206605755125,7.504206605755125,1,1
t9b_scffcm_fair.csv,dirichlet_0.1|1|19|0.5|4.0,mean_acc,1.0,1.0,1,1
t9b_scffcm_fair.csv,dirichlet_0.1|1|19|0.5|4.0,worst_acc,1.0,1.0,1,1
t9b_scffcm_fair.csv,dirichlet_0.1|1|19|0.5|4.0,fcm_obj,1.0191669152865035,1.0191669152865035,1,1
t9b_scffcm_fair.csv,overlap_noise|1|0|2.0|2.0,min_dist,4.660028136979226,4.660028136979226,1,1
t9b_scffcm_fair.csv,overlap_noise|1|0|2.0|2.0,mean_acc,0.8981060606060606,0.8981060606060606,1,1
t9b_scffcm_fair.csv,overlap_noise|1|0|2.0|2.0,worst_acc,0.8636363636363636,0.8636363636363636,1,1
t9b_scffcm_fair.csv,overlap_noise|1|0|2.0|2.0,fcm_obj,2.3081884719725902,2.3081884719725902,1,1
t9b_scffcm_fair.csv,overlap_noise|1|1|2.0|2.0,min_dist,4.829987164063679,4.829987164063679,1,1
t9b_scffcm_fair.csv,overlap_noise|1|1|2.0|2.0,mean_acc,0.9083333333333332,0.9083333333333332,1,1
t9b_scffcm_fair.csv,overlap_noise|1|1|2.0|2.0,worst_acc,0.8909090909090909,0.8909090909090909,1,1
t9b_scffcm_fair.csv,overlap_noise|1|1|2.0|2.0,fcm_obj,2.349811844713624,2.349811844713624,1,1
t9b_scffcm_fair.csv,overlap_noise|1|2|2.0|2.0,min_dist,4.765926890809638,4.765926890809638,1,1
t9b_scffcm_fair.csv,overlap_noise|1|2|2.0|2.0,mean_acc,0.9022727272727273,0.9022727272727273,1,1
t9b_scffcm_fair.csv,overlap_noise|1|2|2.0|2.0,worst_acc,0.8863636363636364,0.8863636363636364,1,1
t9b_scffcm_fair.csv,overlap_noise|1|2|2.0|2.0,fcm_obj,2.2718624841445587,2.2718624841445587,1,1
t9b_scffcm_fair.csv,overlap_noise|1|3|2.0|2.0,min_dist,4.832925252940309,4.832925252940309,1,1
t9b_scffcm_fair.csv,overlap_noise|1|3|2.0|2.0,mean_acc,0.8988636363636364,0.8988636363636364,1,1
t9b_scffcm_fair.csv,overlap_noise|1|3|2.0|2.0,worst_acc,0.8818181818181818,0.8818181818181818,1,1
t9b_scffcm_fair.csv,overlap_noise|1|3|2.0|2.0,fcm_obj,2.3642378985890633,2.3642378985890633,1,1
t9b_scffcm_fair.csv,overlap_noise|1|4|2.0|2.0,min_dist,4.8770477282843885,4.8770477282843885,1,1
t9b_scffcm_fair.csv,overlap_noise|1|4|2.0|2.0,mean_acc,0.9049242424242424,0.9049242424242424,1,1
t9b_scffcm_fair.csv,overlap_noise|1|4|2.0|2.0,worst_acc,0.8727272727272727,0.8727272727272727,1,1
t9b_scffcm_fair.csv,overlap_noise|1|4|2.0|2.0,fcm_obj,2.4161513656142497,2.4161513656142497,1,1
t9b_scffcm_fair.csv,overlap_noise|1|5|2.0|2.0,min_dist,4.53001726550798,4.53001726550798,1,1
t9b_scffcm_fair.csv,overlap_noise|1|5|2.0|2.0,mean_acc,0.8981060606060606,0.8981060606060606,1,1
t9b_scffcm_fair.csv,overlap_noise|1|5|2.0|2.0,worst_acc,0.8727272727272727,0.8727272727272727,1,1
t9b_scffcm_fair.csv,overlap_noise|1|5|2.0|2.0,fcm_obj,2.330892704574736,2.330892704574736,1,1
t9b_scffcm_fair.csv,overlap_noise|1|6|2.0|2.0,min_dist,4.920692452632798,4.920692452632798,1,1
t9b_scffcm_fair.csv,overlap_noise|1|6|2.0|2.0,mean_acc,0.9102272727272726,0.9102272727272726,1,1
t9b_scffcm_fair.csv,overlap_noise|1|6|2.0|2.0,worst_acc,0.8772727272727273,0.8772727272727273,1,1
t9b_scffcm_fair.csv,overlap_noise|1|6|2.0|2.0,fcm_obj,2.3270535167782698,2.3270535167782698,1,1
t9b_scffcm_fair.csv,overlap_noise|1|7|2.0|2.0,min_dist,4.891086299853912,4.891086299853912,1,1
t9b_scffcm_fair.csv,overlap_noise|1|7|2.0|2.0,mean_acc,0.9022727272727273,0.9022727272727273,1,1
t9b_scffcm_fair.csv,overlap_noise|1|7|2.0|2.0,worst_acc,0.8772727272727273,0.8772727272727273,1,1
t9b_scffcm_fair.csv,overlap_noise|1|7|2.0|2.0,fcm_obj,2.369617773283726,2.369617773283726,1,1
t9b_scffcm_fair.csv,overlap_noise|1|8|2.0|2.0,min_dist,4.7901049281182555,4.7901049281182555,1,1
t9b_scffcm_fair.csv,overlap_noise|1|8|2.0|2.0,mean_acc,0.903030303030303,0.903030303030303,1,1
t9b_scffcm_fair.csv,overlap_noise|1|8|2.0|2.0,worst_acc,0.8727272727272727,0.8727272727272727,1,1
t9b_scffcm_fair.csv,overlap_noise|1|8|2.0|2.0,fcm_obj,2.2710004739704686,2.2710004739704686,1,1
t9b_scffcm_fair.csv,overlap_noise|1|9|2.0|2.0,min_dist,4.8759059700812175,4.8759059700812175,1,1
t9b_scffcm_fair.csv,overlap_noise|1|9|2.0|2.0,mean_acc,0.912121212121212,0.912121212121212,1,1
t9b_scffcm_fair.csv,overlap_noise|1|9|2.0|2.0,worst_acc,0.8909090909090909,0.8909090909090909,1,1
t9b_scffcm_fair.csv,overlap_noise|1|9|2.0|2.0,fcm_obj,2.4137093810490087,2.4137093810490087,1,1
t9b_scffcm_fair.csv,overlap_noise|1|10|2.0|2.0,min_dist,4.575500187317522,4.575500187317522,1,1
t9b_scffcm_fair.csv,overlap_noise|1|10|2.0|2.0,mean_acc,0.9053030303030303,0.9053030303030303,1,1
t9b_scffcm_fair.csv,overlap_noise|1|10|2.0|2.0,worst_acc,0.8818181818181818,0.8818181818181818,1,1
t9b_scffcm_fair.csv,overlap_noise|1|10|2.0|2.0,fcm_obj,2.3465735044972442,2.3465735044972442,1,1
t9b_scffcm_fair.csv,overlap_noise|1|11|2.0|2.0,min_dist,4.725111246642209,4.725111246642209,1,1
t9b_scffcm_fair.csv,overlap_noise|1|11|2.0|2.0,mean_acc,0.9075757575757576,0.9075757575757576,1,1
t9b_scffcm_fair.csv,overlap_noise|1|11|2.0|2.0,worst_acc,0.8636363636363636,0.8636363636363636,1,1
t9b_scffcm_fair.csv,overlap_noise|1|11|2.0|2.0,fcm_obj,2.2769966346895734,2.2769966346895734,1,1
t9b_scffcm_fair.csv,overlap_noise|1|12|2.0|2.0,min_dist,4.810027958048185,4.810027958048185,1,1
t9b_scffcm_fair.csv,overlap_noise|1|12|2.0|2.0,mean_acc,0.9079545454545453,0.9079545454545453,1,1
t9b_scffcm_fair.csv,overlap_noise|1|12|2.0|2.0,worst_acc,0.8818181818181818,0.8818181818181818,1,1
t9b_scffcm_fair.csv,overlap_noise|1|12|2.0|2.0,fcm_obj,2.375883568798033,2.375883568798033,1,1
t9b_scffcm_fair.csv,overlap_noise|1|13|2.0|2.0,min_dist,1.9496743995949806,1.9496743995949806,1,1
t9b_scffcm_fair.csv,overlap_noise|1|13|2.0|2.0,mean_acc,0.7189393939393939,0.7189393939393939,1,1
t9b_scffcm_fair.csv,overlap_noise|1|13|2.0|2.0,worst_acc,0.5136363636363637,0.5136363636363637,1,1
t9b_scffcm_fair.csv,overlap_noise|1|13|2.0|2.0,fcm_obj,2.3149541902137227,2.3149541902137227,1,1
t9b_scffcm_fair.csv,overlap_noise|1|14|2.0|2.0,min_dist,4.7985800532594505,4.7985800532594505,1,1
t9b_scffcm_fair.csv,overlap_noise|1|14|2.0|2.0,mean_acc,0.9045454545454544,0.9045454545454544,1,1
t9b_scffcm_fair.csv,overlap_noise|1|14|2.0|2.0,worst_acc,0.8681818181818182,0.8681818181818182,1,1
t9b_scffcm_fair.csv,overlap_noise|1|14|2.0|2.0,fcm_obj,2.292327427416756,2.292327427416756,1,1
t9b_scffcm_fair.csv,overlap_noise|1|15|2.0|2.0,min_dist,4.445461454932209,4.445461454932209,1,1
t9b_scffcm_fair.csv,overlap_noise|1|15|2.0|2.0,mean_acc,0.897348484848485,0.897348484848485,1,1
t9b_scffcm_fair.csv,overlap_noise|1|15|2.0|2.0,worst_acc,0.8727272727272727,0.8727272727272727,1,1
t9b_scffcm_fair.csv,overlap_noise|1|15|2.0|2.0,fcm_obj,2.297991478683252,2.297991478683252,1,1
t9b_scffcm_fair.csv,overlap_noise|1|16|2.0|2.0,min_dist,4.476719284728026,4.476719284728026,1,1
t9b_scffcm_fair.csv,overlap_noise|1|16|2.0|2.0,mean_acc,0.8962121212121211,0.8962121212121211,1,1
t9b_scffcm_fair.csv,overlap_noise|1|16|2.0|2.0,worst_acc,0.8818181818181818,0.8818181818181818,1,1
t9b_scffcm_fair.csv,overlap_noise|1|16|2.0|2.0,fcm_obj,2.286125207364736,2.286125207364736,1,1
t9b_scffcm_fair.csv,overlap_noise|1|17|2.0|2.0,min_dist,4.728029220507333,4.728029220507333,1,1
t9b_scffcm_fair.csv,overlap_noise|1|17|2.0|2.0,mean_acc,0.8931818181818182,0.8931818181818182,1,1
t9b_scffcm_fair.csv,overlap_noise|1|17|2.0|2.0,worst_acc,0.8545454545454545,0.8545454545454545,1,1
t9b_scffcm_fair.csv,overlap_noise|1|17|2.0|2.0,fcm_obj,2.388829779360526,2.388829779360526,1,1
t9b_scffcm_fair.csv,overlap_noise|1|18|2.0|2.0,min_dist,4.812458017649759,4.812458017649759,1,1
t9b_scffcm_fair.csv,overlap_noise|1|18|2.0|2.0,mean_acc,0.8992424242424243,0.8992424242424243,1,1
t9b_scffcm_fair.csv,overlap_noise|1|18|2.0|2.0,worst_acc,0.8727272727272727,0.8727272727272727,1,1
t9b_scffcm_fair.csv,overlap_noise|1|18|2.0|2.0,fcm_obj,2.280889567542256,2.280889567542256,1,1
t9b_scffcm_fair.csv,overlap_noise|1|19|2.0|2.0,min_dist,4.776013362215128,4.776013362215128,1,1
t9b_scffcm_fair.csv,overlap_noise|1|19|2.0|2.0,mean_acc,0.9098484848484848,0.9098484848484848,1,1
t9b_scffcm_fair.csv,overlap_noise|1|19|2.0|2.0,worst_acc,0.8954545454545455,0.8954545454545455,1,1
t9b_scffcm_fair.csv,overlap_noise|1|19|2.0|2.0,fcm_obj,2.2870311415166658,2.2870311415166658,1,1
t9b_scffcm_fair.csv,quantity_skew_extreme|1|0|0.5|4.0,min_dist,7.3644665287877284,7.3644665287877284,1,1
t9b_scffcm_fair.csv,quantity_skew_extreme|1|0|0.5|4.0,mean_acc,1.0,1.0,1,1
t9b_scffcm_fair.csv,quantity_skew_extreme|1|0|0.5|4.0,worst_acc,1.0,1.0,1,1
t9b_scffcm_fair.csv,quantity_skew_extreme|1|0|0.5|4.0,fcm_obj,1.0422557687175944,1.0422557687175944,1,1
t9b_scffcm_fair.csv,quantity_skew_extreme|1|1|0.5|4.0,min_dist,7.618167360047588,7.618167360047588,1,1
t9b_scffcm_fair.csv,quantity_skew_extreme|1|1|0.5|4.0,mean_acc,1.0,1.0,1,1
t9b_scffcm_fair.csv,quantity_skew_extreme|1|1|0.5|4.0,worst_acc,1.0,1.0,1,1
t9b_scffcm_fair.csv,quantity_skew_extreme|1|1|0.5|4.0,fcm_obj,1.0243323401825748,1.0243323401825748,1,1
t9b_scffcm_fair.csv,quantity_skew_extreme|1|2|0.5|4.0,min_dist,7.415963096104992,7.415963096104992,1,1
t9b_scffcm_fair.csv,quantity_skew_extreme|1|2|0.5|4.0,mean_acc,1.0,1.0,1,1
t9b_scffcm_fair.csv,quantity_skew_extreme|1|2|0.5|4.0,worst_acc,1.0,1.0,1,1
t9b_scffcm_fair.csv,quantity_skew_extreme|1|2|0.5|4.0,fcm_obj,1.0508897948091833,1.0508897948091833,1,1
t9b_scffcm_fair.csv,quantity_skew_extreme|1|3|0.5|4.0,min_dist,7.371265431000129,7.371265431000129,1,1
t9b_scffcm_fair.csv,quantity_skew_extreme|1|3|0.5|4.0,mean_acc,1.0,1.0,1,1
t9b_scffcm_fair.csv,quantity_skew_extreme|1|3|0.5|4.0,worst_acc,1.0,1.0,1,1
t9b_scffcm_fair.csv,quantity_skew_extreme|1|3|0.5|4.0,fcm_obj,1.0688974327696252,1.0688974327696252,1,1
t9b_scffcm_fair.csv,quantity_skew_extreme|1|4|0.5|4.0,min_dist,7.518328841638577,7.518328841638577,1,1
t9b_scffcm_fair.csv,quantity_skew_extreme|1|4|0.5|4.0,mean_acc,1.0,1.0,1,1
t9b_scffcm_fair.csv,quantity_skew_extreme|1|4|0.5|4.0,worst_acc,1.0,1.0,1,1
t9b_scffcm_fair.csv,quantity_skew_extreme|1|4|0.5|4.0,fcm_obj,1.0744830805044228,1.0744830805044228,1,1
t9b_scffcm_fair.csv,quantity_skew_extreme|1|5|0.5|4.0,min_dist,7.414581743612962,7.414581743612962,1,1
t9b_scffcm_fair.csv,quantity_skew_extreme|1|5|0.5|4.0,mean_acc,1.0,1.0,1,1
t9b_scffcm_fair.csv,quantity_skew_extreme|1|5|0.5|4.0,worst_acc,1.0,1.0,1,1
t9b_scffcm_fair.csv,quantity_skew_extreme|1|5|0.5|4.0,fcm_obj,1.0191235127668743,1.0191235127668743,1,1
t9b_scffcm_fair.csv,quantity_skew_extreme|1|6|0.5|4.0,min_dist,7.593689345756587,7.593689345756587,1,1
t9b_scffcm_fair.csv,quantity_skew_extreme|1|6|0.5|4.0,mean_acc,1.0,1.0,1,1
t9b_scffcm_fair.csv,quantity_skew_extreme|1|6|0.5|4.0,worst_acc,1.0,1.0,1,1
t9b_scffcm_fair.csv,quantity_skew_extreme|1|6|0.5|4.0,fcm_obj,1.0213138259212655,1.0213138259212655,1,1
t9b_scffcm_fair.csv,quantity_skew_extreme|1|7|0.5|4.0,min_dist,7.647979432051875,7.647979432051875,1,1
t9b_scffcm_fair.csv,quantity_skew_extreme|1|7|0.5|4.0,mean_acc,1.0,1.0,1,1
t9b_scffcm_fair.csv,quantity_skew_extreme|1|7|0.5|4.0,worst_acc,1.0,1.0,1,1
t9b_scffcm_fair.csv,quantity_skew_extreme|1|7|0.5|4.0,fcm_obj,1.0494651882505353,1.0494651882505353,1,1
t9b_scffcm_fair.csv,quantity_skew_extreme|1|8|0.5|4.0,min_dist,7.37672234260145,7.37672234260145,1,1
t9b_scffcm_fair.csv,quantity_skew_extreme|1|8|0.5|4.0,mean_acc,1.0,1.0,1,1
t9b_scffcm_fair.csv,quantity_skew_extreme|1|8|0.5|4.0,worst_acc,1.0,1.0,1,1
t9b_scffcm_fair.csv,quantity_skew_extreme|1|8|0.5|4.0,fcm_obj,1.075147473832603,1.075147473832603,1,1
t9b_scffcm_fair.csv,quantity_skew_extreme|1|9|0.5|4.0,min_dist,7.445416843838207,7.445416843838207,1,1
t9b_scffcm_fair.csv,quantity_skew_extreme|1|9|0.5|4.0,mean_acc,1.0,1.0,1,1
t9b_scffcm_fair.csv,quantity_skew_extreme|1|9|0.5|4.0,worst_acc,1.0,1.0,1,1
t9b_scffcm_fair.csv,quantity_skew_extreme|1|9|0.5|4.0,fcm_obj,1.0528157775759228,1.0528157775759228,1,1
t9b_scffcm_fair.csv,quantity_skew_extreme|1|10|0.5|4.0,min_dist,7.398141227200151,7.398141227200151,1,1
t9b_scffcm_fair.csv,quantity_skew_extreme|1|10|0.5|4.0,mean_acc,1.0,1.0,1,1
t9b_scffcm_fair.csv,quantity_skew_extreme|1|10|0.5|4.0,worst_acc,1.0,1.0,1,1
t9b_scffcm_fair.csv,quantity_skew_extreme|1|10|0.5|4.0,fcm_obj,1.0322336154053453,1.0322336154053453,1,1
t9b_scffcm_fair.csv,quantity_skew_extreme|1|11|0.5|4.0,min_dist,7.662400010725281,7.662400010725281,1,1
t9b_scffcm_fair.csv,quantity_skew_extreme|1|11|0.5|4.0,mean_acc,1.0,1.0,1,1
t9b_scffcm_fair.csv,quantity_skew_extreme|1|11|0.5|4.0,worst_acc,1.0,1.0,1,1
t9b_scffcm_fair.csv,quantity_skew_extreme|1|11|0.5|4.0,fcm_obj,1.036289052415797,1.036289052415797,1,1
t9b_scffcm_fair.csv,quantity_skew_extreme|1|12|0.5|4.0,min_dist,7.449961190190867,7.449961190190867,1,1
t9b_scffcm_fair.csv,quantity_skew_extreme|1|12|0.5|4.0,mean_acc,1.0,1.0,1,1
t9b_scffcm_fair.csv,quantity_skew_extreme|1|12|0.5|4.0,worst_acc,1.0,1.0,1,1
t9b_scffcm_fair.csv,quantity_skew_extreme|1|12|0.5|4.0,fcm_obj,1.0878308050268728,1.0878308050268728,1,1
t9b_scffcm_fair.csv,quantity_skew_extreme|1|13|0.5|4.0,min_dist,7.4489046679059925,7.4489046679059925,1,1
t9b_scffcm_fair.csv,quantity_skew_extreme|1|13|0.5|4.0,mean_acc,1.0,1.0,1,1
t9b_scffcm_fair.csv,quantity_skew_extreme|1|13|0.5|4.0,worst_acc,1.0,1.0,1,1
t9b_scffcm_fair.csv,quantity_skew_extreme|1|13|0.5|4.0,fcm_obj,1.0462715856730258,1.0462715856730258,1,1
t9b_scffcm_fair.csv,quantity_skew_extreme|1|14|0.5|4.0,min_dist,7.464247950436447,7.464247950436447,1,1
t9b_scffcm_fair.csv,quantity_skew_extreme|1|14|0.5|4.0,mean_acc,1.0,1.0,1,1
t9b_scffcm_fair.csv,quantity_skew_extreme|1|14|0.5|4.0,worst_acc,1.0,1.0,1,1
t9b_scffcm_fair.csv,quantity_skew_extreme|1|14|0.5|4.0,fcm_obj,1.0178017286440684,1.0178017286440684,1,1
t9b_scffcm_fair.csv,quantity_skew_extreme|1|15|0.5|4.0,min_dist,7.752255278659751,7.752255278659751,1,1
t9b_scffcm_fair.csv,quantity_skew_extreme|1|15|0.5|4.0,mean_acc,1.0,1.0,1,1
t9b_scffcm_fair.csv,quantity_skew_extreme|1|15|0.5|4.0,worst_acc,1.0,1.0,1,1
t9b_scffcm_fair.csv,quantity_skew_extreme|1|15|0.5|4.0,fcm_obj,1.0793517516909883,1.0793517516909883,1,1
t9b_scffcm_fair.csv,quantity_skew_extreme|1|16|0.5|4.0,min_dist,7.526081313771721,7.526081313771721,1,1
t9b_scffcm_fair.csv,quantity_skew_extreme|1|16|0.5|4.0,mean_acc,1.0,1.0,1,1
t9b_scffcm_fair.csv,quantity_skew_extreme|1|16|0.5|4.0,worst_acc,1.0,1.0,1,1
t9b_scffcm_fair.csv,quantity_skew_extreme|1|16|0.5|4.0,fcm_obj,1.0420576181450574,1.0420576181450574,1,1
t9b_scffcm_fair.csv,quantity_skew_extreme|1|17|0.5|4.0,min_dist,7.598963586862142,7.598963586862142,1,1
t9b_scffcm_fair.csv,quantity_skew_extreme|1|17|0.5|4.0,mean_acc,1.0,1.0,1,1
t9b_scffcm_fair.csv,quantity_skew_extreme|1|17|0.5|4.0,worst_acc,1.0,1.0,1,1
t9b_scffcm_fair.csv,quantity_skew_extreme|1|17|0.5|4.0,fcm_obj,1.0891345941188655,1.0891345941188655,1,1
t9b_scffcm_fair.csv,quantity_skew_extreme|1|18|0.5|4.0,min_dist,7.387352784520169,7.387352784520169,1,1
t9b_scffcm_fair.csv,quantity_skew_extreme|1|18|0.5|4.0,mean_acc,1.0,1.0,1,1
t9b_scffcm_fair.csv,quantity_skew_extreme|1|18|0.5|4.0,worst_acc,1.0,1.0,1,1
t9b_scffcm_fair.csv,quantity_skew_extreme|1|18|0.5|4.0,fcm_obj,1.0385293314609951,1.0385293314609951,1,1
t9b_scffcm_fair.csv,quantity_skew_extreme|1|19|0.5|4.0,min_dist,7.3945750957126855,7.3945750957126855,1,1
t9b_scffcm_fair.csv,quantity_skew_extreme|1|19|0.5|4.0,mean_acc,1.0,1.0,1,1
t9b_scffcm_fair.csv,quantity_skew_extreme|1|19|0.5|4.0,worst_acc,1.0,1.0,1,1
t9b_scffcm_fair.csv,quantity_skew_extreme|1|19|0.5|4.0,fcm_obj,1.0349582872490999,1.0349582872490999,1,1
t9b_scffcm_fair.csv,wine|1|0|0.5|2.0,min_dist,2.88559163106859,2.88559163106859,1,1
t9b_scffcm_fair.csv,wine|1|0|0.5|2.0,mean_acc,0.9622514619883041,0.9622514619883041,1,1
t9b_scffcm_fair.csv,wine|1|0|0.5|2.0,worst_acc,0.8888888888888888,0.8888888888888888,1,1
t9b_scffcm_fair.csv,wine|1|0|0.5|2.0,fcm_obj,4.053919901193842,4.053919901193842,1,1
t9b_scffcm_fair.csv,wine|1|1|0.5|2.0,min_dist,2.948048103182715,2.948048103182715,1,1
t9b_scffcm_fair.csv,wine|1|1|0.5|2.0,mean_acc,0.9672222222222222,0.9672222222222222,1,1
t9b_scffcm_fair.csv,wine|1|1|0.5|2.0,worst_acc,0.8333333333333334,0.8333333333333334,1,1
t9b_scffcm_fair.csv,wine|1|1|0.5|2.0,fcm_obj,4.052268702420627,4.052268702420627,1,1
t9b_scffcm_fair.csv,wine|1|2|0.5|2.0,min_dist,2.944492313614332,2.944492313614332,1,1
t9b_scffcm_fair.csv,wine|1|2|0.5|2.0,mean_acc,0.9730701754385965,0.9730701754385965,1,1
t9b_scffcm_fair.csv,wine|1|2|0.5|2.0,worst_acc,0.9444444444444444,0.9444444444444444,1,1
t9b_scffcm_fair.csv,wine|1|2|0.5|2.0,fcm_obj,4.052535723324218,4.052535723324218,1,1
t9b_scffcm_fair.csv,wine|1|3|0.5|2.0,min_dist,2.9159850418883972,2.9159850418883972,1,1
t9b_scffcm_fair.csv,wine|1|3|0.5|2.0,mean_acc,0.9614035087719298,0.9614035087719298,1,1
t9b_scffcm_fair.csv,wine|1|3|0.5|2.0,worst_acc,0.8333333333333334,0.8333333333333334,1,1
t9b_scffcm_fair.csv,wine|1|3|0.5|2.0,fcm_obj,4.052284075953449,4.052284075953449,1,1
t9b_scffcm_fair.csv,wine|1|4|0.5|2.0,min_dist,2.9067155400730162,2.9067155400730162,1,1
t9b_scffcm_fair.csv,wine|1|4|0.5|2.0,mean_acc,0.9669590643274854,0.9669590643274854,1,1
t9b_scffcm_fair.csv,wine|1|4|0.5|2.0,worst_acc,0.8888888888888888,0.8888888888888888,1,1
t9b_scffcm_fair.csv,wine|1|4|0.5|2.0,fcm_obj,4.052150574635083,4.052150574635083,1,1
t9b_scffcm_fair.csv,wine|1|5|0.5|2.0,min_dist,2.850098028983264,2.850098028983264,1,1
t9b_scffcm_fair.csv,wine|1|5|0.5|2.0,mean_acc,0.9678070175438597,0.9678070175438597,1,1
t9b_scffcm_fair.csv,wine|1|5|0.5|2.0,worst_acc,0.8947368421052632,0.8947368421052632,1,1
t9b_scffcm_fair.csv,wine|1|5|0.5|2.0,fcm_obj,4.052482586981833,4.052482586981833,1,1
t9b_scffcm_fair.csv,wine|1|6|0.5|2.0,min_dist,2.9329622866123324,2.9329622866123324,1,1
t9b_scffcm_fair.csv,wine|1|6|0.5|2.0,mean_acc,0.9677777777777778,0.9677777777777778,1,1
t9b_scffcm_fair.csv,wine|1|6|0.5|2.0,worst_acc,0.9,0.9,1,1
t9b_scffcm_fair.csv,wine|1|6|0.5|2.0,fcm_obj,4.052272117997705,4.052272117997705,1,1
t9b_scffcm_fair.csv,wine|1|7|0.5|2.0,min_dist,2.957473527861235,2.957473527861235,1,1
t9b_scffcm_fair.csv,wine|1|7|0.5|2.0,mean_acc,0.9672222222222222,0.9672222222222222,1,1
t9b_scffcm_fair.csv,wine|1|7|0.5|2.0,worst_acc,0.8888888888888888,0.8888888888888888,1,1
t9b_scffcm_fair.csv,wine|1|7|0.5|2.0,fcm_obj,4.052393809382167,4.052393809382167,1,1
t9b_scffcm_fair.csv,wine|1|8|0.5|2.0,min_dist,2.8521836625425454,2.8521836625425454,1,1
t9b_scffcm_fair.csv,wine|1|8|0.5|2.0,mean_acc,0.9669590643274854,0.9669590643274854,1,1
t9b_scffcm_fair.csv,wine|1|8|0.5|2.0,worst_acc,0.8888888888888888,0.8888888888888888,1,1
t9b_scffcm_fair.csv,wine|1|8|0.5|2.0,fcm_obj,4.052662043014457,4.052662043014457,1,1
t9b_scffcm_fair.csv,wine|1|9|0.5|2.0,min_dist,2.1447393459455695,2.1447393459455695,1,1
t9b_scffcm_fair.csv,wine|1|9|0.5|2.0,mean_acc,0.9508771929824562,0.9508771929824562,1,1
t9b_scffcm_fair.csv,wine|1|9|0.5|2.0,worst_acc,0.8333333333333334,0.8333333333333334,1,1
t9b_scffcm_fair.csv,wine|1|9|0.5|2.0,fcm_obj,4.075139659451621,4.075139659451621,1,1
t9b_scffcm_fair.csv,wine|1|10|0.5|2.0,min_dist,2.9582368441938387,2.9582368441938387,1,1
t9b_scffcm_fair.csv,wine|1|10|0.5|2.0,mean_acc,0.9680701754385964,0.9680701754385964,1,1
t9b_scffcm_fair.csv,wine|1|10|0.5|2.0,worst_acc,0.8888888888888888,0.8888888888888888,1,1
t9b_scffcm_fair.csv,wine|1|10|0.5|2.0,fcm_obj,4.05234621621464,4.05234621621464,1,1
t9b_scffcm_fair.csv,wine|1|11|0.5|2.0,min_dist,2.943439951473775,2.943439951473775,1,1
t9b_scffcm_fair.csv,wine|1|11|0.5|2.0,mean_acc,0.9622514619883041,0.9622514619883041,1,1
t9b_scffcm_fair.csv,wine|1|11|0.5|2.0,worst_acc,0.8888888888888888,0.8888888888888888,1,1
t9b_scffcm_fair.csv,wine|1|11|0.5|2.0,fcm_obj,4.052301909004504,4.052301909004504,1,1
t9b_scffcm_fair.csv,wine|1|12|0.5|2.0,min_dist,2.9454847254402767,2.9454847254402767,1,1
t9b_scffcm_fair.csv,wine|1|12|0.5|2.0,mean_acc,0.9669590643274854,0.9669590643274854,1,1
t9b_scffcm_fair.csv,wine|1|12|0.5|2.0,worst_acc,0.8888888888888888,0.8888888888888888,1,1
t9b_scffcm_fair.csv,wine|1|12|0.5|2.0,fcm_obj,4.052214139969566,4.052214139969566,1,1
t9b_scffcm_fair.csv,wine|1|13|0.5|2.0,min_dist,0.48136868267337785,0.48136868267337785,1,1
t9b_scffcm_fair.csv,wine|1|13|0.5|2.0,mean_acc,0.9078070175438597,0.9078070175438597,1,1
t9b_scffcm_fair.csv,wine|1|13|0.5|2.0,worst_acc,0.7777777777777778,0.7777777777777778,1,1
t9b_scffcm_fair.csv,wine|1|13|0.5|2.0,fcm_obj,4.1662005805079865,4.1662005805079865,1,1
t9b_scffcm_fair.csv,wine|1|14|0.5|2.0,min_dist,2.9213562142780654,2.9213562142780654,1,1
t9b_scffcm_fair.csv,wine|1|14|0.5|2.0,mean_acc,0.967514619883041,0.967514619883041,1,1
t9b_scffcm_fair.csv,wine|1|14|0.5|2.0,worst_acc,0.8888888888888888,0.8888888888888888,1,1
t9b_scffcm_fair.csv,wine|1|14|0.5|2.0,fcm_obj,4.052236976319434,4.052236976319434,1,1
t9b_scffcm_fair.csv,wine|1|15|0.5|2.0,min_dist,2.8910173723114916,2.8910173723114916,1,1
t9b_scffcm_fair.csv,wine|1|15|0.5|2.0,mean_acc,0.9627777777777778,0.9627777777777778,1,1
t9b_scffcm_fair.csv,wine|1|15|0.5|2.0,worst_acc,0.85,0.85,1,1
t9b_scffcm_fair.csv,wine|1|15|0.5|2.0,fcm_obj,4.052826299112363,4.052826299112363,1,1
t9b_scffcm_fair.csv,wine|1|16|0.5|2.0,min_dist,2.930731857598695,2.930731857598695,1,1
t9b_scffcm_fair.csv,wine|1|16|0.5|2.0,mean_acc,0.9672222222222222,0.9672222222222222,1,1
t9b_scffcm_fair.csv,wine|1|16|0.5|2.0,worst_acc,0.8888888888888888,0.8888888888888888,1,1
t9b_scffcm_fair.csv,wine|1|16|0.5|2.0,fcm_obj,4.052173749086837,4.052173749086837,1,1
t9b_scffcm_fair.csv,wine|1|17|0.5|2.0,min_dist,2.92239470383904,2.92239470383904,1,1
t9b_scffcm_fair.csv,wine|1|17|0.5|2.0,mean_acc,0.9666666666666666,0.9666666666666666,1,1
t9b_scffcm_fair.csv,wine|1|17|0.5|2.0,worst_acc,0.8888888888888888,0.8888888888888888,1,1
t9b_scffcm_fair.csv,wine|1|17|0.5|2.0,fcm_obj,4.052307206847136,4.052307206847136,1,1
t9b_scffcm_fair.csv,wine|1|18|0.5|2.0,min_dist,2.923161655136433,2.923161655136433,1,1
t9b_scffcm_fair.csv,wine|1|18|0.5|2.0,mean_acc,0.9680701754385964,0.9680701754385964,1,1
t9b_scffcm_fair.csv,wine|1|18|0.5|2.0,worst_acc,0.9,0.9,1,1
t9b_scffcm_fair.csv,wine|1|18|0.5|2.0,fcm_obj,4.052322213397723,4.052322213397723,1,1
t9b_scffcm_fair.csv,wine|1|19|0.5|2.0,min_dist,2.90572392826366,2.90572392826366,1,1
t9b_scffcm_fair.csv,wine|1|19|0.5|2.0,mean_acc,0.9680701754385964,0.9680701754385964,1,1
t9b_scffcm_fair.csv,wine|1|19|0.5|2.0,worst_acc,0.8888888888888888,0.8888888888888888,1,1
t9b_scffcm_fair.csv,wine|1|19|0.5|2.0,fcm_obj,4.052323704223762,4.052323704223762,1,1
t9b_scffcm_fair.csv,satimage|1|0|1.0|8.0,min_dist,3.5901325526602506,3.5901325526602506,1,1
t9b_scffcm_fair.csv,satimage|1|0|1.0|8.0,mean_acc,0.7218929648811169,0.7218929648811169,1,1
t9b_scffcm_fair.csv,satimage|1|0|1.0|8.0,worst_acc,0.607103218645949,0.607103218645949,1,1
t9b_scffcm_fair.csv,satimage|1|0|1.0|8.0,fcm_obj,3.7703472571098304,3.7703472571098304,1,1
t9b_scffcm_fair.csv,satimage|1|1|1.0|8.0,min_dist,3.6156918190133016,3.6156918190133016,1,1
t9b_scffcm_fair.csv,satimage|1|1|1.0|8.0,mean_acc,0.7219398491587736,0.7219398491587736,1,1
t9b_scffcm_fair.csv,satimage|1|1|1.0|8.0,worst_acc,0.6215316315205327,0.6215316315205327,1,1
t9b_scffcm_fair.csv,satimage|1|1|1.0|8.0,fcm_obj,3.7297444466037137,3.7297444466037137,1,1
t9b_scffcm_fair.csv,satimage|1|2|1.0|8.0,min_dist,3.6024380414693087,3.6024380414693087,1,1
t9b_scffcm_fair.csv,satimage|1|2|1.0|8.0,mean_acc,0.7209343199296265,0.7209343199296265,1,1
t9b_scffcm_fair.csv,satimage|1|2|1.0|8.0,worst_acc,0.6059933407325194,0.6059933407325194,1,1
t9b_scffcm_fair.csv,satimage|1|2|1.0|8.0,fcm_obj,3.7295246045772363,3.7295246045772363,1,1
t9b_scffcm_fair.csv,satimage|1|3|1.0|8.0,min_dist,3.573544975906452,3.573544975906452,1,1
t9b_scffcm_fair.csv,satimage|1|3|1.0|8.0,mean_acc,0.7208021266069793,0.7208021266069793,1,1
t9b_scffcm_fair.csv,satimage|1|3|1.0|8.0,worst_acc,0.6148723640399556,0.6148723640399556,1,1
t9b_scffcm_fair.csv,satimage|1|3|1.0|8.0,fcm_obj,3.771021889153702,3.771021889153702,1,1
t9b_scffcm_fair.csv,satimage|1|4|1.0|8.0,min_dist,3.5564787572239527,3.5564787572239527,1,1
t9b_scffcm_fair.csv,satimage|1|4|1.0|8.0,mean_acc,0.7220682087448809,0.7220682087448809,1,1
t9b_scffcm_fair.csv,satimage|1|4|1.0|8.0,worst_acc,0.6205787781350482,0.6205787781350482,1,1
t9b_scffcm_fair.csv,satimage|1|4|1.0|8.0,fcm_obj,3.7703003353292908,3.7703003353292908,1,1
t9b_scffcm_fair.csv,satimage|1|5|1.0|8.0,min_dist,3.5931501213298005,3.5931501213298005,1,1
t9b_scffcm_fair.csv,satimage|1|5|1.0|8.0,mean_acc,0.7149839394767801,0.7149839394767801,1,1
t9b_scffcm_fair.csv,satimage|1|5|1.0|8.0,worst_acc,0.6061093247588425,0.6061093247588425,1,1
t9b_scffcm_fair.csv,satimage|1|5|1.0|8.0,fcm_obj,3.7714367599687866,3.7714367599687866,1,1
t9b_scffcm_fair.csv,satimage|1|6|1.0|8.0,min_dist,3.5977304620429775,3.5977304620429775,1,1
t9b_scffcm_fair.csv,satimage|1|6|1.0|8.0,mean_acc,0.7186998223575358,0.7186998223575358,1,1
t9b_scffcm_fair.csv,satimage|1|6|1.0|8.0,worst_acc,0.6048834628190899,0.6048834628190899,1,1
t9b_scffcm_fair.csv,satimage|1|6|1.0|8.0,fcm_obj,3.7675414820279274,3.7675414820279274,1,1
t9b_scffcm_fair.csv,satimage|1|7|1.0|8.0,min_dist,3.6309433884727325,3.6309433884727325,1,1
t9b_scffcm_fair.csv,satimage|1|7|1.0|8.0,mean_acc,0.724464564734608,0.724464564734608,1,1
t9b_scffcm_fair.csv,satimage|1|7|1.0|8.0,worst_acc,0.6159822419533851,0.6159822419533851,1,1
t9b_scffcm_fair.csv,satimage|1|7|1.0|8.0,fcm_obj,3.7298314137141055,3.7298314137141055,1,1
t9b_scffcm_fair.csv,satimage|1|8|1.0|8.0,min_dist,3.5801515666000703,3.5801515666000703,1,1
t9b_scffcm_fair.csv,satimage|1|8|1.0|8.0,mean_acc,0.7209334594018386,0.7209334594018386,1,1
t9b_scffcm_fair.csv,satimage|1|8|1.0|8.0,worst_acc,0.6148723640399556,0.6148723640399556,1,1
t9b_scffcm_fair.csv,satimage|1|8|1.0|8.0,fcm_obj,3.730135234111805,3.730135234111805,1,1
t9b_scffcm_fair.csv,satimage|1|9|1.0|8.0,min_dist,3.568199978333441,3.568199978333441,1,1
t9b_scffcm_fair.csv,satimage|1|9|1.0|8.0,mean_acc,0.718513158327408,0.718513158327408,1,1
t9b_scffcm_fair.csv,satimage|1|9|1.0|8.0,worst_acc,0.6026637069922308,0.6026637069922308,1,1
t9b_scffcm_fair.csv,satimage|1|9|1.0|8.0,fcm_obj,3.76653199616065,3.76653199616065,1,1
t9b_scffcm_fair.csv,satimage|1|10|1.0|8.0,min_dist,3.5862571444148155,3.5862571444148155,1,1
t9b_scffcm_fair.csv,satimage|1|10|1.0|8.0,mean_acc,0.721761551227273,0.721761551227273,1,1
t9b_scffcm_fair.csv,satimage|1|10|1.0|8.0,worst_acc,0.6141479099678456,0.6141479099678456,1,1
t9b_scffcm_fair.csv,satimage|1|10|1.0|8.0,fcm_obj,3.7702742349984897,3.7702742349984897,1,1
t9b_scffcm_fair.csv,satimage|1|11|1.0|8.0,min_dist,3.572180698889988,3.572180698889988,1,1
t9b_scffcm_fair.csv,satimage|1|11|1.0|8.0,mean_acc,0.7210000622988271,0.7210000622988271,1,1
t9b_scffcm_fair.csv,satimage|1|11|1.0|8.0,worst_acc,0.586015538290788,0.586015538290788,1,1
t9b_scffcm_fair.csv,satimage|1|11|1.0|8.0,fcm_obj,3.7719552974925175,3.7719552974925175,1,1
t9b_scffcm_fair.csv,satimage|1|12|1.0|8.0,min_dist,3.577691447213613,3.577691447213613,1,1
t9b_scffcm_fair.csv,satimage|1|12|1.0|8.0,mean_acc,0.7201404800017155,0.7201404800017155,1,1
t9b_scffcm_fair.csv,satimage|1|12|1.0|8.0,worst_acc,0.6015538290788013,0.6015538290788013,1,1
t9b_scffcm_fair.csv,satimage|1|12|1.0|8.0,fcm_obj,3.730663011232968,3.730663011232968,1,1
t9b_scffcm_fair.csv,satimage|1|13|1.0|8.0,min_dist,3.5827974982896844,3.5827974982896844,1,1
t9b_scffcm_fair.csv,satimage|1|13|1.0|8.0,mean_acc,0.7183157417667818,0.7183157417667818,1,1
t9b_scffcm_fair.csv,satimage|1|13|1.0|8.0,worst_acc,0.6259711431742508,0.6259711431742508,1,1
t9b_scffcm_fair.csv,satimage|1|13|1.0|8.0,fcm_obj,3.7711165332270618,3.7711165332270618,1,1
t9b_scffcm_fair.csv,satimage|1|14|1.0|8.0,min_dist,3.590065803808849,3.590065803808849,1,1
t9b_scffcm_fair.csv,satimage|1|14|1.0|8.0,mean_acc,0.7205530575315904,0.7205530575315904,1,1
t9b_scffcm_fair.csv,satimage|1|14|1.0|8.0,worst_acc,0.609322974472808,0.609322974472808,1,1
t9b_scffcm_fair.csv,satimage|1|14|1.0|8.0,fcm_obj,3.769055239061748,3.769055239061748,1,1
t9b_scffcm_fair.csv,satimage|1|15|1.0|8.0,min_dist,3.5772376851752066,3.5772376851752066,1,1
t9b_scffcm_fair.csv,satimage|1|15|1.0|8.0,mean_acc,0.7212013646407206,0.7212013646407206,1,1
t9b_scffcm_fair.csv,satimage|1|15|1.0|8.0,worst_acc,0.6015538290788013,0.6015538290788013,1,1
t9b_scffcm_fair.csv,satimage|1|15|1.0|8.0,fcm_obj,3.7406037597674398,3.7406037597674398,1,1
t9b_scffcm_fair.csv,satimage|1|16|1.0|8.0,min_dist,3.5738308595399975,3.5738308595399975,1,1
t9b_scffcm_fair.csv,satimage|1|16|1.0|8.0,mean_acc,0.723161367195758,0.723161367195758,1,1
t9b_scffcm_fair.csv,satimage|1|16|1.0|8.0,worst_acc,0.6148723640399556,0.6148723640399556,1,1
t9b_scffcm_fair.csv,satimage|1|16|1.0|8.0,fcm_obj,3.7624684087073184,3.7624684087073184,1,1
t9b_scffcm_fair.csv,satimage|1|17|1.0|8.0,min_dist,3.5927242035180558,3.5927242035180558,1,1
t9b_scffcm_fair.csv,satimage|1|17|1.0|8.0,mean_acc,0.7200507876536049,0.7200507876536049,1,1
t9b_scffcm_fair.csv,satimage|1|17|1.0|8.0,worst_acc,0.6003210272873194,0.6003210272873194,1,1
t9b_scffcm_fair.csv,satimage|1|17|1.0|8.0,fcm_obj,3.7299498760665792,3.7299498760665792,1,1
t9b_scffcm_fair.csv,satimage|1|18|1.0|8.0,min_dist,3.570206629298328,3.570206629298328,1,1
t9b_scffcm_fair.csv,satimage|1|18|1.0|8.0,mean_acc,0.7156789146733101,0.7156789146733101,1,1
t9b_scffcm_fair.csv,satimage|1|18|1.0|8.0,worst_acc,0.611542730299667,0.611542730299667,1,1
t9b_scffcm_fair.csv,satimage|1|18|1.0|8.0,fcm_obj,3.7629368120849747,3.7629368120849747,1,1
t9b_scffcm_fair.csv,satimage|1|19|1.0|8.0,min_dist,3.5909519333519357,3.5909519333519357,1,1
t9b_scffcm_fair.csv,satimage|1|19|1.0|8.0,mean_acc,0.7261260127232152,0.7261260127232152,1,1
t9b_scffcm_fair.csv,satimage|1|19|1.0|8.0,worst_acc,0.6281908990011099,0.6281908990011099,1,1
t9b_scffcm_fair.csv,satimage|1|19|1.0|8.0,fcm_obj,3.730302443895521,3.730302443895521,1,1
t9b_scffcm_fair.csv,pendigits|1|0|0.5|8.0,min_dist,1.9076208714120886,1.9076208714120886,1,1
t9b_scffcm_fair.csv,pendigits|1|0|0.5|8.0,mean_acc,0.7415873811772082,0.7415873811772082,1,1
t9b_scffcm_fair.csv,pendigits|1|0|0.5|8.0,worst_acc,0.5581180811808119,0.5581180811808119,1,1
t9b_scffcm_fair.csv,pendigits|1|0|0.5|8.0,fcm_obj,3.8329398413586446,3.8329398413586446,1,1
t9b_scffcm_fair.csv,pendigits|1|1|0.5|8.0,min_dist,1.9674950927565393,1.9674950927565393,1,1
t9b_scffcm_fair.csv,pendigits|1|1|0.5|8.0,mean_acc,0.7791847295170583,0.7791847295170583,1,1
t9b_scffcm_fair.csv,pendigits|1|1|0.5|8.0,worst_acc,0.6743542435424354,0.6743542435424354,1,1
t9b_scffcm_fair.csv,pendigits|1|1|0.5|8.0,fcm_obj,3.894275555937896,3.894275555937896,1,1
t9b_scffcm_fair.csv,pendigits|1|2|0.5|8.0,min_dist,1.7074157851807734,1.7074157851807734,1,1
t9b_scffcm_fair.csv,pendigits|1|2|0.5|8.0,mean_acc,0.7641573720842963,0.7641573720842963,1,1
t9b_scffcm_fair.csv,pendigits|1|2|0.5|8.0,worst_acc,0.6291512915129152,0.6291512915129152,1,1
t9b_scffcm_fair.csv,pendigits|1|2|0.5|8.0,fcm_obj,3.916793812692535,3.916793812692535,1,1
t9b_scffcm_fair.csv,pendigits|1|3|0.5|8.0,min_dist,1.9102599766309103,1.9102599766309103,1,1
t9b_scffcm_fair.csv,pendigits|1|3|0.5|8.0,mean_acc,0.7464222993163346,0.7464222993163346,1,1
t9b_scffcm_fair.csv,pendigits|1|3|0.5|8.0,worst_acc,0.5839483394833949,0.5839483394833949,1,1
t9b_scffcm_fair.csv,pendigits|1|3|0.5|8.0,fcm_obj,3.8346548082148844,3.8346548082148844,1,1
t9b_scffcm_fair.csv,pendigits|1|4|0.5|8.0,min_dist,1.9070505520447585,1.9070505520447585,1,1
t9b_scffcm_fair.csv,pendigits|1|4|0.5|8.0,mean_acc,0.7406907505855133,0.7406907505855133,1,1
t9b_scffcm_fair.csv,pendigits|1|4|0.5|8.0,worst_acc,0.5433579335793358,0.5433579335793358,1,1
t9b_scffcm_fair.csv,pendigits|1|4|0.5|8.0,fcm_obj,3.8327853628979582,3.8327853628979582,1,1
t9b_scffcm_fair.csv,pendigits|1|5|0.5|8.0,min_dist,1.8646998413413851,1.8646998413413851,1,1
t9b_scffcm_fair.csv,pendigits|1|5|0.5|8.0,mean_acc,0.7346491753862183,0.7346491753862183,1,1
t9b_scffcm_fair.csv,pendigits|1|5|0.5|8.0,worst_acc,0.6365313653136532,0.6365313653136532,1,1
t9b_scffcm_fair.csv,pendigits|1|5|0.5|8.0,fcm_obj,3.9000046308315923,3.9000046308315923,1,1
t9b_scffcm_fair.csv,pendigits|1|6|0.5|8.0,min_dist,1.8123110647566039,1.8123110647566039,1,1
t9b_scffcm_fair.csv,pendigits|1|6|0.5|8.0,mean_acc,0.7750355445281698,0.7750355445281698,1,1
t9b_scffcm_fair.csv,pendigits|1|6|0.5|8.0,worst_acc,0.6457564575645757,0.6457564575645757,1,1
t9b_scffcm_fair.csv,pendigits|1|6|0.5|8.0,fcm_obj,3.907158435438737,3.907158435438737,1,1
t9b_scffcm_fair.csv,pendigits|1|7|0.5|8.0,min_dist,1.5469756233667324,1.5469756233667324,1,1
t9b_scffcm_fair.csv,pendigits|1|7|0.5|8.0,mean_acc,0.7314074788476005,0.7314074788476005,1,1
t9b_scffcm_fair.csv,pendigits|1|7|0.5|8.0,worst_acc,0.5571955719557196,0.5571955719557196,1,1
t9b_scffcm_fair.csv,pendigits|1|7|0.5|8.0,fcm_obj,3.9155937842033572,3.9155937842033572,1,1
t9b_scffcm_fair.csv,pendigits|1|8|0.5|8.0,min_dist,1.9084977705024593,1.9084977705024593,1,1
t9b_scffcm_fair.csv,pendigits|1|8|0.5|8.0,mean_acc,0.7438696566005999,0.7438696566005999,1,1
t9b_scffcm_fair.csv,pendigits|1|8|0.5|8.0,worst_acc,0.566420664206642,0.566420664206642,1,1
t9b_scffcm_fair.csv,pendigits|1|8|0.5|8.0,fcm_obj,3.833554552834985,3.833554552834985,1,1
t9b_scffcm_fair.csv,pendigits|1|9|0.5|8.0,min_dist,1.849747982995852,1.849747982995852,1,1
t9b_scffcm_fair.csv,pendigits|1|9|0.5|8.0,mean_acc,0.7262988389529884,0.7262988389529884,1,1
t9b_scffcm_fair.csv,pendigits|1|9|0.5|8.0,worst_acc,0.5387453874538746,0.5387453874538746,1,1
t9b_scffcm_fair.csv,pendigits|1|9|0.5|8.0,fcm_obj,3.9245799464598763,3.9245799464598763,1,1
t9b_scffcm_fair.csv,pendigits|1|10|0.5|8.0,min_dist,1.6585603730772887,1.6585603730772887,1,1
t9b_scffcm_fair.csv,pendigits|1|10|0.5|8.0,mean_acc,0.7182168582522808,0.7182168582522808,1,1
t9b_scffcm_fair.csv,pendigits|1|10|0.5|8.0,worst_acc,0.5415129151291513,0.5415129151291513,1,1
t9b_scffcm_fair.csv,pendigits|1|10|0.5|8.0,fcm_obj,3.856049664542586,3.856049664542586,1,1
t9b_scffcm_fair.csv,pendigits|1|11|0.5|8.0,min_dist,1.9209310856474278,1.9209310856474278,1,1
t9b_scffcm_fair.csv,pendigits|1|11|0.5|8.0,mean_acc,0.7436775457997628,0.7436775457997628,1,1
t9b_scffcm_fair.csv,pendigits|1|11|0.5|8.0,worst_acc,0.5562730627306273,0.5562730627306273,1,1
t9b_scffcm_fair.csv,pendigits|1|11|0.5|8.0,fcm_obj,3.9639969530823698,3.9639969530823698,1,1
t9b_scffcm_fair.csv,pendigits|1|12|0.5|8.0,min_dist,1.5758753878289202,1.5758753878289202,1,1
t9b_scffcm_fair.csv,pendigits|1|12|0.5|8.0,mean_acc,0.726165751747807,0.726165751747807,1,1
t9b_scffcm_fair.csv,pendigits|1|12|0.5|8.0,worst_acc,0.5424354243542435,0.5424354243542435,1,1
t9b_scffcm_fair.csv,pendigits|1|12|0.5|8.0,fcm_obj,3.913980473537411,3.913980473537411,1,1
t9b_scffcm_fair.csv,pendigits|1|13|0.5|8.0,min_dist,1.4397873848815446,1.4397873848815446,1,1
t9b_scffcm_fair.csv,pendigits|1|13|0.5|8.0,mean_acc,0.7461220181528234,0.7461220181528234,1,1
t9b_scffcm_fair.csv,pendigits|1|13|0.5|8.0,worst_acc,0.6236162361623616,0.6236162361623616,1,1
t9b_scffcm_fair.csv,pendigits|1|13|0.5|8.0,fcm_obj,3.909432577293856,3.909432577293856,1,1
t9b_scffcm_fair.csv,pendigits|1|14|0.5|8.0,min_dist,1.5487579627055683,1.5487579627055683,1,1
t9b_scffcm_fair.csv,pendigits|1|14|0.5|8.0,mean_acc,0.7366195757333915,0.7366195757333915,1,1
t9b_scffcm_fair.csv,pendigits|1|14|0.5|8.0,worst_acc,0.5369003690036901,0.5369003690036901,1,1
t9b_scffcm_fair.csv,pendigits|1|14|0.5|8.0,fcm_obj,3.837618972512378,3.837618972512378,1,1
t9b_scffcm_fair.csv,pendigits|1|15|0.5|8.0,min_dist,1.9769837911303119,1.9769837911303119,1,1
t9b_scffcm_fair.csv,pendigits|1|15|0.5|8.0,mean_acc,0.7718741146781658,0.7718741146781658,1,1
t9b_scffcm_fair.csv,pendigits|1|15|0.5|8.0,worst_acc,0.6448339483394834,0.6448339483394834,1,1
t9b_scffcm_fair.csv,pendigits|1|15|0.5|8.0,fcm_obj,3.899084486246405,3.899084486246405,1,1
t9b_scffcm_fair.csv,pendigits|1|16|0.5|8.0,min_dist,1.9592371304208087,1.9592371304208087,1,1
t9b_scffcm_fair.csv,pendigits|1|16|0.5|8.0,mean_acc,0.7308251902029468,0.7308251902029468,1,1
t9b_scffcm_fair.csv,pendigits|1|16|0.5|8.0,worst_acc,0.5433579335793358,0.5433579335793358,1,1
t9b_scffcm_fair.csv,pendigits|1|16|0.5|8.0,fcm_obj,3.9224470899314943,3.9224470899314943,1,1
t9b_scffcm_fair.csv,pendigits|1|17|0.5|8.0,min_dist,1.411618323913989,1.411618323913989,1,1
t9b_scffcm_fair.csv,pendigits|1|17|0.5|8.0,mean_acc,0.7593644561512802,0.7593644561512802,1,1
t9b_scffcm_fair.csv,pendigits|1|17|0.5|8.0,worst_acc,0.6328413284132841,0.6328413284132841,1,1
t9b_scffcm_fair.csv,pendigits|1|17|0.5|8.0,fcm_obj,3.9122420748568763,3.9122420748568763,1,1
t9b_scffcm_fair.csv,pendigits|1|18|0.5|8.0,min_dist,1.8118679047663602,1.8118679047663602,1,1
t9b_scffcm_fair.csv,pendigits|1|18|0.5|8.0,mean_acc,0.7281889231065091,0.7281889231065091,1,1
t9b_scffcm_fair.csv,pendigits|1|18|0.5|8.0,worst_acc,0.6254612546125461,0.6254612546125461,1,1
t9b_scffcm_fair.csv,pendigits|1|18|0.5|8.0,fcm_obj,3.904087999849254,3.904087999849254,1,1
t9b_scffcm_fair.csv,pendigits|1|19|0.5|8.0,min_dist,1.9112213408911762,1.9112213408911762,1,1
t9b_scffcm_fair.csv,pendigits|1|19|0.5|8.0,mean_acc,0.7469894667902326,0.7469894667902326,1,1
t9b_scffcm_fair.csv,pendigits|1|19|0.5|8.0,worst_acc,0.5654981549815498,0.5654981549815498,1,1
t9b_scffcm_fair.csv,pendigits|1|19|0.5|8.0,fcm_obj,3.8351147257880562,3.8351147257880562,1,1
t9b_scffcm_fair.csv,digits_pca16|1|0|2.0|4.0,min_dist,1.9588332835185551,1.9588332835185551,1,1
t9b_scffcm_fair.csv,digits_pca16|1|0|2.0|4.0,mean_acc,0.808332970331632,0.808332970331632,1,1
t9b_scffcm_fair.csv,digits_pca16|1|0|2.0|4.0,worst_acc,0.6,0.6,1,1
t9b_scffcm_fair.csv,digits_pca16|1|0|2.0|4.0,fcm_obj,7.7363218308488095,7.7363218308488095,1,1
t9b_scffcm_fair.csv,digits_pca16|1|1|2.0|4.0,min_dist,1.9629285913214147,1.9629285913214147,1,1
t9b_scffcm_fair.csv,digits_pca16|1|1|2.0|4.0,mean_acc,0.8044535703137324,0.8044535703137324,1,1
t9b_scffcm_fair.csv,digits_pca16|1|1|2.0|4.0,worst_acc,0.65,0.65,1,1
t9b_scffcm_fair.csv,digits_pca16|1|1|2.0|4.0,fcm_obj,7.737254316411535,7.737254316411535,1,1
t9b_scffcm_fair.csv,digits_pca16|1|2|2.0|4.0,min_dist,1.8747020332223268,1.8747020332223268,1,1
t9b_scffcm_fair.csv,digits_pca16|1|2|2.0|4.0,mean_acc,0.7882205308066106,0.7882205308066106,1,1
t9b_scffcm_fair.csv,digits_pca16|1|2|2.0|4.0,worst_acc,0.6666666666666666,0.6666666666666666,1,1
t9b_scffcm_fair.csv,digits_pca16|1|2|2.0|4.0,fcm_obj,7.747302043066142,7.747302043066142,1,1
t9b_scffcm_fair.csv,digits_pca16|1|3|2.0|4.0,min_dist,1.9451618598104363,1.9451618598104363,1,1
t9b_scffcm_fair.csv,digits_pca16|1|3|2.0|4.0,mean_acc,0.7807242194210182,0.7807242194210182,1,1
t9b_scffcm_fair.csv,digits_pca16|1|3|2.0|4.0,worst_acc,0.6101694915254238,0.6101694915254238,1,1
t9b_scffcm_fair.csv,digits_pca16|1|3|2.0|4.0,fcm_obj,7.737080240531182,7.737080240531182,1,1
t9b_scffcm_fair.csv,digits_pca16|1|4|2.0|4.0,min_dist,1.9648894579015512,1.9648894579015512,1,1
t9b_scffcm_fair.csv,digits_pca16|1|4|2.0|4.0,mean_acc,0.8017275275241303,0.8017275275241303,1,1
t9b_scffcm_fair.csv,digits_pca16|1|4|2.0|4.0,worst_acc,0.6555555555555556,0.6555555555555556,1,1
t9b_scffcm_fair.csv,digits_pca16|1|4|2.0|4.0,fcm_obj,7.740721687497006,7.740721687497006,1,1
t9b_scffcm_fair.csv,digits_pca16|1|5|2.0|4.0,min_dist,1.881097053277472,1.881097053277472,1,1
t9b_scffcm_fair.csv,digits_pca16|1|5|2.0|4.0,mean_acc,0.7589006956930611,0.7589006956930611,1,1
t9b_scffcm_fair.csv,digits_pca16|1|5|2.0|4.0,worst_acc,0.42777777777777776,0.42777777777777776,1,1
t9b_scffcm_fair.csv,digits_pca16|1|5|2.0|4.0,fcm_obj,7.703789218564687,7.703789218564687,1,1
t9b_scffcm_fair.csv,digits_pca16|1|6|2.0|4.0,min_dist,1.9263847671312957,1.9263847671312957,1,1
t9b_scffcm_fair.csv,digits_pca16|1|6|2.0|4.0,mean_acc,0.7955276896296112,0.7955276896296112,1,1
t9b_scffcm_fair.csv,digits_pca16|1|6|2.0|4.0,worst_acc,0.6666666666666666,0.6666666666666666,1,1
t9b_scffcm_fair.csv,digits_pca16|1|6|2.0|4.0,fcm_obj,7.741772484386044,7.741772484386044,1,1
t9b_scffcm_fair.csv,digits_pca16|1|7|2.0|4.0,min_dist,1.9489069799750978,1.9489069799750978,1,1
t9b_scffcm_fair.csv,digits_pca16|1|7|2.0|4.0,mean_acc,0.7857709852728688,0.7857709852728688,1,1
t9b_scffcm_fair.csv,digits_pca16|1|7|2.0|4.0,worst_acc,0.6444444444444445,0.6444444444444445,1,1
t9b_scffcm_fair.csv,digits_pca16|1|7|2.0|4.0,fcm_obj,7.737647959956833,7.737647959956833,1,1
t9b_scffcm_fair.csv,digits_pca16|1|8|2.0|4.0,min_dist,1.8866959590518353,1.8866959590518353,1,1
t9b_scffcm_fair.csv,digits_pca16|1|8|2.0|4.0,mean_acc,0.7230944919005847,0.7230944919005847,1,1
t9b_scffcm_fair.csv,digits_pca16|1|8|2.0|4.0,worst_acc,0.5,0.5,1,1
t9b_scffcm_fair.csv,digits_pca16|1|8|2.0|4.0,fcm_obj,7.701338211046,7.701338211046,1,1
t9b_scffcm_fair.csv,digits_pca16|1|9|2.0|4.0,min_dist,1.7994465715886063,1.7994465715886063,1,1
t9b_scffcm_fair.csv,digits_pca16|1|9|2.0|4.0,mean_acc,0.7243426089435676,0.7243426089435676,1,1
t9b_scffcm_fair.csv,digits_pca16|1|9|2.0|4.0,worst_acc,0.4,0.4,1,1
t9b_scffcm_fair.csv,digits_pca16|1|9|2.0|4.0,fcm_obj,7.708402159349709,7.708402159349709,1,1
t9b_scffcm_fair.csv,digits_pca16|1|10|2.0|4.0,min_dist,1.8501217493425979,1.8501217493425979,1,1
t9b_scffcm_fair.csv,digits_pca16|1|10|2.0|4.0,mean_acc,0.7283618385834119,0.7283618385834119,1,1
t9b_scffcm_fair.csv,digits_pca16|1|10|2.0|4.0,worst_acc,0.5277777777777778,0.5277777777777778,1,1
t9b_scffcm_fair.csv,digits_pca16|1|10|2.0|4.0,fcm_obj,7.7022809504597465,7.7022809504597465,1,1
t9b_scffcm_fair.csv,digits_pca16|1|11|2.0|4.0,min_dist,1.9568476089181708,1.9568476089181708,1,1
t9b_scffcm_fair.csv,digits_pca16|1|11|2.0|4.0,mean_acc,0.8078176314238876,0.8078176314238876,1,1
t9b_scffcm_fair.csv,digits_pca16|1|11|2.0|4.0,worst_acc,0.6166666666666667,0.6166666666666667,1,1
t9b_scffcm_fair.csv,digits_pca16|1|11|2.0|4.0,fcm_obj,7.736045136587239,7.736045136587239,1,1
t9b_scffcm_fair.csv,digits_pca16|1|12|2.0|4.0,min_dist,1.9349531988321034,1.9349531988321034,1,1
t9b_scffcm_fair.csv,digits_pca16|1|12|2.0|4.0,mean_acc,0.7900587523658628,0.7900587523658628,1,1
t9b_scffcm_fair.csv,digits_pca16|1|12|2.0|4.0,worst_acc,0.5333333333333333,0.5333333333333333,1,1
t9b_scffcm_fair.csv,digits_pca16|1|12|2.0|4.0,fcm_obj,7.729476160601846,7.729476160601846,1,1
t9b_scffcm_fair.csv,digits_pca16|1|13|2.0|4.0,min_dist,1.9056872098823079,1.9056872098823079,1,1
t9b_scffcm_fair.csv,digits_pca16|1|13|2.0|4.0,mean_acc,0.7499671295647167,0.7499671295647167,1,1
t9b_scffcm_fair.csv,digits_pca16|1|13|2.0|4.0,worst_acc,0.5388888888888889,0.5388888888888889,1,1
t9b_scffcm_fair.csv,digits_pca16|1|13|2.0|4.0,fcm_obj,7.69162460115826,7.69162460115826,1,1
t9b_scffcm_fair.csv,digits_pca16|1|14|2.0|4.0,min_dist,1.6873852471216948,1.6873852471216948,1,1
t9b_scffcm_fair.csv,digits_pca16|1|14|2.0|4.0,mean_acc,0.6987073847584536,0.6987073847584536,1,1
t9b_scffcm_fair.csv,digits_pca16|1|14|2.0|4.0,worst_acc,0.43333333333333335,0.43333333333333335,1,1
t9b_scffcm_fair.csv,digits_pca16|1|14|2.0|4.0,fcm_obj,7.727432052194859,7.727432052194859,1,1
t9b_scffcm_fair.csv,digits_pca16|1|15|2.0|4.0,min_dist,2.1196441847480783,2.1196441847480783,1,1
t9b_scffcm_fair.csv,digits_pca16|1|15|2.0|4.0,mean_acc,0.7536565840126664,0.7536565840126664,1,1
t9b_scffcm_fair.csv,digits_pca16|1|15|2.0|4.0,worst_acc,0.5055555555555555,0.5055555555555555,1,1
t9b_scffcm_fair.csv,digits_pca16|1|15|2.0|4.0,fcm_obj,7.698631869501484,7.698631869501484,1,1
t9b_scffcm_fair.csv,digits_pca16|1|16|2.0|4.0,min_dist,1.8755018409975859,1.8755018409975859,1,1
t9b_scffcm_fair.csv,digits_pca16|1|16|2.0|4.0,mean_acc,0.7219047021526774,0.7219047021526774,1,1
t9b_scffcm_fair.csv,digits_pca16|1|16|2.0|4.0,worst_acc,0.4888888888888889,0.4888888888888889,1,1
t9b_scffcm_fair.csv,digits_pca16|1|16|2.0|4.0,fcm_obj,7.701164002406933,7.701164002406933,1,1
t9b_scffcm_fair.csv,digits_pca16|1|17|2.0|4.0,min_dist,1.9054105268347477,1.9054105268347477,1,1
t9b_scffcm_fair.csv,digits_pca16|1|17|2.0|4.0,mean_acc,0.7487217179535673,0.7487217179535673,1,1
t9b_scffcm_fair.csv,digits_pca16|1|17|2.0|4.0,worst_acc,0.5333333333333333,0.5333333333333333,1,1
t9b_scffcm_fair.csv,digits_pca16|1|17|2.0|4.0,fcm_obj,7.691657744323864,7.691657744323864,1,1
t9b_scffcm_fair.csv,digits_pca16|1|18|2.0|4.0,min_dist,1.9536156031172438,1.9536156031172438,1,1
t9b_scffcm_fair.csv,digits_pca16|1|18|2.0|4.0,mean_acc,0.7869288740603697,0.7869288740603697,1,1
t9b_scffcm_fair.csv,digits_pca16|1|18|2.0|4.0,worst_acc,0.615819209039548,0.615819209039548,1,1
t9b_scffcm_fair.csv,digits_pca16|1|18|2.0|4.0,fcm_obj,7.737360985153478,7.737360985153478,1,1
t9b_scffcm_fair.csv,digits_pca16|1|19|2.0|4.0,min_dist,1.9604777283918022,1.9604777283918022,1,1
t9b_scffcm_fair.csv,digits_pca16|1|19|2.0|4.0,mean_acc,0.8000862540817752,0.8000862540817752,1,1
t9b_scffcm_fair.csv,digits_pca16|1|19|2.0|4.0,worst_acc,0.7,0.7,1,1
t9b_scffcm_fair.csv,digits_pca16|1|19|2.0|4.0,fcm_obj,7.741107566222514,7.741107566222514,1,1
t9b_scffcm_fair.csv,digits_pca32|1|0|0.5|8.0,min_dist,2.654766431891235,2.654766431891235,1,1
t9b_scffcm_fair.csv,digits_pca32|1|0|0.5|8.0,mean_acc,0.7200839719603128,0.7200839719603128,1,1
t9b_scffcm_fair.csv,digits_pca32|1|0|0.5|8.0,worst_acc,0.5568181818181818,0.5568181818181818,1,1
t9b_scffcm_fair.csv,digits_pca32|1|0|0.5|8.0,fcm_obj,24.129870737675915,24.129870737675915,1,1
t9b_scffcm_fair.csv,digits_pca32|1|1|0.5|8.0,min_dist,2.5935818759419558,2.5935818759419558,1,1
t9b_scffcm_fair.csv,digits_pca32|1|1|0.5|8.0,mean_acc,0.7885361360377041,0.7885361360377041,1,1
t9b_scffcm_fair.csv,digits_pca32|1|1|0.5|8.0,worst_acc,0.5444444444444444,0.5444444444444444,1,1
t9b_scffcm_fair.csv,digits_pca32|1|1|0.5|8.0,fcm_obj,24.03524191798477,24.03524191798477,1,1
t9b_scffcm_fair.csv,digits_pca32|1|2|0.5|8.0,min_dist,2.400502054862075,2.400502054862075,1,1
t9b_scffcm_fair.csv,digits_pca32|1|2|0.5|8.0,mean_acc,0.6770768962666887,0.6770768962666887,1,1
t9b_scffcm_fair.csv,digits_pca32|1|2|0.5|8.0,worst_acc,0.45,0.45,1,1
t9b_scffcm_fair.csv,digits_pca32|1|2|0.5|8.0,fcm_obj,24.05196387303979,24.05196387303979,1,1
t9b_scffcm_fair.csv,digits_pca32|1|3|0.5|8.0,min_dist,2.469931238662472,2.469931238662472,1,1
t9b_scffcm_fair.csv,digits_pca32|1|3|0.5|8.0,mean_acc,0.8049484671314181,0.8049484671314181,1,1
t9b_scffcm_fair.csv,digits_pca32|1|3|0.5|8.0,worst_acc,0.6277777777777778,0.6277777777777778,1,1
t9b_scffcm_fair.csv,digits_pca32|1|3|0.5|8.0,fcm_obj,23.8906400864914,23.8906400864914,1,1
t9b_scffcm_fair.csv,digits_pca32|1|4|0.5|8.0,min_dist,2.404685207211063,2.404685207211063,1,1
t9b_scffcm_fair.csv,digits_pca32|1|4|0.5|8.0,mean_acc,0.7211093859820947,0.7211093859820947,1,1
t9b_scffcm_fair.csv,digits_pca32|1|4|0.5|8.0,worst_acc,0.5166666666666667,0.5166666666666667,1,1
t9b_scffcm_fair.csv,digits_pca32|1|4|0.5|8.0,fcm_obj,24.15599051867442,24.15599051867442,1,1
t9b_scffcm_fair.csv,digits_pca32|1|5|0.5|8.0,min_dist,2.336121917131002,2.336121917131002,1,1
t9b_scffcm_fair.csv,digits_pca32|1|5|0.5|8.0,mean_acc,0.712682810261965,0.712682810261965,1,1
t9b_scffcm_fair.csv,digits_pca32|1|5|0.5|8.0,worst_acc,0.4222222222222222,0.4222222222222222,1,1
t9b_scffcm_fair.csv,digits_pca32|1|5|0.5|8.0,fcm_obj,24.05579104872569,24.05579104872569,1,1
t9b_scffcm_fair.csv,digits_pca32|1|6|0.5|8.0,min_dist,2.4051211593613586,2.4051211593613586,1,1
t9b_scffcm_fair.csv,digits_pca32|1|6|0.5|8.0,mean_acc,0.8166892691065936,0.8166892691065936,1,1
t9b_scffcm_fair.csv,digits_pca32|1|6|0.5|8.0,worst_acc,0.7222222222222222,0.7222222222222222,1,1
t9b_scffcm_fair.csv,digits_pca32|1|6|0.5|8.0,fcm_obj,23.9132002376652,23.9132002376652,1,1
t9b_scffcm_fair.csv,digits_pca32|1|7|0.5|8.0,min_dist,2.3609450099308398,2.3609450099308398,1,1
t9b_scffcm_fair.csv,digits_pca32|1|7|0.5|8.0,mean_acc,0.7605741207210323,0.7605741207210323,1,1
t9b_scffcm_fair.csv,digits_pca32|1|7|0.5|8.0,worst_acc,0.4166666666666667,0.4166666666666667,1,1
t9b_scffcm_fair.csv,digits_pca32|1|7|0.5|8.0,fcm_obj,23.903648415283676,23.903648415283676,1,1
t9b_scffcm_fair.csv,digits_pca32|1|8|0.5|8.0,min_dist,2.2623498063051857,2.2623498063051857,1,1
t9b_scffcm_fair.csv,digits_pca32|1|8|0.5|8.0,mean_acc,0.72916217593593,0.72916217593593,1,1
t9b_scffcm_fair.csv,digits_pca32|1|8|0.5|8.0,worst_acc,0.4166666666666667,0.4166666666666667,1,1
t9b_scffcm_fair.csv,digits_pca32|1|8|0.5|8.0,fcm_obj,23.937061446252628,23.937061446252628,1,1
t9b_scffcm_fair.csv,digits_pca32|1|9|0.5|8.0,min_dist,2.48876750718244,2.48876750718244,1,1
t9b_scffcm_fair.csv,digits_pca32|1|9|0.5|8.0,mean_acc,0.8216383551591632,0.8216383551591632,1,1
t9b_scffcm_fair.csv,digits_pca32|1|9|0.5|8.0,worst_acc,0.6611111111111111,0.6611111111111111,1,1
t9b_scffcm_fair.csv,digits_pca32|1|9|0.5|8.0,fcm_obj,23.874496725455725,23.874496725455725,1,1
t9b_scffcm_fair.csv,digits_pca32|1|10|0.5|8.0,min_dist,2.4143934627266943,2.4143934627266943,1,1
t9b_scffcm_fair.csv,digits_pca32|1|10|0.5|8.0,mean_acc,0.7528375667219876,0.7528375667219876,1,1
t9b_scffcm_fair.csv,digits_pca32|1|10|0.5|8.0,worst_acc,0.5111111111111111,0.5111111111111111,1,1
t9b_scffcm_fair.csv,digits_pca32|1|10|0.5|8.0,fcm_obj,23.935873971546062,23.935873971546062,1,1
t9b_scffcm_fair.csv,digits_pca32|1|11|0.5|8.0,min_dist,2.6005652477115015,2.6005652477115015,1,1
t9b_scffcm_fair.csv,digits_pca32|1|11|0.5|8.0,mean_acc,0.7630620906864303,0.7630620906864303,1,1
t9b_scffcm_fair.csv,digits_pca32|1|11|0.5|8.0,worst_acc,0.6298342541436464,0.6298342541436464,1,1
t9b_scffcm_fair.csv,digits_pca32|1|11|0.5|8.0,fcm_obj,24.16931058297701,24.16931058297701,1,1
t9b_scffcm_fair.csv,digits_pca32|1|12|0.5|8.0,min_dist,2.573328350266234,2.573328350266234,1,1
t9b_scffcm_fair.csv,digits_pca32|1|12|0.5|8.0,mean_acc,0.7556089996463072,0.7556089996463072,1,1
t9b_scffcm_fair.csv,digits_pca32|1|12|0.5|8.0,worst_acc,0.6079545454545454,0.6079545454545454,1,1
t9b_scffcm_fair.csv,digits_pca32|1|12|0.5|8.0,fcm_obj,24.04756093695405,24.04756093695405,1,1
t9b_scffcm_fair.csv,digits_pca32|1|13|0.5|8.0,min_dist,2.3492986312346096,2.3492986312346096,1,1
t9b_scffcm_fair.csv,digits_pca32|1|13|0.5|8.0,mean_acc,0.7614084828068356,0.7614084828068356,1,1
t9b_scffcm_fair.csv,digits_pca32|1|13|0.5|8.0,worst_acc,0.4388888888888889,0.4388888888888889,1,1
t9b_scffcm_fair.csv,digits_pca32|1|13|0.5|8.0,fcm_obj,23.903992718767793,23.903992718767793,1,1
t9b_scffcm_fair.csv,digits_pca32|1|14|0.5|8.0,min_dist,2.2773329584965416,2.2773329584965416,1,1
t9b_scffcm_fair.csv,digits_pca32|1|14|0.5|8.0,mean_acc,0.6969967526130093,0.6969967526130093,1,1
t9b_scffcm_fair.csv,digits_pca32|1|14|0.5|8.0,worst_acc,0.43333333333333335,0.43333333333333335,1,1
t9b_scffcm_fair.csv,digits_pca32|1|14|0.5|8.0,fcm_obj,23.893591938053337,23.893591938053337,1,1
t9b_scffcm_fair.csv,digits_pca32|1|15|0.5|8.0,min_dist,2.526257408281802,2.526257408281802,1,1
t9b_scffcm_fair.csv,digits_pca32|1|15|0.5|8.0,mean_acc,0.7704190582884205,0.7704190582884205,1,1
t9b_scffcm_fair.csv,digits_pca32|1|15|0.5|8.0,worst_acc,0.4444444444444444,0.4444444444444444,1,1
t9b_scffcm_fair.csv,digits_pca32|1|15|0.5|8.0,fcm_obj,23.895366239762136,23.895366239762136,1,1
t9b_scffcm_fair.csv,digits_pca32|1|16|0.5|8.0,min_dist,2.4775308418869244,2.4775308418869244,1,1
t9b_scffcm_fair.csv,digits_pca32|1|16|0.5|8.0,mean_acc,0.7608807945318148,0.7608807945318148,1,1
t9b_scffcm_fair.csv,digits_pca32|1|16|0.5|8.0,worst_acc,0.6055555555555555,0.6055555555555555,1,1
t9b_scffcm_fair.csv,digits_pca32|1|16|0.5|8.0,fcm_obj,23.906713264771405,23.906713264771405,1,1
t9b_scffcm_fair.csv,digits_pca32|1|17|0.5|8.0,min_dist,2.299470008709242,2.299470008709242,1,1
t9b_scffcm_fair.csv,digits_pca32|1|17|0.5|8.0,mean_acc,0.7175603356104264,0.7175603356104264,1,1
t9b_scffcm_fair.csv,digits_pca32|1|17|0.5|8.0,worst_acc,0.4444444444444444,0.4444444444444444,1,1
t9b_scffcm_fair.csv,digits_pca32|1|17|0.5|8.0,fcm_obj,24.06345734319347,24.06345734319347,1,1
t9b_scffcm_fair.csv,digits_pca32|1|18|0.5|8.0,min_dist,2.541060289052699,2.541060289052699,1,1
t9b_scffcm_fair.csv,digits_pca32|1|18|0.5|8.0,mean_acc,0.780589651506166,0.780589651506166,1,1
t9b_scffcm_fair.csv,digits_pca32|1|18|0.5|8.0,worst_acc,0.5649717514124294,0.5649717514124294,1,1
t9b_scffcm_fair.csv,digits_pca32|1|18|0.5|8.0,fcm_obj,23.994015968425128,23.994015968425128,1,1
t9b_scffcm_fair.csv,digits_pca32|1|19|0.5|8.0,min_dist,2.3979077276054657,2.3979077276054657,1,1
t9b_scffcm_fair.csv,digits_pca32|1|19|0.5|8.0,mean_acc,0.7668593901057925,0.7668593901057925,1,1
t9b_scffcm_fair.csv,digits_pca32|1|19|0.5|8.0,worst_acc,0.5166666666666667,0.5166666666666667,1,1
t9b_scffcm_fair.csv,digits_pca32|1|19|0.5|8.0,fcm_obj,24.032168410829694,24.032168410829694,1,1
t9b_scffcm_fair.csv,letter|1|0|2.0|8.0,min_dist,0.9124701319100037,0.9124701319100037,1,1
t9b_scffcm_fair.csv,letter|1|0|2.0|8.0,mean_acc,0.27200875367341504,0.27200875367341504,1,1
t9b_scffcm_fair.csv,letter|1|0|2.0|8.0,worst_acc,0.18422674060382008,0.18422674060382008,1,1
t9b_scffcm_fair.csv,letter|1|0|2.0|8.0,fcm_obj,4.996043290077569,4.996043290077569,1,1
t9b_scffcm_fair.csv,letter|1|1|2.0|8.0,min_dist,0.6499075400198063,0.6499075400198063,1,1
t9b_scffcm_fair.csv,letter|1|1|2.0|8.0,mean_acc,0.31623292580109785,0.31623292580109785,1,1
t9b_scffcm_fair.csv,letter|1|1|2.0|8.0,worst_acc,0.21177184466019416,0.21177184466019416,1,1
t9b_scffcm_fair.csv,letter|1|1|2.0|8.0,fcm_obj,4.924544215346766,4.924544215346766,1,1
t9b_scffcm_fair.csv,letter|1|2|2.0|8.0,min_dist,0.8091908015542648,0.8091908015542648,1,1
t9b_scffcm_fair.csv,letter|1|2|2.0|8.0,mean_acc,0.2849099057991194,0.2849099057991194,1,1
t9b_scffcm_fair.csv,letter|1|2|2.0|8.0,worst_acc,0.22451456310679613,0.22451456310679613,1,1
t9b_scffcm_fair.csv,letter|1|2|2.0|8.0,fcm_obj,4.919100823195731,4.919100823195731,1,1
t9b_scffcm_fair.csv,letter|1|3|2.0|8.0,min_dist,0.9413622632330965,0.9413622632330965,1,1
t9b_scffcm_fair.csv,letter|1|3|2.0|8.0,mean_acc,0.28782698959032127,0.28782698959032127,1,1
t9b_scffcm_fair.csv,letter|1|3|2.0|8.0,worst_acc,0.1966019417475728,0.1966019417475728,1,1
t9b_scffcm_fair.csv,letter|1|3|2.0|8.0,fcm_obj,4.918789867498127,4.918789867498127,1,1
t9b_scffcm_fair.csv,letter|1|4|2.0|8.0,min_dist,0.8936708062827188,0.8936708062827188,1,1
t9b_scffcm_fair.csv,letter|1|4|2.0|8.0,mean_acc,0.2912000751218385,0.2912000751218385,1,1
t9b_scffcm_fair.csv,letter|1|4|2.0|8.0,worst_acc,0.1941747572815534,0.1941747572815534,1,1
t9b_scffcm_fair.csv,letter|1|4|2.0|8.0,fcm_obj,4.8736129722259935,4.8736129722259935,1,1
t9b_scffcm_fair.csv,letter|1|5|2.0|8.0,min_dist,1.2563847836969242,1.2563847836969242,1,1
t9b_scffcm_fair.csv,letter|1|5|2.0|8.0,mean_acc,0.28507107203194776,0.28507107203194776,1,1
t9b_scffcm_fair.csv,letter|1|5|2.0|8.0,worst_acc,0.2032766990291262,0.2032766990291262,1,1
t9b_scffcm_fair.csv,letter|1|5|2.0|8.0,fcm_obj,4.898312757981217,4.898312757981217,1,1
t9b_scffcm_fair.csv,letter|1|6|2.0|8.0,min_dist,0.7247528053677295,0.7247528053677295,1,1
t9b_scffcm_fair.csv,letter|1|6|2.0|8.0,mean_acc,0.29641118313721576,0.29641118313721576,1,1
t9b_scffcm_fair.csv,letter|1|6|2.0|8.0,worst_acc,0.20691747572815533,0.20691747572815533,1,1
t9b_scffcm_fair.csv,letter|1|6|2.0|8.0,fcm_obj,4.884048255627945,4.884048255627945,1,1
t9b_scffcm_fair.csv,letter|1|7|2.0|8.0,min_dist,0.9842837508826207,0.9842837508826207,1,1
t9b_scffcm_fair.csv,letter|1|7|2.0|8.0,mean_acc,0.2944367827201471,0.2944367827201471,1,1
t9b_scffcm_fair.csv,letter|1|7|2.0|8.0,worst_acc,0.20509708737864077,0.20509708737864077,1,1
t9b_scffcm_fair.csv,letter|1|7|2.0|8.0,fcm_obj,4.903050515375125,4.903050515375125,1,1
t9b_scffcm_fair.csv,letter|1|8|2.0|8.0,min_dist,0.9145159182933235,0.9145159182933235,1,1
t9b_scffcm_fair.csv,letter|1|8|2.0|8.0,mean_acc,0.3145920023789185,0.3145920023789185,1,1
t9b_scffcm_fair.csv,letter|1|8|2.0|8.0,worst_acc,0.2020631067961165,0.2020631067961165,1,1
t9b_scffcm_fair.csv,letter|1|8|2.0|8.0,fcm_obj,4.899078445052082,4.899078445052082,1,1
t9b_scffcm_fair.csv,letter|1|9|2.0|8.0,min_dist,0.828458711152459,0.828458711152459,1,1
t9b_scffcm_fair.csv,letter|1|9|2.0|8.0,mean_acc,0.2870516531334383,0.2870516531334383,1,1
t9b_scffcm_fair.csv,letter|1|9|2.0|8.0,worst_acc,0.2178398058252427,0.2178398058252427,1,1
t9b_scffcm_fair.csv,letter|1|9|2.0|8.0,fcm_obj,4.901750913808914,4.901750913808914,1,1
t9b_scffcm_fair.csv,letter|1|10|2.0|8.0,min_dist,1.1348769185287184,1.1348769185287184,1,1
t9b_scffcm_fair.csv,letter|1|10|2.0|8.0,mean_acc,0.29843263154377964,0.29843263154377964,1,1
t9b_scffcm_fair.csv,letter|1|10|2.0|8.0,worst_acc,0.21844660194174756,0.21844660194174756,1,1
t9b_scffcm_fair.csv,letter|1|10|2.0|8.0,fcm_obj,4.984678731870305,4.984678731870305,1,1
t9b_scffcm_fair.csv,letter|1|11|2.0|8.0,min_dist,1.052152109853763,1.052152109853763,1,1
t9b_scffcm_fair.csv,letter|1|11|2.0|8.0,mean_acc,0.2960113270608212,0.2960113270608212,1,1
t9b_scffcm_fair.csv,letter|1|11|2.0|8.0,worst_acc,0.2002464571780653,0.2002464571780653,1,1
t9b_scffcm_fair.csv,letter|1|11|2.0|8.0,fcm_obj,4.990081207369993,4.990081207369993,1,1
t9b_scffcm_fair.csv,letter|1|12|2.0|8.0,min_dist,1.1912178250817014,1.1912178250817014,1,1
t9b_scffcm_fair.csv,letter|1|12|2.0|8.0,mean_acc,0.31154231503273955,0.31154231503273955,1,1
t9b_scffcm_fair.csv,letter|1|12|2.0|8.0,worst_acc,0.19842233009708737,0.19842233009708737,1,1
t9b_scffcm_fair.csv,letter|1|12|2.0|8.0,fcm_obj,4.918323278070439,4.918323278070439,1,1
t9b_scffcm_fair.csv,letter|1|13|2.0|8.0,min_dist,0.8740560447912589,0.8740560447912589,1,1
t9b_scffcm_fair.csv,letter|1|13|2.0|8.0,mean_acc,0.2934890746076212,0.2934890746076212,1,1
t9b_scffcm_fair.csv,letter|1|13|2.0|8.0,worst_acc,0.20024271844660194,0.20024271844660194,1,1
t9b_scffcm_fair.csv,letter|1|13|2.0|8.0,fcm_obj,4.902245397197993,4.902245397197993,1,1
t9b_scffcm_fair.csv,letter|1|14|2.0|8.0,min_dist,1.5198198666611271,1.5198198666611271,1,1
t9b_scffcm_fair.csv,letter|1|14|2.0|8.0,mean_acc,0.2932571021721494,0.2932571021721494,1,1
t9b_scffcm_fair.csv,letter|1|14|2.0|8.0,worst_acc,0.20631067961165048,0.20631067961165048,1,1
t9b_scffcm_fair.csv,letter|1|14|2.0|8.0,fcm_obj,4.905528063863988,4.905528063863988,1,1
t9b_scffcm_fair.csv,letter|1|15|2.0|8.0,min_dist,0.8654918646823626,0.8654918646823626,1,1
t9b_scffcm_fair.csv,letter|1|15|2.0|8.0,mean_acc,0.28890056897263655,0.28890056897263655,1,1
t9b_scffcm_fair.csv,letter|1|15|2.0|8.0,worst_acc,0.2113163972286374,0.2113163972286374,1,1
t9b_scffcm_fair.csv,letter|1|15|2.0|8.0,fcm_obj,4.9337713784315325,4.9337713784315325,1,1
t9b_scffcm_fair.csv,letter|1|16|2.0|8.0,min_dist,1.317919441447558,1.317919441447558,1,1
t9b_scffcm_fair.csv,letter|1|16|2.0|8.0,mean_acc,0.30337735617113976,0.30337735617113976,1,1
t9b_scffcm_fair.csv,letter|1|16|2.0|8.0,worst_acc,0.20570388349514562,0.20570388349514562,1,1
t9b_scffcm_fair.csv,letter|1|16|2.0|8.0,fcm_obj,4.885936453054468,4.885936453054468,1,1
t9b_scffcm_fair.csv,letter|1|17|2.0|8.0,min_dist,0.931860655096355,0.931860655096355,1,1
t9b_scffcm_fair.csv,letter|1|17|2.0|8.0,mean_acc,0.2834599934650322,0.2834599934650322,1,1
t9b_scffcm_fair.csv,letter|1|17|2.0|8.0,worst_acc,0.20509708737864077,0.20509708737864077,1,1
t9b_scffcm_fair.csv,letter|1|17|2.0|8.0,fcm_obj,4.893447375850052,4.893447375850052,1,1
t9b_scffcm_fair.csv,letter|1|18|2.0|8.0,min_dist,1.040519785778364,1.040519785778364,1,1
t9b_scffcm_fair.csv,letter|1|18|2.0|8.0,mean_acc,0.3132200962877919,0.3132200962877919,1,1
t9b_scffcm_fair.csv,letter|1|18|2.0|8.0,worst_acc,0.22451456310679613,0.22451456310679613,1,1
t9b_scffcm_fair.csv,letter|1|18|2.0|8.0,fcm_obj,4.891966398285221,4.891966398285221,1,1
t9b_scffcm_fair.csv,letter|1|19|2.0|8.0,min_dist,0.5096159489045969,0.5096159489045969,1,1
t9b_scffcm_fair.csv,letter|1|19|2.0|8.0,mean_acc,0.3075320943638903,0.3075320943638903,1,1
t9b_scffcm_fair.csv,letter|1|19|2.0|8.0,worst_acc,0.20631067961165048,0.20631067961165048,1,1
t9b_scffcm_fair.csv,letter|1|19|2.0|8.0,fcm_obj,4.91883115854459,4.91883115854459,1,1
t9b_scffcm_fair.csv,mnist784_pca32 (20c)|1|0|0.5|8.0,min_dist,2.1570572442153595,2.1570572442153595,1,1
t9b_scffcm_fair.csv,mnist784_pca32 (20c)|1|0|0.5|8.0,mean_acc,0.5198809570016387,0.5198809570016387,1,1
t9b_scffcm_fair.csv,mnist784_pca32 (20c)|1|0|0.5|8.0,worst_acc,0.41609392898052694,0.41609392898052694,1,1
t9b_scffcm_fair.csv,mnist784_pca32 (20c)|1|0|0.5|8.0,fcm_obj,24.448353848085567,24.448353848085567,1,1
t9b_scffcm_fair.csv,mnist784_pca32 (20c)|1|1|0.5|8.0,min_dist,2.2897255230134705,2.2897255230134705,1,1
t9b_scffcm_fair.csv,mnist784_pca32 (20c)|1|1|0.5|8.0,mean_acc,0.5754536292160214,0.5754536292160214,1,1
t9b_scffcm_fair.csv,mnist784_pca32 (20c)|1|1|0.5|8.0,worst_acc,0.5035785857429144,0.5035785857429144,1,1
t9b_scffcm_fair.csv,mnist784_pca32 (20c)|1|1|0.5|8.0,fcm_obj,24.325175684203302,24.325175684203302,1,1
t9b_scffcm_fair.csv,mnist784_pca32 (20c)|1|2|0.5|8.0,min_dist,2.194226686127202,2.194226686127202,1,1
t9b_scffcm_fair.csv,mnist784_pca32 (20c)|1|2|0.5|8.0,mean_acc,0.4984166354270988,0.4984166354270988,1,1
t9b_scffcm_fair.csv,mnist784_pca32 (20c)|1|2|0.5|8.0,worst_acc,0.36530203263670197,0.36530203263670197,1,1
t9b_scffcm_fair.csv,mnist784_pca32 (20c)|1|2|0.5|8.0,fcm_obj,24.50566047341464,24.50566047341464,1,1
t9b_scffcm_fair.csv,mnist784_pca32 (20c)|1|3|0.5|8.0,min_dist,2.2796416612336454,2.2796416612336454,1,1
t9b_scffcm_fair.csv,mnist784_pca32 (20c)|1|3|0.5|8.0,mean_acc,0.5470170665381697,0.5470170665381697,1,1
t9b_scffcm_fair.csv,mnist784_pca32 (20c)|1|3|0.5|8.0,worst_acc,0.4569715142428786,0.4569715142428786,1,1
t9b_scffcm_fair.csv,mnist784_pca32 (20c)|1|3|0.5|8.0,fcm_obj,24.311689457464414,24.311689457464414,1,1
t9b_scffcm_fair.csv,mnist784_pca32 (20c)|1|4|0.5|8.0,min_dist,2.0102603713952276,2.0102603713952276,1,1
t9b_scffcm_fair.csv,mnist784_pca32 (20c)|1|4|0.5|8.0,mean_acc,0.5597109946811683,0.5597109946811683,1,1
t9b_scffcm_fair.csv,mnist784_pca32 (20c)|1|4|0.5|8.0,worst_acc,0.48520204894706886,0.48520204894706886,1,1
t9b_scffcm_fair.csv,mnist784_pca32 (20c)|1|4|0.5|8.0,fcm_obj,24.88859107758505,24.88859107758505,1,1
t9b_scffcm_fair.csv,mnist784_pca32 (20c)|1|5|0.5|8.0,min_dist,2.3241700404005665,2.3241700404005665,1,1
t9b_scffcm_fair.csv,mnist784_pca32 (20c)|1|5|0.5|8.0,mean_acc,0.4437251251851517,0.4437251251851517,1,1
t9b_scffcm_fair.csv,mnist784_pca32 (20c)|1|5|0.5|8.0,worst_acc,0.3727454909819639,0.3727454909819639,1,1
t9b_scffcm_fair.csv,mnist784_pca32 (20c)|1|5|0.5|8.0,fcm_obj,24.3345946144272,24.3345946144272,1,1
t9b_scffcm_fair.csv,mnist784_pca32 (20c)|1|6|0.5|8.0,min_dist,2.296889211676735,2.296889211676735,1,1
t9b_scffcm_fair.csv,mnist784_pca32 (20c)|1|6|0.5|8.0,mean_acc,0.49788876249625347,0.49788876249625347,1,1
t9b_scffcm_fair.csv,mnist784_pca32 (20c)|1|6|0.5|8.0,worst_acc,0.43671248568155785,0.43671248568155785,1,1
t9b_scffcm_fair.csv,mnist784_pca32 (20c)|1|6|0.5|8.0,fcm_obj,24.430458468356633,24.430458468356633,1,1
t9b_scffcm_fair.csv,mnist784_pca32 (20c)|1|7|0.5|8.0,min_dist,2.209451183284407,2.209451183284407,1,1
t9b_scffcm_fair.csv,mnist784_pca32 (20c)|1|7|0.5|8.0,mean_acc,0.5448938580449403,0.5448938580449403,1,1
t9b_scffcm_fair.csv,mnist784_pca32 (20c)|1|7|0.5|8.0,worst_acc,0.4056684798167764,0.4056684798167764,1,1
t9b_scffcm_fair.csv,mnist784_pca32 (20c)|1|7|0.5|8.0,fcm_obj,24.501521387045724,24.501521387045724,1,1
t9b_scffcm_fair.csv,mnist784_pca32 (20c)|1|8|0.5|8.0,min_dist,2.333120177875571,2.333120177875571,1,1
t9b_scffcm_fair.csv,mnist784_pca32 (20c)|1|8|0.5|8.0,mean_acc,0.5185701329910347,0.5185701329910347,1,1
t9b_scffcm_fair.csv,mnist784_pca32 (20c)|1|8|0.5|8.0,worst_acc,0.44390660592255127,0.44390660592255127,1,1
t9b_scffcm_fair.csv,mnist784_pca32 (20c)|1|8|0.5|8.0,fcm_obj,24.243056835201163,24.243056835201163,1,1
t9b_scffcm_fair.csv,mnist784_pca32 (20c)|1|9|0.5|8.0,min_dist,2.258345000493488,2.258345000493488,1,1
t9b_scffcm_fair.csv,mnist784_pca32 (20c)|1|9|0.5|8.0,mean_acc,0.5091641591957796,0.5091641591957796,1,1
t9b_scffcm_fair.csv,mnist784_pca32 (20c)|1|9|0.5|8.0,worst_acc,0.38763240767248786,0.38763240767248786,1,1
t9b_scffcm_fair.csv,mnist784_pca32 (20c)|1|9|0.5|8.0,fcm_obj,24.402737538754092,24.402737538754092,1,1
t9b_scffcm_fair.csv,mnist784_pca32 (20c)|1|10|0.5|8.0,min_dist,2.149370306320749,2.149370306320749,1,1
t9b_scffcm_fair.csv,mnist784_pca32 (20c)|1|10|0.5|8.0,mean_acc,0.46665986125998976,0.46665986125998976,1,1
t9b_scffcm_fair.csv,mnist784_pca32 (20c)|1|10|0.5|8.0,worst_acc,0.3733133433283358,0.3733133433283358,1,1
t9b_scffcm_fair.csv,mnist784_pca32 (20c)|1|10|0.5|8.0,fcm_obj,24.323674641902453,24.323674641902453,1,1
t9b_scffcm_fair.csv,mnist784_pca32 (20c)|1|11|0.5|8.0,min_dist,2.090958284922002,2.090958284922002,1,1
t9b_scffcm_fair.csv,mnist784_pca32 (20c)|1|11|0.5|8.0,mean_acc,0.5791738253859926,0.5791738253859926,1,1
t9b_scffcm_fair.csv,mnist784_pca32 (20c)|1|11|0.5|8.0,worst_acc,0.4146836912362159,0.4146836912362159,1,1
t9b_scffcm_fair.csv,mnist784_pca32 (20c)|1|11|0.5|8.0,fcm_obj,24.928551211798464,24.928551211798464,1,1
t9b_scffcm_fair.csv,mnist784_pca32 (20c)|1|12|0.5|8.0,min_dist,2.1166432385822396,2.1166432385822396,1,1
t9b_scffcm_fair.csv,mnist784_pca32 (20c)|1|12|0.5|8.0,mean_acc,0.588818374038352,0.588818374038352,1,1
t9b_scffcm_fair.csv,mnist784_pca32 (20c)|1|12|0.5|8.0,worst_acc,0.5178312554363583,0.5178312554363583,1,1
t9b_scffcm_fair.csv,mnist784_pca32 (20c)|1|12|0.5|8.0,fcm_obj,24.472928507685552,24.472928507685552,1,1
t9b_scffcm_fair.csv,mnist784_pca32 (20c)|1|13|0.5|8.0,min_dist,2.3543816012873697,2.3543816012873697,1,1
t9b_scffcm_fair.csv,mnist784_pca32 (20c)|1|13|0.5|8.0,mean_acc,0.5620117607498841,0.5620117607498841,1,1
t9b_scffcm_fair.csv,mnist784_pca32 (20c)|1|13|0.5|8.0,worst_acc,0.4335995267672286,0.4335995267672286,1,1
t9b_scffcm_fair.csv,mnist784_pca32 (20c)|1|13|0.5|8.0,fcm_obj,24.298166447598053,24.298166447598053,1,1
t9b_scffcm_fair.csv,mnist784_pca32 (20c)|1|14|0.5|8.0,min_dist,2.1420193719590577,2.1420193719590577,1,1
t9b_scffcm_fair.csv,mnist784_pca32 (20c)|1|14|0.5|8.0,mean_acc,0.5009961411980297,0.5009961411980297,1,1
t9b_scffcm_fair.csv,mnist784_pca32 (20c)|1|14|0.5|8.0,worst_acc,0.3747412008281574,0.3747412008281574,1,1
t9b_scffcm_fair.csv,mnist784_pca32 (20c)|1|14|0.5|8.0,fcm_obj,24.435347830449974,24.435347830449974,1,1
t9b_scffcm_fair.csv,mnist784_pca32 (20c)|1|15|0.5|8.0,min_dist,2.3231215348000878,2.3231215348000878,1,1
t9b_scffcm_fair.csv,mnist784_pca32 (20c)|1|15|0.5|8.0,mean_acc,0.5579620359567572,0.5579620359567572,1,1
t9b_scffcm_fair.csv,mnist784_pca32 (20c)|1|15|0.5|8.0,worst_acc,0.48125366139425896,0.48125366139425896,1,1
t9b_scffcm_fair.csv,mnist784_pca32 (20c)|1|15|0.5|8.0,fcm_obj,24.36434875312625,24.36434875312625,1,1
t9b_scffcm_fair.csv,mnist784_pca32 (20c)|1|16|0.5|8.0,min_dist,2.3064671212970294,2.3064671212970294,1,1
t9b_scffcm_fair.csv,mnist784_pca32 (20c)|1|16|0.5|8.0,mean_acc,0.5542500985204769,0.5542500985204769,1,1
t9b_scffcm_fair.csv,mnist784_pca32 (20c)|1|16|0.5|8.0,worst_acc,0.503006012024048,0.503006012024048,1,1
t9b_scffcm_fair.csv,mnist784_pca32 (20c)|1|16|0.5|8.0,fcm_obj,24.319079261396826,24.319079261396826,1,1
t9b_scffcm_fair.csv,mnist784_pca32 (20c)|1|17|0.5|8.0,min_dist,2.2267184193399934,2.2267184193399934,1,1
t9b_scffcm_fair.csv,mnist784_pca32 (20c)|1|17|0.5|8.0,mean_acc,0.5978839401853302,0.5978839401853302,1,1
t9b_scffcm_fair.csv,mnist784_pca32 (20c)|1|17|0.5|8.0,worst_acc,0.5350701402805611,0.5350701402805611,1,1
t9b_scffcm_fair.csv,mnist784_pca32 (20c)|1|17|0.5|8.0,fcm_obj,24.37692324892398,24.37692324892398,1,1
t9b_scffcm_fair.csv,mnist784_pca32 (20c)|1|18|0.5|8.0,min_dist,2.0441938983860544,2.0441938983860544,1,1
t9b_scffcm_fair.csv,mnist784_pca32 (20c)|1|18|0.5|8.0,mean_acc,0.5597047322376348,0.5597047322376348,1,1
t9b_scffcm_fair.csv,mnist784_pca32 (20c)|1|18|0.5|8.0,worst_acc,0.4072759538598048,0.4072759538598048,1,1
t9b_scffcm_fair.csv,mnist784_pca32 (20c)|1|18|0.5|8.0,fcm_obj,24.60485623033677,24.60485623033677,1,1
t9b_scffcm_fair.csv,mnist784_pca32 (20c)|1|19|0.5|8.0,min_dist,2.338571734886502,2.338571734886502,1,1
t9b_scffcm_fair.csv,mnist784_pca32 (20c)|1|19|0.5|8.0,mean_acc,0.5950315906208992,0.5950315906208992,1,1
t9b_scffcm_fair.csv,mnist784_pca32 (20c)|1|19|0.5|8.0,worst_acc,0.4900858242083457,0.4900858242083457,1,1
t9b_scffcm_fair.csv,mnist784_pca32 (20c)|1|19|0.5|8.0,fcm_obj,24.29969202493909,24.29969202493909,1,1
t9b_scffcm_fair.csv,mnist784_pca32 (50c)|1|0|0.5|8.0,min_dist,2.3090925179906554,2.3090925179906554,1,1
t9b_scffcm_fair.csv,mnist784_pca32 (50c)|1|0|0.5|8.0,mean_acc,0.5444582927790815,0.5444582927790815,1,1
t9b_scffcm_fair.csv,mnist784_pca32 (50c)|1|0|0.5|8.0,worst_acc,0.45274725274725275,0.45274725274725275,1,1
t9b_scffcm_fair.csv,mnist784_pca32 (50c)|1|0|0.5|8.0,fcm_obj,24.258827738555162,24.258827738555162,1,1
t9b_scffcm_fair.csv,mnist784_pca32 (50c)|1|1|0.5|8.0,min_dist,2.3504280795695696,2.3504280795695696,1,1
t9b_scffcm_fair.csv,mnist784_pca32 (50c)|1|1|0.5|8.0,mean_acc,0.5163674405430072,0.5163674405430072,1,1
t9b_scffcm_fair.csv,mnist784_pca32 (50c)|1|1|0.5|8.0,worst_acc,0.3900355871886121,0.3900355871886121,1,1
t9b_scffcm_fair.csv,mnist784_pca32 (50c)|1|1|0.5|8.0,fcm_obj,24.306136203823407,24.306136203823407,1,1
t9b_scffcm_fair.csv,mnist784_pca32 (50c)|1|2|0.5|8.0,min_dist,2.256144743117538,2.256144743117538,1,1
t9b_scffcm_fair.csv,mnist784_pca32 (50c)|1|2|0.5|8.0,mean_acc,0.5275841176611226,0.5275841176611226,1,1
t9b_scffcm_fair.csv,mnist784_pca32 (50c)|1|2|0.5|8.0,worst_acc,0.42798070296347346,0.42798070296347346,1,1
t9b_scffcm_fair.csv,mnist784_pca32 (50c)|1|2|0.5|8.0,fcm_obj,24.330030422746816,24.330030422746816,1,1
t9b_scffcm_fair.csv,mnist784_pca32 (50c)|1|3|0.5|8.0,min_dist,2.247216771601343,2.247216771601343,1,1
t9b_scffcm_fair.csv,mnist784_pca32 (50c)|1|3|0.5|8.0,mean_acc,0.5502099353155834,0.5502099353155834,1,1
t9b_scffcm_fair.csv,mnist784_pca32 (50c)|1|3|0.5|8.0,worst_acc,0.39201183431952663,0.39201183431952663,1,1
t9b_scffcm_fair.csv,mnist784_pca32 (50c)|1|3|0.5|8.0,fcm_obj,24.422982440349077,24.422982440349077,1,1
t9b_scffcm_fair.csv,mnist784_pca32 (50c)|1|4|0.5|8.0,min_dist,2.1502217865645448,2.1502217865645448,1,1
t9b_scffcm_fair.csv,mnist784_pca32 (50c)|1|4|0.5|8.0,mean_acc,0.5334104290051136,0.5334104290051136,1,1
t9b_scffcm_fair.csv,mnist784_pca32 (50c)|1|4|0.5|8.0,worst_acc,0.43853073463268366,0.43853073463268366,1,1
t9b_scffcm_fair.csv,mnist784_pca32 (50c)|1|4|0.5|8.0,fcm_obj,24.357825792498762,24.357825792498762,1,1
t9b_scffcm_fair.csv,mnist784_pca32 (50c)|1|5|0.5|8.0,min_dist,2.167839493196544,2.167839493196544,1,1
t9b_scffcm_fair.csv,mnist784_pca32 (50c)|1|5|0.5|8.0,mean_acc,0.5721011940801524,0.5721011940801524,1,1
t9b_scffcm_fair.csv,mnist784_pca32 (50c)|1|5|0.5|8.0,worst_acc,0.4767358625626342,0.4767358625626342,1,1
t9b_scffcm_fair.csv,mnist784_pca32 (50c)|1|5|0.5|8.0,fcm_obj,24.408861518204425,24.408861518204425,1,1
t9b_scffcm_fair.csv,mnist784_pca32 (50c)|1|6|0.5|8.0,min_dist,2.200755918211269,2.200755918211269,1,1
t9b_scffcm_fair.csv,mnist784_pca32 (50c)|1|6|0.5|8.0,mean_acc,0.45379687065047014,0.45379687065047014,1,1
t9b_scffcm_fair.csv,mnist784_pca32 (50c)|1|6|0.5|8.0,worst_acc,0.3693629205440229,0.3693629205440229,1,1
t9b_scffcm_fair.csv,mnist784_pca32 (50c)|1|6|0.5|8.0,fcm_obj,24.34588581414719,24.34588581414719,1,1
t9b_scffcm_fair.csv,mnist784_pca32 (50c)|1|7|0.5|8.0,min_dist,2.279494584158061,2.279494584158061,1,1
t9b_scffcm_fair.csv,mnist784_pca32 (50c)|1|7|0.5|8.0,mean_acc,0.5689566581477569,0.5689566581477569,1,1
t9b_scffcm_fair.csv,mnist784_pca32 (50c)|1|7|0.5|8.0,worst_acc,0.504626334519573,0.504626334519573,1,1
t9b_scffcm_fair.csv,mnist784_pca32 (50c)|1|7|0.5|8.0,fcm_obj,24.41509333623577,24.41509333623577,1,1
t9b_scffcm_fair.csv,mnist784_pca32 (50c)|1|8|0.5|8.0,min_dist,2.2080088145964094,2.2080088145964094,1,1
t9b_scffcm_fair.csv,mnist784_pca32 (50c)|1|8|0.5|8.0,mean_acc,0.5235703554728535,0.5235703554728535,1,1
t9b_scffcm_fair.csv,mnist784_pca32 (50c)|1|8|0.5|8.0,worst_acc,0.463768115942029,0.463768115942029,1,1
t9b_scffcm_fair.csv,mnist784_pca32 (50c)|1|8|0.5|8.0,fcm_obj,24.32002036723664,24.32002036723664,1,1
t9b_scffcm_fair.csv,mnist784_pca32 (50c)|1|9|0.5|8.0,min_dist,2.3490039715073103,2.3490039715073103,1,1
t9b_scffcm_fair.csv,mnist784_pca32 (50c)|1|9|0.5|8.0,mean_acc,0.5406424340972988,0.5406424340972988,1,1
t9b_scffcm_fair.csv,mnist784_pca32 (50c)|1|9|0.5|8.0,worst_acc,0.4619217081850534,0.4619217081850534,1,1
t9b_scffcm_fair.csv,mnist784_pca32 (50c)|1|9|0.5|8.0,fcm_obj,24.239990461657257,24.239990461657257,1,1
t9b_scffcm_fair.csv,mnist784_pca32 (50c)|1|10|0.5|8.0,min_dist,2.1933733600116434,2.1933733600116434,1,1
t9b_scffcm_fair.csv,mnist784_pca32 (50c)|1|10|0.5|8.0,mean_acc,0.5116428576626421,0.5116428576626421,1,1
t9b_scffcm_fair.csv,mnist784_pca32 (50c)|1|10|0.5|8.0,worst_acc,0.3838757396449704,0.3838757396449704,1,1
t9b_scffcm_fair.csv,mnist784_pca32 (50c)|1|10|0.5|8.0,fcm_obj,24.432776691602314,24.432776691602314,1,1
t9b_scffcm_fair.csv,mnist784_pca32 (50c)|1|11|0.5|8.0,min_dist,2.2583231366071743,2.2583231366071743,1,1
t9b_scffcm_fair.csv,mnist784_pca32 (50c)|1|11|0.5|8.0,mean_acc,0.5863127526857891,0.5863127526857891,1,1
t9b_scffcm_fair.csv,mnist784_pca32 (50c)|1|11|0.5|8.0,worst_acc,0.504626334519573,0.504626334519573,1,1
t9b_scffcm_fair.csv,mnist784_pca32 (50c)|1|11|0.5|8.0,fcm_obj,24.3320113621611,24.3320113621611,1,1
t9b_scffcm_fair.csv,mnist784_pca32 (50c)|1|12|0.5|8.0,min_dist,2.354230632417469,2.354230632417469,1,1
t9b_scffcm_fair.csv,mnist784_pca32 (50c)|1|12|0.5|8.0,mean_acc,0.527768396958455,0.527768396958455,1,1
t9b_scffcm_fair.csv,mnist784_pca32 (50c)|1|12|0.5|8.0,worst_acc,0.4533807829181495,0.4533807829181495,1,1
t9b_scffcm_fair.csv,mnist784_pca32 (50c)|1|12|0.5|8.0,fcm_obj,24.303659274115823,24.303659274115823,1,1
t9b_scffcm_fair.csv,mnist784_pca32 (50c)|1|13|0.5|8.0,min_dist,2.365869099233183,2.365869099233183,1,1
t9b_scffcm_fair.csv,mnist784_pca32 (50c)|1|13|0.5|8.0,mean_acc,0.5947743029673376,0.5947743029673376,1,1
t9b_scffcm_fair.csv,mnist784_pca32 (50c)|1|13|0.5|8.0,worst_acc,0.46967455621301774,0.46967455621301774,1,1
t9b_scffcm_fair.csv,mnist784_pca32 (50c)|1|13|0.5|8.0,fcm_obj,24.37040355437473,24.37040355437473,1,1
t9b_scffcm_fair.csv,mnist784_pca32 (50c)|1|14|0.5|8.0,min_dist,2.1298134369508923,2.1298134369508923,1,1
t9b_scffcm_fair.csv,mnist784_pca32 (50c)|1|14|0.5|8.0,mean_acc,0.5113925551860818,0.5113925551860818,1,1
t9b_scffcm_fair.csv,mnist784_pca32 (50c)|1|14|0.5|8.0,worst_acc,0.4203997243280496,0.4203997243280496,1,1
t9b_scffcm_fair.csv,mnist784_pca32 (50c)|1|14|0.5|8.0,fcm_obj,24.400861659547424,24.400861659547424,1,1
t9b_scffcm_fair.csv,mnist784_pca32 (50c)|1|15|0.5|8.0,min_dist,2.223040970180864,2.223040970180864,1,1
t9b_scffcm_fair.csv,mnist784_pca32 (50c)|1|15|0.5|8.0,mean_acc,0.5726434130685107,0.5726434130685107,1,1
t9b_scffcm_fair.csv,mnist784_pca32 (50c)|1|15|0.5|8.0,worst_acc,0.4519230769230769,0.4519230769230769,1,1
t9b_scffcm_fair.csv,mnist784_pca32 (50c)|1|15|0.5|8.0,fcm_obj,24.440330717061684,24.440330717061684,1,1
t9b_scffcm_fair.csv,mnist784_pca32 (50c)|1|16|0.5|8.0,min_dist,2.074703676230838,2.074703676230838,1,1
t9b_scffcm_fair.csv,mnist784_pca32 (50c)|1|16|0.5|8.0,mean_acc,0.5463470593794812,0.5463470593794812,1,1
t9b_scffcm_fair.csv,mnist784_pca32 (50c)|1|16|0.5|8.0,worst_acc,0.3997144896502498,0.3997144896502498,1,1
t9b_scffcm_fair.csv,mnist784_pca32 (50c)|1|16|0.5|8.0,fcm_obj,24.64942711527963,24.64942711527963,1,1
t9b_scffcm_fair.csv,mnist784_pca32 (50c)|1|17|0.5|8.0,min_dist,2.132026340552648,2.132026340552648,1,1
t9b_scffcm_fair.csv,mnist784_pca32 (50c)|1|17|0.5|8.0,mean_acc,0.548860560950431,0.548860560950431,1,1
t9b_scffcm_fair.csv,mnist784_pca32 (50c)|1|17|0.5|8.0,worst_acc,0.4578402366863905,0.4578402366863905,1,1
t9b_scffcm_fair.csv,mnist784_pca32 (50c)|1|17|0.5|8.0,fcm_obj,24.51656798491302,24.51656798491302,1,1
t9b_scffcm_fair.csv,mnist784_pca32 (50c)|1|18|0.5|8.0,min_dist,2.408792171228433,2.408792171228433,1,1
t9b_scffcm_fair.csv,mnist784_pca32 (50c)|1|18|0.5|8.0,mean_acc,0.4612547768978118,0.4612547768978118,1,1
t9b_scffcm_fair.csv,mnist784_pca32 (50c)|1|18|0.5|8.0,worst_acc,0.36506800286327845,0.36506800286327845,1,1
t9b_scffcm_fair.csv,mnist784_pca32 (50c)|1|18|0.5|8.0,fcm_obj,24.3640524625286,24.3640524625286,1,1
t9b_scffcm_fair.csv,mnist784_pca32 (50c)|1|19|0.5|8.0,min_dist,2.2939700281914712,2.2939700281914712,1,1
t9b_scffcm_fair.csv,mnist784_pca32 (50c)|1|19|0.5|8.0,mean_acc,0.571163305901595,0.571163305901595,1,1
t9b_scffcm_fair.csv,mnist784_pca32 (50c)|1|19|0.5|8.0,worst_acc,0.5209964412811388,0.5209964412811388,1,1
t9b_scffcm_fair.csv,mnist784_pca32 (50c)|1|19|0.5|8.0,fcm_obj,24.32397091202777,24.32397091202777,1,1
