source,key,field,prior,new,match,strict
t3_design_space/per_seed_metrics__confirm.csv,cluster_skew_hard|10|post_none_off,min_dist,2.2382248345380322,2.2382248345380322,1,1
t3_design_space/per_seed_metrics__confirm.csv,cluster_skew_hard|10|post_none_off,mean_acc,0.8617424242424243,0.8617424242424243,1,1
t3_design_space/per_seed_metrics__confirm.csv,cluster_skew_hard|10|post_none_off,worst_acc,0.6,0.6,1,1
t3_design_space/per_seed_metrics__confirm.csv,cluster_skew_hard|10|post_footprint_off,min_dist,8.250782207409161,8.250782207409161,1,1
t3_design_space/per_seed_metrics__confirm.csv,cluster_skew_hard|10|post_footprint_off,mean_acc,1.0,1.0,1,1
t3_design_space/per_seed_metrics__confirm.csv,cluster_skew_hard|10|post_footprint_off,worst_acc,1.0,1.0,1,1
t3_design_space/per_seed_metrics__confirm.csv,cluster_skew_hard|10|post_footprint_on,min_dist,8.05202247078351,8.05202247078351,1,1
t3_design_space/per_seed_metrics__confirm.csv,cluster_skew_hard|10|post_footprint_on,mean_acc,1.0,1.0,1,1
t3_design_space/per_seed_metrics__confirm.csv,cluster_skew_hard|10|post_footprint_on,worst_acc,1.0,1.0,1,1
t3_design_space/per_seed_metrics__confirm.csv,cluster_skew_hard|10|pre_none_off,min_dist,8.427586679021323,8.427586679021323,1,1
t3_design_space/per_seed_metrics__confirm.csv,cluster_skew_hard|10|pre_none_off,mean_acc,1.0,1.0,1,1
t3_design_space/per_seed_metrics__confirm.csv,cluster_skew_hard|10|pre_none_off,worst_acc,1.0,1.0,1,1
t3_design_space/per_seed_metrics__confirm.csv,cluster_skew_hard|10|pre_footprint_off,min_dist,1.0303428990509556,1.0303428990509556,1,1
t3_design_space/per_seed_metrics__confirm.csv,cluster_skew_hard|10|pre_footprint_off,mean_acc,0.8060606060606061,0.8060606060606061,1,1
t3_design_space/per_seed_metrics__confirm.csv,cluster_skew_hard|10|pre_footprint_off,worst_acc,0.5409090909090909,0.5409090909090909,1,1
t3_design_space/per_seed_metrics__confirm.csv,cluster_skew_hard|10|pre_mass_off,min_dist,1.0188011254846678,1.0188011254846678,1,1
t3_design_space/per_seed_metrics__confirm.csv,cluster_skew_hard|10|pre_mass_off,mean_acc,0.7757575757575759,0.7757575757575759,1,1
t3_design_space/per_seed_metrics__confirm.csv,cluster_skew_hard|10|pre_mass_off,worst_acc,0.5409090909090909,0.5409090909090909,1,1
t3_design_space/per_seed_metrics__confirm.csv,cluster_skew_hard|11|post_none_off,min_dist,2.4582766232002586,2.4582766232002586,1,1
t3_design_space/per_seed_metrics__confirm.csv,cluster_skew_hard|11|post_none_off,mean_acc,0.9867424242424242,0.9867424242424242,1,1
t3_design_space/per_seed_metrics__confirm.csv,cluster_skew_hard|11|post_none_off,worst_acc,0.9090909090909091,0.9090909090909091,1,1
t3_design_space/per_seed_metrics__confirm.csv,cluster_skew_hard|11|post_footprint_off,min_dist,6.7841121118631,6.7841121118631,1,1
t3_design_space/per_seed_metrics__confirm.csv,cluster_skew_hard|11|post_footprint_off,mean_acc,1.0,1.0,1,1
t3_design_space/per_seed_metrics__confirm.csv,cluster_skew_hard|11|post_footprint_off,worst_acc,1.0,1.0,1,1
t3_design_space/per_seed_metrics__confirm.csv,cluster_skew_hard|11|post_footprint_on,min_dist,7.45477615531881,7.45477615531881,1,1
t3_design_space/per_seed_metrics__confirm.csv,cluster_skew_hard|11|post_footprint_on,mean_acc,1.0,1.0,1,1
t3_design_space/per_seed_metrics__confirm.csv,cluster_skew_hard|11|post_footprint_on,worst_acc,1.0,1.0,1,1
t3_design_space/per_seed_metrics__confirm.csv,cluster_skew_hard|11|pre_none_off,min_dist,8.310963722920908,8.310963722920908,1,1
t3_design_space/per_seed_metrics__confirm.csv,cluster_skew_hard|11|pre_none_off,mean_acc,1.0,1.0,1,1
t3_design_space/per_seed_metrics__confirm.csv,cluster_skew_hard|11|pre_none_off,worst_acc,1.0,1.0,1,1
t3_design_space/per_seed_metrics__confirm.csv,cluster_skew_hard|11|pre_footprint_off,min_dist,8.370461110300976,8.370461110300976,1,1
t3_design_space/per_seed_metrics__confirm.csv,cluster_skew_hard|11|pre_footprint_off,mean_acc,1.0,1.0,1,1
t3_design_space/per_seed_metrics__confirm.csv,cluster_skew_hard|11|pre_footprint_off,worst_acc,1.0,1.0,1,1
t3_design_space/per_seed_metrics__confirm.csv,cluster_skew_hard|11|pre_mass_off,min_dist,8.370608518446458,8.370608518446458,1,1
t3_design_space/per_seed_metrics__confirm.csv,cluster_skew_hard|11|pre_mass_off,mean_acc,1.0,1.0,1,1
t3_design_space/per_seed_metrics__confirm.csv,cluster_skew_hard|11|pre_mass_off,worst_acc,1.0,1.0,1,1
t3_design_space/per_seed_metrics__confirm.csv,cluster_skew_hard|12|post_none_off,min_dist,0.8033407341898711,0.8033407341898711,1,1
t3_design_space/per_seed_metrics__confirm.csv,cluster_skew_hard|12|post_none_off,mean_acc,0.8909090909090908,0.8909090909090908,1,1
t3_design_space/per_seed_metrics__confirm.csv,cluster_skew_hard|12|post_none_off,worst_acc,0.7818181818181819,0.7818181818181819,1,1
t3_design_space/per_seed_metrics__confirm.csv,cluster_skew_hard|12|post_footprint_off,min_dist,7.044658101734729,7.044658101734729,1,1
t3_design_space/per_seed_metrics__confirm.csv,cluster_skew_hard|12|post_footprint_off,mean_acc,1.0,1.0,1,1
t3_design_space/per_seed_metrics__confirm.csv,cluster_skew_hard|12|post_footprint_off,worst_acc,1.0,1.0,1,1
t3_design_space/per_seed_metrics__confirm.csv,cluster_skew_hard|12|post_footprint_on,min_dist,7.527644542614552,7.527644542614552,1,1
t3_design_space/per_seed_metrics__confirm.csv,cluster_skew_hard|12|post_footprint_on,mean_acc,1.0,1.0,1,1
t3_design_space/per_seed_metrics__confirm.csv,cluster_skew_hard|12|post_footprint_on,worst_acc,1.0,1.0,1,1
t3_design_space/per_seed_metrics__confirm.csv,cluster_skew_hard|12|pre_none_off,min_dist,8.203414701370003,8.203414701370003,1,1
t3_design_space/per_seed_metrics__confirm.csv,cluster_skew_hard|12|pre_none_off,mean_acc,1.0,1.0,1,1
t3_design_space/per_seed_metrics__confirm.csv,cluster_skew_hard|12|pre_none_off,worst_acc,1.0,1.0,1,1
t3_design_space/per_seed_metrics__confirm.csv,cluster_skew_hard|12|pre_footprint_off,min_dist,8.299233082867696,8.299233082867696,1,1
t3_design_space/per_seed_metrics__confirm.csv,cluster_skew_hard|12|pre_footprint_off,mean_acc,1.0,1.0,1,1
t3_design_space/per_seed_metrics__confirm.csv,cluster_skew_hard|12|pre_footprint_off,worst_acc,1.0,1.0,1,1
t3_design_space/per_seed_metrics__confirm.csv,cluster_skew_hard|12|pre_mass_off,min_dist,8.299658894811387,8.299658894811387,1,1
t3_design_space/per_seed_metrics__confirm.csv,cluster_skew_hard|12|pre_mass_off,mean_acc,1.0,1.0,1,1
t3_design_space/per_seed_metrics__confirm.csv,cluster_skew_hard|12|pre_mass_off,worst_acc,1.0,1.0,1,1
t3_design_space/per_seed_metrics__confirm.csv,cluster_skew_hard|13|post_none_off,min_dist,1.7929055837859147,1.7929055837859147,1,1
t3_design_space/per_seed_metrics__confirm.csv,cluster_skew_hard|13|post_none_off,mean_acc,0.9871212121212122,0.9871212121212122,1,1
t3_design_space/per_seed_metrics__confirm.csv,cluster_skew_hard|13|post_none_off,worst_acc,0.9363636363636364,0.9363636363636364,1,1
t3_design_space/per_seed_metrics__confirm.csv,cluster_skew_hard|13|post_footprint_off,min_dist,7.543409715052844,7.543409715052844,1,1
t3_design_space/per_seed_metrics__confirm.csv,cluster_skew_hard|13|post_footprint_off,mean_acc,1.0,1.0,1,1
t3_design_space/per_seed_metrics__confirm.csv,cluster_skew_hard|13|post_footprint_off,worst_acc,1.0,1.0,1,1
t3_design_space/per_seed_metrics__confirm.csv,cluster_skew_hard|13|post_footprint_on,min_dist,7.4796685804037235,7.4796685804037235,1,1
t3_design_space/per_seed_metrics__confirm.csv,cluster_skew_hard|13|post_footprint_on,mean_acc,1.0,1.0,1,1
t3_design_space/per_seed_metrics__confirm.csv,cluster_skew_hard|13|post_footprint_on,worst_acc,1.0,1.0,1,1
t3_design_space/per_seed_metrics__confirm.csv,cluster_skew_hard|13|pre_none_off,min_dist,8.355311244394388,8.355311244394388,1,1
t3_design_space/per_seed_metrics__confirm.csv,cluster_skew_hard|13|pre_none_off,mean_acc,1.0,1.0,1,1
t3_design_space/per_seed_metrics__confirm.csv,cluster_skew_hard|13|pre_none_off,worst_acc,1.0,1.0,1,1
t3_design_space/per_seed_metrics__confirm.csv,cluster_skew_hard|13|pre_footprint_off,min_dist,8.41174084218848,8.41174084218848,1,1
t3_design_space/per_seed_metrics__confirm.csv,cluster_skew_hard|13|pre_footprint_off,mean_acc,1.0,1.0,1,1
t3_design_space/per_seed_metrics__confirm.csv,cluster_skew_hard|13|pre_footprint_off,worst_acc,1.0,1.0,1,1
t3_design_space/per_seed_metrics__confirm.csv,cluster_skew_hard|13|pre_mass_off,min_dist,8.412017412418077,8.412017412418077,1,1
t3_design_space/per_seed_metrics__confirm.csv,cluster_skew_hard|13|pre_mass_off,mean_acc,1.0,1.0,1,1
t3_design_space/per_seed_metrics__confirm.csv,cluster_skew_hard|13|pre_mass_off,worst_acc,1.0,1.0,1,1
t3_design_space/per_seed_metrics__confirm.csv,cluster_skew_hard|14|post_none_off,min_dist,2.195354098705968,2.195354098705968,1,1
t3_design_space/per_seed_metrics__confirm.csv,cluster_skew_hard|14|post_none_off,mean_acc,0.8640151515151516,0.8640151515151516,1,1
t3_design_space/per_seed_metrics__confirm.csv,cluster_skew_hard|14|post_none_off,worst_acc,0.6590909090909091,0.6590909090909091,1,1
t3_design_space/per_seed_metrics__confirm.csv,cluster_skew_hard|14|post_footprint_off,min_dist,6.914735413334095,6.914735413334095,1,1
t3_design_space/per_seed_metrics__confirm.csv,cluster_skew_hard|14|post_footprint_off,mean_acc,1.0,1.0,1,1
t3_design_space/per_seed_metrics__confirm.csv,cluster_skew_hard|14|post_footprint_off,worst_acc,1.0,1.0,1,1
t3_design_space/per_seed_metrics__confirm.csv,cluster_skew_hard|14|post_footprint_on,min_dist,7.423490824687869,7.423490824687869,1,1
t3_design_space/per_seed_metrics__confirm.csv,cluster_skew_hard|14|post_footprint_on,mean_acc,1.0,1.0,1,1
t3_design_space/per_seed_metrics__confirm.csv,cluster_skew_hard|14|post_footprint_on,worst_acc,1.0,1.0,1,1
t3_design_space/per_seed_metrics__confirm.csv,cluster_skew_hard|14|pre_none_off,min_dist,8.135268577237234,8.135268577237234,1,1
t3_design_space/per_seed_metrics__confirm.csv,cluster_skew_hard|14|pre_none_off,mean_acc,1.0,1.0,1,1
t3_design_space/per_seed_metrics__confirm.csv,cluster_skew_hard|14|pre_none_off,worst_acc,1.0,1.0,1,1
t3_design_space/per_seed_metrics__confirm.csv,cluster_skew_hard|14|pre_footprint_off,min_dist,8.199501547818974,8.199501547818974,1,1
t3_design_space/per_seed_metrics__confirm.csv,cluster_skew_hard|14|pre_footprint_off,mean_acc,1.0,1.0,1,1
t3_design_space/per_seed_metrics__confirm.csv,cluster_skew_hard|14|pre_footprint_off,worst_acc,1.0,1.0,1,1
t3_design_space/per_seed_metrics__confirm.csv,cluster_skew_hard|14|pre_mass_off,min_dist,8.199819392336835,8.199819392336835,1,1
t3_design_space/per_seed_metrics__confirm.csv,cluster_skew_hard|14|pre_mass_off,mean_acc,1.0,1.0,1,1
t3_design_space/per_seed_metrics__confirm.csv,cluster_skew_hard|14|pre_mass_off,worst_acc,1.0,1.0,1,1
t3_design_space/per_seed_metrics__confirm.csv,cluster_skew_hard|15|post_none_off,min_dist,1.0304766394411071,1.0304766394411071,1,1
t3_design_space/per_seed_metrics__confirm.csv,cluster_skew_hard|15|post_none_off,mean_acc,0.6287878787878789,0.6287878787878789,1,1
t3_design_space/per_seed_metrics__confirm.csv,cluster_skew_hard|15|post_none_off,worst_acc,0.4409090909090909,0.4409090909090909,1,1
t3_design_space/per_seed_metrics__confirm.csv,cluster_skew_hard|15|post_footprint_off,min_dist,7.1916033063993545,7.1916033063993545,1,1
t3_design_space/per_seed_metrics__confirm.csv,cluster_skew_hard|15|post_footprint_off,mean_acc,1.0,1.0,1,1
t3_design_space/per_seed_metrics__confirm.csv,cluster_skew_hard|15|post_footprint_off,worst_acc,1.0,1.0,1,1
t3_design_space/per_seed_metrics__confirm.csv,cluster_skew_hard|15|post_footprint_on,min_dist,7.116794833469186,7.116794833469186,1,1
t3_design_space/per_seed_metrics__confirm.csv,cluster_skew_hard|15|post_footprint_on,mean_acc,1.0,1.0,1,1
t3_design_space/per_seed_metrics__confirm.csv,cluster_skew_hard|15|post_footprint_on,worst_acc,1.0,1.0,1,1
t3_design_space/per_seed_metrics__confirm.csv,cluster_skew_hard|15|pre_none_off,min_dist,8.043153534963471,8.043153534963471,1,1
t3_design_space/per_seed_metrics__confirm.csv,cluster_skew_hard|15|pre_none_off,mean_acc,1.0,1.0,1,1
t3_design_space/per_seed_metrics__confirm.csv,cluster_skew_hard|15|pre_none_off,worst_acc,1.0,1.0,1,1
t3_design_space/per_seed_metrics__confirm.csv,cluster_skew_hard|15|pre_footprint_off,min_dist,8.122471491879447,8.122471491879447,1,1
t3_design_space/per_seed_metrics__confirm.csv,cluster_skew_hard|15|pre_footprint_off,mean_acc,1.0,1.0,1,1
t3_design_space/per_seed_metrics__confirm.csv,cluster_skew_hard|15|pre_footprint_off,worst_acc,1.0,1.0,1,1
t3_design_space/per_seed_metrics__confirm.csv,cluster_skew_hard|15|pre_mass_off,min_dist,8.123132688658387,8.123132688658387,1,1
t3_design_space/per_seed_metrics__confirm.csv,cluster_skew_hard|15|pre_mass_off,mean_acc,1.0,1.0,1,1
t3_design_space/per_seed_metrics__confirm.csv,cluster_skew_hard|15|pre_mass_off,worst_acc,1.0,1.0,1,1
t3_design_space/per_seed_metrics__confirm.csv,cluster_skew_hard|16|post_none_off,min_dist,1.1103769222923348,1.1103769222923348,1,1
t3_design_space/per_seed_metrics__confirm.csv,cluster_skew_hard|16|post_none_off,mean_acc,0.7818181818181819,0.7818181818181819,1,1
t3_design_space/per_seed_metrics__confirm.csv,cluster_skew_hard|16|post_none_off,worst_acc,0.5363636363636364,0.5363636363636364,1,1
t3_design_space/per_seed_metrics__confirm.csv,cluster_skew_hard|16|post_footprint_off,min_dist,7.588486518793567,7.588486518793567,1,1
t3_design_space/per_seed_metrics__confirm.csv,cluster_skew_hard|16|post_footprint_off,mean_acc,1.0,1.0,1,1
t3_design_space/per_seed_metrics__confirm.csv,cluster_skew_hard|16|post_footprint_off,worst_acc,1.0,1.0,1,1
t3_design_space/per_seed_metrics__confirm.csv,cluster_skew_hard|16|post_footprint_on,min_dist,7.489323026916923,7.489323026916923,1,1
t3_design_space/per_seed_metrics__confirm.csv,cluster_skew_hard|16|post_footprint_on,mean_acc,1.0,1.0,1,1
t3_design_space/per_seed_metrics__confirm.csv,cluster_skew_hard|16|post_footprint_on,worst_acc,1.0,1.0,1,1
t3_design_space/per_seed_metrics__confirm.csv,cluster_skew_hard|16|pre_none_off,min_dist,8.177039731472785,8.177039731472785,1,1
t3_design_space/per_seed_metrics__confirm.csv,cluster_skew_hard|16|pre_none_off,mean_acc,1.0,1.0,1,1
t3_design_space/per_seed_metrics__confirm.csv,cluster_skew_hard|16|pre_none_off,worst_acc,1.0,1.0,1,1
t3_design_space/per_seed_metrics__confirm.csv,cluster_skew_hard|16|pre_footprint_off,min_dist,8.250303273048086,8.250303273048086,1,1
t3_design_space/per_seed_metrics__confirm.csv,cluster_skew_hard|16|pre_footprint_off,mean_acc,1.0,1.0,1,1
t3_design_space/per_seed_metrics__confirm.csv,cluster_skew_hard|16|pre_footprint_off,worst_acc,1.0,1.0,1,1
t3_design_space/per_seed_metrics__confirm.csv,cluster_skew_hard|16|pre_mass_off,min_dist,8.250584103678968,8.250584103678968,1,1
t3_design_space/per_seed_metrics__confirm.csv,cluster_skew_hard|16|pre_mass_off,mean_acc,1.0,1.0,1,1
t3_design_space/per_seed_metrics__confirm.csv,cluster_skew_hard|16|pre_mass_off,worst_acc,1.0,1.0,1,1
t3_design_space/per_seed_metrics__confirm.csv,cluster_skew_hard|17|post_none_off,min_dist,0.9020818673890636,0.9020818673890636,1,1
t3_design_space/per_seed_metrics__confirm.csv,cluster_skew_hard|17|post_none_off,mean_acc,0.9053030303030303,0.9053030303030303,1,1
t3_design_space/per_seed_metrics__confirm.csv,cluster_skew_hard|17|post_none_off,worst_acc,0.6863636363636364,0.6863636363636364,1,1
t3_design_space/per_seed_metrics__confirm.csv,cluster_skew_hard|17|post_footprint_off,min_dist,7.124973126858783,7.124973126858783,1,1
t3_design_space/per_seed_metrics__confirm.csv,cluster_skew_hard|17|post_footprint_off,mean_acc,1.0,1.0,1,1
t3_design_space/per_seed_metrics__confirm.csv,cluster_skew_hard|17|post_footprint_off,worst_acc,1.0,1.0,1,1
t3_design_space/per_seed_metrics__confirm.csv,cluster_skew_hard|17|post_footprint_on,min_dist,7.525550880090314,7.525550880090314,1,1
t3_design_space/per_seed_metrics__confirm.csv,cluster_skew_hard|17|post_footprint_on,mean_acc,1.0,1.0,1,1
t3_design_space/per_seed_metrics__confirm.csv,cluster_skew_hard|17|post_footprint_on,worst_acc,1.0,1.0,1,1
t3_design_space/per_seed_metrics__confirm.csv,cluster_skew_hard|17|pre_none_off,min_dist,8.211661430121817,8.211661430121817,1,1
t3_design_space/per_seed_metrics__confirm.csv,cluster_skew_hard|17|pre_none_off,mean_acc,1.0,1.0,1,1
t3_design_space/per_seed_metrics__confirm.csv,cluster_skew_hard|17|pre_none_off,worst_acc,1.0,1.0,1,1
t3_design_space/per_seed_metrics__confirm.csv,cluster_skew_hard|17|pre_footprint_off,min_dist,8.268266692103145,8.268266692103145,1,1
t3_design_space/per_seed_metrics__confirm.csv,cluster_skew_hard|17|pre_footprint_off,mean_acc,1.0,1.0,1,1
t3_design_space/per_seed_metrics__confirm.csv,cluster_skew_hard|17|pre_footprint_off,worst_acc,1.0,1.0,1,1
t3_design_space/per_seed_metrics__confirm.csv,cluster_skew_hard|17|pre_mass_off,min_dist,8.26900145148775,8.26900145148775,1,1
t3_design_space/per_seed_metrics__confirm.csv,cluster_skew_hard|17|pre_mass_off,mean_acc,1.0,1.0,1,1
t3_design_space/per_seed_metrics__confirm.csv,cluster_skew_hard|17|pre_mass_off,worst_acc,1.0,1.0,1,1
t3_design_space/per_seed_metrics__confirm.csv,cluster_skew_hard|18|post_none_off,min_dist,1.4951634361978798,1.4951634361978798,1,1
t3_design_space/per_seed_metrics__confirm.csv,cluster_skew_hard|18|post_none_off,mean_acc,0.9249999999999999,0.9249999999999999,1,1
t3_design_space/per_seed_metrics__confirm.csv,cluster_skew_hard|18|post_none_off,worst_acc,0.7136363636363636,0.7136363636363636,1,1
t3_design_space/per_seed_metrics__confirm.csv,cluster_skew_hard|18|post_footprint_off,min_dist,7.044690784777776,7.044690784777776,1,1
t3_design_space/per_seed_metrics__confirm.csv,cluster_skew_hard|18|post_footprint_off,mean_acc,1.0,1.0,1,1
t3_design_space/per_seed_metrics__confirm.csv,cluster_skew_hard|18|post_footprint_off,worst_acc,1.0,1.0,1,1
t3_design_space/per_seed_metrics__confirm.csv,cluster_skew_hard|18|post_footprint_on,min_dist,7.763282546100073,7.763282546100073,1,1
t3_design_space/per_seed_metrics__confirm.csv,cluster_skew_hard|18|post_footprint_on,mean_acc,1.0,1.0,1,1
t3_design_space/per_seed_metrics__confirm.csv,cluster_skew_hard|18|post_footprint_on,worst_acc,1.0,1.0,1,1
t3_design_space/per_seed_metrics__confirm.csv,cluster_skew_hard|18|pre_none_off,min_dist,8.38179032617492,8.38179032617492,1,1
t3_design_space/per_seed_metrics__confirm.csv,cluster_skew_hard|18|pre_none_off,mean_acc,1.0,1.0,1,1
t3_design_space/per_seed_metrics__confirm.csv,cluster_skew_hard|18|pre_none_off,worst_acc,1.0,1.0,1,1
t3_design_space/per_seed_metrics__confirm.csv,cluster_skew_hard|18|pre_footprint_off,min_dist,8.512884800472568,8.512884800472568,1,1
t3_design_space/per_seed_metrics__confirm.csv,cluster_skew_hard|18|pre_footprint_off,mean_acc,1.0,1.0,1,1
t3_design_space/per_seed_metrics__confirm.csv,cluster_skew_hard|18|pre_footprint_off,worst_acc,1.0,1.0,1,1
t3_design_space/per_seed_metrics__confirm.csv,cluster_skew_hard|18|pre_mass_off,min_dist,8.513542703261862,8.513542703261862,1,1
t3_design_space/per_seed_metrics__confirm.csv,cluster_skew_hard|18|pre_mass_off,mean_acc,1.0,1.0,1,1
t3_design_space/per_seed_metrics__confirm.csv,cluster_skew_hard|18|pre_mass_off,worst_acc,1.0,1.0,1,1
t3_design_space/per_seed_metrics__confirm.csv,cluster_skew_hard|19|post_none_off,min_dist,1.8776162198015016,1.8776162198015016,1,1
t3_design_space/per_seed_metrics__confirm.csv,cluster_skew_hard|19|post_none_off,mean_acc,0.9136363636363636,0.9136363636363636,1,1
t3_design_space/per_seed_metrics__confirm.csv,cluster_skew_hard|19|post_none_off,worst_acc,0.6772727272727272,0.6772727272727272,1,1
t3_design_space/per_seed_metrics__confirm.csv,cluster_skew_hard|19|post_footprint_off,min_dist,7.399115723815085,7.399115723815085,1,1
t3_design_space/per_seed_metrics__confirm.csv,cluster_skew_hard|19|post_footprint_off,mean_acc,1.0,1.0,1,1
t3_design_space/per_seed_metrics__confirm.csv,cluster_skew_hard|19|post_footprint_off,worst_acc,1.0,1.0,1,1
t3_design_space/per_seed_metrics__confirm.csv,cluster_skew_hard|19|post_footprint_on,min_dist,7.50605862609072,7.50605862609072,1,1
t3_design_space/per_seed_metrics__confirm.csv,cluster_skew_hard|19|post_footprint_on,mean_acc,1.0,1.0,1,1
t3_design_space/per_seed_metrics__confirm.csv,cluster_skew_hard|19|post_footprint_on,worst_acc,1.0,1.0,1,1
t3_design_space/per_seed_metrics__confirm.csv,cluster_skew_hard|19|pre_none_off,min_dist,8.349739910047557,8.349739910047557,1,1
t3_design_space/per_seed_metrics__confirm.csv,cluster_skew_hard|19|pre_none_off,mean_acc,1.0,1.0,1,1
t3_design_space/per_seed_metrics__confirm.csv,cluster_skew_hard|19|pre_none_off,worst_acc,1.0,1.0,1,1
t3_design_space/per_seed_metrics__confirm.csv,cluster_skew_hard|19|pre_footprint_off,min_dist,8.412709718639896,8.412709718639896,1,1
t3_design_space/per_seed_metrics__confirm.csv,cluster_skew_hard|19|pre_footprint_off,mean_acc,1.0,1.0,1,1
t3_design_space/per_seed_metrics__confirm.csv,cluster_skew_hard|19|pre_footprint_off,worst_acc,1.0,1.0,1,1
t3_design_space/per_seed_metrics__confirm.csv,cluster_skew_hard|19|pre_mass_off,min_dist,8.412980417811589,8.412980417811589,1,1
t3_design_space/per_seed_metrics__confirm.csv,cluster_skew_hard|19|pre_mass_off,mean_acc,1.0,1.0,1,1
t3_design_space/per_seed_metrics__confirm.csv,cluster_skew_hard|19|pre_mass_off,worst_acc,1.0,1.0,1,1
t3_design_space/per_seed_metrics__confirm.csv,cluster_skew_overlap|10|post_none_off,min_dist,1.4833844252135835,1.4833844252135835,1,1
t3_design_space/per_seed_metrics__confirm.csv,cluster_skew_overlap|10|post_none_off,mean_acc,0.6132575757575757,0.6132575757575757,1,1
t3_design_space/per_seed_metrics__confirm.csv,cluster_skew_overlap|10|post_none_off,worst_acc,0.509090909090909,0.509090909090909,1,1
t3_design_space/per_seed_metrics__confirm.csv,cluster_skew_overlap|10|post_footprint_off,min_dist,4.753140140757504,4.753140140757504,1,1
t3_design_space/per_seed_metrics__confirm.csv,cluster_skew_overlap|10|post_footprint_off,mean_acc,0.8515151515151517,0.8515151515151517,1,1
t3_design_space/per_seed_metrics__confirm.csv,cluster_skew_overlap|10|post_footprint_off,worst_acc,0.7727272727272727,0.7727272727272727,1,1
t3_design_space/per_seed_metrics__confirm.csv,cluster_skew_overlap|10|post_footprint_on,min_dist,4.806008397273867,4.806008397273867,1,1
t3_design_space/per_seed_metrics__confirm.csv,cluster_skew_overlap|10|post_footprint_on,mean_acc,0.8056818181818182,0.8056818181818182,1,1
t3_design_space/per_seed_metrics__confirm.csv,cluster_skew_overlap|10|post_footprint_on,worst_acc,0.7181818181818181,0.7181818181818181,1,1
t3_design_space/per_seed_metrics__confirm.csv,cluster_skew_overlap|10|pre_none_off,min_dist,4.734518559586255,4.734518559586255,1,1
t3_design_space/per_seed_metrics__confirm.csv,cluster_skew_overlap|10|pre_none_off,mean_acc,0.8511363636363636,0.8511363636363636,1,1
t3_design_space/per_seed_metrics__confirm.csv,cluster_skew_overlap|10|pre_none_off,worst_acc,0.7863636363636364,0.7863636363636364,1,1
t3_design_space/per_seed_metrics__confirm.csv,cluster_skew_overlap|10|pre_footprint_off,min_dist,5.299216722449443,5.299216722449443,1,1
t3_design_space/per_seed_metrics__confirm.csv,cluster_skew_overlap|10|pre_footprint_off,mean_acc,0.8602272727272728,0.8602272727272728,1,1
t3_design_space/per_seed_metrics__confirm.csv,cluster_skew_overlap|10|pre_footprint_off,worst_acc,0.8,0.8,1,1
t3_design_space/per_seed_metrics__confirm.csv,cluster_skew_overlap|10|pre_mass_off,min_dist,5.312015857251008,5.312015857251008,1,1
t3_design_space/per_seed_metrics__confirm.csv,cluster_skew_overlap|10|pre_mass_off,mean_acc,0.859848484848485,0.859848484848485,1,1
t3_design_space/per_seed_metrics__confirm.csv,cluster_skew_overlap|10|pre_mass_off,worst_acc,0.8,0.8,1,1
t3_design_space/per_seed_metrics__confirm.csv,cluster_skew_overlap|11|post_none_off,min_dist,1.9850400218634827,1.9850400218634827,1,1
t3_design_space/per_seed_metrics__confirm.csv,cluster_skew_overlap|11|post_none_off,mean_acc,0.7106060606060606,0.7106060606060606,1,1
t3_design_space/per_seed_metrics__confirm.csv,cluster_skew_overlap|11|post_none_off,worst_acc,0.5454545454545454,0.5454545454545454,1,1
t3_design_space/per_seed_metrics__confirm.csv,cluster_skew_overlap|11|post_footprint_off,min_dist,4.690431066793554,4.690431066793554,1,1
t3_design_space/per_seed_metrics__confirm.csv,cluster_skew_overlap|11|post_footprint_off,mean_acc,0.8746212121212121,0.8746212121212121,1,1
t3_design_space/per_seed_metrics__confirm.csv,cluster_skew_overlap|11|post_footprint_off,worst_acc,0.8227272727272728,0.8227272727272728,1,1
t3_design_space/per_seed_metrics__confirm.csv,cluster_skew_overlap|11|post_footprint_on,min_dist,4.701556373691758,4.701556373691758,1,1
t3_design_space/per_seed_metrics__confirm.csv,cluster_skew_overlap|11|post_footprint_on,mean_acc,0.8174242424242425,0.8174242424242425,1,1
t3_design_space/per_seed_metrics__confirm.csv,cluster_skew_overlap|11|post_footprint_on,worst_acc,0.7227272727272728,0.7227272727272728,1,1
t3_design_space/per_seed_metrics__confirm.csv,cluster_skew_overlap|11|pre_none_off,min_dist,4.594798406827615,4.594798406827615,1,1
t3_design_space/per_seed_metrics__confirm.csv,cluster_skew_overlap|11|pre_none_off,mean_acc,0.871969696969697,0.871969696969697,1,1
t3_design_space/per_seed_metrics__confirm.csv,cluster_skew_overlap|11|pre_none_off,worst_acc,0.8181818181818182,0.8181818181818182,1,1
t3_design_space/per_seed_metrics__confirm.csv,cluster_skew_overlap|11|pre_footprint_off,min_dist,5.294880190881301,5.294880190881301,1,1
t3_design_space/per_seed_metrics__confirm.csv,cluster_skew_overlap|11|pre_footprint_off,mean_acc,0.872348484848485,0.872348484848485,1,1
t3_design_space/per_seed_metrics__confirm.csv,cluster_skew_overlap|11|pre_footprint_off,worst_acc,0.8136363636363636,0.8136363636363636,1,1
t3_design_space/per_seed_metrics__confirm.csv,cluster_skew_overlap|11|pre_mass_off,min_dist,5.284771116440165,5.284771116440165,1,1
t3_design_space/per_seed_metrics__confirm.csv,cluster_skew_overlap|11|pre_mass_off,mean_acc,0.8727272727272729,0.8727272727272729,1,1
t3_design_space/per_seed_metrics__confirm.csv,cluster_skew_overlap|11|pre_mass_off,worst_acc,0.8136363636363636,0.8136363636363636,1,1
t3_design_space/per_seed_metrics__confirm.csv,cluster_skew_overlap|12|post_none_off,min_dist,2.625288981070124,2.625288981070124,1,1
t3_design_space/per_seed_metrics__confirm.csv,cluster_skew_overlap|12|post_none_off,mean_acc,0.6170454545454546,0.6170454545454546,1,1
t3_design_space/per_seed_metrics__confirm.csv,cluster_skew_overlap|12|post_none_off,worst_acc,0.4909090909090909,0.4909090909090909,1,1
t3_design_space/per_seed_metrics__confirm.csv,cluster_skew_overlap|12|post_footprint_off,min_dist,4.9021607531698885,4.9021607531698885,1,1
t3_design_space/per_seed_metrics__confirm.csv,cluster_skew_overlap|12|post_footprint_off,mean_acc,0.8590909090909092,0.8590909090909092,1,1
t3_design_space/per_seed_metrics__confirm.csv,cluster_skew_overlap|12|post_footprint_off,worst_acc,0.8,0.8,1,1
t3_design_space/per_seed_metrics__confirm.csv,cluster_skew_overlap|12|post_footprint_on,min_dist,4.950225529665549,4.950225529665549,1,1
t3_design_space/per_seed_metrics__confirm.csv,cluster_skew_overlap|12|post_footprint_on,mean_acc,0.8143939393939394,0.8143939393939394,1,1
t3_design_space/per_seed_metrics__confirm.csv,cluster_skew_overlap|12|post_footprint_on,worst_acc,0.7,0.7,1,1
t3_design_space/per_seed_metrics__confirm.csv,cluster_skew_overlap|12|pre_none_off,min_dist,4.758871543755695,4.758871543755695,1,1
t3_design_space/per_seed_metrics__confirm.csv,cluster_skew_overlap|12|pre_none_off,mean_acc,0.8583333333333334,0.8583333333333334,1,1
t3_design_space/per_seed_metrics__confirm.csv,cluster_skew_overlap|12|pre_none_off,worst_acc,0.8,0.8,1,1
t3_design_space/per_seed_metrics__confirm.csv,cluster_skew_overlap|12|pre_footprint_off,min_dist,5.258513594047891,5.258513594047891,1,1
t3_design_space/per_seed_metrics__confirm.csv,cluster_skew_overlap|12|pre_footprint_off,mean_acc,0.8598484848484849,0.8598484848484849,1,1
t3_design_space/per_seed_metrics__confirm.csv,cluster_skew_overlap|12|pre_footprint_off,worst_acc,0.8045454545454546,0.8045454545454546,1,1
t3_design_space/per_seed_metrics__confirm.csv,cluster_skew_overlap|12|pre_mass_off,min_dist,5.254398086422527,5.254398086422527,1,1
t3_design_space/per_seed_metrics__confirm.csv,cluster_skew_overlap|12|pre_mass_off,mean_acc,0.859469696969697,0.859469696969697,1,1
t3_design_space/per_seed_metrics__confirm.csv,cluster_skew_overlap|12|pre_mass_off,worst_acc,0.8045454545454546,0.8045454545454546,1,1
t3_design_space/per_seed_metrics__confirm.csv,cluster_skew_overlap|13|post_none_off,min_dist,1.647866796856078,1.647866796856078,1,1
t3_design_space/per_seed_metrics__confirm.csv,cluster_skew_overlap|13|post_none_off,mean_acc,0.6875,0.6875,1,1
t3_design_space/per_seed_metrics__confirm.csv,cluster_skew_overlap|13|post_none_off,worst_acc,0.5045454545454545,0.5045454545454545,1,1
t3_design_space/per_seed_metrics__confirm.csv,cluster_skew_overlap|13|post_footprint_off,min_dist,5.120801215101641,5.120801215101641,1,1
t3_design_space/per_seed_metrics__confirm.csv,cluster_skew_overlap|13|post_footprint_off,mean_acc,0.868939393939394,0.868939393939394,1,1
t3_design_space/per_seed_metrics__confirm.csv,cluster_skew_overlap|13|post_footprint_off,worst_acc,0.8227272727272728,0.8227272727272728,1,1
t3_design_space/per_seed_metrics__confirm.csv,cluster_skew_overlap|13|post_footprint_on,min_dist,5.151242696230332,5.151242696230332,1,1
t3_design_space/per_seed_metrics__confirm.csv,cluster_skew_overlap|13|post_footprint_on,mean_acc,0.8200757575757577,0.8200757575757577,1,1
t3_design_space/per_seed_metrics__confirm.csv,cluster_skew_overlap|13|post_footprint_on,worst_acc,0.759090909090909,0.759090909090909,1,1
t3_design_space/per_seed_metrics__confirm.csv,cluster_skew_overlap|13|pre_none_off,min_dist,5.059941137830702,5.059941137830702,1,1
t3_design_space/per_seed_metrics__confirm.csv,cluster_skew_overlap|13|pre_none_off,mean_acc,0.8696969696969696,0.8696969696969696,1,1
t3_design_space/per_seed_metrics__confirm.csv,cluster_skew_overlap|13|pre_none_off,worst_acc,0.8227272727272728,0.8227272727272728,1,1
t3_design_space/per_seed_metrics__confirm.csv,cluster_skew_overlap|13|pre_footprint_off,min_dist,5.631437976681406,5.631437976681406,1,1
t3_design_space/per_seed_metrics__confirm.csv,cluster_skew_overlap|13|pre_footprint_off,mean_acc,0.8678030303030303,0.8678030303030303,1,1
t3_design_space/per_seed_metrics__confirm.csv,cluster_skew_overlap|13|pre_footprint_off,worst_acc,0.8045454545454546,0.8045454545454546,1,1
t3_design_space/per_seed_metrics__confirm.csv,cluster_skew_overlap|13|pre_mass_off,min_dist,5.622604749711743,5.622604749711743,1,1
t3_design_space/per_seed_metrics__confirm.csv,cluster_skew_overlap|13|pre_mass_off,mean_acc,0.8681818181818182,0.8681818181818182,1,1
t3_design_space/per_seed_metrics__confirm.csv,cluster_skew_overlap|13|pre_mass_off,worst_acc,0.8090909090909091,0.8090909090909091,1,1
t3_design_space/per_seed_metrics__confirm.csv,cluster_skew_overlap|14|post_none_off,min_dist,2.0443794916041482,2.0443794916041482,1,1
t3_design_space/per_seed_metrics__confirm.csv,cluster_skew_overlap|14|post_none_off,mean_acc,0.7624999999999998,0.7624999999999998,1,1
t3_design_space/per_seed_metrics__confirm.csv,cluster_skew_overlap|14|post_none_off,worst_acc,0.6454545454545455,0.6454545454545455,1,1
t3_design_space/per_seed_metrics__confirm.csv,cluster_skew_overlap|14|post_footprint_off,min_dist,4.690645260646185,4.690645260646185,1,1
t3_design_space/per_seed_metrics__confirm.csv,cluster_skew_overlap|14|post_footprint_off,mean_acc,0.8662878787878788,0.8662878787878788,1,1
t3_design_space/per_seed_metrics__confirm.csv,cluster_skew_overlap|14|post_footprint_off,worst_acc,0.7954545454545454,0.7954545454545454,1,1
t3_design_space/per_seed_metrics__confirm.csv,cluster_skew_overlap|14|post_footprint_on,min_dist,4.765625915060929,4.765625915060929,1,1
t3_design_space/per_seed_metrics__confirm.csv,cluster_skew_overlap|14|post_footprint_on,mean_acc,0.8189393939393939,0.8189393939393939,1,1
t3_design_space/per_seed_metrics__confirm.csv,cluster_skew_overlap|14|post_footprint_on,worst_acc,0.740909090909091,0.740909090909091,1,1
t3_design_space/per_seed_metrics__confirm.csv,cluster_skew_overlap|14|pre_none_off,min_dist,4.598562263718374,4.598562263718374,1,1
t3_design_space/per_seed_metrics__confirm.csv,cluster_skew_overlap|14|pre_none_off,mean_acc,0.868939393939394,0.868939393939394,1,1
t3_design_space/per_seed_metrics__confirm.csv,cluster_skew_overlap|14|pre_none_off,worst_acc,0.7818181818181819,0.7818181818181819,1,1
t3_design_space/per_seed_metrics__confirm.csv,cluster_skew_overlap|14|pre_footprint_off,min_dist,5.253439973847244,5.253439973847244,1,1
t3_design_space/per_seed_metrics__confirm.csv,cluster_skew_overlap|14|pre_footprint_off,mean_acc,0.8662878787878787,0.8662878787878787,1,1
t3_design_space/per_seed_metrics__confirm.csv,cluster_skew_overlap|14|pre_footprint_off,worst_acc,0.7954545454545454,0.7954545454545454,1,1
t3_design_space/per_seed_metrics__confirm.csv,cluster_skew_overlap|14|pre_mass_off,min_dist,5.248565829476062,5.248565829476062,1,1
t3_design_space/per_seed_metrics__confirm.csv,cluster_skew_overlap|14|pre_mass_off,mean_acc,0.8659090909090909,0.8659090909090909,1,1
t3_design_space/per_seed_metrics__confirm.csv,cluster_skew_overlap|14|pre_mass_off,worst_acc,0.7954545454545454,0.7954545454545454,1,1
t3_design_space/per_seed_metrics__confirm.csv,cluster_skew_overlap|15|post_none_off,min_dist,1.6220650305683497,1.6220650305683497,1,1
t3_design_space/per_seed_metrics__confirm.csv,cluster_skew_overlap|15|post_none_off,mean_acc,0.6890151515151515,0.6890151515151515,1,1
t3_design_space/per_seed_metrics__confirm.csv,cluster_skew_overlap|15|post_none_off,worst_acc,0.5227272727272727,0.5227272727272727,1,1
t3_design_space/per_seed_metrics__confirm.csv,cluster_skew_overlap|15|post_footprint_off,min_dist,4.3142295976235845,4.3142295976235845,1,1
t3_design_space/per_seed_metrics__confirm.csv,cluster_skew_overlap|15|post_footprint_off,mean_acc,0.8579545454545454,0.8579545454545454,1,1
t3_design_space/per_seed_metrics__confirm.csv,cluster_skew_overlap|15|post_footprint_off,worst_acc,0.7954545454545454,0.7954545454545454,1,1
t3_design_space/per_seed_metrics__confirm.csv,cluster_skew_overlap|15|post_footprint_on,min_dist,4.371244155318497,4.371244155318497,1,1
t3_design_space/per_seed_metrics__confirm.csv,cluster_skew_overlap|15|post_footprint_on,mean_acc,0.8075757575757575,0.8075757575757575,1,1
t3_design_space/per_seed_metrics__confirm.csv,cluster_skew_overlap|15|post_footprint_on,worst_acc,0.7,0.7,1,1
t3_design_space/per_seed_metrics__confirm.csv,cluster_skew_overlap|15|pre_none_off,min_dist,4.261153522462936,4.261153522462936,1,1
t3_design_space/per_seed_metrics__confirm.csv,cluster_skew_overlap|15|pre_none_off,mean_acc,0.8571969696969696,0.8571969696969696,1,1
t3_design_space/per_seed_metrics__confirm.csv,cluster_skew_overlap|15|pre_none_off,worst_acc,0.7818181818181819,0.7818181818181819,1,1
t3_design_space/per_seed_metrics__confirm.csv,cluster_skew_overlap|15|pre_footprint_off,min_dist,4.830958764409668,4.830958764409668,1,1
t3_design_space/per_seed_metrics__confirm.csv,cluster_skew_overlap|15|pre_footprint_off,mean_acc,0.8583333333333334,0.8583333333333334,1,1
t3_design_space/per_seed_metrics__confirm.csv,cluster_skew_overlap|15|pre_footprint_off,worst_acc,0.7909090909090909,0.7909090909090909,1,1
t3_design_space/per_seed_metrics__confirm.csv,cluster_skew_overlap|15|pre_mass_off,min_dist,4.833591766342812,4.833591766342812,1,1
t3_design_space/per_seed_metrics__confirm.csv,cluster_skew_overlap|15|pre_mass_off,mean_acc,0.859090909090909,0.859090909090909,1,1
t3_design_space/per_seed_metrics__confirm.csv,cluster_skew_overlap|15|pre_mass_off,worst_acc,0.7909090909090909,0.7909090909090909,1,1
t3_design_space/per_seed_metrics__confirm.csv,cluster_skew_overlap|16|post_none_off,min_dist,2.6329066596651347,2.6329066596651347,1,1
t3_design_space/per_seed_metrics__confirm.csv,cluster_skew_overlap|16|post_none_off,mean_acc,0.8465909090909092,0.8465909090909092,1,1
t3_design_space/per_seed_metrics__confirm.csv,cluster_skew_overlap|16|post_none_off,worst_acc,0.7363636363636363,0.7363636363636363,1,1
t3_design_space/per_seed_metrics__confirm.csv,cluster_skew_overlap|16|post_footprint_off,min_dist,4.505459546199377,4.505459546199377,1,1
t3_design_space/per_seed_metrics__confirm.csv,cluster_skew_overlap|16|post_footprint_off,mean_acc,0.8511363636363636,0.8511363636363636,1,1
t3_design_space/per_seed_metrics__confirm.csv,cluster_skew_overlap|16|post_footprint_off,worst_acc,0.7863636363636364,0.7863636363636364,1,1
t3_design_space/per_seed_metrics__confirm.csv,cluster_skew_overlap|16|post_footprint_on,min_dist,4.511469495510958,4.511469495510958,1,1
t3_design_space/per_seed_metrics__confirm.csv,cluster_skew_overlap|16|post_footprint_on,mean_acc,0.8053030303030303,0.8053030303030303,1,1
t3_design_space/per_seed_metrics__confirm.csv,cluster_skew_overlap|16|post_footprint_on,worst_acc,0.7045454545454546,0.7045454545454546,1,1
t3_design_space/per_seed_metrics__confirm.csv,cluster_skew_overlap|16|pre_none_off,min_dist,4.40523284692683,4.40523284692683,1,1
t3_design_space/per_seed_metrics__confirm.csv,cluster_skew_overlap|16|pre_none_off,mean_acc,0.8500000000000001,0.8500000000000001,1,1
t3_design_space/per_seed_metrics__confirm.csv,cluster_skew_overlap|16|pre_none_off,worst_acc,0.7818181818181819,0.7818181818181819,1,1
t3_design_space/per_seed_metrics__confirm.csv,cluster_skew_overlap|16|pre_footprint_off,min_dist,4.932331886434463,4.932331886434463,1,1
t3_design_space/per_seed_metrics__confirm.csv,cluster_skew_overlap|16|pre_footprint_off,mean_acc,0.8507575757575757,0.8507575757575757,1,1
t3_design_space/per_seed_metrics__confirm.csv,cluster_skew_overlap|16|pre_footprint_off,worst_acc,0.7863636363636364,0.7863636363636364,1,1
t3_design_space/per_seed_metrics__confirm.csv,cluster_skew_overlap|16|pre_mass_off,min_dist,4.9281342461371,4.9281342461371,1,1
t3_design_space/per_seed_metrics__confirm.csv,cluster_skew_overlap|16|pre_mass_off,mean_acc,0.850378787878788,0.850378787878788,1,1
t3_design_space/per_seed_metrics__confirm.csv,cluster_skew_overlap|16|pre_mass_off,worst_acc,0.7863636363636364,0.7863636363636364,1,1
t3_design_space/per_seed_metrics__confirm.csv,cluster_skew_overlap|17|post_none_off,min_dist,1.7363206678279548,1.7363206678279548,1,1
t3_design_space/per_seed_metrics__confirm.csv,cluster_skew_overlap|17|post_none_off,mean_acc,0.6859848484848485,0.6859848484848485,1,1
t3_design_space/per_seed_metrics__confirm.csv,cluster_skew_overlap|17|post_none_off,worst_acc,0.5363636363636364,0.5363636363636364,1,1
t3_design_space/per_seed_metrics__confirm.csv,cluster_skew_overlap|17|post_footprint_off,min_dist,4.323470289993306,4.323470289993306,1,1
t3_design_space/per_seed_metrics__confirm.csv,cluster_skew_overlap|17|post_footprint_off,mean_acc,0.8655303030303031,0.8655303030303031,1,1
t3_design_space/per_seed_metrics__confirm.csv,cluster_skew_overlap|17|post_footprint_off,worst_acc,0.7954545454545454,0.7954545454545454,1,1
t3_design_space/per_seed_metrics__confirm.csv,cluster_skew_overlap|17|post_footprint_on,min_dist,4.477706187772547,4.477706187772547,1,1
t3_design_space/per_seed_metrics__confirm.csv,cluster_skew_overlap|17|post_footprint_on,mean_acc,0.8015151515151513,0.8015151515151513,1,1
t3_design_space/per_seed_metrics__confirm.csv,cluster_skew_overlap|17|post_footprint_on,worst_acc,0.6863636363636364,0.6863636363636364,1,1
t3_design_space/per_seed_metrics__confirm.csv,cluster_skew_overlap|17|pre_none_off,min_dist,4.350744710926914,4.350744710926914,1,1
t3_design_space/per_seed_metrics__confirm.csv,cluster_skew_overlap|17|pre_none_off,mean_acc,0.8659090909090909,0.8659090909090909,1,1
t3_design_space/per_seed_metrics__confirm.csv,cluster_skew_overlap|17|pre_none_off,worst_acc,0.8,0.8,1,1
t3_design_space/per_seed_metrics__confirm.csv,cluster_skew_overlap|17|pre_footprint_off,min_dist,4.976563686422814,4.976563686422814,1,1
t3_design_space/per_seed_metrics__confirm.csv,cluster_skew_overlap|17|pre_footprint_off,mean_acc,0.8666666666666667,0.8666666666666667,1,1
t3_design_space/per_seed_metrics__confirm.csv,cluster_skew_overlap|17|pre_footprint_off,worst_acc,0.8090909090909091,0.8090909090909091,1,1
t3_design_space/per_seed_metrics__confirm.csv,cluster_skew_overlap|17|pre_mass_off,min_dist,4.97100172091036,4.97100172091036,1,1
t3_design_space/per_seed_metrics__confirm.csv,cluster_skew_overlap|17|pre_mass_off,mean_acc,0.8666666666666667,0.8666666666666667,1,1
t3_design_space/per_seed_metrics__confirm.csv,cluster_skew_overlap|17|pre_mass_off,worst_acc,0.8090909090909091,0.8090909090909091,1,1
t3_design_space/per_seed_metrics__confirm.csv,cluster_skew_overlap|18|post_none_off,min_dist,2.1144803182773635,2.1144803182773635,1,1
t3_design_space/per_seed_metrics__confirm.csv,cluster_skew_overlap|18|post_none_off,mean_acc,0.7068181818181819,0.7068181818181819,1,1
t3_design_space/per_seed_metrics__confirm.csv,cluster_skew_overlap|18|post_none_off,worst_acc,0.5227272727272727,0.5227272727272727,1,1
t3_design_space/per_seed_metrics__confirm.csv,cluster_skew_overlap|18|post_footprint_off,min_dist,4.855254210774189,4.855254210774189,1,1
t3_design_space/per_seed_metrics__confirm.csv,cluster_skew_overlap|18|post_footprint_off,mean_acc,0.8606060606060607,0.8606060606060607,1,1
t3_design_space/per_seed_metrics__confirm.csv,cluster_skew_overlap|18|post_footprint_off,worst_acc,0.8272727272727273,0.8272727272727273,1,1
t3_design_space/per_seed_metrics__confirm.csv,cluster_skew_overlap|18|post_footprint_on,min_dist,4.900256138704192,4.900256138704192,1,1
t3_design_space/per_seed_metrics__confirm.csv,cluster_skew_overlap|18|post_footprint_on,mean_acc,0.8053030303030303,0.8053030303030303,1,1
t3_design_space/per_seed_metrics__confirm.csv,cluster_skew_overlap|18|post_footprint_on,worst_acc,0.7,0.7,1,1
t3_design_space/per_seed_metrics__confirm.csv,cluster_skew_overlap|18|pre_none_off,min_dist,4.741969889520363,4.741969889520363,1,1
t3_design_space/per_seed_metrics__confirm.csv,cluster_skew_overlap|18|pre_none_off,mean_acc,0.859469696969697,0.859469696969697,1,1
t3_design_space/per_seed_metrics__confirm.csv,cluster_skew_overlap|18|pre_none_off,worst_acc,0.8318181818181818,0.8318181818181818,1,1
t3_design_space/per_seed_metrics__confirm.csv,cluster_skew_overlap|18|pre_footprint_off,min_dist,5.307519511368587,5.307519511368587,1,1
t3_design_space/per_seed_metrics__confirm.csv,cluster_skew_overlap|18|pre_footprint_off,mean_acc,0.859848484848485,0.859848484848485,1,1
t3_design_space/per_seed_metrics__confirm.csv,cluster_skew_overlap|18|pre_footprint_off,worst_acc,0.8227272727272728,0.8227272727272728,1,1
t3_design_space/per_seed_metrics__confirm.csv,cluster_skew_overlap|18|pre_mass_off,min_dist,5.31139790912942,5.31139790912942,1,1
t3_design_space/per_seed_metrics__confirm.csv,cluster_skew_overlap|18|pre_mass_off,mean_acc,0.859469696969697,0.859469696969697,1,1
t3_design_space/per_seed_metrics__confirm.csv,cluster_skew_overlap|18|pre_mass_off,worst_acc,0.8227272727272728,0.8227272727272728,1,1
t3_design_space/per_seed_metrics__confirm.csv,cluster_skew_overlap|19|post_none_off,min_dist,1.6750901969773588,1.6750901969773588,1,1
t3_design_space/per_seed_metrics__confirm.csv,cluster_skew_overlap|19|post_none_off,mean_acc,0.5977272727272728,0.5977272727272728,1,1
t3_design_space/per_seed_metrics__confirm.csv,cluster_skew_overlap|19|post_none_off,worst_acc,0.4954545454545455,0.4954545454545455,1,1
t3_design_space/per_seed_metrics__confirm.csv,cluster_skew_overlap|19|post_footprint_off,min_dist,4.503427401372735,4.503427401372735,1,1
t3_design_space/per_seed_metrics__confirm.csv,cluster_skew_overlap|19|post_footprint_off,mean_acc,0.8617424242424243,0.8617424242424243,1,1
t3_design_space/per_seed_metrics__confirm.csv,cluster_skew_overlap|19|post_footprint_off,worst_acc,0.8,0.8,1,1
t3_design_space/per_seed_metrics__confirm.csv,cluster_skew_overlap|19|post_footprint_on,min_dist,4.615599290654363,4.615599290654363,1,1
t3_design_space/per_seed_metrics__confirm.csv,cluster_skew_overlap|19|post_footprint_on,mean_acc,0.8140151515151515,0.8140151515151515,1,1
t3_design_space/per_seed_metrics__confirm.csv,cluster_skew_overlap|19|post_footprint_on,worst_acc,0.740909090909091,0.740909090909091,1,1
t3_design_space/per_seed_metrics__confirm.csv,cluster_skew_overlap|19|pre_none_off,min_dist,4.530813158860462,4.530813158860462,1,1
t3_design_space/per_seed_metrics__confirm.csv,cluster_skew_overlap|19|pre_none_off,mean_acc,0.8587121212121214,0.8587121212121214,1,1
t3_design_space/per_seed_metrics__confirm.csv,cluster_skew_overlap|19|pre_none_off,worst_acc,0.7954545454545454,0.7954545454545454,1,1
t3_design_space/per_seed_metrics__confirm.csv,cluster_skew_overlap|19|pre_footprint_off,min_dist,5.104909535156964,5.104909535156964,1,1
t3_design_space/per_seed_metrics__confirm.csv,cluster_skew_overlap|19|pre_footprint_off,mean_acc,0.8640151515151516,0.8640151515151516,1,1
t3_design_space/per_seed_metrics__confirm.csv,cluster_skew_overlap|19|pre_footprint_off,worst_acc,0.8090909090909091,0.8090909090909091,1,1
t3_design_space/per_seed_metrics__confirm.csv,cluster_skew_overlap|19|pre_mass_off,min_dist,5.099424573715094,5.099424573715094,1,1
t3_design_space/per_seed_metrics__confirm.csv,cluster_skew_overlap|19|pre_mass_off,mean_acc,0.8632575757575758,0.8632575757575758,1,1
t3_design_space/per_seed_metrics__confirm.csv,cluster_skew_overlap|19|pre_mass_off,worst_acc,0.8045454545454546,0.8045454545454546,1,1
t3_design_space/per_seed_metrics__confirm.csv,dirichlet_0.03|10|post_none_off,min_dist,0.45613985309921673,0.45613985309921673,1,1
t3_design_space/per_seed_metrics__confirm.csv,dirichlet_0.03|10|post_none_off,mean_acc,0.6753787878787879,0.6753787878787879,1,1
t3_design_space/per_seed_metrics__confirm.csv,dirichlet_0.03|10|post_none_off,worst_acc,0.5409090909090909,0.5409090909090909,1,1
t3_design_space/per_seed_metrics__confirm.csv,dirichlet_0.03|10|post_footprint_off,min_dist,5.576012468779081,5.576012468779081,1,1
t3_design_space/per_seed_metrics__confirm.csv,dirichlet_0.03|10|post_footprint_off,mean_acc,1.0,1.0,1,1
t3_design_space/per_seed_metrics__confirm.csv,dirichlet_0.03|10|post_footprint_off,worst_acc,1.0,1.0,1,1
t3_design_space/per_seed_metrics__confirm.csv,dirichlet_0.03|10|post_footprint_on,min_dist,6.939818654217388,6.939818654217388,1,1
t3_design_space/per_seed_metrics__confirm.csv,dirichlet_0.03|10|post_footprint_on,mean_acc,1.0,1.0,1,1
t3_design_space/per_seed_metrics__confirm.csv,dirichlet_0.03|10|post_footprint_on,worst_acc,1.0,1.0,1,1
t3_design_space/per_seed_metrics__confirm.csv,dirichlet_0.03|10|pre_none_off,min_dist,7.778096168591906,7.778096168591906,1,1
t3_design_space/per_seed_metrics__confirm.csv,dirichlet_0.03|10|pre_none_off,mean_acc,1.0,1.0,1,1
t3_design_space/per_seed_metrics__confirm.csv,dirichlet_0.03|10|pre_none_off,worst_acc,1.0,1.0,1,1
t3_design_space/per_seed_metrics__confirm.csv,dirichlet_0.03|10|pre_footprint_off,min_dist,7.825577299424593,7.825577299424593,1,1
t3_design_space/per_seed_metrics__confirm.csv,dirichlet_0.03|10|pre_footprint_off,mean_acc,1.0,1.0,1,1
t3_design_space/per_seed_metrics__confirm.csv,dirichlet_0.03|10|pre_footprint_off,worst_acc,1.0,1.0,1,1
t3_design_space/per_seed_metrics__confirm.csv,dirichlet_0.03|10|pre_mass_off,min_dist,7.826458823546929,7.826458823546929,1,1
t3_design_space/per_seed_metrics__confirm.csv,dirichlet_0.03|10|pre_mass_off,mean_acc,1.0,1.0,1,1
t3_design_space/per_seed_metrics__confirm.csv,dirichlet_0.03|10|pre_mass_off,worst_acc,1.0,1.0,1,1
t3_design_space/per_seed_metrics__confirm.csv,dirichlet_0.03|11|post_none_off,min_dist,7.039277728428327e-10,7.039277728428327e-10,1,1
t3_design_space/per_seed_metrics__confirm.csv,dirichlet_0.03|11|post_none_off,mean_acc,0.8693181818181818,0.8693181818181818,1,1
t3_design_space/per_seed_metrics__confirm.csv,dirichlet_0.03|11|post_none_off,worst_acc,0.5636363636363636,0.5636363636363636,1,1
t3_design_space/per_seed_metrics__confirm.csv,dirichlet_0.03|11|post_footprint_off,min_dist,6.568549838304572,6.568549838304572,1,1
t3_design_space/per_seed_metrics__confirm.csv,dirichlet_0.03|11|post_footprint_off,mean_acc,1.0,1.0,1,1
t3_design_space/per_seed_metrics__confirm.csv,dirichlet_0.03|11|post_footprint_off,worst_acc,1.0,1.0,1,1
t3_design_space/per_seed_metrics__confirm.csv,dirichlet_0.03|11|post_footprint_on,min_dist,7.3837233163545255,7.3837233163545255,1,1
t3_design_space/per_seed_metrics__confirm.csv,dirichlet_0.03|11|post_footprint_on,mean_acc,1.0,1.0,1,1
t3_design_space/per_seed_metrics__confirm.csv,dirichlet_0.03|11|post_footprint_on,worst_acc,1.0,1.0,1,1
t3_design_space/per_seed_metrics__confirm.csv,dirichlet_0.03|11|pre_none_off,min_dist,8.189452301126126,8.189452301126126,1,1
t3_design_space/per_seed_metrics__confirm.csv,dirichlet_0.03|11|pre_none_off,mean_acc,1.0,1.0,1,1
t3_design_space/per_seed_metrics__confirm.csv,dirichlet_0.03|11|pre_none_off,worst_acc,1.0,1.0,1,1
t3_design_space/per_seed_metrics__confirm.csv,dirichlet_0.03|11|pre_footprint_off,min_dist,8.191824722394744,8.191824722394744,1,1
t3_design_space/per_seed_metrics__confirm.csv,dirichlet_0.03|11|pre_footprint_off,mean_acc,1.0,1.0,1,1
t3_design_space/per_seed_metrics__confirm.csv,dirichlet_0.03|11|pre_footprint_off,worst_acc,1.0,1.0,1,1
t3_design_space/per_seed_metrics__confirm.csv,dirichlet_0.03|11|pre_mass_off,min_dist,8.19188996320609,8.19188996320609,1,1
t3_design_space/per_seed_metrics__confirm.csv,dirichlet_0.03|11|pre_mass_off,mean_acc,1.0,1.0,1,1
t3_design_space/per_seed_metrics__confirm.csv,dirichlet_0.03|11|pre_mass_off,worst_acc,1.0,1.0,1,1
t3_design_space/per_seed_metrics__confirm.csv,dirichlet_0.03|12|post_none_off,min_dist,0.60093649651927,0.60093649651927,1,1
t3_design_space/per_seed_metrics__confirm.csv,dirichlet_0.03|12|post_none_off,mean_acc,0.965530303030303,0.965530303030303,1,1
t3_design_space/per_seed_metrics__confirm.csv,dirichlet_0.03|12|post_none_off,worst_acc,0.8045454545454546,0.8045454545454546,1,1
t3_design_space/per_seed_metrics__confirm.csv,dirichlet_0.03|12|post_footprint_off,min_dist,6.178955677245662,6.178955677245662,1,1
t3_design_space/per_seed_metrics__confirm.csv,dirichlet_0.03|12|post_footprint_off,mean_acc,1.0,1.0,1,1
t3_design_space/per_seed_metrics__confirm.csv,dirichlet_0.03|12|post_footprint_off,worst_acc,1.0,1.0,1,1
t3_design_space/per_seed_metrics__confirm.csv,dirichlet_0.03|12|post_footprint_on,min_dist,7.2160496094665785,7.2160496094665785,1,1
t3_design_space/per_seed_metrics__confirm.csv,dirichlet_0.03|12|post_footprint_on,mean_acc,1.0,1.0,1,1
t3_design_space/per_seed_metrics__confirm.csv,dirichlet_0.03|12|post_footprint_on,worst_acc,1.0,1.0,1,1
t3_design_space/per_seed_metrics__confirm.csv,dirichlet_0.03|12|pre_none_off,min_dist,8.317651175119332,8.317651175119332,1,1
t3_design_space/per_seed_metrics__confirm.csv,dirichlet_0.03|12|pre_none_off,mean_acc,1.0,1.0,1,1
t3_design_space/per_seed_metrics__confirm.csv,dirichlet_0.03|12|pre_none_off,worst_acc,1.0,1.0,1,1
t3_design_space/per_seed_metrics__confirm.csv,dirichlet_0.03|12|pre_footprint_off,min_dist,8.339465070507378,8.339465070507378,1,1
t3_design_space/per_seed_metrics__confirm.csv,dirichlet_0.03|12|pre_footprint_off,mean_acc,1.0,1.0,1,1
t3_design_space/per_seed_metrics__confirm.csv,dirichlet_0.03|12|pre_footprint_off,worst_acc,1.0,1.0,1,1
t3_design_space/per_seed_metrics__confirm.csv,dirichlet_0.03|12|pre_mass_off,min_dist,8.33945006484778,8.33945006484778,1,1
t3_design_space/per_seed_metrics__confirm.csv,dirichlet_0.03|12|pre_mass_off,mean_acc,1.0,1.0,1,1
t3_design_space/per_seed_metrics__confirm.csv,dirichlet_0.03|12|pre_mass_off,worst_acc,1.0,1.0,1,1
t3_design_space/per_seed_metrics__confirm.csv,dirichlet_0.03|13|post_none_off,min_dist,0.9637561066823188,0.9637561066823188,1,1
t3_design_space/per_seed_metrics__confirm.csv,dirichlet_0.03|13|post_none_off,mean_acc,0.8606060606060607,0.8606060606060607,1,1
t3_design_space/per_seed_metrics__confirm.csv,dirichlet_0.03|13|post_none_off,worst_acc,0.5,0.5,1,1
t3_design_space/per_seed_metrics__confirm.csv,dirichlet_0.03|13|post_footprint_off,min_dist,6.8077141887901576,6.8077141887901576,1,1
t3_design_space/per_seed_metrics__confirm.csv,dirichlet_0.03|13|post_footprint_off,mean_acc,1.0,1.0,1,1
t3_design_space/per_seed_metrics__confirm.csv,dirichlet_0.03|13|post_footprint_off,worst_acc,1.0,1.0,1,1
t3_design_space/per_seed_metrics__confirm.csv,dirichlet_0.03|13|post_footprint_on,min_dist,7.659026351878343,7.659026351878343,1,1
t3_design_space/per_seed_metrics__confirm.csv,dirichlet_0.03|13|post_footprint_on,mean_acc,1.0,1.0,1,1
t3_design_space/per_seed_metrics__confirm.csv,dirichlet_0.03|13|post_footprint_on,worst_acc,1.0,1.0,1,1
t3_design_space/per_seed_metrics__confirm.csv,dirichlet_0.03|13|pre_none_off,min_dist,8.449004333613443,8.449004333613443,1,1
t3_design_space/per_seed_metrics__confirm.csv,dirichlet_0.03|13|pre_none_off,mean_acc,1.0,1.0,1,1
t3_design_space/per_seed_metrics__confirm.csv,dirichlet_0.03|13|pre_none_off,worst_acc,1.0,1.0,1,1
t3_design_space/per_seed_metrics__confirm.csv,dirichlet_0.03|13|pre_footprint_off,min_dist,1.1760842237253704,1.1760842237253704,1,1
t3_design_space/per_seed_metrics__confirm.csv,dirichlet_0.03|13|pre_footprint_off,mean_acc,0.8329545454545455,0.8329545454545455,1,1
t3_design_space/per_seed_metrics__confirm.csv,dirichlet_0.03|13|pre_footprint_off,worst_acc,0.5363636363636364,0.5363636363636364,1,1
t3_design_space/per_seed_metrics__confirm.csv,dirichlet_0.03|13|pre_mass_off,min_dist,8.479929923902747,8.479929923902747,1,1
t3_design_space/per_seed_metrics__confirm.csv,dirichlet_0.03|13|pre_mass_off,mean_acc,1.0,1.0,1,1
t3_design_space/per_seed_metrics__confirm.csv,dirichlet_0.03|13|pre_mass_off,worst_acc,1.0,1.0,1,1
t3_design_space/per_seed_metrics__confirm.csv,dirichlet_0.03|14|post_none_off,min_dist,0.19739758485071787,0.19739758485071787,1,1
t3_design_space/per_seed_metrics__confirm.csv,dirichlet_0.03|14|post_none_off,mean_acc,0.7405303030303031,0.7405303030303031,1,1
t3_design_space/per_seed_metrics__confirm.csv,dirichlet_0.03|14|post_none_off,worst_acc,0.5,0.5,1,1
t3_design_space/per_seed_metrics__confirm.csv,dirichlet_0.03|14|post_footprint_off,min_dist,7.093239355547928,7.093239355547928,1,1
t3_design_space/per_seed_metrics__confirm.csv,dirichlet_0.03|14|post_footprint_off,mean_acc,1.0,1.0,1,1
t3_design_space/per_seed_metrics__confirm.csv,dirichlet_0.03|14|post_footprint_off,worst_acc,1.0,1.0,1,1
t3_design_space/per_seed_metrics__confirm.csv,dirichlet_0.03|14|post_footprint_on,min_dist,7.233434484007725,7.233434484007725,1,1
t3_design_space/per_seed_metrics__confirm.csv,dirichlet_0.03|14|post_footprint_on,mean_acc,1.0,1.0,1,1
t3_design_space/per_seed_metrics__confirm.csv,dirichlet_0.03|14|post_footprint_on,worst_acc,1.0,1.0,1,1
t3_design_space/per_seed_metrics__confirm.csv,dirichlet_0.03|14|pre_none_off,min_dist,8.020555532499143,8.020555532499143,1,1
t3_design_space/per_seed_metrics__confirm.csv,dirichlet_0.03|14|pre_none_off,mean_acc,1.0,1.0,1,1
t3_design_space/per_seed_metrics__confirm.csv,dirichlet_0.03|14|pre_none_off,worst_acc,1.0,1.0,1,1
t3_design_space/per_seed_metrics__confirm.csv,dirichlet_0.03|14|pre_footprint_off,min_dist,1.261956736533768,1.261956736533768,1,1
t3_design_space/per_seed_metrics__confirm.csv,dirichlet_0.03|14|pre_footprint_off,mean_acc,0.7496212121212121,0.7496212121212121,1,1
t3_design_space/per_seed_metrics__confirm.csv,dirichlet_0.03|14|pre_footprint_off,worst_acc,0.5181818181818182,0.5181818181818182,1,1
t3_design_space/per_seed_metrics__confirm.csv,dirichlet_0.03|14|pre_mass_off,min_dist,8.055014377419182,8.055014377419182,1,1
t3_design_space/per_seed_metrics__confirm.csv,dirichlet_0.03|14|pre_mass_off,mean_acc,1.0,1.0,1,1
t3_design_space/per_seed_metrics__confirm.csv,dirichlet_0.03|14|pre_mass_off,worst_acc,1.0,1.0,1,1
t3_design_space/per_seed_metrics__confirm.csv,dirichlet_0.03|15|post_none_off,min_dist,0.0870237733768757,0.0870237733768757,1,1
t3_design_space/per_seed_metrics__confirm.csv,dirichlet_0.03|15|post_none_off,mean_acc,0.8681818181818182,0.8681818181818182,1,1
t3_design_space/per_seed_metrics__confirm.csv,dirichlet_0.03|15|post_none_off,worst_acc,0.740909090909091,0.740909090909091,1,1
t3_design_space/per_seed_metrics__confirm.csv,dirichlet_0.03|15|post_footprint_off,min_dist,5.845350387810002,5.845350387810002,1,1
t3_design_space/per_seed_metrics__confirm.csv,dirichlet_0.03|15|post_footprint_off,mean_acc,0.9996212121212121,0.9996212121212121,1,1
t3_design_space/per_seed_metrics__confirm.csv,dirichlet_0.03|15|post_footprint_off,worst_acc,0.9954545454545455,0.9954545454545455,1,1
t3_design_space/per_seed_metrics__confirm.csv,dirichlet_0.03|15|post_footprint_on,min_dist,6.010170670344299,6.010170670344299,1,1
t3_design_space/per_seed_metrics__confirm.csv,dirichlet_0.03|15|post_footprint_on,mean_acc,0.9996212121212121,0.9996212121212121,1,1
t3_design_space/per_seed_metrics__confirm.csv,dirichlet_0.03|15|post_footprint_on,worst_acc,0.9954545454545455,0.9954545454545455,1,1
t3_design_space/per_seed_metrics__confirm.csv,dirichlet_0.03|15|pre_none_off,min_dist,8.501269870158957,8.501269870158957,1,1
t3_design_space/per_seed_metrics__confirm.csv,dirichlet_0.03|15|pre_none_off,mean_acc,1.0,1.0,1,1
t3_design_space/per_seed_metrics__confirm.csv,dirichlet_0.03|15|pre_none_off,worst_acc,1.0,1.0,1,1
t3_design_space/per_seed_metrics__confirm.csv,dirichlet_0.03|15|pre_footprint_off,min_dist,8.549446531929798,8.549446531929798,1,1
t3_design_space/per_seed_metrics__confirm.csv,dirichlet_0.03|15|pre_footprint_off,mean_acc,1.0,1.0,1,1
t3_design_space/per_seed_metrics__confirm.csv,dirichlet_0.03|15|pre_footprint_off,worst_acc,1.0,1.0,1,1
t3_design_space/per_seed_metrics__confirm.csv,dirichlet_0.03|15|pre_mass_off,min_dist,8.549670828133912,8.549670828133912,1,1
t3_design_space/per_seed_metrics__confirm.csv,dirichlet_0.03|15|pre_mass_off,mean_acc,1.0,1.0,1,1
t3_design_space/per_seed_metrics__confirm.csv,dirichlet_0.03|15|pre_mass_off,worst_acc,1.0,1.0,1,1
t3_design_space/per_seed_metrics__confirm.csv,dirichlet_0.03|16|post_none_off,min_dist,0.07323198652297397,0.07323198652297397,1,1
t3_design_space/per_seed_metrics__confirm.csv,dirichlet_0.03|16|post_none_off,mean_acc,0.9962121212121212,0.9962121212121212,1,1
t3_design_space/per_seed_metrics__confirm.csv,dirichlet_0.03|16|post_none_off,worst_acc,0.9863636363636363,0.9863636363636363,1,1
t3_design_space/per_seed_metrics__confirm.csv,dirichlet_0.03|16|post_footprint_off,min_dist,5.705532229247517,5.705532229247517,1,1
t3_design_space/per_seed_metrics__confirm.csv,dirichlet_0.03|16|post_footprint_off,mean_acc,1.0,1.0,1,1
t3_design_space/per_seed_metrics__confirm.csv,dirichlet_0.03|16|post_footprint_off,worst_acc,1.0,1.0,1,1
t3_design_space/per_seed_metrics__confirm.csv,dirichlet_0.03|16|post_footprint_on,min_dist,6.917031513919564,6.917031513919564,1,1
t3_design_space/per_seed_metrics__confirm.csv,dirichlet_0.03|16|post_footprint_on,mean_acc,1.0,1.0,1,1
t3_design_space/per_seed_metrics__confirm.csv,dirichlet_0.03|16|post_footprint_on,worst_acc,1.0,1.0,1,1
t3_design_space/per_seed_metrics__confirm.csv,dirichlet_0.03|16|pre_none_off,min_dist,8.35320634217916,8.35320634217916,1,1
t3_design_space/per_seed_metrics__confirm.csv,dirichlet_0.03|16|pre_none_off,mean_acc,1.0,1.0,1,1
t3_design_space/per_seed_metrics__confirm.csv,dirichlet_0.03|16|pre_none_off,worst_acc,1.0,1.0,1,1
t3_design_space/per_seed_metrics__confirm.csv,dirichlet_0.03|16|pre_footprint_off,min_dist,8.523556717960055,8.523556717960055,1,1
t3_design_space/per_seed_metrics__confirm.csv,dirichlet_0.03|16|pre_footprint_off,mean_acc,1.0,1.0,1,1
t3_design_space/per_seed_metrics__confirm.csv,dirichlet_0.03|16|pre_footprint_off,worst_acc,1.0,1.0,1,1
t3_design_space/per_seed_metrics__confirm.csv,dirichlet_0.03|16|pre_mass_off,min_dist,8.530982838951898,8.530982838951898,1,1
t3_design_space/per_seed_metrics__confirm.csv,dirichlet_0.03|16|pre_mass_off,mean_acc,1.0,1.0,1,1
t3_design_space/per_seed_metrics__confirm.csv,dirichlet_0.03|16|pre_mass_off,worst_acc,1.0,1.0,1,1
t3_design_space/per_seed_metrics__confirm.csv,dirichlet_0.03|17|post_none_off,min_dist,0.039961158299468,0.039961158299468,1,1
t3_design_space/per_seed_metrics__confirm.csv,dirichlet_0.03|17|post_none_off,mean_acc,0.9405303030303029,0.9405303030303029,1,1
t3_design_space/per_seed_metrics__confirm.csv,dirichlet_0.03|17|post_none_off,worst_acc,0.7272727272727273,0.7272727272727273,1,1
t3_design_space/per_seed_metrics__confirm.csv,dirichlet_0.03|17|post_footprint_off,min_dist,6.35058702478196,6.35058702478196,1,1
t3_design_space/per_seed_metrics__confirm.csv,dirichlet_0.03|17|post_footprint_off,mean_acc,1.0,1.0,1,1
t3_design_space/per_seed_metrics__confirm.csv,dirichlet_0.03|17|post_footprint_off,worst_acc,1.0,1.0,1,1
t3_design_space/per_seed_metrics__confirm.csv,dirichlet_0.03|17|post_footprint_on,min_dist,7.232887968523013,7.232887968523013,1,1
t3_design_space/per_seed_metrics__confirm.csv,dirichlet_0.03|17|post_footprint_on,mean_acc,1.0,1.0,1,1
t3_design_space/per_seed_metrics__confirm.csv,dirichlet_0.03|17|post_footprint_on,worst_acc,1.0,1.0,1,1
t3_design_space/per_seed_metrics__confirm.csv,dirichlet_0.03|17|pre_none_off,min_dist,8.193507932210332,8.193507932210332,1,1
t3_design_space/per_seed_metrics__confirm.csv,dirichlet_0.03|17|pre_none_off,mean_acc,1.0,1.0,1,1
t3_design_space/per_seed_metrics__confirm.csv,dirichlet_0.03|17|pre_none_off,worst_acc,1.0,1.0,1,1
t3_design_space/per_seed_metrics__confirm.csv,dirichlet_0.03|17|pre_footprint_off,min_dist,8.23513923550321,8.23513923550321,1,1
t3_design_space/per_seed_metrics__confirm.csv,dirichlet_0.03|17|pre_footprint_off,mean_acc,1.0,1.0,1,1
t3_design_space/per_seed_metrics__confirm.csv,dirichlet_0.03|17|pre_footprint_off,worst_acc,1.0,1.0,1,1
t3_design_space/per_seed_metrics__confirm.csv,dirichlet_0.03|17|pre_mass_off,min_dist,8.225832859134684,8.225832859134684,1,1
t3_design_space/per_seed_metrics__confirm.csv,dirichlet_0.03|17|pre_mass_off,mean_acc,1.0,1.0,1,1
t3_design_space/per_seed_metrics__confirm.csv,dirichlet_0.03|17|pre_mass_off,worst_acc,1.0,1.0,1,1
t3_design_space/per_seed_metrics__confirm.csv,dirichlet_0.03|18|post_none_off,min_dist,0.4795105938661277,0.4795105938661277,1,1
t3_design_space/per_seed_metrics__confirm.csv,dirichlet_0.03|18|post_none_off,mean_acc,0.9859848484848485,0.9859848484848485,1,1
t3_design_space/per_seed_metrics__confirm.csv,dirichlet_0.03|18|post_none_off,worst_acc,0.9363636363636364,0.9363636363636364,1,1
t3_design_space/per_seed_metrics__confirm.csv,dirichlet_0.03|18|post_footprint_off,min_dist,6.676860087657196,6.676860087657196,1,1
t3_design_space/per_seed_metrics__confirm.csv,dirichlet_0.03|18|post_footprint_off,mean_acc,1.0,1.0,1,1
t3_design_space/per_seed_metrics__confirm.csv,dirichlet_0.03|18|post_footprint_off,worst_acc,1.0,1.0,1,1
t3_design_space/per_seed_metrics__confirm.csv,dirichlet_0.03|18|post_footprint_on,min_dist,7.29548976507109,7.29548976507109,1,1
t3_design_space/per_seed_metrics__confirm.csv,dirichlet_0.03|18|post_footprint_on,mean_acc,1.0,1.0,1,1
t3_design_space/per_seed_metrics__confirm.csv,dirichlet_0.03|18|post_footprint_on,worst_acc,1.0,1.0,1,1
t3_design_space/per_seed_metrics__confirm.csv,dirichlet_0.03|18|pre_none_off,min_dist,7.210635416464488,7.210635416464488,1,1
t3_design_space/per_seed_metrics__confirm.csv,dirichlet_0.03|18|pre_none_off,mean_acc,1.0,1.0,1,1
t3_design_space/per_seed_metrics__confirm.csv,dirichlet_0.03|18|pre_none_off,worst_acc,1.0,1.0,1,1
t3_design_space/per_seed_metrics__confirm.csv,dirichlet_0.03|18|pre_footprint_off,min_dist,8.206540772207006,8.206540772207006,1,1
t3_design_space/per_seed_metrics__confirm.csv,dirichlet_0.03|18|pre_footprint_off,mean_acc,1.0,1.0,1,1
t3_design_space/per_seed_metrics__confirm.csv,dirichlet_0.03|18|pre_footprint_off,worst_acc,1.0,1.0,1,1
t3_design_space/per_seed_metrics__confirm.csv,dirichlet_0.03|18|pre_mass_off,min_dist,7.256056905671325,7.256056905671325,1,1
t3_design_space/per_seed_metrics__confirm.csv,dirichlet_0.03|18|pre_mass_off,mean_acc,1.0,1.0,1,1
t3_design_space/per_seed_metrics__confirm.csv,dirichlet_0.03|18|pre_mass_off,worst_acc,1.0,1.0,1,1
t3_design_space/per_seed_metrics__confirm.csv,dirichlet_0.03|19|post_none_off,min_dist,0.24415048347154025,0.24415048347154025,1,1
t3_design_space/per_seed_metrics__confirm.csv,dirichlet_0.03|19|post_none_off,mean_acc,0.7859848484848485,0.7859848484848485,1,1
t3_design_space/per_seed_metrics__confirm.csv,dirichlet_0.03|19|post_none_off,worst_acc,0.509090909090909,0.509090909090909,1,1
t3_design_space/per_seed_metrics__confirm.csv,dirichlet_0.03|19|post_footprint_off,min_dist,1.057739587303639,1.057739587303639,1,1
t3_design_space/per_seed_metrics__confirm.csv,dirichlet_0.03|19|post_footprint_off,mean_acc,0.7674242424242425,0.7674242424242425,1,1
t3_design_space/per_seed_metrics__confirm.csv,dirichlet_0.03|19|post_footprint_off,worst_acc,0.5045454545454545,0.5045454545454545,1,1
t3_design_space/per_seed_metrics__confirm.csv,dirichlet_0.03|19|post_footprint_on,min_dist,1.1384375191498979,1.1384375191498979,1,1
t3_design_space/per_seed_metrics__confirm.csv,dirichlet_0.03|19|post_footprint_on,mean_acc,0.7617424242424242,0.7617424242424242,1,1
t3_design_space/per_seed_metrics__confirm.csv,dirichlet_0.03|19|post_footprint_on,worst_acc,0.5,0.5,1,1
t3_design_space/per_seed_metrics__confirm.csv,dirichlet_0.03|19|pre_none_off,min_dist,1.1116373999061826,1.1116373999061826,1,1
t3_design_space/per_seed_metrics__confirm.csv,dirichlet_0.03|19|pre_none_off,mean_acc,0.7613636363636364,0.7613636363636364,1,1
t3_design_space/per_seed_metrics__confirm.csv,dirichlet_0.03|19|pre_none_off,worst_acc,0.5136363636363637,0.5136363636363637,1,1
t3_design_space/per_seed_metrics__confirm.csv,dirichlet_0.03|19|pre_footprint_off,min_dist,1.1217817088943902,1.1217817088943902,1,1
t3_design_space/per_seed_metrics__confirm.csv,dirichlet_0.03|19|pre_footprint_off,mean_acc,0.7696969696969697,0.7696969696969697,1,1
t3_design_space/per_seed_metrics__confirm.csv,dirichlet_0.03|19|pre_footprint_off,worst_acc,0.5,0.5,1,1
t3_design_space/per_seed_metrics__confirm.csv,dirichlet_0.03|19|pre_mass_off,min_dist,1.1211662794914574,1.1211662794914574,1,1
t3_design_space/per_seed_metrics__confirm.csv,dirichlet_0.03|19|pre_mass_off,mean_acc,0.7681818181818182,0.7681818181818182,1,1
t3_design_space/per_seed_metrics__confirm.csv,dirichlet_0.03|19|pre_mass_off,worst_acc,0.5,0.5,1,1
t3_design_space/per_seed_metrics__confirm.csv,dirichlet_0.1|10|post_none_off,min_dist,1.422710713529455,1.422710713529455,1,1
t3_design_space/per_seed_metrics__confirm.csv,dirichlet_0.1|10|post_none_off,mean_acc,0.8465909090909092,0.8465909090909092,1,1
t3_design_space/per_seed_metrics__confirm.csv,dirichlet_0.1|10|post_none_off,worst_acc,0.5772727272727273,0.5772727272727273,1,1
t3_design_space/per_seed_metrics__confirm.csv,dirichlet_0.1|10|post_footprint_off,min_dist,6.603141727114862,6.603141727114862,1,1
t3_design_space/per_seed_metrics__confirm.csv,dirichlet_0.1|10|post_footprint_off,mean_acc,0.9996212121212121,0.9996212121212121,1,1
t3_design_space/per_seed_metrics__confirm.csv,dirichlet_0.1|10|post_footprint_off,worst_acc,0.9954545454545455,0.9954545454545455,1,1
t3_design_space/per_seed_metrics__confirm.csv,dirichlet_0.1|10|post_footprint_on,min_dist,7.276382464664655,7.276382464664655,1,1
t3_design_space/per_seed_metrics__confirm.csv,dirichlet_0.1|10|post_footprint_on,mean_acc,1.0,1.0,1,1
t3_design_space/per_seed_metrics__confirm.csv,dirichlet_0.1|10|post_footprint_on,worst_acc,1.0,1.0,1,1
t3_design_space/per_seed_metrics__confirm.csv,dirichlet_0.1|10|pre_none_off,min_dist,8.33116334270016,8.33116334270016,1,1
t3_design_space/per_seed_metrics__confirm.csv,dirichlet_0.1|10|pre_none_off,mean_acc,1.0,1.0,1,1
t3_design_space/per_seed_metrics__confirm.csv,dirichlet_0.1|10|pre_none_off,worst_acc,1.0,1.0,1,1
t3_design_space/per_seed_metrics__confirm.csv,dirichlet_0.1|10|pre_footprint_off,min_dist,8.459871977156533,8.459871977156533,1,1
t3_design_space/per_seed_metrics__confirm.csv,dirichlet_0.1|10|pre_footprint_off,mean_acc,1.0,1.0,1,1
t3_design_space/per_seed_metrics__confirm.csv,dirichlet_0.1|10|pre_footprint_off,worst_acc,1.0,1.0,1,1
t3_design_space/per_seed_metrics__confirm.csv,dirichlet_0.1|10|pre_mass_off,min_dist,8.459714955273137,8.459714955273137,1,1
t3_design_space/per_seed_metrics__confirm.csv,dirichlet_0.1|10|pre_mass_off,mean_acc,1.0,1.0,1,1
t3_design_space/per_seed_metrics__confirm.csv,dirichlet_0.1|10|pre_mass_off,worst_acc,1.0,1.0,1,1
t3_design_space/per_seed_metrics__confirm.csv,dirichlet_0.1|11|post_none_off,min_dist,0.8282989210288304,0.8282989210288304,1,1
t3_design_space/per_seed_metrics__confirm.csv,dirichlet_0.1|11|post_none_off,mean_acc,0.9238636363636363,0.9238636363636363,1,1
t3_design_space/per_seed_metrics__confirm.csv,dirichlet_0.1|11|post_none_off,worst_acc,0.7909090909090909,0.7909090909090909,1,1
t3_design_space/per_seed_metrics__confirm.csv,dirichlet_0.1|11|post_footprint_off,min_dist,7.585178455239419,7.585178455239419,1,1
t3_design_space/per_seed_metrics__confirm.csv,dirichlet_0.1|11|post_footprint_off,mean_acc,1.0,1.0,1,1
t3_design_space/per_seed_metrics__confirm.csv,dirichlet_0.1|11|post_footprint_off,worst_acc,1.0,1.0,1,1
t3_design_space/per_seed_metrics__confirm.csv,dirichlet_0.1|11|post_footprint_on,min_dist,7.528596745525611,7.528596745525611,1,1
t3_design_space/per_seed_metrics__confirm.csv,dirichlet_0.1|11|post_footprint_on,mean_acc,1.0,1.0,1,1
t3_design_space/per_seed_metrics__confirm.csv,dirichlet_0.1|11|post_footprint_on,worst_acc,1.0,1.0,1,1
t3_design_space/per_seed_metrics__confirm.csv,dirichlet_0.1|11|pre_none_off,min_dist,8.032101199713214,8.032101199713214,1,1
t3_design_space/per_seed_metrics__confirm.csv,dirichlet_0.1|11|pre_none_off,mean_acc,1.0,1.0,1,1
t3_design_space/per_seed_metrics__confirm.csv,dirichlet_0.1|11|pre_none_off,worst_acc,1.0,1.0,1,1
t3_design_space/per_seed_metrics__confirm.csv,dirichlet_0.1|11|pre_footprint_off,min_dist,1.5492197024462577,1.5492197024462577,1,1
t3_design_space/per_seed_metrics__confirm.csv,dirichlet_0.1|11|pre_footprint_off,mean_acc,0.806060606060606,0.806060606060606,1,1
t3_design_space/per_seed_metrics__confirm.csv,dirichlet_0.1|11|pre_footprint_off,worst_acc,0.5727272727272728,0.5727272727272728,1,1
t3_design_space/per_seed_metrics__confirm.csv,dirichlet_0.1|11|pre_mass_off,min_dist,8.09940633055035,8.09940633055035,1,1
t3_design_space/per_seed_metrics__confirm.csv,dirichlet_0.1|11|pre_mass_off,mean_acc,1.0,1.0,1,1
t3_design_space/per_seed_metrics__confirm.csv,dirichlet_0.1|11|pre_mass_off,worst_acc,1.0,1.0,1,1
t3_design_space/per_seed_metrics__confirm.csv,dirichlet_0.1|12|post_none_off,min_dist,1.3943505440537178,1.3943505440537178,1,1
t3_design_space/per_seed_metrics__confirm.csv,dirichlet_0.1|12|post_none_off,mean_acc,0.9867424242424243,0.9867424242424243,1,1
t3_design_space/per_seed_metrics__confirm.csv,dirichlet_0.1|12|post_none_off,worst_acc,0.9090909090909091,0.9090909090909091,1,1
t3_design_space/per_seed_metrics__confirm.csv,dirichlet_0.1|12|post_footprint_off,min_dist,7.657085680066356,7.657085680066356,1,1
t3_design_space/per_seed_metrics__confirm.csv,dirichlet_0.1|12|post_footprint_off,mean_acc,1.0,1.0,1,1
t3_design_space/per_seed_metrics__confirm.csv,dirichlet_0.1|12|post_footprint_off,worst_acc,1.0,1.0,1,1
t3_design_space/per_seed_metrics__confirm.csv,dirichlet_0.1|12|post_footprint_on,min_dist,7.544660242787342,7.544660242787342,1,1
t3_design_space/per_seed_metrics__confirm.csv,dirichlet_0.1|12|post_footprint_on,mean_acc,1.0,1.0,1,1
t3_design_space/per_seed_metrics__confirm.csv,dirichlet_0.1|12|post_footprint_on,worst_acc,1.0,1.0,1,1
t3_design_space/per_seed_metrics__confirm.csv,dirichlet_0.1|12|pre_none_off,min_dist,7.932874975409932,7.932874975409932,1,1
t3_design_space/per_seed_metrics__confirm.csv,dirichlet_0.1|12|pre_none_off,mean_acc,1.0,1.0,1,1
t3_design_space/per_seed_metrics__confirm.csv,dirichlet_0.1|12|pre_none_off,worst_acc,1.0,1.0,1,1
t3_design_space/per_seed_metrics__confirm.csv,dirichlet_0.1|12|pre_footprint_off,min_dist,7.96612195045577,7.96612195045577,1,1
t3_design_space/per_seed_metrics__confirm.csv,dirichlet_0.1|12|pre_footprint_off,mean_acc,1.0,1.0,1,1
t3_design_space/per_seed_metrics__confirm.csv,dirichlet_0.1|12|pre_footprint_off,worst_acc,1.0,1.0,1,1
t3_design_space/per_seed_metrics__confirm.csv,dirichlet_0.1|12|pre_mass_off,min_dist,7.9637919819758975,7.9637919819758975,1,1
t3_design_space/per_seed_metrics__confirm.csv,dirichlet_0.1|12|pre_mass_off,mean_acc,1.0,1.0,1,1
t3_design_space/per_seed_metrics__confirm.csv,dirichlet_0.1|12|pre_mass_off,worst_acc,1.0,1.0,1,1
t3_design_space/per_seed_metrics__confirm.csv,dirichlet_0.1|13|post_none_off,min_dist,3.2480548492035664,3.2480548492035664,1,1
t3_design_space/per_seed_metrics__confirm.csv,dirichlet_0.1|13|post_none_off,mean_acc,0.9772727272727272,0.9772727272727272,1,1
t3_design_space/per_seed_metrics__confirm.csv,dirichlet_0.1|13|post_none_off,worst_acc,0.8590909090909091,0.8590909090909091,1,1
t3_design_space/per_seed_metrics__confirm.csv,dirichlet_0.1|13|post_footprint_off,min_dist,1.2029855798000755,1.2029855798000755,1,1
t3_design_space/per_seed_metrics__confirm.csv,dirichlet_0.1|13|post_footprint_off,mean_acc,0.8431818181818183,0.8431818181818183,1,1
t3_design_space/per_seed_metrics__confirm.csv,dirichlet_0.1|13|post_footprint_off,worst_acc,0.55,0.55,1,1
t3_design_space/per_seed_metrics__confirm.csv,dirichlet_0.1|13|post_footprint_on,min_dist,1.1451776183890956,1.1451776183890956,1,1
t3_design_space/per_seed_metrics__confirm.csv,dirichlet_0.1|13|post_footprint_on,mean_acc,0.8340909090909091,0.8340909090909091,1,1
t3_design_space/per_seed_metrics__confirm.csv,dirichlet_0.1|13|post_footprint_on,worst_acc,0.5409090909090909,0.5409090909090909,1,1
t3_design_space/per_seed_metrics__confirm.csv,dirichlet_0.1|13|pre_none_off,min_dist,1.122598932258241,1.122598932258241,1,1
t3_design_space/per_seed_metrics__confirm.csv,dirichlet_0.1|13|pre_none_off,mean_acc,0.8363636363636364,0.8363636363636364,1,1
t3_design_space/per_seed_metrics__confirm.csv,dirichlet_0.1|13|pre_none_off,worst_acc,0.5590909090909091,0.5590909090909091,1,1
t3_design_space/per_seed_metrics__confirm.csv,dirichlet_0.1|13|pre_footprint_off,min_dist,1.125396299349108,1.125396299349108,1,1
t3_design_space/per_seed_metrics__confirm.csv,dirichlet_0.1|13|pre_footprint_off,mean_acc,0.8295454545454546,0.8295454545454546,1,1
t3_design_space/per_seed_metrics__confirm.csv,dirichlet_0.1|13|pre_footprint_off,worst_acc,0.5272727272727272,0.5272727272727272,1,1
t3_design_space/per_seed_metrics__confirm.csv,dirichlet_0.1|13|pre_mass_off,min_dist,1.1246102863435168,1.1246102863435168,1,1
t3_design_space/per_seed_metrics__confirm.csv,dirichlet_0.1|13|pre_mass_off,mean_acc,0.8295454545454546,0.8295454545454546,1,1
t3_design_space/per_seed_metrics__confirm.csv,dirichlet_0.1|13|pre_mass_off,worst_acc,0.5272727272727272,0.5272727272727272,1,1
t3_design_space/per_seed_metrics__confirm.csv,dirichlet_0.1|14|post_none_off,min_dist,0.9678963905807486,0.9678963905807486,1,1
t3_design_space/per_seed_metrics__confirm.csv,dirichlet_0.1|14|post_none_off,mean_acc,0.796590909090909,0.796590909090909,1,1
t3_design_space/per_seed_metrics__confirm.csv,dirichlet_0.1|14|post_none_off,worst_acc,0.5136363636363637,0.5136363636363637,1,1
t3_design_space/per_seed_metrics__confirm.csv,dirichlet_0.1|14|post_footprint_off,min_dist,7.324009099681574,7.324009099681574,1,1
t3_design_space/per_seed_metrics__confirm.csv,dirichlet_0.1|14|post_footprint_off,mean_acc,1.0,1.0,1,1
t3_design_space/per_seed_metrics__confirm.csv,dirichlet_0.1|14|post_footprint_off,worst_acc,1.0,1.0,1,1
t3_design_space/per_seed_metrics__confirm.csv,dirichlet_0.1|14|post_footprint_on,min_dist,7.247926789483589,7.247926789483589,1,1
t3_design_space/per_seed_metrics__confirm.csv,dirichlet_0.1|14|post_footprint_on,mean_acc,1.0,1.0,1,1
t3_design_space/per_seed_metrics__confirm.csv,dirichlet_0.1|14|post_footprint_on,worst_acc,1.0,1.0,1,1
t3_design_space/per_seed_metrics__confirm.csv,dirichlet_0.1|14|pre_none_off,min_dist,7.983898664470847,7.983898664470847,1,1
t3_design_space/per_seed_metrics__confirm.csv,dirichlet_0.1|14|pre_none_off,mean_acc,1.0,1.0,1,1
t3_design_space/per_seed_metrics__confirm.csv,dirichlet_0.1|14|pre_none_off,worst_acc,1.0,1.0,1,1
t3_design_space/per_seed_metrics__confirm.csv,dirichlet_0.1|14|pre_footprint_off,min_dist,7.972639161463985,7.972639161463985,1,1
t3_design_space/per_seed_metrics__confirm.csv,dirichlet_0.1|14|pre_footprint_off,mean_acc,1.0,1.0,1,1
t3_design_space/per_seed_metrics__confirm.csv,dirichlet_0.1|14|pre_footprint_off,worst_acc,1.0,1.0,1,1
t3_design_space/per_seed_metrics__confirm.csv,dirichlet_0.1|14|pre_mass_off,min_dist,7.973029726958977,7.973029726958977,1,1
t3_design_space/per_seed_metrics__confirm.csv,dirichlet_0.1|14|pre_mass_off,mean_acc,1.0,1.0,1,1
t3_design_space/per_seed_metrics__confirm.csv,dirichlet_0.1|14|pre_mass_off,worst_acc,1.0,1.0,1,1
t3_design_space/per_seed_metrics__confirm.csv,dirichlet_0.1|15|post_none_off,min_dist,0.4284497544881071,0.4284497544881071,1,1
t3_design_space/per_seed_metrics__confirm.csv,dirichlet_0.1|15|post_none_off,mean_acc,0.9526515151515152,0.9526515151515152,1,1
t3_design_space/per_seed_metrics__confirm.csv,dirichlet_0.1|15|post_none_off,worst_acc,0.5818181818181818,0.5818181818181818,1,1
t3_design_space/per_seed_metrics__confirm.csv,dirichlet_0.1|15|post_footprint_off,min_dist,1.0137106800360054,1.0137106800360054,1,1
t3_design_space/per_seed_metrics__confirm.csv,dirichlet_0.1|15|post_footprint_off,mean_acc,0.7647727272727273,0.7647727272727273,1,1
t3_design_space/per_seed_metrics__confirm.csv,dirichlet_0.1|15|post_footprint_off,worst_acc,0.509090909090909,0.509090909090909,1,1
t3_design_space/per_seed_metrics__confirm.csv,dirichlet_0.1|15|post_footprint_on,min_dist,1.185486159565342,1.185486159565342,1,1
t3_design_space/per_seed_metrics__confirm.csv,dirichlet_0.1|15|post_footprint_on,mean_acc,0.8106060606060607,0.8106060606060607,1,1
t3_design_space/per_seed_metrics__confirm.csv,dirichlet_0.1|15|post_footprint_on,worst_acc,0.55,0.55,1,1
t3_design_space/per_seed_metrics__confirm.csv,dirichlet_0.1|15|pre_none_off,min_dist,1.1557845455038112,1.1557845455038112,1,1
t3_design_space/per_seed_metrics__confirm.csv,dirichlet_0.1|15|pre_none_off,mean_acc,0.8647727272727272,0.8647727272727272,1,1
t3_design_space/per_seed_metrics__confirm.csv,dirichlet_0.1|15|pre_none_off,worst_acc,0.5818181818181818,0.5818181818181818,1,1
t3_design_space/per_seed_metrics__confirm.csv,dirichlet_0.1|15|pre_footprint_off,min_dist,1.0289716809622793,1.0289716809622793,1,1
t3_design_space/per_seed_metrics__confirm.csv,dirichlet_0.1|15|pre_footprint_off,mean_acc,0.8462121212121212,0.8462121212121212,1,1
t3_design_space/per_seed_metrics__confirm.csv,dirichlet_0.1|15|pre_footprint_off,worst_acc,0.5818181818181818,0.5818181818181818,1,1
t3_design_space/per_seed_metrics__confirm.csv,dirichlet_0.1|15|pre_mass_off,min_dist,1.0301596207604942,1.0301596207604942,1,1
t3_design_space/per_seed_metrics__confirm.csv,dirichlet_0.1|15|pre_mass_off,mean_acc,0.8477272727272727,0.8477272727272727,1,1
t3_design_space/per_seed_metrics__confirm.csv,dirichlet_0.1|15|pre_mass_off,worst_acc,0.5818181818181818,0.5818181818181818,1,1
t3_design_space/per_seed_metrics__confirm.csv,dirichlet_0.1|16|post_none_off,min_dist,2.8289719114495377,2.8289719114495377,1,1
t3_design_space/per_seed_metrics__confirm.csv,dirichlet_0.1|16|post_none_off,mean_acc,0.9996212121212121,0.9996212121212121,1,1
t3_design_space/per_seed_metrics__confirm.csv,dirichlet_0.1|16|post_none_off,worst_acc,0.9954545454545455,0.9954545454545455,1,1
t3_design_space/per_seed_metrics__confirm.csv,dirichlet_0.1|16|post_footprint_off,min_dist,7.529563599174889,7.529563599174889,1,1
t3_design_space/per_seed_metrics__confirm.csv,dirichlet_0.1|16|post_footprint_off,mean_acc,1.0,1.0,1,1
t3_design_space/per_seed_metrics__confirm.csv,dirichlet_0.1|16|post_footprint_off,worst_acc,1.0,1.0,1,1
t3_design_space/per_seed_metrics__confirm.csv,dirichlet_0.1|16|post_footprint_on,min_dist,7.52063400292984,7.52063400292984,1,1
t3_design_space/per_seed_metrics__confirm.csv,dirichlet_0.1|16|post_footprint_on,mean_acc,1.0,1.0,1,1
t3_design_space/per_seed_metrics__confirm.csv,dirichlet_0.1|16|post_footprint_on,worst_acc,1.0,1.0,1,1
t3_design_space/per_seed_metrics__confirm.csv,dirichlet_0.1|16|pre_none_off,min_dist,7.863476173461225,7.863476173461225,1,1
t3_design_space/per_seed_metrics__confirm.csv,dirichlet_0.1|16|pre_none_off,mean_acc,1.0,1.0,1,1
t3_design_space/per_seed_metrics__confirm.csv,dirichlet_0.1|16|pre_none_off,worst_acc,1.0,1.0,1,1
t3_design_space/per_seed_metrics__confirm.csv,dirichlet_0.1|16|pre_footprint_off,min_dist,7.884767932362705,7.884767932362705,1,1
t3_design_space/per_seed_metrics__confirm.csv,dirichlet_0.1|16|pre_footprint_off,mean_acc,1.0,1.0,1,1
t3_design_space/per_seed_metrics__confirm.csv,dirichlet_0.1|16|pre_footprint_off,worst_acc,1.0,1.0,1,1
t3_design_space/per_seed_metrics__confirm.csv,dirichlet_0.1|16|pre_mass_off,min_dist,7.884656158669892,7.884656158669892,1,1
t3_design_space/per_seed_metrics__confirm.csv,dirichlet_0.1|16|pre_mass_off,mean_acc,1.0,1.0,1,1
t3_design_space/per_seed_metrics__confirm.csv,dirichlet_0.1|16|pre_mass_off,worst_acc,1.0,1.0,1,1
t3_design_space/per_seed_metrics__confirm.csv,dirichlet_0.1|17|post_none_off,min_dist,0.8098982455937466,0.8098982455937466,1,1
t3_design_space/per_seed_metrics__confirm.csv,dirichlet_0.1|17|post_none_off,mean_acc,0.8992424242424243,0.8992424242424243,1,1
t3_design_space/per_seed_metrics__confirm.csv,dirichlet_0.1|17|post_none_off,worst_acc,0.5954545454545455,0.5954545454545455,1,1
t3_design_space/per_seed_metrics__confirm.csv,dirichlet_0.1|17|post_footprint_off,min_dist,7.4407566260419955,7.4407566260419955,1,1
t3_design_space/per_seed_metrics__confirm.csv,dirichlet_0.1|17|post_footprint_off,mean_acc,1.0,1.0,1,1
t3_design_space/per_seed_metrics__confirm.csv,dirichlet_0.1|17|post_footprint_off,worst_acc,1.0,1.0,1,1
t3_design_space/per_seed_metrics__confirm.csv,dirichlet_0.1|17|post_footprint_on,min_dist,7.422447533310656,7.422447533310656,1,1
t3_design_space/per_seed_metrics__confirm.csv,dirichlet_0.1|17|post_footprint_on,mean_acc,1.0,1.0,1,1
t3_design_space/per_seed_metrics__confirm.csv,dirichlet_0.1|17|post_footprint_on,worst_acc,1.0,1.0,1,1
t3_design_space/per_seed_metrics__confirm.csv,dirichlet_0.1|17|pre_none_off,min_dist,7.84525379496172,7.84525379496172,1,1
t3_design_space/per_seed_metrics__confirm.csv,dirichlet_0.1|17|pre_none_off,mean_acc,1.0,1.0,1,1
t3_design_space/per_seed_metrics__confirm.csv,dirichlet_0.1|17|pre_none_off,worst_acc,1.0,1.0,1,1
t3_design_space/per_seed_metrics__confirm.csv,dirichlet_0.1|17|pre_footprint_off,min_dist,7.902054994877813,7.902054994877813,1,1
t3_design_space/per_seed_metrics__confirm.csv,dirichlet_0.1|17|pre_footprint_off,mean_acc,1.0,1.0,1,1
t3_design_space/per_seed_metrics__confirm.csv,dirichlet_0.1|17|pre_footprint_off,worst_acc,1.0,1.0,1,1
t3_design_space/per_seed_metrics__confirm.csv,dirichlet_0.1|17|pre_mass_off,min_dist,7.900862900957707,7.900862900957707,1,1
t3_design_space/per_seed_metrics__confirm.csv,dirichlet_0.1|17|pre_mass_off,mean_acc,1.0,1.0,1,1
t3_design_space/per_seed_metrics__confirm.csv,dirichlet_0.1|17|pre_mass_off,worst_acc,1.0,1.0,1,1
t3_design_space/per_seed_metrics__confirm.csv,dirichlet_0.1|18|post_none_off,min_dist,1.6614534617880943,1.6614534617880943,1,1
t3_design_space/per_seed_metrics__confirm.csv,dirichlet_0.1|18|post_none_off,mean_acc,0.9643939393939395,0.9643939393939395,1,1
t3_design_space/per_seed_metrics__confirm.csv,dirichlet_0.1|18|post_none_off,worst_acc,0.9090909090909091,0.9090909090909091,1,1
t3_design_space/per_seed_metrics__confirm.csv,dirichlet_0.1|18|post_footprint_off,min_dist,1.0969663811737531,1.0969663811737531,1,1
t3_design_space/per_seed_metrics__confirm.csv,dirichlet_0.1|18|post_footprint_off,mean_acc,0.809469696969697,0.809469696969697,1,1
t3_design_space/per_seed_metrics__confirm.csv,dirichlet_0.1|18|post_footprint_off,worst_acc,0.5636363636363636,0.5636363636363636,1,1
t3_design_space/per_seed_metrics__confirm.csv,dirichlet_0.1|18|post_footprint_on,min_dist,6.79873538740738,6.79873538740738,1,1
t3_design_space/per_seed_metrics__confirm.csv,dirichlet_0.1|18|post_footprint_on,mean_acc,1.0,1.0,1,1
t3_design_space/per_seed_metrics__confirm.csv,dirichlet_0.1|18|post_footprint_on,worst_acc,1.0,1.0,1,1
t3_design_space/per_seed_metrics__confirm.csv,dirichlet_0.1|18|pre_none_off,min_dist,8.09712002830685,8.09712002830685,1,1
t3_design_space/per_seed_metrics__confirm.csv,dirichlet_0.1|18|pre_none_off,mean_acc,1.0,1.0,1,1
t3_design_space/per_seed_metrics__confirm.csv,dirichlet_0.1|18|pre_none_off,worst_acc,1.0,1.0,1,1
t3_design_space/per_seed_metrics__confirm.csv,dirichlet_0.1|18|pre_footprint_off,min_dist,8.224369040966476,8.224369040966476,1,1
t3_design_space/per_seed_metrics__confirm.csv,dirichlet_0.1|18|pre_footprint_off,mean_acc,1.0,1.0,1,1
t3_design_space/per_seed_metrics__confirm.csv,dirichlet_0.1|18|pre_footprint_off,worst_acc,1.0,1.0,1,1
t3_design_space/per_seed_metrics__confirm.csv,dirichlet_0.1|18|pre_mass_off,min_dist,8.225408751189567,8.225408751189567,1,1
t3_design_space/per_seed_metrics__confirm.csv,dirichlet_0.1|18|pre_mass_off,mean_acc,1.0,1.0,1,1
t3_design_space/per_seed_metrics__confirm.csv,dirichlet_0.1|18|pre_mass_off,worst_acc,1.0,1.0,1,1
t3_design_space/per_seed_metrics__confirm.csv,dirichlet_0.1|19|post_none_off,min_dist,0.6297787478863557,0.6297787478863557,1,1
t3_design_space/per_seed_metrics__confirm.csv,dirichlet_0.1|19|post_none_off,mean_acc,0.8787878787878788,0.8787878787878788,1,1
t3_design_space/per_seed_metrics__confirm.csv,dirichlet_0.1|19|post_none_off,worst_acc,0.6727272727272727,0.6727272727272727,1,1
t3_design_space/per_seed_metrics__confirm.csv,dirichlet_0.1|19|post_footprint_off,min_dist,7.80753082393872,7.80753082393872,1,1
t3_design_space/per_seed_metrics__confirm.csv,dirichlet_0.1|19|post_footprint_off,mean_acc,1.0,1.0,1,1
t3_design_space/per_seed_metrics__confirm.csv,dirichlet_0.1|19|post_footprint_off,worst_acc,1.0,1.0,1,1
t3_design_space/per_seed_metrics__confirm.csv,dirichlet_0.1|19|post_footprint_on,min_dist,7.773452501863741,7.773452501863741,1,1
t3_design_space/per_seed_metrics__confirm.csv,dirichlet_0.1|19|post_footprint_on,mean_acc,1.0,1.0,1,1
t3_design_space/per_seed_metrics__confirm.csv,dirichlet_0.1|19|post_footprint_on,worst_acc,1.0,1.0,1,1
t3_design_space/per_seed_metrics__confirm.csv,dirichlet_0.1|19|pre_none_off,min_dist,8.094141176911242,8.094141176911242,1,1
t3_design_space/per_seed_metrics__confirm.csv,dirichlet_0.1|19|pre_none_off,mean_acc,1.0,1.0,1,1
t3_design_space/per_seed_metrics__confirm.csv,dirichlet_0.1|19|pre_none_off,worst_acc,1.0,1.0,1,1
t3_design_space/per_seed_metrics__confirm.csv,dirichlet_0.1|19|pre_footprint_off,min_dist,8.110055635286809,8.110055635286809,1,1
t3_design_space/per_seed_metrics__confirm.csv,dirichlet_0.1|19|pre_footprint_off,mean_acc,1.0,1.0,1,1
t3_design_space/per_seed_metrics__confirm.csv,dirichlet_0.1|19|pre_footprint_off,worst_acc,1.0,1.0,1,1
t3_design_space/per_seed_metrics__confirm.csv,dirichlet_0.1|19|pre_mass_off,min_dist,8.11154806289646,8.11154806289646,1,1
t3_design_space/per_seed_metrics__confirm.csv,dirichlet_0.1|19|pre_mass_off,mean_acc,1.0,1.0,1,1
t3_design_space/per_seed_metrics__confirm.csv,dirichlet_0.1|19|pre_mass_off,worst_acc,1.0,1.0,1,1
t3_design_space/per_seed_metrics__confirm.csv,overlap_noise|10|post_none_off,min_dist,4.247621346529994,4.247621346529994,1,1
t3_design_space/per_seed_metrics__confirm.csv,overlap_noise|10|post_none_off,mean_acc,0.8575757575757574,0.8575757575757574,1,1
t3_design_space/per_seed_metrics__confirm.csv,overlap_noise|10|post_none_off,worst_acc,0.7636363636363637,0.7636363636363637,1,1
t3_design_space/per_seed_metrics__confirm.csv,overlap_noise|10|post_footprint_off,min_dist,4.693461213531701,4.693461213531701,1,1
t3_design_space/per_seed_metrics__confirm.csv,overlap_noise|10|post_footprint_off,mean_acc,0.9049242424242423,0.9049242424242423,1,1
t3_design_space/per_seed_metrics__confirm.csv,overlap_noise|10|post_footprint_off,worst_acc,0.8772727272727273,0.8772727272727273,1,1
t3_design_space/per_seed_metrics__confirm.csv,overlap_noise|10|post_footprint_on,min_dist,4.689065888104451,4.689065888104451,1,1
t3_design_space/per_seed_metrics__confirm.csv,overlap_noise|10|post_footprint_on,mean_acc,0.893560606060606,0.893560606060606,1,1
t3_design_space/per_seed_metrics__confirm.csv,overlap_noise|10|post_footprint_on,worst_acc,0.8727272727272727,0.8727272727272727,1,1
t3_design_space/per_seed_metrics__confirm.csv,overlap_noise|10|pre_none_off,min_dist,4.56490111429463,4.56490111429463,1,1
t3_design_space/per_seed_metrics__confirm.csv,overlap_noise|10|pre_none_off,mean_acc,0.903030303030303,0.903030303030303,1,1
t3_design_space/per_seed_metrics__confirm.csv,overlap_noise|10|pre_none_off,worst_acc,0.8818181818181818,0.8818181818181818,1,1
t3_design_space/per_seed_metrics__confirm.csv,overlap_noise|10|pre_footprint_off,min_dist,4.780994415436113,4.780994415436113,1,1
t3_design_space/per_seed_metrics__confirm.csv,overlap_noise|10|pre_footprint_off,mean_acc,0.9053030303030303,0.9053030303030303,1,1
t3_design_space/per_seed_metrics__confirm.csv,overlap_noise|10|pre_footprint_off,worst_acc,0.8863636363636364,0.8863636363636364,1,1
t3_design_space/per_seed_metrics__confirm.csv,overlap_noise|10|pre_mass_off,min_dist,4.773134110317868,4.773134110317868,1,1
t3_design_space/per_seed_metrics__confirm.csv,overlap_noise|10|pre_mass_off,mean_acc,0.9053030303030302,0.9053030303030302,1,1
t3_design_space/per_seed_metrics__confirm.csv,overlap_noise|10|pre_mass_off,worst_acc,0.8863636363636364,0.8863636363636364,1,1
t3_design_space/per_seed_metrics__confirm.csv,overlap_noise|11|post_none_off,min_dist,3.652281086880585,3.652281086880585,1,1
t3_design_space/per_seed_metrics__confirm.csv,overlap_noise|11|post_none_off,mean_acc,0.818939393939394,0.818939393939394,1,1
t3_design_space/per_seed_metrics__confirm.csv,overlap_noise|11|post_none_off,worst_acc,0.7454545454545455,0.7454545454545455,1,1
t3_design_space/per_seed_metrics__confirm.csv,overlap_noise|11|post_footprint_off,min_dist,4.9986542500327245,4.9986542500327245,1,1
t3_design_space/per_seed_metrics__confirm.csv,overlap_noise|11|post_footprint_off,mean_acc,0.9060606060606061,0.9060606060606061,1,1
t3_design_space/per_seed_metrics__confirm.csv,overlap_noise|11|post_footprint_off,worst_acc,0.8681818181818182,0.8681818181818182,1,1
t3_design_space/per_seed_metrics__confirm.csv,overlap_noise|11|post_footprint_on,min_dist,5.008059127000421,5.008059127000421,1,1
t3_design_space/per_seed_metrics__confirm.csv,overlap_noise|11|post_footprint_on,mean_acc,0.896969696969697,0.896969696969697,1,1
t3_design_space/per_seed_metrics__confirm.csv,overlap_noise|11|post_footprint_on,worst_acc,0.8545454545454545,0.8545454545454545,1,1
t3_design_space/per_seed_metrics__confirm.csv,overlap_noise|11|pre_none_off,min_dist,4.834494753786049,4.834494753786049,1,1
t3_design_space/per_seed_metrics__confirm.csv,overlap_noise|11|pre_none_off,mean_acc,0.9060606060606061,0.9060606060606061,1,1
t3_design_space/per_seed_metrics__confirm.csv,overlap_noise|11|pre_none_off,worst_acc,0.8681818181818182,0.8681818181818182,1,1
t3_design_space/per_seed_metrics__confirm.csv,overlap_noise|11|pre_footprint_off,min_dist,5.129575691900894,5.129575691900894,1,1
t3_design_space/per_seed_metrics__confirm.csv,overlap_noise|11|pre_footprint_off,mean_acc,0.9060606060606061,0.9060606060606061,1,1
t3_design_space/per_seed_metrics__confirm.csv,overlap_noise|11|pre_footprint_off,worst_acc,0.8727272727272727,0.8727272727272727,1,1
t3_design_space/per_seed_metrics__confirm.csv,overlap_noise|11|pre_mass_off,min_dist,5.119205008937024,5.119205008937024,1,1
t3_design_space/per_seed_metrics__confirm.csv,overlap_noise|11|pre_mass_off,mean_acc,0.9060606060606061,0.9060606060606061,1,1
t3_design_space/per_seed_metrics__confirm.csv,overlap_noise|11|pre_mass_off,worst_acc,0.8727272727272727,0.8727272727272727,1,1
t3_design_space/per_seed_metrics__confirm.csv,overlap_noise|12|post_none_off,min_dist,3.3298759355491545,3.3298759355491545,1,1
t3_design_space/per_seed_metrics__confirm.csv,overlap_noise|12|post_none_off,mean_acc,0.8943181818181816,0.8943181818181816,1,1
t3_design_space/per_seed_metrics__confirm.csv,overlap_noise|12|post_none_off,worst_acc,0.8727272727272727,0.8727272727272727,1,1
t3_design_space/per_seed_metrics__confirm.csv,overlap_noise|12|post_footprint_off,min_dist,5.426189647907695,5.426189647907695,1,1
t3_design_space/per_seed_metrics__confirm.csv,overlap_noise|12|post_footprint_off,mean_acc,0.903030303030303,0.903030303030303,1,1
t3_design_space/per_seed_metrics__confirm.csv,overlap_noise|12|post_footprint_off,worst_acc,0.8772727272727273,0.8772727272727273,1,1
t3_design_space/per_seed_metrics__confirm.csv,overlap_noise|12|post_footprint_on,min_dist,5.451954706167259,5.451954706167259,1,1
t3_design_space/per_seed_metrics__confirm.csv,overlap_noise|12|post_footprint_on,mean_acc,0.8958333333333335,0.8958333333333335,1,1
t3_design_space/per_seed_metrics__confirm.csv,overlap_noise|12|post_footprint_on,worst_acc,0.8590909090909091,0.8590909090909091,1,1
t3_design_space/per_seed_metrics__confirm.csv,overlap_noise|12|pre_none_off,min_dist,5.288833104136316,5.288833104136316,1,1
t3_design_space/per_seed_metrics__confirm.csv,overlap_noise|12|pre_none_off,mean_acc,0.9030303030303028,0.9030303030303028,1,1
t3_design_space/per_seed_metrics__confirm.csv,overlap_noise|12|pre_none_off,worst_acc,0.8727272727272727,0.8727272727272727,1,1
t3_design_space/per_seed_metrics__confirm.csv,overlap_noise|12|pre_footprint_off,min_dist,5.540819033805018,5.540819033805018,1,1
t3_design_space/per_seed_metrics__confirm.csv,overlap_noise|12|pre_footprint_off,mean_acc,0.9022727272727272,0.9022727272727272,1,1
t3_design_space/per_seed_metrics__confirm.csv,overlap_noise|12|pre_footprint_off,worst_acc,0.8681818181818182,0.8681818181818182,1,1
t3_design_space/per_seed_metrics__confirm.csv,overlap_noise|12|pre_mass_off,min_dist,5.535003645160689,5.535003645160689,1,1
t3_design_space/per_seed_metrics__confirm.csv,overlap_noise|12|pre_mass_off,mean_acc,0.9018939393939394,0.9018939393939394,1,1
t3_design_space/per_seed_metrics__confirm.csv,overlap_noise|12|pre_mass_off,worst_acc,0.8681818181818182,0.8681818181818182,1,1
t3_design_space/per_seed_metrics__confirm.csv,overlap_noise|13|post_none_off,min_dist,3.156439738886084,3.156439738886084,1,1
t3_design_space/per_seed_metrics__confirm.csv,overlap_noise|13|post_none_off,mean_acc,0.709848484848485,0.709848484848485,1,1
t3_design_space/per_seed_metrics__confirm.csv,overlap_noise|13|post_none_off,worst_acc,0.5863636363636363,0.5863636363636363,1,1
t3_design_space/per_seed_metrics__confirm.csv,overlap_noise|13|post_footprint_off,min_dist,3.0891116985745053,3.0891116985745053,1,1
t3_design_space/per_seed_metrics__confirm.csv,overlap_noise|13|post_footprint_off,mean_acc,0.8272727272727272,0.8272727272727272,1,1
t3_design_space/per_seed_metrics__confirm.csv,overlap_noise|13|post_footprint_off,worst_acc,0.7136363636363636,0.7136363636363636,1,1
t3_design_space/per_seed_metrics__confirm.csv,overlap_noise|13|post_footprint_on,min_dist,2.9516565821315965,2.9516565821315965,1,1
t3_design_space/per_seed_metrics__confirm.csv,overlap_noise|13|post_footprint_on,mean_acc,0.8007575757575759,0.8007575757575759,1,1
t3_design_space/per_seed_metrics__confirm.csv,overlap_noise|13|post_footprint_on,worst_acc,0.6045454545454545,0.6045454545454545,1,1
t3_design_space/per_seed_metrics__confirm.csv,overlap_noise|13|pre_none_off,min_dist,3.456290932188594,3.456290932188594,1,1
t3_design_space/per_seed_metrics__confirm.csv,overlap_noise|13|pre_none_off,mean_acc,0.8401515151515152,0.8401515151515152,1,1
t3_design_space/per_seed_metrics__confirm.csv,overlap_noise|13|pre_none_off,worst_acc,0.7545454545454545,0.7545454545454545,1,1
t3_design_space/per_seed_metrics__confirm.csv,overlap_noise|13|pre_footprint_off,min_dist,5.056252703902216,5.056252703902216,1,1
t3_design_space/per_seed_metrics__confirm.csv,overlap_noise|13|pre_footprint_off,mean_acc,0.8943181818181819,0.8943181818181819,1,1
t3_design_space/per_seed_metrics__confirm.csv,overlap_noise|13|pre_footprint_off,worst_acc,0.8590909090909091,0.8590909090909091,1,1
t3_design_space/per_seed_metrics__confirm.csv,overlap_noise|13|pre_mass_off,min_dist,5.032506977295785,5.032506977295785,1,1
t3_design_space/per_seed_metrics__confirm.csv,overlap_noise|13|pre_mass_off,mean_acc,0.893181818181818,0.893181818181818,1,1
t3_design_space/per_seed_metrics__confirm.csv,overlap_noise|13|pre_mass_off,worst_acc,0.8545454545454545,0.8545454545454545,1,1
t3_design_space/per_seed_metrics__confirm.csv,overlap_noise|14|post_none_off,min_dist,3.856613126872144,3.856613126872144,1,1
t3_design_space/per_seed_metrics__confirm.csv,overlap_noise|14|post_none_off,mean_acc,0.8920454545454546,0.8920454545454546,1,1
t3_design_space/per_seed_metrics__confirm.csv,overlap_noise|14|post_none_off,worst_acc,0.8727272727272727,0.8727272727272727,1,1
t3_design_space/per_seed_metrics__confirm.csv,overlap_noise|14|post_footprint_off,min_dist,5.033539013394141,5.033539013394141,1,1
t3_design_space/per_seed_metrics__confirm.csv,overlap_noise|14|post_footprint_off,mean_acc,0.9018939393939394,0.9018939393939394,1,1
t3_design_space/per_seed_metrics__confirm.csv,overlap_noise|14|post_footprint_off,worst_acc,0.8727272727272727,0.8727272727272727,1,1
t3_design_space/per_seed_metrics__confirm.csv,overlap_noise|14|post_footprint_on,min_dist,5.060295574933351,5.060295574933351,1,1
t3_design_space/per_seed_metrics__confirm.csv,overlap_noise|14|post_footprint_on,mean_acc,0.8946969696969697,0.8946969696969697,1,1
t3_design_space/per_seed_metrics__confirm.csv,overlap_noise|14|post_footprint_on,worst_acc,0.8363636363636363,0.8363636363636363,1,1
t3_design_space/per_seed_metrics__confirm.csv,overlap_noise|14|pre_none_off,min_dist,4.843320599910673,4.843320599910673,1,1
t3_design_space/per_seed_metrics__confirm.csv,overlap_noise|14|pre_none_off,mean_acc,0.901893939393939,0.901893939393939,1,1
t3_design_space/per_seed_metrics__confirm.csv,overlap_noise|14|pre_none_off,worst_acc,0.8727272727272727,0.8727272727272727,1,1
t3_design_space/per_seed_metrics__confirm.csv,overlap_noise|14|pre_footprint_off,min_dist,5.232443213065697,5.232443213065697,1,1
t3_design_space/per_seed_metrics__confirm.csv,overlap_noise|14|pre_footprint_off,mean_acc,0.903030303030303,0.903030303030303,1,1
t3_design_space/per_seed_metrics__confirm.csv,overlap_noise|14|pre_footprint_off,worst_acc,0.8681818181818182,0.8681818181818182,1,1
t3_design_space/per_seed_metrics__confirm.csv,overlap_noise|14|pre_mass_off,min_dist,5.222003034449665,5.222003034449665,1,1
t3_design_space/per_seed_metrics__confirm.csv,overlap_noise|14|pre_mass_off,mean_acc,0.903030303030303,0.903030303030303,1,1
t3_design_space/per_seed_metrics__confirm.csv,overlap_noise|14|pre_mass_off,worst_acc,0.8681818181818182,0.8681818181818182,1,1
t3_design_space/per_seed_metrics__confirm.csv,overlap_noise|15|post_none_off,min_dist,4.011412555869421,4.011412555869421,1,1
t3_design_space/per_seed_metrics__confirm.csv,overlap_noise|15|post_none_off,mean_acc,0.8859848484848483,0.8859848484848483,1,1
t3_design_space/per_seed_metrics__confirm.csv,overlap_noise|15|post_none_off,worst_acc,0.8181818181818182,0.8181818181818182,1,1
t3_design_space/per_seed_metrics__confirm.csv,overlap_noise|15|post_footprint_off,min_dist,4.659906123915563,4.659906123915563,1,1
t3_design_space/per_seed_metrics__confirm.csv,overlap_noise|15|post_footprint_off,mean_acc,0.8981060606060608,0.8981060606060608,1,1
t3_design_space/per_seed_metrics__confirm.csv,overlap_noise|15|post_footprint_off,worst_acc,0.8681818181818182,0.8681818181818182,1,1
t3_design_space/per_seed_metrics__confirm.csv,overlap_noise|15|post_footprint_on,min_dist,4.656772309606805,4.656772309606805,1,1
t3_design_space/per_seed_metrics__confirm.csv,overlap_noise|15|post_footprint_on,mean_acc,0.8893939393939393,0.8893939393939393,1,1
t3_design_space/per_seed_metrics__confirm.csv,overlap_noise|15|post_footprint_on,worst_acc,0.8545454545454545,0.8545454545454545,1,1
t3_design_space/per_seed_metrics__confirm.csv,overlap_noise|15|pre_none_off,min_dist,4.4819924718504005,4.4819924718504005,1,1
t3_design_space/per_seed_metrics__confirm.csv,overlap_noise|15|pre_none_off,mean_acc,0.8958333333333331,0.8958333333333331,1,1
t3_design_space/per_seed_metrics__confirm.csv,overlap_noise|15|pre_none_off,worst_acc,0.8636363636363636,0.8636363636363636,1,1
t3_design_space/per_seed_metrics__confirm.csv,overlap_noise|15|pre_footprint_off,min_dist,4.861657171542429,4.861657171542429,1,1
t3_design_space/per_seed_metrics__confirm.csv,overlap_noise|15|pre_footprint_off,mean_acc,0.9015151515151514,0.9015151515151514,1,1
t3_design_space/per_seed_metrics__confirm.csv,overlap_noise|15|pre_footprint_off,worst_acc,0.8727272727272727,0.8727272727272727,1,1
t3_design_space/per_seed_metrics__confirm.csv,overlap_noise|15|pre_mass_off,min_dist,4.850788783996295,4.850788783996295,1,1
t3_design_space/per_seed_metrics__confirm.csv,overlap_noise|15|pre_mass_off,mean_acc,0.9007575757575755,0.9007575757575755,1,1
t3_design_space/per_seed_metrics__confirm.csv,overlap_noise|15|pre_mass_off,worst_acc,0.8727272727272727,0.8727272727272727,1,1
t3_design_space/per_seed_metrics__confirm.csv,overlap_noise|16|post_none_off,min_dist,4.057886905935684,4.057886905935684,1,1
t3_design_space/per_seed_metrics__confirm.csv,overlap_noise|16|post_none_off,mean_acc,0.8799242424242424,0.8799242424242424,1,1
t3_design_space/per_seed_metrics__confirm.csv,overlap_noise|16|post_none_off,worst_acc,0.8545454545454545,0.8545454545454545,1,1
t3_design_space/per_seed_metrics__confirm.csv,overlap_noise|16|post_footprint_off,min_dist,4.794269970675417,4.794269970675417,1,1
t3_design_space/per_seed_metrics__confirm.csv,overlap_noise|16|post_footprint_off,mean_acc,0.8973484848484848,0.8973484848484848,1,1
t3_design_space/per_seed_metrics__confirm.csv,overlap_noise|16|post_footprint_off,worst_acc,0.8818181818181818,0.8818181818181818,1,1
t3_design_space/per_seed_metrics__confirm.csv,overlap_noise|16|post_footprint_on,min_dist,4.809753285092785,4.809753285092785,1,1
t3_design_space/per_seed_metrics__confirm.csv,overlap_noise|16|post_footprint_on,mean_acc,0.887878787878788,0.887878787878788,1,1
t3_design_space/per_seed_metrics__confirm.csv,overlap_noise|16|post_footprint_on,worst_acc,0.8727272727272727,0.8727272727272727,1,1
t3_design_space/per_seed_metrics__confirm.csv,overlap_noise|16|pre_none_off,min_dist,4.479581315437827,4.479581315437827,1,1
t3_design_space/per_seed_metrics__confirm.csv,overlap_noise|16|pre_none_off,mean_acc,0.891287878787879,0.891287878787879,1,1
t3_design_space/per_seed_metrics__confirm.csv,overlap_noise|16|pre_none_off,worst_acc,0.8727272727272727,0.8727272727272727,1,1
t3_design_space/per_seed_metrics__confirm.csv,overlap_noise|16|pre_footprint_off,min_dist,5.018433888574486,5.018433888574486,1,1
t3_design_space/per_seed_metrics__confirm.csv,overlap_noise|16|pre_footprint_off,mean_acc,0.899621212121212,0.899621212121212,1,1
t3_design_space/per_seed_metrics__confirm.csv,overlap_noise|16|pre_footprint_off,worst_acc,0.8727272727272727,0.8727272727272727,1,1
t3_design_space/per_seed_metrics__confirm.csv,overlap_noise|16|pre_mass_off,min_dist,4.997699210126117,4.997699210126117,1,1
t3_design_space/per_seed_metrics__confirm.csv,overlap_noise|16|pre_mass_off,mean_acc,0.899621212121212,0.899621212121212,1,1
t3_design_space/per_seed_metrics__confirm.csv,overlap_noise|16|pre_mass_off,worst_acc,0.8727272727272727,0.8727272727272727,1,1
t3_design_space/per_seed_metrics__confirm.csv,overlap_noise|17|post_none_off,min_dist,3.3471694936891114,3.3471694936891114,1,1
t3_design_space/per_seed_metrics__confirm.csv,overlap_noise|17|post_none_off,mean_acc,0.8496212121212121,0.8496212121212121,1,1
t3_design_space/per_seed_metrics__confirm.csv,overlap_noise|17|post_none_off,worst_acc,0.759090909090909,0.759090909090909,1,1
t3_design_space/per_seed_metrics__confirm.csv,overlap_noise|17|post_footprint_off,min_dist,5.048895431092277,5.048895431092277,1,1
t3_design_space/per_seed_metrics__confirm.csv,overlap_noise|17|post_footprint_off,mean_acc,0.8928030303030302,0.8928030303030302,1,1
t3_design_space/per_seed_metrics__confirm.csv,overlap_noise|17|post_footprint_off,worst_acc,0.8545454545454545,0.8545454545454545,1,1
t3_design_space/per_seed_metrics__confirm.csv,overlap_noise|17|post_footprint_on,min_dist,5.045565169283086,5.045565169283086,1,1
t3_design_space/per_seed_metrics__confirm.csv,overlap_noise|17|post_footprint_on,mean_acc,0.8799242424242424,0.8799242424242424,1,1
t3_design_space/per_seed_metrics__confirm.csv,overlap_noise|17|post_footprint_on,worst_acc,0.8045454545454546,0.8045454545454546,1,1
t3_design_space/per_seed_metrics__confirm.csv,overlap_noise|17|pre_none_off,min_dist,4.6908591640865565,4.6908591640865565,1,1
t3_design_space/per_seed_metrics__confirm.csv,overlap_noise|17|pre_none_off,mean_acc,0.8833333333333332,0.8833333333333332,1,1
t3_design_space/per_seed_metrics__confirm.csv,overlap_noise|17|pre_none_off,worst_acc,0.8272727272727273,0.8272727272727273,1,1
t3_design_space/per_seed_metrics__confirm.csv,overlap_noise|17|pre_footprint_off,min_dist,5.249087217043511,5.249087217043511,1,1
t3_design_space/per_seed_metrics__confirm.csv,overlap_noise|17|pre_footprint_off,mean_acc,0.8924242424242422,0.8924242424242422,1,1
t3_design_space/per_seed_metrics__confirm.csv,overlap_noise|17|pre_footprint_off,worst_acc,0.8545454545454545,0.8545454545454545,1,1
t3_design_space/per_seed_metrics__confirm.csv,overlap_noise|17|pre_mass_off,min_dist,5.222236043745193,5.222236043745193,1,1
t3_design_space/per_seed_metrics__confirm.csv,overlap_noise|17|pre_mass_off,mean_acc,0.8924242424242422,0.8924242424242422,1,1
t3_design_space/per_seed_metrics__confirm.csv,overlap_noise|17|pre_mass_off,worst_acc,0.8545454545454545,0.8545454545454545,1,1
t3_design_space/per_seed_metrics__confirm.csv,overlap_noise|18|post_none_off,min_dist,4.411659146605073,4.411659146605073,1,1
t3_design_space/per_seed_metrics__confirm.csv,overlap_noise|18|post_none_off,mean_acc,0.8939393939393939,0.8939393939393939,1,1
t3_design_space/per_seed_metrics__confirm.csv,overlap_noise|18|post_none_off,worst_acc,0.8681818181818182,0.8681818181818182,1,1
t3_design_space/per_seed_metrics__confirm.csv,overlap_noise|18|post_footprint_off,min_dist,5.010210587228713,5.010210587228713,1,1
t3_design_space/per_seed_metrics__confirm.csv,overlap_noise|18|post_footprint_off,mean_acc,0.8977272727272728,0.8977272727272728,1,1
t3_design_space/per_seed_metrics__confirm.csv,overlap_noise|18|post_footprint_off,worst_acc,0.8681818181818182,0.8681818181818182,1,1
t3_design_space/per_seed_metrics__confirm.csv,overlap_noise|18|post_footprint_on,min_dist,5.0149406205501235,5.0149406205501235,1,1
t3_design_space/per_seed_metrics__confirm.csv,overlap_noise|18|post_footprint_on,mean_acc,0.8924242424242425,0.8924242424242425,1,1
t3_design_space/per_seed_metrics__confirm.csv,overlap_noise|18|post_footprint_on,worst_acc,0.8727272727272727,0.8727272727272727,1,1
t3_design_space/per_seed_metrics__confirm.csv,overlap_noise|18|pre_none_off,min_dist,4.9114173530391305,4.9114173530391305,1,1
t3_design_space/per_seed_metrics__confirm.csv,overlap_noise|18|pre_none_off,mean_acc,0.8973484848484846,0.8973484848484846,1,1
t3_design_space/per_seed_metrics__confirm.csv,overlap_noise|18|pre_none_off,worst_acc,0.8681818181818182,0.8681818181818182,1,1
t3_design_space/per_seed_metrics__confirm.csv,overlap_noise|18|pre_footprint_off,min_dist,5.102436925460713,5.102436925460713,1,1
t3_design_space/per_seed_metrics__confirm.csv,overlap_noise|18|pre_footprint_off,mean_acc,0.8977272727272728,0.8977272727272728,1,1
t3_design_space/per_seed_metrics__confirm.csv,overlap_noise|18|pre_footprint_off,worst_acc,0.8681818181818182,0.8681818181818182,1,1
t3_design_space/per_seed_metrics__confirm.csv,overlap_noise|18|pre_mass_off,min_dist,5.096471121960906,5.096471121960906,1,1
t3_design_space/per_seed_metrics__confirm.csv,overlap_noise|18|pre_mass_off,mean_acc,0.8977272727272728,0.8977272727272728,1,1
t3_design_space/per_seed_metrics__confirm.csv,overlap_noise|18|pre_mass_off,worst_acc,0.8681818181818182,0.8681818181818182,1,1
t3_design_space/per_seed_metrics__confirm.csv,overlap_noise|19|post_none_off,min_dist,3.6065154801657666,3.6065154801657666,1,1
t3_design_space/per_seed_metrics__confirm.csv,overlap_noise|19|post_none_off,mean_acc,0.9011363636363635,0.9011363636363635,1,1
t3_design_space/per_seed_metrics__confirm.csv,overlap_noise|19|post_none_off,worst_acc,0.8772727272727273,0.8772727272727273,1,1
t3_design_space/per_seed_metrics__confirm.csv,overlap_noise|19|post_footprint_off,min_dist,5.186579889098181,5.186579889098181,1,1
t3_design_space/per_seed_metrics__confirm.csv,overlap_noise|19|post_footprint_off,mean_acc,0.9102272727272727,0.9102272727272727,1,1
t3_design_space/per_seed_metrics__confirm.csv,overlap_noise|19|post_footprint_off,worst_acc,0.8954545454545455,0.8954545454545455,1,1
t3_design_space/per_seed_metrics__confirm.csv,overlap_noise|19|post_footprint_on,min_dist,5.197574616379302,5.197574616379302,1,1
t3_design_space/per_seed_metrics__confirm.csv,overlap_noise|19|post_footprint_on,mean_acc,0.9022727272727273,0.9022727272727273,1,1
t3_design_space/per_seed_metrics__confirm.csv,overlap_noise|19|post_footprint_on,worst_acc,0.8818181818181818,0.8818181818181818,1,1
t3_design_space/per_seed_metrics__confirm.csv,overlap_noise|19|pre_none_off,min_dist,5.112326189293027,5.112326189293027,1,1
t3_design_space/per_seed_metrics__confirm.csv,overlap_noise|19|pre_none_off,mean_acc,0.9094696969696968,0.9094696969696968,1,1
t3_design_space/per_seed_metrics__confirm.csv,overlap_noise|19|pre_none_off,worst_acc,0.8954545454545455,0.8954545454545455,1,1
t3_design_space/per_seed_metrics__confirm.csv,overlap_noise|19|pre_footprint_off,min_dist,5.440669172200029,5.440669172200029,1,1
t3_design_space/per_seed_metrics__confirm.csv,overlap_noise|19|pre_footprint_off,mean_acc,0.9094696969696968,0.9094696969696968,1,1
t3_design_space/per_seed_metrics__confirm.csv,overlap_noise|19|pre_footprint_off,worst_acc,0.8954545454545455,0.8954545454545455,1,1
t3_design_space/per_seed_metrics__confirm.csv,overlap_noise|19|pre_mass_off,min_dist,5.436677086798708,5.436677086798708,1,1
t3_design_space/per_seed_metrics__confirm.csv,overlap_noise|19|pre_mass_off,mean_acc,0.9102272727272727,0.9102272727272727,1,1
t3_design_space/per_seed_metrics__confirm.csv,overlap_noise|19|pre_mass_off,worst_acc,0.8954545454545455,0.8954545454545455,1,1
t3_design_space/per_seed_metrics__confirm.csv,quantity_skew_extreme|10|post_none_off,min_dist,1.086533187328766,1.086533187328766,1,1
t3_design_space/per_seed_metrics__confirm.csv,quantity_skew_extreme|10|post_none_off,mean_acc,0.8388269894418229,0.8388269894418229,1,1
t3_design_space/per_seed_metrics__confirm.csv,quantity_skew_extreme|10|post_none_off,worst_acc,0.5775510204081633,0.5775510204081633,1,1
t3_design_space/per_seed_metrics__confirm.csv,quantity_skew_extreme|10|post_footprint_off,min_dist,1.0738124616153182,1.0738124616153182,1,1
t3_design_space/per_seed_metrics__confirm.csv,quantity_skew_extreme|10|post_footprint_off,mean_acc,0.8374375176291048,0.8374375176291048,1,1
t3_design_space/per_seed_metrics__confirm.csv,quantity_skew_extreme|10|post_footprint_off,worst_acc,0.5755102040816327,0.5755102040816327,1,1
t3_design_space/per_seed_metrics__confirm.csv,quantity_skew_extreme|10|post_footprint_on,min_dist,1.0724450474717593,1.0724450474717593,1,1
t3_design_space/per_seed_metrics__confirm.csv,quantity_skew_extreme|10|post_footprint_on,mean_acc,0.8375073227576686,0.8375073227576686,1,1
t3_design_space/per_seed_metrics__confirm.csv,quantity_skew_extreme|10|post_footprint_on,worst_acc,0.55,0.55,1,1
t3_design_space/per_seed_metrics__confirm.csv,quantity_skew_extreme|10|pre_none_off,min_dist,1.7857063341580988,1.7857063341580988,1,1
t3_design_space/per_seed_metrics__confirm.csv,quantity_skew_extreme|10|pre_none_off,mean_acc,0.8086272091077326,0.8086272091077326,1,1
t3_design_space/per_seed_metrics__confirm.csv,quantity_skew_extreme|10|pre_none_off,worst_acc,0.65,0.65,1,1
t3_design_space/per_seed_metrics__confirm.csv,quantity_skew_extreme|10|pre_footprint_off,min_dist,1.0698530517299518,1.0698530517299518,1,1
t3_design_space/per_seed_metrics__confirm.csv,quantity_skew_extreme|10|pre_footprint_off,mean_acc,0.82602799164555,0.82602799164555,1,1
t3_design_space/per_seed_metrics__confirm.csv,quantity_skew_extreme|10|pre_footprint_off,worst_acc,0.5641025641025641,0.5641025641025641,1,1
t3_design_space/per_seed_metrics__confirm.csv,quantity_skew_extreme|10|pre_mass_off,min_dist,8.06275371532312,8.06275371532312,1,1
t3_design_space/per_seed_metrics__confirm.csv,quantity_skew_extreme|10|pre_mass_off,mean_acc,1.0,1.0,1,1
t3_design_space/per_seed_metrics__confirm.csv,quantity_skew_extreme|10|pre_mass_off,worst_acc,1.0,1.0,1,1
t3_design_space/per_seed_metrics__confirm.csv,quantity_skew_extreme|11|post_none_off,min_dist,2.653498481868955,2.653498481868955,1,1
t3_design_space/per_seed_metrics__confirm.csv,quantity_skew_extreme|11|post_none_off,mean_acc,0.934544896799578,0.934544896799578,1,1
t3_design_space/per_seed_metrics__confirm.csv,quantity_skew_extreme|11|post_none_off,worst_acc,0.819672131147541,0.819672131147541,1,1
t3_design_space/per_seed_metrics__confirm.csv,quantity_skew_extreme|11|post_footprint_off,min_dist,4.273534196554322,4.273534196554322,1,1
t3_design_space/per_seed_metrics__confirm.csv,quantity_skew_extreme|11|post_footprint_off,mean_acc,0.9994606256742179,0.9994606256742179,1,1
t3_design_space/per_seed_metrics__confirm.csv,quantity_skew_extreme|11|post_footprint_off,worst_acc,0.9935275080906149,0.9935275080906149,1,1
t3_design_space/per_seed_metrics__confirm.csv,quantity_skew_extreme|11|post_footprint_on,min_dist,5.187751744543196,5.187751744543196,1,1
t3_design_space/per_seed_metrics__confirm.csv,quantity_skew_extreme|11|post_footprint_on,mean_acc,0.999730312837109,0.999730312837109,1,1
t3_design_space/per_seed_metrics__confirm.csv,quantity_skew_extreme|11|post_footprint_on,worst_acc,0.9967637540453075,0.9967637540453075,1,1
t3_design_space/per_seed_metrics__confirm.csv,quantity_skew_extreme|11|pre_none_off,min_dist,7.696902308839105,7.696902308839105,1,1
t3_design_space/per_seed_metrics__confirm.csv,quantity_skew_extreme|11|pre_none_off,mean_acc,1.0,1.0,1,1
t3_design_space/per_seed_metrics__confirm.csv,quantity_skew_extreme|11|pre_none_off,worst_acc,1.0,1.0,1,1
t3_design_space/per_seed_metrics__confirm.csv,quantity_skew_extreme|11|pre_footprint_off,min_dist,7.744990523694193,7.744990523694193,1,1
t3_design_space/per_seed_metrics__confirm.csv,quantity_skew_extreme|11|pre_footprint_off,mean_acc,1.0,1.0,1,1
t3_design_space/per_seed_metrics__confirm.csv,quantity_skew_extreme|11|pre_footprint_off,worst_acc,1.0,1.0,1,1
t3_design_space/per_seed_metrics__confirm.csv,quantity_skew_extreme|11|pre_mass_off,min_dist,7.744939106484325,7.744939106484325,1,1
t3_design_space/per_seed_metrics__confirm.csv,quantity_skew_extreme|11|pre_mass_off,mean_acc,1.0,1.0,1,1
t3_design_space/per_seed_metrics__confirm.csv,quantity_skew_extreme|11|pre_mass_off,worst_acc,1.0,1.0,1,1
t3_design_space/per_seed_metrics__confirm.csv,quantity_skew_extreme|12|post_none_off,min_dist,2.631121631711307,2.631121631711307,1,1
t3_design_space/per_seed_metrics__confirm.csv,quantity_skew_extreme|12|post_none_off,mean_acc,0.8640552528116907,0.8640552528116907,1,1
t3_design_space/per_seed_metrics__confirm.csv,quantity_skew_extreme|12|post_none_off,worst_acc,0.5816326530612245,0.5816326530612245,1,1
t3_design_space/per_seed_metrics__confirm.csv,quantity_skew_extreme|12|post_footprint_off,min_dist,2.279183589223471,2.279183589223471,1,1
t3_design_space/per_seed_metrics__confirm.csv,quantity_skew_extreme|12|post_footprint_off,mean_acc,0.8255214480475838,0.8255214480475838,1,1
t3_design_space/per_seed_metrics__confirm.csv,quantity_skew_extreme|12|post_footprint_off,worst_acc,0.6020408163265306,0.6020408163265306,1,1
t3_design_space/per_seed_metrics__confirm.csv,quantity_skew_extreme|12|post_footprint_on,min_dist,2.228835365535217,2.228835365535217,1,1
t3_design_space/per_seed_metrics__confirm.csv,quantity_skew_extreme|12|post_footprint_on,mean_acc,0.8652567100901991,0.8652567100901991,1,1
t3_design_space/per_seed_metrics__confirm.csv,quantity_skew_extreme|12|post_footprint_on,worst_acc,0.6923076923076923,0.6923076923076923,1,1
t3_design_space/per_seed_metrics__confirm.csv,quantity_skew_extreme|12|pre_none_off,min_dist,7.536810069678217,7.536810069678217,1,1
t3_design_space/per_seed_metrics__confirm.csv,quantity_skew_extreme|12|pre_none_off,mean_acc,1.0,1.0,1,1
t3_design_space/per_seed_metrics__confirm.csv,quantity_skew_extreme|12|pre_none_off,worst_acc,1.0,1.0,1,1
t3_design_space/per_seed_metrics__confirm.csv,quantity_skew_extreme|12|pre_footprint_off,min_dist,2.5110840364616336,2.5110840364616336,1,1
t3_design_space/per_seed_metrics__confirm.csv,quantity_skew_extreme|12|pre_footprint_off,mean_acc,0.8255565515562472,0.8255565515562472,1,1
t3_design_space/per_seed_metrics__confirm.csv,quantity_skew_extreme|12|pre_footprint_off,worst_acc,0.6428571428571429,0.6428571428571429,1,1
t3_design_space/per_seed_metrics__confirm.csv,quantity_skew_extreme|12|pre_mass_off,min_dist,7.566340477108711,7.566340477108711,1,1
t3_design_space/per_seed_metrics__confirm.csv,quantity_skew_extreme|12|pre_mass_off,mean_acc,1.0,1.0,1,1
t3_design_space/per_seed_metrics__confirm.csv,quantity_skew_extreme|12|pre_mass_off,worst_acc,1.0,1.0,1,1
t3_design_space/per_seed_metrics__confirm.csv,quantity_skew_extreme|13|post_none_off,min_dist,1.0648555251995473,1.0648555251995473,1,1
t3_design_space/per_seed_metrics__confirm.csv,quantity_skew_extreme|13|post_none_off,mean_acc,0.8098436279727705,0.8098436279727705,1,1
t3_design_space/per_seed_metrics__confirm.csv,quantity_skew_extreme|13|post_none_off,worst_acc,0.6,0.6,1,1
t3_design_space/per_seed_metrics__confirm.csv,quantity_skew_extreme|13|post_footprint_off,min_dist,1.057729531497889,1.057729531497889,1,1
t3_design_space/per_seed_metrics__confirm.csv,quantity_skew_extreme|13|post_footprint_off,mean_acc,0.8198740911955206,0.8198740911955206,1,1
t3_design_space/per_seed_metrics__confirm.csv,quantity_skew_extreme|13|post_footprint_off,worst_acc,0.5833333333333334,0.5833333333333334,1,1
t3_design_space/per_seed_metrics__confirm.csv,quantity_skew_extreme|13|post_footprint_on,min_dist,1.0511584133053193,1.0511584133053193,1,1
t3_design_space/per_seed_metrics__confirm.csv,quantity_skew_extreme|13|post_footprint_on,mean_acc,0.8576747533699995,0.8576747533699995,1,1
t3_design_space/per_seed_metrics__confirm.csv,quantity_skew_extreme|13|post_footprint_on,worst_acc,0.6,0.6,1,1
t3_design_space/per_seed_metrics__confirm.csv,quantity_skew_extreme|13|pre_none_off,min_dist,1.0594425757019343,1.0594425757019343,1,1
t3_design_space/per_seed_metrics__confirm.csv,quantity_skew_extreme|13|pre_none_off,mean_acc,0.8131404761841639,0.8131404761841639,1,1
t3_design_space/per_seed_metrics__confirm.csv,quantity_skew_extreme|13|pre_none_off,worst_acc,0.6,0.6,1,1
t3_design_space/per_seed_metrics__confirm.csv,quantity_skew_extreme|13|pre_footprint_off,min_dist,1.0651362517134795,1.0651362517134795,1,1
t3_design_space/per_seed_metrics__confirm.csv,quantity_skew_extreme|13|pre_footprint_off,mean_acc,0.8193460230452733,0.8193460230452733,1,1
t3_design_space/per_seed_metrics__confirm.csv,quantity_skew_extreme|13|pre_footprint_off,worst_acc,0.5833333333333334,0.5833333333333334,1,1
t3_design_space/per_seed_metrics__confirm.csv,quantity_skew_extreme|13|pre_mass_off,min_dist,1.0650706283197091,1.0650706283197091,1,1
t3_design_space/per_seed_metrics__confirm.csv,quantity_skew_extreme|13|pre_mass_off,mean_acc,0.8195160910724842,0.8195160910724842,1,1
t3_design_space/per_seed_metrics__confirm.csv,quantity_skew_extreme|13|pre_mass_off,worst_acc,0.5833333333333334,0.5833333333333334,1,1
t3_design_space/per_seed_metrics__confirm.csv,quantity_skew_extreme|14|post_none_off,min_dist,1.088116166965658,1.088116166965658,1,1
t3_design_space/per_seed_metrics__confirm.csv,quantity_skew_extreme|14|post_none_off,mean_acc,0.8127949659627515,0.8127949659627515,1,1
t3_design_space/per_seed_metrics__confirm.csv,quantity_skew_extreme|14|post_none_off,worst_acc,0.5388349514563107,0.5388349514563107,1,1
t3_design_space/per_seed_metrics__confirm.csv,quantity_skew_extreme|14|post_footprint_off,min_dist,1.1102257111381755,1.1102257111381755,1,1
t3_design_space/per_seed_metrics__confirm.csv,quantity_skew_extreme|14|post_footprint_off,mean_acc,0.8033067221163779,0.8033067221163779,1,1
t3_design_space/per_seed_metrics__confirm.csv,quantity_skew_extreme|14|post_footprint_off,worst_acc,0.5204081632653061,0.5204081632653061,1,1
t3_design_space/per_seed_metrics__confirm.csv,quantity_skew_extreme|14|post_footprint_on,min_dist,1.1113874980766418,1.1113874980766418,1,1
t3_design_space/per_seed_metrics__confirm.csv,quantity_skew_extreme|14|post_footprint_on,mean_acc,0.796442622008069,0.796442622008069,1,1
t3_design_space/per_seed_metrics__confirm.csv,quantity_skew_extreme|14|post_footprint_on,worst_acc,0.5357142857142857,0.5357142857142857,1,1
t3_design_space/per_seed_metrics__confirm.csv,quantity_skew_extreme|14|pre_none_off,min_dist,1.1401395411504511,1.1401395411504511,1,1
t3_design_space/per_seed_metrics__confirm.csv,quantity_skew_extreme|14|pre_none_off,mean_acc,0.8034991693844593,0.8034991693844593,1,1
t3_design_space/per_seed_metrics__confirm.csv,quantity_skew_extreme|14|pre_none_off,worst_acc,0.5275510204081633,0.5275510204081633,1,1
t3_design_space/per_seed_metrics__confirm.csv,quantity_skew_extreme|14|pre_footprint_off,min_dist,1.1269330010268876,1.1269330010268876,1,1
t3_design_space/per_seed_metrics__confirm.csv,quantity_skew_extreme|14|pre_footprint_off,mean_acc,0.8032211309656003,0.8032211309656003,1,1
t3_design_space/per_seed_metrics__confirm.csv,quantity_skew_extreme|14|pre_footprint_off,worst_acc,0.5306122448979592,0.5306122448979592,1,1
t3_design_space/per_seed_metrics__confirm.csv,quantity_skew_extreme|14|pre_mass_off,min_dist,1.1308013401317851,1.1308013401317851,1,1
t3_design_space/per_seed_metrics__confirm.csv,quantity_skew_extreme|14|pre_mass_off,mean_acc,0.8036256617099369,0.8036256617099369,1,1
t3_design_space/per_seed_metrics__confirm.csv,quantity_skew_extreme|14|pre_mass_off,worst_acc,0.5306122448979592,0.5306122448979592,1,1
t3_design_space/per_seed_metrics__confirm.csv,quantity_skew_extreme|15|post_none_off,min_dist,1.0904008807354202,1.0904008807354202,1,1
t3_design_space/per_seed_metrics__confirm.csv,quantity_skew_extreme|15|post_none_off,mean_acc,0.8322773951905148,0.8322773951905148,1,1
t3_design_space/per_seed_metrics__confirm.csv,quantity_skew_extreme|15|post_none_off,worst_acc,0.65,0.65,1,1
t3_design_space/per_seed_metrics__confirm.csv,quantity_skew_extreme|15|post_footprint_off,min_dist,1.0889273538762387,1.0889273538762387,1,1
t3_design_space/per_seed_metrics__confirm.csv,quantity_skew_extreme|15|post_footprint_off,mean_acc,0.811492550030375,0.811492550030375,1,1
t3_design_space/per_seed_metrics__confirm.csv,quantity_skew_extreme|15|post_footprint_off,worst_acc,0.5475578406169666,0.5475578406169666,1,1
t3_design_space/per_seed_metrics__confirm.csv,quantity_skew_extreme|15|post_footprint_on,min_dist,0.9576165162073379,0.9576165162073379,1,1
t3_design_space/per_seed_metrics__confirm.csv,quantity_skew_extreme|15|post_footprint_on,mean_acc,0.8162943249428842,0.8162943249428842,1,1
t3_design_space/per_seed_metrics__confirm.csv,quantity_skew_extreme|15|post_footprint_on,worst_acc,0.5244215938303342,0.5244215938303342,1,1
t3_design_space/per_seed_metrics__confirm.csv,quantity_skew_extreme|15|pre_none_off,min_dist,1.1122053408285568,1.1122053408285568,1,1
t3_design_space/per_seed_metrics__confirm.csv,quantity_skew_extreme|15|pre_none_off,mean_acc,0.8059904640630985,0.8059904640630985,1,1
t3_design_space/per_seed_metrics__confirm.csv,quantity_skew_extreme|15|pre_none_off,worst_acc,0.6521035598705501,0.6521035598705501,1,1
t3_design_space/per_seed_metrics__confirm.csv,quantity_skew_extreme|15|pre_footprint_off,min_dist,1.0998009852555264,1.0998009852555264,1,1
t3_design_space/per_seed_metrics__confirm.csv,quantity_skew_extreme|15|pre_footprint_off,mean_acc,0.8102060702018626,0.8102060702018626,1,1
t3_design_space/per_seed_metrics__confirm.csv,quantity_skew_extreme|15|pre_footprint_off,worst_acc,0.5372750642673522,0.5372750642673522,1,1
t3_design_space/per_seed_metrics__confirm.csv,quantity_skew_extreme|15|pre_mass_off,min_dist,1.0996573509992023,1.0996573509992023,1,1
t3_design_space/per_seed_metrics__confirm.csv,quantity_skew_extreme|15|pre_mass_off,mean_acc,0.810510981810519,0.810510981810519,1,1
t3_design_space/per_seed_metrics__confirm.csv,quantity_skew_extreme|15|pre_mass_off,worst_acc,0.5372750642673522,0.5372750642673522,1,1
t3_design_space/per_seed_metrics__confirm.csv,quantity_skew_extreme|16|post_none_off,min_dist,1.1100261453885787,1.1100261453885787,1,1
t3_design_space/per_seed_metrics__confirm.csv,quantity_skew_extreme|16|post_none_off,mean_acc,0.806414261004559,0.806414261004559,1,1
t3_design_space/per_seed_metrics__confirm.csv,quantity_skew_extreme|16|post_none_off,worst_acc,0.5673469387755102,0.5673469387755102,1,1
t3_design_space/per_seed_metrics__confirm.csv,quantity_skew_extreme|16|post_footprint_off,min_dist,1.05839845822344,1.05839845822344,1,1
t3_design_space/per_seed_metrics__confirm.csv,quantity_skew_extreme|16|post_footprint_off,mean_acc,0.8100867911803377,0.8100867911803377,1,1
t3_design_space/per_seed_metrics__confirm.csv,quantity_skew_extreme|16|post_footprint_off,worst_acc,0.5416666666666666,0.5416666666666666,1,1
t3_design_space/per_seed_metrics__confirm.csv,quantity_skew_extreme|16|post_footprint_on,min_dist,0.6871627108517282,0.6871627108517282,1,1
t3_design_space/per_seed_metrics__confirm.csv,quantity_skew_extreme|16|post_footprint_on,mean_acc,0.8184220066478439,0.8184220066478439,1,1
t3_design_space/per_seed_metrics__confirm.csv,quantity_skew_extreme|16|post_footprint_on,worst_acc,0.55,0.55,1,1
t3_design_space/per_seed_metrics__confirm.csv,quantity_skew_extreme|16|pre_none_off,min_dist,1.0590282133679119,1.0590282133679119,1,1
t3_design_space/per_seed_metrics__confirm.csv,quantity_skew_extreme|16|pre_none_off,mean_acc,0.7981238789955324,0.7981238789955324,1,1
t3_design_space/per_seed_metrics__confirm.csv,quantity_skew_extreme|16|pre_none_off,worst_acc,0.5416666666666666,0.5416666666666666,1,1
t3_design_space/per_seed_metrics__confirm.csv,quantity_skew_extreme|16|pre_footprint_off,min_dist,1.0592826751523294,1.0592826751523294,1,1
t3_design_space/per_seed_metrics__confirm.csv,quantity_skew_extreme|16|pre_footprint_off,mean_acc,0.8051892151185499,0.8051892151185499,1,1
t3_design_space/per_seed_metrics__confirm.csv,quantity_skew_extreme|16|pre_footprint_off,worst_acc,0.5416666666666666,0.5416666666666666,1,1
t3_design_space/per_seed_metrics__confirm.csv,quantity_skew_extreme|16|pre_mass_off,min_dist,1.0592999339319067,1.0592999339319067,1,1
t3_design_space/per_seed_metrics__confirm.csv,quantity_skew_extreme|16|pre_mass_off,mean_acc,0.8054443171593663,0.8054443171593663,1,1
t3_design_space/per_seed_metrics__confirm.csv,quantity_skew_extreme|16|pre_mass_off,worst_acc,0.5416666666666666,0.5416666666666666,1,1
t3_design_space/per_seed_metrics__confirm.csv,quantity_skew_extreme|17|post_none_off,min_dist,1.18409267167034,1.18409267167034,1,1
t3_design_space/per_seed_metrics__confirm.csv,quantity_skew_extreme|17|post_none_off,mean_acc,0.8293909541175379,0.8293909541175379,1,1
t3_design_space/per_seed_metrics__confirm.csv,quantity_skew_extreme|17|post_none_off,worst_acc,0.540453074433657,0.540453074433657,1,1
t3_design_space/per_seed_metrics__confirm.csv,quantity_skew_extreme|17|post_footprint_off,min_dist,1.179340172411311,1.179340172411311,1,1
t3_design_space/per_seed_metrics__confirm.csv,quantity_skew_extreme|17|post_footprint_off,mean_acc,0.8220290509777913,0.8220290509777913,1,1
t3_design_space/per_seed_metrics__confirm.csv,quantity_skew_extreme|17|post_footprint_off,worst_acc,0.5016181229773463,0.5016181229773463,1,1
t3_design_space/per_seed_metrics__confirm.csv,quantity_skew_extreme|17|post_footprint_on,min_dist,1.1635843902882796,1.1635843902882796,1,1
t3_design_space/per_seed_metrics__confirm.csv,quantity_skew_extreme|17|post_footprint_on,mean_acc,0.8270290832718142,0.8270290832718142,1,1
t3_design_space/per_seed_metrics__confirm.csv,quantity_skew_extreme|17|post_footprint_on,worst_acc,0.5016181229773463,0.5016181229773463,1,1
t3_design_space/per_seed_metrics__confirm.csv,quantity_skew_extreme|17|pre_none_off,min_dist,1.1857192282775149,1.1857192282775149,1,1
t3_design_space/per_seed_metrics__confirm.csv,quantity_skew_extreme|17|pre_none_off,mean_acc,0.8210409207364956,0.8210409207364956,1,1
t3_design_space/per_seed_metrics__confirm.csv,quantity_skew_extreme|17|pre_none_off,worst_acc,0.5097087378640777,0.5097087378640777,1,1
t3_design_space/per_seed_metrics__confirm.csv,quantity_skew_extreme|17|pre_footprint_off,min_dist,1.2217697334866717,1.2217697334866717,1,1
t3_design_space/per_seed_metrics__confirm.csv,quantity_skew_extreme|17|pre_footprint_off,mean_acc,0.8193608797880775,0.8193608797880775,1,1
t3_design_space/per_seed_metrics__confirm.csv,quantity_skew_extreme|17|pre_footprint_off,worst_acc,0.5048543689320388,0.5048543689320388,1,1
t3_design_space/per_seed_metrics__confirm.csv,quantity_skew_extreme|17|pre_mass_off,min_dist,1.2221081738101816,1.2221081738101816,1,1
t3_design_space/per_seed_metrics__confirm.csv,quantity_skew_extreme|17|pre_mass_off,mean_acc,0.8191762266387919,0.8191762266387919,1,1
t3_design_space/per_seed_metrics__confirm.csv,quantity_skew_extreme|17|pre_mass_off,worst_acc,0.5016181229773463,0.5016181229773463,1,1
t3_design_space/per_seed_metrics__confirm.csv,quantity_skew_extreme|18|post_none_off,min_dist,3.125008090224824,3.125008090224824,1,1
t3_design_space/per_seed_metrics__confirm.csv,quantity_skew_extreme|18|post_none_off,mean_acc,0.9475207677682002,0.9475207677682002,1,1
t3_design_space/per_seed_metrics__confirm.csv,quantity_skew_extreme|18|post_none_off,worst_acc,0.832258064516129,0.832258064516129,1,1
t3_design_space/per_seed_metrics__confirm.csv,quantity_skew_extreme|18|post_footprint_off,min_dist,3.986868424182729,3.986868424182729,1,1
t3_design_space/per_seed_metrics__confirm.csv,quantity_skew_extreme|18|post_footprint_off,mean_acc,0.9905911392367388,0.9905911392367388,1,1
t3_design_space/per_seed_metrics__confirm.csv,quantity_skew_extreme|18|post_footprint_off,worst_acc,0.9583333333333334,0.9583333333333334,1,1
t3_design_space/per_seed_metrics__confirm.csv,quantity_skew_extreme|18|post_footprint_on,min_dist,4.323298831418652,4.323298831418652,1,1
t3_design_space/per_seed_metrics__confirm.csv,quantity_skew_extreme|18|post_footprint_on,mean_acc,0.9985544217687075,0.9985544217687075,1,1
t3_design_space/per_seed_metrics__confirm.csv,quantity_skew_extreme|18|post_footprint_on,worst_acc,0.986734693877551,0.986734693877551,1,1
t3_design_space/per_seed_metrics__confirm.csv,quantity_skew_extreme|18|pre_none_off,min_dist,7.502310256070059,7.502310256070059,1,1
t3_design_space/per_seed_metrics__confirm.csv,quantity_skew_extreme|18|pre_none_off,mean_acc,1.0,1.0,1,1
t3_design_space/per_seed_metrics__confirm.csv,quantity_skew_extreme|18|pre_none_off,worst_acc,1.0,1.0,1,1
t3_design_space/per_seed_metrics__confirm.csv,quantity_skew_extreme|18|pre_footprint_off,min_dist,7.389473504361896,7.389473504361896,1,1
t3_design_space/per_seed_metrics__confirm.csv,quantity_skew_extreme|18|pre_footprint_off,mean_acc,1.0,1.0,1,1
t3_design_space/per_seed_metrics__confirm.csv,quantity_skew_extreme|18|pre_footprint_off,worst_acc,1.0,1.0,1,1
t3_design_space/per_seed_metrics__confirm.csv,quantity_skew_extreme|18|pre_mass_off,min_dist,7.384749870322842,7.384749870322842,1,1
t3_design_space/per_seed_metrics__confirm.csv,quantity_skew_extreme|18|pre_mass_off,mean_acc,1.0,1.0,1,1
t3_design_space/per_seed_metrics__confirm.csv,quantity_skew_extreme|18|pre_mass_off,worst_acc,1.0,1.0,1,1
t3_design_space/per_seed_metrics__confirm.csv,quantity_skew_extreme|19|post_none_off,min_dist,3.3847145787111406,3.3847145787111406,1,1
t3_design_space/per_seed_metrics__confirm.csv,quantity_skew_extreme|19|post_none_off,mean_acc,0.9861062291600263,0.9861062291600263,1,1
t3_design_space/per_seed_metrics__confirm.csv,quantity_skew_extreme|19|post_none_off,worst_acc,0.9583333333333334,0.9583333333333334,1,1
t3_design_space/per_seed_metrics__confirm.csv,quantity_skew_extreme|19|post_footprint_off,min_dist,7.513996707417539,7.513996707417539,1,1
t3_design_space/per_seed_metrics__confirm.csv,quantity_skew_extreme|19|post_footprint_off,mean_acc,1.0,1.0,1,1
t3_design_space/per_seed_metrics__confirm.csv,quantity_skew_extreme|19|post_footprint_off,worst_acc,1.0,1.0,1,1
t3_design_space/per_seed_metrics__confirm.csv,quantity_skew_extreme|19|post_footprint_on,min_dist,7.526218057188196,7.526218057188196,1,1
t3_design_space/per_seed_metrics__confirm.csv,quantity_skew_extreme|19|post_footprint_on,mean_acc,1.0,1.0,1,1
t3_design_space/per_seed_metrics__confirm.csv,quantity_skew_extreme|19|post_footprint_on,worst_acc,1.0,1.0,1,1
t3_design_space/per_seed_metrics__confirm.csv,quantity_skew_extreme|19|pre_none_off,min_dist,7.543032767245842,7.543032767245842,1,1
t3_design_space/per_seed_metrics__confirm.csv,quantity_skew_extreme|19|pre_none_off,mean_acc,1.0,1.0,1,1
t3_design_space/per_seed_metrics__confirm.csv,quantity_skew_extreme|19|pre_none_off,worst_acc,1.0,1.0,1,1
t3_design_space/per_seed_metrics__confirm.csv,quantity_skew_extreme|19|pre_footprint_off,min_dist,1.181203109372703,1.181203109372703,1,1
t3_design_space/per_seed_metrics__confirm.csv,quantity_skew_extreme|19|pre_footprint_off,mean_acc,0.8186249155994519,0.8186249155994519,1,1
t3_design_space/per_seed_metrics__confirm.csv,quantity_skew_extreme|19|pre_footprint_off,worst_acc,0.5598705501618123,0.5598705501618123,1,1
t3_design_space/per_seed_metrics__confirm.csv,quantity_skew_extreme|19|pre_mass_off,min_dist,1.1780678803308067,1.1780678803308067,1,1
t3_design_space/per_seed_metrics__confirm.csv,quantity_skew_extreme|19|pre_mass_off,mean_acc,0.8186249155994519,0.8186249155994519,1,1
t3_design_space/per_seed_metrics__confirm.csv,quantity_skew_extreme|19|pre_mass_off,worst_acc,0.5598705501618123,0.5598705501618123,1,1
t3_design_space/per_seed_metrics__confirm.csv,wine|10|post_none_off,min_dist,2.098537887957812,2.098537887957812,1,1
t3_design_space/per_seed_metrics__confirm.csv,wine|10|post_none_off,mean_acc,0.9302923976608188,0.9302923976608188,1,1
t3_design_space/per_seed_metrics__confirm.csv,wine|10|post_none_off,worst_acc,0.7777777777777778,0.7777777777777778,1,1
t3_design_space/per_seed_metrics__confirm.csv,wine|10|post_footprint_off,min_dist,3.51034533834772,3.51034533834772,1,1
t3_design_space/per_seed_metrics__confirm.csv,wine|10|post_footprint_off,mean_acc,0.9619590643274855,0.9619590643274855,1,1
t3_design_space/per_seed_metrics__confirm.csv,wine|10|post_footprint_off,worst_acc,0.8888888888888888,0.8888888888888888,1,1
t3_design_space/per_seed_metrics__confirm.csv,wine|10|post_footprint_on,min_dist,3.432413380640515,3.432413380640515,1,1
t3_design_space/per_seed_metrics__confirm.csv,wine|10|post_footprint_on,mean_acc,0.9285620915032681,0.9285620915032681,1,1
t3_design_space/per_seed_metrics__confirm.csv,wine|10|post_footprint_on,worst_acc,0.8333333333333334,0.8333333333333334,1,1
t3_design_space/per_seed_metrics__confirm.csv,wine|10|pre_none_off,min_dist,3.0059036056207202,3.0059036056207202,1,1
t3_design_space/per_seed_metrics__confirm.csv,wine|10|pre_none_off,mean_acc,0.9672222222222222,0.9672222222222222,1,1
t3_design_space/per_seed_metrics__confirm.csv,wine|10|pre_none_off,worst_acc,0.8333333333333334,0.8333333333333334,1,1
t3_design_space/per_seed_metrics__confirm.csv,wine|10|pre_footprint_off,min_dist,3.5176867108089174,3.5176867108089174,1,1
t3_design_space/per_seed_metrics__confirm.csv,wine|10|pre_footprint_off,mean_acc,0.967514619883041,0.967514619883041,1,1
t3_design_space/per_seed_metrics__confirm.csv,wine|10|pre_footprint_off,worst_acc,0.8888888888888888,0.8888888888888888,1,1
t3_design_space/per_seed_metrics__confirm.csv,wine|10|pre_mass_off,min_dist,3.5352032188917577,3.5352032188917577,1,1
t3_design_space/per_seed_metrics__confirm.csv,wine|10|pre_mass_off,mean_acc,0.9727777777777777,0.9727777777777777,1,1
t3_design_space/per_seed_metrics__confirm.csv,wine|10|pre_mass_off,worst_acc,0.8888888888888888,0.8888888888888888,1,1
t3_design_space/per_seed_metrics__confirm.csv,wine|11|post_none_off,min_dist,1.6985468820612644,1.6985468820612644,1,1
t3_design_space/per_seed_metrics__confirm.csv,wine|11|post_none_off,mean_acc,0.9344736842105263,0.9344736842105263,1,1
t3_design_space/per_seed_metrics__confirm.csv,wine|11|post_none_off,worst_acc,0.8333333333333334,0.8333333333333334,1,1
t3_design_space/per_seed_metrics__confirm.csv,wine|11|post_footprint_off,min_dist,3.5377826108884216,3.5377826108884216,1,1
t3_design_space/per_seed_metrics__confirm.csv,wine|11|post_footprint_off,mean_acc,0.9718201754385964,0.9718201754385964,1,1
t3_design_space/per_seed_metrics__confirm.csv,wine|11|post_footprint_off,worst_acc,0.8888888888888888,0.8888888888888888,1,1
t3_design_space/per_seed_metrics__confirm.csv,wine|11|post_footprint_on,min_dist,3.539286750745167,3.539286750745167,1,1
t3_design_space/per_seed_metrics__confirm.csv,wine|11|post_footprint_on,mean_acc,0.9439035087719299,0.9439035087719299,1,1
t3_design_space/per_seed_metrics__confirm.csv,wine|11|post_footprint_on,worst_acc,0.8333333333333334,0.8333333333333334,1,1
t3_design_space/per_seed_metrics__confirm.csv,wine|11|pre_none_off,min_dist,3.22155568527792,3.22155568527792,1,1
t3_design_space/per_seed_metrics__confirm.csv,wine|11|pre_none_off,mean_acc,0.9662646198830409,0.9662646198830409,1,1
t3_design_space/per_seed_metrics__confirm.csv,wine|11|pre_none_off,worst_acc,0.8888888888888888,0.8888888888888888,1,1
t3_design_space/per_seed_metrics__confirm.csv,wine|11|pre_footprint_off,min_dist,3.6088311866254172,3.6088311866254172,1,1
t3_design_space/per_seed_metrics__confirm.csv,wine|11|pre_footprint_off,mean_acc,0.9718201754385964,0.9718201754385964,1,1
t3_design_space/per_seed_metrics__confirm.csv,wine|11|pre_footprint_off,worst_acc,0.8888888888888888,0.8888888888888888,1,1
t3_design_space/per_seed_metrics__confirm.csv,wine|11|pre_mass_off,min_dist,3.591093551270047,3.591093551270047,1,1
t3_design_space/per_seed_metrics__confirm.csv,wine|11|pre_mass_off,mean_acc,0.9718201754385964,0.9718201754385964,1,1
t3_design_space/per_seed_metrics__confirm.csv,wine|11|pre_mass_off,worst_acc,0.8888888888888888,0.8888888888888888,1,1
t3_design_space/per_seed_metrics__confirm.csv,wine|12|post_none_off,min_dist,1.6579906447654704,1.6579906447654704,1,1
t3_design_space/per_seed_metrics__confirm.csv,wine|12|post_none_off,mean_acc,0.9297660818713449,0.9297660818713449,1,1
t3_design_space/per_seed_metrics__confirm.csv,wine|12|post_none_off,worst_acc,0.8333333333333334,0.8333333333333334,1,1
t3_design_space/per_seed_metrics__confirm.csv,wine|12|post_footprint_off,min_dist,3.6580473554577746,3.6580473554577746,1,1
t3_design_space/per_seed_metrics__confirm.csv,wine|12|post_footprint_off,mean_acc,0.9725146198830409,0.9725146198830409,1,1
t3_design_space/per_seed_metrics__confirm.csv,wine|12|post_footprint_off,worst_acc,0.8888888888888888,0.8888888888888888,1,1
t3_design_space/per_seed_metrics__confirm.csv,wine|12|post_footprint_on,min_dist,3.659971321097081,3.659971321097081,1,1
t3_design_space/per_seed_metrics__confirm.csv,wine|12|post_footprint_on,mean_acc,0.9404459064327485,0.9404459064327485,1,1
t3_design_space/per_seed_metrics__confirm.csv,wine|12|post_footprint_on,worst_acc,0.85,0.85,1,1
t3_design_space/per_seed_metrics__confirm.csv,wine|12|pre_none_off,min_dist,3.128926674991809,3.128926674991809,1,1
t3_design_space/per_seed_metrics__confirm.csv,wine|12|pre_none_off,mean_acc,0.9669590643274854,0.9669590643274854,1,1
t3_design_space/per_seed_metrics__confirm.csv,wine|12|pre_none_off,worst_acc,0.8888888888888888,0.8888888888888888,1,1
t3_design_space/per_seed_metrics__confirm.csv,wine|12|pre_footprint_off,min_dist,3.6852503449313425,3.6852503449313425,1,1
t3_design_space/per_seed_metrics__confirm.csv,wine|12|pre_footprint_off,mean_acc,0.9669590643274854,0.9669590643274854,1,1
t3_design_space/per_seed_metrics__confirm.csv,wine|12|pre_footprint_off,worst_acc,0.8888888888888888,0.8888888888888888,1,1
t3_design_space/per_seed_metrics__confirm.csv,wine|12|pre_mass_off,min_dist,3.64720769478991,3.64720769478991,1,1
t3_design_space/per_seed_metrics__confirm.csv,wine|12|pre_mass_off,mean_acc,0.9725146198830409,0.9725146198830409,1,1
t3_design_space/per_seed_metrics__confirm.csv,wine|12|pre_mass_off,worst_acc,0.9444444444444444,0.9444444444444444,1,1
t3_design_space/per_seed_metrics__confirm.csv,wine|13|post_none_off,min_dist,1.9956866429026912,1.9956866429026912,1,1
t3_design_space/per_seed_metrics__confirm.csv,wine|13|post_none_off,mean_acc,0.9300292397660819,0.9300292397660819,1,1
t3_design_space/per_seed_metrics__confirm.csv,wine|13|post_none_off,worst_acc,0.8333333333333334,0.8333333333333334,1,1
t3_design_space/per_seed_metrics__confirm.csv,wine|13|post_footprint_off,min_dist,3.573035522774714,3.573035522774714,1,1
t3_design_space/per_seed_metrics__confirm.csv,wine|13|post_footprint_off,mean_acc,0.9671878224974201,0.9671878224974201,1,1
t3_design_space/per_seed_metrics__confirm.csv,wine|13|post_footprint_off,worst_acc,0.8888888888888888,0.8888888888888888,1,1
t3_design_space/per_seed_metrics__confirm.csv,wine|13|post_footprint_on,min_dist,3.588132054350913,3.588132054350913,1,1
t3_design_space/per_seed_metrics__confirm.csv,wine|13|post_footprint_on,mean_acc,0.9347024423804611,0.9347024423804611,1,1
t3_design_space/per_seed_metrics__confirm.csv,wine|13|post_footprint_on,worst_acc,0.8333333333333334,0.8333333333333334,1,1
t3_design_space/per_seed_metrics__confirm.csv,wine|13|pre_none_off,min_dist,3.1882930853820395,3.1882930853820395,1,1
t3_design_space/per_seed_metrics__confirm.csv,wine|13|pre_none_off,mean_acc,0.956076711386309,0.956076711386309,1,1
t3_design_space/per_seed_metrics__confirm.csv,wine|13|pre_none_off,worst_acc,0.8333333333333334,0.8333333333333334,1,1
t3_design_space/per_seed_metrics__confirm.csv,wine|13|pre_footprint_off,min_dist,3.5588989968043263,3.5588989968043263,1,1
t3_design_space/per_seed_metrics__confirm.csv,wine|13|pre_footprint_off,mean_acc,0.9730701754385965,0.9730701754385965,1,1
t3_design_space/per_seed_metrics__confirm.csv,wine|13|pre_footprint_off,worst_acc,0.8888888888888888,0.8888888888888888,1,1
t3_design_space/per_seed_metrics__confirm.csv,wine|13|pre_mass_off,min_dist,3.507608631041791,3.507608631041791,1,1
t3_design_space/per_seed_metrics__confirm.csv,wine|13|pre_mass_off,mean_acc,0.9730701754385965,0.9730701754385965,1,1
t3_design_space/per_seed_metrics__confirm.csv,wine|13|pre_mass_off,worst_acc,0.8888888888888888,0.8888888888888888,1,1
t3_design_space/per_seed_metrics__confirm.csv,wine|14|post_none_off,min_dist,2.569652449564571,2.569652449564571,1,1
t3_design_space/per_seed_metrics__confirm.csv,wine|14|post_none_off,mean_acc,0.929439284485724,0.929439284485724,1,1
t3_design_space/per_seed_metrics__confirm.csv,wine|14|post_none_off,worst_acc,0.8333333333333334,0.8333333333333334,1,1
t3_design_space/per_seed_metrics__confirm.csv,wine|14|post_footprint_off,min_dist,3.662618278243327,3.662618278243327,1,1
t3_design_space/per_seed_metrics__confirm.csv,wine|14|post_footprint_off,mean_acc,0.9671878224974201,0.9671878224974201,1,1
t3_design_space/per_seed_metrics__confirm.csv,wine|14|post_footprint_off,worst_acc,0.8888888888888888,0.8888888888888888,1,1
t3_design_space/per_seed_metrics__confirm.csv,wine|14|post_footprint_on,min_dist,3.719595291741352,3.719595291741352,1,1
t3_design_space/per_seed_metrics__confirm.csv,wine|14|post_footprint_on,mean_acc,0.9281892844857241,0.9281892844857241,1,1
t3_design_space/per_seed_metrics__confirm.csv,wine|14|post_footprint_on,worst_acc,0.8333333333333334,0.8333333333333334,1,1
t3_design_space/per_seed_metrics__confirm.csv,wine|14|pre_none_off,min_dist,3.3056850923525243,3.3056850923525243,1,1
t3_design_space/per_seed_metrics__confirm.csv,wine|14|pre_none_off,mean_acc,0.967514619883041,0.967514619883041,1,1
t3_design_space/per_seed_metrics__confirm.csv,wine|14|pre_none_off,worst_acc,0.8888888888888888,0.8888888888888888,1,1
t3_design_space/per_seed_metrics__confirm.csv,wine|14|pre_footprint_off,min_dist,3.753029250585537,3.753029250585537,1,1
t3_design_space/per_seed_metrics__confirm.csv,wine|14|pre_footprint_off,mean_acc,0.9730701754385965,0.9730701754385965,1,1
t3_design_space/per_seed_metrics__confirm.csv,wine|14|pre_footprint_off,worst_acc,0.8888888888888888,0.8888888888888888,1,1
t3_design_space/per_seed_metrics__confirm.csv,wine|14|pre_mass_off,min_dist,3.7247718091538196,3.7247718091538196,1,1
t3_design_space/per_seed_metrics__confirm.csv,wine|14|pre_mass_off,mean_acc,0.9730701754385965,0.9730701754385965,1,1
t3_design_space/per_seed_metrics__confirm.csv,wine|14|pre_mass_off,worst_acc,0.8888888888888888,0.8888888888888888,1,1
t3_design_space/per_seed_metrics__confirm.csv,wine|15|post_none_off,min_dist,2.0388981852858974,2.0388981852858974,1,1
t3_design_space/per_seed_metrics__confirm.csv,wine|15|post_none_off,mean_acc,0.9081286549707602,0.9081286549707602,1,1
t3_design_space/per_seed_metrics__confirm.csv,wine|15|post_none_off,worst_acc,0.7368421052631579,0.7368421052631579,1,1
t3_design_space/per_seed_metrics__confirm.csv,wine|15|post_footprint_off,min_dist,3.442487388126043,3.442487388126043,1,1
t3_design_space/per_seed_metrics__confirm.csv,wine|15|post_footprint_off,mean_acc,0.9730701754385965,0.9730701754385965,1,1
t3_design_space/per_seed_metrics__confirm.csv,wine|15|post_footprint_off,worst_acc,0.9444444444444444,0.9444444444444444,1,1
t3_design_space/per_seed_metrics__confirm.csv,wine|15|post_footprint_on,min_dist,3.4245739934051125,3.4245739934051125,1,1
t3_design_space/per_seed_metrics__confirm.csv,wine|15|post_footprint_on,mean_acc,0.9240716374269006,0.9240716374269006,1,1
t3_design_space/per_seed_metrics__confirm.csv,wine|15|post_footprint_on,worst_acc,0.7777777777777778,0.7777777777777778,1,1
t3_design_space/per_seed_metrics__confirm.csv,wine|15|pre_none_off,min_dist,3.1072281110144537,3.1072281110144537,1,1
t3_design_space/per_seed_metrics__confirm.csv,wine|15|pre_none_off,mean_acc,0.9630701754385965,0.9630701754385965,1,1
t3_design_space/per_seed_metrics__confirm.csv,wine|15|pre_none_off,worst_acc,0.85,0.85,1,1
t3_design_space/per_seed_metrics__confirm.csv,wine|15|pre_footprint_off,min_dist,3.4856591711983786,3.4856591711983786,1,1
t3_design_space/per_seed_metrics__confirm.csv,wine|15|pre_footprint_off,mean_acc,0.9730701754385965,0.9730701754385965,1,1
t3_design_space/per_seed_metrics__confirm.csv,wine|15|pre_footprint_off,worst_acc,0.9444444444444444,0.9444444444444444,1,1
t3_design_space/per_seed_metrics__confirm.csv,wine|15|pre_mass_off,min_dist,3.4116908796138152,3.4116908796138152,1,1
t3_design_space/per_seed_metrics__confirm.csv,wine|15|pre_mass_off,mean_acc,0.9730701754385965,0.9730701754385965,1,1
t3_design_space/per_seed_metrics__confirm.csv,wine|15|pre_mass_off,worst_acc,0.9444444444444444,0.9444444444444444,1,1
t3_design_space/per_seed_metrics__confirm.csv,wine|16|post_none_off,min_dist,2.365154154744908,2.365154154744908,1,1
t3_design_space/per_seed_metrics__confirm.csv,wine|16|post_none_off,mean_acc,0.9508479532163742,0.9508479532163742,1,1
t3_design_space/per_seed_metrics__confirm.csv,wine|16|post_none_off,worst_acc,0.8333333333333334,0.8333333333333334,1,1
t3_design_space/per_seed_metrics__confirm.csv,wine|16|post_footprint_off,min_dist,3.590550782795004,3.590550782795004,1,1
t3_design_space/per_seed_metrics__confirm.csv,wine|16|post_footprint_off,mean_acc,0.9783333333333333,0.9783333333333333,1,1
t3_design_space/per_seed_metrics__confirm.csv,wine|16|post_footprint_off,worst_acc,0.9444444444444444,0.9444444444444444,1,1
t3_design_space/per_seed_metrics__confirm.csv,wine|16|post_footprint_on,min_dist,3.4486288111886134,3.4486288111886134,1,1
t3_design_space/per_seed_metrics__confirm.csv,wine|16|post_footprint_on,mean_acc,0.9347316821465428,0.9347316821465428,1,1
t3_design_space/per_seed_metrics__confirm.csv,wine|16|post_footprint_on,worst_acc,0.7894736842105263,0.7894736842105263,1,1
t3_design_space/per_seed_metrics__confirm.csv,wine|16|pre_none_off,min_dist,3.301416763760169,3.301416763760169,1,1
t3_design_space/per_seed_metrics__confirm.csv,wine|16|pre_none_off,mean_acc,0.9672222222222222,0.9672222222222222,1,1
t3_design_space/per_seed_metrics__confirm.csv,wine|16|pre_none_off,worst_acc,0.8333333333333334,0.8333333333333334,1,1
t3_design_space/per_seed_metrics__confirm.csv,wine|16|pre_footprint_off,min_dist,3.701403806160821,3.701403806160821,1,1
t3_design_space/per_seed_metrics__confirm.csv,wine|16|pre_footprint_off,mean_acc,0.9783333333333333,0.9783333333333333,1,1
t3_design_space/per_seed_metrics__confirm.csv,wine|16|pre_footprint_off,worst_acc,0.9444444444444444,0.9444444444444444,1,1
t3_design_space/per_seed_metrics__confirm.csv,wine|16|pre_mass_off,min_dist,3.7016184744926592,3.7016184744926592,1,1
t3_design_space/per_seed_metrics__confirm.csv,wine|16|pre_mass_off,mean_acc,0.9783333333333333,0.9783333333333333,1,1
t3_design_space/per_seed_metrics__confirm.csv,wine|16|pre_mass_off,worst_acc,0.9444444444444444,0.9444444444444444,1,1
t3_design_space/per_seed_metrics__confirm.csv,wine|17|post_none_off,min_dist,1.4846114366315788,1.4846114366315788,1,1
t3_design_space/per_seed_metrics__confirm.csv,wine|17|post_none_off,mean_acc,0.928888888888889,0.928888888888889,1,1
t3_design_space/per_seed_metrics__confirm.csv,wine|17|post_none_off,worst_acc,0.8333333333333334,0.8333333333333334,1,1
t3_design_space/per_seed_metrics__confirm.csv,wine|17|post_footprint_off,min_dist,3.3133845187724136,3.3133845187724136,1,1
t3_design_space/per_seed_metrics__confirm.csv,wine|17|post_footprint_off,mean_acc,0.9552287581699346,0.9552287581699346,1,1
t3_design_space/per_seed_metrics__confirm.csv,wine|17|post_footprint_off,worst_acc,0.8333333333333334,0.8333333333333334,1,1
t3_design_space/per_seed_metrics__confirm.csv,wine|17|post_footprint_on,min_dist,3.249585599086709,3.249585599086709,1,1
t3_design_space/per_seed_metrics__confirm.csv,wine|17|post_footprint_on,mean_acc,0.9217565359477125,0.9217565359477125,1,1
t3_design_space/per_seed_metrics__confirm.csv,wine|17|post_footprint_on,worst_acc,0.7777777777777778,0.7777777777777778,1,1
t3_design_space/per_seed_metrics__confirm.csv,wine|17|pre_none_off,min_dist,3.064141274357383,3.064141274357383,1,1
t3_design_space/per_seed_metrics__confirm.csv,wine|17|pre_none_off,mean_acc,0.9663398692810456,0.9663398692810456,1,1
t3_design_space/per_seed_metrics__confirm.csv,wine|17|pre_none_off,worst_acc,0.8888888888888888,0.8888888888888888,1,1
t3_design_space/per_seed_metrics__confirm.csv,wine|17|pre_footprint_off,min_dist,3.344225336589267,3.344225336589267,1,1
t3_design_space/per_seed_metrics__confirm.csv,wine|17|pre_footprint_off,mean_acc,0.9552287581699346,0.9552287581699346,1,1
t3_design_space/per_seed_metrics__confirm.csv,wine|17|pre_footprint_off,worst_acc,0.8333333333333334,0.8333333333333334,1,1
t3_design_space/per_seed_metrics__confirm.csv,wine|17|pre_mass_off,min_dist,3.3484018206788946,3.3484018206788946,1,1
t3_design_space/per_seed_metrics__confirm.csv,wine|17|pre_mass_off,mean_acc,0.9552287581699346,0.9552287581699346,1,1
t3_design_space/per_seed_metrics__confirm.csv,wine|17|pre_mass_off,worst_acc,0.8333333333333334,0.8333333333333334,1,1
t3_design_space/per_seed_metrics__confirm.csv,wine|18|post_none_off,min_dist,2.050260461612618,2.050260461612618,1,1
t3_design_space/per_seed_metrics__confirm.csv,wine|18|post_none_off,mean_acc,0.9397368421052631,0.9397368421052631,1,1
t3_design_space/per_seed_metrics__confirm.csv,wine|18|post_none_off,worst_acc,0.8333333333333334,0.8333333333333334,1,1
t3_design_space/per_seed_metrics__confirm.csv,wine|18|post_footprint_off,min_dist,3.617540558422269,3.617540558422269,1,1
t3_design_space/per_seed_metrics__confirm.csv,wine|18|post_footprint_off,mean_acc,0.9736257309941522,0.9736257309941522,1,1
t3_design_space/per_seed_metrics__confirm.csv,wine|18|post_footprint_off,worst_acc,0.9,0.9,1,1
t3_design_space/per_seed_metrics__confirm.csv,wine|18|post_footprint_on,min_dist,2.6415763081169783,2.6415763081169783,1,1
t3_design_space/per_seed_metrics__confirm.csv,wine|18|post_footprint_on,mean_acc,0.92062564499484,0.92062564499484,1,1
t3_design_space/per_seed_metrics__confirm.csv,wine|18|post_footprint_on,worst_acc,0.8125,0.8125,1,1
t3_design_space/per_seed_metrics__confirm.csv,wine|18|pre_none_off,min_dist,3.254502036782062,3.254502036782062,1,1
t3_design_space/per_seed_metrics__confirm.csv,wine|18|pre_none_off,mean_acc,0.9678070175438597,0.9678070175438597,1,1
t3_design_space/per_seed_metrics__confirm.csv,wine|18|pre_none_off,worst_acc,0.8947368421052632,0.8947368421052632,1,1
t3_design_space/per_seed_metrics__confirm.csv,wine|18|pre_footprint_off,min_dist,3.7069402233016975,3.7069402233016975,1,1
t3_design_space/per_seed_metrics__confirm.csv,wine|18|pre_footprint_off,mean_acc,0.9736257309941522,0.9736257309941522,1,1
t3_design_space/per_seed_metrics__confirm.csv,wine|18|pre_footprint_off,worst_acc,0.9,0.9,1,1
t3_design_space/per_seed_metrics__confirm.csv,wine|18|pre_mass_off,min_dist,3.638500283014988,3.638500283014988,1,1
t3_design_space/per_seed_metrics__confirm.csv,wine|18|pre_mass_off,mean_acc,0.9736257309941522,0.9736257309941522,1,1
t3_design_space/per_seed_metrics__confirm.csv,wine|18|pre_mass_off,worst_acc,0.9,0.9,1,1
t3_design_space/per_seed_metrics__confirm.csv,wine|19|post_none_off,min_dist,2.061894224937693,2.061894224937693,1,1
t3_design_space/per_seed_metrics__confirm.csv,wine|19|post_none_off,mean_acc,0.8965862573099417,0.8965862573099417,1,1
t3_design_space/per_seed_metrics__confirm.csv,wine|19|post_none_off,worst_acc,0.7894736842105263,0.7894736842105263,1,1
t3_design_space/per_seed_metrics__confirm.csv,wine|19|post_footprint_off,min_dist,3.5875868525687324,3.5875868525687324,1,1
t3_design_space/per_seed_metrics__confirm.csv,wine|19|post_footprint_off,mean_acc,0.9615570175438597,0.9615570175438597,1,1
t3_design_space/per_seed_metrics__confirm.csv,wine|19|post_footprint_off,worst_acc,0.8888888888888888,0.8888888888888888,1,1
t3_design_space/per_seed_metrics__confirm.csv,wine|19|post_footprint_on,min_dist,3.5958212880247133,3.5958212880247133,1,1
t3_design_space/per_seed_metrics__confirm.csv,wine|19|post_footprint_on,mean_acc,0.9461403508771931,0.9461403508771931,1,1
t3_design_space/per_seed_metrics__confirm.csv,wine|19|post_footprint_on,worst_acc,0.8888888888888888,0.8888888888888888,1,1
t3_design_space/per_seed_metrics__confirm.csv,wine|19|pre_none_off,min_dist,3.139778271028656,3.139778271028656,1,1
t3_design_space/per_seed_metrics__confirm.csv,wine|19|pre_none_off,mean_acc,0.9512938596491228,0.9512938596491228,1,1
t3_design_space/per_seed_metrics__confirm.csv,wine|19|pre_none_off,worst_acc,0.8421052631578947,0.8421052631578947,1,1
t3_design_space/per_seed_metrics__confirm.csv,wine|19|pre_footprint_off,min_dist,3.680472335188113,3.680472335188113,1,1
t3_design_space/per_seed_metrics__confirm.csv,wine|19|pre_footprint_off,mean_acc,0.9615570175438597,0.9615570175438597,1,1
t3_design_space/per_seed_metrics__confirm.csv,wine|19|pre_footprint_off,worst_acc,0.8888888888888888,0.8888888888888888,1,1
t3_design_space/per_seed_metrics__confirm.csv,wine|19|pre_mass_off,min_dist,3.6077989560490766,3.6077989560490766,1,1
t3_design_space/per_seed_metrics__confirm.csv,wine|19|pre_mass_off,mean_acc,0.9615570175438597,0.9615570175438597,1,1
t3_design_space/per_seed_metrics__confirm.csv,wine|19|pre_mass_off,worst_acc,0.8888888888888888,0.8888888888888888,1,1
t3_design_space/per_seed_metrics__confirm.csv,satimage|10|post_none_off,min_dist,2.61525005314548,2.61525005314548,1,1
t3_design_space/per_seed_metrics__confirm.csv,satimage|10|post_none_off,mean_acc,0.7300350713345327,0.7300350713345327,1,1
t3_design_space/per_seed_metrics__confirm.csv,satimage|10|post_none_off,worst_acc,0.6077170418006431,0.6077170418006431,1,1
t3_design_space/per_seed_metrics__confirm.csv,satimage|10|post_footprint_off,min_dist,2.327085038966294,2.327085038966294,1,1
t3_design_space/per_seed_metrics__confirm.csv,satimage|10|post_footprint_off,mean_acc,0.6635944253381834,0.6635944253381834,1,1
t3_design_space/per_seed_metrics__confirm.csv,satimage|10|post_footprint_off,worst_acc,0.4606741573033708,0.4606741573033708,1,1
t3_design_space/per_seed_metrics__confirm.csv,satimage|10|post_footprint_on,min_dist,2.233243670320902,2.233243670320902,1,1
t3_design_space/per_seed_metrics__confirm.csv,satimage|10|post_footprint_on,mean_acc,0.6701464360296588,0.6701464360296588,1,1
t3_design_space/per_seed_metrics__confirm.csv,satimage|10|post_footprint_on,worst_acc,0.49759229534510435,0.49759229534510435,1,1
t3_design_space/per_seed_metrics__confirm.csv,satimage|10|pre_none_off,min_dist,3.5042874471019982,3.5042874471019982,1,1
t3_design_space/per_seed_metrics__confirm.csv,satimage|10|pre_none_off,mean_acc,0.6690528867845058,0.6690528867845058,1,1
t3_design_space/per_seed_metrics__confirm.csv,satimage|10|pre_none_off,worst_acc,0.4662379421221865,0.4662379421221865,1,1
t3_design_space/per_seed_metrics__confirm.csv,satimage|10|pre_footprint_off,min_dist,2.8108663550445057,2.8108663550445057,1,1
t3_design_space/per_seed_metrics__confirm.csv,satimage|10|pre_footprint_off,mean_acc,0.6615833732429112,0.6615833732429112,1,1
t3_design_space/per_seed_metrics__confirm.csv,satimage|10|pre_footprint_off,worst_acc,0.4478330658105939,0.4478330658105939,1,1
t3_design_space/per_seed_metrics__confirm.csv,satimage|10|pre_mass_off,min_dist,2.7980633984505197,2.7980633984505197,1,1
t3_design_space/per_seed_metrics__confirm.csv,satimage|10|pre_mass_off,mean_acc,0.6623095918048054,0.6623095918048054,1,1
t3_design_space/per_seed_metrics__confirm.csv,satimage|10|pre_mass_off,worst_acc,0.45264847512038525,0.45264847512038525,1,1
t3_design_space/per_seed_metrics__confirm.csv,satimage|11|post_none_off,min_dist,2.570179319643561,2.570179319643561,1,1
t3_design_space/per_seed_metrics__confirm.csv,satimage|11|post_none_off,mean_acc,0.6502719298396132,0.6502719298396132,1,1
t3_design_space/per_seed_metrics__confirm.csv,satimage|11|post_none_off,worst_acc,0.434991974317817,0.434991974317817,1,1
t3_design_space/per_seed_metrics__confirm.csv,satimage|11|post_footprint_off,min_dist,2.1534291478143377,2.1534291478143377,1,1
t3_design_space/per_seed_metrics__confirm.csv,satimage|11|post_footprint_off,mean_acc,0.6515869719242153,0.6515869719242153,1,1
t3_design_space/per_seed_metrics__confirm.csv,satimage|11|post_footprint_off,worst_acc,0.4510433386837881,0.4510433386837881,1,1
t3_design_space/per_seed_metrics__confirm.csv,satimage|11|post_footprint_on,min_dist,0.7493398097515586,0.7493398097515586,1,1
t3_design_space/per_seed_metrics__confirm.csv,satimage|11|post_footprint_on,mean_acc,0.6497567453560298,0.6497567453560298,1,1
t3_design_space/per_seed_metrics__confirm.csv,satimage|11|post_footprint_on,worst_acc,0.5008025682182986,0.5008025682182986,1,1
t3_design_space/per_seed_metrics__confirm.csv,satimage|11|pre_none_off,min_dist,2.4332555324833782,2.4332555324833782,1,1
t3_design_space/per_seed_metrics__confirm.csv,satimage|11|pre_none_off,mean_acc,0.6362849872704424,0.6362849872704424,1,1
t3_design_space/per_seed_metrics__confirm.csv,satimage|11|pre_none_off,worst_acc,0.4565916398713826,0.4565916398713826,1,1
t3_design_space/per_seed_metrics__confirm.csv,satimage|11|pre_footprint_off,min_dist,2.0608091542898412,2.0608091542898412,1,1
t3_design_space/per_seed_metrics__confirm.csv,satimage|11|pre_footprint_off,mean_acc,0.6495416705674815,0.6495416705674815,1,1
t3_design_space/per_seed_metrics__confirm.csv,satimage|11|pre_footprint_off,worst_acc,0.4590690208667737,0.4590690208667737,1,1
t3_design_space/per_seed_metrics__confirm.csv,satimage|11|pre_mass_off,min_dist,2.052485627071742,2.052485627071742,1,1
t3_design_space/per_seed_metrics__confirm.csv,satimage|11|pre_mass_off,mean_acc,0.6477370551634327,0.6477370551634327,1,1
t3_design_space/per_seed_metrics__confirm.csv,satimage|11|pre_mass_off,worst_acc,0.4606741573033708,0.4606741573033708,1,1
t3_design_space/per_seed_metrics__confirm.csv,satimage|12|post_none_off,min_dist,2.611496650829473,2.611496650829473,1,1
t3_design_space/per_seed_metrics__confirm.csv,satimage|12|post_none_off,mean_acc,0.7302389419878778,0.7302389419878778,1,1
t3_design_space/per_seed_metrics__confirm.csv,satimage|12|post_none_off,worst_acc,0.5960044395116537,0.5960044395116537,1,1
t3_design_space/per_seed_metrics__confirm.csv,satimage|12|post_footprint_off,min_dist,2.9588082748417186,2.9588082748417186,1,1
t3_design_space/per_seed_metrics__confirm.csv,satimage|12|post_footprint_off,mean_acc,0.6888553353563314,0.6888553353563314,1,1
t3_design_space/per_seed_metrics__confirm.csv,satimage|12|post_footprint_off,worst_acc,0.507223113964687,0.507223113964687,1,1
t3_design_space/per_seed_metrics__confirm.csv,satimage|12|post_footprint_on,min_dist,2.802766308916451,2.802766308916451,1,1
t3_design_space/per_seed_metrics__confirm.csv,satimage|12|post_footprint_on,mean_acc,0.677602542639369,0.677602542639369,1,1
t3_design_space/per_seed_metrics__confirm.csv,satimage|12|post_footprint_on,worst_acc,0.4622792937399679,0.4622792937399679,1,1
t3_design_space/per_seed_metrics__confirm.csv,satimage|12|pre_none_off,min_dist,3.586417976174884,3.586417976174884,1,1
t3_design_space/per_seed_metrics__confirm.csv,satimage|12|pre_none_off,mean_acc,0.7054000802695786,0.7054000802695786,1,1
t3_design_space/per_seed_metrics__confirm.csv,satimage|12|pre_none_off,worst_acc,0.5457463884430177,0.5457463884430177,1,1
t3_design_space/per_seed_metrics__confirm.csv,satimage|12|pre_footprint_off,min_dist,2.653518807386719,2.653518807386719,1,1
t3_design_space/per_seed_metrics__confirm.csv,satimage|12|pre_footprint_off,mean_acc,0.6779597004200819,0.6779597004200819,1,1
t3_design_space/per_seed_metrics__confirm.csv,satimage|12|pre_footprint_off,worst_acc,0.4622792937399679,0.4622792937399679,1,1
t3_design_space/per_seed_metrics__confirm.csv,satimage|12|pre_mass_off,min_dist,2.672466388600349,2.672466388600349,1,1
t3_design_space/per_seed_metrics__confirm.csv,satimage|12|pre_mass_off,mean_acc,0.6776099857078344,0.6776099857078344,1,1
t3_design_space/per_seed_metrics__confirm.csv,satimage|12|pre_mass_off,worst_acc,0.4654895666131621,0.4654895666131621,1,1
t3_design_space/per_seed_metrics__confirm.csv,satimage|13|post_none_off,min_dist,2.4471418887489382,2.4471418887489382,1,1
t3_design_space/per_seed_metrics__confirm.csv,satimage|13|post_none_off,mean_acc,0.6478045640290878,0.6478045640290878,1,1
t3_design_space/per_seed_metrics__confirm.csv,satimage|13|post_none_off,worst_acc,0.4453376205787781,0.4453376205787781,1,1
t3_design_space/per_seed_metrics__confirm.csv,satimage|13|post_footprint_off,min_dist,2.130802067428607,2.130802067428607,1,1
t3_design_space/per_seed_metrics__confirm.csv,satimage|13|post_footprint_off,mean_acc,0.649294923206236,0.649294923206236,1,1
t3_design_space/per_seed_metrics__confirm.csv,satimage|13|post_footprint_off,worst_acc,0.46869983948635635,0.46869983948635635,1,1
t3_design_space/per_seed_metrics__confirm.csv,satimage|13|post_footprint_on,min_dist,2.0604131842195503,2.0604131842195503,1,1
t3_design_space/per_seed_metrics__confirm.csv,satimage|13|post_footprint_on,mean_acc,0.6528307880956759,0.6528307880956759,1,1
t3_design_space/per_seed_metrics__confirm.csv,satimage|13|post_footprint_on,worst_acc,0.5038845726970034,0.5038845726970034,1,1
t3_design_space/per_seed_metrics__confirm.csv,satimage|13|pre_none_off,min_dist,2.3737672149322604,2.3737672149322604,1,1
t3_design_space/per_seed_metrics__confirm.csv,satimage|13|pre_none_off,mean_acc,0.6356899565183014,0.6356899565183014,1,1
t3_design_space/per_seed_metrics__confirm.csv,satimage|13|pre_none_off,worst_acc,0.46141479099678456,0.46141479099678456,1,1
t3_design_space/per_seed_metrics__confirm.csv,satimage|13|pre_footprint_off,min_dist,1.9890069174293354,1.9890069174293354,1,1
t3_design_space/per_seed_metrics__confirm.csv,satimage|13|pre_footprint_off,mean_acc,0.6519007659294649,0.6519007659294649,1,1
t3_design_space/per_seed_metrics__confirm.csv,satimage|13|pre_footprint_off,worst_acc,0.4959871589085072,0.4959871589085072,1,1
t3_design_space/per_seed_metrics__confirm.csv,satimage|13|pre_mass_off,min_dist,1.9846311034071022,1.9846311034071022,1,1
t3_design_space/per_seed_metrics__confirm.csv,satimage|13|pre_mass_off,mean_acc,0.6501632402022467,0.6501632402022467,1,1
t3_design_space/per_seed_metrics__confirm.csv,satimage|13|pre_mass_off,worst_acc,0.4959871589085072,0.4959871589085072,1,1
t3_design_space/per_seed_metrics__confirm.csv,satimage|14|post_none_off,min_dist,2.6383805764276795,2.6383805764276795,1,1
t3_design_space/per_seed_metrics__confirm.csv,satimage|14|post_none_off,mean_acc,0.7285767664299129,0.7285767664299129,1,1
t3_design_space/per_seed_metrics__confirm.csv,satimage|14|post_none_off,worst_acc,0.5971107544141252,0.5971107544141252,1,1
t3_design_space/per_seed_metrics__confirm.csv,satimage|14|post_footprint_off,min_dist,2.7903867514997316,2.7903867514997316,1,1
t3_design_space/per_seed_metrics__confirm.csv,satimage|14|post_footprint_off,mean_acc,0.6807722885762488,0.6807722885762488,1,1
t3_design_space/per_seed_metrics__confirm.csv,satimage|14|post_footprint_off,worst_acc,0.4606741573033708,0.4606741573033708,1,1
t3_design_space/per_seed_metrics__confirm.csv,satimage|14|post_footprint_on,min_dist,2.687048814597172,2.687048814597172,1,1
t3_design_space/per_seed_metrics__confirm.csv,satimage|14|post_footprint_on,mean_acc,0.6819205113109356,0.6819205113109356,1,1
t3_design_space/per_seed_metrics__confirm.csv,satimage|14|post_footprint_on,worst_acc,0.46141479099678456,0.46141479099678456,1,1
t3_design_space/per_seed_metrics__confirm.csv,satimage|14|pre_none_off,min_dist,3.4474332137786,3.4474332137786,1,1
t3_design_space/per_seed_metrics__confirm.csv,satimage|14|pre_none_off,mean_acc,0.6958797099325712,0.6958797099325712,1,1
t3_design_space/per_seed_metrics__confirm.csv,satimage|14|pre_none_off,worst_acc,0.5200642054574639,0.5200642054574639,1,1
t3_design_space/per_seed_metrics__confirm.csv,satimage|14|pre_footprint_off,min_dist,2.5799269730504415,2.5799269730504415,1,1
t3_design_space/per_seed_metrics__confirm.csv,satimage|14|pre_footprint_off,mean_acc,0.6782332687194775,0.6782332687194775,1,1
t3_design_space/per_seed_metrics__confirm.csv,satimage|14|pre_footprint_off,worst_acc,0.46141479099678456,0.46141479099678456,1,1
t3_design_space/per_seed_metrics__confirm.csv,satimage|14|pre_mass_off,min_dist,2.5917745944864996,2.5917745944864996,1,1
t3_design_space/per_seed_metrics__confirm.csv,satimage|14|pre_mass_off,mean_acc,0.6783417179025081,0.6783417179025081,1,1
t3_design_space/per_seed_metrics__confirm.csv,satimage|14|pre_mass_off,worst_acc,0.4646302250803859,0.4646302250803859,1,1
t3_design_space/per_seed_metrics__confirm.csv,satimage|15|post_none_off,min_dist,2.4972582395808898,2.4972582395808898,1,1
t3_design_space/per_seed_metrics__confirm.csv,satimage|15|post_none_off,mean_acc,0.6583266637126673,0.6583266637126673,1,1
t3_design_space/per_seed_metrics__confirm.csv,satimage|15|post_none_off,worst_acc,0.42443729903536975,0.42443729903536975,1,1
t3_design_space/per_seed_metrics__confirm.csv,satimage|15|post_footprint_off,min_dist,2.8209456864370512,2.8209456864370512,1,1
t3_design_space/per_seed_metrics__confirm.csv,satimage|15|post_footprint_off,mean_acc,0.6833606928745091,0.6833606928745091,1,1
t3_design_space/per_seed_metrics__confirm.csv,satimage|15|post_footprint_off,worst_acc,0.48635634028892455,0.48635634028892455,1,1
t3_design_space/per_seed_metrics__confirm.csv,satimage|15|post_footprint_on,min_dist,2.717308973473398,2.717308973473398,1,1
t3_design_space/per_seed_metrics__confirm.csv,satimage|15|post_footprint_on,mean_acc,0.6804843811459373,0.6804843811459373,1,1
t3_design_space/per_seed_metrics__confirm.csv,satimage|15|post_footprint_on,worst_acc,0.4678456591639871,0.4678456591639871,1,1
t3_design_space/per_seed_metrics__confirm.csv,satimage|15|pre_none_off,min_dist,2.428504644914289,2.428504644914289,1,1
t3_design_space/per_seed_metrics__confirm.csv,satimage|15|pre_none_off,mean_acc,0.6385981585764176,0.6385981585764176,1,1
t3_design_space/per_seed_metrics__confirm.csv,satimage|15|pre_none_off,worst_acc,0.43086816720257237,0.43086816720257237,1,1
t3_design_space/per_seed_metrics__confirm.csv,satimage|15|pre_footprint_off,min_dist,2.0873238361785464,2.0873238361785464,1,1
t3_design_space/per_seed_metrics__confirm.csv,satimage|15|pre_footprint_off,mean_acc,0.6553955298802222,0.6553955298802222,1,1
t3_design_space/per_seed_metrics__confirm.csv,satimage|15|pre_footprint_off,worst_acc,0.4630225080385852,0.4630225080385852,1,1
t3_design_space/per_seed_metrics__confirm.csv,satimage|15|pre_mass_off,min_dist,2.0735154797339512,2.0735154797339512,1,1
t3_design_space/per_seed_metrics__confirm.csv,satimage|15|pre_mass_off,mean_acc,0.6528057979556652,0.6528057979556652,1,1
t3_design_space/per_seed_metrics__confirm.csv,satimage|15|pre_mass_off,worst_acc,0.4630225080385852,0.4630225080385852,1,1
t3_design_space/per_seed_metrics__confirm.csv,satimage|16|post_none_off,min_dist,2.4176822131279163,2.4176822131279163,1,1
t3_design_space/per_seed_metrics__confirm.csv,satimage|16|post_none_off,mean_acc,0.654949023340645,0.654949023340645,1,1
t3_design_space/per_seed_metrics__confirm.csv,satimage|16|post_none_off,worst_acc,0.42443729903536975,0.42443729903536975,1,1
t3_design_space/per_seed_metrics__confirm.csv,satimage|16|post_footprint_off,min_dist,2.3445102387176844,2.3445102387176844,1,1
t3_design_space/per_seed_metrics__confirm.csv,satimage|16|post_footprint_off,mean_acc,0.6611346934226844,0.6611346934226844,1,1
t3_design_space/per_seed_metrics__confirm.csv,satimage|16|post_footprint_off,worst_acc,0.4630225080385852,0.4630225080385852,1,1
t3_design_space/per_seed_metrics__confirm.csv,satimage|16|post_footprint_on,min_dist,2.257512297402264,2.257512297402264,1,1
t3_design_space/per_seed_metrics__confirm.csv,satimage|16|post_footprint_on,mean_acc,0.6626207023790174,0.6626207023790174,1,1
t3_design_space/per_seed_metrics__confirm.csv,satimage|16|post_footprint_on,worst_acc,0.4983922829581994,0.4983922829581994,1,1
t3_design_space/per_seed_metrics__confirm.csv,satimage|16|pre_none_off,min_dist,2.5197305345770347,2.5197305345770347,1,1
t3_design_space/per_seed_metrics__confirm.csv,satimage|16|pre_none_off,mean_acc,0.6410019391170516,0.6410019391170516,1,1
t3_design_space/per_seed_metrics__confirm.csv,satimage|16|pre_none_off,worst_acc,0.43729903536977494,0.43729903536977494,1,1
t3_design_space/per_seed_metrics__confirm.csv,satimage|16|pre_footprint_off,min_dist,2.0687693528695674,2.0687693528695674,1,1
t3_design_space/per_seed_metrics__confirm.csv,satimage|16|pre_footprint_off,mean_acc,0.6523697142191747,0.6523697142191747,1,1
t3_design_space/per_seed_metrics__confirm.csv,satimage|16|pre_footprint_off,worst_acc,0.4678456591639871,0.4678456591639871,1,1
t3_design_space/per_seed_metrics__confirm.csv,satimage|16|pre_mass_off,min_dist,2.0703653697581172,2.0703653697581172,1,1
t3_design_space/per_seed_metrics__confirm.csv,satimage|16|pre_mass_off,mean_acc,0.6511224502133542,0.6511224502133542,1,1
t3_design_space/per_seed_metrics__confirm.csv,satimage|16|pre_mass_off,worst_acc,0.4678456591639871,0.4678456591639871,1,1
t3_design_space/per_seed_metrics__confirm.csv,satimage|17|post_none_off,min_dist,2.572894821253997,2.572894821253997,1,1
t3_design_space/per_seed_metrics__confirm.csv,satimage|17|post_none_off,mean_acc,0.7323440174379456,0.7323440174379456,1,1
t3_design_space/per_seed_metrics__confirm.csv,satimage|17|post_none_off,worst_acc,0.6260032102728732,0.6260032102728732,1,1
t3_design_space/per_seed_metrics__confirm.csv,satimage|17|post_footprint_off,min_dist,2.871556903544598,2.871556903544598,1,1
t3_design_space/per_seed_metrics__confirm.csv,satimage|17|post_footprint_off,mean_acc,0.6833961806228616,0.6833961806228616,1,1
t3_design_space/per_seed_metrics__confirm.csv,satimage|17|post_footprint_off,worst_acc,0.4622792937399679,0.4622792937399679,1,1
t3_design_space/per_seed_metrics__confirm.csv,satimage|17|post_footprint_on,min_dist,2.163630395411329,2.163630395411329,1,1
t3_design_space/per_seed_metrics__confirm.csv,satimage|17|post_footprint_on,mean_acc,0.6570786343661258,0.6570786343661258,1,1
t3_design_space/per_seed_metrics__confirm.csv,satimage|17|post_footprint_on,worst_acc,0.4903536977491961,0.4903536977491961,1,1
t3_design_space/per_seed_metrics__confirm.csv,satimage|17|pre_none_off,min_dist,2.395342785996348,2.395342785996348,1,1
t3_design_space/per_seed_metrics__confirm.csv,satimage|17|pre_none_off,mean_acc,0.6346473955335306,0.6346473955335306,1,1
t3_design_space/per_seed_metrics__confirm.csv,satimage|17|pre_none_off,worst_acc,0.4405144694533762,0.4405144694533762,1,1
t3_design_space/per_seed_metrics__confirm.csv,satimage|17|pre_footprint_off,min_dist,2.0542992207964876,2.0542992207964876,1,1
t3_design_space/per_seed_metrics__confirm.csv,satimage|17|pre_footprint_off,mean_acc,0.6533030917432205,0.6533030917432205,1,1
t3_design_space/per_seed_metrics__confirm.csv,satimage|17|pre_footprint_off,worst_acc,0.4790996784565916,0.4790996784565916,1,1
t3_design_space/per_seed_metrics__confirm.csv,satimage|17|pre_mass_off,min_dist,2.0468515537089393,2.0468515537089393,1,1
t3_design_space/per_seed_metrics__confirm.csv,satimage|17|pre_mass_off,mean_acc,0.6516858442927027,0.6516858442927027,1,1
t3_design_space/per_seed_metrics__confirm.csv,satimage|17|pre_mass_off,worst_acc,0.4807073954983923,0.4807073954983923,1,1
t3_design_space/per_seed_metrics__confirm.csv,satimage|18|post_none_off,min_dist,2.7085188391334016,2.7085188391334016,1,1
t3_design_space/per_seed_metrics__confirm.csv,satimage|18|post_none_off,mean_acc,0.7310946974317593,0.7310946974317593,1,1
t3_design_space/per_seed_metrics__confirm.csv,satimage|18|post_none_off,worst_acc,0.6059933407325194,0.6059933407325194,1,1
t3_design_space/per_seed_metrics__confirm.csv,satimage|18|post_footprint_off,min_dist,3.000739500810297,3.000739500810297,1,1
t3_design_space/per_seed_metrics__confirm.csv,satimage|18|post_footprint_off,mean_acc,0.684930828557727,0.684930828557727,1,1
t3_design_space/per_seed_metrics__confirm.csv,satimage|18|post_footprint_off,worst_acc,0.5049944506104328,0.5049944506104328,1,1
t3_design_space/per_seed_metrics__confirm.csv,satimage|18|post_footprint_on,min_dist,2.853147494752324,2.853147494752324,1,1
t3_design_space/per_seed_metrics__confirm.csv,satimage|18|post_footprint_on,mean_acc,0.6764051644510571,0.6764051644510571,1,1
t3_design_space/per_seed_metrics__confirm.csv,satimage|18|post_footprint_on,worst_acc,0.4630225080385852,0.4630225080385852,1,1
t3_design_space/per_seed_metrics__confirm.csv,satimage|18|pre_none_off,min_dist,3.618209341415235,3.618209341415235,1,1
t3_design_space/per_seed_metrics__confirm.csv,satimage|18|pre_none_off,mean_acc,0.7028448316175913,0.7028448316175913,1,1
t3_design_space/per_seed_metrics__confirm.csv,satimage|18|pre_none_off,worst_acc,0.5493895671476138,0.5493895671476138,1,1
t3_design_space/per_seed_metrics__confirm.csv,satimage|18|pre_footprint_off,min_dist,2.6947804514019533,2.6947804514019533,1,1
t3_design_space/per_seed_metrics__confirm.csv,satimage|18|pre_footprint_off,mean_acc,0.6757877729238133,0.6757877729238133,1,1
t3_design_space/per_seed_metrics__confirm.csv,satimage|18|pre_footprint_off,worst_acc,0.47266881028938906,0.47266881028938906,1,1
t3_design_space/per_seed_metrics__confirm.csv,satimage|18|pre_mass_off,min_dist,2.680319614126232,2.680319614126232,1,1
t3_design_space/per_seed_metrics__confirm.csv,satimage|18|pre_mass_off,mean_acc,0.6765591248955213,0.6765591248955213,1,1
t3_design_space/per_seed_metrics__confirm.csv,satimage|18|pre_mass_off,worst_acc,0.478330658105939,0.478330658105939,1,1
t3_design_space/per_seed_metrics__confirm.csv,satimage|19|post_none_off,min_dist,2.5403851591767044,2.5403851591767044,1,1
t3_design_space/per_seed_metrics__confirm.csv,satimage|19|post_none_off,mean_acc,0.7243632156938353,0.7243632156938353,1,1
t3_design_space/per_seed_metrics__confirm.csv,satimage|19|post_none_off,worst_acc,0.6099518459069021,0.6099518459069021,1,1
t3_design_space/per_seed_metrics__confirm.csv,satimage|19|post_footprint_off,min_dist,3.119804357621237,3.119804357621237,1,1
t3_design_space/per_seed_metrics__confirm.csv,satimage|19|post_footprint_off,mean_acc,0.6940312885246888,0.6940312885246888,1,1
t3_design_space/per_seed_metrics__confirm.csv,satimage|19|post_footprint_off,worst_acc,0.5024077046548957,0.5024077046548957,1,1
t3_design_space/per_seed_metrics__confirm.csv,satimage|19|post_footprint_on,min_dist,2.984366463129529,2.984366463129529,1,1
t3_design_space/per_seed_metrics__confirm.csv,satimage|19|post_footprint_on,mean_acc,0.6830703391880727,0.6830703391880727,1,1
t3_design_space/per_seed_metrics__confirm.csv,satimage|19|post_footprint_on,worst_acc,0.45746388443017655,0.45746388443017655,1,1
t3_design_space/per_seed_metrics__confirm.csv,satimage|19|pre_none_off,min_dist,3.686748958321246,3.686748958321246,1,1
t3_design_space/per_seed_metrics__confirm.csv,satimage|19|pre_none_off,mean_acc,0.7085796933371962,0.7085796933371962,1,1
t3_design_space/per_seed_metrics__confirm.csv,satimage|19|pre_none_off,worst_acc,0.5569823434991974,0.5569823434991974,1,1
t3_design_space/per_seed_metrics__confirm.csv,satimage|19|pre_footprint_off,min_dist,2.1446649311783936,2.1446649311783936,1,1
t3_design_space/per_seed_metrics__confirm.csv,satimage|19|pre_footprint_off,mean_acc,0.6600043780195726,0.6600043780195726,1,1
t3_design_space/per_seed_metrics__confirm.csv,satimage|19|pre_footprint_off,worst_acc,0.45819935691318325,0.45819935691318325,1,1
t3_design_space/per_seed_metrics__confirm.csv,satimage|19|pre_mass_off,min_dist,2.120447873877521,2.120447873877521,1,1
t3_design_space/per_seed_metrics__confirm.csv,satimage|19|pre_mass_off,mean_acc,0.6583815331457197,0.6583815331457197,1,1
t3_design_space/per_seed_metrics__confirm.csv,satimage|19|pre_mass_off,worst_acc,0.45819935691318325,0.45819935691318325,1,1
t3_design_space/per_seed_metrics__confirm.csv,pendigits|10|post_none_off,min_dist,1.4390107624177735,1.4390107624177735,1,1
t3_design_space/per_seed_metrics__confirm.csv,pendigits|10|post_none_off,mean_acc,0.5698049752971777,0.5698049752971777,1,1
t3_design_space/per_seed_metrics__confirm.csv,pendigits|10|post_none_off,worst_acc,0.4547970479704797,0.4547970479704797,1,1
t3_design_space/per_seed_metrics__confirm.csv,pendigits|10|post_footprint_off,min_dist,1.9366081935642454,1.9366081935642454,1,1
t3_design_space/per_seed_metrics__confirm.csv,pendigits|10|post_footprint_off,mean_acc,0.6130890556163567,0.6130890556163567,1,1
t3_design_space/per_seed_metrics__confirm.csv,pendigits|10|post_footprint_off,worst_acc,0.48523985239852396,0.48523985239852396,1,1
t3_design_space/per_seed_metrics__confirm.csv,pendigits|10|post_footprint_on,min_dist,0.27227958072686875,0.27227958072686875,1,1
t3_design_space/per_seed_metrics__confirm.csv,pendigits|10|post_footprint_on,mean_acc,0.5943111838309076,0.5943111838309076,1,1
t3_design_space/per_seed_metrics__confirm.csv,pendigits|10|post_footprint_on,worst_acc,0.4446494464944649,0.4446494464944649,1,1
t3_design_space/per_seed_metrics__confirm.csv,pendigits|10|pre_none_off,min_dist,2.32866518223581,2.32866518223581,1,1
t3_design_space/per_seed_metrics__confirm.csv,pendigits|10|pre_none_off,mean_acc,0.6985864879540123,0.6985864879540123,1,1
t3_design_space/per_seed_metrics__confirm.csv,pendigits|10|pre_none_off,worst_acc,0.5156826568265682,0.5156826568265682,1,1
t3_design_space/per_seed_metrics__confirm.csv,pendigits|10|pre_footprint_off,min_dist,1.9213721732630875,1.9213721732630875,1,1
t3_design_space/per_seed_metrics__confirm.csv,pendigits|10|pre_footprint_off,mean_acc,0.6813849293229943,0.6813849293229943,1,1
t3_design_space/per_seed_metrics__confirm.csv,pendigits|10|pre_footprint_off,worst_acc,0.4640221402214022,0.4640221402214022,1,1
t3_design_space/per_seed_metrics__confirm.csv,pendigits|10|pre_mass_off,min_dist,1.9071731764230822,1.9071731764230822,1,1
t3_design_space/per_seed_metrics__confirm.csv,pendigits|10|pre_mass_off,mean_acc,0.6838675536083273,0.6838675536083273,1,1
t3_design_space/per_seed_metrics__confirm.csv,pendigits|10|pre_mass_off,worst_acc,0.46586715867158673,0.46586715867158673,1,1
t3_design_space/per_seed_metrics__confirm.csv,pendigits|11|post_none_off,min_dist,1.6676853850115945,1.6676853850115945,1,1
t3_design_space/per_seed_metrics__confirm.csv,pendigits|11|post_none_off,mean_acc,0.4897246100205079,0.4897246100205079,1,1
t3_design_space/per_seed_metrics__confirm.csv,pendigits|11|post_none_off,worst_acc,0.43911439114391143,0.43911439114391143,1,1
t3_design_space/per_seed_metrics__confirm.csv,pendigits|11|post_footprint_off,min_dist,1.9363755280116972,1.9363755280116972,1,1
t3_design_space/per_seed_metrics__confirm.csv,pendigits|11|post_footprint_off,mean_acc,0.6195240768737383,0.6195240768737383,1,1
t3_design_space/per_seed_metrics__confirm.csv,pendigits|11|post_footprint_off,worst_acc,0.531895777178796,0.531895777178796,1,1
t3_design_space/per_seed_metrics__confirm.csv,pendigits|11|post_footprint_on,min_dist,1.9555603334734866,1.9555603334734866,1,1
t3_design_space/per_seed_metrics__confirm.csv,pendigits|11|post_footprint_on,mean_acc,0.6128337580763532,0.6128337580763532,1,1
t3_design_space/per_seed_metrics__confirm.csv,pendigits|11|post_footprint_on,worst_acc,0.5437062937062938,0.5437062937062938,1,1
t3_design_space/per_seed_metrics__confirm.csv,pendigits|11|pre_none_off,min_dist,1.935390155437396,1.935390155437396,1,1
t3_design_space/per_seed_metrics__confirm.csv,pendigits|11|pre_none_off,mean_acc,0.6463500536956105,0.6463500536956105,1,1
t3_design_space/per_seed_metrics__confirm.csv,pendigits|11|pre_none_off,worst_acc,0.5156826568265682,0.5156826568265682,1,1
t3_design_space/per_seed_metrics__confirm.csv,pendigits|11|pre_footprint_off,min_dist,1.4121870979345061,1.4121870979345061,1,1
t3_design_space/per_seed_metrics__confirm.csv,pendigits|11|pre_footprint_off,mean_acc,0.6600093303002478,0.6600093303002478,1,1
t3_design_space/per_seed_metrics__confirm.csv,pendigits|11|pre_footprint_off,worst_acc,0.5244239631336406,0.5244239631336406,1,1
t3_design_space/per_seed_metrics__confirm.csv,pendigits|11|pre_mass_off,min_dist,2.0140406498208985,2.0140406498208985,1,1
t3_design_space/per_seed_metrics__confirm.csv,pendigits|11|pre_mass_off,mean_acc,0.6422135271326254,0.6422135271326254,1,1
t3_design_space/per_seed_metrics__confirm.csv,pendigits|11|pre_mass_off,worst_acc,0.5198156682027649,0.5198156682027649,1,1
t3_design_space/per_seed_metrics__confirm.csv,pendigits|12|post_none_off,min_dist,1.2842977055945974,1.2842977055945974,1,1
t3_design_space/per_seed_metrics__confirm.csv,pendigits|12|post_none_off,mean_acc,0.5244327577408815,0.5244327577408815,1,1
t3_design_space/per_seed_metrics__confirm.csv,pendigits|12|post_none_off,worst_acc,0.42066420664206644,0.42066420664206644,1,1
t3_design_space/per_seed_metrics__confirm.csv,pendigits|12|post_footprint_off,min_dist,1.5560660451976085,1.5560660451976085,1,1
t3_design_space/per_seed_metrics__confirm.csv,pendigits|12|post_footprint_off,mean_acc,0.6333646962141372,0.6333646962141372,1,1
t3_design_space/per_seed_metrics__confirm.csv,pendigits|12|post_footprint_off,worst_acc,0.5,0.5,1,1
t3_design_space/per_seed_metrics__confirm.csv,pendigits|12|post_footprint_on,min_dist,1.8176919738775785,1.8176919738775785,1,1
t3_design_space/per_seed_metrics__confirm.csv,pendigits|12|post_footprint_on,mean_acc,0.666638632115622,0.666638632115622,1,1
t3_design_space/per_seed_metrics__confirm.csv,pendigits|12|post_footprint_on,worst_acc,0.5018450184501845,0.5018450184501845,1,1
t3_design_space/per_seed_metrics__confirm.csv,pendigits|12|pre_none_off,min_dist,1.9624738790602194,1.9624738790602194,1,1
t3_design_space/per_seed_metrics__confirm.csv,pendigits|12|pre_none_off,mean_acc,0.7186167395802141,0.7186167395802141,1,1
t3_design_space/per_seed_metrics__confirm.csv,pendigits|12|pre_none_off,worst_acc,0.5876383763837638,0.5876383763837638,1,1
t3_design_space/per_seed_metrics__confirm.csv,pendigits|12|pre_footprint_off,min_dist,1.8023992944014966,1.8023992944014966,1,1
t3_design_space/per_seed_metrics__confirm.csv,pendigits|12|pre_footprint_off,mean_acc,0.6651936989680552,0.6651936989680552,1,1
t3_design_space/per_seed_metrics__confirm.csv,pendigits|12|pre_footprint_off,worst_acc,0.5112309074573226,0.5112309074573226,1,1
t3_design_space/per_seed_metrics__confirm.csv,pendigits|12|pre_mass_off,min_dist,1.7998029118319556,1.7998029118319556,1,1
t3_design_space/per_seed_metrics__confirm.csv,pendigits|12|pre_mass_off,mean_acc,0.6605742135585003,0.6605742135585003,1,1
t3_design_space/per_seed_metrics__confirm.csv,pendigits|12|pre_mass_off,worst_acc,0.5058400718778078,0.5058400718778078,1,1
t3_design_space/per_seed_metrics__confirm.csv,pendigits|13|post_none_off,min_dist,1.1629730001708058,1.1629730001708058,1,1
t3_design_space/per_seed_metrics__confirm.csv,pendigits|13|post_none_off,mean_acc,0.541724835361303,0.541724835361303,1,1
t3_design_space/per_seed_metrics__confirm.csv,pendigits|13|post_none_off,worst_acc,0.4981549815498155,0.4981549815498155,1,1
t3_design_space/per_seed_metrics__confirm.csv,pendigits|13|post_footprint_off,min_dist,2.0348254552743694,2.0348254552743694,1,1
t3_design_space/per_seed_metrics__confirm.csv,pendigits|13|post_footprint_off,mean_acc,0.6976548743686635,0.6976548743686635,1,1
t3_design_space/per_seed_metrics__confirm.csv,pendigits|13|post_footprint_off,worst_acc,0.5815668202764976,0.5815668202764976,1,1
t3_design_space/per_seed_metrics__confirm.csv,pendigits|13|post_footprint_on,min_dist,1.9922573611857468,1.9922573611857468,1,1
t3_design_space/per_seed_metrics__confirm.csv,pendigits|13|post_footprint_on,mean_acc,0.6808431787114554,0.6808431787114554,1,1
t3_design_space/per_seed_metrics__confirm.csv,pendigits|13|post_footprint_on,worst_acc,0.564240790655885,0.564240790655885,1,1
t3_design_space/per_seed_metrics__confirm.csv,pendigits|13|pre_none_off,min_dist,1.953772951403685,1.953772951403685,1,1
t3_design_space/per_seed_metrics__confirm.csv,pendigits|13|pre_none_off,mean_acc,0.7178003062911016,0.7178003062911016,1,1
t3_design_space/per_seed_metrics__confirm.csv,pendigits|13|pre_none_off,worst_acc,0.5885608856088561,0.5885608856088561,1,1
t3_design_space/per_seed_metrics__confirm.csv,pendigits|13|pre_footprint_off,min_dist,1.9584365384211262,1.9584365384211262,1,1
t3_design_space/per_seed_metrics__confirm.csv,pendigits|13|pre_footprint_off,mean_acc,0.7097972251532096,0.7097972251532096,1,1
t3_design_space/per_seed_metrics__confirm.csv,pendigits|13|pre_footprint_off,worst_acc,0.5778801843317972,0.5778801843317972,1,1
t3_design_space/per_seed_metrics__confirm.csv,pendigits|13|pre_mass_off,min_dist,1.9703012074282347,1.9703012074282347,1,1
t3_design_space/per_seed_metrics__confirm.csv,pendigits|13|pre_mass_off,mean_acc,0.6526511206176855,0.6526511206176855,1,1
t3_design_space/per_seed_metrics__confirm.csv,pendigits|13|pre_mass_off,worst_acc,0.511520737327189,0.511520737327189,1,1
t3_design_space/per_seed_metrics__confirm.csv,pendigits|14|post_none_off,min_dist,1.217155172268514,1.217155172268514,1,1
t3_design_space/per_seed_metrics__confirm.csv,pendigits|14|post_none_off,mean_acc,0.5774529808534715,0.5774529808534715,1,1
t3_design_space/per_seed_metrics__confirm.csv,pendigits|14|post_none_off,worst_acc,0.47232472324723246,0.47232472324723246,1,1
t3_design_space/per_seed_metrics__confirm.csv,pendigits|14|post_footprint_off,min_dist,1.9821517395825674,1.9821517395825674,1,1
t3_design_space/per_seed_metrics__confirm.csv,pendigits|14|post_footprint_off,mean_acc,0.6921180536323469,0.6921180536323469,1,1
t3_design_space/per_seed_metrics__confirm.csv,pendigits|14|post_footprint_off,worst_acc,0.591705069124424,0.591705069124424,1,1
t3_design_space/per_seed_metrics__confirm.csv,pendigits|14|post_footprint_on,min_dist,1.9850279300842741,1.9850279300842741,1,1
t3_design_space/per_seed_metrics__confirm.csv,pendigits|14|post_footprint_on,mean_acc,0.665377320086875,0.665377320086875,1,1
t3_design_space/per_seed_metrics__confirm.csv,pendigits|14|post_footprint_on,worst_acc,0.5627306273062731,0.5627306273062731,1,1
t3_design_space/per_seed_metrics__confirm.csv,pendigits|14|pre_none_off,min_dist,1.9026868826915397,1.9026868826915397,1,1
t3_design_space/per_seed_metrics__confirm.csv,pendigits|14|pre_none_off,mean_acc,0.6789118045865434,0.6789118045865434,1,1
t3_design_space/per_seed_metrics__confirm.csv,pendigits|14|pre_none_off,worst_acc,0.46863468634686345,0.46863468634686345,1,1
t3_design_space/per_seed_metrics__confirm.csv,pendigits|14|pre_footprint_off,min_dist,2.0093468675946924,2.0093468675946924,1,1
t3_design_space/per_seed_metrics__confirm.csv,pendigits|14|pre_footprint_off,mean_acc,0.6697318048990097,0.6697318048990097,1,1
t3_design_space/per_seed_metrics__confirm.csv,pendigits|14|pre_footprint_off,worst_acc,0.5894833948339483,0.5894833948339483,1,1
t3_design_space/per_seed_metrics__confirm.csv,pendigits|14|pre_mass_off,min_dist,1.553674969231595,1.553674969231595,1,1
t3_design_space/per_seed_metrics__confirm.csv,pendigits|14|pre_mass_off,mean_acc,0.6894157324336374,0.6894157324336374,1,1
t3_design_space/per_seed_metrics__confirm.csv,pendigits|14|pre_mass_off,worst_acc,0.6143911439114391,0.6143911439114391,1,1
t3_design_space/per_seed_metrics__confirm.csv,pendigits|15|post_none_off,min_dist,1.544781203279326,1.544781203279326,1,1
t3_design_space/per_seed_metrics__confirm.csv,pendigits|15|post_none_off,mean_acc,0.5339142340920064,0.5339142340920064,1,1
t3_design_space/per_seed_metrics__confirm.csv,pendigits|15|post_none_off,worst_acc,0.4944649446494465,0.4944649446494465,1,1
t3_design_space/per_seed_metrics__confirm.csv,pendigits|15|post_footprint_off,min_dist,2.3589871432218517,2.3589871432218517,1,1
t3_design_space/per_seed_metrics__confirm.csv,pendigits|15|post_footprint_off,mean_acc,0.6904177660950503,0.6904177660950503,1,1
t3_design_space/per_seed_metrics__confirm.csv,pendigits|15|post_footprint_off,worst_acc,0.5341328413284133,0.5341328413284133,1,1
t3_design_space/per_seed_metrics__confirm.csv,pendigits|15|post_footprint_on,min_dist,2.454211056280756,2.454211056280756,1,1
t3_design_space/per_seed_metrics__confirm.csv,pendigits|15|post_footprint_on,mean_acc,0.649633795823703,0.649633795823703,1,1
t3_design_space/per_seed_metrics__confirm.csv,pendigits|15|post_footprint_on,worst_acc,0.5322878228782287,0.5322878228782287,1,1
t3_design_space/per_seed_metrics__confirm.csv,pendigits|15|pre_none_off,min_dist,2.0108812007780608,2.0108812007780608,1,1
t3_design_space/per_seed_metrics__confirm.csv,pendigits|15|pre_none_off,mean_acc,0.7126746680285364,0.7126746680285364,1,1
t3_design_space/per_seed_metrics__confirm.csv,pendigits|15|pre_none_off,worst_acc,0.5765682656826568,0.5765682656826568,1,1
t3_design_space/per_seed_metrics__confirm.csv,pendigits|15|pre_footprint_off,min_dist,1.5535697402371502,1.5535697402371502,1,1
t3_design_space/per_seed_metrics__confirm.csv,pendigits|15|pre_footprint_off,mean_acc,0.5741421524230239,0.5741421524230239,1,1
t3_design_space/per_seed_metrics__confirm.csv,pendigits|15|pre_footprint_off,worst_acc,0.4797047970479705,0.4797047970479705,1,1
t3_design_space/per_seed_metrics__confirm.csv,pendigits|15|pre_mass_off,min_dist,1.8428071726358295,1.8428071726358295,1,1
t3_design_space/per_seed_metrics__confirm.csv,pendigits|15|pre_mass_off,mean_acc,0.5846482368349553,0.5846482368349553,1,1
t3_design_space/per_seed_metrics__confirm.csv,pendigits|15|pre_mass_off,worst_acc,0.4446494464944649,0.4446494464944649,1,1
t3_design_space/per_seed_metrics__confirm.csv,pendigits|16|post_none_off,min_dist,1.5983546810491909,1.5983546810491909,1,1
t3_design_space/per_seed_metrics__confirm.csv,pendigits|16|post_none_off,mean_acc,0.5133554132007143,0.5133554132007143,1,1
t3_design_space/per_seed_metrics__confirm.csv,pendigits|16|post_none_off,worst_acc,0.46309963099630996,0.46309963099630996,1,1
t3_design_space/per_seed_metrics__confirm.csv,pendigits|16|post_footprint_off,min_dist,2.7758649456534314,2.7758649456534314,1,1
t3_design_space/per_seed_metrics__confirm.csv,pendigits|16|post_footprint_off,mean_acc,0.7156686366801603,0.7156686366801603,1,1
t3_design_space/per_seed_metrics__confirm.csv,pendigits|16|post_footprint_off,worst_acc,0.5525830258302583,0.5525830258302583,1,1
t3_design_space/per_seed_metrics__confirm.csv,pendigits|16|post_footprint_on,min_dist,2.763424378865651,2.763424378865651,1,1
t3_design_space/per_seed_metrics__confirm.csv,pendigits|16|post_footprint_on,mean_acc,0.7043722229300283,0.7043722229300283,1,1
t3_design_space/per_seed_metrics__confirm.csv,pendigits|16|post_footprint_on,worst_acc,0.5636531365313653,0.5636531365313653,1,1
t3_design_space/per_seed_metrics__confirm.csv,pendigits|16|pre_none_off,min_dist,2.3190249729533967,2.3190249729533967,1,1
t3_design_space/per_seed_metrics__confirm.csv,pendigits|16|pre_none_off,mean_acc,0.6965436875939246,0.6965436875939246,1,1
t3_design_space/per_seed_metrics__confirm.csv,pendigits|16|pre_none_off,worst_acc,0.522140221402214,0.522140221402214,1,1
t3_design_space/per_seed_metrics__confirm.csv,pendigits|16|pre_footprint_off,min_dist,2.0614480346535,2.0614480346535,1,1
t3_design_space/per_seed_metrics__confirm.csv,pendigits|16|pre_footprint_off,mean_acc,0.6814224287956138,0.6814224287956138,1,1
t3_design_space/per_seed_metrics__confirm.csv,pendigits|16|pre_footprint_off,worst_acc,0.49723247232472323,0.49723247232472323,1,1
t3_design_space/per_seed_metrics__confirm.csv,pendigits|16|pre_mass_off,min_dist,3.007339253364301,3.007339253364301,1,1
t3_design_space/per_seed_metrics__confirm.csv,pendigits|16|pre_mass_off,mean_acc,0.7211921264901948,0.7211921264901948,1,1
t3_design_space/per_seed_metrics__confirm.csv,pendigits|16|pre_mass_off,worst_acc,0.5553505535055351,0.5553505535055351,1,1
t3_design_space/per_seed_metrics__confirm.csv,pendigits|17|post_none_off,min_dist,1.4358827154033817,1.4358827154033817,1,1
t3_design_space/per_seed_metrics__confirm.csv,pendigits|17|post_none_off,mean_acc,0.5424134230991188,0.5424134230991188,1,1
t3_design_space/per_seed_metrics__confirm.csv,pendigits|17|post_none_off,worst_acc,0.47878228782287824,0.47878228782287824,1,1
t3_design_space/per_seed_metrics__confirm.csv,pendigits|17|post_footprint_off,min_dist,1.6524971449786425,1.6524971449786425,1,1
t3_design_space/per_seed_metrics__confirm.csv,pendigits|17|post_footprint_off,mean_acc,0.6077750431949214,0.6077750431949214,1,1
t3_design_space/per_seed_metrics__confirm.csv,pendigits|17|post_footprint_off,worst_acc,0.5022461814914645,0.5022461814914645,1,1
t3_design_space/per_seed_metrics__confirm.csv,pendigits|17|post_footprint_on,min_dist,1.7674260326050164,1.7674260326050164,1,1
t3_design_space/per_seed_metrics__confirm.csv,pendigits|17|post_footprint_on,mean_acc,0.6309646066364298,0.6309646066364298,1,1
t3_design_space/per_seed_metrics__confirm.csv,pendigits|17|post_footprint_on,worst_acc,0.4732472324723247,0.4732472324723247,1,1
t3_design_space/per_seed_metrics__confirm.csv,pendigits|17|pre_none_off,min_dist,1.9791502018852518,1.9791502018852518,1,1
t3_design_space/per_seed_metrics__confirm.csv,pendigits|17|pre_none_off,mean_acc,0.6937552304963852,0.6937552304963852,1,1
t3_design_space/per_seed_metrics__confirm.csv,pendigits|17|pre_none_off,worst_acc,0.5322878228782287,0.5322878228782287,1,1
t3_design_space/per_seed_metrics__confirm.csv,pendigits|17|pre_footprint_off,min_dist,1.4859251722020046,1.4859251722020046,1,1
t3_design_space/per_seed_metrics__confirm.csv,pendigits|17|pre_footprint_off,mean_acc,0.5664365311908985,0.5664365311908985,1,1
t3_design_space/per_seed_metrics__confirm.csv,pendigits|17|pre_footprint_off,worst_acc,0.4537286612758311,0.4537286612758311,1,1
t3_design_space/per_seed_metrics__confirm.csv,pendigits|17|pre_mass_off,min_dist,1.5797674677415092,1.5797674677415092,1,1
t3_design_space/per_seed_metrics__confirm.csv,pendigits|17|pre_mass_off,mean_acc,0.6168136606662438,0.6168136606662438,1,1
t3_design_space/per_seed_metrics__confirm.csv,pendigits|17|pre_mass_off,worst_acc,0.5046125461254612,0.5046125461254612,1,1
t3_design_space/per_seed_metrics__confirm.csv,pendigits|18|post_none_off,min_dist,1.4356315272568343,1.4356315272568343,1,1
t3_design_space/per_seed_metrics__confirm.csv,pendigits|18|post_none_off,mean_acc,0.4901322386114343,0.4901322386114343,1,1
t3_design_space/per_seed_metrics__confirm.csv,pendigits|18|post_none_off,worst_acc,0.4248847926267281,0.4248847926267281,1,1
t3_design_space/per_seed_metrics__confirm.csv,pendigits|18|post_footprint_off,min_dist,1.7631605857115034,1.7631605857115034,1,1
t3_design_space/per_seed_metrics__confirm.csv,pendigits|18|post_footprint_off,mean_acc,0.6323966350216506,0.6323966350216506,1,1
t3_design_space/per_seed_metrics__confirm.csv,pendigits|18|post_footprint_off,worst_acc,0.45018450184501846,0.45018450184501846,1,1
t3_design_space/per_seed_metrics__confirm.csv,pendigits|18|post_footprint_on,min_dist,1.9464394240008387,1.9464394240008387,1,1
t3_design_space/per_seed_metrics__confirm.csv,pendigits|18|post_footprint_on,mean_acc,0.6439954070818968,0.6439954070818968,1,1
t3_design_space/per_seed_metrics__confirm.csv,pendigits|18|post_footprint_on,worst_acc,0.5299539170506913,0.5299539170506913,1,1
t3_design_space/per_seed_metrics__confirm.csv,pendigits|18|pre_none_off,min_dist,1.9667641107274305,1.9667641107274305,1,1
t3_design_space/per_seed_metrics__confirm.csv,pendigits|18|pre_none_off,mean_acc,0.7176532790749474,0.7176532790749474,1,1
t3_design_space/per_seed_metrics__confirm.csv,pendigits|18|pre_none_off,worst_acc,0.5793357933579336,0.5793357933579336,1,1
t3_design_space/per_seed_metrics__confirm.csv,pendigits|18|pre_footprint_off,min_dist,1.619189399099037,1.619189399099037,1,1
t3_design_space/per_seed_metrics__confirm.csv,pendigits|18|pre_footprint_off,mean_acc,0.6323120887099102,0.6323120887099102,1,1
t3_design_space/per_seed_metrics__confirm.csv,pendigits|18|pre_footprint_off,worst_acc,0.5157232704402516,0.5157232704402516,1,1
t3_design_space/per_seed_metrics__confirm.csv,pendigits|18|pre_mass_off,min_dist,1.9876286753721097,1.9876286753721097,1,1
t3_design_space/per_seed_metrics__confirm.csv,pendigits|18|pre_mass_off,mean_acc,0.6708089672286264,0.6708089672286264,1,1
t3_design_space/per_seed_metrics__confirm.csv,pendigits|18|pre_mass_off,worst_acc,0.56036866359447,0.56036866359447,1,1
t3_design_space/per_seed_metrics__confirm.csv,pendigits|19|post_none_off,min_dist,1.5578710708170955,1.5578710708170955,1,1
t3_design_space/per_seed_metrics__confirm.csv,pendigits|19|post_none_off,mean_acc,0.5162623997352391,0.5162623997352391,1,1
t3_design_space/per_seed_metrics__confirm.csv,pendigits|19|post_none_off,worst_acc,0.44280442804428044,0.44280442804428044,1,1
t3_design_space/per_seed_metrics__confirm.csv,pendigits|19|post_footprint_off,min_dist,2.405900100922863,2.405900100922863,1,1
t3_design_space/per_seed_metrics__confirm.csv,pendigits|19|post_footprint_off,mean_acc,0.6954814407475042,0.6954814407475042,1,1
t3_design_space/per_seed_metrics__confirm.csv,pendigits|19|post_footprint_off,worst_acc,0.474169741697417,0.474169741697417,1,1
t3_design_space/per_seed_metrics__confirm.csv,pendigits|19|post_footprint_on,min_dist,1.9382420484460638,1.9382420484460638,1,1
t3_design_space/per_seed_metrics__confirm.csv,pendigits|19|post_footprint_on,mean_acc,0.6632334604166583,0.6632334604166583,1,1
t3_design_space/per_seed_metrics__confirm.csv,pendigits|19|post_footprint_on,worst_acc,0.47601476014760147,0.47601476014760147,1,1
t3_design_space/per_seed_metrics__confirm.csv,pendigits|19|pre_none_off,min_dist,1.9676808343864616,1.9676808343864616,1,1
t3_design_space/per_seed_metrics__confirm.csv,pendigits|19|pre_none_off,mean_acc,0.6934790918035577,0.6934790918035577,1,1
t3_design_space/per_seed_metrics__confirm.csv,pendigits|19|pre_none_off,worst_acc,0.48985239852398527,0.48985239852398527,1,1
t3_design_space/per_seed_metrics__confirm.csv,pendigits|19|pre_footprint_off,min_dist,2.5849653096213117,2.5849653096213117,1,1
t3_design_space/per_seed_metrics__confirm.csv,pendigits|19|pre_footprint_off,mean_acc,0.7322612276108416,0.7322612276108416,1,1
t3_design_space/per_seed_metrics__confirm.csv,pendigits|19|pre_footprint_off,worst_acc,0.5756457564575646,0.5756457564575646,1,1
t3_design_space/per_seed_metrics__confirm.csv,pendigits|19|pre_mass_off,min_dist,2.54303094312096,2.54303094312096,1,1
t3_design_space/per_seed_metrics__confirm.csv,pendigits|19|pre_mass_off,mean_acc,0.7042055444546736,0.7042055444546736,1,1
t3_design_space/per_seed_metrics__confirm.csv,pendigits|19|pre_mass_off,worst_acc,0.4843173431734317,0.4843173431734317,1,1
t3_design_space/per_seed_metrics__confirm.csv,digits_pca16|10|post_none_off,min_dist,1.5499930705982878,1.5499930705982878,1,1
t3_design_space/per_seed_metrics__confirm.csv,digits_pca16|10|post_none_off,mean_acc,0.4208660600751883,0.4208660600751883,1,1
t3_design_space/per_seed_metrics__confirm.csv,digits_pca16|10|post_none_off,worst_acc,0.27071823204419887,0.27071823204419887,1,1
t3_design_space/per_seed_metrics__confirm.csv,digits_pca16|10|post_footprint_off,min_dist,2.5129703990401544,2.5129703990401544,1,1
t3_design_space/per_seed_metrics__confirm.csv,digits_pca16|10|post_footprint_off,mean_acc,0.667063220183872,0.667063220183872,1,1
t3_design_space/per_seed_metrics__confirm.csv,digits_pca16|10|post_footprint_off,worst_acc,0.4388888888888889,0.4388888888888889,1,1
t3_design_space/per_seed_metrics__confirm.csv,digits_pca16|10|post_footprint_on,min_dist,1.3801491262061756,1.3801491262061756,1,1
t3_design_space/per_seed_metrics__confirm.csv,digits_pca16|10|post_footprint_on,mean_acc,0.6166913348692945,0.6166913348692945,1,1
t3_design_space/per_seed_metrics__confirm.csv,digits_pca16|10|post_footprint_on,worst_acc,0.4722222222222222,0.4722222222222222,1,1
t3_design_space/per_seed_metrics__confirm.csv,digits_pca16|10|pre_none_off,min_dist,2.019749503078397,2.019749503078397,1,1
t3_design_space/per_seed_metrics__confirm.csv,digits_pca16|10|pre_none_off,mean_acc,0.5662565283638747,0.5662565283638747,1,1
t3_design_space/per_seed_metrics__confirm.csv,digits_pca16|10|pre_none_off,worst_acc,0.3867403314917127,0.3867403314917127,1,1
t3_design_space/per_seed_metrics__confirm.csv,digits_pca16|10|pre_footprint_off,min_dist,2.9075334341399115,2.9075334341399115,1,1
t3_design_space/per_seed_metrics__confirm.csv,digits_pca16|10|pre_footprint_off,mean_acc,0.6369102888062781,0.6369102888062781,1,1
t3_design_space/per_seed_metrics__confirm.csv,digits_pca16|10|pre_footprint_off,worst_acc,0.4585635359116022,0.4585635359116022,1,1
t3_design_space/per_seed_metrics__confirm.csv,digits_pca16|10|pre_mass_off,min_dist,3.1390448669090727,3.1390448669090727,1,1
t3_design_space/per_seed_metrics__confirm.csv,digits_pca16|10|pre_mass_off,mean_acc,0.6888406501106594,0.6888406501106594,1,1
t3_design_space/per_seed_metrics__confirm.csv,digits_pca16|10|pre_mass_off,worst_acc,0.5138121546961326,0.5138121546961326,1,1
t3_design_space/per_seed_metrics__confirm.csv,digits_pca16|11|post_none_off,min_dist,1.6947595654978989,1.6947595654978989,1,1
t3_design_space/per_seed_metrics__confirm.csv,digits_pca16|11|post_none_off,mean_acc,0.4072106090574083,0.4072106090574083,1,1
t3_design_space/per_seed_metrics__confirm.csv,digits_pca16|11|post_none_off,worst_acc,0.30939226519337015,0.30939226519337015,1,1
t3_design_space/per_seed_metrics__confirm.csv,digits_pca16|11|post_footprint_off,min_dist,1.557449637052364,1.557449637052364,1,1
t3_design_space/per_seed_metrics__confirm.csv,digits_pca16|11|post_footprint_off,mean_acc,0.5483683918089052,0.5483683918089052,1,1
t3_design_space/per_seed_metrics__confirm.csv,digits_pca16|11|post_footprint_off,worst_acc,0.4166666666666667,0.4166666666666667,1,1
t3_design_space/per_seed_metrics__confirm.csv,digits_pca16|11|post_footprint_on,min_dist,1.5635900258589608,1.5635900258589608,1,1
t3_design_space/per_seed_metrics__confirm.csv,digits_pca16|11|post_footprint_on,mean_acc,0.5642255759024016,0.5642255759024016,1,1
t3_design_space/per_seed_metrics__confirm.csv,digits_pca16|11|post_footprint_on,worst_acc,0.4444444444444444,0.4444444444444444,1,1
t3_design_space/per_seed_metrics__confirm.csv,digits_pca16|11|pre_none_off,min_dist,2.089618738008097,2.089618738008097,1,1
t3_design_space/per_seed_metrics__confirm.csv,digits_pca16|11|pre_none_off,mean_acc,0.5568279339711851,0.5568279339711851,1,1
t3_design_space/per_seed_metrics__confirm.csv,digits_pca16|11|pre_none_off,worst_acc,0.4,0.4,1,1
t3_design_space/per_seed_metrics__confirm.csv,digits_pca16|11|pre_footprint_off,min_dist,1.5727724899751794,1.5727724899751794,1,1
t3_design_space/per_seed_metrics__confirm.csv,digits_pca16|11|pre_footprint_off,mean_acc,0.6378642607848952,0.6378642607848952,1,1
t3_design_space/per_seed_metrics__confirm.csv,digits_pca16|11|pre_footprint_off,worst_acc,0.46408839779005523,0.46408839779005523,1,1
t3_design_space/per_seed_metrics__confirm.csv,digits_pca16|11|pre_mass_off,min_dist,1.560690249903308,1.560690249903308,1,1
t3_design_space/per_seed_metrics__confirm.csv,digits_pca16|11|pre_mass_off,mean_acc,0.5622631164719072,0.5622631164719072,1,1
t3_design_space/per_seed_metrics__confirm.csv,digits_pca16|11|pre_mass_off,worst_acc,0.39664804469273746,0.39664804469273746,1,1
t3_design_space/per_seed_metrics__confirm.csv,digits_pca16|12|post_none_off,min_dist,1.695431353873576,1.695431353873576,1,1
t3_design_space/per_seed_metrics__confirm.csv,digits_pca16|12|post_none_off,mean_acc,0.37545588763231946,0.37545588763231946,1,1
t3_design_space/per_seed_metrics__confirm.csv,digits_pca16|12|post_none_off,worst_acc,0.3055555555555556,0.3055555555555556,1,1
t3_design_space/per_seed_metrics__confirm.csv,digits_pca16|12|post_footprint_off,min_dist,2.4477335258144564,2.4477335258144564,1,1
t3_design_space/per_seed_metrics__confirm.csv,digits_pca16|12|post_footprint_off,mean_acc,0.6284671988110412,0.6284671988110412,1,1
t3_design_space/per_seed_metrics__confirm.csv,digits_pca16|12|post_footprint_off,worst_acc,0.49444444444444446,0.49444444444444446,1,1
t3_design_space/per_seed_metrics__confirm.csv,digits_pca16|12|post_footprint_on,min_dist,2.4701380484368722,2.4701380484368722,1,1
t3_design_space/per_seed_metrics__confirm.csv,digits_pca16|12|post_footprint_on,mean_acc,0.582000078528252,0.582000078528252,1,1
t3_design_space/per_seed_metrics__confirm.csv,digits_pca16|12|post_footprint_on,worst_acc,0.4444444444444444,0.4444444444444444,1,1
t3_design_space/per_seed_metrics__confirm.csv,digits_pca16|12|pre_none_off,min_dist,2.0709110022597517,2.0709110022597517,1,1
t3_design_space/per_seed_metrics__confirm.csv,digits_pca16|12|pre_none_off,mean_acc,0.5751185322734698,0.5751185322734698,1,1
t3_design_space/per_seed_metrics__confirm.csv,digits_pca16|12|pre_none_off,worst_acc,0.40555555555555556,0.40555555555555556,1,1
t3_design_space/per_seed_metrics__confirm.csv,digits_pca16|12|pre_footprint_off,min_dist,2.6500090455816148,2.6500090455816148,1,1
t3_design_space/per_seed_metrics__confirm.csv,digits_pca16|12|pre_footprint_off,mean_acc,0.6177465575187184,0.6177465575187184,1,1
t3_design_space/per_seed_metrics__confirm.csv,digits_pca16|12|pre_footprint_off,worst_acc,0.36666666666666664,0.36666666666666664,1,1
t3_design_space/per_seed_metrics__confirm.csv,digits_pca16|12|pre_mass_off,min_dist,2.649920824098415,2.649920824098415,1,1
t3_design_space/per_seed_metrics__confirm.csv,digits_pca16|12|pre_mass_off,mean_acc,0.6127680483091915,0.6127680483091915,1,1
t3_design_space/per_seed_metrics__confirm.csv,digits_pca16|12|pre_mass_off,worst_acc,0.36666666666666664,0.36666666666666664,1,1
t3_design_space/per_seed_metrics__confirm.csv,digits_pca16|13|post_none_off,min_dist,1.6172339860918377,1.6172339860918377,1,1
t3_design_space/per_seed_metrics__confirm.csv,digits_pca16|13|post_none_off,mean_acc,0.41899322213005324,0.41899322213005324,1,1
t3_design_space/per_seed_metrics__confirm.csv,digits_pca16|13|post_none_off,worst_acc,0.3333333333333333,0.3333333333333333,1,1
t3_design_space/per_seed_metrics__confirm.csv,digits_pca16|13|post_footprint_off,min_dist,2.4350418013288904,2.4350418013288904,1,1
t3_design_space/per_seed_metrics__confirm.csv,digits_pca16|13|post_footprint_off,mean_acc,0.6724010424663021,0.6724010424663021,1,1
t3_design_space/per_seed_metrics__confirm.csv,digits_pca16|13|post_footprint_off,worst_acc,0.4777777777777778,0.4777777777777778,1,1
t3_design_space/per_seed_metrics__confirm.csv,digits_pca16|13|post_footprint_on,min_dist,2.3603103526895155,2.3603103526895155,1,1
t3_design_space/per_seed_metrics__confirm.csv,digits_pca16|13|post_footprint_on,mean_acc,0.6277997985927197,0.6277997985927197,1,1
t3_design_space/per_seed_metrics__confirm.csv,digits_pca16|13|post_footprint_on,worst_acc,0.4777777777777778,0.4777777777777778,1,1
t3_design_space/per_seed_metrics__confirm.csv,digits_pca16|13|pre_none_off,min_dist,2.042517784971708,2.042517784971708,1,1
t3_design_space/per_seed_metrics__confirm.csv,digits_pca16|13|pre_none_off,mean_acc,0.6264251332621923,0.6264251332621923,1,1
t3_design_space/per_seed_metrics__confirm.csv,digits_pca16|13|pre_none_off,worst_acc,0.45,0.45,1,1
t3_design_space/per_seed_metrics__confirm.csv,digits_pca16|13|pre_footprint_off,min_dist,3.0163295190987225,3.0163295190987225,1,1
t3_design_space/per_seed_metrics__confirm.csv,digits_pca16|13|pre_footprint_off,mean_acc,0.7153719710199666,0.7153719710199666,1,1
t3_design_space/per_seed_metrics__confirm.csv,digits_pca16|13|pre_footprint_off,worst_acc,0.49444444444444446,0.49444444444444446,1,1
t3_design_space/per_seed_metrics__confirm.csv,digits_pca16|13|pre_mass_off,min_dist,2.9179542180620452,2.9179542180620452,1,1
t3_design_space/per_seed_metrics__confirm.csv,digits_pca16|13|pre_mass_off,mean_acc,0.7149005776556127,0.7149005776556127,1,1
t3_design_space/per_seed_metrics__confirm.csv,digits_pca16|13|pre_mass_off,worst_acc,0.4888888888888889,0.4888888888888889,1,1
t3_design_space/per_seed_metrics__confirm.csv,digits_pca16|14|post_none_off,min_dist,1.733064594936405,1.733064594936405,1,1
t3_design_space/per_seed_metrics__confirm.csv,digits_pca16|14|post_none_off,mean_acc,0.4448687879440823,0.4448687879440823,1,1
t3_design_space/per_seed_metrics__confirm.csv,digits_pca16|14|post_none_off,worst_acc,0.3333333333333333,0.3333333333333333,1,1
t3_design_space/per_seed_metrics__confirm.csv,digits_pca16|14|post_footprint_off,min_dist,2.3585482956031694,2.3585482956031694,1,1
t3_design_space/per_seed_metrics__confirm.csv,digits_pca16|14|post_footprint_off,mean_acc,0.6426805776305231,0.6426805776305231,1,1
t3_design_space/per_seed_metrics__confirm.csv,digits_pca16|14|post_footprint_off,worst_acc,0.45,0.45,1,1
t3_design_space/per_seed_metrics__confirm.csv,digits_pca16|14|post_footprint_on,min_dist,2.4409018784024608,2.4409018784024608,1,1
t3_design_space/per_seed_metrics__confirm.csv,digits_pca16|14|post_footprint_on,mean_acc,0.5996047651338696,0.5996047651338696,1,1
t3_design_space/per_seed_metrics__confirm.csv,digits_pca16|14|post_footprint_on,worst_acc,0.4222222222222222,0.4222222222222222,1,1
t3_design_space/per_seed_metrics__confirm.csv,digits_pca16|14|pre_none_off,min_dist,2.111821461949081,2.111821461949081,1,1
t3_design_space/per_seed_metrics__confirm.csv,digits_pca16|14|pre_none_off,mean_acc,0.6078003628514088,0.6078003628514088,1,1
t3_design_space/per_seed_metrics__confirm.csv,digits_pca16|14|pre_none_off,worst_acc,0.37777777777777777,0.37777777777777777,1,1
t3_design_space/per_seed_metrics__confirm.csv,digits_pca16|14|pre_footprint_off,min_dist,2.5615626973701864,2.5615626973701864,1,1
t3_design_space/per_seed_metrics__confirm.csv,digits_pca16|14|pre_footprint_off,mean_acc,0.641876722829472,0.641876722829472,1,1
t3_design_space/per_seed_metrics__confirm.csv,digits_pca16|14|pre_footprint_off,worst_acc,0.46111111111111114,0.46111111111111114,1,1
t3_design_space/per_seed_metrics__confirm.csv,digits_pca16|14|pre_mass_off,min_dist,2.527522660786654,2.527522660786654,1,1
t3_design_space/per_seed_metrics__confirm.csv,digits_pca16|14|pre_mass_off,mean_acc,0.6297341715116374,0.6297341715116374,1,1
t3_design_space/per_seed_metrics__confirm.csv,digits_pca16|14|pre_mass_off,worst_acc,0.45555555555555555,0.45555555555555555,1,1
t3_design_space/per_seed_metrics__confirm.csv,digits_pca16|15|post_none_off,min_dist,1.6772229621420687,1.6772229621420687,1,1
t3_design_space/per_seed_metrics__confirm.csv,digits_pca16|15|post_none_off,mean_acc,0.41143304052774343,0.41143304052774343,1,1
t3_design_space/per_seed_metrics__confirm.csv,digits_pca16|15|post_none_off,worst_acc,0.3055555555555556,0.3055555555555556,1,1
t3_design_space/per_seed_metrics__confirm.csv,digits_pca16|15|post_footprint_off,min_dist,2.1941772597644067,2.1941772597644067,1,1
t3_design_space/per_seed_metrics__confirm.csv,digits_pca16|15|post_footprint_off,mean_acc,0.5652430060755699,0.5652430060755699,1,1
t3_design_space/per_seed_metrics__confirm.csv,digits_pca16|15|post_footprint_off,worst_acc,0.43333333333333335,0.43333333333333335,1,1
t3_design_space/per_seed_metrics__confirm.csv,digits_pca16|15|post_footprint_on,min_dist,2.213525856594919,2.213525856594919,1,1
t3_design_space/per_seed_metrics__confirm.csv,digits_pca16|15|post_footprint_on,mean_acc,0.6079805878343328,0.6079805878343328,1,1
t3_design_space/per_seed_metrics__confirm.csv,digits_pca16|15|post_footprint_on,worst_acc,0.46111111111111114,0.46111111111111114,1,1
t3_design_space/per_seed_metrics__confirm.csv,digits_pca16|15|pre_none_off,min_dist,2.048775443633019,2.048775443633019,1,1
t3_design_space/per_seed_metrics__confirm.csv,digits_pca16|15|pre_none_off,mean_acc,0.5764291432506684,0.5764291432506684,1,1
t3_design_space/per_seed_metrics__confirm.csv,digits_pca16|15|pre_none_off,worst_acc,0.425414364640884,0.425414364640884,1,1
t3_design_space/per_seed_metrics__confirm.csv,digits_pca16|15|pre_footprint_off,min_dist,2.71035011959847,2.71035011959847,1,1
t3_design_space/per_seed_metrics__confirm.csv,digits_pca16|15|pre_footprint_off,mean_acc,0.6732587802454673,0.6732587802454673,1,1
t3_design_space/per_seed_metrics__confirm.csv,digits_pca16|15|pre_footprint_off,worst_acc,0.46111111111111114,0.46111111111111114,1,1
t3_design_space/per_seed_metrics__confirm.csv,digits_pca16|15|pre_mass_off,min_dist,2.634343300596208,2.634343300596208,1,1
t3_design_space/per_seed_metrics__confirm.csv,digits_pca16|15|pre_mass_off,mean_acc,0.6699433794093482,0.6699433794093482,1,1
t3_design_space/per_seed_metrics__confirm.csv,digits_pca16|15|pre_mass_off,worst_acc,0.45555555555555555,0.45555555555555555,1,1
t3_design_space/per_seed_metrics__confirm.csv,digits_pca16|16|post_none_off,min_dist,1.747004065313459,1.747004065313459,1,1
t3_design_space/per_seed_metrics__confirm.csv,digits_pca16|16|post_none_off,mean_acc,0.4119696250506877,0.4119696250506877,1,1
t3_design_space/per_seed_metrics__confirm.csv,digits_pca16|16|post_none_off,worst_acc,0.32044198895027626,0.32044198895027626,1,1
t3_design_space/per_seed_metrics__confirm.csv,digits_pca16|16|post_footprint_off,min_dist,2.5683169829133212,2.5683169829133212,1,1
t3_design_space/per_seed_metrics__confirm.csv,digits_pca16|16|post_footprint_off,mean_acc,0.6250545122394314,0.6250545122394314,1,1
t3_design_space/per_seed_metrics__confirm.csv,digits_pca16|16|post_footprint_off,worst_acc,0.4861878453038674,0.4861878453038674,1,1
t3_design_space/per_seed_metrics__confirm.csv,digits_pca16|16|post_footprint_on,min_dist,1.5802433771931543,1.5802433771931543,1,1
t3_design_space/per_seed_metrics__confirm.csv,digits_pca16|16|post_footprint_on,mean_acc,0.5874167557214841,0.5874167557214841,1,1
t3_design_space/per_seed_metrics__confirm.csv,digits_pca16|16|post_footprint_on,worst_acc,0.4,0.4,1,1
t3_design_space/per_seed_metrics__confirm.csv,digits_pca16|16|pre_none_off,min_dist,2.108914507141341,2.108914507141341,1,1
t3_design_space/per_seed_metrics__confirm.csv,digits_pca16|16|pre_none_off,mean_acc,0.6190666585917866,0.6190666585917866,1,1
t3_design_space/per_seed_metrics__confirm.csv,digits_pca16|16|pre_none_off,worst_acc,0.4111111111111111,0.4111111111111111,1,1
t3_design_space/per_seed_metrics__confirm.csv,digits_pca16|16|pre_footprint_off,min_dist,3.026328014046228,3.026328014046228,1,1
t3_design_space/per_seed_metrics__confirm.csv,digits_pca16|16|pre_footprint_off,mean_acc,0.691867191121648,0.691867191121648,1,1
t3_design_space/per_seed_metrics__confirm.csv,digits_pca16|16|pre_footprint_off,worst_acc,0.48333333333333334,0.48333333333333334,1,1
t3_design_space/per_seed_metrics__confirm.csv,digits_pca16|16|pre_mass_off,min_dist,2.9496098858882727,2.9496098858882727,1,1
t3_design_space/per_seed_metrics__confirm.csv,digits_pca16|16|pre_mass_off,mean_acc,0.6902091761739324,0.6902091761739324,1,1
t3_design_space/per_seed_metrics__confirm.csv,digits_pca16|16|pre_mass_off,worst_acc,0.48333333333333334,0.48333333333333334,1,1
t3_design_space/per_seed_metrics__confirm.csv,digits_pca16|17|post_none_off,min_dist,1.7242423738816304,1.7242423738816304,1,1
t3_design_space/per_seed_metrics__confirm.csv,digits_pca16|17|post_none_off,mean_acc,0.4217482266169778,0.4217482266169778,1,1
t3_design_space/per_seed_metrics__confirm.csv,digits_pca16|17|post_none_off,worst_acc,0.27624309392265195,0.27624309392265195,1,1
t3_design_space/per_seed_metrics__confirm.csv,digits_pca16|17|post_footprint_off,min_dist,2.410060755133858,2.410060755133858,1,1
t3_design_space/per_seed_metrics__confirm.csv,digits_pca16|17|post_footprint_off,mean_acc,0.6280574992759906,0.6280574992759906,1,1
t3_design_space/per_seed_metrics__confirm.csv,digits_pca16|17|post_footprint_off,worst_acc,0.44751381215469616,0.44751381215469616,1,1
t3_design_space/per_seed_metrics__confirm.csv,digits_pca16|17|post_footprint_on,min_dist,2.218944138577941,2.218944138577941,1,1
t3_design_space/per_seed_metrics__confirm.csv,digits_pca16|17|post_footprint_on,mean_acc,0.5549771998048272,0.5549771998048272,1,1
t3_design_space/per_seed_metrics__confirm.csv,digits_pca16|17|post_footprint_on,worst_acc,0.3888888888888889,0.3888888888888889,1,1
t3_design_space/per_seed_metrics__confirm.csv,digits_pca16|17|pre_none_off,min_dist,2.1609364462776948,2.1609364462776948,1,1
t3_design_space/per_seed_metrics__confirm.csv,digits_pca16|17|pre_none_off,mean_acc,0.5877041349848231,0.5877041349848231,1,1
t3_design_space/per_seed_metrics__confirm.csv,digits_pca16|17|pre_none_off,worst_acc,0.3888888888888889,0.3888888888888889,1,1
t3_design_space/per_seed_metrics__confirm.csv,digits_pca16|17|pre_footprint_off,min_dist,2.7754224220251245,2.7754224220251245,1,1
t3_design_space/per_seed_metrics__confirm.csv,digits_pca16|17|pre_footprint_off,mean_acc,0.6575206494455342,0.6575206494455342,1,1
t3_design_space/per_seed_metrics__confirm.csv,digits_pca16|17|pre_footprint_off,worst_acc,0.49171270718232046,0.49171270718232046,1,1
t3_design_space/per_seed_metrics__confirm.csv,digits_pca16|17|pre_mass_off,min_dist,2.732628716751148,2.732628716751148,1,1
t3_design_space/per_seed_metrics__confirm.csv,digits_pca16|17|pre_mass_off,mean_acc,0.6547454567611237,0.6547454567611237,1,1
t3_design_space/per_seed_metrics__confirm.csv,digits_pca16|17|pre_mass_off,worst_acc,0.49171270718232046,0.49171270718232046,1,1
t3_design_space/per_seed_metrics__confirm.csv,digits_pca16|18|post_none_off,min_dist,1.1386668421098094,1.1386668421098094,1,1
t3_design_space/per_seed_metrics__confirm.csv,digits_pca16|18|post_none_off,mean_acc,0.40896405886812576,0.40896405886812576,1,1
t3_design_space/per_seed_metrics__confirm.csv,digits_pca16|18|post_none_off,worst_acc,0.3333333333333333,0.3333333333333333,1,1
t3_design_space/per_seed_metrics__confirm.csv,digits_pca16|18|post_footprint_off,min_dist,2.470406191860595,2.470406191860595,1,1
t3_design_space/per_seed_metrics__confirm.csv,digits_pca16|18|post_footprint_off,mean_acc,0.6478271717827402,0.6478271717827402,1,1
t3_design_space/per_seed_metrics__confirm.csv,digits_pca16|18|post_footprint_off,worst_acc,0.5254237288135594,0.5254237288135594,1,1
t3_design_space/per_seed_metrics__confirm.csv,digits_pca16|18|post_footprint_on,min_dist,2.1911357038716157,2.1911357038716157,1,1
t3_design_space/per_seed_metrics__confirm.csv,digits_pca16|18|post_footprint_on,mean_acc,0.6512823652881845,0.6512823652881845,1,1
t3_design_space/per_seed_metrics__confirm.csv,digits_pca16|18|post_footprint_on,worst_acc,0.4888888888888889,0.4888888888888889,1,1
t3_design_space/per_seed_metrics__confirm.csv,digits_pca16|18|pre_none_off,min_dist,1.960977340795649,1.960977340795649,1,1
t3_design_space/per_seed_metrics__confirm.csv,digits_pca16|18|pre_none_off,mean_acc,0.5777729535585998,0.5777729535585998,1,1
t3_design_space/per_seed_metrics__confirm.csv,digits_pca16|18|pre_none_off,worst_acc,0.4419889502762431,0.4419889502762431,1,1
t3_design_space/per_seed_metrics__confirm.csv,digits_pca16|18|pre_footprint_off,min_dist,2.6265598452235475,2.6265598452235475,1,1
t3_design_space/per_seed_metrics__confirm.csv,digits_pca16|18|pre_footprint_off,mean_acc,0.7039226214882989,0.7039226214882989,1,1
t3_design_space/per_seed_metrics__confirm.csv,digits_pca16|18|pre_footprint_off,worst_acc,0.5666666666666667,0.5666666666666667,1,1
t3_design_space/per_seed_metrics__confirm.csv,digits_pca16|18|pre_mass_off,min_dist,2.7961292155338753,2.7961292155338753,1,1
t3_design_space/per_seed_metrics__confirm.csv,digits_pca16|18|pre_mass_off,mean_acc,0.6971667864262929,0.6971667864262929,1,1
t3_design_space/per_seed_metrics__confirm.csv,digits_pca16|18|pre_mass_off,worst_acc,0.5444444444444444,0.5444444444444444,1,1
t3_design_space/per_seed_metrics__confirm.csv,digits_pca16|19|post_none_off,min_dist,1.7184224737228073,1.7184224737228073,1,1
t3_design_space/per_seed_metrics__confirm.csv,digits_pca16|19|post_none_off,mean_acc,0.37805468797386577,0.37805468797386577,1,1
t3_design_space/per_seed_metrics__confirm.csv,digits_pca16|19|post_none_off,worst_acc,0.287292817679558,0.287292817679558,1,1
t3_design_space/per_seed_metrics__confirm.csv,digits_pca16|19|post_footprint_off,min_dist,2.523926807013743,2.523926807013743,1,1
t3_design_space/per_seed_metrics__confirm.csv,digits_pca16|19|post_footprint_off,mean_acc,0.6295038672444369,0.6295038672444369,1,1
t3_design_space/per_seed_metrics__confirm.csv,digits_pca16|19|post_footprint_off,worst_acc,0.3812154696132597,0.3812154696132597,1,1
t3_design_space/per_seed_metrics__confirm.csv,digits_pca16|19|post_footprint_on,min_dist,2.1535848774309527,2.1535848774309527,1,1
t3_design_space/per_seed_metrics__confirm.csv,digits_pca16|19|post_footprint_on,mean_acc,0.6162415579477187,0.6162415579477187,1,1
t3_design_space/per_seed_metrics__confirm.csv,digits_pca16|19|post_footprint_on,worst_acc,0.5027624309392266,0.5027624309392266,1,1
t3_design_space/per_seed_metrics__confirm.csv,digits_pca16|19|pre_none_off,min_dist,1.9793470395608517,1.9793470395608517,1,1
t3_design_space/per_seed_metrics__confirm.csv,digits_pca16|19|pre_none_off,mean_acc,0.6443703617334859,0.6443703617334859,1,1
t3_design_space/per_seed_metrics__confirm.csv,digits_pca16|19|pre_none_off,worst_acc,0.4666666666666667,0.4666666666666667,1,1
t3_design_space/per_seed_metrics__confirm.csv,digits_pca16|19|pre_footprint_off,min_dist,2.9740019440209324,2.9740019440209324,1,1
t3_design_space/per_seed_metrics__confirm.csv,digits_pca16|19|pre_footprint_off,mean_acc,0.7286532606497473,0.7286532606497473,1,1
t3_design_space/per_seed_metrics__confirm.csv,digits_pca16|19|pre_footprint_off,worst_acc,0.5388888888888889,0.5388888888888889,1,1
t3_design_space/per_seed_metrics__confirm.csv,digits_pca16|19|pre_mass_off,min_dist,2.92518344969975,2.92518344969975,1,1
t3_design_space/per_seed_metrics__confirm.csv,digits_pca16|19|pre_mass_off,mean_acc,0.7225787063348383,0.7225787063348383,1,1
t3_design_space/per_seed_metrics__confirm.csv,digits_pca16|19|pre_mass_off,worst_acc,0.5277777777777778,0.5277777777777778,1,1
t3_design_space/per_seed_metrics__confirm.csv,digits_pca32|10|post_none_off,min_dist,2.17243864793874,2.17243864793874,1,1
t3_design_space/per_seed_metrics__confirm.csv,digits_pca32|10|post_none_off,mean_acc,0.3665975992617031,0.3665975992617031,1,1
t3_design_space/per_seed_metrics__confirm.csv,digits_pca32|10|post_none_off,worst_acc,0.2994350282485876,0.2994350282485876,1,1
t3_design_space/per_seed_metrics__confirm.csv,digits_pca32|10|post_footprint_off,min_dist,2.9273244881102634,2.9273244881102634,1,1
t3_design_space/per_seed_metrics__confirm.csv,digits_pca32|10|post_footprint_off,mean_acc,0.6886003611616069,0.6886003611616069,1,1
t3_design_space/per_seed_metrics__confirm.csv,digits_pca32|10|post_footprint_off,worst_acc,0.5333333333333333,0.5333333333333333,1,1
t3_design_space/per_seed_metrics__confirm.csv,digits_pca32|10|post_footprint_on,min_dist,2.5164687422500234,2.5164687422500234,1,1
t3_design_space/per_seed_metrics__confirm.csv,digits_pca32|10|post_footprint_on,mean_acc,0.5940367071106754,0.5940367071106754,1,1
t3_design_space/per_seed_metrics__confirm.csv,digits_pca32|10|post_footprint_on,worst_acc,0.37222222222222223,0.37222222222222223,1,1
t3_design_space/per_seed_metrics__confirm.csv,digits_pca32|10|pre_none_off,min_dist,2.2920482725797235,2.2920482725797235,1,1
t3_design_space/per_seed_metrics__confirm.csv,digits_pca32|10|pre_none_off,mean_acc,0.5550503167533661,0.5550503167533661,1,1
t3_design_space/per_seed_metrics__confirm.csv,digits_pca32|10|pre_none_off,worst_acc,0.42613636363636365,0.42613636363636365,1,1
t3_design_space/per_seed_metrics__confirm.csv,digits_pca32|10|pre_footprint_off,min_dist,3.4180260905203554,3.4180260905203554,1,1
t3_design_space/per_seed_metrics__confirm.csv,digits_pca32|10|pre_footprint_off,mean_acc,0.6299857623059775,0.6299857623059775,1,1
t3_design_space/per_seed_metrics__confirm.csv,digits_pca32|10|pre_footprint_off,worst_acc,0.4011299435028249,0.4011299435028249,1,1
t3_design_space/per_seed_metrics__confirm.csv,digits_pca32|10|pre_mass_off,min_dist,3.2000757148453447,3.2000757148453447,1,1
t3_design_space/per_seed_metrics__confirm.csv,digits_pca32|10|pre_mass_off,mean_acc,0.6283155414319617,0.6283155414319617,1,1
t3_design_space/per_seed_metrics__confirm.csv,digits_pca32|10|pre_mass_off,worst_acc,0.4011299435028249,0.4011299435028249,1,1
t3_design_space/per_seed_metrics__confirm.csv,digits_pca32|11|post_none_off,min_dist,1.9430616734180186,1.9430616734180186,1,1
t3_design_space/per_seed_metrics__confirm.csv,digits_pca32|11|post_none_off,mean_acc,0.3161625787656958,0.3161625787656958,1,1
t3_design_space/per_seed_metrics__confirm.csv,digits_pca32|11|post_none_off,worst_acc,0.25555555555555554,0.25555555555555554,1,1
t3_design_space/per_seed_metrics__confirm.csv,digits_pca32|11|post_footprint_off,min_dist,2.792418264346382,2.792418264346382,1,1
t3_design_space/per_seed_metrics__confirm.csv,digits_pca32|11|post_footprint_off,mean_acc,0.609903577134167,0.609903577134167,1,1
t3_design_space/per_seed_metrics__confirm.csv,digits_pca32|11|post_footprint_off,worst_acc,0.510989010989011,0.510989010989011,1,1
t3_design_space/per_seed_metrics__confirm.csv,digits_pca32|11|post_footprint_on,min_dist,2.870648238218407,2.870648238218407,1,1
t3_design_space/per_seed_metrics__confirm.csv,digits_pca32|11|post_footprint_on,mean_acc,0.5543508234260408,0.5543508234260408,1,1
t3_design_space/per_seed_metrics__confirm.csv,digits_pca32|11|post_footprint_on,worst_acc,0.35555555555555557,0.35555555555555557,1,1
t3_design_space/per_seed_metrics__confirm.csv,digits_pca32|11|pre_none_off,min_dist,2.583128843521758,2.583128843521758,1,1
t3_design_space/per_seed_metrics__confirm.csv,digits_pca32|11|pre_none_off,mean_acc,0.5866518891566831,0.5866518891566831,1,1
t3_design_space/per_seed_metrics__confirm.csv,digits_pca32|11|pre_none_off,worst_acc,0.37222222222222223,0.37222222222222223,1,1
t3_design_space/per_seed_metrics__confirm.csv,digits_pca32|11|pre_footprint_off,min_dist,3.331775018432519,3.331775018432519,1,1
t3_design_space/per_seed_metrics__confirm.csv,digits_pca32|11|pre_footprint_off,mean_acc,0.6354623636735975,0.6354623636735975,1,1
t3_design_space/per_seed_metrics__confirm.csv,digits_pca32|11|pre_footprint_off,worst_acc,0.4111111111111111,0.4111111111111111,1,1
t3_design_space/per_seed_metrics__confirm.csv,digits_pca32|11|pre_mass_off,min_dist,3.0051806527512688,3.0051806527512688,1,1
t3_design_space/per_seed_metrics__confirm.csv,digits_pca32|11|pre_mass_off,mean_acc,0.6171717153739198,0.6171717153739198,1,1
t3_design_space/per_seed_metrics__confirm.csv,digits_pca32|11|pre_mass_off,worst_acc,0.31666666666666665,0.31666666666666665,1,1
t3_design_space/per_seed_metrics__confirm.csv,digits_pca32|12|post_none_off,min_dist,2.1006083863694207,2.1006083863694207,1,1
t3_design_space/per_seed_metrics__confirm.csv,digits_pca32|12|post_none_off,mean_acc,0.3590579654241256,0.3590579654241256,1,1
t3_design_space/per_seed_metrics__confirm.csv,digits_pca32|12|post_none_off,worst_acc,0.26666666666666666,0.26666666666666666,1,1
t3_design_space/per_seed_metrics__confirm.csv,digits_pca32|12|post_footprint_off,min_dist,2.950049012480478,2.950049012480478,1,1
t3_design_space/per_seed_metrics__confirm.csv,digits_pca32|12|post_footprint_off,mean_acc,0.6088490656594382,0.6088490656594382,1,1
t3_design_space/per_seed_metrics__confirm.csv,digits_pca32|12|post_footprint_off,worst_acc,0.3888888888888889,0.3888888888888889,1,1
t3_design_space/per_seed_metrics__confirm.csv,digits_pca32|12|post_footprint_on,min_dist,2.8559333101417685,2.8559333101417685,1,1
t3_design_space/per_seed_metrics__confirm.csv,digits_pca32|12|post_footprint_on,mean_acc,0.5640258663828548,0.5640258663828548,1,1
t3_design_space/per_seed_metrics__confirm.csv,digits_pca32|12|post_footprint_on,worst_acc,0.37222222222222223,0.37222222222222223,1,1
t3_design_space/per_seed_metrics__confirm.csv,digits_pca32|12|pre_none_off,min_dist,2.5885601367577458,2.5885601367577458,1,1
t3_design_space/per_seed_metrics__confirm.csv,digits_pca32|12|pre_none_off,mean_acc,0.5688167640327201,0.5688167640327201,1,1
t3_design_space/per_seed_metrics__confirm.csv,digits_pca32|12|pre_none_off,worst_acc,0.29444444444444445,0.29444444444444445,1,1
t3_design_space/per_seed_metrics__confirm.csv,digits_pca32|12|pre_footprint_off,min_dist,3.12747475357375,3.12747475357375,1,1
t3_design_space/per_seed_metrics__confirm.csv,digits_pca32|12|pre_footprint_off,mean_acc,0.6089122069180155,0.6089122069180155,1,1
t3_design_space/per_seed_metrics__confirm.csv,digits_pca32|12|pre_footprint_off,worst_acc,0.3,0.3,1,1
t3_design_space/per_seed_metrics__confirm.csv,digits_pca32|12|pre_mass_off,min_dist,3.1543148391217755,3.1543148391217755,1,1
t3_design_space/per_seed_metrics__confirm.csv,digits_pca32|12|pre_mass_off,mean_acc,0.5889327978789531,0.5889327978789531,1,1
t3_design_space/per_seed_metrics__confirm.csv,digits_pca32|12|pre_mass_off,worst_acc,0.2833333333333333,0.2833333333333333,1,1
t3_design_space/per_seed_metrics__confirm.csv,digits_pca32|13|post_none_off,min_dist,1.9876884644995798,1.9876884644995798,1,1
t3_design_space/per_seed_metrics__confirm.csv,digits_pca32|13|post_none_off,mean_acc,0.35940601094330404,0.35940601094330404,1,1
t3_design_space/per_seed_metrics__confirm.csv,digits_pca32|13|post_none_off,worst_acc,0.3,0.3,1,1
t3_design_space/per_seed_metrics__confirm.csv,digits_pca32|13|post_footprint_off,min_dist,2.673357723439082,2.673357723439082,1,1
t3_design_space/per_seed_metrics__confirm.csv,digits_pca32|13|post_footprint_off,mean_acc,0.6039416387077102,0.6039416387077102,1,1
t3_design_space/per_seed_metrics__confirm.csv,digits_pca32|13|post_footprint_off,worst_acc,0.3611111111111111,0.3611111111111111,1,1
t3_design_space/per_seed_metrics__confirm.csv,digits_pca32|13|post_footprint_on,min_dist,2.751084352988823,2.751084352988823,1,1
t3_design_space/per_seed_metrics__confirm.csv,digits_pca32|13|post_footprint_on,mean_acc,0.6080106772089288,0.6080106772089288,1,1
t3_design_space/per_seed_metrics__confirm.csv,digits_pca32|13|post_footprint_on,worst_acc,0.4444444444444444,0.4444444444444444,1,1
t3_design_space/per_seed_metrics__confirm.csv,digits_pca32|13|pre_none_off,min_dist,2.542598176816278,2.542598176816278,1,1
t3_design_space/per_seed_metrics__confirm.csv,digits_pca32|13|pre_none_off,mean_acc,0.5985285766353521,0.5985285766353521,1,1
t3_design_space/per_seed_metrics__confirm.csv,digits_pca32|13|pre_none_off,worst_acc,0.3812154696132597,0.3812154696132597,1,1
t3_design_space/per_seed_metrics__confirm.csv,digits_pca32|13|pre_footprint_off,min_dist,3.184538851290068,3.184538851290068,1,1
t3_design_space/per_seed_metrics__confirm.csv,digits_pca32|13|pre_footprint_off,mean_acc,0.6916519524488344,0.6916519524488344,1,1
t3_design_space/per_seed_metrics__confirm.csv,digits_pca32|13|pre_footprint_off,worst_acc,0.5480225988700564,0.5480225988700564,1,1
t3_design_space/per_seed_metrics__confirm.csv,digits_pca32|13|pre_mass_off,min_dist,2.8546103485980634,2.8546103485980634,1,1
t3_design_space/per_seed_metrics__confirm.csv,digits_pca32|13|pre_mass_off,mean_acc,0.6841589573179367,0.6841589573179367,1,1
t3_design_space/per_seed_metrics__confirm.csv,digits_pca32|13|pre_mass_off,worst_acc,0.5833333333333334,0.5833333333333334,1,1
t3_design_space/per_seed_metrics__confirm.csv,digits_pca32|14|post_none_off,min_dist,1.9243157522866219,1.9243157522866219,1,1
t3_design_space/per_seed_metrics__confirm.csv,digits_pca32|14|post_none_off,mean_acc,0.35249902933363225,0.35249902933363225,1,1
t3_design_space/per_seed_metrics__confirm.csv,digits_pca32|14|post_none_off,worst_acc,0.2833333333333333,0.2833333333333333,1,1
t3_design_space/per_seed_metrics__confirm.csv,digits_pca32|14|post_footprint_off,min_dist,2.9245163776887706,2.9245163776887706,1,1
t3_design_space/per_seed_metrics__confirm.csv,digits_pca32|14|post_footprint_off,mean_acc,0.6459439966418564,0.6459439966418564,1,1
t3_design_space/per_seed_metrics__confirm.csv,digits_pca32|14|post_footprint_off,worst_acc,0.46111111111111114,0.46111111111111114,1,1
t3_design_space/per_seed_metrics__confirm.csv,digits_pca32|14|post_footprint_on,min_dist,1.8758069681181633,1.8758069681181633,1,1
t3_design_space/per_seed_metrics__confirm.csv,digits_pca32|14|post_footprint_on,mean_acc,0.5454586368121535,0.5454586368121535,1,1
t3_design_space/per_seed_metrics__confirm.csv,digits_pca32|14|post_footprint_on,worst_acc,0.39779005524861877,0.39779005524861877,1,1
t3_design_space/per_seed_metrics__confirm.csv,digits_pca32|14|pre_none_off,min_dist,2.3676453442858043,2.3676453442858043,1,1
t3_design_space/per_seed_metrics__confirm.csv,digits_pca32|14|pre_none_off,mean_acc,0.5827470691290471,0.5827470691290471,1,1
t3_design_space/per_seed_metrics__confirm.csv,digits_pca32|14|pre_none_off,worst_acc,0.4,0.4,1,1
t3_design_space/per_seed_metrics__confirm.csv,digits_pca32|14|pre_footprint_off,min_dist,2.658092733424771,2.658092733424771,1,1
t3_design_space/per_seed_metrics__confirm.csv,digits_pca32|14|pre_footprint_off,mean_acc,0.6896931441446652,0.6896931441446652,1,1
t3_design_space/per_seed_metrics__confirm.csv,digits_pca32|14|pre_footprint_off,worst_acc,0.5027624309392266,0.5027624309392266,1,1
t3_design_space/per_seed_metrics__confirm.csv,digits_pca32|14|pre_mass_off,min_dist,3.3081468065311275,3.3081468065311275,1,1
t3_design_space/per_seed_metrics__confirm.csv,digits_pca32|14|pre_mass_off,mean_acc,0.6691697678337895,0.6691697678337895,1,1
t3_design_space/per_seed_metrics__confirm.csv,digits_pca32|14|pre_mass_off,worst_acc,0.55,0.55,1,1
t3_design_space/per_seed_metrics__confirm.csv,digits_pca32|15|post_none_off,min_dist,2.062888582292853,2.062888582292853,1,1
t3_design_space/per_seed_metrics__confirm.csv,digits_pca32|15|post_none_off,mean_acc,0.376747084326358,0.376747084326358,1,1
t3_design_space/per_seed_metrics__confirm.csv,digits_pca32|15|post_none_off,worst_acc,0.28888888888888886,0.28888888888888886,1,1
t3_design_space/per_seed_metrics__confirm.csv,digits_pca32|15|post_footprint_off,min_dist,3.0129402204959708,3.0129402204959708,1,1
t3_design_space/per_seed_metrics__confirm.csv,digits_pca32|15|post_footprint_off,mean_acc,0.6422233059424494,0.6422233059424494,1,1
t3_design_space/per_seed_metrics__confirm.csv,digits_pca32|15|post_footprint_off,worst_acc,0.5055555555555555,0.5055555555555555,1,1
t3_design_space/per_seed_metrics__confirm.csv,digits_pca32|15|post_footprint_on,min_dist,2.6905363940612492,2.6905363940612492,1,1
t3_design_space/per_seed_metrics__confirm.csv,digits_pca32|15|post_footprint_on,mean_acc,0.5950761103385498,0.5950761103385498,1,1
t3_design_space/per_seed_metrics__confirm.csv,digits_pca32|15|post_footprint_on,worst_acc,0.3888888888888889,0.3888888888888889,1,1
t3_design_space/per_seed_metrics__confirm.csv,digits_pca32|15|pre_none_off,min_dist,2.5654823205399646,2.5654823205399646,1,1
t3_design_space/per_seed_metrics__confirm.csv,digits_pca32|15|pre_none_off,mean_acc,0.5756767716760394,0.5756767716760394,1,1
t3_design_space/per_seed_metrics__confirm.csv,digits_pca32|15|pre_none_off,worst_acc,0.3901098901098901,0.3901098901098901,1,1
t3_design_space/per_seed_metrics__confirm.csv,digits_pca32|15|pre_footprint_off,min_dist,3.0165167280435656,3.0165167280435656,1,1
t3_design_space/per_seed_metrics__confirm.csv,digits_pca32|15|pre_footprint_off,mean_acc,0.6485907663873726,0.6485907663873726,1,1
t3_design_space/per_seed_metrics__confirm.csv,digits_pca32|15|pre_footprint_off,worst_acc,0.4340659340659341,0.4340659340659341,1,1
t3_design_space/per_seed_metrics__confirm.csv,digits_pca32|15|pre_mass_off,min_dist,3.1705939672785703,3.1705939672785703,1,1
t3_design_space/per_seed_metrics__confirm.csv,digits_pca32|15|pre_mass_off,mean_acc,0.6260423197848383,0.6260423197848383,1,1
t3_design_space/per_seed_metrics__confirm.csv,digits_pca32|15|pre_mass_off,worst_acc,0.3611111111111111,0.3611111111111111,1,1
t3_design_space/per_seed_metrics__confirm.csv,digits_pca32|16|post_none_off,min_dist,2.09421522425111,2.09421522425111,1,1
t3_design_space/per_seed_metrics__confirm.csv,digits_pca32|16|post_none_off,mean_acc,0.39453754489314735,0.39453754489314735,1,1
t3_design_space/per_seed_metrics__confirm.csv,digits_pca32|16|post_none_off,worst_acc,0.2611111111111111,0.2611111111111111,1,1
t3_design_space/per_seed_metrics__confirm.csv,digits_pca32|16|post_footprint_off,min_dist,2.9832840405343783,2.9832840405343783,1,1
t3_design_space/per_seed_metrics__confirm.csv,digits_pca32|16|post_footprint_off,mean_acc,0.6521195239939553,0.6521195239939553,1,1
t3_design_space/per_seed_metrics__confirm.csv,digits_pca32|16|post_footprint_off,worst_acc,0.45,0.45,1,1
t3_design_space/per_seed_metrics__confirm.csv,digits_pca32|16|post_footprint_on,min_dist,2.4005809624698564,2.4005809624698564,1,1
t3_design_space/per_seed_metrics__confirm.csv,digits_pca32|16|post_footprint_on,mean_acc,0.5962351313322958,0.5962351313322958,1,1
t3_design_space/per_seed_metrics__confirm.csv,digits_pca32|16|post_footprint_on,worst_acc,0.4777777777777778,0.4777777777777778,1,1
t3_design_space/per_seed_metrics__confirm.csv,digits_pca32|16|pre_none_off,min_dist,2.5313377758490048,2.5313377758490048,1,1
t3_design_space/per_seed_metrics__confirm.csv,digits_pca32|16|pre_none_off,mean_acc,0.5656582654307447,0.5656582654307447,1,1
t3_design_space/per_seed_metrics__confirm.csv,digits_pca32|16|pre_none_off,worst_acc,0.34444444444444444,0.34444444444444444,1,1
t3_design_space/per_seed_metrics__confirm.csv,digits_pca32|16|pre_footprint_off,min_dist,3.357516602860249,3.357516602860249,1,1
t3_design_space/per_seed_metrics__confirm.csv,digits_pca32|16|pre_footprint_off,mean_acc,0.6733304747758774,0.6733304747758774,1,1
t3_design_space/per_seed_metrics__confirm.csv,digits_pca32|16|pre_footprint_off,worst_acc,0.4350282485875706,0.4350282485875706,1,1
t3_design_space/per_seed_metrics__confirm.csv,digits_pca32|16|pre_mass_off,min_dist,3.1683567616155632,3.1683567616155632,1,1
t3_design_space/per_seed_metrics__confirm.csv,digits_pca32|16|pre_mass_off,mean_acc,0.6980682169996426,0.6980682169996426,1,1
t3_design_space/per_seed_metrics__confirm.csv,digits_pca32|16|pre_mass_off,worst_acc,0.4777777777777778,0.4777777777777778,1,1
t3_design_space/per_seed_metrics__confirm.csv,digits_pca32|17|post_none_off,min_dist,2.0525838367623064,2.0525838367623064,1,1
t3_design_space/per_seed_metrics__confirm.csv,digits_pca32|17|post_none_off,mean_acc,0.3213468252365973,0.3213468252365973,1,1
t3_design_space/per_seed_metrics__confirm.csv,digits_pca32|17|post_none_off,worst_acc,0.2265193370165746,0.2265193370165746,1,1
t3_design_space/per_seed_metrics__confirm.csv,digits_pca32|17|post_footprint_off,min_dist,3.0121892323335744,3.0121892323335744,1,1
t3_design_space/per_seed_metrics__confirm.csv,digits_pca32|17|post_footprint_off,mean_acc,0.6437107224559181,0.6437107224559181,1,1
t3_design_space/per_seed_metrics__confirm.csv,digits_pca32|17|post_footprint_off,worst_acc,0.49444444444444446,0.49444444444444446,1,1
t3_design_space/per_seed_metrics__confirm.csv,digits_pca32|17|post_footprint_on,min_dist,2.722562227859462,2.722562227859462,1,1
t3_design_space/per_seed_metrics__confirm.csv,digits_pca32|17|post_footprint_on,mean_acc,0.5681665116306813,0.5681665116306813,1,1
t3_design_space/per_seed_metrics__confirm.csv,digits_pca32|17|post_footprint_on,worst_acc,0.40555555555555556,0.40555555555555556,1,1
t3_design_space/per_seed_metrics__confirm.csv,digits_pca32|17|pre_none_off,min_dist,2.4621922876596205,2.4621922876596205,1,1
t3_design_space/per_seed_metrics__confirm.csv,digits_pca32|17|pre_none_off,mean_acc,0.5094690314592588,0.5094690314592588,1,1
t3_design_space/per_seed_metrics__confirm.csv,digits_pca32|17|pre_none_off,worst_acc,0.25555555555555554,0.25555555555555554,1,1
t3_design_space/per_seed_metrics__confirm.csv,digits_pca32|17|pre_footprint_off,min_dist,2.77651200285865,2.77651200285865,1,1
t3_design_space/per_seed_metrics__confirm.csv,digits_pca32|17|pre_footprint_off,mean_acc,0.592632821956341,0.592632821956341,1,1
t3_design_space/per_seed_metrics__confirm.csv,digits_pca32|17|pre_footprint_off,worst_acc,0.37222222222222223,0.37222222222222223,1,1
t3_design_space/per_seed_metrics__confirm.csv,digits_pca32|17|pre_mass_off,min_dist,3.2543507808110843,3.2543507808110843,1,1
t3_design_space/per_seed_metrics__confirm.csv,digits_pca32|17|pre_mass_off,mean_acc,0.7079863899079469,0.7079863899079469,1,1
t3_design_space/per_seed_metrics__confirm.csv,digits_pca32|17|pre_mass_off,worst_acc,0.55,0.55,1,1
t3_design_space/per_seed_metrics__confirm.csv,digits_pca32|18|post_none_off,min_dist,1.9729185640118163,1.9729185640118163,1,1
t3_design_space/per_seed_metrics__confirm.csv,digits_pca32|18|post_none_off,mean_acc,0.33619176625963554,0.33619176625963554,1,1
t3_design_space/per_seed_metrics__confirm.csv,digits_pca32|18|post_none_off,worst_acc,0.26666666666666666,0.26666666666666666,1,1
t3_design_space/per_seed_metrics__confirm.csv,digits_pca32|18|post_footprint_off,min_dist,2.9700532228590437,2.9700532228590437,1,1
t3_design_space/per_seed_metrics__confirm.csv,digits_pca32|18|post_footprint_off,mean_acc,0.6207372987761324,0.6207372987761324,1,1
t3_design_space/per_seed_metrics__confirm.csv,digits_pca32|18|post_footprint_off,worst_acc,0.5227272727272727,0.5227272727272727,1,1
t3_design_space/per_seed_metrics__confirm.csv,digits_pca32|18|post_footprint_on,min_dist,2.8221341028366407,2.8221341028366407,1,1
t3_design_space/per_seed_metrics__confirm.csv,digits_pca32|18|post_footprint_on,mean_acc,0.5718646458633425,0.5718646458633425,1,1
t3_design_space/per_seed_metrics__confirm.csv,digits_pca32|18|post_footprint_on,worst_acc,0.4431818181818182,0.4431818181818182,1,1
t3_design_space/per_seed_metrics__confirm.csv,digits_pca32|18|pre_none_off,min_dist,2.586456607856662,2.586456607856662,1,1
t3_design_space/per_seed_metrics__confirm.csv,digits_pca32|18|pre_none_off,mean_acc,0.5254289981323289,0.5254289981323289,1,1
t3_design_space/per_seed_metrics__confirm.csv,digits_pca32|18|pre_none_off,worst_acc,0.40555555555555556,0.40555555555555556,1,1
t3_design_space/per_seed_metrics__confirm.csv,digits_pca32|18|pre_footprint_off,min_dist,3.316782157749672,3.316782157749672,1,1
t3_design_space/per_seed_metrics__confirm.csv,digits_pca32|18|pre_footprint_off,mean_acc,0.7140283772513896,0.7140283772513896,1,1
t3_design_space/per_seed_metrics__confirm.csv,digits_pca32|18|pre_footprint_off,worst_acc,0.6111111111111112,0.6111111111111112,1,1
t3_design_space/per_seed_metrics__confirm.csv,digits_pca32|18|pre_mass_off,min_dist,3.2703537835861294,3.2703537835861294,1,1
t3_design_space/per_seed_metrics__confirm.csv,digits_pca32|18|pre_mass_off,mean_acc,0.7074321378958128,0.7074321378958128,1,1
t3_design_space/per_seed_metrics__confirm.csv,digits_pca32|18|pre_mass_off,worst_acc,0.6111111111111112,0.6111111111111112,1,1
t3_design_space/per_seed_metrics__confirm.csv,digits_pca32|19|post_none_off,min_dist,2.1454006850400362,2.1454006850400362,1,1
t3_design_space/per_seed_metrics__confirm.csv,digits_pca32|19|post_none_off,mean_acc,0.39623407084530465,0.39623407084530465,1,1
t3_design_space/per_seed_metrics__confirm.csv,digits_pca32|19|post_none_off,worst_acc,0.3388888888888889,0.3388888888888889,1,1
t3_design_space/per_seed_metrics__confirm.csv,digits_pca32|19|post_footprint_off,min_dist,2.9925768077109383,2.9925768077109383,1,1
t3_design_space/per_seed_metrics__confirm.csv,digits_pca32|19|post_footprint_off,mean_acc,0.603456888268176,0.603456888268176,1,1
t3_design_space/per_seed_metrics__confirm.csv,digits_pca32|19|post_footprint_off,worst_acc,0.4388888888888889,0.4388888888888889,1,1
t3_design_space/per_seed_metrics__confirm.csv,digits_pca32|19|post_footprint_on,min_dist,2.786662574609198,2.786662574609198,1,1
t3_design_space/per_seed_metrics__confirm.csv,digits_pca32|19|post_footprint_on,mean_acc,0.5976705132171403,0.5976705132171403,1,1
t3_design_space/per_seed_metrics__confirm.csv,digits_pca32|19|post_footprint_on,worst_acc,0.35,0.35,1,1
t3_design_space/per_seed_metrics__confirm.csv,digits_pca32|19|pre_none_off,min_dist,2.4673397909375474,2.4673397909375474,1,1
t3_design_space/per_seed_metrics__confirm.csv,digits_pca32|19|pre_none_off,mean_acc,0.5686391945502893,0.5686391945502893,1,1
t3_design_space/per_seed_metrics__confirm.csv,digits_pca32|19|pre_none_off,worst_acc,0.4111111111111111,0.4111111111111111,1,1
t3_design_space/per_seed_metrics__confirm.csv,digits_pca32|19|pre_footprint_off,min_dist,3.8893744544405484,3.8893744544405484,1,1
t3_design_space/per_seed_metrics__confirm.csv,digits_pca32|19|pre_footprint_off,mean_acc,0.6044107131999152,0.6044107131999152,1,1
t3_design_space/per_seed_metrics__confirm.csv,digits_pca32|19|pre_footprint_off,worst_acc,0.4293785310734463,0.4293785310734463,1,1
t3_design_space/per_seed_metrics__confirm.csv,digits_pca32|19|pre_mass_off,min_dist,3.5942375554307677,3.5942375554307677,1,1
t3_design_space/per_seed_metrics__confirm.csv,digits_pca32|19|pre_mass_off,mean_acc,0.6199917828795526,0.6199917828795526,1,1
t3_design_space/per_seed_metrics__confirm.csv,digits_pca32|19|pre_mass_off,worst_acc,0.4350282485875706,0.4350282485875706,1,1
t3_design_space/per_seed_metrics__confirm.csv,letter|10|post_none_off,min_dist,1.6382463935965714,1.6382463935965714,1,1
t3_design_space/per_seed_metrics__confirm.csv,letter|10|post_none_off,mean_acc,0.24188016682178687,0.24188016682178687,1,1
t3_design_space/per_seed_metrics__confirm.csv,letter|10|post_none_off,worst_acc,0.18385922330097088,0.18385922330097088,1,1
t3_design_space/per_seed_metrics__confirm.csv,letter|10|post_footprint_off,min_dist,1.5597632364581495,1.5597632364581495,1,1
t3_design_space/per_seed_metrics__confirm.csv,letter|10|post_footprint_off,mean_acc,0.2884594066628655,0.2884594066628655,1,1
t3_design_space/per_seed_metrics__confirm.csv,letter|10|post_footprint_off,worst_acc,0.24475524475524477,0.24475524475524477,1,1
t3_design_space/per_seed_metrics__confirm.csv,letter|10|post_footprint_on,min_dist,1.6129617650149024,1.6129617650149024,1,1
t3_design_space/per_seed_metrics__confirm.csv,letter|10|post_footprint_on,mean_acc,0.27871077788066756,0.27871077788066756,1,1
t3_design_space/per_seed_metrics__confirm.csv,letter|10|post_footprint_on,worst_acc,0.23179611650485438,0.23179611650485438,1,1
t3_design_space/per_seed_metrics__confirm.csv,letter|10|pre_none_off,min_dist,1.7837491360715345,1.7837491360715345,1,1
t3_design_space/per_seed_metrics__confirm.csv,letter|10|pre_none_off,mean_acc,0.27836198778996024,0.27836198778996024,1,1
t3_design_space/per_seed_metrics__confirm.csv,letter|10|pre_none_off,worst_acc,0.23604368932038836,0.23604368932038836,1,1
t3_design_space/per_seed_metrics__confirm.csv,letter|10|pre_footprint_off,min_dist,2.0345656484527668,2.0345656484527668,1,1
t3_design_space/per_seed_metrics__confirm.csv,letter|10|pre_footprint_off,mean_acc,0.29808123116099783,0.29808123116099783,1,1
t3_design_space/per_seed_metrics__confirm.csv,letter|10|pre_footprint_off,worst_acc,0.22702159718734305,0.22702159718734305,1,1
t3_design_space/per_seed_metrics__confirm.csv,letter|10|pre_mass_off,min_dist,2.333746600165981,2.333746600165981,1,1
t3_design_space/per_seed_metrics__confirm.csv,letter|10|pre_mass_off,mean_acc,0.3067065986936489,0.3067065986936489,1,1
t3_design_space/per_seed_metrics__confirm.csv,letter|10|pre_mass_off,worst_acc,0.23907584128578604,0.23907584128578604,1,1
t3_design_space/per_seed_metrics__confirm.csv,letter|11|post_none_off,min_dist,1.4866093751142821,1.4866093751142821,1,1
t3_design_space/per_seed_metrics__confirm.csv,letter|11|post_none_off,mean_acc,0.2552039000398648,0.2552039000398648,1,1
t3_design_space/per_seed_metrics__confirm.csv,letter|11|post_none_off,worst_acc,0.19599514563106796,0.19599514563106796,1,1
t3_design_space/per_seed_metrics__confirm.csv,letter|11|post_footprint_off,min_dist,1.9115990496749131,1.9115990496749131,1,1
t3_design_space/per_seed_metrics__confirm.csv,letter|11|post_footprint_off,mean_acc,0.283258669548568,0.283258669548568,1,1
t3_design_space/per_seed_metrics__confirm.csv,letter|11|post_footprint_off,worst_acc,0.23483009708737865,0.23483009708737865,1,1
t3_design_space/per_seed_metrics__confirm.csv,letter|11|post_footprint_on,min_dist,1.6515505693851797,1.6515505693851797,1,1
t3_design_space/per_seed_metrics__confirm.csv,letter|11|post_footprint_on,mean_acc,0.27395126026184,0.27395126026184,1,1
t3_design_space/per_seed_metrics__confirm.csv,letter|11|post_footprint_on,worst_acc,0.24575242718446602,0.24575242718446602,1,1
t3_design_space/per_seed_metrics__confirm.csv,letter|11|pre_none_off,min_dist,1.5776186970487736,1.5776186970487736,1,1
t3_design_space/per_seed_metrics__confirm.csv,letter|11|pre_none_off,mean_acc,0.2670962648338017,0.2670962648338017,1,1
t3_design_space/per_seed_metrics__confirm.csv,letter|11|pre_none_off,worst_acc,0.21844660194174756,0.21844660194174756,1,1
t3_design_space/per_seed_metrics__confirm.csv,letter|11|pre_footprint_off,min_dist,1.9243180341005257,1.9243180341005257,1,1
t3_design_space/per_seed_metrics__confirm.csv,letter|11|pre_footprint_off,mean_acc,0.27223549485235726,0.27223549485235726,1,1
t3_design_space/per_seed_metrics__confirm.csv,letter|11|pre_footprint_off,worst_acc,0.21844660194174756,0.21844660194174756,1,1
t3_design_space/per_seed_metrics__confirm.csv,letter|11|pre_mass_off,min_dist,1.9056320962879079,1.9056320962879079,1,1
t3_design_space/per_seed_metrics__confirm.csv,letter|11|pre_mass_off,mean_acc,0.2786974914464807,0.2786974914464807,1,1
t3_design_space/per_seed_metrics__confirm.csv,letter|11|pre_mass_off,worst_acc,0.2178398058252427,0.2178398058252427,1,1
t3_design_space/per_seed_metrics__confirm.csv,letter|12|post_none_off,min_dist,1.2697011442686577,1.2697011442686577,1,1
t3_design_space/per_seed_metrics__confirm.csv,letter|12|post_none_off,mean_acc,0.25128119536422816,0.25128119536422816,1,1
t3_design_space/per_seed_metrics__confirm.csv,letter|12|post_none_off,worst_acc,0.19842233009708737,0.19842233009708737,1,1
t3_design_space/per_seed_metrics__confirm.csv,letter|12|post_footprint_off,min_dist,1.3986082075986526,1.3986082075986526,1,1
t3_design_space/per_seed_metrics__confirm.csv,letter|12|post_footprint_off,mean_acc,0.28420470058414166,0.28420470058414166,1,1
t3_design_space/per_seed_metrics__confirm.csv,letter|12|post_footprint_off,worst_acc,0.20813106796116504,0.20813106796116504,1,1
t3_design_space/per_seed_metrics__confirm.csv,letter|12|post_footprint_on,min_dist,2.213337281058119,2.213337281058119,1,1
t3_design_space/per_seed_metrics__confirm.csv,letter|12|post_footprint_on,mean_acc,0.2708695087440571,0.2708695087440571,1,1
t3_design_space/per_seed_metrics__confirm.csv,letter|12|post_footprint_on,worst_acc,0.21237864077669902,0.21237864077669902,1,1
t3_design_space/per_seed_metrics__confirm.csv,letter|12|pre_none_off,min_dist,1.8766486993592368,1.8766486993592368,1,1
t3_design_space/per_seed_metrics__confirm.csv,letter|12|pre_none_off,mean_acc,0.2846203482972166,0.2846203482972166,1,1
t3_design_space/per_seed_metrics__confirm.csv,letter|12|pre_none_off,worst_acc,0.21237864077669902,0.21237864077669902,1,1
t3_design_space/per_seed_metrics__confirm.csv,letter|12|pre_footprint_off,min_dist,1.8539370232411203,1.8539370232411203,1,1
t3_design_space/per_seed_metrics__confirm.csv,letter|12|pre_footprint_off,mean_acc,0.2793268050576494,0.2793268050576494,1,1
t3_design_space/per_seed_metrics__confirm.csv,letter|12|pre_footprint_off,worst_acc,0.21419902912621358,0.21419902912621358,1,1
t3_design_space/per_seed_metrics__confirm.csv,letter|12|pre_mass_off,min_dist,1.7360959974833836,1.7360959974833836,1,1
t3_design_space/per_seed_metrics__confirm.csv,letter|12|pre_mass_off,mean_acc,0.2827859551766676,0.2827859551766676,1,1
t3_design_space/per_seed_metrics__confirm.csv,letter|12|pre_mass_off,worst_acc,0.24150485436893204,0.24150485436893204,1,1
t3_design_space/per_seed_metrics__confirm.csv,letter|13|post_none_off,min_dist,1.5297100480368635,1.5297100480368635,1,1
t3_design_space/per_seed_metrics__confirm.csv,letter|13|post_none_off,mean_acc,0.24629352533985754,0.24629352533985754,1,1
t3_design_space/per_seed_metrics__confirm.csv,letter|13|post_none_off,worst_acc,0.21581073283323715,0.21581073283323715,1,1
t3_design_space/per_seed_metrics__confirm.csv,letter|13|post_footprint_off,min_dist,2.0822816925056022,2.0822816925056022,1,1
t3_design_space/per_seed_metrics__confirm.csv,letter|13|post_footprint_off,mean_acc,0.2876264646730834,0.2876264646730834,1,1
t3_design_space/per_seed_metrics__confirm.csv,letter|13|post_footprint_off,worst_acc,0.22451456310679613,0.22451456310679613,1,1
t3_design_space/per_seed_metrics__confirm.csv,letter|13|post_footprint_on,min_dist,1.775357789059896,1.775357789059896,1,1
t3_design_space/per_seed_metrics__confirm.csv,letter|13|post_footprint_on,mean_acc,0.2673964075671375,0.2673964075671375,1,1
t3_design_space/per_seed_metrics__confirm.csv,letter|13|post_footprint_on,worst_acc,0.19114077669902912,0.19114077669902912,1,1
t3_design_space/per_seed_metrics__confirm.csv,letter|13|pre_none_off,min_dist,1.7112608223261072,1.7112608223261072,1,1
t3_design_space/per_seed_metrics__confirm.csv,letter|13|pre_none_off,mean_acc,0.27015222051467397,0.27015222051467397,1,1
t3_design_space/per_seed_metrics__confirm.csv,letter|13|pre_none_off,worst_acc,0.23491271820448878,0.23491271820448878,1,1
t3_design_space/per_seed_metrics__confirm.csv,letter|13|pre_footprint_off,min_dist,2.423478411279111,2.423478411279111,1,1
t3_design_space/per_seed_metrics__confirm.csv,letter|13|pre_footprint_off,mean_acc,0.31200749115770476,0.31200749115770476,1,1
t3_design_space/per_seed_metrics__confirm.csv,letter|13|pre_footprint_off,worst_acc,0.2487864077669903,0.2487864077669903,1,1
t3_design_space/per_seed_metrics__confirm.csv,letter|13|pre_mass_off,min_dist,1.9808831390952149,1.9808831390952149,1,1
t3_design_space/per_seed_metrics__confirm.csv,letter|13|pre_mass_off,mean_acc,0.3049709780944643,0.3049709780944643,1,1
t3_design_space/per_seed_metrics__confirm.csv,letter|13|pre_mass_off,worst_acc,0.25,0.25,1,1
t3_design_space/per_seed_metrics__confirm.csv,letter|14|post_none_off,min_dist,1.4730523616136377,1.4730523616136377,1,1
t3_design_space/per_seed_metrics__confirm.csv,letter|14|post_none_off,mean_acc,0.2619206636924012,0.2619206636924012,1,1
t3_design_space/per_seed_metrics__confirm.csv,letter|14|post_none_off,worst_acc,0.23968446601941748,0.23968446601941748,1,1
t3_design_space/per_seed_metrics__confirm.csv,letter|14|post_footprint_off,min_dist,1.7694666938321986,1.7694666938321986,1,1
t3_design_space/per_seed_metrics__confirm.csv,letter|14|post_footprint_off,mean_acc,0.29477442074145255,0.29477442074145255,1,1
t3_design_space/per_seed_metrics__confirm.csv,letter|14|post_footprint_off,worst_acc,0.24008036162732296,0.24008036162732296,1,1
t3_design_space/per_seed_metrics__confirm.csv,letter|14|post_footprint_on,min_dist,1.3222800153148244,1.3222800153148244,1,1
t3_design_space/per_seed_metrics__confirm.csv,letter|14|post_footprint_on,mean_acc,0.27021824868345956,0.27021824868345956,1,1
t3_design_space/per_seed_metrics__confirm.csv,letter|14|post_footprint_on,worst_acc,0.22936893203883496,0.22936893203883496,1,1
t3_design_space/per_seed_metrics__confirm.csv,letter|14|pre_none_off,min_dist,1.6503481676403655,1.6503481676403655,1,1
t3_design_space/per_seed_metrics__confirm.csv,letter|14|pre_none_off,mean_acc,0.2867634207031172,0.2867634207031172,1,1
t3_design_space/per_seed_metrics__confirm.csv,letter|14|pre_none_off,worst_acc,0.2354368932038835,0.2354368932038835,1,1
t3_design_space/per_seed_metrics__confirm.csv,letter|14|pre_footprint_off,min_dist,2.17145694122181,2.17145694122181,1,1
t3_design_space/per_seed_metrics__confirm.csv,letter|14|pre_footprint_off,mean_acc,0.31410006205556557,0.31410006205556557,1,1
t3_design_space/per_seed_metrics__confirm.csv,letter|14|pre_footprint_off,worst_acc,0.23058252427184467,0.23058252427184467,1,1
t3_design_space/per_seed_metrics__confirm.csv,letter|14|pre_mass_off,min_dist,1.9569886340762674,1.9569886340762674,1,1
t3_design_space/per_seed_metrics__confirm.csv,letter|14|pre_mass_off,mean_acc,0.3145002812245211,0.3145002812245211,1,1
t3_design_space/per_seed_metrics__confirm.csv,letter|14|pre_mass_off,worst_acc,0.24635922330097088,0.24635922330097088,1,1
t3_design_space/per_seed_metrics__confirm.csv,letter|15|post_none_off,min_dist,1.8587379005900542,1.8587379005900542,1,1
t3_design_space/per_seed_metrics__confirm.csv,letter|15|post_none_off,mean_acc,0.25153890294847414,0.25153890294847414,1,1
t3_design_space/per_seed_metrics__confirm.csv,letter|15|post_none_off,worst_acc,0.19902912621359223,0.19902912621359223,1,1
t3_design_space/per_seed_metrics__confirm.csv,letter|15|post_footprint_off,min_dist,2.0284808287401597,2.0284808287401597,1,1
t3_design_space/per_seed_metrics__confirm.csv,letter|15|post_footprint_off,mean_acc,0.2934524335255665,0.2934524335255665,1,1
t3_design_space/per_seed_metrics__confirm.csv,letter|15|post_footprint_off,worst_acc,0.2536407766990291,0.2536407766990291,1,1
t3_design_space/per_seed_metrics__confirm.csv,letter|15|post_footprint_on,min_dist,1.815815612660784,1.815815612660784,1,1
t3_design_space/per_seed_metrics__confirm.csv,letter|15|post_footprint_on,mean_acc,0.2722570019353351,0.2722570019353351,1,1
t3_design_space/per_seed_metrics__confirm.csv,letter|15|post_footprint_on,worst_acc,0.22451456310679613,0.22451456310679613,1,1
t3_design_space/per_seed_metrics__confirm.csv,letter|15|pre_none_off,min_dist,1.8948878243356992,1.8948878243356992,1,1
t3_design_space/per_seed_metrics__confirm.csv,letter|15|pre_none_off,mean_acc,0.28571009840486244,0.28571009840486244,1,1
t3_design_space/per_seed_metrics__confirm.csv,letter|15|pre_none_off,worst_acc,0.2196601941747573,0.2196601941747573,1,1
t3_design_space/per_seed_metrics__confirm.csv,letter|15|pre_footprint_off,min_dist,1.7358528299467602,1.7358528299467602,1,1
t3_design_space/per_seed_metrics__confirm.csv,letter|15|pre_footprint_off,mean_acc,0.297855601817382,0.297855601817382,1,1
t3_design_space/per_seed_metrics__confirm.csv,letter|15|pre_footprint_off,worst_acc,0.22026699029126215,0.22026699029126215,1,1
t3_design_space/per_seed_metrics__confirm.csv,letter|15|pre_mass_off,min_dist,2.050736282684607,2.050736282684607,1,1
t3_design_space/per_seed_metrics__confirm.csv,letter|15|pre_mass_off,mean_acc,0.2876741532647792,0.2876741532647792,1,1
t3_design_space/per_seed_metrics__confirm.csv,letter|15|pre_mass_off,worst_acc,0.21177184466019416,0.21177184466019416,1,1
t3_design_space/per_seed_metrics__confirm.csv,letter|16|post_none_off,min_dist,1.9379950147751543,1.9379950147751543,1,1
t3_design_space/per_seed_metrics__confirm.csv,letter|16|post_none_off,mean_acc,0.2620981816534509,0.2620981816534509,1,1
t3_design_space/per_seed_metrics__confirm.csv,letter|16|post_none_off,worst_acc,0.20934466019417475,0.20934466019417475,1,1
t3_design_space/per_seed_metrics__confirm.csv,letter|16|post_footprint_off,min_dist,2.117872237004934,2.117872237004934,1,1
t3_design_space/per_seed_metrics__confirm.csv,letter|16|post_footprint_off,mean_acc,0.2854129740684408,0.2854129740684408,1,1
t3_design_space/per_seed_metrics__confirm.csv,letter|16|post_footprint_off,worst_acc,0.2487864077669903,0.2487864077669903,1,1
t3_design_space/per_seed_metrics__confirm.csv,letter|16|post_footprint_on,min_dist,1.6129656971268271,1.6129656971268271,1,1
t3_design_space/per_seed_metrics__confirm.csv,letter|16|post_footprint_on,mean_acc,0.2725820872895285,0.2725820872895285,1,1
t3_design_space/per_seed_metrics__confirm.csv,letter|16|post_footprint_on,worst_acc,0.21844660194174756,0.21844660194174756,1,1
t3_design_space/per_seed_metrics__confirm.csv,letter|16|pre_none_off,min_dist,2.0029216851716987,2.0029216851716987,1,1
t3_design_space/per_seed_metrics__confirm.csv,letter|16|pre_none_off,mean_acc,0.2721849327917467,0.2721849327917467,1,1
t3_design_space/per_seed_metrics__confirm.csv,letter|16|pre_none_off,worst_acc,0.2220873786407767,0.2220873786407767,1,1
t3_design_space/per_seed_metrics__confirm.csv,letter|16|pre_footprint_off,min_dist,2.0828768441870094,2.0828768441870094,1,1
t3_design_space/per_seed_metrics__confirm.csv,letter|16|pre_footprint_off,mean_acc,0.2853835987178301,0.2853835987178301,1,1
t3_design_space/per_seed_metrics__confirm.csv,letter|16|pre_footprint_off,worst_acc,0.24962330487192366,0.24962330487192366,1,1
t3_design_space/per_seed_metrics__confirm.csv,letter|16|pre_mass_off,min_dist,2.0825745407887353,2.0825745407887353,1,1
t3_design_space/per_seed_metrics__confirm.csv,letter|16|pre_mass_off,mean_acc,0.2827104720946976,0.2827104720946976,1,1
t3_design_space/per_seed_metrics__confirm.csv,letter|16|pre_mass_off,worst_acc,0.2408980582524272,0.2408980582524272,1,1
t3_design_space/per_seed_metrics__confirm.csv,letter|17|post_none_off,min_dist,1.553619779037697,1.553619779037697,1,1
t3_design_space/per_seed_metrics__confirm.csv,letter|17|post_none_off,mean_acc,0.27279256337237723,0.27279256337237723,1,1
t3_design_space/per_seed_metrics__confirm.csv,letter|17|post_none_off,worst_acc,0.23300970873786409,0.23300970873786409,1,1
t3_design_space/per_seed_metrics__confirm.csv,letter|17|post_footprint_off,min_dist,1.9384568402091904,1.9384568402091904,1,1
t3_design_space/per_seed_metrics__confirm.csv,letter|17|post_footprint_off,mean_acc,0.29186111823836663,0.29186111823836663,1,1
t3_design_space/per_seed_metrics__confirm.csv,letter|17|post_footprint_off,worst_acc,0.24861878453038674,0.24861878453038674,1,1
t3_design_space/per_seed_metrics__confirm.csv,letter|17|post_footprint_on,min_dist,1.7052918353602962,1.7052918353602962,1,1
t3_design_space/per_seed_metrics__confirm.csv,letter|17|post_footprint_on,mean_acc,0.26775348944534355,0.26775348944534355,1,1
t3_design_space/per_seed_metrics__confirm.csv,letter|17|post_footprint_on,worst_acc,0.2408980582524272,0.2408980582524272,1,1
t3_design_space/per_seed_metrics__confirm.csv,letter|17|pre_none_off,min_dist,2.076515349674192,2.076515349674192,1,1
t3_design_space/per_seed_metrics__confirm.csv,letter|17|pre_none_off,mean_acc,0.2757223881123319,0.2757223881123319,1,1
t3_design_space/per_seed_metrics__confirm.csv,letter|17|pre_none_off,worst_acc,0.22026699029126215,0.22026699029126215,1,1
t3_design_space/per_seed_metrics__confirm.csv,letter|17|pre_footprint_off,min_dist,2.103210743060196,2.103210743060196,1,1
t3_design_space/per_seed_metrics__confirm.csv,letter|17|pre_footprint_off,mean_acc,0.28302370646824665,0.28302370646824665,1,1
t3_design_space/per_seed_metrics__confirm.csv,letter|17|pre_footprint_off,worst_acc,0.220873786407767,0.220873786407767,1,1
t3_design_space/per_seed_metrics__confirm.csv,letter|17|pre_mass_off,min_dist,1.6835704863142134,1.6835704863142134,1,1
t3_design_space/per_seed_metrics__confirm.csv,letter|17|pre_mass_off,mean_acc,0.2900009422526432,0.2900009422526432,1,1
t3_design_space/per_seed_metrics__confirm.csv,letter|17|pre_mass_off,worst_acc,0.2370668006027122,0.2370668006027122,1,1
t3_design_space/per_seed_metrics__confirm.csv,letter|18|post_none_off,min_dist,1.5440784510667793,1.5440784510667793,1,1
t3_design_space/per_seed_metrics__confirm.csv,letter|18|post_none_off,mean_acc,0.2824355209484212,0.2824355209484212,1,1
t3_design_space/per_seed_metrics__confirm.csv,letter|18|post_none_off,worst_acc,0.21359223300970873,0.21359223300970873,1,1
t3_design_space/per_seed_metrics__confirm.csv,letter|18|post_footprint_off,min_dist,1.6661288345733192,1.6661288345733192,1,1
t3_design_space/per_seed_metrics__confirm.csv,letter|18|post_footprint_off,mean_acc,0.28907884488909685,0.28907884488909685,1,1
t3_design_space/per_seed_metrics__confirm.csv,letter|18|post_footprint_off,worst_acc,0.24208940231039677,0.24208940231039677,1,1
t3_design_space/per_seed_metrics__confirm.csv,letter|18|post_footprint_on,min_dist,1.923715592569171,1.923715592569171,1,1
t3_design_space/per_seed_metrics__confirm.csv,letter|18|post_footprint_on,mean_acc,0.2744284552773785,0.2744284552773785,1,1
t3_design_space/per_seed_metrics__confirm.csv,letter|18|post_footprint_on,worst_acc,0.22936893203883496,0.22936893203883496,1,1
t3_design_space/per_seed_metrics__confirm.csv,letter|18|pre_none_off,min_dist,1.610012893923089,1.610012893923089,1,1
t3_design_space/per_seed_metrics__confirm.csv,letter|18|pre_none_off,mean_acc,0.2956748988004807,0.2956748988004807,1,1
t3_design_space/per_seed_metrics__confirm.csv,letter|18|pre_none_off,worst_acc,0.23556002009040683,0.23556002009040683,1,1
t3_design_space/per_seed_metrics__confirm.csv,letter|18|pre_footprint_off,min_dist,2.036612214649176,2.036612214649176,1,1
t3_design_space/per_seed_metrics__confirm.csv,letter|18|pre_footprint_off,mean_acc,0.31510791324656884,0.31510791324656884,1,1
t3_design_space/per_seed_metrics__confirm.csv,letter|18|pre_footprint_off,worst_acc,0.21844660194174756,0.21844660194174756,1,1
t3_design_space/per_seed_metrics__confirm.csv,letter|18|pre_mass_off,min_dist,2.210613170850626,2.210613170850626,1,1
t3_design_space/per_seed_metrics__confirm.csv,letter|18|pre_mass_off,mean_acc,0.3097858899333072,0.3097858899333072,1,1
t3_design_space/per_seed_metrics__confirm.csv,letter|18|pre_mass_off,worst_acc,0.23847087378640777,0.23847087378640777,1,1
t3_design_space/per_seed_metrics__confirm.csv,letter|19|post_none_off,min_dist,1.5550844768283694,1.5550844768283694,1,1
t3_design_space/per_seed_metrics__confirm.csv,letter|19|post_none_off,mean_acc,0.2588144600345684,0.2588144600345684,1,1
t3_design_space/per_seed_metrics__confirm.csv,letter|19|post_none_off,worst_acc,0.23300970873786409,0.23300970873786409,1,1
t3_design_space/per_seed_metrics__confirm.csv,letter|19|post_footprint_off,min_dist,1.783307273973417,1.783307273973417,1,1
t3_design_space/per_seed_metrics__confirm.csv,letter|19|post_footprint_off,mean_acc,0.3028549514265578,0.3028549514265578,1,1
t3_design_space/per_seed_metrics__confirm.csv,letter|19|post_footprint_off,worst_acc,0.20388349514563106,0.20388349514563106,1,1
t3_design_space/per_seed_metrics__confirm.csv,letter|19|post_footprint_on,min_dist,1.4347023997678987,1.4347023997678987,1,1
t3_design_space/per_seed_metrics__confirm.csv,letter|19|post_footprint_on,mean_acc,0.2769783738903071,0.2769783738903071,1,1
t3_design_space/per_seed_metrics__confirm.csv,letter|19|post_footprint_on,worst_acc,0.25970873786407767,0.25970873786407767,1,1
t3_design_space/per_seed_metrics__confirm.csv,letter|19|pre_none_off,min_dist,1.711193151305585,1.711193151305585,1,1
t3_design_space/per_seed_metrics__confirm.csv,letter|19|pre_none_off,mean_acc,0.2865359211817324,0.2865359211817324,1,1
t3_design_space/per_seed_metrics__confirm.csv,letter|19|pre_none_off,worst_acc,0.2230437461491066,0.2230437461491066,1,1
t3_design_space/per_seed_metrics__confirm.csv,letter|19|pre_footprint_off,min_dist,2.0117798695019733,2.0117798695019733,1,1
t3_design_space/per_seed_metrics__confirm.csv,letter|19|pre_footprint_off,mean_acc,0.3062469949311557,0.3062469949311557,1,1
t3_design_space/per_seed_metrics__confirm.csv,letter|19|pre_footprint_off,worst_acc,0.21298543689320387,0.21298543689320387,1,1
t3_design_space/per_seed_metrics__confirm.csv,letter|19|pre_mass_off,min_dist,1.9861861987308018,1.9861861987308018,1,1
t3_design_space/per_seed_metrics__confirm.csv,letter|19|pre_mass_off,mean_acc,0.3017410190226621,0.3017410190226621,1,1
t3_design_space/per_seed_metrics__confirm.csv,letter|19|pre_mass_off,worst_acc,0.2178398058252427,0.2178398058252427,1,1
t3_design_space/per_seed_metrics__confirm.csv,mnist784_pca32 (20c)|10|post_none_off,min_dist,2.112042786567036,2.112042786567036,1,1
t3_design_space/per_seed_metrics__confirm.csv,mnist784_pca32 (20c)|10|post_none_off,mean_acc,0.39594249349061544,0.39594249349061544,1,1
t3_design_space/per_seed_metrics__confirm.csv,mnist784_pca32 (20c)|10|post_none_off,worst_acc,0.3018327605956472,0.3018327605956472,1,1
t3_design_space/per_seed_metrics__confirm.csv,mnist784_pca32 (20c)|10|post_footprint_off,min_dist,2.517023287892414,2.517023287892414,1,1
t3_design_space/per_seed_metrics__confirm.csv,mnist784_pca32 (20c)|10|post_footprint_off,mean_acc,0.5135092881950887,0.5135092881950887,1,1
t3_design_space/per_seed_metrics__confirm.csv,mnist784_pca32 (20c)|10|post_footprint_off,worst_acc,0.45518453427065025,0.45518453427065025,1,1
t3_design_space/per_seed_metrics__confirm.csv,mnist784_pca32 (20c)|10|post_footprint_on,min_dist,2.207625502207136,2.207625502207136,1,1
t3_design_space/per_seed_metrics__confirm.csv,mnist784_pca32 (20c)|10|post_footprint_on,mean_acc,0.49102457182598835,0.49102457182598835,1,1
t3_design_space/per_seed_metrics__confirm.csv,mnist784_pca32 (20c)|10|post_footprint_on,worst_acc,0.400599700149925,0.400599700149925,1,1
t3_design_space/per_seed_metrics__confirm.csv,mnist784_pca32 (20c)|10|pre_none_off,min_dist,2.405993044420037,2.405993044420037,1,1
t3_design_space/per_seed_metrics__confirm.csv,mnist784_pca32 (20c)|10|pre_none_off,mean_acc,0.45555622556504344,0.45555622556504344,1,1
t3_design_space/per_seed_metrics__confirm.csv,mnist784_pca32 (20c)|10|pre_none_off,worst_acc,0.41124586549062847,0.41124586549062847,1,1
t3_design_space/per_seed_metrics__confirm.csv,mnist784_pca32 (20c)|10|pre_footprint_off,min_dist,2.7218338015580286,2.7218338015580286,1,1
t3_design_space/per_seed_metrics__confirm.csv,mnist784_pca32 (20c)|10|pre_footprint_off,mean_acc,0.5573934828810315,0.5573934828810315,1,1
t3_design_space/per_seed_metrics__confirm.csv,mnist784_pca32 (20c)|10|pre_footprint_off,worst_acc,0.4468026460859978,0.4468026460859978,1,1
t3_design_space/per_seed_metrics__confirm.csv,mnist784_pca32 (20c)|10|pre_mass_off,min_dist,2.5854407766297154,2.5854407766297154,1,1
t3_design_space/per_seed_metrics__confirm.csv,mnist784_pca32 (20c)|10|pre_mass_off,mean_acc,0.5741317053652223,0.5741317053652223,1,1
t3_design_space/per_seed_metrics__confirm.csv,mnist784_pca32 (20c)|10|pre_mass_off,worst_acc,0.4938488576449912,0.4938488576449912,1,1
t3_design_space/per_seed_metrics__confirm.csv,mnist784_pca32 (20c)|11|post_none_off,min_dist,2.043909116567621,2.043909116567621,1,1
t3_design_space/per_seed_metrics__confirm.csv,mnist784_pca32 (20c)|11|post_none_off,mean_acc,0.39740594543006164,0.39740594543006164,1,1
t3_design_space/per_seed_metrics__confirm.csv,mnist784_pca32 (20c)|11|post_none_off,worst_acc,0.33419243986254293,0.33419243986254293,1,1
t3_design_space/per_seed_metrics__confirm.csv,mnist784_pca32 (20c)|11|post_footprint_off,min_dist,2.3323550676631517,2.3323550676631517,1,1
t3_design_space/per_seed_metrics__confirm.csv,mnist784_pca32 (20c)|11|post_footprint_off,mean_acc,0.49969293493881484,0.49969293493881484,1,1
t3_design_space/per_seed_metrics__confirm.csv,mnist784_pca32 (20c)|11|post_footprint_off,worst_acc,0.38974641675854466,0.38974641675854466,1,1
t3_design_space/per_seed_metrics__confirm.csv,mnist784_pca32 (20c)|11|post_footprint_on,min_dist,2.0172712032299667,2.0172712032299667,1,1
t3_design_space/per_seed_metrics__confirm.csv,mnist784_pca32 (20c)|11|post_footprint_on,mean_acc,0.5082447712209668,0.5082447712209668,1,1
t3_design_space/per_seed_metrics__confirm.csv,mnist784_pca32 (20c)|11|post_footprint_on,worst_acc,0.4301460457426288,0.4301460457426288,1,1
t3_design_space/per_seed_metrics__confirm.csv,mnist784_pca32 (20c)|11|pre_none_off,min_dist,2.2426065690207246,2.2426065690207246,1,1
t3_design_space/per_seed_metrics__confirm.csv,mnist784_pca32 (20c)|11|pre_none_off,mean_acc,0.5152743021259378,0.5152743021259378,1,1
t3_design_space/per_seed_metrics__confirm.csv,mnist784_pca32 (20c)|11|pre_none_off,worst_acc,0.40959206174200663,0.40959206174200663,1,1
t3_design_space/per_seed_metrics__confirm.csv,mnist784_pca32 (20c)|11|pre_footprint_off,min_dist,2.529318709702819,2.529318709702819,1,1
t3_design_space/per_seed_metrics__confirm.csv,mnist784_pca32 (20c)|11|pre_footprint_off,mean_acc,0.5265056108948624,0.5265056108948624,1,1
t3_design_space/per_seed_metrics__confirm.csv,mnist784_pca32 (20c)|11|pre_footprint_off,worst_acc,0.42282249173098124,0.42282249173098124,1,1
t3_design_space/per_seed_metrics__confirm.csv,mnist784_pca32 (20c)|11|pre_mass_off,min_dist,2.501100370475768,2.501100370475768,1,1
t3_design_space/per_seed_metrics__confirm.csv,mnist784_pca32 (20c)|11|pre_mass_off,mean_acc,0.5169266013627445,0.5169266013627445,1,1
t3_design_space/per_seed_metrics__confirm.csv,mnist784_pca32 (20c)|11|pre_mass_off,worst_acc,0.4306971617525489,0.4306971617525489,1,1
t3_design_space/per_seed_metrics__confirm.csv,mnist784_pca32 (20c)|12|post_none_off,min_dist,2.044855580355818,2.044855580355818,1,1
t3_design_space/per_seed_metrics__confirm.csv,mnist784_pca32 (20c)|12|post_none_off,mean_acc,0.4347543075729872,0.4347543075729872,1,1
t3_design_space/per_seed_metrics__confirm.csv,mnist784_pca32 (20c)|12|post_none_off,worst_acc,0.4029985007496252,0.4029985007496252,1,1
t3_design_space/per_seed_metrics__confirm.csv,mnist784_pca32 (20c)|12|post_footprint_off,min_dist,2.6897819877771942,2.6897819877771942,1,1
t3_design_space/per_seed_metrics__confirm.csv,mnist784_pca32 (20c)|12|post_footprint_off,mean_acc,0.5108064533972645,0.5108064533972645,1,1
t3_design_space/per_seed_metrics__confirm.csv,mnist784_pca32 (20c)|12|post_footprint_off,worst_acc,0.42399083882049815,0.42399083882049815,1,1
t3_design_space/per_seed_metrics__confirm.csv,mnist784_pca32 (20c)|12|post_footprint_on,min_dist,2.011863913091419,2.011863913091419,1,1
t3_design_space/per_seed_metrics__confirm.csv,mnist784_pca32 (20c)|12|post_footprint_on,mean_acc,0.4827030665123663,0.4827030665123663,1,1
t3_design_space/per_seed_metrics__confirm.csv,mnist784_pca32 (20c)|12|post_footprint_on,worst_acc,0.40734603700635186,0.40734603700635186,1,1
t3_design_space/per_seed_metrics__confirm.csv,mnist784_pca32 (20c)|12|pre_none_off,min_dist,2.3552396434903677,2.3552396434903677,1,1
t3_design_space/per_seed_metrics__confirm.csv,mnist784_pca32 (20c)|12|pre_none_off,mean_acc,0.4702311621152151,0.4702311621152151,1,1
t3_design_space/per_seed_metrics__confirm.csv,mnist784_pca32 (20c)|12|pre_none_off,worst_acc,0.3715545755237045,0.3715545755237045,1,1
t3_design_space/per_seed_metrics__confirm.csv,mnist784_pca32 (20c)|12|pre_footprint_off,min_dist,2.5771418950468337,2.5771418950468337,1,1
t3_design_space/per_seed_metrics__confirm.csv,mnist784_pca32 (20c)|12|pre_footprint_off,mean_acc,0.5732570315514407,0.5732570315514407,1,1
t3_design_space/per_seed_metrics__confirm.csv,mnist784_pca32 (20c)|12|pre_footprint_off,worst_acc,0.474090407938258,0.474090407938258,1,1
t3_design_space/per_seed_metrics__confirm.csv,mnist784_pca32 (20c)|12|pre_mass_off,min_dist,2.783631700497688,2.783631700497688,1,1
t3_design_space/per_seed_metrics__confirm.csv,mnist784_pca32 (20c)|12|pre_mass_off,mean_acc,0.5264661047137689,0.5264661047137689,1,1
t3_design_space/per_seed_metrics__confirm.csv,mnist784_pca32 (20c)|12|pre_mass_off,worst_acc,0.4525909592061742,0.4525909592061742,1,1
t3_design_space/per_seed_metrics__confirm.csv,mnist784_pca32 (20c)|13|post_none_off,min_dist,2.0730131050898497,2.0730131050898497,1,1
t3_design_space/per_seed_metrics__confirm.csv,mnist784_pca32 (20c)|13|post_none_off,mean_acc,0.3752513240967264,0.3752513240967264,1,1
t3_design_space/per_seed_metrics__confirm.csv,mnist784_pca32 (20c)|13|post_none_off,worst_acc,0.2997678467788741,0.2997678467788741,1,1
t3_design_space/per_seed_metrics__confirm.csv,mnist784_pca32 (20c)|13|post_footprint_off,min_dist,2.6160312652756694,2.6160312652756694,1,1
t3_design_space/per_seed_metrics__confirm.csv,mnist784_pca32 (20c)|13|post_footprint_off,mean_acc,0.45102989957771833,0.45102989957771833,1,1
t3_design_space/per_seed_metrics__confirm.csv,mnist784_pca32 (20c)|13|post_footprint_off,worst_acc,0.40778923253150057,0.40778923253150057,1,1
t3_design_space/per_seed_metrics__confirm.csv,mnist784_pca32 (20c)|13|post_footprint_on,min_dist,2.1679120420698035,2.1679120420698035,1,1
t3_design_space/per_seed_metrics__confirm.csv,mnist784_pca32 (20c)|13|post_footprint_on,mean_acc,0.4953871382096616,0.4953871382096616,1,1
t3_design_space/per_seed_metrics__confirm.csv,mnist784_pca32 (20c)|13|post_footprint_on,worst_acc,0.42083456643977507,0.42083456643977507,1,1
t3_design_space/per_seed_metrics__confirm.csv,mnist784_pca32 (20c)|13|pre_none_off,min_dist,2.5164560904610154,2.5164560904610154,1,1
t3_design_space/per_seed_metrics__confirm.csv,mnist784_pca32 (20c)|13|pre_none_off,mean_acc,0.452038114977829,0.452038114977829,1,1
t3_design_space/per_seed_metrics__confirm.csv,mnist784_pca32 (20c)|13|pre_none_off,worst_acc,0.4060088202866593,0.4060088202866593,1,1
t3_design_space/per_seed_metrics__confirm.csv,mnist784_pca32 (20c)|13|pre_footprint_off,min_dist,2.80734976453033,2.80734976453033,1,1
t3_design_space/per_seed_metrics__confirm.csv,mnist784_pca32 (20c)|13|pre_footprint_off,mean_acc,0.596875983374779,0.596875983374779,1,1
t3_design_space/per_seed_metrics__confirm.csv,mnist784_pca32 (20c)|13|pre_footprint_off,worst_acc,0.473592571096924,0.473592571096924,1,1
t3_design_space/per_seed_metrics__confirm.csv,mnist784_pca32 (20c)|13|pre_mass_off,min_dist,2.815198031464804,2.815198031464804,1,1
t3_design_space/per_seed_metrics__confirm.csv,mnist784_pca32 (20c)|13|pre_mass_off,mean_acc,0.5772461966191813,0.5772461966191813,1,1
t3_design_space/per_seed_metrics__confirm.csv,mnist784_pca32 (20c)|13|pre_mass_off,worst_acc,0.4799767846778874,0.4799767846778874,1,1
t3_design_space/per_seed_metrics__confirm.csv,mnist784_pca32 (20c)|14|post_none_off,min_dist,2.1346276073956636,2.1346276073956636,1,1
t3_design_space/per_seed_metrics__confirm.csv,mnist784_pca32 (20c)|14|post_none_off,mean_acc,0.3911161887539315,0.3911161887539315,1,1
t3_design_space/per_seed_metrics__confirm.csv,mnist784_pca32 (20c)|14|post_none_off,worst_acc,0.3418265101631835,0.3418265101631835,1,1
t3_design_space/per_seed_metrics__confirm.csv,mnist784_pca32 (20c)|14|post_footprint_off,min_dist,2.6596790836764934,2.6596790836764934,1,1
t3_design_space/per_seed_metrics__confirm.csv,mnist784_pca32 (20c)|14|post_footprint_off,mean_acc,0.4849535418470564,0.4849535418470564,1,1
t3_design_space/per_seed_metrics__confirm.csv,mnist784_pca32 (20c)|14|post_footprint_off,worst_acc,0.4045233323790438,0.4045233323790438,1,1
t3_design_space/per_seed_metrics__confirm.csv,mnist784_pca32 (20c)|14|post_footprint_on,min_dist,1.9919213075311588,1.9919213075311588,1,1
t3_design_space/per_seed_metrics__confirm.csv,mnist784_pca32 (20c)|14|post_footprint_on,mean_acc,0.5065516837076676,0.5065516837076676,1,1
t3_design_space/per_seed_metrics__confirm.csv,mnist784_pca32 (20c)|14|post_footprint_on,worst_acc,0.42998500749625185,0.42998500749625185,1,1
t3_design_space/per_seed_metrics__confirm.csv,mnist784_pca32 (20c)|14|pre_none_off,min_dist,2.358423539685789,2.358423539685789,1,1
t3_design_space/per_seed_metrics__confirm.csv,mnist784_pca32 (20c)|14|pre_none_off,mean_acc,0.4855649253479264,0.4855649253479264,1,1
t3_design_space/per_seed_metrics__confirm.csv,mnist784_pca32 (20c)|14|pre_none_off,worst_acc,0.41085698539542576,0.41085698539542576,1,1
t3_design_space/per_seed_metrics__confirm.csv,mnist784_pca32 (20c)|14|pre_footprint_off,min_dist,2.7225773669407896,2.7225773669407896,1,1
t3_design_space/per_seed_metrics__confirm.csv,mnist784_pca32 (20c)|14|pre_footprint_off,mean_acc,0.5817855644987469,0.5817855644987469,1,1
t3_design_space/per_seed_metrics__confirm.csv,mnist784_pca32 (20c)|14|pre_footprint_off,worst_acc,0.5134739308728764,0.5134739308728764,1,1
t3_design_space/per_seed_metrics__confirm.csv,mnist784_pca32 (20c)|14|pre_mass_off,min_dist,2.668921030379873,2.668921030379873,1,1
t3_design_space/per_seed_metrics__confirm.csv,mnist784_pca32 (20c)|14|pre_mass_off,mean_acc,0.5744912021833107,0.5744912021833107,1,1
t3_design_space/per_seed_metrics__confirm.csv,mnist784_pca32 (20c)|14|pre_mass_off,worst_acc,0.49807749186631173,0.49807749186631173,1,1
t3_design_space/per_seed_metrics__confirm.csv,mnist784_pca32 (20c)|15|post_none_off,min_dist,2.1958524407038995,2.1958524407038995,1,1
t3_design_space/per_seed_metrics__confirm.csv,mnist784_pca32 (20c)|15|post_none_off,mean_acc,0.3831500856996659,0.3831500856996659,1,1
t3_design_space/per_seed_metrics__confirm.csv,mnist784_pca32 (20c)|15|post_none_off,worst_acc,0.3238699007717751,0.3238699007717751,1,1
t3_design_space/per_seed_metrics__confirm.csv,mnist784_pca32 (20c)|15|post_footprint_off,min_dist,2.5350599605304476,2.5350599605304476,1,1
t3_design_space/per_seed_metrics__confirm.csv,mnist784_pca32 (20c)|15|post_footprint_off,mean_acc,0.4772878201584211,0.4772878201584211,1,1
t3_design_space/per_seed_metrics__confirm.csv,mnist784_pca32 (20c)|15|post_footprint_off,worst_acc,0.4098950524737631,0.4098950524737631,1,1
t3_design_space/per_seed_metrics__confirm.csv,mnist784_pca32 (20c)|15|post_footprint_on,min_dist,1.7848152361918426,1.7848152361918426,1,1
t3_design_space/per_seed_metrics__confirm.csv,mnist784_pca32 (20c)|15|post_footprint_on,mean_acc,0.5257354168559065,0.5257354168559065,1,1
t3_design_space/per_seed_metrics__confirm.csv,mnist784_pca32 (20c)|15|post_footprint_on,worst_acc,0.4389805097451274,0.4389805097451274,1,1
t3_design_space/per_seed_metrics__confirm.csv,mnist784_pca32 (20c)|15|pre_none_off,min_dist,2.234443354636669,2.234443354636669,1,1
t3_design_space/per_seed_metrics__confirm.csv,mnist784_pca32 (20c)|15|pre_none_off,mean_acc,0.5035826827956658,0.5035826827956658,1,1
t3_design_space/per_seed_metrics__confirm.csv,mnist784_pca32 (20c)|15|pre_none_off,worst_acc,0.44815465729349735,0.44815465729349735,1,1
t3_design_space/per_seed_metrics__confirm.csv,mnist784_pca32 (20c)|15|pre_footprint_off,min_dist,2.2967724454007623,2.2967724454007623,1,1
t3_design_space/per_seed_metrics__confirm.csv,mnist784_pca32 (20c)|15|pre_footprint_off,mean_acc,0.5414557059526863,0.5414557059526863,1,1
t3_design_space/per_seed_metrics__confirm.csv,mnist784_pca32 (20c)|15|pre_footprint_off,worst_acc,0.45093715545755236,0.45093715545755236,1,1
t3_design_space/per_seed_metrics__confirm.csv,mnist784_pca32 (20c)|15|pre_mass_off,min_dist,2.311549156977119,2.311549156977119,1,1
t3_design_space/per_seed_metrics__confirm.csv,mnist784_pca32 (20c)|15|pre_mass_off,mean_acc,0.5308087829904404,0.5308087829904404,1,1
t3_design_space/per_seed_metrics__confirm.csv,mnist784_pca32 (20c)|15|pre_mass_off,worst_acc,0.4534178610804851,0.4534178610804851,1,1
t3_design_space/per_seed_metrics__confirm.csv,mnist784_pca32 (20c)|16|post_none_off,min_dist,1.9424441836183333,1.9424441836183333,1,1
t3_design_space/per_seed_metrics__confirm.csv,mnist784_pca32 (20c)|16|post_none_off,mean_acc,0.4110901219569471,0.4110901219569471,1,1
t3_design_space/per_seed_metrics__confirm.csv,mnist784_pca32 (20c)|16|post_none_off,worst_acc,0.3583208395802099,0.3583208395802099,1,1
t3_design_space/per_seed_metrics__confirm.csv,mnist784_pca32 (20c)|16|post_footprint_off,min_dist,2.4067360541580807,2.4067360541580807,1,1
t3_design_space/per_seed_metrics__confirm.csv,mnist784_pca32 (20c)|16|post_footprint_off,mean_acc,0.4913775376107862,0.4913775376107862,1,1
t3_design_space/per_seed_metrics__confirm.csv,mnist784_pca32 (20c)|16|post_footprint_off,worst_acc,0.44756883421206795,0.44756883421206795,1,1
t3_design_space/per_seed_metrics__confirm.csv,mnist784_pca32 (20c)|16|post_footprint_on,min_dist,1.7460451119660603,1.7460451119660603,1,1
t3_design_space/per_seed_metrics__confirm.csv,mnist784_pca32 (20c)|16|post_footprint_on,mean_acc,0.4971441144536774,0.4971441144536774,1,1
t3_design_space/per_seed_metrics__confirm.csv,mnist784_pca32 (20c)|16|post_footprint_on,worst_acc,0.41429384965831434,0.41429384965831434,1,1
t3_design_space/per_seed_metrics__confirm.csv,mnist784_pca32 (20c)|16|pre_none_off,min_dist,2.276811735523847,2.276811735523847,1,1
t3_design_space/per_seed_metrics__confirm.csv,mnist784_pca32 (20c)|16|pre_none_off,mean_acc,0.37739342955362337,0.37739342955362337,1,1
t3_design_space/per_seed_metrics__confirm.csv,mnist784_pca32 (20c)|16|pre_none_off,worst_acc,0.3230240549828179,0.3230240549828179,1,1
t3_design_space/per_seed_metrics__confirm.csv,mnist784_pca32 (20c)|16|pre_footprint_off,min_dist,2.8660575171860567,2.8660575171860567,1,1
t3_design_space/per_seed_metrics__confirm.csv,mnist784_pca32 (20c)|16|pre_footprint_off,mean_acc,0.5506142959602462,0.5506142959602462,1,1
t3_design_space/per_seed_metrics__confirm.csv,mnist784_pca32 (20c)|16|pre_footprint_off,worst_acc,0.45691382765531063,0.45691382765531063,1,1
t3_design_space/per_seed_metrics__confirm.csv,mnist784_pca32 (20c)|16|pre_mass_off,min_dist,2.4914476456951813,2.4914476456951813,1,1
t3_design_space/per_seed_metrics__confirm.csv,mnist784_pca32 (20c)|16|pre_mass_off,mean_acc,0.5204774958602044,0.5204774958602044,1,1
t3_design_space/per_seed_metrics__confirm.csv,mnist784_pca32 (20c)|16|pre_mass_off,worst_acc,0.4140929535232384,0.4140929535232384,1,1
t3_design_space/per_seed_metrics__confirm.csv,mnist784_pca32 (20c)|17|post_none_off,min_dist,2.0409874173296383,2.0409874173296383,1,1
t3_design_space/per_seed_metrics__confirm.csv,mnist784_pca32 (20c)|17|post_none_off,mean_acc,0.37460429092884967,0.37460429092884967,1,1
t3_design_space/per_seed_metrics__confirm.csv,mnist784_pca32 (20c)|17|post_none_off,worst_acc,0.27569424563412537,0.27569424563412537,1,1
t3_design_space/per_seed_metrics__confirm.csv,mnist784_pca32 (20c)|17|post_footprint_off,min_dist,2.6129656390228435,2.6129656390228435,1,1
t3_design_space/per_seed_metrics__confirm.csv,mnist784_pca32 (20c)|17|post_footprint_off,mean_acc,0.5258543075711778,0.5258543075711778,1,1
t3_design_space/per_seed_metrics__confirm.csv,mnist784_pca32 (20c)|17|post_footprint_off,worst_acc,0.43455497382198954,0.43455497382198954,1,1
t3_design_space/per_seed_metrics__confirm.csv,mnist784_pca32 (20c)|17|post_footprint_on,min_dist,2.19032022579766,2.19032022579766,1,1
t3_design_space/per_seed_metrics__confirm.csv,mnist784_pca32 (20c)|17|post_footprint_on,mean_acc,0.49415580196118897,0.49415580196118897,1,1
t3_design_space/per_seed_metrics__confirm.csv,mnist784_pca32 (20c)|17|post_footprint_on,worst_acc,0.35112443778110947,0.35112443778110947,1,1
t3_design_space/per_seed_metrics__confirm.csv,mnist784_pca32 (20c)|17|pre_none_off,min_dist,2.3925169582259076,2.3925169582259076,1,1
t3_design_space/per_seed_metrics__confirm.csv,mnist784_pca32 (20c)|17|pre_none_off,mean_acc,0.4663649908669119,0.4663649908669119,1,1
t3_design_space/per_seed_metrics__confirm.csv,mnist784_pca32 (20c)|17|pre_none_off,worst_acc,0.39010494752623687,0.39010494752623687,1,1
t3_design_space/per_seed_metrics__confirm.csv,mnist784_pca32 (20c)|17|pre_footprint_off,min_dist,3.0267455302067887,3.0267455302067887,1,1
t3_design_space/per_seed_metrics__confirm.csv,mnist784_pca32 (20c)|17|pre_footprint_off,mean_acc,0.5490547630957431,0.5490547630957431,1,1
t3_design_space/per_seed_metrics__confirm.csv,mnist784_pca32 (20c)|17|pre_footprint_off,worst_acc,0.4884053821929573,0.4884053821929573,1,1
t3_design_space/per_seed_metrics__confirm.csv,mnist784_pca32 (20c)|17|pre_mass_off,min_dist,2.9247457750102623,2.9247457750102623,1,1
t3_design_space/per_seed_metrics__confirm.csv,mnist784_pca32 (20c)|17|pre_mass_off,mean_acc,0.5388684544554989,0.5388684544554989,1,1
t3_design_space/per_seed_metrics__confirm.csv,mnist784_pca32 (20c)|17|pre_mass_off,worst_acc,0.4677927283137704,0.4677927283137704,1,1
t3_design_space/per_seed_metrics__confirm.csv,mnist784_pca32 (20c)|18|post_none_off,min_dist,2.0574447840287027,2.0574447840287027,1,1
t3_design_space/per_seed_metrics__confirm.csv,mnist784_pca32 (20c)|18|post_none_off,mean_acc,0.41258088173605695,0.41258088173605695,1,1
t3_design_space/per_seed_metrics__confirm.csv,mnist784_pca32 (20c)|18|post_none_off,worst_acc,0.3441846700207162,0.3441846700207162,1,1
t3_design_space/per_seed_metrics__confirm.csv,mnist784_pca32 (20c)|18|post_footprint_off,min_dist,2.500394892103074,2.500394892103074,1,1
t3_design_space/per_seed_metrics__confirm.csv,mnist784_pca32 (20c)|18|post_footprint_off,mean_acc,0.452491173910044,0.452491173910044,1,1
t3_design_space/per_seed_metrics__confirm.csv,mnist784_pca32 (20c)|18|post_footprint_off,worst_acc,0.39029768467475195,0.39029768467475195,1,1
t3_design_space/per_seed_metrics__confirm.csv,mnist784_pca32 (20c)|18|post_footprint_on,min_dist,1.7256306366181857,1.7256306366181857,1,1
t3_design_space/per_seed_metrics__confirm.csv,mnist784_pca32 (20c)|18|post_footprint_on,mean_acc,0.491507697238273,0.491507697238273,1,1
t3_design_space/per_seed_metrics__confirm.csv,mnist784_pca32 (20c)|18|post_footprint_on,worst_acc,0.3761467889908257,0.3761467889908257,1,1
t3_design_space/per_seed_metrics__confirm.csv,mnist784_pca32 (20c)|18|pre_none_off,min_dist,2.0908717385462112,2.0908717385462112,1,1
t3_design_space/per_seed_metrics__confirm.csv,mnist784_pca32 (20c)|18|pre_none_off,mean_acc,0.5044172913322157,0.5044172913322157,1,1
t3_design_space/per_seed_metrics__confirm.csv,mnist784_pca32 (20c)|18|pre_none_off,worst_acc,0.4271149076880683,0.4271149076880683,1,1
t3_design_space/per_seed_metrics__confirm.csv,mnist784_pca32 (20c)|18|pre_footprint_off,min_dist,2.202665354561547,2.202665354561547,1,1
t3_design_space/per_seed_metrics__confirm.csv,mnist784_pca32 (20c)|18|pre_footprint_off,mean_acc,0.4973609483615286,0.4973609483615286,1,1
t3_design_space/per_seed_metrics__confirm.csv,mnist784_pca32 (20c)|18|pre_footprint_off,worst_acc,0.4210679048171793,0.4210679048171793,1,1
t3_design_space/per_seed_metrics__confirm.csv,mnist784_pca32 (20c)|18|pre_mass_off,min_dist,2.1821562507912553,2.1821562507912553,1,1
t3_design_space/per_seed_metrics__confirm.csv,mnist784_pca32 (20c)|18|pre_mass_off,mean_acc,0.47347200233887526,0.47347200233887526,1,1
t3_design_space/per_seed_metrics__confirm.csv,mnist784_pca32 (20c)|18|pre_mass_off,worst_acc,0.4089280793607054,0.4089280793607054,1,1
t3_design_space/per_seed_metrics__confirm.csv,mnist784_pca32 (20c)|19|post_none_off,min_dist,2.1966999906246607,2.1966999906246607,1,1
t3_design_space/per_seed_metrics__confirm.csv,mnist784_pca32 (20c)|19|post_none_off,mean_acc,0.3859691898269279,0.3859691898269279,1,1
t3_design_space/per_seed_metrics__confirm.csv,mnist784_pca32 (20c)|19|post_none_off,worst_acc,0.3334300638421358,0.3334300638421358,1,1
t3_design_space/per_seed_metrics__confirm.csv,mnist784_pca32 (20c)|19|post_footprint_off,min_dist,2.5749560355665873,2.5749560355665873,1,1
t3_design_space/per_seed_metrics__confirm.csv,mnist784_pca32 (20c)|19|post_footprint_off,mean_acc,0.5222085693786136,0.5222085693786136,1,1
t3_design_space/per_seed_metrics__confirm.csv,mnist784_pca32 (20c)|19|post_footprint_off,worst_acc,0.43748125937031485,0.43748125937031485,1,1
t3_design_space/per_seed_metrics__confirm.csv,mnist784_pca32 (20c)|19|post_footprint_on,min_dist,2.286998553024504,2.286998553024504,1,1
t3_design_space/per_seed_metrics__confirm.csv,mnist784_pca32 (20c)|19|post_footprint_on,mean_acc,0.48616463809671184,0.48616463809671184,1,1
t3_design_space/per_seed_metrics__confirm.csv,mnist784_pca32 (20c)|19|post_footprint_on,worst_acc,0.3826086956521739,0.3826086956521739,1,1
t3_design_space/per_seed_metrics__confirm.csv,mnist784_pca32 (20c)|19|pre_none_off,min_dist,2.4738619029874314,2.4738619029874314,1,1
t3_design_space/per_seed_metrics__confirm.csv,mnist784_pca32 (20c)|19|pre_none_off,mean_acc,0.4605391170867697,0.4605391170867697,1,1
t3_design_space/per_seed_metrics__confirm.csv,mnist784_pca32 (20c)|19|pre_none_off,worst_acc,0.3636881047239613,0.3636881047239613,1,1
t3_design_space/per_seed_metrics__confirm.csv,mnist784_pca32 (20c)|19|pre_footprint_off,min_dist,2.915662829241202,2.915662829241202,1,1
t3_design_space/per_seed_metrics__confirm.csv,mnist784_pca32 (20c)|19|pre_footprint_off,mean_acc,0.5481441828287454,0.5481441828287454,1,1
t3_design_space/per_seed_metrics__confirm.csv,mnist784_pca32 (20c)|19|pre_footprint_off,worst_acc,0.4596701649175412,0.4596701649175412,1,1
t3_design_space/per_seed_metrics__confirm.csv,mnist784_pca32 (20c)|19|pre_mass_off,min_dist,2.7777572472244163,2.7777572472244163,1,1
t3_design_space/per_seed_metrics__confirm.csv,mnist784_pca32 (20c)|19|pre_mass_off,mean_acc,0.5279359011611373,0.5279359011611373,1,1
t3_design_space/per_seed_metrics__confirm.csv,mnist784_pca32 (20c)|19|pre_mass_off,worst_acc,0.3979010494752624,0.3979010494752624,1,1
t3_design_space/per_seed_metrics__confirm.csv,mnist784_pca32 (50c)|10|post_none_off,min_dist,2.083144604079092,2.083144604079092,1,1
t3_design_space/per_seed_metrics__confirm.csv,mnist784_pca32 (50c)|10|post_none_off,mean_acc,0.3876232316293374,0.3876232316293374,1,1
t3_design_space/per_seed_metrics__confirm.csv,mnist784_pca32 (50c)|10|post_none_off,worst_acc,0.3108695652173913,0.3108695652173913,1,1
t3_design_space/per_seed_metrics__confirm.csv,mnist784_pca32 (50c)|10|post_footprint_off,min_dist,2.322148492155444,2.322148492155444,1,1
t3_design_space/per_seed_metrics__confirm.csv,mnist784_pca32 (50c)|10|post_footprint_off,mean_acc,0.5093421241633762,0.5093421241633762,1,1
t3_design_space/per_seed_metrics__confirm.csv,mnist784_pca32 (50c)|10|post_footprint_off,worst_acc,0.43808160343593416,0.43808160343593416,1,1
t3_design_space/per_seed_metrics__confirm.csv,mnist784_pca32 (50c)|10|post_footprint_on,min_dist,1.9632314102066248,1.9632314102066248,1,1
t3_design_space/per_seed_metrics__confirm.csv,mnist784_pca32 (50c)|10|post_footprint_on,mean_acc,0.48734906494434665,0.48734906494434665,1,1
t3_design_space/per_seed_metrics__confirm.csv,mnist784_pca32 (50c)|10|post_footprint_on,worst_acc,0.3836793128131711,0.3836793128131711,1,1
t3_design_space/per_seed_metrics__confirm.csv,mnist784_pca32 (50c)|10|pre_none_off,min_dist,2.3020511937151853,2.3020511937151853,1,1
t3_design_space/per_seed_metrics__confirm.csv,mnist784_pca32 (50c)|10|pre_none_off,mean_acc,0.4430115414678874,0.4430115414678874,1,1
t3_design_space/per_seed_metrics__confirm.csv,mnist784_pca32 (50c)|10|pre_none_off,worst_acc,0.3710144927536232,0.3710144927536232,1,1
t3_design_space/per_seed_metrics__confirm.csv,mnist784_pca32 (50c)|10|pre_footprint_off,min_dist,2.525975446222339,2.525975446222339,1,1
t3_design_space/per_seed_metrics__confirm.csv,mnist784_pca32 (50c)|10|pre_footprint_off,mean_acc,0.5740464372988072,0.5740464372988072,1,1
t3_design_space/per_seed_metrics__confirm.csv,mnist784_pca32 (50c)|10|pre_footprint_off,worst_acc,0.48035837353549277,0.48035837353549277,1,1
t3_design_space/per_seed_metrics__confirm.csv,mnist784_pca32 (50c)|10|pre_mass_off,min_dist,2.347938619717119,2.347938619717119,1,1
t3_design_space/per_seed_metrics__confirm.csv,mnist784_pca32 (50c)|10|pre_mass_off,mean_acc,0.5628483566134824,0.5628483566134824,1,1
t3_design_space/per_seed_metrics__confirm.csv,mnist784_pca32 (50c)|10|pre_mass_off,worst_acc,0.47966919365954513,0.47966919365954513,1,1
t3_design_space/per_seed_metrics__confirm.csv,mnist784_pca32 (50c)|11|post_none_off,min_dist,2.126714483387303,2.126714483387303,1,1
t3_design_space/per_seed_metrics__confirm.csv,mnist784_pca32 (50c)|11|post_none_off,mean_acc,0.43797358865714453,0.43797358865714453,1,1
t3_design_space/per_seed_metrics__confirm.csv,mnist784_pca32 (50c)|11|post_none_off,worst_acc,0.349194729136164,0.349194729136164,1,1
t3_design_space/per_seed_metrics__confirm.csv,mnist784_pca32 (50c)|11|post_footprint_off,min_dist,2.54665406402159,2.54665406402159,1,1
t3_design_space/per_seed_metrics__confirm.csv,mnist784_pca32 (50c)|11|post_footprint_off,mean_acc,0.5161689090730324,0.5161689090730324,1,1
t3_design_space/per_seed_metrics__confirm.csv,mnist784_pca32 (50c)|11|post_footprint_off,worst_acc,0.4362818590704648,0.4362818590704648,1,1
t3_design_space/per_seed_metrics__confirm.csv,mnist784_pca32 (50c)|11|post_footprint_on,min_dist,1.9904374956107187,1.9904374956107187,1,1
t3_design_space/per_seed_metrics__confirm.csv,mnist784_pca32 (50c)|11|post_footprint_on,mean_acc,0.5036686714779344,0.5036686714779344,1,1
t3_design_space/per_seed_metrics__confirm.csv,mnist784_pca32 (50c)|11|post_footprint_on,worst_acc,0.40483162518301613,0.40483162518301613,1,1
t3_design_space/per_seed_metrics__confirm.csv,mnist784_pca32 (50c)|11|pre_none_off,min_dist,2.4564634902268203,2.4564634902268203,1,1
t3_design_space/per_seed_metrics__confirm.csv,mnist784_pca32 (50c)|11|pre_none_off,mean_acc,0.4622383321265138,0.4622383321265138,1,1
t3_design_space/per_seed_metrics__confirm.csv,mnist784_pca32 (50c)|11|pre_none_off,worst_acc,0.38456237077877325,0.38456237077877325,1,1
t3_design_space/per_seed_metrics__confirm.csv,mnist784_pca32 (50c)|11|pre_footprint_off,min_dist,2.9014718287007035,2.9014718287007035,1,1
t3_design_space/per_seed_metrics__confirm.csv,mnist784_pca32 (50c)|11|pre_footprint_off,mean_acc,0.5508350883295006,0.5508350883295006,1,1
t3_design_space/per_seed_metrics__confirm.csv,mnist784_pca32 (50c)|11|pre_footprint_off,worst_acc,0.4423765211166786,0.4423765211166786,1,1
t3_design_space/per_seed_metrics__confirm.csv,mnist784_pca32 (50c)|11|pre_mass_off,min_dist,2.729533399987545,2.729533399987545,1,1
t3_design_space/per_seed_metrics__confirm.csv,mnist784_pca32 (50c)|11|pre_mass_off,mean_acc,0.5362818211440361,0.5362818211440361,1,1
t3_design_space/per_seed_metrics__confirm.csv,mnist784_pca32 (50c)|11|pre_mass_off,worst_acc,0.44022906227630637,0.44022906227630637,1,1
t3_design_space/per_seed_metrics__confirm.csv,mnist784_pca32 (50c)|12|post_none_off,min_dist,2.188496196003983,2.188496196003983,1,1
t3_design_space/per_seed_metrics__confirm.csv,mnist784_pca32 (50c)|12|post_none_off,mean_acc,0.3904272424435439,0.3904272424435439,1,1
t3_design_space/per_seed_metrics__confirm.csv,mnist784_pca32 (50c)|12|post_none_off,worst_acc,0.2870436649964209,0.2870436649964209,1,1
t3_design_space/per_seed_metrics__confirm.csv,mnist784_pca32 (50c)|12|post_footprint_off,min_dist,2.6158432153232725,2.6158432153232725,1,1
t3_design_space/per_seed_metrics__confirm.csv,mnist784_pca32 (50c)|12|post_footprint_off,mean_acc,0.47870062402831354,0.47870062402831354,1,1
t3_design_space/per_seed_metrics__confirm.csv,mnist784_pca32 (50c)|12|post_footprint_off,worst_acc,0.4032983508245877,0.4032983508245877,1,1
t3_design_space/per_seed_metrics__confirm.csv,mnist784_pca32 (50c)|12|post_footprint_on,min_dist,2.243024098080732,2.243024098080732,1,1
t3_design_space/per_seed_metrics__confirm.csv,mnist784_pca32 (50c)|12|post_footprint_on,mean_acc,0.5147582972801613,0.5147582972801613,1,1
t3_design_space/per_seed_metrics__confirm.csv,mnist784_pca32 (50c)|12|post_footprint_on,worst_acc,0.3853073463268366,0.3853073463268366,1,1
t3_design_space/per_seed_metrics__confirm.csv,mnist784_pca32 (50c)|12|pre_none_off,min_dist,2.364863841310874,2.364863841310874,1,1
t3_design_space/per_seed_metrics__confirm.csv,mnist784_pca32 (50c)|12|pre_none_off,mean_acc,0.4384704357749054,0.4384704357749054,1,1
t3_design_space/per_seed_metrics__confirm.csv,mnist784_pca32 (50c)|12|pre_none_off,worst_acc,0.3214030064423765,0.3214030064423765,1,1
t3_design_space/per_seed_metrics__confirm.csv,mnist784_pca32 (50c)|12|pre_footprint_off,min_dist,2.9465755884200036,2.9465755884200036,1,1
t3_design_space/per_seed_metrics__confirm.csv,mnist784_pca32 (50c)|12|pre_footprint_off,mean_acc,0.5949902641692806,0.5949902641692806,1,1
t3_design_space/per_seed_metrics__confirm.csv,mnist784_pca32 (50c)|12|pre_footprint_off,worst_acc,0.5084125822970007,0.5084125822970007,1,1
t3_design_space/per_seed_metrics__confirm.csv,mnist784_pca32 (50c)|12|pre_mass_off,min_dist,2.892243068563494,2.892243068563494,1,1
t3_design_space/per_seed_metrics__confirm.csv,mnist784_pca32 (50c)|12|pre_mass_off,mean_acc,0.5797787680101734,0.5797787680101734,1,1
t3_design_space/per_seed_metrics__confirm.csv,mnist784_pca32 (50c)|12|pre_mass_off,worst_acc,0.492603550295858,0.492603550295858,1,1
t3_design_space/per_seed_metrics__confirm.csv,mnist784_pca32 (50c)|13|post_none_off,min_dist,1.9647970619459136,1.9647970619459136,1,1
t3_design_space/per_seed_metrics__confirm.csv,mnist784_pca32 (50c)|13|post_none_off,mean_acc,0.41004023093323655,0.41004023093323655,1,1
t3_design_space/per_seed_metrics__confirm.csv,mnist784_pca32 (50c)|13|post_none_off,worst_acc,0.3453183520599251,0.3453183520599251,1,1
t3_design_space/per_seed_metrics__confirm.csv,mnist784_pca32 (50c)|13|post_footprint_off,min_dist,2.5703154994660666,2.5703154994660666,1,1
t3_design_space/per_seed_metrics__confirm.csv,mnist784_pca32 (50c)|13|post_footprint_off,mean_acc,0.5024318463068833,0.5024318463068833,1,1
t3_design_space/per_seed_metrics__confirm.csv,mnist784_pca32 (50c)|13|post_footprint_off,worst_acc,0.44377811094452774,0.44377811094452774,1,1
t3_design_space/per_seed_metrics__confirm.csv,mnist784_pca32 (50c)|13|post_footprint_on,min_dist,2.3463155993157736,2.3463155993157736,1,1
t3_design_space/per_seed_metrics__confirm.csv,mnist784_pca32 (50c)|13|post_footprint_on,mean_acc,0.5114072673100758,0.5114072673100758,1,1
t3_design_space/per_seed_metrics__confirm.csv,mnist784_pca32 (50c)|13|post_footprint_on,worst_acc,0.40074906367041196,0.40074906367041196,1,1
t3_design_space/per_seed_metrics__confirm.csv,mnist784_pca32 (50c)|13|pre_none_off,min_dist,2.244565727142433,2.244565727142433,1,1
t3_design_space/per_seed_metrics__confirm.csv,mnist784_pca32 (50c)|13|pre_none_off,mean_acc,0.481236946536895,0.481236946536895,1,1
t3_design_space/per_seed_metrics__confirm.csv,mnist784_pca32 (50c)|13|pre_none_off,worst_acc,0.39490006891798757,0.39490006891798757,1,1
t3_design_space/per_seed_metrics__confirm.csv,mnist784_pca32 (50c)|13|pre_footprint_off,min_dist,2.782294888868347,2.782294888868347,1,1
t3_design_space/per_seed_metrics__confirm.csv,mnist784_pca32 (50c)|13|pre_footprint_off,mean_acc,0.5802079121782506,0.5802079121782506,1,1
t3_design_space/per_seed_metrics__confirm.csv,mnist784_pca32 (50c)|13|pre_footprint_off,worst_acc,0.47280638143582304,0.47280638143582304,1,1
t3_design_space/per_seed_metrics__confirm.csv,mnist784_pca32 (50c)|13|pre_mass_off,min_dist,2.8165946639856516,2.8165946639856516,1,1
t3_design_space/per_seed_metrics__confirm.csv,mnist784_pca32 (50c)|13|pre_mass_off,mean_acc,0.5919047586883036,0.5919047586883036,1,1
t3_design_space/per_seed_metrics__confirm.csv,mnist784_pca32 (50c)|13|pre_mass_off,worst_acc,0.4688405797101449,0.4688405797101449,1,1
t3_design_space/per_seed_metrics__confirm.csv,mnist784_pca32 (50c)|14|post_none_off,min_dist,2.0297497958302624,2.0297497958302624,1,1
t3_design_space/per_seed_metrics__confirm.csv,mnist784_pca32 (50c)|14|post_none_off,mean_acc,0.43735095633230925,0.43735095633230925,1,1
t3_design_space/per_seed_metrics__confirm.csv,mnist784_pca32 (50c)|14|post_none_off,worst_acc,0.34763313609467456,0.34763313609467456,1,1
t3_design_space/per_seed_metrics__confirm.csv,mnist784_pca32 (50c)|14|post_footprint_off,min_dist,2.624260955169777,2.624260955169777,1,1
t3_design_space/per_seed_metrics__confirm.csv,mnist784_pca32 (50c)|14|post_footprint_off,mean_acc,0.5205634198573856,0.5205634198573856,1,1
t3_design_space/per_seed_metrics__confirm.csv,mnist784_pca32 (50c)|14|post_footprint_off,worst_acc,0.4293590627153687,0.4293590627153687,1,1
t3_design_space/per_seed_metrics__confirm.csv,mnist784_pca32 (50c)|14|post_footprint_on,min_dist,2.2081404078089437,2.2081404078089437,1,1
t3_design_space/per_seed_metrics__confirm.csv,mnist784_pca32 (50c)|14|post_footprint_on,mean_acc,0.5026882805860373,0.5026882805860373,1,1
t3_design_space/per_seed_metrics__confirm.csv,mnist784_pca32 (50c)|14|post_footprint_on,worst_acc,0.42277580071174375,0.42277580071174375,1,1
t3_design_space/per_seed_metrics__confirm.csv,mnist784_pca32 (50c)|14|pre_none_off,min_dist,2.312463186344098,2.312463186344098,1,1
t3_design_space/per_seed_metrics__confirm.csv,mnist784_pca32 (50c)|14|pre_none_off,mean_acc,0.5090547320124759,0.5090547320124759,1,1
t3_design_space/per_seed_metrics__confirm.csv,mnist784_pca32 (50c)|14|pre_none_off,worst_acc,0.4527736131934033,0.4527736131934033,1,1
t3_design_space/per_seed_metrics__confirm.csv,mnist784_pca32 (50c)|14|pre_footprint_off,min_dist,2.5548301844852914,2.5548301844852914,1,1
t3_design_space/per_seed_metrics__confirm.csv,mnist784_pca32 (50c)|14|pre_footprint_off,mean_acc,0.5829696730638788,0.5829696730638788,1,1
t3_design_space/per_seed_metrics__confirm.csv,mnist784_pca32 (50c)|14|pre_footprint_off,worst_acc,0.5095307917888563,0.5095307917888563,1,1
t3_design_space/per_seed_metrics__confirm.csv,mnist784_pca32 (50c)|14|pre_mass_off,min_dist,2.53432639231948,2.53432639231948,1,1
t3_design_space/per_seed_metrics__confirm.csv,mnist784_pca32 (50c)|14|pre_mass_off,mean_acc,0.5754065467326845,0.5754065467326845,1,1
t3_design_space/per_seed_metrics__confirm.csv,mnist784_pca32 (50c)|14|pre_mass_off,worst_acc,0.5135531135531135,0.5135531135531135,1,1
t3_design_space/per_seed_metrics__confirm.csv,mnist784_pca32 (50c)|15|post_none_off,min_dist,2.1347573453471336,2.1347573453471336,1,1
t3_design_space/per_seed_metrics__confirm.csv,mnist784_pca32 (50c)|15|post_none_off,mean_acc,0.40023453367270756,0.40023453367270756,1,1
t3_design_space/per_seed_metrics__confirm.csv,mnist784_pca32 (50c)|15|post_none_off,worst_acc,0.33070866141732286,0.33070866141732286,1,1
t3_design_space/per_seed_metrics__confirm.csv,mnist784_pca32 (50c)|15|post_footprint_off,min_dist,2.3912370983803526,2.3912370983803526,1,1
t3_design_space/per_seed_metrics__confirm.csv,mnist784_pca32 (50c)|15|post_footprint_off,mean_acc,0.51047672618363,0.51047672618363,1,1
t3_design_space/per_seed_metrics__confirm.csv,mnist784_pca32 (50c)|15|post_footprint_off,worst_acc,0.41789940828402367,0.41789940828402367,1,1
t3_design_space/per_seed_metrics__confirm.csv,mnist784_pca32 (50c)|15|post_footprint_on,min_dist,2.0495659413720744,2.0495659413720744,1,1
t3_design_space/per_seed_metrics__confirm.csv,mnist784_pca32 (50c)|15|post_footprint_on,mean_acc,0.5033307146407647,0.5033307146407647,1,1
t3_design_space/per_seed_metrics__confirm.csv,mnist784_pca32 (50c)|15|post_footprint_on,worst_acc,0.3797752808988764,0.3797752808988764,1,1
t3_design_space/per_seed_metrics__confirm.csv,mnist784_pca32 (50c)|15|pre_none_off,min_dist,2.2842050037124313,2.2842050037124313,1,1
t3_design_space/per_seed_metrics__confirm.csv,mnist784_pca32 (50c)|15|pre_none_off,mean_acc,0.4933132966793535,0.4933132966793535,1,1
t3_design_space/per_seed_metrics__confirm.csv,mnist784_pca32 (50c)|15|pre_none_off,worst_acc,0.3937007874015748,0.3937007874015748,1,1
t3_design_space/per_seed_metrics__confirm.csv,mnist784_pca32 (50c)|15|pre_footprint_off,min_dist,2.316106569767664,2.316106569767664,1,1
t3_design_space/per_seed_metrics__confirm.csv,mnist784_pca32 (50c)|15|pre_footprint_off,mean_acc,0.5390928422697401,0.5390928422697401,1,1
t3_design_space/per_seed_metrics__confirm.csv,mnist784_pca32 (50c)|15|pre_footprint_off,worst_acc,0.363905325443787,0.363905325443787,1,1
t3_design_space/per_seed_metrics__confirm.csv,mnist784_pca32 (50c)|15|pre_mass_off,min_dist,2.6563524721359086,2.6563524721359086,1,1
t3_design_space/per_seed_metrics__confirm.csv,mnist784_pca32 (50c)|15|pre_mass_off,mean_acc,0.5499654635221772,0.5499654635221772,1,1
t3_design_space/per_seed_metrics__confirm.csv,mnist784_pca32 (50c)|15|pre_mass_off,worst_acc,0.36809815950920244,0.36809815950920244,1,1
t3_design_space/per_seed_metrics__confirm.csv,mnist784_pca32 (50c)|16|post_none_off,min_dist,2.03654058066332,2.03654058066332,1,1
t3_design_space/per_seed_metrics__confirm.csv,mnist784_pca32 (50c)|16|post_none_off,mean_acc,0.4136714249855134,0.4136714249855134,1,1
t3_design_space/per_seed_metrics__confirm.csv,mnist784_pca32 (50c)|16|post_none_off,worst_acc,0.3556168159889731,0.3556168159889731,1,1
t3_design_space/per_seed_metrics__confirm.csv,mnist784_pca32 (50c)|16|post_footprint_off,min_dist,2.4016579206914703,2.4016579206914703,1,1
t3_design_space/per_seed_metrics__confirm.csv,mnist784_pca32 (50c)|16|post_footprint_off,mean_acc,0.5709812376288717,0.5709812376288717,1,1
t3_design_space/per_seed_metrics__confirm.csv,mnist784_pca32 (50c)|16|post_footprint_off,worst_acc,0.46795313576843556,0.46795313576843556,1,1
t3_design_space/per_seed_metrics__confirm.csv,mnist784_pca32 (50c)|16|post_footprint_on,min_dist,1.9815432328520013,1.9815432328520013,1,1
t3_design_space/per_seed_metrics__confirm.csv,mnist784_pca32 (50c)|16|post_footprint_on,mean_acc,0.4745651083115991,0.4745651083115991,1,1
t3_design_space/per_seed_metrics__confirm.csv,mnist784_pca32 (50c)|16|post_footprint_on,worst_acc,0.37224199288256227,0.37224199288256227,1,1
t3_design_space/per_seed_metrics__confirm.csv,mnist784_pca32 (50c)|16|pre_none_off,min_dist,2.496663534039972,2.496663534039972,1,1
t3_design_space/per_seed_metrics__confirm.csv,mnist784_pca32 (50c)|16|pre_none_off,mean_acc,0.486422688781206,0.486422688781206,1,1
t3_design_space/per_seed_metrics__confirm.csv,mnist784_pca32 (50c)|16|pre_none_off,worst_acc,0.37222619899785253,0.37222619899785253,1,1
t3_design_space/per_seed_metrics__confirm.csv,mnist784_pca32 (50c)|16|pre_footprint_off,min_dist,2.6306165525300202,2.6306165525300202,1,1
t3_design_space/per_seed_metrics__confirm.csv,mnist784_pca32 (50c)|16|pre_footprint_off,mean_acc,0.5774682853344306,0.5774682853344306,1,1
t3_design_space/per_seed_metrics__confirm.csv,mnist784_pca32 (50c)|16|pre_footprint_off,worst_acc,0.473992673992674,0.473992673992674,1,1
t3_design_space/per_seed_metrics__confirm.csv,mnist784_pca32 (50c)|16|pre_mass_off,min_dist,2.4883678161543448,2.4883678161543448,1,1
t3_design_space/per_seed_metrics__confirm.csv,mnist784_pca32 (50c)|16|pre_mass_off,mean_acc,0.5749927889050679,0.5749927889050679,1,1
t3_design_space/per_seed_metrics__confirm.csv,mnist784_pca32 (50c)|16|pre_mass_off,worst_acc,0.41513292433537835,0.41513292433537835,1,1
t3_design_space/per_seed_metrics__confirm.csv,mnist784_pca32 (50c)|17|post_none_off,min_dist,2.176640406586496,2.176640406586496,1,1
t3_design_space/per_seed_metrics__confirm.csv,mnist784_pca32 (50c)|17|post_none_off,mean_acc,0.41821600114298674,0.41821600114298674,1,1
t3_design_space/per_seed_metrics__confirm.csv,mnist784_pca32 (50c)|17|post_none_off,worst_acc,0.33214030064423766,0.33214030064423766,1,1
t3_design_space/per_seed_metrics__confirm.csv,mnist784_pca32 (50c)|17|post_footprint_off,min_dist,2.4530708761826427,2.4530708761826427,1,1
t3_design_space/per_seed_metrics__confirm.csv,mnist784_pca32 (50c)|17|post_footprint_off,mean_acc,0.5102492063748243,0.5102492063748243,1,1
t3_design_space/per_seed_metrics__confirm.csv,mnist784_pca32 (50c)|17|post_footprint_off,worst_acc,0.404047976011994,0.404047976011994,1,1
t3_design_space/per_seed_metrics__confirm.csv,mnist784_pca32 (50c)|17|post_footprint_on,min_dist,1.9488189576327888,1.9488189576327888,1,1
t3_design_space/per_seed_metrics__confirm.csv,mnist784_pca32 (50c)|17|post_footprint_on,mean_acc,0.49947527890370935,0.49947527890370935,1,1
t3_design_space/per_seed_metrics__confirm.csv,mnist784_pca32 (50c)|17|post_footprint_on,worst_acc,0.40014792899408286,0.40014792899408286,1,1
t3_design_space/per_seed_metrics__confirm.csv,mnist784_pca32 (50c)|17|pre_none_off,min_dist,2.4809149083246216,2.4809149083246216,1,1
t3_design_space/per_seed_metrics__confirm.csv,mnist784_pca32 (50c)|17|pre_none_off,mean_acc,0.48169484036101323,0.48169484036101323,1,1
t3_design_space/per_seed_metrics__confirm.csv,mnist784_pca32 (50c)|17|pre_none_off,worst_acc,0.4169538249483115,0.4169538249483115,1,1
t3_design_space/per_seed_metrics__confirm.csv,mnist784_pca32 (50c)|17|pre_footprint_off,min_dist,2.426696033046821,2.426696033046821,1,1
t3_design_space/per_seed_metrics__confirm.csv,mnist784_pca32 (50c)|17|pre_footprint_off,mean_acc,0.5701864286842215,0.5701864286842215,1,1
t3_design_space/per_seed_metrics__confirm.csv,mnist784_pca32 (50c)|17|pre_footprint_off,worst_acc,0.5024121295658167,0.5024121295658167,1,1
t3_design_space/per_seed_metrics__confirm.csv,mnist784_pca32 (50c)|17|pre_mass_off,min_dist,2.4577527594416204,2.4577527594416204,1,1
t3_design_space/per_seed_metrics__confirm.csv,mnist784_pca32 (50c)|17|pre_mass_off,mean_acc,0.5528940985404728,0.5528940985404728,1,1
t3_design_space/per_seed_metrics__confirm.csv,mnist784_pca32 (50c)|17|pre_mass_off,worst_acc,0.5003445899379738,0.5003445899379738,1,1
t3_design_space/per_seed_metrics__confirm.csv,mnist784_pca32 (50c)|18|post_none_off,min_dist,2.1406455550216172,2.1406455550216172,1,1
t3_design_space/per_seed_metrics__confirm.csv,mnist784_pca32 (50c)|18|post_none_off,mean_acc,0.4215859929452752,0.4215859929452752,1,1
t3_design_space/per_seed_metrics__confirm.csv,mnist784_pca32 (50c)|18|post_none_off,worst_acc,0.33505917159763315,0.33505917159763315,1,1
t3_design_space/per_seed_metrics__confirm.csv,mnist784_pca32 (50c)|18|post_footprint_off,min_dist,2.4939032035782116,2.4939032035782116,1,1
t3_design_space/per_seed_metrics__confirm.csv,mnist784_pca32 (50c)|18|post_footprint_off,mean_acc,0.46820960012327284,0.46820960012327284,1,1
t3_design_space/per_seed_metrics__confirm.csv,mnist784_pca32 (50c)|18|post_footprint_off,worst_acc,0.4085576259489303,0.4085576259489303,1,1
t3_design_space/per_seed_metrics__confirm.csv,mnist784_pca32 (50c)|18|post_footprint_on,min_dist,1.6003577684133574,1.6003577684133574,1,1
t3_design_space/per_seed_metrics__confirm.csv,mnist784_pca32 (50c)|18|post_footprint_on,mean_acc,0.4940072942005622,0.4940072942005622,1,1
t3_design_space/per_seed_metrics__confirm.csv,mnist784_pca32 (50c)|18|post_footprint_on,worst_acc,0.3594306049822064,0.3594306049822064,1,1
t3_design_space/per_seed_metrics__confirm.csv,mnist784_pca32 (50c)|18|pre_none_off,min_dist,2.2566176233163824,2.2566176233163824,1,1
t3_design_space/per_seed_metrics__confirm.csv,mnist784_pca32 (50c)|18|pre_none_off,mean_acc,0.4810216405995789,0.4810216405995789,1,1
t3_design_space/per_seed_metrics__confirm.csv,mnist784_pca32 (50c)|18|pre_none_off,worst_acc,0.3873190902825637,0.3873190902825637,1,1
t3_design_space/per_seed_metrics__confirm.csv,mnist784_pca32 (50c)|18|pre_footprint_off,min_dist,2.4923725287168605,2.4923725287168605,1,1
t3_design_space/per_seed_metrics__confirm.csv,mnist784_pca32 (50c)|18|pre_footprint_off,mean_acc,0.5778370582589117,0.5778370582589117,1,1
t3_design_space/per_seed_metrics__confirm.csv,mnist784_pca32 (50c)|18|pre_footprint_off,worst_acc,0.4879120879120879,0.4879120879120879,1,1
t3_design_space/per_seed_metrics__confirm.csv,mnist784_pca32 (50c)|18|pre_mass_off,min_dist,2.3842333617388713,2.3842333617388713,1,1
t3_design_space/per_seed_metrics__confirm.csv,mnist784_pca32 (50c)|18|pre_mass_off,mean_acc,0.5618317356370548,0.5618317356370548,1,1
t3_design_space/per_seed_metrics__confirm.csv,mnist784_pca32 (50c)|18|pre_mass_off,worst_acc,0.48031496062992124,0.48031496062992124,1,1
t3_design_space/per_seed_metrics__confirm.csv,mnist784_pca32 (50c)|19|post_none_off,min_dist,2.064038422875277,2.064038422875277,1,1
t3_design_space/per_seed_metrics__confirm.csv,mnist784_pca32 (50c)|19|post_none_off,mean_acc,0.3944918464884616,0.3944918464884616,1,1
t3_design_space/per_seed_metrics__confirm.csv,mnist784_pca32 (50c)|19|post_none_off,worst_acc,0.3039940828402367,0.3039940828402367,1,1
t3_design_space/per_seed_metrics__confirm.csv,mnist784_pca32 (50c)|19|post_footprint_off,min_dist,2.5198076283965936,2.5198076283965936,1,1
t3_design_space/per_seed_metrics__confirm.csv,mnist784_pca32 (50c)|19|post_footprint_off,mean_acc,0.48381560438387966,0.48381560438387966,1,1
t3_design_space/per_seed_metrics__confirm.csv,mnist784_pca32 (50c)|19|post_footprint_off,worst_acc,0.4073013600572656,0.4073013600572656,1,1
t3_design_space/per_seed_metrics__confirm.csv,mnist784_pca32 (50c)|19|post_footprint_on,min_dist,2.357778450816635,2.357778450816635,1,1
t3_design_space/per_seed_metrics__confirm.csv,mnist784_pca32 (50c)|19|post_footprint_on,mean_acc,0.4885041150623628,0.4885041150623628,1,1
t3_design_space/per_seed_metrics__confirm.csv,mnist784_pca32 (50c)|19|post_footprint_on,worst_acc,0.3620689655172414,0.3620689655172414,1,1
t3_design_space/per_seed_metrics__confirm.csv,mnist784_pca32 (50c)|19|pre_none_off,min_dist,2.1886189925022097,2.1886189925022097,1,1
t3_design_space/per_seed_metrics__confirm.csv,mnist784_pca32 (50c)|19|pre_none_off,mean_acc,0.5170732319806176,0.5170732319806176,1,1
t3_design_space/per_seed_metrics__confirm.csv,mnist784_pca32 (50c)|19|pre_none_off,worst_acc,0.4489644970414201,0.4489644970414201,1,1
t3_design_space/per_seed_metrics__confirm.csv,mnist784_pca32 (50c)|19|pre_footprint_off,min_dist,2.7424573220753317,2.7424573220753317,1,1
t3_design_space/per_seed_metrics__confirm.csv,mnist784_pca32 (50c)|19|pre_footprint_off,mean_acc,0.5621179185762187,0.5621179185762187,1,1
t3_design_space/per_seed_metrics__confirm.csv,mnist784_pca32 (50c)|19|pre_footprint_off,worst_acc,0.43083275980729524,0.43083275980729524,1,1
t3_design_space/per_seed_metrics__confirm.csv,mnist784_pca32 (50c)|19|pre_mass_off,min_dist,2.7758274607264983,2.7758274607264983,1,1
t3_design_space/per_seed_metrics__confirm.csv,mnist784_pca32 (50c)|19|pre_mass_off,mean_acc,0.5305362475158549,0.5305362475158549,1,1
t3_design_space/per_seed_metrics__confirm.csv,mnist784_pca32 (50c)|19|pre_mass_off,worst_acc,0.44710144927536233,0.44710144927536233,1,1
"t3_design_space/per_seed_metrics__T9_noES_confirm.csv [prior noES, new early-stop: acc only, advisory]",cluster_skew_hard|10|post_footprint_on,mean_acc,1.0,1.0,1,0
"t3_design_space/per_seed_metrics__T9_noES_confirm.csv [prior noES, new early-stop: acc only, advisory]",cluster_skew_hard|10|post_footprint_on,worst_acc,1.0,1.0,1,0
"t3_design_space/per_seed_metrics__T9_noES_confirm.csv [prior noES, new early-stop: acc only, advisory]",cluster_skew_hard|10|pre_footprint_on,mean_acc,0.8250000000000001,0.8250000000000001,1,0
"t3_design_space/per_seed_metrics__T9_noES_confirm.csv [prior noES, new early-stop: acc only, advisory]",cluster_skew_hard|10|pre_footprint_on,worst_acc,0.5227272727272727,0.5227272727272727,1,0
"t3_design_space/per_seed_metrics__T9_noES_confirm.csv [prior noES, new early-stop: acc only, advisory]",cluster_skew_hard|10|pre_mass_on,mean_acc,0.8844696969696969,0.8844696969696969,1,0
"t3_design_space/per_seed_metrics__T9_noES_confirm.csv [prior noES, new early-stop: acc only, advisory]",cluster_skew_hard|10|pre_mass_on,worst_acc,0.5272727272727272,0.5272727272727272,1,0
"t3_design_space/per_seed_metrics__T9_noES_confirm.csv [prior noES, new early-stop: acc only, advisory]",cluster_skew_hard|11|post_footprint_on,mean_acc,1.0,1.0,1,0
"t3_design_space/per_seed_metrics__T9_noES_confirm.csv [prior noES, new early-stop: acc only, advisory]",cluster_skew_hard|11|post_footprint_on,worst_acc,1.0,1.0,1,0
"t3_design_space/per_seed_metrics__T9_noES_confirm.csv [prior noES, new early-stop: acc only, advisory]",cluster_skew_hard|11|pre_footprint_on,mean_acc,1.0,1.0,1,0
"t3_design_space/per_seed_metrics__T9_noES_confirm.csv [prior noES, new early-stop: acc only, advisory]",cluster_skew_hard|11|pre_footprint_on,worst_acc,1.0,1.0,1,0
"t3_design_space/per_seed_metrics__T9_noES_confirm.csv [prior noES, new early-stop: acc only, advisory]",cluster_skew_hard|11|pre_mass_on,mean_acc,1.0,1.0,1,0
"t3_design_space/per_seed_metrics__T9_noES_confirm.csv [prior noES, new early-stop: acc only, advisory]",cluster_skew_hard|11|pre_mass_on,worst_acc,1.0,1.0,1,0
"t3_design_space/per_seed_metrics__T9_noES_confirm.csv [prior noES, new early-stop: acc only, advisory]",cluster_skew_hard|12|post_footprint_on,mean_acc,1.0,1.0,1,0
"t3_design_space/per_seed_metrics__T9_noES_confirm.csv [prior noES, new early-stop: acc only, advisory]",cluster_skew_hard|12|post_footprint_on,worst_acc,1.0,1.0,1,0
"t3_design_space/per_seed_metrics__T9_noES_confirm.csv [prior noES, new early-stop: acc only, advisory]",cluster_skew_hard|12|pre_footprint_on,mean_acc,1.0,1.0,1,0
"t3_design_space/per_seed_metrics__T9_noES_confirm.csv [prior noES, new early-stop: acc only, advisory]",cluster_skew_hard|12|pre_footprint_on,worst_acc,1.0,1.0,1,0
"t3_design_space/per_seed_metrics__T9_noES_confirm.csv [prior noES, new early-stop: acc only, advisory]",cluster_skew_hard|12|pre_mass_on,mean_acc,1.0,1.0,1,0
"t3_design_space/per_seed_metrics__T9_noES_confirm.csv [prior noES, new early-stop: acc only, advisory]",cluster_skew_hard|12|pre_mass_on,worst_acc,1.0,1.0,1,0
"t3_design_space/per_seed_metrics__T9_noES_confirm.csv [prior noES, new early-stop: acc only, advisory]",cluster_skew_hard|13|post_footprint_on,mean_acc,1.0,1.0,1,0
"t3_design_space/per_seed_metrics__T9_noES_confirm.csv [prior noES, new early-stop: acc only, advisory]",cluster_skew_hard|13|post_footprint_on,worst_acc,1.0,1.0,1,0
"t3_design_space/per_seed_metrics__T9_noES_confirm.csv [prior noES, new early-stop: acc only, advisory]",cluster_skew_hard|13|pre_footprint_on,mean_acc,1.0,1.0,1,0
"t3_design_space/per_seed_metrics__T9_noES_confirm.csv [prior noES, new early-stop: acc only, advisory]",cluster_skew_hard|13|pre_footprint_on,worst_acc,1.0,1.0,1,0
"t3_design_space/per_seed_metrics__T9_noES_confirm.csv [prior noES, new early-stop: acc only, advisory]",cluster_skew_hard|13|pre_mass_on,mean_acc,1.0,1.0,1,0
"t3_design_space/per_seed_metrics__T9_noES_confirm.csv [prior noES, new early-stop: acc only, advisory]",cluster_skew_hard|13|pre_mass_on,worst_acc,1.0,1.0,1,0
"t3_design_space/per_seed_metrics__T9_noES_confirm.csv [prior noES, new early-stop: acc only, advisory]",cluster_skew_hard|14|post_footprint_on,mean_acc,1.0,1.0,1,0
"t3_design_space/per_seed_metrics__T9_noES_confirm.csv [prior noES, new early-stop: acc only, advisory]",cluster_skew_hard|14|post_footprint_on,worst_acc,1.0,1.0,1,0
"t3_design_space/per_seed_metrics__T9_noES_confirm.csv [prior noES, new early-stop: acc only, advisory]",cluster_skew_hard|14|pre_footprint_on,mean_acc,1.0,1.0,1,0
"t3_design_space/per_seed_metrics__T9_noES_confirm.csv [prior noES, new early-stop: acc only, advisory]",cluster_skew_hard|14|pre_footprint_on,worst_acc,1.0,1.0,1,0
"t3_design_space/per_seed_metrics__T9_noES_confirm.csv [prior noES, new early-stop: acc only, advisory]",cluster_skew_hard|14|pre_mass_on,mean_acc,1.0,1.0,1,0
"t3_design_space/per_seed_metrics__T9_noES_confirm.csv [prior noES, new early-stop: acc only, advisory]",cluster_skew_hard|14|pre_mass_on,worst_acc,1.0,1.0,1,0
"t3_design_space/per_seed_metrics__T9_noES_confirm.csv [prior noES, new early-stop: acc only, advisory]",cluster_skew_hard|15|post_footprint_on,mean_acc,1.0,1.0,1,0
"t3_design_space/per_seed_metrics__T9_noES_confirm.csv [prior noES, new early-stop: acc only, advisory]",cluster_skew_hard|15|post_footprint_on,worst_acc,1.0,1.0,1,0
"t3_design_space/per_seed_metrics__T9_noES_confirm.csv [prior noES, new early-stop: acc only, advisory]",cluster_skew_hard|15|pre_footprint_on,mean_acc,1.0,1.0,1,0
"t3_design_space/per_seed_metrics__T9_noES_confirm.csv [prior noES, new early-stop: acc only, advisory]",cluster_skew_hard|15|pre_footprint_on,worst_acc,1.0,1.0,1,0
"t3_design_space/per_seed_metrics__T9_noES_confirm.csv [prior noES, new early-stop: acc only, advisory]",cluster_skew_hard|15|pre_mass_on,mean_acc,1.0,1.0,1,0
"t3_design_space/per_seed_metrics__T9_noES_confirm.csv [prior noES, new early-stop: acc only, advisory]",cluster_skew_hard|15|pre_mass_on,worst_acc,1.0,1.0,1,0
"t3_design_space/per_seed_metrics__T9_noES_confirm.csv [prior noES, new early-stop: acc only, advisory]",cluster_skew_hard|16|post_footprint_on,mean_acc,1.0,1.0,1,0
"t3_design_space/per_seed_metrics__T9_noES_confirm.csv [prior noES, new early-stop: acc only, advisory]",cluster_skew_hard|16|post_footprint_on,worst_acc,1.0,1.0,1,0
"t3_design_space/per_seed_metrics__T9_noES_confirm.csv [prior noES, new early-stop: acc only, advisory]",cluster_skew_hard|16|pre_footprint_on,mean_acc,1.0,1.0,1,0
"t3_design_space/per_seed_metrics__T9_noES_confirm.csv [prior noES, new early-stop: acc only, advisory]",cluster_skew_hard|16|pre_footprint_on,worst_acc,1.0,1.0,1,0
"t3_design_space/per_seed_metrics__T9_noES_confirm.csv [prior noES, new early-stop: acc only, advisory]",cluster_skew_hard|16|pre_mass_on,mean_acc,1.0,1.0,1,0
"t3_design_space/per_seed_metrics__T9_noES_confirm.csv [prior noES, new early-stop: acc only, advisory]",cluster_skew_hard|16|pre_mass_on,worst_acc,1.0,1.0,1,0
"t3_design_space/per_seed_metrics__T9_noES_confirm.csv [prior noES, new early-stop: acc only, advisory]",cluster_skew_hard|17|post_footprint_on,mean_acc,1.0,1.0,1,0
"t3_design_space/per_seed_metrics__T9_noES_confirm.csv [prior noES, new early-stop: acc only, advisory]",cluster_skew_hard|17|post_footprint_on,worst_acc,1.0,1.0,1,0
"t3_design_space/per_seed_metrics__T9_noES_confirm.csv [prior noES, new early-stop: acc only, advisory]",cluster_skew_hard|17|pre_footprint_on,mean_acc,1.0,1.0,1,0
"t3_design_space/per_seed_metrics__T9_noES_confirm.csv [prior noES, new early-stop: acc only, advisory]",cluster_skew_hard|17|pre_footprint_on,worst_acc,1.0,1.0,1,0
"t3_design_space/per_seed_metrics__T9_noES_confirm.csv [prior noES, new early-stop: acc only, advisory]",cluster_skew_hard|17|pre_mass_on,mean_acc,1.0,1.0,1,0
"t3_design_space/per_seed_metrics__T9_noES_confirm.csv [prior noES, new early-stop: acc only, advisory]",cluster_skew_hard|17|pre_mass_on,worst_acc,1.0,1.0,1,0
"t3_design_space/per_seed_metrics__T9_noES_confirm.csv [prior noES, new early-stop: acc only, advisory]",cluster_skew_hard|18|post_footprint_on,mean_acc,1.0,1.0,1,0
"t3_design_space/per_seed_metrics__T9_noES_confirm.csv [prior noES, new early-stop: acc only, advisory]",cluster_skew_hard|18|post_footprint_on,worst_acc,1.0,1.0,1,0
"t3_design_space/per_seed_metrics__T9_noES_confirm.csv [prior noES, new early-stop: acc only, advisory]",cluster_skew_hard|18|pre_footprint_on,mean_acc,1.0,1.0,1,0
"t3_design_space/per_seed_metrics__T9_noES_confirm.csv [prior noES, new early-stop: acc only, advisory]",cluster_skew_hard|18|pre_footprint_on,worst_acc,1.0,1.0,1,0
"t3_design_space/per_seed_metrics__T9_noES_confirm.csv [prior noES, new early-stop: acc only, advisory]",cluster_skew_hard|18|pre_mass_on,mean_acc,1.0,1.0,1,0
"t3_design_space/per_seed_metrics__T9_noES_confirm.csv [prior noES, new early-stop: acc only, advisory]",cluster_skew_hard|18|pre_mass_on,worst_acc,1.0,1.0,1,0
"t3_design_space/per_seed_metrics__T9_noES_confirm.csv [prior noES, new early-stop: acc only, advisory]",cluster_skew_hard|19|post_footprint_on,mean_acc,1.0,1.0,1,0
"t3_design_space/per_seed_metrics__T9_noES_confirm.csv [prior noES, new early-stop: acc only, advisory]",cluster_skew_hard|19|post_footprint_on,worst_acc,1.0,1.0,1,0
"t3_design_space/per_seed_metrics__T9_noES_confirm.csv [prior noES, new early-stop: acc only, advisory]",cluster_skew_hard|19|pre_footprint_on,mean_acc,1.0,1.0,1,0
"t3_design_space/per_seed_metrics__T9_noES_confirm.csv [prior noES, new early-stop: acc only, advisory]",cluster_skew_hard|19|pre_footprint_on,worst_acc,1.0,1.0,1,0
"t3_design_space/per_seed_metrics__T9_noES_confirm.csv [prior noES, new early-stop: acc only, advisory]",cluster_skew_hard|19|pre_mass_on,mean_acc,1.0,1.0,1,0
"t3_design_space/per_seed_metrics__T9_noES_confirm.csv [prior noES, new early-stop: acc only, advisory]",cluster_skew_hard|19|pre_mass_on,worst_acc,1.0,1.0,1,0
"t3_design_space/per_seed_metrics__T9_noES_confirm.csv [prior noES, new early-stop: acc only, advisory]",cluster_skew_overlap|10|post_footprint_on,mean_acc,0.8056818181818182,0.8056818181818182,1,0
"t3_design_space/per_seed_metrics__T9_noES_confirm.csv [prior noES, new early-stop: acc only, advisory]",cluster_skew_overlap|10|post_footprint_on,worst_acc,0.7181818181818181,0.7181818181818181,1,0
"t3_design_space/per_seed_metrics__T9_noES_confirm.csv [prior noES, new early-stop: acc only, advisory]",cluster_skew_overlap|10|pre_footprint_on,mean_acc,0.8299242424242425,0.8299242424242425,1,0
"t3_design_space/per_seed_metrics__T9_noES_confirm.csv [prior noES, new early-stop: acc only, advisory]",cluster_skew_overlap|10|pre_footprint_on,worst_acc,0.7272727272727273,0.7272727272727273,1,0
"t3_design_space/per_seed_metrics__T9_noES_confirm.csv [prior noES, new early-stop: acc only, advisory]",cluster_skew_overlap|10|pre_mass_on,mean_acc,0.8295454545454547,0.8295454545454547,1,0
"t3_design_space/per_seed_metrics__T9_noES_confirm.csv [prior noES, new early-stop: acc only, advisory]",cluster_skew_overlap|10|pre_mass_on,worst_acc,0.7454545454545455,0.7454545454545455,1,0
"t3_design_space/per_seed_metrics__T9_noES_confirm.csv [prior noES, new early-stop: acc only, advisory]",cluster_skew_overlap|11|post_footprint_on,mean_acc,0.8174242424242425,0.8174242424242425,1,0
"t3_design_space/per_seed_metrics__T9_noES_confirm.csv [prior noES, new early-stop: acc only, advisory]",cluster_skew_overlap|11|post_footprint_on,worst_acc,0.7227272727272728,0.7227272727272728,1,0
"t3_design_space/per_seed_metrics__T9_noES_confirm.csv [prior noES, new early-stop: acc only, advisory]",cluster_skew_overlap|11|pre_footprint_on,mean_acc,0.8386363636363637,0.8386363636363637,1,0
"t3_design_space/per_seed_metrics__T9_noES_confirm.csv [prior noES, new early-stop: acc only, advisory]",cluster_skew_overlap|11|pre_footprint_on,worst_acc,0.759090909090909,0.759090909090909,1,0
"t3_design_space/per_seed_metrics__T9_noES_confirm.csv [prior noES, new early-stop: acc only, advisory]",cluster_skew_overlap|11|pre_mass_on,mean_acc,0.8363636363636364,0.8363636363636364,1,0
"t3_design_space/per_seed_metrics__T9_noES_confirm.csv [prior noES, new early-stop: acc only, advisory]",cluster_skew_overlap|11|pre_mass_on,worst_acc,0.7454545454545455,0.7454545454545455,1,0
"t3_design_space/per_seed_metrics__T9_noES_confirm.csv [prior noES, new early-stop: acc only, advisory]",cluster_skew_overlap|12|post_footprint_on,mean_acc,0.8143939393939394,0.8143939393939394,1,0
"t3_design_space/per_seed_metrics__T9_noES_confirm.csv [prior noES, new early-stop: acc only, advisory]",cluster_skew_overlap|12|post_footprint_on,worst_acc,0.7,0.7,1,0
"t3_design_space/per_seed_metrics__T9_noES_confirm.csv [prior noES, new early-stop: acc only, advisory]",cluster_skew_overlap|12|pre_footprint_on,mean_acc,0.8367424242424241,0.8367424242424241,1,0
"t3_design_space/per_seed_metrics__T9_noES_confirm.csv [prior noES, new early-stop: acc only, advisory]",cluster_skew_overlap|12|pre_footprint_on,worst_acc,0.7363636363636363,0.7363636363636363,1,0
"t3_design_space/per_seed_metrics__T9_noES_confirm.csv [prior noES, new early-stop: acc only, advisory]",cluster_skew_overlap|12|pre_mass_on,mean_acc,0.8348484848484848,0.8348484848484848,1,0
"t3_design_space/per_seed_metrics__T9_noES_confirm.csv [prior noES, new early-stop: acc only, advisory]",cluster_skew_overlap|12|pre_mass_on,worst_acc,0.7363636363636363,0.7363636363636363,1,0
"t3_design_space/per_seed_metrics__T9_noES_confirm.csv [prior noES, new early-stop: acc only, advisory]",cluster_skew_overlap|13|post_footprint_on,mean_acc,0.8200757575757577,0.8200757575757577,1,0
"t3_design_space/per_seed_metrics__T9_noES_confirm.csv [prior noES, new early-stop: acc only, advisory]",cluster_skew_overlap|13|post_footprint_on,worst_acc,0.759090909090909,0.759090909090909,1,0
"t3_design_space/per_seed_metrics__T9_noES_confirm.csv [prior noES, new early-stop: acc only, advisory]",cluster_skew_overlap|13|pre_footprint_on,mean_acc,0.8390151515151515,0.8390151515151515,1,0
"t3_design_space/per_seed_metrics__T9_noES_confirm.csv [prior noES, new early-stop: acc only, advisory]",cluster_skew_overlap|13|pre_footprint_on,worst_acc,0.7727272727272727,0.7727272727272727,1,0
"t3_design_space/per_seed_metrics__T9_noES_confirm.csv [prior noES, new early-stop: acc only, advisory]",cluster_skew_overlap|13|pre_mass_on,mean_acc,0.8363636363636364,0.8363636363636364,1,0
"t3_design_space/per_seed_metrics__T9_noES_confirm.csv [prior noES, new early-stop: acc only, advisory]",cluster_skew_overlap|13|pre_mass_on,worst_acc,0.7772727272727272,0.7772727272727272,1,0
"t3_design_space/per_seed_metrics__T9_noES_confirm.csv [prior noES, new early-stop: acc only, advisory]",cluster_skew_overlap|14|post_footprint_on,mean_acc,0.8189393939393939,0.8189393939393939,1,0
"t3_design_space/per_seed_metrics__T9_noES_confirm.csv [prior noES, new early-stop: acc only, advisory]",cluster_skew_overlap|14|post_footprint_on,worst_acc,0.740909090909091,0.740909090909091,1,0
"t3_design_space/per_seed_metrics__T9_noES_confirm.csv [prior noES, new early-stop: acc only, advisory]",cluster_skew_overlap|14|pre_footprint_on,mean_acc,0.8401515151515152,0.8401515151515152,1,0
"t3_design_space/per_seed_metrics__T9_noES_confirm.csv [prior noES, new early-stop: acc only, advisory]",cluster_skew_overlap|14|pre_footprint_on,worst_acc,0.759090909090909,0.759090909090909,1,0
"t3_design_space/per_seed_metrics__T9_noES_confirm.csv [prior noES, new early-stop: acc only, advisory]",cluster_skew_overlap|14|pre_mass_on,mean_acc,0.8382575757575758,0.8382575757575758,1,0
"t3_design_space/per_seed_metrics__T9_noES_confirm.csv [prior noES, new early-stop: acc only, advisory]",cluster_skew_overlap|14|pre_mass_on,worst_acc,0.759090909090909,0.759090909090909,1,0
"t3_design_space/per_seed_metrics__T9_noES_confirm.csv [prior noES, new early-stop: acc only, advisory]",cluster_skew_overlap|15|post_footprint_on,mean_acc,0.8075757575757575,0.8075757575757575,1,0
"t3_design_space/per_seed_metrics__T9_noES_confirm.csv [prior noES, new early-stop: acc only, advisory]",cluster_skew_overlap|15|post_footprint_on,worst_acc,0.7,0.7,1,0
"t3_design_space/per_seed_metrics__T9_noES_confirm.csv [prior noES, new early-stop: acc only, advisory]",cluster_skew_overlap|15|pre_footprint_on,mean_acc,0.8276515151515152,0.8276515151515152,1,0
"t3_design_space/per_seed_metrics__T9_noES_confirm.csv [prior noES, new early-stop: acc only, advisory]",cluster_skew_overlap|15|pre_footprint_on,worst_acc,0.7090909090909091,0.7090909090909091,1,0
"t3_design_space/per_seed_metrics__T9_noES_confirm.csv [prior noES, new early-stop: acc only, advisory]",cluster_skew_overlap|15|pre_mass_on,mean_acc,0.8253787878787878,0.8253787878787878,1,0
"t3_design_space/per_seed_metrics__T9_noES_confirm.csv [prior noES, new early-stop: acc only, advisory]",cluster_skew_overlap|15|pre_mass_on,worst_acc,0.7090909090909091,0.7090909090909091,1,0
"t3_design_space/per_seed_metrics__T9_noES_confirm.csv [prior noES, new early-stop: acc only, advisory]",cluster_skew_overlap|16|post_footprint_on,mean_acc,0.8053030303030303,0.8053030303030303,1,0
"t3_design_space/per_seed_metrics__T9_noES_confirm.csv [prior noES, new early-stop: acc only, advisory]",cluster_skew_overlap|16|post_footprint_on,worst_acc,0.7045454545454546,0.7045454545454546,1,0
"t3_design_space/per_seed_metrics__T9_noES_confirm.csv [prior noES, new early-stop: acc only, advisory]",cluster_skew_overlap|16|pre_footprint_on,mean_acc,0.8253787878787878,0.8253787878787878,1,0
"t3_design_space/per_seed_metrics__T9_noES_confirm.csv [prior noES, new early-stop: acc only, advisory]",cluster_skew_overlap|16|pre_footprint_on,worst_acc,0.75,0.75,1,0
"t3_design_space/per_seed_metrics__T9_noES_confirm.csv [prior noES, new early-stop: acc only, advisory]",cluster_skew_overlap|16|pre_mass_on,mean_acc,0.8200757575757575,0.8200757575757575,1,0
"t3_design_space/per_seed_metrics__T9_noES_confirm.csv [prior noES, new early-stop: acc only, advisory]",cluster_skew_overlap|16|pre_mass_on,worst_acc,0.7227272727272728,0.7227272727272728,1,0
"t3_design_space/per_seed_metrics__T9_noES_confirm.csv [prior noES, new early-stop: acc only, advisory]",cluster_skew_overlap|17|post_footprint_on,mean_acc,0.8015151515151513,0.8015151515151513,1,0
"t3_design_space/per_seed_metrics__T9_noES_confirm.csv [prior noES, new early-stop: acc only, advisory]",cluster_skew_overlap|17|post_footprint_on,worst_acc,0.6863636363636364,0.6863636363636364,1,0
"t3_design_space/per_seed_metrics__T9_noES_confirm.csv [prior noES, new early-stop: acc only, advisory]",cluster_skew_overlap|17|pre_footprint_on,mean_acc,0.8325757575757575,0.8325757575757575,1,0
"t3_design_space/per_seed_metrics__T9_noES_confirm.csv [prior noES, new early-stop: acc only, advisory]",cluster_skew_overlap|17|pre_footprint_on,worst_acc,0.7227272727272728,0.7227272727272728,1,0
"t3_design_space/per_seed_metrics__T9_noES_confirm.csv [prior noES, new early-stop: acc only, advisory]",cluster_skew_overlap|17|pre_mass_on,mean_acc,0.8306818181818182,0.8306818181818182,1,0
"t3_design_space/per_seed_metrics__T9_noES_confirm.csv [prior noES, new early-stop: acc only, advisory]",cluster_skew_overlap|17|pre_mass_on,worst_acc,0.7227272727272728,0.7227272727272728,1,0
"t3_design_space/per_seed_metrics__T9_noES_confirm.csv [prior noES, new early-stop: acc only, advisory]",cluster_skew_overlap|18|post_footprint_on,mean_acc,0.8053030303030303,0.8053030303030303,1,0
"t3_design_space/per_seed_metrics__T9_noES_confirm.csv [prior noES, new early-stop: acc only, advisory]",cluster_skew_overlap|18|post_footprint_on,worst_acc,0.7,0.7,1,0
"t3_design_space/per_seed_metrics__T9_noES_confirm.csv [prior noES, new early-stop: acc only, advisory]",cluster_skew_overlap|18|pre_footprint_on,mean_acc,0.8325757575757576,0.8325757575757576,1,0
"t3_design_space/per_seed_metrics__T9_noES_confirm.csv [prior noES, new early-stop: acc only, advisory]",cluster_skew_overlap|18|pre_footprint_on,worst_acc,0.7318181818181818,0.7318181818181818,1,0
"t3_design_space/per_seed_metrics__T9_noES_confirm.csv [prior noES, new early-stop: acc only, advisory]",cluster_skew_overlap|18|pre_mass_on,mean_acc,0.8318181818181819,0.8318181818181819,1,0
"t3_design_space/per_seed_metrics__T9_noES_confirm.csv [prior noES, new early-stop: acc only, advisory]",cluster_skew_overlap|18|pre_mass_on,worst_acc,0.7363636363636363,0.7363636363636363,1,0
"t3_design_space/per_seed_metrics__T9_noES_confirm.csv [prior noES, new early-stop: acc only, advisory]",cluster_skew_overlap|19|post_footprint_on,mean_acc,0.8140151515151515,0.8140151515151515,1,0
"t3_design_space/per_seed_metrics__T9_noES_confirm.csv [prior noES, new early-stop: acc only, advisory]",cluster_skew_overlap|19|post_footprint_on,worst_acc,0.740909090909091,0.740909090909091,1,0
"t3_design_space/per_seed_metrics__T9_noES_confirm.csv [prior noES, new early-stop: acc only, advisory]",cluster_skew_overlap|19|pre_footprint_on,mean_acc,0.8306818181818182,0.8306818181818182,1,0
"t3_design_space/per_seed_metrics__T9_noES_confirm.csv [prior noES, new early-stop: acc only, advisory]",cluster_skew_overlap|19|pre_footprint_on,worst_acc,0.7681818181818182,0.7681818181818182,1,0
"t3_design_space/per_seed_metrics__T9_noES_confirm.csv [prior noES, new early-stop: acc only, advisory]",cluster_skew_overlap|19|pre_mass_on,mean_acc,0.8299242424242426,0.8299242424242426,1,0
"t3_design_space/per_seed_metrics__T9_noES_confirm.csv [prior noES, new early-stop: acc only, advisory]",cluster_skew_overlap|19|pre_mass_on,worst_acc,0.759090909090909,0.759090909090909,1,0
"t3_design_space/per_seed_metrics__T9_noES_confirm.csv [prior noES, new early-stop: acc only, advisory]",dirichlet_0.03|10|post_footprint_on,mean_acc,1.0,1.0,1,0
"t3_design_space/per_seed_metrics__T9_noES_confirm.csv [prior noES, new early-stop: acc only, advisory]",dirichlet_0.03|10|post_footprint_on,worst_acc,1.0,1.0,1,0
"t3_design_space/per_seed_metrics__T9_noES_confirm.csv [prior noES, new early-stop: acc only, advisory]",dirichlet_0.03|10|pre_footprint_on,mean_acc,1.0,1.0,1,0
"t3_design_space/per_seed_metrics__T9_noES_confirm.csv [prior noES, new early-stop: acc only, advisory]",dirichlet_0.03|10|pre_footprint_on,worst_acc,1.0,1.0,1,0
"t3_design_space/per_seed_metrics__T9_noES_confirm.csv [prior noES, new early-stop: acc only, advisory]",dirichlet_0.03|10|pre_mass_on,mean_acc,1.0,1.0,1,0
"t3_design_space/per_seed_metrics__T9_noES_confirm.csv [prior noES, new early-stop: acc only, advisory]",dirichlet_0.03|10|pre_mass_on,worst_acc,1.0,1.0,1,0
"t3_design_space/per_seed_metrics__T9_noES_confirm.csv [prior noES, new early-stop: acc only, advisory]",dirichlet_0.03|11|post_footprint_on,mean_acc,1.0,1.0,1,0
"t3_design_space/per_seed_metrics__T9_noES_confirm.csv [prior noES, new early-stop: acc only, advisory]",dirichlet_0.03|11|post_footprint_on,worst_acc,1.0,1.0,1,0
"t3_design_space/per_seed_metrics__T9_noES_confirm.csv [prior noES, new early-stop: acc only, advisory]",dirichlet_0.03|11|pre_footprint_on,mean_acc,1.0,1.0,1,0
"t3_design_space/per_seed_metrics__T9_noES_confirm.csv [prior noES, new early-stop: acc only, advisory]",dirichlet_0.03|11|pre_footprint_on,worst_acc,1.0,1.0,1,0
"t3_design_space/per_seed_metrics__T9_noES_confirm.csv [prior noES, new early-stop: acc only, advisory]",dirichlet_0.03|11|pre_mass_on,mean_acc,1.0,1.0,1,0
"t3_design_space/per_seed_metrics__T9_noES_confirm.csv [prior noES, new early-stop: acc only, advisory]",dirichlet_0.03|11|pre_mass_on,worst_acc,1.0,1.0,1,0
"t3_design_space/per_seed_metrics__T9_noES_confirm.csv [prior noES, new early-stop: acc only, advisory]",dirichlet_0.03|12|post_footprint_on,mean_acc,1.0,1.0,1,0
"t3_design_space/per_seed_metrics__T9_noES_confirm.csv [prior noES, new early-stop: acc only, advisory]",dirichlet_0.03|12|post_footprint_on,worst_acc,1.0,1.0,1,0
"t3_design_space/per_seed_metrics__T9_noES_confirm.csv [prior noES, new early-stop: acc only, advisory]",dirichlet_0.03|12|pre_footprint_on,mean_acc,1.0,1.0,1,0
"t3_design_space/per_seed_metrics__T9_noES_confirm.csv [prior noES, new early-stop: acc only, advisory]",dirichlet_0.03|12|pre_footprint_on,worst_acc,1.0,1.0,1,0
"t3_design_space/per_seed_metrics__T9_noES_confirm.csv [prior noES, new early-stop: acc only, advisory]",dirichlet_0.03|12|pre_mass_on,mean_acc,1.0,1.0,1,0
"t3_design_space/per_seed_metrics__T9_noES_confirm.csv [prior noES, new early-stop: acc only, advisory]",dirichlet_0.03|12|pre_mass_on,worst_acc,1.0,1.0,1,0
"t3_design_space/per_seed_metrics__T9_noES_confirm.csv [prior noES, new early-stop: acc only, advisory]",dirichlet_0.03|13|post_footprint_on,mean_acc,1.0,1.0,1,0
"t3_design_space/per_seed_metrics__T9_noES_confirm.csv [prior noES, new early-stop: acc only, advisory]",dirichlet_0.03|13|post_footprint_on,worst_acc,1.0,1.0,1,0
"t3_design_space/per_seed_metrics__T9_noES_confirm.csv [prior noES, new early-stop: acc only, advisory]",dirichlet_0.03|13|pre_footprint_on,mean_acc,1.0,1.0,1,0
"t3_design_space/per_seed_metrics__T9_noES_confirm.csv [prior noES, new early-stop: acc only, advisory]",dirichlet_0.03|13|pre_footprint_on,worst_acc,1.0,1.0,1,0
"t3_design_space/per_seed_metrics__T9_noES_confirm.csv [prior noES, new early-stop: acc only, advisory]",dirichlet_0.03|13|pre_mass_on,mean_acc,1.0,1.0,1,0
"t3_design_space/per_seed_metrics__T9_noES_confirm.csv [prior noES, new early-stop: acc only, advisory]",dirichlet_0.03|13|pre_mass_on,worst_acc,1.0,1.0,1,0
"t3_design_space/per_seed_metrics__T9_noES_confirm.csv [prior noES, new early-stop: acc only, advisory]",dirichlet_0.03|14|post_footprint_on,mean_acc,1.0,1.0,1,0
"t3_design_space/per_seed_metrics__T9_noES_confirm.csv [prior noES, new early-stop: acc only, advisory]",dirichlet_0.03|14|post_footprint_on,worst_acc,1.0,1.0,1,0
"t3_design_space/per_seed_metrics__T9_noES_confirm.csv [prior noES, new early-stop: acc only, advisory]",dirichlet_0.03|14|pre_footprint_on,mean_acc,0.7401515151515152,0.7401515151515152,1,0
"t3_design_space/per_seed_metrics__T9_noES_confirm.csv [prior noES, new early-stop: acc only, advisory]",dirichlet_0.03|14|pre_footprint_on,worst_acc,0.5227272727272727,0.5227272727272727,1,0
"t3_design_space/per_seed_metrics__T9_noES_confirm.csv [prior noES, new early-stop: acc only, advisory]",dirichlet_0.03|14|pre_mass_on,mean_acc,1.0,1.0,1,0
"t3_design_space/per_seed_metrics__T9_noES_confirm.csv [prior noES, new early-stop: acc only, advisory]",dirichlet_0.03|14|pre_mass_on,worst_acc,1.0,1.0,1,0
"t3_design_space/per_seed_metrics__T9_noES_confirm.csv [prior noES, new early-stop: acc only, advisory]",dirichlet_0.03|15|post_footprint_on,mean_acc,0.9996212121212121,0.9996212121212121,1,0
"t3_design_space/per_seed_metrics__T9_noES_confirm.csv [prior noES, new early-stop: acc only, advisory]",dirichlet_0.03|15|post_footprint_on,worst_acc,0.9954545454545455,0.9954545454545455,1,0
"t3_design_space/per_seed_metrics__T9_noES_confirm.csv [prior noES, new early-stop: acc only, advisory]",dirichlet_0.03|15|pre_footprint_on,mean_acc,1.0,1.0,1,0
"t3_design_space/per_seed_metrics__T9_noES_confirm.csv [prior noES, new early-stop: acc only, advisory]",dirichlet_0.03|15|pre_footprint_on,worst_acc,1.0,1.0,1,0
"t3_design_space/per_seed_metrics__T9_noES_confirm.csv [prior noES, new early-stop: acc only, advisory]",dirichlet_0.03|15|pre_mass_on,mean_acc,1.0,1.0,1,0
"t3_design_space/per_seed_metrics__T9_noES_confirm.csv [prior noES, new early-stop: acc only, advisory]",dirichlet_0.03|15|pre_mass_on,worst_acc,1.0,1.0,1,0
"t3_design_space/per_seed_metrics__T9_noES_confirm.csv [prior noES, new early-stop: acc only, advisory]",dirichlet_0.03|16|post_footprint_on,mean_acc,1.0,1.0,1,0
"t3_design_space/per_seed_metrics__T9_noES_confirm.csv [prior noES, new early-stop: acc only, advisory]",dirichlet_0.03|16|post_footprint_on,worst_acc,1.0,1.0,1,0
"t3_design_space/per_seed_metrics__T9_noES_confirm.csv [prior noES, new early-stop: acc only, advisory]",dirichlet_0.03|16|pre_footprint_on,mean_acc,1.0,1.0,1,0
"t3_design_space/per_seed_metrics__T9_noES_confirm.csv [prior noES, new early-stop: acc only, advisory]",dirichlet_0.03|16|pre_footprint_on,worst_acc,1.0,1.0,1,0
"t3_design_space/per_seed_metrics__T9_noES_confirm.csv [prior noES, new early-stop: acc only, advisory]",dirichlet_0.03|16|pre_mass_on,mean_acc,1.0,1.0,1,0
"t3_design_space/per_seed_metrics__T9_noES_confirm.csv [prior noES, new early-stop: acc only, advisory]",dirichlet_0.03|16|pre_mass_on,worst_acc,1.0,1.0,1,0
"t3_design_space/per_seed_metrics__T9_noES_confirm.csv [prior noES, new early-stop: acc only, advisory]",dirichlet_0.03|17|post_footprint_on,mean_acc,1.0,1.0,1,0
"t3_design_space/per_seed_metrics__T9_noES_confirm.csv [prior noES, new early-stop: acc only, advisory]",dirichlet_0.03|17|post_footprint_on,worst_acc,1.0,1.0,1,0
"t3_design_space/per_seed_metrics__T9_noES_confirm.csv [prior noES, new early-stop: acc only, advisory]",dirichlet_0.03|17|pre_footprint_on,mean_acc,1.0,1.0,1,0
"t3_design_space/per_seed_metrics__T9_noES_confirm.csv [prior noES, new early-stop: acc only, advisory]",dirichlet_0.03|17|pre_footprint_on,worst_acc,1.0,1.0,1,0
"t3_design_space/per_seed_metrics__T9_noES_confirm.csv [prior noES, new early-stop: acc only, advisory]",dirichlet_0.03|17|pre_mass_on,mean_acc,1.0,1.0,1,0
"t3_design_space/per_seed_metrics__T9_noES_confirm.csv [prior noES, new early-stop: acc only, advisory]",dirichlet_0.03|17|pre_mass_on,worst_acc,1.0,1.0,1,0
"t3_design_space/per_seed_metrics__T9_noES_confirm.csv [prior noES, new early-stop: acc only, advisory]",dirichlet_0.03|18|post_footprint_on,mean_acc,1.0,1.0,1,0
"t3_design_space/per_seed_metrics__T9_noES_confirm.csv [prior noES, new early-stop: acc only, advisory]",dirichlet_0.03|18|post_footprint_on,worst_acc,1.0,1.0,1,0
"t3_design_space/per_seed_metrics__T9_noES_confirm.csv [prior noES, new early-stop: acc only, advisory]",dirichlet_0.03|18|pre_footprint_on,mean_acc,1.0,1.0,1,0
"t3_design_space/per_seed_metrics__T9_noES_confirm.csv [prior noES, new early-stop: acc only, advisory]",dirichlet_0.03|18|pre_footprint_on,worst_acc,1.0,1.0,1,0
"t3_design_space/per_seed_metrics__T9_noES_confirm.csv [prior noES, new early-stop: acc only, advisory]",dirichlet_0.03|18|pre_mass_on,mean_acc,1.0,1.0,1,0
"t3_design_space/per_seed_metrics__T9_noES_confirm.csv [prior noES, new early-stop: acc only, advisory]",dirichlet_0.03|18|pre_mass_on,worst_acc,1.0,1.0,1,0
"t3_design_space/per_seed_metrics__T9_noES_confirm.csv [prior noES, new early-stop: acc only, advisory]",dirichlet_0.03|19|post_footprint_on,mean_acc,0.7617424242424242,0.7617424242424242,1,0
"t3_design_space/per_seed_metrics__T9_noES_confirm.csv [prior noES, new early-stop: acc only, advisory]",dirichlet_0.03|19|post_footprint_on,worst_acc,0.5,0.5,1,0
"t3_design_space/per_seed_metrics__T9_noES_confirm.csv [prior noES, new early-stop: acc only, advisory]",dirichlet_0.03|19|pre_footprint_on,mean_acc,0.7579545454545454,0.7579545454545454,1,0
"t3_design_space/per_seed_metrics__T9_noES_confirm.csv [prior noES, new early-stop: acc only, advisory]",dirichlet_0.03|19|pre_footprint_on,worst_acc,0.5,0.5,1,0
"t3_design_space/per_seed_metrics__T9_noES_confirm.csv [prior noES, new early-stop: acc only, advisory]",dirichlet_0.03|19|pre_mass_on,mean_acc,0.7803030303030303,0.7803030303030303,1,0
"t3_design_space/per_seed_metrics__T9_noES_confirm.csv [prior noES, new early-stop: acc only, advisory]",dirichlet_0.03|19|pre_mass_on,worst_acc,0.5045454545454545,0.5045454545454545,1,0
"t3_design_space/per_seed_metrics__T9_noES_confirm.csv [prior noES, new early-stop: acc only, advisory]",dirichlet_0.1|10|post_footprint_on,mean_acc,1.0,1.0,1,0
"t3_design_space/per_seed_metrics__T9_noES_confirm.csv [prior noES, new early-stop: acc only, advisory]",dirichlet_0.1|10|post_footprint_on,worst_acc,1.0,1.0,1,0
"t3_design_space/per_seed_metrics__T9_noES_confirm.csv [prior noES, new early-stop: acc only, advisory]",dirichlet_0.1|10|pre_footprint_on,mean_acc,1.0,1.0,1,0
"t3_design_space/per_seed_metrics__T9_noES_confirm.csv [prior noES, new early-stop: acc only, advisory]",dirichlet_0.1|10|pre_footprint_on,worst_acc,1.0,1.0,1,0
"t3_design_space/per_seed_metrics__T9_noES_confirm.csv [prior noES, new early-stop: acc only, advisory]",dirichlet_0.1|10|pre_mass_on,mean_acc,1.0,1.0,1,0
"t3_design_space/per_seed_metrics__T9_noES_confirm.csv [prior noES, new early-stop: acc only, advisory]",dirichlet_0.1|10|pre_mass_on,worst_acc,1.0,1.0,1,0
"t3_design_space/per_seed_metrics__T9_noES_confirm.csv [prior noES, new early-stop: acc only, advisory]",dirichlet_0.1|11|post_footprint_on,mean_acc,1.0,1.0,1,0
"t3_design_space/per_seed_metrics__T9_noES_confirm.csv [prior noES, new early-stop: acc only, advisory]",dirichlet_0.1|11|post_footprint_on,worst_acc,1.0,1.0,1,0
"t3_design_space/per_seed_metrics__T9_noES_confirm.csv [prior noES, new early-stop: acc only, advisory]",dirichlet_0.1|11|pre_footprint_on,mean_acc,0.7837121212121212,0.7837121212121212,1,0
"t3_design_space/per_seed_metrics__T9_noES_confirm.csv [prior noES, new early-stop: acc only, advisory]",dirichlet_0.1|11|pre_footprint_on,worst_acc,0.509090909090909,0.509090909090909,1,0
"t3_design_space/per_seed_metrics__T9_noES_confirm.csv [prior noES, new early-stop: acc only, advisory]",dirichlet_0.1|11|pre_mass_on,mean_acc,0.7848484848484848,0.7848484848484848,1,0
"t3_design_space/per_seed_metrics__T9_noES_confirm.csv [prior noES, new early-stop: acc only, advisory]",dirichlet_0.1|11|pre_mass_on,worst_acc,0.5136363636363637,0.5136363636363637,1,0
"t3_design_space/per_seed_metrics__T9_noES_confirm.csv [prior noES, new early-stop: acc only, advisory]",dirichlet_0.1|12|post_footprint_on,mean_acc,1.0,1.0,1,0
"t3_design_space/per_seed_metrics__T9_noES_confirm.csv [prior noES, new early-stop: acc only, advisory]",dirichlet_0.1|12|post_footprint_on,worst_acc,1.0,1.0,1,0
"t3_design_space/per_seed_metrics__T9_noES_confirm.csv [prior noES, new early-stop: acc only, advisory]",dirichlet_0.1|12|pre_footprint_on,mean_acc,1.0,1.0,1,0
"t3_design_space/per_seed_metrics__T9_noES_confirm.csv [prior noES, new early-stop: acc only, advisory]",dirichlet_0.1|12|pre_footprint_on,worst_acc,1.0,1.0,1,0
"t3_design_space/per_seed_metrics__T9_noES_confirm.csv [prior noES, new early-stop: acc only, advisory]",dirichlet_0.1|12|pre_mass_on,mean_acc,1.0,1.0,1,0
"t3_design_space/per_seed_metrics__T9_noES_confirm.csv [prior noES, new early-stop: acc only, advisory]",dirichlet_0.1|12|pre_mass_on,worst_acc,1.0,1.0,1,0
"t3_design_space/per_seed_metrics__T9_noES_confirm.csv [prior noES, new early-stop: acc only, advisory]",dirichlet_0.1|13|post_footprint_on,mean_acc,0.8340909090909091,0.8340909090909091,1,0
"t3_design_space/per_seed_metrics__T9_noES_confirm.csv [prior noES, new early-stop: acc only, advisory]",dirichlet_0.1|13|post_footprint_on,worst_acc,0.5409090909090909,0.5409090909090909,1,0
"t3_design_space/per_seed_metrics__T9_noES_confirm.csv [prior noES, new early-stop: acc only, advisory]",dirichlet_0.1|13|pre_footprint_on,mean_acc,0.8272727272727273,0.8272727272727273,1,0
"t3_design_space/per_seed_metrics__T9_noES_confirm.csv [prior noES, new early-stop: acc only, advisory]",dirichlet_0.1|13|pre_footprint_on,worst_acc,0.5318181818181819,0.5318181818181819,1,0
"t3_design_space/per_seed_metrics__T9_noES_confirm.csv [prior noES, new early-stop: acc only, advisory]",dirichlet_0.1|13|pre_mass_on,mean_acc,0.8272727272727273,0.8272727272727273,1,0
"t3_design_space/per_seed_metrics__T9_noES_confirm.csv [prior noES, new early-stop: acc only, advisory]",dirichlet_0.1|13|pre_mass_on,worst_acc,0.5318181818181819,0.5318181818181819,1,0
"t3_design_space/per_seed_metrics__T9_noES_confirm.csv [prior noES, new early-stop: acc only, advisory]",dirichlet_0.1|14|post_footprint_on,mean_acc,1.0,1.0,1,0
"t3_design_space/per_seed_metrics__T9_noES_confirm.csv [prior noES, new early-stop: acc only, advisory]",dirichlet_0.1|14|post_footprint_on,worst_acc,1.0,1.0,1,0
"t3_design_space/per_seed_metrics__T9_noES_confirm.csv [prior noES, new early-stop: acc only, advisory]",dirichlet_0.1|14|pre_footprint_on,mean_acc,1.0,1.0,1,0
"t3_design_space/per_seed_metrics__T9_noES_confirm.csv [prior noES, new early-stop: acc only, advisory]",dirichlet_0.1|14|pre_footprint_on,worst_acc,1.0,1.0,1,0
"t3_design_space/per_seed_metrics__T9_noES_confirm.csv [prior noES, new early-stop: acc only, advisory]",dirichlet_0.1|14|pre_mass_on,mean_acc,1.0,1.0,1,0
"t3_design_space/per_seed_metrics__T9_noES_confirm.csv [prior noES, new early-stop: acc only, advisory]",dirichlet_0.1|14|pre_mass_on,worst_acc,1.0,1.0,1,0
"t3_design_space/per_seed_metrics__T9_noES_confirm.csv [prior noES, new early-stop: acc only, advisory]",dirichlet_0.1|15|post_footprint_on,mean_acc,0.8106060606060607,0.8106060606060607,1,0
"t3_design_space/per_seed_metrics__T9_noES_confirm.csv [prior noES, new early-stop: acc only, advisory]",dirichlet_0.1|15|post_footprint_on,worst_acc,0.55,0.55,1,0
"t3_design_space/per_seed_metrics__T9_noES_confirm.csv [prior noES, new early-stop: acc only, advisory]",dirichlet_0.1|15|pre_footprint_on,mean_acc,0.8409090909090909,0.8409090909090909,1,0
"t3_design_space/per_seed_metrics__T9_noES_confirm.csv [prior noES, new early-stop: acc only, advisory]",dirichlet_0.1|15|pre_footprint_on,worst_acc,0.5818181818181818,0.5818181818181818,1,0
"t3_design_space/per_seed_metrics__T9_noES_confirm.csv [prior noES, new early-stop: acc only, advisory]",dirichlet_0.1|15|pre_mass_on,mean_acc,0.8481060606060606,0.8481060606060606,1,0
"t3_design_space/per_seed_metrics__T9_noES_confirm.csv [prior noES, new early-stop: acc only, advisory]",dirichlet_0.1|15|pre_mass_on,worst_acc,0.5818181818181818,0.5818181818181818,1,0
"t3_design_space/per_seed_metrics__T9_noES_confirm.csv [prior noES, new early-stop: acc only, advisory]",dirichlet_0.1|16|post_footprint_on,mean_acc,1.0,1.0,1,0
"t3_design_space/per_seed_metrics__T9_noES_confirm.csv [prior noES, new early-stop: acc only, advisory]",dirichlet_0.1|16|post_footprint_on,worst_acc,1.0,1.0,1,0
"t3_design_space/per_seed_metrics__T9_noES_confirm.csv [prior noES, new early-stop: acc only, advisory]",dirichlet_0.1|16|pre_footprint_on,mean_acc,1.0,1.0,1,0
"t3_design_space/per_seed_metrics__T9_noES_confirm.csv [prior noES, new early-stop: acc only, advisory]",dirichlet_0.1|16|pre_footprint_on,worst_acc,1.0,1.0,1,0
"t3_design_space/per_seed_metrics__T9_noES_confirm.csv [prior noES, new early-stop: acc only, advisory]",dirichlet_0.1|16|pre_mass_on,mean_acc,1.0,1.0,1,0
"t3_design_space/per_seed_metrics__T9_noES_confirm.csv [prior noES, new early-stop: acc only, advisory]",dirichlet_0.1|16|pre_mass_on,worst_acc,1.0,1.0,1,0
"t3_design_space/per_seed_metrics__T9_noES_confirm.csv [prior noES, new early-stop: acc only, advisory]",dirichlet_0.1|17|post_footprint_on,mean_acc,1.0,1.0,1,0
"t3_design_space/per_seed_metrics__T9_noES_confirm.csv [prior noES, new early-stop: acc only, advisory]",dirichlet_0.1|17|post_footprint_on,worst_acc,1.0,1.0,1,0
"t3_design_space/per_seed_metrics__T9_noES_confirm.csv [prior noES, new early-stop: acc only, advisory]",dirichlet_0.1|17|pre_footprint_on,mean_acc,1.0,1.0,1,0
"t3_design_space/per_seed_metrics__T9_noES_confirm.csv [prior noES, new early-stop: acc only, advisory]",dirichlet_0.1|17|pre_footprint_on,worst_acc,1.0,1.0,1,0
"t3_design_space/per_seed_metrics__T9_noES_confirm.csv [prior noES, new early-stop: acc only, advisory]",dirichlet_0.1|17|pre_mass_on,mean_acc,1.0,1.0,1,0
"t3_design_space/per_seed_metrics__T9_noES_confirm.csv [prior noES, new early-stop: acc only, advisory]",dirichlet_0.1|17|pre_mass_on,worst_acc,1.0,1.0,1,0
"t3_design_space/per_seed_metrics__T9_noES_confirm.csv [prior noES, new early-stop: acc only, advisory]",dirichlet_0.1|18|post_footprint_on,mean_acc,1.0,1.0,1,0
"t3_design_space/per_seed_metrics__T9_noES_confirm.csv [prior noES, new early-stop: acc only, advisory]",dirichlet_0.1|18|post_footprint_on,worst_acc,1.0,1.0,1,0
"t3_design_space/per_seed_metrics__T9_noES_confirm.csv [prior noES, new early-stop: acc only, advisory]",dirichlet_0.1|18|pre_footprint_on,mean_acc,1.0,1.0,1,0
"t3_design_space/per_seed_metrics__T9_noES_confirm.csv [prior noES, new early-stop: acc only, advisory]",dirichlet_0.1|18|pre_footprint_on,worst_acc,1.0,1.0,1,0
"t3_design_space/per_seed_metrics__T9_noES_confirm.csv [prior noES, new early-stop: acc only, advisory]",dirichlet_0.1|18|pre_mass_on,mean_acc,1.0,1.0,1,0
"t3_design_space/per_seed_metrics__T9_noES_confirm.csv [prior noES, new early-stop: acc only, advisory]",dirichlet_0.1|18|pre_mass_on,worst_acc,1.0,1.0,1,0
"t3_design_space/per_seed_metrics__T9_noES_confirm.csv [prior noES, new early-stop: acc only, advisory]",dirichlet_0.1|19|post_footprint_on,mean_acc,1.0,1.0,1,0
"t3_design_space/per_seed_metrics__T9_noES_confirm.csv [prior noES, new early-stop: acc only, advisory]",dirichlet_0.1|19|post_footprint_on,worst_acc,1.0,1.0,1,0
"t3_design_space/per_seed_metrics__T9_noES_confirm.csv [prior noES, new early-stop: acc only, advisory]",dirichlet_0.1|19|pre_footprint_on,mean_acc,1.0,1.0,1,0
"t3_design_space/per_seed_metrics__T9_noES_confirm.csv [prior noES, new early-stop: acc only, advisory]",dirichlet_0.1|19|pre_footprint_on,worst_acc,1.0,1.0,1,0
"t3_design_space/per_seed_metrics__T9_noES_confirm.csv [prior noES, new early-stop: acc only, advisory]",dirichlet_0.1|19|pre_mass_on,mean_acc,1.0,1.0,1,0
"t3_design_space/per_seed_metrics__T9_noES_confirm.csv [prior noES, new early-stop: acc only, advisory]",dirichlet_0.1|19|pre_mass_on,worst_acc,1.0,1.0,1,0
"t3_design_space/per_seed_metrics__T9_noES_confirm.csv [prior noES, new early-stop: acc only, advisory]",overlap_noise|10|post_footprint_on,mean_acc,0.893560606060606,0.893560606060606,1,0
"t3_design_space/per_seed_metrics__T9_noES_confirm.csv [prior noES, new early-stop: acc only, advisory]",overlap_noise|10|post_footprint_on,worst_acc,0.8727272727272727,0.8727272727272727,1,0
"t3_design_space/per_seed_metrics__T9_noES_confirm.csv [prior noES, new early-stop: acc only, advisory]",overlap_noise|10|pre_footprint_on,mean_acc,0.8962121212121211,0.8962121212121211,1,0
"t3_design_space/per_seed_metrics__T9_noES_confirm.csv [prior noES, new early-stop: acc only, advisory]",overlap_noise|10|pre_footprint_on,worst_acc,0.8727272727272727,0.8727272727272727,1,0
"t3_design_space/per_seed_metrics__T9_noES_confirm.csv [prior noES, new early-stop: acc only, advisory]",overlap_noise|10|pre_mass_on,mean_acc,0.8946969696969695,0.8946969696969695,1,0
"t3_design_space/per_seed_metrics__T9_noES_confirm.csv [prior noES, new early-stop: acc only, advisory]",overlap_noise|10|pre_mass_on,worst_acc,0.8727272727272727,0.8727272727272727,1,0
"t3_design_space/per_seed_metrics__T9_noES_confirm.csv [prior noES, new early-stop: acc only, advisory]",overlap_noise|11|post_footprint_on,mean_acc,0.896969696969697,0.896969696969697,1,0
"t3_design_space/per_seed_metrics__T9_noES_confirm.csv [prior noES, new early-stop: acc only, advisory]",overlap_noise|11|post_footprint_on,worst_acc,0.8545454545454545,0.8545454545454545,1,0
"t3_design_space/per_seed_metrics__T9_noES_confirm.csv [prior noES, new early-stop: acc only, advisory]",overlap_noise|11|pre_footprint_on,mean_acc,0.7132575757575758,0.7132575757575758,1,0
"t3_design_space/per_seed_metrics__T9_noES_confirm.csv [prior noES, new early-stop: acc only, advisory]",overlap_noise|11|pre_footprint_on,worst_acc,0.5227272727272727,0.5227272727272727,1,0
"t3_design_space/per_seed_metrics__T9_noES_confirm.csv [prior noES, new early-stop: acc only, advisory]",overlap_noise|11|pre_mass_on,mean_acc,0.7143939393939394,0.7143939393939394,1,0
"t3_design_space/per_seed_metrics__T9_noES_confirm.csv [prior noES, new early-stop: acc only, advisory]",overlap_noise|11|pre_mass_on,worst_acc,0.5318181818181819,0.5318181818181819,1,0
"t3_design_space/per_seed_metrics__T9_noES_confirm.csv [prior noES, new early-stop: acc only, advisory]",overlap_noise|12|post_footprint_on,mean_acc,0.8958333333333335,0.8958333333333335,1,0
"t3_design_space/per_seed_metrics__T9_noES_confirm.csv [prior noES, new early-stop: acc only, advisory]",overlap_noise|12|post_footprint_on,worst_acc,0.8590909090909091,0.8590909090909091,1,0
"t3_design_space/per_seed_metrics__T9_noES_confirm.csv [prior noES, new early-stop: acc only, advisory]",overlap_noise|12|pre_footprint_on,mean_acc,0.897348484848485,0.897348484848485,1,0
"t3_design_space/per_seed_metrics__T9_noES_confirm.csv [prior noES, new early-stop: acc only, advisory]",overlap_noise|12|pre_footprint_on,worst_acc,0.8636363636363636,0.8636363636363636,1,0
"t3_design_space/per_seed_metrics__T9_noES_confirm.csv [prior noES, new early-stop: acc only, advisory]",overlap_noise|12|pre_mass_on,mean_acc,0.8962121212121213,0.8962121212121213,1,0
"t3_design_space/per_seed_metrics__T9_noES_confirm.csv [prior noES, new early-stop: acc only, advisory]",overlap_noise|12|pre_mass_on,worst_acc,0.8636363636363636,0.8636363636363636,1,0
"t3_design_space/per_seed_metrics__T9_noES_confirm.csv [prior noES, new early-stop: acc only, advisory]",overlap_noise|13|post_footprint_on,mean_acc,0.8007575757575759,0.8007575757575759,1,0
"t3_design_space/per_seed_metrics__T9_noES_confirm.csv [prior noES, new early-stop: acc only, advisory]",overlap_noise|13|post_footprint_on,worst_acc,0.6045454545454545,0.6045454545454545,1,0
"t3_design_space/per_seed_metrics__T9_noES_confirm.csv [prior noES, new early-stop: acc only, advisory]",overlap_noise|13|pre_footprint_on,mean_acc,0.8897727272727273,0.8897727272727273,1,0
"t3_design_space/per_seed_metrics__T9_noES_confirm.csv [prior noES, new early-stop: acc only, advisory]",overlap_noise|13|pre_footprint_on,worst_acc,0.8636363636363636,0.8636363636363636,1,0
"t3_design_space/per_seed_metrics__T9_noES_confirm.csv [prior noES, new early-stop: acc only, advisory]",overlap_noise|13|pre_mass_on,mean_acc,0.8859848484848484,0.8859848484848484,1,0
"t3_design_space/per_seed_metrics__T9_noES_confirm.csv [prior noES, new early-stop: acc only, advisory]",overlap_noise|13|pre_mass_on,worst_acc,0.85,0.85,1,0
"t3_design_space/per_seed_metrics__T9_noES_confirm.csv [prior noES, new early-stop: acc only, advisory]",overlap_noise|14|post_footprint_on,mean_acc,0.8946969696969697,0.8946969696969697,1,0
"t3_design_space/per_seed_metrics__T9_noES_confirm.csv [prior noES, new early-stop: acc only, advisory]",overlap_noise|14|post_footprint_on,worst_acc,0.8363636363636363,0.8363636363636363,1,0
"t3_design_space/per_seed_metrics__T9_noES_confirm.csv [prior noES, new early-stop: acc only, advisory]",overlap_noise|14|pre_footprint_on,mean_acc,0.8954545454545455,0.8954545454545455,1,0
"t3_design_space/per_seed_metrics__T9_noES_confirm.csv [prior noES, new early-stop: acc only, advisory]",overlap_noise|14|pre_footprint_on,worst_acc,0.8363636363636363,0.8363636363636363,1,0
"t3_design_space/per_seed_metrics__T9_noES_confirm.csv [prior noES, new early-stop: acc only, advisory]",overlap_noise|14|pre_mass_on,mean_acc,0.8946969696969697,0.8946969696969697,1,0
"t3_design_space/per_seed_metrics__T9_noES_confirm.csv [prior noES, new early-stop: acc only, advisory]",overlap_noise|14|pre_mass_on,worst_acc,0.8318181818181818,0.8318181818181818,1,0
"t3_design_space/per_seed_metrics__T9_noES_confirm.csv [prior noES, new early-stop: acc only, advisory]",overlap_noise|15|post_footprint_on,mean_acc,0.8893939393939393,0.8893939393939393,1,0
"t3_design_space/per_seed_metrics__T9_noES_confirm.csv [prior noES, new early-stop: acc only, advisory]",overlap_noise|15|post_footprint_on,worst_acc,0.8545454545454545,0.8545454545454545,1,0
"t3_design_space/per_seed_metrics__T9_noES_confirm.csv [prior noES, new early-stop: acc only, advisory]",overlap_noise|15|pre_footprint_on,mean_acc,0.8939393939393939,0.8939393939393939,1,0
"t3_design_space/per_seed_metrics__T9_noES_confirm.csv [prior noES, new early-stop: acc only, advisory]",overlap_noise|15|pre_footprint_on,worst_acc,0.8636363636363636,0.8636363636363636,1,0
"t3_design_space/per_seed_metrics__T9_noES_confirm.csv [prior noES, new early-stop: acc only, advisory]",overlap_noise|15|pre_mass_on,mean_acc,0.8916666666666666,0.8916666666666666,1,0
"t3_design_space/per_seed_metrics__T9_noES_confirm.csv [prior noES, new early-stop: acc only, advisory]",overlap_noise|15|pre_mass_on,worst_acc,0.8590909090909091,0.8590909090909091,1,0
"t3_design_space/per_seed_metrics__T9_noES_confirm.csv [prior noES, new early-stop: acc only, advisory]",overlap_noise|16|post_footprint_on,mean_acc,0.887878787878788,0.887878787878788,1,0
"t3_design_space/per_seed_metrics__T9_noES_confirm.csv [prior noES, new early-stop: acc only, advisory]",overlap_noise|16|post_footprint_on,worst_acc,0.8727272727272727,0.8727272727272727,1,0
"t3_design_space/per_seed_metrics__T9_noES_confirm.csv [prior noES, new early-stop: acc only, advisory]",overlap_noise|16|pre_footprint_on,mean_acc,0.8924242424242425,0.8924242424242425,1,0
"t3_design_space/per_seed_metrics__T9_noES_confirm.csv [prior noES, new early-stop: acc only, advisory]",overlap_noise|16|pre_footprint_on,worst_acc,0.8727272727272727,0.8727272727272727,1,0
"t3_design_space/per_seed_metrics__T9_noES_confirm.csv [prior noES, new early-stop: acc only, advisory]",overlap_noise|16|pre_mass_on,mean_acc,0.890530303030303,0.890530303030303,1,0
"t3_design_space/per_seed_metrics__T9_noES_confirm.csv [prior noES, new early-stop: acc only, advisory]",overlap_noise|16|pre_mass_on,worst_acc,0.8727272727272727,0.8727272727272727,1,0
"t3_design_space/per_seed_metrics__T9_noES_confirm.csv [prior noES, new early-stop: acc only, advisory]",overlap_noise|17|post_footprint_on,mean_acc,0.8799242424242424,0.8799242424242424,1,0
"t3_design_space/per_seed_metrics__T9_noES_confirm.csv [prior noES, new early-stop: acc only, advisory]",overlap_noise|17|post_footprint_on,worst_acc,0.8045454545454546,0.8045454545454546,1,0
"t3_design_space/per_seed_metrics__T9_noES_confirm.csv [prior noES, new early-stop: acc only, advisory]",overlap_noise|17|pre_footprint_on,mean_acc,0.8818181818181818,0.8818181818181818,1,0
"t3_design_space/per_seed_metrics__T9_noES_confirm.csv [prior noES, new early-stop: acc only, advisory]",overlap_noise|17|pre_footprint_on,worst_acc,0.8045454545454546,0.8045454545454546,1,0
"t3_design_space/per_seed_metrics__T9_noES_confirm.csv [prior noES, new early-stop: acc only, advisory]",overlap_noise|17|pre_mass_on,mean_acc,0.8795454545454547,0.8795454545454547,1,0
"t3_design_space/per_seed_metrics__T9_noES_confirm.csv [prior noES, new early-stop: acc only, advisory]",overlap_noise|17|pre_mass_on,worst_acc,0.8045454545454546,0.8045454545454546,1,0
"t3_design_space/per_seed_metrics__T9_noES_confirm.csv [prior noES, new early-stop: acc only, advisory]",overlap_noise|18|post_footprint_on,mean_acc,0.8924242424242425,0.8924242424242425,1,0
"t3_design_space/per_seed_metrics__T9_noES_confirm.csv [prior noES, new early-stop: acc only, advisory]",overlap_noise|18|post_footprint_on,worst_acc,0.8727272727272727,0.8727272727272727,1,0
"t3_design_space/per_seed_metrics__T9_noES_confirm.csv [prior noES, new early-stop: acc only, advisory]",overlap_noise|18|pre_footprint_on,mean_acc,0.8939393939393939,0.8939393939393939,1,0
"t3_design_space/per_seed_metrics__T9_noES_confirm.csv [prior noES, new early-stop: acc only, advisory]",overlap_noise|18|pre_footprint_on,worst_acc,0.8727272727272727,0.8727272727272727,1,0
"t3_design_space/per_seed_metrics__T9_noES_confirm.csv [prior noES, new early-stop: acc only, advisory]",overlap_noise|18|pre_mass_on,mean_acc,0.8924242424242426,0.8924242424242426,1,0
"t3_design_space/per_seed_metrics__T9_noES_confirm.csv [prior noES, new early-stop: acc only, advisory]",overlap_noise|18|pre_mass_on,worst_acc,0.8681818181818182,0.8681818181818182,1,0
"t3_design_space/per_seed_metrics__T9_noES_confirm.csv [prior noES, new early-stop: acc only, advisory]",overlap_noise|19|post_footprint_on,mean_acc,0.9022727272727273,0.9022727272727273,1,0
"t3_design_space/per_seed_metrics__T9_noES_confirm.csv [prior noES, new early-stop: acc only, advisory]",overlap_noise|19|post_footprint_on,worst_acc,0.8818181818181818,0.8818181818181818,1,0
"t3_design_space/per_seed_metrics__T9_noES_confirm.csv [prior noES, new early-stop: acc only, advisory]",overlap_noise|19|pre_footprint_on,mean_acc,0.9045454545454544,0.9045454545454544,1,0
"t3_design_space/per_seed_metrics__T9_noES_confirm.csv [prior noES, new early-stop: acc only, advisory]",overlap_noise|19|pre_footprint_on,worst_acc,0.8863636363636364,0.8863636363636364,1,0
"t3_design_space/per_seed_metrics__T9_noES_confirm.csv [prior noES, new early-stop: acc only, advisory]",overlap_noise|19|pre_mass_on,mean_acc,0.9034090909090908,0.9034090909090908,1,0
"t3_design_space/per_seed_metrics__T9_noES_confirm.csv [prior noES, new early-stop: acc only, advisory]",overlap_noise|19|pre_mass_on,worst_acc,0.8818181818181818,0.8818181818181818,1,0
"t3_design_space/per_seed_metrics__T9_noES_confirm.csv [prior noES, new early-stop: acc only, advisory]",quantity_skew_extreme|10|post_footprint_on,mean_acc,0.8375073227576686,0.8375073227576686,1,0
"t3_design_space/per_seed_metrics__T9_noES_confirm.csv [prior noES, new early-stop: acc only, advisory]",quantity_skew_extreme|10|post_footprint_on,worst_acc,0.55,0.55,1,0
"t3_design_space/per_seed_metrics__T9_noES_confirm.csv [prior noES, new early-stop: acc only, advisory]",quantity_skew_extreme|10|pre_footprint_on,mean_acc,0.8049373129006147,0.8049373129006147,1,0
"t3_design_space/per_seed_metrics__T9_noES_confirm.csv [prior noES, new early-stop: acc only, advisory]",quantity_skew_extreme|10|pre_footprint_on,worst_acc,0.55,0.55,1,0
"t3_design_space/per_seed_metrics__T9_noES_confirm.csv [prior noES, new early-stop: acc only, advisory]",quantity_skew_extreme|10|pre_mass_on,mean_acc,0.8355689917268844,0.8355689917268844,1,0
"t3_design_space/per_seed_metrics__T9_noES_confirm.csv [prior noES, new early-stop: acc only, advisory]",quantity_skew_extreme|10|pre_mass_on,worst_acc,0.55,0.55,1,0
"t3_design_space/per_seed_metrics__T9_noES_confirm.csv [prior noES, new early-stop: acc only, advisory]",quantity_skew_extreme|11|post_footprint_on,mean_acc,0.999730312837109,0.999730312837109,1,0
"t3_design_space/per_seed_metrics__T9_noES_confirm.csv [prior noES, new early-stop: acc only, advisory]",quantity_skew_extreme|11|post_footprint_on,worst_acc,0.9967637540453075,0.9967637540453075,1,0
"t3_design_space/per_seed_metrics__T9_noES_confirm.csv [prior noES, new early-stop: acc only, advisory]",quantity_skew_extreme|11|pre_footprint_on,mean_acc,1.0,1.0,1,0
"t3_design_space/per_seed_metrics__T9_noES_confirm.csv [prior noES, new early-stop: acc only, advisory]",quantity_skew_extreme|11|pre_footprint_on,worst_acc,1.0,1.0,1,0
"t3_design_space/per_seed_metrics__T9_noES_confirm.csv [prior noES, new early-stop: acc only, advisory]",quantity_skew_extreme|11|pre_mass_on,mean_acc,1.0,1.0,1,0
"t3_design_space/per_seed_metrics__T9_noES_confirm.csv [prior noES, new early-stop: acc only, advisory]",quantity_skew_extreme|11|pre_mass_on,worst_acc,1.0,1.0,1,0
"t3_design_space/per_seed_metrics__T9_noES_confirm.csv [prior noES, new early-stop: acc only, advisory]",quantity_skew_extreme|12|post_footprint_on,mean_acc,0.8652567100901991,0.8652567100901991,1,0
"t3_design_space/per_seed_metrics__T9_noES_confirm.csv [prior noES, new early-stop: acc only, advisory]",quantity_skew_extreme|12|post_footprint_on,worst_acc,0.6923076923076923,0.6923076923076923,1,0
"t3_design_space/per_seed_metrics__T9_noES_confirm.csv [prior noES, new early-stop: acc only, advisory]",quantity_skew_extreme|12|pre_footprint_on,mean_acc,0.8865336251466428,0.8865336251466428,1,0
"t3_design_space/per_seed_metrics__T9_noES_confirm.csv [prior noES, new early-stop: acc only, advisory]",quantity_skew_extreme|12|pre_footprint_on,worst_acc,0.6923076923076923,0.6923076923076923,1,0
"t3_design_space/per_seed_metrics__T9_noES_confirm.csv [prior noES, new early-stop: acc only, advisory]",quantity_skew_extreme|12|pre_mass_on,mean_acc,1.0,1.0,1,0
"t3_design_space/per_seed_metrics__T9_noES_confirm.csv [prior noES, new early-stop: acc only, advisory]",quantity_skew_extreme|12|pre_mass_on,worst_acc,1.0,1.0,1,0
"t3_design_space/per_seed_metrics__T9_noES_confirm.csv [prior noES, new early-stop: acc only, advisory]",quantity_skew_extreme|13|post_footprint_on,mean_acc,0.8576747533699995,0.8576747533699995,1,0
"t3_design_space/per_seed_metrics__T9_noES_confirm.csv [prior noES, new early-stop: acc only, advisory]",quantity_skew_extreme|13|post_footprint_on,worst_acc,0.6,0.6,1,0
"t3_design_space/per_seed_metrics__T9_noES_confirm.csv [prior noES, new early-stop: acc only, advisory]",quantity_skew_extreme|13|pre_footprint_on,mean_acc,0.8659935015812582,0.8659935015812582,1,0
"t3_design_space/per_seed_metrics__T9_noES_confirm.csv [prior noES, new early-stop: acc only, advisory]",quantity_skew_extreme|13|pre_footprint_on,worst_acc,0.6,0.6,1,0
"t3_design_space/per_seed_metrics__T9_noES_confirm.csv [prior noES, new early-stop: acc only, advisory]",quantity_skew_extreme|13|pre_mass_on,mean_acc,0.8793227896071482,0.8793227896071482,1,0
"t3_design_space/per_seed_metrics__T9_noES_confirm.csv [prior noES, new early-stop: acc only, advisory]",quantity_skew_extreme|13|pre_mass_on,worst_acc,0.6632390745501285,0.6632390745501285,1,0
"t3_design_space/per_seed_metrics__T9_noES_confirm.csv [prior noES, new early-stop: acc only, advisory]",quantity_skew_extreme|14|post_footprint_on,mean_acc,0.796442622008069,0.796442622008069,1,0
"t3_design_space/per_seed_metrics__T9_noES_confirm.csv [prior noES, new early-stop: acc only, advisory]",quantity_skew_extreme|14|post_footprint_on,worst_acc,0.5357142857142857,0.5357142857142857,1,0
"t3_design_space/per_seed_metrics__T9_noES_confirm.csv [prior noES, new early-stop: acc only, advisory]",quantity_skew_extreme|14|pre_footprint_on,mean_acc,0.7958166746393215,0.7958166746393215,1,0
"t3_design_space/per_seed_metrics__T9_noES_confirm.csv [prior noES, new early-stop: acc only, advisory]",quantity_skew_extreme|14|pre_footprint_on,worst_acc,0.539795918367347,0.539795918367347,1,0
"t3_design_space/per_seed_metrics__T9_noES_confirm.csv [prior noES, new early-stop: acc only, advisory]",quantity_skew_extreme|14|pre_mass_on,mean_acc,0.8346197051058709,0.8346197051058709,1,0
"t3_design_space/per_seed_metrics__T9_noES_confirm.csv [prior noES, new early-stop: acc only, advisory]",quantity_skew_extreme|14|pre_mass_on,worst_acc,0.5438775510204081,0.5438775510204081,1,0
"t3_design_space/per_seed_metrics__T9_noES_confirm.csv [prior noES, new early-stop: acc only, advisory]",quantity_skew_extreme|15|post_footprint_on,mean_acc,0.8162943249428842,0.8162943249428842,1,0
"t3_design_space/per_seed_metrics__T9_noES_confirm.csv [prior noES, new early-stop: acc only, advisory]",quantity_skew_extreme|15|post_footprint_on,worst_acc,0.5244215938303342,0.5244215938303342,1,0
"t3_design_space/per_seed_metrics__T9_noES_confirm.csv [prior noES, new early-stop: acc only, advisory]",quantity_skew_extreme|15|pre_footprint_on,mean_acc,0.8146237197202376,0.8146237197202376,1,0
"t3_design_space/per_seed_metrics__T9_noES_confirm.csv [prior noES, new early-stop: acc only, advisory]",quantity_skew_extreme|15|pre_footprint_on,worst_acc,0.5372750642673522,0.5372750642673522,1,0
"t3_design_space/per_seed_metrics__T9_noES_confirm.csv [prior noES, new early-stop: acc only, advisory]",quantity_skew_extreme|15|pre_mass_on,mean_acc,0.828800173374615,0.828800173374615,1,0
"t3_design_space/per_seed_metrics__T9_noES_confirm.csv [prior noES, new early-stop: acc only, advisory]",quantity_skew_extreme|15|pre_mass_on,worst_acc,0.5424164524421594,0.5424164524421594,1,0
"t3_design_space/per_seed_metrics__T9_noES_confirm.csv [prior noES, new early-stop: acc only, advisory]",quantity_skew_extreme|16|post_footprint_on,mean_acc,0.8184220066478439,0.8184220066478439,1,0
"t3_design_space/per_seed_metrics__T9_noES_confirm.csv [prior noES, new early-stop: acc only, advisory]",quantity_skew_extreme|16|post_footprint_on,worst_acc,0.55,0.55,1,0
"t3_design_space/per_seed_metrics__T9_noES_confirm.csv [prior noES, new early-stop: acc only, advisory]",quantity_skew_extreme|16|pre_footprint_on,mean_acc,0.8137443081811068,0.8137443081811068,1,0
"t3_design_space/per_seed_metrics__T9_noES_confirm.csv [prior noES, new early-stop: acc only, advisory]",quantity_skew_extreme|16|pre_footprint_on,worst_acc,0.5428571428571428,0.5428571428571428,1,0
"t3_design_space/per_seed_metrics__T9_noES_confirm.csv [prior noES, new early-stop: acc only, advisory]",quantity_skew_extreme|16|pre_mass_on,mean_acc,0.8154933286851412,0.8154933286851412,1,0
"t3_design_space/per_seed_metrics__T9_noES_confirm.csv [prior noES, new early-stop: acc only, advisory]",quantity_skew_extreme|16|pre_mass_on,worst_acc,0.5448979591836735,0.5448979591836735,1,0
"t3_design_space/per_seed_metrics__T9_noES_confirm.csv [prior noES, new early-stop: acc only, advisory]",quantity_skew_extreme|17|post_footprint_on,mean_acc,0.8270290832718142,0.8270290832718142,1,0
"t3_design_space/per_seed_metrics__T9_noES_confirm.csv [prior noES, new early-stop: acc only, advisory]",quantity_skew_extreme|17|post_footprint_on,worst_acc,0.5016181229773463,0.5016181229773463,1,0
"t3_design_space/per_seed_metrics__T9_noES_confirm.csv [prior noES, new early-stop: acc only, advisory]",quantity_skew_extreme|17|pre_footprint_on,mean_acc,0.8221259270807746,0.8221259270807746,1,0
"t3_design_space/per_seed_metrics__T9_noES_confirm.csv [prior noES, new early-stop: acc only, advisory]",quantity_skew_extreme|17|pre_footprint_on,worst_acc,0.5048543689320388,0.5048543689320388,1,0
"t3_design_space/per_seed_metrics__T9_noES_confirm.csv [prior noES, new early-stop: acc only, advisory]",quantity_skew_extreme|17|pre_mass_on,mean_acc,0.829300097348383,0.829300097348383,1,0
"t3_design_space/per_seed_metrics__T9_noES_confirm.csv [prior noES, new early-stop: acc only, advisory]",quantity_skew_extreme|17|pre_mass_on,worst_acc,0.5080906148867314,0.5080906148867314,1,0
"t3_design_space/per_seed_metrics__T9_noES_confirm.csv [prior noES, new early-stop: acc only, advisory]",quantity_skew_extreme|18|post_footprint_on,mean_acc,0.9985544217687075,0.9985544217687075,1,0
"t3_design_space/per_seed_metrics__T9_noES_confirm.csv [prior noES, new early-stop: acc only, advisory]",quantity_skew_extreme|18|post_footprint_on,worst_acc,0.986734693877551,0.986734693877551,1,0
"t3_design_space/per_seed_metrics__T9_noES_confirm.csv [prior noES, new early-stop: acc only, advisory]",quantity_skew_extreme|18|pre_footprint_on,mean_acc,1.0,1.0,1,0
"t3_design_space/per_seed_metrics__T9_noES_confirm.csv [prior noES, new early-stop: acc only, advisory]",quantity_skew_extreme|18|pre_footprint_on,worst_acc,1.0,1.0,1,0
"t3_design_space/per_seed_metrics__T9_noES_confirm.csv [prior noES, new early-stop: acc only, advisory]",quantity_skew_extreme|18|pre_mass_on,mean_acc,1.0,1.0,1,0
"t3_design_space/per_seed_metrics__T9_noES_confirm.csv [prior noES, new early-stop: acc only, advisory]",quantity_skew_extreme|18|pre_mass_on,worst_acc,1.0,1.0,1,0
"t3_design_space/per_seed_metrics__T9_noES_confirm.csv [prior noES, new early-stop: acc only, advisory]",quantity_skew_extreme|19|post_footprint_on,mean_acc,1.0,1.0,1,0
"t3_design_space/per_seed_metrics__T9_noES_confirm.csv [prior noES, new early-stop: acc only, advisory]",quantity_skew_extreme|19|post_footprint_on,worst_acc,1.0,1.0,1,0
"t3_design_space/per_seed_metrics__T9_noES_confirm.csv [prior noES, new early-stop: acc only, advisory]",quantity_skew_extreme|19|pre_footprint_on,mean_acc,0.8401852478778364,0.8401852478778364,1,0
"t3_design_space/per_seed_metrics__T9_noES_confirm.csv [prior noES, new early-stop: acc only, advisory]",quantity_skew_extreme|19|pre_footprint_on,worst_acc,0.5533980582524272,0.5533980582524272,1,0
"t3_design_space/per_seed_metrics__T9_noES_confirm.csv [prior noES, new early-stop: acc only, advisory]",quantity_skew_extreme|19|pre_mass_on,mean_acc,0.8399155607149454,0.8399155607149454,1,0
"t3_design_space/per_seed_metrics__T9_noES_confirm.csv [prior noES, new early-stop: acc only, advisory]",quantity_skew_extreme|19|pre_mass_on,worst_acc,0.5501618122977346,0.5501618122977346,1,0
"t3_design_space/per_seed_metrics__T9_noES_confirm.csv [prior noES, new early-stop: acc only, advisory]",wine|10|post_footprint_on,mean_acc,0.9285620915032681,0.9285620915032681,1,0
"t3_design_space/per_seed_metrics__T9_noES_confirm.csv [prior noES, new early-stop: acc only, advisory]",wine|10|post_footprint_on,worst_acc,0.8333333333333334,0.8333333333333334,1,0
"t3_design_space/per_seed_metrics__T9_noES_confirm.csv [prior noES, new early-stop: acc only, advisory]",wine|10|pre_footprint_on,mean_acc,0.9285620915032681,0.9285620915032681,1,0
"t3_design_space/per_seed_metrics__T9_noES_confirm.csv [prior noES, new early-stop: acc only, advisory]",wine|10|pre_footprint_on,worst_acc,0.8333333333333334,0.8333333333333334,1,0
"t3_design_space/per_seed_metrics__T9_noES_confirm.csv [prior noES, new early-stop: acc only, advisory]",wine|10|pre_mass_on,mean_acc,0.923562091503268,0.923562091503268,1,0
"t3_design_space/per_seed_metrics__T9_noES_confirm.csv [prior noES, new early-stop: acc only, advisory]",wine|10|pre_mass_on,worst_acc,0.8333333333333334,0.8333333333333334,1,0
"t3_design_space/per_seed_metrics__T9_noES_confirm.csv [prior noES, new early-stop: acc only, advisory]",wine|11|post_footprint_on,mean_acc,0.9439035087719299,0.9439035087719299,1,0
"t3_design_space/per_seed_metrics__T9_noES_confirm.csv [prior noES, new early-stop: acc only, advisory]",wine|11|post_footprint_on,worst_acc,0.8333333333333334,0.8333333333333334,1,0
"t3_design_space/per_seed_metrics__T9_noES_confirm.csv [prior noES, new early-stop: acc only, advisory]",wine|11|pre_footprint_on,mean_acc,0.9383479532163742,0.9383479532163742,1,0
"t3_design_space/per_seed_metrics__T9_noES_confirm.csv [prior noES, new early-stop: acc only, advisory]",wine|11|pre_footprint_on,worst_acc,0.8333333333333334,0.8333333333333334,1,0
"t3_design_space/per_seed_metrics__T9_noES_confirm.csv [prior noES, new early-stop: acc only, advisory]",wine|11|pre_mass_on,mean_acc,0.9209868421052633,0.9209868421052633,1,0
"t3_design_space/per_seed_metrics__T9_noES_confirm.csv [prior noES, new early-stop: acc only, advisory]",wine|11|pre_mass_on,worst_acc,0.8333333333333334,0.8333333333333334,1,0
"t3_design_space/per_seed_metrics__T9_noES_confirm.csv [prior noES, new early-stop: acc only, advisory]",wine|12|post_footprint_on,mean_acc,0.9404459064327485,0.9404459064327485,1,0
"t3_design_space/per_seed_metrics__T9_noES_confirm.csv [prior noES, new early-stop: acc only, advisory]",wine|12|post_footprint_on,worst_acc,0.85,0.85,1,0
"t3_design_space/per_seed_metrics__T9_noES_confirm.csv [prior noES, new early-stop: acc only, advisory]",wine|12|pre_footprint_on,mean_acc,0.934890350877193,0.934890350877193,1,0
"t3_design_space/per_seed_metrics__T9_noES_confirm.csv [prior noES, new early-stop: acc only, advisory]",wine|12|pre_footprint_on,worst_acc,0.8333333333333334,0.8333333333333334,1,0
"t3_design_space/per_seed_metrics__T9_noES_confirm.csv [prior noES, new early-stop: acc only, advisory]",wine|12|pre_mass_on,mean_acc,0.9152287581699345,0.9152287581699345,1,0
"t3_design_space/per_seed_metrics__T9_noES_confirm.csv [prior noES, new early-stop: acc only, advisory]",wine|12|pre_mass_on,worst_acc,0.7777777777777778,0.7777777777777778,1,0
"t3_design_space/per_seed_metrics__T9_noES_confirm.csv [prior noES, new early-stop: acc only, advisory]",wine|13|post_footprint_on,mean_acc,0.9347024423804611,0.9347024423804611,1,0
"t3_design_space/per_seed_metrics__T9_noES_confirm.csv [prior noES, new early-stop: acc only, advisory]",wine|13|post_footprint_on,worst_acc,0.8333333333333334,0.8333333333333334,1,0
"t3_design_space/per_seed_metrics__T9_noES_confirm.csv [prior noES, new early-stop: acc only, advisory]",wine|13|pre_footprint_on,mean_acc,0.9347024423804611,0.9347024423804611,1,0
"t3_design_space/per_seed_metrics__T9_noES_confirm.csv [prior noES, new early-stop: acc only, advisory]",wine|13|pre_footprint_on,worst_acc,0.8333333333333334,0.8333333333333334,1,0
"t3_design_space/per_seed_metrics__T9_noES_confirm.csv [prior noES, new early-stop: acc only, advisory]",wine|13|pre_mass_on,mean_acc,0.9116468868249055,0.9116468868249055,1,0
"t3_design_space/per_seed_metrics__T9_noES_confirm.csv [prior noES, new early-stop: acc only, advisory]",wine|13|pre_mass_on,worst_acc,0.8333333333333334,0.8333333333333334,1,0
"t3_design_space/per_seed_metrics__T9_noES_confirm.csv [prior noES, new early-stop: acc only, advisory]",wine|14|post_footprint_on,mean_acc,0.9281892844857241,0.9281892844857241,1,0
"t3_design_space/per_seed_metrics__T9_noES_confirm.csv [prior noES, new early-stop: acc only, advisory]",wine|14|post_footprint_on,worst_acc,0.8333333333333334,0.8333333333333334,1,0
"t3_design_space/per_seed_metrics__T9_noES_confirm.csv [prior noES, new early-stop: acc only, advisory]",wine|14|pre_footprint_on,mean_acc,0.9455847953216375,0.9455847953216375,1,0
"t3_design_space/per_seed_metrics__T9_noES_confirm.csv [prior noES, new early-stop: acc only, advisory]",wine|14|pre_footprint_on,worst_acc,0.8333333333333334,0.8333333333333334,1,0
"t3_design_space/per_seed_metrics__T9_noES_confirm.csv [prior noES, new early-stop: acc only, advisory]",wine|14|pre_mass_on,mean_acc,0.8835715514275886,0.8835715514275886,1,0
"t3_design_space/per_seed_metrics__T9_noES_confirm.csv [prior noES, new early-stop: acc only, advisory]",wine|14|pre_mass_on,worst_acc,0.7894736842105263,0.7894736842105263,1,0
"t3_design_space/per_seed_metrics__T9_noES_confirm.csv [prior noES, new early-stop: acc only, advisory]",wine|15|post_footprint_on,mean_acc,0.9240716374269006,0.9240716374269006,1,0
"t3_design_space/per_seed_metrics__T9_noES_confirm.csv [prior noES, new early-stop: acc only, advisory]",wine|15|post_footprint_on,worst_acc,0.7777777777777778,0.7777777777777778,1,0
"t3_design_space/per_seed_metrics__T9_noES_confirm.csv [prior noES, new early-stop: acc only, advisory]",wine|15|pre_footprint_on,mean_acc,0.9290716374269007,0.9290716374269007,1,0
"t3_design_space/per_seed_metrics__T9_noES_confirm.csv [prior noES, new early-stop: acc only, advisory]",wine|15|pre_footprint_on,worst_acc,0.7777777777777778,0.7777777777777778,1,0
"t3_design_space/per_seed_metrics__T9_noES_confirm.csv [prior noES, new early-stop: acc only, advisory]",wine|15|pre_mass_on,mean_acc,0.8850730994152046,0.8850730994152046,1,0
"t3_design_space/per_seed_metrics__T9_noES_confirm.csv [prior noES, new early-stop: acc only, advisory]",wine|15|pre_mass_on,worst_acc,0.7222222222222222,0.7222222222222222,1,0
"t3_design_space/per_seed_metrics__T9_noES_confirm.csv [prior noES, new early-stop: acc only, advisory]",wine|16|post_footprint_on,mean_acc,0.9347316821465428,0.9347316821465428,1,0
"t3_design_space/per_seed_metrics__T9_noES_confirm.csv [prior noES, new early-stop: acc only, advisory]",wine|16|post_footprint_on,worst_acc,0.7894736842105263,0.7894736842105263,1,0
"t3_design_space/per_seed_metrics__T9_noES_confirm.csv [prior noES, new early-stop: acc only, advisory]",wine|16|pre_footprint_on,mean_acc,0.9347316821465428,0.9347316821465428,1,0
"t3_design_space/per_seed_metrics__T9_noES_confirm.csv [prior noES, new early-stop: acc only, advisory]",wine|16|pre_footprint_on,worst_acc,0.7894736842105263,0.7894736842105263,1,0
"t3_design_space/per_seed_metrics__T9_noES_confirm.csv [prior noES, new early-stop: acc only, advisory]",wine|16|pre_mass_on,mean_acc,0.9072463020295837,0.9072463020295837,1,0
"t3_design_space/per_seed_metrics__T9_noES_confirm.csv [prior noES, new early-stop: acc only, advisory]",wine|16|pre_mass_on,worst_acc,0.7368421052631579,0.7368421052631579,1,0
"t3_design_space/per_seed_metrics__T9_noES_confirm.csv [prior noES, new early-stop: acc only, advisory]",wine|17|post_footprint_on,mean_acc,0.9217565359477125,0.9217565359477125,1,0
"t3_design_space/per_seed_metrics__T9_noES_confirm.csv [prior noES, new early-stop: acc only, advisory]",wine|17|post_footprint_on,worst_acc,0.7777777777777778,0.7777777777777778,1,0
"t3_design_space/per_seed_metrics__T9_noES_confirm.csv [prior noES, new early-stop: acc only, advisory]",wine|17|pre_footprint_on,mean_acc,0.9273120915032681,0.9273120915032681,1,0
"t3_design_space/per_seed_metrics__T9_noES_confirm.csv [prior noES, new early-stop: acc only, advisory]",wine|17|pre_footprint_on,worst_acc,0.7777777777777778,0.7777777777777778,1,0
"t3_design_space/per_seed_metrics__T9_noES_confirm.csv [prior noES, new early-stop: acc only, advisory]",wine|17|pre_mass_on,mean_acc,0.9000898692810457,0.9000898692810457,1,0
"t3_design_space/per_seed_metrics__T9_noES_confirm.csv [prior noES, new early-stop: acc only, advisory]",wine|17|pre_mass_on,worst_acc,0.7222222222222222,0.7222222222222222,1,0
"t3_design_space/per_seed_metrics__T9_noES_confirm.csv [prior noES, new early-stop: acc only, advisory]",wine|18|post_footprint_on,mean_acc,0.92062564499484,0.92062564499484,1,0
"t3_design_space/per_seed_metrics__T9_noES_confirm.csv [prior noES, new early-stop: acc only, advisory]",wine|18|post_footprint_on,worst_acc,0.8125,0.8125,1,0
"t3_design_space/per_seed_metrics__T9_noES_confirm.csv [prior noES, new early-stop: acc only, advisory]",wine|18|pre_footprint_on,mean_acc,0.92687564499484,0.92687564499484,1,0
"t3_design_space/per_seed_metrics__T9_noES_confirm.csv [prior noES, new early-stop: acc only, advisory]",wine|18|pre_footprint_on,worst_acc,0.8333333333333334,0.8333333333333334,1,0
"t3_design_space/per_seed_metrics__T9_noES_confirm.csv [prior noES, new early-stop: acc only, advisory]",wine|18|pre_mass_on,mean_acc,0.8920145338837289,0.8920145338837289,1,0
"t3_design_space/per_seed_metrics__T9_noES_confirm.csv [prior noES, new early-stop: acc only, advisory]",wine|18|pre_mass_on,worst_acc,0.8125,0.8125,1,0
"t3_design_space/per_seed_metrics__T9_noES_confirm.csv [prior noES, new early-stop: acc only, advisory]",wine|19|post_footprint_on,mean_acc,0.9461403508771931,0.9461403508771931,1,0
"t3_design_space/per_seed_metrics__T9_noES_confirm.csv [prior noES, new early-stop: acc only, advisory]",wine|19|post_footprint_on,worst_acc,0.8888888888888888,0.8888888888888888,1,0
"t3_design_space/per_seed_metrics__T9_noES_confirm.csv [prior noES, new early-stop: acc only, advisory]",wine|19|pre_footprint_on,mean_acc,0.9461403508771931,0.9461403508771931,1,0
"t3_design_space/per_seed_metrics__T9_noES_confirm.csv [prior noES, new early-stop: acc only, advisory]",wine|19|pre_footprint_on,worst_acc,0.8888888888888888,0.8888888888888888,1,0
"t3_design_space/per_seed_metrics__T9_noES_confirm.csv [prior noES, new early-stop: acc only, advisory]",wine|19|pre_mass_on,mean_acc,0.8775094599243207,0.8775094599243207,1,0
"t3_design_space/per_seed_metrics__T9_noES_confirm.csv [prior noES, new early-stop: acc only, advisory]",wine|19|pre_mass_on,worst_acc,0.7777777777777778,0.7777777777777778,1,0
"t3_design_space/per_seed_metrics__T9_noES_confirm.csv [prior noES, new early-stop: acc only, advisory]",satimage|10|post_footprint_on,mean_acc,0.6701464360296588,0.6701464360296588,1,0
"t3_design_space/per_seed_metrics__T9_noES_confirm.csv [prior noES, new early-stop: acc only, advisory]",satimage|10|post_footprint_on,worst_acc,0.49759229534510435,0.49759229534510435,1,0
"t3_design_space/per_seed_metrics__T9_noES_confirm.csv [prior noES, new early-stop: acc only, advisory]",satimage|10|pre_footprint_on,mean_acc,0.6581168501880706,0.6581168501880706,1,0
"t3_design_space/per_seed_metrics__T9_noES_confirm.csv [prior noES, new early-stop: acc only, advisory]",satimage|10|pre_footprint_on,worst_acc,0.45425361155698235,0.45425361155698235,1,0
"t3_design_space/per_seed_metrics__T9_noES_confirm.csv [prior noES, new early-stop: acc only, advisory]",satimage|10|pre_mass_on,mean_acc,0.6655296239229641,0.6655296239229641,1,0
"t3_design_space/per_seed_metrics__T9_noES_confirm.csv [prior noES, new early-stop: acc only, advisory]",satimage|10|pre_mass_on,worst_acc,0.45746388443017655,0.45746388443017655,1,0
"t3_design_space/per_seed_metrics__T9_noES_confirm.csv [prior noES, new early-stop: acc only, advisory]",satimage|11|post_footprint_on,mean_acc,0.6497567453560298,0.6497567453560298,1,0
"t3_design_space/per_seed_metrics__T9_noES_confirm.csv [prior noES, new early-stop: acc only, advisory]",satimage|11|post_footprint_on,worst_acc,0.5008025682182986,0.5008025682182986,1,0
"t3_design_space/per_seed_metrics__T9_noES_confirm.csv [prior noES, new early-stop: acc only, advisory]",satimage|11|pre_footprint_on,mean_acc,0.6457370089941006,0.6457370089941006,1,0
"t3_design_space/per_seed_metrics__T9_noES_confirm.csv [prior noES, new early-stop: acc only, advisory]",satimage|11|pre_footprint_on,worst_acc,0.5056179775280899,0.5056179775280899,1,0
"t3_design_space/per_seed_metrics__T9_noES_confirm.csv [prior noES, new early-stop: acc only, advisory]",satimage|11|pre_mass_on,mean_acc,0.6403593728360831,0.6403593728360831,1,0
"t3_design_space/per_seed_metrics__T9_noES_confirm.csv [prior noES, new early-stop: acc only, advisory]",satimage|11|pre_mass_on,worst_acc,0.5056179775280899,0.5056179775280899,1,0
"t3_design_space/per_seed_metrics__T9_noES_confirm.csv [prior noES, new early-stop: acc only, advisory]",satimage|12|post_footprint_on,mean_acc,0.677602542639369,0.677602542639369,1,0
"t3_design_space/per_seed_metrics__T9_noES_confirm.csv [prior noES, new early-stop: acc only, advisory]",satimage|12|post_footprint_on,worst_acc,0.4622792937399679,0.4622792937399679,1,0
"t3_design_space/per_seed_metrics__T9_noES_confirm.csv [prior noES, new early-stop: acc only, advisory]",satimage|12|pre_footprint_on,mean_acc,0.6549290728146571,0.6549290728146571,1,0
"t3_design_space/per_seed_metrics__T9_noES_confirm.csv [prior noES, new early-stop: acc only, advisory]",satimage|12|pre_footprint_on,worst_acc,0.4872364039955605,0.4872364039955605,1,0
"t3_design_space/per_seed_metrics__T9_noES_confirm.csv [prior noES, new early-stop: acc only, advisory]",satimage|12|pre_mass_on,mean_acc,0.67780511975675,0.67780511975675,1,0
"t3_design_space/per_seed_metrics__T9_noES_confirm.csv [prior noES, new early-stop: acc only, advisory]",satimage|12|pre_mass_on,worst_acc,0.4794672586015538,0.4794672586015538,1,0
"t3_design_space/per_seed_metrics__T9_noES_confirm.csv [prior noES, new early-stop: acc only, advisory]",satimage|13|post_footprint_on,mean_acc,0.6528307880956759,0.6528307880956759,1,0
"t3_design_space/per_seed_metrics__T9_noES_confirm.csv [prior noES, new early-stop: acc only, advisory]",satimage|13|post_footprint_on,worst_acc,0.5038845726970034,0.5038845726970034,1,0
"t3_design_space/per_seed_metrics__T9_noES_confirm.csv [prior noES, new early-stop: acc only, advisory]",satimage|13|pre_footprint_on,mean_acc,0.6565606796431526,0.6565606796431526,1,0
"t3_design_space/per_seed_metrics__T9_noES_confirm.csv [prior noES, new early-stop: acc only, advisory]",satimage|13|pre_footprint_on,worst_acc,0.5072142064372919,0.5072142064372919,1,0
"t3_design_space/per_seed_metrics__T9_noES_confirm.csv [prior noES, new early-stop: acc only, advisory]",satimage|13|pre_mass_on,mean_acc,0.6539825933055013,0.6539825933055013,1,0
"t3_design_space/per_seed_metrics__T9_noES_confirm.csv [prior noES, new early-stop: acc only, advisory]",satimage|13|pre_mass_on,worst_acc,0.5149833518312985,0.5149833518312985,1,0
"t3_design_space/per_seed_metrics__T9_noES_confirm.csv [prior noES, new early-stop: acc only, advisory]",satimage|14|post_footprint_on,mean_acc,0.6819205113109356,0.6819205113109356,1,0
"t3_design_space/per_seed_metrics__T9_noES_confirm.csv [prior noES, new early-stop: acc only, advisory]",satimage|14|post_footprint_on,worst_acc,0.46141479099678456,0.46141479099678456,1,0
"t3_design_space/per_seed_metrics__T9_noES_confirm.csv [prior noES, new early-stop: acc only, advisory]",satimage|14|pre_footprint_on,mean_acc,0.6824920873237625,0.6824920873237625,1,0
"t3_design_space/per_seed_metrics__T9_noES_confirm.csv [prior noES, new early-stop: acc only, advisory]",satimage|14|pre_footprint_on,worst_acc,0.4694533762057878,0.4694533762057878,1,0
"t3_design_space/per_seed_metrics__T9_noES_confirm.csv [prior noES, new early-stop: acc only, advisory]",satimage|14|pre_mass_on,mean_acc,0.6832990662328969,0.6832990662328969,1,0
"t3_design_space/per_seed_metrics__T9_noES_confirm.csv [prior noES, new early-stop: acc only, advisory]",satimage|14|pre_mass_on,worst_acc,0.45980707395498394,0.45980707395498394,1,0
"t3_design_space/per_seed_metrics__T9_noES_confirm.csv [prior noES, new early-stop: acc only, advisory]",satimage|15|post_footprint_on,mean_acc,0.6804843811459373,0.6804843811459373,1,0
"t3_design_space/per_seed_metrics__T9_noES_confirm.csv [prior noES, new early-stop: acc only, advisory]",satimage|15|post_footprint_on,worst_acc,0.4678456591639871,0.4678456591639871,1,0
"t3_design_space/per_seed_metrics__T9_noES_confirm.csv [prior noES, new early-stop: acc only, advisory]",satimage|15|pre_footprint_on,mean_acc,0.6815221992022849,0.6815221992022849,1,0
"t3_design_space/per_seed_metrics__T9_noES_confirm.csv [prior noES, new early-stop: acc only, advisory]",satimage|15|pre_footprint_on,worst_acc,0.4662379421221865,0.4662379421221865,1,0
"t3_design_space/per_seed_metrics__T9_noES_confirm.csv [prior noES, new early-stop: acc only, advisory]",satimage|15|pre_mass_on,mean_acc,0.6638603177670427,0.6638603177670427,1,0
"t3_design_space/per_seed_metrics__T9_noES_confirm.csv [prior noES, new early-stop: acc only, advisory]",satimage|15|pre_mass_on,worst_acc,0.5128617363344051,0.5128617363344051,1,0
"t3_design_space/per_seed_metrics__T9_noES_confirm.csv [prior noES, new early-stop: acc only, advisory]",satimage|16|post_footprint_on,mean_acc,0.6626207023790174,0.6626207023790174,1,0
"t3_design_space/per_seed_metrics__T9_noES_confirm.csv [prior noES, new early-stop: acc only, advisory]",satimage|16|post_footprint_on,worst_acc,0.4983922829581994,0.4983922829581994,1,0
"t3_design_space/per_seed_metrics__T9_noES_confirm.csv [prior noES, new early-stop: acc only, advisory]",satimage|16|pre_footprint_on,mean_acc,0.6570826820409297,0.6570826820409297,1,0
"t3_design_space/per_seed_metrics__T9_noES_confirm.csv [prior noES, new early-stop: acc only, advisory]",satimage|16|pre_footprint_on,worst_acc,0.5160771704180064,0.5160771704180064,1,0
"t3_design_space/per_seed_metrics__T9_noES_confirm.csv [prior noES, new early-stop: acc only, advisory]",satimage|16|pre_mass_on,mean_acc,0.6534769070551094,0.6534769070551094,1,0
"t3_design_space/per_seed_metrics__T9_noES_confirm.csv [prior noES, new early-stop: acc only, advisory]",satimage|16|pre_mass_on,worst_acc,0.5096463022508039,0.5096463022508039,1,0
"t3_design_space/per_seed_metrics__T9_noES_confirm.csv [prior noES, new early-stop: acc only, advisory]",satimage|17|post_footprint_on,mean_acc,0.6570786343661258,0.6570786343661258,1,0
"t3_design_space/per_seed_metrics__T9_noES_confirm.csv [prior noES, new early-stop: acc only, advisory]",satimage|17|post_footprint_on,worst_acc,0.4903536977491961,0.4903536977491961,1,0
"t3_design_space/per_seed_metrics__T9_noES_confirm.csv [prior noES, new early-stop: acc only, advisory]",satimage|17|pre_footprint_on,mean_acc,0.6704131459043176,0.6704131459043176,1,0
"t3_design_space/per_seed_metrics__T9_noES_confirm.csv [prior noES, new early-stop: acc only, advisory]",satimage|17|pre_footprint_on,worst_acc,0.5160771704180064,0.5160771704180064,1,0
"t3_design_space/per_seed_metrics__T9_noES_confirm.csv [prior noES, new early-stop: acc only, advisory]",satimage|17|pre_mass_on,mean_acc,0.6788525607855608,0.6788525607855608,1,0
"t3_design_space/per_seed_metrics__T9_noES_confirm.csv [prior noES, new early-stop: acc only, advisory]",satimage|17|pre_mass_on,worst_acc,0.4807073954983923,0.4807073954983923,1,0
"t3_design_space/per_seed_metrics__T9_noES_confirm.csv [prior noES, new early-stop: acc only, advisory]",satimage|18|post_footprint_on,mean_acc,0.6764051644510571,0.6764051644510571,1,0
"t3_design_space/per_seed_metrics__T9_noES_confirm.csv [prior noES, new early-stop: acc only, advisory]",satimage|18|post_footprint_on,worst_acc,0.4630225080385852,0.4630225080385852,1,0
"t3_design_space/per_seed_metrics__T9_noES_confirm.csv [prior noES, new early-stop: acc only, advisory]",satimage|18|pre_footprint_on,mean_acc,0.6812436910305321,0.6812436910305321,1,0
"t3_design_space/per_seed_metrics__T9_noES_confirm.csv [prior noES, new early-stop: acc only, advisory]",satimage|18|pre_footprint_on,worst_acc,0.4959871589085072,0.4959871589085072,1,0
"t3_design_space/per_seed_metrics__T9_noES_confirm.csv [prior noES, new early-stop: acc only, advisory]",satimage|18|pre_mass_on,mean_acc,0.6838133971065888,0.6838133971065888,1,0
"t3_design_space/per_seed_metrics__T9_noES_confirm.csv [prior noES, new early-stop: acc only, advisory]",satimage|18|pre_mass_on,worst_acc,0.5152487961476726,0.5152487961476726,1,0
"t3_design_space/per_seed_metrics__T9_noES_confirm.csv [prior noES, new early-stop: acc only, advisory]",satimage|19|post_footprint_on,mean_acc,0.6830703391880727,0.6830703391880727,1,0
"t3_design_space/per_seed_metrics__T9_noES_confirm.csv [prior noES, new early-stop: acc only, advisory]",satimage|19|post_footprint_on,worst_acc,0.45746388443017655,0.45746388443017655,1,0
"t3_design_space/per_seed_metrics__T9_noES_confirm.csv [prior noES, new early-stop: acc only, advisory]",satimage|19|pre_footprint_on,mean_acc,0.6518027006092302,0.6518027006092302,1,0
"t3_design_space/per_seed_metrics__T9_noES_confirm.csv [prior noES, new early-stop: acc only, advisory]",satimage|19|pre_footprint_on,worst_acc,0.5024077046548957,0.5024077046548957,1,0
"t3_design_space/per_seed_metrics__T9_noES_confirm.csv [prior noES, new early-stop: acc only, advisory]",satimage|19|pre_mass_on,mean_acc,0.6536477250618246,0.6536477250618246,1,0
"t3_design_space/per_seed_metrics__T9_noES_confirm.csv [prior noES, new early-stop: acc only, advisory]",satimage|19|pre_mass_on,worst_acc,0.4983922829581994,0.4983922829581994,1,0
"t3_design_space/per_seed_metrics__T9_noES_confirm.csv [prior noES, new early-stop: acc only, advisory]",pendigits|10|post_footprint_on,mean_acc,0.5943111838309076,0.5943111838309076,1,0
"t3_design_space/per_seed_metrics__T9_noES_confirm.csv [prior noES, new early-stop: acc only, advisory]",pendigits|10|post_footprint_on,worst_acc,0.4446494464944649,0.4446494464944649,1,0
"t3_design_space/per_seed_metrics__T9_noES_confirm.csv [prior noES, new early-stop: acc only, advisory]",pendigits|10|pre_footprint_on,mean_acc,0.6852141824232769,0.6852141824232769,1,0
"t3_design_space/per_seed_metrics__T9_noES_confirm.csv [prior noES, new early-stop: acc only, advisory]",pendigits|10|pre_footprint_on,worst_acc,0.48616236162361626,0.48616236162361626,1,0
"t3_design_space/per_seed_metrics__T9_noES_confirm.csv [prior noES, new early-stop: acc only, advisory]",pendigits|10|pre_mass_on,mean_acc,0.6849347275472587,0.6849347275472587,1,0
"t3_design_space/per_seed_metrics__T9_noES_confirm.csv [prior noES, new early-stop: acc only, advisory]",pendigits|10|pre_mass_on,worst_acc,0.4677121771217712,0.4677121771217712,1,0
"t3_design_space/per_seed_metrics__T9_noES_confirm.csv [prior noES, new early-stop: acc only, advisory]",pendigits|11|post_footprint_on,mean_acc,0.6128337580763532,0.6128337580763532,1,0
"t3_design_space/per_seed_metrics__T9_noES_confirm.csv [prior noES, new early-stop: acc only, advisory]",pendigits|11|post_footprint_on,worst_acc,0.5437062937062938,0.5437062937062938,1,0
"t3_design_space/per_seed_metrics__T9_noES_confirm.csv [prior noES, new early-stop: acc only, advisory]",pendigits|11|pre_footprint_on,mean_acc,0.6359644955776609,0.6359644955776609,1,0
"t3_design_space/per_seed_metrics__T9_noES_confirm.csv [prior noES, new early-stop: acc only, advisory]",pendigits|11|pre_footprint_on,worst_acc,0.5152073732718894,0.5152073732718894,1,0
"t3_design_space/per_seed_metrics__T9_noES_confirm.csv [prior noES, new early-stop: acc only, advisory]",pendigits|11|pre_mass_on,mean_acc,0.6337580019857664,0.6337580019857664,1,0
"t3_design_space/per_seed_metrics__T9_noES_confirm.csv [prior noES, new early-stop: acc only, advisory]",pendigits|11|pre_mass_on,worst_acc,0.5322878228782287,0.5322878228782287,1,0
"t3_design_space/per_seed_metrics__T9_noES_confirm.csv [prior noES, new early-stop: acc only, advisory]",pendigits|12|post_footprint_on,mean_acc,0.666638632115622,0.666638632115622,1,0
"t3_design_space/per_seed_metrics__T9_noES_confirm.csv [prior noES, new early-stop: acc only, advisory]",pendigits|12|post_footprint_on,worst_acc,0.5018450184501845,0.5018450184501845,1,0
"t3_design_space/per_seed_metrics__T9_noES_confirm.csv [prior noES, new early-stop: acc only, advisory]",pendigits|12|pre_footprint_on,mean_acc,0.6594286542722214,0.6594286542722214,1,0
"t3_design_space/per_seed_metrics__T9_noES_confirm.csv [prior noES, new early-stop: acc only, advisory]",pendigits|12|pre_footprint_on,worst_acc,0.5087412587412588,0.5087412587412588,1,0
"t3_design_space/per_seed_metrics__T9_noES_confirm.csv [prior noES, new early-stop: acc only, advisory]",pendigits|12|pre_mass_on,mean_acc,0.6556271051379775,0.6556271051379775,1,0
"t3_design_space/per_seed_metrics__T9_noES_confirm.csv [prior noES, new early-stop: acc only, advisory]",pendigits|12|pre_mass_on,worst_acc,0.564240790655885,0.564240790655885,1,0
"t3_design_space/per_seed_metrics__T9_noES_confirm.csv [prior noES, new early-stop: acc only, advisory]",pendigits|13|post_footprint_on,mean_acc,0.6808431787114554,0.6808431787114554,1,0
"t3_design_space/per_seed_metrics__T9_noES_confirm.csv [prior noES, new early-stop: acc only, advisory]",pendigits|13|post_footprint_on,worst_acc,0.564240790655885,0.564240790655885,1,0
"t3_design_space/per_seed_metrics__T9_noES_confirm.csv [prior noES, new early-stop: acc only, advisory]",pendigits|13|pre_footprint_on,mean_acc,0.6996802139853401,0.6996802139853401,1,0
"t3_design_space/per_seed_metrics__T9_noES_confirm.csv [prior noES, new early-stop: acc only, advisory]",pendigits|13|pre_footprint_on,worst_acc,0.573225516621743,0.573225516621743,1,0
"t3_design_space/per_seed_metrics__T9_noES_confirm.csv [prior noES, new early-stop: acc only, advisory]",pendigits|13|pre_mass_on,mean_acc,0.6780586524964702,0.6780586524964702,1,0
"t3_design_space/per_seed_metrics__T9_noES_confirm.csv [prior noES, new early-stop: acc only, advisory]",pendigits|13|pre_mass_on,worst_acc,0.5444743935309974,0.5444743935309974,1,0
"t3_design_space/per_seed_metrics__T9_noES_confirm.csv [prior noES, new early-stop: acc only, advisory]",pendigits|14|post_footprint_on,mean_acc,0.665377320086875,0.665377320086875,1,0
"t3_design_space/per_seed_metrics__T9_noES_confirm.csv [prior noES, new early-stop: acc only, advisory]",pendigits|14|post_footprint_on,worst_acc,0.5627306273062731,0.5627306273062731,1,0
"t3_design_space/per_seed_metrics__T9_noES_confirm.csv [prior noES, new early-stop: acc only, advisory]",pendigits|14|pre_footprint_on,mean_acc,0.6488721318360602,0.6488721318360602,1,0
"t3_design_space/per_seed_metrics__T9_noES_confirm.csv [prior noES, new early-stop: acc only, advisory]",pendigits|14|pre_footprint_on,worst_acc,0.5267527675276753,0.5267527675276753,1,0
"t3_design_space/per_seed_metrics__T9_noES_confirm.csv [prior noES, new early-stop: acc only, advisory]",pendigits|14|pre_mass_on,mean_acc,0.6911518937177393,0.6911518937177393,1,0
"t3_design_space/per_seed_metrics__T9_noES_confirm.csv [prior noES, new early-stop: acc only, advisory]",pendigits|14|pre_mass_on,worst_acc,0.5304428044280443,0.5304428044280443,1,0
"t3_design_space/per_seed_metrics__T9_noES_confirm.csv [prior noES, new early-stop: acc only, advisory]",pendigits|15|post_footprint_on,mean_acc,0.649633795823703,0.649633795823703,1,0
"t3_design_space/per_seed_metrics__T9_noES_confirm.csv [prior noES, new early-stop: acc only, advisory]",pendigits|15|post_footprint_on,worst_acc,0.5322878228782287,0.5322878228782287,1,0
"t3_design_space/per_seed_metrics__T9_noES_confirm.csv [prior noES, new early-stop: acc only, advisory]",pendigits|15|pre_footprint_on,mean_acc,0.6177443732928396,0.6177443732928396,1,0
"t3_design_space/per_seed_metrics__T9_noES_confirm.csv [prior noES, new early-stop: acc only, advisory]",pendigits|15|pre_footprint_on,worst_acc,0.5059907834101383,0.5059907834101383,1,0
"t3_design_space/per_seed_metrics__T9_noES_confirm.csv [prior noES, new early-stop: acc only, advisory]",pendigits|15|pre_mass_on,mean_acc,0.6327010406379666,0.6327010406379666,1,0
"t3_design_space/per_seed_metrics__T9_noES_confirm.csv [prior noES, new early-stop: acc only, advisory]",pendigits|15|pre_mass_on,worst_acc,0.5101476014760148,0.5101476014760148,1,0
"t3_design_space/per_seed_metrics__T9_noES_confirm.csv [prior noES, new early-stop: acc only, advisory]",pendigits|16|post_footprint_on,mean_acc,0.7043722229300283,0.7043722229300283,1,0
"t3_design_space/per_seed_metrics__T9_noES_confirm.csv [prior noES, new early-stop: acc only, advisory]",pendigits|16|post_footprint_on,worst_acc,0.5636531365313653,0.5636531365313653,1,0
"t3_design_space/per_seed_metrics__T9_noES_confirm.csv [prior noES, new early-stop: acc only, advisory]",pendigits|16|pre_footprint_on,mean_acc,0.6760445593781915,0.6760445593781915,1,0
"t3_design_space/per_seed_metrics__T9_noES_confirm.csv [prior noES, new early-stop: acc only, advisory]",pendigits|16|pre_footprint_on,worst_acc,0.5202952029520295,0.5202952029520295,1,0
"t3_design_space/per_seed_metrics__T9_noES_confirm.csv [prior noES, new early-stop: acc only, advisory]",pendigits|16|pre_mass_on,mean_acc,0.7087663646449482,0.7087663646449482,1,0
"t3_design_space/per_seed_metrics__T9_noES_confirm.csv [prior noES, new early-stop: acc only, advisory]",pendigits|16|pre_mass_on,worst_acc,0.559040590405904,0.559040590405904,1,0
"t3_design_space/per_seed_metrics__T9_noES_confirm.csv [prior noES, new early-stop: acc only, advisory]",pendigits|17|post_footprint_on,mean_acc,0.6309646066364298,0.6309646066364298,1,0
"t3_design_space/per_seed_metrics__T9_noES_confirm.csv [prior noES, new early-stop: acc only, advisory]",pendigits|17|post_footprint_on,worst_acc,0.4732472324723247,0.4732472324723247,1,0
"t3_design_space/per_seed_metrics__T9_noES_confirm.csv [prior noES, new early-stop: acc only, advisory]",pendigits|17|pre_footprint_on,mean_acc,0.5782939278534,0.5782939278534,1,0
"t3_design_space/per_seed_metrics__T9_noES_confirm.csv [prior noES, new early-stop: acc only, advisory]",pendigits|17|pre_footprint_on,worst_acc,0.47619047619047616,0.47619047619047616,1,0
"t3_design_space/per_seed_metrics__T9_noES_confirm.csv [prior noES, new early-stop: acc only, advisory]",pendigits|17|pre_mass_on,mean_acc,0.6350723029516644,0.6350723029516644,1,0
"t3_design_space/per_seed_metrics__T9_noES_confirm.csv [prior noES, new early-stop: acc only, advisory]",pendigits|17|pre_mass_on,worst_acc,0.46863468634686345,0.46863468634686345,1,0
"t3_design_space/per_seed_metrics__T9_noES_confirm.csv [prior noES, new early-stop: acc only, advisory]",pendigits|18|post_footprint_on,mean_acc,0.6439954070818968,0.6439954070818968,1,0
"t3_design_space/per_seed_metrics__T9_noES_confirm.csv [prior noES, new early-stop: acc only, advisory]",pendigits|18|post_footprint_on,worst_acc,0.5299539170506913,0.5299539170506913,1,0
"t3_design_space/per_seed_metrics__T9_noES_confirm.csv [prior noES, new early-stop: acc only, advisory]",pendigits|18|pre_footprint_on,mean_acc,0.6420719730430259,0.6420719730430259,1,0
"t3_design_space/per_seed_metrics__T9_noES_confirm.csv [prior noES, new early-stop: acc only, advisory]",pendigits|18|pre_footprint_on,worst_acc,0.5050691244239631,0.5050691244239631,1,0
"t3_design_space/per_seed_metrics__T9_noES_confirm.csv [prior noES, new early-stop: acc only, advisory]",pendigits|18|pre_mass_on,mean_acc,0.6586672539619849,0.6586672539619849,1,0
"t3_design_space/per_seed_metrics__T9_noES_confirm.csv [prior noES, new early-stop: acc only, advisory]",pendigits|18|pre_mass_on,worst_acc,0.5327188940092166,0.5327188940092166,1,0
"t3_design_space/per_seed_metrics__T9_noES_confirm.csv [prior noES, new early-stop: acc only, advisory]",pendigits|19|post_footprint_on,mean_acc,0.6632334604166583,0.6632334604166583,1,0
"t3_design_space/per_seed_metrics__T9_noES_confirm.csv [prior noES, new early-stop: acc only, advisory]",pendigits|19|post_footprint_on,worst_acc,0.47601476014760147,0.47601476014760147,1,0
"t3_design_space/per_seed_metrics__T9_noES_confirm.csv [prior noES, new early-stop: acc only, advisory]",pendigits|19|pre_footprint_on,mean_acc,0.7012854136888926,0.7012854136888926,1,0
"t3_design_space/per_seed_metrics__T9_noES_confirm.csv [prior noES, new early-stop: acc only, advisory]",pendigits|19|pre_footprint_on,worst_acc,0.5040431266846361,0.5040431266846361,1,0
"t3_design_space/per_seed_metrics__T9_noES_confirm.csv [prior noES, new early-stop: acc only, advisory]",pendigits|19|pre_mass_on,mean_acc,0.6942698015503295,0.6942698015503295,1,0
"t3_design_space/per_seed_metrics__T9_noES_confirm.csv [prior noES, new early-stop: acc only, advisory]",pendigits|19|pre_mass_on,worst_acc,0.5130278526504941,0.5130278526504941,1,0
"t3_design_space/per_seed_metrics__T9_noES_confirm.csv [prior noES, new early-stop: acc only, advisory]",digits_pca16|10|post_footprint_on,mean_acc,0.6166913348692945,0.6166913348692945,1,0
"t3_design_space/per_seed_metrics__T9_noES_confirm.csv [prior noES, new early-stop: acc only, advisory]",digits_pca16|10|post_footprint_on,worst_acc,0.4722222222222222,0.4722222222222222,1,0
"t3_design_space/per_seed_metrics__T9_noES_confirm.csv [prior noES, new early-stop: acc only, advisory]",digits_pca16|10|pre_footprint_on,mean_acc,0.650609562994629,0.650609562994629,1,0
"t3_design_space/per_seed_metrics__T9_noES_confirm.csv [prior noES, new early-stop: acc only, advisory]",digits_pca16|10|pre_footprint_on,worst_acc,0.4861878453038674,0.4861878453038674,1,0
"t3_design_space/per_seed_metrics__T9_noES_confirm.csv [prior noES, new early-stop: acc only, advisory]",digits_pca16|10|pre_mass_on,mean_acc,0.613767323897429,0.613767323897429,1,0
"t3_design_space/per_seed_metrics__T9_noES_confirm.csv [prior noES, new early-stop: acc only, advisory]",digits_pca16|10|pre_mass_on,worst_acc,0.34444444444444444,0.34444444444444444,1,0
"t3_design_space/per_seed_metrics__T9_noES_confirm.csv [prior noES, new early-stop: acc only, advisory]",digits_pca16|11|post_footprint_on,mean_acc,0.5642255759024016,0.5642255759024016,1,0
"t3_design_space/per_seed_metrics__T9_noES_confirm.csv [prior noES, new early-stop: acc only, advisory]",digits_pca16|11|post_footprint_on,worst_acc,0.4444444444444444,0.4444444444444444,1,0
"t3_design_space/per_seed_metrics__T9_noES_confirm.csv [prior noES, new early-stop: acc only, advisory]",digits_pca16|11|pre_footprint_on,mean_acc,0.5425367063663693,0.5425367063663693,1,0
"t3_design_space/per_seed_metrics__T9_noES_confirm.csv [prior noES, new early-stop: acc only, advisory]",digits_pca16|11|pre_footprint_on,worst_acc,0.4,0.4,1,0
"t3_design_space/per_seed_metrics__T9_noES_confirm.csv [prior noES, new early-stop: acc only, advisory]",digits_pca16|11|pre_mass_on,mean_acc,0.5516953480168361,0.5516953480168361,1,0
"t3_design_space/per_seed_metrics__T9_noES_confirm.csv [prior noES, new early-stop: acc only, advisory]",digits_pca16|11|pre_mass_on,worst_acc,0.4166666666666667,0.4166666666666667,1,0
"t3_design_space/per_seed_metrics__T9_noES_confirm.csv [prior noES, new early-stop: acc only, advisory]",digits_pca16|12|post_footprint_on,mean_acc,0.582000078528252,0.582000078528252,1,0
"t3_design_space/per_seed_metrics__T9_noES_confirm.csv [prior noES, new early-stop: acc only, advisory]",digits_pca16|12|post_footprint_on,worst_acc,0.4444444444444444,0.4444444444444444,1,0
"t3_design_space/per_seed_metrics__T9_noES_confirm.csv [prior noES, new early-stop: acc only, advisory]",digits_pca16|12|pre_footprint_on,mean_acc,0.5764428145699899,0.5764428145699899,1,0
"t3_design_space/per_seed_metrics__T9_noES_confirm.csv [prior noES, new early-stop: acc only, advisory]",digits_pca16|12|pre_footprint_on,worst_acc,0.3611111111111111,0.3611111111111111,1,0
"t3_design_space/per_seed_metrics__T9_noES_confirm.csv [prior noES, new early-stop: acc only, advisory]",digits_pca16|12|pre_mass_on,mean_acc,0.5575206411149702,0.5575206411149702,1,0
"t3_design_space/per_seed_metrics__T9_noES_confirm.csv [prior noES, new early-stop: acc only, advisory]",digits_pca16|12|pre_mass_on,worst_acc,0.37222222222222223,0.37222222222222223,1,0
"t3_design_space/per_seed_metrics__T9_noES_confirm.csv [prior noES, new early-stop: acc only, advisory]",digits_pca16|13|post_footprint_on,mean_acc,0.6277997985927197,0.6277997985927197,1,0
"t3_design_space/per_seed_metrics__T9_noES_confirm.csv [prior noES, new early-stop: acc only, advisory]",digits_pca16|13|post_footprint_on,worst_acc,0.4777777777777778,0.4777777777777778,1,0
"t3_design_space/per_seed_metrics__T9_noES_confirm.csv [prior noES, new early-stop: acc only, advisory]",digits_pca16|13|pre_footprint_on,mean_acc,0.6754269027376909,0.6754269027376909,1,0
"t3_design_space/per_seed_metrics__T9_noES_confirm.csv [prior noES, new early-stop: acc only, advisory]",digits_pca16|13|pre_footprint_on,worst_acc,0.48333333333333334,0.48333333333333334,1,0
"t3_design_space/per_seed_metrics__T9_noES_confirm.csv [prior noES, new early-stop: acc only, advisory]",digits_pca16|13|pre_mass_on,mean_acc,0.659862256378244,0.659862256378244,1,0
"t3_design_space/per_seed_metrics__T9_noES_confirm.csv [prior noES, new early-stop: acc only, advisory]",digits_pca16|13|pre_mass_on,worst_acc,0.4777777777777778,0.4777777777777778,1,0
"t3_design_space/per_seed_metrics__T9_noES_confirm.csv [prior noES, new early-stop: acc only, advisory]",digits_pca16|14|post_footprint_on,mean_acc,0.5996047651338696,0.5996047651338696,1,0
"t3_design_space/per_seed_metrics__T9_noES_confirm.csv [prior noES, new early-stop: acc only, advisory]",digits_pca16|14|post_footprint_on,worst_acc,0.4222222222222222,0.4222222222222222,1,0
"t3_design_space/per_seed_metrics__T9_noES_confirm.csv [prior noES, new early-stop: acc only, advisory]",digits_pca16|14|pre_footprint_on,mean_acc,0.6353127710492241,0.6353127710492241,1,0
"t3_design_space/per_seed_metrics__T9_noES_confirm.csv [prior noES, new early-stop: acc only, advisory]",digits_pca16|14|pre_footprint_on,worst_acc,0.4388888888888889,0.4388888888888889,1,0
"t3_design_space/per_seed_metrics__T9_noES_confirm.csv [prior noES, new early-stop: acc only, advisory]",digits_pca16|14|pre_mass_on,mean_acc,0.6377047189276078,0.6377047189276078,1,0
"t3_design_space/per_seed_metrics__T9_noES_confirm.csv [prior noES, new early-stop: acc only, advisory]",digits_pca16|14|pre_mass_on,worst_acc,0.42777777777777776,0.42777777777777776,1,0
"t3_design_space/per_seed_metrics__T9_noES_confirm.csv [prior noES, new early-stop: acc only, advisory]",digits_pca16|15|post_footprint_on,mean_acc,0.6079805878343328,0.6079805878343328,1,0
"t3_design_space/per_seed_metrics__T9_noES_confirm.csv [prior noES, new early-stop: acc only, advisory]",digits_pca16|15|post_footprint_on,worst_acc,0.46111111111111114,0.46111111111111114,1,0
"t3_design_space/per_seed_metrics__T9_noES_confirm.csv [prior noES, new early-stop: acc only, advisory]",digits_pca16|15|pre_footprint_on,mean_acc,0.5949446083314752,0.5949446083314752,1,0
"t3_design_space/per_seed_metrics__T9_noES_confirm.csv [prior noES, new early-stop: acc only, advisory]",digits_pca16|15|pre_footprint_on,worst_acc,0.3854748603351955,0.3854748603351955,1,0
"t3_design_space/per_seed_metrics__T9_noES_confirm.csv [prior noES, new early-stop: acc only, advisory]",digits_pca16|15|pre_mass_on,mean_acc,0.5777932666222899,0.5777932666222899,1,0
"t3_design_space/per_seed_metrics__T9_noES_confirm.csv [prior noES, new early-stop: acc only, advisory]",digits_pca16|15|pre_mass_on,worst_acc,0.39106145251396646,0.39106145251396646,1,0
"t3_design_space/per_seed_metrics__T9_noES_confirm.csv [prior noES, new early-stop: acc only, advisory]",digits_pca16|16|post_footprint_on,mean_acc,0.5874167557214841,0.5874167557214841,1,0
"t3_design_space/per_seed_metrics__T9_noES_confirm.csv [prior noES, new early-stop: acc only, advisory]",digits_pca16|16|post_footprint_on,worst_acc,0.4,0.4,1,0
"t3_design_space/per_seed_metrics__T9_noES_confirm.csv [prior noES, new early-stop: acc only, advisory]",digits_pca16|16|pre_footprint_on,mean_acc,0.66625306059452,0.66625306059452,1,0
"t3_design_space/per_seed_metrics__T9_noES_confirm.csv [prior noES, new early-stop: acc only, advisory]",digits_pca16|16|pre_footprint_on,worst_acc,0.46111111111111114,0.46111111111111114,1,0
"t3_design_space/per_seed_metrics__T9_noES_confirm.csv [prior noES, new early-stop: acc only, advisory]",digits_pca16|16|pre_mass_on,mean_acc,0.6029987003672959,0.6029987003672959,1,0
"t3_design_space/per_seed_metrics__T9_noES_confirm.csv [prior noES, new early-stop: acc only, advisory]",digits_pca16|16|pre_mass_on,worst_acc,0.4222222222222222,0.4222222222222222,1,0
"t3_design_space/per_seed_metrics__T9_noES_confirm.csv [prior noES, new early-stop: acc only, advisory]",digits_pca16|17|post_footprint_on,mean_acc,0.5549771998048272,0.5549771998048272,1,0
"t3_design_space/per_seed_metrics__T9_noES_confirm.csv [prior noES, new early-stop: acc only, advisory]",digits_pca16|17|post_footprint_on,worst_acc,0.3888888888888889,0.3888888888888889,1,0
"t3_design_space/per_seed_metrics__T9_noES_confirm.csv [prior noES, new early-stop: acc only, advisory]",digits_pca16|17|pre_footprint_on,mean_acc,0.5755027472403786,0.5755027472403786,1,0
"t3_design_space/per_seed_metrics__T9_noES_confirm.csv [prior noES, new early-stop: acc only, advisory]",digits_pca16|17|pre_footprint_on,worst_acc,0.4388888888888889,0.4388888888888889,1,0
"t3_design_space/per_seed_metrics__T9_noES_confirm.csv [prior noES, new early-stop: acc only, advisory]",digits_pca16|17|pre_mass_on,mean_acc,0.5426111509852383,0.5426111509852383,1,0
"t3_design_space/per_seed_metrics__T9_noES_confirm.csv [prior noES, new early-stop: acc only, advisory]",digits_pca16|17|pre_mass_on,worst_acc,0.4111111111111111,0.4111111111111111,1,0
"t3_design_space/per_seed_metrics__T9_noES_confirm.csv [prior noES, new early-stop: acc only, advisory]",digits_pca16|18|post_footprint_on,mean_acc,0.6512823652881845,0.6512823652881845,1,0
"t3_design_space/per_seed_metrics__T9_noES_confirm.csv [prior noES, new early-stop: acc only, advisory]",digits_pca16|18|post_footprint_on,worst_acc,0.4888888888888889,0.4888888888888889,1,0
"t3_design_space/per_seed_metrics__T9_noES_confirm.csv [prior noES, new early-stop: acc only, advisory]",digits_pca16|18|pre_footprint_on,mean_acc,0.6780143804379892,0.6780143804379892,1,0
"t3_design_space/per_seed_metrics__T9_noES_confirm.csv [prior noES, new early-stop: acc only, advisory]",digits_pca16|18|pre_footprint_on,worst_acc,0.5222222222222223,0.5222222222222223,1,0
"t3_design_space/per_seed_metrics__T9_noES_confirm.csv [prior noES, new early-stop: acc only, advisory]",digits_pca16|18|pre_mass_on,mean_acc,0.6612922994887886,0.6612922994887886,1,0
"t3_design_space/per_seed_metrics__T9_noES_confirm.csv [prior noES, new early-stop: acc only, advisory]",digits_pca16|18|pre_mass_on,worst_acc,0.4888888888888889,0.4888888888888889,1,0
"t3_design_space/per_seed_metrics__T9_noES_confirm.csv [prior noES, new early-stop: acc only, advisory]",digits_pca16|19|post_footprint_on,mean_acc,0.6162415579477187,0.6162415579477187,1,0
"t3_design_space/per_seed_metrics__T9_noES_confirm.csv [prior noES, new early-stop: acc only, advisory]",digits_pca16|19|post_footprint_on,worst_acc,0.5027624309392266,0.5027624309392266,1,0
"t3_design_space/per_seed_metrics__T9_noES_confirm.csv [prior noES, new early-stop: acc only, advisory]",digits_pca16|19|pre_footprint_on,mean_acc,0.6819356430898539,0.6819356430898539,1,0
"t3_design_space/per_seed_metrics__T9_noES_confirm.csv [prior noES, new early-stop: acc only, advisory]",digits_pca16|19|pre_footprint_on,worst_acc,0.5222222222222223,0.5222222222222223,1,0
"t3_design_space/per_seed_metrics__T9_noES_confirm.csv [prior noES, new early-stop: acc only, advisory]",digits_pca16|19|pre_mass_on,mean_acc,0.6548040228892431,0.6548040228892431,1,0
"t3_design_space/per_seed_metrics__T9_noES_confirm.csv [prior noES, new early-stop: acc only, advisory]",digits_pca16|19|pre_mass_on,worst_acc,0.5055555555555555,0.5055555555555555,1,0
"t3_design_space/per_seed_metrics__T9_noES_confirm.csv [prior noES, new early-stop: acc only, advisory]",digits_pca32|10|post_footprint_on,mean_acc,0.5940367071106754,0.5940367071106754,1,0
"t3_design_space/per_seed_metrics__T9_noES_confirm.csv [prior noES, new early-stop: acc only, advisory]",digits_pca32|10|post_footprint_on,worst_acc,0.37222222222222223,0.37222222222222223,1,0
"t3_design_space/per_seed_metrics__T9_noES_confirm.csv [prior noES, new early-stop: acc only, advisory]",digits_pca32|10|pre_footprint_on,mean_acc,0.6484809412397533,0.6484809412397533,1,0
"t3_design_space/per_seed_metrics__T9_noES_confirm.csv [prior noES, new early-stop: acc only, advisory]",digits_pca32|10|pre_footprint_on,worst_acc,0.4725274725274725,0.4725274725274725,1,0
"t3_design_space/per_seed_metrics__T9_noES_confirm.csv [prior noES, new early-stop: acc only, advisory]",digits_pca32|10|pre_mass_on,mean_acc,0.5864539954399458,0.5864539954399458,1,0
"t3_design_space/per_seed_metrics__T9_noES_confirm.csv [prior noES, new early-stop: acc only, advisory]",digits_pca32|10|pre_mass_on,worst_acc,0.4166666666666667,0.4166666666666667,1,0
"t3_design_space/per_seed_metrics__T9_noES_confirm.csv [prior noES, new early-stop: acc only, advisory]",digits_pca32|11|post_footprint_on,mean_acc,0.5543508234260408,0.5543508234260408,1,0
"t3_design_space/per_seed_metrics__T9_noES_confirm.csv [prior noES, new early-stop: acc only, advisory]",digits_pca32|11|post_footprint_on,worst_acc,0.35555555555555557,0.35555555555555557,1,0
"t3_design_space/per_seed_metrics__T9_noES_confirm.csv [prior noES, new early-stop: acc only, advisory]",digits_pca32|11|pre_footprint_on,mean_acc,0.5460127219929279,0.5460127219929279,1,0
"t3_design_space/per_seed_metrics__T9_noES_confirm.csv [prior noES, new early-stop: acc only, advisory]",digits_pca32|11|pre_footprint_on,worst_acc,0.3388888888888889,0.3388888888888889,1,0
"t3_design_space/per_seed_metrics__T9_noES_confirm.csv [prior noES, new early-stop: acc only, advisory]",digits_pca32|11|pre_mass_on,mean_acc,0.5205416243771339,0.5205416243771339,1,0
"t3_design_space/per_seed_metrics__T9_noES_confirm.csv [prior noES, new early-stop: acc only, advisory]",digits_pca32|11|pre_mass_on,worst_acc,0.3,0.3,1,0
"t3_design_space/per_seed_metrics__T9_noES_confirm.csv [prior noES, new early-stop: acc only, advisory]",digits_pca32|12|post_footprint_on,mean_acc,0.5640258663828548,0.5640258663828548,1,0
"t3_design_space/per_seed_metrics__T9_noES_confirm.csv [prior noES, new early-stop: acc only, advisory]",digits_pca32|12|post_footprint_on,worst_acc,0.37222222222222223,0.37222222222222223,1,0
"t3_design_space/per_seed_metrics__T9_noES_confirm.csv [prior noES, new early-stop: acc only, advisory]",digits_pca32|12|pre_footprint_on,mean_acc,0.5581737072125676,0.5581737072125676,1,0
"t3_design_space/per_seed_metrics__T9_noES_confirm.csv [prior noES, new early-stop: acc only, advisory]",digits_pca32|12|pre_footprint_on,worst_acc,0.35,0.35,1,0
"t3_design_space/per_seed_metrics__T9_noES_confirm.csv [prior noES, new early-stop: acc only, advisory]",digits_pca32|12|pre_mass_on,mean_acc,0.5623102091864507,0.5623102091864507,1,0
"t3_design_space/per_seed_metrics__T9_noES_confirm.csv [prior noES, new early-stop: acc only, advisory]",digits_pca32|12|pre_mass_on,worst_acc,0.34444444444444444,0.34444444444444444,1,0
"t3_design_space/per_seed_metrics__T9_noES_confirm.csv [prior noES, new early-stop: acc only, advisory]",digits_pca32|13|post_footprint_on,mean_acc,0.6080106772089288,0.6080106772089288,1,0
"t3_design_space/per_seed_metrics__T9_noES_confirm.csv [prior noES, new early-stop: acc only, advisory]",digits_pca32|13|post_footprint_on,worst_acc,0.4444444444444444,0.4444444444444444,1,0
"t3_design_space/per_seed_metrics__T9_noES_confirm.csv [prior noES, new early-stop: acc only, advisory]",digits_pca32|13|pre_footprint_on,mean_acc,0.6627339370487045,0.6627339370487045,1,0
"t3_design_space/per_seed_metrics__T9_noES_confirm.csv [prior noES, new early-stop: acc only, advisory]",digits_pca32|13|pre_footprint_on,worst_acc,0.5,0.5,1,0
"t3_design_space/per_seed_metrics__T9_noES_confirm.csv [prior noES, new early-stop: acc only, advisory]",digits_pca32|13|pre_mass_on,mean_acc,0.6282923003356871,0.6282923003356871,1,0
"t3_design_space/per_seed_metrics__T9_noES_confirm.csv [prior noES, new early-stop: acc only, advisory]",digits_pca32|13|pre_mass_on,worst_acc,0.4777777777777778,0.4777777777777778,1,0
"t3_design_space/per_seed_metrics__T9_noES_confirm.csv [prior noES, new early-stop: acc only, advisory]",digits_pca32|14|post_footprint_on,mean_acc,0.5454586368121535,0.5454586368121535,1,0
"t3_design_space/per_seed_metrics__T9_noES_confirm.csv [prior noES, new early-stop: acc only, advisory]",digits_pca32|14|post_footprint_on,worst_acc,0.39779005524861877,0.39779005524861877,1,0
"t3_design_space/per_seed_metrics__T9_noES_confirm.csv [prior noES, new early-stop: acc only, advisory]",digits_pca32|14|pre_footprint_on,mean_acc,0.625906428050534,0.625906428050534,1,0
"t3_design_space/per_seed_metrics__T9_noES_confirm.csv [prior noES, new early-stop: acc only, advisory]",digits_pca32|14|pre_footprint_on,worst_acc,0.3388888888888889,0.3388888888888889,1,0
"t3_design_space/per_seed_metrics__T9_noES_confirm.csv [prior noES, new early-stop: acc only, advisory]",digits_pca32|14|pre_mass_on,mean_acc,0.6260232852585783,0.6260232852585783,1,0
"t3_design_space/per_seed_metrics__T9_noES_confirm.csv [prior noES, new early-stop: acc only, advisory]",digits_pca32|14|pre_mass_on,worst_acc,0.29444444444444445,0.29444444444444445,1,0
"t3_design_space/per_seed_metrics__T9_noES_confirm.csv [prior noES, new early-stop: acc only, advisory]",digits_pca32|15|post_footprint_on,mean_acc,0.5950761103385498,0.5950761103385498,1,0
"t3_design_space/per_seed_metrics__T9_noES_confirm.csv [prior noES, new early-stop: acc only, advisory]",digits_pca32|15|post_footprint_on,worst_acc,0.3888888888888889,0.3888888888888889,1,0
"t3_design_space/per_seed_metrics__T9_noES_confirm.csv [prior noES, new early-stop: acc only, advisory]",digits_pca32|15|pre_footprint_on,mean_acc,0.6258503064468683,0.6258503064468683,1,0
"t3_design_space/per_seed_metrics__T9_noES_confirm.csv [prior noES, new early-stop: acc only, advisory]",digits_pca32|15|pre_footprint_on,worst_acc,0.4340659340659341,0.4340659340659341,1,0
"t3_design_space/per_seed_metrics__T9_noES_confirm.csv [prior noES, new early-stop: acc only, advisory]",digits_pca32|15|pre_mass_on,mean_acc,0.6162607697448738,0.6162607697448738,1,0
"t3_design_space/per_seed_metrics__T9_noES_confirm.csv [prior noES, new early-stop: acc only, advisory]",digits_pca32|15|pre_mass_on,worst_acc,0.46111111111111114,0.46111111111111114,1,0
"t3_design_space/per_seed_metrics__T9_noES_confirm.csv [prior noES, new early-stop: acc only, advisory]",digits_pca32|16|post_footprint_on,mean_acc,0.5962351313322958,0.5962351313322958,1,0
"t3_design_space/per_seed_metrics__T9_noES_confirm.csv [prior noES, new early-stop: acc only, advisory]",digits_pca32|16|post_footprint_on,worst_acc,0.4777777777777778,0.4777777777777778,1,0
"t3_design_space/per_seed_metrics__T9_noES_confirm.csv [prior noES, new early-stop: acc only, advisory]",digits_pca32|16|pre_footprint_on,mean_acc,0.6206612953878008,0.6206612953878008,1,0
"t3_design_space/per_seed_metrics__T9_noES_confirm.csv [prior noES, new early-stop: acc only, advisory]",digits_pca32|16|pre_footprint_on,worst_acc,0.4111111111111111,0.4111111111111111,1,0
"t3_design_space/per_seed_metrics__T9_noES_confirm.csv [prior noES, new early-stop: acc only, advisory]",digits_pca32|16|pre_mass_on,mean_acc,0.6013759878177454,0.6013759878177454,1,0
"t3_design_space/per_seed_metrics__T9_noES_confirm.csv [prior noES, new early-stop: acc only, advisory]",digits_pca32|16|pre_mass_on,worst_acc,0.38333333333333336,0.38333333333333336,1,0
"t3_design_space/per_seed_metrics__T9_noES_confirm.csv [prior noES, new early-stop: acc only, advisory]",digits_pca32|17|post_footprint_on,mean_acc,0.5681665116306813,0.5681665116306813,1,0
"t3_design_space/per_seed_metrics__T9_noES_confirm.csv [prior noES, new early-stop: acc only, advisory]",digits_pca32|17|post_footprint_on,worst_acc,0.40555555555555556,0.40555555555555556,1,0
"t3_design_space/per_seed_metrics__T9_noES_confirm.csv [prior noES, new early-stop: acc only, advisory]",digits_pca32|17|pre_footprint_on,mean_acc,0.5830659122317253,0.5830659122317253,1,0
"t3_design_space/per_seed_metrics__T9_noES_confirm.csv [prior noES, new early-stop: acc only, advisory]",digits_pca32|17|pre_footprint_on,worst_acc,0.43333333333333335,0.43333333333333335,1,0
"t3_design_space/per_seed_metrics__T9_noES_confirm.csv [prior noES, new early-stop: acc only, advisory]",digits_pca32|17|pre_mass_on,mean_acc,0.5323012230625213,0.5323012230625213,1,0
"t3_design_space/per_seed_metrics__T9_noES_confirm.csv [prior noES, new early-stop: acc only, advisory]",digits_pca32|17|pre_mass_on,worst_acc,0.29444444444444445,0.29444444444444445,1,0
"t3_design_space/per_seed_metrics__T9_noES_confirm.csv [prior noES, new early-stop: acc only, advisory]",digits_pca32|18|post_footprint_on,mean_acc,0.5718646458633425,0.5718646458633425,1,0
"t3_design_space/per_seed_metrics__T9_noES_confirm.csv [prior noES, new early-stop: acc only, advisory]",digits_pca32|18|post_footprint_on,worst_acc,0.4431818181818182,0.4431818181818182,1,0
"t3_design_space/per_seed_metrics__T9_noES_confirm.csv [prior noES, new early-stop: acc only, advisory]",digits_pca32|18|pre_footprint_on,mean_acc,0.6088783916808969,0.6088783916808969,1,0
"t3_design_space/per_seed_metrics__T9_noES_confirm.csv [prior noES, new early-stop: acc only, advisory]",digits_pca32|18|pre_footprint_on,worst_acc,0.46111111111111114,0.46111111111111114,1,0
"t3_design_space/per_seed_metrics__T9_noES_confirm.csv [prior noES, new early-stop: acc only, advisory]",digits_pca32|18|pre_mass_on,mean_acc,0.614739713408372,0.614739713408372,1,0
"t3_design_space/per_seed_metrics__T9_noES_confirm.csv [prior noES, new early-stop: acc only, advisory]",digits_pca32|18|pre_mass_on,worst_acc,0.40555555555555556,0.40555555555555556,1,0
"t3_design_space/per_seed_metrics__T9_noES_confirm.csv [prior noES, new early-stop: acc only, advisory]",digits_pca32|19|post_footprint_on,mean_acc,0.5976705132171403,0.5976705132171403,1,0
"t3_design_space/per_seed_metrics__T9_noES_confirm.csv [prior noES, new early-stop: acc only, advisory]",digits_pca32|19|post_footprint_on,worst_acc,0.35,0.35,1,0
"t3_design_space/per_seed_metrics__T9_noES_confirm.csv [prior noES, new early-stop: acc only, advisory]",digits_pca32|19|pre_footprint_on,mean_acc,0.6257129673864339,0.6257129673864339,1,0
"t3_design_space/per_seed_metrics__T9_noES_confirm.csv [prior noES, new early-stop: acc only, advisory]",digits_pca32|19|pre_footprint_on,worst_acc,0.3888888888888889,0.3888888888888889,1,0
"t3_design_space/per_seed_metrics__T9_noES_confirm.csv [prior noES, new early-stop: acc only, advisory]",digits_pca32|19|pre_mass_on,mean_acc,0.598847443422603,0.598847443422603,1,0
"t3_design_space/per_seed_metrics__T9_noES_confirm.csv [prior noES, new early-stop: acc only, advisory]",digits_pca32|19|pre_mass_on,worst_acc,0.4,0.4,1,0
"t3_design_space/per_seed_metrics__T9_noES_confirm.csv [prior noES, new early-stop: acc only, advisory]",letter|10|post_footprint_on,mean_acc,0.27871077788066756,0.27871077788066756,1,0
"t3_design_space/per_seed_metrics__T9_noES_confirm.csv [prior noES, new early-stop: acc only, advisory]",letter|10|post_footprint_on,worst_acc,0.23179611650485438,0.23179611650485438,1,0
"t3_design_space/per_seed_metrics__T9_noES_confirm.csv [prior noES, new early-stop: acc only, advisory]",letter|10|pre_footprint_on,mean_acc,0.2854468428719229,0.2854468428719229,1,0
"t3_design_space/per_seed_metrics__T9_noES_confirm.csv [prior noES, new early-stop: acc only, advisory]",letter|10|pre_footprint_on,worst_acc,0.2433252427184466,0.2433252427184466,1,0
"t3_design_space/per_seed_metrics__T9_noES_confirm.csv [prior noES, new early-stop: acc only, advisory]",letter|10|pre_mass_on,mean_acc,0.27862779780967706,0.27862779780967706,1,0
"t3_design_space/per_seed_metrics__T9_noES_confirm.csv [prior noES, new early-stop: acc only, advisory]",letter|10|pre_mass_on,worst_acc,0.22953289804118535,0.22953289804118535,1,0
"t3_design_space/per_seed_metrics__T9_noES_confirm.csv [prior noES, new early-stop: acc only, advisory]",letter|11|post_footprint_on,mean_acc,0.27395126026184,0.27395126026184,1,0
"t3_design_space/per_seed_metrics__T9_noES_confirm.csv [prior noES, new early-stop: acc only, advisory]",letter|11|post_footprint_on,worst_acc,0.24575242718446602,0.24575242718446602,1,0
"t3_design_space/per_seed_metrics__T9_noES_confirm.csv [prior noES, new early-stop: acc only, advisory]",letter|11|pre_footprint_on,mean_acc,0.2842623621317165,0.2842623621317165,1,0
"t3_design_space/per_seed_metrics__T9_noES_confirm.csv [prior noES, new early-stop: acc only, advisory]",letter|11|pre_footprint_on,worst_acc,0.22936893203883496,0.22936893203883496,1,0
"t3_design_space/per_seed_metrics__T9_noES_confirm.csv [prior noES, new early-stop: acc only, advisory]",letter|11|pre_mass_on,mean_acc,0.2947460085551301,0.2947460085551301,1,0
"t3_design_space/per_seed_metrics__T9_noES_confirm.csv [prior noES, new early-stop: acc only, advisory]",letter|11|pre_mass_on,worst_acc,0.23791018998272884,0.23791018998272884,1,0
"t3_design_space/per_seed_metrics__T9_noES_confirm.csv [prior noES, new early-stop: acc only, advisory]",letter|12|post_footprint_on,mean_acc,0.2708695087440571,0.2708695087440571,1,0
"t3_design_space/per_seed_metrics__T9_noES_confirm.csv [prior noES, new early-stop: acc only, advisory]",letter|12|post_footprint_on,worst_acc,0.21237864077669902,0.21237864077669902,1,0
"t3_design_space/per_seed_metrics__T9_noES_confirm.csv [prior noES, new early-stop: acc only, advisory]",letter|12|pre_footprint_on,mean_acc,0.28926873219754984,0.28926873219754984,1,0
"t3_design_space/per_seed_metrics__T9_noES_confirm.csv [prior noES, new early-stop: acc only, advisory]",letter|12|pre_footprint_on,worst_acc,0.1953883495145631,0.1953883495145631,1,0
"t3_design_space/per_seed_metrics__T9_noES_confirm.csv [prior noES, new early-stop: acc only, advisory]",letter|12|pre_mass_on,mean_acc,0.2681107057167895,0.2681107057167895,1,0
"t3_design_space/per_seed_metrics__T9_noES_confirm.csv [prior noES, new early-stop: acc only, advisory]",letter|12|pre_mass_on,worst_acc,0.1820388349514563,0.1820388349514563,1,0
"t3_design_space/per_seed_metrics__T9_noES_confirm.csv [prior noES, new early-stop: acc only, advisory]",letter|13|post_footprint_on,mean_acc,0.2673964075671375,0.2673964075671375,1,0
"t3_design_space/per_seed_metrics__T9_noES_confirm.csv [prior noES, new early-stop: acc only, advisory]",letter|13|post_footprint_on,worst_acc,0.19114077669902912,0.19114077669902912,1,0
"t3_design_space/per_seed_metrics__T9_noES_confirm.csv [prior noES, new early-stop: acc only, advisory]",letter|13|pre_footprint_on,mean_acc,0.2977929266307829,0.2977929266307829,1,0
"t3_design_space/per_seed_metrics__T9_noES_confirm.csv [prior noES, new early-stop: acc only, advisory]",letter|13|pre_footprint_on,worst_acc,0.23786407766990292,0.23786407766990292,1,0
"t3_design_space/per_seed_metrics__T9_noES_confirm.csv [prior noES, new early-stop: acc only, advisory]",letter|13|pre_mass_on,mean_acc,0.28473560663365394,0.28473560663365394,1,0
"t3_design_space/per_seed_metrics__T9_noES_confirm.csv [prior noES, new early-stop: acc only, advisory]",letter|13|pre_mass_on,worst_acc,0.23907766990291263,0.23907766990291263,1,0
"t3_design_space/per_seed_metrics__T9_noES_confirm.csv [prior noES, new early-stop: acc only, advisory]",letter|14|post_footprint_on,mean_acc,0.27021824868345956,0.27021824868345956,1,0
"t3_design_space/per_seed_metrics__T9_noES_confirm.csv [prior noES, new early-stop: acc only, advisory]",letter|14|post_footprint_on,worst_acc,0.22936893203883496,0.22936893203883496,1,0
"t3_design_space/per_seed_metrics__T9_noES_confirm.csv [prior noES, new early-stop: acc only, advisory]",letter|14|pre_footprint_on,mean_acc,0.2950301786920108,0.2950301786920108,1,0
"t3_design_space/per_seed_metrics__T9_noES_confirm.csv [prior noES, new early-stop: acc only, advisory]",letter|14|pre_footprint_on,worst_acc,0.24514563106796117,0.24514563106796117,1,0
"t3_design_space/per_seed_metrics__T9_noES_confirm.csv [prior noES, new early-stop: acc only, advisory]",letter|14|pre_mass_on,mean_acc,0.28525445713024433,0.28525445713024433,1,0
"t3_design_space/per_seed_metrics__T9_noES_confirm.csv [prior noES, new early-stop: acc only, advisory]",letter|14|pre_mass_on,worst_acc,0.24029126213592233,0.24029126213592233,1,0
"t3_design_space/per_seed_metrics__T9_noES_confirm.csv [prior noES, new early-stop: acc only, advisory]",letter|15|post_footprint_on,mean_acc,0.2722570019353351,0.2722570019353351,1,0
"t3_design_space/per_seed_metrics__T9_noES_confirm.csv [prior noES, new early-stop: acc only, advisory]",letter|15|post_footprint_on,worst_acc,0.22451456310679613,0.22451456310679613,1,0
"t3_design_space/per_seed_metrics__T9_noES_confirm.csv [prior noES, new early-stop: acc only, advisory]",letter|15|pre_footprint_on,mean_acc,0.2815913327377795,0.2815913327377795,1,0
"t3_design_space/per_seed_metrics__T9_noES_confirm.csv [prior noES, new early-stop: acc only, advisory]",letter|15|pre_footprint_on,worst_acc,0.20509708737864077,0.20509708737864077,1,0
"t3_design_space/per_seed_metrics__T9_noES_confirm.csv [prior noES, new early-stop: acc only, advisory]",letter|15|pre_mass_on,mean_acc,0.27274376378618853,0.27274376378618853,1,0
"t3_design_space/per_seed_metrics__T9_noES_confirm.csv [prior noES, new early-stop: acc only, advisory]",letter|15|pre_mass_on,worst_acc,0.20509708737864077,0.20509708737864077,1,0
"t3_design_space/per_seed_metrics__T9_noES_confirm.csv [prior noES, new early-stop: acc only, advisory]",letter|16|post_footprint_on,mean_acc,0.2725820872895285,0.2725820872895285,1,0
"t3_design_space/per_seed_metrics__T9_noES_confirm.csv [prior noES, new early-stop: acc only, advisory]",letter|16|post_footprint_on,worst_acc,0.21844660194174756,0.21844660194174756,1,0
"t3_design_space/per_seed_metrics__T9_noES_confirm.csv [prior noES, new early-stop: acc only, advisory]",letter|16|pre_footprint_on,mean_acc,0.2861332800501216,0.2861332800501216,1,0
"t3_design_space/per_seed_metrics__T9_noES_confirm.csv [prior noES, new early-stop: acc only, advisory]",letter|16|pre_footprint_on,worst_acc,0.2342233009708738,0.2342233009708738,1,0
"t3_design_space/per_seed_metrics__T9_noES_confirm.csv [prior noES, new early-stop: acc only, advisory]",letter|16|pre_mass_on,mean_acc,0.2945860305545206,0.2945860305545206,1,0
"t3_design_space/per_seed_metrics__T9_noES_confirm.csv [prior noES, new early-stop: acc only, advisory]",letter|16|pre_mass_on,worst_acc,0.2342233009708738,0.2342233009708738,1,0
"t3_design_space/per_seed_metrics__T9_noES_confirm.csv [prior noES, new early-stop: acc only, advisory]",letter|17|post_footprint_on,mean_acc,0.26775348944534355,0.26775348944534355,1,0
"t3_design_space/per_seed_metrics__T9_noES_confirm.csv [prior noES, new early-stop: acc only, advisory]",letter|17|post_footprint_on,worst_acc,0.2408980582524272,0.2408980582524272,1,0
"t3_design_space/per_seed_metrics__T9_noES_confirm.csv [prior noES, new early-stop: acc only, advisory]",letter|17|pre_footprint_on,mean_acc,0.2921559026935099,0.2921559026935099,1,0
"t3_design_space/per_seed_metrics__T9_noES_confirm.csv [prior noES, new early-stop: acc only, advisory]",letter|17|pre_footprint_on,worst_acc,0.26619789050728276,0.26619789050728276,1,0
"t3_design_space/per_seed_metrics__T9_noES_confirm.csv [prior noES, new early-stop: acc only, advisory]",letter|17|pre_mass_on,mean_acc,0.28392322787783303,0.28392322787783303,1,0
"t3_design_space/per_seed_metrics__T9_noES_confirm.csv [prior noES, new early-stop: acc only, advisory]",letter|17|pre_mass_on,worst_acc,0.24029126213592233,0.24029126213592233,1,0
"t3_design_space/per_seed_metrics__T9_noES_confirm.csv [prior noES, new early-stop: acc only, advisory]",letter|18|post_footprint_on,mean_acc,0.2744284552773785,0.2744284552773785,1,0
"t3_design_space/per_seed_metrics__T9_noES_confirm.csv [prior noES, new early-stop: acc only, advisory]",letter|18|post_footprint_on,worst_acc,0.22936893203883496,0.22936893203883496,1,0
"t3_design_space/per_seed_metrics__T9_noES_confirm.csv [prior noES, new early-stop: acc only, advisory]",letter|18|pre_footprint_on,mean_acc,0.301496908777869,0.301496908777869,1,0
"t3_design_space/per_seed_metrics__T9_noES_confirm.csv [prior noES, new early-stop: acc only, advisory]",letter|18|pre_footprint_on,worst_acc,0.20631067961165048,0.20631067961165048,1,0
"t3_design_space/per_seed_metrics__T9_noES_confirm.csv [prior noES, new early-stop: acc only, advisory]",letter|18|pre_mass_on,mean_acc,0.2880461371088237,0.2880461371088237,1,0
"t3_design_space/per_seed_metrics__T9_noES_confirm.csv [prior noES, new early-stop: acc only, advisory]",letter|18|pre_mass_on,worst_acc,0.22390776699029127,0.22390776699029127,1,0
"t3_design_space/per_seed_metrics__T9_noES_confirm.csv [prior noES, new early-stop: acc only, advisory]",letter|19|post_footprint_on,mean_acc,0.2769783738903071,0.2769783738903071,1,0
"t3_design_space/per_seed_metrics__T9_noES_confirm.csv [prior noES, new early-stop: acc only, advisory]",letter|19|post_footprint_on,worst_acc,0.25970873786407767,0.25970873786407767,1,0
"t3_design_space/per_seed_metrics__T9_noES_confirm.csv [prior noES, new early-stop: acc only, advisory]",letter|19|pre_footprint_on,mean_acc,0.291510496528464,0.291510496528464,1,0
"t3_design_space/per_seed_metrics__T9_noES_confirm.csv [prior noES, new early-stop: acc only, advisory]",letter|19|pre_footprint_on,worst_acc,0.23361650485436894,0.23361650485436894,1,0
"t3_design_space/per_seed_metrics__T9_noES_confirm.csv [prior noES, new early-stop: acc only, advisory]",letter|19|pre_mass_on,mean_acc,0.29456839993767214,0.29456839993767214,1,0
"t3_design_space/per_seed_metrics__T9_noES_confirm.csv [prior noES, new early-stop: acc only, advisory]",letter|19|pre_mass_on,worst_acc,0.23847087378640777,0.23847087378640777,1,0
"t3_design_space/per_seed_metrics__T9_noES_confirm.csv [prior noES, new early-stop: acc only, advisory]",mnist784_pca32 (20c)|10|post_footprint_on,mean_acc,0.49102457182598835,0.49102457182598835,1,0
"t3_design_space/per_seed_metrics__T9_noES_confirm.csv [prior noES, new early-stop: acc only, advisory]",mnist784_pca32 (20c)|10|post_footprint_on,worst_acc,0.400599700149925,0.400599700149925,1,0
"t3_design_space/per_seed_metrics__T9_noES_confirm.csv [prior noES, new early-stop: acc only, advisory]",mnist784_pca32 (20c)|10|pre_footprint_on,mean_acc,0.538416577351043,0.538416577351043,1,0
"t3_design_space/per_seed_metrics__T9_noES_confirm.csv [prior noES, new early-stop: acc only, advisory]",mnist784_pca32 (20c)|10|pre_footprint_on,worst_acc,0.4862183020948181,0.4862183020948181,1,0
"t3_design_space/per_seed_metrics__T9_noES_confirm.csv [prior noES, new early-stop: acc only, advisory]",mnist784_pca32 (20c)|10|pre_mass_on,mean_acc,0.5489838041261537,0.5489838041261537,1,0
"t3_design_space/per_seed_metrics__T9_noES_confirm.csv [prior noES, new early-stop: acc only, advisory]",mnist784_pca32 (20c)|10|pre_mass_on,worst_acc,0.4395802098950525,0.4395802098950525,1,0
"t3_design_space/per_seed_metrics__T9_noES_confirm.csv [prior noES, new early-stop: acc only, advisory]",mnist784_pca32 (20c)|11|post_footprint_on,mean_acc,0.5082447712209668,0.5082447712209668,1,0
"t3_design_space/per_seed_metrics__T9_noES_confirm.csv [prior noES, new early-stop: acc only, advisory]",mnist784_pca32 (20c)|11|post_footprint_on,worst_acc,0.4301460457426288,0.4301460457426288,1,0
"t3_design_space/per_seed_metrics__T9_noES_confirm.csv [prior noES, new early-stop: acc only, advisory]",mnist784_pca32 (20c)|11|pre_footprint_on,mean_acc,0.5628899121304951,0.5628899121304951,1,0
"t3_design_space/per_seed_metrics__T9_noES_confirm.csv [prior noES, new early-stop: acc only, advisory]",mnist784_pca32 (20c)|11|pre_footprint_on,worst_acc,0.45719738276990185,0.45719738276990185,1,0
"t3_design_space/per_seed_metrics__T9_noES_confirm.csv [prior noES, new early-stop: acc only, advisory]",mnist784_pca32 (20c)|11|pre_mass_on,mean_acc,0.5847538159107788,0.5847538159107788,1,0
"t3_design_space/per_seed_metrics__T9_noES_confirm.csv [prior noES, new early-stop: acc only, advisory]",mnist784_pca32 (20c)|11|pre_mass_on,worst_acc,0.4422518862449216,0.4422518862449216,1,0
"t3_design_space/per_seed_metrics__T9_noES_confirm.csv [prior noES, new early-stop: acc only, advisory]",mnist784_pca32 (20c)|12|post_footprint_on,mean_acc,0.4827030665123663,0.4827030665123663,1,0
"t3_design_space/per_seed_metrics__T9_noES_confirm.csv [prior noES, new early-stop: acc only, advisory]",mnist784_pca32 (20c)|12|post_footprint_on,worst_acc,0.40734603700635186,0.40734603700635186,1,0
"t3_design_space/per_seed_metrics__T9_noES_confirm.csv [prior noES, new early-stop: acc only, advisory]",mnist784_pca32 (20c)|12|pre_footprint_on,mean_acc,0.5116089016908197,0.5116089016908197,1,0
"t3_design_space/per_seed_metrics__T9_noES_confirm.csv [prior noES, new early-stop: acc only, advisory]",mnist784_pca32 (20c)|12|pre_footprint_on,worst_acc,0.37471526195899774,0.37471526195899774,1,0
"t3_design_space/per_seed_metrics__T9_noES_confirm.csv [prior noES, new early-stop: acc only, advisory]",mnist784_pca32 (20c)|12|pre_mass_on,mean_acc,0.5611713238952742,0.5611713238952742,1,0
"t3_design_space/per_seed_metrics__T9_noES_confirm.csv [prior noES, new early-stop: acc only, advisory]",mnist784_pca32 (20c)|12|pre_mass_on,worst_acc,0.484624145785877,0.484624145785877,1,0
"t3_design_space/per_seed_metrics__T9_noES_confirm.csv [prior noES, new early-stop: acc only, advisory]",mnist784_pca32 (20c)|13|post_footprint_on,mean_acc,0.4953871382096616,0.4953871382096616,1,0
"t3_design_space/per_seed_metrics__T9_noES_confirm.csv [prior noES, new early-stop: acc only, advisory]",mnist784_pca32 (20c)|13|post_footprint_on,worst_acc,0.42083456643977507,0.42083456643977507,1,0
"t3_design_space/per_seed_metrics__T9_noES_confirm.csv [prior noES, new early-stop: acc only, advisory]",mnist784_pca32 (20c)|13|pre_footprint_on,mean_acc,0.5735275149108171,0.5735275149108171,1,0
"t3_design_space/per_seed_metrics__T9_noES_confirm.csv [prior noES, new early-stop: acc only, advisory]",mnist784_pca32 (20c)|13|pre_footprint_on,worst_acc,0.4807190489997101,0.4807190489997101,1,0
"t3_design_space/per_seed_metrics__T9_noES_confirm.csv [prior noES, new early-stop: acc only, advisory]",mnist784_pca32 (20c)|13|pre_mass_on,mean_acc,0.5279656028479687,0.5279656028479687,1,0
"t3_design_space/per_seed_metrics__T9_noES_confirm.csv [prior noES, new early-stop: acc only, advisory]",mnist784_pca32 (20c)|13|pre_mass_on,worst_acc,0.40239043824701193,0.40239043824701193,1,0
"t3_design_space/per_seed_metrics__T9_noES_confirm.csv [prior noES, new early-stop: acc only, advisory]",mnist784_pca32 (20c)|14|post_footprint_on,mean_acc,0.5065516837076676,0.5065516837076676,1,0
"t3_design_space/per_seed_metrics__T9_noES_confirm.csv [prior noES, new early-stop: acc only, advisory]",mnist784_pca32 (20c)|14|post_footprint_on,worst_acc,0.42998500749625185,0.42998500749625185,1,0
"t3_design_space/per_seed_metrics__T9_noES_confirm.csv [prior noES, new early-stop: acc only, advisory]",mnist784_pca32 (20c)|14|pre_footprint_on,mean_acc,0.5346336265398927,0.5346336265398927,1,0
"t3_design_space/per_seed_metrics__T9_noES_confirm.csv [prior noES, new early-stop: acc only, advisory]",mnist784_pca32 (20c)|14|pre_footprint_on,worst_acc,0.44906089926010245,0.44906089926010245,1,0
"t3_design_space/per_seed_metrics__T9_noES_confirm.csv [prior noES, new early-stop: acc only, advisory]",mnist784_pca32 (20c)|14|pre_mass_on,mean_acc,0.539346064865369,0.539346064865369,1,0
"t3_design_space/per_seed_metrics__T9_noES_confirm.csv [prior noES, new early-stop: acc only, advisory]",mnist784_pca32 (20c)|14|pre_mass_on,worst_acc,0.4430848036425726,0.4430848036425726,1,0
"t3_design_space/per_seed_metrics__T9_noES_confirm.csv [prior noES, new early-stop: acc only, advisory]",mnist784_pca32 (20c)|15|post_footprint_on,mean_acc,0.5257354168559065,0.5257354168559065,1,0
"t3_design_space/per_seed_metrics__T9_noES_confirm.csv [prior noES, new early-stop: acc only, advisory]",mnist784_pca32 (20c)|15|post_footprint_on,worst_acc,0.4389805097451274,0.4389805097451274,1,0
"t3_design_space/per_seed_metrics__T9_noES_confirm.csv [prior noES, new early-stop: acc only, advisory]",mnist784_pca32 (20c)|15|pre_footprint_on,mean_acc,0.5783173151376455,0.5783173151376455,1,0
"t3_design_space/per_seed_metrics__T9_noES_confirm.csv [prior noES, new early-stop: acc only, advisory]",mnist784_pca32 (20c)|15|pre_footprint_on,worst_acc,0.4165202108963093,0.4165202108963093,1,0
"t3_design_space/per_seed_metrics__T9_noES_confirm.csv [prior noES, new early-stop: acc only, advisory]",mnist784_pca32 (20c)|15|pre_mass_on,mean_acc,0.5548284635401337,0.5548284635401337,1,0
"t3_design_space/per_seed_metrics__T9_noES_confirm.csv [prior noES, new early-stop: acc only, advisory]",mnist784_pca32 (20c)|15|pre_mass_on,worst_acc,0.44903189066059224,0.44903189066059224,1,0
"t3_design_space/per_seed_metrics__T9_noES_confirm.csv [prior noES, new early-stop: acc only, advisory]",mnist784_pca32 (20c)|16|post_footprint_on,mean_acc,0.4971441144536774,0.4971441144536774,1,0
"t3_design_space/per_seed_metrics__T9_noES_confirm.csv [prior noES, new early-stop: acc only, advisory]",mnist784_pca32 (20c)|16|post_footprint_on,worst_acc,0.41429384965831434,0.41429384965831434,1,0
"t3_design_space/per_seed_metrics__T9_noES_confirm.csv [prior noES, new early-stop: acc only, advisory]",mnist784_pca32 (20c)|16|pre_footprint_on,mean_acc,0.49720512087005886,0.49720512087005886,1,0
"t3_design_space/per_seed_metrics__T9_noES_confirm.csv [prior noES, new early-stop: acc only, advisory]",mnist784_pca32 (20c)|16|pre_footprint_on,worst_acc,0.3695829926410466,0.3695829926410466,1,0
"t3_design_space/per_seed_metrics__T9_noES_confirm.csv [prior noES, new early-stop: acc only, advisory]",mnist784_pca32 (20c)|16|pre_mass_on,mean_acc,0.5368610752714378,0.5368610752714378,1,0
"t3_design_space/per_seed_metrics__T9_noES_confirm.csv [prior noES, new early-stop: acc only, advisory]",mnist784_pca32 (20c)|16|pre_mass_on,worst_acc,0.4179847685998828,0.4179847685998828,1,0
"t3_design_space/per_seed_metrics__T9_noES_confirm.csv [prior noES, new early-stop: acc only, advisory]",mnist784_pca32 (20c)|17|post_footprint_on,mean_acc,0.49415580196118897,0.49415580196118897,1,0
"t3_design_space/per_seed_metrics__T9_noES_confirm.csv [prior noES, new early-stop: acc only, advisory]",mnist784_pca32 (20c)|17|post_footprint_on,worst_acc,0.35112443778110947,0.35112443778110947,1,0
"t3_design_space/per_seed_metrics__T9_noES_confirm.csv [prior noES, new early-stop: acc only, advisory]",mnist784_pca32 (20c)|17|pre_footprint_on,mean_acc,0.5470302053932417,0.5470302053932417,1,0
"t3_design_space/per_seed_metrics__T9_noES_confirm.csv [prior noES, new early-stop: acc only, advisory]",mnist784_pca32 (20c)|17|pre_footprint_on,worst_acc,0.4496300512236767,0.4496300512236767,1,0
"t3_design_space/per_seed_metrics__T9_noES_confirm.csv [prior noES, new early-stop: acc only, advisory]",mnist784_pca32 (20c)|17|pre_mass_on,mean_acc,0.5581503868156897,0.5581503868156897,1,0
"t3_design_space/per_seed_metrics__T9_noES_confirm.csv [prior noES, new early-stop: acc only, advisory]",mnist784_pca32 (20c)|17|pre_mass_on,worst_acc,0.470973249857712,0.470973249857712,1,0
"t3_design_space/per_seed_metrics__T9_noES_confirm.csv [prior noES, new early-stop: acc only, advisory]",mnist784_pca32 (20c)|18|post_footprint_on,mean_acc,0.491507697238273,0.491507697238273,1,0
"t3_design_space/per_seed_metrics__T9_noES_confirm.csv [prior noES, new early-stop: acc only, advisory]",mnist784_pca32 (20c)|18|post_footprint_on,worst_acc,0.3761467889908257,0.3761467889908257,1,0
"t3_design_space/per_seed_metrics__T9_noES_confirm.csv [prior noES, new early-stop: acc only, advisory]",mnist784_pca32 (20c)|18|pre_footprint_on,mean_acc,0.5839538126724013,0.5839538126724013,1,0
"t3_design_space/per_seed_metrics__T9_noES_confirm.csv [prior noES, new early-stop: acc only, advisory]",mnist784_pca32 (20c)|18|pre_footprint_on,worst_acc,0.45342706502636204,0.45342706502636204,1,0
"t3_design_space/per_seed_metrics__T9_noES_confirm.csv [prior noES, new early-stop: acc only, advisory]",mnist784_pca32 (20c)|18|pre_mass_on,mean_acc,0.5423776453241469,0.5423776453241469,1,0
"t3_design_space/per_seed_metrics__T9_noES_confirm.csv [prior noES, new early-stop: acc only, advisory]",mnist784_pca32 (20c)|18|pre_mass_on,worst_acc,0.46527981248168765,0.46527981248168765,1,0
"t3_design_space/per_seed_metrics__T9_noES_confirm.csv [prior noES, new early-stop: acc only, advisory]",mnist784_pca32 (20c)|19|post_footprint_on,mean_acc,0.48616463809671184,0.48616463809671184,1,0
"t3_design_space/per_seed_metrics__T9_noES_confirm.csv [prior noES, new early-stop: acc only, advisory]",mnist784_pca32 (20c)|19|post_footprint_on,worst_acc,0.3826086956521739,0.3826086956521739,1,0
"t3_design_space/per_seed_metrics__T9_noES_confirm.csv [prior noES, new early-stop: acc only, advisory]",mnist784_pca32 (20c)|19|pre_footprint_on,mean_acc,0.5187839275170375,0.5187839275170375,1,0
"t3_design_space/per_seed_metrics__T9_noES_confirm.csv [prior noES, new early-stop: acc only, advisory]",mnist784_pca32 (20c)|19|pre_footprint_on,worst_acc,0.4103665521191294,0.4103665521191294,1,0
"t3_design_space/per_seed_metrics__T9_noES_confirm.csv [prior noES, new early-stop: acc only, advisory]",mnist784_pca32 (20c)|19|pre_mass_on,mean_acc,0.5241116580235973,0.5241116580235973,1,0
"t3_design_space/per_seed_metrics__T9_noES_confirm.csv [prior noES, new early-stop: acc only, advisory]",mnist784_pca32 (20c)|19|pre_mass_on,worst_acc,0.42640320733104237,0.42640320733104237,1,0
"t3_design_space/per_seed_metrics__T9_noES_confirm.csv [prior noES, new early-stop: acc only, advisory]",mnist784_pca32 (50c)|10|post_footprint_on,mean_acc,0.48734906494434665,0.48734906494434665,1,0
"t3_design_space/per_seed_metrics__T9_noES_confirm.csv [prior noES, new early-stop: acc only, advisory]",mnist784_pca32 (50c)|10|post_footprint_on,worst_acc,0.3836793128131711,0.3836793128131711,1,0
"t3_design_space/per_seed_metrics__T9_noES_confirm.csv [prior noES, new early-stop: acc only, advisory]",mnist784_pca32 (50c)|10|pre_footprint_on,mean_acc,0.5699531335263585,0.5699531335263585,1,0
"t3_design_space/per_seed_metrics__T9_noES_confirm.csv [prior noES, new early-stop: acc only, advisory]",mnist784_pca32 (50c)|10|pre_footprint_on,worst_acc,0.4467455621301775,0.4467455621301775,1,0
"t3_design_space/per_seed_metrics__T9_noES_confirm.csv [prior noES, new early-stop: acc only, advisory]",mnist784_pca32 (50c)|10|pre_mass_on,mean_acc,0.5406828076653425,0.5406828076653425,1,0
"t3_design_space/per_seed_metrics__T9_noES_confirm.csv [prior noES, new early-stop: acc only, advisory]",mnist784_pca32 (50c)|10|pre_mass_on,worst_acc,0.41551849166062366,0.41551849166062366,1,0
"t3_design_space/per_seed_metrics__T9_noES_confirm.csv [prior noES, new early-stop: acc only, advisory]",mnist784_pca32 (50c)|11|post_footprint_on,mean_acc,0.5036686714779344,0.5036686714779344,1,0
"t3_design_space/per_seed_metrics__T9_noES_confirm.csv [prior noES, new early-stop: acc only, advisory]",mnist784_pca32 (50c)|11|post_footprint_on,worst_acc,0.40483162518301613,0.40483162518301613,1,0
"t3_design_space/per_seed_metrics__T9_noES_confirm.csv [prior noES, new early-stop: acc only, advisory]",mnist784_pca32 (50c)|11|pre_footprint_on,mean_acc,0.5451762591142275,0.5451762591142275,1,0
"t3_design_space/per_seed_metrics__T9_noES_confirm.csv [prior noES, new early-stop: acc only, advisory]",mnist784_pca32 (50c)|11|pre_footprint_on,worst_acc,0.42341729067392786,0.42341729067392786,1,0
"t3_design_space/per_seed_metrics__T9_noES_confirm.csv [prior noES, new early-stop: acc only, advisory]",mnist784_pca32 (50c)|11|pre_mass_on,mean_acc,0.534240004056841,0.534240004056841,1,0
"t3_design_space/per_seed_metrics__T9_noES_confirm.csv [prior noES, new early-stop: acc only, advisory]",mnist784_pca32 (50c)|11|pre_mass_on,worst_acc,0.4002722940776038,0.4002722940776038,1,0
"t3_design_space/per_seed_metrics__T9_noES_confirm.csv [prior noES, new early-stop: acc only, advisory]",mnist784_pca32 (50c)|12|post_footprint_on,mean_acc,0.5147582972801613,0.5147582972801613,1,0
"t3_design_space/per_seed_metrics__T9_noES_confirm.csv [prior noES, new early-stop: acc only, advisory]",mnist784_pca32 (50c)|12|post_footprint_on,worst_acc,0.3853073463268366,0.3853073463268366,1,0
"t3_design_space/per_seed_metrics__T9_noES_confirm.csv [prior noES, new early-stop: acc only, advisory]",mnist784_pca32 (50c)|12|pre_footprint_on,mean_acc,0.5735779653769404,0.5735779653769404,1,0
"t3_design_space/per_seed_metrics__T9_noES_confirm.csv [prior noES, new early-stop: acc only, advisory]",mnist784_pca32 (50c)|12|pre_footprint_on,worst_acc,0.4917541229385307,0.4917541229385307,1,0
"t3_design_space/per_seed_metrics__T9_noES_confirm.csv [prior noES, new early-stop: acc only, advisory]",mnist784_pca32 (50c)|12|pre_mass_on,mean_acc,0.5336707753934375,0.5336707753934375,1,0
"t3_design_space/per_seed_metrics__T9_noES_confirm.csv [prior noES, new early-stop: acc only, advisory]",mnist784_pca32 (50c)|12|pre_mass_on,worst_acc,0.4179714091218516,0.4179714091218516,1,0
"t3_design_space/per_seed_metrics__T9_noES_confirm.csv [prior noES, new early-stop: acc only, advisory]",mnist784_pca32 (50c)|13|post_footprint_on,mean_acc,0.5114072673100758,0.5114072673100758,1,0
"t3_design_space/per_seed_metrics__T9_noES_confirm.csv [prior noES, new early-stop: acc only, advisory]",mnist784_pca32 (50c)|13|post_footprint_on,worst_acc,0.40074906367041196,0.40074906367041196,1,0
"t3_design_space/per_seed_metrics__T9_noES_confirm.csv [prior noES, new early-stop: acc only, advisory]",mnist784_pca32 (50c)|13|pre_footprint_on,mean_acc,0.5952171794182187,0.5952171794182187,1,0
"t3_design_space/per_seed_metrics__T9_noES_confirm.csv [prior noES, new early-stop: acc only, advisory]",mnist784_pca32 (50c)|13|pre_footprint_on,worst_acc,0.4626334519572954,0.4626334519572954,1,0
"t3_design_space/per_seed_metrics__T9_noES_confirm.csv [prior noES, new early-stop: acc only, advisory]",mnist784_pca32 (50c)|13|pre_mass_on,mean_acc,0.547909961246819,0.547909961246819,1,0
"t3_design_space/per_seed_metrics__T9_noES_confirm.csv [prior noES, new early-stop: acc only, advisory]",mnist784_pca32 (50c)|13|pre_mass_on,worst_acc,0.4136163982430454,0.4136163982430454,1,0
"t3_design_space/per_seed_metrics__T9_noES_confirm.csv [prior noES, new early-stop: acc only, advisory]",mnist784_pca32 (50c)|14|post_footprint_on,mean_acc,0.5026882805860373,0.5026882805860373,1,0
"t3_design_space/per_seed_metrics__T9_noES_confirm.csv [prior noES, new early-stop: acc only, advisory]",mnist784_pca32 (50c)|14|post_footprint_on,worst_acc,0.42277580071174375,0.42277580071174375,1,0
"t3_design_space/per_seed_metrics__T9_noES_confirm.csv [prior noES, new early-stop: acc only, advisory]",mnist784_pca32 (50c)|14|pre_footprint_on,mean_acc,0.5661070988260388,0.5661070988260388,1,0
"t3_design_space/per_seed_metrics__T9_noES_confirm.csv [prior noES, new early-stop: acc only, advisory]",mnist784_pca32 (50c)|14|pre_footprint_on,worst_acc,0.4358974358974359,0.4358974358974359,1,0
"t3_design_space/per_seed_metrics__T9_noES_confirm.csv [prior noES, new early-stop: acc only, advisory]",mnist784_pca32 (50c)|14|pre_mass_on,mean_acc,0.5615836346416471,0.5615836346416471,1,0
"t3_design_space/per_seed_metrics__T9_noES_confirm.csv [prior noES, new early-stop: acc only, advisory]",mnist784_pca32 (50c)|14|pre_mass_on,worst_acc,0.4301445285615967,0.4301445285615967,1,0
"t3_design_space/per_seed_metrics__T9_noES_confirm.csv [prior noES, new early-stop: acc only, advisory]",mnist784_pca32 (50c)|15|post_footprint_on,mean_acc,0.5033307146407647,0.5033307146407647,1,0
"t3_design_space/per_seed_metrics__T9_noES_confirm.csv [prior noES, new early-stop: acc only, advisory]",mnist784_pca32 (50c)|15|post_footprint_on,worst_acc,0.3797752808988764,0.3797752808988764,1,0
"t3_design_space/per_seed_metrics__T9_noES_confirm.csv [prior noES, new early-stop: acc only, advisory]",mnist784_pca32 (50c)|15|pre_footprint_on,mean_acc,0.5908823247518442,0.5908823247518442,1,0
"t3_design_space/per_seed_metrics__T9_noES_confirm.csv [prior noES, new early-stop: acc only, advisory]",mnist784_pca32 (50c)|15|pre_footprint_on,worst_acc,0.47829083390764987,0.47829083390764987,1,0
"t3_design_space/per_seed_metrics__T9_noES_confirm.csv [prior noES, new early-stop: acc only, advisory]",mnist784_pca32 (50c)|15|pre_mass_on,mean_acc,0.5577087063242938,0.5577087063242938,1,0
"t3_design_space/per_seed_metrics__T9_noES_confirm.csv [prior noES, new early-stop: acc only, advisory]",mnist784_pca32 (50c)|15|pre_mass_on,worst_acc,0.4321157822191592,0.4321157822191592,1,0
"t3_design_space/per_seed_metrics__T9_noES_confirm.csv [prior noES, new early-stop: acc only, advisory]",mnist784_pca32 (50c)|16|post_footprint_on,mean_acc,0.4745651083115991,0.4745651083115991,1,0
"t3_design_space/per_seed_metrics__T9_noES_confirm.csv [prior noES, new early-stop: acc only, advisory]",mnist784_pca32 (50c)|16|post_footprint_on,worst_acc,0.37224199288256227,0.37224199288256227,1,0
"t3_design_space/per_seed_metrics__T9_noES_confirm.csv [prior noES, new early-stop: acc only, advisory]",mnist784_pca32 (50c)|16|pre_footprint_on,mean_acc,0.5426512332005584,0.5426512332005584,1,0
"t3_design_space/per_seed_metrics__T9_noES_confirm.csv [prior noES, new early-stop: acc only, advisory]",mnist784_pca32 (50c)|16|pre_footprint_on,worst_acc,0.4167852062588905,0.4167852062588905,1,0
"t3_design_space/per_seed_metrics__T9_noES_confirm.csv [prior noES, new early-stop: acc only, advisory]",mnist784_pca32 (50c)|16|pre_mass_on,mean_acc,0.5543892466004814,0.5543892466004814,1,0
"t3_design_space/per_seed_metrics__T9_noES_confirm.csv [prior noES, new early-stop: acc only, advisory]",mnist784_pca32 (50c)|16|pre_mass_on,worst_acc,0.3871886120996441,0.3871886120996441,1,0
"t3_design_space/per_seed_metrics__T9_noES_confirm.csv [prior noES, new early-stop: acc only, advisory]",mnist784_pca32 (50c)|17|post_footprint_on,mean_acc,0.49947527890370935,0.49947527890370935,1,0
"t3_design_space/per_seed_metrics__T9_noES_confirm.csv [prior noES, new early-stop: acc only, advisory]",mnist784_pca32 (50c)|17|post_footprint_on,worst_acc,0.40014792899408286,0.40014792899408286,1,0
"t3_design_space/per_seed_metrics__T9_noES_confirm.csv [prior noES, new early-stop: acc only, advisory]",mnist784_pca32 (50c)|17|pre_footprint_on,mean_acc,0.5487365983182244,0.5487365983182244,1,0
"t3_design_space/per_seed_metrics__T9_noES_confirm.csv [prior noES, new early-stop: acc only, advisory]",mnist784_pca32 (50c)|17|pre_footprint_on,worst_acc,0.3865425912670007,0.3865425912670007,1,0
"t3_design_space/per_seed_metrics__T9_noES_confirm.csv [prior noES, new early-stop: acc only, advisory]",mnist784_pca32 (50c)|17|pre_mass_on,mean_acc,0.5216973186410643,0.5216973186410643,1,0
"t3_design_space/per_seed_metrics__T9_noES_confirm.csv [prior noES, new early-stop: acc only, advisory]",mnist784_pca32 (50c)|17|pre_mass_on,worst_acc,0.4022906227630637,0.4022906227630637,1,0
"t3_design_space/per_seed_metrics__T9_noES_confirm.csv [prior noES, new early-stop: acc only, advisory]",mnist784_pca32 (50c)|18|post_footprint_on,mean_acc,0.4940072942005622,0.4940072942005622,1,0
"t3_design_space/per_seed_metrics__T9_noES_confirm.csv [prior noES, new early-stop: acc only, advisory]",mnist784_pca32 (50c)|18|post_footprint_on,worst_acc,0.3594306049822064,0.3594306049822064,1,0
"t3_design_space/per_seed_metrics__T9_noES_confirm.csv [prior noES, new early-stop: acc only, advisory]",mnist784_pca32 (50c)|18|pre_footprint_on,mean_acc,0.5643230657070588,0.5643230657070588,1,0
"t3_design_space/per_seed_metrics__T9_noES_confirm.csv [prior noES, new early-stop: acc only, advisory]",mnist784_pca32 (50c)|18|pre_footprint_on,worst_acc,0.4370106761565836,0.4370106761565836,1,0
"t3_design_space/per_seed_metrics__T9_noES_confirm.csv [prior noES, new early-stop: acc only, advisory]",mnist784_pca32 (50c)|18|pre_mass_on,mean_acc,0.5481369234396234,0.5481369234396234,1,0
"t3_design_space/per_seed_metrics__T9_noES_confirm.csv [prior noES, new early-stop: acc only, advisory]",mnist784_pca32 (50c)|18|pre_mass_on,worst_acc,0.40711743772241993,0.40711743772241993,1,0
"t3_design_space/per_seed_metrics__T9_noES_confirm.csv [prior noES, new early-stop: acc only, advisory]",mnist784_pca32 (50c)|19|post_footprint_on,mean_acc,0.4885041150623628,0.4885041150623628,1,0
"t3_design_space/per_seed_metrics__T9_noES_confirm.csv [prior noES, new early-stop: acc only, advisory]",mnist784_pca32 (50c)|19|post_footprint_on,worst_acc,0.3620689655172414,0.3620689655172414,1,0
"t3_design_space/per_seed_metrics__T9_noES_confirm.csv [prior noES, new early-stop: acc only, advisory]",mnist784_pca32 (50c)|19|pre_footprint_on,mean_acc,0.568910819325582,0.568910819325582,1,0
"t3_design_space/per_seed_metrics__T9_noES_confirm.csv [prior noES, new early-stop: acc only, advisory]",mnist784_pca32 (50c)|19|pre_footprint_on,worst_acc,0.4500344589937974,0.4500344589937974,1,0
"t3_design_space/per_seed_metrics__T9_noES_confirm.csv [prior noES, new early-stop: acc only, advisory]",mnist784_pca32 (50c)|19|pre_mass_on,mean_acc,0.5787572159014891,0.5787572159014891,1,0
"t3_design_space/per_seed_metrics__T9_noES_confirm.csv [prior noES, new early-stop: acc only, advisory]",mnist784_pca32 (50c)|19|pre_mass_on,worst_acc,0.44953471725125266,0.44953471725125266,1,0
