source,key,field,prior,new,match,strict
t3_design_space/per_seed_metrics__L1all.csv,cluster_skew_hard|0|post_none_off,min_dist,2.855588798222804e-15,2.855588798222804e-15,1,1
t3_design_space/per_seed_metrics__L1all.csv,cluster_skew_hard|0|post_none_off,mean_acc,0.9621212121212123,0.9621212121212123,1,1
t3_design_space/per_seed_metrics__L1all.csv,cluster_skew_hard|0|post_none_off,worst_acc,0.8227272727272728,0.8227272727272728,1,1
t3_design_space/per_seed_metrics__L1all.csv,cluster_skew_hard|0|pre_none_off,min_dist,7.458306980314295,7.458306980314295,1,1
t3_design_space/per_seed_metrics__L1all.csv,cluster_skew_hard|0|pre_none_off,mean_acc,1.0,1.0,1,1
t3_design_space/per_seed_metrics__L1all.csv,cluster_skew_hard|0|pre_none_off,worst_acc,1.0,1.0,1,1
t3_design_space/per_seed_metrics__L1all.csv,cluster_skew_hard|0|pre_footprint_off,min_dist,7.467740186030947,7.467740186030947,1,1
t3_design_space/per_seed_metrics__L1all.csv,cluster_skew_hard|0|pre_footprint_off,mean_acc,1.0,1.0,1,1
t3_design_space/per_seed_metrics__L1all.csv,cluster_skew_hard|0|pre_footprint_off,worst_acc,1.0,1.0,1,1
t3_design_space/per_seed_metrics__L1all.csv,cluster_skew_hard|0|pre_mass_off,min_dist,7.467750522808693,7.467750522808693,1,1
t3_design_space/per_seed_metrics__L1all.csv,cluster_skew_hard|0|pre_mass_off,mean_acc,1.0,1.0,1,1
t3_design_space/per_seed_metrics__L1all.csv,cluster_skew_hard|0|pre_mass_off,worst_acc,1.0,1.0,1,1
t3_design_space/per_seed_metrics__L1all.csv,cluster_skew_hard|1|post_none_off,min_dist,3.612826433062262e-11,3.612826433062262e-11,1,1
t3_design_space/per_seed_metrics__L1all.csv,cluster_skew_hard|1|post_none_off,mean_acc,0.9102272727272727,0.9102272727272727,1,1
t3_design_space/per_seed_metrics__L1all.csv,cluster_skew_hard|1|post_none_off,worst_acc,0.6272727272727273,0.6272727272727273,1,1
t3_design_space/per_seed_metrics__L1all.csv,cluster_skew_hard|1|pre_none_off,min_dist,7.481996853622343,7.481996853622343,1,1
t3_design_space/per_seed_metrics__L1all.csv,cluster_skew_hard|1|pre_none_off,mean_acc,1.0,1.0,1,1
t3_design_space/per_seed_metrics__L1all.csv,cluster_skew_hard|1|pre_none_off,worst_acc,1.0,1.0,1,1
t3_design_space/per_seed_metrics__L1all.csv,cluster_skew_hard|1|pre_footprint_off,min_dist,7.471490770227053,7.471490770227053,1,1
t3_design_space/per_seed_metrics__L1all.csv,cluster_skew_hard|1|pre_footprint_off,mean_acc,1.0,1.0,1,1
t3_design_space/per_seed_metrics__L1all.csv,cluster_skew_hard|1|pre_footprint_off,worst_acc,1.0,1.0,1,1
t3_design_space/per_seed_metrics__L1all.csv,cluster_skew_hard|1|pre_mass_off,min_dist,7.47109875326195,7.47109875326195,1,1
t3_design_space/per_seed_metrics__L1all.csv,cluster_skew_hard|1|pre_mass_off,mean_acc,1.0,1.0,1,1
t3_design_space/per_seed_metrics__L1all.csv,cluster_skew_hard|1|pre_mass_off,worst_acc,1.0,1.0,1,1
t3_design_space/per_seed_metrics__L1all.csv,cluster_skew_hard|2|post_none_off,min_dist,1.1329156280950306e-09,1.1329156280950306e-09,1,1
t3_design_space/per_seed_metrics__L1all.csv,cluster_skew_hard|2|post_none_off,mean_acc,0.890909090909091,0.890909090909091,1,1
t3_design_space/per_seed_metrics__L1all.csv,cluster_skew_hard|2|post_none_off,worst_acc,0.5818181818181818,0.5818181818181818,1,1
t3_design_space/per_seed_metrics__L1all.csv,cluster_skew_hard|2|pre_none_off,min_dist,7.4683396332618015,7.4683396332618015,1,1
t3_design_space/per_seed_metrics__L1all.csv,cluster_skew_hard|2|pre_none_off,mean_acc,1.0,1.0,1,1
t3_design_space/per_seed_metrics__L1all.csv,cluster_skew_hard|2|pre_none_off,worst_acc,1.0,1.0,1,1
t3_design_space/per_seed_metrics__L1all.csv,cluster_skew_hard|2|pre_footprint_off,min_dist,7.479957086636104,7.479957086636104,1,1
t3_design_space/per_seed_metrics__L1all.csv,cluster_skew_hard|2|pre_footprint_off,mean_acc,1.0,1.0,1,1
t3_design_space/per_seed_metrics__L1all.csv,cluster_skew_hard|2|pre_footprint_off,worst_acc,1.0,1.0,1,1
t3_design_space/per_seed_metrics__L1all.csv,cluster_skew_hard|2|pre_mass_off,min_dist,7.4800747904532425,7.4800747904532425,1,1
t3_design_space/per_seed_metrics__L1all.csv,cluster_skew_hard|2|pre_mass_off,mean_acc,1.0,1.0,1,1
t3_design_space/per_seed_metrics__L1all.csv,cluster_skew_hard|2|pre_mass_off,worst_acc,1.0,1.0,1,1
t3_design_space/per_seed_metrics__L1all.csv,cluster_skew_hard|3|post_none_off,min_dist,1.916140867360014,1.916140867360014,1,1
t3_design_space/per_seed_metrics__L1all.csv,cluster_skew_hard|3|post_none_off,mean_acc,0.8958333333333334,0.8958333333333334,1,1
t3_design_space/per_seed_metrics__L1all.csv,cluster_skew_hard|3|post_none_off,worst_acc,0.6090909090909091,0.6090909090909091,1,1
t3_design_space/per_seed_metrics__L1all.csv,cluster_skew_hard|3|pre_none_off,min_dist,7.531698258641422,7.531698258641422,1,1
t3_design_space/per_seed_metrics__L1all.csv,cluster_skew_hard|3|pre_none_off,mean_acc,1.0,1.0,1,1
t3_design_space/per_seed_metrics__L1all.csv,cluster_skew_hard|3|pre_none_off,worst_acc,1.0,1.0,1,1
t3_design_space/per_seed_metrics__L1all.csv,cluster_skew_hard|3|pre_footprint_off,min_dist,7.53536052248308,7.53536052248308,1,1
t3_design_space/per_seed_metrics__L1all.csv,cluster_skew_hard|3|pre_footprint_off,mean_acc,1.0,1.0,1,1
t3_design_space/per_seed_metrics__L1all.csv,cluster_skew_hard|3|pre_footprint_off,worst_acc,1.0,1.0,1,1
t3_design_space/per_seed_metrics__L1all.csv,cluster_skew_hard|3|pre_mass_off,min_dist,7.535340170540006,7.535340170540006,1,1
t3_design_space/per_seed_metrics__L1all.csv,cluster_skew_hard|3|pre_mass_off,mean_acc,1.0,1.0,1,1
t3_design_space/per_seed_metrics__L1all.csv,cluster_skew_hard|3|pre_mass_off,worst_acc,1.0,1.0,1,1
t3_design_space/per_seed_metrics__L1all.csv,cluster_skew_hard|4|post_none_off,min_dist,8.75723906597497e-07,8.75723906597497e-07,1,1
t3_design_space/per_seed_metrics__L1all.csv,cluster_skew_hard|4|post_none_off,mean_acc,0.9303030303030302,0.9303030303030302,1,1
t3_design_space/per_seed_metrics__L1all.csv,cluster_skew_hard|4|post_none_off,worst_acc,0.7772727272727272,0.7772727272727272,1,1
t3_design_space/per_seed_metrics__L1all.csv,cluster_skew_hard|4|pre_none_off,min_dist,7.479846403532105,7.479846403532105,1,1
t3_design_space/per_seed_metrics__L1all.csv,cluster_skew_hard|4|pre_none_off,mean_acc,1.0,1.0,1,1
t3_design_space/per_seed_metrics__L1all.csv,cluster_skew_hard|4|pre_none_off,worst_acc,1.0,1.0,1,1
t3_design_space/per_seed_metrics__L1all.csv,cluster_skew_hard|4|pre_footprint_off,min_dist,7.506751983038972,7.506751983038972,1,1
t3_design_space/per_seed_metrics__L1all.csv,cluster_skew_hard|4|pre_footprint_off,mean_acc,1.0,1.0,1,1
t3_design_space/per_seed_metrics__L1all.csv,cluster_skew_hard|4|pre_footprint_off,worst_acc,1.0,1.0,1,1
t3_design_space/per_seed_metrics__L1all.csv,cluster_skew_hard|4|pre_mass_off,min_dist,7.506798997067171,7.506798997067171,1,1
t3_design_space/per_seed_metrics__L1all.csv,cluster_skew_hard|4|pre_mass_off,mean_acc,1.0,1.0,1,1
t3_design_space/per_seed_metrics__L1all.csv,cluster_skew_hard|4|pre_mass_off,worst_acc,1.0,1.0,1,1
t3_design_space/per_seed_metrics__L1all.csv,cluster_skew_hard|5|post_none_off,min_dist,7.750890007978832e-08,7.750890007978832e-08,1,1
t3_design_space/per_seed_metrics__L1all.csv,cluster_skew_hard|5|post_none_off,mean_acc,0.996969696969697,0.996969696969697,1,1
t3_design_space/per_seed_metrics__L1all.csv,cluster_skew_hard|5|post_none_off,worst_acc,0.9818181818181818,0.9818181818181818,1,1
t3_design_space/per_seed_metrics__L1all.csv,cluster_skew_hard|5|pre_none_off,min_dist,7.47976302725554,7.47976302725554,1,1
t3_design_space/per_seed_metrics__L1all.csv,cluster_skew_hard|5|pre_none_off,mean_acc,1.0,1.0,1,1
t3_design_space/per_seed_metrics__L1all.csv,cluster_skew_hard|5|pre_none_off,worst_acc,1.0,1.0,1,1
t3_design_space/per_seed_metrics__L1all.csv,cluster_skew_hard|5|pre_footprint_off,min_dist,7.466512060256019,7.466512060256019,1,1
t3_design_space/per_seed_metrics__L1all.csv,cluster_skew_hard|5|pre_footprint_off,mean_acc,1.0,1.0,1,1
t3_design_space/per_seed_metrics__L1all.csv,cluster_skew_hard|5|pre_footprint_off,worst_acc,1.0,1.0,1,1
t3_design_space/per_seed_metrics__L1all.csv,cluster_skew_hard|5|pre_mass_off,min_dist,7.466403961043226,7.466403961043226,1,1
t3_design_space/per_seed_metrics__L1all.csv,cluster_skew_hard|5|pre_mass_off,mean_acc,1.0,1.0,1,1
t3_design_space/per_seed_metrics__L1all.csv,cluster_skew_hard|5|pre_mass_off,worst_acc,1.0,1.0,1,1
t3_design_space/per_seed_metrics__L1all.csv,cluster_skew_hard|6|post_none_off,min_dist,3.216543893382416,3.216543893382416,1,1
t3_design_space/per_seed_metrics__L1all.csv,cluster_skew_hard|6|post_none_off,mean_acc,0.9787878787878789,0.9787878787878789,1,1
t3_design_space/per_seed_metrics__L1all.csv,cluster_skew_hard|6|post_none_off,worst_acc,0.9181818181818182,0.9181818181818182,1,1
t3_design_space/per_seed_metrics__L1all.csv,cluster_skew_hard|6|pre_none_off,min_dist,7.536731582089472,7.536731582089472,1,1
t3_design_space/per_seed_metrics__L1all.csv,cluster_skew_hard|6|pre_none_off,mean_acc,1.0,1.0,1,1
t3_design_space/per_seed_metrics__L1all.csv,cluster_skew_hard|6|pre_none_off,worst_acc,1.0,1.0,1,1
t3_design_space/per_seed_metrics__L1all.csv,cluster_skew_hard|6|pre_footprint_off,min_dist,7.551251125366457,7.551251125366457,1,1
t3_design_space/per_seed_metrics__L1all.csv,cluster_skew_hard|6|pre_footprint_off,mean_acc,1.0,1.0,1,1
t3_design_space/per_seed_metrics__L1all.csv,cluster_skew_hard|6|pre_footprint_off,worst_acc,1.0,1.0,1,1
t3_design_space/per_seed_metrics__L1all.csv,cluster_skew_hard|6|pre_mass_off,min_dist,7.551285471066761,7.551285471066761,1,1
t3_design_space/per_seed_metrics__L1all.csv,cluster_skew_hard|6|pre_mass_off,mean_acc,1.0,1.0,1,1
t3_design_space/per_seed_metrics__L1all.csv,cluster_skew_hard|6|pre_mass_off,worst_acc,1.0,1.0,1,1
t3_design_space/per_seed_metrics__L1all.csv,cluster_skew_hard|7|post_none_off,min_dist,4.332171551537861e-06,4.332171551537861e-06,1,1
t3_design_space/per_seed_metrics__L1all.csv,cluster_skew_hard|7|post_none_off,mean_acc,0.8617424242424243,0.8617424242424243,1,1
t3_design_space/per_seed_metrics__L1all.csv,cluster_skew_hard|7|post_none_off,worst_acc,0.5681818181818182,0.5681818181818182,1,1
t3_design_space/per_seed_metrics__L1all.csv,cluster_skew_hard|7|pre_none_off,min_dist,7.520223759630585,7.520223759630585,1,1
t3_design_space/per_seed_metrics__L1all.csv,cluster_skew_hard|7|pre_none_off,mean_acc,1.0,1.0,1,1
t3_design_space/per_seed_metrics__L1all.csv,cluster_skew_hard|7|pre_none_off,worst_acc,1.0,1.0,1,1
t3_design_space/per_seed_metrics__L1all.csv,cluster_skew_hard|7|pre_footprint_off,min_dist,7.532078710764365,7.532078710764365,1,1
t3_design_space/per_seed_metrics__L1all.csv,cluster_skew_hard|7|pre_footprint_off,mean_acc,1.0,1.0,1,1
t3_design_space/per_seed_metrics__L1all.csv,cluster_skew_hard|7|pre_footprint_off,worst_acc,1.0,1.0,1,1
t3_design_space/per_seed_metrics__L1all.csv,cluster_skew_hard|7|pre_mass_off,min_dist,7.532163886022819,7.532163886022819,1,1
t3_design_space/per_seed_metrics__L1all.csv,cluster_skew_hard|7|pre_mass_off,mean_acc,1.0,1.0,1,1
t3_design_space/per_seed_metrics__L1all.csv,cluster_skew_hard|7|pre_mass_off,worst_acc,1.0,1.0,1,1
t3_design_space/per_seed_metrics__L1all.csv,cluster_skew_hard|8|post_none_off,min_dist,2.1078579109142573e-09,2.1078579109142573e-09,1,1
t3_design_space/per_seed_metrics__L1all.csv,cluster_skew_hard|8|post_none_off,mean_acc,0.915530303030303,0.915530303030303,1,1
t3_design_space/per_seed_metrics__L1all.csv,cluster_skew_hard|8|post_none_off,worst_acc,0.6590909090909091,0.6590909090909091,1,1
t3_design_space/per_seed_metrics__L1all.csv,cluster_skew_hard|8|pre_none_off,min_dist,7.478969855492899,7.478969855492899,1,1
t3_design_space/per_seed_metrics__L1all.csv,cluster_skew_hard|8|pre_none_off,mean_acc,1.0,1.0,1,1
t3_design_space/per_seed_metrics__L1all.csv,cluster_skew_hard|8|pre_none_off,worst_acc,1.0,1.0,1,1
t3_design_space/per_seed_metrics__L1all.csv,cluster_skew_hard|8|pre_footprint_off,min_dist,7.490387591065156,7.490387591065156,1,1
t3_design_space/per_seed_metrics__L1all.csv,cluster_skew_hard|8|pre_footprint_off,mean_acc,1.0,1.0,1,1
t3_design_space/per_seed_metrics__L1all.csv,cluster_skew_hard|8|pre_footprint_off,worst_acc,1.0,1.0,1,1
t3_design_space/per_seed_metrics__L1all.csv,cluster_skew_hard|8|pre_mass_off,min_dist,7.490373595952341,7.490373595952341,1,1
t3_design_space/per_seed_metrics__L1all.csv,cluster_skew_hard|8|pre_mass_off,mean_acc,1.0,1.0,1,1
t3_design_space/per_seed_metrics__L1all.csv,cluster_skew_hard|8|pre_mass_off,worst_acc,1.0,1.0,1,1
t3_design_space/per_seed_metrics__L1all.csv,cluster_skew_hard|9|post_none_off,min_dist,2.049404617585911,2.049404617585911,1,1
t3_design_space/per_seed_metrics__L1all.csv,cluster_skew_hard|9|post_none_off,mean_acc,0.9912878787878788,0.9912878787878788,1,1
t3_design_space/per_seed_metrics__L1all.csv,cluster_skew_hard|9|post_none_off,worst_acc,0.9545454545454546,0.9545454545454546,1,1
t3_design_space/per_seed_metrics__L1all.csv,cluster_skew_hard|9|pre_none_off,min_dist,7.466313063468373,7.466313063468373,1,1
t3_design_space/per_seed_metrics__L1all.csv,cluster_skew_hard|9|pre_none_off,mean_acc,1.0,1.0,1,1
t3_design_space/per_seed_metrics__L1all.csv,cluster_skew_hard|9|pre_none_off,worst_acc,1.0,1.0,1,1
t3_design_space/per_seed_metrics__L1all.csv,cluster_skew_hard|9|pre_footprint_off,min_dist,7.469312511180765,7.469312511180765,1,1
t3_design_space/per_seed_metrics__L1all.csv,cluster_skew_hard|9|pre_footprint_off,mean_acc,1.0,1.0,1,1
t3_design_space/per_seed_metrics__L1all.csv,cluster_skew_hard|9|pre_footprint_off,worst_acc,1.0,1.0,1,1
t3_design_space/per_seed_metrics__L1all.csv,cluster_skew_hard|9|pre_mass_off,min_dist,7.469495203241486,7.469495203241486,1,1
t3_design_space/per_seed_metrics__L1all.csv,cluster_skew_hard|9|pre_mass_off,mean_acc,1.0,1.0,1,1
t3_design_space/per_seed_metrics__L1all.csv,cluster_skew_hard|9|pre_mass_off,worst_acc,1.0,1.0,1,1
t3_design_space/per_seed_metrics__L1all.csv,cluster_skew_overlap|0|post_none_off,min_dist,0.0028661782421881507,0.0028661782421881507,1,1
t3_design_space/per_seed_metrics__L1all.csv,cluster_skew_overlap|0|post_none_off,mean_acc,0.7924242424242425,0.7924242424242425,1,1
t3_design_space/per_seed_metrics__L1all.csv,cluster_skew_overlap|0|post_none_off,worst_acc,0.6181818181818182,0.6181818181818182,1,1
t3_design_space/per_seed_metrics__L1all.csv,cluster_skew_overlap|0|pre_none_off,min_dist,3.7656851245410863,3.7656851245410863,1,1
t3_design_space/per_seed_metrics__L1all.csv,cluster_skew_overlap|0|pre_none_off,mean_acc,0.8636363636363634,0.8636363636363634,1,1
t3_design_space/per_seed_metrics__L1all.csv,cluster_skew_overlap|0|pre_none_off,worst_acc,0.8090909090909091,0.8090909090909091,1,1
t3_design_space/per_seed_metrics__L1all.csv,cluster_skew_overlap|0|pre_footprint_off,min_dist,4.228236571600884,4.228236571600884,1,1
t3_design_space/per_seed_metrics__L1all.csv,cluster_skew_overlap|0|pre_footprint_off,mean_acc,0.8636363636363638,0.8636363636363638,1,1
t3_design_space/per_seed_metrics__L1all.csv,cluster_skew_overlap|0|pre_footprint_off,worst_acc,0.8045454545454546,0.8045454545454546,1,1
t3_design_space/per_seed_metrics__L1all.csv,cluster_skew_overlap|0|pre_mass_off,min_dist,4.228784587640808,4.228784587640808,1,1
t3_design_space/per_seed_metrics__L1all.csv,cluster_skew_overlap|0|pre_mass_off,mean_acc,0.8640151515151516,0.8640151515151516,1,1
t3_design_space/per_seed_metrics__L1all.csv,cluster_skew_overlap|0|pre_mass_off,worst_acc,0.8045454545454546,0.8045454545454546,1,1
t3_design_space/per_seed_metrics__L1all.csv,cluster_skew_overlap|1|post_none_off,min_dist,0.0013115035805867676,0.0013115035805867676,1,1
t3_design_space/per_seed_metrics__L1all.csv,cluster_skew_overlap|1|post_none_off,mean_acc,0.7799242424242424,0.7799242424242424,1,1
t3_design_space/per_seed_metrics__L1all.csv,cluster_skew_overlap|1|post_none_off,worst_acc,0.6727272727272727,0.6727272727272727,1,1
t3_design_space/per_seed_metrics__L1all.csv,cluster_skew_overlap|1|pre_none_off,min_dist,3.844777579119012,3.844777579119012,1,1
t3_design_space/per_seed_metrics__L1all.csv,cluster_skew_overlap|1|pre_none_off,mean_acc,0.8681818181818183,0.8681818181818183,1,1
t3_design_space/per_seed_metrics__L1all.csv,cluster_skew_overlap|1|pre_none_off,worst_acc,0.8227272727272728,0.8227272727272728,1,1
t3_design_space/per_seed_metrics__L1all.csv,cluster_skew_overlap|1|pre_footprint_off,min_dist,4.23679921706091,4.23679921706091,1,1
t3_design_space/per_seed_metrics__L1all.csv,cluster_skew_overlap|1|pre_footprint_off,mean_acc,0.8670454545454546,0.8670454545454546,1,1
t3_design_space/per_seed_metrics__L1all.csv,cluster_skew_overlap|1|pre_footprint_off,worst_acc,0.8181818181818182,0.8181818181818182,1,1
t3_design_space/per_seed_metrics__L1all.csv,cluster_skew_overlap|1|pre_mass_off,min_dist,4.239719022504591,4.239719022504591,1,1
t3_design_space/per_seed_metrics__L1all.csv,cluster_skew_overlap|1|pre_mass_off,mean_acc,0.8674242424242423,0.8674242424242423,1,1
t3_design_space/per_seed_metrics__L1all.csv,cluster_skew_overlap|1|pre_mass_off,worst_acc,0.8181818181818182,0.8181818181818182,1,1
t3_design_space/per_seed_metrics__L1all.csv,cluster_skew_overlap|2|post_none_off,min_dist,1.9263078410373246e-09,1.9263078410373246e-09,1,1
t3_design_space/per_seed_metrics__L1all.csv,cluster_skew_overlap|2|post_none_off,mean_acc,0.7912878787878789,0.7912878787878789,1,1
t3_design_space/per_seed_metrics__L1all.csv,cluster_skew_overlap|2|post_none_off,worst_acc,0.55,0.55,1,1
t3_design_space/per_seed_metrics__L1all.csv,cluster_skew_overlap|2|pre_none_off,min_dist,3.7682867828985054,3.7682867828985054,1,1
t3_design_space/per_seed_metrics__L1all.csv,cluster_skew_overlap|2|pre_none_off,mean_acc,0.8606060606060607,0.8606060606060607,1,1
t3_design_space/per_seed_metrics__L1all.csv,cluster_skew_overlap|2|pre_none_off,worst_acc,0.8272727272727273,0.8272727272727273,1,1
t3_design_space/per_seed_metrics__L1all.csv,cluster_skew_overlap|2|pre_footprint_off,min_dist,4.2527843980395845,4.2527843980395845,1,1
t3_design_space/per_seed_metrics__L1all.csv,cluster_skew_overlap|2|pre_footprint_off,mean_acc,0.8590909090909092,0.8590909090909092,1,1
t3_design_space/per_seed_metrics__L1all.csv,cluster_skew_overlap|2|pre_footprint_off,worst_acc,0.8227272727272728,0.8227272727272728,1,1
t3_design_space/per_seed_metrics__L1all.csv,cluster_skew_overlap|2|pre_mass_off,min_dist,4.260519358745244,4.260519358745244,1,1
t3_design_space/per_seed_metrics__L1all.csv,cluster_skew_overlap|2|pre_mass_off,mean_acc,0.8587121212121214,0.8587121212121214,1,1
t3_design_space/per_seed_metrics__L1all.csv,cluster_skew_overlap|2|pre_mass_off,worst_acc,0.8227272727272728,0.8227272727272728,1,1
t3_design_space/per_seed_metrics__L1all.csv,cluster_skew_overlap|3|post_none_off,min_dist,0.0005612475014309225,0.0005612475014309225,1,1
t3_design_space/per_seed_metrics__L1all.csv,cluster_skew_overlap|3|post_none_off,mean_acc,0.8242424242424243,0.8242424242424243,1,1
t3_design_space/per_seed_metrics__L1all.csv,cluster_skew_overlap|3|post_none_off,worst_acc,0.6863636363636364,0.6863636363636364,1,1
t3_design_space/per_seed_metrics__L1all.csv,cluster_skew_overlap|3|pre_none_off,min_dist,3.957865072542754,3.957865072542754,1,1
t3_design_space/per_seed_metrics__L1all.csv,cluster_skew_overlap|3|pre_none_off,mean_acc,0.8583333333333334,0.8583333333333334,1,1
t3_design_space/per_seed_metrics__L1all.csv,cluster_skew_overlap|3|pre_none_off,worst_acc,0.8,0.8,1,1
t3_design_space/per_seed_metrics__L1all.csv,cluster_skew_overlap|3|pre_footprint_off,min_dist,4.389731046359438,4.389731046359438,1,1
t3_design_space/per_seed_metrics__L1all.csv,cluster_skew_overlap|3|pre_footprint_off,mean_acc,0.8587121212121213,0.8587121212121213,1,1
t3_design_space/per_seed_metrics__L1all.csv,cluster_skew_overlap|3|pre_footprint_off,worst_acc,0.8,0.8,1,1
t3_design_space/per_seed_metrics__L1all.csv,cluster_skew_overlap|3|pre_mass_off,min_dist,4.389213587666532,4.389213587666532,1,1
t3_design_space/per_seed_metrics__L1all.csv,cluster_skew_overlap|3|pre_mass_off,mean_acc,0.8583333333333334,0.8583333333333334,1,1
t3_design_space/per_seed_metrics__L1all.csv,cluster_skew_overlap|3|pre_mass_off,worst_acc,0.8,0.8,1,1
t3_design_space/per_seed_metrics__L1all.csv,cluster_skew_overlap|4|post_none_off,min_dist,0.433536638111373,0.433536638111373,1,1
t3_design_space/per_seed_metrics__L1all.csv,cluster_skew_overlap|4|post_none_off,mean_acc,0.7856060606060606,0.7856060606060606,1,1
t3_design_space/per_seed_metrics__L1all.csv,cluster_skew_overlap|4|post_none_off,worst_acc,0.6318181818181818,0.6318181818181818,1,1
t3_design_space/per_seed_metrics__L1all.csv,cluster_skew_overlap|4|pre_none_off,min_dist,3.828742784211102,3.828742784211102,1,1
t3_design_space/per_seed_metrics__L1all.csv,cluster_skew_overlap|4|pre_none_off,mean_acc,0.8625000000000003,0.8625000000000003,1,1
t3_design_space/per_seed_metrics__L1all.csv,cluster_skew_overlap|4|pre_none_off,worst_acc,0.8181818181818182,0.8181818181818182,1,1
t3_design_space/per_seed_metrics__L1all.csv,cluster_skew_overlap|4|pre_footprint_off,min_dist,4.342035618166578,4.342035618166578,1,1
t3_design_space/per_seed_metrics__L1all.csv,cluster_skew_overlap|4|pre_footprint_off,mean_acc,0.8632575757575758,0.8632575757575758,1,1
t3_design_space/per_seed_metrics__L1all.csv,cluster_skew_overlap|4|pre_footprint_off,worst_acc,0.8181818181818182,0.8181818181818182,1,1
t3_design_space/per_seed_metrics__L1all.csv,cluster_skew_overlap|4|pre_mass_off,min_dist,4.34647073877871,4.34647073877871,1,1
t3_design_space/per_seed_metrics__L1all.csv,cluster_skew_overlap|4|pre_mass_off,mean_acc,0.8617424242424243,0.8617424242424243,1,1
t3_design_space/per_seed_metrics__L1all.csv,cluster_skew_overlap|4|pre_mass_off,worst_acc,0.8045454545454546,0.8045454545454546,1,1
t3_design_space/per_seed_metrics__L1all.csv,cluster_skew_overlap|5|post_none_off,min_dist,5.872112684060956e-06,5.872112684060956e-06,1,1
t3_design_space/per_seed_metrics__L1all.csv,cluster_skew_overlap|5|post_none_off,mean_acc,0.7541666666666668,0.7541666666666668,1,1
t3_design_space/per_seed_metrics__L1all.csv,cluster_skew_overlap|5|post_none_off,worst_acc,0.6090909090909091,0.6090909090909091,1,1
t3_design_space/per_seed_metrics__L1all.csv,cluster_skew_overlap|5|pre_none_off,min_dist,3.8803668600621495,3.8803668600621495,1,1
t3_design_space/per_seed_metrics__L1all.csv,cluster_skew_overlap|5|pre_none_off,mean_acc,0.8590909090909092,0.8590909090909092,1,1
t3_design_space/per_seed_metrics__L1all.csv,cluster_skew_overlap|5|pre_none_off,worst_acc,0.7681818181818182,0.7681818181818182,1,1
t3_design_space/per_seed_metrics__L1all.csv,cluster_skew_overlap|5|pre_footprint_off,min_dist,4.276121191445691,4.276121191445691,1,1
t3_design_space/per_seed_metrics__L1all.csv,cluster_skew_overlap|5|pre_footprint_off,mean_acc,0.8590909090909092,0.8590909090909092,1,1
t3_design_space/per_seed_metrics__L1all.csv,cluster_skew_overlap|5|pre_footprint_off,worst_acc,0.759090909090909,0.759090909090909,1,1
t3_design_space/per_seed_metrics__L1all.csv,cluster_skew_overlap|5|pre_mass_off,min_dist,4.275013813644826,4.275013813644826,1,1
t3_design_space/per_seed_metrics__L1all.csv,cluster_skew_overlap|5|pre_mass_off,mean_acc,0.8590909090909092,0.8590909090909092,1,1
t3_design_space/per_seed_metrics__L1all.csv,cluster_skew_overlap|5|pre_mass_off,worst_acc,0.759090909090909,0.759090909090909,1,1
t3_design_space/per_seed_metrics__L1all.csv,cluster_skew_overlap|6|post_none_off,min_dist,5.613890943227337e-06,5.613890943227337e-06,1,1
t3_design_space/per_seed_metrics__L1all.csv,cluster_skew_overlap|6|post_none_off,mean_acc,0.8659090909090909,0.8659090909090909,1,1
t3_design_space/per_seed_metrics__L1all.csv,cluster_skew_overlap|6|post_none_off,worst_acc,0.7363636363636363,0.7363636363636363,1,1
t3_design_space/per_seed_metrics__L1all.csv,cluster_skew_overlap|6|pre_none_off,min_dist,3.8935039033826024,3.8935039033826024,1,1
t3_design_space/per_seed_metrics__L1all.csv,cluster_skew_overlap|6|pre_none_off,mean_acc,0.8856060606060606,0.8856060606060606,1,1
t3_design_space/per_seed_metrics__L1all.csv,cluster_skew_overlap|6|pre_none_off,worst_acc,0.8363636363636363,0.8363636363636363,1,1
t3_design_space/per_seed_metrics__L1all.csv,cluster_skew_overlap|6|pre_footprint_off,min_dist,4.34480035921999,4.34480035921999,1,1
t3_design_space/per_seed_metrics__L1all.csv,cluster_skew_overlap|6|pre_footprint_off,mean_acc,0.8818181818181818,0.8818181818181818,1,1
t3_design_space/per_seed_metrics__L1all.csv,cluster_skew_overlap|6|pre_footprint_off,worst_acc,0.8363636363636363,0.8363636363636363,1,1
t3_design_space/per_seed_metrics__L1all.csv,cluster_skew_overlap|6|pre_mass_off,min_dist,4.343968186111649,4.343968186111649,1,1
t3_design_space/per_seed_metrics__L1all.csv,cluster_skew_overlap|6|pre_mass_off,mean_acc,0.8818181818181818,0.8818181818181818,1,1
t3_design_space/per_seed_metrics__L1all.csv,cluster_skew_overlap|6|pre_mass_off,worst_acc,0.8363636363636363,0.8363636363636363,1,1
t3_design_space/per_seed_metrics__L1all.csv,cluster_skew_overlap|7|post_none_off,min_dist,0.004763085240246334,0.004763085240246334,1,1
t3_design_space/per_seed_metrics__L1all.csv,cluster_skew_overlap|7|post_none_off,mean_acc,0.8140151515151515,0.8140151515151515,1,1
t3_design_space/per_seed_metrics__L1all.csv,cluster_skew_overlap|7|post_none_off,worst_acc,0.5954545454545455,0.5954545454545455,1,1
t3_design_space/per_seed_metrics__L1all.csv,cluster_skew_overlap|7|pre_none_off,min_dist,3.9140570891301367,3.9140570891301367,1,1
t3_design_space/per_seed_metrics__L1all.csv,cluster_skew_overlap|7|pre_none_off,mean_acc,0.8643939393939394,0.8643939393939394,1,1
t3_design_space/per_seed_metrics__L1all.csv,cluster_skew_overlap|7|pre_none_off,worst_acc,0.8090909090909091,0.8090909090909091,1,1
t3_design_space/per_seed_metrics__L1all.csv,cluster_skew_overlap|7|pre_footprint_off,min_dist,4.265915916525667,4.265915916525667,1,1
t3_design_space/per_seed_metrics__L1all.csv,cluster_skew_overlap|7|pre_footprint_off,mean_acc,0.8636363636363636,0.8636363636363636,1,1
t3_design_space/per_seed_metrics__L1all.csv,cluster_skew_overlap|7|pre_footprint_off,worst_acc,0.8045454545454546,0.8045454545454546,1,1
t3_design_space/per_seed_metrics__L1all.csv,cluster_skew_overlap|7|pre_mass_off,min_dist,4.275671133136597,4.275671133136597,1,1
t3_design_space/per_seed_metrics__L1all.csv,cluster_skew_overlap|7|pre_mass_off,mean_acc,0.8636363636363636,0.8636363636363636,1,1
t3_design_space/per_seed_metrics__L1all.csv,cluster_skew_overlap|7|pre_mass_off,worst_acc,0.8045454545454546,0.8045454545454546,1,1
t3_design_space/per_seed_metrics__L1all.csv,cluster_skew_overlap|8|post_none_off,min_dist,0.01323250451238674,0.01323250451238674,1,1
t3_design_space/per_seed_metrics__L1all.csv,cluster_skew_overlap|8|post_none_off,mean_acc,0.8666666666666666,0.8666666666666666,1,1
t3_design_space/per_seed_metrics__L1all.csv,cluster_skew_overlap|8|post_none_off,worst_acc,0.7909090909090909,0.7909090909090909,1,1
t3_design_space/per_seed_metrics__L1all.csv,cluster_skew_overlap|8|pre_none_off,min_dist,3.7443465468932033,3.7443465468932033,1,1
t3_design_space/per_seed_metrics__L1all.csv,cluster_skew_overlap|8|pre_none_off,mean_acc,0.868560606060606,0.868560606060606,1,1
t3_design_space/per_seed_metrics__L1all.csv,cluster_skew_overlap|8|pre_none_off,worst_acc,0.8272727272727273,0.8272727272727273,1,1
t3_design_space/per_seed_metrics__L1all.csv,cluster_skew_overlap|8|pre_footprint_off,min_dist,4.18932786142324,4.18932786142324,1,1
t3_design_space/per_seed_metrics__L1all.csv,cluster_skew_overlap|8|pre_footprint_off,mean_acc,0.8670454545454546,0.8670454545454546,1,1
t3_design_space/per_seed_metrics__L1all.csv,cluster_skew_overlap|8|pre_footprint_off,worst_acc,0.8318181818181818,0.8318181818181818,1,1
t3_design_space/per_seed_metrics__L1all.csv,cluster_skew_overlap|8|pre_mass_off,min_dist,4.184223124422779,4.184223124422779,1,1
t3_design_space/per_seed_metrics__L1all.csv,cluster_skew_overlap|8|pre_mass_off,mean_acc,0.8674242424242423,0.8674242424242423,1,1
t3_design_space/per_seed_metrics__L1all.csv,cluster_skew_overlap|8|pre_mass_off,worst_acc,0.8318181818181818,0.8318181818181818,1,1
t3_design_space/per_seed_metrics__L1all.csv,cluster_skew_overlap|9|post_none_off,min_dist,0.806785961176769,0.806785961176769,1,1
t3_design_space/per_seed_metrics__L1all.csv,cluster_skew_overlap|9|post_none_off,mean_acc,0.7185606060606059,0.7185606060606059,1,1
t3_design_space/per_seed_metrics__L1all.csv,cluster_skew_overlap|9|post_none_off,worst_acc,0.4681818181818182,0.4681818181818182,1,1
t3_design_space/per_seed_metrics__L1all.csv,cluster_skew_overlap|9|pre_none_off,min_dist,3.8639314712640687,3.8639314712640687,1,1
t3_design_space/per_seed_metrics__L1all.csv,cluster_skew_overlap|9|pre_none_off,mean_acc,0.8526515151515152,0.8526515151515152,1,1
t3_design_space/per_seed_metrics__L1all.csv,cluster_skew_overlap|9|pre_none_off,worst_acc,0.8,0.8,1,1
t3_design_space/per_seed_metrics__L1all.csv,cluster_skew_overlap|9|pre_footprint_off,min_dist,4.319576680006056,4.319576680006056,1,1
t3_design_space/per_seed_metrics__L1all.csv,cluster_skew_overlap|9|pre_footprint_off,mean_acc,0.8526515151515152,0.8526515151515152,1,1
t3_design_space/per_seed_metrics__L1all.csv,cluster_skew_overlap|9|pre_footprint_off,worst_acc,0.8045454545454546,0.8045454545454546,1,1
t3_design_space/per_seed_metrics__L1all.csv,cluster_skew_overlap|9|pre_mass_off,min_dist,4.316620684607283,4.316620684607283,1,1
t3_design_space/per_seed_metrics__L1all.csv,cluster_skew_overlap|9|pre_mass_off,mean_acc,0.8526515151515152,0.8526515151515152,1,1
t3_design_space/per_seed_metrics__L1all.csv,cluster_skew_overlap|9|pre_mass_off,worst_acc,0.8045454545454546,0.8045454545454546,1,1
t3_design_space/per_seed_metrics__L1all.csv,dirichlet_0.03|0|post_none_off,min_dist,6.748411568339144e-13,6.748411568339144e-13,1,1
t3_design_space/per_seed_metrics__L1all.csv,dirichlet_0.03|0|post_none_off,mean_acc,0.9196969696969698,0.9196969696969698,1,1
t3_design_space/per_seed_metrics__L1all.csv,dirichlet_0.03|0|post_none_off,worst_acc,0.7045454545454546,0.7045454545454546,1,1
t3_design_space/per_seed_metrics__L1all.csv,dirichlet_0.03|0|pre_none_off,min_dist,7.506963581758723,7.506963581758723,1,1
t3_design_space/per_seed_metrics__L1all.csv,dirichlet_0.03|0|pre_none_off,mean_acc,1.0,1.0,1,1
t3_design_space/per_seed_metrics__L1all.csv,dirichlet_0.03|0|pre_none_off,worst_acc,1.0,1.0,1,1
t3_design_space/per_seed_metrics__L1all.csv,dirichlet_0.03|0|pre_footprint_off,min_dist,7.521417337388256,7.521417337388256,1,1
t3_design_space/per_seed_metrics__L1all.csv,dirichlet_0.03|0|pre_footprint_off,mean_acc,1.0,1.0,1,1
t3_design_space/per_seed_metrics__L1all.csv,dirichlet_0.03|0|pre_footprint_off,worst_acc,1.0,1.0,1,1
t3_design_space/per_seed_metrics__L1all.csv,dirichlet_0.03|0|pre_mass_off,min_dist,7.521417334993094,7.521417334993094,1,1
t3_design_space/per_seed_metrics__L1all.csv,dirichlet_0.03|0|pre_mass_off,mean_acc,1.0,1.0,1,1
t3_design_space/per_seed_metrics__L1all.csv,dirichlet_0.03|0|pre_mass_off,worst_acc,1.0,1.0,1,1
t3_design_space/per_seed_metrics__L1all.csv,dirichlet_0.03|1|post_none_off,min_dist,3.703287902199923e-05,3.703287902199923e-05,1,1
t3_design_space/per_seed_metrics__L1all.csv,dirichlet_0.03|1|post_none_off,mean_acc,0.8401515151515152,0.8401515151515152,1,1
t3_design_space/per_seed_metrics__L1all.csv,dirichlet_0.03|1|post_none_off,worst_acc,0.4,0.4,1,1
t3_design_space/per_seed_metrics__L1all.csv,dirichlet_0.03|1|pre_none_off,min_dist,7.523152016668885,7.523152016668885,1,1
t3_design_space/per_seed_metrics__L1all.csv,dirichlet_0.03|1|pre_none_off,mean_acc,1.0,1.0,1,1
t3_design_space/per_seed_metrics__L1all.csv,dirichlet_0.03|1|pre_none_off,worst_acc,1.0,1.0,1,1
t3_design_space/per_seed_metrics__L1all.csv,dirichlet_0.03|1|pre_footprint_off,min_dist,7.536612742187438,7.536612742187438,1,1
t3_design_space/per_seed_metrics__L1all.csv,dirichlet_0.03|1|pre_footprint_off,mean_acc,1.0,1.0,1,1
t3_design_space/per_seed_metrics__L1all.csv,dirichlet_0.03|1|pre_footprint_off,worst_acc,1.0,1.0,1,1
t3_design_space/per_seed_metrics__L1all.csv,dirichlet_0.03|1|pre_mass_off,min_dist,7.536586430420765,7.536586430420765,1,1
t3_design_space/per_seed_metrics__L1all.csv,dirichlet_0.03|1|pre_mass_off,mean_acc,1.0,1.0,1,1
t3_design_space/per_seed_metrics__L1all.csv,dirichlet_0.03|1|pre_mass_off,worst_acc,1.0,1.0,1,1
t3_design_space/per_seed_metrics__L1all.csv,dirichlet_0.03|2|post_none_off,min_dist,4.068685850325791e-05,4.068685850325791e-05,1,1
t3_design_space/per_seed_metrics__L1all.csv,dirichlet_0.03|2|post_none_off,mean_acc,0.9011363636363637,0.9011363636363637,1,1
t3_design_space/per_seed_metrics__L1all.csv,dirichlet_0.03|2|post_none_off,worst_acc,0.6909090909090909,0.6909090909090909,1,1
t3_design_space/per_seed_metrics__L1all.csv,dirichlet_0.03|2|pre_none_off,min_dist,7.543120967433068,7.543120967433068,1,1
t3_design_space/per_seed_metrics__L1all.csv,dirichlet_0.03|2|pre_none_off,mean_acc,1.0,1.0,1,1
t3_design_space/per_seed_metrics__L1all.csv,dirichlet_0.03|2|pre_none_off,worst_acc,1.0,1.0,1,1
t3_design_space/per_seed_metrics__L1all.csv,dirichlet_0.03|2|pre_footprint_off,min_dist,7.555417268513785,7.555417268513785,1,1
t3_design_space/per_seed_metrics__L1all.csv,dirichlet_0.03|2|pre_footprint_off,mean_acc,1.0,1.0,1,1
t3_design_space/per_seed_metrics__L1all.csv,dirichlet_0.03|2|pre_footprint_off,worst_acc,1.0,1.0,1,1
t3_design_space/per_seed_metrics__L1all.csv,dirichlet_0.03|2|pre_mass_off,min_dist,7.555494160093168,7.555494160093168,1,1
t3_design_space/per_seed_metrics__L1all.csv,dirichlet_0.03|2|pre_mass_off,mean_acc,1.0,1.0,1,1
t3_design_space/per_seed_metrics__L1all.csv,dirichlet_0.03|2|pre_mass_off,worst_acc,1.0,1.0,1,1
t3_design_space/per_seed_metrics__L1all.csv,dirichlet_0.03|3|post_none_off,min_dist,7.821375242662443e-06,7.821375242662443e-06,1,1
t3_design_space/per_seed_metrics__L1all.csv,dirichlet_0.03|3|post_none_off,mean_acc,0.9784090909090909,0.9784090909090909,1,1
t3_design_space/per_seed_metrics__L1all.csv,dirichlet_0.03|3|post_none_off,worst_acc,0.8227272727272728,0.8227272727272728,1,1
t3_design_space/per_seed_metrics__L1all.csv,dirichlet_0.03|3|pre_none_off,min_dist,7.4416856756656085,7.4416856756656085,1,1
t3_design_space/per_seed_metrics__L1all.csv,dirichlet_0.03|3|pre_none_off,mean_acc,1.0,1.0,1,1
t3_design_space/per_seed_metrics__L1all.csv,dirichlet_0.03|3|pre_none_off,worst_acc,1.0,1.0,1,1
t3_design_space/per_seed_metrics__L1all.csv,dirichlet_0.03|3|pre_footprint_off,min_dist,7.455134788967227,7.455134788967227,1,1
t3_design_space/per_seed_metrics__L1all.csv,dirichlet_0.03|3|pre_footprint_off,mean_acc,1.0,1.0,1,1
t3_design_space/per_seed_metrics__L1all.csv,dirichlet_0.03|3|pre_footprint_off,worst_acc,1.0,1.0,1,1
t3_design_space/per_seed_metrics__L1all.csv,dirichlet_0.03|3|pre_mass_off,min_dist,7.45506575375085,7.45506575375085,1,1
t3_design_space/per_seed_metrics__L1all.csv,dirichlet_0.03|3|pre_mass_off,mean_acc,1.0,1.0,1,1
t3_design_space/per_seed_metrics__L1all.csv,dirichlet_0.03|3|pre_mass_off,worst_acc,1.0,1.0,1,1
t3_design_space/per_seed_metrics__L1all.csv,dirichlet_0.03|4|post_none_off,min_dist,1.7763568394002505e-15,1.7763568394002505e-15,1,1
t3_design_space/per_seed_metrics__L1all.csv,dirichlet_0.03|4|post_none_off,mean_acc,0.7109848484848484,0.7109848484848484,1,1
t3_design_space/per_seed_metrics__L1all.csv,dirichlet_0.03|4|post_none_off,worst_acc,0.5363636363636364,0.5363636363636364,1,1
t3_design_space/per_seed_metrics__L1all.csv,dirichlet_0.03|4|pre_none_off,min_dist,7.4927966322168045,7.4927966322168045,1,1
t3_design_space/per_seed_metrics__L1all.csv,dirichlet_0.03|4|pre_none_off,mean_acc,1.0,1.0,1,1
t3_design_space/per_seed_metrics__L1all.csv,dirichlet_0.03|4|pre_none_off,worst_acc,1.0,1.0,1,1
t3_design_space/per_seed_metrics__L1all.csv,dirichlet_0.03|4|pre_footprint_off,min_dist,7.507475484964204,7.507475484964204,1,1
t3_design_space/per_seed_metrics__L1all.csv,dirichlet_0.03|4|pre_footprint_off,mean_acc,1.0,1.0,1,1
t3_design_space/per_seed_metrics__L1all.csv,dirichlet_0.03|4|pre_footprint_off,worst_acc,1.0,1.0,1,1
t3_design_space/per_seed_metrics__L1all.csv,dirichlet_0.03|4|pre_mass_off,min_dist,7.507486433035372,7.507486433035372,1,1
t3_design_space/per_seed_metrics__L1all.csv,dirichlet_0.03|4|pre_mass_off,mean_acc,1.0,1.0,1,1
t3_design_space/per_seed_metrics__L1all.csv,dirichlet_0.03|4|pre_mass_off,worst_acc,1.0,1.0,1,1
t3_design_space/per_seed_metrics__L1all.csv,dirichlet_0.03|5|post_none_off,min_dist,5.215851667314819e-15,5.215851667314819e-15,1,1
t3_design_space/per_seed_metrics__L1all.csv,dirichlet_0.03|5|post_none_off,mean_acc,0.9996212121212121,0.9996212121212121,1,1
t3_design_space/per_seed_metrics__L1all.csv,dirichlet_0.03|5|post_none_off,worst_acc,0.9954545454545455,0.9954545454545455,1,1
t3_design_space/per_seed_metrics__L1all.csv,dirichlet_0.03|5|pre_none_off,min_dist,7.474424807280428,7.474424807280428,1,1
t3_design_space/per_seed_metrics__L1all.csv,dirichlet_0.03|5|pre_none_off,mean_acc,1.0,1.0,1,1
t3_design_space/per_seed_metrics__L1all.csv,dirichlet_0.03|5|pre_none_off,worst_acc,1.0,1.0,1,1
t3_design_space/per_seed_metrics__L1all.csv,dirichlet_0.03|5|pre_footprint_off,min_dist,1.223078593452554,1.223078593452554,1,1
t3_design_space/per_seed_metrics__L1all.csv,dirichlet_0.03|5|pre_footprint_off,mean_acc,0.8958333333333334,0.8958333333333334,1,1
t3_design_space/per_seed_metrics__L1all.csv,dirichlet_0.03|5|pre_footprint_off,worst_acc,0.5954545454545455,0.5954545454545455,1,1
t3_design_space/per_seed_metrics__L1all.csv,dirichlet_0.03|5|pre_mass_off,min_dist,7.474026291327301,7.474026291327301,1,1
t3_design_space/per_seed_metrics__L1all.csv,dirichlet_0.03|5|pre_mass_off,mean_acc,1.0,1.0,1,1
t3_design_space/per_seed_metrics__L1all.csv,dirichlet_0.03|5|pre_mass_off,worst_acc,1.0,1.0,1,1
t3_design_space/per_seed_metrics__L1all.csv,dirichlet_0.03|6|post_none_off,min_dist,8.035751664717341e-11,8.035751664717341e-11,1,1
t3_design_space/per_seed_metrics__L1all.csv,dirichlet_0.03|6|post_none_off,mean_acc,0.9950757575757576,0.9950757575757576,1,1
t3_design_space/per_seed_metrics__L1all.csv,dirichlet_0.03|6|post_none_off,worst_acc,0.9727272727272728,0.9727272727272728,1,1
t3_design_space/per_seed_metrics__L1all.csv,dirichlet_0.03|6|pre_none_off,min_dist,7.518741905754745,7.518741905754745,1,1
t3_design_space/per_seed_metrics__L1all.csv,dirichlet_0.03|6|pre_none_off,mean_acc,1.0,1.0,1,1
t3_design_space/per_seed_metrics__L1all.csv,dirichlet_0.03|6|pre_none_off,worst_acc,1.0,1.0,1,1
t3_design_space/per_seed_metrics__L1all.csv,dirichlet_0.03|6|pre_footprint_off,min_dist,7.529152990847626,7.529152990847626,1,1
t3_design_space/per_seed_metrics__L1all.csv,dirichlet_0.03|6|pre_footprint_off,mean_acc,1.0,1.0,1,1
t3_design_space/per_seed_metrics__L1all.csv,dirichlet_0.03|6|pre_footprint_off,worst_acc,1.0,1.0,1,1
t3_design_space/per_seed_metrics__L1all.csv,dirichlet_0.03|6|pre_mass_off,min_dist,7.529174918406538,7.529174918406538,1,1
t3_design_space/per_seed_metrics__L1all.csv,dirichlet_0.03|6|pre_mass_off,mean_acc,1.0,1.0,1,1
t3_design_space/per_seed_metrics__L1all.csv,dirichlet_0.03|6|pre_mass_off,worst_acc,1.0,1.0,1,1
t3_design_space/per_seed_metrics__L1all.csv,dirichlet_0.03|7|post_none_off,min_dist,2.85165024559576,2.85165024559576,1,1
t3_design_space/per_seed_metrics__L1all.csv,dirichlet_0.03|7|post_none_off,mean_acc,1.0,1.0,1,1
t3_design_space/per_seed_metrics__L1all.csv,dirichlet_0.03|7|post_none_off,worst_acc,1.0,1.0,1,1
t3_design_space/per_seed_metrics__L1all.csv,dirichlet_0.03|7|pre_none_off,min_dist,7.535540523625697,7.535540523625697,1,1
t3_design_space/per_seed_metrics__L1all.csv,dirichlet_0.03|7|pre_none_off,mean_acc,1.0,1.0,1,1
t3_design_space/per_seed_metrics__L1all.csv,dirichlet_0.03|7|pre_none_off,worst_acc,1.0,1.0,1,1
t3_design_space/per_seed_metrics__L1all.csv,dirichlet_0.03|7|pre_footprint_off,min_dist,7.553362188204579,7.553362188204579,1,1
t3_design_space/per_seed_metrics__L1all.csv,dirichlet_0.03|7|pre_footprint_off,mean_acc,1.0,1.0,1,1
t3_design_space/per_seed_metrics__L1all.csv,dirichlet_0.03|7|pre_footprint_off,worst_acc,1.0,1.0,1,1
t3_design_space/per_seed_metrics__L1all.csv,dirichlet_0.03|7|pre_mass_off,min_dist,7.55370480033129,7.55370480033129,1,1
t3_design_space/per_seed_metrics__L1all.csv,dirichlet_0.03|7|pre_mass_off,mean_acc,1.0,1.0,1,1
t3_design_space/per_seed_metrics__L1all.csv,dirichlet_0.03|7|pre_mass_off,worst_acc,1.0,1.0,1,1
t3_design_space/per_seed_metrics__L1all.csv,dirichlet_0.03|8|post_none_off,min_dist,4.8160635303530315e-12,4.8160635303530315e-12,1,1
t3_design_space/per_seed_metrics__L1all.csv,dirichlet_0.03|8|post_none_off,mean_acc,0.9670454545454544,0.9670454545454544,1,1
t3_design_space/per_seed_metrics__L1all.csv,dirichlet_0.03|8|post_none_off,worst_acc,0.6954545454545454,0.6954545454545454,1,1
t3_design_space/per_seed_metrics__L1all.csv,dirichlet_0.03|8|pre_none_off,min_dist,7.5575853031706615,7.5575853031706615,1,1
t3_design_space/per_seed_metrics__L1all.csv,dirichlet_0.03|8|pre_none_off,mean_acc,1.0,1.0,1,1
t3_design_space/per_seed_metrics__L1all.csv,dirichlet_0.03|8|pre_none_off,worst_acc,1.0,1.0,1,1
t3_design_space/per_seed_metrics__L1all.csv,dirichlet_0.03|8|pre_footprint_off,min_dist,7.55450336493589,7.55450336493589,1,1
t3_design_space/per_seed_metrics__L1all.csv,dirichlet_0.03|8|pre_footprint_off,mean_acc,1.0,1.0,1,1
t3_design_space/per_seed_metrics__L1all.csv,dirichlet_0.03|8|pre_footprint_off,worst_acc,1.0,1.0,1,1
t3_design_space/per_seed_metrics__L1all.csv,dirichlet_0.03|8|pre_mass_off,min_dist,7.554465888645935,7.554465888645935,1,1
t3_design_space/per_seed_metrics__L1all.csv,dirichlet_0.03|8|pre_mass_off,mean_acc,1.0,1.0,1,1
t3_design_space/per_seed_metrics__L1all.csv,dirichlet_0.03|8|pre_mass_off,worst_acc,1.0,1.0,1,1
t3_design_space/per_seed_metrics__L1all.csv,dirichlet_0.03|9|post_none_off,min_dist,0.1609769322772927,0.1609769322772927,1,1
t3_design_space/per_seed_metrics__L1all.csv,dirichlet_0.03|9|post_none_off,mean_acc,0.8071969696969697,0.8071969696969697,1,1
t3_design_space/per_seed_metrics__L1all.csv,dirichlet_0.03|9|post_none_off,worst_acc,0.5,0.5,1,1
t3_design_space/per_seed_metrics__L1all.csv,dirichlet_0.03|9|pre_none_off,min_dist,7.415558279821332,7.415558279821332,1,1
t3_design_space/per_seed_metrics__L1all.csv,dirichlet_0.03|9|pre_none_off,mean_acc,1.0,1.0,1,1
t3_design_space/per_seed_metrics__L1all.csv,dirichlet_0.03|9|pre_none_off,worst_acc,1.0,1.0,1,1
t3_design_space/per_seed_metrics__L1all.csv,dirichlet_0.03|9|pre_footprint_off,min_dist,7.437202576921576,7.437202576921576,1,1
t3_design_space/per_seed_metrics__L1all.csv,dirichlet_0.03|9|pre_footprint_off,mean_acc,1.0,1.0,1,1
t3_design_space/per_seed_metrics__L1all.csv,dirichlet_0.03|9|pre_footprint_off,worst_acc,1.0,1.0,1,1
t3_design_space/per_seed_metrics__L1all.csv,dirichlet_0.03|9|pre_mass_off,min_dist,7.4372107387440645,7.4372107387440645,1,1
t3_design_space/per_seed_metrics__L1all.csv,dirichlet_0.03|9|pre_mass_off,mean_acc,1.0,1.0,1,1
t3_design_space/per_seed_metrics__L1all.csv,dirichlet_0.03|9|pre_mass_off,worst_acc,1.0,1.0,1,1
t3_design_space/per_seed_metrics__L1all.csv,dirichlet_0.1|0|post_none_off,min_dist,1.837149343441184,1.837149343441184,1,1
t3_design_space/per_seed_metrics__L1all.csv,dirichlet_0.1|0|post_none_off,mean_acc,1.0,1.0,1,1
t3_design_space/per_seed_metrics__L1all.csv,dirichlet_0.1|0|post_none_off,worst_acc,1.0,1.0,1,1
t3_design_space/per_seed_metrics__L1all.csv,dirichlet_0.1|0|pre_none_off,min_dist,7.475030566934451,7.475030566934451,1,1
t3_design_space/per_seed_metrics__L1all.csv,dirichlet_0.1|0|pre_none_off,mean_acc,1.0,1.0,1,1
t3_design_space/per_seed_metrics__L1all.csv,dirichlet_0.1|0|pre_none_off,worst_acc,1.0,1.0,1,1
t3_design_space/per_seed_metrics__L1all.csv,dirichlet_0.1|0|pre_footprint_off,min_dist,7.483384613205219,7.483384613205219,1,1
t3_design_space/per_seed_metrics__L1all.csv,dirichlet_0.1|0|pre_footprint_off,mean_acc,1.0,1.0,1,1
t3_design_space/per_seed_metrics__L1all.csv,dirichlet_0.1|0|pre_footprint_off,worst_acc,1.0,1.0,1,1
t3_design_space/per_seed_metrics__L1all.csv,dirichlet_0.1|0|pre_mass_off,min_dist,7.483416113135058,7.483416113135058,1,1
t3_design_space/per_seed_metrics__L1all.csv,dirichlet_0.1|0|pre_mass_off,mean_acc,1.0,1.0,1,1
t3_design_space/per_seed_metrics__L1all.csv,dirichlet_0.1|0|pre_mass_off,worst_acc,1.0,1.0,1,1
t3_design_space/per_seed_metrics__L1all.csv,dirichlet_0.1|1|post_none_off,min_dist,4.485591530698894,4.485591530698894,1,1
t3_design_space/per_seed_metrics__L1all.csv,dirichlet_0.1|1|post_none_off,mean_acc,1.0,1.0,1,1
t3_design_space/per_seed_metrics__L1all.csv,dirichlet_0.1|1|post_none_off,worst_acc,1.0,1.0,1,1
t3_design_space/per_seed_metrics__L1all.csv,dirichlet_0.1|1|pre_none_off,min_dist,7.554949354735508,7.554949354735508,1,1
t3_design_space/per_seed_metrics__L1all.csv,dirichlet_0.1|1|pre_none_off,mean_acc,1.0,1.0,1,1
t3_design_space/per_seed_metrics__L1all.csv,dirichlet_0.1|1|pre_none_off,worst_acc,1.0,1.0,1,1
t3_design_space/per_seed_metrics__L1all.csv,dirichlet_0.1|1|pre_footprint_off,min_dist,7.561834279199299,7.561834279199299,1,1
t3_design_space/per_seed_metrics__L1all.csv,dirichlet_0.1|1|pre_footprint_off,mean_acc,1.0,1.0,1,1
t3_design_space/per_seed_metrics__L1all.csv,dirichlet_0.1|1|pre_footprint_off,worst_acc,1.0,1.0,1,1
t3_design_space/per_seed_metrics__L1all.csv,dirichlet_0.1|1|pre_mass_off,min_dist,7.562042272840777,7.562042272840777,1,1
t3_design_space/per_seed_metrics__L1all.csv,dirichlet_0.1|1|pre_mass_off,mean_acc,1.0,1.0,1,1
t3_design_space/per_seed_metrics__L1all.csv,dirichlet_0.1|1|pre_mass_off,worst_acc,1.0,1.0,1,1
t3_design_space/per_seed_metrics__L1all.csv,dirichlet_0.1|2|post_none_off,min_dist,1.1534501069440428,1.1534501069440428,1,1
t3_design_space/per_seed_metrics__L1all.csv,dirichlet_0.1|2|post_none_off,mean_acc,0.8446969696969697,0.8446969696969697,1,1
t3_design_space/per_seed_metrics__L1all.csv,dirichlet_0.1|2|post_none_off,worst_acc,0.5636363636363636,0.5636363636363636,1,1
t3_design_space/per_seed_metrics__L1all.csv,dirichlet_0.1|2|pre_none_off,min_dist,1.3540417590105867,1.3540417590105867,1,1
t3_design_space/per_seed_metrics__L1all.csv,dirichlet_0.1|2|pre_none_off,mean_acc,0.8401515151515153,0.8401515151515153,1,1
t3_design_space/per_seed_metrics__L1all.csv,dirichlet_0.1|2|pre_none_off,worst_acc,0.6727272727272727,0.6727272727272727,1,1
t3_design_space/per_seed_metrics__L1all.csv,dirichlet_0.1|2|pre_footprint_off,min_dist,1.0997808457561562,1.0997808457561562,1,1
t3_design_space/per_seed_metrics__L1all.csv,dirichlet_0.1|2|pre_footprint_off,mean_acc,0.8174242424242424,0.8174242424242424,1,1
t3_design_space/per_seed_metrics__L1all.csv,dirichlet_0.1|2|pre_footprint_off,worst_acc,0.5590909090909091,0.5590909090909091,1,1
t3_design_space/per_seed_metrics__L1all.csv,dirichlet_0.1|2|pre_mass_off,min_dist,1.0980190463840642,1.0980190463840642,1,1
t3_design_space/per_seed_metrics__L1all.csv,dirichlet_0.1|2|pre_mass_off,mean_acc,0.8132575757575758,0.8132575757575758,1,1
t3_design_space/per_seed_metrics__L1all.csv,dirichlet_0.1|2|pre_mass_off,worst_acc,0.5363636363636364,0.5363636363636364,1,1
t3_design_space/per_seed_metrics__L1all.csv,dirichlet_0.1|3|post_none_off,min_dist,4.444898770444069,4.444898770444069,1,1
t3_design_space/per_seed_metrics__L1all.csv,dirichlet_0.1|3|post_none_off,mean_acc,1.0,1.0,1,1
t3_design_space/per_seed_metrics__L1all.csv,dirichlet_0.1|3|post_none_off,worst_acc,1.0,1.0,1,1
t3_design_space/per_seed_metrics__L1all.csv,dirichlet_0.1|3|pre_none_off,min_dist,7.496862776416478,7.496862776416478,1,1
t3_design_space/per_seed_metrics__L1all.csv,dirichlet_0.1|3|pre_none_off,mean_acc,1.0,1.0,1,1
t3_design_space/per_seed_metrics__L1all.csv,dirichlet_0.1|3|pre_none_off,worst_acc,1.0,1.0,1,1
t3_design_space/per_seed_metrics__L1all.csv,dirichlet_0.1|3|pre_footprint_off,min_dist,7.496577739105733,7.496577739105733,1,1
t3_design_space/per_seed_metrics__L1all.csv,dirichlet_0.1|3|pre_footprint_off,mean_acc,1.0,1.0,1,1
t3_design_space/per_seed_metrics__L1all.csv,dirichlet_0.1|3|pre_footprint_off,worst_acc,1.0,1.0,1,1
t3_design_space/per_seed_metrics__L1all.csv,dirichlet_0.1|3|pre_mass_off,min_dist,7.496476108269698,7.496476108269698,1,1
t3_design_space/per_seed_metrics__L1all.csv,dirichlet_0.1|3|pre_mass_off,mean_acc,1.0,1.0,1,1
t3_design_space/per_seed_metrics__L1all.csv,dirichlet_0.1|3|pre_mass_off,worst_acc,1.0,1.0,1,1
t3_design_space/per_seed_metrics__L1all.csv,dirichlet_0.1|4|post_none_off,min_dist,1.3917874374211738,1.3917874374211738,1,1
t3_design_space/per_seed_metrics__L1all.csv,dirichlet_0.1|4|post_none_off,mean_acc,0.9996212121212121,0.9996212121212121,1,1
t3_design_space/per_seed_metrics__L1all.csv,dirichlet_0.1|4|post_none_off,worst_acc,0.9954545454545455,0.9954545454545455,1,1
t3_design_space/per_seed_metrics__L1all.csv,dirichlet_0.1|4|pre_none_off,min_dist,7.5040059667659245,7.5040059667659245,1,1
t3_design_space/per_seed_metrics__L1all.csv,dirichlet_0.1|4|pre_none_off,mean_acc,1.0,1.0,1,1
t3_design_space/per_seed_metrics__L1all.csv,dirichlet_0.1|4|pre_none_off,worst_acc,1.0,1.0,1,1
t3_design_space/per_seed_metrics__L1all.csv,dirichlet_0.1|4|pre_footprint_off,min_dist,1.0670595100207119,1.0670595100207119,1,1
t3_design_space/per_seed_metrics__L1all.csv,dirichlet_0.1|4|pre_footprint_off,mean_acc,0.8833333333333333,0.8833333333333333,1,1
t3_design_space/per_seed_metrics__L1all.csv,dirichlet_0.1|4|pre_footprint_off,worst_acc,0.509090909090909,0.509090909090909,1,1
t3_design_space/per_seed_metrics__L1all.csv,dirichlet_0.1|4|pre_mass_off,min_dist,1.0722058515812403,1.0722058515812403,1,1
t3_design_space/per_seed_metrics__L1all.csv,dirichlet_0.1|4|pre_mass_off,mean_acc,0.8833333333333332,0.8833333333333332,1,1
t3_design_space/per_seed_metrics__L1all.csv,dirichlet_0.1|4|pre_mass_off,worst_acc,0.5181818181818182,0.5181818181818182,1,1
t3_design_space/per_seed_metrics__L1all.csv,dirichlet_0.1|5|post_none_off,min_dist,3.042021758561357e-11,3.042021758561357e-11,1,1
t3_design_space/per_seed_metrics__L1all.csv,dirichlet_0.1|5|post_none_off,mean_acc,0.818560606060606,0.818560606060606,1,1
t3_design_space/per_seed_metrics__L1all.csv,dirichlet_0.1|5|post_none_off,worst_acc,0.6681818181818182,0.6681818181818182,1,1
t3_design_space/per_seed_metrics__L1all.csv,dirichlet_0.1|5|pre_none_off,min_dist,7.527259502483077,7.527259502483077,1,1
t3_design_space/per_seed_metrics__L1all.csv,dirichlet_0.1|5|pre_none_off,mean_acc,1.0,1.0,1,1
t3_design_space/per_seed_metrics__L1all.csv,dirichlet_0.1|5|pre_none_off,worst_acc,1.0,1.0,1,1
t3_design_space/per_seed_metrics__L1all.csv,dirichlet_0.1|5|pre_footprint_off,min_dist,7.547673281540574,7.547673281540574,1,1
t3_design_space/per_seed_metrics__L1all.csv,dirichlet_0.1|5|pre_footprint_off,mean_acc,1.0,1.0,1,1
t3_design_space/per_seed_metrics__L1all.csv,dirichlet_0.1|5|pre_footprint_off,worst_acc,1.0,1.0,1,1
t3_design_space/per_seed_metrics__L1all.csv,dirichlet_0.1|5|pre_mass_off,min_dist,7.547677012671057,7.547677012671057,1,1
t3_design_space/per_seed_metrics__L1all.csv,dirichlet_0.1|5|pre_mass_off,mean_acc,1.0,1.0,1,1
t3_design_space/per_seed_metrics__L1all.csv,dirichlet_0.1|5|pre_mass_off,worst_acc,1.0,1.0,1,1
t3_design_space/per_seed_metrics__L1all.csv,dirichlet_0.1|6|post_none_off,min_dist,0.8496933417508469,0.8496933417508469,1,1
t3_design_space/per_seed_metrics__L1all.csv,dirichlet_0.1|6|post_none_off,mean_acc,1.0,1.0,1,1
t3_design_space/per_seed_metrics__L1all.csv,dirichlet_0.1|6|post_none_off,worst_acc,1.0,1.0,1,1
t3_design_space/per_seed_metrics__L1all.csv,dirichlet_0.1|6|pre_none_off,min_dist,7.523862753312617,7.523862753312617,1,1
t3_design_space/per_seed_metrics__L1all.csv,dirichlet_0.1|6|pre_none_off,mean_acc,1.0,1.0,1,1
t3_design_space/per_seed_metrics__L1all.csv,dirichlet_0.1|6|pre_none_off,worst_acc,1.0,1.0,1,1
t3_design_space/per_seed_metrics__L1all.csv,dirichlet_0.1|6|pre_footprint_off,min_dist,7.544897171107249,7.544897171107249,1,1
t3_design_space/per_seed_metrics__L1all.csv,dirichlet_0.1|6|pre_footprint_off,mean_acc,1.0,1.0,1,1
t3_design_space/per_seed_metrics__L1all.csv,dirichlet_0.1|6|pre_footprint_off,worst_acc,1.0,1.0,1,1
t3_design_space/per_seed_metrics__L1all.csv,dirichlet_0.1|6|pre_mass_off,min_dist,7.544836524610134,7.544836524610134,1,1
t3_design_space/per_seed_metrics__L1all.csv,dirichlet_0.1|6|pre_mass_off,mean_acc,1.0,1.0,1,1
t3_design_space/per_seed_metrics__L1all.csv,dirichlet_0.1|6|pre_mass_off,worst_acc,1.0,1.0,1,1
t3_design_space/per_seed_metrics__L1all.csv,dirichlet_0.1|7|post_none_off,min_dist,4.985294370124235,4.985294370124235,1,1
t3_design_space/per_seed_metrics__L1all.csv,dirichlet_0.1|7|post_none_off,mean_acc,0.9928030303030303,0.9928030303030303,1,1
t3_design_space/per_seed_metrics__L1all.csv,dirichlet_0.1|7|post_none_off,worst_acc,0.9409090909090909,0.9409090909090909,1,1
t3_design_space/per_seed_metrics__L1all.csv,dirichlet_0.1|7|pre_none_off,min_dist,7.502888812027467,7.502888812027467,1,1
t3_design_space/per_seed_metrics__L1all.csv,dirichlet_0.1|7|pre_none_off,mean_acc,1.0,1.0,1,1
t3_design_space/per_seed_metrics__L1all.csv,dirichlet_0.1|7|pre_none_off,worst_acc,1.0,1.0,1,1
t3_design_space/per_seed_metrics__L1all.csv,dirichlet_0.1|7|pre_footprint_off,min_dist,7.518640076848792,7.518640076848792,1,1
t3_design_space/per_seed_metrics__L1all.csv,dirichlet_0.1|7|pre_footprint_off,mean_acc,1.0,1.0,1,1
t3_design_space/per_seed_metrics__L1all.csv,dirichlet_0.1|7|pre_footprint_off,worst_acc,1.0,1.0,1,1
t3_design_space/per_seed_metrics__L1all.csv,dirichlet_0.1|7|pre_mass_off,min_dist,7.519080517746009,7.519080517746009,1,1
t3_design_space/per_seed_metrics__L1all.csv,dirichlet_0.1|7|pre_mass_off,mean_acc,1.0,1.0,1,1
t3_design_space/per_seed_metrics__L1all.csv,dirichlet_0.1|7|pre_mass_off,worst_acc,1.0,1.0,1,1
t3_design_space/per_seed_metrics__L1all.csv,dirichlet_0.1|8|post_none_off,min_dist,2.6464812987270464e-05,2.6464812987270464e-05,1,1
t3_design_space/per_seed_metrics__L1all.csv,dirichlet_0.1|8|post_none_off,mean_acc,0.9772727272727274,0.9772727272727274,1,1
t3_design_space/per_seed_metrics__L1all.csv,dirichlet_0.1|8|post_none_off,worst_acc,0.8954545454545455,0.8954545454545455,1,1
t3_design_space/per_seed_metrics__L1all.csv,dirichlet_0.1|8|pre_none_off,min_dist,7.447943635694355,7.447943635694355,1,1
t3_design_space/per_seed_metrics__L1all.csv,dirichlet_0.1|8|pre_none_off,mean_acc,1.0,1.0,1,1
t3_design_space/per_seed_metrics__L1all.csv,dirichlet_0.1|8|pre_none_off,worst_acc,1.0,1.0,1,1
t3_design_space/per_seed_metrics__L1all.csv,dirichlet_0.1|8|pre_footprint_off,min_dist,7.471996797856394,7.471996797856394,1,1
t3_design_space/per_seed_metrics__L1all.csv,dirichlet_0.1|8|pre_footprint_off,mean_acc,1.0,1.0,1,1
t3_design_space/per_seed_metrics__L1all.csv,dirichlet_0.1|8|pre_footprint_off,worst_acc,1.0,1.0,1,1
t3_design_space/per_seed_metrics__L1all.csv,dirichlet_0.1|8|pre_mass_off,min_dist,7.47210509044825,7.47210509044825,1,1
t3_design_space/per_seed_metrics__L1all.csv,dirichlet_0.1|8|pre_mass_off,mean_acc,1.0,1.0,1,1
t3_design_space/per_seed_metrics__L1all.csv,dirichlet_0.1|8|pre_mass_off,worst_acc,1.0,1.0,1,1
t3_design_space/per_seed_metrics__L1all.csv,dirichlet_0.1|9|post_none_off,min_dist,1.3093978871531564,1.3093978871531564,1,1
t3_design_space/per_seed_metrics__L1all.csv,dirichlet_0.1|9|post_none_off,mean_acc,0.8787878787878788,0.8787878787878788,1,1
t3_design_space/per_seed_metrics__L1all.csv,dirichlet_0.1|9|post_none_off,worst_acc,0.7727272727272727,0.7727272727272727,1,1
t3_design_space/per_seed_metrics__L1all.csv,dirichlet_0.1|9|pre_none_off,min_dist,7.452857597676321,7.452857597676321,1,1
t3_design_space/per_seed_metrics__L1all.csv,dirichlet_0.1|9|pre_none_off,mean_acc,1.0,1.0,1,1
t3_design_space/per_seed_metrics__L1all.csv,dirichlet_0.1|9|pre_none_off,worst_acc,1.0,1.0,1,1
t3_design_space/per_seed_metrics__L1all.csv,dirichlet_0.1|9|pre_footprint_off,min_dist,1.2156132053205648,1.2156132053205648,1,1
t3_design_space/per_seed_metrics__L1all.csv,dirichlet_0.1|9|pre_footprint_off,mean_acc,0.8060606060606061,0.8060606060606061,1,1
t3_design_space/per_seed_metrics__L1all.csv,dirichlet_0.1|9|pre_footprint_off,worst_acc,0.6681818181818182,0.6681818181818182,1,1
t3_design_space/per_seed_metrics__L1all.csv,dirichlet_0.1|9|pre_mass_off,min_dist,7.475352773627684,7.475352773627684,1,1
t3_design_space/per_seed_metrics__L1all.csv,dirichlet_0.1|9|pre_mass_off,mean_acc,1.0,1.0,1,1
t3_design_space/per_seed_metrics__L1all.csv,dirichlet_0.1|9|pre_mass_off,worst_acc,1.0,1.0,1,1
t3_design_space/per_seed_metrics__L1all.csv,overlap_noise|0|post_none_off,min_dist,4.400671285476199,4.400671285476199,1,1
t3_design_space/per_seed_metrics__L1all.csv,overlap_noise|0|post_none_off,mean_acc,0.8931818181818182,0.8931818181818182,1,1
t3_design_space/per_seed_metrics__L1all.csv,overlap_noise|0|post_none_off,worst_acc,0.8636363636363636,0.8636363636363636,1,1
t3_design_space/per_seed_metrics__L1all.csv,overlap_noise|0|pre_none_off,min_dist,4.6600307823624485,4.6600307823624485,1,1
t3_design_space/per_seed_metrics__L1all.csv,overlap_noise|0|pre_none_off,mean_acc,0.8981060606060606,0.8981060606060606,1,1
t3_design_space/per_seed_metrics__L1all.csv,overlap_noise|0|pre_none_off,worst_acc,0.8636363636363636,0.8636363636363636,1,1
t3_design_space/per_seed_metrics__L1all.csv,overlap_noise|0|pre_footprint_off,min_dist,4.876569125858231,4.876569125858231,1,1
t3_design_space/per_seed_metrics__L1all.csv,overlap_noise|0|pre_footprint_off,mean_acc,0.9003787878787879,0.9003787878787879,1,1
t3_design_space/per_seed_metrics__L1all.csv,overlap_noise|0|pre_footprint_off,worst_acc,0.8590909090909091,0.8590909090909091,1,1
t3_design_space/per_seed_metrics__L1all.csv,overlap_noise|0|pre_mass_off,min_dist,4.87054546393046,4.87054546393046,1,1
t3_design_space/per_seed_metrics__L1all.csv,overlap_noise|0|pre_mass_off,mean_acc,0.9003787878787879,0.9003787878787879,1,1
t3_design_space/per_seed_metrics__L1all.csv,overlap_noise|0|pre_mass_off,worst_acc,0.8590909090909091,0.8590909090909091,1,1
t3_design_space/per_seed_metrics__L1all.csv,overlap_noise|1|post_none_off,min_dist,4.6873920954521555,4.6873920954521555,1,1
t3_design_space/per_seed_metrics__L1all.csv,overlap_noise|1|post_none_off,mean_acc,0.9079545454545453,0.9079545454545453,1,1
t3_design_space/per_seed_metrics__L1all.csv,overlap_noise|1|post_none_off,worst_acc,0.8863636363636364,0.8863636363636364,1,1
t3_design_space/per_seed_metrics__L1all.csv,overlap_noise|1|pre_none_off,min_dist,4.82999521845886,4.82999521845886,1,1
t3_design_space/per_seed_metrics__L1all.csv,overlap_noise|1|pre_none_off,mean_acc,0.9083333333333332,0.9083333333333332,1,1
t3_design_space/per_seed_metrics__L1all.csv,overlap_noise|1|pre_none_off,worst_acc,0.8909090909090909,0.8909090909090909,1,1
t3_design_space/per_seed_metrics__L1all.csv,overlap_noise|1|pre_footprint_off,min_dist,4.913868868043701,4.913868868043701,1,1
t3_design_space/per_seed_metrics__L1all.csv,overlap_noise|1|pre_footprint_off,mean_acc,0.9090909090909091,0.9090909090909091,1,1
t3_design_space/per_seed_metrics__L1all.csv,overlap_noise|1|pre_footprint_off,worst_acc,0.8863636363636364,0.8863636363636364,1,1
t3_design_space/per_seed_metrics__L1all.csv,overlap_noise|1|pre_mass_off,min_dist,4.911613324868942,4.911613324868942,1,1
t3_design_space/per_seed_metrics__L1all.csv,overlap_noise|1|pre_mass_off,mean_acc,0.9090909090909091,0.9090909090909091,1,1
t3_design_space/per_seed_metrics__L1all.csv,overlap_noise|1|pre_mass_off,worst_acc,0.8863636363636364,0.8863636363636364,1,1
t3_design_space/per_seed_metrics__L1all.csv,overlap_noise|2|post_none_off,min_dist,4.637011773654188,4.637011773654188,1,1
t3_design_space/per_seed_metrics__L1all.csv,overlap_noise|2|post_none_off,mean_acc,0.9015151515151515,0.9015151515151515,1,1
t3_design_space/per_seed_metrics__L1all.csv,overlap_noise|2|post_none_off,worst_acc,0.8863636363636364,0.8863636363636364,1,1
t3_design_space/per_seed_metrics__L1all.csv,overlap_noise|2|pre_none_off,min_dist,4.765926517100662,4.765926517100662,1,1
t3_design_space/per_seed_metrics__L1all.csv,overlap_noise|2|pre_none_off,mean_acc,0.9022727272727273,0.9022727272727273,1,1
t3_design_space/per_seed_metrics__L1all.csv,overlap_noise|2|pre_none_off,worst_acc,0.8863636363636364,0.8863636363636364,1,1
t3_design_space/per_seed_metrics__L1all.csv,overlap_noise|2|pre_footprint_off,min_dist,4.860034450650258,4.860034450650258,1,1
t3_design_space/per_seed_metrics__L1all.csv,overlap_noise|2|pre_footprint_off,mean_acc,0.903030303030303,0.903030303030303,1,1
t3_design_space/per_seed_metrics__L1all.csv,overlap_noise|2|pre_footprint_off,worst_acc,0.8863636363636364,0.8863636363636364,1,1
t3_design_space/per_seed_metrics__L1all.csv,overlap_noise|2|pre_mass_off,min_dist,4.857403565439439,4.857403565439439,1,1
t3_design_space/per_seed_metrics__L1all.csv,overlap_noise|2|pre_mass_off,mean_acc,0.903030303030303,0.903030303030303,1,1
t3_design_space/per_seed_metrics__L1all.csv,overlap_noise|2|pre_mass_off,worst_acc,0.8863636363636364,0.8863636363636364,1,1
t3_design_space/per_seed_metrics__L1all.csv,overlap_noise|3|post_none_off,min_dist,4.748511554958407,4.748511554958407,1,1
t3_design_space/per_seed_metrics__L1all.csv,overlap_noise|3|post_none_off,mean_acc,0.8988636363636363,0.8988636363636363,1,1
t3_design_space/per_seed_metrics__L1all.csv,overlap_noise|3|post_none_off,worst_acc,0.8863636363636364,0.8863636363636364,1,1
t3_design_space/per_seed_metrics__L1all.csv,overlap_noise|3|pre_none_off,min_dist,4.832925212275157,4.832925212275157,1,1
t3_design_space/per_seed_metrics__L1all.csv,overlap_noise|3|pre_none_off,mean_acc,0.8988636363636364,0.8988636363636364,1,1
t3_design_space/per_seed_metrics__L1all.csv,overlap_noise|3|pre_none_off,worst_acc,0.8818181818181818,0.8818181818181818,1,1
t3_design_space/per_seed_metrics__L1all.csv,overlap_noise|3|pre_footprint_off,min_dist,4.96719599494868,4.96719599494868,1,1
t3_design_space/per_seed_metrics__L1all.csv,overlap_noise|3|pre_footprint_off,mean_acc,0.8992424242424243,0.8992424242424243,1,1
t3_design_space/per_seed_metrics__L1all.csv,overlap_noise|3|pre_footprint_off,worst_acc,0.8772727272727273,0.8772727272727273,1,1
t3_design_space/per_seed_metrics__L1all.csv,overlap_noise|3|pre_mass_off,min_dist,4.963865430641855,4.963865430641855,1,1
t3_design_space/per_seed_metrics__L1all.csv,overlap_noise|3|pre_mass_off,mean_acc,0.8988636363636364,0.8988636363636364,1,1
t3_design_space/per_seed_metrics__L1all.csv,overlap_noise|3|pre_mass_off,worst_acc,0.8772727272727273,0.8772727272727273,1,1
t3_design_space/per_seed_metrics__L1all.csv,overlap_noise|4|post_none_off,min_dist,4.866033822136143,4.866033822136143,1,1
t3_design_space/per_seed_metrics__L1all.csv,overlap_noise|4|post_none_off,mean_acc,0.9056818181818183,0.9056818181818183,1,1
t3_design_space/per_seed_metrics__L1all.csv,overlap_noise|4|post_none_off,worst_acc,0.8727272727272727,0.8727272727272727,1,1
t3_design_space/per_seed_metrics__L1all.csv,overlap_noise|4|pre_none_off,min_dist,4.877050367719806,4.877050367719806,1,1
t3_design_space/per_seed_metrics__L1all.csv,overlap_noise|4|pre_none_off,mean_acc,0.9049242424242424,0.9049242424242424,1,1
t3_design_space/per_seed_metrics__L1all.csv,overlap_noise|4|pre_none_off,worst_acc,0.8727272727272727,0.8727272727272727,1,1
t3_design_space/per_seed_metrics__L1all.csv,overlap_noise|4|pre_footprint_off,min_dist,1.843087046743571,1.843087046743571,1,1
t3_design_space/per_seed_metrics__L1all.csv,overlap_noise|4|pre_footprint_off,mean_acc,0.7196969696969697,0.7196969696969697,1,1
t3_design_space/per_seed_metrics__L1all.csv,overlap_noise|4|pre_footprint_off,worst_acc,0.5272727272727272,0.5272727272727272,1,1
t3_design_space/per_seed_metrics__L1all.csv,overlap_noise|4|pre_mass_off,min_dist,4.980578104864746,4.980578104864746,1,1
t3_design_space/per_seed_metrics__L1all.csv,overlap_noise|4|pre_mass_off,mean_acc,0.9056818181818181,0.9056818181818181,1,1
t3_design_space/per_seed_metrics__L1all.csv,overlap_noise|4|pre_mass_off,worst_acc,0.8727272727272727,0.8727272727272727,1,1
t3_design_space/per_seed_metrics__L1all.csv,overlap_noise|5|post_none_off,min_dist,4.458945501477222,4.458945501477222,1,1
t3_design_space/per_seed_metrics__L1all.csv,overlap_noise|5|post_none_off,mean_acc,0.896969696969697,0.896969696969697,1,1
t3_design_space/per_seed_metrics__L1all.csv,overlap_noise|5|post_none_off,worst_acc,0.8681818181818182,0.8681818181818182,1,1
t3_design_space/per_seed_metrics__L1all.csv,overlap_noise|5|pre_none_off,min_dist,4.530019977663048,4.530019977663048,1,1
t3_design_space/per_seed_metrics__L1all.csv,overlap_noise|5|pre_none_off,mean_acc,0.8981060606060606,0.8981060606060606,1,1
t3_design_space/per_seed_metrics__L1all.csv,overlap_noise|5|pre_none_off,worst_acc,0.8727272727272727,0.8727272727272727,1,1
t3_design_space/per_seed_metrics__L1all.csv,overlap_noise|5|pre_footprint_off,min_dist,4.706423517477459,4.706423517477459,1,1
t3_design_space/per_seed_metrics__L1all.csv,overlap_noise|5|pre_footprint_off,mean_acc,0.9011363636363635,0.9011363636363635,1,1
t3_design_space/per_seed_metrics__L1all.csv,overlap_noise|5|pre_footprint_off,worst_acc,0.8772727272727273,0.8772727272727273,1,1
t3_design_space/per_seed_metrics__L1all.csv,overlap_noise|5|pre_mass_off,min_dist,4.704491574461342,4.704491574461342,1,1
t3_design_space/per_seed_metrics__L1all.csv,overlap_noise|5|pre_mass_off,mean_acc,0.9011363636363635,0.9011363636363635,1,1
t3_design_space/per_seed_metrics__L1all.csv,overlap_noise|5|pre_mass_off,worst_acc,0.8772727272727273,0.8772727272727273,1,1
t3_design_space/per_seed_metrics__L1all.csv,overlap_noise|6|post_none_off,min_dist,4.921611908243968,4.921611908243968,1,1
t3_design_space/per_seed_metrics__L1all.csv,overlap_noise|6|post_none_off,mean_acc,0.9094696969696968,0.9094696969696968,1,1
t3_design_space/per_seed_metrics__L1all.csv,overlap_noise|6|post_none_off,worst_acc,0.8727272727272727,0.8727272727272727,1,1
t3_design_space/per_seed_metrics__L1all.csv,overlap_noise|6|pre_none_off,min_dist,4.920691727172585,4.920691727172585,1,1
t3_design_space/per_seed_metrics__L1all.csv,overlap_noise|6|pre_none_off,mean_acc,0.9102272727272726,0.9102272727272726,1,1
t3_design_space/per_seed_metrics__L1all.csv,overlap_noise|6|pre_none_off,worst_acc,0.8772727272727273,0.8772727272727273,1,1
t3_design_space/per_seed_metrics__L1all.csv,overlap_noise|6|pre_footprint_off,min_dist,4.965761955557793,4.965761955557793,1,1
t3_design_space/per_seed_metrics__L1all.csv,overlap_noise|6|pre_footprint_off,mean_acc,0.9094696969696968,0.9094696969696968,1,1
t3_design_space/per_seed_metrics__L1all.csv,overlap_noise|6|pre_footprint_off,worst_acc,0.8818181818181818,0.8818181818181818,1,1
t3_design_space/per_seed_metrics__L1all.csv,overlap_noise|6|pre_mass_off,min_dist,4.964099897144267,4.964099897144267,1,1
t3_design_space/per_seed_metrics__L1all.csv,overlap_noise|6|pre_mass_off,mean_acc,0.9098484848484847,0.9098484848484847,1,1
t3_design_space/per_seed_metrics__L1all.csv,overlap_noise|6|pre_mass_off,worst_acc,0.8818181818181818,0.8818181818181818,1,1
t3_design_space/per_seed_metrics__L1all.csv,overlap_noise|7|post_none_off,min_dist,4.775046704434967,4.775046704434967,1,1
t3_design_space/per_seed_metrics__L1all.csv,overlap_noise|7|post_none_off,mean_acc,0.8999999999999999,0.8999999999999999,1,1
t3_design_space/per_seed_metrics__L1all.csv,overlap_noise|7|post_none_off,worst_acc,0.8681818181818182,0.8681818181818182,1,1
t3_design_space/per_seed_metrics__L1all.csv,overlap_noise|7|pre_none_off,min_dist,4.891086304766967,4.891086304766967,1,1
t3_design_space/per_seed_metrics__L1all.csv,overlap_noise|7|pre_none_off,mean_acc,0.9022727272727273,0.9022727272727273,1,1
t3_design_space/per_seed_metrics__L1all.csv,overlap_noise|7|pre_none_off,worst_acc,0.8772727272727273,0.8772727272727273,1,1
t3_design_space/per_seed_metrics__L1all.csv,overlap_noise|7|pre_footprint_off,min_dist,5.052366651937383,5.052366651937383,1,1
t3_design_space/per_seed_metrics__L1all.csv,overlap_noise|7|pre_footprint_off,mean_acc,0.9037878787878787,0.9037878787878787,1,1
t3_design_space/per_seed_metrics__L1all.csv,overlap_noise|7|pre_footprint_off,worst_acc,0.8727272727272727,0.8727272727272727,1,1
t3_design_space/per_seed_metrics__L1all.csv,overlap_noise|7|pre_mass_off,min_dist,5.047312199404479,5.047312199404479,1,1
t3_design_space/per_seed_metrics__L1all.csv,overlap_noise|7|pre_mass_off,mean_acc,0.9034090909090908,0.9034090909090908,1,1
t3_design_space/per_seed_metrics__L1all.csv,overlap_noise|7|pre_mass_off,worst_acc,0.8727272727272727,0.8727272727272727,1,1
t3_design_space/per_seed_metrics__L1all.csv,overlap_noise|8|post_none_off,min_dist,4.462809889651986,4.462809889651986,1,1
t3_design_space/per_seed_metrics__L1all.csv,overlap_noise|8|post_none_off,mean_acc,0.9018939393939394,0.9018939393939394,1,1
t3_design_space/per_seed_metrics__L1all.csv,overlap_noise|8|post_none_off,worst_acc,0.8727272727272727,0.8727272727272727,1,1
t3_design_space/per_seed_metrics__L1all.csv,overlap_noise|8|pre_none_off,min_dist,4.790104727791725,4.790104727791725,1,1
t3_design_space/per_seed_metrics__L1all.csv,overlap_noise|8|pre_none_off,mean_acc,0.903030303030303,0.903030303030303,1,1
t3_design_space/per_seed_metrics__L1all.csv,overlap_noise|8|pre_none_off,worst_acc,0.8727272727272727,0.8727272727272727,1,1
t3_design_space/per_seed_metrics__L1all.csv,overlap_noise|8|pre_footprint_off,min_dist,5.007278111181555,5.007278111181555,1,1
t3_design_space/per_seed_metrics__L1all.csv,overlap_noise|8|pre_footprint_off,mean_acc,0.9022727272727272,0.9022727272727272,1,1
t3_design_space/per_seed_metrics__L1all.csv,overlap_noise|8|pre_footprint_off,worst_acc,0.8727272727272727,0.8727272727272727,1,1
t3_design_space/per_seed_metrics__L1all.csv,overlap_noise|8|pre_mass_off,min_dist,5.004993541891078,5.004993541891078,1,1
t3_design_space/per_seed_metrics__L1all.csv,overlap_noise|8|pre_mass_off,mean_acc,0.9022727272727272,0.9022727272727272,1,1
t3_design_space/per_seed_metrics__L1all.csv,overlap_noise|8|pre_mass_off,worst_acc,0.8727272727272727,0.8727272727272727,1,1
t3_design_space/per_seed_metrics__L1all.csv,overlap_noise|9|post_none_off,min_dist,4.747272262255944,4.747272262255944,1,1
t3_design_space/per_seed_metrics__L1all.csv,overlap_noise|9|post_none_off,mean_acc,0.9090909090909092,0.9090909090909092,1,1
t3_design_space/per_seed_metrics__L1all.csv,overlap_noise|9|post_none_off,worst_acc,0.8772727272727273,0.8772727272727273,1,1
t3_design_space/per_seed_metrics__L1all.csv,overlap_noise|9|pre_none_off,min_dist,4.8759035364899255,4.8759035364899255,1,1
t3_design_space/per_seed_metrics__L1all.csv,overlap_noise|9|pre_none_off,mean_acc,0.912121212121212,0.912121212121212,1,1
t3_design_space/per_seed_metrics__L1all.csv,overlap_noise|9|pre_none_off,worst_acc,0.8909090909090909,0.8909090909090909,1,1
t3_design_space/per_seed_metrics__L1all.csv,overlap_noise|9|pre_footprint_off,min_dist,4.999160841320678,4.999160841320678,1,1
t3_design_space/per_seed_metrics__L1all.csv,overlap_noise|9|pre_footprint_off,mean_acc,0.9136363636363636,0.9136363636363636,1,1
t3_design_space/per_seed_metrics__L1all.csv,overlap_noise|9|pre_footprint_off,worst_acc,0.8863636363636364,0.8863636363636364,1,1
t3_design_space/per_seed_metrics__L1all.csv,overlap_noise|9|pre_mass_off,min_dist,5.000882936547563,5.000882936547563,1,1
t3_design_space/per_seed_metrics__L1all.csv,overlap_noise|9|pre_mass_off,mean_acc,0.9140151515151514,0.9140151515151514,1,1
t3_design_space/per_seed_metrics__L1all.csv,overlap_noise|9|pre_mass_off,worst_acc,0.8909090909090909,0.8909090909090909,1,1
t3_design_space/per_seed_metrics__L1all.csv,quantity_skew_extreme|0|post_none_off,min_dist,7.352942478873353,7.352942478873353,1,1
t3_design_space/per_seed_metrics__L1all.csv,quantity_skew_extreme|0|post_none_off,mean_acc,1.0,1.0,1,1
t3_design_space/per_seed_metrics__L1all.csv,quantity_skew_extreme|0|post_none_off,worst_acc,1.0,1.0,1,1
t3_design_space/per_seed_metrics__L1all.csv,quantity_skew_extreme|0|pre_none_off,min_dist,7.380590509857312,7.380590509857312,1,1
t3_design_space/per_seed_metrics__L1all.csv,quantity_skew_extreme|0|pre_none_off,mean_acc,1.0,1.0,1,1
t3_design_space/per_seed_metrics__L1all.csv,quantity_skew_extreme|0|pre_none_off,worst_acc,1.0,1.0,1,1
t3_design_space/per_seed_metrics__L1all.csv,quantity_skew_extreme|0|pre_footprint_off,min_dist,7.487504199299445,7.487504199299445,1,1
t3_design_space/per_seed_metrics__L1all.csv,quantity_skew_extreme|0|pre_footprint_off,mean_acc,1.0,1.0,1,1
t3_design_space/per_seed_metrics__L1all.csv,quantity_skew_extreme|0|pre_footprint_off,worst_acc,1.0,1.0,1,1
t3_design_space/per_seed_metrics__L1all.csv,quantity_skew_extreme|0|pre_mass_off,min_dist,7.488375489563211,7.488375489563211,1,1
t3_design_space/per_seed_metrics__L1all.csv,quantity_skew_extreme|0|pre_mass_off,mean_acc,1.0,1.0,1,1
t3_design_space/per_seed_metrics__L1all.csv,quantity_skew_extreme|0|pre_mass_off,worst_acc,1.0,1.0,1,1
t3_design_space/per_seed_metrics__L1all.csv,quantity_skew_extreme|1|post_none_off,min_dist,1.1696907573844824,1.1696907573844824,1,1
t3_design_space/per_seed_metrics__L1all.csv,quantity_skew_extreme|1|post_none_off,mean_acc,0.7886547042364159,0.7886547042364159,1,1
t3_design_space/per_seed_metrics__L1all.csv,quantity_skew_extreme|1|post_none_off,worst_acc,0.5409836065573771,0.5409836065573771,1,1
t3_design_space/per_seed_metrics__L1all.csv,quantity_skew_extreme|1|pre_none_off,min_dist,7.4316795953750034,7.4316795953750034,1,1
t3_design_space/per_seed_metrics__L1all.csv,quantity_skew_extreme|1|pre_none_off,mean_acc,1.0,1.0,1,1
t3_design_space/per_seed_metrics__L1all.csv,quantity_skew_extreme|1|pre_none_off,worst_acc,1.0,1.0,1,1
t3_design_space/per_seed_metrics__L1all.csv,quantity_skew_extreme|1|pre_footprint_off,min_dist,7.441006979151364,7.441006979151364,1,1
t3_design_space/per_seed_metrics__L1all.csv,quantity_skew_extreme|1|pre_footprint_off,mean_acc,1.0,1.0,1,1
t3_design_space/per_seed_metrics__L1all.csv,quantity_skew_extreme|1|pre_footprint_off,worst_acc,1.0,1.0,1,1
t3_design_space/per_seed_metrics__L1all.csv,quantity_skew_extreme|1|pre_mass_off,min_dist,7.441127637798086,7.441127637798086,1,1
t3_design_space/per_seed_metrics__L1all.csv,quantity_skew_extreme|1|pre_mass_off,mean_acc,1.0,1.0,1,1
t3_design_space/per_seed_metrics__L1all.csv,quantity_skew_extreme|1|pre_mass_off,worst_acc,1.0,1.0,1,1
t3_design_space/per_seed_metrics__L1all.csv,quantity_skew_extreme|2|post_none_off,min_dist,1.2334449135284191,1.2334449135284191,1,1
t3_design_space/per_seed_metrics__L1all.csv,quantity_skew_extreme|2|post_none_off,mean_acc,0.7940626365501129,0.7940626365501129,1,1
t3_design_space/per_seed_metrics__L1all.csv,quantity_skew_extreme|2|post_none_off,worst_acc,0.5833333333333334,0.5833333333333334,1,1
t3_design_space/per_seed_metrics__L1all.csv,quantity_skew_extreme|2|pre_none_off,min_dist,1.0922746489945345,1.0922746489945345,1,1
t3_design_space/per_seed_metrics__L1all.csv,quantity_skew_extreme|2|pre_none_off,mean_acc,0.7778839142695259,0.7778839142695259,1,1
t3_design_space/per_seed_metrics__L1all.csv,quantity_skew_extreme|2|pre_none_off,worst_acc,0.580906148867314,0.580906148867314,1,1
t3_design_space/per_seed_metrics__L1all.csv,quantity_skew_extreme|2|pre_footprint_off,min_dist,1.0885597260463633,1.0885597260463633,1,1
t3_design_space/per_seed_metrics__L1all.csv,quantity_skew_extreme|2|pre_footprint_off,mean_acc,0.7632943966505018,0.7632943966505018,1,1
t3_design_space/per_seed_metrics__L1all.csv,quantity_skew_extreme|2|pre_footprint_off,worst_acc,0.5420711974110033,0.5420711974110033,1,1
t3_design_space/per_seed_metrics__L1all.csv,quantity_skew_extreme|2|pre_mass_off,min_dist,1.1009763642089154,1.1009763642089154,1,1
t3_design_space/per_seed_metrics__L1all.csv,quantity_skew_extreme|2|pre_mass_off,mean_acc,0.7849565793125781,0.7849565793125781,1,1
t3_design_space/per_seed_metrics__L1all.csv,quantity_skew_extreme|2|pre_mass_off,worst_acc,0.5,0.5,1,1
t3_design_space/per_seed_metrics__L1all.csv,quantity_skew_extreme|3|post_none_off,min_dist,0.9317161414699612,0.9317161414699612,1,1
t3_design_space/per_seed_metrics__L1all.csv,quantity_skew_extreme|3|post_none_off,mean_acc,0.9111821812207263,0.9111821812207263,1,1
t3_design_space/per_seed_metrics__L1all.csv,quantity_skew_extreme|3|post_none_off,worst_acc,0.7435897435897436,0.7435897435897436,1,1
t3_design_space/per_seed_metrics__L1all.csv,quantity_skew_extreme|3|pre_none_off,min_dist,7.492323853877669,7.492323853877669,1,1
t3_design_space/per_seed_metrics__L1all.csv,quantity_skew_extreme|3|pre_none_off,mean_acc,1.0,1.0,1,1
t3_design_space/per_seed_metrics__L1all.csv,quantity_skew_extreme|3|pre_none_off,worst_acc,1.0,1.0,1,1
t3_design_space/per_seed_metrics__L1all.csv,quantity_skew_extreme|3|pre_footprint_off,min_dist,1.0622881425152866,1.0622881425152866,1,1
t3_design_space/per_seed_metrics__L1all.csv,quantity_skew_extreme|3|pre_footprint_off,mean_acc,0.847945525904295,0.847945525904295,1,1
t3_design_space/per_seed_metrics__L1all.csv,quantity_skew_extreme|3|pre_footprint_off,worst_acc,0.5681233933161953,0.5681233933161953,1,1
t3_design_space/per_seed_metrics__L1all.csv,quantity_skew_extreme|3|pre_mass_off,min_dist,1.0668812074726863,1.0668812074726863,1,1
t3_design_space/per_seed_metrics__L1all.csv,quantity_skew_extreme|3|pre_mass_off,mean_acc,0.8484533558447004,0.8484533558447004,1,1
t3_design_space/per_seed_metrics__L1all.csv,quantity_skew_extreme|3|pre_mass_off,worst_acc,0.5758354755784062,0.5758354755784062,1,1
t3_design_space/per_seed_metrics__L1all.csv,quantity_skew_extreme|4|post_none_off,min_dist,1.201383567799661,1.201383567799661,1,1
t3_design_space/per_seed_metrics__L1all.csv,quantity_skew_extreme|4|post_none_off,mean_acc,0.9343943589244282,0.9343943589244282,1,1
t3_design_space/per_seed_metrics__L1all.csv,quantity_skew_extreme|4|post_none_off,worst_acc,0.8,0.8,1,1
t3_design_space/per_seed_metrics__L1all.csv,quantity_skew_extreme|4|pre_none_off,min_dist,7.4535520455162585,7.4535520455162585,1,1
t3_design_space/per_seed_metrics__L1all.csv,quantity_skew_extreme|4|pre_none_off,mean_acc,1.0,1.0,1,1
t3_design_space/per_seed_metrics__L1all.csv,quantity_skew_extreme|4|pre_none_off,worst_acc,1.0,1.0,1,1
t3_design_space/per_seed_metrics__L1all.csv,quantity_skew_extreme|4|pre_footprint_off,min_dist,7.500787345358593,7.500787345358593,1,1
t3_design_space/per_seed_metrics__L1all.csv,quantity_skew_extreme|4|pre_footprint_off,mean_acc,1.0,1.0,1,1
t3_design_space/per_seed_metrics__L1all.csv,quantity_skew_extreme|4|pre_footprint_off,worst_acc,1.0,1.0,1,1
t3_design_space/per_seed_metrics__L1all.csv,quantity_skew_extreme|4|pre_mass_off,min_dist,7.500774704724957,7.500774704724957,1,1
t3_design_space/per_seed_metrics__L1all.csv,quantity_skew_extreme|4|pre_mass_off,mean_acc,1.0,1.0,1,1
t3_design_space/per_seed_metrics__L1all.csv,quantity_skew_extreme|4|pre_mass_off,worst_acc,1.0,1.0,1,1
t3_design_space/per_seed_metrics__L1all.csv,quantity_skew_extreme|5|post_none_off,min_dist,2.5385430129159747,2.5385430129159747,1,1
t3_design_space/per_seed_metrics__L1all.csv,quantity_skew_extreme|5|post_none_off,mean_acc,0.8393608312758137,0.8393608312758137,1,1
t3_design_space/per_seed_metrics__L1all.csv,quantity_skew_extreme|5|post_none_off,worst_acc,0.5419354838709678,0.5419354838709678,1,1
t3_design_space/per_seed_metrics__L1all.csv,quantity_skew_extreme|5|pre_none_off,min_dist,1.1095556951677212,1.1095556951677212,1,1
t3_design_space/per_seed_metrics__L1all.csv,quantity_skew_extreme|5|pre_none_off,mean_acc,0.8352490095674118,0.8352490095674118,1,1
t3_design_space/per_seed_metrics__L1all.csv,quantity_skew_extreme|5|pre_none_off,worst_acc,0.5408163265306123,0.5408163265306123,1,1
t3_design_space/per_seed_metrics__L1all.csv,quantity_skew_extreme|5|pre_footprint_off,min_dist,1.025303758412179,1.025303758412179,1,1
t3_design_space/per_seed_metrics__L1all.csv,quantity_skew_extreme|5|pre_footprint_off,mean_acc,0.8333558338858706,0.8333558338858706,1,1
t3_design_space/per_seed_metrics__L1all.csv,quantity_skew_extreme|5|pre_footprint_off,worst_acc,0.5530612244897959,0.5530612244897959,1,1
t3_design_space/per_seed_metrics__L1all.csv,quantity_skew_extreme|5|pre_mass_off,min_dist,1.0426894773304227,1.0426894773304227,1,1
t3_design_space/per_seed_metrics__L1all.csv,quantity_skew_extreme|5|pre_mass_off,mean_acc,0.828608101459567,0.828608101459567,1,1
t3_design_space/per_seed_metrics__L1all.csv,quantity_skew_extreme|5|pre_mass_off,worst_acc,0.5418367346938775,0.5418367346938775,1,1
t3_design_space/per_seed_metrics__L1all.csv,quantity_skew_extreme|6|post_none_off,min_dist,3.052939001753055e-11,3.052939001753055e-11,1,1
t3_design_space/per_seed_metrics__L1all.csv,quantity_skew_extreme|6|post_none_off,mean_acc,0.9095444960877046,0.9095444960877046,1,1
t3_design_space/per_seed_metrics__L1all.csv,quantity_skew_extreme|6|post_none_off,worst_acc,0.7346938775510204,0.7346938775510204,1,1
t3_design_space/per_seed_metrics__L1all.csv,quantity_skew_extreme|6|pre_none_off,min_dist,7.488771772513583,7.488771772513583,1,1
t3_design_space/per_seed_metrics__L1all.csv,quantity_skew_extreme|6|pre_none_off,mean_acc,1.0,1.0,1,1
t3_design_space/per_seed_metrics__L1all.csv,quantity_skew_extreme|6|pre_none_off,worst_acc,1.0,1.0,1,1
t3_design_space/per_seed_metrics__L1all.csv,quantity_skew_extreme|6|pre_footprint_off,min_dist,7.525169254679678,7.525169254679678,1,1
t3_design_space/per_seed_metrics__L1all.csv,quantity_skew_extreme|6|pre_footprint_off,mean_acc,1.0,1.0,1,1
t3_design_space/per_seed_metrics__L1all.csv,quantity_skew_extreme|6|pre_footprint_off,worst_acc,1.0,1.0,1,1
t3_design_space/per_seed_metrics__L1all.csv,quantity_skew_extreme|6|pre_mass_off,min_dist,7.525113563199979,7.525113563199979,1,1
t3_design_space/per_seed_metrics__L1all.csv,quantity_skew_extreme|6|pre_mass_off,mean_acc,1.0,1.0,1,1
t3_design_space/per_seed_metrics__L1all.csv,quantity_skew_extreme|6|pre_mass_off,worst_acc,1.0,1.0,1,1
t3_design_space/per_seed_metrics__L1all.csv,quantity_skew_extreme|7|post_none_off,min_dist,1.1192857833272918,1.1192857833272918,1,1
t3_design_space/per_seed_metrics__L1all.csv,quantity_skew_extreme|7|post_none_off,mean_acc,0.7427681417228483,0.7427681417228483,1,1
t3_design_space/per_seed_metrics__L1all.csv,quantity_skew_extreme|7|post_none_off,worst_acc,0.5510204081632653,0.5510204081632653,1,1
t3_design_space/per_seed_metrics__L1all.csv,quantity_skew_extreme|7|pre_none_off,min_dist,1.1189581001838478,1.1189581001838478,1,1
t3_design_space/per_seed_metrics__L1all.csv,quantity_skew_extreme|7|pre_none_off,mean_acc,0.7573788067888144,0.7573788067888144,1,1
t3_design_space/per_seed_metrics__L1all.csv,quantity_skew_extreme|7|pre_none_off,worst_acc,0.5510204081632653,0.5510204081632653,1,1
t3_design_space/per_seed_metrics__L1all.csv,quantity_skew_extreme|7|pre_footprint_off,min_dist,1.122028696536838,1.122028696536838,1,1
t3_design_space/per_seed_metrics__L1all.csv,quantity_skew_extreme|7|pre_footprint_off,mean_acc,0.7336274868180217,0.7336274868180217,1,1
t3_design_space/per_seed_metrics__L1all.csv,quantity_skew_extreme|7|pre_footprint_off,worst_acc,0.5510204081632653,0.5510204081632653,1,1
t3_design_space/per_seed_metrics__L1all.csv,quantity_skew_extreme|7|pre_mass_off,min_dist,1.1199172973858358,1.1199172973858358,1,1
t3_design_space/per_seed_metrics__L1all.csv,quantity_skew_extreme|7|pre_mass_off,mean_acc,0.7090144639867342,0.7090144639867342,1,1
t3_design_space/per_seed_metrics__L1all.csv,quantity_skew_extreme|7|pre_mass_off,worst_acc,0.5408163265306123,0.5408163265306123,1,1
t3_design_space/per_seed_metrics__L1all.csv,quantity_skew_extreme|8|post_none_off,min_dist,4.757726345843891,4.757726345843891,1,1
t3_design_space/per_seed_metrics__L1all.csv,quantity_skew_extreme|8|post_none_off,mean_acc,1.0,1.0,1,1
t3_design_space/per_seed_metrics__L1all.csv,quantity_skew_extreme|8|post_none_off,worst_acc,1.0,1.0,1,1
t3_design_space/per_seed_metrics__L1all.csv,quantity_skew_extreme|8|pre_none_off,min_dist,7.502369013072373,7.502369013072373,1,1
t3_design_space/per_seed_metrics__L1all.csv,quantity_skew_extreme|8|pre_none_off,mean_acc,1.0,1.0,1,1
t3_design_space/per_seed_metrics__L1all.csv,quantity_skew_extreme|8|pre_none_off,worst_acc,1.0,1.0,1,1
t3_design_space/per_seed_metrics__L1all.csv,quantity_skew_extreme|8|pre_footprint_off,min_dist,7.516357558870595,7.516357558870595,1,1
t3_design_space/per_seed_metrics__L1all.csv,quantity_skew_extreme|8|pre_footprint_off,mean_acc,1.0,1.0,1,1
t3_design_space/per_seed_metrics__L1all.csv,quantity_skew_extreme|8|pre_footprint_off,worst_acc,1.0,1.0,1,1
t3_design_space/per_seed_metrics__L1all.csv,quantity_skew_extreme|8|pre_mass_off,min_dist,7.51634868745552,7.51634868745552,1,1
t3_design_space/per_seed_metrics__L1all.csv,quantity_skew_extreme|8|pre_mass_off,mean_acc,1.0,1.0,1,1
t3_design_space/per_seed_metrics__L1all.csv,quantity_skew_extreme|8|pre_mass_off,worst_acc,1.0,1.0,1,1
t3_design_space/per_seed_metrics__L1all.csv,quantity_skew_extreme|9|post_none_off,min_dist,2.8615857144927126e-06,2.8615857144927126e-06,1,1
t3_design_space/per_seed_metrics__L1all.csv,quantity_skew_extreme|9|post_none_off,mean_acc,0.9503679475205136,0.9503679475205136,1,1
t3_design_space/per_seed_metrics__L1all.csv,quantity_skew_extreme|9|post_none_off,worst_acc,0.8446601941747572,0.8446601941747572,1,1
t3_design_space/per_seed_metrics__L1all.csv,quantity_skew_extreme|9|pre_none_off,min_dist,7.488184899855433,7.488184899855433,1,1
t3_design_space/per_seed_metrics__L1all.csv,quantity_skew_extreme|9|pre_none_off,mean_acc,1.0,1.0,1,1
t3_design_space/per_seed_metrics__L1all.csv,quantity_skew_extreme|9|pre_none_off,worst_acc,1.0,1.0,1,1
t3_design_space/per_seed_metrics__L1all.csv,quantity_skew_extreme|9|pre_footprint_off,min_dist,7.477291514308129,7.477291514308129,1,1
t3_design_space/per_seed_metrics__L1all.csv,quantity_skew_extreme|9|pre_footprint_off,mean_acc,1.0,1.0,1,1
t3_design_space/per_seed_metrics__L1all.csv,quantity_skew_extreme|9|pre_footprint_off,worst_acc,1.0,1.0,1,1
t3_design_space/per_seed_metrics__L1all.csv,quantity_skew_extreme|9|pre_mass_off,min_dist,7.478658287961668,7.478658287961668,1,1
t3_design_space/per_seed_metrics__L1all.csv,quantity_skew_extreme|9|pre_mass_off,mean_acc,1.0,1.0,1,1
t3_design_space/per_seed_metrics__L1all.csv,quantity_skew_extreme|9|pre_mass_off,worst_acc,1.0,1.0,1,1
t3_design_space/per_seed_metrics__L1all.csv,wine|0|post_none_off,min_dist,1.6494297335862296,1.6494297335862296,1,1
t3_design_space/per_seed_metrics__L1all.csv,wine|0|post_none_off,mean_acc,0.8967251461988305,0.8967251461988305,1,1
t3_design_space/per_seed_metrics__L1all.csv,wine|0|post_none_off,worst_acc,0.7777777777777778,0.7777777777777778,1,1
t3_design_space/per_seed_metrics__L1all.csv,wine|0|pre_none_off,min_dist,2.9245547314666283,2.9245547314666283,1,1
t3_design_space/per_seed_metrics__L1all.csv,wine|0|pre_none_off,mean_acc,0.9622514619883041,0.9622514619883041,1,1
t3_design_space/per_seed_metrics__L1all.csv,wine|0|pre_none_off,worst_acc,0.8888888888888888,0.8888888888888888,1,1
t3_design_space/per_seed_metrics__L1all.csv,wine|0|pre_footprint_off,min_dist,3.3521655845031266,3.3521655845031266,1,1
t3_design_space/per_seed_metrics__L1all.csv,wine|0|pre_footprint_off,mean_acc,0.9678070175438597,0.9678070175438597,1,1
t3_design_space/per_seed_metrics__L1all.csv,wine|0|pre_footprint_off,worst_acc,0.8888888888888888,0.8888888888888888,1,1
t3_design_space/per_seed_metrics__L1all.csv,wine|0|pre_mass_off,min_dist,3.3437355386561443,3.3437355386561443,1,1
t3_design_space/per_seed_metrics__L1all.csv,wine|0|pre_mass_off,mean_acc,0.9678070175438597,0.9678070175438597,1,1
t3_design_space/per_seed_metrics__L1all.csv,wine|0|pre_mass_off,worst_acc,0.8888888888888888,0.8888888888888888,1,1
t3_design_space/per_seed_metrics__L1all.csv,wine|1|post_none_off,min_dist,2.047037586727342,2.047037586727342,1,1
t3_design_space/per_seed_metrics__L1all.csv,wine|1|post_none_off,mean_acc,0.907514619883041,0.907514619883041,1,1
t3_design_space/per_seed_metrics__L1all.csv,wine|1|post_none_off,worst_acc,0.7777777777777778,0.7777777777777778,1,1
t3_design_space/per_seed_metrics__L1all.csv,wine|1|pre_none_off,min_dist,2.9284093602154027,2.9284093602154027,1,1
t3_design_space/per_seed_metrics__L1all.csv,wine|1|pre_none_off,mean_acc,0.9622222222222223,0.9622222222222223,1,1
t3_design_space/per_seed_metrics__L1all.csv,wine|1|pre_none_off,worst_acc,0.8333333333333334,0.8333333333333334,1,1
t3_design_space/per_seed_metrics__L1all.csv,wine|1|pre_footprint_off,min_dist,3.5206306036486077,3.5206306036486077,1,1
t3_design_space/per_seed_metrics__L1all.csv,wine|1|pre_footprint_off,mean_acc,0.9672222222222222,0.9672222222222222,1,1
t3_design_space/per_seed_metrics__L1all.csv,wine|1|pre_footprint_off,worst_acc,0.8333333333333334,0.8333333333333334,1,1
t3_design_space/per_seed_metrics__L1all.csv,wine|1|pre_mass_off,min_dist,3.422678343417232,3.422678343417232,1,1
t3_design_space/per_seed_metrics__L1all.csv,wine|1|pre_mass_off,mean_acc,0.9672222222222222,0.9672222222222222,1,1
t3_design_space/per_seed_metrics__L1all.csv,wine|1|pre_mass_off,worst_acc,0.8333333333333334,0.8333333333333334,1,1
t3_design_space/per_seed_metrics__L1all.csv,wine|2|post_none_off,min_dist,2.0272393616436686,2.0272393616436686,1,1
t3_design_space/per_seed_metrics__L1all.csv,wine|2|post_none_off,mean_acc,0.9130701754385966,0.9130701754385966,1,1
t3_design_space/per_seed_metrics__L1all.csv,wine|2|post_none_off,worst_acc,0.8333333333333334,0.8333333333333334,1,1
t3_design_space/per_seed_metrics__L1all.csv,wine|2|pre_none_off,min_dist,2.9328123188296984,2.9328123188296984,1,1
t3_design_space/per_seed_metrics__L1all.csv,wine|2|pre_none_off,mean_acc,0.9619590643274852,0.9619590643274852,1,1
t3_design_space/per_seed_metrics__L1all.csv,wine|2|pre_none_off,worst_acc,0.8888888888888888,0.8888888888888888,1,1
t3_design_space/per_seed_metrics__L1all.csv,wine|2|pre_footprint_off,min_dist,3.395152771596588,3.395152771596588,1,1
t3_design_space/per_seed_metrics__L1all.csv,wine|2|pre_footprint_off,mean_acc,0.967514619883041,0.967514619883041,1,1
t3_design_space/per_seed_metrics__L1all.csv,wine|2|pre_footprint_off,worst_acc,0.8888888888888888,0.8888888888888888,1,1
t3_design_space/per_seed_metrics__L1all.csv,wine|2|pre_mass_off,min_dist,3.384047451198476,3.384047451198476,1,1
t3_design_space/per_seed_metrics__L1all.csv,wine|2|pre_mass_off,mean_acc,0.967514619883041,0.967514619883041,1,1
t3_design_space/per_seed_metrics__L1all.csv,wine|2|pre_mass_off,worst_acc,0.8888888888888888,0.8888888888888888,1,1
t3_design_space/per_seed_metrics__L1all.csv,wine|3|post_none_off,min_dist,1.7271076148877706,1.7271076148877706,1,1
t3_design_space/per_seed_metrics__L1all.csv,wine|3|post_none_off,mean_acc,0.9017251461988305,0.9017251461988305,1,1
t3_design_space/per_seed_metrics__L1all.csv,wine|3|post_none_off,worst_acc,0.7894736842105263,0.7894736842105263,1,1
t3_design_space/per_seed_metrics__L1all.csv,wine|3|pre_none_off,min_dist,2.958981354735686,2.958981354735686,1,1
t3_design_space/per_seed_metrics__L1all.csv,wine|3|pre_none_off,mean_acc,0.9614035087719298,0.9614035087719298,1,1
t3_design_space/per_seed_metrics__L1all.csv,wine|3|pre_none_off,worst_acc,0.8888888888888888,0.8888888888888888,1,1
t3_design_space/per_seed_metrics__L1all.csv,wine|3|pre_footprint_off,min_dist,3.5135188285504286,3.5135188285504286,1,1
t3_design_space/per_seed_metrics__L1all.csv,wine|3|pre_footprint_off,mean_acc,0.9722222222222221,0.9722222222222221,1,1
t3_design_space/per_seed_metrics__L1all.csv,wine|3|pre_footprint_off,worst_acc,0.8888888888888888,0.8888888888888888,1,1
t3_design_space/per_seed_metrics__L1all.csv,wine|3|pre_mass_off,min_dist,3.412781138962063,3.412781138962063,1,1
t3_design_space/per_seed_metrics__L1all.csv,wine|3|pre_mass_off,mean_acc,0.9669590643274854,0.9669590643274854,1,1
t3_design_space/per_seed_metrics__L1all.csv,wine|3|pre_mass_off,worst_acc,0.8888888888888888,0.8888888888888888,1,1
t3_design_space/per_seed_metrics__L1all.csv,wine|4|post_none_off,min_dist,1.9714981877081554,1.9714981877081554,1,1
t3_design_space/per_seed_metrics__L1all.csv,wine|4|post_none_off,mean_acc,0.9016959064327486,0.9016959064327486,1,1
t3_design_space/per_seed_metrics__L1all.csv,wine|4|post_none_off,worst_acc,0.7222222222222222,0.7222222222222222,1,1
t3_design_space/per_seed_metrics__L1all.csv,wine|4|pre_none_off,min_dist,2.970934556511413,2.970934556511413,1,1
t3_design_space/per_seed_metrics__L1all.csv,wine|4|pre_none_off,mean_acc,0.9669590643274854,0.9669590643274854,1,1
t3_design_space/per_seed_metrics__L1all.csv,wine|4|pre_none_off,worst_acc,0.8888888888888888,0.8888888888888888,1,1
t3_design_space/per_seed_metrics__L1all.csv,wine|4|pre_footprint_off,min_dist,3.454665830770099,3.454665830770099,1,1
t3_design_space/per_seed_metrics__L1all.csv,wine|4|pre_footprint_off,mean_acc,0.9669590643274854,0.9669590643274854,1,1
t3_design_space/per_seed_metrics__L1all.csv,wine|4|pre_footprint_off,worst_acc,0.8888888888888888,0.8888888888888888,1,1
t3_design_space/per_seed_metrics__L1all.csv,wine|4|pre_mass_off,min_dist,3.408265482459806,3.408265482459806,1,1
t3_design_space/per_seed_metrics__L1all.csv,wine|4|pre_mass_off,mean_acc,0.9669590643274854,0.9669590643274854,1,1
t3_design_space/per_seed_metrics__L1all.csv,wine|4|pre_mass_off,worst_acc,0.8888888888888888,0.8888888888888888,1,1
t3_design_space/per_seed_metrics__L1all.csv,wine|5|post_none_off,min_dist,1.8402801220132732,1.8402801220132732,1,1
t3_design_space/per_seed_metrics__L1all.csv,wine|5|post_none_off,mean_acc,0.9133918128654971,0.9133918128654971,1,1
t3_design_space/per_seed_metrics__L1all.csv,wine|5|post_none_off,worst_acc,0.7777777777777778,0.7777777777777778,1,1
t3_design_space/per_seed_metrics__L1all.csv,wine|5|pre_none_off,min_dist,2.9435191979783255,2.9435191979783255,1,1
t3_design_space/per_seed_metrics__L1all.csv,wine|5|pre_none_off,mean_acc,0.962251461988304,0.962251461988304,1,1
t3_design_space/per_seed_metrics__L1all.csv,wine|5|pre_none_off,worst_acc,0.8888888888888888,0.8888888888888888,1,1
t3_design_space/per_seed_metrics__L1all.csv,wine|5|pre_footprint_off,min_dist,3.3755677336984786,3.3755677336984786,1,1
t3_design_space/per_seed_metrics__L1all.csv,wine|5|pre_footprint_off,mean_acc,0.9678070175438597,0.9678070175438597,1,1
t3_design_space/per_seed_metrics__L1all.csv,wine|5|pre_footprint_off,worst_acc,0.8947368421052632,0.8947368421052632,1,1
t3_design_space/per_seed_metrics__L1all.csv,wine|5|pre_mass_off,min_dist,3.3709828548420138,3.3709828548420138,1,1
t3_design_space/per_seed_metrics__L1all.csv,wine|5|pre_mass_off,mean_acc,0.9678070175438597,0.9678070175438597,1,1
t3_design_space/per_seed_metrics__L1all.csv,wine|5|pre_mass_off,worst_acc,0.8947368421052632,0.8947368421052632,1,1
t3_design_space/per_seed_metrics__L1all.csv,wine|6|post_none_off,min_dist,1.9476865449513268,1.9476865449513268,1,1
t3_design_space/per_seed_metrics__L1all.csv,wine|6|post_none_off,mean_acc,0.9025146198830409,0.9025146198830409,1,1
t3_design_space/per_seed_metrics__L1all.csv,wine|6|post_none_off,worst_acc,0.7777777777777778,0.7777777777777778,1,1
t3_design_space/per_seed_metrics__L1all.csv,wine|6|pre_none_off,min_dist,2.935998504763266,2.935998504763266,1,1
t3_design_space/per_seed_metrics__L1all.csv,wine|6|pre_none_off,mean_acc,0.9625146198830409,0.9625146198830409,1,1
t3_design_space/per_seed_metrics__L1all.csv,wine|6|pre_none_off,worst_acc,0.9,0.9,1,1
t3_design_space/per_seed_metrics__L1all.csv,wine|6|pre_footprint_off,min_dist,3.3937533158029343,3.3937533158029343,1,1
t3_design_space/per_seed_metrics__L1all.csv,wine|6|pre_footprint_off,mean_acc,0.9677777777777778,0.9677777777777778,1,1
t3_design_space/per_seed_metrics__L1all.csv,wine|6|pre_footprint_off,worst_acc,0.9,0.9,1,1
t3_design_space/per_seed_metrics__L1all.csv,wine|6|pre_mass_off,min_dist,3.3455370259539765,3.3455370259539765,1,1
t3_design_space/per_seed_metrics__L1all.csv,wine|6|pre_mass_off,mean_acc,0.9677777777777778,0.9677777777777778,1,1
t3_design_space/per_seed_metrics__L1all.csv,wine|6|pre_mass_off,worst_acc,0.9,0.9,1,1
t3_design_space/per_seed_metrics__L1all.csv,wine|7|post_none_off,min_dist,1.9619589137036926,1.9619589137036926,1,1
t3_design_space/per_seed_metrics__L1all.csv,wine|7|post_none_off,mean_acc,0.9139181286549709,0.9139181286549709,1,1
t3_design_space/per_seed_metrics__L1all.csv,wine|7|post_none_off,worst_acc,0.8,0.8,1,1
t3_design_space/per_seed_metrics__L1all.csv,wine|7|pre_none_off,min_dist,2.9191949015860845,2.9191949015860845,1,1
t3_design_space/per_seed_metrics__L1all.csv,wine|7|pre_none_off,mean_acc,0.9619590643274855,0.9619590643274855,1,1
t3_design_space/per_seed_metrics__L1all.csv,wine|7|pre_none_off,worst_acc,0.8888888888888888,0.8888888888888888,1,1
t3_design_space/per_seed_metrics__L1all.csv,wine|7|pre_footprint_off,min_dist,3.4224967201838643,3.4224967201838643,1,1
t3_design_space/per_seed_metrics__L1all.csv,wine|7|pre_footprint_off,mean_acc,0.9672222222222222,0.9672222222222222,1,1
t3_design_space/per_seed_metrics__L1all.csv,wine|7|pre_footprint_off,worst_acc,0.8888888888888888,0.8888888888888888,1,1
t3_design_space/per_seed_metrics__L1all.csv,wine|7|pre_mass_off,min_dist,3.3900480030005586,3.3900480030005586,1,1
t3_design_space/per_seed_metrics__L1all.csv,wine|7|pre_mass_off,mean_acc,0.9672222222222222,0.9672222222222222,1,1
t3_design_space/per_seed_metrics__L1all.csv,wine|7|pre_mass_off,worst_acc,0.8888888888888888,0.8888888888888888,1,1
t3_design_space/per_seed_metrics__L1all.csv,wine|8|post_none_off,min_dist,1.9790656938274784,1.9790656938274784,1,1
t3_design_space/per_seed_metrics__L1all.csv,wine|8|post_none_off,mean_acc,0.9125438596491229,0.9125438596491229,1,1
t3_design_space/per_seed_metrics__L1all.csv,wine|8|post_none_off,worst_acc,0.8333333333333334,0.8333333333333334,1,1
t3_design_space/per_seed_metrics__L1all.csv,wine|8|pre_none_off,min_dist,2.9530103860488306,2.9530103860488306,1,1
t3_design_space/per_seed_metrics__L1all.csv,wine|8|pre_none_off,mean_acc,0.9614035087719298,0.9614035087719298,1,1
t3_design_space/per_seed_metrics__L1all.csv,wine|8|pre_none_off,worst_acc,0.8888888888888888,0.8888888888888888,1,1
t3_design_space/per_seed_metrics__L1all.csv,wine|8|pre_footprint_off,min_dist,3.4754813709257655,3.4754813709257655,1,1
t3_design_space/per_seed_metrics__L1all.csv,wine|8|pre_footprint_off,mean_acc,0.9669590643274854,0.9669590643274854,1,1
t3_design_space/per_seed_metrics__L1all.csv,wine|8|pre_footprint_off,worst_acc,0.8888888888888888,0.8888888888888888,1,1
t3_design_space/per_seed_metrics__L1all.csv,wine|8|pre_mass_off,min_dist,3.4051503979106923,3.4051503979106923,1,1
t3_design_space/per_seed_metrics__L1all.csv,wine|8|pre_mass_off,mean_acc,0.9669590643274854,0.9669590643274854,1,1
t3_design_space/per_seed_metrics__L1all.csv,wine|8|pre_mass_off,worst_acc,0.8888888888888888,0.8888888888888888,1,1
t3_design_space/per_seed_metrics__L1all.csv,wine|9|post_none_off,min_dist,1.9350368244922358,1.9350368244922358,1,1
t3_design_space/per_seed_metrics__L1all.csv,wine|9|post_none_off,mean_acc,0.9066959064327487,0.9066959064327487,1,1
t3_design_space/per_seed_metrics__L1all.csv,wine|9|post_none_off,worst_acc,0.7777777777777778,0.7777777777777778,1,1
t3_design_space/per_seed_metrics__L1all.csv,wine|9|pre_none_off,min_dist,2.956382715816331,2.956382715816331,1,1
t3_design_space/per_seed_metrics__L1all.csv,wine|9|pre_none_off,mean_acc,0.9666666666666668,0.9666666666666668,1,1
t3_design_space/per_seed_metrics__L1all.csv,wine|9|pre_none_off,worst_acc,0.8888888888888888,0.8888888888888888,1,1
t3_design_space/per_seed_metrics__L1all.csv,wine|9|pre_footprint_off,min_dist,3.439188593643556,3.439188593643556,1,1
t3_design_space/per_seed_metrics__L1all.csv,wine|9|pre_footprint_off,mean_acc,0.9722222222222223,0.9722222222222223,1,1
t3_design_space/per_seed_metrics__L1all.csv,wine|9|pre_footprint_off,worst_acc,0.8888888888888888,0.8888888888888888,1,1
t3_design_space/per_seed_metrics__L1all.csv,wine|9|pre_mass_off,min_dist,3.3608334916293896,3.3608334916293896,1,1
t3_design_space/per_seed_metrics__L1all.csv,wine|9|pre_mass_off,mean_acc,0.9722222222222221,0.9722222222222221,1,1
t3_design_space/per_seed_metrics__L1all.csv,wine|9|pre_mass_off,worst_acc,0.8888888888888888,0.8888888888888888,1,1
t3_design_space/per_seed_metrics__L1all.csv,satimage|0|post_none_off,min_dist,3.5005628379838036,3.5005628379838036,1,1
t3_design_space/per_seed_metrics__L1all.csv,satimage|0|post_none_off,mean_acc,0.732390421442236,0.732390421442236,1,1
t3_design_space/per_seed_metrics__L1all.csv,satimage|0|post_none_off,worst_acc,0.6037735849056604,0.6037735849056604,1,1
t3_design_space/per_seed_metrics__L1all.csv,satimage|0|pre_none_off,min_dist,3.7639251069874518,3.7639251069874518,1,1
t3_design_space/per_seed_metrics__L1all.csv,satimage|0|pre_none_off,mean_acc,0.7130310644342901,0.7130310644342901,1,1
t3_design_space/per_seed_metrics__L1all.csv,satimage|0|pre_none_off,worst_acc,0.55826859045505,0.55826859045505,1,1
t3_design_space/per_seed_metrics__L1all.csv,satimage|0|pre_footprint_off,min_dist,3.266126993940576,3.266126993940576,1,1
t3_design_space/per_seed_metrics__L1all.csv,satimage|0|pre_footprint_off,mean_acc,0.6854757629168218,0.6854757629168218,1,1
t3_design_space/per_seed_metrics__L1all.csv,satimage|0|pre_footprint_off,worst_acc,0.49356913183279744,0.49356913183279744,1,1
t3_design_space/per_seed_metrics__L1all.csv,satimage|0|pre_mass_off,min_dist,3.3576252209679676,3.3576252209679676,1,1
t3_design_space/per_seed_metrics__L1all.csv,satimage|0|pre_mass_off,mean_acc,0.688516479220281,0.688516479220281,1,1
t3_design_space/per_seed_metrics__L1all.csv,satimage|0|pre_mass_off,worst_acc,0.5032154340836013,0.5032154340836013,1,1
t3_design_space/per_seed_metrics__L1all.csv,satimage|1|post_none_off,min_dist,3.5245789653481165,3.5245789653481165,1,1
t3_design_space/per_seed_metrics__L1all.csv,satimage|1|post_none_off,mean_acc,0.7321266527439109,0.7321266527439109,1,1
t3_design_space/per_seed_metrics__L1all.csv,satimage|1|post_none_off,worst_acc,0.609322974472808,0.609322974472808,1,1
t3_design_space/per_seed_metrics__L1all.csv,satimage|1|pre_none_off,min_dist,3.7134172171294053,3.7134172171294053,1,1
t3_design_space/per_seed_metrics__L1all.csv,satimage|1|pre_none_off,mean_acc,0.7124672892549477,0.7124672892549477,1,1
t3_design_space/per_seed_metrics__L1all.csv,satimage|1|pre_none_off,worst_acc,0.5660377358490566,0.5660377358490566,1,1
t3_design_space/per_seed_metrics__L1all.csv,satimage|1|pre_footprint_off,min_dist,3.2458104032063657,3.2458104032063657,1,1
t3_design_space/per_seed_metrics__L1all.csv,satimage|1|pre_footprint_off,mean_acc,0.6841797513867875,0.6841797513867875,1,1
t3_design_space/per_seed_metrics__L1all.csv,satimage|1|pre_footprint_off,worst_acc,0.5016077170418006,0.5016077170418006,1,1
t3_design_space/per_seed_metrics__L1all.csv,satimage|1|pre_mass_off,min_dist,3.317713140937901,3.317713140937901,1,1
t3_design_space/per_seed_metrics__L1all.csv,satimage|1|pre_mass_off,mean_acc,0.6879006423565173,0.6879006423565173,1,1
t3_design_space/per_seed_metrics__L1all.csv,satimage|1|pre_mass_off,worst_acc,0.5080385852090032,0.5080385852090032,1,1
t3_design_space/per_seed_metrics__L1all.csv,satimage|2|post_none_off,min_dist,3.4849050994932056,3.4849050994932056,1,1
t3_design_space/per_seed_metrics__L1all.csv,satimage|2|post_none_off,mean_acc,0.730947170368972,0.730947170368972,1,1
t3_design_space/per_seed_metrics__L1all.csv,satimage|2|post_none_off,worst_acc,0.6082130965593785,0.6082130965593785,1,1
t3_design_space/per_seed_metrics__L1all.csv,satimage|2|pre_none_off,min_dist,3.619789525756171,3.619789525756171,1,1
t3_design_space/per_seed_metrics__L1all.csv,satimage|2|pre_none_off,mean_acc,0.7068808670597545,0.7068808670597545,1,1
t3_design_space/per_seed_metrics__L1all.csv,satimage|2|pre_none_off,worst_acc,0.5538290788013318,0.5538290788013318,1,1
t3_design_space/per_seed_metrics__L1all.csv,satimage|2|pre_footprint_off,min_dist,3.434876999459541,3.434876999459541,1,1
t3_design_space/per_seed_metrics__L1all.csv,satimage|2|pre_footprint_off,mean_acc,0.6871868429081853,0.6871868429081853,1,1
t3_design_space/per_seed_metrics__L1all.csv,satimage|2|pre_footprint_off,worst_acc,0.5112540192926045,0.5112540192926045,1,1
t3_design_space/per_seed_metrics__L1all.csv,satimage|2|pre_mass_off,min_dist,3.534802374553742,3.534802374553742,1,1
t3_design_space/per_seed_metrics__L1all.csv,satimage|2|pre_mass_off,mean_acc,0.6929260338517149,0.6929260338517149,1,1
t3_design_space/per_seed_metrics__L1all.csv,satimage|2|pre_mass_off,worst_acc,0.522508038585209,0.522508038585209,1,1
t3_design_space/per_seed_metrics__L1all.csv,satimage|3|post_none_off,min_dist,3.5147837054424764,3.5147837054424764,1,1
t3_design_space/per_seed_metrics__L1all.csv,satimage|3|post_none_off,mean_acc,0.7309418831869711,0.7309418831869711,1,1
t3_design_space/per_seed_metrics__L1all.csv,satimage|3|post_none_off,worst_acc,0.6082130965593785,0.6082130965593785,1,1
t3_design_space/per_seed_metrics__L1all.csv,satimage|3|pre_none_off,min_dist,3.7017097823296288,3.7017097823296288,1,1
t3_design_space/per_seed_metrics__L1all.csv,satimage|3|pre_none_off,mean_acc,0.7113896247525548,0.7113896247525548,1,1
t3_design_space/per_seed_metrics__L1all.csv,satimage|3|pre_none_off,worst_acc,0.564927857935627,0.564927857935627,1,1
t3_design_space/per_seed_metrics__L1all.csv,satimage|3|pre_footprint_off,min_dist,3.2268141992192305,3.2268141992192305,1,1
t3_design_space/per_seed_metrics__L1all.csv,satimage|3|pre_footprint_off,mean_acc,0.6798505427146151,0.6798505427146151,1,1
t3_design_space/per_seed_metrics__L1all.csv,satimage|3|pre_footprint_off,worst_acc,0.47191011235955055,0.47191011235955055,1,1
t3_design_space/per_seed_metrics__L1all.csv,satimage|3|pre_mass_off,min_dist,3.2847730805957878,3.2847730805957878,1,1
t3_design_space/per_seed_metrics__L1all.csv,satimage|3|pre_mass_off,mean_acc,0.6823298506311567,0.6823298506311567,1,1
t3_design_space/per_seed_metrics__L1all.csv,satimage|3|pre_mass_off,worst_acc,0.4751203852327448,0.4751203852327448,1,1
t3_design_space/per_seed_metrics__L1all.csv,satimage|4|post_none_off,min_dist,3.5791692238595574,3.5791692238595574,1,1
t3_design_space/per_seed_metrics__L1all.csv,satimage|4|post_none_off,mean_acc,0.7347024750399325,0.7347024750399325,1,1
t3_design_space/per_seed_metrics__L1all.csv,satimage|4|post_none_off,worst_acc,0.6093247588424437,0.6093247588424437,1,1
t3_design_space/per_seed_metrics__L1all.csv,satimage|4|pre_none_off,min_dist,3.7160013312228433,3.7160013312228433,1,1
t3_design_space/per_seed_metrics__L1all.csv,satimage|4|pre_none_off,mean_acc,0.717906096325304,0.717906096325304,1,1
t3_design_space/per_seed_metrics__L1all.csv,satimage|4|pre_none_off,worst_acc,0.5643086816720257,0.5643086816720257,1,1
t3_design_space/per_seed_metrics__L1all.csv,satimage|4|pre_footprint_off,min_dist,3.2032149435233275,3.2032149435233275,1,1
t3_design_space/per_seed_metrics__L1all.csv,satimage|4|pre_footprint_off,mean_acc,0.6854432353779625,0.6854432353779625,1,1
t3_design_space/per_seed_metrics__L1all.csv,satimage|4|pre_footprint_off,worst_acc,0.47106109324758844,0.47106109324758844,1,1
t3_design_space/per_seed_metrics__L1all.csv,satimage|4|pre_mass_off,min_dist,3.282947704891452,3.282947704891452,1,1
t3_design_space/per_seed_metrics__L1all.csv,satimage|4|pre_mass_off,mean_acc,0.688995062042418,0.688995062042418,1,1
t3_design_space/per_seed_metrics__L1all.csv,satimage|4|pre_mass_off,worst_acc,0.4758842443729904,0.4758842443729904,1,1
t3_design_space/per_seed_metrics__L1all.csv,satimage|5|post_none_off,min_dist,3.5199966645527616,3.5199966645527616,1,1
t3_design_space/per_seed_metrics__L1all.csv,satimage|5|post_none_off,mean_acc,0.7262459168445256,0.7262459168445256,1,1
t3_design_space/per_seed_metrics__L1all.csv,satimage|5|post_none_off,worst_acc,0.6012861736334405,0.6012861736334405,1,1
t3_design_space/per_seed_metrics__L1all.csv,satimage|5|pre_none_off,min_dist,3.666182256602987,3.666182256602987,1,1
t3_design_space/per_seed_metrics__L1all.csv,satimage|5|pre_none_off,mean_acc,0.7047712365414182,0.7047712365414182,1,1
t3_design_space/per_seed_metrics__L1all.csv,satimage|5|pre_none_off,worst_acc,0.5273311897106109,0.5273311897106109,1,1
t3_design_space/per_seed_metrics__L1all.csv,satimage|5|pre_footprint_off,min_dist,3.1848532347764946,3.1848532347764946,1,1
t3_design_space/per_seed_metrics__L1all.csv,satimage|5|pre_footprint_off,mean_acc,0.678540792749349,0.678540792749349,1,1
t3_design_space/per_seed_metrics__L1all.csv,satimage|5|pre_footprint_off,worst_acc,0.4662379421221865,0.4662379421221865,1,1
t3_design_space/per_seed_metrics__L1all.csv,satimage|5|pre_mass_off,min_dist,3.249903159105227,3.249903159105227,1,1
t3_design_space/per_seed_metrics__L1all.csv,satimage|5|pre_mass_off,mean_acc,0.6799018110750843,0.6799018110750843,1,1
t3_design_space/per_seed_metrics__L1all.csv,satimage|5|pre_mass_off,worst_acc,0.4630225080385852,0.4630225080385852,1,1
t3_design_space/per_seed_metrics__L1all.csv,satimage|6|post_none_off,min_dist,3.5266402495780187,3.5266402495780187,1,1
t3_design_space/per_seed_metrics__L1all.csv,satimage|6|post_none_off,mean_acc,0.7311072438213403,0.7311072438213403,1,1
t3_design_space/per_seed_metrics__L1all.csv,satimage|6|post_none_off,worst_acc,0.6104328523862376,0.6104328523862376,1,1
t3_design_space/per_seed_metrics__L1all.csv,satimage|6|pre_none_off,min_dist,3.690164490966113,3.690164490966113,1,1
t3_design_space/per_seed_metrics__L1all.csv,satimage|6|pre_none_off,mean_acc,0.7108631784273369,0.7108631784273369,1,1
t3_design_space/per_seed_metrics__L1all.csv,satimage|6|pre_none_off,worst_acc,0.5671476137624861,0.5671476137624861,1,1
t3_design_space/per_seed_metrics__L1all.csv,satimage|6|pre_footprint_off,min_dist,3.2058271126296103,3.2058271126296103,1,1
t3_design_space/per_seed_metrics__L1all.csv,satimage|6|pre_footprint_off,mean_acc,0.6811951819016855,0.6811951819016855,1,1
t3_design_space/per_seed_metrics__L1all.csv,satimage|6|pre_footprint_off,worst_acc,0.48475120385232745,0.48475120385232745,1,1
t3_design_space/per_seed_metrics__L1all.csv,satimage|6|pre_mass_off,min_dist,3.2548644421674977,3.2548644421674977,1,1
t3_design_space/per_seed_metrics__L1all.csv,satimage|6|pre_mass_off,mean_acc,0.6835679670793942,0.6835679670793942,1,1
t3_design_space/per_seed_metrics__L1all.csv,satimage|6|pre_mass_off,worst_acc,0.48796147672552165,0.48796147672552165,1,1
t3_design_space/per_seed_metrics__L1all.csv,satimage|7|post_none_off,min_dist,3.5029389579229795,3.5029389579229795,1,1
t3_design_space/per_seed_metrics__L1all.csv,satimage|7|post_none_off,mean_acc,0.7341619459888036,0.7341619459888036,1,1
t3_design_space/per_seed_metrics__L1all.csv,satimage|7|post_none_off,worst_acc,0.6059933407325194,0.6059933407325194,1,1
t3_design_space/per_seed_metrics__L1all.csv,satimage|7|pre_none_off,min_dist,3.7170770476267494,3.7170770476267494,1,1
t3_design_space/per_seed_metrics__L1all.csv,satimage|7|pre_none_off,mean_acc,0.7146570611242797,0.7146570611242797,1,1
t3_design_space/per_seed_metrics__L1all.csv,satimage|7|pre_none_off,worst_acc,0.5771365149833518,0.5771365149833518,1,1
t3_design_space/per_seed_metrics__L1all.csv,satimage|7|pre_footprint_off,min_dist,3.19744292303369,3.19744292303369,1,1
t3_design_space/per_seed_metrics__L1all.csv,satimage|7|pre_footprint_off,mean_acc,0.6825581330655249,0.6825581330655249,1,1
t3_design_space/per_seed_metrics__L1all.csv,satimage|7|pre_footprint_off,worst_acc,0.4967845659163987,0.4967845659163987,1,1
t3_design_space/per_seed_metrics__L1all.csv,satimage|7|pre_mass_off,min_dist,3.284998267579921,3.284998267579921,1,1
t3_design_space/per_seed_metrics__L1all.csv,satimage|7|pre_mass_off,mean_acc,0.6871306647868842,0.6871306647868842,1,1
t3_design_space/per_seed_metrics__L1all.csv,satimage|7|pre_mass_off,worst_acc,0.507223113964687,0.507223113964687,1,1
t3_design_space/per_seed_metrics__L1all.csv,satimage|8|post_none_off,min_dist,3.5241806218599394,3.5241806218599394,1,1
t3_design_space/per_seed_metrics__L1all.csv,satimage|8|post_none_off,mean_acc,0.7284302179550854,0.7284302179550854,1,1
t3_design_space/per_seed_metrics__L1all.csv,satimage|8|post_none_off,worst_acc,0.6019261637239165,0.6019261637239165,1,1
t3_design_space/per_seed_metrics__L1all.csv,satimage|8|pre_none_off,min_dist,3.6996847443629477,3.6996847443629477,1,1
t3_design_space/per_seed_metrics__L1all.csv,satimage|8|pre_none_off,mean_acc,0.7091682851341433,0.7091682851341433,1,1
t3_design_space/per_seed_metrics__L1all.csv,satimage|8|pre_none_off,worst_acc,0.5537720706260032,0.5537720706260032,1,1
t3_design_space/per_seed_metrics__L1all.csv,satimage|8|pre_footprint_off,min_dist,3.256556756690551,3.256556756690551,1,1
t3_design_space/per_seed_metrics__L1all.csv,satimage|8|pre_footprint_off,mean_acc,0.6811179894354151,0.6811179894354151,1,1
t3_design_space/per_seed_metrics__L1all.csv,satimage|8|pre_footprint_off,worst_acc,0.478330658105939,0.478330658105939,1,1
t3_design_space/per_seed_metrics__L1all.csv,satimage|8|pre_mass_off,min_dist,3.331391863333993,3.331391863333993,1,1
t3_design_space/per_seed_metrics__L1all.csv,satimage|8|pre_mass_off,mean_acc,0.6845576397487381,0.6845576397487381,1,1
t3_design_space/per_seed_metrics__L1all.csv,satimage|8|pre_mass_off,worst_acc,0.48314606741573035,0.48314606741573035,1,1
t3_design_space/per_seed_metrics__L1all.csv,satimage|9|post_none_off,min_dist,3.5089062414661862,3.5089062414661862,1,1
t3_design_space/per_seed_metrics__L1all.csv,satimage|9|post_none_off,mean_acc,0.7309215931441211,0.7309215931441211,1,1
t3_design_space/per_seed_metrics__L1all.csv,satimage|9|post_none_off,worst_acc,0.5904550499445061,0.5904550499445061,1,1
t3_design_space/per_seed_metrics__L1all.csv,satimage|9|pre_none_off,min_dist,3.720735649759739,3.720735649759739,1,1
t3_design_space/per_seed_metrics__L1all.csv,satimage|9|pre_none_off,mean_acc,0.7124801141742922,0.7124801141742922,1,1
t3_design_space/per_seed_metrics__L1all.csv,satimage|9|pre_none_off,worst_acc,0.5593784683684795,0.5593784683684795,1,1
t3_design_space/per_seed_metrics__L1all.csv,satimage|9|pre_footprint_off,min_dist,3.2433378978337344,3.2433378978337344,1,1
t3_design_space/per_seed_metrics__L1all.csv,satimage|9|pre_footprint_off,mean_acc,0.6851251983894853,0.6851251983894853,1,1
t3_design_space/per_seed_metrics__L1all.csv,satimage|9|pre_footprint_off,worst_acc,0.4751203852327448,0.4751203852327448,1,1
t3_design_space/per_seed_metrics__L1all.csv,satimage|9|pre_mass_off,min_dist,3.279769447643697,3.279769447643697,1,1
t3_design_space/per_seed_metrics__L1all.csv,satimage|9|pre_mass_off,mean_acc,0.6865776369466761,0.6865776369466761,1,1
t3_design_space/per_seed_metrics__L1all.csv,satimage|9|pre_mass_off,worst_acc,0.47351524879614765,0.47351524879614765,1,1
t3_design_space/per_seed_metrics__L1all.csv,pendigits|0|post_none_off,min_dist,1.0807326889713147,1.0807326889713147,1,1
t3_design_space/per_seed_metrics__L1all.csv,pendigits|0|post_none_off,mean_acc,0.6283502111207496,0.6283502111207496,1,1
t3_design_space/per_seed_metrics__L1all.csv,pendigits|0|post_none_off,worst_acc,0.5313653136531366,0.5313653136531366,1,1
t3_design_space/per_seed_metrics__L1all.csv,pendigits|0|pre_none_off,min_dist,1.9010102607281691,1.9010102607281691,1,1
t3_design_space/per_seed_metrics__L1all.csv,pendigits|0|pre_none_off,mean_acc,0.7374586285153389,0.7374586285153389,1,1
t3_design_space/per_seed_metrics__L1all.csv,pendigits|0|pre_none_off,worst_acc,0.5525830258302583,0.5525830258302583,1,1
t3_design_space/per_seed_metrics__L1all.csv,pendigits|0|pre_footprint_off,min_dist,2.341674801274603,2.341674801274603,1,1
t3_design_space/per_seed_metrics__L1all.csv,pendigits|0|pre_footprint_off,mean_acc,0.7406860318792028,0.7406860318792028,1,1
t3_design_space/per_seed_metrics__L1all.csv,pendigits|0|pre_footprint_off,worst_acc,0.533210332103321,0.533210332103321,1,1
t3_design_space/per_seed_metrics__L1all.csv,pendigits|0|pre_mass_off,min_dist,2.323296392613125,2.323296392613125,1,1
t3_design_space/per_seed_metrics__L1all.csv,pendigits|0|pre_mass_off,mean_acc,0.7414358875257463,0.7414358875257463,1,1
t3_design_space/per_seed_metrics__L1all.csv,pendigits|0|pre_mass_off,worst_acc,0.5387453874538746,0.5387453874538746,1,1
t3_design_space/per_seed_metrics__L1all.csv,pendigits|1|post_none_off,min_dist,1.0415788977308753,1.0415788977308753,1,1
t3_design_space/per_seed_metrics__L1all.csv,pendigits|1|post_none_off,mean_acc,0.6239955909329787,0.6239955909329787,1,1
t3_design_space/per_seed_metrics__L1all.csv,pendigits|1|post_none_off,worst_acc,0.5553505535055351,0.5553505535055351,1,1
t3_design_space/per_seed_metrics__L1all.csv,pendigits|1|pre_none_off,min_dist,1.9007001943124744,1.9007001943124744,1,1
t3_design_space/per_seed_metrics__L1all.csv,pendigits|1|pre_none_off,mean_acc,0.7373722024324791,0.7373722024324791,1,1
t3_design_space/per_seed_metrics__L1all.csv,pendigits|1|pre_none_off,worst_acc,0.5571955719557196,0.5571955719557196,1,1
t3_design_space/per_seed_metrics__L1all.csv,pendigits|1|pre_footprint_off,min_dist,2.3719160941269837,2.3719160941269837,1,1
t3_design_space/per_seed_metrics__L1all.csv,pendigits|1|pre_footprint_off,mean_acc,0.7078679562748583,0.7078679562748583,1,1
t3_design_space/per_seed_metrics__L1all.csv,pendigits|1|pre_footprint_off,worst_acc,0.5857933579335793,0.5857933579335793,1,1
t3_design_space/per_seed_metrics__L1all.csv,pendigits|1|pre_mass_off,min_dist,2.357954101025746,2.357954101025746,1,1
t3_design_space/per_seed_metrics__L1all.csv,pendigits|1|pre_mass_off,mean_acc,0.7097009203473004,0.7097009203473004,1,1
t3_design_space/per_seed_metrics__L1all.csv,pendigits|1|pre_mass_off,worst_acc,0.5821033210332104,0.5821033210332104,1,1
t3_design_space/per_seed_metrics__L1all.csv,pendigits|2|post_none_off,min_dist,0.8310232155409208,0.8310232155409208,1,1
t3_design_space/per_seed_metrics__L1all.csv,pendigits|2|post_none_off,mean_acc,0.6386161076498793,0.6386161076498793,1,1
t3_design_space/per_seed_metrics__L1all.csv,pendigits|2|post_none_off,worst_acc,0.47601476014760147,0.47601476014760147,1,1
t3_design_space/per_seed_metrics__L1all.csv,pendigits|2|pre_none_off,min_dist,1.9011174346048008,1.9011174346048008,1,1
t3_design_space/per_seed_metrics__L1all.csv,pendigits|2|pre_none_off,mean_acc,0.7374518655077826,0.7374518655077826,1,1
t3_design_space/per_seed_metrics__L1all.csv,pendigits|2|pre_none_off,worst_acc,0.5156826568265682,0.5156826568265682,1,1
t3_design_space/per_seed_metrics__L1all.csv,pendigits|2|pre_footprint_off,min_dist,1.8210396799202864,1.8210396799202864,1,1
t3_design_space/per_seed_metrics__L1all.csv,pendigits|2|pre_footprint_off,mean_acc,0.7269912231792206,0.7269912231792206,1,1
t3_design_space/per_seed_metrics__L1all.csv,pendigits|2|pre_footprint_off,worst_acc,0.5511520737327189,0.5511520737327189,1,1
t3_design_space/per_seed_metrics__L1all.csv,pendigits|2|pre_mass_off,min_dist,1.8062855333858279,1.8062855333858279,1,1
t3_design_space/per_seed_metrics__L1all.csv,pendigits|2|pre_mass_off,mean_acc,0.715009952383852,0.715009952383852,1,1
t3_design_space/per_seed_metrics__L1all.csv,pendigits|2|pre_mass_off,worst_acc,0.5622119815668203,0.5622119815668203,1,1
t3_design_space/per_seed_metrics__L1all.csv,pendigits|3|post_none_off,min_dist,1.0244882785374718,1.0244882785374718,1,1
t3_design_space/per_seed_metrics__L1all.csv,pendigits|3|post_none_off,mean_acc,0.6259970629130656,0.6259970629130656,1,1
t3_design_space/per_seed_metrics__L1all.csv,pendigits|3|post_none_off,worst_acc,0.5562730627306273,0.5562730627306273,1,1
t3_design_space/per_seed_metrics__L1all.csv,pendigits|3|pre_none_off,min_dist,1.9008923873795385,1.9008923873795385,1,1
t3_design_space/per_seed_metrics__L1all.csv,pendigits|3|pre_none_off,mean_acc,0.737341352848791,0.737341352848791,1,1
t3_design_space/per_seed_metrics__L1all.csv,pendigits|3|pre_none_off,worst_acc,0.5479704797047971,0.5479704797047971,1,1
t3_design_space/per_seed_metrics__L1all.csv,pendigits|3|pre_footprint_off,min_dist,2.3169266220565046,2.3169266220565046,1,1
t3_design_space/per_seed_metrics__L1all.csv,pendigits|3|pre_footprint_off,mean_acc,0.6795179453979523,0.6795179453979523,1,1
t3_design_space/per_seed_metrics__L1all.csv,pendigits|3|pre_footprint_off,worst_acc,0.46863468634686345,0.46863468634686345,1,1
t3_design_space/per_seed_metrics__L1all.csv,pendigits|3|pre_mass_off,min_dist,2.321193658162886,2.321193658162886,1,1
t3_design_space/per_seed_metrics__L1all.csv,pendigits|3|pre_mass_off,mean_acc,0.7414150370215233,0.7414150370215233,1,1
t3_design_space/per_seed_metrics__L1all.csv,pendigits|3|pre_mass_off,worst_acc,0.5415129151291513,0.5415129151291513,1,1
t3_design_space/per_seed_metrics__L1all.csv,pendigits|4|post_none_off,min_dist,1.0259473497471652,1.0259473497471652,1,1
t3_design_space/per_seed_metrics__L1all.csv,pendigits|4|post_none_off,mean_acc,0.6325193212970348,0.6325193212970348,1,1
t3_design_space/per_seed_metrics__L1all.csv,pendigits|4|post_none_off,worst_acc,0.5535055350553506,0.5535055350553506,1,1
t3_design_space/per_seed_metrics__L1all.csv,pendigits|4|pre_none_off,min_dist,1.9009786232479433,1.9009786232479433,1,1
t3_design_space/per_seed_metrics__L1all.csv,pendigits|4|pre_none_off,mean_acc,0.7374339335674476,0.7374339335674476,1,1
t3_design_space/per_seed_metrics__L1all.csv,pendigits|4|pre_none_off,worst_acc,0.5350553505535055,0.5350553505535055,1,1
t3_design_space/per_seed_metrics__L1all.csv,pendigits|4|pre_footprint_off,min_dist,2.3371328824691693,2.3371328824691693,1,1
t3_design_space/per_seed_metrics__L1all.csv,pendigits|4|pre_footprint_off,mean_acc,0.7424560273893284,0.7424560273893284,1,1
t3_design_space/per_seed_metrics__L1all.csv,pendigits|4|pre_footprint_off,worst_acc,0.5295202952029521,0.5295202952029521,1,1
t3_design_space/per_seed_metrics__L1all.csv,pendigits|4|pre_mass_off,min_dist,2.3213368880257783,2.3213368880257783,1,1
t3_design_space/per_seed_metrics__L1all.csv,pendigits|4|pre_mass_off,mean_acc,0.7431139448327733,0.7431139448327733,1,1
t3_design_space/per_seed_metrics__L1all.csv,pendigits|4|pre_mass_off,worst_acc,0.5369003690036901,0.5369003690036901,1,1
t3_design_space/per_seed_metrics__L1all.csv,pendigits|5|post_none_off,min_dist,0.9529890658622577,0.9529890658622577,1,1
t3_design_space/per_seed_metrics__L1all.csv,pendigits|5|post_none_off,mean_acc,0.6274328849972537,0.6274328849972537,1,1
t3_design_space/per_seed_metrics__L1all.csv,pendigits|5|post_none_off,worst_acc,0.48154981549815495,0.48154981549815495,1,1
t3_design_space/per_seed_metrics__L1all.csv,pendigits|5|pre_none_off,min_dist,1.8981441176695144,1.8981441176695144,1,1
t3_design_space/per_seed_metrics__L1all.csv,pendigits|5|pre_none_off,mean_acc,0.7389142856156242,0.7389142856156242,1,1
t3_design_space/per_seed_metrics__L1all.csv,pendigits|5|pre_none_off,worst_acc,0.5719557195571956,0.5719557195571956,1,1
t3_design_space/per_seed_metrics__L1all.csv,pendigits|5|pre_footprint_off,min_dist,2.344013397455497,2.344013397455497,1,1
t3_design_space/per_seed_metrics__L1all.csv,pendigits|5|pre_footprint_off,mean_acc,0.7402382438268191,0.7402382438268191,1,1
t3_design_space/per_seed_metrics__L1all.csv,pendigits|5|pre_footprint_off,worst_acc,0.5313653136531366,0.5313653136531366,1,1
t3_design_space/per_seed_metrics__L1all.csv,pendigits|5|pre_mass_off,min_dist,2.3291307777374195,2.3291307777374195,1,1
t3_design_space/per_seed_metrics__L1all.csv,pendigits|5|pre_mass_off,mean_acc,0.7298713146079652,0.7298713146079652,1,1
t3_design_space/per_seed_metrics__L1all.csv,pendigits|5|pre_mass_off,worst_acc,0.6309963099630996,0.6309963099630996,1,1
t3_design_space/per_seed_metrics__L1all.csv,pendigits|6|post_none_off,min_dist,0.22536257791816214,0.22536257791816214,1,1
t3_design_space/per_seed_metrics__L1all.csv,pendigits|6|post_none_off,mean_acc,0.7275908723677246,0.7275908723677246,1,1
t3_design_space/per_seed_metrics__L1all.csv,pendigits|6|post_none_off,worst_acc,0.551660516605166,0.551660516605166,1,1
t3_design_space/per_seed_metrics__L1all.csv,pendigits|6|pre_none_off,min_dist,1.7042550725123822,1.7042550725123822,1,1
t3_design_space/per_seed_metrics__L1all.csv,pendigits|6|pre_none_off,mean_acc,0.7625908219244675,0.7625908219244675,1,1
t3_design_space/per_seed_metrics__L1all.csv,pendigits|6|pre_none_off,worst_acc,0.6060885608856088,0.6060885608856088,1,1
t3_design_space/per_seed_metrics__L1all.csv,pendigits|6|pre_footprint_off,min_dist,1.705409417139962,1.705409417139962,1,1
t3_design_space/per_seed_metrics__L1all.csv,pendigits|6|pre_footprint_off,mean_acc,0.7398510829326369,0.7398510829326369,1,1
t3_design_space/per_seed_metrics__L1all.csv,pendigits|6|pre_footprint_off,worst_acc,0.6153136531365314,0.6153136531365314,1,1
t3_design_space/per_seed_metrics__L1all.csv,pendigits|6|pre_mass_off,min_dist,2.3162925409351867,2.3162925409351867,1,1
t3_design_space/per_seed_metrics__L1all.csv,pendigits|6|pre_mass_off,mean_acc,0.7399443463571335,0.7399443463571335,1,1
t3_design_space/per_seed_metrics__L1all.csv,pendigits|6|pre_mass_off,worst_acc,0.525830258302583,0.525830258302583,1,1
t3_design_space/per_seed_metrics__L1all.csv,pendigits|7|post_none_off,min_dist,0.8320877428383314,0.8320877428383314,1,1
t3_design_space/per_seed_metrics__L1all.csv,pendigits|7|post_none_off,mean_acc,0.6304386343237792,0.6304386343237792,1,1
t3_design_space/per_seed_metrics__L1all.csv,pendigits|7|post_none_off,worst_acc,0.48154981549815495,0.48154981549815495,1,1
t3_design_space/per_seed_metrics__L1all.csv,pendigits|7|pre_none_off,min_dist,1.6672061052760232,1.6672061052760232,1,1
t3_design_space/per_seed_metrics__L1all.csv,pendigits|7|pre_none_off,mean_acc,0.7206674836639038,0.7206674836639038,1,1
t3_design_space/per_seed_metrics__L1all.csv,pendigits|7|pre_none_off,worst_acc,0.5083025830258303,0.5083025830258303,1,1
t3_design_space/per_seed_metrics__L1all.csv,pendigits|7|pre_footprint_off,min_dist,1.7590376778086505,1.7590376778086505,1,1
t3_design_space/per_seed_metrics__L1all.csv,pendigits|7|pre_footprint_off,mean_acc,0.6266490149390433,0.6266490149390433,1,1
t3_design_space/per_seed_metrics__L1all.csv,pendigits|7|pre_footprint_off,worst_acc,0.5156826568265682,0.5156826568265682,1,1
t3_design_space/per_seed_metrics__L1all.csv,pendigits|7|pre_mass_off,min_dist,1.762678085819753,1.762678085819753,1,1
t3_design_space/per_seed_metrics__L1all.csv,pendigits|7|pre_mass_off,mean_acc,0.6813773933938709,0.6813773933938709,1,1
t3_design_space/per_seed_metrics__L1all.csv,pendigits|7|pre_mass_off,worst_acc,0.5483870967741935,0.5483870967741935,1,1
t3_design_space/per_seed_metrics__L1all.csv,pendigits|8|post_none_off,min_dist,0.9609888960304647,0.9609888960304647,1,1
t3_design_space/per_seed_metrics__L1all.csv,pendigits|8|post_none_off,mean_acc,0.6287786206002137,0.6287786206002137,1,1
t3_design_space/per_seed_metrics__L1all.csv,pendigits|8|post_none_off,worst_acc,0.4769372693726937,0.4769372693726937,1,1
t3_design_space/per_seed_metrics__L1all.csv,pendigits|8|pre_none_off,min_dist,1.6509175306858201,1.6509175306858201,1,1
t3_design_space/per_seed_metrics__L1all.csv,pendigits|8|pre_none_off,mean_acc,0.7213992744395354,0.7213992744395354,1,1
t3_design_space/per_seed_metrics__L1all.csv,pendigits|8|pre_none_off,worst_acc,0.503690036900369,0.503690036900369,1,1
t3_design_space/per_seed_metrics__L1all.csv,pendigits|8|pre_footprint_off,min_dist,2.3295499413287533,2.3295499413287533,1,1
t3_design_space/per_seed_metrics__L1all.csv,pendigits|8|pre_footprint_off,mean_acc,0.7398628470457863,0.7398628470457863,1,1
t3_design_space/per_seed_metrics__L1all.csv,pendigits|8|pre_footprint_off,worst_acc,0.544280442804428,0.544280442804428,1,1
t3_design_space/per_seed_metrics__L1all.csv,pendigits|8|pre_mass_off,min_dist,2.319339794346726,2.319339794346726,1,1
t3_design_space/per_seed_metrics__L1all.csv,pendigits|8|pre_mass_off,mean_acc,0.7308134737267493,0.7308134737267493,1,1
t3_design_space/per_seed_metrics__L1all.csv,pendigits|8|pre_mass_off,worst_acc,0.6236162361623616,0.6236162361623616,1,1
t3_design_space/per_seed_metrics__L1all.csv,pendigits|9|post_none_off,min_dist,0.2705455190894308,0.2705455190894308,1,1
t3_design_space/per_seed_metrics__L1all.csv,pendigits|9|post_none_off,mean_acc,0.6612638387276852,0.6612638387276852,1,1
t3_design_space/per_seed_metrics__L1all.csv,pendigits|9|post_none_off,worst_acc,0.5175276752767528,0.5175276752767528,1,1
t3_design_space/per_seed_metrics__L1all.csv,pendigits|9|pre_none_off,min_dist,1.9045714244383036,1.9045714244383036,1,1
t3_design_space/per_seed_metrics__L1all.csv,pendigits|9|pre_none_off,mean_acc,0.7420051087820037,0.7420051087820037,1,1
t3_design_space/per_seed_metrics__L1all.csv,pendigits|9|pre_none_off,worst_acc,0.5581180811808119,0.5581180811808119,1,1
t3_design_space/per_seed_metrics__L1all.csv,pendigits|9|pre_footprint_off,min_dist,1.7296041434685372,1.7296041434685372,1,1
t3_design_space/per_seed_metrics__L1all.csv,pendigits|9|pre_footprint_off,mean_acc,0.6793532618901967,0.6793532618901967,1,1
t3_design_space/per_seed_metrics__L1all.csv,pendigits|9|pre_footprint_off,worst_acc,0.5428571428571428,0.5428571428571428,1,1
t3_design_space/per_seed_metrics__L1all.csv,pendigits|9|pre_mass_off,min_dist,1.75814647785632,1.75814647785632,1,1
t3_design_space/per_seed_metrics__L1all.csv,pendigits|9|pre_mass_off,mean_acc,0.680784799021748,0.680784799021748,1,1
t3_design_space/per_seed_metrics__L1all.csv,pendigits|9|pre_mass_off,worst_acc,0.5447004608294931,0.5447004608294931,1,1
t3_design_space/per_seed_metrics__L1all.csv,digits_pca16|0|post_none_off,min_dist,0.0022199971524619897,0.0022199971524619897,1,1
t3_design_space/per_seed_metrics__L1all.csv,digits_pca16|0|post_none_off,mean_acc,0.6399221016403012,0.6399221016403012,1,1
t3_design_space/per_seed_metrics__L1all.csv,digits_pca16|0|post_none_off,worst_acc,0.38333333333333336,0.38333333333333336,1,1
t3_design_space/per_seed_metrics__L1all.csv,digits_pca16|0|pre_none_off,min_dist,1.9355322660438747,1.9355322660438747,1,1
t3_design_space/per_seed_metrics__L1all.csv,digits_pca16|0|pre_none_off,mean_acc,0.8088163946286157,0.8088163946286157,1,1
t3_design_space/per_seed_metrics__L1all.csv,digits_pca16|0|pre_none_off,worst_acc,0.6055555555555555,0.6055555555555555,1,1
t3_design_space/per_seed_metrics__L1all.csv,digits_pca16|0|pre_footprint_off,min_dist,2.499674640970997,2.499674640970997,1,1
t3_design_space/per_seed_metrics__L1all.csv,digits_pca16|0|pre_footprint_off,mean_acc,0.8068218413888125,0.8068218413888125,1,1
t3_design_space/per_seed_metrics__L1all.csv,digits_pca16|0|pre_footprint_off,worst_acc,0.46111111111111114,0.46111111111111114,1,1
t3_design_space/per_seed_metrics__L1all.csv,digits_pca16|0|pre_mass_off,min_dist,2.461282680705412,2.461282680705412,1,1
t3_design_space/per_seed_metrics__L1all.csv,digits_pca16|0|pre_mass_off,mean_acc,0.7985319343346917,0.7985319343346917,1,1
t3_design_space/per_seed_metrics__L1all.csv,digits_pca16|0|pre_mass_off,worst_acc,0.4222222222222222,0.4222222222222222,1,1
t3_design_space/per_seed_metrics__L1all.csv,digits_pca16|1|post_none_off,min_dist,0.0077688567314201,0.0077688567314201,1,1
t3_design_space/per_seed_metrics__L1all.csv,digits_pca16|1|post_none_off,mean_acc,0.6852767948020725,0.6852767948020725,1,1
t3_design_space/per_seed_metrics__L1all.csv,digits_pca16|1|post_none_off,worst_acc,0.519774011299435,0.519774011299435,1,1
t3_design_space/per_seed_metrics__L1all.csv,digits_pca16|1|pre_none_off,min_dist,1.326518966156544,1.326518966156544,1,1
t3_design_space/per_seed_metrics__L1all.csv,digits_pca16|1|pre_none_off,mean_acc,0.8020777526165725,0.8020777526165725,1,1
t3_design_space/per_seed_metrics__L1all.csv,digits_pca16|1|pre_none_off,worst_acc,0.6777777777777778,0.6777777777777778,1,1
t3_design_space/per_seed_metrics__L1all.csv,digits_pca16|1|pre_footprint_off,min_dist,2.851022743068289,2.851022743068289,1,1
t3_design_space/per_seed_metrics__L1all.csv,digits_pca16|1|pre_footprint_off,mean_acc,0.7415401909768059,0.7415401909768059,1,1
t3_design_space/per_seed_metrics__L1all.csv,digits_pca16|1|pre_footprint_off,worst_acc,0.5666666666666667,0.5666666666666667,1,1
t3_design_space/per_seed_metrics__L1all.csv,digits_pca16|1|pre_mass_off,min_dist,2.5433662996401774,2.5433662996401774,1,1
t3_design_space/per_seed_metrics__L1all.csv,digits_pca16|1|pre_mass_off,mean_acc,0.7998341354453943,0.7998341354453943,1,1
t3_design_space/per_seed_metrics__L1all.csv,digits_pca16|1|pre_mass_off,worst_acc,0.6222222222222222,0.6222222222222222,1,1
t3_design_space/per_seed_metrics__L1all.csv,digits_pca16|2|post_none_off,min_dist,0.022247480634375667,0.022247480634375667,1,1
t3_design_space/per_seed_metrics__L1all.csv,digits_pca16|2|post_none_off,mean_acc,0.6834856219867436,0.6834856219867436,1,1
t3_design_space/per_seed_metrics__L1all.csv,digits_pca16|2|post_none_off,worst_acc,0.4406779661016949,0.4406779661016949,1,1
t3_design_space/per_seed_metrics__L1all.csv,digits_pca16|2|pre_none_off,min_dist,1.7648151886081258,1.7648151886081258,1,1
t3_design_space/per_seed_metrics__L1all.csv,digits_pca16|2|pre_none_off,mean_acc,0.7682547866147119,0.7682547866147119,1,1
t3_design_space/per_seed_metrics__L1all.csv,digits_pca16|2|pre_none_off,worst_acc,0.519774011299435,0.519774011299435,1,1
t3_design_space/per_seed_metrics__L1all.csv,digits_pca16|2|pre_footprint_off,min_dist,2.5340763597392013,2.5340763597392013,1,1
t3_design_space/per_seed_metrics__L1all.csv,digits_pca16|2|pre_footprint_off,mean_acc,0.7303583896874892,0.7303583896874892,1,1
t3_design_space/per_seed_metrics__L1all.csv,digits_pca16|2|pre_footprint_off,worst_acc,0.5028248587570622,0.5028248587570622,1,1
t3_design_space/per_seed_metrics__L1all.csv,digits_pca16|2|pre_mass_off,min_dist,2.4787726022055163,2.4787726022055163,1,1
t3_design_space/per_seed_metrics__L1all.csv,digits_pca16|2|pre_mass_off,mean_acc,0.7752527386963262,0.7752527386963262,1,1
t3_design_space/per_seed_metrics__L1all.csv,digits_pca16|2|pre_mass_off,worst_acc,0.6166666666666667,0.6166666666666667,1,1
t3_design_space/per_seed_metrics__L1all.csv,digits_pca16|3|post_none_off,min_dist,0.014518215448170143,0.014518215448170143,1,1
t3_design_space/per_seed_metrics__L1all.csv,digits_pca16|3|post_none_off,mean_acc,0.672591384027187,0.672591384027187,1,1
t3_design_space/per_seed_metrics__L1all.csv,digits_pca16|3|post_none_off,worst_acc,0.4463276836158192,0.4463276836158192,1,1
t3_design_space/per_seed_metrics__L1all.csv,digits_pca16|3|pre_none_off,min_dist,1.8960990518885406,1.8960990518885406,1,1
t3_design_space/per_seed_metrics__L1all.csv,digits_pca16|3|pre_none_off,mean_acc,0.7749595698417545,0.7749595698417545,1,1
t3_design_space/per_seed_metrics__L1all.csv,digits_pca16|3|pre_none_off,worst_acc,0.5649717514124294,0.5649717514124294,1,1
t3_design_space/per_seed_metrics__L1all.csv,digits_pca16|3|pre_footprint_off,min_dist,2.435889633671476,2.435889633671476,1,1
t3_design_space/per_seed_metrics__L1all.csv,digits_pca16|3|pre_footprint_off,mean_acc,0.7292444027538827,0.7292444027538827,1,1
t3_design_space/per_seed_metrics__L1all.csv,digits_pca16|3|pre_footprint_off,worst_acc,0.42777777777777776,0.42777777777777776,1,1
t3_design_space/per_seed_metrics__L1all.csv,digits_pca16|3|pre_mass_off,min_dist,2.4056944243942415,2.4056944243942415,1,1
t3_design_space/per_seed_metrics__L1all.csv,digits_pca16|3|pre_mass_off,mean_acc,0.7331515653902115,0.7331515653902115,1,1
t3_design_space/per_seed_metrics__L1all.csv,digits_pca16|3|pre_mass_off,worst_acc,0.43333333333333335,0.43333333333333335,1,1
t3_design_space/per_seed_metrics__L1all.csv,digits_pca16|4|post_none_off,min_dist,0.06740290650125151,0.06740290650125151,1,1
t3_design_space/per_seed_metrics__L1all.csv,digits_pca16|4|post_none_off,mean_acc,0.6088565411582634,0.6088565411582634,1,1
t3_design_space/per_seed_metrics__L1all.csv,digits_pca16|4|post_none_off,worst_acc,0.44751381215469616,0.44751381215469616,1,1
t3_design_space/per_seed_metrics__L1all.csv,digits_pca16|4|pre_none_off,min_dist,1.9150134170010464,1.9150134170010464,1,1
t3_design_space/per_seed_metrics__L1all.csv,digits_pca16|4|pre_none_off,mean_acc,0.7994458398820389,0.7994458398820389,1,1
t3_design_space/per_seed_metrics__L1all.csv,digits_pca16|4|pre_none_off,worst_acc,0.65,0.65,1,1
t3_design_space/per_seed_metrics__L1all.csv,digits_pca16|4|pre_footprint_off,min_dist,2.530480760101721,2.530480760101721,1,1
t3_design_space/per_seed_metrics__L1all.csv,digits_pca16|4|pre_footprint_off,mean_acc,0.7430220629022152,0.7430220629022152,1,1
t3_design_space/per_seed_metrics__L1all.csv,digits_pca16|4|pre_footprint_off,worst_acc,0.6077348066298343,0.6077348066298343,1,1
t3_design_space/per_seed_metrics__L1all.csv,digits_pca16|4|pre_mass_off,min_dist,2.482934072993127,2.482934072993127,1,1
t3_design_space/per_seed_metrics__L1all.csv,digits_pca16|4|pre_mass_off,mean_acc,0.74134573821765,0.74134573821765,1,1
t3_design_space/per_seed_metrics__L1all.csv,digits_pca16|4|pre_mass_off,worst_acc,0.6022099447513812,0.6022099447513812,1,1
t3_design_space/per_seed_metrics__L1all.csv,digits_pca16|5|post_none_off,min_dist,0.0010064475141096498,0.0010064475141096498,1,1
t3_design_space/per_seed_metrics__L1all.csv,digits_pca16|5|post_none_off,mean_acc,0.6531953307302535,0.6531953307302535,1,1
t3_design_space/per_seed_metrics__L1all.csv,digits_pca16|5|post_none_off,worst_acc,0.4388888888888889,0.4388888888888889,1,1
t3_design_space/per_seed_metrics__L1all.csv,digits_pca16|5|pre_none_off,min_dist,1.9126001210593317,1.9126001210593317,1,1
t3_design_space/per_seed_metrics__L1all.csv,digits_pca16|5|pre_none_off,mean_acc,0.7525765364077504,0.7525765364077504,1,1
t3_design_space/per_seed_metrics__L1all.csv,digits_pca16|5|pre_none_off,worst_acc,0.5055555555555555,0.5055555555555555,1,1
t3_design_space/per_seed_metrics__L1all.csv,digits_pca16|5|pre_footprint_off,min_dist,2.6028681530609346,2.6028681530609346,1,1
t3_design_space/per_seed_metrics__L1all.csv,digits_pca16|5|pre_footprint_off,mean_acc,0.7375055828040292,0.7375055828040292,1,1
t3_design_space/per_seed_metrics__L1all.csv,digits_pca16|5|pre_footprint_off,worst_acc,0.4431818181818182,0.4431818181818182,1,1
t3_design_space/per_seed_metrics__L1all.csv,digits_pca16|5|pre_mass_off,min_dist,2.559590044918114,2.559590044918114,1,1
t3_design_space/per_seed_metrics__L1all.csv,digits_pca16|5|pre_mass_off,mean_acc,0.7341503814405873,0.7341503814405873,1,1
t3_design_space/per_seed_metrics__L1all.csv,digits_pca16|5|pre_mass_off,worst_acc,0.4431818181818182,0.4431818181818182,1,1
t3_design_space/per_seed_metrics__L1all.csv,digits_pca16|6|post_none_off,min_dist,0.01965706821664006,0.01965706821664006,1,1
t3_design_space/per_seed_metrics__L1all.csv,digits_pca16|6|post_none_off,mean_acc,0.6414585807118304,0.6414585807118304,1,1
t3_design_space/per_seed_metrics__L1all.csv,digits_pca16|6|post_none_off,worst_acc,0.46408839779005523,0.46408839779005523,1,1
t3_design_space/per_seed_metrics__L1all.csv,digits_pca16|6|pre_none_off,min_dist,1.94872728620332,1.94872728620332,1,1
t3_design_space/per_seed_metrics__L1all.csv,digits_pca16|6|pre_none_off,mean_acc,0.8055947175298199,0.8055947175298199,1,1
t3_design_space/per_seed_metrics__L1all.csv,digits_pca16|6|pre_none_off,worst_acc,0.6777777777777778,0.6777777777777778,1,1
t3_design_space/per_seed_metrics__L1all.csv,digits_pca16|6|pre_footprint_off,min_dist,2.547576111926297,2.547576111926297,1,1
t3_design_space/per_seed_metrics__L1all.csv,digits_pca16|6|pre_footprint_off,mean_acc,0.7784053327546634,0.7784053327546634,1,1
t3_design_space/per_seed_metrics__L1all.csv,digits_pca16|6|pre_footprint_off,worst_acc,0.5254237288135594,0.5254237288135594,1,1
t3_design_space/per_seed_metrics__L1all.csv,digits_pca16|6|pre_mass_off,min_dist,2.543251145140594,2.543251145140594,1,1
t3_design_space/per_seed_metrics__L1all.csv,digits_pca16|6|pre_mass_off,mean_acc,0.7766507741965325,0.7766507741965325,1,1
t3_design_space/per_seed_metrics__L1all.csv,digits_pca16|6|pre_mass_off,worst_acc,0.4858757062146893,0.4858757062146893,1,1
t3_design_space/per_seed_metrics__L1all.csv,digits_pca16|7|post_none_off,min_dist,0.6799428697982725,0.6799428697982725,1,1
t3_design_space/per_seed_metrics__L1all.csv,digits_pca16|7|post_none_off,mean_acc,0.6421090317989352,0.6421090317989352,1,1
t3_design_space/per_seed_metrics__L1all.csv,digits_pca16|7|post_none_off,worst_acc,0.5055555555555555,0.5055555555555555,1,1
t3_design_space/per_seed_metrics__L1all.csv,digits_pca16|7|pre_none_off,min_dist,1.9163313598473988,1.9163313598473988,1,1
t3_design_space/per_seed_metrics__L1all.csv,digits_pca16|7|pre_none_off,mean_acc,0.7997935419272628,0.7997935419272628,1,1
t3_design_space/per_seed_metrics__L1all.csv,digits_pca16|7|pre_none_off,worst_acc,0.6388888888888888,0.6388888888888888,1,1
t3_design_space/per_seed_metrics__L1all.csv,digits_pca16|7|pre_footprint_off,min_dist,2.585450386541846,2.585450386541846,1,1
t3_design_space/per_seed_metrics__L1all.csv,digits_pca16|7|pre_footprint_off,mean_acc,0.7999089447474075,0.7999089447474075,1,1
t3_design_space/per_seed_metrics__L1all.csv,digits_pca16|7|pre_footprint_off,worst_acc,0.6,0.6,1,1
t3_design_space/per_seed_metrics__L1all.csv,digits_pca16|7|pre_mass_off,min_dist,2.5898818505968273,2.5898818505968273,1,1
t3_design_space/per_seed_metrics__L1all.csv,digits_pca16|7|pre_mass_off,mean_acc,0.8148977421647364,0.8148977421647364,1,1
t3_design_space/per_seed_metrics__L1all.csv,digits_pca16|7|pre_mass_off,worst_acc,0.65,0.65,1,1
t3_design_space/per_seed_metrics__L1all.csv,digits_pca16|8|post_none_off,min_dist,0.0041815582032231,0.0041815582032231,1,1
t3_design_space/per_seed_metrics__L1all.csv,digits_pca16|8|post_none_off,mean_acc,0.6703398063735352,0.6703398063735352,1,1
t3_design_space/per_seed_metrics__L1all.csv,digits_pca16|8|post_none_off,worst_acc,0.4419889502762431,0.4419889502762431,1,1
t3_design_space/per_seed_metrics__L1all.csv,digits_pca16|8|pre_none_off,min_dist,1.9151184191820116,1.9151184191820116,1,1
t3_design_space/per_seed_metrics__L1all.csv,digits_pca16|8|pre_none_off,mean_acc,0.7459315629074498,0.7459315629074498,1,1
t3_design_space/per_seed_metrics__L1all.csv,digits_pca16|8|pre_none_off,worst_acc,0.49444444444444446,0.49444444444444446,1,1
t3_design_space/per_seed_metrics__L1all.csv,digits_pca16|8|pre_footprint_off,min_dist,2.1981875390923307,2.1981875390923307,1,1
t3_design_space/per_seed_metrics__L1all.csv,digits_pca16|8|pre_footprint_off,mean_acc,0.7248810127259876,0.7248810127259876,1,1
t3_design_space/per_seed_metrics__L1all.csv,digits_pca16|8|pre_footprint_off,worst_acc,0.4388888888888889,0.4388888888888889,1,1
t3_design_space/per_seed_metrics__L1all.csv,digits_pca16|8|pre_mass_off,min_dist,2.142179386501326,2.142179386501326,1,1
t3_design_space/per_seed_metrics__L1all.csv,digits_pca16|8|pre_mass_off,mean_acc,0.6857516242139623,0.6857516242139623,1,1
t3_design_space/per_seed_metrics__L1all.csv,digits_pca16|8|pre_mass_off,worst_acc,0.5111111111111111,0.5111111111111111,1,1
t3_design_space/per_seed_metrics__L1all.csv,digits_pca16|9|post_none_off,min_dist,0.020172381222337797,0.020172381222337797,1,1
t3_design_space/per_seed_metrics__L1all.csv,digits_pca16|9|post_none_off,mean_acc,0.6551045926333947,0.6551045926333947,1,1
t3_design_space/per_seed_metrics__L1all.csv,digits_pca16|9|post_none_off,worst_acc,0.3954802259887006,0.3954802259887006,1,1
t3_design_space/per_seed_metrics__L1all.csv,digits_pca16|9|pre_none_off,min_dist,1.8218387818514672,1.8218387818514672,1,1
t3_design_space/per_seed_metrics__L1all.csv,digits_pca16|9|pre_none_off,mean_acc,0.7361854728842417,0.7361854728842417,1,1
t3_design_space/per_seed_metrics__L1all.csv,digits_pca16|9|pre_none_off,worst_acc,0.4,0.4,1,1
t3_design_space/per_seed_metrics__L1all.csv,digits_pca16|9|pre_footprint_off,min_dist,2.016237480022429,2.016237480022429,1,1
t3_design_space/per_seed_metrics__L1all.csv,digits_pca16|9|pre_footprint_off,mean_acc,0.6773375295843189,0.6773375295843189,1,1
t3_design_space/per_seed_metrics__L1all.csv,digits_pca16|9|pre_footprint_off,worst_acc,0.46153846153846156,0.46153846153846156,1,1
t3_design_space/per_seed_metrics__L1all.csv,digits_pca16|9|pre_mass_off,min_dist,2.008037484492034,2.008037484492034,1,1
t3_design_space/per_seed_metrics__L1all.csv,digits_pca16|9|pre_mass_off,mean_acc,0.6875064604714002,0.6875064604714002,1,1
t3_design_space/per_seed_metrics__L1all.csv,digits_pca16|9|pre_mass_off,worst_acc,0.4463276836158192,0.4463276836158192,1,1
t3_design_space/per_seed_metrics__L1all.csv,digits_pca32|0|post_none_off,min_dist,2.3929815683606512,2.3929815683606512,1,1
t3_design_space/per_seed_metrics__L1all.csv,digits_pca32|0|post_none_off,mean_acc,0.5625349019873541,0.5625349019873541,1,1
t3_design_space/per_seed_metrics__L1all.csv,digits_pca32|0|post_none_off,worst_acc,0.3333333333333333,0.3333333333333333,1,1
t3_design_space/per_seed_metrics__L1all.csv,digits_pca32|0|pre_none_off,min_dist,2.395622664625869,2.395622664625869,1,1
t3_design_space/per_seed_metrics__L1all.csv,digits_pca32|0|pre_none_off,mean_acc,0.718361606129834,0.718361606129834,1,1
t3_design_space/per_seed_metrics__L1all.csv,digits_pca32|0|pre_none_off,worst_acc,0.5511363636363636,0.5511363636363636,1,1
t3_design_space/per_seed_metrics__L1all.csv,digits_pca32|0|pre_footprint_off,min_dist,2.951175301857566,2.951175301857566,1,1
t3_design_space/per_seed_metrics__L1all.csv,digits_pca32|0|pre_footprint_off,mean_acc,0.8707041119979714,0.8707041119979714,1,1
t3_design_space/per_seed_metrics__L1all.csv,digits_pca32|0|pre_footprint_off,worst_acc,0.7277777777777777,0.7277777777777777,1,1
t3_design_space/per_seed_metrics__L1all.csv,digits_pca32|0|pre_mass_off,min_dist,2.963164041658985,2.963164041658985,1,1
t3_design_space/per_seed_metrics__L1all.csv,digits_pca32|0|pre_mass_off,mean_acc,0.8053416564999176,0.8053416564999176,1,1
t3_design_space/per_seed_metrics__L1all.csv,digits_pca32|0|pre_mass_off,worst_acc,0.4971751412429379,0.4971751412429379,1,1
t3_design_space/per_seed_metrics__L1all.csv,digits_pca32|1|post_none_off,min_dist,2.265408952875307,2.265408952875307,1,1
t3_design_space/per_seed_metrics__L1all.csv,digits_pca32|1|post_none_off,mean_acc,0.5379337453551425,0.5379337453551425,1,1
t3_design_space/per_seed_metrics__L1all.csv,digits_pca32|1|post_none_off,worst_acc,0.4166666666666667,0.4166666666666667,1,1
t3_design_space/per_seed_metrics__L1all.csv,digits_pca32|1|pre_none_off,min_dist,2.4171020824997425,2.4171020824997425,1,1
t3_design_space/per_seed_metrics__L1all.csv,digits_pca32|1|pre_none_off,mean_acc,0.7276608301491184,0.7276608301491184,1,1
t3_design_space/per_seed_metrics__L1all.csv,digits_pca32|1|pre_none_off,worst_acc,0.43333333333333335,0.43333333333333335,1,1
t3_design_space/per_seed_metrics__L1all.csv,digits_pca32|1|pre_footprint_off,min_dist,3.041993110118001,3.041993110118001,1,1
t3_design_space/per_seed_metrics__L1all.csv,digits_pca32|1|pre_footprint_off,mean_acc,0.8340511616301842,0.8340511616301842,1,1
t3_design_space/per_seed_metrics__L1all.csv,digits_pca32|1|pre_footprint_off,worst_acc,0.4971751412429379,0.4971751412429379,1,1
t3_design_space/per_seed_metrics__L1all.csv,digits_pca32|1|pre_mass_off,min_dist,2.9819915061578333,2.9819915061578333,1,1
t3_design_space/per_seed_metrics__L1all.csv,digits_pca32|1|pre_mass_off,mean_acc,0.8106571023672469,0.8106571023672469,1,1
t3_design_space/per_seed_metrics__L1all.csv,digits_pca32|1|pre_mass_off,worst_acc,0.519774011299435,0.519774011299435,1,1
t3_design_space/per_seed_metrics__L1all.csv,digits_pca32|2|post_none_off,min_dist,2.0157967117896325,2.0157967117896325,1,1
t3_design_space/per_seed_metrics__L1all.csv,digits_pca32|2|post_none_off,mean_acc,0.5458712982448388,0.5458712982448388,1,1
t3_design_space/per_seed_metrics__L1all.csv,digits_pca32|2|post_none_off,worst_acc,0.36666666666666664,0.36666666666666664,1,1
t3_design_space/per_seed_metrics__L1all.csv,digits_pca32|2|pre_none_off,min_dist,2.3198307771888067,2.3198307771888067,1,1
t3_design_space/per_seed_metrics__L1all.csv,digits_pca32|2|pre_none_off,mean_acc,0.7349894889103962,0.7349894889103962,1,1
t3_design_space/per_seed_metrics__L1all.csv,digits_pca32|2|pre_none_off,worst_acc,0.4444444444444444,0.4444444444444444,1,1
t3_design_space/per_seed_metrics__L1all.csv,digits_pca32|2|pre_footprint_off,min_dist,2.9559628959595754,2.9559628959595754,1,1
t3_design_space/per_seed_metrics__L1all.csv,digits_pca32|2|pre_footprint_off,mean_acc,0.7324959349656649,0.7324959349656649,1,1
t3_design_space/per_seed_metrics__L1all.csv,digits_pca32|2|pre_footprint_off,worst_acc,0.480225988700565,0.480225988700565,1,1
t3_design_space/per_seed_metrics__L1all.csv,digits_pca32|2|pre_mass_off,min_dist,2.8285515521369735,2.8285515521369735,1,1
t3_design_space/per_seed_metrics__L1all.csv,digits_pca32|2|pre_mass_off,mean_acc,0.8182149925793627,0.8182149925793627,1,1
t3_design_space/per_seed_metrics__L1all.csv,digits_pca32|2|pre_mass_off,worst_acc,0.5141242937853108,0.5141242937853108,1,1
t3_design_space/per_seed_metrics__L1all.csv,digits_pca32|3|post_none_off,min_dist,2.271345988086142,2.271345988086142,1,1
t3_design_space/per_seed_metrics__L1all.csv,digits_pca32|3|post_none_off,mean_acc,0.5851889306414589,0.5851889306414589,1,1
t3_design_space/per_seed_metrics__L1all.csv,digits_pca32|3|post_none_off,worst_acc,0.4111111111111111,0.4111111111111111,1,1
t3_design_space/per_seed_metrics__L1all.csv,digits_pca32|3|pre_none_off,min_dist,2.4663383012536677,2.4663383012536677,1,1
t3_design_space/per_seed_metrics__L1all.csv,digits_pca32|3|pre_none_off,mean_acc,0.8338863437583338,0.8338863437583338,1,1
t3_design_space/per_seed_metrics__L1all.csv,digits_pca32|3|pre_none_off,worst_acc,0.6888888888888889,0.6888888888888889,1,1
t3_design_space/per_seed_metrics__L1all.csv,digits_pca32|3|pre_footprint_off,min_dist,2.7344063391985043,2.7344063391985043,1,1
t3_design_space/per_seed_metrics__L1all.csv,digits_pca32|3|pre_footprint_off,mean_acc,0.7330222904240444,0.7330222904240444,1,1
t3_design_space/per_seed_metrics__L1all.csv,digits_pca32|3|pre_footprint_off,worst_acc,0.5056818181818182,0.5056818181818182,1,1
t3_design_space/per_seed_metrics__L1all.csv,digits_pca32|3|pre_mass_off,min_dist,2.7073079751131988,2.7073079751131988,1,1
t3_design_space/per_seed_metrics__L1all.csv,digits_pca32|3|pre_mass_off,mean_acc,0.735768950232412,0.735768950232412,1,1
t3_design_space/per_seed_metrics__L1all.csv,digits_pca32|3|pre_mass_off,worst_acc,0.5,0.5,1,1
t3_design_space/per_seed_metrics__L1all.csv,digits_pca32|4|post_none_off,min_dist,2.0945432180226664,2.0945432180226664,1,1
t3_design_space/per_seed_metrics__L1all.csv,digits_pca32|4|post_none_off,mean_acc,0.4893151186340294,0.4893151186340294,1,1
t3_design_space/per_seed_metrics__L1all.csv,digits_pca32|4|post_none_off,worst_acc,0.3111111111111111,0.3111111111111111,1,1
t3_design_space/per_seed_metrics__L1all.csv,digits_pca32|4|pre_none_off,min_dist,2.487559419148408,2.487559419148408,1,1
t3_design_space/per_seed_metrics__L1all.csv,digits_pca32|4|pre_none_off,mean_acc,0.6684768602786375,0.6684768602786375,1,1
t3_design_space/per_seed_metrics__L1all.csv,digits_pca32|4|pre_none_off,worst_acc,0.46408839779005523,0.46408839779005523,1,1
t3_design_space/per_seed_metrics__L1all.csv,digits_pca32|4|pre_footprint_off,min_dist,2.8015065639170182,2.8015065639170182,1,1
t3_design_space/per_seed_metrics__L1all.csv,digits_pca32|4|pre_footprint_off,mean_acc,0.7115288269965976,0.7115288269965976,1,1
t3_design_space/per_seed_metrics__L1all.csv,digits_pca32|4|pre_footprint_off,worst_acc,0.4689265536723164,0.4689265536723164,1,1
t3_design_space/per_seed_metrics__L1all.csv,digits_pca32|4|pre_mass_off,min_dist,2.7419301556321076,2.7419301556321076,1,1
t3_design_space/per_seed_metrics__L1all.csv,digits_pca32|4|pre_mass_off,mean_acc,0.724818442836211,0.724818442836211,1,1
t3_design_space/per_seed_metrics__L1all.csv,digits_pca32|4|pre_mass_off,worst_acc,0.5536723163841808,0.5536723163841808,1,1
t3_design_space/per_seed_metrics__L1all.csv,digits_pca32|5|post_none_off,min_dist,2.2847102133485677,2.2847102133485677,1,1
t3_design_space/per_seed_metrics__L1all.csv,digits_pca32|5|post_none_off,mean_acc,0.5615233034915741,0.5615233034915741,1,1
t3_design_space/per_seed_metrics__L1all.csv,digits_pca32|5|post_none_off,worst_acc,0.3333333333333333,0.3333333333333333,1,1
t3_design_space/per_seed_metrics__L1all.csv,digits_pca32|5|pre_none_off,min_dist,2.4491556621705217,2.4491556621705217,1,1
t3_design_space/per_seed_metrics__L1all.csv,digits_pca32|5|pre_none_off,mean_acc,0.7488522964063216,0.7488522964063216,1,1
t3_design_space/per_seed_metrics__L1all.csv,digits_pca32|5|pre_none_off,worst_acc,0.4166666666666667,0.4166666666666667,1,1
t3_design_space/per_seed_metrics__L1all.csv,digits_pca32|5|pre_footprint_off,min_dist,3.033206274403005,3.033206274403005,1,1
t3_design_space/per_seed_metrics__L1all.csv,digits_pca32|5|pre_footprint_off,mean_acc,0.8317442534973573,0.8317442534973573,1,1
t3_design_space/per_seed_metrics__L1all.csv,digits_pca32|5|pre_footprint_off,worst_acc,0.4576271186440678,0.4576271186440678,1,1
t3_design_space/per_seed_metrics__L1all.csv,digits_pca32|5|pre_mass_off,min_dist,2.981843901945985,2.981843901945985,1,1
t3_design_space/per_seed_metrics__L1all.csv,digits_pca32|5|pre_mass_off,mean_acc,0.8479339001561831,0.8479339001561831,1,1
t3_design_space/per_seed_metrics__L1all.csv,digits_pca32|5|pre_mass_off,worst_acc,0.5028248587570622,0.5028248587570622,1,1
t3_design_space/per_seed_metrics__L1all.csv,digits_pca32|6|post_none_off,min_dist,2.1610229637809817,2.1610229637809817,1,1
t3_design_space/per_seed_metrics__L1all.csv,digits_pca32|6|post_none_off,mean_acc,0.4950045513979788,0.4950045513979788,1,1
t3_design_space/per_seed_metrics__L1all.csv,digits_pca32|6|post_none_off,worst_acc,0.37777777777777777,0.37777777777777777,1,1
t3_design_space/per_seed_metrics__L1all.csv,digits_pca32|6|pre_none_off,min_dist,2.3721770687469466,2.3721770687469466,1,1
t3_design_space/per_seed_metrics__L1all.csv,digits_pca32|6|pre_none_off,mean_acc,0.7635945397579689,0.7635945397579689,1,1
t3_design_space/per_seed_metrics__L1all.csv,digits_pca32|6|pre_none_off,worst_acc,0.42777777777777776,0.42777777777777776,1,1
t3_design_space/per_seed_metrics__L1all.csv,digits_pca32|6|pre_footprint_off,min_dist,2.7824764886995377,2.7824764886995377,1,1
t3_design_space/per_seed_metrics__L1all.csv,digits_pca32|6|pre_footprint_off,mean_acc,0.7683612169634592,0.7683612169634592,1,1
t3_design_space/per_seed_metrics__L1all.csv,digits_pca32|6|pre_footprint_off,worst_acc,0.4689265536723164,0.4689265536723164,1,1
t3_design_space/per_seed_metrics__L1all.csv,digits_pca32|6|pre_mass_off,min_dist,2.8373042302112297,2.8373042302112297,1,1
t3_design_space/per_seed_metrics__L1all.csv,digits_pca32|6|pre_mass_off,mean_acc,0.8304409755938418,0.8304409755938418,1,1
t3_design_space/per_seed_metrics__L1all.csv,digits_pca32|6|pre_mass_off,worst_acc,0.5254237288135594,0.5254237288135594,1,1
t3_design_space/per_seed_metrics__L1all.csv,digits_pca32|7|post_none_off,min_dist,2.343719824750201,2.343719824750201,1,1
t3_design_space/per_seed_metrics__L1all.csv,digits_pca32|7|post_none_off,mean_acc,0.5804968805661146,0.5804968805661146,1,1
t3_design_space/per_seed_metrics__L1all.csv,digits_pca32|7|post_none_off,worst_acc,0.423728813559322,0.423728813559322,1,1
t3_design_space/per_seed_metrics__L1all.csv,digits_pca32|7|pre_none_off,min_dist,2.4071571292865386,2.4071571292865386,1,1
t3_design_space/per_seed_metrics__L1all.csv,digits_pca32|7|pre_none_off,mean_acc,0.7440387327987097,0.7440387327987097,1,1
t3_design_space/per_seed_metrics__L1all.csv,digits_pca32|7|pre_none_off,worst_acc,0.43333333333333335,0.43333333333333335,1,1
t3_design_space/per_seed_metrics__L1all.csv,digits_pca32|7|pre_footprint_off,min_dist,3.0325224694270756,3.0325224694270756,1,1
t3_design_space/per_seed_metrics__L1all.csv,digits_pca32|7|pre_footprint_off,mean_acc,0.8056424590229024,0.8056424590229024,1,1
t3_design_space/per_seed_metrics__L1all.csv,digits_pca32|7|pre_footprint_off,worst_acc,0.5084745762711864,0.5084745762711864,1,1
t3_design_space/per_seed_metrics__L1all.csv,digits_pca32|7|pre_mass_off,min_dist,2.9771838431518125,2.9771838431518125,1,1
t3_design_space/per_seed_metrics__L1all.csv,digits_pca32|7|pre_mass_off,mean_acc,0.8046159234630551,0.8046159234630551,1,1
t3_design_space/per_seed_metrics__L1all.csv,digits_pca32|7|pre_mass_off,worst_acc,0.519774011299435,0.519774011299435,1,1
t3_design_space/per_seed_metrics__L1all.csv,digits_pca32|8|post_none_off,min_dist,2.0313706191689866,2.0313706191689866,1,1
t3_design_space/per_seed_metrics__L1all.csv,digits_pca32|8|post_none_off,mean_acc,0.5317435868052276,0.5317435868052276,1,1
t3_design_space/per_seed_metrics__L1all.csv,digits_pca32|8|post_none_off,worst_acc,0.35,0.35,1,1
t3_design_space/per_seed_metrics__L1all.csv,digits_pca32|8|pre_none_off,min_dist,2.253367655516564,2.253367655516564,1,1
t3_design_space/per_seed_metrics__L1all.csv,digits_pca32|8|pre_none_off,mean_acc,0.7297116945093074,0.7297116945093074,1,1
t3_design_space/per_seed_metrics__L1all.csv,digits_pca32|8|pre_none_off,worst_acc,0.4166666666666667,0.4166666666666667,1,1
t3_design_space/per_seed_metrics__L1all.csv,digits_pca32|8|pre_footprint_off,min_dist,2.8245047856235286,2.8245047856235286,1,1
t3_design_space/per_seed_metrics__L1all.csv,digits_pca32|8|pre_footprint_off,mean_acc,0.7986071358828097,0.7986071358828097,1,1
t3_design_space/per_seed_metrics__L1all.csv,digits_pca32|8|pre_footprint_off,worst_acc,0.4632768361581921,0.4632768361581921,1,1
t3_design_space/per_seed_metrics__L1all.csv,digits_pca32|8|pre_mass_off,min_dist,2.9911833864015818,2.9911833864015818,1,1
t3_design_space/per_seed_metrics__L1all.csv,digits_pca32|8|pre_mass_off,mean_acc,0.7899894192568526,0.7899894192568526,1,1
t3_design_space/per_seed_metrics__L1all.csv,digits_pca32|8|pre_mass_off,worst_acc,0.4519774011299435,0.4519774011299435,1,1
t3_design_space/per_seed_metrics__L1all.csv,digits_pca32|9|post_none_off,min_dist,2.2809195693435815,2.2809195693435815,1,1
t3_design_space/per_seed_metrics__L1all.csv,digits_pca32|9|post_none_off,mean_acc,0.5345653590198365,0.5345653590198365,1,1
t3_design_space/per_seed_metrics__L1all.csv,digits_pca32|9|post_none_off,worst_acc,0.4222222222222222,0.4222222222222222,1,1
t3_design_space/per_seed_metrics__L1all.csv,digits_pca32|9|pre_none_off,min_dist,2.2854886248861725,2.2854886248861725,1,1
t3_design_space/per_seed_metrics__L1all.csv,digits_pca32|9|pre_none_off,mean_acc,0.7286812998297058,0.7286812998297058,1,1
t3_design_space/per_seed_metrics__L1all.csv,digits_pca32|9|pre_none_off,worst_acc,0.5310734463276836,0.5310734463276836,1,1
t3_design_space/per_seed_metrics__L1all.csv,digits_pca32|9|pre_footprint_off,min_dist,2.7010834257294993,2.7010834257294993,1,1
t3_design_space/per_seed_metrics__L1all.csv,digits_pca32|9|pre_footprint_off,mean_acc,0.7327238061352548,0.7327238061352548,1,1
t3_design_space/per_seed_metrics__L1all.csv,digits_pca32|9|pre_footprint_off,worst_acc,0.4858757062146893,0.4858757062146893,1,1
t3_design_space/per_seed_metrics__L1all.csv,digits_pca32|9|pre_mass_off,min_dist,2.8177358203035987,2.8177358203035987,1,1
t3_design_space/per_seed_metrics__L1all.csv,digits_pca32|9|pre_mass_off,mean_acc,0.7226923192032776,0.7226923192032776,1,1
t3_design_space/per_seed_metrics__L1all.csv,digits_pca32|9|pre_mass_off,worst_acc,0.5111111111111111,0.5111111111111111,1,1
t3_design_space/per_seed_metrics__L1all.csv,letter|0|post_none_off,min_dist,0.5191003062004534,0.5191003062004534,1,1
t3_design_space/per_seed_metrics__L1all.csv,letter|0|post_none_off,mean_acc,0.27987095561986414,0.27987095561986414,1,1
t3_design_space/per_seed_metrics__L1all.csv,letter|0|post_none_off,worst_acc,0.17779126213592233,0.17779126213592233,1,1
t3_design_space/per_seed_metrics__L1all.csv,letter|0|pre_none_off,min_dist,0.6438551673984384,0.6438551673984384,1,1
t3_design_space/per_seed_metrics__L1all.csv,letter|0|pre_none_off,mean_acc,0.3080769184159512,0.3080769184159512,1,1
t3_design_space/per_seed_metrics__L1all.csv,letter|0|pre_none_off,worst_acc,0.1783980582524272,0.1783980582524272,1,1
t3_design_space/per_seed_metrics__L1all.csv,letter|0|pre_footprint_off,min_dist,1.8507030265185318,1.8507030265185318,1,1
t3_design_space/per_seed_metrics__L1all.csv,letter|0|pre_footprint_off,mean_acc,0.2985176237338421,0.2985176237338421,1,1
t3_design_space/per_seed_metrics__L1all.csv,letter|0|pre_footprint_off,worst_acc,0.2154126213592233,0.2154126213592233,1,1
t3_design_space/per_seed_metrics__L1all.csv,letter|0|pre_mass_off,min_dist,1.5863374181687622,1.5863374181687622,1,1
t3_design_space/per_seed_metrics__L1all.csv,letter|0|pre_mass_off,mean_acc,0.3073714823469106,0.3073714823469106,1,1
t3_design_space/per_seed_metrics__L1all.csv,letter|0|pre_mass_off,worst_acc,0.2178398058252427,0.2178398058252427,1,1
t3_design_space/per_seed_metrics__L1all.csv,letter|1|post_none_off,min_dist,1.0170505820365783,1.0170505820365783,1,1
t3_design_space/per_seed_metrics__L1all.csv,letter|1|post_none_off,mean_acc,0.2744776928818029,0.2744776928818029,1,1
t3_design_space/per_seed_metrics__L1all.csv,letter|1|post_none_off,worst_acc,0.1875,0.1875,1,1
t3_design_space/per_seed_metrics__L1all.csv,letter|1|pre_none_off,min_dist,0.6447494377138824,0.6447494377138824,1,1
t3_design_space/per_seed_metrics__L1all.csv,letter|1|pre_none_off,mean_acc,0.3129481689973944,0.3129481689973944,1,1
t3_design_space/per_seed_metrics__L1all.csv,letter|1|pre_none_off,worst_acc,0.2341343191620456,0.2341343191620456,1,1
t3_design_space/per_seed_metrics__L1all.csv,letter|1|pre_footprint_off,min_dist,1.8350443506963228,1.8350443506963228,1,1
t3_design_space/per_seed_metrics__L1all.csv,letter|1|pre_footprint_off,mean_acc,0.3468552562750397,0.3468552562750397,1,1
t3_design_space/per_seed_metrics__L1all.csv,letter|1|pre_footprint_off,worst_acc,0.22572815533980584,0.22572815533980584,1,1
t3_design_space/per_seed_metrics__L1all.csv,letter|1|pre_mass_off,min_dist,1.643593581885354,1.643593581885354,1,1
t3_design_space/per_seed_metrics__L1all.csv,letter|1|pre_mass_off,mean_acc,0.3446929868656775,0.3446929868656775,1,1
t3_design_space/per_seed_metrics__L1all.csv,letter|1|pre_mass_off,worst_acc,0.23118932038834952,0.23118932038834952,1,1
t3_design_space/per_seed_metrics__L1all.csv,letter|2|post_none_off,min_dist,0.8325835396006652,0.8325835396006652,1,1
t3_design_space/per_seed_metrics__L1all.csv,letter|2|post_none_off,mean_acc,0.29113963969248885,0.29113963969248885,1,1
t3_design_space/per_seed_metrics__L1all.csv,letter|2|post_none_off,worst_acc,0.19356796116504854,0.19356796116504854,1,1
t3_design_space/per_seed_metrics__L1all.csv,letter|2|pre_none_off,min_dist,1.0533077116373222,1.0533077116373222,1,1
t3_design_space/per_seed_metrics__L1all.csv,letter|2|pre_none_off,mean_acc,0.2961552373032817,0.2961552373032817,1,1
t3_design_space/per_seed_metrics__L1all.csv,letter|2|pre_none_off,worst_acc,0.20449029126213591,0.20449029126213591,1,1
t3_design_space/per_seed_metrics__L1all.csv,letter|2|pre_footprint_off,min_dist,1.799172263359296,1.799172263359296,1,1
t3_design_space/per_seed_metrics__L1all.csv,letter|2|pre_footprint_off,mean_acc,0.31027199270009426,0.31027199270009426,1,1
t3_design_space/per_seed_metrics__L1all.csv,letter|2|pre_footprint_off,worst_acc,0.22572815533980584,0.22572815533980584,1,1
t3_design_space/per_seed_metrics__L1all.csv,letter|2|pre_mass_off,min_dist,1.813957825227762,1.813957825227762,1,1
t3_design_space/per_seed_metrics__L1all.csv,letter|2|pre_mass_off,mean_acc,0.3066293003778263,0.3066293003778263,1,1
t3_design_space/per_seed_metrics__L1all.csv,letter|2|pre_mass_off,worst_acc,0.2275485436893204,0.2275485436893204,1,1
t3_design_space/per_seed_metrics__L1all.csv,letter|3|post_none_off,min_dist,0.5500902690802264,0.5500902690802264,1,1
t3_design_space/per_seed_metrics__L1all.csv,letter|3|post_none_off,mean_acc,0.2865360594723473,0.2865360594723473,1,1
t3_design_space/per_seed_metrics__L1all.csv,letter|3|post_none_off,worst_acc,0.17597087378640777,0.17597087378640777,1,1
t3_design_space/per_seed_metrics__L1all.csv,letter|3|pre_none_off,min_dist,0.7760414703772254,0.7760414703772254,1,1
t3_design_space/per_seed_metrics__L1all.csv,letter|3|pre_none_off,mean_acc,0.27538165729423864,0.27538165729423864,1,1
t3_design_space/per_seed_metrics__L1all.csv,letter|3|pre_none_off,worst_acc,0.17779126213592233,0.17779126213592233,1,1
t3_design_space/per_seed_metrics__L1all.csv,letter|3|pre_footprint_off,min_dist,1.7868313348205378,1.7868313348205378,1,1
t3_design_space/per_seed_metrics__L1all.csv,letter|3|pre_footprint_off,mean_acc,0.3337428246675599,0.3337428246675599,1,1
t3_design_space/per_seed_metrics__L1all.csv,letter|3|pre_footprint_off,worst_acc,0.1929611650485437,0.1929611650485437,1,1
t3_design_space/per_seed_metrics__L1all.csv,letter|3|pre_mass_off,min_dist,1.8665268710499139,1.8665268710499139,1,1
t3_design_space/per_seed_metrics__L1all.csv,letter|3|pre_mass_off,mean_acc,0.3375793804624768,0.3375793804624768,1,1
t3_design_space/per_seed_metrics__L1all.csv,letter|3|pre_mass_off,worst_acc,0.19599514563106796,0.19599514563106796,1,1
t3_design_space/per_seed_metrics__L1all.csv,letter|4|post_none_off,min_dist,0.6976094745503362,0.6976094745503362,1,1
t3_design_space/per_seed_metrics__L1all.csv,letter|4|post_none_off,mean_acc,0.2643125257478583,0.2643125257478583,1,1
t3_design_space/per_seed_metrics__L1all.csv,letter|4|post_none_off,worst_acc,0.17233009708737865,0.17233009708737865,1,1
t3_design_space/per_seed_metrics__L1all.csv,letter|4|pre_none_off,min_dist,1.1213524259186118,1.1213524259186118,1,1
t3_design_space/per_seed_metrics__L1all.csv,letter|4|pre_none_off,mean_acc,0.302119182998298,0.302119182998298,1,1
t3_design_space/per_seed_metrics__L1all.csv,letter|4|pre_none_off,worst_acc,0.18446601941747573,0.18446601941747573,1,1
t3_design_space/per_seed_metrics__L1all.csv,letter|4|pre_footprint_off,min_dist,1.8256119303047655,1.8256119303047655,1,1
t3_design_space/per_seed_metrics__L1all.csv,letter|4|pre_footprint_off,mean_acc,0.3373171327178685,0.3373171327178685,1,1
t3_design_space/per_seed_metrics__L1all.csv,letter|4|pre_footprint_off,worst_acc,0.19963592233009708,0.19963592233009708,1,1
t3_design_space/per_seed_metrics__L1all.csv,letter|4|pre_mass_off,min_dist,1.76802555921198,1.76802555921198,1,1
t3_design_space/per_seed_metrics__L1all.csv,letter|4|pre_mass_off,mean_acc,0.34411606632805164,0.34411606632805164,1,1
t3_design_space/per_seed_metrics__L1all.csv,letter|4|pre_mass_off,worst_acc,0.21844660194174756,0.21844660194174756,1,1
t3_design_space/per_seed_metrics__L1all.csv,letter|5|post_none_off,min_dist,0.37807546352066923,0.37807546352066923,1,1
t3_design_space/per_seed_metrics__L1all.csv,letter|5|post_none_off,mean_acc,0.27339575268189065,0.27339575268189065,1,1
t3_design_space/per_seed_metrics__L1all.csv,letter|5|post_none_off,worst_acc,0.17354368932038836,0.17354368932038836,1,1
t3_design_space/per_seed_metrics__L1all.csv,letter|5|pre_none_off,min_dist,1.2719012239404928,1.2719012239404928,1,1
t3_design_space/per_seed_metrics__L1all.csv,letter|5|pre_none_off,mean_acc,0.29117434654819735,0.29117434654819735,1,1
t3_design_space/per_seed_metrics__L1all.csv,letter|5|pre_none_off,worst_acc,0.18143203883495146,0.18143203883495146,1,1
t3_design_space/per_seed_metrics__L1all.csv,letter|5|pre_footprint_off,min_dist,2.012234517553984,2.012234517553984,1,1
t3_design_space/per_seed_metrics__L1all.csv,letter|5|pre_footprint_off,mean_acc,0.33250099040697456,0.33250099040697456,1,1
t3_design_space/per_seed_metrics__L1all.csv,letter|5|pre_footprint_off,worst_acc,0.21601941747572814,0.21601941747572814,1,1
t3_design_space/per_seed_metrics__L1all.csv,letter|5|pre_mass_off,min_dist,1.9167522360454579,1.9167522360454579,1,1
t3_design_space/per_seed_metrics__L1all.csv,letter|5|pre_mass_off,mean_acc,0.32193597660920753,0.32193597660920753,1,1
t3_design_space/per_seed_metrics__L1all.csv,letter|5|pre_mass_off,worst_acc,0.20145631067961164,0.20145631067961164,1,1
t3_design_space/per_seed_metrics__L1all.csv,letter|6|post_none_off,min_dist,1.0722860673034496,1.0722860673034496,1,1
t3_design_space/per_seed_metrics__L1all.csv,letter|6|post_none_off,mean_acc,0.28350306334768355,0.28350306334768355,1,1
t3_design_space/per_seed_metrics__L1all.csv,letter|6|post_none_off,worst_acc,0.1966019417475728,0.1966019417475728,1,1
t3_design_space/per_seed_metrics__L1all.csv,letter|6|pre_none_off,min_dist,0.05507978244204664,0.05507978244204664,1,1
t3_design_space/per_seed_metrics__L1all.csv,letter|6|pre_none_off,mean_acc,0.3066527528306346,0.3066527528306346,1,1
t3_design_space/per_seed_metrics__L1all.csv,letter|6|pre_none_off,worst_acc,0.2020631067961165,0.2020631067961165,1,1
t3_design_space/per_seed_metrics__L1all.csv,letter|6|pre_footprint_off,min_dist,1.7689732314980993,1.7689732314980993,1,1
t3_design_space/per_seed_metrics__L1all.csv,letter|6|pre_footprint_off,mean_acc,0.32834061150940497,0.32834061150940497,1,1
t3_design_space/per_seed_metrics__L1all.csv,letter|6|pre_footprint_off,worst_acc,0.22997572815533981,0.22997572815533981,1,1
t3_design_space/per_seed_metrics__L1all.csv,letter|6|pre_mass_off,min_dist,1.5569412982118795,1.5569412982118795,1,1
t3_design_space/per_seed_metrics__L1all.csv,letter|6|pre_mass_off,mean_acc,0.3158526146277781,0.3158526146277781,1,1
t3_design_space/per_seed_metrics__L1all.csv,letter|6|pre_mass_off,worst_acc,0.20266990291262135,0.20266990291262135,1,1
t3_design_space/per_seed_metrics__L1all.csv,letter|7|post_none_off,min_dist,0.42175670592737696,0.42175670592737696,1,1
t3_design_space/per_seed_metrics__L1all.csv,letter|7|post_none_off,mean_acc,0.27815982894085156,0.27815982894085156,1,1
t3_design_space/per_seed_metrics__L1all.csv,letter|7|post_none_off,worst_acc,0.18325242718446602,0.18325242718446602,1,1
t3_design_space/per_seed_metrics__L1all.csv,letter|7|pre_none_off,min_dist,0.9150294309540352,0.9150294309540352,1,1
t3_design_space/per_seed_metrics__L1all.csv,letter|7|pre_none_off,mean_acc,0.30967443766820046,0.30967443766820046,1,1
t3_design_space/per_seed_metrics__L1all.csv,letter|7|pre_none_off,worst_acc,0.19235436893203883,0.19235436893203883,1,1
t3_design_space/per_seed_metrics__L1all.csv,letter|7|pre_footprint_off,min_dist,1.7648191991044442,1.7648191991044442,1,1
t3_design_space/per_seed_metrics__L1all.csv,letter|7|pre_footprint_off,mean_acc,0.3045697546332269,0.3045697546332269,1,1
t3_design_space/per_seed_metrics__L1all.csv,letter|7|pre_footprint_off,worst_acc,0.23240291262135923,0.23240291262135923,1,1
t3_design_space/per_seed_metrics__L1all.csv,letter|7|pre_mass_off,min_dist,1.5828666697201899,1.5828666697201899,1,1
t3_design_space/per_seed_metrics__L1all.csv,letter|7|pre_mass_off,mean_acc,0.29644148641439094,0.29644148641439094,1,1
t3_design_space/per_seed_metrics__L1all.csv,letter|7|pre_mass_off,worst_acc,0.1966019417475728,0.1966019417475728,1,1
t3_design_space/per_seed_metrics__L1all.csv,letter|8|post_none_off,min_dist,0.9079148322729713,0.9079148322729713,1,1
t3_design_space/per_seed_metrics__L1all.csv,letter|8|post_none_off,mean_acc,0.2705116372985356,0.2705116372985356,1,1
t3_design_space/per_seed_metrics__L1all.csv,letter|8|post_none_off,worst_acc,0.20813106796116504,0.20813106796116504,1,1
t3_design_space/per_seed_metrics__L1all.csv,letter|8|pre_none_off,min_dist,1.0690260134717515,1.0690260134717515,1,1
t3_design_space/per_seed_metrics__L1all.csv,letter|8|pre_none_off,mean_acc,0.31157246042917186,0.31157246042917186,1,1
t3_design_space/per_seed_metrics__L1all.csv,letter|8|pre_none_off,worst_acc,0.2032766990291262,0.2032766990291262,1,1
t3_design_space/per_seed_metrics__L1all.csv,letter|8|pre_footprint_off,min_dist,1.8304505490966314,1.8304505490966314,1,1
t3_design_space/per_seed_metrics__L1all.csv,letter|8|pre_footprint_off,mean_acc,0.32545126559325954,0.32545126559325954,1,1
t3_design_space/per_seed_metrics__L1all.csv,letter|8|pre_footprint_off,worst_acc,0.23847087378640777,0.23847087378640777,1,1
t3_design_space/per_seed_metrics__L1all.csv,letter|8|pre_mass_off,min_dist,1.5491519546965737,1.5491519546965737,1,1
t3_design_space/per_seed_metrics__L1all.csv,letter|8|pre_mass_off,mean_acc,0.3254473262613947,0.3254473262613947,1,1
t3_design_space/per_seed_metrics__L1all.csv,letter|8|pre_mass_off,worst_acc,0.24696601941747573,0.24696601941747573,1,1
t3_design_space/per_seed_metrics__L1all.csv,letter|9|post_none_off,min_dist,0.5009452335920326,0.5009452335920326,1,1
t3_design_space/per_seed_metrics__L1all.csv,letter|9|post_none_off,mean_acc,0.2557288635450353,0.2557288635450353,1,1
t3_design_space/per_seed_metrics__L1all.csv,letter|9|post_none_off,worst_acc,0.17498459642637093,0.17498459642637093,1,1
t3_design_space/per_seed_metrics__L1all.csv,letter|9|pre_none_off,min_dist,1.1692913279553172,1.1692913279553172,1,1
t3_design_space/per_seed_metrics__L1all.csv,letter|9|pre_none_off,mean_acc,0.3064475552553126,0.3064475552553126,1,1
t3_design_space/per_seed_metrics__L1all.csv,letter|9|pre_none_off,worst_acc,0.1953883495145631,0.1953883495145631,1,1
t3_design_space/per_seed_metrics__L1all.csv,letter|9|pre_footprint_off,min_dist,1.387748107041699,1.387748107041699,1,1
t3_design_space/per_seed_metrics__L1all.csv,letter|9|pre_footprint_off,mean_acc,0.3427926873723882,0.3427926873723882,1,1
t3_design_space/per_seed_metrics__L1all.csv,letter|9|pre_footprint_off,worst_acc,0.22572815533980584,0.22572815533980584,1,1
t3_design_space/per_seed_metrics__L1all.csv,letter|9|pre_mass_off,min_dist,1.4320087642971375,1.4320087642971375,1,1
t3_design_space/per_seed_metrics__L1all.csv,letter|9|pre_mass_off,mean_acc,0.34139175881808026,0.34139175881808026,1,1
t3_design_space/per_seed_metrics__L1all.csv,letter|9|pre_mass_off,worst_acc,0.2275485436893204,0.2275485436893204,1,1
t3_design_space/per_seed_metrics__L1all.csv,mnist784_pca32 (20c)|0|post_none_off,min_dist,2.2994295218327094,2.2994295218327094,1,1
t3_design_space/per_seed_metrics__L1all.csv,mnist784_pca32 (20c)|0|post_none_off,mean_acc,0.41058691377438994,0.41058691377438994,1,1
t3_design_space/per_seed_metrics__L1all.csv,mnist784_pca32 (20c)|0|post_none_off,worst_acc,0.35671342685370744,0.35671342685370744,1,1
t3_design_space/per_seed_metrics__L1all.csv,mnist784_pca32 (20c)|0|pre_none_off,min_dist,2.2381155941894537,2.2381155941894537,1,1
t3_design_space/per_seed_metrics__L1all.csv,mnist784_pca32 (20c)|0|pre_none_off,mean_acc,0.4844782277618907,0.4844782277618907,1,1
t3_design_space/per_seed_metrics__L1all.csv,mnist784_pca32 (20c)|0|pre_none_off,worst_acc,0.3452619524763813,0.3452619524763813,1,1
t3_design_space/per_seed_metrics__L1all.csv,mnist784_pca32 (20c)|0|pre_footprint_off,min_dist,2.5406663541471515,2.5406663541471515,1,1
t3_design_space/per_seed_metrics__L1all.csv,mnist784_pca32 (20c)|0|pre_footprint_off,mean_acc,0.6558793661580603,0.6558793661580603,1,1
t3_design_space/per_seed_metrics__L1all.csv,mnist784_pca32 (20c)|0|pre_footprint_off,worst_acc,0.5842367418693232,0.5842367418693232,1,1
t3_design_space/per_seed_metrics__L1all.csv,mnist784_pca32 (20c)|0|pre_mass_off,min_dist,2.3276160556486536,2.3276160556486536,1,1
t3_design_space/per_seed_metrics__L1all.csv,mnist784_pca32 (20c)|0|pre_mass_off,mean_acc,0.6383334131883044,0.6383334131883044,1,1
t3_design_space/per_seed_metrics__L1all.csv,mnist784_pca32 (20c)|0|pre_mass_off,worst_acc,0.5519426839349683,0.5519426839349683,1,1
t3_design_space/per_seed_metrics__L1all.csv,mnist784_pca32 (20c)|1|post_none_off,min_dist,2.2270939081978964,2.2270939081978964,1,1
t3_design_space/per_seed_metrics__L1all.csv,mnist784_pca32 (20c)|1|post_none_off,mean_acc,0.4712024541374465,0.4712024541374465,1,1
t3_design_space/per_seed_metrics__L1all.csv,mnist784_pca32 (20c)|1|post_none_off,worst_acc,0.38745704467353953,0.38745704467353953,1,1
t3_design_space/per_seed_metrics__L1all.csv,mnist784_pca32 (20c)|1|pre_none_off,min_dist,2.1979473219310526,2.1979473219310526,1,1
t3_design_space/per_seed_metrics__L1all.csv,mnist784_pca32 (20c)|1|pre_none_off,mean_acc,0.558715198287777,0.558715198287777,1,1
t3_design_space/per_seed_metrics__L1all.csv,mnist784_pca32 (20c)|1|pre_none_off,worst_acc,0.4892502756339581,0.4892502756339581,1,1
t3_design_space/per_seed_metrics__L1all.csv,mnist784_pca32 (20c)|1|pre_footprint_off,min_dist,2.277562124130331,2.277562124130331,1,1
t3_design_space/per_seed_metrics__L1all.csv,mnist784_pca32 (20c)|1|pre_footprint_off,mean_acc,0.6152238288975612,0.6152238288975612,1,1
t3_design_space/per_seed_metrics__L1all.csv,mnist784_pca32 (20c)|1|pre_footprint_off,worst_acc,0.4316628701594533,0.4316628701594533,1,1
t3_design_space/per_seed_metrics__L1all.csv,mnist784_pca32 (20c)|1|pre_mass_off,min_dist,2.1845838830111606,2.1845838830111606,1,1
t3_design_space/per_seed_metrics__L1all.csv,mnist784_pca32 (20c)|1|pre_mass_off,mean_acc,0.5986358235251437,0.5986358235251437,1,1
t3_design_space/per_seed_metrics__L1all.csv,mnist784_pca32 (20c)|1|pre_mass_off,worst_acc,0.42686397268070575,0.42686397268070575,1,1
t3_design_space/per_seed_metrics__L1all.csv,mnist784_pca32 (20c)|2|post_none_off,min_dist,2.130781165221003,2.130781165221003,1,1
t3_design_space/per_seed_metrics__L1all.csv,mnist784_pca32 (20c)|2|post_none_off,mean_acc,0.5028176567593989,0.5028176567593989,1,1
t3_design_space/per_seed_metrics__L1all.csv,mnist784_pca32 (20c)|2|post_none_off,worst_acc,0.43887775551102204,0.43887775551102204,1,1
t3_design_space/per_seed_metrics__L1all.csv,mnist784_pca32 (20c)|2|pre_none_off,min_dist,2.1756686525713693,2.1756686525713693,1,1
t3_design_space/per_seed_metrics__L1all.csv,mnist784_pca32 (20c)|2|pre_none_off,mean_acc,0.5717013068589039,0.5717013068589039,1,1
t3_design_space/per_seed_metrics__L1all.csv,mnist784_pca32 (20c)|2|pre_none_off,worst_acc,0.5152411956200059,0.5152411956200059,1,1
t3_design_space/per_seed_metrics__L1all.csv,mnist784_pca32 (20c)|2|pre_footprint_off,min_dist,2.4111265203677767,2.4111265203677767,1,1
t3_design_space/per_seed_metrics__L1all.csv,mnist784_pca32 (20c)|2|pre_footprint_off,mean_acc,0.5696509936069158,0.5696509936069158,1,1
t3_design_space/per_seed_metrics__L1all.csv,mnist784_pca32 (20c)|2|pre_footprint_off,worst_acc,0.43538164783686967,0.43538164783686967,1,1
t3_design_space/per_seed_metrics__L1all.csv,mnist784_pca32 (20c)|2|pre_mass_off,min_dist,2.5094333975740075,2.5094333975740075,1,1
t3_design_space/per_seed_metrics__L1all.csv,mnist784_pca32 (20c)|2|pre_mass_off,mean_acc,0.6260957226473515,0.6260957226473515,1,1
t3_design_space/per_seed_metrics__L1all.csv,mnist784_pca32 (20c)|2|pre_mass_off,worst_acc,0.5234460196292258,0.5234460196292258,1,1
t3_design_space/per_seed_metrics__L1all.csv,mnist784_pca32 (20c)|3|post_none_off,min_dist,2.3499154916494076,2.3499154916494076,1,1
t3_design_space/per_seed_metrics__L1all.csv,mnist784_pca32 (20c)|3|post_none_off,mean_acc,0.4625802118188885,0.4625802118188885,1,1
t3_design_space/per_seed_metrics__L1all.csv,mnist784_pca32 (20c)|3|post_none_off,worst_acc,0.36168384879725085,0.36168384879725085,1,1
t3_design_space/per_seed_metrics__L1all.csv,mnist784_pca32 (20c)|3|pre_none_off,min_dist,2.218701440605113,2.218701440605113,1,1
t3_design_space/per_seed_metrics__L1all.csv,mnist784_pca32 (20c)|3|pre_none_off,mean_acc,0.4856280853432001,0.4856280853432001,1,1
t3_design_space/per_seed_metrics__L1all.csv,mnist784_pca32 (20c)|3|pre_none_off,worst_acc,0.41690381331815596,0.41690381331815596,1,1
t3_design_space/per_seed_metrics__L1all.csv,mnist784_pca32 (20c)|3|pre_footprint_off,min_dist,2.2830719233239085,2.2830719233239085,1,1
t3_design_space/per_seed_metrics__L1all.csv,mnist784_pca32 (20c)|3|pre_footprint_off,mean_acc,0.5913445612307153,0.5913445612307153,1,1
t3_design_space/per_seed_metrics__L1all.csv,mnist784_pca32 (20c)|3|pre_footprint_off,worst_acc,0.4622751015670342,0.4622751015670342,1,1
t3_design_space/per_seed_metrics__L1all.csv,mnist784_pca32 (20c)|3|pre_mass_off,min_dist,2.2425586855392687,2.2425586855392687,1,1
t3_design_space/per_seed_metrics__L1all.csv,mnist784_pca32 (20c)|3|pre_mass_off,mean_acc,0.5876035923402039,0.5876035923402039,1,1
t3_design_space/per_seed_metrics__L1all.csv,mnist784_pca32 (20c)|3|pre_mass_off,worst_acc,0.4564712710388857,0.4564712710388857,1,1
t3_design_space/per_seed_metrics__L1all.csv,mnist784_pca32 (20c)|4|post_none_off,min_dist,2.2455955294150773,2.2455955294150773,1,1
t3_design_space/per_seed_metrics__L1all.csv,mnist784_pca32 (20c)|4|post_none_off,mean_acc,0.47456931384801004,0.47456931384801004,1,1
t3_design_space/per_seed_metrics__L1all.csv,mnist784_pca32 (20c)|4|post_none_off,worst_acc,0.3796981355430601,0.3796981355430601,1,1
t3_design_space/per_seed_metrics__L1all.csv,mnist784_pca32 (20c)|4|pre_none_off,min_dist,2.345826155464782,2.345826155464782,1,1
t3_design_space/per_seed_metrics__L1all.csv,mnist784_pca32 (20c)|4|pre_none_off,mean_acc,0.5399607053621726,0.5399607053621726,1,1
t3_design_space/per_seed_metrics__L1all.csv,mnist784_pca32 (20c)|4|pre_none_off,worst_acc,0.4265375854214123,0.4265375854214123,1,1
t3_design_space/per_seed_metrics__L1all.csv,mnist784_pca32 (20c)|4|pre_footprint_off,min_dist,2.532556458348543,2.532556458348543,1,1
t3_design_space/per_seed_metrics__L1all.csv,mnist784_pca32 (20c)|4|pre_footprint_off,mean_acc,0.6896203202864473,0.6896203202864473,1,1
t3_design_space/per_seed_metrics__L1all.csv,mnist784_pca32 (20c)|4|pre_footprint_off,worst_acc,0.5383714118336262,0.5383714118336262,1,1
t3_design_space/per_seed_metrics__L1all.csv,mnist784_pca32 (20c)|4|pre_mass_off,min_dist,2.0682945539587494,2.0682945539587494,1,1
t3_design_space/per_seed_metrics__L1all.csv,mnist784_pca32 (20c)|4|pre_mass_off,mean_acc,0.6355781109237272,0.6355781109237272,1,1
t3_design_space/per_seed_metrics__L1all.csv,mnist784_pca32 (20c)|4|pre_mass_off,worst_acc,0.5509666080843585,0.5509666080843585,1,1
t3_design_space/per_seed_metrics__L1all.csv,mnist784_pca32 (20c)|5|post_none_off,min_dist,2.300321703341318,2.300321703341318,1,1
t3_design_space/per_seed_metrics__L1all.csv,mnist784_pca32 (20c)|5|post_none_off,mean_acc,0.4331711619534742,0.4331711619534742,1,1
t3_design_space/per_seed_metrics__L1all.csv,mnist784_pca32 (20c)|5|post_none_off,worst_acc,0.3422064477965099,0.3422064477965099,1,1
t3_design_space/per_seed_metrics__L1all.csv,mnist784_pca32 (20c)|5|pre_none_off,min_dist,2.1656696858758933,2.1656696858758933,1,1
t3_design_space/per_seed_metrics__L1all.csv,mnist784_pca32 (20c)|5|pre_none_off,mean_acc,0.43350620194365225,0.43350620194365225,1,1
t3_design_space/per_seed_metrics__L1all.csv,mnist784_pca32 (20c)|5|pre_none_off,worst_acc,0.3867735470941884,0.3867735470941884,1,1
t3_design_space/per_seed_metrics__L1all.csv,mnist784_pca32 (20c)|5|pre_footprint_off,min_dist,2.454862074325879,2.454862074325879,1,1
t3_design_space/per_seed_metrics__L1all.csv,mnist784_pca32 (20c)|5|pre_footprint_off,mean_acc,0.631702689777119,0.631702689777119,1,1
t3_design_space/per_seed_metrics__L1all.csv,mnist784_pca32 (20c)|5|pre_footprint_off,worst_acc,0.5140597539543058,0.5140597539543058,1,1
t3_design_space/per_seed_metrics__L1all.csv,mnist784_pca32 (20c)|5|pre_mass_off,min_dist,2.4667267389302254,2.4667267389302254,1,1
t3_design_space/per_seed_metrics__L1all.csv,mnist784_pca32 (20c)|5|pre_mass_off,mean_acc,0.6302292811870556,0.6302292811870556,1,1
t3_design_space/per_seed_metrics__L1all.csv,mnist784_pca32 (20c)|5|pre_mass_off,worst_acc,0.4707088459285296,0.4707088459285296,1,1
t3_design_space/per_seed_metrics__L1all.csv,mnist784_pca32 (20c)|6|post_none_off,min_dist,2.366107274988731,2.366107274988731,1,1
t3_design_space/per_seed_metrics__L1all.csv,mnist784_pca32 (20c)|6|post_none_off,mean_acc,0.4467071821167197,0.4467071821167197,1,1
t3_design_space/per_seed_metrics__L1all.csv,mnist784_pca32 (20c)|6|post_none_off,worst_acc,0.4087651598676957,0.4087651598676957,1,1
t3_design_space/per_seed_metrics__L1all.csv,mnist784_pca32 (20c)|6|pre_none_off,min_dist,2.350371067834539,2.350371067834539,1,1
t3_design_space/per_seed_metrics__L1all.csv,mnist784_pca32 (20c)|6|pre_none_off,mean_acc,0.5438422614662393,0.5438422614662393,1,1
t3_design_space/per_seed_metrics__L1all.csv,mnist784_pca32 (20c)|6|pre_none_off,worst_acc,0.47976011994003,0.47976011994003,1,1
t3_design_space/per_seed_metrics__L1all.csv,mnist784_pca32 (20c)|6|pre_footprint_off,min_dist,2.5834693373019877,2.5834693373019877,1,1
t3_design_space/per_seed_metrics__L1all.csv,mnist784_pca32 (20c)|6|pre_footprint_off,mean_acc,0.654409789216537,0.654409789216537,1,1
t3_design_space/per_seed_metrics__L1all.csv,mnist784_pca32 (20c)|6|pre_footprint_off,worst_acc,0.5045414591268679,0.5045414591268679,1,1
t3_design_space/per_seed_metrics__L1all.csv,mnist784_pca32 (20c)|6|pre_mass_off,min_dist,2.4914326107846856,2.4914326107846856,1,1
t3_design_space/per_seed_metrics__L1all.csv,mnist784_pca32 (20c)|6|pre_mass_off,mean_acc,0.6725938649385225,0.6725938649385225,1,1
t3_design_space/per_seed_metrics__L1all.csv,mnist784_pca32 (20c)|6|pre_mass_off,worst_acc,0.5385291532376209,0.5385291532376209,1,1
t3_design_space/per_seed_metrics__L1all.csv,mnist784_pca32 (20c)|7|post_none_off,min_dist,2.3122731746251937,2.3122731746251937,1,1
t3_design_space/per_seed_metrics__L1all.csv,mnist784_pca32 (20c)|7|post_none_off,mean_acc,0.4549238329222488,0.4549238329222488,1,1
t3_design_space/per_seed_metrics__L1all.csv,mnist784_pca32 (20c)|7|post_none_off,worst_acc,0.3782184078129624,0.3782184078129624,1,1
t3_design_space/per_seed_metrics__L1all.csv,mnist784_pca32 (20c)|7|pre_none_off,min_dist,2.162114282358333,2.162114282358333,1,1
t3_design_space/per_seed_metrics__L1all.csv,mnist784_pca32 (20c)|7|pre_none_off,mean_acc,0.5040816624399741,0.5040816624399741,1,1
t3_design_space/per_seed_metrics__L1all.csv,mnist784_pca32 (20c)|7|pre_none_off,worst_acc,0.44708611191649755,0.44708611191649755,1,1
t3_design_space/per_seed_metrics__L1all.csv,mnist784_pca32 (20c)|7|pre_footprint_off,min_dist,2.3110303168791737,2.3110303168791737,1,1
t3_design_space/per_seed_metrics__L1all.csv,mnist784_pca32 (20c)|7|pre_footprint_off,mean_acc,0.6126441625098844,0.6126441625098844,1,1
t3_design_space/per_seed_metrics__L1all.csv,mnist784_pca32 (20c)|7|pre_footprint_off,worst_acc,0.45549434618730067,0.45549434618730067,1,1
t3_design_space/per_seed_metrics__L1all.csv,mnist784_pca32 (20c)|7|pre_mass_off,min_dist,2.276910466493634,2.276910466493634,1,1
t3_design_space/per_seed_metrics__L1all.csv,mnist784_pca32 (20c)|7|pre_mass_off,mean_acc,0.6306758449036852,0.6306758449036852,1,1
t3_design_space/per_seed_metrics__L1all.csv,mnist784_pca32 (20c)|7|pre_mass_off,worst_acc,0.48519362186788156,0.48519362186788156,1,1
t3_design_space/per_seed_metrics__L1all.csv,mnist784_pca32 (20c)|8|post_none_off,min_dist,2.1888055570048923,2.1888055570048923,1,1
t3_design_space/per_seed_metrics__L1all.csv,mnist784_pca32 (20c)|8|post_none_off,mean_acc,0.42760675709251494,0.42760675709251494,1,1
t3_design_space/per_seed_metrics__L1all.csv,mnist784_pca32 (20c)|8|post_none_off,worst_acc,0.3258877434135166,0.3258877434135166,1,1
t3_design_space/per_seed_metrics__L1all.csv,mnist784_pca32 (20c)|8|pre_none_off,min_dist,2.261012704324947,2.261012704324947,1,1
t3_design_space/per_seed_metrics__L1all.csv,mnist784_pca32 (20c)|8|pre_none_off,mean_acc,0.4551731652659404,0.4551731652659404,1,1
t3_design_space/per_seed_metrics__L1all.csv,mnist784_pca32 (20c)|8|pre_none_off,worst_acc,0.3413516609392898,0.3413516609392898,1,1
t3_design_space/per_seed_metrics__L1all.csv,mnist784_pca32 (20c)|8|pre_footprint_off,min_dist,2.6453875118370833,2.6453875118370833,1,1
t3_design_space/per_seed_metrics__L1all.csv,mnist784_pca32 (20c)|8|pre_footprint_off,mean_acc,0.6654544212034396,0.6654544212034396,1,1
t3_design_space/per_seed_metrics__L1all.csv,mnist784_pca32 (20c)|8|pre_footprint_off,worst_acc,0.5834797891036907,0.5834797891036907,1,1
t3_design_space/per_seed_metrics__L1all.csv,mnist784_pca32 (20c)|8|pre_mass_off,min_dist,2.318313103275076,2.318313103275076,1,1
t3_design_space/per_seed_metrics__L1all.csv,mnist784_pca32 (20c)|8|pre_mass_off,mean_acc,0.6391077957686399,0.6391077957686399,1,1
t3_design_space/per_seed_metrics__L1all.csv,mnist784_pca32 (20c)|8|pre_mass_off,worst_acc,0.5561613958560524,0.5561613958560524,1,1
t3_design_space/per_seed_metrics__L1all.csv,mnist784_pca32 (20c)|9|post_none_off,min_dist,2.2545386598156263,2.2545386598156263,1,1
t3_design_space/per_seed_metrics__L1all.csv,mnist784_pca32 (20c)|9|post_none_off,mean_acc,0.45155888525267074,0.45155888525267074,1,1
t3_design_space/per_seed_metrics__L1all.csv,mnist784_pca32 (20c)|9|post_none_off,worst_acc,0.4025902452466244,0.4025902452466244,1,1
t3_design_space/per_seed_metrics__L1all.csv,mnist784_pca32 (20c)|9|pre_none_off,min_dist,2.215642484039903,2.215642484039903,1,1
t3_design_space/per_seed_metrics__L1all.csv,mnist784_pca32 (20c)|9|pre_none_off,mean_acc,0.51872927736321,0.51872927736321,1,1
t3_design_space/per_seed_metrics__L1all.csv,mnist784_pca32 (20c)|9|pre_none_off,worst_acc,0.4072164948453608,0.4072164948453608,1,1
t3_design_space/per_seed_metrics__L1all.csv,mnist784_pca32 (20c)|9|pre_footprint_off,min_dist,2.4302037256538536,2.4302037256538536,1,1
t3_design_space/per_seed_metrics__L1all.csv,mnist784_pca32 (20c)|9|pre_footprint_off,mean_acc,0.5932514672110476,0.5932514672110476,1,1
t3_design_space/per_seed_metrics__L1all.csv,mnist784_pca32 (20c)|9|pre_footprint_off,worst_acc,0.5020441537203598,0.5020441537203598,1,1
t3_design_space/per_seed_metrics__L1all.csv,mnist784_pca32 (20c)|9|pre_mass_off,min_dist,2.126594717985753,2.126594717985753,1,1
t3_design_space/per_seed_metrics__L1all.csv,mnist784_pca32 (20c)|9|pre_mass_off,mean_acc,0.5853642086229482,0.5853642086229482,1,1
t3_design_space/per_seed_metrics__L1all.csv,mnist784_pca32 (20c)|9|pre_mass_off,worst_acc,0.4850615114235501,0.4850615114235501,1,1
t3_design_space/per_seed_metrics__L1all.csv,mnist784_pca32 (50c)|0|post_none_off,min_dist,2.123199635361995,2.123199635361995,1,1
t3_design_space/per_seed_metrics__L1all.csv,mnist784_pca32 (50c)|0|post_none_off,mean_acc,0.4408333617247024,0.4408333617247024,1,1
t3_design_space/per_seed_metrics__L1all.csv,mnist784_pca32 (50c)|0|post_none_off,worst_acc,0.35354927636113026,0.35354927636113026,1,1
t3_design_space/per_seed_metrics__L1all.csv,mnist784_pca32 (50c)|0|pre_none_off,min_dist,2.1284440180220203,2.1284440180220203,1,1
t3_design_space/per_seed_metrics__L1all.csv,mnist784_pca32 (50c)|0|pre_none_off,mean_acc,0.5379616325883313,0.5379616325883313,1,1
t3_design_space/per_seed_metrics__L1all.csv,mnist784_pca32 (50c)|0|pre_none_off,worst_acc,0.3742603550295858,0.3742603550295858,1,1
t3_design_space/per_seed_metrics__L1all.csv,mnist784_pca32 (50c)|0|pre_footprint_off,min_dist,2.432450340549051,2.432450340549051,1,1
t3_design_space/per_seed_metrics__L1all.csv,mnist784_pca32 (50c)|0|pre_footprint_off,mean_acc,0.67012283441263,0.67012283441263,1,1
t3_design_space/per_seed_metrics__L1all.csv,mnist784_pca32 (50c)|0|pre_footprint_off,worst_acc,0.5174377224199288,0.5174377224199288,1,1
t3_design_space/per_seed_metrics__L1all.csv,mnist784_pca32 (50c)|0|pre_mass_off,min_dist,2.3477460909095957,2.3477460909095957,1,1
t3_design_space/per_seed_metrics__L1all.csv,mnist784_pca32 (50c)|0|pre_mass_off,mean_acc,0.6622177340635551,0.6622177340635551,1,1
t3_design_space/per_seed_metrics__L1all.csv,mnist784_pca32 (50c)|0|pre_mass_off,worst_acc,0.5167259786476869,0.5167259786476869,1,1
t3_design_space/per_seed_metrics__L1all.csv,mnist784_pca32 (50c)|1|post_none_off,min_dist,2.099411911126808,2.099411911126808,1,1
t3_design_space/per_seed_metrics__L1all.csv,mnist784_pca32 (50c)|1|post_none_off,mean_acc,0.44008986952396306,0.44008986952396306,1,1
t3_design_space/per_seed_metrics__L1all.csv,mnist784_pca32 (50c)|1|post_none_off,worst_acc,0.35630599586492073,0.35630599586492073,1,1
t3_design_space/per_seed_metrics__L1all.csv,mnist784_pca32 (50c)|1|pre_none_off,min_dist,2.179572318933348,2.179572318933348,1,1
t3_design_space/per_seed_metrics__L1all.csv,mnist784_pca32 (50c)|1|pre_none_off,mean_acc,0.5257229925057406,0.5257229925057406,1,1
t3_design_space/per_seed_metrics__L1all.csv,mnist784_pca32 (50c)|1|pre_none_off,worst_acc,0.40711743772241993,0.40711743772241993,1,1
t3_design_space/per_seed_metrics__L1all.csv,mnist784_pca32 (50c)|1|pre_footprint_off,min_dist,2.551808400880138,2.551808400880138,1,1
t3_design_space/per_seed_metrics__L1all.csv,mnist784_pca32 (50c)|1|pre_footprint_off,mean_acc,0.6272868525238026,0.6272868525238026,1,1
t3_design_space/per_seed_metrics__L1all.csv,mnist784_pca32 (50c)|1|pre_footprint_off,worst_acc,0.5224199288256228,0.5224199288256228,1,1
t3_design_space/per_seed_metrics__L1all.csv,mnist784_pca32 (50c)|1|pre_mass_off,min_dist,2.5614423663821833,2.5614423663821833,1,1
t3_design_space/per_seed_metrics__L1all.csv,mnist784_pca32 (50c)|1|pre_mass_off,mean_acc,0.628531261836324,0.628531261836324,1,1
t3_design_space/per_seed_metrics__L1all.csv,mnist784_pca32 (50c)|1|pre_mass_off,worst_acc,0.5231316725978647,0.5231316725978647,1,1
t3_design_space/per_seed_metrics__L1all.csv,mnist784_pca32 (50c)|2|post_none_off,min_dist,2.3025945195849675,2.3025945195849675,1,1
t3_design_space/per_seed_metrics__L1all.csv,mnist784_pca32 (50c)|2|post_none_off,mean_acc,0.4227852533084374,0.4227852533084374,1,1
t3_design_space/per_seed_metrics__L1all.csv,mnist784_pca32 (50c)|2|post_none_off,worst_acc,0.32597864768683277,0.32597864768683277,1,1
t3_design_space/per_seed_metrics__L1all.csv,mnist784_pca32 (50c)|2|pre_none_off,min_dist,2.2567016099642925,2.2567016099642925,1,1
t3_design_space/per_seed_metrics__L1all.csv,mnist784_pca32 (50c)|2|pre_none_off,mean_acc,0.5089333263619547,0.5089333263619547,1,1
t3_design_space/per_seed_metrics__L1all.csv,mnist784_pca32 (50c)|2|pre_none_off,worst_acc,0.4094488188976378,0.4094488188976378,1,1
t3_design_space/per_seed_metrics__L1all.csv,mnist784_pca32 (50c)|2|pre_footprint_off,min_dist,2.3930911780967126,2.3930911780967126,1,1
t3_design_space/per_seed_metrics__L1all.csv,mnist784_pca32 (50c)|2|pre_footprint_off,mean_acc,0.6552383323171733,0.6552383323171733,1,1
t3_design_space/per_seed_metrics__L1all.csv,mnist784_pca32 (50c)|2|pre_footprint_off,worst_acc,0.5480572597137015,0.5480572597137015,1,1
t3_design_space/per_seed_metrics__L1all.csv,mnist784_pca32 (50c)|2|pre_mass_off,min_dist,2.540299385989324,2.540299385989324,1,1
t3_design_space/per_seed_metrics__L1all.csv,mnist784_pca32 (50c)|2|pre_mass_off,mean_acc,0.6616959419334936,0.6616959419334936,1,1
t3_design_space/per_seed_metrics__L1all.csv,mnist784_pca32 (50c)|2|pre_mass_off,worst_acc,0.5866114561766735,0.5866114561766735,1,1
t3_design_space/per_seed_metrics__L1all.csv,mnist784_pca32 (50c)|3|post_none_off,min_dist,2.1949625022670696,2.1949625022670696,1,1
t3_design_space/per_seed_metrics__L1all.csv,mnist784_pca32 (50c)|3|post_none_off,mean_acc,0.44051756591089325,0.44051756591089325,1,1
t3_design_space/per_seed_metrics__L1all.csv,mnist784_pca32 (50c)|3|post_none_off,worst_acc,0.34492753623188405,0.34492753623188405,1,1
t3_design_space/per_seed_metrics__L1all.csv,mnist784_pca32 (50c)|3|pre_none_off,min_dist,2.203125745879219,2.203125745879219,1,1
t3_design_space/per_seed_metrics__L1all.csv,mnist784_pca32 (50c)|3|pre_none_off,mean_acc,0.48402157862311523,0.48402157862311523,1,1
t3_design_space/per_seed_metrics__L1all.csv,mnist784_pca32 (50c)|3|pre_none_off,worst_acc,0.3822476735862563,0.3822476735862563,1,1
t3_design_space/per_seed_metrics__L1all.csv,mnist784_pca32 (50c)|3|pre_footprint_off,min_dist,2.6322259961251357,2.6322259961251357,1,1
t3_design_space/per_seed_metrics__L1all.csv,mnist784_pca32 (50c)|3|pre_footprint_off,mean_acc,0.6494905068565864,0.6494905068565864,1,1
t3_design_space/per_seed_metrics__L1all.csv,mnist784_pca32 (50c)|3|pre_footprint_off,worst_acc,0.5501097293343087,0.5501097293343087,1,1
t3_design_space/per_seed_metrics__L1all.csv,mnist784_pca32 (50c)|3|pre_mass_off,min_dist,2.202515366754841,2.202515366754841,1,1
t3_design_space/per_seed_metrics__L1all.csv,mnist784_pca32 (50c)|3|pre_mass_off,mean_acc,0.6075560705715697,0.6075560705715697,1,1
t3_design_space/per_seed_metrics__L1all.csv,mnist784_pca32 (50c)|3|pre_mass_off,worst_acc,0.46337926033357507,0.46337926033357507,1,1
t3_design_space/per_seed_metrics__L1all.csv,mnist784_pca32 (50c)|4|post_none_off,min_dist,2.3225067436419597,2.3225067436419597,1,1
t3_design_space/per_seed_metrics__L1all.csv,mnist784_pca32 (50c)|4|post_none_off,mean_acc,0.4214289064926785,0.4214289064926785,1,1
t3_design_space/per_seed_metrics__L1all.csv,mnist784_pca32 (50c)|4|post_none_off,worst_acc,0.3531544597534445,0.3531544597534445,1,1
t3_design_space/per_seed_metrics__L1all.csv,mnist784_pca32 (50c)|4|pre_none_off,min_dist,2.3357980431720686,2.3357980431720686,1,1
t3_design_space/per_seed_metrics__L1all.csv,mnist784_pca32 (50c)|4|pre_none_off,mean_acc,0.5559310521142277,0.5559310521142277,1,1
t3_design_space/per_seed_metrics__L1all.csv,mnist784_pca32 (50c)|4|pre_none_off,worst_acc,0.508339376359681,0.508339376359681,1,1
t3_design_space/per_seed_metrics__L1all.csv,mnist784_pca32 (50c)|4|pre_footprint_off,min_dist,2.248024220030285,2.248024220030285,1,1
t3_design_space/per_seed_metrics__L1all.csv,mnist784_pca32 (50c)|4|pre_footprint_off,mean_acc,0.5970257802376331,0.5970257802376331,1,1
t3_design_space/per_seed_metrics__L1all.csv,mnist784_pca32 (50c)|4|pre_footprint_off,worst_acc,0.4699057287889775,0.4699057287889775,1,1
t3_design_space/per_seed_metrics__L1all.csv,mnist784_pca32 (50c)|4|pre_mass_off,min_dist,2.2293953412536194,2.2293953412536194,1,1
t3_design_space/per_seed_metrics__L1all.csv,mnist784_pca32 (50c)|4|pre_mass_off,mean_acc,0.591868858588471,0.591868858588471,1,1
t3_design_space/per_seed_metrics__L1all.csv,mnist784_pca32 (50c)|4|pre_mass_off,worst_acc,0.45830311820159536,0.45830311820159536,1,1
t3_design_space/per_seed_metrics__L1all.csv,mnist784_pca32 (50c)|5|post_none_off,min_dist,2.0999186641254575,2.0999186641254575,1,1
t3_design_space/per_seed_metrics__L1all.csv,mnist784_pca32 (50c)|5|post_none_off,mean_acc,0.441427721127876,0.441427721127876,1,1
t3_design_space/per_seed_metrics__L1all.csv,mnist784_pca32 (50c)|5|post_none_off,worst_acc,0.33786685755189694,0.33786685755189694,1,1
t3_design_space/per_seed_metrics__L1all.csv,mnist784_pca32 (50c)|5|pre_none_off,min_dist,2.197422000768657,2.197422000768657,1,1
t3_design_space/per_seed_metrics__L1all.csv,mnist784_pca32 (50c)|5|pre_none_off,mean_acc,0.548079777066813,0.548079777066813,1,1
t3_design_space/per_seed_metrics__L1all.csv,mnist784_pca32 (50c)|5|pre_none_off,worst_acc,0.4415680473372781,0.4415680473372781,1,1
t3_design_space/per_seed_metrics__L1all.csv,mnist784_pca32 (50c)|5|pre_footprint_off,min_dist,2.3984301444609697,2.3984301444609697,1,1
t3_design_space/per_seed_metrics__L1all.csv,mnist784_pca32 (50c)|5|pre_footprint_off,mean_acc,0.5658819520152392,0.5658819520152392,1,1
t3_design_space/per_seed_metrics__L1all.csv,mnist784_pca32 (50c)|5|pre_footprint_off,worst_acc,0.4183321847002068,0.4183321847002068,1,1
t3_design_space/per_seed_metrics__L1all.csv,mnist784_pca32 (50c)|5|pre_mass_off,min_dist,2.421163153327204,2.421163153327204,1,1
t3_design_space/per_seed_metrics__L1all.csv,mnist784_pca32 (50c)|5|pre_mass_off,mean_acc,0.6065227792734714,0.6065227792734714,1,1
t3_design_space/per_seed_metrics__L1all.csv,mnist784_pca32 (50c)|5|pre_mass_off,worst_acc,0.48602590320381733,0.48602590320381733,1,1
t3_design_space/per_seed_metrics__L1all.csv,mnist784_pca32 (50c)|6|post_none_off,min_dist,2.2107980686864708,2.2107980686864708,1,1
t3_design_space/per_seed_metrics__L1all.csv,mnist784_pca32 (50c)|6|post_none_off,mean_acc,0.44502213549953695,0.44502213549953695,1,1
t3_design_space/per_seed_metrics__L1all.csv,mnist784_pca32 (50c)|6|post_none_off,worst_acc,0.33715103793843954,0.33715103793843954,1,1
t3_design_space/per_seed_metrics__L1all.csv,mnist784_pca32 (50c)|6|pre_none_off,min_dist,2.0766783194828062,2.0766783194828062,1,1
t3_design_space/per_seed_metrics__L1all.csv,mnist784_pca32 (50c)|6|pre_none_off,mean_acc,0.4781715837624108,0.4781715837624108,1,1
t3_design_space/per_seed_metrics__L1all.csv,mnist784_pca32 (50c)|6|pre_none_off,worst_acc,0.39644970414201186,0.39644970414201186,1,1
t3_design_space/per_seed_metrics__L1all.csv,mnist784_pca32 (50c)|6|pre_footprint_off,min_dist,2.36898165434438,2.36898165434438,1,1
t3_design_space/per_seed_metrics__L1all.csv,mnist784_pca32 (50c)|6|pre_footprint_off,mean_acc,0.6042674961144653,0.6042674961144653,1,1
t3_design_space/per_seed_metrics__L1all.csv,mnist784_pca32 (50c)|6|pre_footprint_off,worst_acc,0.4867573371510379,0.4867573371510379,1,1
t3_design_space/per_seed_metrics__L1all.csv,mnist784_pca32 (50c)|6|pre_mass_off,min_dist,2.4685430076432953,2.4685430076432953,1,1
t3_design_space/per_seed_metrics__L1all.csv,mnist784_pca32 (50c)|6|pre_mass_off,mean_acc,0.5973544484160966,0.5973544484160966,1,1
t3_design_space/per_seed_metrics__L1all.csv,mnist784_pca32 (50c)|6|pre_mass_off,worst_acc,0.47959914101646384,0.47959914101646384,1,1
t3_design_space/per_seed_metrics__L1all.csv,mnist784_pca32 (50c)|7|post_none_off,min_dist,2.197804383456159,2.197804383456159,1,1
t3_design_space/per_seed_metrics__L1all.csv,mnist784_pca32 (50c)|7|post_none_off,mean_acc,0.4466399860688558,0.4466399860688558,1,1
t3_design_space/per_seed_metrics__L1all.csv,mnist784_pca32 (50c)|7|post_none_off,worst_acc,0.3269230769230769,0.3269230769230769,1,1
t3_design_space/per_seed_metrics__L1all.csv,mnist784_pca32 (50c)|7|pre_none_off,min_dist,2.127237197372737,2.127237197372737,1,1
t3_design_space/per_seed_metrics__L1all.csv,mnist784_pca32 (50c)|7|pre_none_off,mean_acc,0.5558246611830315,0.5558246611830315,1,1
t3_design_space/per_seed_metrics__L1all.csv,mnist784_pca32 (50c)|7|pre_none_off,worst_acc,0.4659985683607731,0.4659985683607731,1,1
t3_design_space/per_seed_metrics__L1all.csv,mnist784_pca32 (50c)|7|pre_footprint_off,min_dist,2.5228511332299823,2.5228511332299823,1,1
t3_design_space/per_seed_metrics__L1all.csv,mnist784_pca32 (50c)|7|pre_footprint_off,mean_acc,0.6748911363990391,0.6748911363990391,1,1
t3_design_space/per_seed_metrics__L1all.csv,mnist784_pca32 (50c)|7|pre_footprint_off,worst_acc,0.5843108504398827,0.5843108504398827,1,1
t3_design_space/per_seed_metrics__L1all.csv,mnist784_pca32 (50c)|7|pre_mass_off,min_dist,2.5558269398191826,2.5558269398191826,1,1
t3_design_space/per_seed_metrics__L1all.csv,mnist784_pca32 (50c)|7|pre_mass_off,mean_acc,0.6840283156040199,0.6840283156040199,1,1
t3_design_space/per_seed_metrics__L1all.csv,mnist784_pca32 (50c)|7|pre_mass_off,worst_acc,0.5790629575402635,0.5790629575402635,1,1
t3_design_space/per_seed_metrics__L1all.csv,mnist784_pca32 (50c)|8|post_none_off,min_dist,2.405239941088523,2.405239941088523,1,1
t3_design_space/per_seed_metrics__L1all.csv,mnist784_pca32 (50c)|8|post_none_off,mean_acc,0.4443802634977515,0.4443802634977515,1,1
t3_design_space/per_seed_metrics__L1all.csv,mnist784_pca32 (50c)|8|post_none_off,worst_acc,0.3695652173913043,0.3695652173913043,1,1
t3_design_space/per_seed_metrics__L1all.csv,mnist784_pca32 (50c)|8|pre_none_off,min_dist,2.1348994896050444,2.1348994896050444,1,1
t3_design_space/per_seed_metrics__L1all.csv,mnist784_pca32 (50c)|8|pre_none_off,mean_acc,0.510034141348642,0.510034141348642,1,1
t3_design_space/per_seed_metrics__L1all.csv,mnist784_pca32 (50c)|8|pre_none_off,worst_acc,0.444525018129079,0.444525018129079,1,1
t3_design_space/per_seed_metrics__L1all.csv,mnist784_pca32 (50c)|8|pre_footprint_off,min_dist,2.4884699938602752,2.4884699938602752,1,1
t3_design_space/per_seed_metrics__L1all.csv,mnist784_pca32 (50c)|8|pre_footprint_off,mean_acc,0.5930874501947337,0.5930874501947337,1,1
t3_design_space/per_seed_metrics__L1all.csv,mnist784_pca32 (50c)|8|pre_footprint_off,worst_acc,0.5103793843951324,0.5103793843951324,1,1
t3_design_space/per_seed_metrics__L1all.csv,mnist784_pca32 (50c)|8|pre_mass_off,min_dist,2.3401076499736972,2.3401076499736972,1,1
t3_design_space/per_seed_metrics__L1all.csv,mnist784_pca32 (50c)|8|pre_mass_off,mean_acc,0.6048711048824589,0.6048711048824589,1,1
t3_design_space/per_seed_metrics__L1all.csv,mnist784_pca32 (50c)|8|pre_mass_off,worst_acc,0.5230431602048281,0.5230431602048281,1,1
t3_design_space/per_seed_metrics__L1all.csv,mnist784_pca32 (50c)|9|post_none_off,min_dist,2.3925320429726025,2.3925320429726025,1,1
t3_design_space/per_seed_metrics__L1all.csv,mnist784_pca32 (50c)|9|post_none_off,mean_acc,0.4443663101981991,0.4443663101981991,1,1
t3_design_space/per_seed_metrics__L1all.csv,mnist784_pca32 (50c)|9|post_none_off,worst_acc,0.36838288614938364,0.36838288614938364,1,1
t3_design_space/per_seed_metrics__L1all.csv,mnist784_pca32 (50c)|9|pre_none_off,min_dist,2.3797408154562376,2.3797408154562376,1,1
t3_design_space/per_seed_metrics__L1all.csv,mnist784_pca32 (50c)|9|pre_none_off,mean_acc,0.5274675014305573,0.5274675014305573,1,1
t3_design_space/per_seed_metrics__L1all.csv,mnist784_pca32 (50c)|9|pre_none_off,worst_acc,0.4483985765124555,0.4483985765124555,1,1
t3_design_space/per_seed_metrics__L1all.csv,mnist784_pca32 (50c)|9|pre_footprint_off,min_dist,2.704404656810989,2.704404656810989,1,1
t3_design_space/per_seed_metrics__L1all.csv,mnist784_pca32 (50c)|9|pre_footprint_off,mean_acc,0.6026658121164437,0.6026658121164437,1,1
t3_design_space/per_seed_metrics__L1all.csv,mnist784_pca32 (50c)|9|pre_footprint_off,worst_acc,0.5067615658362989,0.5067615658362989,1,1
t3_design_space/per_seed_metrics__L1all.csv,mnist784_pca32 (50c)|9|pre_mass_off,min_dist,2.499127299322495,2.499127299322495,1,1
t3_design_space/per_seed_metrics__L1all.csv,mnist784_pca32 (50c)|9|pre_mass_off,mean_acc,0.6291827525933986,0.6291827525933986,1,1
t3_design_space/per_seed_metrics__L1all.csv,mnist784_pca32 (50c)|9|pre_mass_off,worst_acc,0.5619047619047619,0.5619047619047619,1,1
t3_design_space/per_seed_metrics__T9_L1_gf.csv,cluster_skew_hard|0|post_footprint_off,min_dist,7.235613041471201,7.235613041471201,1,1
t3_design_space/per_seed_metrics__T9_L1_gf.csv,cluster_skew_hard|0|post_footprint_off,mean_acc,1.0,1.0,1,1
t3_design_space/per_seed_metrics__T9_L1_gf.csv,cluster_skew_hard|0|post_footprint_off,worst_acc,1.0,1.0,1,1
t3_design_space/per_seed_metrics__T9_L1_gf.csv,cluster_skew_hard|0|post_footprint_off,fcm_obj,1.0819229903588163,1.0819229903588163,1,1
t3_design_space/per_seed_metrics__T9_L1_gf.csv,cluster_skew_hard|1|post_footprint_off,min_dist,7.265394799156934,7.265394799156934,1,1
t3_design_space/per_seed_metrics__T9_L1_gf.csv,cluster_skew_hard|1|post_footprint_off,mean_acc,1.0,1.0,1,1
t3_design_space/per_seed_metrics__T9_L1_gf.csv,cluster_skew_hard|1|post_footprint_off,worst_acc,1.0,1.0,1,1
t3_design_space/per_seed_metrics__T9_L1_gf.csv,cluster_skew_hard|1|post_footprint_off,fcm_obj,1.1023250486432519,1.1023250486432519,1,1
t3_design_space/per_seed_metrics__T9_L1_gf.csv,cluster_skew_hard|2|post_footprint_off,min_dist,7.0822509652641115,7.0822509652641115,1,1
t3_design_space/per_seed_metrics__T9_L1_gf.csv,cluster_skew_hard|2|post_footprint_off,mean_acc,1.0,1.0,1,1
t3_design_space/per_seed_metrics__T9_L1_gf.csv,cluster_skew_hard|2|post_footprint_off,worst_acc,1.0,1.0,1,1
t3_design_space/per_seed_metrics__T9_L1_gf.csv,cluster_skew_hard|2|post_footprint_off,fcm_obj,1.2233684845251909,1.2233684845251909,1,1
t3_design_space/per_seed_metrics__T9_L1_gf.csv,cluster_skew_hard|3|post_footprint_off,min_dist,6.680448120422028,6.680448120422028,1,1
t3_design_space/per_seed_metrics__T9_L1_gf.csv,cluster_skew_hard|3|post_footprint_off,mean_acc,1.0,1.0,1,1
t3_design_space/per_seed_metrics__T9_L1_gf.csv,cluster_skew_hard|3|post_footprint_off,worst_acc,1.0,1.0,1,1
t3_design_space/per_seed_metrics__T9_L1_gf.csv,cluster_skew_hard|3|post_footprint_off,fcm_obj,1.2161416914409873,1.2161416914409873,1,1
t3_design_space/per_seed_metrics__T9_L1_gf.csv,cluster_skew_hard|4|post_footprint_off,min_dist,7.082727162107963,7.082727162107963,1,1
t3_design_space/per_seed_metrics__T9_L1_gf.csv,cluster_skew_hard|4|post_footprint_off,mean_acc,1.0,1.0,1,1
t3_design_space/per_seed_metrics__T9_L1_gf.csv,cluster_skew_hard|4|post_footprint_off,worst_acc,1.0,1.0,1,1
t3_design_space/per_seed_metrics__T9_L1_gf.csv,cluster_skew_hard|4|post_footprint_off,fcm_obj,1.17831185016839,1.17831185016839,1,1
t3_design_space/per_seed_metrics__T9_L1_gf.csv,cluster_skew_hard|5|post_footprint_off,min_dist,7.326762201485251,7.326762201485251,1,1
t3_design_space/per_seed_metrics__T9_L1_gf.csv,cluster_skew_hard|5|post_footprint_off,mean_acc,1.0,1.0,1,1
t3_design_space/per_seed_metrics__T9_L1_gf.csv,cluster_skew_hard|5|post_footprint_off,worst_acc,1.0,1.0,1,1
t3_design_space/per_seed_metrics__T9_L1_gf.csv,cluster_skew_hard|5|post_footprint_off,fcm_obj,1.0958639422353287,1.0958639422353287,1,1
t3_design_space/per_seed_metrics__T9_L1_gf.csv,cluster_skew_hard|6|post_footprint_off,min_dist,7.32614851874916,7.32614851874916,1,1
t3_design_space/per_seed_metrics__T9_L1_gf.csv,cluster_skew_hard|6|post_footprint_off,mean_acc,1.0,1.0,1,1
t3_design_space/per_seed_metrics__T9_L1_gf.csv,cluster_skew_hard|6|post_footprint_off,worst_acc,1.0,1.0,1,1
t3_design_space/per_seed_metrics__T9_L1_gf.csv,cluster_skew_hard|6|post_footprint_off,fcm_obj,1.162044582379297,1.162044582379297,1,1
t3_design_space/per_seed_metrics__T9_L1_gf.csv,cluster_skew_hard|7|post_footprint_off,min_dist,7.426591519935995,7.426591519935995,1,1
t3_design_space/per_seed_metrics__T9_L1_gf.csv,cluster_skew_hard|7|post_footprint_off,mean_acc,1.0,1.0,1,1
t3_design_space/per_seed_metrics__T9_L1_gf.csv,cluster_skew_hard|7|post_footprint_off,worst_acc,1.0,1.0,1,1
t3_design_space/per_seed_metrics__T9_L1_gf.csv,cluster_skew_hard|7|post_footprint_off,fcm_obj,1.1092689567149518,1.1092689567149518,1,1
t3_design_space/per_seed_metrics__T9_L1_gf.csv,cluster_skew_hard|8|post_footprint_off,min_dist,6.972264809264892,6.972264809264892,1,1
t3_design_space/per_seed_metrics__T9_L1_gf.csv,cluster_skew_hard|8|post_footprint_off,mean_acc,1.0,1.0,1,1
t3_design_space/per_seed_metrics__T9_L1_gf.csv,cluster_skew_hard|8|post_footprint_off,worst_acc,1.0,1.0,1,1
t3_design_space/per_seed_metrics__T9_L1_gf.csv,cluster_skew_hard|8|post_footprint_off,fcm_obj,1.235562975068523,1.235562975068523,1,1
t3_design_space/per_seed_metrics__T9_L1_gf.csv,cluster_skew_hard|9|post_footprint_off,min_dist,7.183555835649794,7.183555835649794,1,1
t3_design_space/per_seed_metrics__T9_L1_gf.csv,cluster_skew_hard|9|post_footprint_off,mean_acc,1.0,1.0,1,1
t3_design_space/per_seed_metrics__T9_L1_gf.csv,cluster_skew_hard|9|post_footprint_off,worst_acc,1.0,1.0,1,1
t3_design_space/per_seed_metrics__T9_L1_gf.csv,cluster_skew_hard|9|post_footprint_off,fcm_obj,1.146267655366131,1.146267655366131,1,1
t3_design_space/per_seed_metrics__T9_L1_gf.csv,cluster_skew_overlap|0|post_footprint_off,min_dist,4.112199295004238,4.112199295004238,1,1
t3_design_space/per_seed_metrics__T9_L1_gf.csv,cluster_skew_overlap|0|post_footprint_off,mean_acc,0.8640151515151516,0.8640151515151516,1,1
t3_design_space/per_seed_metrics__T9_L1_gf.csv,cluster_skew_overlap|0|post_footprint_off,worst_acc,0.8090909090909091,0.8090909090909091,1,1
t3_design_space/per_seed_metrics__T9_L1_gf.csv,cluster_skew_overlap|0|post_footprint_off,fcm_obj,2.1081629182495836,2.1081629182495836,1,1
t3_design_space/per_seed_metrics__T9_L1_gf.csv,cluster_skew_overlap|1|post_footprint_off,min_dist,4.102630522787484,4.102630522787484,1,1
t3_design_space/per_seed_metrics__T9_L1_gf.csv,cluster_skew_overlap|1|post_footprint_off,mean_acc,0.8681818181818183,0.8681818181818183,1,1
t3_design_space/per_seed_metrics__T9_L1_gf.csv,cluster_skew_overlap|1|post_footprint_off,worst_acc,0.8181818181818182,0.8181818181818182,1,1
t3_design_space/per_seed_metrics__T9_L1_gf.csv,cluster_skew_overlap|1|post_footprint_off,fcm_obj,2.069975070537287,2.069975070537287,1,1
t3_design_space/per_seed_metrics__T9_L1_gf.csv,cluster_skew_overlap|2|post_footprint_off,min_dist,4.072845185083784,4.072845185083784,1,1
t3_design_space/per_seed_metrics__T9_L1_gf.csv,cluster_skew_overlap|2|post_footprint_off,mean_acc,0.859469696969697,0.859469696969697,1,1
t3_design_space/per_seed_metrics__T9_L1_gf.csv,cluster_skew_overlap|2|post_footprint_off,worst_acc,0.8272727272727273,0.8272727272727273,1,1
t3_design_space/per_seed_metrics__T9_L1_gf.csv,cluster_skew_overlap|2|post_footprint_off,fcm_obj,2.13704160950991,2.13704160950991,1,1
t3_design_space/per_seed_metrics__T9_L1_gf.csv,cluster_skew_overlap|3|post_footprint_off,min_dist,4.21896989194159,4.21896989194159,1,1
t3_design_space/per_seed_metrics__T9_L1_gf.csv,cluster_skew_overlap|3|post_footprint_off,mean_acc,0.8583333333333333,0.8583333333333333,1,1
t3_design_space/per_seed_metrics__T9_L1_gf.csv,cluster_skew_overlap|3|post_footprint_off,worst_acc,0.8045454545454546,0.8045454545454546,1,1
t3_design_space/per_seed_metrics__T9_L1_gf.csv,cluster_skew_overlap|3|post_footprint_off,fcm_obj,2.1063228609572575,2.1063228609572575,1,1
t3_design_space/per_seed_metrics__T9_L1_gf.csv,cluster_skew_overlap|4|post_footprint_off,min_dist,4.154506302134301,4.154506302134301,1,1
t3_design_space/per_seed_metrics__T9_L1_gf.csv,cluster_skew_overlap|4|post_footprint_off,mean_acc,0.8621212121212122,0.8621212121212122,1,1
t3_design_space/per_seed_metrics__T9_L1_gf.csv,cluster_skew_overlap|4|post_footprint_off,worst_acc,0.8090909090909091,0.8090909090909091,1,1
t3_design_space/per_seed_metrics__T9_L1_gf.csv,cluster_skew_overlap|4|post_footprint_off,fcm_obj,2.179192394080552,2.179192394080552,1,1
t3_design_space/per_seed_metrics__T9_L1_gf.csv,cluster_skew_overlap|5|post_footprint_off,min_dist,4.140628616203733,4.140628616203733,1,1
t3_design_space/per_seed_metrics__T9_L1_gf.csv,cluster_skew_overlap|5|post_footprint_off,mean_acc,0.859090909090909,0.859090909090909,1,1
t3_design_space/per_seed_metrics__T9_L1_gf.csv,cluster_skew_overlap|5|post_footprint_off,worst_acc,0.7636363636363637,0.7636363636363637,1,1
t3_design_space/per_seed_metrics__T9_L1_gf.csv,cluster_skew_overlap|5|post_footprint_off,fcm_obj,2.124085370874373,2.124085370874373,1,1
t3_design_space/per_seed_metrics__T9_L1_gf.csv,cluster_skew_overlap|6|post_footprint_off,min_dist,4.195937481847255,4.195937481847255,1,1
t3_design_space/per_seed_metrics__T9_L1_gf.csv,cluster_skew_overlap|6|post_footprint_off,mean_acc,0.8844696969696969,0.8844696969696969,1,1
t3_design_space/per_seed_metrics__T9_L1_gf.csv,cluster_skew_overlap|6|post_footprint_off,worst_acc,0.8318181818181818,0.8318181818181818,1,1
t3_design_space/per_seed_metrics__T9_L1_gf.csv,cluster_skew_overlap|6|post_footprint_off,fcm_obj,2.0742865544410094,2.0742865544410094,1,1
t3_design_space/per_seed_metrics__T9_L1_gf.csv,cluster_skew_overlap|7|post_footprint_off,min_dist,4.150358106957427,4.150358106957427,1,1
t3_design_space/per_seed_metrics__T9_L1_gf.csv,cluster_skew_overlap|7|post_footprint_off,mean_acc,0.8643939393939394,0.8643939393939394,1,1
t3_design_space/per_seed_metrics__T9_L1_gf.csv,cluster_skew_overlap|7|post_footprint_off,worst_acc,0.8090909090909091,0.8090909090909091,1,1
t3_design_space/per_seed_metrics__T9_L1_gf.csv,cluster_skew_overlap|7|post_footprint_off,fcm_obj,2.083789108318076,2.083789108318076,1,1
t3_design_space/per_seed_metrics__T9_L1_gf.csv,cluster_skew_overlap|8|post_footprint_off,min_dist,4.009978396368076,4.009978396368076,1,1
t3_design_space/per_seed_metrics__T9_L1_gf.csv,cluster_skew_overlap|8|post_footprint_off,mean_acc,0.869318181818182,0.869318181818182,1,1
t3_design_space/per_seed_metrics__T9_L1_gf.csv,cluster_skew_overlap|8|post_footprint_off,worst_acc,0.8227272727272728,0.8227272727272728,1,1
t3_design_space/per_seed_metrics__T9_L1_gf.csv,cluster_skew_overlap|8|post_footprint_off,fcm_obj,2.1176314328647177,2.1176314328647177,1,1
t3_design_space/per_seed_metrics__T9_L1_gf.csv,cluster_skew_overlap|9|post_footprint_off,min_dist,4.184034656816339,4.184034656816339,1,1
t3_design_space/per_seed_metrics__T9_L1_gf.csv,cluster_skew_overlap|9|post_footprint_off,mean_acc,0.8530303030303031,0.8530303030303031,1,1
t3_design_space/per_seed_metrics__T9_L1_gf.csv,cluster_skew_overlap|9|post_footprint_off,worst_acc,0.8,0.8,1,1
t3_design_space/per_seed_metrics__T9_L1_gf.csv,cluster_skew_overlap|9|post_footprint_off,fcm_obj,2.1402962993911103,2.1402962993911103,1,1
t3_design_space/per_seed_metrics__T9_L1_gf.csv,dirichlet_0.03|0|post_footprint_off,min_dist,7.016051245255956,7.016051245255956,1,1
t3_design_space/per_seed_metrics__T9_L1_gf.csv,dirichlet_0.03|0|post_footprint_off,mean_acc,1.0,1.0,1,1
t3_design_space/per_seed_metrics__T9_L1_gf.csv,dirichlet_0.03|0|post_footprint_off,worst_acc,1.0,1.0,1,1
t3_design_space/per_seed_metrics__T9_L1_gf.csv,dirichlet_0.03|0|post_footprint_off,fcm_obj,1.190338655318164,1.190338655318164,1,1
t3_design_space/per_seed_metrics__T9_L1_gf.csv,dirichlet_0.03|1|post_footprint_off,min_dist,7.042804381174616,7.042804381174616,1,1
t3_design_space/per_seed_metrics__T9_L1_gf.csv,dirichlet_0.03|1|post_footprint_off,mean_acc,1.0,1.0,1,1
t3_design_space/per_seed_metrics__T9_L1_gf.csv,dirichlet_0.03|1|post_footprint_off,worst_acc,1.0,1.0,1,1
t3_design_space/per_seed_metrics__T9_L1_gf.csv,dirichlet_0.03|1|post_footprint_off,fcm_obj,1.2937056989521658,1.2937056989521658,1,1
t3_design_space/per_seed_metrics__T9_L1_gf.csv,dirichlet_0.03|2|post_footprint_off,min_dist,7.2218089778038115,7.2218089778038115,1,1
t3_design_space/per_seed_metrics__T9_L1_gf.csv,dirichlet_0.03|2|post_footprint_off,mean_acc,1.0,1.0,1,1
t3_design_space/per_seed_metrics__T9_L1_gf.csv,dirichlet_0.03|2|post_footprint_off,worst_acc,1.0,1.0,1,1
t3_design_space/per_seed_metrics__T9_L1_gf.csv,dirichlet_0.03|2|post_footprint_off,fcm_obj,1.6278433291612977,1.6278433291612977,1,1
t3_design_space/per_seed_metrics__T9_L1_gf.csv,dirichlet_0.03|3|post_footprint_off,min_dist,6.780126010716012,6.780126010716012,1,1
t3_design_space/per_seed_metrics__T9_L1_gf.csv,dirichlet_0.03|3|post_footprint_off,mean_acc,1.0,1.0,1,1
t3_design_space/per_seed_metrics__T9_L1_gf.csv,dirichlet_0.03|3|post_footprint_off,worst_acc,1.0,1.0,1,1
t3_design_space/per_seed_metrics__T9_L1_gf.csv,dirichlet_0.03|3|post_footprint_off,fcm_obj,1.2234641719458563,1.2234641719458563,1,1
t3_design_space/per_seed_metrics__T9_L1_gf.csv,dirichlet_0.03|4|post_footprint_off,min_dist,1.0842518722017997,1.0842518722017997,1,1
t3_design_space/per_seed_metrics__T9_L1_gf.csv,dirichlet_0.03|4|post_footprint_off,mean_acc,0.8242424242424243,0.8242424242424243,1,1
t3_design_space/per_seed_metrics__T9_L1_gf.csv,dirichlet_0.03|4|post_footprint_off,worst_acc,0.5636363636363636,0.5636363636363636,1,1
t3_design_space/per_seed_metrics__T9_L1_gf.csv,dirichlet_0.03|4|post_footprint_off,fcm_obj,5.347451040389261,5.347451040389261,1,1
t3_design_space/per_seed_metrics__T9_L1_gf.csv,dirichlet_0.03|5|post_footprint_off,min_dist,7.033040012942875,7.033040012942875,1,1
t3_design_space/per_seed_metrics__T9_L1_gf.csv,dirichlet_0.03|5|post_footprint_off,mean_acc,1.0,1.0,1,1
t3_design_space/per_seed_metrics__T9_L1_gf.csv,dirichlet_0.03|5|post_footprint_off,worst_acc,1.0,1.0,1,1
t3_design_space/per_seed_metrics__T9_L1_gf.csv,dirichlet_0.03|5|post_footprint_off,fcm_obj,1.2383971954452961,1.2383971954452961,1,1
t3_design_space/per_seed_metrics__T9_L1_gf.csv,dirichlet_0.03|6|post_footprint_off,min_dist,7.050080580345222,7.050080580345222,1,1
t3_design_space/per_seed_metrics__T9_L1_gf.csv,dirichlet_0.03|6|post_footprint_off,mean_acc,1.0,1.0,1,1
t3_design_space/per_seed_metrics__T9_L1_gf.csv,dirichlet_0.03|6|post_footprint_off,worst_acc,1.0,1.0,1,1
t3_design_space/per_seed_metrics__T9_L1_gf.csv,dirichlet_0.03|6|post_footprint_off,fcm_obj,1.1689812431842852,1.1689812431842852,1,1
t3_design_space/per_seed_metrics__T9_L1_gf.csv,dirichlet_0.03|7|post_footprint_off,min_dist,7.335592359664878,7.335592359664878,1,1
t3_design_space/per_seed_metrics__T9_L1_gf.csv,dirichlet_0.03|7|post_footprint_off,mean_acc,1.0,1.0,1,1
t3_design_space/per_seed_metrics__T9_L1_gf.csv,dirichlet_0.03|7|post_footprint_off,worst_acc,1.0,1.0,1,1
t3_design_space/per_seed_metrics__T9_L1_gf.csv,dirichlet_0.03|7|post_footprint_off,fcm_obj,1.0577918525123426,1.0577918525123426,1,1
t3_design_space/per_seed_metrics__T9_L1_gf.csv,dirichlet_0.03|8|post_footprint_off,min_dist,6.963335821192839,6.963335821192839,1,1
t3_design_space/per_seed_metrics__T9_L1_gf.csv,dirichlet_0.03|8|post_footprint_off,mean_acc,1.0,1.0,1,1
t3_design_space/per_seed_metrics__T9_L1_gf.csv,dirichlet_0.03|8|post_footprint_off,worst_acc,1.0,1.0,1,1
t3_design_space/per_seed_metrics__T9_L1_gf.csv,dirichlet_0.03|8|post_footprint_off,fcm_obj,1.2310096719862154,1.2310096719862154,1,1
t3_design_space/per_seed_metrics__T9_L1_gf.csv,dirichlet_0.03|9|post_footprint_off,min_dist,6.813186259124815,6.813186259124815,1,1
t3_design_space/per_seed_metrics__T9_L1_gf.csv,dirichlet_0.03|9|post_footprint_off,mean_acc,1.0,1.0,1,1
t3_design_space/per_seed_metrics__T9_L1_gf.csv,dirichlet_0.03|9|post_footprint_off,worst_acc,1.0,1.0,1,1
t3_design_space/per_seed_metrics__T9_L1_gf.csv,dirichlet_0.03|9|post_footprint_off,fcm_obj,1.2113100057420123,1.2113100057420123,1,1
t3_design_space/per_seed_metrics__T9_L1_gf.csv,dirichlet_0.1|0|post_footprint_off,min_dist,7.2065417853811615,7.2065417853811615,1,1
t3_design_space/per_seed_metrics__T9_L1_gf.csv,dirichlet_0.1|0|post_footprint_off,mean_acc,1.0,1.0,1,1
t3_design_space/per_seed_metrics__T9_L1_gf.csv,dirichlet_0.1|0|post_footprint_off,worst_acc,1.0,1.0,1,1
t3_design_space/per_seed_metrics__T9_L1_gf.csv,dirichlet_0.1|0|post_footprint_off,fcm_obj,1.0588958875322605,1.0588958875322605,1,1
t3_design_space/per_seed_metrics__T9_L1_gf.csv,dirichlet_0.1|1|post_footprint_off,min_dist,7.39937018236403,7.39937018236403,1,1
t3_design_space/per_seed_metrics__T9_L1_gf.csv,dirichlet_0.1|1|post_footprint_off,mean_acc,1.0,1.0,1,1
t3_design_space/per_seed_metrics__T9_L1_gf.csv,dirichlet_0.1|1|post_footprint_off,worst_acc,1.0,1.0,1,1
t3_design_space/per_seed_metrics__T9_L1_gf.csv,dirichlet_0.1|1|post_footprint_off,fcm_obj,1.0203084579058967,1.0203084579058967,1,1
t3_design_space/per_seed_metrics__T9_L1_gf.csv,dirichlet_0.1|2|post_footprint_off,min_dist,1.3367468510681724,1.3367468510681724,1,1
t3_design_space/per_seed_metrics__T9_L1_gf.csv,dirichlet_0.1|2|post_footprint_off,mean_acc,0.868181818181818,0.868181818181818,1,1
t3_design_space/per_seed_metrics__T9_L1_gf.csv,dirichlet_0.1|2|post_footprint_off,worst_acc,0.7,0.7,1,1
t3_design_space/per_seed_metrics__T9_L1_gf.csv,dirichlet_0.1|2|post_footprint_off,fcm_obj,4.143237633029424,4.143237633029424,1,1
t3_design_space/per_seed_metrics__T9_L1_gf.csv,dirichlet_0.1|3|post_footprint_off,min_dist,7.037605830985002,7.037605830985002,1,1
t3_design_space/per_seed_metrics__T9_L1_gf.csv,dirichlet_0.1|3|post_footprint_off,mean_acc,1.0,1.0,1,1
t3_design_space/per_seed_metrics__T9_L1_gf.csv,dirichlet_0.1|3|post_footprint_off,worst_acc,1.0,1.0,1,1
t3_design_space/per_seed_metrics__T9_L1_gf.csv,dirichlet_0.1|3|post_footprint_off,fcm_obj,1.1093656362794064,1.1093656362794064,1,1
t3_design_space/per_seed_metrics__T9_L1_gf.csv,dirichlet_0.1|4|post_footprint_off,min_dist,1.052302673185966,1.052302673185966,1,1
t3_design_space/per_seed_metrics__T9_L1_gf.csv,dirichlet_0.1|4|post_footprint_off,mean_acc,0.8015151515151516,0.8015151515151516,1,1
t3_design_space/per_seed_metrics__T9_L1_gf.csv,dirichlet_0.1|4|post_footprint_off,worst_acc,0.55,0.55,1,1
t3_design_space/per_seed_metrics__T9_L1_gf.csv,dirichlet_0.1|4|post_footprint_off,fcm_obj,1.4591308826797897,1.4591308826797897,1,1
t3_design_space/per_seed_metrics__T9_L1_gf.csv,dirichlet_0.1|5|post_footprint_off,min_dist,6.88759418978147,6.88759418978147,1,1
t3_design_space/per_seed_metrics__T9_L1_gf.csv,dirichlet_0.1|5|post_footprint_off,mean_acc,1.0,1.0,1,1
t3_design_space/per_seed_metrics__T9_L1_gf.csv,dirichlet_0.1|5|post_footprint_off,worst_acc,1.0,1.0,1,1
t3_design_space/per_seed_metrics__T9_L1_gf.csv,dirichlet_0.1|5|post_footprint_off,fcm_obj,1.2435528651482575,1.2435528651482575,1,1
t3_design_space/per_seed_metrics__T9_L1_gf.csv,dirichlet_0.1|6|post_footprint_off,min_dist,7.2346286645310265,7.2346286645310265,1,1
t3_design_space/per_seed_metrics__T9_L1_gf.csv,dirichlet_0.1|6|post_footprint_off,mean_acc,1.0,1.0,1,1
t3_design_space/per_seed_metrics__T9_L1_gf.csv,dirichlet_0.1|6|post_footprint_off,worst_acc,1.0,1.0,1,1
t3_design_space/per_seed_metrics__T9_L1_gf.csv,dirichlet_0.1|6|post_footprint_off,fcm_obj,1.0304792191763816,1.0304792191763816,1,1
t3_design_space/per_seed_metrics__T9_L1_gf.csv,dirichlet_0.1|7|post_footprint_off,min_dist,7.267463832264593,7.267463832264593,1,1
t3_design_space/per_seed_metrics__T9_L1_gf.csv,dirichlet_0.1|7|post_footprint_off,mean_acc,1.0,1.0,1,1
t3_design_space/per_seed_metrics__T9_L1_gf.csv,dirichlet_0.1|7|post_footprint_off,worst_acc,1.0,1.0,1,1
t3_design_space/per_seed_metrics__T9_L1_gf.csv,dirichlet_0.1|7|post_footprint_off,fcm_obj,1.0567694457698424,1.0567694457698424,1,1
t3_design_space/per_seed_metrics__T9_L1_gf.csv,dirichlet_0.1|8|post_footprint_off,min_dist,6.946780071965523,6.946780071965523,1,1
t3_design_space/per_seed_metrics__T9_L1_gf.csv,dirichlet_0.1|8|post_footprint_off,mean_acc,1.0,1.0,1,1
t3_design_space/per_seed_metrics__T9_L1_gf.csv,dirichlet_0.1|8|post_footprint_off,worst_acc,1.0,1.0,1,1
t3_design_space/per_seed_metrics__T9_L1_gf.csv,dirichlet_0.1|8|post_footprint_off,fcm_obj,1.164120506836206,1.164120506836206,1,1
t3_design_space/per_seed_metrics__T9_L1_gf.csv,dirichlet_0.1|9|post_footprint_off,min_dist,1.1373542897519944,1.1373542897519944,1,1
t3_design_space/per_seed_metrics__T9_L1_gf.csv,dirichlet_0.1|9|post_footprint_off,mean_acc,0.8200757575757577,0.8200757575757577,1,1
t3_design_space/per_seed_metrics__T9_L1_gf.csv,dirichlet_0.1|9|post_footprint_off,worst_acc,0.65,0.65,1,1
t3_design_space/per_seed_metrics__T9_L1_gf.csv,dirichlet_0.1|9|post_footprint_off,fcm_obj,2.5675693562650093,2.5675693562650093,1,1
t3_design_space/per_seed_metrics__T9_L1_gf.csv,overlap_noise|0|post_footprint_off,min_dist,4.855945203710708,4.855945203710708,1,1
t3_design_space/per_seed_metrics__T9_L1_gf.csv,overlap_noise|0|post_footprint_off,mean_acc,0.9007575757575759,0.9007575757575759,1,1
t3_design_space/per_seed_metrics__T9_L1_gf.csv,overlap_noise|0|post_footprint_off,worst_acc,0.8636363636363636,0.8636363636363636,1,1
t3_design_space/per_seed_metrics__T9_L1_gf.csv,overlap_noise|0|post_footprint_off,fcm_obj,2.314505241178696,2.314505241178696,1,1
t3_design_space/per_seed_metrics__T9_L1_gf.csv,overlap_noise|1|post_footprint_off,min_dist,4.8987083788473145,4.8987083788473145,1,1
t3_design_space/per_seed_metrics__T9_L1_gf.csv,overlap_noise|1|post_footprint_off,mean_acc,0.9090909090909091,0.9090909090909091,1,1
t3_design_space/per_seed_metrics__T9_L1_gf.csv,overlap_noise|1|post_footprint_off,worst_acc,0.8863636363636364,0.8863636363636364,1,1
t3_design_space/per_seed_metrics__T9_L1_gf.csv,overlap_noise|1|post_footprint_off,fcm_obj,2.3528786674124587,2.3528786674124587,1,1
t3_design_space/per_seed_metrics__T9_L1_gf.csv,overlap_noise|2|post_footprint_off,min_dist,4.842585126293625,4.842585126293625,1,1
t3_design_space/per_seed_metrics__T9_L1_gf.csv,overlap_noise|2|post_footprint_off,mean_acc,0.903030303030303,0.903030303030303,1,1
t3_design_space/per_seed_metrics__T9_L1_gf.csv,overlap_noise|2|post_footprint_off,worst_acc,0.8863636363636364,0.8863636363636364,1,1
t3_design_space/per_seed_metrics__T9_L1_gf.csv,overlap_noise|2|post_footprint_off,fcm_obj,2.274555421329106,2.274555421329106,1,1
t3_design_space/per_seed_metrics__T9_L1_gf.csv,overlap_noise|3|post_footprint_off,min_dist,4.957801000992044,4.957801000992044,1,1
t3_design_space/per_seed_metrics__T9_L1_gf.csv,overlap_noise|3|post_footprint_off,mean_acc,0.9,0.9,1,1
t3_design_space/per_seed_metrics__T9_L1_gf.csv,overlap_noise|3|post_footprint_off,worst_acc,0.8772727272727273,0.8772727272727273,1,1
t3_design_space/per_seed_metrics__T9_L1_gf.csv,overlap_noise|3|post_footprint_off,fcm_obj,2.3684783799895617,2.3684783799895617,1,1
t3_design_space/per_seed_metrics__T9_L1_gf.csv,overlap_noise|4|post_footprint_off,min_dist,3.842049620159263,3.842049620159263,1,1
t3_design_space/per_seed_metrics__T9_L1_gf.csv,overlap_noise|4|post_footprint_off,mean_acc,0.8458333333333332,0.8458333333333332,1,1
t3_design_space/per_seed_metrics__T9_L1_gf.csv,overlap_noise|4|post_footprint_off,worst_acc,0.7272727272727273,0.7272727272727273,1,1
t3_design_space/per_seed_metrics__T9_L1_gf.csv,overlap_noise|4|post_footprint_off,fcm_obj,2.705793952454287,2.705793952454287,1,1
t3_design_space/per_seed_metrics__T9_L1_gf.csv,overlap_noise|5|post_footprint_off,min_dist,4.688187442204166,4.688187442204166,1,1
t3_design_space/per_seed_metrics__T9_L1_gf.csv,overlap_noise|5|post_footprint_off,mean_acc,0.9015151515151517,0.9015151515151517,1,1
t3_design_space/per_seed_metrics__T9_L1_gf.csv,overlap_noise|5|post_footprint_off,worst_acc,0.8772727272727273,0.8772727272727273,1,1
t3_design_space/per_seed_metrics__T9_L1_gf.csv,overlap_noise|5|post_footprint_off,fcm_obj,2.33750459612561,2.33750459612561,1,1
t3_design_space/per_seed_metrics__T9_L1_gf.csv,overlap_noise|6|post_footprint_off,min_dist,4.953749481006611,4.953749481006611,1,1
t3_design_space/per_seed_metrics__T9_L1_gf.csv,overlap_noise|6|post_footprint_off,mean_acc,0.9094696969696968,0.9094696969696968,1,1
t3_design_space/per_seed_metrics__T9_L1_gf.csv,overlap_noise|6|post_footprint_off,worst_acc,0.8818181818181818,0.8818181818181818,1,1
t3_design_space/per_seed_metrics__T9_L1_gf.csv,overlap_noise|6|post_footprint_off,fcm_obj,2.3301412196897204,2.3301412196897204,1,1
t3_design_space/per_seed_metrics__T9_L1_gf.csv,overlap_noise|7|post_footprint_off,min_dist,5.033524455299541,5.033524455299541,1,1
t3_design_space/per_seed_metrics__T9_L1_gf.csv,overlap_noise|7|post_footprint_off,mean_acc,0.903030303030303,0.903030303030303,1,1
t3_design_space/per_seed_metrics__T9_L1_gf.csv,overlap_noise|7|post_footprint_off,worst_acc,0.8727272727272727,0.8727272727272727,1,1
t3_design_space/per_seed_metrics__T9_L1_gf.csv,overlap_noise|7|post_footprint_off,fcm_obj,2.374613271758485,2.374613271758485,1,1
t3_design_space/per_seed_metrics__T9_L1_gf.csv,overlap_noise|8|post_footprint_off,min_dist,4.9782325040519275,4.9782325040519275,1,1
t3_design_space/per_seed_metrics__T9_L1_gf.csv,overlap_noise|8|post_footprint_off,mean_acc,0.9022727272727272,0.9022727272727272,1,1
t3_design_space/per_seed_metrics__T9_L1_gf.csv,overlap_noise|8|post_footprint_off,worst_acc,0.8727272727272727,0.8727272727272727,1,1
t3_design_space/per_seed_metrics__T9_L1_gf.csv,overlap_noise|8|post_footprint_off,fcm_obj,2.2757671747156385,2.2757671747156385,1,1
t3_design_space/per_seed_metrics__T9_L1_gf.csv,overlap_noise|9|post_footprint_off,min_dist,4.973493865839722,4.973493865839722,1,1
t3_design_space/per_seed_metrics__T9_L1_gf.csv,overlap_noise|9|post_footprint_off,mean_acc,0.9143939393939392,0.9143939393939392,1,1
t3_design_space/per_seed_metrics__T9_L1_gf.csv,overlap_noise|9|post_footprint_off,worst_acc,0.8909090909090909,0.8909090909090909,1,1
t3_design_space/per_seed_metrics__T9_L1_gf.csv,overlap_noise|9|post_footprint_off,fcm_obj,2.418168264807321,2.418168264807321,1,1
t3_design_space/per_seed_metrics__T9_L1_gf.csv,quantity_skew_extreme|0|post_footprint_off,min_dist,2.879191555364552e-06,2.879191555364552e-06,1,1
t3_design_space/per_seed_metrics__T9_L1_gf.csv,quantity_skew_extreme|0|post_footprint_off,mean_acc,0.8503323799760797,0.8503323799760797,1,1
t3_design_space/per_seed_metrics__T9_L1_gf.csv,quantity_skew_extreme|0|post_footprint_off,worst_acc,0.65,0.65,1,1
t3_design_space/per_seed_metrics__T9_L1_gf.csv,quantity_skew_extreme|0|post_footprint_off,fcm_obj,5.519572296611118,5.519572296611118,1,1
t3_design_space/per_seed_metrics__T9_L1_gf.csv,quantity_skew_extreme|1|post_footprint_off,min_dist,1.051580993734414,1.051580993734414,1,1
t3_design_space/per_seed_metrics__T9_L1_gf.csv,quantity_skew_extreme|1|post_footprint_off,mean_acc,0.7588741918718468,0.7588741918718468,1,1
t3_design_space/per_seed_metrics__T9_L1_gf.csv,quantity_skew_extreme|1|post_footprint_off,worst_acc,0.5245901639344263,0.5245901639344263,1,1
t3_design_space/per_seed_metrics__T9_L1_gf.csv,quantity_skew_extreme|1|post_footprint_off,fcm_obj,4.603382605898215,4.603382605898215,1,1
t3_design_space/per_seed_metrics__T9_L1_gf.csv,quantity_skew_extreme|2|post_footprint_off,min_dist,1.1893953039008793,1.1893953039008793,1,1
t3_design_space/per_seed_metrics__T9_L1_gf.csv,quantity_skew_extreme|2|post_footprint_off,mean_acc,0.753121878572979,0.753121878572979,1,1
t3_design_space/per_seed_metrics__T9_L1_gf.csv,quantity_skew_extreme|2|post_footprint_off,worst_acc,0.4583333333333333,0.4583333333333333,1,1
t3_design_space/per_seed_metrics__T9_L1_gf.csv,quantity_skew_extreme|2|post_footprint_off,fcm_obj,2.6556992912537334,2.6556992912537334,1,1
t3_design_space/per_seed_metrics__T9_L1_gf.csv,quantity_skew_extreme|3|post_footprint_off,min_dist,1.033484163494674,1.033484163494674,1,1
t3_design_space/per_seed_metrics__T9_L1_gf.csv,quantity_skew_extreme|3|post_footprint_off,mean_acc,0.8485281393967643,0.8485281393967643,1,1
t3_design_space/per_seed_metrics__T9_L1_gf.csv,quantity_skew_extreme|3|post_footprint_off,worst_acc,0.5901639344262295,0.5901639344262295,1,1
t3_design_space/per_seed_metrics__T9_L1_gf.csv,quantity_skew_extreme|3|post_footprint_off,fcm_obj,2.374775766112464,2.374775766112464,1,1
t3_design_space/per_seed_metrics__T9_L1_gf.csv,quantity_skew_extreme|4|post_footprint_off,min_dist,1.0839392428836987,1.0839392428836987,1,1
t3_design_space/per_seed_metrics__T9_L1_gf.csv,quantity_skew_extreme|4|post_footprint_off,mean_acc,0.8280546375958093,0.8280546375958093,1,1
t3_design_space/per_seed_metrics__T9_L1_gf.csv,quantity_skew_extreme|4|post_footprint_off,worst_acc,0.5128205128205128,0.5128205128205128,1,1
t3_design_space/per_seed_metrics__T9_L1_gf.csv,quantity_skew_extreme|4|post_footprint_off,fcm_obj,5.245461010919206,5.245461010919206,1,1
t3_design_space/per_seed_metrics__T9_L1_gf.csv,quantity_skew_extreme|5|post_footprint_off,min_dist,1.0747064428291595,1.0747064428291595,1,1
t3_design_space/per_seed_metrics__T9_L1_gf.csv,quantity_skew_extreme|5|post_footprint_off,mean_acc,0.8228692706182771,0.8228692706182771,1,1
t3_design_space/per_seed_metrics__T9_L1_gf.csv,quantity_skew_extreme|5|post_footprint_off,worst_acc,0.5510204081632653,0.5510204081632653,1,1
t3_design_space/per_seed_metrics__T9_L1_gf.csv,quantity_skew_extreme|5|post_footprint_off,fcm_obj,3.102878863646327,3.102878863646327,1,1
t3_design_space/per_seed_metrics__T9_L1_gf.csv,quantity_skew_extreme|6|post_footprint_off,min_dist,7.309310901626404,7.309310901626404,1,1
t3_design_space/per_seed_metrics__T9_L1_gf.csv,quantity_skew_extreme|6|post_footprint_off,mean_acc,1.0,1.0,1,1
t3_design_space/per_seed_metrics__T9_L1_gf.csv,quantity_skew_extreme|6|post_footprint_off,worst_acc,1.0,1.0,1,1
t3_design_space/per_seed_metrics__T9_L1_gf.csv,quantity_skew_extreme|6|post_footprint_off,fcm_obj,1.0246609808382452,1.0246609808382452,1,1
t3_design_space/per_seed_metrics__T9_L1_gf.csv,quantity_skew_extreme|7|post_footprint_off,min_dist,1.1215487665622355,1.1215487665622355,1,1
t3_design_space/per_seed_metrics__T9_L1_gf.csv,quantity_skew_extreme|7|post_footprint_off,mean_acc,0.7007072210010411,0.7007072210010411,1,1
t3_design_space/per_seed_metrics__T9_L1_gf.csv,quantity_skew_extreme|7|post_footprint_off,worst_acc,0.5612244897959183,0.5612244897959183,1,1
t3_design_space/per_seed_metrics__T9_L1_gf.csv,quantity_skew_extreme|7|post_footprint_off,fcm_obj,1.4357895503037974,1.4357895503037974,1,1
t3_design_space/per_seed_metrics__T9_L1_gf.csv,quantity_skew_extreme|8|post_footprint_off,min_dist,7.401526723201973,7.401526723201973,1,1
t3_design_space/per_seed_metrics__T9_L1_gf.csv,quantity_skew_extreme|8|post_footprint_off,mean_acc,1.0,1.0,1,1
t3_design_space/per_seed_metrics__T9_L1_gf.csv,quantity_skew_extreme|8|post_footprint_off,worst_acc,1.0,1.0,1,1
t3_design_space/per_seed_metrics__T9_L1_gf.csv,quantity_skew_extreme|8|post_footprint_off,fcm_obj,1.0703784610312836,1.0703784610312836,1,1
t3_design_space/per_seed_metrics__T9_L1_gf.csv,quantity_skew_extreme|9|post_footprint_off,min_dist,7.184375940535116,7.184375940535116,1,1
t3_design_space/per_seed_metrics__T9_L1_gf.csv,quantity_skew_extreme|9|post_footprint_off,mean_acc,1.0,1.0,1,1
t3_design_space/per_seed_metrics__T9_L1_gf.csv,quantity_skew_extreme|9|post_footprint_off,worst_acc,1.0,1.0,1,1
t3_design_space/per_seed_metrics__T9_L1_gf.csv,quantity_skew_extreme|9|post_footprint_off,fcm_obj,1.3328926735374065,1.3328926735374065,1,1
t3_design_space/per_seed_metrics__T9_L1_gf.csv,wine|0|post_footprint_off,min_dist,3.3318762466210194,3.3318762466210194,1,1
t3_design_space/per_seed_metrics__T9_L1_gf.csv,wine|0|post_footprint_off,mean_acc,0.9678070175438597,0.9678070175438597,1,1
t3_design_space/per_seed_metrics__T9_L1_gf.csv,wine|0|post_footprint_off,worst_acc,0.8888888888888888,0.8888888888888888,1,1
t3_design_space/per_seed_metrics__T9_L1_gf.csv,wine|0|post_footprint_off,fcm_obj,4.0761223884230535,4.0761223884230535,1,1
t3_design_space/per_seed_metrics__T9_L1_gf.csv,wine|1|post_footprint_off,min_dist,3.4885596429361128,3.4885596429361128,1,1
t3_design_space/per_seed_metrics__T9_L1_gf.csv,wine|1|post_footprint_off,mean_acc,0.9672222222222222,0.9672222222222222,1,1
t3_design_space/per_seed_metrics__T9_L1_gf.csv,wine|1|post_footprint_off,worst_acc,0.8333333333333334,0.8333333333333334,1,1
t3_design_space/per_seed_metrics__T9_L1_gf.csv,wine|1|post_footprint_off,fcm_obj,4.081688636039498,4.081688636039498,1,1
t3_design_space/per_seed_metrics__T9_L1_gf.csv,wine|2|post_footprint_off,min_dist,3.3515859786144526,3.3515859786144526,1,1
t3_design_space/per_seed_metrics__T9_L1_gf.csv,wine|2|post_footprint_off,mean_acc,0.967514619883041,0.967514619883041,1,1
t3_design_space/per_seed_metrics__T9_L1_gf.csv,wine|2|post_footprint_off,worst_acc,0.8888888888888888,0.8888888888888888,1,1
t3_design_space/per_seed_metrics__T9_L1_gf.csv,wine|2|post_footprint_off,fcm_obj,4.073483734054402,4.073483734054402,1,1
t3_design_space/per_seed_metrics__T9_L1_gf.csv,wine|3|post_footprint_off,min_dist,3.4535897396049324,3.4535897396049324,1,1
t3_design_space/per_seed_metrics__T9_L1_gf.csv,wine|3|post_footprint_off,mean_acc,0.9669590643274854,0.9669590643274854,1,1
t3_design_space/per_seed_metrics__T9_L1_gf.csv,wine|3|post_footprint_off,worst_acc,0.8888888888888888,0.8888888888888888,1,1
t3_design_space/per_seed_metrics__T9_L1_gf.csv,wine|3|post_footprint_off,fcm_obj,4.085258627399822,4.085258627399822,1,1
t3_design_space/per_seed_metrics__T9_L1_gf.csv,wine|4|post_footprint_off,min_dist,3.356826185992061,3.356826185992061,1,1
t3_design_space/per_seed_metrics__T9_L1_gf.csv,wine|4|post_footprint_off,mean_acc,0.9669590643274854,0.9669590643274854,1,1
t3_design_space/per_seed_metrics__T9_L1_gf.csv,wine|4|post_footprint_off,worst_acc,0.8888888888888888,0.8888888888888888,1,1
t3_design_space/per_seed_metrics__T9_L1_gf.csv,wine|4|post_footprint_off,fcm_obj,4.083490243319011,4.083490243319011,1,1
t3_design_space/per_seed_metrics__T9_L1_gf.csv,wine|5|post_footprint_off,min_dist,3.330813224720725,3.330813224720725,1,1
t3_design_space/per_seed_metrics__T9_L1_gf.csv,wine|5|post_footprint_off,mean_acc,0.9678070175438597,0.9678070175438597,1,1
t3_design_space/per_seed_metrics__T9_L1_gf.csv,wine|5|post_footprint_off,worst_acc,0.8947368421052632,0.8947368421052632,1,1
t3_design_space/per_seed_metrics__T9_L1_gf.csv,wine|5|post_footprint_off,fcm_obj,4.077163022636129,4.077163022636129,1,1
t3_design_space/per_seed_metrics__T9_L1_gf.csv,wine|6|post_footprint_off,min_dist,3.358023997072417,3.358023997072417,1,1
t3_design_space/per_seed_metrics__T9_L1_gf.csv,wine|6|post_footprint_off,mean_acc,0.9677777777777778,0.9677777777777778,1,1
t3_design_space/per_seed_metrics__T9_L1_gf.csv,wine|6|post_footprint_off,worst_acc,0.9,0.9,1,1
t3_design_space/per_seed_metrics__T9_L1_gf.csv,wine|6|post_footprint_off,fcm_obj,4.077043516579777,4.077043516579777,1,1
t3_design_space/per_seed_metrics__T9_L1_gf.csv,wine|7|post_footprint_off,min_dist,3.3483695330387717,3.3483695330387717,1,1
t3_design_space/per_seed_metrics__T9_L1_gf.csv,wine|7|post_footprint_off,mean_acc,0.9672222222222222,0.9672222222222222,1,1
t3_design_space/per_seed_metrics__T9_L1_gf.csv,wine|7|post_footprint_off,worst_acc,0.8888888888888888,0.8888888888888888,1,1
t3_design_space/per_seed_metrics__T9_L1_gf.csv,wine|7|post_footprint_off,fcm_obj,4.0809151722078525,4.0809151722078525,1,1
t3_design_space/per_seed_metrics__T9_L1_gf.csv,wine|8|post_footprint_off,min_dist,3.4195272079280703,3.4195272079280703,1,1
t3_design_space/per_seed_metrics__T9_L1_gf.csv,wine|8|post_footprint_off,mean_acc,0.9669590643274854,0.9669590643274854,1,1
t3_design_space/per_seed_metrics__T9_L1_gf.csv,wine|8|post_footprint_off,worst_acc,0.8888888888888888,0.8888888888888888,1,1
t3_design_space/per_seed_metrics__T9_L1_gf.csv,wine|8|post_footprint_off,fcm_obj,4.077545751720284,4.077545751720284,1,1
t3_design_space/per_seed_metrics__T9_L1_gf.csv,wine|9|post_footprint_off,min_dist,3.3521175089056303,3.3521175089056303,1,1
t3_design_space/per_seed_metrics__T9_L1_gf.csv,wine|9|post_footprint_off,mean_acc,0.9666666666666668,0.9666666666666668,1,1
t3_design_space/per_seed_metrics__T9_L1_gf.csv,wine|9|post_footprint_off,worst_acc,0.8888888888888888,0.8888888888888888,1,1
t3_design_space/per_seed_metrics__T9_L1_gf.csv,wine|9|post_footprint_off,fcm_obj,4.0760429992905785,4.0760429992905785,1,1
t3_design_space/per_seed_metrics__T9_L1_gf.csv,satimage|0|post_footprint_off,min_dist,3.5263038452736923,3.5263038452736923,1,1
t3_design_space/per_seed_metrics__T9_L1_gf.csv,satimage|0|post_footprint_off,mean_acc,0.6965602624495226,0.6965602624495226,1,1
t3_design_space/per_seed_metrics__T9_L1_gf.csv,satimage|0|post_footprint_off,worst_acc,0.5127635960044395,0.5127635960044395,1,1
t3_design_space/per_seed_metrics__T9_L1_gf.csv,satimage|0|post_footprint_off,fcm_obj,3.7624172531354105,3.7624172531354105,1,1
t3_design_space/per_seed_metrics__T9_L1_gf.csv,satimage|1|post_footprint_off,min_dist,3.5174379471724455,3.5174379471724455,1,1
t3_design_space/per_seed_metrics__T9_L1_gf.csv,satimage|1|post_footprint_off,mean_acc,0.697713947510836,0.697713947510836,1,1
t3_design_space/per_seed_metrics__T9_L1_gf.csv,satimage|1|post_footprint_off,worst_acc,0.516093229744728,0.516093229744728,1,1
t3_design_space/per_seed_metrics__T9_L1_gf.csv,satimage|1|post_footprint_off,fcm_obj,3.7631585518583504,3.7631585518583504,1,1
t3_design_space/per_seed_metrics__T9_L1_gf.csv,satimage|2|post_footprint_off,min_dist,3.644042043326226,3.644042043326226,1,1
t3_design_space/per_seed_metrics__T9_L1_gf.csv,satimage|2|post_footprint_off,mean_acc,0.6974737489690634,0.6974737489690634,1,1
t3_design_space/per_seed_metrics__T9_L1_gf.csv,satimage|2|post_footprint_off,worst_acc,0.5273311897106109,0.5273311897106109,1,1
t3_design_space/per_seed_metrics__T9_L1_gf.csv,satimage|2|post_footprint_off,fcm_obj,3.758418423557909,3.758418423557909,1,1
t3_design_space/per_seed_metrics__T9_L1_gf.csv,satimage|3|post_footprint_off,min_dist,3.499307797635367,3.499307797635367,1,1
t3_design_space/per_seed_metrics__T9_L1_gf.csv,satimage|3|post_footprint_off,mean_acc,0.6908408034748402,0.6908408034748402,1,1
t3_design_space/per_seed_metrics__T9_L1_gf.csv,satimage|3|post_footprint_off,worst_acc,0.5136436597110754,0.5136436597110754,1,1
t3_design_space/per_seed_metrics__T9_L1_gf.csv,satimage|3|post_footprint_off,fcm_obj,3.766471108022594,3.766471108022594,1,1
t3_design_space/per_seed_metrics__T9_L1_gf.csv,satimage|4|post_footprint_off,min_dist,3.4289826398852115,3.4289826398852115,1,1
t3_design_space/per_seed_metrics__T9_L1_gf.csv,satimage|4|post_footprint_off,mean_acc,0.6972528449707784,0.6972528449707784,1,1
t3_design_space/per_seed_metrics__T9_L1_gf.csv,satimage|4|post_footprint_off,worst_acc,0.5016077170418006,0.5016077170418006,1,1
t3_design_space/per_seed_metrics__T9_L1_gf.csv,satimage|4|post_footprint_off,fcm_obj,3.7638738171624,3.7638738171624,1,1
t3_design_space/per_seed_metrics__T9_L1_gf.csv,satimage|5|post_footprint_off,min_dist,3.2299945217415464,3.2299945217415464,1,1
t3_design_space/per_seed_metrics__T9_L1_gf.csv,satimage|5|post_footprint_off,mean_acc,0.6807162263409348,0.6807162263409348,1,1
t3_design_space/per_seed_metrics__T9_L1_gf.csv,satimage|5|post_footprint_off,worst_acc,0.45819935691318325,0.45819935691318325,1,1
t3_design_space/per_seed_metrics__T9_L1_gf.csv,satimage|5|post_footprint_off,fcm_obj,3.7759502754981105,3.7759502754981105,1,1
t3_design_space/per_seed_metrics__T9_L1_gf.csv,satimage|6|post_footprint_off,min_dist,3.652210376955205,3.652210376955205,1,1
t3_design_space/per_seed_metrics__T9_L1_gf.csv,satimage|6|post_footprint_off,mean_acc,0.6986155384629563,0.6986155384629563,1,1
t3_design_space/per_seed_metrics__T9_L1_gf.csv,satimage|6|post_footprint_off,worst_acc,0.5238623751387348,0.5238623751387348,1,1
t3_design_space/per_seed_metrics__T9_L1_gf.csv,satimage|6|post_footprint_off,fcm_obj,3.7598110303579886,3.7598110303579886,1,1
t3_design_space/per_seed_metrics__T9_L1_gf.csv,satimage|7|post_footprint_off,min_dist,3.4347825590496526,3.4347825590496526,1,1
t3_design_space/per_seed_metrics__T9_L1_gf.csv,satimage|7|post_footprint_off,mean_acc,0.6957726483622944,0.6957726483622944,1,1
t3_design_space/per_seed_metrics__T9_L1_gf.csv,satimage|7|post_footprint_off,worst_acc,0.5227524972253053,0.5227524972253053,1,1
t3_design_space/per_seed_metrics__T9_L1_gf.csv,satimage|7|post_footprint_off,fcm_obj,3.765611582968151,3.765611582968151,1,1
t3_design_space/per_seed_metrics__T9_L1_gf.csv,satimage|8|post_footprint_off,min_dist,3.565674527273862,3.565674527273862,1,1
t3_design_space/per_seed_metrics__T9_L1_gf.csv,satimage|8|post_footprint_off,mean_acc,0.6959199587541425,0.6959199587541425,1,1
t3_design_space/per_seed_metrics__T9_L1_gf.csv,satimage|8|post_footprint_off,worst_acc,0.5152487961476726,0.5152487961476726,1,1
t3_design_space/per_seed_metrics__T9_L1_gf.csv,satimage|8|post_footprint_off,fcm_obj,3.761234738936178,3.761234738936178,1,1
t3_design_space/per_seed_metrics__T9_L1_gf.csv,satimage|9|post_footprint_off,min_dist,3.598273806847241,3.598273806847241,1,1
t3_design_space/per_seed_metrics__T9_L1_gf.csv,satimage|9|post_footprint_off,mean_acc,0.6977990312724738,0.6977990312724738,1,1
t3_design_space/per_seed_metrics__T9_L1_gf.csv,satimage|9|post_footprint_off,worst_acc,0.5061043285238623,0.5061043285238623,1,1
t3_design_space/per_seed_metrics__T9_L1_gf.csv,satimage|9|post_footprint_off,fcm_obj,3.7604999478928587,3.7604999478928587,1,1
t3_design_space/per_seed_metrics__T9_L1_gf.csv,pendigits|0|post_footprint_off,min_dist,2.2757346243301066,2.2757346243301066,1,1
t3_design_space/per_seed_metrics__T9_L1_gf.csv,pendigits|0|post_footprint_off,mean_acc,0.7391325956642179,0.7391325956642179,1,1
t3_design_space/per_seed_metrics__T9_L1_gf.csv,pendigits|0|post_footprint_off,worst_acc,0.5304428044280443,0.5304428044280443,1,1
t3_design_space/per_seed_metrics__T9_L1_gf.csv,pendigits|0|post_footprint_off,fcm_obj,3.881629701443604,3.881629701443604,1,1
t3_design_space/per_seed_metrics__T9_L1_gf.csv,pendigits|1|post_footprint_off,min_dist,2.3233498194882287,2.3233498194882287,1,1
t3_design_space/per_seed_metrics__T9_L1_gf.csv,pendigits|1|post_footprint_off,mean_acc,0.7025433165318471,0.7025433165318471,1,1
t3_design_space/per_seed_metrics__T9_L1_gf.csv,pendigits|1|post_footprint_off,worst_acc,0.5894833948339483,0.5894833948339483,1,1
t3_design_space/per_seed_metrics__T9_L1_gf.csv,pendigits|1|post_footprint_off,fcm_obj,4.076937611069158,4.076937611069158,1,1
t3_design_space/per_seed_metrics__T9_L1_gf.csv,pendigits|2|post_footprint_off,min_dist,1.814097735763716,1.814097735763716,1,1
t3_design_space/per_seed_metrics__T9_L1_gf.csv,pendigits|2|post_footprint_off,mean_acc,0.726360461866056,0.726360461866056,1,1
t3_design_space/per_seed_metrics__T9_L1_gf.csv,pendigits|2|post_footprint_off,worst_acc,0.5502304147465438,0.5502304147465438,1,1
t3_design_space/per_seed_metrics__T9_L1_gf.csv,pendigits|2|post_footprint_off,fcm_obj,3.9654711071721214,3.9654711071721214,1,1
t3_design_space/per_seed_metrics__T9_L1_gf.csv,pendigits|3|post_footprint_off,min_dist,2.267972854865482,2.267972854865482,1,1
t3_design_space/per_seed_metrics__T9_L1_gf.csv,pendigits|3|post_footprint_off,mean_acc,0.7387522392275871,0.7387522392275871,1,1
t3_design_space/per_seed_metrics__T9_L1_gf.csv,pendigits|3|post_footprint_off,worst_acc,0.5304428044280443,0.5304428044280443,1,1
t3_design_space/per_seed_metrics__T9_L1_gf.csv,pendigits|3|post_footprint_off,fcm_obj,3.8803529558343963,3.8803529558343963,1,1
t3_design_space/per_seed_metrics__T9_L1_gf.csv,pendigits|4|post_footprint_off,min_dist,2.2684204755656032,2.2684204755656032,1,1
t3_design_space/per_seed_metrics__T9_L1_gf.csv,pendigits|4|post_footprint_off,mean_acc,0.7408200523024785,0.7408200523024785,1,1
t3_design_space/per_seed_metrics__T9_L1_gf.csv,pendigits|4|post_footprint_off,worst_acc,0.5295202952029521,0.5295202952029521,1,1
t3_design_space/per_seed_metrics__T9_L1_gf.csv,pendigits|4|post_footprint_off,fcm_obj,3.880400602824339,3.880400602824339,1,1
t3_design_space/per_seed_metrics__T9_L1_gf.csv,pendigits|5|post_footprint_off,min_dist,2.2774070793404397,2.2774070793404397,1,1
t3_design_space/per_seed_metrics__T9_L1_gf.csv,pendigits|5|post_footprint_off,mean_acc,0.7392239547868796,0.7392239547868796,1,1
t3_design_space/per_seed_metrics__T9_L1_gf.csv,pendigits|5|post_footprint_off,worst_acc,0.5276752767527675,0.5276752767527675,1,1
t3_design_space/per_seed_metrics__T9_L1_gf.csv,pendigits|5|post_footprint_off,fcm_obj,3.8814150666639637,3.8814150666639637,1,1
t3_design_space/per_seed_metrics__T9_L1_gf.csv,pendigits|6|post_footprint_off,min_dist,1.7011166095838226,1.7011166095838226,1,1
t3_design_space/per_seed_metrics__T9_L1_gf.csv,pendigits|6|post_footprint_off,mean_acc,0.7404257789652886,0.7404257789652886,1,1
t3_design_space/per_seed_metrics__T9_L1_gf.csv,pendigits|6|post_footprint_off,worst_acc,0.6143911439114391,0.6143911439114391,1,1
t3_design_space/per_seed_metrics__T9_L1_gf.csv,pendigits|6|post_footprint_off,fcm_obj,3.972070675347767,3.972070675347767,1,1
t3_design_space/per_seed_metrics__T9_L1_gf.csv,pendigits|7|post_footprint_off,min_dist,1.7968522487704652,1.7968522487704652,1,1
t3_design_space/per_seed_metrics__T9_L1_gf.csv,pendigits|7|post_footprint_off,mean_acc,0.6837485394796405,0.6837485394796405,1,1
t3_design_space/per_seed_metrics__T9_L1_gf.csv,pendigits|7|post_footprint_off,worst_acc,0.48154981549815495,0.48154981549815495,1,1
t3_design_space/per_seed_metrics__T9_L1_gf.csv,pendigits|7|post_footprint_off,fcm_obj,3.9807969526664833,3.9807969526664833,1,1
t3_design_space/per_seed_metrics__T9_L1_gf.csv,pendigits|8|post_footprint_off,min_dist,2.2588033262217864,2.2588033262217864,1,1
t3_design_space/per_seed_metrics__T9_L1_gf.csv,pendigits|8|post_footprint_off,mean_acc,0.7301899400038732,0.7301899400038732,1,1
t3_design_space/per_seed_metrics__T9_L1_gf.csv,pendigits|8|post_footprint_off,worst_acc,0.6236162361623616,0.6236162361623616,1,1
t3_design_space/per_seed_metrics__T9_L1_gf.csv,pendigits|8|post_footprint_off,fcm_obj,3.956868290589122,3.956868290589122,1,1
t3_design_space/per_seed_metrics__T9_L1_gf.csv,pendigits|9|post_footprint_off,min_dist,1.6639293420408805,1.6639293420408805,1,1
t3_design_space/per_seed_metrics__T9_L1_gf.csv,pendigits|9|post_footprint_off,mean_acc,0.6713066834743473,0.6713066834743473,1,1
t3_design_space/per_seed_metrics__T9_L1_gf.csv,pendigits|9|post_footprint_off,worst_acc,0.42857142857142855,0.42857142857142855,1,1
t3_design_space/per_seed_metrics__T9_L1_gf.csv,pendigits|9|post_footprint_off,fcm_obj,4.051488114445268,4.051488114445268,1,1
t3_design_space/per_seed_metrics__T9_L1_gf.csv,digits_pca16|0|post_footprint_off,min_dist,2.3964664879870567,2.3964664879870567,1,1
t3_design_space/per_seed_metrics__T9_L1_gf.csv,digits_pca16|0|post_footprint_off,mean_acc,0.73255557222972,0.73255557222972,1,1
t3_design_space/per_seed_metrics__T9_L1_gf.csv,digits_pca16|0|post_footprint_off,worst_acc,0.5111111111111111,0.5111111111111111,1,1
t3_design_space/per_seed_metrics__T9_L1_gf.csv,digits_pca16|0|post_footprint_off,fcm_obj,7.886162829529753,7.886162829529753,1,1
t3_design_space/per_seed_metrics__T9_L1_gf.csv,digits_pca16|1|post_footprint_off,min_dist,2.3126251556525967,2.3126251556525967,1,1
t3_design_space/per_seed_metrics__T9_L1_gf.csv,digits_pca16|1|post_footprint_off,mean_acc,0.777346231230836,0.777346231230836,1,1
t3_design_space/per_seed_metrics__T9_L1_gf.csv,digits_pca16|1|post_footprint_off,worst_acc,0.6271186440677966,0.6271186440677966,1,1
t3_design_space/per_seed_metrics__T9_L1_gf.csv,digits_pca16|1|post_footprint_off,fcm_obj,7.81183641479058,7.81183641479058,1,1
t3_design_space/per_seed_metrics__T9_L1_gf.csv,digits_pca16|2|post_footprint_off,min_dist,2.434944493766656,2.434944493766656,1,1
t3_design_space/per_seed_metrics__T9_L1_gf.csv,digits_pca16|2|post_footprint_off,mean_acc,0.7545407768646206,0.7545407768646206,1,1
t3_design_space/per_seed_metrics__T9_L1_gf.csv,digits_pca16|2|post_footprint_off,worst_acc,0.5254237288135594,0.5254237288135594,1,1
t3_design_space/per_seed_metrics__T9_L1_gf.csv,digits_pca16|2|post_footprint_off,fcm_obj,7.908327143288923,7.908327143288923,1,1
t3_design_space/per_seed_metrics__T9_L1_gf.csv,digits_pca16|3|post_footprint_off,min_dist,2.363035391872867,2.363035391872867,1,1
t3_design_space/per_seed_metrics__T9_L1_gf.csv,digits_pca16|3|post_footprint_off,mean_acc,0.723726546276366,0.723726546276366,1,1
t3_design_space/per_seed_metrics__T9_L1_gf.csv,digits_pca16|3|post_footprint_off,worst_acc,0.42777777777777776,0.42777777777777776,1,1
t3_design_space/per_seed_metrics__T9_L1_gf.csv,digits_pca16|3|post_footprint_off,fcm_obj,7.956730470943714,7.956730470943714,1,1
t3_design_space/per_seed_metrics__T9_L1_gf.csv,digits_pca16|4|post_footprint_off,min_dist,2.6365996510739156,2.6365996510739156,1,1
t3_design_space/per_seed_metrics__T9_L1_gf.csv,digits_pca16|4|post_footprint_off,mean_acc,0.7285480484458515,0.7285480484458515,1,1
t3_design_space/per_seed_metrics__T9_L1_gf.csv,digits_pca16|4|post_footprint_off,worst_acc,0.5536723163841808,0.5536723163841808,1,1
t3_design_space/per_seed_metrics__T9_L1_gf.csv,digits_pca16|4|post_footprint_off,fcm_obj,7.887770936569455,7.887770936569455,1,1
t3_design_space/per_seed_metrics__T9_L1_gf.csv,digits_pca16|5|post_footprint_off,min_dist,2.421447909911621,2.421447909911621,1,1
t3_design_space/per_seed_metrics__T9_L1_gf.csv,digits_pca16|5|post_footprint_off,mean_acc,0.7790107481361155,0.7790107481361155,1,1
t3_design_space/per_seed_metrics__T9_L1_gf.csv,digits_pca16|5|post_footprint_off,worst_acc,0.5666666666666667,0.5666666666666667,1,1
t3_design_space/per_seed_metrics__T9_L1_gf.csv,digits_pca16|5|post_footprint_off,fcm_obj,7.793355430494716,7.793355430494716,1,1
t3_design_space/per_seed_metrics__T9_L1_gf.csv,digits_pca16|6|post_footprint_off,min_dist,2.154367235101584,2.154367235101584,1,1
t3_design_space/per_seed_metrics__T9_L1_gf.csv,digits_pca16|6|post_footprint_off,mean_acc,0.7586514746164245,0.7586514746164245,1,1
t3_design_space/per_seed_metrics__T9_L1_gf.csv,digits_pca16|6|post_footprint_off,worst_acc,0.559322033898305,0.559322033898305,1,1
t3_design_space/per_seed_metrics__T9_L1_gf.csv,digits_pca16|6|post_footprint_off,fcm_obj,7.936258717791086,7.936258717791086,1,1
t3_design_space/per_seed_metrics__T9_L1_gf.csv,digits_pca16|7|post_footprint_off,min_dist,2.4146155778974108,2.4146155778974108,1,1
t3_design_space/per_seed_metrics__T9_L1_gf.csv,digits_pca16|7|post_footprint_off,mean_acc,0.7241779222201955,0.7241779222201955,1,1
t3_design_space/per_seed_metrics__T9_L1_gf.csv,digits_pca16|7|post_footprint_off,worst_acc,0.43333333333333335,0.43333333333333335,1,1
t3_design_space/per_seed_metrics__T9_L1_gf.csv,digits_pca16|7|post_footprint_off,fcm_obj,7.939515058536467,7.939515058536467,1,1
t3_design_space/per_seed_metrics__T9_L1_gf.csv,digits_pca16|8|post_footprint_off,min_dist,2.169186995126323,2.169186995126323,1,1
t3_design_space/per_seed_metrics__T9_L1_gf.csv,digits_pca16|8|post_footprint_off,mean_acc,0.7481228621452825,0.7481228621452825,1,1
t3_design_space/per_seed_metrics__T9_L1_gf.csv,digits_pca16|8|post_footprint_off,worst_acc,0.5706214689265536,0.5706214689265536,1,1
t3_design_space/per_seed_metrics__T9_L1_gf.csv,digits_pca16|8|post_footprint_off,fcm_obj,7.936182464463884,7.936182464463884,1,1
t3_design_space/per_seed_metrics__T9_L1_gf.csv,digits_pca16|9|post_footprint_off,min_dist,1.9906114596541413,1.9906114596541413,1,1
t3_design_space/per_seed_metrics__T9_L1_gf.csv,digits_pca16|9|post_footprint_off,mean_acc,0.6774084475807202,0.6774084475807202,1,1
t3_design_space/per_seed_metrics__T9_L1_gf.csv,digits_pca16|9|post_footprint_off,worst_acc,0.44505494505494503,0.44505494505494503,1,1
t3_design_space/per_seed_metrics__T9_L1_gf.csv,digits_pca16|9|post_footprint_off,fcm_obj,7.980189738423558,7.980189738423558,1,1
t3_design_space/per_seed_metrics__T9_L1_gf.csv,digits_pca32|0|post_footprint_off,min_dist,2.9117894165059623,2.9117894165059623,1,1
t3_design_space/per_seed_metrics__T9_L1_gf.csv,digits_pca32|0|post_footprint_off,mean_acc,0.7952790984799009,0.7952790984799009,1,1
t3_design_space/per_seed_metrics__T9_L1_gf.csv,digits_pca32|0|post_footprint_off,worst_acc,0.4689265536723164,0.4689265536723164,1,1
t3_design_space/per_seed_metrics__T9_L1_gf.csv,digits_pca32|0|post_footprint_off,fcm_obj,24.27181689965926,24.27181689965926,1,1
t3_design_space/per_seed_metrics__T9_L1_gf.csv,digits_pca32|1|post_footprint_off,min_dist,2.987885323389975,2.987885323389975,1,1
t3_design_space/per_seed_metrics__T9_L1_gf.csv,digits_pca32|1|post_footprint_off,mean_acc,0.7965479576246661,0.7965479576246661,1,1
t3_design_space/per_seed_metrics__T9_L1_gf.csv,digits_pca32|1|post_footprint_off,worst_acc,0.480225988700565,0.480225988700565,1,1
t3_design_space/per_seed_metrics__T9_L1_gf.csv,digits_pca32|1|post_footprint_off,fcm_obj,24.268619153560493,24.268619153560493,1,1
t3_design_space/per_seed_metrics__T9_L1_gf.csv,digits_pca32|2|post_footprint_off,min_dist,2.905793975698612,2.905793975698612,1,1
t3_design_space/per_seed_metrics__T9_L1_gf.csv,digits_pca32|2|post_footprint_off,mean_acc,0.7400639444710198,0.7400639444710198,1,1
t3_design_space/per_seed_metrics__T9_L1_gf.csv,digits_pca32|2|post_footprint_off,worst_acc,0.4463276836158192,0.4463276836158192,1,1
t3_design_space/per_seed_metrics__T9_L1_gf.csv,digits_pca32|2|post_footprint_off,fcm_obj,24.42639580958353,24.42639580958353,1,1
t3_design_space/per_seed_metrics__T9_L1_gf.csv,digits_pca32|3|post_footprint_off,min_dist,2.907194308648585,2.907194308648585,1,1
t3_design_space/per_seed_metrics__T9_L1_gf.csv,digits_pca32|3|post_footprint_off,mean_acc,0.7958002486945692,0.7958002486945692,1,1
t3_design_space/per_seed_metrics__T9_L1_gf.csv,digits_pca32|3|post_footprint_off,worst_acc,0.6045197740112994,0.6045197740112994,1,1
t3_design_space/per_seed_metrics__T9_L1_gf.csv,digits_pca32|3|post_footprint_off,fcm_obj,24.192275476966245,24.192275476966245,1,1
t3_design_space/per_seed_metrics__T9_L1_gf.csv,digits_pca32|4|post_footprint_off,min_dist,2.7661497445663144,2.7661497445663144,1,1
t3_design_space/per_seed_metrics__T9_L1_gf.csv,digits_pca32|4|post_footprint_off,mean_acc,0.6837122640957858,0.6837122640957858,1,1
t3_design_space/per_seed_metrics__T9_L1_gf.csv,digits_pca32|4|post_footprint_off,worst_acc,0.519774011299435,0.519774011299435,1,1
t3_design_space/per_seed_metrics__T9_L1_gf.csv,digits_pca32|4|post_footprint_off,fcm_obj,24.54267593883987,24.54267593883987,1,1
t3_design_space/per_seed_metrics__T9_L1_gf.csv,digits_pca32|5|post_footprint_off,min_dist,2.867461820735069,2.867461820735069,1,1
t3_design_space/per_seed_metrics__T9_L1_gf.csv,digits_pca32|5|post_footprint_off,mean_acc,0.8257072907265364,0.8257072907265364,1,1
t3_design_space/per_seed_metrics__T9_L1_gf.csv,digits_pca32|5|post_footprint_off,worst_acc,0.45555555555555555,0.45555555555555555,1,1
t3_design_space/per_seed_metrics__T9_L1_gf.csv,digits_pca32|5|post_footprint_off,fcm_obj,24.085252909509443,24.085252909509443,1,1
t3_design_space/per_seed_metrics__T9_L1_gf.csv,digits_pca32|6|post_footprint_off,min_dist,3.0213581663961127,3.0213581663961127,1,1
t3_design_space/per_seed_metrics__T9_L1_gf.csv,digits_pca32|6|post_footprint_off,mean_acc,0.8318421342475333,0.8318421342475333,1,1
t3_design_space/per_seed_metrics__T9_L1_gf.csv,digits_pca32|6|post_footprint_off,worst_acc,0.4858757062146893,0.4858757062146893,1,1
t3_design_space/per_seed_metrics__T9_L1_gf.csv,digits_pca32|6|post_footprint_off,fcm_obj,24.076561186899916,24.076561186899916,1,1
t3_design_space/per_seed_metrics__T9_L1_gf.csv,digits_pca32|7|post_footprint_off,min_dist,2.8399166516138217,2.8399166516138217,1,1
t3_design_space/per_seed_metrics__T9_L1_gf.csv,digits_pca32|7|post_footprint_off,mean_acc,0.7348961870544535,0.7348961870544535,1,1
t3_design_space/per_seed_metrics__T9_L1_gf.csv,digits_pca32|7|post_footprint_off,worst_acc,0.5444444444444444,0.5444444444444444,1,1
t3_design_space/per_seed_metrics__T9_L1_gf.csv,digits_pca32|7|post_footprint_off,fcm_obj,24.19076116639907,24.19076116639907,1,1
t3_design_space/per_seed_metrics__T9_L1_gf.csv,digits_pca32|8|post_footprint_off,min_dist,2.7895066475027317,2.7895066475027317,1,1
t3_design_space/per_seed_metrics__T9_L1_gf.csv,digits_pca32|8|post_footprint_off,mean_acc,0.7986677540813936,0.7986677540813936,1,1
t3_design_space/per_seed_metrics__T9_L1_gf.csv,digits_pca32|8|post_footprint_off,worst_acc,0.4971751412429379,0.4971751412429379,1,1
t3_design_space/per_seed_metrics__T9_L1_gf.csv,digits_pca32|8|post_footprint_off,fcm_obj,24.368429836750853,24.368429836750853,1,1
t3_design_space/per_seed_metrics__T9_L1_gf.csv,digits_pca32|9|post_footprint_off,min_dist,2.773137457373481,2.773137457373481,1,1
t3_design_space/per_seed_metrics__T9_L1_gf.csv,digits_pca32|9|post_footprint_off,mean_acc,0.7316453546382848,0.7316453546382848,1,1
t3_design_space/per_seed_metrics__T9_L1_gf.csv,digits_pca32|9|post_footprint_off,worst_acc,0.4388888888888889,0.4388888888888889,1,1
t3_design_space/per_seed_metrics__T9_L1_gf.csv,digits_pca32|9|post_footprint_off,fcm_obj,24.355215708927663,24.355215708927663,1,1
t3_design_space/per_seed_metrics__T9_L1_gf.csv,letter|0|post_footprint_off,min_dist,1.4360327996602638,1.4360327996602638,1,1
t3_design_space/per_seed_metrics__T9_L1_gf.csv,letter|0|post_footprint_off,mean_acc,0.3104659240516055,0.3104659240516055,1,1
t3_design_space/per_seed_metrics__T9_L1_gf.csv,letter|0|post_footprint_off,worst_acc,0.18264563106796117,0.18264563106796117,1,1
t3_design_space/per_seed_metrics__T9_L1_gf.csv,letter|0|post_footprint_off,fcm_obj,5.053570060064365,5.053570060064365,1,1
t3_design_space/per_seed_metrics__T9_L1_gf.csv,letter|1|post_footprint_off,min_dist,1.4288041128776159,1.4288041128776159,1,1
t3_design_space/per_seed_metrics__T9_L1_gf.csv,letter|1|post_footprint_off,mean_acc,0.31202529687357317,0.31202529687357317,1,1
t3_design_space/per_seed_metrics__T9_L1_gf.csv,letter|1|post_footprint_off,worst_acc,0.21177184466019416,0.21177184466019416,1,1
t3_design_space/per_seed_metrics__T9_L1_gf.csv,letter|1|post_footprint_off,fcm_obj,5.110058719690052,5.110058719690052,1,1
t3_design_space/per_seed_metrics__T9_L1_gf.csv,letter|2|post_footprint_off,min_dist,1.7019914505229077,1.7019914505229077,1,1
t3_design_space/per_seed_metrics__T9_L1_gf.csv,letter|2|post_footprint_off,mean_acc,0.298884504724506,0.298884504724506,1,1
t3_design_space/per_seed_metrics__T9_L1_gf.csv,letter|2|post_footprint_off,worst_acc,0.19963592233009708,0.19963592233009708,1,1
t3_design_space/per_seed_metrics__T9_L1_gf.csv,letter|2|post_footprint_off,fcm_obj,5.041287011827227,5.041287011827227,1,1
t3_design_space/per_seed_metrics__T9_L1_gf.csv,letter|3|post_footprint_off,min_dist,1.4587857496515697,1.4587857496515697,1,1
t3_design_space/per_seed_metrics__T9_L1_gf.csv,letter|3|post_footprint_off,mean_acc,0.313936019330118,0.313936019330118,1,1
t3_design_space/per_seed_metrics__T9_L1_gf.csv,letter|3|post_footprint_off,worst_acc,0.20388349514563106,0.20388349514563106,1,1
t3_design_space/per_seed_metrics__T9_L1_gf.csv,letter|3|post_footprint_off,fcm_obj,4.960863063956651,4.960863063956651,1,1
t3_design_space/per_seed_metrics__T9_L1_gf.csv,letter|4|post_footprint_off,min_dist,1.2374363915904838,1.2374363915904838,1,1
t3_design_space/per_seed_metrics__T9_L1_gf.csv,letter|4|post_footprint_off,mean_acc,0.3070600034591583,0.3070600034591583,1,1
t3_design_space/per_seed_metrics__T9_L1_gf.csv,letter|4|post_footprint_off,worst_acc,0.1966019417475728,0.1966019417475728,1,1
t3_design_space/per_seed_metrics__T9_L1_gf.csv,letter|4|post_footprint_off,fcm_obj,4.970845958849685,4.970845958849685,1,1
t3_design_space/per_seed_metrics__T9_L1_gf.csv,letter|5|post_footprint_off,min_dist,1.2811880908688245,1.2811880908688245,1,1
t3_design_space/per_seed_metrics__T9_L1_gf.csv,letter|5|post_footprint_off,mean_acc,0.2704616022735588,0.2704616022735588,1,1
t3_design_space/per_seed_metrics__T9_L1_gf.csv,letter|5|post_footprint_off,worst_acc,0.19235436893203883,0.19235436893203883,1,1
t3_design_space/per_seed_metrics__T9_L1_gf.csv,letter|5|post_footprint_off,fcm_obj,5.10982612292727,5.10982612292727,1,1
t3_design_space/per_seed_metrics__T9_L1_gf.csv,letter|6|post_footprint_off,min_dist,1.728353162024031,1.728353162024031,1,1
t3_design_space/per_seed_metrics__T9_L1_gf.csv,letter|6|post_footprint_off,mean_acc,0.3089304106348281,0.3089304106348281,1,1
t3_design_space/per_seed_metrics__T9_L1_gf.csv,letter|6|post_footprint_off,worst_acc,0.21419902912621358,0.21419902912621358,1,1
t3_design_space/per_seed_metrics__T9_L1_gf.csv,letter|6|post_footprint_off,fcm_obj,4.958205613920405,4.958205613920405,1,1
t3_design_space/per_seed_metrics__T9_L1_gf.csv,letter|7|post_footprint_off,min_dist,1.3534497137087576,1.3534497137087576,1,1
t3_design_space/per_seed_metrics__T9_L1_gf.csv,letter|7|post_footprint_off,mean_acc,0.2785892666179728,0.2785892666179728,1,1
t3_design_space/per_seed_metrics__T9_L1_gf.csv,letter|7|post_footprint_off,worst_acc,0.2032766990291262,0.2032766990291262,1,1
t3_design_space/per_seed_metrics__T9_L1_gf.csv,letter|7|post_footprint_off,fcm_obj,5.092459762396647,5.092459762396647,1,1
t3_design_space/per_seed_metrics__T9_L1_gf.csv,letter|8|post_footprint_off,min_dist,1.2671536289522183,1.2671536289522183,1,1
t3_design_space/per_seed_metrics__T9_L1_gf.csv,letter|8|post_footprint_off,mean_acc,0.31353227270103445,0.31353227270103445,1,1
t3_design_space/per_seed_metrics__T9_L1_gf.csv,letter|8|post_footprint_off,worst_acc,0.20570388349514562,0.20570388349514562,1,1
t3_design_space/per_seed_metrics__T9_L1_gf.csv,letter|8|post_footprint_off,fcm_obj,5.016617962653678,5.016617962653678,1,1
t3_design_space/per_seed_metrics__T9_L1_gf.csv,letter|9|post_footprint_off,min_dist,1.4168354694106844,1.4168354694106844,1,1
t3_design_space/per_seed_metrics__T9_L1_gf.csv,letter|9|post_footprint_off,mean_acc,0.3158576213491577,0.3158576213491577,1,1
t3_design_space/per_seed_metrics__T9_L1_gf.csv,letter|9|post_footprint_off,worst_acc,0.19599514563106796,0.19599514563106796,1,1
t3_design_space/per_seed_metrics__T9_L1_gf.csv,letter|9|post_footprint_off,fcm_obj,4.993085196807098,4.993085196807098,1,1
t3_design_space/per_seed_metrics__T9_L1_gf.csv,mnist784_pca32 (20c)|0|post_footprint_off,min_dist,2.680059163036132,2.680059163036132,1,1
t3_design_space/per_seed_metrics__T9_L1_gf.csv,mnist784_pca32 (20c)|0|post_footprint_off,mean_acc,0.6208338183510955,0.6208338183510955,1,1
t3_design_space/per_seed_metrics__T9_L1_gf.csv,mnist784_pca32 (20c)|0|post_footprint_off,worst_acc,0.5105353075170843,0.5105353075170843,1,1
t3_design_space/per_seed_metrics__T9_L1_gf.csv,mnist784_pca32 (20c)|0|post_footprint_off,fcm_obj,24.486745825972953,24.486745825972953,1,1
t3_design_space/per_seed_metrics__T9_L1_gf.csv,mnist784_pca32 (20c)|1|post_footprint_off,min_dist,2.600027962788574,2.600027962788574,1,1
t3_design_space/per_seed_metrics__T9_L1_gf.csv,mnist784_pca32 (20c)|1|post_footprint_off,mean_acc,0.6488646854642088,0.6488646854642088,1,1
t3_design_space/per_seed_metrics__T9_L1_gf.csv,mnist784_pca32 (20c)|1|post_footprint_off,worst_acc,0.5667838312829525,0.5667838312829525,1,1
t3_design_space/per_seed_metrics__T9_L1_gf.csv,mnist784_pca32 (20c)|1|post_footprint_off,fcm_obj,24.469353101294942,24.469353101294942,1,1
t3_design_space/per_seed_metrics__T9_L1_gf.csv,mnist784_pca32 (20c)|2|post_footprint_off,min_dist,2.504531995545949,2.504531995545949,1,1
t3_design_space/per_seed_metrics__T9_L1_gf.csv,mnist784_pca32 (20c)|2|post_footprint_off,mean_acc,0.5326129330717673,0.5326129330717673,1,1
t3_design_space/per_seed_metrics__T9_L1_gf.csv,mnist784_pca32 (20c)|2|post_footprint_off,worst_acc,0.3838523009093414,0.3838523009093414,1,1
t3_design_space/per_seed_metrics__T9_L1_gf.csv,mnist784_pca32 (20c)|2|post_footprint_off,fcm_obj,24.556607121364756,24.556607121364756,1,1
t3_design_space/per_seed_metrics__T9_L1_gf.csv,mnist784_pca32 (20c)|3|post_footprint_off,min_dist,2.1571376965254934,2.1571376965254934,1,1
t3_design_space/per_seed_metrics__T9_L1_gf.csv,mnist784_pca32 (20c)|3|post_footprint_off,mean_acc,0.6004204711543313,0.6004204711543313,1,1
t3_design_space/per_seed_metrics__T9_L1_gf.csv,mnist784_pca32 (20c)|3|post_footprint_off,worst_acc,0.4860826252563727,0.4860826252563727,1,1
t3_design_space/per_seed_metrics__T9_L1_gf.csv,mnist784_pca32 (20c)|3|post_footprint_off,fcm_obj,24.47835220896388,24.47835220896388,1,1
t3_design_space/per_seed_metrics__T9_L1_gf.csv,mnist784_pca32 (20c)|4|post_footprint_off,min_dist,2.459779644742596,2.459779644742596,1,1
t3_design_space/per_seed_metrics__T9_L1_gf.csv,mnist784_pca32 (20c)|4|post_footprint_off,mean_acc,0.6385506460404156,0.6385506460404156,1,1
t3_design_space/per_seed_metrics__T9_L1_gf.csv,mnist784_pca32 (20c)|4|post_footprint_off,worst_acc,0.518746338605741,0.518746338605741,1,1
t3_design_space/per_seed_metrics__T9_L1_gf.csv,mnist784_pca32 (20c)|4|post_footprint_off,fcm_obj,24.57020652534955,24.57020652534955,1,1
t3_design_space/per_seed_metrics__T9_L1_gf.csv,mnist784_pca32 (20c)|5|post_footprint_off,min_dist,2.4370775033393426,2.4370775033393426,1,1
t3_design_space/per_seed_metrics__T9_L1_gf.csv,mnist784_pca32 (20c)|5|post_footprint_off,mean_acc,0.6176688228476721,0.6176688228476721,1,1
t3_design_space/per_seed_metrics__T9_L1_gf.csv,mnist784_pca32 (20c)|5|post_footprint_off,worst_acc,0.5169888693614528,0.5169888693614528,1,1
t3_design_space/per_seed_metrics__T9_L1_gf.csv,mnist784_pca32 (20c)|5|post_footprint_off,fcm_obj,24.531172306656195,24.531172306656195,1,1
t3_design_space/per_seed_metrics__T9_L1_gf.csv,mnist784_pca32 (20c)|6|post_footprint_off,min_dist,2.152219152685451,2.152219152685451,1,1
t3_design_space/per_seed_metrics__T9_L1_gf.csv,mnist784_pca32 (20c)|6|post_footprint_off,mean_acc,0.606314543047003,0.606314543047003,1,1
t3_design_space/per_seed_metrics__T9_L1_gf.csv,mnist784_pca32 (20c)|6|post_footprint_off,worst_acc,0.5162613536478172,0.5162613536478172,1,1
t3_design_space/per_seed_metrics__T9_L1_gf.csv,mnist784_pca32 (20c)|6|post_footprint_off,fcm_obj,24.477916937168068,24.477916937168068,1,1
t3_design_space/per_seed_metrics__T9_L1_gf.csv,mnist784_pca32 (20c)|7|post_footprint_off,min_dist,2.508609549076495,2.508609549076495,1,1
t3_design_space/per_seed_metrics__T9_L1_gf.csv,mnist784_pca32 (20c)|7|post_footprint_off,mean_acc,0.6018252187514912,0.6018252187514912,1,1
t3_design_space/per_seed_metrics__T9_L1_gf.csv,mnist784_pca32 (20c)|7|post_footprint_off,worst_acc,0.43455497382198954,0.43455497382198954,1,1
t3_design_space/per_seed_metrics__T9_L1_gf.csv,mnist784_pca32 (20c)|7|post_footprint_off,fcm_obj,24.470186022804285,24.470186022804285,1,1
t3_design_space/per_seed_metrics__T9_L1_gf.csv,mnist784_pca32 (20c)|8|post_footprint_off,min_dist,2.534626063353546,2.534626063353546,1,1
t3_design_space/per_seed_metrics__T9_L1_gf.csv,mnist784_pca32 (20c)|8|post_footprint_off,mean_acc,0.5869655802561231,0.5869655802561231,1,1
t3_design_space/per_seed_metrics__T9_L1_gf.csv,mnist784_pca32 (20c)|8|post_footprint_off,worst_acc,0.5140365222131371,0.5140365222131371,1,1
t3_design_space/per_seed_metrics__T9_L1_gf.csv,mnist784_pca32 (20c)|8|post_footprint_off,fcm_obj,24.44626741616582,24.44626741616582,1,1
t3_design_space/per_seed_metrics__T9_L1_gf.csv,mnist784_pca32 (20c)|9|post_footprint_off,min_dist,2.559149869443787,2.559149869443787,1,1
t3_design_space/per_seed_metrics__T9_L1_gf.csv,mnist784_pca32 (20c)|9|post_footprint_off,mean_acc,0.6382290074707774,0.6382290074707774,1,1
t3_design_space/per_seed_metrics__T9_L1_gf.csv,mnist784_pca32 (20c)|9|post_footprint_off,worst_acc,0.4925285672428948,0.4925285672428948,1,1
t3_design_space/per_seed_metrics__T9_L1_gf.csv,mnist784_pca32 (20c)|9|post_footprint_off,fcm_obj,24.46333314710688,24.46333314710688,1,1
t3_design_space/per_seed_metrics__T9_L1_gf.csv,mnist784_pca32 (50c)|0|post_footprint_off,min_dist,2.383021374900161,2.383021374900161,1,1
t3_design_space/per_seed_metrics__T9_L1_gf.csv,mnist784_pca32 (50c)|0|post_footprint_off,mean_acc,0.6460285326490265,0.6460285326490265,1,1
t3_design_space/per_seed_metrics__T9_L1_gf.csv,mnist784_pca32 (50c)|0|post_footprint_off,worst_acc,0.5206258890469416,0.5206258890469416,1,1
t3_design_space/per_seed_metrics__T9_L1_gf.csv,mnist784_pca32 (50c)|0|post_footprint_off,fcm_obj,24.51638300269355,24.51638300269355,1,1
t3_design_space/per_seed_metrics__T9_L1_gf.csv,mnist784_pca32 (50c)|1|post_footprint_off,min_dist,2.358723836981977,2.358723836981977,1,1
t3_design_space/per_seed_metrics__T9_L1_gf.csv,mnist784_pca32 (50c)|1|post_footprint_off,mean_acc,0.5194136267861184,0.5194136267861184,1,1
t3_design_space/per_seed_metrics__T9_L1_gf.csv,mnist784_pca32 (50c)|1|post_footprint_off,worst_acc,0.38800827015851136,0.38800827015851136,1,1
t3_design_space/per_seed_metrics__T9_L1_gf.csv,mnist784_pca32 (50c)|1|post_footprint_off,fcm_obj,24.539787237240827,24.539787237240827,1,1
t3_design_space/per_seed_metrics__T9_L1_gf.csv,mnist784_pca32 (50c)|2|post_footprint_off,min_dist,2.4859470646933945,2.4859470646933945,1,1
t3_design_space/per_seed_metrics__T9_L1_gf.csv,mnist784_pca32 (50c)|2|post_footprint_off,mean_acc,0.6384415473053741,0.6384415473053741,1,1
t3_design_space/per_seed_metrics__T9_L1_gf.csv,mnist784_pca32 (50c)|2|post_footprint_off,worst_acc,0.5414201183431953,0.5414201183431953,1,1
t3_design_space/per_seed_metrics__T9_L1_gf.csv,mnist784_pca32 (50c)|2|post_footprint_off,fcm_obj,24.523018386934247,24.523018386934247,1,1
t3_design_space/per_seed_metrics__T9_L1_gf.csv,mnist784_pca32 (50c)|3|post_footprint_off,min_dist,2.563382446736033,2.563382446736033,1,1
t3_design_space/per_seed_metrics__T9_L1_gf.csv,mnist784_pca32 (50c)|3|post_footprint_off,mean_acc,0.6475483399056848,0.6475483399056848,1,1
t3_design_space/per_seed_metrics__T9_L1_gf.csv,mnist784_pca32 (50c)|3|post_footprint_off,worst_acc,0.5435897435897435,0.5435897435897435,1,1
t3_design_space/per_seed_metrics__T9_L1_gf.csv,mnist784_pca32 (50c)|3|post_footprint_off,fcm_obj,24.517026937418173,24.517026937418173,1,1
t3_design_space/per_seed_metrics__T9_L1_gf.csv,mnist784_pca32 (50c)|4|post_footprint_off,min_dist,2.5794520986068132,2.5794520986068132,1,1
t3_design_space/per_seed_metrics__T9_L1_gf.csv,mnist784_pca32 (50c)|4|post_footprint_off,mean_acc,0.6330918131410694,0.6330918131410694,1,1
t3_design_space/per_seed_metrics__T9_L1_gf.csv,mnist784_pca32 (50c)|4|post_footprint_off,worst_acc,0.47291361639824303,0.47291361639824303,1,1
t3_design_space/per_seed_metrics__T9_L1_gf.csv,mnist784_pca32 (50c)|4|post_footprint_off,fcm_obj,24.46962660451511,24.46962660451511,1,1
t3_design_space/per_seed_metrics__T9_L1_gf.csv,mnist784_pca32 (50c)|5|post_footprint_off,min_dist,2.4773188488366786,2.4773188488366786,1,1
t3_design_space/per_seed_metrics__T9_L1_gf.csv,mnist784_pca32 (50c)|5|post_footprint_off,mean_acc,0.5396111885897377,0.5396111885897377,1,1
t3_design_space/per_seed_metrics__T9_L1_gf.csv,mnist784_pca32 (50c)|5|post_footprint_off,worst_acc,0.44648943421949555,0.44648943421949555,1,1
t3_design_space/per_seed_metrics__T9_L1_gf.csv,mnist784_pca32 (50c)|5|post_footprint_off,fcm_obj,24.48443413406274,24.48443413406274,1,1
t3_design_space/per_seed_metrics__T9_L1_gf.csv,mnist784_pca32 (50c)|6|post_footprint_off,min_dist,2.350310833012723,2.350310833012723,1,1
t3_design_space/per_seed_metrics__T9_L1_gf.csv,mnist784_pca32 (50c)|6|post_footprint_off,mean_acc,0.6561065320836973,0.6561065320836973,1,1
t3_design_space/per_seed_metrics__T9_L1_gf.csv,mnist784_pca32 (50c)|6|post_footprint_off,worst_acc,0.48668639053254437,0.48668639053254437,1,1
t3_design_space/per_seed_metrics__T9_L1_gf.csv,mnist784_pca32 (50c)|6|post_footprint_off,fcm_obj,24.54610911511731,24.54610911511731,1,1
t3_design_space/per_seed_metrics__T9_L1_gf.csv,mnist784_pca32 (50c)|7|post_footprint_off,min_dist,2.6742798396739014,2.6742798396739014,1,1
t3_design_space/per_seed_metrics__T9_L1_gf.csv,mnist784_pca32 (50c)|7|post_footprint_off,mean_acc,0.6088583707032637,0.6088583707032637,1,1
t3_design_space/per_seed_metrics__T9_L1_gf.csv,mnist784_pca32 (50c)|7|post_footprint_off,worst_acc,0.4896797153024911,0.4896797153024911,1,1
t3_design_space/per_seed_metrics__T9_L1_gf.csv,mnist784_pca32 (50c)|7|post_footprint_off,fcm_obj,24.510249158121166,24.510249158121166,1,1
t3_design_space/per_seed_metrics__T9_L1_gf.csv,mnist784_pca32 (50c)|8|post_footprint_off,min_dist,2.6627789697063746,2.6627789697063746,1,1
t3_design_space/per_seed_metrics__T9_L1_gf.csv,mnist784_pca32 (50c)|8|post_footprint_off,mean_acc,0.6042063709783166,0.6042063709783166,1,1
t3_design_space/per_seed_metrics__T9_L1_gf.csv,mnist784_pca32 (50c)|8|post_footprint_off,worst_acc,0.48280907095830283,0.48280907095830283,1,1
t3_design_space/per_seed_metrics__T9_L1_gf.csv,mnist784_pca32 (50c)|8|post_footprint_off,fcm_obj,24.527284593989076,24.527284593989076,1,1
t3_design_space/per_seed_metrics__T9_L1_gf.csv,mnist784_pca32 (50c)|9|post_footprint_off,min_dist,2.553448043506693,2.553448043506693,1,1
t3_design_space/per_seed_metrics__T9_L1_gf.csv,mnist784_pca32 (50c)|9|post_footprint_off,mean_acc,0.6022467442519985,0.6022467442519985,1,1
t3_design_space/per_seed_metrics__T9_L1_gf.csv,mnist784_pca32 (50c)|9|post_footprint_off,worst_acc,0.5266903914590747,0.5266903914590747,1,1
t3_design_space/per_seed_metrics__T9_L1_gf.csv,mnist784_pca32 (50c)|9|post_footprint_off,fcm_obj,24.43279756792939,24.43279756792939,1,1
"t3_design_space/per_seed_metrics__T9_L1_gf.csv [prior noES, new early-stop: acc only, advisory]",cluster_skew_hard|0|post_footprint_on,mean_acc,0.8640151515151514,0.8640151515151514,1,0
"t3_design_space/per_seed_metrics__T9_L1_gf.csv [prior noES, new early-stop: acc only, advisory]",cluster_skew_hard|0|post_footprint_on,worst_acc,0.5454545454545454,0.5454545454545454,1,0
"t3_design_space/per_seed_metrics__T9_L1_gf.csv [prior noES, new early-stop: acc only, advisory]",cluster_skew_hard|1|post_footprint_on,mean_acc,1.0,1.0,1,0
"t3_design_space/per_seed_metrics__T9_L1_gf.csv [prior noES, new early-stop: acc only, advisory]",cluster_skew_hard|1|post_footprint_on,worst_acc,1.0,1.0,1,0
"t3_design_space/per_seed_metrics__T9_L1_gf.csv [prior noES, new early-stop: acc only, advisory]",cluster_skew_hard|2|post_footprint_on,mean_acc,1.0,1.0,1,0
"t3_design_space/per_seed_metrics__T9_L1_gf.csv [prior noES, new early-stop: acc only, advisory]",cluster_skew_hard|2|post_footprint_on,worst_acc,1.0,1.0,1,0
"t3_design_space/per_seed_metrics__T9_L1_gf.csv [prior noES, new early-stop: acc only, advisory]",cluster_skew_hard|3|post_footprint_on,mean_acc,1.0,1.0,1,0
"t3_design_space/per_seed_metrics__T9_L1_gf.csv [prior noES, new early-stop: acc only, advisory]",cluster_skew_hard|3|post_footprint_on,worst_acc,1.0,1.0,1,0
"t3_design_space/per_seed_metrics__T9_L1_gf.csv [prior noES, new early-stop: acc only, advisory]",cluster_skew_hard|4|post_footprint_on,mean_acc,0.8723484848484847,0.8723484848484847,1,0
"t3_design_space/per_seed_metrics__T9_L1_gf.csv [prior noES, new early-stop: acc only, advisory]",cluster_skew_hard|4|post_footprint_on,worst_acc,0.5545454545454546,0.5545454545454546,1,0
"t3_design_space/per_seed_metrics__T9_L1_gf.csv [prior noES, new early-stop: acc only, advisory]",cluster_skew_hard|5|post_footprint_on,mean_acc,1.0,1.0,1,0
"t3_design_space/per_seed_metrics__T9_L1_gf.csv [prior noES, new early-stop: acc only, advisory]",cluster_skew_hard|5|post_footprint_on,worst_acc,1.0,1.0,1,0
"t3_design_space/per_seed_metrics__T9_L1_gf.csv [prior noES, new early-stop: acc only, advisory]",cluster_skew_hard|6|post_footprint_on,mean_acc,1.0,1.0,1,0
"t3_design_space/per_seed_metrics__T9_L1_gf.csv [prior noES, new early-stop: acc only, advisory]",cluster_skew_hard|6|post_footprint_on,worst_acc,1.0,1.0,1,0
"t3_design_space/per_seed_metrics__T9_L1_gf.csv [prior noES, new early-stop: acc only, advisory]",cluster_skew_hard|7|post_footprint_on,mean_acc,1.0,1.0,1,0
"t3_design_space/per_seed_metrics__T9_L1_gf.csv [prior noES, new early-stop: acc only, advisory]",cluster_skew_hard|7|post_footprint_on,worst_acc,1.0,1.0,1,0
"t3_design_space/per_seed_metrics__T9_L1_gf.csv [prior noES, new early-stop: acc only, advisory]",cluster_skew_hard|8|post_footprint_on,mean_acc,0.8727272727272726,0.8727272727272726,1,0
"t3_design_space/per_seed_metrics__T9_L1_gf.csv [prior noES, new early-stop: acc only, advisory]",cluster_skew_hard|8|post_footprint_on,worst_acc,0.5363636363636364,0.5363636363636364,1,0
"t3_design_space/per_seed_metrics__T9_L1_gf.csv [prior noES, new early-stop: acc only, advisory]",cluster_skew_hard|9|post_footprint_on,mean_acc,1.0,1.0,1,0
"t3_design_space/per_seed_metrics__T9_L1_gf.csv [prior noES, new early-stop: acc only, advisory]",cluster_skew_hard|9|post_footprint_on,worst_acc,1.0,1.0,1,0
"t3_design_space/per_seed_metrics__T9_L1_gf.csv [prior noES, new early-stop: acc only, advisory]",cluster_skew_overlap|0|post_footprint_on,mean_acc,0.8446969696969697,0.8446969696969697,1,0
"t3_design_space/per_seed_metrics__T9_L1_gf.csv [prior noES, new early-stop: acc only, advisory]",cluster_skew_overlap|0|post_footprint_on,worst_acc,0.7909090909090909,0.7909090909090909,1,0
"t3_design_space/per_seed_metrics__T9_L1_gf.csv [prior noES, new early-stop: acc only, advisory]",cluster_skew_overlap|1|post_footprint_on,mean_acc,0.8454545454545456,0.8454545454545456,1,0
"t3_design_space/per_seed_metrics__T9_L1_gf.csv [prior noES, new early-stop: acc only, advisory]",cluster_skew_overlap|1|post_footprint_on,worst_acc,0.7909090909090909,0.7909090909090909,1,0
"t3_design_space/per_seed_metrics__T9_L1_gf.csv [prior noES, new early-stop: acc only, advisory]",cluster_skew_overlap|2|post_footprint_on,mean_acc,0.8443181818181817,0.8443181818181817,1,0
"t3_design_space/per_seed_metrics__T9_L1_gf.csv [prior noES, new early-stop: acc only, advisory]",cluster_skew_overlap|2|post_footprint_on,worst_acc,0.7954545454545454,0.7954545454545454,1,0
"t3_design_space/per_seed_metrics__T9_L1_gf.csv [prior noES, new early-stop: acc only, advisory]",cluster_skew_overlap|3|post_footprint_on,mean_acc,0.8378787878787879,0.8378787878787879,1,0
"t3_design_space/per_seed_metrics__T9_L1_gf.csv [prior noES, new early-stop: acc only, advisory]",cluster_skew_overlap|3|post_footprint_on,worst_acc,0.7818181818181819,0.7818181818181819,1,0
"t3_design_space/per_seed_metrics__T9_L1_gf.csv [prior noES, new early-stop: acc only, advisory]",cluster_skew_overlap|4|post_footprint_on,mean_acc,0.8458333333333332,0.8458333333333332,1,0
"t3_design_space/per_seed_metrics__T9_L1_gf.csv [prior noES, new early-stop: acc only, advisory]",cluster_skew_overlap|4|post_footprint_on,worst_acc,0.759090909090909,0.759090909090909,1,0
"t3_design_space/per_seed_metrics__T9_L1_gf.csv [prior noES, new early-stop: acc only, advisory]",cluster_skew_overlap|5|post_footprint_on,mean_acc,0.846969696969697,0.846969696969697,1,0
"t3_design_space/per_seed_metrics__T9_L1_gf.csv [prior noES, new early-stop: acc only, advisory]",cluster_skew_overlap|5|post_footprint_on,worst_acc,0.75,0.75,1,0
"t3_design_space/per_seed_metrics__T9_L1_gf.csv [prior noES, new early-stop: acc only, advisory]",cluster_skew_overlap|6|post_footprint_on,mean_acc,0.8659090909090909,0.8659090909090909,1,0
"t3_design_space/per_seed_metrics__T9_L1_gf.csv [prior noES, new early-stop: acc only, advisory]",cluster_skew_overlap|6|post_footprint_on,worst_acc,0.8090909090909091,0.8090909090909091,1,0
"t3_design_space/per_seed_metrics__T9_L1_gf.csv [prior noES, new early-stop: acc only, advisory]",cluster_skew_overlap|7|post_footprint_on,mean_acc,0.8462121212121213,0.8462121212121213,1,0
"t3_design_space/per_seed_metrics__T9_L1_gf.csv [prior noES, new early-stop: acc only, advisory]",cluster_skew_overlap|7|post_footprint_on,worst_acc,0.7772727272727272,0.7772727272727272,1,0
"t3_design_space/per_seed_metrics__T9_L1_gf.csv [prior noES, new early-stop: acc only, advisory]",cluster_skew_overlap|8|post_footprint_on,mean_acc,0.8465909090909091,0.8465909090909091,1,0
"t3_design_space/per_seed_metrics__T9_L1_gf.csv [prior noES, new early-stop: acc only, advisory]",cluster_skew_overlap|8|post_footprint_on,worst_acc,0.8045454545454546,0.8045454545454546,1,0
"t3_design_space/per_seed_metrics__T9_L1_gf.csv [prior noES, new early-stop: acc only, advisory]",cluster_skew_overlap|9|post_footprint_on,mean_acc,0.8363636363636363,0.8363636363636363,1,0
"t3_design_space/per_seed_metrics__T9_L1_gf.csv [prior noES, new early-stop: acc only, advisory]",cluster_skew_overlap|9|post_footprint_on,worst_acc,0.759090909090909,0.759090909090909,1,0
"t3_design_space/per_seed_metrics__T9_L1_gf.csv [prior noES, new early-stop: acc only, advisory]",dirichlet_0.03|0|post_footprint_on,mean_acc,1.0,1.0,1,0
"t3_design_space/per_seed_metrics__T9_L1_gf.csv [prior noES, new early-stop: acc only, advisory]",dirichlet_0.03|0|post_footprint_on,worst_acc,1.0,1.0,1,0
"t3_design_space/per_seed_metrics__T9_L1_gf.csv [prior noES, new early-stop: acc only, advisory]",dirichlet_0.03|1|post_footprint_on,mean_acc,1.0,1.0,1,0
"t3_design_space/per_seed_metrics__T9_L1_gf.csv [prior noES, new early-stop: acc only, advisory]",dirichlet_0.03|1|post_footprint_on,worst_acc,1.0,1.0,1,0
"t3_design_space/per_seed_metrics__T9_L1_gf.csv [prior noES, new early-stop: acc only, advisory]",dirichlet_0.03|2|post_footprint_on,mean_acc,1.0,1.0,1,0
"t3_design_space/per_seed_metrics__T9_L1_gf.csv [prior noES, new early-stop: acc only, advisory]",dirichlet_0.03|2|post_footprint_on,worst_acc,1.0,1.0,1,0
"t3_design_space/per_seed_metrics__T9_L1_gf.csv [prior noES, new early-stop: acc only, advisory]",dirichlet_0.03|3|post_footprint_on,mean_acc,1.0,1.0,1,0
"t3_design_space/per_seed_metrics__T9_L1_gf.csv [prior noES, new early-stop: acc only, advisory]",dirichlet_0.03|3|post_footprint_on,worst_acc,1.0,1.0,1,0
"t3_design_space/per_seed_metrics__T9_L1_gf.csv [prior noES, new early-stop: acc only, advisory]",dirichlet_0.03|4|post_footprint_on,mean_acc,1.0,1.0,1,0
"t3_design_space/per_seed_metrics__T9_L1_gf.csv [prior noES, new early-stop: acc only, advisory]",dirichlet_0.03|4|post_footprint_on,worst_acc,1.0,1.0,1,0
"t3_design_space/per_seed_metrics__T9_L1_gf.csv [prior noES, new early-stop: acc only, advisory]",dirichlet_0.03|5|post_footprint_on,mean_acc,1.0,1.0,1,0
"t3_design_space/per_seed_metrics__T9_L1_gf.csv [prior noES, new early-stop: acc only, advisory]",dirichlet_0.03|5|post_footprint_on,worst_acc,1.0,1.0,1,0
"t3_design_space/per_seed_metrics__T9_L1_gf.csv [prior noES, new early-stop: acc only, advisory]",dirichlet_0.03|6|post_footprint_on,mean_acc,1.0,1.0,1,0
"t3_design_space/per_seed_metrics__T9_L1_gf.csv [prior noES, new early-stop: acc only, advisory]",dirichlet_0.03|6|post_footprint_on,worst_acc,1.0,1.0,1,0
"t3_design_space/per_seed_metrics__T9_L1_gf.csv [prior noES, new early-stop: acc only, advisory]",dirichlet_0.03|7|post_footprint_on,mean_acc,1.0,1.0,1,0
"t3_design_space/per_seed_metrics__T9_L1_gf.csv [prior noES, new early-stop: acc only, advisory]",dirichlet_0.03|7|post_footprint_on,worst_acc,1.0,1.0,1,0
"t3_design_space/per_seed_metrics__T9_L1_gf.csv [prior noES, new early-stop: acc only, advisory]",dirichlet_0.03|8|post_footprint_on,mean_acc,1.0,1.0,1,0
"t3_design_space/per_seed_metrics__T9_L1_gf.csv [prior noES, new early-stop: acc only, advisory]",dirichlet_0.03|8|post_footprint_on,worst_acc,1.0,1.0,1,0
"t3_design_space/per_seed_metrics__T9_L1_gf.csv [prior noES, new early-stop: acc only, advisory]",dirichlet_0.03|9|post_footprint_on,mean_acc,1.0,1.0,1,0
"t3_design_space/per_seed_metrics__T9_L1_gf.csv [prior noES, new early-stop: acc only, advisory]",dirichlet_0.03|9|post_footprint_on,worst_acc,1.0,1.0,1,0
"t3_design_space/per_seed_metrics__T9_L1_gf.csv [prior noES, new early-stop: acc only, advisory]",dirichlet_0.1|0|post_footprint_on,mean_acc,1.0,1.0,1,0
"t3_design_space/per_seed_metrics__T9_L1_gf.csv [prior noES, new early-stop: acc only, advisory]",dirichlet_0.1|0|post_footprint_on,worst_acc,1.0,1.0,1,0
"t3_design_space/per_seed_metrics__T9_L1_gf.csv [prior noES, new early-stop: acc only, advisory]",dirichlet_0.1|1|post_footprint_on,mean_acc,1.0,1.0,1,0
"t3_design_space/per_seed_metrics__T9_L1_gf.csv [prior noES, new early-stop: acc only, advisory]",dirichlet_0.1|1|post_footprint_on,worst_acc,1.0,1.0,1,0
"t3_design_space/per_seed_metrics__T9_L1_gf.csv [prior noES, new early-stop: acc only, advisory]",dirichlet_0.1|2|post_footprint_on,mean_acc,0.8446969696969698,0.8446969696969698,1,0
"t3_design_space/per_seed_metrics__T9_L1_gf.csv [prior noES, new early-stop: acc only, advisory]",dirichlet_0.1|2|post_footprint_on,worst_acc,0.55,0.55,1,0
"t3_design_space/per_seed_metrics__T9_L1_gf.csv [prior noES, new early-stop: acc only, advisory]",dirichlet_0.1|3|post_footprint_on,mean_acc,1.0,1.0,1,0
"t3_design_space/per_seed_metrics__T9_L1_gf.csv [prior noES, new early-stop: acc only, advisory]",dirichlet_0.1|3|post_footprint_on,worst_acc,1.0,1.0,1,0
"t3_design_space/per_seed_metrics__T9_L1_gf.csv [prior noES, new early-stop: acc only, advisory]",dirichlet_0.1|4|post_footprint_on,mean_acc,0.9060606060606061,0.9060606060606061,1,0
"t3_design_space/per_seed_metrics__T9_L1_gf.csv [prior noES, new early-stop: acc only, advisory]",dirichlet_0.1|4|post_footprint_on,worst_acc,0.5727272727272728,0.5727272727272728,1,0
"t3_design_space/per_seed_metrics__T9_L1_gf.csv [prior noES, new early-stop: acc only, advisory]",dirichlet_0.1|5|post_footprint_on,mean_acc,1.0,1.0,1,0
"t3_design_space/per_seed_metrics__T9_L1_gf.csv [prior noES, new early-stop: acc only, advisory]",dirichlet_0.1|5|post_footprint_on,worst_acc,1.0,1.0,1,0
"t3_design_space/per_seed_metrics__T9_L1_gf.csv [prior noES, new early-stop: acc only, advisory]",dirichlet_0.1|6|post_footprint_on,mean_acc,1.0,1.0,1,0
"t3_design_space/per_seed_metrics__T9_L1_gf.csv [prior noES, new early-stop: acc only, advisory]",dirichlet_0.1|6|post_footprint_on,worst_acc,1.0,1.0,1,0
"t3_design_space/per_seed_metrics__T9_L1_gf.csv [prior noES, new early-stop: acc only, advisory]",dirichlet_0.1|7|post_footprint_on,mean_acc,1.0,1.0,1,0
"t3_design_space/per_seed_metrics__T9_L1_gf.csv [prior noES, new early-stop: acc only, advisory]",dirichlet_0.1|7|post_footprint_on,worst_acc,1.0,1.0,1,0
"t3_design_space/per_seed_metrics__T9_L1_gf.csv [prior noES, new early-stop: acc only, advisory]",dirichlet_0.1|8|post_footprint_on,mean_acc,1.0,1.0,1,0
"t3_design_space/per_seed_metrics__T9_L1_gf.csv [prior noES, new early-stop: acc only, advisory]",dirichlet_0.1|8|post_footprint_on,worst_acc,1.0,1.0,1,0
"t3_design_space/per_seed_metrics__T9_L1_gf.csv [prior noES, new early-stop: acc only, advisory]",dirichlet_0.1|9|post_footprint_on,mean_acc,0.8215909090909091,0.8215909090909091,1,0
"t3_design_space/per_seed_metrics__T9_L1_gf.csv [prior noES, new early-stop: acc only, advisory]",dirichlet_0.1|9|post_footprint_on,worst_acc,0.5727272727272728,0.5727272727272728,1,0
"t3_design_space/per_seed_metrics__T9_L1_gf.csv [prior noES, new early-stop: acc only, advisory]",overlap_noise|0|post_footprint_on,mean_acc,0.8988636363636363,0.8988636363636363,1,0
"t3_design_space/per_seed_metrics__T9_L1_gf.csv [prior noES, new early-stop: acc only, advisory]",overlap_noise|0|post_footprint_on,worst_acc,0.85,0.85,1,0
"t3_design_space/per_seed_metrics__T9_L1_gf.csv [prior noES, new early-stop: acc only, advisory]",overlap_noise|1|post_footprint_on,mean_acc,0.9071969696969697,0.9071969696969697,1,0
"t3_design_space/per_seed_metrics__T9_L1_gf.csv [prior noES, new early-stop: acc only, advisory]",overlap_noise|1|post_footprint_on,worst_acc,0.8863636363636364,0.8863636363636364,1,0
"t3_design_space/per_seed_metrics__T9_L1_gf.csv [prior noES, new early-stop: acc only, advisory]",overlap_noise|2|post_footprint_on,mean_acc,0.9003787878787879,0.9003787878787879,1,0
"t3_design_space/per_seed_metrics__T9_L1_gf.csv [prior noES, new early-stop: acc only, advisory]",overlap_noise|2|post_footprint_on,worst_acc,0.8818181818181818,0.8818181818181818,1,0
"t3_design_space/per_seed_metrics__T9_L1_gf.csv [prior noES, new early-stop: acc only, advisory]",overlap_noise|3|post_footprint_on,mean_acc,0.8962121212121213,0.8962121212121213,1,0
"t3_design_space/per_seed_metrics__T9_L1_gf.csv [prior noES, new early-stop: acc only, advisory]",overlap_noise|3|post_footprint_on,worst_acc,0.8727272727272727,0.8727272727272727,1,0
"t3_design_space/per_seed_metrics__T9_L1_gf.csv [prior noES, new early-stop: acc only, advisory]",overlap_noise|4|post_footprint_on,mean_acc,0.9053030303030303,0.9053030303030303,1,0
"t3_design_space/per_seed_metrics__T9_L1_gf.csv [prior noES, new early-stop: acc only, advisory]",overlap_noise|4|post_footprint_on,worst_acc,0.8727272727272727,0.8727272727272727,1,0
"t3_design_space/per_seed_metrics__T9_L1_gf.csv [prior noES, new early-stop: acc only, advisory]",overlap_noise|5|post_footprint_on,mean_acc,0.9007575757575759,0.9007575757575759,1,0
"t3_design_space/per_seed_metrics__T9_L1_gf.csv [prior noES, new early-stop: acc only, advisory]",overlap_noise|5|post_footprint_on,worst_acc,0.8727272727272727,0.8727272727272727,1,0
"t3_design_space/per_seed_metrics__T9_L1_gf.csv [prior noES, new early-stop: acc only, advisory]",overlap_noise|6|post_footprint_on,mean_acc,0.6791666666666667,0.6791666666666667,1,0
"t3_design_space/per_seed_metrics__T9_L1_gf.csv [prior noES, new early-stop: acc only, advisory]",overlap_noise|6|post_footprint_on,worst_acc,0.5,0.5,1,0
"t3_design_space/per_seed_metrics__T9_L1_gf.csv [prior noES, new early-stop: acc only, advisory]",overlap_noise|7|post_footprint_on,mean_acc,0.9022727272727272,0.9022727272727272,1,0
"t3_design_space/per_seed_metrics__T9_L1_gf.csv [prior noES, new early-stop: acc only, advisory]",overlap_noise|7|post_footprint_on,worst_acc,0.8727272727272727,0.8727272727272727,1,0
"t3_design_space/per_seed_metrics__T9_L1_gf.csv [prior noES, new early-stop: acc only, advisory]",overlap_noise|8|post_footprint_on,mean_acc,0.9015151515151514,0.9015151515151514,1,0
"t3_design_space/per_seed_metrics__T9_L1_gf.csv [prior noES, new early-stop: acc only, advisory]",overlap_noise|8|post_footprint_on,worst_acc,0.8727272727272727,0.8727272727272727,1,0
"t3_design_space/per_seed_metrics__T9_L1_gf.csv [prior noES, new early-stop: acc only, advisory]",overlap_noise|9|post_footprint_on,mean_acc,0.9113636363636363,0.9113636363636363,1,0
"t3_design_space/per_seed_metrics__T9_L1_gf.csv [prior noES, new early-stop: acc only, advisory]",overlap_noise|9|post_footprint_on,worst_acc,0.8863636363636364,0.8863636363636364,1,0
"t3_design_space/per_seed_metrics__T9_L1_gf.csv [prior noES, new early-stop: acc only, advisory]",quantity_skew_extreme|0|post_footprint_on,mean_acc,1.0,1.0,1,0
"t3_design_space/per_seed_metrics__T9_L1_gf.csv [prior noES, new early-stop: acc only, advisory]",quantity_skew_extreme|0|post_footprint_on,worst_acc,1.0,1.0,1,0
"t3_design_space/per_seed_metrics__T9_L1_gf.csv [prior noES, new early-stop: acc only, advisory]",quantity_skew_extreme|1|post_footprint_on,mean_acc,1.0,1.0,1,0
"t3_design_space/per_seed_metrics__T9_L1_gf.csv [prior noES, new early-stop: acc only, advisory]",quantity_skew_extreme|1|post_footprint_on,worst_acc,1.0,1.0,1,0
"t3_design_space/per_seed_metrics__T9_L1_gf.csv [prior noES, new early-stop: acc only, advisory]",quantity_skew_extreme|2|post_footprint_on,mean_acc,0.8205664905340367,0.8205664905340367,1,0
"t3_design_space/per_seed_metrics__T9_L1_gf.csv [prior noES, new early-stop: acc only, advisory]",quantity_skew_extreme|2|post_footprint_on,worst_acc,0.517799352750809,0.517799352750809,1,0
"t3_design_space/per_seed_metrics__T9_L1_gf.csv [prior noES, new early-stop: acc only, advisory]",quantity_skew_extreme|3|post_footprint_on,mean_acc,0.8651859778999755,0.8651859778999755,1,0
"t3_design_space/per_seed_metrics__T9_L1_gf.csv [prior noES, new early-stop: acc only, advisory]",quantity_skew_extreme|3|post_footprint_on,worst_acc,0.5552699228791774,0.5552699228791774,1,0
"t3_design_space/per_seed_metrics__T9_L1_gf.csv [prior noES, new early-stop: acc only, advisory]",quantity_skew_extreme|4|post_footprint_on,mean_acc,0.9147428416748022,0.9147428416748022,1,0
"t3_design_space/per_seed_metrics__T9_L1_gf.csv [prior noES, new early-stop: acc only, advisory]",quantity_skew_extreme|4|post_footprint_on,worst_acc,0.686734693877551,0.686734693877551,1,0
"t3_design_space/per_seed_metrics__T9_L1_gf.csv [prior noES, new early-stop: acc only, advisory]",quantity_skew_extreme|5|post_footprint_on,mean_acc,0.8727209457708344,0.8727209457708344,1,0
"t3_design_space/per_seed_metrics__T9_L1_gf.csv [prior noES, new early-stop: acc only, advisory]",quantity_skew_extreme|5|post_footprint_on,worst_acc,0.5714285714285714,0.5714285714285714,1,0
"t3_design_space/per_seed_metrics__T9_L1_gf.csv [prior noES, new early-stop: acc only, advisory]",quantity_skew_extreme|6|post_footprint_on,mean_acc,1.0,1.0,1,0
"t3_design_space/per_seed_metrics__T9_L1_gf.csv [prior noES, new early-stop: acc only, advisory]",quantity_skew_extreme|6|post_footprint_on,worst_acc,1.0,1.0,1,0
"t3_design_space/per_seed_metrics__T9_L1_gf.csv [prior noES, new early-stop: acc only, advisory]",quantity_skew_extreme|7|post_footprint_on,mean_acc,0.8329432622235481,0.8329432622235481,1,0
"t3_design_space/per_seed_metrics__T9_L1_gf.csv [prior noES, new early-stop: acc only, advisory]",quantity_skew_extreme|7|post_footprint_on,worst_acc,0.596401028277635,0.596401028277635,1,0
"t3_design_space/per_seed_metrics__T9_L1_gf.csv [prior noES, new early-stop: acc only, advisory]",quantity_skew_extreme|8|post_footprint_on,mean_acc,1.0,1.0,1,0
"t3_design_space/per_seed_metrics__T9_L1_gf.csv [prior noES, new early-stop: acc only, advisory]",quantity_skew_extreme|8|post_footprint_on,worst_acc,1.0,1.0,1,0
"t3_design_space/per_seed_metrics__T9_L1_gf.csv [prior noES, new early-stop: acc only, advisory]",quantity_skew_extreme|9|post_footprint_on,mean_acc,1.0,1.0,1,0
"t3_design_space/per_seed_metrics__T9_L1_gf.csv [prior noES, new early-stop: acc only, advisory]",quantity_skew_extreme|9|post_footprint_on,worst_acc,1.0,1.0,1,0
"t3_design_space/per_seed_metrics__T9_L1_gf.csv [prior noES, new early-stop: acc only, advisory]",wine|0|post_footprint_on,mean_acc,0.9461403508771931,0.9461403508771931,1,0
"t3_design_space/per_seed_metrics__T9_L1_gf.csv [prior noES, new early-stop: acc only, advisory]",wine|0|post_footprint_on,worst_acc,0.8333333333333334,0.8333333333333334,1,0
"t3_design_space/per_seed_metrics__T9_L1_gf.csv [prior noES, new early-stop: acc only, advisory]",wine|1|post_footprint_on,mean_acc,0.9557090643274855,0.9557090643274855,1,0
"t3_design_space/per_seed_metrics__T9_L1_gf.csv [prior noES, new early-stop: acc only, advisory]",wine|1|post_footprint_on,worst_acc,0.8333333333333334,0.8333333333333334,1,0
"t3_design_space/per_seed_metrics__T9_L1_gf.csv [prior noES, new early-stop: acc only, advisory]",wine|2|post_footprint_on,mean_acc,0.9358479532163744,0.9358479532163744,1,0
"t3_design_space/per_seed_metrics__T9_L1_gf.csv [prior noES, new early-stop: acc only, advisory]",wine|2|post_footprint_on,worst_acc,0.8,0.8,1,0
"t3_design_space/per_seed_metrics__T9_L1_gf.csv [prior noES, new early-stop: acc only, advisory]",wine|3|post_footprint_on,mean_acc,0.9666322669418644,0.9666322669418644,1,0
"t3_design_space/per_seed_metrics__T9_L1_gf.csv [prior noES, new early-stop: acc only, advisory]",wine|3|post_footprint_on,worst_acc,0.8888888888888888,0.8888888888888888,1,0
"t3_design_space/per_seed_metrics__T9_L1_gf.csv [prior noES, new early-stop: acc only, advisory]",wine|4|post_footprint_on,mean_acc,0.9569590643274853,0.9569590643274853,1,0
"t3_design_space/per_seed_metrics__T9_L1_gf.csv [prior noES, new early-stop: acc only, advisory]",wine|4|post_footprint_on,worst_acc,0.8888888888888888,0.8888888888888888,1,0
"t3_design_space/per_seed_metrics__T9_L1_gf.csv [prior noES, new early-stop: acc only, advisory]",wine|5|post_footprint_on,mean_acc,0.9405503955968351,0.9405503955968351,1,0
"t3_design_space/per_seed_metrics__T9_L1_gf.csv [prior noES, new early-stop: acc only, advisory]",wine|5|post_footprint_on,worst_acc,0.8421052631578947,0.8421052631578947,1,0
"t3_design_space/per_seed_metrics__T9_L1_gf.csv [prior noES, new early-stop: acc only, advisory]",wine|6|post_footprint_on,mean_acc,0.9613398692810458,0.9613398692810458,1,0
"t3_design_space/per_seed_metrics__T9_L1_gf.csv [prior noES, new early-stop: acc only, advisory]",wine|6|post_footprint_on,worst_acc,0.8333333333333334,0.8333333333333334,1,0
"t3_design_space/per_seed_metrics__T9_L1_gf.csv [prior noES, new early-stop: acc only, advisory]",wine|7|post_footprint_on,mean_acc,0.9491666666666667,0.9491666666666667,1,0
"t3_design_space/per_seed_metrics__T9_L1_gf.csv [prior noES, new early-stop: acc only, advisory]",wine|7|post_footprint_on,worst_acc,0.875,0.875,1,0
"t3_design_space/per_seed_metrics__T9_L1_gf.csv [prior noES, new early-stop: acc only, advisory]",wine|8|post_footprint_on,mean_acc,0.9662646198830409,0.9662646198830409,1,0
"t3_design_space/per_seed_metrics__T9_L1_gf.csv [prior noES, new early-stop: acc only, advisory]",wine|8|post_footprint_on,worst_acc,0.9375,0.9375,1,0
"t3_design_space/per_seed_metrics__T9_L1_gf.csv [prior noES, new early-stop: acc only, advisory]",wine|9|post_footprint_on,mean_acc,0.9558479532163743,0.9558479532163743,1,0
"t3_design_space/per_seed_metrics__T9_L1_gf.csv [prior noES, new early-stop: acc only, advisory]",wine|9|post_footprint_on,worst_acc,0.8333333333333334,0.8333333333333334,1,0
"t3_design_space/per_seed_metrics__T9_L1_gf.csv [prior noES, new early-stop: acc only, advisory]",satimage|0|post_footprint_on,mean_acc,0.6822510872709107,0.6822510872709107,1,0
"t3_design_space/per_seed_metrics__T9_L1_gf.csv [prior noES, new early-stop: acc only, advisory]",satimage|0|post_footprint_on,worst_acc,0.4758842443729904,0.4758842443729904,1,0
"t3_design_space/per_seed_metrics__T9_L1_gf.csv [prior noES, new early-stop: acc only, advisory]",satimage|1|post_footprint_on,mean_acc,0.6811964957872207,0.6811964957872207,1,0
"t3_design_space/per_seed_metrics__T9_L1_gf.csv [prior noES, new early-stop: acc only, advisory]",satimage|1|post_footprint_on,worst_acc,0.477491961414791,0.477491961414791,1,0
"t3_design_space/per_seed_metrics__T9_L1_gf.csv [prior noES, new early-stop: acc only, advisory]",satimage|2|post_footprint_on,mean_acc,0.6752358773522366,0.6752358773522366,1,0
"t3_design_space/per_seed_metrics__T9_L1_gf.csv [prior noES, new early-stop: acc only, advisory]",satimage|2|post_footprint_on,worst_acc,0.4694533762057878,0.4694533762057878,1,0
"t3_design_space/per_seed_metrics__T9_L1_gf.csv [prior noES, new early-stop: acc only, advisory]",satimage|3|post_footprint_on,mean_acc,0.67827075003744,0.67827075003744,1,0
"t3_design_space/per_seed_metrics__T9_L1_gf.csv [prior noES, new early-stop: acc only, advisory]",satimage|3|post_footprint_on,worst_acc,0.47191011235955055,0.47191011235955055,1,0
"t3_design_space/per_seed_metrics__T9_L1_gf.csv [prior noES, new early-stop: acc only, advisory]",satimage|4|post_footprint_on,mean_acc,0.6872523292147799,0.6872523292147799,1,0
"t3_design_space/per_seed_metrics__T9_L1_gf.csv [prior noES, new early-stop: acc only, advisory]",satimage|4|post_footprint_on,worst_acc,0.4646302250803859,0.4646302250803859,1,0
"t3_design_space/per_seed_metrics__T9_L1_gf.csv [prior noES, new early-stop: acc only, advisory]",satimage|5|post_footprint_on,mean_acc,0.678927103865586,0.678927103865586,1,0
"t3_design_space/per_seed_metrics__T9_L1_gf.csv [prior noES, new early-stop: acc only, advisory]",satimage|5|post_footprint_on,worst_acc,0.4742765273311897,0.4742765273311897,1,0
"t3_design_space/per_seed_metrics__T9_L1_gf.csv [prior noES, new early-stop: acc only, advisory]",satimage|6|post_footprint_on,mean_acc,0.6824086285790162,0.6824086285790162,1,0
"t3_design_space/per_seed_metrics__T9_L1_gf.csv [prior noES, new early-stop: acc only, advisory]",satimage|6|post_footprint_on,worst_acc,0.46869983948635635,0.46869983948635635,1,0
"t3_design_space/per_seed_metrics__T9_L1_gf.csv [prior noES, new early-stop: acc only, advisory]",satimage|7|post_footprint_on,mean_acc,0.6802400346076456,0.6802400346076456,1,0
"t3_design_space/per_seed_metrics__T9_L1_gf.csv [prior noES, new early-stop: acc only, advisory]",satimage|7|post_footprint_on,worst_acc,0.4790996784565916,0.4790996784565916,1,0
"t3_design_space/per_seed_metrics__T9_L1_gf.csv [prior noES, new early-stop: acc only, advisory]",satimage|8|post_footprint_on,mean_acc,0.6813292465103902,0.6813292465103902,1,0
"t3_design_space/per_seed_metrics__T9_L1_gf.csv [prior noES, new early-stop: acc only, advisory]",satimage|8|post_footprint_on,worst_acc,0.47030497592295345,0.47030497592295345,1,0
"t3_design_space/per_seed_metrics__T9_L1_gf.csv [prior noES, new early-stop: acc only, advisory]",satimage|9|post_footprint_on,mean_acc,0.6875592004215945,0.6875592004215945,1,0
"t3_design_space/per_seed_metrics__T9_L1_gf.csv [prior noES, new early-stop: acc only, advisory]",satimage|9|post_footprint_on,worst_acc,0.4767255216693419,0.4767255216693419,1,0
"t3_design_space/per_seed_metrics__T9_L1_gf.csv [prior noES, new early-stop: acc only, advisory]",pendigits|0|post_footprint_on,mean_acc,0.7315370496394812,0.7315370496394812,1,0
"t3_design_space/per_seed_metrics__T9_L1_gf.csv [prior noES, new early-stop: acc only, advisory]",pendigits|0|post_footprint_on,worst_acc,0.5239852398523985,0.5239852398523985,1,0
"t3_design_space/per_seed_metrics__T9_L1_gf.csv [prior noES, new early-stop: acc only, advisory]",pendigits|1|post_footprint_on,mean_acc,0.65399375632147,0.65399375632147,1,0
"t3_design_space/per_seed_metrics__T9_L1_gf.csv [prior noES, new early-stop: acc only, advisory]",pendigits|1|post_footprint_on,worst_acc,0.5571955719557196,0.5571955719557196,1,0
"t3_design_space/per_seed_metrics__T9_L1_gf.csv [prior noES, new early-stop: acc only, advisory]",pendigits|2|post_footprint_on,mean_acc,0.6883400926743122,0.6883400926743122,1,0
"t3_design_space/per_seed_metrics__T9_L1_gf.csv [prior noES, new early-stop: acc only, advisory]",pendigits|2|post_footprint_on,worst_acc,0.5447004608294931,0.5447004608294931,1,0
"t3_design_space/per_seed_metrics__T9_L1_gf.csv [prior noES, new early-stop: acc only, advisory]",pendigits|3|post_footprint_on,mean_acc,0.683979889246028,0.683979889246028,1,0
"t3_design_space/per_seed_metrics__T9_L1_gf.csv [prior noES, new early-stop: acc only, advisory]",pendigits|3|post_footprint_on,worst_acc,0.507380073800738,0.507380073800738,1,0
"t3_design_space/per_seed_metrics__T9_L1_gf.csv [prior noES, new early-stop: acc only, advisory]",pendigits|4|post_footprint_on,mean_acc,0.7338807738132759,0.7338807738132759,1,0
"t3_design_space/per_seed_metrics__T9_L1_gf.csv [prior noES, new early-stop: acc only, advisory]",pendigits|4|post_footprint_on,worst_acc,0.5239852398523985,0.5239852398523985,1,0
"t3_design_space/per_seed_metrics__T9_L1_gf.csv [prior noES, new early-stop: acc only, advisory]",pendigits|5|post_footprint_on,mean_acc,0.7315619754869209,0.7315619754869209,1,0
"t3_design_space/per_seed_metrics__T9_L1_gf.csv [prior noES, new early-stop: acc only, advisory]",pendigits|5|post_footprint_on,worst_acc,0.5341328413284133,0.5341328413284133,1,0
"t3_design_space/per_seed_metrics__T9_L1_gf.csv [prior noES, new early-stop: acc only, advisory]",pendigits|6|post_footprint_on,mean_acc,0.7797742040977548,0.7797742040977548,1,0
"t3_design_space/per_seed_metrics__T9_L1_gf.csv [prior noES, new early-stop: acc only, advisory]",pendigits|6|post_footprint_on,worst_acc,0.6605166051660517,0.6605166051660517,1,0
"t3_design_space/per_seed_metrics__T9_L1_gf.csv [prior noES, new early-stop: acc only, advisory]",pendigits|7|post_footprint_on,mean_acc,0.6876515716556983,0.6876515716556983,1,0
"t3_design_space/per_seed_metrics__T9_L1_gf.csv [prior noES, new early-stop: acc only, advisory]",pendigits|7|post_footprint_on,worst_acc,0.5202952029520295,0.5202952029520295,1,0
"t3_design_space/per_seed_metrics__T9_L1_gf.csv [prior noES, new early-stop: acc only, advisory]",pendigits|8|post_footprint_on,mean_acc,0.7310150617474449,0.7310150617474449,1,0
"t3_design_space/per_seed_metrics__T9_L1_gf.csv [prior noES, new early-stop: acc only, advisory]",pendigits|8|post_footprint_on,worst_acc,0.533210332103321,0.533210332103321,1,0
"t3_design_space/per_seed_metrics__T9_L1_gf.csv [prior noES, new early-stop: acc only, advisory]",pendigits|9|post_footprint_on,mean_acc,0.7279415999342553,0.7279415999342553,1,0
"t3_design_space/per_seed_metrics__T9_L1_gf.csv [prior noES, new early-stop: acc only, advisory]",pendigits|9|post_footprint_on,worst_acc,0.5963133640552996,0.5963133640552996,1,0
"t3_design_space/per_seed_metrics__T9_L1_gf.csv [prior noES, new early-stop: acc only, advisory]",digits_pca16|0|post_footprint_on,mean_acc,0.6939619833431847,0.6939619833431847,1,0
"t3_design_space/per_seed_metrics__T9_L1_gf.csv [prior noES, new early-stop: acc only, advisory]",digits_pca16|0|post_footprint_on,worst_acc,0.39444444444444443,0.39444444444444443,1,0
"t3_design_space/per_seed_metrics__T9_L1_gf.csv [prior noES, new early-stop: acc only, advisory]",digits_pca16|1|post_footprint_on,mean_acc,0.7526211938889276,0.7526211938889276,1,0
"t3_design_space/per_seed_metrics__T9_L1_gf.csv [prior noES, new early-stop: acc only, advisory]",digits_pca16|1|post_footprint_on,worst_acc,0.5388888888888889,0.5388888888888889,1,0
"t3_design_space/per_seed_metrics__T9_L1_gf.csv [prior noES, new early-stop: acc only, advisory]",digits_pca16|2|post_footprint_on,mean_acc,0.6939629590515584,0.6939629590515584,1,0
"t3_design_space/per_seed_metrics__T9_L1_gf.csv [prior noES, new early-stop: acc only, advisory]",digits_pca16|2|post_footprint_on,worst_acc,0.45,0.45,1,0
"t3_design_space/per_seed_metrics__T9_L1_gf.csv [prior noES, new early-stop: acc only, advisory]",digits_pca16|3|post_footprint_on,mean_acc,0.7114083551992952,0.7114083551992952,1,0
"t3_design_space/per_seed_metrics__T9_L1_gf.csv [prior noES, new early-stop: acc only, advisory]",digits_pca16|3|post_footprint_on,worst_acc,0.4111111111111111,0.4111111111111111,1,0
"t3_design_space/per_seed_metrics__T9_L1_gf.csv [prior noES, new early-stop: acc only, advisory]",digits_pca16|4|post_footprint_on,mean_acc,0.7456077276075284,0.7456077276075284,1,0
"t3_design_space/per_seed_metrics__T9_L1_gf.csv [prior noES, new early-stop: acc only, advisory]",digits_pca16|4|post_footprint_on,worst_acc,0.5722222222222222,0.5722222222222222,1,0
"t3_design_space/per_seed_metrics__T9_L1_gf.csv [prior noES, new early-stop: acc only, advisory]",digits_pca16|5|post_footprint_on,mean_acc,0.7991113495095421,0.7991113495095421,1,0
"t3_design_space/per_seed_metrics__T9_L1_gf.csv [prior noES, new early-stop: acc only, advisory]",digits_pca16|5|post_footprint_on,worst_acc,0.5888888888888889,0.5888888888888889,1,0
"t3_design_space/per_seed_metrics__T9_L1_gf.csv [prior noES, new early-stop: acc only, advisory]",digits_pca16|6|post_footprint_on,mean_acc,0.7479024206358377,0.7479024206358377,1,0
"t3_design_space/per_seed_metrics__T9_L1_gf.csv [prior noES, new early-stop: acc only, advisory]",digits_pca16|6|post_footprint_on,worst_acc,0.4888888888888889,0.4888888888888889,1,0
"t3_design_space/per_seed_metrics__T9_L1_gf.csv [prior noES, new early-stop: acc only, advisory]",digits_pca16|7|post_footprint_on,mean_acc,0.7097372363582878,0.7097372363582878,1,0
"t3_design_space/per_seed_metrics__T9_L1_gf.csv [prior noES, new early-stop: acc only, advisory]",digits_pca16|7|post_footprint_on,worst_acc,0.46111111111111114,0.46111111111111114,1,0
"t3_design_space/per_seed_metrics__T9_L1_gf.csv [prior noES, new early-stop: acc only, advisory]",digits_pca16|8|post_footprint_on,mean_acc,0.7400600553517551,0.7400600553517551,1,0
"t3_design_space/per_seed_metrics__T9_L1_gf.csv [prior noES, new early-stop: acc only, advisory]",digits_pca16|8|post_footprint_on,worst_acc,0.5833333333333334,0.5833333333333334,1,0
"t3_design_space/per_seed_metrics__T9_L1_gf.csv [prior noES, new early-stop: acc only, advisory]",digits_pca16|9|post_footprint_on,mean_acc,0.6821244509356097,0.6821244509356097,1,0
"t3_design_space/per_seed_metrics__T9_L1_gf.csv [prior noES, new early-stop: acc only, advisory]",digits_pca16|9|post_footprint_on,worst_acc,0.4835164835164835,0.4835164835164835,1,0
"t3_design_space/per_seed_metrics__T9_L1_gf.csv [prior noES, new early-stop: acc only, advisory]",digits_pca32|0|post_footprint_on,mean_acc,0.7659432549160012,0.7659432549160012,1,0
"t3_design_space/per_seed_metrics__T9_L1_gf.csv [prior noES, new early-stop: acc only, advisory]",digits_pca32|0|post_footprint_on,worst_acc,0.55,0.55,1,0
"t3_design_space/per_seed_metrics__T9_L1_gf.csv [prior noES, new early-stop: acc only, advisory]",digits_pca32|1|post_footprint_on,mean_acc,0.753294787576919,0.753294787576919,1,0
"t3_design_space/per_seed_metrics__T9_L1_gf.csv [prior noES, new early-stop: acc only, advisory]",digits_pca32|1|post_footprint_on,worst_acc,0.480225988700565,0.480225988700565,1,0
"t3_design_space/per_seed_metrics__T9_L1_gf.csv [prior noES, new early-stop: acc only, advisory]",digits_pca32|2|post_footprint_on,mean_acc,0.8269426968722124,0.8269426968722124,1,0
"t3_design_space/per_seed_metrics__T9_L1_gf.csv [prior noES, new early-stop: acc only, advisory]",digits_pca32|2|post_footprint_on,worst_acc,0.5819209039548022,0.5819209039548022,1,0
"t3_design_space/per_seed_metrics__T9_L1_gf.csv [prior noES, new early-stop: acc only, advisory]",digits_pca32|3|post_footprint_on,mean_acc,0.7293340546082849,0.7293340546082849,1,0
"t3_design_space/per_seed_metrics__T9_L1_gf.csv [prior noES, new early-stop: acc only, advisory]",digits_pca32|3|post_footprint_on,worst_acc,0.45555555555555555,0.45555555555555555,1,0
"t3_design_space/per_seed_metrics__T9_L1_gf.csv [prior noES, new early-stop: acc only, advisory]",digits_pca32|4|post_footprint_on,mean_acc,0.741151575649764,0.741151575649764,1,0
"t3_design_space/per_seed_metrics__T9_L1_gf.csv [prior noES, new early-stop: acc only, advisory]",digits_pca32|4|post_footprint_on,worst_acc,0.632768361581921,0.632768361581921,1,0
"t3_design_space/per_seed_metrics__T9_L1_gf.csv [prior noES, new early-stop: acc only, advisory]",digits_pca32|5|post_footprint_on,mean_acc,0.8139569457135952,0.8139569457135952,1,0
"t3_design_space/per_seed_metrics__T9_L1_gf.csv [prior noES, new early-stop: acc only, advisory]",digits_pca32|5|post_footprint_on,worst_acc,0.5423728813559322,0.5423728813559322,1,0
"t3_design_space/per_seed_metrics__T9_L1_gf.csv [prior noES, new early-stop: acc only, advisory]",digits_pca32|6|post_footprint_on,mean_acc,0.8257760124317114,0.8257760124317114,1,0
"t3_design_space/per_seed_metrics__T9_L1_gf.csv [prior noES, new early-stop: acc only, advisory]",digits_pca32|6|post_footprint_on,worst_acc,0.5084745762711864,0.5084745762711864,1,0
"t3_design_space/per_seed_metrics__T9_L1_gf.csv [prior noES, new early-stop: acc only, advisory]",digits_pca32|7|post_footprint_on,mean_acc,0.7912074785034842,0.7912074785034842,1,0
"t3_design_space/per_seed_metrics__T9_L1_gf.csv [prior noES, new early-stop: acc only, advisory]",digits_pca32|7|post_footprint_on,worst_acc,0.6111111111111112,0.6111111111111112,1,0
"t3_design_space/per_seed_metrics__T9_L1_gf.csv [prior noES, new early-stop: acc only, advisory]",digits_pca32|8|post_footprint_on,mean_acc,0.7798950023469063,0.7798950023469063,1,0
"t3_design_space/per_seed_metrics__T9_L1_gf.csv [prior noES, new early-stop: acc only, advisory]",digits_pca32|8|post_footprint_on,worst_acc,0.5084745762711864,0.5084745762711864,1,0
"t3_design_space/per_seed_metrics__T9_L1_gf.csv [prior noES, new early-stop: acc only, advisory]",digits_pca32|9|post_footprint_on,mean_acc,0.7577022896650518,0.7577022896650518,1,0
"t3_design_space/per_seed_metrics__T9_L1_gf.csv [prior noES, new early-stop: acc only, advisory]",digits_pca32|9|post_footprint_on,worst_acc,0.5611111111111111,0.5611111111111111,1,0
"t3_design_space/per_seed_metrics__T9_L1_gf.csv [prior noES, new early-stop: acc only, advisory]",letter|0|post_footprint_on,mean_acc,0.2873990257555945,0.2873990257555945,1,0
"t3_design_space/per_seed_metrics__T9_L1_gf.csv [prior noES, new early-stop: acc only, advisory]",letter|0|post_footprint_on,worst_acc,0.23118932038834952,0.23118932038834952,1,0
"t3_design_space/per_seed_metrics__T9_L1_gf.csv [prior noES, new early-stop: acc only, advisory]",letter|1|post_footprint_on,mean_acc,0.3074807953299849,0.3074807953299849,1,0
"t3_design_space/per_seed_metrics__T9_L1_gf.csv [prior noES, new early-stop: acc only, advisory]",letter|1|post_footprint_on,worst_acc,0.22512135922330098,0.22512135922330098,1,0
"t3_design_space/per_seed_metrics__T9_L1_gf.csv [prior noES, new early-stop: acc only, advisory]",letter|2|post_footprint_on,mean_acc,0.2900813958513312,0.2900813958513312,1,0
"t3_design_space/per_seed_metrics__T9_L1_gf.csv [prior noES, new early-stop: acc only, advisory]",letter|2|post_footprint_on,worst_acc,0.2087378640776699,0.2087378640776699,1,0
"t3_design_space/per_seed_metrics__T9_L1_gf.csv [prior noES, new early-stop: acc only, advisory]",letter|3|post_footprint_on,mean_acc,0.3097120035028337,0.3097120035028337,1,0
"t3_design_space/per_seed_metrics__T9_L1_gf.csv [prior noES, new early-stop: acc only, advisory]",letter|3|post_footprint_on,worst_acc,0.2220873786407767,0.2220873786407767,1,0
"t3_design_space/per_seed_metrics__T9_L1_gf.csv [prior noES, new early-stop: acc only, advisory]",letter|4|post_footprint_on,mean_acc,0.3134411977137286,0.3134411977137286,1,0
"t3_design_space/per_seed_metrics__T9_L1_gf.csv [prior noES, new early-stop: acc only, advisory]",letter|4|post_footprint_on,worst_acc,0.2154126213592233,0.2154126213592233,1,0
"t3_design_space/per_seed_metrics__T9_L1_gf.csv [prior noES, new early-stop: acc only, advisory]",letter|5|post_footprint_on,mean_acc,0.3022069050353424,0.3022069050353424,1,0
"t3_design_space/per_seed_metrics__T9_L1_gf.csv [prior noES, new early-stop: acc only, advisory]",letter|5|post_footprint_on,worst_acc,0.20813106796116504,0.20813106796116504,1,0
"t3_design_space/per_seed_metrics__T9_L1_gf.csv [prior noES, new early-stop: acc only, advisory]",letter|6|post_footprint_on,mean_acc,0.30431321992530014,0.30431321992530014,1,0
"t3_design_space/per_seed_metrics__T9_L1_gf.csv [prior noES, new early-stop: acc only, advisory]",letter|6|post_footprint_on,worst_acc,0.22997572815533981,0.22997572815533981,1,0
"t3_design_space/per_seed_metrics__T9_L1_gf.csv [prior noES, new early-stop: acc only, advisory]",letter|7|post_footprint_on,mean_acc,0.28789132958660113,0.28789132958660113,1,0
"t3_design_space/per_seed_metrics__T9_L1_gf.csv [prior noES, new early-stop: acc only, advisory]",letter|7|post_footprint_on,worst_acc,0.22330097087378642,0.22330097087378642,1,0
"t3_design_space/per_seed_metrics__T9_L1_gf.csv [prior noES, new early-stop: acc only, advisory]",letter|8|post_footprint_on,mean_acc,0.3054588698507345,0.3054588698507345,1,0
"t3_design_space/per_seed_metrics__T9_L1_gf.csv [prior noES, new early-stop: acc only, advisory]",letter|8|post_footprint_on,worst_acc,0.21905339805825244,0.21905339805825244,1,0
"t3_design_space/per_seed_metrics__T9_L1_gf.csv [prior noES, new early-stop: acc only, advisory]",letter|9|post_footprint_on,mean_acc,0.3180879949800566,0.3180879949800566,1,0
"t3_design_space/per_seed_metrics__T9_L1_gf.csv [prior noES, new early-stop: acc only, advisory]",letter|9|post_footprint_on,worst_acc,0.2196601941747573,0.2196601941747573,1,0
"t3_design_space/per_seed_metrics__T9_L1_gf.csv [prior noES, new early-stop: acc only, advisory]",mnist784_pca32 (20c)|0|post_footprint_on,mean_acc,0.609472625026498,0.609472625026498,1,0
"t3_design_space/per_seed_metrics__T9_L1_gf.csv [prior noES, new early-stop: acc only, advisory]",mnist784_pca32 (20c)|0|post_footprint_on,worst_acc,0.5304669703872438,0.5304669703872438,1,0
"t3_design_space/per_seed_metrics__T9_L1_gf.csv [prior noES, new early-stop: acc only, advisory]",mnist784_pca32 (20c)|1|post_footprint_on,mean_acc,0.5922133241445137,0.5922133241445137,1,0
"t3_design_space/per_seed_metrics__T9_L1_gf.csv [prior noES, new early-stop: acc only, advisory]",mnist784_pca32 (20c)|1|post_footprint_on,worst_acc,0.4701102727800348,0.4701102727800348,1,0
"t3_design_space/per_seed_metrics__T9_L1_gf.csv [prior noES, new early-stop: acc only, advisory]",mnist784_pca32 (20c)|2|post_footprint_on,mean_acc,0.6196265968164223,0.6196265968164223,1,0
"t3_design_space/per_seed_metrics__T9_L1_gf.csv [prior noES, new early-stop: acc only, advisory]",mnist784_pca32 (20c)|2|post_footprint_on,worst_acc,0.5014645577035736,0.5014645577035736,1,0
"t3_design_space/per_seed_metrics__T9_L1_gf.csv [prior noES, new early-stop: acc only, advisory]",mnist784_pca32 (20c)|3|post_footprint_on,mean_acc,0.5839180244350944,0.5839180244350944,1,0
"t3_design_space/per_seed_metrics__T9_L1_gf.csv [prior noES, new early-stop: acc only, advisory]",mnist784_pca32 (20c)|3|post_footprint_on,worst_acc,0.4670377966598301,0.4670377966598301,1,0
"t3_design_space/per_seed_metrics__T9_L1_gf.csv [prior noES, new early-stop: acc only, advisory]",mnist784_pca32 (20c)|4|post_footprint_on,mean_acc,0.6330530336354336,0.6330530336354336,1,0
"t3_design_space/per_seed_metrics__T9_L1_gf.csv [prior noES, new early-stop: acc only, advisory]",mnist784_pca32 (20c)|4|post_footprint_on,worst_acc,0.4931864308495216,0.4931864308495216,1,0
"t3_design_space/per_seed_metrics__T9_L1_gf.csv [prior noES, new early-stop: acc only, advisory]",mnist784_pca32 (20c)|5|post_footprint_on,mean_acc,0.6136438404025171,0.6136438404025171,1,0
"t3_design_space/per_seed_metrics__T9_L1_gf.csv [prior noES, new early-stop: acc only, advisory]",mnist784_pca32 (20c)|5|post_footprint_on,worst_acc,0.45549434618730067,0.45549434618730067,1,0
"t3_design_space/per_seed_metrics__T9_L1_gf.csv [prior noES, new early-stop: acc only, advisory]",mnist784_pca32 (20c)|6|post_footprint_on,mean_acc,0.5640549207658531,0.5640549207658531,1,0
"t3_design_space/per_seed_metrics__T9_L1_gf.csv [prior noES, new early-stop: acc only, advisory]",mnist784_pca32 (20c)|6|post_footprint_on,worst_acc,0.4342629482071713,0.4342629482071713,1,0
"t3_design_space/per_seed_metrics__T9_L1_gf.csv [prior noES, new early-stop: acc only, advisory]",mnist784_pca32 (20c)|7|post_footprint_on,mean_acc,0.6015284230403084,0.6015284230403084,1,0
"t3_design_space/per_seed_metrics__T9_L1_gf.csv [prior noES, new early-stop: acc only, advisory]",mnist784_pca32 (20c)|7|post_footprint_on,worst_acc,0.4706530724717553,0.4706530724717553,1,0
"t3_design_space/per_seed_metrics__T9_L1_gf.csv [prior noES, new early-stop: acc only, advisory]",mnist784_pca32 (20c)|8|post_footprint_on,mean_acc,0.5519637489097676,0.5519637489097676,1,0
"t3_design_space/per_seed_metrics__T9_L1_gf.csv [prior noES, new early-stop: acc only, advisory]",mnist784_pca32 (20c)|8|post_footprint_on,worst_acc,0.4310915104740904,0.4310915104740904,1,0
"t3_design_space/per_seed_metrics__T9_L1_gf.csv [prior noES, new early-stop: acc only, advisory]",mnist784_pca32 (20c)|9|post_footprint_on,mean_acc,0.565793279243172,0.565793279243172,1,0
"t3_design_space/per_seed_metrics__T9_L1_gf.csv [prior noES, new early-stop: acc only, advisory]",mnist784_pca32 (20c)|9|post_footprint_on,worst_acc,0.44915954808487185,0.44915954808487185,1,0
"t3_design_space/per_seed_metrics__T9_L1_gf.csv [prior noES, new early-stop: acc only, advisory]",mnist784_pca32 (50c)|0|post_footprint_on,mean_acc,0.6404326475379816,0.6404326475379816,1,0
"t3_design_space/per_seed_metrics__T9_L1_gf.csv [prior noES, new early-stop: acc only, advisory]",mnist784_pca32 (50c)|0|post_footprint_on,worst_acc,0.4804270462633452,0.4804270462633452,1,0
"t3_design_space/per_seed_metrics__T9_L1_gf.csv [prior noES, new early-stop: acc only, advisory]",mnist784_pca32 (50c)|1|post_footprint_on,mean_acc,0.6251063188079784,0.6251063188079784,1,0
"t3_design_space/per_seed_metrics__T9_L1_gf.csv [prior noES, new early-stop: acc only, advisory]",mnist784_pca32 (50c)|1|post_footprint_on,worst_acc,0.48535871156661786,0.48535871156661786,1,0
"t3_design_space/per_seed_metrics__T9_L1_gf.csv [prior noES, new early-stop: acc only, advisory]",mnist784_pca32 (50c)|2|post_footprint_on,mean_acc,0.5365021952826697,0.5365021952826697,1,0
"t3_design_space/per_seed_metrics__T9_L1_gf.csv [prior noES, new early-stop: acc only, advisory]",mnist784_pca32 (50c)|2|post_footprint_on,worst_acc,0.450723638869745,0.450723638869745,1,0
"t3_design_space/per_seed_metrics__T9_L1_gf.csv [prior noES, new early-stop: acc only, advisory]",mnist784_pca32 (50c)|3|post_footprint_on,mean_acc,0.5782380881497421,0.5782380881497421,1,0
"t3_design_space/per_seed_metrics__T9_L1_gf.csv [prior noES, new early-stop: acc only, advisory]",mnist784_pca32 (50c)|3|post_footprint_on,worst_acc,0.4747622531089978,0.4747622531089978,1,0
"t3_design_space/per_seed_metrics__T9_L1_gf.csv [prior noES, new early-stop: acc only, advisory]",mnist784_pca32 (50c)|4|post_footprint_on,mean_acc,0.5676132965702734,0.5676132965702734,1,0
"t3_design_space/per_seed_metrics__T9_L1_gf.csv [prior noES, new early-stop: acc only, advisory]",mnist784_pca32 (50c)|4|post_footprint_on,worst_acc,0.4033674963396779,0.4033674963396779,1,0
"t3_design_space/per_seed_metrics__T9_L1_gf.csv [prior noES, new early-stop: acc only, advisory]",mnist784_pca32 (50c)|5|post_footprint_on,mean_acc,0.5722468344754218,0.5722468344754218,1,0
"t3_design_space/per_seed_metrics__T9_L1_gf.csv [prior noES, new early-stop: acc only, advisory]",mnist784_pca32 (50c)|5|post_footprint_on,worst_acc,0.43004824259131635,0.43004824259131635,1,0
"t3_design_space/per_seed_metrics__T9_L1_gf.csv [prior noES, new early-stop: acc only, advisory]",mnist784_pca32 (50c)|6|post_footprint_on,mean_acc,0.5666547067809653,0.5666547067809653,1,0
"t3_design_space/per_seed_metrics__T9_L1_gf.csv [prior noES, new early-stop: acc only, advisory]",mnist784_pca32 (50c)|6|post_footprint_on,worst_acc,0.45507246376811594,0.45507246376811594,1,0
"t3_design_space/per_seed_metrics__T9_L1_gf.csv [prior noES, new early-stop: acc only, advisory]",mnist784_pca32 (50c)|7|post_footprint_on,mean_acc,0.5579477723648837,0.5579477723648837,1,0
"t3_design_space/per_seed_metrics__T9_L1_gf.csv [prior noES, new early-stop: acc only, advisory]",mnist784_pca32 (50c)|7|post_footprint_on,worst_acc,0.48683274021352313,0.48683274021352313,1,0
"t3_design_space/per_seed_metrics__T9_L1_gf.csv [prior noES, new early-stop: acc only, advisory]",mnist784_pca32 (50c)|8|post_footprint_on,mean_acc,0.588371951531376,0.588371951531376,1,0
"t3_design_space/per_seed_metrics__T9_L1_gf.csv [prior noES, new early-stop: acc only, advisory]",mnist784_pca32 (50c)|8|post_footprint_on,worst_acc,0.44111192392099485,0.44111192392099485,1,0
"t3_design_space/per_seed_metrics__T9_L1_gf.csv [prior noES, new early-stop: acc only, advisory]",mnist784_pca32 (50c)|9|post_footprint_on,mean_acc,0.6074154227824105,0.6074154227824105,1,0
"t3_design_space/per_seed_metrics__T9_L1_gf.csv [prior noES, new early-stop: acc only, advisory]",mnist784_pca32 (50c)|9|post_footprint_on,worst_acc,0.5329949238578681,0.5329949238578681,1,0
