dataset,m,seed,init,n,d,c,distinct,entropy_norm,entropy_norm_r6,J,n_iter,runtime_s,best_restart,kpp_distinct_min,kpp_distinct_max,n_classes,maxgap_fed_vs_cen_iter,gap_fed_vs_paper_final,distinct_cen_iter
cluster_skew_hard,2.0,0,paper,2640,2,4,4,0.12347799260640166,0.123478,2726.8369547312686,14,0.032,,,,,,,
cluster_skew_hard,2.0,0,kmeanspp_best10,2640,2,4,4,0.12347799188105703,0.123478,2726.8369547311127,6,0.194,6,4,4,,,,
cluster_skew_hard,2.0,0,oracle,2640,2,4,4,0.12347799236221665,0.123478,2726.8369547312122,4,0.012,,,,4,,,
cluster_skew_hard,2.0,0,fed_lossless_pre1,2640,2,4,4,0.12347799189959968,0.123478,2726.8369547311045,300,0.688,,,,,4.432010314303625e-13,5.005529274404452e-07,4
cluster_skew_hard,2.0,1,paper,2640,2,4,4,0.12264923638123934,0.122649,2692.947185767819,7,0.019,,,,,,,
cluster_skew_hard,2.0,1,kmeanspp_best10,2640,2,4,4,0.12264923635777655,0.122649,2692.9471857678245,6,0.194,8,4,4,,,,
cluster_skew_hard,2.0,1,oracle,2640,2,4,4,0.12264923706458378,0.122649,2692.9471857678864,4,0.014,,,,4,,,
cluster_skew_hard,2.0,1,fed_lossless_pre1,2640,2,4,4,0.12264923634696978,0.122649,2692.9471857678154,300,0.687,,,,,1.5987211554602254e-14,5.60329853627195e-08,4
cluster_skew_hard,2.0,2,paper,2640,2,4,4,0.12545671963524704,0.125457,2787.5103002954897,9,0.023,,,,,,,
cluster_skew_hard,2.0,2,kmeanspp_best10,2640,2,4,4,0.12545671958672594,0.125457,2787.510300295492,6,0.191,0,4,4,,,,
cluster_skew_hard,2.0,2,oracle,2640,2,4,4,0.1254567200930981,0.125457,2787.510300295543,4,0.012,,,,4,,,
cluster_skew_hard,2.0,2,fed_lossless_pre1,2640,2,4,4,0.1254567195948724,0.125457,2787.5103002954875,300,0.664,,,,,2.398081733190338e-14,5.075837883339318e-08,4
cluster_skew_hard,2.0,3,paper,2640,2,4,4,0.12410018969779213,0.1241,2762.150199924776,8,0.023,,,,,,,
cluster_skew_hard,2.0,3,kmeanspp_best10,2640,2,4,4,0.1241001886035153,0.1241,2762.150199924442,6,0.195,4,4,4,,,,
cluster_skew_hard,2.0,3,oracle,2640,2,4,4,0.12410018922066862,0.1241,2762.1501999244756,4,0.012,,,,4,,,
cluster_skew_hard,2.0,3,fed_lossless_pre1,2640,2,4,4,0.12410018860941108,0.1241,2762.1501999244356,300,0.648,,,,,2.3092638912203256e-14,5.652558066060465e-07,4
cluster_skew_hard,2.0,4,paper,2640,2,4,4,0.1266180963292041,0.126618,2832.118816571834,9,0.026,,,,,,,
cluster_skew_hard,2.0,4,kmeanspp_best10,2640,2,4,4,0.1266180963183736,0.126618,2832.1188165717713,6,0.21,6,4,4,,,,
cluster_skew_hard,2.0,4,oracle,2640,2,4,4,0.12661809664236975,0.126618,2832.118816571785,4,0.012,,,,4,,,
cluster_skew_hard,2.0,4,fed_lossless_pre1,2640,2,4,4,0.1266180962056524,0.126618,2832.1188165717645,300,0.648,,,,,5.88418203051333e-14,2.781707992838278e-07,4
cluster_skew_hard,1.5,0,paper,2640,2,4,4,0.0060595609508264535,0.00606,2918.2916196020033,32,0.065,,,,,,,
cluster_skew_hard,1.5,0,kmeanspp_best10,2640,2,4,4,0.006059560942039556,0.00606,2918.291619602003,4,0.093,0,4,4,,,,
cluster_skew_hard,1.5,0,oracle,2640,2,4,4,0.00605956091912643,0.00606,2918.291619602004,2,0.005,,,,4,,,
cluster_skew_hard,1.5,0,fed_lossless_pre1,2640,2,4,4,0.006059560942210155,0.00606,2918.291619602003,300,0.519,,,,,1.2160134010841261e-12,1.857493836521229e-08,4
cluster_skew_hard,1.5,1,paper,2640,2,4,4,0.0060454650181003345,0.006045,2881.18465025268,4,0.014,,,,,,,
cluster_skew_hard,1.5,1,kmeanspp_best10,2640,2,4,4,0.006045465013563481,0.006045,2881.184650252679,4,0.184,0,4,4,,,,
cluster_skew_hard,1.5,1,oracle,2640,2,4,4,0.006045464992214168,0.006045,2881.1846502526805,2,0.011,,,,4,,,
cluster_skew_hard,1.5,1,fed_lossless_pre1,2640,2,4,4,0.006045465013165323,0.006045,2881.1846502526796,300,0.807,,,,,1.509903313490213e-14,1.927639203813669e-08,4
cluster_skew_hard,1.5,2,paper,2640,2,4,4,0.006257911809744822,0.006258,2985.706699495705,6,0.014,,,,,,,
cluster_skew_hard,1.5,2,kmeanspp_best10,2640,2,4,4,0.006257911810423246,0.006258,2985.706699495705,4,0.118,0,4,4,,,,
cluster_skew_hard,1.5,2,oracle,2640,2,4,4,0.006257911802090529,0.006258,2985.7066994957054,2,0.007,,,,4,,,
cluster_skew_hard,1.5,2,fed_lossless_pre1,2640,2,4,4,0.006257911810396062,0.006258,2985.706699495705,300,0.556,,,,,1.4210854715202004e-14,4.126977870555493e-09,4
cluster_skew_hard,1.5,3,paper,2640,2,4,4,0.006136636497314746,0.006137,2957.19734811289,6,0.014,,,,,,,
cluster_skew_hard,1.5,3,kmeanspp_best10,2640,2,4,4,0.006136636497464432,0.006137,2957.1973481128894,4,0.114,6,4,4,,,,
cluster_skew_hard,1.5,3,oracle,2640,2,4,4,0.006136636487825005,0.006137,2957.1973481128903,2,0.006,,,,4,,,
cluster_skew_hard,1.5,3,fed_lossless_pre1,2640,2,4,4,0.006136636497657484,0.006137,2957.19734811289,300,0.553,,,,,1.865174681370263e-14,1.3961312106403057e-09,4
cluster_skew_hard,1.5,4,paper,2640,2,4,4,0.006291759363734483,0.006292,3032.903390610506,7,0.015,,,,,,,
cluster_skew_hard,1.5,4,kmeanspp_best10,2640,2,4,4,0.006291759364247194,0.006292,3032.903390610506,4,0.111,0,4,4,,,,
cluster_skew_hard,1.5,4,oracle,2640,2,4,4,0.006291759358604994,0.006292,3032.903390610506,2,0.006,,,,4,,,
cluster_skew_hard,1.5,4,fed_lossless_pre1,2640,2,4,4,0.006291759364296845,0.006292,3032.903390610506,300,0.474,,,,,1.865174681370263e-14,4.5748045351956534e-09,4
cluster_skew_hard,1.3,0,paper,2640,2,4,4,0.052790910314059025,0.052791,21046.012506206505,160,0.262,,,,,,,
cluster_skew_hard,1.3,0,kmeanspp_best10,2640,2,4,4,0.00020367015958050816,0.000204,2923.398704316387,3,0.094,3,4,4,,,,
cluster_skew_hard,1.3,0,oracle,2640,2,4,4,0.0002036701595677304,0.000204,2923.398704316387,2,0.006,,,,4,,,
cluster_skew_hard,1.3,0,fed_lossless_pre1,2640,2,4,4,0.0527906585227502,0.052791,21046.012505997423,300,0.507,,,,,2.0872192862952943e-13,5.398687816127179e-05,4
cluster_skew_hard,1.3,1,paper,2640,2,4,4,0.00021584025060134522,0.000216,2886.208418292283,4,0.01,,,,,,,
cluster_skew_hard,1.3,1,kmeanspp_best10,2640,2,4,4,0.0002158402506114269,0.000216,2886.2084182922827,3,0.097,2,4,4,,,,
cluster_skew_hard,1.3,1,oracle,2640,2,4,4,0.0002158402505963838,0.000216,2886.208418292283,2,0.007,,,,4,,,
cluster_skew_hard,1.3,1,fed_lossless_pre1,2640,2,4,4,0.00021584025060062426,0.000216,2886.2084182922827,300,0.54,,,,,1.865174681370263e-14,6.475930902638538e-12,4
cluster_skew_hard,1.3,2,paper,2640,2,4,4,0.00020335758390775912,0.000203,2990.885354051641,6,0.014,,,,,,,
cluster_skew_hard,1.3,2,kmeanspp_best10,2640,2,4,4,0.0002033575839078891,0.000203,2990.8853540516407,3,0.097,2,4,4,,,,
cluster_skew_hard,1.3,2,oracle,2640,2,4,4,0.00020335758390767401,0.000203,2990.885354051641,2,0.007,,,,4,,,
cluster_skew_hard,1.3,2,fed_lossless_pre1,2640,2,4,4,0.00020335758390778084,0.000203,2990.885354051641,300,0.54,,,,,1.0658141036401503e-14,5.373479439185758e-13,4
cluster_skew_hard,1.3,3,paper,2640,2,4,4,0.00019538813979265484,0.000195,2962.1723889074538,5,0.015,,,,,,,
cluster_skew_hard,1.3,3,kmeanspp_best10,2640,2,4,4,0.000195388139793281,0.000195,2962.1723889074538,3,0.128,0,4,4,,,,
cluster_skew_hard,1.3,3,oracle,2640,2,4,4,0.0001953881397930975,0.000195,2962.1723889074538,2,0.008,,,,4,,,
cluster_skew_hard,1.3,3,fed_lossless_pre1,2640,2,4,4,0.00019538813979323198,0.000195,2962.1723889074538,300,0.68,,,,,1.509903313490213e-14,5.0715209809482076e-11,4
cluster_skew_hard,1.3,4,paper,2640,2,4,4,0.05405840162685374,0.054058,20410.992395289188,71,0.142,,,,,,,
cluster_skew_hard,1.3,4,kmeanspp_best10,2640,2,4,4,0.00019838743720325917,0.000198,3038.063807901098,3,0.095,0,4,4,,,,
cluster_skew_hard,1.3,4,oracle,2640,2,4,4,0.00019838743720333103,0.000198,3038.063807901098,2,0.007,,,,4,,,
cluster_skew_hard,1.3,4,fed_lossless_pre1,2640,2,4,4,0.05405838172764614,0.054058,20410.992395132118,300,0.534,,,,,1.949551631241775e-13,3.7081744940437034e-05,4
cluster_skew_hard,1.2,0,paper,2640,2,4,4,0.025630463687890993,0.02563,21140.81387284177,77,0.12,,,,,,,
cluster_skew_hard,1.2,0,kmeanspp_best10,2640,2,4,4,7.775811140220993e-06,8e-06,2923.5188583212307,3,0.074,2,4,4,,,,
cluster_skew_hard,1.2,0,oracle,2640,2,4,4,7.77581113491687e-06,8e-06,2923.518858321231,1,0.003,,,,4,,,
cluster_skew_hard,1.2,0,fed_lossless_pre1,2640,2,4,4,0.02563057959760208,0.025631,21140.813872585342,300,0.417,,,,,1.0835776720341528e-13,6.752511371033165e-05,4
cluster_skew_hard,1.2,1,paper,2640,2,4,4,9.469565822620793e-06,9e-06,2886.3345108242765,3,0.01,,,,,,,
cluster_skew_hard,1.2,1,kmeanspp_best10,2640,2,4,4,9.469565821380908e-06,9e-06,2886.3345108242765,3,0.139,0,4,4,,,,
cluster_skew_hard,1.2,1,oracle,2640,2,4,4,9.4695658113064e-06,9e-06,2886.3345108242765,1,0.006,,,,4,,,
cluster_skew_hard,1.2,1,fed_lossless_pre1,2640,2,4,4,9.469565821377945e-06,9e-06,2886.334510824277,300,0.894,,,,,1.687538997430238e-14,5.58693091790019e-11,4
cluster_skew_hard,1.2,2,paper,2640,2,4,4,5.6949755545346766e-06,6e-06,2990.990635957889,5,0.012,,,,,,,
cluster_skew_hard,1.2,2,kmeanspp_best10,2640,2,4,4,5.694975554703526e-06,6e-06,2990.990635957889,2,0.091,0,4,4,,,,
cluster_skew_hard,1.2,2,oracle,2640,2,4,4,5.694975554565752e-06,6e-06,2990.990635957889,1,0.004,,,,4,,,
cluster_skew_hard,1.2,2,fed_lossless_pre1,2640,2,4,4,5.6949755546223115e-06,6e-06,2990.990635957889,300,0.534,,,,,5.218048215738236e-14,3.9047876043696306e-11,4
cluster_skew_hard,1.2,3,paper,2640,2,4,4,5.724333577621341e-06,6e-06,2962.272895602575,5,0.011,,,,,,,
cluster_skew_hard,1.2,3,kmeanspp_best10,2640,2,4,4,5.724333577619636e-06,6e-06,2962.272895602575,3,0.091,0,4,4,,,,
cluster_skew_hard,1.2,3,oracle,2640,2,4,4,5.7243335775305405e-06,6e-06,2962.272895602575,1,0.004,,,,4,,,
cluster_skew_hard,1.2,3,fed_lossless_pre1,2640,2,4,4,5.724333577621283e-06,6e-06,2962.272895602575,300,0.535,,,,,2.6645352591003757e-14,2.4868995751603507e-14,4
cluster_skew_hard,1.2,4,paper,2640,2,4,4,0.026025527939074634,0.026026,20504.7623570074,76,0.147,,,,,,,
cluster_skew_hard,1.2,4,kmeanspp_best10,2640,2,4,4,5.242541692612126e-06,5e-06,3038.163964215465,3,0.091,3,4,4,,,,
cluster_skew_hard,1.2,4,oracle,2640,2,4,4,5.2425416925882265e-06,5e-06,3038.163964215466,1,0.005,,,,4,,,
cluster_skew_hard,1.2,4,fed_lossless_pre1,2640,2,4,4,0.026025475896320968,0.026025,20504.7623568634,300,0.536,,,,,7.37188088351104e-14,3.4664838039155654e-05,4
cluster_skew_hard,1.1,0,paper,2640,2,4,4,0.010414493442565807,0.010414,21156.798159549337,53,0.151,,,,,,,
cluster_skew_hard,1.1,0,kmeanspp_best10,2640,2,4,4,6.152931028832328e-09,0.0,2923.5223602969236,2,0.104,0,4,4,,,,
cluster_skew_hard,1.1,0,oracle,2640,2,4,4,6.152931029044704e-09,0.0,2923.5223602969236,1,0.006,,,,4,,,
cluster_skew_hard,1.1,0,fed_lossless_pre1,2640,2,4,4,0.010414377537763888,0.010414,21156.798159412654,300,0.976,,,,,5.595524044110789e-14,3.881830997887192e-05,4
cluster_skew_hard,1.1,1,paper,2640,2,4,4,7.740243313059018e-09,0.0,2886.3385323385137,3,0.008,,,,,,,
cluster_skew_hard,1.1,1,kmeanspp_best10,2640,2,4,4,7.740243313333308e-09,0.0,2886.3385323385137,2,0.067,0,4,4,,,,
cluster_skew_hard,1.1,1,oracle,2640,2,4,4,7.740243313574651e-09,0.0,2886.3385323385137,1,0.004,,,,4,,,
cluster_skew_hard,1.1,1,fed_lossless_pre1,2640,2,4,4,7.740243313059023e-09,0.0,2886.3385323385137,300,0.431,,,,,7.993605777301127e-15,5.329070518200751e-15,4
cluster_skew_hard,1.1,2,paper,2640,2,4,4,4.382099605541625e-10,0.0,2990.9924490504604,7,0.016,,,,,,,
cluster_skew_hard,1.1,2,kmeanspp_best10,2640,2,4,4,4.382099606148329e-10,0.0,2990.9924490504604,2,0.08,0,4,4,,,,
cluster_skew_hard,1.1,2,oracle,2640,2,4,4,4.3820996058449746e-10,0.0,2990.9924490504604,1,0.004,,,,4,,,
cluster_skew_hard,1.1,2,fed_lossless_pre1,2640,2,4,4,4.3820996055415916e-10,0.0,2990.9924490504604,300,0.51,,,,,1.2434497875801753e-14,6.217248937900877e-15,4
cluster_skew_hard,1.1,3,paper,2640,2,4,4,7.714184760946421e-10,0.0,2962.274827621287,4,0.01,,,,,,,
cluster_skew_hard,1.1,3,kmeanspp_best10,2640,2,4,4,7.714184760339712e-10,0.0,2962.274827621287,2,0.077,0,4,4,,,,
cluster_skew_hard,1.1,3,oracle,2640,2,4,4,7.714184756396098e-10,0.0,2962.274827621287,1,0.005,,,,4,,,
cluster_skew_hard,1.1,3,fed_lossless_pre1,2640,2,4,4,7.714184760946431e-10,0.0,2962.274827621287,300,0.548,,,,,1.687538997430238e-14,6.217248937900877e-15,4
cluster_skew_hard,1.1,4,paper,2640,2,4,4,0.011036046515644127,0.011036,20523.254585261035,64,0.096,,,,,,,
cluster_skew_hard,1.1,4,kmeanspp_best10,2640,2,4,4,3.965038157356011e-10,0.0,3038.1655987178838,2,0.059,2,4,4,,,,
cluster_skew_hard,1.1,4,oracle,2640,2,4,4,3.9650381612996244e-10,0.0,3038.165598717884,1,0.004,,,,4,,,
cluster_skew_hard,1.1,4,fed_lossless_pre1,2640,2,4,4,0.011035996951519073,0.011036,20523.254585084163,300,0.69,,,,,3.8191672047105385e-14,4.066656992574025e-05,4
cluster_skew_overlap,2.0,0,paper,2640,2,4,4,0.548096289649497,0.548096,5522.214273747053,43,0.079,,,,,,,
cluster_skew_overlap,2.0,0,kmeanspp_best10,2640,2,4,4,0.5480962874358726,0.548096,5522.214273732092,34,0.794,9,4,4,,,,
cluster_skew_overlap,2.0,0,oracle,2640,2,4,4,0.5480962644027173,0.548096,5522.214273730804,23,0.043,,,,4,,,
cluster_skew_overlap,2.0,0,fed_lossless_pre1,2640,2,4,4,0.5480962753288007,0.548096,5522.214273694819,300,0.662,,,,,1.509903313490213e-14,1.1170051500197786e-05,4
cluster_skew_overlap,2.0,1,paper,2640,2,4,4,0.5436193456700643,0.543619,5421.63093987333,37,0.053,,,,,,,
cluster_skew_overlap,2.0,1,kmeanspp_best10,2640,2,4,4,0.5436193463068919,0.543619,5421.630939868004,33,0.54,2,4,4,,,,
cluster_skew_overlap,2.0,1,oracle,2640,2,4,4,0.5436193649173414,0.543619,5421.630939881239,25,0.055,,,,4,,,
cluster_skew_overlap,2.0,1,fed_lossless_pre1,2640,2,4,4,0.5436193548705781,0.543619,5421.630939832607,300,0.543,,,,,1.6431300764452317e-14,9.38612076550882e-06,4
cluster_skew_overlap,2.0,2,paper,2640,2,4,4,0.5524328559415677,0.552433,5601.69423743781,38,0.044,,,,,,,
cluster_skew_overlap,2.0,2,kmeanspp_best10,2640,2,4,4,0.5524328606741747,0.552433,5601.694237403284,24,0.429,5,4,4,,,,
cluster_skew_overlap,2.0,2,oracle,2640,2,4,4,0.5524328555293926,0.552433,5601.694237418988,28,0.041,,,,4,,,
cluster_skew_overlap,2.0,2,fed_lossless_pre1,2640,2,4,4,0.552432853112822,0.552433,5601.694237366898,300,0.369,,,,,1.865174681370263e-14,1.2782268846045497e-05,4
cluster_skew_overlap,2.0,3,paper,2640,2,4,4,0.5457680353059691,0.545768,5521.715951295357,40,0.079,,,,,,,
cluster_skew_overlap,2.0,3,kmeanspp_best10,2640,2,4,4,0.5457680355580017,0.545768,5521.715951301372,31,0.685,2,4,4,,,,
cluster_skew_overlap,2.0,3,oracle,2640,2,4,4,0.545768036461633,0.545768,5521.715951327287,24,0.048,,,,4,,,
cluster_skew_overlap,2.0,3,fed_lossless_pre1,2640,2,4,4,0.5457680323098832,0.545768,5521.71595126045,300,0.61,,,,,1.3322676295501878e-14,8.009356924798539e-06,4
cluster_skew_overlap,2.0,4,paper,2640,2,4,4,0.5551293008691753,0.555129,5712.471603313814,55,0.1,,,,,,,
cluster_skew_overlap,2.0,4,kmeanspp_best10,2640,2,4,4,0.5551292928689282,0.555129,5712.471603297737,23,0.815,6,4,4,,,,
cluster_skew_overlap,2.0,4,oracle,2640,2,4,4,0.5551292993803146,0.555129,5712.471603315895,23,0.054,,,,4,,,
cluster_skew_overlap,2.0,4,fed_lossless_pre1,2640,2,4,4,0.5551293002307848,0.555129,5712.471603265878,300,0.672,,,,,1.6431300764452317e-14,9.717019085364598e-06,4
cluster_skew_overlap,1.5,0,paper,2640,2,4,4,0.235756904615412,0.235757,7971.906218305817,34,0.067,,,,,,,
cluster_skew_overlap,1.5,0,kmeanspp_best10,2640,2,4,4,0.23575689545872278,0.235757,7971.906218269791,31,0.595,4,4,4,,,,
cluster_skew_overlap,1.5,0,oracle,2640,2,4,4,0.23575686024090603,0.235757,7971.906218269056,18,0.094,,,,4,,,
cluster_skew_overlap,1.5,0,fed_lossless_pre1,2640,2,4,4,0.23575687705165033,0.235757,7971.9062182408215,300,0.896,,,,,1.687538997430238e-14,8.675855777795505e-06,4
cluster_skew_overlap,1.5,1,paper,2640,2,4,4,0.2303391399396308,0.230339,7807.251433309632,30,0.093,,,,,,,
cluster_skew_overlap,1.5,1,kmeanspp_best10,2640,2,4,4,0.23033914112701015,0.230339,7807.251433306095,22,0.812,1,4,4,,,,
cluster_skew_overlap,1.5,1,oracle,2640,2,4,4,0.2303391372437622,0.230339,7807.251433321229,19,0.05,,,,4,,,
cluster_skew_overlap,1.5,1,fed_lossless_pre1,2640,2,4,4,0.23033913876380124,0.230339,7807.251433275923,300,0.752,,,,,1.9539925233402755e-14,6.501706823591746e-06,4
cluster_skew_overlap,1.5,2,paper,2640,2,4,4,0.23712566509495558,0.237126,8101.191528075036,30,0.078,,,,,,,
cluster_skew_overlap,1.5,2,kmeanspp_best10,2640,2,4,4,0.23712559868334035,0.237126,8101.19152807375,27,0.893,0,4,4,,,,
cluster_skew_overlap,1.5,2,oracle,2640,2,4,4,0.23712567887861127,0.237126,8101.1915281085185,21,0.102,,,,4,,,
cluster_skew_overlap,1.5,2,fed_lossless_pre1,2640,2,4,4,0.23712563158200956,0.237126,8101.191528040713,300,0.87,,,,,1.2434497875801753e-14,5.73479455612258e-06,4
cluster_skew_overlap,1.5,3,paper,2640,2,4,4,0.23235614939607527,0.232356,7969.302037483874,45,0.087,,,,,,,
cluster_skew_overlap,1.5,3,kmeanspp_best10,2640,2,4,4,0.23235608457976095,0.232356,7969.302037466886,26,0.902,6,4,4,,,,
cluster_skew_overlap,1.5,3,oracle,2640,2,4,4,0.2323561449494056,0.232356,7969.302037473255,20,0.062,,,,4,,,
cluster_skew_overlap,1.5,3,fed_lossless_pre1,2640,2,4,4,0.2323561133156522,0.232356,7969.302037437439,300,0.904,,,,,3.467226505904364e-13,6.781973501457372e-06,4
cluster_skew_overlap,1.5,4,paper,2640,2,4,4,0.2368634985041608,0.236863,8245.919777250776,45,0.131,,,,,,,
cluster_skew_overlap,1.5,4,kmeanspp_best10,2640,2,4,4,0.23686349604557672,0.236863,8245.919777241897,30,0.776,2,4,4,,,,
cluster_skew_overlap,1.5,4,oracle,2640,2,4,4,0.23686350131653522,0.236864,8245.919777250061,18,0.051,,,,4,,,
cluster_skew_overlap,1.5,4,fed_lossless_pre1,2640,2,4,4,0.2368634770146532,0.236863,8245.919777210192,300,0.868,,,,,2.8199664825478976e-14,8.12226824598028e-06,4
cluster_skew_overlap,1.3,0,paper,2640,2,4,4,0.11545632011147686,0.115456,8603.429177613089,32,0.087,,,,,,,
cluster_skew_overlap,1.3,0,kmeanspp_best10,2640,2,4,4,0.11545632057683194,0.115456,8603.429177610238,24,0.839,1,4,4,,,,
cluster_skew_overlap,1.3,0,oracle,2640,2,4,4,0.11545632134881875,0.115456,8603.429177611268,17,0.044,,,,4,,,
cluster_skew_overlap,1.3,0,fed_lossless_pre1,2640,2,4,4,0.115456319799843,0.115456,8603.429177585967,300,1.055,,,,,1.2878587085651816e-14,5.058952500913705e-06,4
cluster_skew_overlap,1.3,1,paper,2640,2,4,4,0.11128827721066761,0.111288,8417.304110268507,28,0.086,,,,,,,
cluster_skew_overlap,1.3,1,kmeanspp_best10,2640,2,4,4,0.11128827824220981,0.111288,8417.304110258678,24,0.848,5,4,4,,,,
cluster_skew_overlap,1.3,1,oracle,2640,2,4,4,0.1112882958402467,0.111288,8417.304110265071,18,0.056,,,,4,,,
cluster_skew_overlap,1.3,1,fed_lossless_pre1,2640,2,4,4,0.11128828670814547,0.111288,8417.304110234067,300,0.884,,,,,1.2878587085651816e-14,6.211248459120355e-06,4
cluster_skew_overlap,1.3,2,paper,2640,2,4,4,0.11459258986486359,0.114593,8734.978719816667,27,0.144,,,,,,,
cluster_skew_overlap,1.3,2,kmeanspp_best10,2640,2,4,4,0.11459259063185076,0.114593,8734.97871981796,27,0.796,1,4,4,,,,
cluster_skew_overlap,1.3,2,oracle,2640,2,4,4,0.11459259656965044,0.114593,8734.978719830888,19,0.121,,,,4,,,
cluster_skew_overlap,1.3,2,fed_lossless_pre1,2640,2,4,4,0.11459256605335066,0.114593,8734.97871979376,300,0.847,,,,,1.509903313490213e-14,4.206629673930706e-06,4
cluster_skew_overlap,1.3,3,paper,2640,2,4,4,0.11255230492401955,0.112552,8591.88957811846,24,0.079,,,,,,,
cluster_skew_overlap,1.3,3,kmeanspp_best10,2640,2,4,4,0.11255223309340301,0.112552,8591.889578107977,24,0.816,6,4,4,,,,
cluster_skew_overlap,1.3,3,oracle,2640,2,4,4,0.11255230933223657,0.112552,8591.889578114424,19,0.063,,,,4,,,
cluster_skew_overlap,1.3,3,fed_lossless_pre1,2640,2,4,4,0.1125522691336188,0.112552,8591.889578082708,300,0.744,,,,,1.7319479184152442e-14,6.484528284111946e-06,4
cluster_skew_overlap,1.3,4,paper,2640,2,4,4,0.11258702255469451,0.112587,8881.833901130682,40,0.122,,,,,,,
cluster_skew_overlap,1.3,4,kmeanspp_best10,2640,2,4,4,0.11258704341870188,0.112587,8881.8339011157,18,1.012,9,4,4,,,,
cluster_skew_overlap,1.3,4,oracle,2640,2,4,4,0.11258703209631947,0.112587,8881.833901125141,16,0.041,,,,4,,,
cluster_skew_overlap,1.3,4,fed_lossless_pre1,2640,2,4,4,0.11258699773424356,0.112587,8881.833901095268,300,0.959,,,,,1.5987211554602254e-14,7.941077747819492e-06,4
cluster_skew_overlap,1.2,0,paper,2640,2,4,4,0.06947484097033627,0.069475,8794.836180462305,31,0.113,,,,,,,
cluster_skew_overlap,1.2,0,kmeanspp_best10,2640,2,4,4,0.06947483956046213,0.069475,8794.836180465774,25,0.756,3,4,4,,,,
cluster_skew_overlap,1.2,0,oracle,2640,2,4,4,0.06947488382091023,0.069475,8794.836180490809,16,0.058,,,,4,,,
cluster_skew_overlap,1.2,0,fed_lossless_pre1,2640,2,4,4,0.06947485579549288,0.069475,8794.836180441536,300,0.663,,,,,1.2878587085651816e-14,4.194673716373387e-06,4
cluster_skew_overlap,1.2,1,paper,2640,2,4,4,0.06683117485800723,0.066831,8602.435921644426,28,0.126,,,,,,,
cluster_skew_overlap,1.2,1,kmeanspp_best10,2640,2,4,4,0.0668312069254814,0.066831,8602.435921642184,22,0.938,7,4,4,,,,
cluster_skew_overlap,1.2,1,oracle,2640,2,4,4,0.06683120858231517,0.066831,8602.435921650236,18,0.05,,,,4,,,
cluster_skew_overlap,1.2,1,fed_lossless_pre1,2640,2,4,4,0.06683119085095575,0.066831,8602.435921614018,300,0.798,,,,,1.5987211554602254e-14,6.042244679260733e-06,4
cluster_skew_overlap,1.2,2,paper,2640,2,4,4,0.06910277896210579,0.069103,8925.84113637617,25,0.065,,,,,,,
cluster_skew_overlap,1.2,2,kmeanspp_best10,2640,2,4,4,0.06910276871371344,0.069103,8925.841136344112,20,0.644,5,4,4,,,,
cluster_skew_overlap,1.2,2,oracle,2640,2,4,4,0.06910277258404532,0.069103,8925.841136354018,18,0.048,,,,4,,,
cluster_skew_overlap,1.2,2,fed_lossless_pre1,2640,2,4,4,0.06910275535665954,0.069103,8925.841136323244,300,0.976,,,,,1.687538997430238e-14,6.1899497545425675e-06,4
cluster_skew_overlap,1.2,3,paper,2640,2,4,4,0.06791615926973073,0.067916,8780.86528732788,24,0.053,,,,,,,
cluster_skew_overlap,1.2,3,kmeanspp_best10,2640,2,4,4,0.067916178335665,0.067916,8780.865287296705,25,0.545,3,4,4,,,,
cluster_skew_overlap,1.2,3,oracle,2640,2,4,4,0.06791625093543865,0.067916,8780.865287301564,19,0.042,,,,4,,,
cluster_skew_overlap,1.2,3,fed_lossless_pre1,2640,2,4,4,0.06791621280603964,0.067916,8780.865287274588,300,0.631,,,,,1.3322676295501878e-14,7.20918611862853e-06,4
cluster_skew_overlap,1.2,4,paper,2640,2,4,4,0.06611342110474105,0.066113,9068.915898035517,38,0.08,,,,,,,
cluster_skew_overlap,1.2,4,kmeanspp_best10,2640,2,4,4,0.0661134070403177,0.066113,9068.915898025738,19,0.529,9,4,4,,,,
cluster_skew_overlap,1.2,4,oracle,2640,2,4,4,0.06611344459539671,0.066113,9068.915898019943,14,0.031,,,,4,,,
cluster_skew_overlap,1.2,4,fed_lossless_pre1,2640,2,4,4,0.06611341022863712,0.066113,9068.915898003408,300,0.634,,,,,1.2434497875801753e-14,7.756497826694186e-06,4
cluster_skew_overlap,1.1,0,paper,2640,2,4,4,0.03174676515792492,0.031747,8908.5019838966,30,0.156,,,,,,,
cluster_skew_overlap,1.1,0,kmeanspp_best10,2640,2,4,4,0.031746773423216426,0.031747,8908.501983875576,27,0.684,4,4,4,,,,
cluster_skew_overlap,1.1,0,oracle,2640,2,4,4,0.031746822910785996,0.031747,8908.50198389593,16,0.07,,,,4,,,
cluster_skew_overlap,1.1,0,fed_lossless_pre1,2640,2,4,4,0.03174679404050322,0.031747,8908.501983853745,300,0.811,,,,,1.3766765505351941e-14,6.57790616820364e-06,4
cluster_skew_overlap,1.1,1,paper,2640,2,4,4,0.03169889696973643,0.031699,8714.495010594155,29,0.075,,,,,,,
cluster_skew_overlap,1.1,1,kmeanspp_best10,2640,2,4,4,0.031698934257415656,0.031699,8714.495010556238,22,1.059,1,4,4,,,,
cluster_skew_overlap,1.1,1,oracle,2640,2,4,4,0.03169911975874441,0.031699,8714.49501058796,20,0.055,,,,4,,,
cluster_skew_overlap,1.1,1,fed_lossless_pre1,2640,2,4,4,0.03169901084925286,0.031699,8714.495010521885,300,0.74,,,,,1.7763568394002505e-14,1.0236992777912235e-05,4
cluster_skew_overlap,1.1,2,paper,2640,2,4,4,0.03306183929137626,0.033062,9041.175600400566,26,0.074,,,,,,,
cluster_skew_overlap,1.1,2,kmeanspp_best10,2640,2,4,4,0.03306179587535108,0.033062,9041.175600365677,19,0.816,3,4,4,,,,
cluster_skew_overlap,1.1,2,oracle,2640,2,4,4,0.03306183698967984,0.033062,9041.175600399118,18,0.048,,,,4,,,
cluster_skew_overlap,1.1,2,fed_lossless_pre1,2640,2,4,4,0.03306181427786692,0.033062,9041.175600348646,300,0.74,,,,,1.3322676295501878e-14,6.638663927471811e-06,4
cluster_skew_overlap,1.1,3,paper,2640,2,4,4,0.03115900041426806,0.031159,8894.474214008882,24,0.053,,,,,,,
cluster_skew_overlap,1.1,3,kmeanspp_best10,2640,2,4,4,0.03115900055395147,0.031159,8894.474214006692,25,0.536,1,4,4,,,,
cluster_skew_overlap,1.1,3,oracle,2640,2,4,4,0.0311590163966142,0.031159,8894.474214034944,18,0.041,,,,4,,,
cluster_skew_overlap,1.1,3,fed_lossless_pre1,2640,2,4,4,0.031159007045932142,0.031159,8894.474213979476,300,0.608,,,,,2.353672812205332e-14,5.0548339497469286e-06,4
cluster_skew_overlap,1.1,4,paper,2640,2,4,4,0.029583170251872563,0.029583,9176.530233260219,37,0.081,,,,,,,
cluster_skew_overlap,1.1,4,kmeanspp_best10,2640,2,4,4,0.029583142018402425,0.029583,9176.530233255358,18,0.511,1,4,4,,,,
cluster_skew_overlap,1.1,4,oracle,2640,2,4,4,0.029583160002428933,0.029583,9176.530233245792,13,0.03,,,,4,,,
cluster_skew_overlap,1.1,4,fed_lossless_pre1,2640,2,4,4,0.029583154370238424,0.029583,9176.530233240494,300,0.608,,,,,1.554312234475219e-14,6.055609592436895e-06,4
dirichlet_0.03,2.0,0,paper,2640,2,4,4,0.11982060315808452,0.119821,2722.5614296610534,8,0.017,,,,,,,
dirichlet_0.03,2.0,0,kmeanspp_best10,2640,2,4,4,0.11982060311117047,0.119821,2722.5614296610315,6,0.142,1,4,4,,,,
dirichlet_0.03,2.0,0,oracle,2640,2,4,4,0.11982060185785574,0.119821,2722.561429661142,4,0.01,,,,4,,,
dirichlet_0.03,2.0,0,fed_lossless_pre1,2640,2,4,4,0.11982060287355657,0.119821,2722.5614296610283,300,0.509,,,,,2.220446049250313e-14,1.9868543432721708e-07,4
dirichlet_0.03,2.0,1,paper,2640,2,4,4,0.12364832464606841,0.123648,2705.1964488259755,6,0.014,,,,,,,
dirichlet_0.03,2.0,1,kmeanspp_best10,2640,2,4,4,0.12364832381893878,0.123648,2705.1964488258695,7,0.151,3,4,4,,,,
dirichlet_0.03,2.0,1,oracle,2640,2,4,4,0.12364832246266318,0.123648,2705.196448825907,4,0.009,,,,4,,,
dirichlet_0.03,2.0,1,fed_lossless_pre1,2640,2,4,4,0.12364832342208976,0.123648,2705.1964488258664,300,0.596,,,,,2.220446049250313e-14,4.739168559808604e-07,4
dirichlet_0.03,2.0,2,paper,2640,2,4,4,0.13181051345208294,0.131811,2792.6040767483664,13,0.026,,,,,,,
dirichlet_0.03,2.0,2,kmeanspp_best10,2640,2,4,4,0.13181051341918593,0.131811,2792.604076748368,6,0.143,5,4,4,,,,
dirichlet_0.03,2.0,2,oracle,2640,2,4,4,0.1318105123309397,0.131811,2792.60407674846,4,0.009,,,,4,,,
dirichlet_0.03,2.0,2,fed_lossless_pre1,2640,2,4,4,0.131810513420509,0.131811,2792.6040767483646,300,0.56,,,,,7.918110611626616e-13,5.673748315615512e-08,4
dirichlet_0.03,2.0,3,paper,2640,2,4,4,0.11935507658559132,0.119355,2771.6996567879432,9,0.018,,,,,,,
dirichlet_0.03,2.0,3,kmeanspp_best10,2640,2,4,4,0.11935507626045348,0.119355,2771.6996567879487,6,0.147,5,4,4,,,,
dirichlet_0.03,2.0,3,oracle,2640,2,4,4,0.11935507615741453,0.119355,2771.6996567879414,5,0.012,,,,4,,,
dirichlet_0.03,2.0,3,fed_lossless_pre1,2640,2,4,4,0.11935507635778439,0.119355,2771.6996567879396,300,0.647,,,,,2.1316282072803006e-14,7.2555708330313e-08,4
dirichlet_0.03,2.0,4,paper,2640,2,4,4,0.13179580460475016,0.131796,2835.7380365659205,11,0.019,,,,,,,
dirichlet_0.03,2.0,4,kmeanspp_best10,2640,2,4,4,0.13179580384099768,0.131796,2835.738036565928,6,0.132,4,4,4,,,,
dirichlet_0.03,2.0,4,oracle,2640,2,4,4,0.13179580050345951,0.131796,2835.738036566143,4,0.008,,,,4,,,
dirichlet_0.03,2.0,4,fed_lossless_pre1,2640,2,4,4,0.13179580430030516,0.131796,2835.7380365659196,300,0.506,,,,,1.461053500406706e-13,5.5543704746696676e-08,4
dirichlet_0.03,1.5,0,paper,2640,2,4,4,0.005580811633771928,0.005581,2907.3972799131466,6,0.014,,,,,,,
dirichlet_0.03,1.5,0,kmeanspp_best10,2640,2,4,4,0.005580811633366393,0.005581,2907.397279913146,4,0.12,1,4,4,,,,
dirichlet_0.03,1.5,0,oracle,2640,2,4,4,0.0055808116331073025,0.005581,2907.3972799131466,3,0.009,,,,4,,,
dirichlet_0.03,1.5,0,fed_lossless_pre1,2640,2,4,4,0.0055808116333060254,0.005581,2907.3972799131466,300,0.669,,,,,2.042810365310288e-14,1.6098584687540551e-09,4
dirichlet_0.03,1.5,1,paper,2640,2,4,4,0.00608677420566138,0.006087,2895.9353586722373,4,0.013,,,,,,,
dirichlet_0.03,1.5,1,kmeanspp_best10,2640,2,4,4,0.0060867742033784995,0.006087,2895.9353586722373,4,0.145,0,4,4,,,,
dirichlet_0.03,1.5,1,oracle,2640,2,4,4,0.0060867742037548946,0.006087,2895.9353586722373,2,0.008,,,,4,,,
dirichlet_0.03,1.5,1,fed_lossless_pre1,2640,2,4,4,0.00608677420591662,0.006087,2895.9353586722373,300,0.82,,,,,2.1316282072803006e-14,2.7317250683722705e-09,4
dirichlet_0.03,1.5,2,paper,2640,2,4,4,0.006999516107201351,0.007,3001.7261724977084,16,0.089,,,,,,,
dirichlet_0.03,1.5,2,kmeanspp_best10,2640,2,4,4,0.006999516106559635,0.007,3001.726172497708,4,0.196,1,4,4,,,,
dirichlet_0.03,1.5,2,oracle,2640,2,4,4,0.00699951607910455,0.007,3001.7261724977097,2,0.016,,,,4,,,
dirichlet_0.03,1.5,2,fed_lossless_pre1,2640,2,4,4,0.0069995161073384115,0.007,3001.7261724977084,300,0.646,,,,,3.594680109131332e-12,5.414975134954148e-10,4
dirichlet_0.03,1.5,3,paper,2640,2,4,4,0.005523056641589989,0.005523,2957.0089991136183,6,0.018,,,,,,,
dirichlet_0.03,1.5,3,kmeanspp_best10,2640,2,4,4,0.005523056640044202,0.005523,2957.0089991136183,4,0.144,0,4,4,,,,
dirichlet_0.03,1.5,3,oracle,2640,2,4,4,0.005523056642169733,0.005523,2957.0089991136183,3,0.011,,,,4,,,
dirichlet_0.03,1.5,3,fed_lossless_pre1,2640,2,4,4,0.00552305664302567,0.005523,2957.0089991136183,300,0.742,,,,,2.4868995751603507e-14,2.0498553965353494e-09,4
dirichlet_0.03,1.5,4,paper,2640,2,4,4,0.0072653671360098145,0.007265,3050.521229042528,7,0.016,,,,,,,
dirichlet_0.03,1.5,4,kmeanspp_best10,2640,2,4,4,0.007265367116440119,0.007265,3050.5212290425275,6,0.14,5,4,4,,,,
dirichlet_0.03,1.5,4,oracle,2640,2,4,4,0.007265367115168915,0.007265,3050.521229042528,3,0.01,,,,4,,,
dirichlet_0.03,1.5,4,fed_lossless_pre1,2640,2,4,4,0.007265367115578172,0.007265,3050.521229042528,300,0.853,,,,,1.5987211554602254e-14,2.523791486908067e-08,4
dirichlet_0.03,1.3,0,paper,2640,2,4,4,0.00020753253880096572,0.000208,2912.557030892899,5,0.015,,,,,,,
dirichlet_0.03,1.3,0,kmeanspp_best10,2640,2,4,4,0.00020753253882131576,0.000208,2912.557030892899,3,0.121,0,4,4,,,,
dirichlet_0.03,1.3,0,oracle,2640,2,4,4,0.00020753253878702508,0.000208,2912.557030892899,2,0.008,,,,4,,,
dirichlet_0.03,1.3,0,fed_lossless_pre1,2640,2,4,4,0.000207532538797064,0.000208,2912.557030892899,300,0.741,,,,,1.2434497875801753e-14,4.540889886328614e-11,4
dirichlet_0.03,1.3,1,paper,2640,2,4,4,0.00020624016341388006,0.000206,2901.0617490530167,3,0.008,,,,,,,
dirichlet_0.03,1.3,1,kmeanspp_best10,2640,2,4,4,0.00020624016341338108,0.000206,2901.0617490530167,3,0.092,0,4,4,,,,
dirichlet_0.03,1.3,1,oracle,2640,2,4,4,0.0002062401634180852,0.000206,2901.0617490530167,2,0.006,,,,4,,,
dirichlet_0.03,1.3,1,fed_lossless_pre1,2640,2,4,4,0.00020624016341824498,0.000206,2901.0617490530167,300,0.519,,,,,1.5987211554602254e-14,9.256861943640615e-11,4
dirichlet_0.03,1.3,2,paper,2640,2,4,4,0.00027919542525939263,0.000279,3007.862475085637,19,0.049,,,,,,,
dirichlet_0.03,1.3,2,kmeanspp_best10,2640,2,4,4,0.0002791954254033204,0.000279,3007.862475085636,3,0.122,0,4,4,,,,
dirichlet_0.03,1.3,2,oracle,2640,2,4,4,0.00027919542526770174,0.000279,3007.8624750856366,2,0.008,,,,4,,,
dirichlet_0.03,1.3,2,fed_lossless_pre1,2640,2,4,4,0.0002791954252732654,0.000279,3007.8624750856366,300,0.826,,,,,3.322342401190781e-13,5.095541766308997e-10,4
dirichlet_0.03,1.3,3,paper,2640,2,4,4,0.000181006709217242,0.000181,2961.604553459255,5,0.012,,,,,,,
dirichlet_0.03,1.3,3,kmeanspp_best10,2640,2,4,4,0.00018100670922419738,0.000181,2961.604553459255,3,0.09,2,4,4,,,,
dirichlet_0.03,1.3,3,oracle,2640,2,4,4,0.0001810067092078482,0.000181,2961.604553459255,2,0.007,,,,4,,,
dirichlet_0.03,1.3,3,fed_lossless_pre1,2640,2,4,4,0.0001810067092293976,0.000181,2961.604553459255,300,0.46,,,,,1.5987211554602254e-14,6.558220633223755e-11,4
dirichlet_0.03,1.3,4,paper,2640,2,4,4,0.0003027835313637447,0.000303,3057.046171660417,8,0.022,,,,,,,
dirichlet_0.03,1.3,4,kmeanspp_best10,2640,2,4,4,0.0003027835312248809,0.000303,3057.046171660417,3,0.12,0,4,4,,,,
dirichlet_0.03,1.3,4,oracle,2640,2,4,4,0.0003027835312287651,0.000303,3057.0461716604173,2,0.008,,,,4,,,
dirichlet_0.03,1.3,4,fed_lossless_pre1,2640,2,4,4,0.0003027835312316608,0.000303,3057.0461716604173,300,0.736,,,,,3.1608049511078207e-13,1.2755951850351721e-09,4
dirichlet_0.03,1.2,0,paper,2640,2,4,4,1.1812081436101567e-05,1.2e-05,2912.7209301276957,4,0.01,,,,,,,
dirichlet_0.03,1.2,0,kmeanspp_best10,2640,2,4,4,1.1812081434639312e-05,1.2e-05,2912.7209301276953,3,0.089,2,4,4,,,,
dirichlet_0.03,1.2,0,oracle,2640,2,4,4,1.1812081434641106e-05,1.2e-05,2912.7209301276957,2,0.006,,,,4,,,
dirichlet_0.03,1.2,0,fed_lossless_pre1,2640,2,4,4,1.181208143464502e-05,1.2e-05,2912.7209301276957,300,0.485,,,,,2.5757174171303632e-14,8.08437761179448e-11,4
dirichlet_0.03,1.2,1,paper,2640,2,4,4,7.224166981184198e-06,7e-06,2901.180891359141,3,0.01,,,,,,,
dirichlet_0.03,1.2,1,kmeanspp_best10,2640,2,4,4,7.224166981186839e-06,7e-06,2901.180891359141,3,0.134,1,4,4,,,,
dirichlet_0.03,1.2,1,oracle,2640,2,4,4,7.224166980847831e-06,7e-06,2901.1808913591412,1,0.003,,,,4,,,
dirichlet_0.03,1.2,1,fed_lossless_pre1,2640,2,4,4,7.224166981184181e-06,7e-06,2901.1808913591412,300,0.413,,,,,2.5757174171303632e-14,5.417888360170764e-14,4
dirichlet_0.03,1.2,2,paper,2640,2,4,4,0.053411344413095495,0.053411,17385.05911730583,99,0.24,,,,,,,
dirichlet_0.03,1.2,2,kmeanspp_best10,2640,2,4,4,1.7664817001479388e-05,1.8e-05,3008.061556101087,3,0.118,2,4,4,,,,
dirichlet_0.03,1.2,2,oracle,2640,2,4,4,1.7664817001460397e-05,1.8e-05,3008.061556101087,2,0.008,,,,4,,,
dirichlet_0.03,1.2,2,fed_lossless_pre1,2640,2,4,4,0.05341157575632349,0.053412,17385.059116798016,300,0.733,,,,,1.9328982858723975e-13,7.265181927085251e-05,4
dirichlet_0.03,1.2,3,paper,2640,2,4,4,7.641547736033706e-06,8e-06,2961.7118093169092,4,0.015,,,,,,,
dirichlet_0.03,1.2,3,kmeanspp_best10,2640,2,4,4,7.641547739454836e-06,8e-06,2961.711809316909,3,0.106,0,4,4,,,,
dirichlet_0.03,1.2,3,oracle,2640,2,4,4,7.641547739457103e-06,8e-06,2961.7118093169092,2,0.008,,,,4,,,
dirichlet_0.03,1.2,3,fed_lossless_pre1,2640,2,4,4,7.641547739458633e-06,8e-06,2961.7118093169092,300,0.746,,,,,2.042810365310288e-14,1.2888712319636397e-10,4
dirichlet_0.03,1.2,4,paper,2640,2,4,4,1.4438927427451555e-05,1.4e-05,3057.236199090046,7,0.015,,,,,,,
dirichlet_0.03,1.2,4,kmeanspp_best10,2640,2,4,4,1.4438927427450539e-05,1.4e-05,3057.2361990900454,3,0.09,2,4,4,,,,
dirichlet_0.03,1.2,4,oracle,2640,2,4,4,1.4438927424694782e-05,1.4e-05,3057.236199090046,1,0.004,,,,4,,,
dirichlet_0.03,1.2,4,fed_lossless_pre1,2640,2,4,4,1.4438927427450893e-05,1.4e-05,3057.2361990900454,300,0.463,,,,,5.3290705182007514e-14,3.907985046680551e-14,4
dirichlet_0.03,1.1,0,paper,2640,2,4,4,1.907707654282995e-08,0.0,2912.728283113502,4,0.007,,,,,,,
dirichlet_0.03,1.1,0,kmeanspp_best10,2640,2,4,4,1.9077076543688334e-08,0.0,2912.7282831135017,2,0.06,7,4,4,,,,
dirichlet_0.03,1.1,0,oracle,2640,2,4,4,1.90770765430412e-08,0.0,2912.7282831135017,1,0.003,,,,4,,,
dirichlet_0.03,1.1,0,fed_lossless_pre1,2640,2,4,4,1.90770765428298e-08,0.0,2912.728283113502,300,0.39,,,,,1.865174681370263e-14,5.329070518200751e-15,4
dirichlet_0.03,1.1,1,paper,2640,2,4,4,1.8262741561638197e-09,0.0,2901.1836853165705,2,0.018,,,,,,,
dirichlet_0.03,1.1,1,kmeanspp_best10,2640,2,4,4,1.826274156618837e-09,0.0,2901.1836853165696,2,0.124,2,4,4,,,,
dirichlet_0.03,1.1,1,oracle,2640,2,4,4,1.8262741561638054e-09,0.0,2901.1836853165696,1,0.006,,,,4,,,
dirichlet_0.03,1.1,1,fed_lossless_pre1,2640,2,4,4,1.826274156163811e-09,0.0,2901.18368531657,300,0.89,,,,,8.881784197001252e-15,7.993605777301127e-15,4
dirichlet_0.03,1.1,2,paper,2640,2,4,4,0.020297676501961126,0.020298,22321.49900220721,73,0.138,,,,,,,
dirichlet_0.03,1.1,2,kmeanspp_best10,2640,2,4,4,9.65306042115563e-08,0.0,3008.073423193859,2,0.08,1,4,4,,,,
dirichlet_0.03,1.1,2,oracle,2640,2,4,4,9.653060421146291e-08,0.0,3008.073423193859,1,0.005,,,,4,,,
dirichlet_0.03,1.1,2,fed_lossless_pre1,2640,2,4,4,0.020299073350904348,0.020299,22321.499001719632,300,0.51,,,,,7.283063041541027e-14,6.497969245344848e-05,4
dirichlet_0.03,1.1,3,paper,2640,2,4,4,5.539870052052776e-09,0.0,2961.7150809386358,4,0.014,,,,,,,
dirichlet_0.03,1.1,3,kmeanspp_best10,2640,2,4,4,5.539870051203267e-09,0.0,2961.7150809386358,2,0.092,0,4,4,,,,
dirichlet_0.03,1.1,3,oracle,2640,2,4,4,5.539870051870761e-09,0.0,2961.7150809386358,1,0.006,,,,4,,,
dirichlet_0.03,1.1,3,fed_lossless_pre1,2640,2,4,4,5.539870052052822e-09,0.0,2961.7150809386358,300,0.74,,,,,8.881784197001252e-15,4.440892098500626e-15,4
dirichlet_0.03,1.1,4,paper,2640,2,4,4,1.1700826090855208e-08,0.0,3057.24269952432,6,0.01,,,,,,,
dirichlet_0.03,1.1,4,kmeanspp_best10,2640,2,4,4,1.1700826090733869e-08,0.0,3057.24269952432,2,0.059,4,4,4,,,,
dirichlet_0.03,1.1,4,oracle,2640,2,4,4,1.1700826091188901e-08,0.0,3057.24269952432,1,0.003,,,,4,,,
dirichlet_0.03,1.1,4,fed_lossless_pre1,2640,2,4,4,1.1700826090855058e-08,0.0,3057.2426995243204,300,0.439,,,,,2.9032332093947844e-14,5.329070518200751e-15,4
dirichlet_0.1,2.0,0,paper,2640,2,4,4,0.12411508962203997,0.124115,2725.5099060959747,8,0.012,,,,,,,
dirichlet_0.1,2.0,0,kmeanspp_best10,2640,2,4,4,0.12411508909451661,0.124115,2725.509906095962,6,0.135,5,4,4,,,,
dirichlet_0.1,2.0,0,oracle,2640,2,4,4,0.12411508997056016,0.124115,2725.5099060960165,4,0.017,,,,4,,,
dirichlet_0.1,2.0,0,fed_lossless_pre1,2640,2,4,4,0.12411508917080914,0.124115,2725.5099060959583,300,0.6,,,,,2.930988785010413e-14,1.905194981777214e-07,4
dirichlet_0.1,2.0,1,paper,2640,2,4,4,0.12232867319541006,0.122329,2666.9676373862653,8,0.016,,,,,,,
dirichlet_0.1,2.0,1,kmeanspp_best10,2640,2,4,4,0.12232867279435837,0.122329,2666.9676373862535,6,0.137,2,4,4,,,,
dirichlet_0.1,2.0,1,oracle,2640,2,4,4,0.12232867251966646,0.122329,2666.9676373863813,4,0.01,,,,4,,,
dirichlet_0.1,2.0,1,fed_lossless_pre1,2640,2,4,4,0.12232867277554602,0.122329,2666.9676373862485,300,0.503,,,,,1.865174681370263e-14,1.776725426783088e-07,4
dirichlet_0.1,2.0,2,paper,2640,2,4,4,0.36742052500187783,0.367421,10650.353932844251,86,0.155,,,,,,,
dirichlet_0.1,2.0,2,kmeanspp_best10,2640,2,4,4,0.12312594097306012,0.123126,2830.7342190307545,6,0.177,2,4,4,,,,
dirichlet_0.1,2.0,2,oracle,2640,2,4,4,0.12312593978140852,0.123126,2830.7342190308473,4,0.008,,,,4,,,
dirichlet_0.1,2.0,2,fed_lossless_pre1,2640,2,4,4,0.36742055832321285,0.367421,10650.35393268831,300,0.531,,,,,7.904787935331115e-14,4.9939302639412375e-05,4
dirichlet_0.1,2.0,3,paper,2640,2,4,4,0.12424886164832002,0.124249,2767.2662715015313,10,0.013,,,,,,,
dirichlet_0.1,2.0,3,kmeanspp_best10,2640,2,4,4,0.12424885960445509,0.124249,2767.2662715014712,6,0.157,4,4,4,,,,
dirichlet_0.1,2.0,3,oracle,2640,2,4,4,0.12424886053615095,0.124249,2767.266271501552,4,0.008,,,,4,,,
dirichlet_0.1,2.0,3,fed_lossless_pre1,2640,2,4,4,0.12424885991707468,0.124249,2767.2662715014553,300,0.507,,,,,3.8191672047105385e-14,3.294216177618381e-07,4
dirichlet_0.1,2.0,4,paper,2640,2,4,4,0.1260724800457571,0.126072,2824.9889500376335,11,0.014,,,,,,,
dirichlet_0.1,2.0,4,kmeanspp_best10,2640,2,4,4,0.12607248063096574,0.126072,2824.988950037635,8,0.181,8,4,4,,,,
dirichlet_0.1,2.0,4,oracle,2640,2,4,4,0.1260724779965897,0.126072,2824.988950037635,6,0.011,,,,4,,,
dirichlet_0.1,2.0,4,fed_lossless_pre1,2640,2,4,4,0.12607247938667906,0.126072,2824.9889500376316,300,0.358,,,,,1.0591527654923993e-13,1.3232355566827891e-07,4
dirichlet_0.1,1.5,0,paper,2640,2,4,4,0.00623476275734492,0.006235,2919.423479372648,5,0.016,,,,,,,
dirichlet_0.1,1.5,0,kmeanspp_best10,2640,2,4,4,0.006234762761426171,0.006235,2919.4234793726473,4,0.14,5,4,4,,,,
dirichlet_0.1,1.5,0,oracle,2640,2,4,4,0.00623476276104269,0.006235,2919.423479372648,3,0.01,,,,4,,,
dirichlet_0.1,1.5,0,fed_lossless_pre1,2640,2,4,4,0.0062347627613241014,0.006235,2919.423479372648,300,0.73,,,,,1.865174681370263e-14,1.789450920774982e-08,4
dirichlet_0.1,1.5,1,paper,2640,2,4,4,0.0060940375641642015,0.006094,2853.8358938507818,5,0.016,,,,,,,
dirichlet_0.1,1.5,1,kmeanspp_best10,2640,2,4,4,0.00609403759053847,0.006094,2853.835893850781,4,0.141,0,4,4,,,,
dirichlet_0.1,1.5,1,oracle,2640,2,4,4,0.006094037588874232,0.006094,2853.835893850781,3,0.011,,,,4,,,
dirichlet_0.1,1.5,1,fed_lossless_pre1,2640,2,4,4,0.006094037589696323,0.006094,2853.835893850781,300,0.893,,,,,1.9539925233402755e-14,3.064211995251753e-08,4
dirichlet_0.1,1.5,2,paper,2640,2,4,4,0.18229023494096017,0.18229,15704.562743113343,166,0.482,,,,,,,
dirichlet_0.1,1.5,2,kmeanspp_best10,2640,2,4,4,0.006180344439739162,0.00618,3031.872358838225,4,0.171,3,4,4,,,,
dirichlet_0.1,1.5,2,oracle,2640,2,4,4,0.006180344452797065,0.00618,3031.872358838227,2,0.011,,,,4,,,
dirichlet_0.1,1.5,2,fed_lossless_pre1,2640,2,4,4,0.18228999591449924,0.18229,15704.562742682567,300,0.863,,,,,5.1514348342607263e-14,7.585295923462354e-05,4
dirichlet_0.1,1.5,3,paper,2640,2,4,4,0.006275179186416045,0.006275,2962.1399086188567,6,0.018,,,,,,,
dirichlet_0.1,1.5,3,kmeanspp_best10,2640,2,4,4,0.006275179192912037,0.006275,2962.139908618856,4,0.141,1,4,4,,,,
dirichlet_0.1,1.5,3,oracle,2640,2,4,4,0.00627517918275395,0.006275,2962.1399086188567,2,0.008,,,,4,,,
dirichlet_0.1,1.5,3,fed_lossless_pre1,2640,2,4,4,0.006275179193322032,0.006275,2962.1399086188567,300,0.743,,,,,2.8199664825478976e-14,1.685252470906562e-08,4
dirichlet_0.1,1.5,4,paper,2640,2,4,4,0.006210619739093332,0.006211,3026.1591951864593,8,0.018,,,,,,,
dirichlet_0.1,1.5,4,kmeanspp_best10,2640,2,4,4,0.006210619736882931,0.006211,3026.1591951864593,4,0.201,0,4,4,,,,
dirichlet_0.1,1.5,4,oracle,2640,2,4,4,0.006210619722951432,0.006211,3026.1591951864593,3,0.008,,,,4,,,
dirichlet_0.1,1.5,4,fed_lossless_pre1,2640,2,4,4,0.006210619743582186,0.006211,3026.1591951864593,300,0.522,,,,,4.263256414560601e-14,4.410030562951306e-09,4
dirichlet_0.1,1.3,0,paper,2640,2,4,4,0.00024359623921364553,0.000244,2924.9724577232864,4,0.016,,,,,,,
dirichlet_0.1,1.3,0,kmeanspp_best10,2640,2,4,4,0.0002435962393948565,0.000244,2924.9724577232864,3,0.105,1,4,4,,,,
dirichlet_0.1,1.3,0,oracle,2640,2,4,4,0.0002435962393699844,0.000244,2924.972457723287,2,0.008,,,,4,,,
dirichlet_0.1,1.3,0,fed_lossless_pre1,2640,2,4,4,0.00024359623942043105,0.000244,2924.9724577232864,300,0.732,,,,,1.3322676295501878e-14,1.1924028431309353e-09,4
dirichlet_0.1,1.3,1,paper,2640,2,4,4,0.0002775034806403492,0.000278,2859.4601841084627,4,0.015,,,,,,,
dirichlet_0.1,1.3,1,kmeanspp_best10,2640,2,4,4,0.0002775034810976257,0.000278,2859.4601841084623,3,0.13,0,4,4,,,,
dirichlet_0.1,1.3,1,oracle,2640,2,4,4,0.00027750348082890926,0.000278,2859.4601841084623,2,0.013,,,,4,,,
dirichlet_0.1,1.3,1,fed_lossless_pre1,2640,2,4,4,0.00027750348098511655,0.000278,2859.4601841084623,300,0.754,,,,,1.4210854715202004e-14,1.3743788329634299e-09,4
dirichlet_0.1,1.3,2,paper,2640,2,4,4,0.08109324120712541,0.081093,17419.179581157092,123,0.301,,,,,,,
dirichlet_0.1,1.3,2,kmeanspp_best10,2640,2,4,4,0.0002289413727101583,0.000229,3037.509035483697,3,0.121,6,4,4,,,,
dirichlet_0.1,1.3,2,oracle,2640,2,4,4,0.0002289413727232756,0.000229,3037.5090354836975,2,0.008,,,,4,,,
dirichlet_0.1,1.3,2,fed_lossless_pre1,2640,2,4,4,0.08109344272350434,0.081093,17419.179580563406,300,0.877,,,,,4.440892098500626e-14,7.563873498206419e-05,4
dirichlet_0.1,1.3,3,paper,2640,2,4,4,0.00021404537458949926,0.000214,2967.304919686129,5,0.015,,,,,,,
dirichlet_0.1,1.3,3,kmeanspp_best10,2640,2,4,4,0.00021404537458737888,0.000214,2967.3049196861284,3,0.14,3,4,4,,,,
dirichlet_0.1,1.3,3,oracle,2640,2,4,4,0.00021404537458972786,0.000214,2967.304919686129,2,0.018,,,,4,,,
dirichlet_0.1,1.3,3,fed_lossless_pre1,2640,2,4,4,0.00021404537458989616,0.000214,2967.304919686129,300,1.002,,,,,1.4210854715202004e-14,6.08164629767316e-11,4
dirichlet_0.1,1.3,4,paper,2640,2,4,4,0.00022733435580553647,0.000227,3031.6378025606673,6,0.018,,,,,,,
dirichlet_0.1,1.3,4,kmeanspp_best10,2640,2,4,4,0.0002273343559153442,0.000227,3031.637802560667,3,0.209,0,4,4,,,,
dirichlet_0.1,1.3,4,oracle,2640,2,4,4,0.00022733435588384932,0.000227,3031.6378025606673,2,0.008,,,,4,,,
dirichlet_0.1,1.3,4,fed_lossless_pre1,2640,2,4,4,0.0002273343560192385,0.000227,3031.637802560667,300,0.749,,,,,1.6431300764452317e-14,1.7069847757511525e-09,4
dirichlet_0.1,1.2,0,paper,2640,2,4,4,1.4200466386062292e-05,1.4e-05,2925.1411414864033,4,0.01,,,,,,,
dirichlet_0.1,1.2,0,kmeanspp_best10,2640,2,4,4,1.4200466387186112e-05,1.4e-05,2925.1411414864033,3,0.096,0,4,4,,,,
dirichlet_0.1,1.2,0,oracle,2640,2,4,4,1.4200466386070468e-05,1.4e-05,2925.1411414864033,2,0.006,,,,4,,,
dirichlet_0.1,1.2,0,fed_lossless_pre1,2640,2,4,4,1.4200466386091906e-05,1.4e-05,2925.1411414864033,300,0.439,,,,,1.9539925233402755e-14,7.377431998634165e-13,4
dirichlet_0.1,1.2,1,paper,2640,2,4,4,2.7123882839381807e-05,2.7e-05,2859.7103594603805,4,0.011,,,,,,,
dirichlet_0.1,1.2,1,kmeanspp_best10,2640,2,4,4,2.712388283769262e-05,2.7e-05,2859.7103594603805,3,0.117,6,4,4,,,,
dirichlet_0.1,1.2,1,oracle,2640,2,4,4,2.712388283790166e-05,2.7e-05,2859.710359460381,2,0.01,,,,4,,,
dirichlet_0.1,1.2,1,fed_lossless_pre1,2640,2,4,4,2.7123882838297324e-05,2.7e-05,2859.710359460381,300,0.708,,,,,2.220446049250313e-14,1.1905143537660479e-11,4
dirichlet_0.1,1.2,2,paper,2640,2,4,4,0.044577001797727195,0.044577,17624.084394847436,124,0.326,,,,,,,
dirichlet_0.1,1.2,2,kmeanspp_best10,2640,2,4,4,9.938317310426553e-06,1e-05,3037.6587751792204,3,0.128,1,4,4,,,,
dirichlet_0.1,1.2,2,oracle,2640,2,4,4,9.938317310427171e-06,1e-05,3037.658775179221,2,0.007,,,,4,,,
dirichlet_0.1,1.2,2,fed_lossless_pre1,2640,2,4,4,0.04457659310166208,0.044577,17624.084394253827,300,0.784,,,,,4.263256414560601e-14,7.092610242942499e-05,4
dirichlet_0.1,1.2,3,paper,2640,2,4,4,7.1435663707151705e-06,7e-06,2967.417957611943,5,0.018,,,,,,,
dirichlet_0.1,1.2,3,kmeanspp_best10,2640,2,4,4,7.1435663707141964e-06,7e-06,2967.417957611943,3,0.139,0,4,4,,,,
dirichlet_0.1,1.2,3,oracle,2640,2,4,4,7.143566370611636e-06,7e-06,2967.417957611943,1,0.007,,,,4,,,
dirichlet_0.1,1.2,3,fed_lossless_pre1,2640,2,4,4,7.143566370715004e-06,7e-06,2967.417957611943,300,0.871,,,,,1.7763568394002505e-14,2.7533531010703882e-14,4
dirichlet_0.1,1.2,4,paper,2640,2,4,4,1.0100693852286624e-05,1e-05,3031.779220147021,6,0.011,,,,,,,
dirichlet_0.1,1.2,4,kmeanspp_best10,2640,2,4,4,1.010069385228893e-05,1e-05,3031.779220147021,3,0.127,0,4,4,,,,
dirichlet_0.1,1.2,4,oracle,2640,2,4,4,1.0100693852289578e-05,1e-05,3031.779220147021,2,0.006,,,,4,,,
dirichlet_0.1,1.2,4,fed_lossless_pre1,2640,2,4,4,1.0100693852293332e-05,1e-05,3031.779220147021,300,0.508,,,,,1.9539925233402755e-14,4.876099524153688e-13,4
dirichlet_0.1,1.1,0,paper,2640,2,4,4,4.1261227757357587e-08,0.0,2925.149361969623,3,0.011,,,,,,,
dirichlet_0.1,1.1,0,kmeanspp_best10,2640,2,4,4,4.126122775738959e-08,0.0,2925.1493619696225,3,0.108,0,4,4,,,,
dirichlet_0.1,1.1,0,oracle,2640,2,4,4,4.12612277570746e-08,0.0,2925.149361969623,1,0.006,,,,4,,,
dirichlet_0.1,1.1,0,fed_lossless_pre1,2640,2,4,4,4.1261227757358354e-08,0.0,2925.149361969623,300,0.765,,,,,9.769962616701378e-15,6.217248937900877e-15,4
dirichlet_0.1,1.1,1,paper,2640,2,4,4,2.6249975896553545e-07,0.0,2859.7328977851134,3,0.01,,,,,,,
dirichlet_0.1,1.1,1,kmeanspp_best10,2640,2,4,4,2.624997589416989e-07,0.0,2859.7328977851134,2,0.122,6,4,4,,,,
dirichlet_0.1,1.1,1,oracle,2640,2,4,4,2.6249975894402573e-07,0.0,2859.7328977851134,1,0.005,,,,4,,,
dirichlet_0.1,1.1,1,fed_lossless_pre1,2640,2,4,4,2.62499758947391e-07,0.0,2859.7328977851134,300,0.699,,,,,8.43769498715119e-15,7.116085498637403e-12,4
dirichlet_0.1,1.1,2,paper,2640,2,4,4,0.018220633734821624,0.018221,17681.710448184982,95,0.301,,,,,,,
dirichlet_0.1,1.1,2,kmeanspp_best10,2640,2,4,4,6.179787921354186e-09,0.0,3037.6634433835543,3,0.104,0,4,4,,,,
dirichlet_0.1,1.1,2,oracle,2640,2,4,4,6.1797879213541795e-09,0.0,3037.6634433835543,1,0.006,,,,4,,,
dirichlet_0.1,1.1,2,fed_lossless_pre1,2640,2,4,4,0.018219810603052337,0.01822,17681.710447951795,300,0.911,,,,,3.907985046680551e-14,3.146563566236438e-05,4
dirichlet_0.1,1.1,3,paper,2640,2,4,4,1.79592350547413e-09,0.0,2967.4204803649404,4,0.014,,,,,,,
dirichlet_0.1,1.1,3,kmeanspp_best10,2640,2,4,4,1.7959235049888493e-09,0.0,2967.42048036494,2,0.1,2,4,4,,,,
dirichlet_0.1,1.1,3,oracle,2640,2,4,4,1.795923505716901e-09,0.0,2967.4204803649404,1,0.006,,,,4,,,
dirichlet_0.1,1.1,3,fed_lossless_pre1,2640,2,4,4,1.7959235054741688e-09,0.0,2967.4204803649404,300,0.848,,,,,8.881784197001252e-15,1.9984014443252818e-14,4
dirichlet_0.1,1.1,4,paper,2640,2,4,4,5.828186110111964e-09,0.0,3031.783538894878,5,0.009,,,,,,,
dirichlet_0.1,1.1,4,kmeanspp_best10,2640,2,4,4,5.828186109317353e-09,0.0,3031.783538894878,2,0.113,1,4,4,,,,
dirichlet_0.1,1.1,4,oracle,2640,2,4,4,5.828186109141186e-09,0.0,3031.783538894878,1,0.004,,,,4,,,
dirichlet_0.1,1.1,4,fed_lossless_pre1,2640,2,4,4,5.82818611011214e-09,0.0,3031.783538894878,300,0.475,,,,,1.2434497875801753e-14,7.993605777301127e-15,4
overlap_noise,2.0,0,paper,2640,2,4,4,0.4625208816955441,0.462521,6093.617566025687,26,0.05,,,,,,,
overlap_noise,2.0,0,kmeanspp_best10,2640,2,4,4,0.46252091946617585,0.462521,6093.617566010961,22,0.569,0,4,4,,,,
overlap_noise,2.0,0,oracle,2640,2,4,4,0.4625208905626934,0.462521,6093.617566021376,17,0.034,,,,4,,,
overlap_noise,2.0,0,fed_lossless_pre1,2640,2,4,4,0.46252097680310555,0.462521,6093.617566002162,300,0.543,,,,,1.8207657603852567e-14,8.415809272577235e-06,4
overlap_noise,2.0,1,paper,2640,2,4,4,0.4447944673111585,0.444794,6203.503270032471,19,0.043,,,,,,,
overlap_noise,2.0,1,kmeanspp_best10,2640,2,4,4,0.4447944827734228,0.444794,6203.503270026159,17,0.468,1,4,4,,,,
overlap_noise,2.0,1,oracle,2640,2,4,4,0.44479445666976514,0.444794,6203.503270030569,15,0.037,,,,4,,,
overlap_noise,2.0,1,fed_lossless_pre1,2640,2,4,4,0.4447944641580133,0.444794,6203.503270022344,300,0.605,,,,,1.8207657603852567e-14,4.439864977001662e-06,4
overlap_noise,2.0,2,paper,2640,2,4,4,0.4508871958770551,0.450887,5997.7169581434755,25,0.037,,,,,,,
overlap_noise,2.0,2,kmeanspp_best10,2640,2,4,4,0.4508872187336029,0.450887,5997.71695814011,16,0.273,9,4,4,,,,
overlap_noise,2.0,2,oracle,2640,2,4,4,0.4508871729311069,0.450887,5997.716958147112,11,0.017,,,,4,,,
overlap_noise,2.0,2,fed_lossless_pre1,2640,2,4,4,0.4508872039693178,0.450887,5997.71695813468,300,0.328,,,,,1.8207657603852567e-14,3.463807633607985e-06,4
overlap_noise,2.0,3,paper,2640,2,4,4,0.45811780751814035,0.458118,6241.588052288518,21,0.053,,,,,,,
overlap_noise,2.0,3,kmeanspp_best10,2640,2,4,4,0.458117829991195,0.458118,6241.588052279543,17,0.392,8,4,4,,,,
overlap_noise,2.0,3,oracle,2640,2,4,4,0.4581178092809351,0.458118,6241.58805228165,13,0.029,,,,4,,,
overlap_noise,2.0,3,fed_lossless_pre1,2640,2,4,4,0.4581178150730722,0.458118,6241.588052274021,300,0.49,,,,,1.5987211554602254e-14,4.5723786197271465e-06,4
overlap_noise,2.0,4,paper,2640,2,4,4,0.4485968252749487,0.448597,6378.639605224398,27,0.05,,,,,,,
overlap_noise,2.0,4,kmeanspp_best10,2640,2,4,4,0.4485967709207428,0.448597,6378.639605223409,20,0.364,2,4,4,,,,
overlap_noise,2.0,4,oracle,2640,2,4,4,0.4485967805876394,0.448597,6378.639605233469,14,0.026,,,,4,,,
overlap_noise,2.0,4,fed_lossless_pre1,2640,2,4,4,0.44859680251621464,0.448597,6378.63960521738,300,0.491,,,,,9.71445146547012e-14,4.67240639423494e-06,4
overlap_noise,1.5,0,paper,2640,2,4,4,0.15819706283906737,0.158197,8424.580806265236,19,0.052,,,,,,,
overlap_noise,1.5,0,kmeanspp_best10,2640,2,4,4,0.1581971318453238,0.158197,8424.580806258313,35,0.721,8,4,4,,,,
overlap_noise,1.5,0,oracle,2640,2,4,4,0.15819709562592782,0.158197,8424.580806259562,11,0.032,,,,4,,,
overlap_noise,1.5,0,fed_lossless_pre1,2640,2,4,4,0.1581971082066476,0.158197,8424.580806254393,300,0.929,,,,,2.731148640577885e-14,4.5527395731159714e-06,4
overlap_noise,1.5,1,paper,2640,2,4,4,0.14695253218592372,0.146953,8506.517041092418,14,0.038,,,,,,,
overlap_noise,1.5,1,kmeanspp_best10,2640,2,4,4,0.14695252969739916,0.146953,8506.517041082661,14,0.581,1,4,4,,,,
overlap_noise,1.5,1,oracle,2640,2,4,4,0.14695253035262437,0.146953,8506.517041086798,11,0.03,,,,4,,,
overlap_noise,1.5,1,fed_lossless_pre1,2640,2,4,4,0.14695253167811373,0.146953,8506.517041080115,300,0.735,,,,,1.554312234475219e-14,3.960374836520231e-06,4
overlap_noise,1.5,2,paper,2640,2,4,4,0.15559393791915885,0.155594,8312.030891214912,20,0.045,,,,,,,
overlap_noise,1.5,2,kmeanspp_best10,2640,2,4,4,0.15559393557525406,0.155594,8312.030891207514,14,0.5,5,4,4,,,,
overlap_noise,1.5,2,oracle,2640,2,4,4,0.1555939305081334,0.155594,8312.03089120736,9,0.046,,,,4,,,
overlap_noise,1.5,2,fed_lossless_pre1,2640,2,4,4,0.15559393594400675,0.155594,8312.030891204666,300,0.838,,,,,1.509903313490213e-14,3.323350486361676e-06,4
overlap_noise,1.5,3,paper,2640,2,4,4,0.15966553993666205,0.159666,8646.721703227173,17,0.039,,,,,,,
overlap_noise,1.5,3,kmeanspp_best10,2640,2,4,4,0.15966553890915028,0.159666,8646.72170322996,16,0.484,9,4,4,,,,
overlap_noise,1.5,3,oracle,2640,2,4,4,0.1596655717188246,0.159666,8646.721703238762,9,0.023,,,,4,,,
overlap_noise,1.5,3,fed_lossless_pre1,2640,2,4,4,0.15966555035650618,0.159666,8646.721703223207,300,0.774,,,,,1.8207657603852567e-14,1.8232935379280946e-06,4
overlap_noise,1.5,4,paper,2640,2,4,4,0.15146910481918435,0.151469,8745.053764400294,26,0.079,,,,,,,
overlap_noise,1.5,4,kmeanspp_best10,2640,2,4,4,0.15146909510408188,0.151469,8745.053764395776,13,0.511,6,4,4,,,,
overlap_noise,1.5,4,oracle,2640,2,4,4,0.15146905099795177,0.151469,8745.05376440049,11,0.039,,,,4,,,
overlap_noise,1.5,4,fed_lossless_pre1,2640,2,4,4,0.15146907708121005,0.151469,8745.053764392287,300,0.874,,,,,4.608535775219025e-13,4.115857193731642e-06,4
overlap_noise,1.3,0,paper,2640,2,4,4,0.06476254277784359,0.064763,8935.953759907054,18,0.046,,,,,,,
overlap_noise,1.3,0,kmeanspp_best10,2640,2,4,4,0.06476256568701315,0.064763,8935.953759902397,12,0.555,5,4,4,,,,
overlap_noise,1.3,0,oracle,2640,2,4,4,0.06476259007012856,0.064763,8935.953759911901,11,0.032,,,,4,,,
overlap_noise,1.3,0,fed_lossless_pre1,2640,2,4,4,0.06476256599725914,0.064763,8935.953759899254,300,0.758,,,,,1.687538997430238e-14,4.178291244993915e-06,4
overlap_noise,1.3,1,paper,2640,2,4,4,0.057926805300727816,0.057927,8997.185534355342,13,0.032,,,,,,,
overlap_noise,1.3,1,kmeanspp_best10,2640,2,4,4,0.05792680653397418,0.057927,8997.185534353031,27,0.403,9,4,4,,,,
overlap_noise,1.3,1,oracle,2640,2,4,4,0.057926802747031436,0.057927,8997.18553435394,10,0.029,,,,4,,,
overlap_noise,1.3,1,fed_lossless_pre1,2640,2,4,4,0.05792680420873487,0.057927,8997.185534351907,300,0.725,,,,,1.1102230246251565e-14,1.7643740610751024e-06,4
overlap_noise,1.3,2,paper,2640,2,4,4,0.06371798593037803,0.063718,8827.966808169465,19,0.05,,,,,,,
overlap_noise,1.3,2,kmeanspp_best10,2640,2,4,4,0.0637179848985195,0.063718,8827.966808168478,12,0.34,3,4,4,,,,
overlap_noise,1.3,2,oracle,2640,2,4,4,0.06371797695627486,0.063718,8827.966808168796,8,0.023,,,,4,,,
overlap_noise,1.3,2,fed_lossless_pre1,2640,2,4,4,0.06371798191128784,0.063718,8827.966808166793,300,0.945,,,,,1.9095836023552692e-14,1.664855386884767e-06,4
overlap_noise,1.3,3,paper,2640,2,4,4,0.06716818273816137,0.067168,9189.600839583723,15,0.04,,,,,,,
overlap_noise,1.3,3,kmeanspp_best10,2640,2,4,4,0.06716819493972065,0.067168,9189.600839576224,14,0.413,8,4,4,,,,
overlap_noise,1.3,3,oracle,2640,2,4,4,0.06716821092403194,0.067168,9189.60083958341,9,0.025,,,,4,,,
overlap_noise,1.3,3,fed_lossless_pre1,2640,2,4,4,0.06716819580140618,0.067168,9189.60083957436,300,0.818,,,,,2.042810365310288e-14,2.514963758581956e-06,4
overlap_noise,1.3,4,paper,2640,2,4,4,0.06262773542625873,0.062628,9259.836336039298,24,0.054,,,,,,,
overlap_noise,1.3,4,kmeanspp_best10,2640,2,4,4,0.06262773442735746,0.062628,9259.836336038836,16,0.467,3,4,4,,,,
overlap_noise,1.3,4,oracle,2640,2,4,4,0.0626277053400805,0.062628,9259.836336040838,10,0.023,,,,4,,,
overlap_noise,1.3,4,fed_lossless_pre1,2640,2,4,4,0.06262772152167227,0.062628,9259.836336035964,300,0.831,,,,,1.5276668818842154e-13,2.5668923449018166e-06,4
overlap_noise,1.2,0,paper,2640,2,4,4,0.03591493998754102,0.035915,9074.72194696747,18,0.047,,,,,,,
overlap_noise,1.2,0,kmeanspp_best10,2640,2,4,4,0.0359149526388315,0.035915,9074.721946960686,12,0.536,5,4,4,,,,
overlap_noise,1.2,0,oracle,2640,2,4,4,0.03591497694876771,0.035915,9074.721946966962,11,0.026,,,,4,,,
overlap_noise,1.2,0,fed_lossless_pre1,2640,2,4,4,0.03591495935284434,0.035915,9074.721946958443,300,0.717,,,,,1.2878587085651816e-14,4.473749231292956e-06,4
overlap_noise,1.2,1,paper,2640,2,4,4,0.03126108374856928,0.031261,9126.139310791874,13,0.042,,,,,,,
overlap_noise,1.2,1,kmeanspp_best10,2640,2,4,4,0.03126107846737252,0.031261,9126.139310791228,13,0.398,8,4,4,,,,
overlap_noise,1.2,1,oracle,2640,2,4,4,0.03126107686837684,0.031261,9126.139310797409,9,0.036,,,,4,,,
overlap_noise,1.2,1,fed_lossless_pre1,2640,2,4,4,0.03126108156217392,0.031261,9126.139310790284,300,0.78,,,,,1.1546319456101628e-14,1.3102453895186272e-06,4
overlap_noise,1.2,2,paper,2640,2,4,4,0.03403283237683118,0.034033,8965.65293355245,18,0.102,,,,,,,
overlap_noise,1.2,2,kmeanspp_best10,2640,2,4,4,0.034032826062848916,0.034033,8965.652933549161,11,0.422,4,4,4,,,,
overlap_noise,1.2,2,oracle,2640,2,4,4,0.03403282653042524,0.034033,8965.652933550675,7,0.021,,,,4,,,
overlap_noise,1.2,2,fed_lossless_pre1,2640,2,4,4,0.034032825740394415,0.034033,8965.652933548667,300,0.739,,,,,3.26405569239796e-14,1.929963219016173e-06,4
overlap_noise,1.2,3,paper,2640,2,4,4,0.038063831683567736,0.038064,9342.311363463701,15,0.046,,,,,,,
overlap_noise,1.2,3,kmeanspp_best10,2640,2,4,4,0.03806383328502406,0.038064,9342.3113634625,16,0.471,0,4,4,,,,
overlap_noise,1.2,3,oracle,2640,2,4,4,0.03806383780839047,0.038064,9342.311363464738,9,0.031,,,,4,,,
overlap_noise,1.2,3,fed_lossless_pre1,2640,2,4,4,0.03806383324177932,0.038064,9342.311363460747,300,0.871,,,,,1.4654943925052066e-14,1.498737010718898e-06,4
overlap_noise,1.2,4,paper,2640,2,4,4,0.035162135110286666,0.035162,9400.613032887497,21,0.055,,,,,,,
overlap_noise,1.2,4,kmeanspp_best10,2640,2,4,4,0.03516213222456671,0.035162,9400.613032885105,16,0.517,3,4,4,,,,
overlap_noise,1.2,4,oracle,2640,2,4,4,0.0351621131340112,0.035162,9400.613032887584,9,0.026,,,,4,,,
overlap_noise,1.2,4,fed_lossless_pre1,2640,2,4,4,0.03516212389832608,0.035162,9400.613032882165,300,1.044,,,,,2.1316282072803006e-14,3.267700673603713e-06,4
overlap_noise,1.1,0,paper,2640,2,4,4,0.015982498316225297,0.015982,9153.784302778626,23,0.059,,,,,,,
overlap_noise,1.1,0,kmeanspp_best10,2640,2,4,4,0.01598252196752337,0.015983,9153.784302778578,27,0.638,9,4,4,,,,
overlap_noise,1.1,0,oracle,2640,2,4,4,0.015982537806151977,0.015983,9153.784302789607,11,0.032,,,,4,,,
overlap_noise,1.1,0,fed_lossless_pre1,2640,2,4,4,0.0159825101828125,0.015983,9153.784302776086,300,0.742,,,,,2.842170943040401e-14,2.3787893854709807e-06,4
overlap_noise,1.1,1,paper,2640,2,4,4,0.01375320749488108,0.013753,9196.691353273513,13,0.032,,,,,,,
overlap_noise,1.1,1,kmeanspp_best10,2640,2,4,4,0.013753196142511685,0.013753,9196.691353266691,12,0.394,6,4,4,,,,
overlap_noise,1.1,1,oracle,2640,2,4,4,0.013753179899719144,0.013753,9196.691353268361,10,0.035,,,,4,,,
overlap_noise,1.1,1,fed_lossless_pre1,2640,2,4,4,0.013753189990113351,0.013753,9196.691353265884,300,0.819,,,,,1.9539925233402755e-14,3.1721914015570007e-06,4
overlap_noise,1.1,2,paper,2640,2,4,4,0.013565508196084746,0.013566,9038.000411849021,18,0.064,,,,,,,
overlap_noise,1.1,2,kmeanspp_best10,2640,2,4,4,0.013565504589172205,0.013566,9038.00041184868,11,0.368,6,4,4,,,,
overlap_noise,1.1,2,oracle,2640,2,4,4,0.013565512938309855,0.013566,9038.000411851543,7,0.023,,,,4,,,
overlap_noise,1.1,2,fed_lossless_pre1,2640,2,4,4,0.013565506688002563,0.013566,9038.000411848347,300,0.925,,,,,3.1308289294429414e-14,7.956273884168752e-07,4
overlap_noise,1.1,3,paper,2640,2,4,4,0.016990019219814297,0.01699,9430.816853161119,14,0.043,,,,,,,
overlap_noise,1.1,3,kmeanspp_best10,2640,2,4,4,0.016989985901940667,0.01699,9430.816853152788,13,0.39,3,4,4,,,,
overlap_noise,1.1,3,oracle,2640,2,4,4,0.0169900010498378,0.01699,9430.816853159107,8,0.02,,,,4,,,
overlap_noise,1.1,3,fed_lossless_pre1,2640,2,4,4,0.016989994728404414,0.01699,9430.816853151322,300,0.711,,,,,1.865174681370263e-14,3.0569374782629666e-06,4
overlap_noise,1.1,4,paper,2640,2,4,4,0.015563911069238347,0.015564,9480.159267575571,20,0.054,,,,,,,
overlap_noise,1.1,4,kmeanspp_best10,2640,2,4,4,0.015563912317086065,0.015564,9480.15926757002,16,0.413,0,4,4,,,,
overlap_noise,1.1,4,oracle,2640,2,4,4,0.015563917553191682,0.015564,9480.159267571102,9,0.026,,,,4,,,
overlap_noise,1.1,4,fed_lossless_pre1,2640,2,4,4,0.015563914724467751,0.015564,9480.159267565781,300,0.735,,,,,1.9984014443252818e-14,4.547389586218031e-06,4
quantity_skew_extreme,2.0,0,paper,2669,2,4,4,0.1265048716610893,0.126505,2747.6143445436587,11,0.028,,,,,,,
quantity_skew_extreme,2.0,0,kmeanspp_best10,2669,2,4,4,0.12650487184030643,0.126505,2747.6143445436614,7,0.185,9,4,4,,,,
quantity_skew_extreme,2.0,0,oracle,2669,2,4,4,0.12650486552460039,0.126505,2747.6143445440835,4,0.012,,,,4,,,
quantity_skew_extreme,2.0,0,fed_lossless_pre1,2669,2,4,4,0.12650487119246093,0.126505,2747.6143445436564,300,0.592,,,,,2.398081733190338e-14,6.023258336540493e-08,4
quantity_skew_extreme,2.0,1,paper,2669,2,4,4,0.12670585589949904,0.126706,2710.405749052109,10,0.012,,,,,,,
quantity_skew_extreme,2.0,1,kmeanspp_best10,2669,2,4,4,0.12670585421058456,0.126706,2710.405749052032,7,0.116,7,4,4,,,,
quantity_skew_extreme,2.0,1,oracle,2669,2,4,4,0.12670585006717933,0.126706,2710.4057490522905,4,0.007,,,,4,,,
quantity_skew_extreme,2.0,1,fed_lossless_pre1,2669,2,4,4,0.1267058537325552,0.126706,2710.405749052027,300,0.431,,,,,1.865174681370263e-14,4.3877496691546725e-07,4
quantity_skew_extreme,2.0,2,paper,2669,2,4,4,0.3310612338694586,0.331061,5156.063985576363,69,0.144,,,,,,,
quantity_skew_extreme,2.0,2,kmeanspp_best10,2669,2,4,4,0.13500596113328417,0.135006,2794.4003132855883,7,0.178,3,4,4,,,,
quantity_skew_extreme,2.0,2,oracle,2669,2,4,4,0.13500595864337372,0.135006,2794.4003132855914,5,0.013,,,,4,,,
quantity_skew_extreme,2.0,2,fed_lossless_pre1,2669,2,4,4,0.3310613242414058,0.331061,5156.063985295676,300,0.578,,,,,4.085620730620576e-14,5.600204698413824e-05,4
quantity_skew_extreme,2.0,3,paper,2669,2,4,4,0.12387808562343887,0.123878,2843.4157236202404,11,0.028,,,,,,,
quantity_skew_extreme,2.0,3,kmeanspp_best10,2669,2,4,4,0.1238780856889138,0.123878,2843.4157236202436,7,0.136,9,4,4,,,,
quantity_skew_extreme,2.0,3,oracle,2669,2,4,4,0.12387808214448016,0.123878,2843.415723620431,4,0.01,,,,4,,,
quantity_skew_extreme,2.0,3,fed_lossless_pre1,2669,2,4,4,0.12387808537144772,0.123878,2843.415723620239,300,0.492,,,,,3.108624468950438e-14,8.546075136450781e-08,4
quantity_skew_extreme,2.0,4,paper,2669,2,4,4,0.1297492212905036,0.129749,2859.402748248853,10,0.054,,,,,,,
quantity_skew_extreme,2.0,4,kmeanspp_best10,2669,2,4,4,0.1297492201500574,0.129749,2859.4027482488696,6,0.219,0,4,4,,,,
quantity_skew_extreme,2.0,4,oracle,2669,2,4,4,0.12974922061231758,0.129749,2859.402748248963,4,0.009,,,,4,,,
quantity_skew_extreme,2.0,4,fed_lossless_pre1,2669,2,4,4,0.12974922078872167,0.129749,2859.4027482488473,300,0.543,,,,,5.140332604014475e-14,1.1393474963483641e-07,4
quantity_skew_extreme,1.5,0,paper,2669,2,4,4,0.006671370990257465,0.006671,2951.5624089734893,8,0.022,,,,,,,
quantity_skew_extreme,1.5,0,kmeanspp_best10,2669,2,4,4,0.0066713709731335055,0.006671,2951.562408973489,4,0.142,0,4,4,,,,
quantity_skew_extreme,1.5,0,oracle,2669,2,4,4,0.006671370982873045,0.006671,2951.562408973489,3,0.01,,,,4,,,
quantity_skew_extreme,1.5,0,fed_lossless_pre1,2669,2,4,4,0.006671370987394214,0.006671,2951.562408973489,300,0.72,,,,,3.9968028886505635e-14,2.81240719601783e-09,4
quantity_skew_extreme,1.5,1,paper,2669,2,4,4,0.006528000663557179,0.006528,2906.1465051162463,7,0.019,,,,,,,
quantity_skew_extreme,1.5,1,kmeanspp_best10,2669,2,4,4,0.0065280006632204785,0.006528,2906.1465051162468,4,0.183,0,4,4,,,,
quantity_skew_extreme,1.5,1,oracle,2669,2,4,4,0.006528000605635197,0.006528,2906.146505116248,2,0.008,,,,4,,,
quantity_skew_extreme,1.5,1,fed_lossless_pre1,2669,2,4,4,0.006528000662951099,0.006528,2906.1465051162468,300,0.797,,,,,1.7763568394002505e-14,8.07906075372955e-10,4
quantity_skew_extreme,1.5,2,paper,2669,2,4,4,0.007816229601574225,0.007816,3021.7097376782713,27,0.069,,,,,,,
quantity_skew_extreme,1.5,2,kmeanspp_best10,2669,2,4,4,0.007816229599168929,0.007816,3021.7097376782713,4,0.142,0,4,4,,,,
quantity_skew_extreme,1.5,2,oracle,2669,2,4,4,0.007816229600028889,0.007816,3021.7097376782713,3,0.011,,,,4,,,
quantity_skew_extreme,1.5,2,fed_lossless_pre1,2669,2,4,4,0.007816229600877647,0.007816,3021.7097376782713,300,0.723,,,,,1.0680345496894006e-13,2.2234836194456875e-09,4
quantity_skew_extreme,1.5,3,paper,2669,2,4,4,0.006307028932172301,0.006307,3042.8827732330546,7,0.029,,,,,,,
quantity_skew_extreme,1.5,3,kmeanspp_best10,2669,2,4,4,0.006307028932371704,0.006307,3042.8827732330546,4,0.14,0,4,4,,,,
quantity_skew_extreme,1.5,3,oracle,2669,2,4,4,0.006307028897211898,0.006307,3042.8827732330556,2,0.008,,,,4,,,
quantity_skew_extreme,1.5,3,fed_lossless_pre1,2669,2,4,4,0.00630702893181658,0.006307,3042.8827732330546,300,0.938,,,,,1.687538997430238e-14,7.007794344815466e-10,4
quantity_skew_extreme,1.5,4,paper,2669,2,4,4,0.007056874574030065,0.007057,3075.0197490769715,6,0.015,,,,,,,
quantity_skew_extreme,1.5,4,kmeanspp_best10,2669,2,4,4,0.007056874572889692,0.007057,3075.0197490769715,4,0.166,0,4,4,,,,
quantity_skew_extreme,1.5,4,oracle,2669,2,4,4,0.007056874576594541,0.007057,3075.0197490769715,3,0.014,,,,4,,,
quantity_skew_extreme,1.5,4,fed_lossless_pre1,2669,2,4,4,0.007056874573260025,0.007057,3075.0197490769715,300,0.546,,,,,7.716050021144838e-14,7.052259221040913e-09,4
quantity_skew_extreme,1.3,0,paper,2669,2,4,4,0.00039758182258802633,0.000398,2958.6588242524026,7,0.02,,,,,,,
quantity_skew_extreme,1.3,0,kmeanspp_best10,2669,2,4,4,0.0003975818225105546,0.000398,2958.6588242524026,4,0.15,8,4,4,,,,
quantity_skew_extreme,1.3,0,oracle,2669,2,4,4,0.00039758181871991195,0.000398,2958.658824252403,2,0.007,,,,4,,,
quantity_skew_extreme,1.3,0,fed_lossless_pre1,2669,2,4,4,0.0003975818225533292,0.000398,2958.658824252403,300,0.687,,,,,1.8740564655672642e-13,1.9768275905107657e-10,4
quantity_skew_extreme,1.3,1,paper,2669,2,4,4,0.00024241506383258137,0.000242,2911.732697220774,6,0.015,,,,,,,
quantity_skew_extreme,1.3,1,kmeanspp_best10,2669,2,4,4,0.0002424150638310485,0.000242,2911.732697220774,3,0.163,0,4,4,,,,
quantity_skew_extreme,1.3,1,oracle,2669,2,4,4,0.0002424150638299936,0.000242,2911.732697220774,2,0.014,,,,4,,,
quantity_skew_extreme,1.3,1,fed_lossless_pre1,2669,2,4,4,0.00024241506383238833,0.000242,2911.732697220774,300,0.65,,,,,3.5083047578154947e-14,2.034372670323137e-12,4
quantity_skew_extreme,1.3,2,paper,2669,2,4,4,0.0003660450606988758,0.000366,3029.461353652076,8,0.025,,,,,,,
quantity_skew_extreme,1.3,2,kmeanspp_best10,2669,2,4,4,0.00036604506066848365,0.000366,3029.4613536520756,3,0.137,7,4,4,,,,
quantity_skew_extreme,1.3,2,oracle,2669,2,4,4,0.0003660450606910985,0.000366,3029.461353652076,2,0.008,,,,4,,,
quantity_skew_extreme,1.3,2,fed_lossless_pre1,2669,2,4,4,0.0003660450606987785,0.000366,3029.461353652076,300,0.802,,,,,1.2279066652354231e-13,8.064660050877137e-13,4
quantity_skew_extreme,1.3,3,paper,2669,2,4,4,0.0002428227819617183,0.000243,3048.6769172671134,5,0.015,,,,,,,
quantity_skew_extreme,1.3,3,kmeanspp_best10,2669,2,4,4,0.00024282278194074904,0.000243,3048.6769172671134,3,0.114,0,4,4,,,,
quantity_skew_extreme,1.3,3,oracle,2669,2,4,4,0.00024282278193983107,0.000243,3048.6769172671134,2,0.008,,,,4,,,
quantity_skew_extreme,1.3,3,fed_lossless_pre1,2669,2,4,4,0.00024282278194087448,0.000243,3048.6769172671134,300,0.71,,,,,2.1316282072803006e-14,4.0402969858632787e-10,4
quantity_skew_extreme,1.3,4,paper,2669,2,4,4,0.00040556199427724645,0.000406,3082.3575292402625,5,0.011,,,,,,,
quantity_skew_extreme,1.3,4,kmeanspp_best10,2669,2,4,4,0.0004055619947060483,0.000406,3082.3575292402625,4,0.101,7,4,4,,,,
quantity_skew_extreme,1.3,4,oracle,2669,2,4,4,0.0004055619945485174,0.000406,3082.357529240263,3,0.008,,,,4,,,
quantity_skew_extreme,1.3,4,fed_lossless_pre1,2669,2,4,4,0.0004055619946009648,0.000406,3082.357529240263,300,0.486,,,,,1.9539925233402755e-14,2.2986469394581377e-09,4
quantity_skew_extreme,1.2,0,paper,2669,2,4,4,9.833711809841929e-05,9.8e-05,2959.274059066792,6,0.017,,,,,,,
quantity_skew_extreme,1.2,0,kmeanspp_best10,2669,2,4,4,9.83371178075829e-05,9.8e-05,2959.2740590667913,3,0.121,2,4,4,,,,
quantity_skew_extreme,1.2,0,oracle,2669,2,4,4,9.83371172999519e-05,9.8e-05,2959.2740590667913,2,0.008,,,,4,,,
quantity_skew_extreme,1.2,0,fed_lossless_pre1,2669,2,4,4,9.833711790978667e-05,9.8e-05,2959.274059066792,300,0.715,,,,,4.729550084903167e-14,1.3049374913975953e-09,4
quantity_skew_extreme,1.2,1,paper,2669,2,4,4,1.009777469498037e-05,1e-05,2911.882594228957,5,0.015,,,,,,,
quantity_skew_extreme,1.2,1,kmeanspp_best10,2669,2,4,4,1.0097774694975895e-05,1e-05,2911.882594228957,3,0.152,0,4,4,,,,
quantity_skew_extreme,1.2,1,oracle,2669,2,4,4,1.0097774692662408e-05,1e-05,2911.882594228957,1,0.006,,,,4,,,
quantity_skew_extreme,1.2,1,fed_lossless_pre1,2669,2,4,4,1.0097774694977334e-05,1e-05,2911.882594228957,300,0.764,,,,,3.6415315207705135e-14,2.7966517990307693e-13,4
quantity_skew_extreme,1.2,2,paper,2669,2,4,4,2.1778360592499667e-05,2.2e-05,3029.735407143469,6,0.017,,,,,,,
quantity_skew_extreme,1.2,2,kmeanspp_best10,2669,2,4,4,2.1778360592494e-05,2.2e-05,3029.7354071434684,3,0.185,0,4,4,,,,
quantity_skew_extreme,1.2,2,oracle,2669,2,4,4,2.1778360592495242e-05,2.2e-05,3029.7354071434684,2,0.018,,,,4,,,
quantity_skew_extreme,1.2,2,fed_lossless_pre1,2669,2,4,4,2.1778360592496808e-05,2.2e-05,3029.7354071434684,300,0.719,,,,,3.9968028886505635e-14,7.704947790898586e-14,4
quantity_skew_extreme,1.2,3,paper,2669,2,4,4,1.2304333751689811e-05,1.2e-05,3048.8639988098407,5,0.012,,,,,,,
quantity_skew_extreme,1.2,3,kmeanspp_best10,2669,2,4,4,1.2304333751489329e-05,1.2e-05,3048.8639988098407,3,0.096,7,4,4,,,,
quantity_skew_extreme,1.2,3,oracle,2669,2,4,4,1.230433375168954e-05,1.2e-05,3048.863998809841,2,0.006,,,,4,,,
quantity_skew_extreme,1.2,3,fed_lossless_pre1,2669,2,4,4,1.2304333751689339e-05,1.2e-05,3048.863998809841,300,0.559,,,,,2.220446049250313e-14,3.907985046680551e-14,4
quantity_skew_extreme,1.2,4,paper,2669,2,4,4,0.00012711277732215383,0.000127,3083.07523744415,5,0.012,,,,,,,
quantity_skew_extreme,1.2,4,kmeanspp_best10,2669,2,4,4,0.00012711277714901636,0.000127,3083.07523744415,4,0.115,1,4,4,,,,
quantity_skew_extreme,1.2,4,oracle,2669,2,4,4,0.00012711276959942948,0.000127,3083.075237444151,2,0.007,,,,4,,,
quantity_skew_extreme,1.2,4,fed_lossless_pre1,2669,2,4,4,0.00012711277707580398,0.000127,3083.0752374441504,300,0.625,,,,,2.398081733190338e-14,1.0726699528618155e-09,4
quantity_skew_extreme,1.1,0,paper,2669,2,4,4,1.3326447176609763e-05,1.3e-05,2959.469548478801,5,0.011,,,,,,,
quantity_skew_extreme,1.1,0,kmeanspp_best10,2669,2,4,4,1.3326447170164107e-05,1.3e-05,2959.4695484788,3,0.089,0,4,4,,,,
quantity_skew_extreme,1.1,0,oracle,2669,2,4,4,1.3326447170741154e-05,1.3e-05,2959.469548478801,2,0.006,,,,4,,,
quantity_skew_extreme,1.1,0,fed_lossless_pre1,2669,2,4,4,1.3326447171813461e-05,1.3e-05,2959.4695484788003,300,0.49,,,,,3.68594044175552e-14,6.624567561175354e-11,4
quantity_skew_extreme,1.1,1,paper,2669,2,4,4,4.905737051164528e-09,0.0,2911.8870987457576,5,0.019,,,,,,,
quantity_skew_extreme,1.1,1,kmeanspp_best10,2669,2,4,4,4.905737050714441e-09,0.0,2911.8870987457576,2,0.115,0,4,4,,,,
quantity_skew_extreme,1.1,1,oracle,2669,2,4,4,4.905737051944681e-09,0.0,2911.8870987457576,1,0.006,,,,4,,,
quantity_skew_extreme,1.1,1,fed_lossless_pre1,2669,2,4,4,4.905737051164558e-09,0.0,2911.8870987457576,300,0.83,,,,,1.509903313490213e-14,7.993605777301127e-15,4
quantity_skew_extreme,1.1,2,paper,2669,2,4,4,3.748099420557266e-08,0.0,3029.7477035745014,4,0.013,,,,,,,
quantity_skew_extreme,1.1,2,kmeanspp_best10,2669,2,4,4,3.748099420464282e-08,0.0,3029.747703574501,2,0.094,2,4,4,,,,
quantity_skew_extreme,1.1,2,oracle,2669,2,4,4,3.748099420500143e-08,0.0,3029.7477035745014,1,0.005,,,,4,,,
quantity_skew_extreme,1.1,2,fed_lossless_pre1,2669,2,4,4,3.7480994205572145e-08,0.0,3029.7477035745014,300,0.788,,,,,2.042810365310288e-14,7.105427357601002e-15,4
quantity_skew_extreme,1.1,3,paper,2669,2,4,4,2.5537813046824034e-08,0.0,3048.8733276031016,4,0.013,,,,,,,
quantity_skew_extreme,1.1,3,kmeanspp_best10,2669,2,4,4,2.5537813045502418e-08,0.0,3048.8733276031016,2,0.109,0,4,4,,,,
quantity_skew_extreme,1.1,3,oracle,2669,2,4,4,2.5537813046312913e-08,0.0,3048.8733276031016,1,0.006,,,,4,,,
quantity_skew_extreme,1.1,3,fed_lossless_pre1,2669,2,4,4,2.553781304682391e-08,0.0,3048.8733276031016,300,0.738,,,,,2.9753977059954195e-14,1.0658141036401503e-14,4
quantity_skew_extreme,1.1,4,paper,2669,2,4,4,3.7630999201627706e-05,3.8e-05,3083.4267851829736,5,0.014,,,,,,,
quantity_skew_extreme,1.1,4,kmeanspp_best10,2669,2,4,4,3.763099931860483e-05,3.8e-05,3083.4267851829736,3,0.166,0,4,4,,,,
quantity_skew_extreme,1.1,4,oracle,2669,2,4,4,3.763099890070583e-05,3.8e-05,3083.4267851829736,2,0.008,,,,4,,,
quantity_skew_extreme,1.1,4,fed_lossless_pre1,2669,2,4,4,3.763099913979797e-05,3.8e-05,3083.4267851829736,300,0.781,,,,,1.2434497875801753e-14,3.0375135740001724e-10,4
wine,2.0,0,paper,178,13,3,3,0.8141357029920576,0.814136,721.2171837348469,26,0.005,,,,,,,
wine,2.0,0,kmeanspp_best10,178,13,3,3,0.8141349637046449,0.814135,721.2171837341818,17,0.053,5,3,3,,,,
wine,2.0,0,oracle,178,13,3,3,0.814134724370132,0.814135,721.217183734829,16,0.004,,,,3,,,
wine,2.0,0,fed_lossless_pre1,178,13,3,3,0.81413519275071,0.814135,721.2171837337901,300,0.106,,,,,1.7763568394002505e-15,3.845912418087849e-06,3
wine,2.0,1,paper,178,13,3,3,0.8141355028616011,0.814136,721.2171837343525,21,0.003,,,,,,,
wine,2.0,1,kmeanspp_best10,178,13,3,3,0.8141354866560411,0.814135,721.2171837341203,19,0.038,9,3,3,,,,
wine,2.0,1,oracle,178,13,3,3,0.814134724370132,0.814135,721.217183734829,16,0.002,,,,3,,,
wine,2.0,1,fed_lossless_pre1,178,13,3,3,0.81413519275071,0.814135,721.21718373379,300,0.084,,,,,1.7763568394002505e-15,2.5020283872523308e-06,3
wine,2.0,2,paper,178,13,3,3,0.8141355615144983,0.814136,721.2171837344277,21,0.006,,,,,,,
wine,2.0,2,kmeanspp_best10,178,13,3,3,0.8141354506765476,0.814135,721.2171837342221,19,0.071,9,3,3,,,,
wine,2.0,2,oracle,178,13,3,3,0.814134724370132,0.814135,721.217183734829,16,0.004,,,,3,,,
wine,2.0,2,fed_lossless_pre1,178,13,3,3,0.81413519275071,0.814135,721.21718373379,300,0.241,,,,,1.5543122344752192e-15,2.9094913142069245e-06,3
wine,2.0,3,paper,178,13,3,3,0.8141356552243582,0.814136,721.2171837346591,22,0.005,,,,,,,
wine,2.0,3,kmeanspp_best10,178,13,3,3,0.8141354597183031,0.814135,721.2171837340766,16,0.052,6,3,3,,,,
wine,2.0,3,oracle,178,13,3,3,0.814134724370132,0.814135,721.217183734829,16,0.003,,,,3,,,
wine,2.0,3,fed_lossless_pre1,178,13,3,3,0.8141351927507101,0.814135,721.21718373379,300,0.113,,,,,1.3322676295501878e-15,3.508408253805051e-06,3
wine,2.0,4,paper,178,13,3,3,0.8141354542953549,0.814135,721.2171837343265,16,0.003,,,,,,,
wine,2.0,4,kmeanspp_best10,178,13,3,3,0.8141352509206022,0.814135,721.2171837341045,18,0.047,0,3,3,,,,
wine,2.0,4,oracle,178,13,3,3,0.814134724370132,0.814135,721.2171837348288,16,0.003,,,,3,,,
wine,2.0,4,fed_lossless_pre1,178,13,3,3,0.81413519275071,0.814135,721.2171837337899,300,0.094,,,,,1.3322676295501878e-15,2.157332716641591e-06,3
wine,1.5,0,paper,178,13,3,3,0.451711922022266,0.451712,1079.5931571695287,21,0.005,,,,,,,
wine,1.5,0,kmeanspp_best10,178,13,3,3,0.4517120089542871,0.451712,1079.5931571693877,22,0.056,3,3,3,,,,
wine,1.5,0,oracle,178,13,3,3,0.45171192306532265,0.451712,1079.5931571695114,12,0.003,,,,3,,,
wine,1.5,0,fed_lossless_pre1,178,13,3,3,0.4517119685283797,0.451712,1079.5931571689707,300,0.123,,,,,1.7763568394002505e-15,1.9146155748432647e-06,3
wine,1.5,1,paper,178,13,3,3,0.4517120462468161,0.451712,1079.5931571705203,17,0.005,,,,,,,
wine,1.5,1,kmeanspp_best10,178,13,3,3,0.45171199731252976,0.451712,1079.5931571692831,13,0.058,7,3,3,,,,
wine,1.5,1,oracle,178,13,3,3,0.4517119230653226,0.451712,1079.5931571695114,12,0.003,,,,3,,,
wine,1.5,1,fed_lossless_pre1,178,13,3,3,0.45171196852837975,0.451712,1079.593157168971,300,0.127,,,,,2.3314683517128287e-15,3.173679703729476e-06,3
wine,1.5,2,paper,178,13,3,3,0.4517120426533816,0.451712,1079.5931571703757,17,0.004,,,,,,,
wine,1.5,2,kmeanspp_best10,178,13,3,3,0.45171198099065296,0.451712,1079.593157169198,13,0.049,5,3,3,,,,
wine,1.5,2,oracle,178,13,3,3,0.4517119230653226,0.451712,1079.5931571695114,12,0.003,,,,3,,,
wine,1.5,2,fed_lossless_pre1,178,13,3,3,0.45171196852837986,0.451712,1079.5931571689707,300,0.107,,,,,2.220446049250313e-15,3.0068200676733325e-06,3
wine,1.5,3,paper,178,13,3,3,0.4517120355963136,0.451712,1079.5931571701371,17,0.004,,,,,,,
wine,1.5,3,kmeanspp_best10,178,13,3,3,0.45171200639431347,0.451712,1079.593157169335,17,0.052,2,3,3,,,,
wine,1.5,3,oracle,178,13,3,3,0.45171192306532265,0.451712,1079.5931571695116,12,0.003,,,,3,,,
wine,1.5,3,fed_lossless_pre1,178,13,3,3,0.4517119685283797,0.451712,1079.593157168971,300,0.13,,,,,1.5543122344752192e-15,2.794426325506555e-06,3
wine,1.5,4,paper,178,13,3,3,0.451711922899059,0.451712,1079.5931571695141,15,0.005,,,,,,,
wine,1.5,4,kmeanspp_best10,178,13,3,3,0.4517120068678857,0.451712,1079.5931571693404,15,0.066,8,3,3,,,,
wine,1.5,4,oracle,178,13,3,3,0.4517119230653227,0.451712,1079.5931571695114,12,0.004,,,,3,,,
wine,1.5,4,fed_lossless_pre1,178,13,3,3,0.45171196852837975,0.451712,1079.5931571689707,300,0.183,,,,,1.9984014443252818e-15,1.9158583425930853e-06,3
wine,1.3,0,paper,178,13,3,3,0.23100663585986045,0.231007,1199.3739320025857,19,0.005,,,,,,,
wine,1.3,0,kmeanspp_best10,178,13,3,3,0.2310066698075519,0.231007,1199.373932002335,11,0.059,5,3,3,,,,
wine,1.3,0,oracle,178,13,3,3,0.2310066603494016,0.231007,1199.3739320021496,10,0.003,,,,3,,,
wine,1.3,0,fed_lossless_pre1,178,13,3,3,0.23100667087234905,0.231007,1199.3739320020409,300,0.126,,,,,1.6653345369377348e-15,1.5998561676972e-06,3
wine,1.3,1,paper,178,13,3,3,0.23100670492902767,0.231007,1199.373932002554,18,0.004,,,,,,,
wine,1.3,1,kmeanspp_best10,178,13,3,3,0.23100665856157485,0.231007,1199.3739320024429,12,0.046,7,3,3,,,,
wine,1.3,1,oracle,178,13,3,3,0.2310066603494016,0.231007,1199.3739320021493,10,0.002,,,,3,,,
wine,1.3,1,fed_lossless_pre1,178,13,3,3,0.23100667087234905,0.231007,1199.373932002041,300,0.07,,,,,2.4424906541753444e-15,1.5527959784517043e-06,3
wine,1.3,2,paper,178,13,3,3,0.23100673974107871,0.231007,1199.3739320041468,17,0.006,,,,,,,
wine,1.3,2,kmeanspp_best10,178,13,3,3,0.23100664574954982,0.231007,1199.3739320025093,13,0.111,5,3,3,,,,
wine,1.3,2,oracle,178,13,3,3,0.23100666034940154,0.231007,1199.3739320021496,10,0.007,,,,3,,,
wine,1.3,2,fed_lossless_pre1,178,13,3,3,0.23100667087234905,0.231007,1199.3739320020409,300,0.383,,,,,1.887379141862766e-15,3.1451678800670235e-06,3
wine,1.3,3,paper,178,13,3,3,0.23100673124247373,0.231007,1199.3739320036084,17,0.004,,,,,,,
wine,1.3,3,kmeanspp_best10,178,13,3,3,0.23100668790386283,0.231007,1199.373932002436,13,0.051,0,3,3,,,,
wine,1.3,3,oracle,178,13,3,3,0.2310066603494016,0.231007,1199.3739320021496,10,0.003,,,,3,,,
wine,1.3,3,fed_lossless_pre1,178,13,3,3,0.23100667087234908,0.231007,1199.3739320020409,300,0.125,,,,,1.3322676295501878e-15,2.71617889530118e-06,3
wine,1.3,4,paper,178,13,3,3,0.23100663348268094,0.231007,1199.373932002642,15,0.005,,,,,,,
wine,1.3,4,kmeanspp_best10,178,13,3,3,0.23100666921352567,0.231007,1199.3739320022082,15,0.074,9,3,3,,,,
wine,1.3,4,oracle,178,13,3,3,0.2310066603494016,0.231007,1199.3739320021496,10,0.005,,,,3,,,
wine,1.3,4,fed_lossless_pre1,178,13,3,3,0.23100667087234905,0.231007,1199.373932002041,300,0.177,,,,,1.7763568394002505e-15,1.682337065281314e-06,3
wine,1.2,0,paper,178,13,3,3,0.13519744856524812,0.135197,1242.5012526523374,18,0.003,,,,,,,
wine,1.2,0,kmeanspp_best10,178,13,3,3,0.13519752350362524,0.135198,1242.5012526508349,14,0.037,7,3,3,,,,
wine,1.2,0,oracle,178,13,3,3,0.13519752796610027,0.135198,1242.5012526508053,11,0.002,,,,3,,,
wine,1.2,0,fed_lossless_pre1,178,13,3,3,0.13519750124403845,0.135198,1242.5012526503033,300,0.091,,,,,1.5543122344752192e-15,3.029846966408345e-06,3
wine,1.2,1,paper,178,13,3,3,0.13519754891017327,0.135198,1242.501252651965,18,0.006,,,,,,,
wine,1.2,1,kmeanspp_best10,178,13,3,3,0.13519749876366532,0.135197,1242.501252650668,12,0.069,7,3,3,,,,
wine,1.2,1,oracle,178,13,3,3,0.13519752796610027,0.135198,1242.5012526508049,11,0.004,,,,3,,,
wine,1.2,1,fed_lossless_pre1,178,13,3,3,0.13519750124403843,0.135198,1242.5012526503033,300,0.178,,,,,1.9984014443252818e-15,2.7380554460838813e-06,3
wine,1.2,2,paper,178,13,3,3,0.13519754409985243,0.135198,1242.5012526516534,18,0.006,,,,,,,
wine,1.2,2,kmeanspp_best10,178,13,3,3,0.1351975282304057,0.135198,1242.5012526508383,18,0.068,6,3,3,,,,
wine,1.2,2,oracle,178,13,3,3,0.13519752796610024,0.135198,1242.501252650805,11,0.004,,,,3,,,
wine,1.2,2,fed_lossless_pre1,178,13,3,3,0.13519750124403845,0.135198,1242.5012526503035,300,0.302,,,,,2.4424906541753444e-15,2.467981912543382e-06,3
wine,1.2,3,paper,178,13,3,3,0.13519754730830347,0.135198,1242.5012526518417,18,0.005,,,,,,,
wine,1.2,3,kmeanspp_best10,178,13,3,3,0.1351975286195458,0.135198,1242.5012526508517,18,0.056,1,3,3,,,,
wine,1.2,3,oracle,178,13,3,3,0.13519752796610027,0.135198,1242.501252650805,11,0.003,,,,3,,,
wine,1.2,3,fed_lossless_pre1,178,13,3,3,0.13519750124403843,0.135198,1242.5012526503033,300,0.123,,,,,1.5543122344752192e-15,2.6339775399310955e-06,3
wine,1.2,4,paper,178,13,3,3,0.1351974572675535,0.135197,1242.5012526516891,15,0.004,,,,,,,
wine,1.2,4,kmeanspp_best10,178,13,3,3,0.13519752872477492,0.135198,1242.5012526508792,16,0.053,8,3,3,,,,
wine,1.2,4,oracle,178,13,3,3,0.13519752796610027,0.135198,1242.5012526508049,11,0.003,,,,3,,,
wine,1.2,4,fed_lossless_pre1,178,13,3,3,0.13519750124403843,0.135198,1242.5012526503033,300,0.123,,,,,1.9984014443252818e-15,2.4998270308444065e-06,3
wine,1.1,0,paper,178,13,3,3,0.05722473234460541,0.057225,1269.7928438386548,18,0.004,,,,,,,
wine,1.1,0,kmeanspp_best10,178,13,3,3,0.05722469724759649,0.057225,1269.7928438380527,15,0.048,7,3,3,,,,
wine,1.1,0,oracle,178,13,3,3,0.057224677147181345,0.057225,1269.7928438390904,11,0.003,,,,3,,,
wine,1.1,0,fed_lossless_pre1,178,13,3,3,0.057224707719078574,0.057225,1269.7928438374802,300,0.104,,,,,1.5543122344752192e-15,2.1641466306510093e-06,3
wine,1.1,1,paper,178,13,3,3,0.05722469061266852,0.057225,1269.7928438381084,19,0.006,,,,,,,
wine,1.1,1,kmeanspp_best10,178,13,3,3,0.05722472774967175,0.057225,1269.7928438382555,21,0.088,2,3,3,,,,
wine,1.1,1,oracle,178,13,3,3,0.057224677147181345,0.057225,1269.7928438390907,11,0.005,,,,3,,,
wine,1.1,1,fed_lossless_pre1,178,13,3,3,0.057224707719078574,0.057225,1269.7928438374802,300,0.197,,,,,1.9984014443252818e-15,1.5543083315000539e-06,3
wine,1.1,2,paper,178,13,3,3,0.05722469127308497,0.057225,1269.7928438380977,19,0.006,,,,,,,
wine,1.1,2,kmeanspp_best10,178,13,3,3,0.057224693299324406,0.057225,1269.79284383811,15,0.078,9,3,3,,,,
wine,1.1,2,oracle,178,13,3,3,0.05722467714718136,0.057225,1269.7928438390904,11,0.006,,,,3,,,
wine,1.1,2,fed_lossless_pre1,178,13,3,3,0.057224707719078574,0.057225,1269.7928438374802,300,0.182,,,,,1.7763568394002505e-15,1.5239473052722219e-06,3
wine,1.1,3,paper,178,13,3,3,0.05722468404723308,0.057225,1269.792843838708,19,0.005,,,,,,,
wine,1.1,3,kmeanspp_best10,178,13,3,3,0.057224696280963876,0.057225,1269.7928438380618,16,0.055,0,3,3,,,,
wine,1.1,3,oracle,178,13,3,3,0.057224677147181345,0.057225,1269.7928438390904,11,0.003,,,,3,,,
wine,1.1,3,fed_lossless_pre1,178,13,3,3,0.057224707719078574,0.057225,1269.7928438374802,300,0.077,,,,,1.3322676295501878e-15,2.1655731268048484e-06,3
wine,1.1,4,paper,178,13,3,3,0.057224726721323116,0.057225,1269.7928438381177,16,0.005,,,,,,,
wine,1.1,4,kmeanspp_best10,178,13,3,3,0.057224691273724634,0.057225,1269.7928438381568,16,0.07,4,3,3,,,,
wine,1.1,4,oracle,178,13,3,3,0.057224677147181345,0.057225,1269.7928438390904,11,0.004,,,,3,,,
wine,1.1,4,fed_lossless_pre1,178,13,3,3,0.057224707719078574,0.057225,1269.7928438374802,300,0.186,,,,,1.9984014443252818e-15,1.6217056153129683e-06,3
satimage,2.0,0,paper,6430,36,6,6,0.6176083161350062,0.617608,23920.360794918255,73,6.838,,,,,,,
satimage,2.0,0,kmeanspp_best10,6430,36,6,6,0.6176083162650635,0.617608,23920.36079491514,61,58.128,8,6,6,,,,
satimage,2.0,0,oracle,6430,36,6,6,0.6176083167901204,0.617608,23920.36079490309,66,4.766,,,,6,,,
satimage,2.0,0,fed_lossless_pre1,6430,36,6,6,0.617608328955395,0.617608,23920.360794766137,300,11.017,,,,,2.220446049250313e-14,8.064859776113487e-06,6
satimage,2.0,1,paper,6430,36,6,6,0.617608315486129,0.617608,23920.36079493374,58,4.703,,,,,,,
satimage,2.0,1,kmeanspp_best10,6430,36,6,6,0.6176083407632658,0.617608,23920.360794894812,62,55.105,2,6,6,,,,
satimage,2.0,1,oracle,6430,36,6,6,0.6176083167901204,0.617608,23920.36079490309,66,5.391,,,,6,,,
satimage,2.0,1,fed_lossless_pre1,6430,36,6,6,0.617608328955395,0.617608,23920.360794766137,300,11.103,,,,,1.865174681370263e-14,8.46298504647569e-06,6
satimage,2.0,2,paper,6430,36,6,6,0.6176083163174755,0.617608,23920.36079491392,68,5.698,,,,,,,
satimage,2.0,2,kmeanspp_best10,6430,36,6,6,0.617608340927248,0.617608,23920.360794898417,71,66.721,3,6,6,,,,
satimage,2.0,2,oracle,6430,36,6,6,0.6176083167901207,0.617608,23920.36079490309,66,6.715,,,,6,,,
satimage,2.0,2,fed_lossless_pre1,6430,36,6,6,0.617608328955395,0.617608,23920.360794766137,300,12.083,,,,,3.907985046680551e-14,7.948839393423501e-06,6
satimage,2.0,3,paper,6430,36,6,6,0.61760831673285,0.617608,23920.360794904394,63,8.952,,,,,,,
satimage,2.0,3,kmeanspp_best10,6430,36,6,6,0.6176083171668731,0.617608,23920.360794894703,68,71.813,6,6,6,,,,
satimage,2.0,3,oracle,6430,36,6,6,0.6176083167901205,0.617608,23920.36079490309,66,7.89,,,,6,,,
satimage,2.0,3,fed_lossless_pre1,6430,36,6,6,0.617608328955395,0.617608,23920.360794766137,300,12.275,,,,,2.042810365310288e-14,7.688764049551544e-06,6
satimage,2.0,4,paper,6430,36,6,6,0.617608342143161,0.617608,23920.360794921366,49,6.491,,,,,,,
satimage,2.0,4,kmeanspp_best10,6430,36,6,6,0.6176083407641368,0.617608,23920.36079489484,74,63.741,5,6,6,,,,
satimage,2.0,4,oracle,6430,36,6,6,0.6176083167901203,0.617608,23920.36079490309,66,5.455,,,,6,,,
satimage,2.0,4,fed_lossless_pre1,6430,36,6,6,0.617608328955395,0.617608,23920.360794766137,300,9.931,,,,,1.687538997430238e-14,8.107099127852013e-06,6
satimage,1.5,0,paper,6430,36,6,6,0.2815638755636814,0.281564,40267.276535014076,60,4.108,,,,,,,
satimage,1.5,0,kmeanspp_best10,6430,36,6,6,0.2815638744099132,0.281564,40267.27653493035,50,54.56,0,6,6,,,,
satimage,1.5,0,oracle,6430,36,6,6,0.2815638755962733,0.281564,40267.27653501837,55,4.934,,,,6,,,
satimage,1.5,0,fed_lossless_pre1,6430,36,6,6,0.2815638683787812,0.281564,40267.276534720535,300,12.131,,,,,1.8762769116165146e-14,7.1937991646398025e-06,6
satimage,1.5,1,paper,6430,36,6,6,0.281563874866713,0.281564,40267.27653497561,53,6.615,,,,,,,
satimage,1.5,1,kmeanspp_best10,6430,36,6,6,0.2815638743919493,0.281564,40267.27653493182,56,53.276,3,6,6,,,,
satimage,1.5,1,oracle,6430,36,6,6,0.2815638755962733,0.281564,40267.27653501836,55,6.252,,,,6,,,
satimage,1.5,1,fed_lossless_pre1,6430,36,6,6,0.2815638683787812,0.281564,40267.276534720535,300,16.016,,,,,1.2434497875801753e-14,6.709913953184543e-06,6
satimage,1.5,2,paper,6430,36,6,6,0.2815638616957227,0.281564,40267.27653498134,67,7.953,,,,,,,
satimage,1.5,2,kmeanspp_best10,6430,36,6,6,0.2815638744885819,0.281564,40267.2765349363,56,61.395,4,6,6,,,,
satimage,1.5,2,oracle,6430,36,6,6,0.28156387559627327,0.281564,40267.27653501837,55,7.142,,,,6,,,
satimage,1.5,2,fed_lossless_pre1,6430,36,6,6,0.2815638683787813,0.281564,40267.276534720535,300,16.414,,,,,5.60218538225854e-13,6.782412022066087e-06,6
satimage,1.5,3,paper,6430,36,6,6,0.28156387493852403,0.281564,40267.276534966135,54,4.617,,,,,,,
satimage,1.5,3,kmeanspp_best10,6430,36,6,6,0.28156386240611964,0.281564,40267.27653493176,53,47.79,3,6,6,,,,
satimage,1.5,3,oracle,6430,36,6,6,0.28156387559627327,0.281564,40267.27653501836,55,5.405,,,,6,,,
satimage,1.5,3,fed_lossless_pre1,6430,36,6,6,0.2815638683787813,0.281564,40267.276534720535,300,13.352,,,,,1.532107773982716e-14,6.580402631461979e-06,6
satimage,1.5,4,paper,6430,36,6,6,0.2815638627234951,0.281564,40267.27653493278,49,5.081,,,,,,,
satimage,1.5,4,kmeanspp_best10,6430,36,6,6,0.2815638743821903,0.281564,40267.276534931996,59,62.844,7,6,6,,,,
satimage,1.5,4,oracle,6430,36,6,6,0.2815638755962734,0.281564,40267.27653501837,55,4.226,,,,6,,,
satimage,1.5,4,fed_lossless_pre1,6430,36,6,6,0.2815638683787813,0.281564,40267.27653472054,300,8.929,,,,,1.3766765505351941e-14,6.125570808757086e-06,6
satimage,1.3,0,paper,6430,36,6,6,0.13844135091264692,0.138441,45592.73976339078,56,6.605,,,,,,,
satimage,1.3,0,kmeanspp_best10,6430,36,6,6,0.13844135252889464,0.138441,45592.73976335044,46,52.894,0,6,6,,,,
satimage,1.3,0,oracle,6430,36,6,6,0.1384413519127384,0.138441,45592.73976336536,51,6.013,,,,6,,,
satimage,1.3,0,fed_lossless_pre1,6430,36,6,6,0.13844137327791795,0.138441,45592.73976310495,300,12.047,,,,,1.865174681370263e-14,6.741456083203534e-06,6
satimage,1.3,1,paper,6430,36,6,6,0.13844135127822857,0.138441,45592.73976337994,52,4.689,,,,,,,
satimage,1.3,1,kmeanspp_best10,6430,36,6,6,0.13844139403129574,0.138441,45592.739763350044,53,38.703,6,6,6,,,,
satimage,1.3,1,oracle,6430,36,6,6,0.1384413519127384,0.138441,45592.73976336536,51,3.716,,,,6,,,
satimage,1.3,1,fed_lossless_pre1,6430,36,6,6,0.13844137327791797,0.138441,45592.73976310495,300,12.943,,,,,1.687538997430238e-14,6.612783628068275e-06,6
satimage,1.3,2,paper,6430,36,6,6,0.13844139608445852,0.138441,45592.739763401594,53,7.112,,,,,,,
satimage,1.3,2,kmeanspp_best10,6430,36,6,6,0.13844135228273705,0.138441,45592.73976335683,54,59.106,7,6,6,,,,
satimage,1.3,2,oracle,6430,36,6,6,0.1384413519127384,0.138441,45592.73976336536,51,5.994,,,,6,,,
satimage,1.3,2,fed_lossless_pre1,6430,36,6,6,0.138441373277918,0.138441,45592.739763104946,300,15.644,,,,,2.6506574712925612e-14,6.8680510202923095e-06,6
satimage,1.3,3,paper,6430,36,6,6,0.13844135226830667,0.138441,45592.73976335683,50,6.332,,,,,,,
satimage,1.3,3,kmeanspp_best10,6430,36,6,6,0.13844139360314078,0.138441,45592.73976334592,41,56.15,2,6,6,,,,
satimage,1.3,3,oracle,6430,36,6,6,0.13844135191273838,0.138441,45592.73976336536,51,3.732,,,,6,,,
satimage,1.3,3,fed_lossless_pre1,6430,36,6,6,0.13844137327791795,0.138441,45592.73976310495,300,12.112,,,,,1.3766765505351941e-14,6.32858080634735e-06,6
satimage,1.3,4,paper,6430,36,6,6,0.13844139726349708,0.138441,45592.73976343198,51,4.548,,,,,,,
satimage,1.3,4,kmeanspp_best10,6430,36,6,6,0.13844139410665013,0.138441,45592.73976335167,48,59.279,9,6,6,,,,
satimage,1.3,4,oracle,6430,36,6,6,0.1384413519127383,0.138441,45592.73976336536,51,6.173,,,,6,,,
satimage,1.3,4,fed_lossless_pre1,6430,36,6,6,0.13844137327791797,0.138441,45592.73976310495,300,13.372,,,,,1.7319479184152442e-14,7.211453302735649e-06,6
satimage,1.2,0,paper,6430,36,6,6,0.08162727425123736,0.081627,47423.60374201997,59,7.775,,,,,,,
satimage,1.2,0,kmeanspp_best10,6430,36,6,6,0.08162741392260472,0.081627,47423.60374193547,48,48.792,1,6,6,,,,
satimage,1.2,0,oracle,6430,36,6,6,0.08162727517806821,0.081627,47423.60374201104,50,3.535,,,,6,,,
satimage,1.2,0,fed_lossless_pre1,6430,36,6,6,0.08162734875636944,0.081627,47423.60374166056,300,14.746,,,,,3.6637359812630166e-14,7.533194845144031e-06,6
satimage,1.2,1,paper,6430,36,6,6,0.08162728440798368,0.081627,47423.60374192857,53,6.621,,,,,,,
satimage,1.2,1,kmeanspp_best10,6430,36,6,6,0.081627414934839,0.081627,47423.60374194408,56,52.671,2,6,6,,,,
satimage,1.2,1,oracle,6430,36,6,6,0.08162727517806823,0.081627,47423.60374201104,50,4.107,,,,6,,,
satimage,1.2,1,fed_lossless_pre1,6430,36,6,6,0.08162734875636947,0.081627,47423.60374166057,300,11.998,,,,,2.3092638912203256e-14,6.505294722458643e-06,6
satimage,1.2,2,paper,6430,36,6,6,0.08162728023620101,0.081627,47423.60374196447,65,8.659,,,,,,,
satimage,1.2,2,kmeanspp_best10,6430,36,6,6,0.08162741450715985,0.081627,47423.60374194043,58,45.904,2,6,6,,,,
satimage,1.2,2,oracle,6430,36,6,6,0.08162727517806816,0.081627,47423.60374201104,50,6.557,,,,6,,,
satimage,1.2,2,fed_lossless_pre1,6430,36,6,6,0.08162734875636944,0.081627,47423.60374166056,300,17.354,,,,,5.020428517354958e-13,6.927160787872921e-06,6
satimage,1.2,3,paper,6430,36,6,6,0.08162727512147004,0.081627,47423.603742011575,49,5.192,,,,,,,
satimage,1.2,3,kmeanspp_best10,6430,36,6,6,0.08162728374449578,0.081627,47423.60374193413,49,54.955,9,6,6,,,,
satimage,1.2,3,oracle,6430,36,6,6,0.0816272751780682,0.081627,47423.60374201104,50,5.813,,,,6,,,
satimage,1.2,3,fed_lossless_pre1,6430,36,6,6,0.08162734875636944,0.081627,47423.60374166057,300,15.252,,,,,1.5987211554602254e-14,7.44474280367502e-06,6
satimage,1.2,4,paper,6430,36,6,6,0.08162741567764507,0.081627,47423.603741950494,55,6.668,,,,,,,
satimage,1.2,4,kmeanspp_best10,6430,36,6,6,0.08162741336682854,0.081627,47423.603741930805,66,46.023,1,6,6,,,,
satimage,1.2,4,oracle,6430,36,6,6,0.08162727517806814,0.081627,47423.60374201104,50,3.119,,,,6,,,
satimage,1.2,4,fed_lossless_pre1,6430,36,6,6,0.08162734875636944,0.081627,47423.60374166057,300,8.948,,,,,1.865174681370263e-14,6.7660948727121806e-06,6
satimage,1.1,0,paper,6430,36,6,6,0.03682175918428397,0.036822,48539.42380072965,52,5.829,,,,,,,
satimage,1.1,0,kmeanspp_best10,6430,36,6,6,0.03682201622555155,0.036822,48539.42380073196,53,64.52,1,6,6,,,,
satimage,1.1,0,oracle,6430,36,6,6,0.036821754825260074,0.036822,48539.423800750956,50,4.93,,,,6,,,
satimage,1.1,0,fed_lossless_pre1,6430,36,6,6,0.036821887464294836,0.036822,48539.423800421326,300,11.673,,,,,7.72715225139109e-14,7.03301326498984e-06,6
satimage,1.1,1,paper,6430,36,6,6,0.03682173575765827,0.036822,48539.42380085253,63,5.474,,,,,,,
satimage,1.1,1,kmeanspp_best10,6430,36,6,6,0.036821758743403446,0.036822,48539.42380073177,54,47.456,0,6,6,,,,
satimage,1.1,1,oracle,6430,36,6,6,0.03682175482526007,0.036822,48539.423800750956,50,3.242,,,,6,,,
satimage,1.1,1,fed_lossless_pre1,6430,36,6,6,0.036821887464294815,0.036822,48539.423800421326,300,8.424,,,,,2.4868995751603507e-14,8.317237631005892e-06,6
satimage,1.1,2,paper,6430,36,6,6,0.03682175521774123,0.036822,48539.423800749006,64,5.358,,,,,,,
satimage,1.1,2,kmeanspp_best10,6430,36,6,6,0.036822013564702716,0.036822,48539.42380071925,72,55.27,0,6,6,,,,
satimage,1.1,2,oracle,6430,36,6,6,0.036821754825260004,0.036822,48539.423800750956,50,4.926,,,,6,,,
satimage,1.1,2,fed_lossless_pre1,6430,36,6,6,0.03682188746429483,0.036822,48539.423800421326,300,12.782,,,,,2.3869795029440866e-14,7.250362484778616e-06,6
satimage,1.1,3,paper,6430,36,6,6,0.03682175690561118,0.036822,48539.4238007407,49,4.039,,,,,,,
satimage,1.1,3,kmeanspp_best10,6430,36,6,6,0.036822015576109125,0.036822,48539.42380072884,61,59.992,7,6,6,,,,
satimage,1.1,3,oracle,6430,36,6,6,0.03682175482525999,0.036822,48539.423800750956,50,5.071,,,,6,,,
satimage,1.1,3,fed_lossless_pre1,6430,36,6,6,0.03682188746429482,0.036822,48539.423800421326,300,12.369,,,,,1.865174681370263e-14,7.157881016017775e-06,6
satimage,1.1,4,paper,6430,36,6,6,0.03682203203432937,0.036822,48539.42380081292,62,4.923,,,,,,,
satimage,1.1,4,kmeanspp_best10,6430,36,6,6,0.03682201344634179,0.036822,48539.4238007187,60,70.156,6,6,6,,,,
satimage,1.1,4,oracle,6430,36,6,6,0.036821754825260046,0.036822,48539.423800750956,50,6.307,,,,6,,,
satimage,1.1,4,fed_lossless_pre1,6430,36,6,6,0.036821887464294836,0.036822,48539.423800421326,300,16.535,,,,,2.398081733190338e-14,7.926214688758204e-06,6
pendigits,2.0,0,paper,10992,16,10,6,0.9526634708164715,0.952663,17290.126141246234,300,47.939,,,,,,,
pendigits,2.0,0,kmeanspp_best10,10992,16,10,7,0.8949545353671675,0.894955,17182.000006945334,148,181.868,5,5,7,,,,
pendigits,2.0,0,oracle,10992,16,10,7,0.8949543021265495,0.894954,17182.000006980386,146,16.045,,,,10,,,
pendigits,2.0,0,fed_lossless_pre1,10992,16,10,6,0.952663470816472,0.952663,17290.126141246234,300,13.487,,,,,1.0913492332065289e-13,8.01581023779363e-14,6
pendigits,2.0,1,paper,10992,16,10,8,0.9522863461324332,0.952286,17289.088345742064,300,46.668,,,,,,,
pendigits,2.0,1,kmeanspp_best10,10992,16,10,7,0.8949544516979213,0.894954,17182.00000694711,142,257.172,4,5,7,,,,
pendigits,2.0,1,oracle,10992,16,10,7,0.8949543021265497,0.894954,17182.000006980386,146,18.859,,,,10,,,
pendigits,2.0,1,fed_lossless_pre1,10992,16,10,8,0.9522863461324332,0.952286,17289.088345742064,300,14.192,,,,,1.8207657603852567e-14,5.218048215738236e-15,8
pendigits,2.0,2,paper,10992,16,10,10,0.9522864490226803,0.952286,17289.086550621465,300,41.136,,,,,,,
pendigits,2.0,2,kmeanspp_best10,10992,16,10,7,0.8949545444290017,0.894955,17182.00000693642,154,149.727,8,5,7,,,,
pendigits,2.0,2,oracle,10992,16,10,7,0.8949543021265491,0.894954,17182.000006980386,146,22.495,,,,10,,,
pendigits,2.0,2,fed_lossless_pre1,10992,16,10,10,0.9522864490226803,0.952286,17289.08655062147,300,18.314,,,,,1.8485213360008856e-14,7.549516567451064e-15,10
pendigits,2.0,3,paper,10992,16,10,5,0.9125867235411047,0.912587,17183.50851575291,278,34.454,,,,,,,
pendigits,2.0,3,kmeanspp_best10,10992,16,10,7,0.8949545673460534,0.894955,17182.00000694906,153,247.02,9,5,7,,,,
pendigits,2.0,3,oracle,10992,16,10,7,0.8949543021265497,0.894954,17182.000006980386,146,16.266,,,,10,,,
pendigits,2.0,3,fed_lossless_pre1,10992,16,10,5,0.9125867236528696,0.912587,17183.50851549106,300,16.258,,,,,2.0344836926255994e-14,5.128071909954457e-05,5
pendigits,2.0,4,paper,10992,16,10,7,0.8949543114528121,0.894954,17182.000006982315,140,21.713,,,,,,,
pendigits,2.0,4,kmeanspp_best10,10992,16,10,7,0.8949544965665746,0.894954,17182.00000693919,135,249.164,8,5,7,,,,
pendigits,2.0,4,oracle,10992,16,10,7,0.8949543021265495,0.894954,17182.000006980386,146,9.544,,,,10,,,
pendigits,2.0,4,fed_lossless_pre1,10992,16,10,7,0.8949545979954819,0.894955,17182.000006804083,300,9.713,,,,,1.8207657603852567e-14,3.554220265022945e-05,7
pendigits,1.5,0,paper,10992,16,10,10,0.4614766888076389,0.461477,42128.254167067396,46,2.982,,,,,,,
pendigits,1.5,0,kmeanspp_best10,10992,16,10,10,0.46147654797158877,0.461477,42128.25416701624,44,76.813,6,10,10,,,,
pendigits,1.5,0,oracle,10992,16,10,10,0.461476592331353,0.461477,42128.25416701858,49,6.793,,,,10,,,
pendigits,1.5,0,fed_lossless_pre1,10992,16,10,10,0.46147654988739134,0.461477,42128.25416692809,300,18.277,,,,,1.8623991238087e-14,1.7789682929314488e-05,10
pendigits,1.5,1,paper,10992,16,10,10,0.46147643045303205,0.461476,42128.25416703473,47,3.264,,,,,,,
pendigits,1.5,1,kmeanspp_best10,10992,16,10,10,0.4614765970417887,0.461477,42128.25416701512,103,55.674,5,10,10,,,,
pendigits,1.5,1,oracle,10992,16,10,10,0.46147659233135335,0.461477,42128.25416701858,49,5.041,,,,10,,,
pendigits,1.5,1,fed_lossless_pre1,10992,16,10,10,0.4614765498873911,0.461477,42128.2541669281,300,18.172,,,,,4.6851411639181606e-14,1.5534473532419213e-05,10
pendigits,1.5,2,paper,10992,16,10,10,0.5011994041955532,0.501199,42942.4564761339,150,24.817,,,,,,,
pendigits,1.5,2,kmeanspp_best10,10992,16,10,10,0.4614766168628234,0.461477,42128.25416702638,73,112.912,0,10,10,,,,
pendigits,1.5,2,oracle,10992,16,10,10,0.4614765923313531,0.461477,42128.25416701858,49,8.165,,,,10,,,
pendigits,1.5,2,fed_lossless_pre1,10992,16,10,10,0.5011988566538887,0.501199,42942.456475373925,300,22.271,,,,,3.9745984281580604e-14,5.1871515863617657e-05,10
pendigits,1.5,3,paper,10992,16,10,10,0.46147656833436523,0.461477,42128.25416704414,52,3.932,,,,,,,
pendigits,1.5,3,kmeanspp_best10,10992,16,10,10,0.46147659734639895,0.461477,42128.25416701624,174,122.463,9,10,10,,,,
pendigits,1.5,3,oracle,10992,16,10,10,0.46147659233135335,0.461477,42128.25416701858,49,7.944,,,,10,,,
pendigits,1.5,3,fed_lossless_pre1,10992,16,10,10,0.46147654988739134,0.461477,42128.25416692809,300,12.108,,,,,1.9095836023552692e-14,1.2270007007597616e-05,10
pendigits,1.5,4,paper,10992,16,10,10,0.46147668748595677,0.461477,42128.25416703349,46,2.693,,,,,,,
pendigits,1.5,4,kmeanspp_best10,10992,16,10,10,0.4614766150793188,0.461477,42128.25416703562,52,61.906,0,10,10,,,,
pendigits,1.5,4,oracle,10992,16,10,10,0.4614765923313532,0.461477,42128.25416701858,49,8.997,,,,10,,,
pendigits,1.5,4,fed_lossless_pre1,10992,16,10,10,0.46147654988739123,0.461477,42128.25416692809,300,17.933,,,,,2.4424906541753444e-14,1.3586449917224463e-05,10
pendigits,1.3,0,paper,10992,16,10,10,0.23112669574410508,0.231127,52957.531410433556,46,3.939,,,,,,,
pendigits,1.3,0,kmeanspp_best10,10992,16,10,10,0.23112647495441277,0.231126,52957.531410383075,50,75.978,0,10,10,,,,
pendigits,1.3,0,oracle,10992,16,10,10,0.23112649295743443,0.231126,52957.53141031462,41,7.059,,,,10,,,
pendigits,1.3,0,fed_lossless_pre1,10992,16,10,10,0.23112657981306073,0.231127,52957.53141016645,300,23.706,,,,,2.020605904817785e-14,2.152187517923121e-05,10
pendigits,1.3,1,paper,10992,16,10,10,0.23328558615054432,0.233286,53971.985818998364,72,8.257,,,,,,,
pendigits,1.3,1,kmeanspp_best10,10992,16,10,10,0.23112658607008768,0.231127,52957.53141033024,39,47.553,3,10,10,,,,
pendigits,1.3,1,oracle,10992,16,10,10,0.23112649295743437,0.231126,52957.53141031462,41,2.42,,,,10,,,
pendigits,1.3,1,fed_lossless_pre1,10992,16,10,10,0.23328548890293585,0.233285,53971.98581874401,300,13.474,,,,,1.1841048974670088e-13,2.1091142766049842e-05,10
pendigits,1.3,2,paper,10992,16,10,10,0.22775256207774086,0.227753,54310.54586311219,105,11.282,,,,,,,
pendigits,1.3,2,kmeanspp_best10,10992,16,10,10,0.23112666924659572,0.231127,52957.53141033543,48,59.125,5,10,10,,,,
pendigits,1.3,2,oracle,10992,16,10,10,0.2311264929574345,0.231126,52957.53141031462,41,3.323,,,,10,,,
pendigits,1.3,2,fed_lossless_pre1,10992,16,10,10,0.22775279528705822,0.227753,54310.545862760766,300,11.737,,,,,2.55351295663786e-14,3.170174767630485e-05,10
pendigits,1.3,3,paper,10992,16,10,10,0.23112669389973636,0.231127,52957.53141043443,59,3.944,,,,,,,
pendigits,1.3,3,kmeanspp_best10,10992,16,10,10,0.23112650363060339,0.231127,52957.53141028798,42,37.806,8,10,10,,,,
pendigits,1.3,3,oracle,10992,16,10,10,0.23112649295743457,0.231126,52957.53141031462,41,4.837,,,,10,,,
pendigits,1.3,3,fed_lossless_pre1,10992,16,10,10,0.23112657981306073,0.231127,52957.53141016644,300,17.786,,,,,2.020605904817785e-14,2.1602323121316935e-05,10
pendigits,1.3,4,paper,10992,16,10,10,0.23112667105289145,0.231127,52957.531410337455,51,8.044,,,,,,,
pendigits,1.3,4,kmeanspp_best10,10992,16,10,10,0.2311265420143276,0.231127,52957.53141030758,40,101.795,6,10,10,,,,
pendigits,1.3,4,oracle,10992,16,10,10,0.2311264929574345,0.231126,52957.53141031462,41,6.475,,,,10,,,
pendigits,1.3,4,fed_lossless_pre1,10992,16,10,10,0.23112657981306073,0.231127,52957.53141016644,300,20.592,,,,,1.865174681370263e-14,1.725531610241582e-05,10
pendigits,1.2,0,paper,10992,16,10,10,0.12730227760913085,0.127302,56903.45420485902,54,5.491,,,,,,,
pendigits,1.2,0,kmeanspp_best10,10992,16,10,10,0.12730219951923083,0.127302,56903.454204853406,61,47.083,0,10,10,,,,
pendigits,1.2,0,oracle,10992,16,10,10,0.12730219459224318,0.127302,56903.4542049671,46,5.405,,,,10,,,
pendigits,1.2,0,fed_lossless_pre1,10992,16,10,10,0.12730228940798186,0.127302,56903.4542045424,300,11.71,,,,,2.1760371282653068e-14,2.1430188722471044e-05,10
pendigits,1.2,1,paper,10992,16,10,10,0.11011112737657039,0.110111,57224.578961656254,48,7.307,,,,,,,
pendigits,1.2,1,kmeanspp_best10,10992,16,10,10,0.1273020431140078,0.127302,56903.454204761,44,86.542,4,10,10,,,,
pendigits,1.2,1,oracle,10992,16,10,10,0.12730219459224318,0.127302,56903.4542049671,46,7.278,,,,10,,,
pendigits,1.2,1,fed_lossless_pre1,10992,16,10,10,0.11011101176310968,0.110111,57224.57896153627,300,22.182,,,,,3.5083047578154947e-14,5.656684150340263e-06,10
pendigits,1.2,2,paper,10992,16,10,10,0.11807580586933732,0.118076,58109.69681438697,89,8.308,,,,,,,
pendigits,1.2,2,kmeanspp_best10,10992,16,10,10,0.12730238286460271,0.127302,56903.45420487909,66,59.988,7,10,10,,,,
pendigits,1.2,2,oracle,10992,16,10,10,0.12730219459224312,0.127302,56903.45420496709,46,3.043,,,,10,,,
pendigits,1.2,2,fed_lossless_pre1,10992,16,10,10,0.1180759942715897,0.118076,58109.69681410563,300,12.64,,,,,4.4730885662147557e-13,2.560160708425796e-05,10
pendigits,1.2,3,paper,10992,16,10,10,0.12730239518917702,0.127302,56903.45420490301,60,10.936,,,,,,,
pendigits,1.2,3,kmeanspp_best10,10992,16,10,10,0.1273022013794345,0.127302,56903.45420487852,49,87.438,8,10,10,,,,
pendigits,1.2,3,oracle,10992,16,10,10,0.1273021945922433,0.127302,56903.45420496709,46,5.638,,,,10,,,
pendigits,1.2,3,fed_lossless_pre1,10992,16,10,10,0.12730228940798186,0.127302,56903.4542045424,300,16.857,,,,,1.865174681370263e-14,2.4522774552560023e-05,10
pendigits,1.2,4,paper,10992,16,10,10,0.12730239417312944,0.127302,56903.45420496477,65,4.205,,,,,,,
pendigits,1.2,4,kmeanspp_best10,10992,16,10,10,0.12730228572537733,0.127302,56903.45420493928,45,86.133,6,10,10,,,,
pendigits,1.2,4,oracle,10992,16,10,10,0.12730219459224318,0.127302,56903.45420496709,46,3.603,,,,10,,,
pendigits,1.2,4,fed_lossless_pre1,10992,16,10,10,0.12730228940798188,0.127302,56903.4542045424,300,12.006,,,,,2.2870594307278225e-14,2.645246100330123e-05,10
pendigits,1.1,0,paper,10992,16,10,10,0.04942861738884059,0.049429,59198.08268226747,101,18.138,,,,,,,
pendigits,1.1,0,kmeanspp_best10,10992,16,10,10,0.04942861198919672,0.049429,59198.08268234761,118,96.106,0,10,10,,,,
pendigits,1.1,0,oracle,10992,16,10,10,0.049428616260484434,0.049429,59198.08268228404,92,6.608,,,,10,,,
pendigits,1.1,0,fed_lossless_pre1,10992,16,10,10,0.04942880837601117,0.049429,59198.08268086934,300,19.509,,,,,7.771561172376096e-14,5.895084703777531e-05,10
pendigits,1.1,1,paper,10992,16,10,10,0.05005764783932898,0.050058,60271.8275726877,149,11.948,,,,,,,
pendigits,1.1,1,kmeanspp_best10,10992,16,10,10,0.04942899648037834,0.049429,59198.08268222755,156,152.244,1,10,10,,,,
pendigits,1.1,1,oracle,10992,16,10,10,0.04942861626048445,0.049429,59198.08268228403,92,14.28,,,,10,,,
pendigits,1.1,1,fed_lossless_pre1,10992,16,10,10,0.050057422397075384,0.050057,60271.827571868744,300,21.424,,,,,8.903988657493755e-14,3.854382623624808e-05,10
pendigits,1.1,2,paper,10992,16,10,10,0.04309200139170156,0.043092,60224.864009131255,79,8.323,,,,,,,
pendigits,1.1,2,kmeanspp_best10,10992,16,10,10,0.04197405106444991,0.041974,59004.30634650945,200,161.631,7,10,10,,,,
pendigits,1.1,2,oracle,10992,16,10,10,0.04942861626048444,0.049429,59198.08268228403,92,12.984,,,,10,,,
pendigits,1.1,2,fed_lossless_pre1,10992,16,10,10,0.043091988395741444,0.043092,60224.86400896318,300,22.045,,,,,5.415667914121514e-13,8.117182309530513e-06,10
pendigits,1.1,3,paper,10992,16,10,10,0.050057645188758625,0.050058,60271.82757266855,89,9.271,,,,,,,
pendigits,1.1,3,kmeanspp_best10,10992,16,10,10,0.04197404932357349,0.041974,59004.30634634838,193,138.674,0,10,10,,,,
pendigits,1.1,3,oracle,10992,16,10,10,0.049428616260484434,0.049429,59198.08268228403,92,13.763,,,,10,,,
pendigits,1.1,3,fed_lossless_pre1,10992,16,10,10,0.0500574223970673,0.050057,60271.827571868744,300,16.587,,,,,5.928590951498336e-14,3.809062328219426e-05,10
pendigits,1.1,4,paper,10992,16,10,10,0.04942900617877899,0.049429,59198.08268237127,145,16.707,,,,,,,
pendigits,1.1,4,kmeanspp_best10,10992,16,10,10,0.049428620373183636,0.049429,59198.082682224136,86,88.199,6,10,10,,,,
pendigits,1.1,4,oracle,10992,16,10,10,0.049428616260484386,0.049429,59198.08268228403,92,7.108,,,,10,,,
pendigits,1.1,4,fed_lossless_pre1,10992,16,10,10,0.049428808379763337,0.049429,59198.08268086934,300,19.502,,,,,2.842170943040401e-14,6.110548899396218e-05,10
digits_pca16,2.0,0,paper,1797,16,10,1,0.9999999999999806,1.0,2873.6000000002055,16,0.258,,,,,,,
digits_pca16,2.0,0,kmeanspp_best10,1797,16,10,1,0.9999999999999784,1.0,2873.600000000241,16,2.64,9,1,3,,,,
digits_pca16,2.0,0,oracle,1797,16,10,1,0.9999999999999784,1.0,2873.6000000002286,17,0.264,,,,10,,,
digits_pca16,2.0,0,fed_lossless_pre1,1797,16,10,1,1.0000000000000002,1.0,2873.599999999999,300,2.291,,,,,8.326672684688674e-16,2.8806238518466783e-06,1
digits_pca16,2.0,1,paper,1797,16,10,1,0.9999999999999836,1.0,2873.600000000174,16,0.26,,,,,,,
digits_pca16,2.0,1,kmeanspp_best10,1797,16,10,1,0.9999999999999911,1.0,2873.6000000000936,17,1.94,9,1,3,,,,
digits_pca16,2.0,1,oracle,1797,16,10,1,0.9999999999999784,1.0,2873.6000000002286,17,0.084,,,,10,,,
digits_pca16,2.0,1,fed_lossless_pre1,1797,16,10,1,1.0000000000000002,1.0,2873.5999999999995,300,0.961,,,,,1.5543122344752192e-15,3.018433003993439e-06,1
digits_pca16,2.0,2,paper,1797,16,10,1,0.999999999999979,1.0,2873.600000000222,17,0.403,,,,,,,
digits_pca16,2.0,2,kmeanspp_best10,1797,16,10,1,0.9999999999999712,1.0,2873.600000000316,15,3.55,9,1,3,,,,
digits_pca16,2.0,2,oracle,1797,16,10,1,0.9999999999999786,1.0,2873.6000000002286,17,0.398,,,,10,,,
digits_pca16,2.0,2,fed_lossless_pre1,1797,16,10,1,1.0000000000000002,1.0,2873.599999999999,300,2.92,,,,,1.887379141862766e-15,3.2955077980105373e-06,1
digits_pca16,2.0,3,paper,1797,16,10,1,0.9999999999999896,1.0,2873.6000000001122,16,0.388,,,,,,,
digits_pca16,2.0,3,kmeanspp_best10,1797,16,10,1,0.9999999999999923,1.0,2873.600000000088,16,4.073,5,1,3,,,,
digits_pca16,2.0,3,oracle,1797,16,10,1,0.9999999999999784,1.0,2873.6000000002286,17,0.384,,,,10,,,
digits_pca16,2.0,3,fed_lossless_pre1,1797,16,10,1,1.0000000000000002,1.0,2873.599999999999,300,2.658,,,,,1.3322676295501878e-15,2.388094750148299e-06,1
digits_pca16,2.0,4,paper,1797,16,10,1,0.9999999999999896,1.0,2873.60000000011,16,0.271,,,,,,,
digits_pca16,2.0,4,kmeanspp_best10,1797,16,10,1,0.9999999999999761,1.0,2873.600000000255,16,0.862,1,1,3,,,,
digits_pca16,2.0,4,oracle,1797,16,10,1,0.9999999999999784,1.0,2873.6000000002286,17,0.068,,,,10,,,
digits_pca16,2.0,4,fed_lossless_pre1,1797,16,10,1,1.0000000000000002,1.0,2873.599999999999,300,1.0,,,,,1.4432899320127035e-15,1.5531223934215073e-06,1
digits_pca16,1.5,0,paper,1797,16,10,1,0.9999999999992534,1.0,9087.121084263907,40,0.692,,,,,,,
digits_pca16,1.5,0,kmeanspp_best10,1797,16,10,1,0.9999999999989967,1.0,9087.121084265304,83,7.212,9,1,3,,,,
digits_pca16,1.5,0,oracle,1797,16,10,1,0.9999999999995183,1.0,9087.121084262468,92,1.315,,,,10,,,
digits_pca16,1.5,0,fed_lossless_pre1,1797,16,10,1,1.0000000000000002,1.0,9087.121084259852,300,2.652,,,,,5.495603971894525e-15,1.0632690783650185e-05,1
digits_pca16,1.5,1,paper,1797,16,10,1,0.9999999999990625,1.0,9087.121084264942,28,0.233,,,,,,,
digits_pca16,1.5,1,kmeanspp_best10,1797,16,10,2,0.9538999265648082,0.9539,9192.795303844283,84,2.854,8,2,3,,,,
digits_pca16,1.5,1,oracle,1797,16,10,1,0.999999999999518,1.0,9087.121084262468,92,1.392,,,,10,,,
digits_pca16,1.5,1,fed_lossless_pre1,1797,16,10,1,1.0000000000000002,1.0,9087.121084259852,300,3.718,,,,,1.7763568394002505e-15,1.1861096878637777e-05,1
digits_pca16,1.5,2,paper,1797,16,10,1,0.9999999999995806,1.0,9087.12108426213,88,1.949,,,,,,,
digits_pca16,1.5,2,kmeanspp_best10,1797,16,10,1,0.9999999999993302,1.0,9087.121084263497,27,8.47,9,1,3,,,,
digits_pca16,1.5,2,oracle,1797,16,10,1,0.9999999999995183,1.0,9087.121084262468,92,1.975,,,,10,,,
digits_pca16,1.5,2,fed_lossless_pre1,1797,16,10,1,1.0000000000000002,1.0,9087.121084259852,300,3.558,,,,,5.35682609381638e-14,7.993914903833552e-06,1
digits_pca16,1.5,3,paper,1797,16,10,1,0.9999999999991576,1.0,9087.121084264496,29,0.65,,,,,,,
digits_pca16,1.5,3,kmeanspp_best10,1797,16,10,2,0.9538999265648974,0.9539,9192.795303843657,81,12.975,7,2,3,,,,
digits_pca16,1.5,3,oracle,1797,16,10,1,0.999999999999518,1.0,9087.121084262468,92,2.044,,,,10,,,
digits_pca16,1.5,3,fed_lossless_pre1,1797,16,10,1,1.0000000000000002,1.0,9087.121084259852,300,3.397,,,,,5.051514762044462e-15,1.1346000535710446e-05,1
digits_pca16,1.5,4,paper,1797,16,10,1,0.9999999999992688,1.0,9087.121084263821,28,0.734,,,,,,,
digits_pca16,1.5,4,kmeanspp_best10,1797,16,10,1,0.9999999999993203,1.0,9087.121084263694,39,9.321,1,1,3,,,,
digits_pca16,1.5,4,oracle,1797,16,10,1,0.9999999999995183,1.0,9087.121084262466,92,2.165,,,,10,,,
digits_pca16,1.5,4,fed_lossless_pre1,1797,16,10,1,1.0000000000000002,1.0,9087.121084259852,300,3.437,,,,,2.4424906541753444e-15,9.400751984339501e-06,1
digits_pca16,1.3,0,paper,1797,16,10,10,0.5432570758504472,0.543257,13843.649834918488,112,0.725,,,,,,,
digits_pca16,1.3,0,kmeanspp_best10,1797,16,10,10,0.5281669270379729,0.528167,13807.188691350078,161,8.072,7,10,10,,,,
digits_pca16,1.3,0,oracle,1797,16,10,10,0.5432570940320881,0.543257,13843.649834908105,83,0.482,,,,10,,,
digits_pca16,1.3,0,fed_lossless_pre1,1797,16,10,10,0.543257280301466,0.543257,13843.649834855818,300,3.008,,,,,1.687538997430238e-14,2.429633560682709e-05,10
digits_pca16,1.3,1,paper,1797,16,10,10,0.5432570802585307,0.543257,13843.649834912829,122,1.858,,,,,,,
digits_pca16,1.3,1,kmeanspp_best10,1797,16,10,10,0.5281664917080197,0.528166,13807.188691359506,140,21.904,6,10,10,,,,
digits_pca16,1.3,1,oracle,1797,16,10,10,0.543257094032088,0.543257,13843.649834908101,83,1.816,,,,10,,,
digits_pca16,1.3,1,fed_lossless_pre1,1797,16,10,10,0.5432572803014662,0.543257,13843.649834855818,300,3.355,,,,,4.729550084903167e-14,2.1977865312161615e-05,10
digits_pca16,1.3,2,paper,1797,16,10,10,0.5185531782156004,0.518553,13872.377831267024,173,3.033,,,,,,,
digits_pca16,1.3,2,kmeanspp_best10,1797,16,10,10,0.5281669256471325,0.528167,13807.188691348045,204,11.614,0,10,10,,,,
digits_pca16,1.3,2,oracle,1797,16,10,10,0.5432570940320881,0.543257,13843.649834908101,83,0.631,,,,10,,,
digits_pca16,1.3,2,fed_lossless_pre1,1797,16,10,10,0.5185529455142175,0.518553,13872.377831117534,300,1.331,,,,,1.7985612998927536e-14,7.669485791139685e-05,10
digits_pca16,1.3,3,paper,1797,16,10,10,0.5208417404511724,0.520842,13835.294434702151,221,4.366,,,,,,,
digits_pca16,1.3,3,kmeanspp_best10,1797,16,10,10,0.5288644910371861,0.528864,13808.360731196382,130,21.309,3,10,10,,,,
digits_pca16,1.3,3,oracle,1797,16,10,10,0.5432570940320881,0.543257,13843.649834908103,83,0.454,,,,10,,,
digits_pca16,1.3,3,fed_lossless_pre1,1797,16,10,10,0.5208415605852909,0.520842,13835.294434665688,300,1.196,,,,,9.414691248821327e-14,1.5746906786329694e-05,10
digits_pca16,1.3,4,paper,1797,16,10,10,0.5432570628253404,0.543257,13843.64983492014,136,2.588,,,,,,,
digits_pca16,1.3,4,kmeanspp_best10,1797,16,10,10,0.5281665042306755,0.528167,13807.188691340947,154,9.036,9,10,10,,,,
digits_pca16,1.3,4,oracle,1797,16,10,10,0.5432570940320881,0.543257,13843.649834908101,83,0.473,,,,10,,,
digits_pca16,1.3,4,fed_lossless_pre1,1797,16,10,10,0.543257280301466,0.543257,13843.649834855816,300,1.342,,,,,2.1094237467877974e-14,2.441145705101011e-05,10
digits_pca16,1.2,0,paper,1797,16,10,10,0.2867169109338298,0.286717,15971.627881985376,49,1.064,,,,,,,
digits_pca16,1.2,0,kmeanspp_best10,1797,16,10,10,0.31283830903606985,0.312838,15765.18429534555,105,17.865,1,10,10,,,,
digits_pca16,1.2,0,oracle,1797,16,10,10,0.3230116895289871,0.323012,16135.287103457249,90,1.934,,,,10,,,
digits_pca16,1.2,0,fed_lossless_pre1,1797,16,10,10,0.2867168228742406,0.286717,15971.627881959568,300,3.749,,,,,1.8207657603852567e-14,1.346648377342774e-05,10
digits_pca16,1.2,1,paper,1797,16,10,10,0.308430935436312,0.308431,16090.228223489423,108,2.312,,,,,,,
digits_pca16,1.2,1,kmeanspp_best10,1797,16,10,10,0.3134215722589515,0.313422,15775.655722910631,129,16.2,5,10,10,,,,
digits_pca16,1.2,1,oracle,1797,16,10,10,0.323011689528987,0.323012,16135.287103457249,90,2.04,,,,10,,,
digits_pca16,1.2,1,fed_lossless_pre1,1797,16,10,10,0.30843031161886825,0.30843,16090.228223367732,300,3.324,,,,,1.865174681370263e-14,2.7010447828101913e-05,10
digits_pca16,1.2,2,paper,1797,16,10,10,0.28754274408089064,0.287543,15905.201863489461,59,0.431,,,,,,,
digits_pca16,1.2,2,kmeanspp_best10,1797,16,10,10,0.3134215767034501,0.313422,15775.655722907119,158,13.671,7,10,10,,,,
digits_pca16,1.2,2,oracle,1797,16,10,10,0.3230116895289871,0.323012,16135.287103457249,90,1.45,,,,10,,,
digits_pca16,1.2,2,fed_lossless_pre1,1797,16,10,10,0.2875425979996562,0.287543,15905.201863464496,300,2.684,,,,,2.2648549702353193e-14,1.0835529367758667e-05,10
digits_pca16,1.2,3,paper,1797,16,10,10,0.30843094160723905,0.308431,16090.228223491938,79,0.583,,,,,,,
digits_pca16,1.2,3,kmeanspp_best10,1797,16,10,10,0.3128386242077778,0.312839,15765.184295354042,49,4.212,2,10,10,,,,
digits_pca16,1.2,3,oracle,1797,16,10,10,0.32301168952898707,0.323012,16135.287103457249,90,0.778,,,,10,,,
digits_pca16,1.2,3,fed_lossless_pre1,1797,16,10,10,0.30843031161886814,0.30843,16090.228223367734,300,1.383,,,,,1.9095836023552692e-14,2.7325448332393698e-05,10
digits_pca16,1.2,4,paper,1797,16,10,10,0.300030731418448,0.300031,16003.592208426751,64,1.394,,,,,,,
digits_pca16,1.2,4,kmeanspp_best10,1797,16,10,10,0.3134215707031648,0.313422,15775.655722909883,63,10.296,2,10,10,,,,
digits_pca16,1.2,4,oracle,1797,16,10,10,0.3230116895289871,0.323012,16135.287103457249,90,0.464,,,,10,,,
digits_pca16,1.2,4,fed_lossless_pre1,1797,16,10,10,0.3000308259591869,0.300031,16003.592208389846,300,1.215,,,,,1.2434497875801753e-14,1.324117848378048e-05,10
digits_pca16,1.1,0,paper,1797,16,10,10,0.10495766692714122,0.104958,17802.20280459896,35,0.328,,,,,,,
digits_pca16,1.1,0,kmeanspp_best10,1797,16,10,10,0.11388922706792595,0.113889,17155.904272711243,158,15.771,1,10,10,,,,
digits_pca16,1.1,0,oracle,1797,16,10,10,0.10927115548745442,0.109271,18012.86529904279,87,1.781,,,,10,,,
digits_pca16,1.1,0,fed_lossless_pre1,1797,16,10,10,0.1049576849844525,0.104958,17802.20280458498,300,3.379,,,,,1.554312234475219e-14,5.1677357279511504e-06,10
digits_pca16,1.1,1,paper,1797,16,10,10,0.10495771721919132,0.104958,17802.202804598714,56,0.37,,,,,,,
digits_pca16,1.1,1,kmeanspp_best10,1797,16,10,10,0.10447417480504138,0.104474,17192.027853520318,69,5.837,7,10,10,,,,
digits_pca16,1.1,1,oracle,1797,16,10,10,0.10927115548745449,0.109271,18012.86529904279,87,0.776,,,,10,,,
digits_pca16,1.1,1,fed_lossless_pre1,1797,16,10,10,0.10495768498445253,0.104958,17802.20280458498,300,1.363,,,,,1.2878587085651816e-14,7.374121889891505e-06,10
digits_pca16,1.1,2,paper,1797,16,10,10,0.10172485043295167,0.101725,17520.85949282133,60,1.378,,,,,,,
digits_pca16,1.1,2,kmeanspp_best10,1797,16,10,10,0.10447426145322844,0.104474,17192.027853538817,63,14.904,5,10,10,,,,
digits_pca16,1.1,2,oracle,1797,16,10,10,0.10927115548745446,0.109271,18012.86529904279,87,1.805,,,,10,,,
digits_pca16,1.1,2,fed_lossless_pre1,1797,16,10,10,0.10172478366804125,0.101725,17520.8594928123,300,3.083,,,,,1.2434497875801753e-14,5.431877774020322e-06,10
digits_pca16,1.1,3,paper,1797,16,10,10,0.10059859170398693,0.100599,17572.334523340105,93,2.189,,,,,,,
digits_pca16,1.1,3,kmeanspp_best10,1797,16,10,10,0.11388922742211385,0.113889,17155.904272711345,49,17.78,8,10,10,,,,
digits_pca16,1.1,3,oracle,1797,16,10,10,0.10927115548745443,0.109271,18012.86529904279,87,1.789,,,,10,,,
digits_pca16,1.1,3,fed_lossless_pre1,1797,16,10,10,0.10059840339575474,0.100598,17572.33452328681,300,3.479,,,,,2.7977620220553945e-14,7.933326847966993e-06,10
digits_pca16,1.1,4,paper,1797,16,10,10,0.10059860525011155,0.100599,17572.334523357415,48,0.76,,,,,,,
digits_pca16,1.1,4,kmeanspp_best10,1797,16,10,10,0.11597020086705856,0.11597,17236.636278001974,149,14.286,2,10,10,,,,
digits_pca16,1.1,4,oracle,1797,16,10,10,0.10927115548745449,0.109271,18012.86529904279,87,1.318,,,,10,,,
digits_pca16,1.1,4,fed_lossless_pre1,1797,16,10,10,0.10059840339575471,0.100598,17572.33452328681,300,2.288,,,,,2.220446049250313e-14,9.290243765502915e-06,10
digits_pca32,2.0,0,paper,1797,32,10,1,0.999999999999999,1.0,5747.200000000044,10,0.475,,,,,,,
digits_pca32,2.0,0,kmeanspp_best10,1797,32,10,1,1.0,1.0,5747.200000000008,11,6.61,5,1,3,,,,
digits_pca32,2.0,0,oracle,1797,32,10,1,0.9999999999999987,1.0,5747.200000000061,10,0.515,,,,10,,,
digits_pca32,2.0,0,fed_lossless_pre1,1797,32,10,1,1.0000000000000002,1.0,5747.199999999995,300,5.825,,,,,1.1102230246251565e-15,8.134886793459418e-07,1
digits_pca32,2.0,1,paper,1797,32,10,1,0.9999999999999994,1.0,5747.200000000021,10,0.26,,,,,,,
digits_pca32,2.0,1,kmeanspp_best10,1797,32,10,1,1.0000000000000002,1.0,5747.2,14,2.89,9,1,3,,,,
digits_pca32,2.0,1,oracle,1797,32,10,1,0.9999999999999987,1.0,5747.200000000061,10,0.206,,,,10,,,
digits_pca32,2.0,1,fed_lossless_pre1,1797,32,10,1,1.0000000000000002,1.0,5747.199999999995,300,2.937,,,,,1.1102230246251565e-15,8.305984332113442e-07,1
digits_pca32,2.0,2,paper,1797,32,10,1,0.9999999999999987,1.0,5747.200000000055,10,0.327,,,,,,,
digits_pca32,2.0,2,kmeanspp_best10,1797,32,10,1,1.0,1.0,5747.200000000006,11,3.064,9,1,3,,,,
digits_pca32,2.0,2,oracle,1797,32,10,1,0.9999999999999987,1.0,5747.200000000061,10,0.225,,,,10,,,
digits_pca32,2.0,2,fed_lossless_pre1,1797,32,10,1,1.0000000000000002,1.0,5747.199999999995,300,2.88,,,,,6.661338147750939e-16,1.1297029373910661e-06,1
digits_pca32,2.0,3,paper,1797,32,10,1,0.9999999999999994,1.0,5747.200000000015,10,0.27,,,,,,,
digits_pca32,2.0,3,kmeanspp_best10,1797,32,10,1,1.0,1.0,5747.200000000001,11,3.094,7,1,3,,,,
digits_pca32,2.0,3,oracle,1797,32,10,1,0.9999999999999987,1.0,5747.200000000061,10,0.343,,,,10,,,
digits_pca32,2.0,3,fed_lossless_pre1,1797,32,10,1,1.0000000000000002,1.0,5747.199999999995,300,2.986,,,,,6.661338147750939e-16,6.465975217422689e-07,1
digits_pca32,2.0,4,paper,1797,32,10,1,0.9999999999999992,1.0,5747.200000000033,10,0.33,,,,,,,
digits_pca32,2.0,4,kmeanspp_best10,1797,32,10,1,1.0,1.0,5747.200000000008,15,3.52,2,1,3,,,,
digits_pca32,2.0,4,oracle,1797,32,10,1,0.9999999999999987,1.0,5747.200000000061,10,0.429,,,,10,,,
digits_pca32,2.0,4,fed_lossless_pre1,1797,32,10,1,1.0000000000000002,1.0,5747.199999999995,300,4.708,,,,,1.5543122344752192e-15,9.443939522187422e-07,1
digits_pca32,1.5,0,paper,1797,32,10,1,0.9999999999999782,1.0,18174.242168520406,13,0.666,,,,,,,
digits_pca32,1.5,0,kmeanspp_best10,1797,32,10,1,0.9999999999999953,1.0,18174.24216851985,14,13.271,4,1,4,,,,
digits_pca32,1.5,0,oracle,1797,32,10,1,0.9999999999999893,1.0,18174.242168520042,14,0.765,,,,10,,,
digits_pca32,1.5,0,fed_lossless_pre1,1797,32,10,1,1.0000000000000002,1.0,18174.242168519697,300,6.427,,,,,1.0547118733938987e-15,2.2971372712248764e-06,1
digits_pca32,1.5,1,paper,1797,32,10,1,0.9999999999999919,1.0,18174.242168519966,13,0.722,,,,,,,
digits_pca32,1.5,1,kmeanspp_best10,1797,32,10,1,0.9999999999999892,1.0,18174.242168520046,14,8.137,8,1,4,,,,
digits_pca32,1.5,1,oracle,1797,32,10,1,0.9999999999999893,1.0,18174.24216852004,14,0.608,,,,10,,,
digits_pca32,1.5,1,fed_lossless_pre1,1797,32,10,1,1.0000000000000002,1.0,18174.242168519697,300,6.101,,,,,1.0547118733938987e-15,1.7580014611717476e-06,1
digits_pca32,1.5,2,paper,1797,32,10,1,0.9999999999999956,1.0,18174.242168519842,14,0.264,,,,,,,
digits_pca32,1.5,2,kmeanspp_best10,1797,32,10,1,0.9999999999999893,1.0,18174.242168520046,13,5.168,2,1,4,,,,
digits_pca32,1.5,2,oracle,1797,32,10,1,0.9999999999999893,1.0,18174.24216852004,14,0.293,,,,10,,,
digits_pca32,1.5,2,fed_lossless_pre1,1797,32,10,1,1.0000000000000002,1.0,18174.242168519697,300,2.917,,,,,8.326672684688674e-16,1.1552777302602277e-06,1
digits_pca32,1.5,3,paper,1797,32,10,1,0.9999999999999929,1.0,18174.242168519948,13,0.257,,,,,,,
digits_pca32,1.5,3,kmeanspp_best10,1797,32,10,1,0.9999999999999969,1.0,18174.242168519795,14,3.688,2,1,4,,,,
digits_pca32,1.5,3,oracle,1797,32,10,1,0.9999999999999893,1.0,18174.24216852004,14,0.36,,,,10,,,
digits_pca32,1.5,3,fed_lossless_pre1,1797,32,10,1,1.0000000000000002,1.0,18174.242168519697,300,3.805,,,,,1.7763568394002505e-15,1.59719866286478e-06,1
digits_pca32,1.5,4,paper,1797,32,10,1,0.999999999999988,1.0,18174.242168520093,13,0.663,,,,,,,
digits_pca32,1.5,4,kmeanspp_best10,1797,32,10,1,0.9999999999999961,1.0,18174.24216851982,14,9.008,9,1,3,,,,
digits_pca32,1.5,4,oracle,1797,32,10,1,0.9999999999999892,1.0,18174.24216852004,14,0.703,,,,10,,,
digits_pca32,1.5,4,fed_lossless_pre1,1797,32,10,1,1.0000000000000002,1.0,18174.242168519697,300,6.178,,,,,2.6645352591003757e-15,1.8189139984344604e-06,1
digits_pca32,1.3,0,paper,1797,32,10,1,0.9999999999998785,1.0,28804.232691028305,20,0.747,,,,,,,
digits_pca32,1.3,0,kmeanspp_best10,1797,32,10,1,0.9999999999998417,1.0,28804.232691028956,46,9.67,4,1,4,,,,
digits_pca32,1.3,0,oracle,1797,32,10,1,0.999999999999894,1.0,28804.232691028083,23,0.777,,,,10,,,
digits_pca32,1.3,0,fed_lossless_pre1,1797,32,10,1,1.0000000000000002,1.0,28804.23269102657,300,4.392,,,,,1.2212453270876722e-15,3.6547750852865066e-06,1
digits_pca32,1.3,1,paper,1797,32,10,1,0.9999999999999379,1.0,28804.23269102747,19,0.819,,,,,,,
digits_pca32,1.3,1,kmeanspp_best10,1797,32,10,1,0.9999999999998785,1.0,28804.23269102833,20,10.007,6,1,4,,,,
digits_pca32,1.3,1,oracle,1797,32,10,1,0.999999999999894,1.0,28804.232691028083,23,1.047,,,,10,,,
digits_pca32,1.3,1,fed_lossless_pre1,1797,32,10,1,1.0000000000000002,1.0,28804.232691026566,300,5.641,,,,,1.5543122344752192e-15,2.806321010608739e-06,1
digits_pca32,1.3,2,paper,1797,32,10,1,0.9999999999998486,1.0,28804.23269102873,21,0.569,,,,,,,
digits_pca32,1.3,2,kmeanspp_best10,1797,32,10,1,0.9999999999998579,1.0,28804.232691028625,20,7.784,0,1,5,,,,
digits_pca32,1.3,2,oracle,1797,32,10,1,0.9999999999998941,1.0,28804.232691028083,23,0.683,,,,10,,,
digits_pca32,1.3,2,fed_lossless_pre1,1797,32,10,1,1.0000000000000002,1.0,28804.232691026566,300,4.408,,,,,2.1094237467877974e-15,4.114548303360023e-06,1
digits_pca32,1.3,3,paper,1797,32,10,1,0.9999999999999145,1.0,28804.232691027835,19,0.436,,,,,,,
digits_pca32,1.3,3,kmeanspp_best10,1797,32,10,1,0.9999999999999202,1.0,28804.23269102771,22,4.679,7,1,4,,,,
digits_pca32,1.3,3,oracle,1797,32,10,1,0.999999999999894,1.0,28804.23269102808,23,0.696,,,,10,,,
digits_pca32,1.3,3,fed_lossless_pre1,1797,32,10,1,1.0000000000000002,1.0,28804.23269102657,300,4.207,,,,,1.3322676295501878e-15,3.4377000826805103e-06,1
digits_pca32,1.3,4,paper,1797,32,10,1,0.9999999999998405,1.0,28804.232691028872,19,1.115,,,,,,,
digits_pca32,1.3,4,kmeanspp_best10,1797,32,10,1,0.999999999999934,1.0,28804.232691027537,20,12.708,8,1,4,,,,
digits_pca32,1.3,4,oracle,1797,32,10,1,0.999999999999894,1.0,28804.232691028083,23,1.108,,,,10,,,
digits_pca32,1.3,4,fed_lossless_pre1,1797,32,10,1,1.0000000000000002,1.0,28804.232691026566,300,3.454,,,,,3.3306690738754696e-15,3.53186324144714e-06,1
digits_pca32,1.2,0,paper,1797,32,10,2,0.9526951094954315,0.952695,36243.21649896777,30,1.537,,,,,,,
digits_pca32,1.2,0,kmeanspp_best10,1797,32,10,4,0.8659874573153645,0.865987,35870.04189824934,42,21.543,7,3,4,,,,
digits_pca32,1.2,0,oracle,1797,32,10,3,0.9303344540219969,0.930334,36258.48948634282,300,7.702,,,,10,,,
digits_pca32,1.2,0,fed_lossless_pre1,1797,32,10,2,0.952694974199593,0.952695,36243.21649895581,300,3.222,,,,,4.6629367034256575e-15,7.368150367843829e-06,2
digits_pca32,1.2,1,paper,1797,32,10,1,0.999999999998471,1.0,36262.380501973545,39,1.416,,,,,,,
digits_pca32,1.2,1,kmeanspp_best10,1797,32,10,3,0.9101691010985207,0.910169,35908.28340992116,44,30.885,1,2,4,,,,
digits_pca32,1.2,1,oracle,1797,32,10,3,0.9303344540219971,0.930334,36258.48948634282,300,10.739,,,,10,,,
digits_pca32,1.2,1,fed_lossless_pre1,1797,32,10,1,1.0000000000000002,1.0,36262.38050196564,300,4.312,,,,,1.9984014443252818e-15,9.779926104581471e-06,1
digits_pca32,1.2,2,paper,1797,32,10,2,0.952694991028642,0.952695,36243.21649896789,32,1.652,,,,,,,
digits_pca32,1.2,2,kmeanspp_best10,1797,32,10,4,0.8432697153497792,0.84327,35869.465988772805,43,30.337,7,3,5,,,,
digits_pca32,1.2,2,oracle,1797,32,10,3,0.9303344540219971,0.930334,36258.48948634283,300,13.281,,,,10,,,
digits_pca32,1.2,2,fed_lossless_pre1,1797,32,10,2,0.952694974199593,0.952695,36243.216498955815,300,5.728,,,,,5.551115123125783e-15,8.77273153928465e-06,2
digits_pca32,1.2,3,paper,1797,32,10,2,0.9490130179920521,0.949013,36252.92361251779,38,1.752,,,,,,,
digits_pca32,1.2,3,kmeanspp_best10,1797,32,10,4,0.865987326454108,0.865987,35870.041898258474,41,43.923,4,3,4,,,,
digits_pca32,1.2,3,oracle,1797,32,10,3,0.9303344540219969,0.930334,36258.48948634282,300,8.815,,,,10,,,
digits_pca32,1.2,3,fed_lossless_pre1,1797,32,10,2,0.9490130179947152,0.949013,36252.92361250451,300,4.635,,,,,1.865174681370263e-14,1.2015315220831845e-05,2
digits_pca32,1.2,4,paper,1797,32,10,2,0.9526949756835867,0.952695,36243.21649896269,42,1.316,,,,,,,
digits_pca32,1.2,4,kmeanspp_best10,1797,32,10,4,0.8624938788659029,0.862494,35889.01829940768,42,26.54,5,3,4,,,,
digits_pca32,1.2,4,oracle,1797,32,10,3,0.9303344540219973,0.930334,36258.48948634282,300,7.671,,,,10,,,
digits_pca32,1.2,4,fed_lossless_pre1,1797,32,10,2,0.952694974199593,0.952695,36243.21649895581,300,4.267,,,,,1.3489209749195652e-14,6.818929446039679e-06,2
digits_pca32,1.1,0,paper,1797,32,10,10,0.28701029513163184,0.28701,43054.87481061112,128,5.257,,,,,,,
digits_pca32,1.1,0,kmeanspp_best10,1797,32,10,10,0.32375157237219415,0.323752,42032.571518976176,118,45.861,9,10,10,,,,
digits_pca32,1.1,0,oracle,1797,32,10,10,0.28305336780951257,0.283053,42944.31541005481,227,6.249,,,,10,,,
digits_pca32,1.1,0,fed_lossless_pre1,1797,32,10,10,0.2870100156813772,0.28701,43054.87481058411,300,3.819,,,,,5.6621374255882984e-14,3.0184971396618465e-05,10
digits_pca32,1.1,1,paper,1797,32,10,10,0.2859305036987941,0.285931,42951.86124045526,180,4.429,,,,,,,
digits_pca32,1.1,1,kmeanspp_best10,1797,32,10,10,0.3329969406806055,0.332997,42127.274502502696,151,57.503,3,10,10,,,,
digits_pca32,1.1,1,oracle,1797,32,10,10,0.2830533678095128,0.283053,42944.31541005481,227,4.247,,,,10,,,
digits_pca32,1.1,1,fed_lossless_pre1,1797,32,10,10,0.28593023813355617,0.28593,42951.861240364204,300,3.036,,,,,2.5757174171303632e-14,1.3743708119295928e-05,10
digits_pca32,1.1,2,paper,1797,32,10,10,0.2943805546769254,0.294381,42893.18307111622,145,5.304,,,,,,,
digits_pca32,1.1,2,kmeanspp_best10,1797,32,10,10,0.3396523823411607,0.339652,42085.17048780444,100,36.949,8,10,10,,,,
digits_pca32,1.1,2,oracle,1797,32,10,10,0.2830533678095128,0.283053,42944.31541005481,227,3.455,,,,10,,,
digits_pca32,1.1,2,fed_lossless_pre1,1797,32,10,10,0.2943806125728753,0.294381,42893.18307102681,300,2.335,,,,,8.060219158778636e-14,3.534781810421439e-05,10
digits_pca32,1.1,3,paper,1797,32,10,10,0.28013286715587876,0.280133,42773.351099744184,246,9.176,,,,,,,
digits_pca32,1.1,3,kmeanspp_best10,1797,32,10,10,0.3342533979433802,0.334253,42304.48818887661,90,66.963,3,10,10,,,,
digits_pca32,1.1,3,oracle,1797,32,10,10,0.2830533678095127,0.283053,42944.31541005481,227,3.423,,,,10,,,
digits_pca32,1.1,3,fed_lossless_pre1,1797,32,10,10,0.2801331484656934,0.280133,42773.35109970673,300,2.092,,,,,6.639133687258436e-13,3.578097957512849e-05,10
digits_pca32,1.1,4,paper,1797,32,10,10,0.281460700155632,0.281461,42930.846813463155,299,12.506,,,,,,,
digits_pca32,1.1,4,kmeanspp_best10,1797,32,10,10,0.32339134973292977,0.323391,42197.10037909775,204,66.873,1,10,10,,,,
digits_pca32,1.1,4,oracle,1797,32,10,10,0.2830533678095128,0.283053,42944.31541005481,227,3.277,,,,10,,,
digits_pca32,1.1,4,fed_lossless_pre1,1797,32,10,10,0.2814607000544716,0.281461,42930.84681342884,300,2.501,,,,,3.3073543903583413e-13,2.2563186843072014e-06,10
letter,2.0,0,paper,20000,16,26,1,0.9999999999699616,1.0,12307.692307764722,281,200.595,,,,,,,
letter,2.0,0,kmeanspp_best10,20000,16,26,1,0.9999999999702859,1.0,12307.692307763937,295,2129.539,3,1,3,,,,
letter,2.0,0,oracle,20000,16,26,1,0.999999999969205,1.0,12307.692307766541,288,167.884,,,,26,,,
letter,2.0,0,fed_lossless_pre1,20000,16,26,1,0.9999999999924725,1.0,12307.692307710455,300,90.177,,,,,3.108624468950438e-14,4.702990740411592e-05,1
letter,2.0,1,paper,20000,16,26,1,0.9999999999681206,1.0,12307.692307769164,277,197.932,,,,,,,
letter,2.0,1,kmeanspp_best10,20000,16,26,1,0.9999999999700703,1.0,12307.692307764457,299,1974.119,8,1,2,,,,
letter,2.0,1,oracle,20000,16,26,1,0.999999999969205,1.0,12307.692307766541,288,195.065,,,,26,,,
letter,2.0,1,fed_lossless_pre1,20000,16,26,1,0.999999999994031,1.0,12307.6923077067,300,96.244,,,,,2.5757174171303632e-14,3.910393204966632e-05,1
letter,2.0,2,paper,20000,16,26,2,0.993628143025513,0.993628,12485.145709097887,292,146.132,,,,,,,
letter,2.0,2,kmeanspp_best10,20000,16,26,1,0.9999999999702013,1.0,12307.692307764148,282,2101.489,9,1,2,,,,
letter,2.0,2,oracle,20000,16,26,1,0.999999999969205,1.0,12307.692307766541,288,209.686,,,,26,,,
letter,2.0,2,fed_lossless_pre1,20000,16,26,2,0.9936281430400399,0.993628,12485.145709063541,300,70.302,,,,,4.929390229335695e-14,2.2586835127585362e-05,2
letter,2.0,3,paper,20000,16,26,1,0.9999999999699035,1.0,12307.692307764866,262,187.042,,,,,,,
letter,2.0,3,kmeanspp_best10,20000,16,26,1,0.9999999999702851,1.0,12307.692307763944,287,1702.561,7,1,2,,,,
letter,2.0,3,oracle,20000,16,26,1,0.999999999969205,1.0,12307.692307766541,288,180.097,,,,26,,,
letter,2.0,3,fed_lossless_pre1,20000,16,26,1,0.9999999999981104,1.0,12307.692307696863,300,83.183,,,,,3.141931159689193e-14,5.664224102991524e-05,1
letter,2.0,4,paper,20000,16,26,2,0.9936281429959423,0.993628,12485.145709167782,300,198.192,,,,,,,
letter,2.0,4,kmeanspp_best10,20000,16,26,1,0.9999999999695407,1.0,12307.69230776574,285,1665.82,4,1,2,,,,
letter,2.0,4,oracle,20000,16,26,1,0.999999999969205,1.0,12307.692307766541,288,133.251,,,,26,,,
letter,2.0,4,fed_lossless_pre1,20000,16,26,2,0.9936281429959423,0.993628,12485.14570916778,300,92.994,,,,,4.6629367034256575e-14,1.4654943925052066e-14,2
letter,1.5,0,paper,20000,16,26,23,0.8822674508255245,0.882267,60580.2596778332,300,180.604,,,,,,,
letter,1.5,0,kmeanspp_best10,20000,16,26,24,0.8518242580688662,0.851824,60375.86679598467,300,2086.285,0,22,25,,,,
letter,1.5,0,oracle,20000,16,26,26,0.8865041430066976,0.886504,60686.49684915945,300,194.225,,,,26,,,
letter,1.5,0,fed_lossless_pre1,20000,16,26,23,0.8822674508255242,0.882267,60580.2596778332,300,86.77,,,,,6.306066779870889e-14,3.6665115388245795e-14,23
letter,1.5,1,paper,20000,16,26,25,0.8691662584131357,0.869166,60537.86769487014,300,194.027,,,,,,,
letter,1.5,1,kmeanspp_best10,20000,16,26,23,0.8518230444578714,0.851823,60375.85313312137,300,1980.197,6,22,26,,,,
letter,1.5,1,oracle,20000,16,26,26,0.8865041430066972,0.886504,60686.496849159455,300,199.02,,,,26,,,
letter,1.5,1,fed_lossless_pre1,20000,16,26,25,0.8691662584131356,0.869166,60537.86769487015,300,110.914,,,,,1.4153678229433808e-12,4.718447854656915e-14,25
letter,1.5,2,paper,20000,16,26,24,0.8518142115259258,0.851814,60376.072200437615,300,183.117,,,,,,,
letter,1.5,2,kmeanspp_best10,20000,16,26,24,0.8518306640566401,0.851831,60375.90365264872,300,1976.901,8,22,25,,,,
letter,1.5,2,oracle,20000,16,26,26,0.8865041430066973,0.886504,60686.49684915945,300,175.317,,,,26,,,
letter,1.5,2,fed_lossless_pre1,20000,16,26,24,0.8518142115259258,0.851814,60376.072200437615,300,111.553,,,,,6.583622536027178e-14,4.0190073491430667e-14,24
letter,1.5,3,paper,20000,16,26,24,0.8695893001185704,0.869589,60528.19853854978,300,220.268,,,,,,,
letter,1.5,3,kmeanspp_best10,20000,16,26,25,0.851820736381845,0.851821,60375.84016418918,300,2000.162,3,24,26,,,,
letter,1.5,3,oracle,20000,16,26,26,0.8865041430066976,0.886504,60686.49684915945,300,170.529,,,,26,,,
letter,1.5,3,fed_lossless_pre1,20000,16,26,24,0.8695893001185707,0.869589,60528.19853854977,300,83.281,,,,,8.926193117986259e-14,3.247402347028583e-14,24
letter,1.5,4,paper,20000,16,26,26,0.8825570264992919,0.882557,60558.6951228371,300,247.651,,,,,,,
letter,1.5,4,kmeanspp_best10,20000,16,26,22,0.8518153431279992,0.851815,60375.93429795363,300,1833.565,8,22,26,,,,
letter,1.5,4,oracle,20000,16,26,26,0.8865041430066973,0.886504,60686.496849159455,300,194.53,,,,26,,,
letter,1.5,4,fed_lossless_pre1,20000,16,26,26,0.8825570264992918,0.882557,60558.6951228371,300,132.436,,,,,7.704947790898586e-14,5.034861416675085e-14,26
letter,1.3,0,paper,20000,16,26,26,0.500944275557494,0.500944,99571.2768246395,300,248.481,,,,,,,
letter,1.3,0,kmeanspp_best10,20000,16,26,26,0.46526094780640376,0.465261,97268.37766123333,300,2006.854,4,26,26,,,,
letter,1.3,0,oracle,20000,16,26,26,0.48081224049481613,0.480812,97689.39211007956,300,183.594,,,,26,,,
letter,1.3,0,fed_lossless_pre1,20000,16,26,26,0.5009442755574944,0.500944,99571.27682463951,300,97.457,,,,,5.17808018685173e-13,1.1390888232654106e-13,26
letter,1.3,1,paper,20000,16,26,26,0.4759738192307749,0.475974,98075.86311592741,300,245.113,,,,,,,
letter,1.3,1,kmeanspp_best10,20000,16,26,26,0.4662897066996233,0.46629,97259.49862317418,300,1817.244,4,26,26,,,,
letter,1.3,1,oracle,20000,16,26,26,0.4808122404948165,0.480812,97689.39211007956,300,211.305,,,,26,,,
letter,1.3,1,fed_lossless_pre1,20000,16,26,26,0.4759738192307753,0.475974,98075.86311592741,300,122.607,,,,,4.292122213200855e-13,3.863576125695545e-14,26
letter,1.3,2,paper,20000,16,26,26,0.46764774246506374,0.467648,97266.05214228458,300,160.484,,,,,,,
letter,1.3,2,kmeanspp_best10,20000,16,26,26,0.46624129335228437,0.466241,97259.49912051432,300,1860.38,9,26,26,,,,
letter,1.3,2,oracle,20000,16,26,26,0.4808122404948164,0.480812,97689.39211007956,300,186.021,,,,26,,,
letter,1.3,2,fed_lossless_pre1,20000,16,26,26,0.4676477424650634,0.467648,97266.05214228458,300,110.088,,,,,8.859579736508749e-14,6.861178292183467e-14,26
letter,1.3,3,paper,20000,16,26,26,0.4743270831486215,0.474327,97453.83491735139,300,190.489,,,,,,,
letter,1.3,3,kmeanspp_best10,20000,16,26,26,0.4662591695528741,0.466259,97259.49623162433,300,2154.579,6,26,26,,,,
letter,1.3,3,oracle,20000,16,26,26,0.4808122404948165,0.480812,97689.39211007956,300,135.641,,,,26,,,
letter,1.3,3,fed_lossless_pre1,20000,16,26,26,0.4743270831486213,0.474327,97453.83491735139,300,37.479,,,,,5.284661597215745e-14,4.796163466380676e-14,26
letter,1.3,4,paper,20000,16,26,26,0.47251803275499604,0.472518,97407.49002379108,300,179.376,,,,,,,
letter,1.3,4,kmeanspp_best10,20000,16,26,26,0.46111490997175697,0.461115,97249.24284480562,300,1953.62,9,26,26,,,,
letter,1.3,4,oracle,20000,16,26,26,0.4808122404948168,0.480812,97689.39211007956,300,172.629,,,,26,,,
letter,1.3,4,fed_lossless_pre1,20000,16,26,26,0.4725180327549962,0.472518,97407.49002379108,300,47.654,,,,,1.2960743589474077e-12,5.306866057708248e-14,26
letter,1.2,0,paper,20000,16,26,26,0.24756173793016342,0.247562,112242.49864550689,300,200.366,,,,,,,
letter,1.2,0,kmeanspp_best10,20000,16,26,26,0.2441510064733058,0.244151,111323.35042275536,300,2035.129,9,26,26,,,,
letter,1.2,0,oracle,20000,16,26,26,0.2414124736936485,0.241412,111450.69352737535,300,116.718,,,,26,,,
letter,1.2,0,fed_lossless_pre1,20000,16,26,26,0.24756173793016328,0.247562,112242.49864550689,300,34.647,,,,,2.049471703458039e-13,3.574918139293004e-14,26
letter,1.2,1,paper,20000,16,26,26,0.2465359155904214,0.246536,111960.9633891251,300,226.956,,,,,,,
letter,1.2,1,kmeanspp_best10,20000,16,26,26,0.24486448184845408,0.244864,111319.90748442474,300,1918.344,1,26,26,,,,
letter,1.2,1,oracle,20000,16,26,26,0.24141247369364865,0.241412,111450.69352737535,300,101.873,,,,26,,,
letter,1.2,1,fed_lossless_pre1,20000,16,26,26,0.2465359155904213,0.246536,111960.9633891251,300,48.376,,,,,5.455635943008019e-13,3.1530333899354446e-14,26
letter,1.2,2,paper,20000,16,26,26,0.24601055033880323,0.246011,111437.42173856516,300,205.492,,,,,,,
letter,1.2,2,kmeanspp_best10,20000,16,26,26,0.24428908205240413,0.244289,111297.95186954403,300,1405.226,9,26,26,,,,
letter,1.2,2,oracle,20000,16,26,26,0.2414124736936486,0.241412,111450.69352737535,300,58.167,,,,26,,,
letter,1.2,2,fed_lossless_pre1,20000,16,26,26,0.24601055033880306,0.246011,111437.42173856516,300,30.391,,,,,2.665263842960286e-12,3.241851231905457e-14,26
letter,1.2,3,paper,20000,16,26,26,0.2428715592147471,0.242872,111705.74183649069,300,164.023,,,,,,,
letter,1.2,3,kmeanspp_best10,20000,16,26,26,0.2443324112504884,0.244332,111327.09041910915,300,1489.512,6,26,26,,,,
letter,1.2,3,oracle,20000,16,26,26,0.24141247369364865,0.241412,111450.69352737535,300,49.629,,,,26,,,
letter,1.2,3,fed_lossless_pre1,20000,16,26,26,0.24287155921474723,0.242872,111705.74183649069,300,24.381,,,,,7.061018436615996e-14,4.39648317751562e-14,26
letter,1.2,4,paper,20000,16,26,26,0.24415206743016554,0.244152,111323.34665099462,300,196.605,,,,,,,
letter,1.2,4,kmeanspp_best10,20000,16,26,26,0.24393574681284072,0.243936,111479.41861927233,300,1248.096,6,26,26,,,,
letter,1.2,4,oracle,20000,16,26,26,0.24141247369364843,0.241412,111450.69352737535,300,37.939,,,,26,,,
letter,1.2,4,fed_lossless_pre1,20000,16,26,26,0.24415206743016576,0.244152,111323.34665099462,300,23.065,,,,,2.248201624865942e-13,4.04121180963557e-14,26
letter,1.1,0,paper,20000,16,26,26,0.08921438940859608,0.089214,119704.53672672136,300,185.886,,,,,,,
letter,1.1,0,kmeanspp_best10,20000,16,26,26,0.08733554236945829,0.087336,118989.56488775462,300,1196.95,9,26,26,,,,
letter,1.1,0,oracle,20000,16,26,26,0.08817781832531167,0.088178,119176.31225698991,273,68.46,,,,26,,,
letter,1.1,0,fed_lossless_pre1,20000,16,26,26,0.08921438940859629,0.089214,119704.53672672136,300,31.623,,,,,1.1146639167236572e-13,1.532107773982716e-13,26
letter,1.1,1,paper,20000,16,26,26,0.08839336478673415,0.088393,119815.62198242049,300,184.552,,,,,,,
letter,1.1,1,kmeanspp_best10,20000,16,26,26,0.0866154624135982,0.086615,118905.87068614292,236,1220.151,9,26,26,,,,
letter,1.1,1,oracle,20000,16,26,26,0.08817781832531169,0.088178,119176.31225698991,273,32.155,,,,26,,,
letter,1.1,1,fed_lossless_pre1,20000,16,26,26,0.08839336478673464,0.088393,119815.62198242047,300,18.958,,,,,7.971401316808624e-13,1.212363542890671e-13,26
letter,1.1,2,paper,20000,16,26,26,0.08333858728221548,0.083339,119212.98408432168,300,166.508,,,,,,,
letter,1.1,2,kmeanspp_best10,20000,16,26,26,0.08775080290472455,0.087751,118941.49873323186,300,1110.083,9,26,26,,,,
letter,1.1,2,oracle,20000,16,26,26,0.08817781832531164,0.088178,119176.31225698991,273,66.377,,,,26,,,
letter,1.1,2,fed_lossless_pre1,20000,16,26,26,0.08333858728221562,0.083339,119212.98408432168,300,26.443,,,,,1.383337888682945e-12,1.0436096431476471e-13,26
letter,1.1,3,paper,20000,16,26,26,0.08491869727687373,0.084919,119279.55532118297,300,153.352,,,,,,,
letter,1.1,3,kmeanspp_best10,20000,16,26,26,0.08443631024025121,0.084436,119015.98481726665,289,1130.185,7,26,26,,,,
letter,1.1,3,oracle,20000,16,26,26,0.08817781832531164,0.088178,119176.31225698991,273,26.774,,,,26,,,
letter,1.1,3,fed_lossless_pre1,20000,16,26,26,0.08491869727687115,0.084919,119279.55532118304,300,17.876,,,,,1.5668494279807987e-11,1.1470824290427117e-12,26
letter,1.1,4,paper,20000,16,26,26,0.08778197498710155,0.087782,119355.3204667654,300,153.204,,,,,,,
letter,1.1,4,kmeanspp_best10,20000,16,26,26,0.08637451341330671,0.086375,119099.21949339658,300,1135.708,7,26,26,,,,
letter,1.1,4,oracle,20000,16,26,26,0.08817781832531169,0.088178,119176.31225698991,273,25.83,,,,26,,,
letter,1.1,4,fed_lossless_pre1,20000,16,26,26,0.087781974987102,0.087782,119355.3204667654,300,17.322,,,,,1.411093464298574e-13,1.0835776720341528e-13,26
mnist784_pca32 (20c),2.0,0,paper,70000,32,10,1,0.9999999999999981,1.0,223996.80000000205,12,18.493,,,,,,,
mnist784_pca32 (20c),2.0,0,kmeanspp_best10,70000,32,10,1,0.9999999999999994,1.0,223996.80000000086,12,255.417,1,1,1,,,,
mnist784_pca32 (20c),2.0,0,oracle,70000,32,10,1,0.999999999999999,1.0,223996.8000000011,12,15.666,,,,10,,,
mnist784_pca32 (20c),2.0,0,fed_lossless_pre1,70000,32,10,1,1.0,1.0,223996.80000000005,300,347.952,,,,,4.551914400963142e-15,9.321815539075296e-07,1
mnist784_pca32 (20c),2.0,1,paper,70000,32,10,1,0.999999999999996,1.0,223996.80000000447,10,27.36,,,,,,,
mnist784_pca32 (20c),2.0,1,kmeanspp_best10,70000,32,10,1,0.999999999999999,1.0,223996.80000000127,12,239.381,3,1,1,,,,
mnist784_pca32 (20c),2.0,1,oracle,70000,32,10,1,0.999999999999999,1.0,223996.8000000011,12,24.801,,,,10,,,
mnist784_pca32 (20c),2.0,1,fed_lossless_pre1,70000,32,10,1,1.0,1.0,223996.80000000005,300,350.523,,,,,4.107825191113079e-15,9.143654031928309e-07,1
mnist784_pca32 (20c),2.0,2,paper,70000,32,10,1,0.9999999999999974,1.0,223996.80000000255,11,31.22,,,,,,,
mnist784_pca32 (20c),2.0,2,kmeanspp_best10,70000,32,10,1,0.999999999999999,1.0,223996.80000000107,12,225.49,9,1,1,,,,
mnist784_pca32 (20c),2.0,2,oracle,70000,32,10,1,0.999999999999999,1.0,223996.8000000011,12,11.812,,,,10,,,
mnist784_pca32 (20c),2.0,2,fed_lossless_pre1,70000,32,10,1,1.0,1.0,223996.80000000005,300,310.925,,,,,3.219646771412954e-15,8.063666876246278e-07,1
mnist784_pca32 (20c),2.0,3,paper,70000,32,10,1,0.9999999999999967,1.0,223996.8000000037,10,17.267,,,,,,,
mnist784_pca32 (20c),2.0,3,kmeanspp_best10,70000,32,10,1,0.9999999999999994,1.0,223996.8000000007,12,225.793,5,1,1,,,,
mnist784_pca32 (20c),2.0,3,oracle,70000,32,10,1,0.999999999999999,1.0,223996.8000000011,12,16.725,,,,10,,,
mnist784_pca32 (20c),2.0,3,fed_lossless_pre1,70000,32,10,1,1.0,1.0,223996.80000000008,300,373.339,,,,,1.0769163338864018e-14,9.904455626204296e-07,1
mnist784_pca32 (20c),2.0,4,paper,70000,32,10,1,0.9999999999999971,1.0,223996.8000000029,11,12.032,,,,,,,
mnist784_pca32 (20c),2.0,4,kmeanspp_best10,70000,32,10,1,0.9999999999999994,1.0,223996.80000000075,12,209.296,1,1,1,,,,
mnist784_pca32 (20c),2.0,4,oracle,70000,32,10,1,0.999999999999999,1.0,223996.8000000011,12,11.973,,,,10,,,
mnist784_pca32 (20c),2.0,4,fed_lossless_pre1,70000,32,10,1,1.0,1.0,223996.80000000008,300,308.902,,,,,6.439293542825908e-15,8.424186017945283e-07,1
mnist784_pca32 (20c),1.5,0,paper,70000,32,10,1,0.9999999999999556,1.0,708340.0765892337,17,24.281,,,,,,,
mnist784_pca32 (20c),1.5,0,kmeanspp_best10,70000,32,10,1,0.9999999999999822,1.0,708340.0765892164,17,296.554,1,1,1,,,,
mnist784_pca32 (20c),1.5,0,oracle,70000,32,10,1,0.9999999999999061,1.0,708340.0765892662,17,32.955,,,,10,,,
mnist784_pca32 (20c),1.5,0,fed_lossless_pre1,70000,32,10,1,1.0,1.0,708340.0765892046,300,383.397,,,,,7.494005416219807e-15,2.4004781517788648e-06,1
mnist784_pca32 (20c),1.5,1,paper,70000,32,10,1,0.9999999999999205,1.0,708340.0765892577,14,34.267,,,,,,,
mnist784_pca32 (20c),1.5,1,kmeanspp_best10,70000,32,10,1,0.9999999999999791,1.0,708340.0765892182,18,277.27,6,1,1,,,,
mnist784_pca32 (20c),1.5,1,oracle,70000,32,10,1,0.9999999999999061,1.0,708340.0765892663,17,24.798,,,,10,,,
mnist784_pca32 (20c),1.5,1,fed_lossless_pre1,70000,32,10,1,1.0,1.0,708340.0765892046,300,406.5,,,,,1.1879386363489175e-14,2.143538641802547e-06,1
mnist784_pca32 (20c),1.5,2,paper,70000,32,10,1,0.9999999999999545,1.0,708340.0765892345,16,28.111,,,,,,,
mnist784_pca32 (20c),1.5,2,kmeanspp_best10,70000,32,10,1,0.999999999999979,1.0,708340.0765892183,18,335.91,5,1,1,,,,
mnist784_pca32 (20c),1.5,2,oracle,70000,32,10,1,0.9999999999999061,1.0,708340.0765892662,17,19.052,,,,10,,,
mnist784_pca32 (20c),1.5,2,fed_lossless_pre1,70000,32,10,1,1.0,1.0,708340.0765892046,300,367.319,,,,,3.2529534621517087e-14,2.2469025440833963e-06,1
mnist784_pca32 (20c),1.5,3,paper,70000,32,10,1,0.9999999999999541,1.0,708340.0765892357,14,23.27,,,,,,,
mnist784_pca32 (20c),1.5,3,kmeanspp_best10,70000,32,10,1,0.9999999999999806,1.0,708340.0765892174,18,264.513,9,1,1,,,,
mnist784_pca32 (20c),1.5,3,oracle,70000,32,10,1,0.9999999999999061,1.0,708340.0765892663,17,25.857,,,,10,,,
mnist784_pca32 (20c),1.5,3,fed_lossless_pre1,70000,32,10,1,1.0,1.0,708340.0765892047,300,405.421,,,,,6.328271240363392e-15,1.653230700473112e-06,1
mnist784_pca32 (20c),1.5,4,paper,70000,32,10,1,0.999999999999968,1.0,708340.0765892256,16,33.1,,,,,,,
mnist784_pca32 (20c),1.5,4,kmeanspp_best10,70000,32,10,1,0.9999999999999825,1.0,708340.076589216,16,280.15,0,1,1,,,,
mnist784_pca32 (20c),1.5,4,oracle,70000,32,10,1,0.9999999999999061,1.0,708340.0765892662,17,20.004,,,,10,,,
mnist784_pca32 (20c),1.5,4,fed_lossless_pre1,70000,32,10,1,1.0,1.0,708340.0765892046,300,393.573,,,,,2.042810365310288e-14,1.640787966369936e-06,1
mnist784_pca32 (20c),1.3,0,paper,70000,32,10,2,0.9646720094973756,0.964672,1122928.1573660218,43,88.039,,,,,,,
mnist784_pca32 (20c),1.3,0,kmeanspp_best10,70000,32,10,1,0.9999999999995153,1.0,1122643.365333738,39,559.58,3,1,2,,,,
mnist784_pca32 (20c),1.3,0,oracle,70000,32,10,2,0.9646719317718552,0.964672,1122928.157365722,50,90.997,,,,10,,,
mnist784_pca32 (20c),1.3,0,fed_lossless_pre1,70000,32,10,2,0.964671461884774,0.964671,1122928.157364669,300,311.519,,,,,2.631228568361621e-14,1.7309170318557943e-05,2
mnist784_pca32 (20c),1.3,1,paper,70000,32,10,1,0.9999999999993703,1.0,1122643.3653337755,24,48.266,,,,,,,
mnist784_pca32 (20c),1.3,1,kmeanspp_best10,70000,32,10,1,0.9999999999994407,1.0,1122643.3653337574,36,864.33,8,1,2,,,,
mnist784_pca32 (20c),1.3,1,oracle,70000,32,10,2,0.964671931771855,0.964672,1122928.157365722,50,82.269,,,,10,,,
mnist784_pca32 (20c),1.3,1,fed_lossless_pre1,70000,32,10,1,1.0,1.0,1122643.365333614,300,318.87,,,,,1.6209256159527285e-14,4.003240053645246e-06,1
mnist784_pca32 (20c),1.3,2,paper,70000,32,10,1,0.9999999999989708,1.0,1122643.3653338775,29,68.611,,,,,,,
mnist784_pca32 (20c),1.3,2,kmeanspp_best10,70000,32,10,1,0.9999999999994137,1.0,1122643.3653337639,33,673.03,8,1,2,,,,
mnist784_pca32 (20c),1.3,2,oracle,70000,32,10,2,0.9646719317718552,0.964672,1122928.157365722,50,77.074,,,,10,,,
mnist784_pca32 (20c),1.3,2,fed_lossless_pre1,70000,32,10,1,1.0,1.0,1122643.365333614,300,306.704,,,,,5.1958437552457326e-14,7.174175084291375e-06,1
mnist784_pca32 (20c),1.3,3,paper,70000,32,10,1,0.9999999999992293,1.0,1122643.3653338118,23,30.304,,,,,,,
mnist784_pca32 (20c),1.3,3,kmeanspp_best10,70000,32,10,1,0.9999999999995252,1.0,1122643.3653337355,47,1088.984,1,1,2,,,,
mnist784_pca32 (20c),1.3,3,oracle,70000,32,10,2,0.964671931771855,0.964672,1122928.157365722,50,70.984,,,,10,,,
mnist784_pca32 (20c),1.3,3,fed_lossless_pre1,70000,32,10,1,1.0,1.0,1122643.365333614,300,282.584,,,,,1.4654943925052066e-14,4.0421912460254904e-06,1
mnist784_pca32 (20c),1.3,4,paper,70000,32,10,1,0.9999999999989062,1.0,1122643.3653338943,27,37.233,,,,,,,
mnist784_pca32 (20c),1.3,4,kmeanspp_best10,70000,32,10,1,0.9999999999992742,1.0,1122643.3653337997,26,671.342,6,1,2,,,,
mnist784_pca32 (20c),1.3,4,oracle,70000,32,10,2,0.964671931771855,0.964672,1122928.157365722,50,86.674,,,,10,,,
mnist784_pca32 (20c),1.3,4,fed_lossless_pre1,70000,32,10,1,1.0,1.0,1122643.365333614,300,323.663,,,,,2.4313884239290928e-14,5.4276432148571785e-06,1
mnist784_pca32 (20c),1.2,0,paper,70000,32,10,3,0.8922413512380627,0.892241,1407621.6974365707,39,66.999,,,,,,,
mnist784_pca32 (20c),1.2,0,kmeanspp_best10,70000,32,10,3,0.892241355539752,0.892241,1407621.6974364244,261,1559.882,2,2,3,,,,
mnist784_pca32 (20c),1.2,0,oracle,70000,32,10,2,0.9344029363254127,0.934403,1408938.9169693994,43,50.282,,,,10,,,
mnist784_pca32 (20c),1.2,0,fed_lossless_pre1,70000,32,10,3,0.8922413518469884,0.892241,1407621.6974360868,300,255.983,,,,,2.3092638912203256e-14,8.708106584237596e-06,3
mnist784_pca32 (20c),1.2,1,paper,70000,32,10,2,0.9344028734168595,0.934403,1408938.916970002,67,88.644,,,,,,,
mnist784_pca32 (20c),1.2,1,kmeanspp_best10,70000,32,10,3,0.8922413516743264,0.892241,1407621.6974367027,48,1034.872,7,2,4,,,,
mnist784_pca32 (20c),1.2,1,oracle,70000,32,10,2,0.9344029363254125,0.934403,1408938.9169693994,43,104.53,,,,10,,,
mnist784_pca32 (20c),1.2,1,fed_lossless_pre1,70000,32,10,2,0.9344029445560282,0.934403,1408938.9169689645,300,340.897,,,,,2.1649348980190553e-14,1.1079177088757497e-05,2
mnist784_pca32 (20c),1.2,2,paper,70000,32,10,3,0.892241355811109,0.892241,1407621.6974364535,235,406.464,,,,,,,
mnist784_pca32 (20c),1.2,2,kmeanspp_best10,70000,32,10,3,0.8922413533383542,0.892241,1407621.6974365693,45,863.107,9,2,3,,,,
mnist784_pca32 (20c),1.2,2,oracle,70000,32,10,2,0.9344029363254119,0.934403,1408938.9169693994,43,103.412,,,,10,,,
mnist784_pca32 (20c),1.2,2,fed_lossless_pre1,70000,32,10,3,0.8922413518469884,0.892241,1407621.6974360868,300,318.535,,,,,1.4527934411034948e-11,5.5820486509761125e-06,3
mnist784_pca32 (20c),1.2,3,paper,70000,32,10,3,0.8922413544829149,0.892241,1407621.6974366156,42,50.633,,,,,,,
mnist784_pca32 (20c),1.2,3,kmeanspp_best10,70000,32,10,3,0.8922413517075617,0.892241,1407621.6974365576,51,1535.606,2,2,4,,,,
mnist784_pca32 (20c),1.2,3,oracle,70000,32,10,2,0.9344029363254123,0.934403,1408938.9169693994,43,53.488,,,,10,,,
mnist784_pca32 (20c),1.2,3,fed_lossless_pre1,70000,32,10,3,0.8922413518469883,0.892241,1407621.6974360868,300,242.037,,,,,2.6756374893466273e-14,5.808988667782566e-06,3
mnist784_pca32 (20c),1.2,4,paper,70000,32,10,3,0.8922413517861402,0.892241,1407621.6974366764,62,94.553,,,,,,,
mnist784_pca32 (20c),1.2,4,kmeanspp_best10,70000,32,10,3,0.8922413517929093,0.892241,1407621.6974365793,51,2219.619,5,2,4,,,,
mnist784_pca32 (20c),1.2,4,oracle,70000,32,10,2,0.9344029363254127,0.934403,1408938.9169693994,43,79.496,,,,10,,,
mnist784_pca32 (20c),1.2,4,fed_lossless_pre1,70000,32,10,3,0.8922413518469884,0.892241,1407621.6974360868,300,329.192,,,,,4.7628567756419216e-14,9.720308900867947e-06,3
mnist784_pca32 (20c),1.1,0,paper,70000,32,10,10,0.34894633217235627,0.348946,1699371.0318313045,300,475.406,,,,,,,
mnist784_pca32 (20c),1.1,0,kmeanspp_best10,70000,32,10,10,0.3502211610760846,0.350221,1697626.0401986763,209,2793.846,8,10,10,,,,
mnist784_pca32 (20c),1.1,0,oracle,70000,32,10,10,0.36454238057821825,0.364542,1700910.6216739241,266,429.789,,,,10,,,
mnist784_pca32 (20c),1.1,0,fed_lossless_pre1,70000,32,10,10,0.34894633217235604,0.348946,1699371.0318313048,300,203.857,,,,,1.4566126083082054e-13,1.030980856242536e-13,10
mnist784_pca32 (20c),1.1,1,paper,70000,32,10,10,0.3488402013049744,0.34884,1697995.695787005,135,192.965,,,,,,,
mnist784_pca32 (20c),1.1,1,kmeanspp_best10,70000,32,10,10,0.3683578548923625,0.368358,1696440.9978910747,86,3109.086,9,10,10,,,,
mnist784_pca32 (20c),1.1,1,oracle,70000,32,10,10,0.3645423805782174,0.364542,1700910.621673924,266,452.186,,,,10,,,
mnist784_pca32 (20c),1.1,1,fed_lossless_pre1,70000,32,10,10,0.3488405492431896,0.348841,1697995.6957839946,300,159.435,,,,,6.279421427279885e-13,1.1776854299469508e-05,10
mnist784_pca32 (20c),1.1,2,paper,70000,32,10,10,0.3804991848121138,0.380499,1702014.3771309205,152,281.179,,,,,,,
mnist784_pca32 (20c),1.1,2,kmeanspp_best10,70000,32,10,10,0.3683578536369039,0.368358,1696440.9978901427,103,2833.603,6,10,10,,,,
mnist784_pca32 (20c),1.1,2,oracle,70000,32,10,10,0.3645423805782191,0.364542,1700910.621673924,266,437.494,,,,10,,,
mnist784_pca32 (20c),1.1,2,fed_lossless_pre1,70000,32,10,10,0.38049956039990795,0.3805,1702014.3771290458,300,195.067,,,,,1.4197976128116352e-11,2.987334350998405e-05,10
mnist784_pca32 (20c),1.1,3,paper,70000,32,10,10,0.3508971715930225,0.350897,1697395.6729246725,300,501.366,,,,,,,
mnist784_pca32 (20c),1.1,3,kmeanspp_best10,70000,32,10,10,0.3548061358162687,0.354806,1696562.1660055702,138,3154.569,6,10,10,,,,
mnist784_pca32 (20c),1.1,3,oracle,70000,32,10,10,0.3645423805782174,0.364542,1700910.621673924,266,165.332,,,,10,,,
mnist784_pca32 (20c),1.1,3,fed_lossless_pre1,70000,32,10,10,0.35089717159302236,0.350897,1697395.6729246723,300,83.906,,,,,5.91780097147776e-13,2.2870594307278225e-14,10
mnist784_pca32 (20c),1.1,4,paper,70000,32,10,10,0.3505465547819008,0.350547,1698191.459278996,193,289.988,,,,,,,
mnist784_pca32 (20c),1.1,4,kmeanspp_best10,70000,32,10,10,0.34619149991939646,0.346191,1698281.214348482,296,3067.068,8,10,10,,,,
mnist784_pca32 (20c),1.1,4,oracle,70000,32,10,10,0.3645423805782184,0.364542,1700910.621673924,266,354.747,,,,10,,,
mnist784_pca32 (20c),1.1,4,fed_lossless_pre1,70000,32,10,10,0.3505459632484338,0.350546,1698191.4592734235,300,121.931,,,,,1.1723955140041653e-13,5.158274779648586e-05,10
mnist784_pca32 (50c),2.0,0,paper,70000,32,10,1,0.9999999999999961,1.0,223996.80000000398,10,29.455,,,,,,,
mnist784_pca32 (50c),2.0,0,kmeanspp_best10,70000,32,10,1,0.999999999999999,1.0,223996.80000000098,12,237.35,7,1,1,,,,
mnist784_pca32 (50c),2.0,0,oracle,70000,32,10,1,0.999999999999999,1.0,223996.8000000011,12,18.585,,,,10,,,
mnist784_pca32 (50c),2.0,0,fed_lossless_pre1,70000,32,10,1,1.0,1.0,223996.80000000005,300,265.266,,,,,3.1086244689504383e-15,8.094537953288406e-07,1
mnist784_pca32 (50c),2.0,1,paper,70000,32,10,1,0.999999999999999,1.0,223996.80000000092,12,34.781,,,,,,,
mnist784_pca32 (50c),2.0,1,kmeanspp_best10,70000,32,10,1,0.9999999999999994,1.0,223996.80000000066,13,162.281,1,1,1,,,,
mnist784_pca32 (50c),2.0,1,oracle,70000,32,10,1,0.999999999999999,1.0,223996.8000000011,12,16.644,,,,10,,,
mnist784_pca32 (50c),2.0,1,fed_lossless_pre1,70000,32,10,1,1.0,1.0,223996.80000000005,300,323.978,,,,,4.551914400963142e-15,6.363512042939942e-07,1
mnist784_pca32 (50c),2.0,2,paper,70000,32,10,1,0.9999999999999989,1.0,223996.80000000127,11,40.8,,,,,,,
mnist784_pca32 (50c),2.0,2,kmeanspp_best10,70000,32,10,1,0.999999999999999,1.0,223996.8000000011,11,220.435,6,1,1,,,,
mnist784_pca32 (50c),2.0,2,oracle,70000,32,10,1,0.999999999999999,1.0,223996.8000000011,12,34.119,,,,10,,,
mnist784_pca32 (50c),2.0,2,fed_lossless_pre1,70000,32,10,1,1.0,1.0,223996.80000000008,300,312.951,,,,,4.496403249731884e-15,6.901877913593323e-07,1
mnist784_pca32 (50c),2.0,3,paper,70000,32,10,1,0.9999999999999952,1.0,223996.80000000546,11,43.283,,,,,,,
mnist784_pca32 (50c),2.0,3,kmeanspp_best10,70000,32,10,1,0.999999999999999,1.0,223996.80000000115,12,266.156,0,1,1,,,,
mnist784_pca32 (50c),2.0,3,oracle,70000,32,10,1,0.999999999999999,1.0,223996.8000000011,12,16.26,,,,10,,,
mnist784_pca32 (50c),2.0,3,fed_lossless_pre1,70000,32,10,1,1.0,1.0,223996.80000000005,300,336.388,,,,,5.384581669432009e-15,1.767741333312513e-06,1
mnist784_pca32 (50c),2.0,4,paper,70000,32,10,1,0.9999999999999984,1.0,223996.80000000162,12,50.707,,,,,,,
mnist784_pca32 (50c),2.0,4,kmeanspp_best10,70000,32,10,1,0.9999999999999994,1.0,223996.8000000006,11,153.96,1,1,1,,,,
mnist784_pca32 (50c),2.0,4,oracle,70000,32,10,1,0.999999999999999,1.0,223996.8000000011,12,30.425,,,,10,,,
mnist784_pca32 (50c),2.0,4,fed_lossless_pre1,70000,32,10,1,1.0,1.0,223996.80000000005,300,338.345,,,,,7.327471962526033e-15,9.652642215004387e-07,1
mnist784_pca32 (50c),1.5,0,paper,70000,32,10,1,0.9999999999999404,1.0,708340.0765892438,14,25.667,,,,,,,
mnist784_pca32 (50c),1.5,0,kmeanspp_best10,70000,32,10,1,0.9999999999999796,1.0,708340.0765892181,18,304.751,1,1,1,,,,
mnist784_pca32 (50c),1.5,0,oracle,70000,32,10,1,0.9999999999999061,1.0,708340.0765892662,17,28.341,,,,10,,,
mnist784_pca32 (50c),1.5,0,fed_lossless_pre1,70000,32,10,1,1.0,1.0,708340.0765892046,300,343.647,,,,,7.105427357601002e-15,1.962391818426486e-06,1
mnist784_pca32 (50c),1.5,1,paper,70000,32,10,1,0.9999999999999806,1.0,708340.0765892174,17,51.046,,,,,,,
mnist784_pca32 (50c),1.5,1,kmeanspp_best10,70000,32,10,1,0.9999999999999809,1.0,708340.0765892172,18,347.691,8,1,1,,,,
mnist784_pca32 (50c),1.5,1,oracle,70000,32,10,1,0.9999999999999061,1.0,708340.0765892663,17,27.787,,,,10,,,
mnist784_pca32 (50c),1.5,1,fed_lossless_pre1,70000,32,10,1,1.0,1.0,708340.0765892046,300,357.707,,,,,4.884981308350689e-15,1.6217139303523416e-06,1
mnist784_pca32 (50c),1.5,2,paper,70000,32,10,1,0.9999999999999372,1.0,708340.0765892458,15,32.226,,,,,,,
mnist784_pca32 (50c),1.5,2,kmeanspp_best10,70000,32,10,1,0.9999999999999791,1.0,708340.0765892182,18,293.376,3,1,1,,,,
mnist784_pca32 (50c),1.5,2,oracle,70000,32,10,1,0.9999999999999061,1.0,708340.0765892663,17,29.185,,,,10,,,
mnist784_pca32 (50c),1.5,2,fed_lossless_pre1,70000,32,10,1,1.0,1.0,708340.0765892046,300,296.838,,,,,4.718447854656915e-15,2.7786282037571758e-06,1
mnist784_pca32 (50c),1.5,3,paper,70000,32,10,1,0.9999999999999325,1.0,708340.0765892498,16,51.335,,,,,,,
mnist784_pca32 (50c),1.5,3,kmeanspp_best10,70000,32,10,1,0.9999999999999825,1.0,708340.076589216,18,308.703,3,1,1,,,,
mnist784_pca32 (50c),1.5,3,oracle,70000,32,10,1,0.9999999999999061,1.0,708340.0765892663,17,37.15,,,,10,,,
mnist784_pca32 (50c),1.5,3,fed_lossless_pre1,70000,32,10,1,1.0,1.0,708340.0765892046,300,355.759,,,,,5.329070518200751e-15,3.2656113311332407e-06,1
mnist784_pca32 (50c),1.5,4,paper,70000,32,10,1,0.9999999999999639,1.0,708340.0765892284,17,29.426,,,,,,,
mnist784_pca32 (50c),1.5,4,kmeanspp_best10,70000,32,10,1,0.9999999999999791,1.0,708340.0765892181,17,294.958,4,1,1,,,,
mnist784_pca32 (50c),1.5,4,oracle,70000,32,10,1,0.9999999999999061,1.0,708340.0765892663,17,25.166,,,,10,,,
mnist784_pca32 (50c),1.5,4,fed_lossless_pre1,70000,32,10,1,1.0,1.0,708340.0765892046,300,319.994,,,,,3.9968028886505635e-14,2.2819607770090483e-06,1
mnist784_pca32 (50c),1.3,0,paper,70000,32,10,1,0.9999999999987921,1.0,1122643.3653339234,23,58.782,,,,,,,
mnist784_pca32 (50c),1.3,0,kmeanspp_best10,70000,32,10,1,0.9999999999994652,1.0,1122643.3653337508,36,698.043,5,1,2,,,,
mnist784_pca32 (50c),1.3,0,oracle,70000,32,10,2,0.9646719317718557,0.964672,1122928.157365722,50,67.942,,,,10,,,
mnist784_pca32 (50c),1.3,0,fed_lossless_pre1,70000,32,10,1,1.0,1.0,1122643.365333614,300,380.212,,,,,7.438494264988549e-15,6.82071089436232e-06,1
mnist784_pca32 (50c),1.3,1,paper,70000,32,10,2,0.964671998339199,0.964672,1122928.157365983,46,96.192,,,,,,,
mnist784_pca32 (50c),1.3,1,kmeanspp_best10,70000,32,10,1,0.9999999999993612,1.0,1122643.3653337776,27,1013.557,9,1,2,,,,
mnist784_pca32 (50c),1.3,1,oracle,70000,32,10,2,0.9646719317718552,0.964672,1122928.1573657219,50,101.733,,,,10,,,
mnist784_pca32 (50c),1.3,1,fed_lossless_pre1,70000,32,10,2,0.964671461884774,0.964671,1122928.157364669,300,289.062,,,,,1.7541523789077473e-14,1.7060912482103063e-05,2
mnist784_pca32 (50c),1.3,2,paper,70000,32,10,1,0.9999999999990824,1.0,1122643.3653338489,29,51.269,,,,,,,
mnist784_pca32 (50c),1.3,2,kmeanspp_best10,70000,32,10,1,0.9999999999992821,1.0,1122643.3653337979,30,606.476,1,1,2,,,,
mnist784_pca32 (50c),1.3,2,oracle,70000,32,10,2,0.9646719317718552,0.964672,1122928.157365722,50,59.224,,,,10,,,
mnist784_pca32 (50c),1.3,2,fed_lossless_pre1,70000,32,10,1,1.0,1.0,1122643.365333614,300,342.221,,,,,8.659739592076221e-15,6.887465615056903e-06,1
mnist784_pca32 (50c),1.3,3,paper,70000,32,10,1,0.9999999999993634,1.0,1122643.3653337772,36,42.994,,,,,,,
mnist784_pca32 (50c),1.3,3,kmeanspp_best10,70000,32,10,1,0.9999999999994312,1.0,1122643.3653337597,24,645.691,2,1,2,,,,
mnist784_pca32 (50c),1.3,3,oracle,70000,32,10,2,0.964671931771856,0.964672,1122928.157365722,50,68.051,,,,10,,,
mnist784_pca32 (50c),1.3,3,fed_lossless_pre1,70000,32,10,1,1.0,1.0,1122643.365333614,300,340.128,,,,,7.66053886991358e-15,5.787550058307338e-06,1
mnist784_pca32 (50c),1.3,4,paper,70000,32,10,1,0.9999999999990542,1.0,1122643.365333856,36,75.712,,,,,,,
mnist784_pca32 (50c),1.3,4,kmeanspp_best10,70000,32,10,1,0.9999999999993583,1.0,1122643.3653337783,29,568.368,5,1,2,,,,
mnist784_pca32 (50c),1.3,4,oracle,70000,32,10,2,0.9646719317718554,0.964672,1122928.157365722,50,82.079,,,,10,,,
mnist784_pca32 (50c),1.3,4,fed_lossless_pre1,70000,32,10,1,1.0,1.0,1122643.3653336142,300,302.663,,,,,1.0369483049998962e-13,7.00903691407419e-06,1
mnist784_pca32 (50c),1.2,0,paper,70000,32,10,2,0.9344029256960739,0.934403,1408938.9169694837,32,81.689,,,,,,,
mnist784_pca32 (50c),1.2,0,kmeanspp_best10,70000,32,10,3,0.8922413558334256,0.892241,1407621.697436456,91,1494.968,2,2,3,,,,
mnist784_pca32 (50c),1.2,0,oracle,70000,32,10,2,0.9344029363254127,0.934403,1408938.9169693994,43,79.494,,,,10,,,
mnist784_pca32 (50c),1.2,0,fed_lossless_pre1,70000,32,10,2,0.9344029445560282,0.934403,1408938.9169689645,300,291.63,,,,,2.3092638912203256e-14,5.59695744221933e-06,2
mnist784_pca32 (50c),1.2,1,paper,70000,32,10,3,0.8922413512256281,0.892241,1407621.6974367055,45,111.608,,,,,,,
mnist784_pca32 (50c),1.2,1,kmeanspp_best10,70000,32,10,3,0.8922413516413749,0.892241,1407621.697436559,46,1381.362,6,2,4,,,,
mnist784_pca32 (50c),1.2,1,oracle,70000,32,10,2,0.9344029363254123,0.934403,1408938.9169693994,43,59.24,,,,10,,,
mnist784_pca32 (50c),1.2,1,fed_lossless_pre1,70000,32,10,3,0.8922413518469884,0.892241,1407621.6974360868,300,322.204,,,,,3.6193270602780103e-14,9.885485530894411e-06,3
mnist784_pca32 (50c),1.2,2,paper,70000,32,10,3,0.8922413442536721,0.892241,1407621.6974368985,45,123.482,,,,,,,
mnist784_pca32 (50c),1.2,2,kmeanspp_best10,70000,32,10,3,0.8922413524420271,0.892241,1407621.6974366729,44,969.357,6,2,3,,,,
mnist784_pca32 (50c),1.2,2,oracle,70000,32,10,2,0.9344029363254122,0.934403,1408938.9169693994,43,57.049,,,,10,,,
mnist784_pca32 (50c),1.2,2,fed_lossless_pre1,70000,32,10,3,0.8922413518469884,0.892241,1407621.6974360868,300,350.421,,,,,2.637889906509372e-13,5.5918872479548964e-06,3
mnist784_pca32 (50c),1.2,3,paper,70000,32,10,3,0.8922413521843684,0.892241,1407621.6974365737,44,98.569,,,,,,,
mnist784_pca32 (50c),1.2,3,kmeanspp_best10,70000,32,10,3,0.892241355573031,0.892241,1407621.697436428,96,909.211,0,2,3,,,,
mnist784_pca32 (50c),1.2,3,oracle,70000,32,10,2,0.9344029363254119,0.934403,1408938.9169693994,43,82.188,,,,10,,,
mnist784_pca32 (50c),1.2,3,fed_lossless_pre1,70000,32,10,3,0.8922413518469884,0.892241,1407621.6974360868,300,325.704,,,,,2.0317081350640365e-14,8.727285430290554e-06,3
mnist784_pca32 (50c),1.2,4,paper,70000,32,10,2,0.9344029073368182,0.934403,1408938.9169696646,61,82.715,,,,,,,
mnist784_pca32 (50c),1.2,4,kmeanspp_best10,70000,32,10,3,0.8922413522740653,0.892241,1407621.6974367637,41,1060.516,0,2,3,,,,
mnist784_pca32 (50c),1.2,4,oracle,70000,32,10,2,0.9344029363254125,0.934403,1408938.9169693994,43,67.481,,,,10,,,
mnist784_pca32 (50c),1.2,4,fed_lossless_pre1,70000,32,10,2,0.9344029445560282,0.934403,1408938.9169689645,300,311.554,,,,,7.980838212517938e-13,7.614910339313885e-06,2
mnist784_pca32 (50c),1.1,0,paper,70000,32,10,10,0.3683578615648825,0.368358,1696440.9978903509,151,241.478,,,,,,,
mnist784_pca32 (50c),1.1,0,kmeanspp_best10,70000,32,10,10,0.35054642302665895,0.350546,1698191.459278346,200,3639.616,3,10,10,,,,
mnist784_pca32 (50c),1.1,0,oracle,70000,32,10,10,0.3645423805782179,0.364542,1700910.621673924,266,383.649,,,,10,,,
mnist784_pca32 (50c),1.1,0,fed_lossless_pre1,70000,32,10,10,0.36835789005902175,0.368358,1696440.9978854344,300,285.096,,,,,6.039613253960852e-14,2.4774174856023734e-05,10
mnist784_pca32 (50c),1.1,1,paper,70000,32,10,10,0.3720044049580588,0.372004,1700030.0555389929,300,519.132,,,,,,,
mnist784_pca32 (50c),1.1,1,kmeanspp_best10,70000,32,10,10,0.35790752150564364,0.357908,1698031.9264184288,142,2856.844,4,10,10,,,,
mnist784_pca32 (50c),1.1,1,oracle,70000,32,10,10,0.3645423805782175,0.364542,1700910.621673924,266,418.824,,,,10,,,
mnist784_pca32 (50c),1.1,1,fed_lossless_pre1,70000,32,10,10,0.37200440495805875,0.372004,1700030.0555389929,300,341.41,,,,,2.1593837828959295e-13,4.6407322429331543e-14,10
mnist784_pca32 (50c),1.1,2,paper,70000,32,10,10,0.38390953710893116,0.38391,1700286.9202131392,161,213.213,,,,,,,
mnist784_pca32 (50c),1.1,2,kmeanspp_best10,70000,32,10,10,0.3683578603311222,0.368358,1696440.9978902177,93,3379.518,4,10,10,,,,
mnist784_pca32 (50c),1.1,2,oracle,70000,32,10,10,0.36454238057821886,0.364542,1700910.621673924,266,407.372,,,,10,,,
mnist784_pca32 (50c),1.1,2,fed_lossless_pre1,70000,32,10,10,0.3839097271695022,0.38391,1700286.9202045281,300,279.18,,,,,3.05089287166993e-13,3.5504414069853496e-05,10
mnist784_pca32 (50c),1.1,3,paper,70000,32,10,10,0.36367222356561807,0.363672,1705719.4735078572,273,454.634,,,,,,,
mnist784_pca32 (50c),1.1,3,kmeanspp_best10,70000,32,10,10,0.368357934792885,0.368358,1696440.997891325,87,2987.489,7,10,10,,,,
mnist784_pca32 (50c),1.1,3,oracle,70000,32,10,10,0.3645423805782183,0.364542,1700910.621673924,266,496.289,,,,10,,,
mnist784_pca32 (50c),1.1,3,fed_lossless_pre1,70000,32,10,10,0.36367131527842483,0.363671,1705719.473486755,300,258.697,,,,,9.237055564881302e-14,6.748290341085372e-05,10
mnist784_pca32 (50c),1.1,4,paper,70000,32,10,10,0.3488636337359389,0.348864,1698040.9953505965,300,530.868,,,,,,,
mnist784_pca32 (50c),1.1,4,kmeanspp_best10,70000,32,10,10,0.3548061503639505,0.354806,1696562.1660061574,126,2945.486,9,10,10,,,,
mnist784_pca32 (50c),1.1,4,oracle,70000,32,10,10,0.36454238057821786,0.364542,1700910.6216739241,266,329.074,,,,10,,,
mnist784_pca32 (50c),1.1,4,fed_lossless_pre1,70000,32,10,10,0.348863633735936,0.348864,1698040.9953505942,300,271.7,,,,,1.2041478925084448e-11,5.1486592766991635e-12,10
