dataset,seed,method,cell,mass_point,gate,personalize,L,rounds,n_rounds,participation,n_part,n_clients,split,m,n_clusters,dim,upload_numbers,min_dist,mean_acc,worst_acc,fcm_obj,gacc,xb,hnorm,no_earlystop,runtime_s
cluster_skew_hard,0,cells,post_none_off,post,none,off,5,50,50,0.5,6,12,0.0,2.0,4,2,3600,2.668821669166753,0.8287878787878787,0.6545454545454545,9.166314639197163,0.6352272727272728,1.2869321491842993,0.8879286999402495,0,0.19
cluster_skew_hard,0,cells,pre_none_off,pre,none,off,5,50,50,0.5,6,12,0.0,2.0,4,2,3600,8.285424010463572,1.0,1.0,1.241091966881463,1.0,0.018079003444411865,0.13949572907122626,0,0.194
cluster_skew_hard,0,cells,pre_mass_off,pre,mass,off,5,50,50,0.5,6,12,0.0,2.0,4,2,3600,8.337920245213796,1.0,1.0,1.2683141922144288,1.0,0.018243635173306433,0.14160348624392916,0,0.197
cluster_skew_hard,0,cells,post_footprint_on,post,footprint,on,5,50,50,0.5,6,12,0.0,2.0,4,2,3600,6.325410860931302,1.0,1.0,3.5313473182813175,1.0,0.1067703330738966,0.3264756167764611,0,0.459
cluster_skew_hard,1,cells,post_none_off,post,none,off,5,50,50,0.5,6,12,0.0,2.0,4,2,3600,1.4878794162671771,0.9821969696969698,0.9136363636363637,9.18323110003456,0.7541666666666667,4.148203392519283,0.8431015855962618,0,0.206
cluster_skew_hard,1,cells,pre_none_off,pre,none,off,5,50,50,0.5,6,12,0.0,2.0,4,2,3600,8.209936025775631,1.0,1.0,1.2496808998309015,1.0,0.018540420770627144,0.13923013428256553,0,0.206
cluster_skew_hard,1,cells,pre_mass_off,pre,mass,off,5,50,50,0.5,6,12,0.0,2.0,4,2,3600,8.286033154839815,1.0,1.0,1.2976781756323486,1.0,0.018900516277481516,0.14279968930832826,0,0.219
cluster_skew_hard,1,cells,post_footprint_on,post,footprint,on,5,50,50,0.5,6,12,0.0,2.0,4,2,3600,6.5282953150316265,1.0,1.0,1.7354428744025499,1.0,0.042890050929321875,0.21601326157967077,0,0.453
cluster_skew_hard,2,cells,post_none_off,post,none,off,5,50,50,0.5,6,12,0.0,2.0,4,2,3600,0.9853599909500675,0.977651515151515,0.9136363636363637,7.8843513425176575,0.9776515151515152,8.120375649496046,0.8035434969920674,0,0.203
cluster_skew_hard,2,cells,pre_none_off,pre,none,off,5,50,50,0.5,6,12,0.0,2.0,4,2,3600,8.382048828440244,1.0,1.0,1.3100831408112334,1.0,0.018646549782021793,0.14491814953107574,0,0.185
cluster_skew_hard,2,cells,pre_mass_off,pre,mass,off,5,50,50,0.5,6,12,0.0,2.0,4,2,3600,8.46171549907215,1.0,1.0,1.3654909604012002,1.0,0.019070935212460206,0.1490237756463101,0,0.211
cluster_skew_hard,2,cells,post_footprint_on,post,footprint,on,5,50,50,0.5,6,12,0.0,2.0,4,2,3600,7.2331866187855045,1.0,1.0,1.6409619443878833,1.0,0.03474818376036842,0.20477698268074937,0,0.469
cluster_skew_hard,3,cells,post_none_off,post,none,off,5,50,50,0.5,6,12,0.0,2.0,4,2,3600,0.39637117652269416,0.8382575757575755,0.7,8.544160391601952,0.6439393939393939,54.38326288838138,0.8398326294235734,0,0.193
cluster_skew_hard,3,cells,pre_none_off,pre,none,off,5,50,50,0.5,6,12,0.0,2.0,4,2,3600,8.42418087304915,1.0,1.0,1.3425804190123274,1.0,0.018918423497531825,0.14597664901209279,0,0.208
cluster_skew_hard,3,cells,pre_mass_off,pre,mass,off,5,50,50,0.5,6,12,0.0,2.0,4,2,3600,8.476232956038972,1.0,1.0,1.3913320194969176,1.0,0.019365334886766672,0.14953559906581507,0,0.199
cluster_skew_hard,3,cells,post_footprint_on,post,footprint,on,5,50,50,0.5,6,12,0.0,2.0,4,2,3600,7.845303496729114,1.0,1.0,1.7003802533087256,1.0,0.01806416642433569,0.19966984357022788,0,0.507
cluster_skew_hard,4,cells,post_none_off,post,none,off,5,50,50,0.5,6,12,0.0,2.0,4,2,3600,1.5945194324247907,0.8897727272727273,0.6636363636363637,6.766232738434747,0.7696969696969697,2.6612599575320357,0.7015919705378665,0,0.203
cluster_skew_hard,4,cells,pre_none_off,pre,none,off,5,50,50,0.5,6,12,0.0,2.0,4,2,3600,8.241614055320513,1.0,1.0,1.2975044492342291,1.0,0.01910224053437885,0.14312469853962553,0,0.202
cluster_skew_hard,4,cells,pre_mass_off,pre,mass,off,5,50,50,0.5,6,12,0.0,2.0,4,2,3600,8.349606992776604,1.0,1.0,1.3315561356173014,1.0,0.019099738082574237,0.14558006814678415,0,0.2
cluster_skew_hard,4,cells,post_footprint_on,post,footprint,on,5,50,50,0.5,6,12,0.0,2.0,4,2,3600,7.472363566971592,1.0,1.0,1.7303602892400625,1.0,0.03458722558838829,0.20508520168330477,0,0.482
cluster_skew_hard,5,cells,post_none_off,post,none,off,5,50,50,0.5,6,12,0.0,2.0,4,2,3600,0.7988125296089886,0.9912878787878788,0.9590909090909091,8.75420729726123,0.9912878787878788,13.719146375411192,0.8409662545559967,0,0.205
cluster_skew_hard,5,cells,pre_none_off,pre,none,off,5,50,50,0.5,6,12,0.0,2.0,4,2,3600,8.24660423954806,1.0,1.0,1.2712047152130521,1.0,0.01869240530429647,0.1410079140809438,0,0.206
cluster_skew_hard,5,cells,pre_mass_off,pre,mass,off,5,50,50,0.5,6,12,0.0,2.0,4,2,3600,8.37067502905783,1.0,1.0,1.3198165848412817,1.0,0.018836170709593727,0.14486104615858683,0,0.2
cluster_skew_hard,5,cells,post_footprint_on,post,footprint,on,5,50,50,0.5,6,12,0.0,2.0,4,2,3600,7.224299134451537,1.0,1.0,1.5343024015890634,1.0,0.03952533180801644,0.19515251537328948,0,0.484
cluster_skew_hard,6,cells,post_none_off,post,none,off,5,50,50,0.5,6,12,0.0,2.0,4,2,3600,0.9108770765748329,0.9545454545454546,0.8863636363636364,9.169716336664157,0.7473484848484848,11.051884964289812,0.7987710278397532,0,0.208
cluster_skew_hard,6,cells,pre_none_off,pre,none,off,5,50,50,0.5,6,12,0.0,2.0,4,2,3600,8.357404409335242,1.0,1.0,1.2330566244796586,1.0,0.01765388059918887,0.13792767737773368,0,0.198
cluster_skew_hard,6,cells,pre_mass_off,pre,mass,off,5,50,50,0.5,6,12,0.0,2.0,4,2,3600,8.44971015907754,1.0,1.0,1.2851113353967083,1.0,0.017999362772618557,0.1419064061054529,0,0.21
cluster_skew_hard,6,cells,post_footprint_on,post,footprint,on,5,50,50,0.5,6,12,0.0,2.0,4,2,3600,6.300760607966714,1.0,1.0,1.376413933315107,1.0,0.047815200677230295,0.1801792669704991,0,0.514
cluster_skew_hard,7,cells,post_none_off,post,none,off,5,50,50,0.5,6,12,0.0,2.0,4,2,3600,2.4553240551275617,0.962878787878788,0.8318181818181818,7.9117699255732425,0.9628787878787879,1.312369147829435,0.7247518014830587,0,0.196
cluster_skew_hard,7,cells,pre_none_off,pre,none,off,5,50,50,0.5,6,12,0.0,2.0,4,2,3600,6.398582318839825,1.0,1.0,3.952036595849025,1.0,0.09652802808155832,0.3172239523952726,0,0.205
cluster_skew_hard,7,cells,pre_mass_off,pre,mass,off,5,50,50,0.5,6,12,0.0,2.0,4,2,3600,6.453014713339875,1.0,1.0,3.980964641455081,1.0,0.09560112646349057,0.31954637768721783,0,0.212
cluster_skew_hard,7,cells,post_footprint_on,post,footprint,on,5,50,50,0.5,6,12,0.0,2.0,4,2,3600,4.572055487589416,1.0,1.0,3.900041359330975,1.0,0.2139494037897714,0.3597865278455899,0,0.474
cluster_skew_hard,8,cells,post_none_off,post,none,off,5,50,50,0.5,6,12,0.0,2.0,4,2,3600,1.4162202510170914,0.93219696969697,0.740909090909091,9.455024683979653,0.7424242424242424,4.714124700687998,0.8262766955876785,0,0.196
cluster_skew_hard,8,cells,pre_none_off,pre,none,off,5,50,50,0.5,6,12,0.0,2.0,4,2,3600,7.90904437750389,1.0,1.0,1.2360107637937765,1.0,0.01975942161669439,0.13785914677340205,0,0.204
cluster_skew_hard,8,cells,pre_mass_off,pre,mass,off,5,50,50,0.5,6,12,0.0,2.0,4,2,3600,7.9861331429601,1.0,1.0,1.2624080661107298,1.0,0.01979368561449571,0.1398739137484281,0,0.21
cluster_skew_hard,8,cells,post_footprint_on,post,footprint,on,5,50,50,0.5,6,12,0.0,2.0,4,2,3600,4.807941428893577,0.9996212121212121,0.9954545454545455,3.3712872076820175,0.9996212121212121,0.18673797669648368,0.35835497417196505,0,0.475
cluster_skew_hard,9,cells,post_none_off,post,none,off,5,50,50,0.5,6,12,0.0,2.0,4,2,3600,2.5601599946264075,0.8700757575757575,0.6409090909090909,8.324843498295404,0.675,1.2701115456159797,0.8180849285278761,0,0.209
cluster_skew_hard,9,cells,pre_none_off,pre,none,off,5,50,50,0.5,6,12,0.0,2.0,4,2,3600,8.087905876978818,1.0,1.0,1.3289786307988696,1.0,0.02031635630349052,0.14697148896067982,0,0.204
cluster_skew_hard,9,cells,pre_mass_off,pre,mass,off,5,50,50,0.5,6,12,0.0,2.0,4,2,3600,8.122197312719724,1.0,1.0,1.3709091778599327,1.0,0.020780768902389887,0.14991914901172587,0,0.22
cluster_skew_hard,9,cells,post_footprint_on,post,footprint,on,5,50,50,0.5,6,12,0.0,2.0,4,2,3600,6.27030235043874,1.0,1.0,1.6318955399523243,1.0,0.039878968795118666,0.19701315362347263,0,0.467
cluster_skew_overlap,0,cells,post_none_off,post,none,off,5,50,50,0.5,6,12,0.0,2.0,4,2,3600,2.223544876050846,0.7916666666666665,0.7136363636363636,2.969366455389358,0.7916666666666666,0.6005815690960337,0.7301185489127098,0,0.208
cluster_skew_overlap,0,cells,pre_none_off,pre,none,off,5,50,50,0.5,6,12,0.0,2.0,4,2,3600,4.51662841252675,0.8602272727272727,0.7863636363636364,2.2370382728636597,0.8602272727272727,0.10965910323057695,0.5485004288801111,0,0.208
cluster_skew_overlap,0,cells,pre_mass_off,pre,mass,off,5,50,50,0.5,6,12,0.0,2.0,4,2,3600,5.138175567780923,0.8666666666666666,0.7909090909090909,2.3918862240275622,0.8666666666666667,0.09059884019815866,0.5464880151288737,0,0.214
cluster_skew_overlap,0,cells,post_footprint_on,post,footprint,on,5,50,50,0.5,6,12,0.0,2.0,4,2,3600,4.593508868498425,0.771969696969697,0.6409090909090909,2.349244315871569,0.771969696969697,0.11075876491716488,0.5991632139009114,0,0.492
cluster_skew_overlap,1,cells,post_none_off,post,none,off,5,50,50,0.5,6,12,0.0,2.0,4,2,3600,2.0892636791817445,0.7662878787878787,0.5272727272727272,2.648239059540704,0.7651515151515151,0.6066953664892252,0.7111741582495777,0,0.209
cluster_skew_overlap,1,cells,pre_none_off,pre,none,off,5,50,50,0.5,6,12,0.0,2.0,4,2,3600,4.069081755965034,0.8443181818181817,0.7454545454545455,2.1805750357119256,0.8443181818181819,0.1316977041821409,0.5396987528174404,0,0.209
cluster_skew_overlap,1,cells,pre_mass_off,pre,mass,off,5,50,50,0.5,6,12,0.0,2.0,4,2,3600,4.6467993262806395,0.8609848484848485,0.8045454545454546,2.355911937636582,0.8609848484848485,0.10910664897236458,0.5382759346363495,0,0.207
cluster_skew_overlap,1,cells,post_footprint_on,post,footprint,on,5,50,50,0.5,6,12,0.0,2.0,4,2,3600,3.8257637934788735,0.7829545454545456,0.6454545454545455,2.199221161616382,0.7829545454545455,0.1509863824403051,0.5715414923284352,0,0.494
cluster_skew_overlap,2,cells,post_none_off,post,none,off,5,50,50,0.5,6,12,0.0,2.0,4,2,3600,1.0414253836164165,0.8375,0.7136363636363636,2.8971779064797567,0.8375,2.671276520082966,0.7769009066740368,0,0.212
cluster_skew_overlap,2,cells,pre_none_off,pre,none,off,5,50,50,0.5,6,12,0.0,2.0,4,2,3600,4.429046343036076,0.853030303030303,0.7636363636363637,2.2876910981190686,0.853030303030303,0.11662104622221424,0.5504320961022864,0,0.201
cluster_skew_overlap,2,cells,pre_mass_off,pre,mass,off,5,50,50,0.5,6,12,0.0,2.0,4,2,3600,5.176094382495907,0.8541666666666666,0.759090909090909,2.5442143096331185,0.8541666666666666,0.09496188293056623,0.5556849207181443,0,0.207
cluster_skew_overlap,2,cells,post_footprint_on,post,footprint,on,5,50,50,0.5,6,12,0.0,2.0,4,2,3600,4.616914157523917,0.771969696969697,0.5681818181818182,2.3568066208453184,0.771969696969697,0.10651659224097076,0.5946146028989313,0,0.508
cluster_skew_overlap,3,cells,post_none_off,post,none,off,5,50,50,0.5,6,12,0.0,2.0,4,2,3600,1.1934481077735315,0.7234848484848485,0.5545454545454546,2.794050229109715,0.5954545454545455,1.9616753225084644,0.7493648024755163,0,0.21
cluster_skew_overlap,3,cells,pre_none_off,pre,none,off,5,50,50,0.5,6,12,0.0,2.0,4,2,3600,4.961051995683637,0.8515151515151516,0.7909090909090909,2.2745733149237117,0.8515151515151516,0.09241710971778395,0.5377650987834041,0,0.203
cluster_skew_overlap,3,cells,pre_mass_off,pre,mass,off,5,50,50,0.5,6,12,0.0,2.0,4,2,3600,5.609431903831579,0.8515151515151516,0.8136363636363636,2.5943824064742143,0.8515151515151516,0.08245105748015812,0.5525318814220497,0,0.207
cluster_skew_overlap,3,cells,post_footprint_on,post,footprint,on,5,50,50,0.5,6,12,0.0,2.0,4,2,3600,5.230791142576534,0.7909090909090909,0.7136363636363636,2.4456799610263302,0.7909090909090909,0.08512876620837631,0.5863677789861389,0,0.511
cluster_skew_overlap,4,cells,post_none_off,post,none,off,5,50,50,0.5,6,12,0.0,2.0,4,2,3600,1.1909855220655112,0.7571969696969697,0.6590909090909091,2.810580523464874,0.7571969696969697,1.9814497735240546,0.7480119344394742,0,0.204
cluster_skew_overlap,4,cells,pre_none_off,pre,none,off,5,50,50,0.5,6,12,0.0,2.0,4,2,3600,4.820704631527207,0.8518939393939392,0.7545454545454545,2.320693337257337,0.8518939393939394,0.09986118376978925,0.5571498905613774,0,0.206
cluster_skew_overlap,4,cells,pre_mass_off,pre,mass,off,5,50,50,0.5,6,12,0.0,2.0,4,2,3600,5.18248924887793,0.8571969696969696,0.7454545454545455,2.489459185078295,0.8571969696969697,0.0926889987301936,0.5504684073455127,0,0.207
cluster_skew_overlap,4,cells,post_footprint_on,post,footprint,on,5,50,50,0.5,6,12,0.0,2.0,4,2,3600,4.564919317278869,0.7742424242424243,0.6863636363636364,2.3618352390098947,0.7742424242424243,0.11550359089015458,0.5944078713960709,0,0.511
cluster_skew_overlap,5,cells,post_none_off,post,none,off,5,50,50,0.5,6,12,0.0,2.0,4,2,3600,1.890773351388936,0.6583333333333333,0.5727272727272728,2.8622661112727763,0.6583333333333333,0.8006285323675473,0.7449316670369514,0,0.202
cluster_skew_overlap,5,cells,pre_none_off,pre,none,off,5,50,50,0.5,6,12,0.0,2.0,4,2,3600,4.24550547562847,0.846969696969697,0.7090909090909091,2.2606660786604915,0.8469696969696969,0.1254231220422981,0.5456208558101517,0,0.228
cluster_skew_overlap,5,cells,pre_mass_off,pre,mass,off,5,50,50,0.5,6,12,0.0,2.0,4,2,3600,4.729712759427779,0.8469696969696968,0.6772727272727272,2.4602751747682627,0.8469696969696969,0.10998011049921617,0.5490197026088222,0,0.206
cluster_skew_overlap,5,cells,post_footprint_on,post,footprint,on,5,50,50,0.5,6,12,0.0,2.0,4,2,3600,4.409520363876808,0.7674242424242425,0.5545454545454546,2.349794606384646,0.7674242424242425,0.11649641292060209,0.5941476734142538,0,0.544
cluster_skew_overlap,6,cells,post_none_off,post,none,off,5,50,50,0.5,6,12,0.0,2.0,4,2,3600,1.1370570167033387,0.7806818181818181,0.6181818181818182,3.07858908441195,0.6261363636363636,2.3811526622165466,0.8219442737409837,0,0.203
cluster_skew_overlap,6,cells,pre_none_off,pre,none,off,5,50,50,0.5,6,12,0.0,2.0,4,2,3600,4.014008353538724,0.8553030303030301,0.7272727272727273,2.2451989781853867,0.8553030303030303,0.13934721457234336,0.5441092242282661,0,0.204
cluster_skew_overlap,6,cells,pre_mass_off,pre,mass,off,5,50,50,0.5,6,12,0.0,2.0,4,2,3600,4.796665395269719,0.8738636363636362,0.7863636363636364,2.439471597894912,0.8738636363636364,0.10602710852840222,0.5421783414575325,0,0.216
cluster_skew_overlap,6,cells,post_footprint_on,post,footprint,on,5,50,50,0.5,6,12,0.0,2.0,4,2,3600,3.6414724319994183,0.787878787878788,0.5772727272727273,2.1386682694097305,0.7878787878787878,0.1689379081044766,0.5665309613142553,0,0.539
cluster_skew_overlap,7,cells,post_none_off,post,none,off,5,50,50,0.5,6,12,0.0,2.0,4,2,3600,2.167968505518664,0.5946969696969697,0.4727272727272727,2.793683351186632,0.5003787878787879,0.5943896547250832,0.7555818136580323,0,0.203
cluster_skew_overlap,7,cells,pre_none_off,pre,none,off,5,50,50,0.5,6,12,0.0,2.0,4,2,3600,3.9063258895882416,0.8246212121212122,0.740909090909091,2.324701175245722,0.8246212121212121,0.15234569669988,0.5695250532144954,0,0.204
cluster_skew_overlap,7,cells,pre_mass_off,pre,mass,off,5,50,50,0.5,6,12,0.0,2.0,4,2,3600,4.228035900724309,0.8242424242424242,0.7318181818181818,2.36990357397247,0.8242424242424242,0.13257246862115674,0.5630415206520507,0,0.216
cluster_skew_overlap,7,cells,post_footprint_on,post,footprint,on,5,50,50,0.5,6,12,0.0,2.0,4,2,3600,3.905009438070818,0.7784090909090909,0.5772727272727273,2.194177524996472,0.7784090909090909,0.15262263185045882,0.584282527371136,0,0.511
cluster_skew_overlap,8,cells,post_none_off,post,none,off,5,50,50,0.5,6,12,0.0,2.0,4,2,3600,1.816104095894099,0.743560606060606,0.5181818181818182,3.0179508206622243,0.743560606060606,0.9150202020058686,0.7707321624926082,0,0.232
cluster_skew_overlap,8,cells,pre_none_off,pre,none,off,5,50,50,0.5,6,12,0.0,2.0,4,2,3600,3.4997230879406436,0.8481060606060606,0.7363636363636363,2.2580614643964307,0.8481060606060606,0.18436071936366052,0.5540902494870379,0,0.223
cluster_skew_overlap,8,cells,pre_mass_off,pre,mass,off,5,50,50,0.5,6,12,0.0,2.0,4,2,3600,3.4774659657329536,0.8488636363636363,0.7136363636363636,2.463940402729597,0.8488636363636364,0.20375319268283737,0.5602472386024536,0,0.219
cluster_skew_overlap,8,cells,post_footprint_on,post,footprint,on,5,50,50,0.5,6,12,0.0,2.0,4,2,3600,3.550387985679614,0.7768939393939395,0.6045454545454545,2.1740971212217386,0.7768939393939394,0.17793396941300424,0.5844396552248834,0,0.506
cluster_skew_overlap,9,cells,post_none_off,post,none,off,5,50,50,0.5,6,12,0.0,2.0,4,2,3600,2.775158531835042,0.8223484848484849,0.7181818181818181,2.550661270007089,0.8223484848484849,0.3311899831012409,0.6785215828106828,0,0.205
cluster_skew_overlap,9,cells,pre_none_off,pre,none,off,5,50,50,0.5,6,12,0.0,2.0,4,2,3600,4.337626050564992,0.8428030303030303,0.7545454545454545,2.2946427675278813,0.8428030303030303,0.12195816090692134,0.5460035992074974,0,0.215
cluster_skew_overlap,9,cells,pre_mass_off,pre,mass,off,5,50,50,0.5,6,12,0.0,2.0,4,2,3600,4.850910833793348,0.8439393939393939,0.7636363636363637,2.549890829454858,0.843939393939394,0.10836149882879731,0.5521312205955275,0,0.222
cluster_skew_overlap,9,cells,post_footprint_on,post,footprint,on,5,50,50,0.5,6,12,0.0,2.0,4,2,3600,4.552918032643452,0.7856060606060606,0.6545454545454545,2.4176004452625217,0.7856060606060606,0.11265162592977146,0.5841416861892585,0,0.49
dirichlet_0.03,0,cells,post_none_off,post,none,off,5,50,50,0.5,6,12,0.0,2.0,4,2,3600,0.3532386155982794,0.9731060606060605,0.85,9.376026163959814,0.7159090909090909,75.14195023101556,0.9304783152711661,0,0.217
dirichlet_0.03,0,cells,pre_none_off,pre,none,off,5,50,50,0.5,6,12,0.0,2.0,4,2,3600,3.7864896587801433,1.0,1.0,2.0719441117641337,1.0,0.1445121913134837,0.22619410783461147,0,0.224
dirichlet_0.03,0,cells,pre_mass_off,pre,mass,off,5,50,50,0.5,6,12,0.0,2.0,4,2,3600,1.3552328621716552,0.8636363636363638,0.5045454545454545,3.5903144467560195,0.7178030303030303,1.9548103892830269,0.3249620584984144,0,0.206
dirichlet_0.03,0,cells,post_footprint_on,post,footprint,on,5,50,50,0.5,6,12,0.0,2.0,4,2,3600,6.610542995964574,0.984469696969697,0.8136363636363636,1.925497405784507,0.984469696969697,0.03129427517097399,0.23321344067146257,0,0.48
dirichlet_0.03,1,cells,post_none_off,post,none,off,5,50,50,0.5,6,12,0.0,2.0,4,2,3600,0.1842402468501259,0.9018939393939394,0.7318181818181818,9.757741905291962,0.7787878787878788,287.46191410297274,0.9821056648440953,0,0.221
dirichlet_0.03,1,cells,pre_none_off,pre,none,off,5,50,50,0.5,6,12,0.0,2.0,4,2,3600,1.26900744432497,0.9390151515151515,0.6409090909090909,4.6979961328940485,0.9390151515151515,2.9173216525621775,0.40833551926223155,0,0.205
dirichlet_0.03,1,cells,pre_mass_off,pre,mass,off,5,50,50,0.5,6,12,0.0,2.0,4,2,3600,1.4160729946187192,0.9988636363636364,0.990909090909091,4.061868892465929,0.9988636363636364,2.025604345815188,0.37832314372351933,0,0.206
dirichlet_0.03,1,cells,post_footprint_on,post,footprint,on,5,50,50,0.5,6,12,0.0,2.0,4,2,3600,1.5533984196010935,0.984090909090909,0.8454545454545455,2.7522405540057697,0.9840909090909091,2.267672411321115,0.41798639787027414,0,0.495
dirichlet_0.03,2,cells,post_none_off,post,none,off,5,50,50,0.5,6,12,0.0,2.0,4,2,3600,0.06652792367337156,0.8098484848484849,0.5545454545454546,7.625797720230574,0.8098484848484848,1722.9685188823876,0.9595009110277655,0,0.234
dirichlet_0.03,2,cells,pre_none_off,pre,none,off,5,50,50,0.5,6,12,0.0,2.0,4,2,3600,8.543878160595673,1.0,1.0,1.3886475924866957,1.0,0.019023128981945022,0.16100667005994446,0,0.205
dirichlet_0.03,2,cells,pre_mass_off,pre,mass,off,5,50,50,0.5,6,12,0.0,2.0,4,2,3600,8.581471110112162,1.0,1.0,1.3989662430930527,1.0,0.01899694413721026,0.16188350436301951,0,0.208
dirichlet_0.03,2,cells,post_footprint_on,post,footprint,on,5,50,50,0.5,6,12,0.0,2.0,4,2,3600,5.707759573530846,1.0,1.0,1.6681940237758532,1.0,0.06443724736300101,0.23079882085550882,0,0.489
dirichlet_0.03,3,cells,post_none_off,post,none,off,5,50,50,0.5,6,12,0.0,2.0,4,2,3600,0.40244843042020473,0.9556818181818182,0.7181818181818181,9.906033208933763,0.881439393939394,61.16166556413875,0.9562562911283844,0,0.204
dirichlet_0.03,3,cells,pre_none_off,pre,none,off,5,50,50,0.5,6,12,0.0,2.0,4,2,3600,6.704584224621385,1.0,1.0,1.634483619786809,1.0,0.03636108809439277,0.17878130662195604,0,0.204
dirichlet_0.03,3,cells,pre_mass_off,pre,mass,off,5,50,50,0.5,6,12,0.0,2.0,4,2,3600,7.067364918930417,1.0,1.0,1.679331257991529,1.0,0.03362182930145915,0.1821607492954435,0,0.211
dirichlet_0.03,3,cells,post_footprint_on,post,footprint,on,5,50,50,0.5,6,12,0.0,2.0,4,2,3600,4.330408586727285,0.9765151515151516,0.7181818181818181,1.7740714274098843,0.9765151515151516,0.13150207283889737,0.2551571398779683,0,0.493
dirichlet_0.03,4,cells,post_none_off,post,none,off,5,50,50,0.5,6,12,0.0,2.0,4,2,3600,0.09155806555159499,0.8916666666666666,0.7,9.059321838832728,0.7208333333333333,1080.693332400923,0.9918459639733558,0,0.205
dirichlet_0.03,4,cells,pre_none_off,pre,none,off,5,50,50,0.5,6,12,0.0,2.0,4,2,3600,1.2849946663295597,0.8787878787878788,0.5136363636363637,2.9740080806060303,0.8689393939393939,1.8011069171598977,0.2613942351758972,0,0.23
dirichlet_0.03,4,cells,pre_mass_off,pre,mass,off,5,50,50,0.5,6,12,0.0,2.0,4,2,3600,1.6684969092797177,0.8837121212121213,0.5181818181818182,3.0551045905731504,0.8837121212121212,1.0974260620620993,0.25144693418125236,0,0.217
dirichlet_0.03,4,cells,post_footprint_on,post,footprint,on,5,50,50,0.5,6,12,0.0,2.0,4,2,3600,4.133503614917276,0.9916666666666667,0.9727272727272728,2.3894780285084294,0.9916666666666667,0.1518258053690384,0.3270982671472823,0,0.515
dirichlet_0.03,5,cells,post_none_off,post,none,off,5,50,50,0.5,6,12,0.0,2.0,4,2,3600,0.9611183000185775,0.9162878787878789,0.7090909090909091,10.733920676288514,0.8666666666666667,11.61996148695946,0.9517106571006818,0,0.206
dirichlet_0.03,5,cells,pre_none_off,pre,none,off,5,50,50,0.5,6,12,0.0,2.0,4,2,3600,1.3541306565903146,0.8723484848484847,0.5272727272727272,2.2253492120419978,0.818939393939394,1.2136040902364171,0.2636108872122614,0,0.21
dirichlet_0.03,5,cells,pre_mass_off,pre,mass,off,5,50,50,0.5,6,12,0.0,2.0,4,2,3600,0.9881979856937307,0.8674242424242423,0.5,2.286184572655191,0.8204545454545454,2.34111830755828,0.26820718153877054,0,0.21
dirichlet_0.03,5,cells,post_footprint_on,post,footprint,on,5,50,50,0.5,6,12,0.0,2.0,4,2,3600,6.433283471652199,1.0,1.0,1.518221438257757,1.0,0.03926420651836218,0.2104008328368651,0,0.516
dirichlet_0.03,6,cells,post_none_off,post,none,off,5,50,50,0.5,6,12,0.0,2.0,4,2,3600,0.7895395193465113,0.9897727272727272,0.9454545454545454,10.573676606632338,0.9,16.962047600841565,0.9394617501583624,0,0.235
dirichlet_0.03,6,cells,pre_none_off,pre,none,off,5,50,50,0.5,6,12,0.0,2.0,4,2,3600,8.427764119773718,1.0,1.0,1.2905597743333943,1.0,0.018169935291129993,0.14513304027398133,0,0.211
dirichlet_0.03,6,cells,pre_mass_off,pre,mass,off,5,50,50,0.5,6,12,0.0,2.0,4,2,3600,8.453110756923152,1.0,1.0,1.3074583544717207,1.0,0.0182976259713933,0.14673542336131865,0,0.217
dirichlet_0.03,6,cells,post_footprint_on,post,footprint,on,5,50,50,0.5,6,12,0.0,2.0,4,2,3600,7.653763706572483,1.0,1.0,1.49640402181665,1.0,0.01918475148270567,0.1852599421925583,0,0.496
dirichlet_0.03,7,cells,post_none_off,post,none,off,5,50,50,0.5,6,12,0.0,2.0,4,2,3600,0.31600580192137595,0.9390151515151516,0.6727272727272727,8.48721314288007,0.8022727272727272,84.99140254294214,0.829566680990982,0,0.201
dirichlet_0.03,7,cells,pre_none_off,pre,none,off,5,50,50,0.5,6,12,0.0,2.0,4,2,3600,7.801928776242595,1.0,1.0,1.7628934945915957,1.0,0.02896157075560989,0.18447426314365947,0,0.213
dirichlet_0.03,7,cells,pre_mass_off,pre,mass,off,5,50,50,0.5,6,12,0.0,2.0,4,2,3600,7.976462218439998,1.0,1.0,1.6899410600686027,1.0,0.02656139822754826,0.17798033793106005,0,0.224
dirichlet_0.03,7,cells,post_footprint_on,post,footprint,on,5,50,50,0.5,6,12,0.0,2.0,4,2,3600,7.177013390238665,1.0,1.0,1.6964210009782492,1.0,0.042393944505645174,0.20227783607978875,0,0.477
dirichlet_0.03,8,cells,post_none_off,post,none,off,5,50,50,0.5,6,12,0.0,2.0,4,2,3600,0.3323542690403953,0.7886363636363637,0.5863636363636363,10.187167764019781,0.6757575757575758,92.22548229723182,0.9630661076795821,0,0.205
dirichlet_0.03,8,cells,pre_none_off,pre,none,off,5,50,50,0.5,6,12,0.0,2.0,4,2,3600,5.7354176784755575,1.0,1.0,2.769696617698469,1.0,0.0841980627763542,0.26180707331414593,0,0.209
dirichlet_0.03,8,cells,pre_mass_off,pre,mass,off,5,50,50,0.5,6,12,0.0,2.0,4,2,3600,6.429212583754018,1.0,1.0,2.236582130676571,1.0,0.05410897145547221,0.2243983741103356,0,0.223
dirichlet_0.03,8,cells,post_footprint_on,post,footprint,on,5,50,50,0.5,6,12,0.0,2.0,4,2,3600,3.720765267566437,0.9522727272727273,0.8045454545454546,3.857350552795024,0.8303030303030303,0.34028444668947827,0.45191446995459517,0,0.482
dirichlet_0.03,9,cells,post_none_off,post,none,off,5,50,50,0.5,6,12,0.0,2.0,4,2,3600,1.6595573579597482,0.9946969696969697,0.9727272727272728,10.62876710470872,0.8450757575757576,3.8592095126878827,0.9051405625176591,0,0.209
dirichlet_0.03,9,cells,pre_none_off,pre,none,off,5,50,50,0.5,6,12,0.0,2.0,4,2,3600,7.97571908614112,1.0,1.0,1.348948652483802,1.0,0.021205851713171672,0.1506528049571049,0,0.218
dirichlet_0.03,9,cells,pre_mass_off,pre,mass,off,5,50,50,0.5,6,12,0.0,2.0,4,2,3600,8.088340105645948,1.0,1.0,1.3797187164513078,1.0,0.021089765296197514,0.15243339037256992,0,0.211
dirichlet_0.03,9,cells,post_footprint_on,post,footprint,on,5,50,50,0.5,6,12,0.0,2.0,4,2,3600,5.665373372145677,1.0,1.0,1.7959076353114156,1.0,0.06921087050255431,0.23387784992641833,0,0.468
dirichlet_0.1,0,cells,post_none_off,post,none,off,5,50,50,0.5,6,12,0.0,2.0,4,2,3600,0.4963628456483004,0.9689393939393941,0.8363636363636363,6.899760694871185,0.7803030303030303,28.00499483462948,0.752322780106147,0,0.218
dirichlet_0.1,0,cells,pre_none_off,pre,none,off,5,50,50,0.5,6,12,0.0,2.0,4,2,3600,8.372801463210028,1.0,1.0,1.272660292623491,1.0,0.018153940496707096,0.1434223216440296,0,0.208
dirichlet_0.1,0,cells,pre_mass_off,pre,mass,off,5,50,50,0.5,6,12,0.0,2.0,4,2,3600,8.422183864404847,1.0,1.0,1.3008456856189006,1.0,0.018339029301085684,0.14563009667630522,0,0.209
dirichlet_0.1,0,cells,post_footprint_on,post,footprint,on,5,50,50,0.5,6,12,0.0,2.0,4,2,3600,7.458145600086832,1.0,1.0,1.348528482206487,1.0,0.019607899875346207,0.1660287466879224,0,0.477
dirichlet_0.1,1,cells,post_none_off,post,none,off,5,50,50,0.5,6,12,0.0,2.0,4,2,3600,4.613802569899903,1.0,1.0,5.78222772178302,1.0,0.2716296526701004,0.5590557489784399,0,0.214
dirichlet_0.1,1,cells,pre_none_off,pre,none,off,5,50,50,0.5,6,12,0.0,2.0,4,2,3600,7.616353147759248,1.0,1.0,1.1158908476772322,1.0,0.01923656702391576,0.13115465780623786,0,0.207
dirichlet_0.1,1,cells,pre_mass_off,pre,mass,off,5,50,50,0.5,6,12,0.0,2.0,4,2,3600,7.741831024101396,1.0,1.0,1.1364753798641387,1.0,0.01896149848735054,0.13264107901191197,0,0.206
dirichlet_0.1,1,cells,post_footprint_on,post,footprint,on,5,50,50,0.5,6,12,0.0,2.0,4,2,3600,6.922509396978027,1.0,1.0,1.2379936529434454,1.0,0.024547325564420512,0.15746524748621132,0,0.467
dirichlet_0.1,2,cells,post_none_off,post,none,off,5,50,50,0.5,6,12,0.0,2.0,4,2,3600,0.8402267711412283,0.9522727272727273,0.759090909090909,6.674260387777113,0.9522727272727273,9.45388067535351,0.6831175305736624,0,0.211
dirichlet_0.1,2,cells,pre_none_off,pre,none,off,5,50,50,0.5,6,12,0.0,2.0,4,2,3600,1.2032941559227832,0.7916666666666666,0.5181818181818182,4.09466992991422,0.6659090909090909,2.8279731662052283,0.36448776017499956,0,0.205
dirichlet_0.1,2,cells,pre_mass_off,pre,mass,off,5,50,50,0.5,6,12,0.0,2.0,4,2,3600,7.928618768702507,1.0,1.0,1.243609849821008,1.0,0.019782860144642974,0.13655478881180572,0,0.212
dirichlet_0.1,2,cells,post_footprint_on,post,footprint,on,5,50,50,0.5,6,12,0.0,2.0,4,2,3600,1.8548302171262359,0.9575757575757575,0.85,1.9046057802296303,0.9575757575757575,0.8792235358432587,0.28130091201379254,0,0.478
dirichlet_0.1,3,cells,post_none_off,post,none,off,5,50,50,0.5,6,12,0.0,2.0,4,2,3600,1.9463038371420303,0.9329545454545455,0.4909090909090909,6.674694454801498,0.8151515151515152,1.7620170731971516,0.6907676697833431,0,0.219
dirichlet_0.1,3,cells,pre_none_off,pre,none,off,5,50,50,0.5,6,12,0.0,2.0,4,2,3600,8.40014563154787,1.0,1.0,1.2534326139534662,1.0,0.01776345171964346,0.14068574455404617,0,0.205
dirichlet_0.1,3,cells,pre_mass_off,pre,mass,off,5,50,50,0.5,6,12,0.0,2.0,4,2,3600,8.468148438114856,1.0,1.0,1.2697649608376664,1.0,0.017707058179203653,0.14202387678822556,0,0.206
dirichlet_0.1,3,cells,post_footprint_on,post,footprint,on,5,50,50,0.5,6,12,0.0,2.0,4,2,3600,7.369991961838584,1.0,1.0,1.621157409607205,1.0,0.033624420881586056,0.193919914212,0,0.461
dirichlet_0.1,4,cells,post_none_off,post,none,off,5,50,50,0.5,6,12,0.0,2.0,4,2,3600,1.4172018080649362,0.9863636363636363,0.9727272727272728,4.851590419486251,0.9511363636363637,2.415576157344725,0.5824964179468946,0,0.202
dirichlet_0.1,4,cells,pre_none_off,pre,none,off,5,50,50,0.5,6,12,0.0,2.0,4,2,3600,1.1612876583604963,0.7780303030303032,0.55,1.5357652429631834,0.7621212121212121,1.138794112935093,0.2768067050792023,0,0.2
dirichlet_0.1,4,cells,pre_mass_off,pre,mass,off,5,50,50,0.5,6,12,0.0,2.0,4,2,3600,1.1430193511104256,0.7776515151515153,0.5363636363636364,1.5459215319036304,0.7640151515151515,1.1832602635113127,0.2759623096357384,0,0.209
dirichlet_0.1,4,cells,post_footprint_on,post,footprint,on,5,50,50,0.5,6,12,0.0,2.0,4,2,3600,1.0494322825364493,0.7795454545454544,0.5545454545454546,1.5049377171186071,0.7609848484848485,1.3395305807473903,0.27926770980068555,0,0.465
dirichlet_0.1,5,cells,post_none_off,post,none,off,5,50,50,0.5,6,12,0.0,2.0,4,2,3600,0.8095796338767759,0.9787878787878787,0.8681818181818182,8.202389101275601,0.740909090909091,12.514722343603212,0.8042018953594523,0,0.213
dirichlet_0.1,5,cells,pre_none_off,pre,none,off,5,50,50,0.5,6,12,0.0,2.0,4,2,3600,7.703080059018259,1.0,1.0,2.0772254257570184,1.0,0.0350069929186817,0.19985126176272558,0,0.212
dirichlet_0.1,5,cells,pre_mass_off,pre,mass,off,5,50,50,0.5,6,12,0.0,2.0,4,2,3600,8.00677723343949,1.0,1.0,2.065733830044443,1.0,0.03222247316367853,0.19859917534588573,0,0.219
dirichlet_0.1,5,cells,post_footprint_on,post,footprint,on,5,50,50,0.5,6,12,0.0,2.0,4,2,3600,7.089322503605223,1.0,1.0,1.6611815748633079,1.0,0.05170552312783856,0.21163231746458358,0,0.469
dirichlet_0.1,6,cells,post_none_off,post,none,off,5,50,50,0.5,6,12,0.0,2.0,4,2,3600,1.6043907458841478,0.9977272727272727,0.9954545454545455,9.099877285064276,0.9977272727272727,3.535210179858127,0.8055245827148879,0,0.203
dirichlet_0.1,6,cells,pre_none_off,pre,none,off,5,50,50,0.5,6,12,0.0,2.0,4,2,3600,7.763388250891445,1.0,1.0,1.1261840176696698,1.0,0.018685587093141883,0.126668274295649,0,0.203
dirichlet_0.1,6,cells,pre_mass_off,pre,mass,off,5,50,50,0.5,6,12,0.0,2.0,4,2,3600,7.824592261752913,1.0,1.0,1.153079268426649,1.0,0.018833703642728284,0.12844909799662493,0,0.204
dirichlet_0.1,6,cells,post_footprint_on,post,footprint,on,5,50,50,0.5,6,12,0.0,2.0,4,2,3600,7.4936980488654505,1.0,1.0,1.3106416294730983,1.0,0.02110639875291311,0.15440852923518744,0,0.449
dirichlet_0.1,7,cells,post_none_off,post,none,off,5,50,50,0.5,6,12,0.0,2.0,4,2,3600,1.9834214852897198,0.9106060606060606,0.5954545454545455,9.668996513339408,0.8109848484848485,2.4578273738960905,0.8475581716966679,0,0.229
dirichlet_0.1,7,cells,pre_none_off,pre,none,off,5,50,50,0.5,6,12,0.0,2.0,4,2,3600,7.653267770487291,1.0,1.0,1.1854964990612527,1.0,0.020239811275104585,0.1344689189273875,0,0.209
dirichlet_0.1,7,cells,pre_mass_off,pre,mass,off,5,50,50,0.5,6,12,0.0,2.0,4,2,3600,7.7264680315039405,1.0,1.0,1.2006255469320493,1.0,0.02011155059985993,0.1357256554564638,0,0.207
dirichlet_0.1,7,cells,post_footprint_on,post,footprint,on,5,50,50,0.5,6,12,0.0,2.0,4,2,3600,6.266647311923074,1.0,1.0,1.363053968649543,1.0,0.041344302296805704,0.17265150439605456,0,0.444
dirichlet_0.1,8,cells,post_none_off,post,none,off,5,50,50,0.5,6,12,0.0,2.0,4,2,3600,1.8244762218538508,0.8390151515151515,0.5909090909090909,7.952399552056522,0.7147727272727272,2.3890309544567234,0.9083782396695798,0,0.202
dirichlet_0.1,8,cells,pre_none_off,pre,none,off,5,50,50,0.5,6,12,0.0,2.0,4,2,3600,8.424074987123149,1.0,1.0,1.328194724069379,1.0,0.018716183849273826,0.15246792610934085,0,0.199
dirichlet_0.1,8,cells,pre_mass_off,pre,mass,off,5,50,50,0.5,6,12,0.0,2.0,4,2,3600,8.487306180640148,1.0,1.0,1.3530594256388369,1.0,0.018783526488013597,0.1541247415604238,0,0.204
dirichlet_0.1,8,cells,post_footprint_on,post,footprint,on,5,50,50,0.5,6,12,0.0,2.0,4,2,3600,7.266711513205205,1.0,1.0,1.8990023791790516,1.0,0.021665643367062254,0.22146320113180096,0,0.446
dirichlet_0.1,9,cells,post_none_off,post,none,off,5,50,50,0.5,6,12,0.0,2.0,4,2,3600,0.9313530160263299,0.9087121212121211,0.8454545454545455,5.302910824157706,0.809469696969697,6.113440269193867,0.6124598400971712,0,0.204
dirichlet_0.1,9,cells,pre_none_off,pre,none,off,5,50,50,0.5,6,12,0.0,2.0,4,2,3600,7.789030887507476,1.0,1.0,1.2300019166206142,1.0,0.02027397637502055,0.14846139039280792,0,0.205
dirichlet_0.1,9,cells,pre_mass_off,pre,mass,off,5,50,50,0.5,6,12,0.0,2.0,4,2,3600,1.2431284584225022,0.7378787878787879,0.5318181818181819,2.7216073662173677,0.7378787878787879,1.7611382692773783,0.3692059164664044,0,0.205
dirichlet_0.1,9,cells,post_footprint_on,post,footprint,on,5,50,50,0.5,6,12,0.0,2.0,4,2,3600,0.9397332680393035,0.709469696969697,0.5454545454545454,2.6204073962363212,0.6356060606060606,3.5805554833210884,0.3976460825413196,0,0.448
overlap_noise,0,cells,post_none_off,post,none,off,5,50,50,0.5,6,12,0.0,2.0,4,2,3600,2.6452662784036987,0.7306818181818181,0.5818181818181818,2.679796972367903,0.6893939393939394,0.3829685415419804,0.56452873948812,0,0.193
overlap_noise,0,cells,pre_none_off,pre,none,off,5,50,50,0.5,6,12,0.0,2.0,4,2,3600,4.0771482192411845,0.8746212121212121,0.8045454545454546,2.398359088571491,0.8746212121212121,0.14427836344997608,0.49095994844709084,0,0.196
overlap_noise,0,cells,pre_mass_off,pre,mass,off,5,50,50,0.5,6,12,0.0,2.0,4,2,3600,4.457333132142648,0.8924242424242425,0.7772727272727272,2.3771096186835137,0.8924242424242425,0.11964623094524976,0.4697414217116436,0,0.183
overlap_noise,0,cells,post_footprint_on,post,footprint,on,5,50,50,0.5,6,12,0.0,2.0,4,2,3600,4.012902137462238,0.8746212121212121,0.7318181818181818,2.3831175805075677,0.8746212121212121,0.14938476311507934,0.49201091665112184,0,0.483
overlap_noise,1,cells,post_none_off,post,none,off,5,50,50,0.5,6,12,0.0,2.0,4,2,3600,4.170365956962902,0.8840909090909091,0.8272727272727273,2.7438028127743075,0.884090909090909,0.15776278469812252,0.535835986316639,0,0.189
overlap_noise,1,cells,pre_none_off,pre,none,off,5,50,50,0.5,6,12,0.0,2.0,4,2,3600,4.943205652935731,0.903030303030303,0.8818181818181818,2.39439004419456,0.9030303030303031,0.0979890484476016,0.4544929907775825,0,0.195
overlap_noise,1,cells,pre_mass_off,pre,mass,off,5,50,50,0.5,6,12,0.0,2.0,4,2,3600,5.272909942940447,0.9056818181818183,0.8818181818181818,2.4183416210650392,0.9056818181818181,0.08697950713097613,0.44547859014147034,0,0.185
overlap_noise,1,cells,post_footprint_on,post,footprint,on,5,50,50,0.5,6,12,0.0,2.0,4,2,3600,5.058432867952772,0.8950757575757576,0.8545454545454545,2.4000787665075665,0.8950757575757575,0.09347330385441524,0.46308985592042456,0,0.497
overlap_noise,2,cells,post_none_off,post,none,off,5,50,50,0.5,6,12,0.0,2.0,4,2,3600,4.196635956772938,0.8897727272727273,0.8636363636363636,2.4056417122921108,0.8897727272727273,0.1365929708406639,0.49016558025555707,0,0.192
overlap_noise,2,cells,pre_none_off,pre,none,off,5,50,50,0.5,6,12,0.0,2.0,4,2,3600,5.0625253776781465,0.9007575757575759,0.8727272727272727,2.289559912471782,0.9007575757575758,0.08933416571729372,0.4523713172636403,0,0.194
overlap_noise,2,cells,pre_mass_off,pre,mass,off,5,50,50,0.5,6,12,0.0,2.0,4,2,3600,5.317471518486935,0.9015151515151517,0.8863636363636364,2.3104524033750202,0.9015151515151515,0.08171215821633032,0.447637158099178,0,0.191
overlap_noise,2,cells,post_footprint_on,post,footprint,on,5,50,50,0.5,6,12,0.0,2.0,4,2,3600,5.070085713909352,0.8950757575757576,0.8727272727272727,2.2850081366570847,0.8950757575757575,0.08910103792164564,0.45524672669292776,0,0.502
overlap_noise,3,cells,post_none_off,post,none,off,5,50,50,0.5,6,12,0.0,2.0,4,2,3600,3.20782833894936,0.8787878787878786,0.8181818181818182,2.6277856370724693,0.8787878787878788,0.2553687172786511,0.5247998535009716,0,0.194
overlap_noise,3,cells,pre_none_off,pre,none,off,5,50,50,0.5,6,12,0.0,2.0,4,2,3600,5.035282043348613,0.8965909090909091,0.8727272727272727,2.3934698893195803,0.8965909090909091,0.09440181939843577,0.4590195865148308,0,0.205
overlap_noise,3,cells,pre_mass_off,pre,mass,off,5,50,50,0.5,6,12,0.0,2.0,4,2,3600,5.34462810199894,0.8988636363636363,0.8818181818181818,2.4292689812935206,0.8988636363636363,0.08504340162805879,0.45625387611071305,0,0.228
overlap_noise,3,cells,post_footprint_on,post,footprint,on,5,50,50,0.5,6,12,0.0,2.0,4,2,3600,5.200955143024351,0.8882575757575756,0.8636363636363636,2.406177407272189,0.8882575757575758,0.08891716308281689,0.4666408201570663,0,0.497
overlap_noise,4,cells,post_none_off,post,none,off,5,50,50,0.5,6,12,0.0,2.0,4,2,3600,4.707098865562717,0.9003787878787879,0.8818181818181818,2.493840827385487,0.9003787878787879,0.11255429975631312,0.4693935105407352,0,0.184
overlap_noise,4,cells,pre_none_off,pre,none,off,5,50,50,0.5,6,12,0.0,2.0,4,2,3600,4.918407953443383,0.903030303030303,0.8818181818181818,2.4339001729977716,0.9030303030303031,0.10061289961827069,0.4523856647127844,0,0.192
overlap_noise,4,cells,pre_mass_off,pre,mass,off,5,50,50,0.5,6,12,0.0,2.0,4,2,3600,5.0365943860033715,0.9034090909090908,0.8818181818181818,2.430341589571508,0.9034090909090909,0.09580614481644295,0.44814510522297224,0,0.216
overlap_noise,4,cells,post_footprint_on,post,footprint,on,5,50,50,0.5,6,12,0.0,2.0,4,2,3600,5.019513991792463,0.893560606060606,0.8409090909090909,2.426489505056723,0.893560606060606,0.09644168403921599,0.4595809491075628,0,0.468
overlap_noise,5,cells,post_none_off,post,none,off,5,50,50,0.5,6,12,0.0,2.0,4,2,3600,4.2209474308817425,0.8909090909090911,0.8636363636363636,2.4885389869061587,0.8909090909090909,0.1396768918529366,0.505750765143858,0,0.192
overlap_noise,5,cells,pre_none_off,pre,none,off,5,50,50,0.5,6,12,0.0,2.0,4,2,3600,4.637151838401503,0.8984848484848484,0.8727272727272727,2.340037138868488,0.8984848484848484,0.10882285534404836,0.4623462942673716,0,0.198
overlap_noise,5,cells,pre_mass_off,pre,mass,off,5,50,50,0.5,6,12,0.0,2.0,4,2,3600,4.819031122313159,0.9007575757575759,0.8727272727272727,2.3442064841697765,0.9007575757575758,0.1009430448650705,0.4546938408628894,0,0.214
overlap_noise,5,cells,post_footprint_on,post,footprint,on,5,50,50,0.5,6,12,0.0,2.0,4,2,3600,4.786687274282806,0.8946969696969699,0.8545454545454545,2.337688167855907,0.8946969696969697,0.1021541155275852,0.4651245079270964,0,0.47
overlap_noise,6,cells,post_none_off,post,none,off,5,50,50,0.5,6,12,0.0,2.0,4,2,3600,3.7708941706439356,0.8587121212121213,0.8045454545454546,2.887491362372654,0.8587121212121213,0.20306356450753074,0.5534346916462304,0,0.193
overlap_noise,6,cells,pre_none_off,pre,none,off,5,50,50,0.5,6,12,0.0,2.0,4,2,3600,5.139620213343618,0.9079545454545453,0.8727272727272727,2.357526326741542,0.9079545454545455,0.08924717835666703,0.44020124102175595,0,0.204
overlap_noise,6,cells,pre_mass_off,pre,mass,off,5,50,50,0.5,6,12,0.0,2.0,4,2,3600,5.058966939847879,0.9102272727272727,0.8727272727272727,2.395652089414007,0.9102272727272728,0.09360521925496211,0.43532644998722925,0,0.202
overlap_noise,6,cells,post_footprint_on,post,footprint,on,5,50,50,0.5,6,12,0.0,2.0,4,2,3600,5.25107084631976,0.8981060606060606,0.8636363636363636,2.4108232973173727,0.8981060606060606,0.08620657327282132,0.45530968411133727,0,0.466
overlap_noise,7,cells,post_none_off,post,none,off,5,50,50,0.5,6,12,0.0,2.0,4,2,3600,3.5975953785521346,0.8511363636363637,0.8,2.966381079174496,0.8511363636363637,0.22919350648185796,0.5835050953277693,0,0.196
overlap_noise,7,cells,pre_none_off,pre,none,off,5,50,50,0.5,6,12,0.0,2.0,4,2,3600,4.933105391259294,0.8928030303030302,0.8636363636363636,2.398041015452937,0.8928030303030303,0.0985407399623731,0.4578869426795555,0,0.198
overlap_noise,7,cells,pre_mass_off,pre,mass,off,5,50,50,0.5,6,12,0.0,2.0,4,2,3600,5.404758087981606,0.9022727272727273,0.8727272727272727,2.423377239432357,0.9022727272727272,0.0829599543567026,0.44949299936799153,0,0.207
overlap_noise,7,cells,post_footprint_on,post,footprint,on,5,50,50,0.5,6,12,0.0,2.0,4,2,3600,4.995426292365889,0.8875000000000002,0.8590909090909091,2.399498952391092,0.8875,0.09710472139219155,0.4733677056348012,0,0.468
overlap_noise,8,cells,post_none_off,post,none,off,5,50,50,0.5,6,12,0.0,2.0,4,2,3600,3.445468723773894,0.8901515151515151,0.8318181818181818,2.470435736383881,0.8901515151515151,0.2081023272854482,0.5023326367645528,0,0.195
overlap_noise,8,cells,pre_none_off,pre,none,off,5,50,50,0.5,6,12,0.0,2.0,4,2,3600,5.359079744458208,0.8992424242424243,0.8636363636363636,2.314186985772433,0.8992424242424243,0.0805782827998357,0.45280297612284043,0,0.213
overlap_noise,8,cells,pre_mass_off,pre,mass,off,5,50,50,0.5,6,12,0.0,2.0,4,2,3600,5.87713618388453,0.9003787878787879,0.8727272727272727,2.3818666753817315,0.9003787878787879,0.06895820367488993,0.453024701548137,0,0.209
overlap_noise,8,cells,post_footprint_on,post,footprint,on,5,50,50,0.5,6,12,0.0,2.0,4,2,3600,5.535711432012539,0.8867424242424242,0.8409090909090909,2.359599867881671,0.8867424242424242,0.07622319418109505,0.46490183193630275,0,0.466
overlap_noise,9,cells,post_none_off,post,none,off,5,50,50,0.5,6,12,0.0,2.0,4,2,3600,3.9236838917041066,0.8924242424242425,0.8590909090909091,2.6723856614081405,0.8924242424242425,0.173584566742899,0.5123998621711211,0,0.197
overlap_noise,9,cells,pre_none_off,pre,none,off,5,50,50,0.5,6,12,0.0,2.0,4,2,3600,5.1620387711670634,0.9098484848484848,0.8909090909090909,2.436916816344001,0.9098484848484848,0.0914530471901636,0.4526815210295585,0,0.203
overlap_noise,9,cells,pre_mass_off,pre,mass,off,5,50,50,0.5,6,12,0.0,2.0,4,2,3600,5.160113797219004,0.9136363636363636,0.8818181818181818,2.480108600602276,0.9136363636363637,0.09314341133933962,0.44857855601621205,0,0.196
overlap_noise,9,cells,post_footprint_on,post,footprint,on,5,50,50,0.5,6,12,0.0,2.0,4,2,3600,5.162364734751451,0.9011363636363635,0.8681818181818182,2.4491415898439546,0.9011363636363636,0.0917237362395066,0.46117221480925785,0,0.475
quantity_skew_extreme,0,cells,post_none_off,post,none,off,5,50,50,0.5,6,12,0.0,2.0,4,2,3600,4.499432645398641,0.9994752107962926,0.9967637540453075,2.6350424594652972,0.9981266391907081,0.13015837190762086,0.29565790283201504,0,0.262
quantity_skew_extreme,0,cells,pre_none_off,pre,none,off,5,50,50,0.5,6,12,0.0,2.0,4,2,3600,7.46359073555498,1.0,1.0,1.0380347558321954,1.0,0.018634436359066482,0.12790550263020128,0,0.251
quantity_skew_extreme,0,cells,pre_mass_off,pre,mass,off,5,50,50,0.5,6,12,0.0,2.0,4,2,3600,7.597258274903468,1.0,1.0,1.0556490107520686,1.0,0.018289665526997123,0.12885469078505263,0,0.265
quantity_skew_extreme,0,cells,post_footprint_on,post,footprint,on,5,50,50,0.5,6,12,0.0,2.0,4,2,3600,7.3516797826140685,1.0,1.0,1.0679598397489833,1.0,0.019280801698345073,0.13407691911176609,0,0.544
quantity_skew_extreme,1,cells,post_none_off,post,none,off,5,50,50,0.5,6,12,0.0,2.0,4,2,3600,1.259941518769642,0.9445487446333608,0.8025889967637541,3.4677896368652954,0.9052079430498314,2.184499600024874,0.39226172370120505,0,0.257
quantity_skew_extreme,1,cells,pre_none_off,pre,none,off,5,50,50,0.5,6,12,0.0,2.0,4,2,3600,7.362870442272872,1.0,1.0,1.1046150112162647,1.0,0.020375891692153588,0.13959186688270006,0,0.243
quantity_skew_extreme,1,cells,pre_mass_off,pre,mass,off,5,50,50,0.5,6,12,0.0,2.0,4,2,3600,7.822778593000803,1.0,1.0,1.072004108637547,1.0,0.017517590610486296,0.13310323400805593,0,0.193
quantity_skew_extreme,1,cells,post_footprint_on,post,footprint,on,5,50,50,0.5,6,12,0.0,2.0,4,2,3600,3.2334086832106212,0.9876864535632973,0.919093851132686,2.645453341301323,0.9775196702884975,0.27962778481149486,0.31104681481359564,0,0.5
quantity_skew_extreme,2,cells,post_none_off,post,none,off,5,50,50,0.5,6,12,0.0,2.0,4,2,3600,0.7292942574206683,0.9380260735379244,0.7,2.48148737390855,0.9490445859872612,4.6655890395517705,0.4168676414632816,0,0.394
quantity_skew_extreme,2,cells,pre_none_off,pre,none,off,5,50,50,0.5,6,12,0.0,2.0,4,2,3600,7.615174838508876,1.0,1.0,1.0827043272572856,1.0,0.018670249205326263,0.13966316360395947,0,0.4
quantity_skew_extreme,2,cells,pre_mass_off,pre,mass,off,5,50,50,0.5,6,12,0.0,2.0,4,2,3600,1.1580056404971988,0.8355398387199505,0.5737704918032787,1.935615355203852,0.8122892469089547,1.443436586650107,0.29839796634265614,0,0.392
quantity_skew_extreme,2,cells,post_footprint_on,post,footprint,on,5,50,50,0.5,6,12,0.0,2.0,4,2,3600,1.0587482990113501,0.7805910352218364,0.511326860841424,1.8308957447438516,0.7025103034844511,1.733994869985773,0.3352520091144769,0,0.542
quantity_skew_extreme,3,cells,post_none_off,post,none,off,5,50,50,0.5,6,12,0.0,2.0,4,2,3600,4.830490541249182,0.9997857754927164,0.9974293059125964,1.8326865108670036,0.9996253278381416,0.07854267914012095,0.204492089027184,0,0.23
quantity_skew_extreme,3,cells,pre_none_off,pre,none,off,5,50,50,0.5,6,12,0.0,2.0,4,2,3600,7.7501283247410875,1.0,1.0,1.1088303182417318,1.0,0.01846066345989468,0.1287631701991374,0,0.236
quantity_skew_extreme,3,cells,pre_mass_off,pre,mass,off,5,50,50,0.5,6,12,0.0,2.0,4,2,3600,7.90501957178281,1.0,1.0,1.15938930257958,1.0,0.018553394961716575,0.13205776344857761,0,0.212
quantity_skew_extreme,3,cells,post_footprint_on,post,footprint,on,5,50,50,0.5,6,12,0.0,2.0,4,2,3600,5.795123684120031,0.9997857754927164,0.9974293059125964,1.6064301591300663,0.9996253278381416,0.04865751260510517,0.19883302888862017,0,0.528
quantity_skew_extreme,4,cells,post_none_off,post,none,off,5,50,50,0.5,6,12,0.0,2.0,4,2,3600,1.2246342250710693,0.9245962073362749,0.7621359223300971,3.338048754976925,0.8422630198576245,2.2257679806711566,0.39241241221788636,0,0.231
quantity_skew_extreme,4,cells,pre_none_off,pre,none,off,5,50,50,0.5,6,12,0.0,2.0,4,2,3600,6.080960699081892,1.0,1.0,1.4847009998992342,1.0,0.04015083742833576,0.18143320336472088,0,0.24
quantity_skew_extreme,4,cells,pre_mass_off,pre,mass,off,5,50,50,0.5,6,12,0.0,2.0,4,2,3600,7.822606095194459,1.0,1.0,1.128028210015577,1.0,0.018433891911932426,0.13406655736693254,0,0.244
quantity_skew_extreme,4,cells,post_footprint_on,post,footprint,on,5,50,50,0.5,6,12,0.0,2.0,4,2,3600,2.001427232201976,0.9550279422607816,0.7663265306122449,2.5466020776632567,0.858748594979393,0.7702297374615208,0.34415614109406445,0,0.526
quantity_skew_extreme,5,cells,post_none_off,post,none,off,5,50,50,0.5,6,12,0.0,2.0,4,2,3600,1.4033710744877304,0.8792613092287077,0.75,7.751832488516192,0.8430123641813413,3.936038498829533,0.6665573840309086,0,0.244
quantity_skew_extreme,5,cells,pre_none_off,pre,none,off,5,50,50,0.5,6,12,0.0,2.0,4,2,3600,7.608277878785668,1.0,1.0,1.0922997247679789,1.0,0.01886987799149665,0.12297343676760039,0,0.254
quantity_skew_extreme,5,cells,pre_mass_off,pre,mass,off,5,50,50,0.5,6,12,0.0,2.0,4,2,3600,7.761104711647719,1.0,1.0,1.096417440629525,1.0,0.018202408197201893,0.12280066110874455,0,0.239
quantity_skew_extreme,5,cells,post_footprint_on,post,footprint,on,5,50,50,0.5,6,12,0.0,2.0,4,2,3600,2.379691420257264,0.8984254533315301,0.7435897435897436,2.5628901600764835,0.8954664668415137,0.5626313605396026,0.31620788844431097,0,0.55
quantity_skew_extreme,6,cells,post_none_off,post,none,off,5,50,50,0.5,6,12,0.0,2.0,4,2,3600,0.7705534672097801,0.9273487352947388,0.7870967741935484,6.047652783393214,0.9542899962532784,10.185475089461399,0.5596517611380896,0,0.292
quantity_skew_extreme,6,cells,pre_none_off,pre,none,off,5,50,50,0.5,6,12,0.0,2.0,4,2,3600,7.219417073623295,1.0,1.0,1.1209552631948254,1.0,0.02150720704787669,0.13773611353851153,0,0.3
quantity_skew_extreme,6,cells,pre_mass_off,pre,mass,off,5,50,50,0.5,6,12,0.0,2.0,4,2,3600,7.849926508465428,1.0,1.0,1.0813708799370811,1.0,0.017548640963352662,0.1293420124011601,0,0.229
quantity_skew_extreme,6,cells,post_footprint_on,post,footprint,on,5,50,50,0.5,6,12,0.0,2.0,4,2,3600,7.9482663333573464,1.0,1.0,1.3155041989332132,1.0,0.01872305733586461,0.1566872879112063,0,0.543
quantity_skew_extreme,7,cells,post_none_off,post,none,off,5,50,50,0.5,6,12,0.0,2.0,4,2,3600,1.56268435106875,0.8530710058926946,0.7435897435897436,1.4122539245511176,0.8550018733608092,0.5783227329958573,0.2839016982771326,0,0.243
quantity_skew_extreme,7,cells,pre_none_off,pre,none,off,5,50,50,0.5,6,12,0.0,2.0,4,2,3600,7.0699136117565065,1.0,1.0,1.1383555116365358,1.0,0.02277454453746156,0.14446867360808247,0,0.249
quantity_skew_extreme,7,cells,pre_mass_off,pre,mass,off,5,50,50,0.5,6,12,0.0,2.0,4,2,3600,7.583249845841707,1.0,1.0,1.131441107440992,1.0,0.019675293681864065,0.1385414932863735,0,0.243
quantity_skew_extreme,7,cells,post_footprint_on,post,footprint,on,5,50,50,0.5,6,12,0.0,2.0,4,2,3600,0.9691591051592355,0.8443821686217013,0.6452442159383034,0.9531905757564382,0.7130011240164855,1.5182859219757887,0.26799502050562973,0,0.515
quantity_skew_extreme,8,cells,post_none_off,post,none,off,5,50,50,0.5,6,12,0.0,2.0,4,2,3600,0.3027074065702246,0.9990148162825,0.9938775510204082,3.740814965154947,0.997002622705133,40.82443024034767,0.46359332253148783,0,0.249
quantity_skew_extreme,8,cells,pre_none_off,pre,none,off,5,50,50,0.5,6,12,0.0,2.0,4,2,3600,7.909744282815239,1.0,1.0,1.14660628139624,1.0,0.0183269177224704,0.13680553823176783,0,0.252
quantity_skew_extreme,8,cells,pre_mass_off,pre,mass,off,5,50,50,0.5,6,12,0.0,2.0,4,2,3600,7.942227603842793,1.0,1.0,1.1531049553918467,1.0,0.018280336301927626,0.13701945475328375,0,0.22
quantity_skew_extreme,8,cells,post_footprint_on,post,footprint,on,5,50,50,0.5,6,12,0.0,2.0,4,2,3600,7.529656950365849,1.0,1.0,1.3320068186667058,1.0,0.02029875513037156,0.1603811284279653,0,0.488
quantity_skew_extreme,9,cells,post_none_off,post,none,off,5,50,50,0.5,6,12,0.0,2.0,4,2,3600,1.6916114084681284,0.8634229061640913,0.6229508196721312,9.386308263097865,0.7673285874859498,3.280149229407973,0.6693351732400125,0,0.273
quantity_skew_extreme,9,cells,pre_none_off,pre,none,off,5,50,50,0.5,6,12,0.0,2.0,4,2,3600,6.091021887099075,1.0,1.0,2.4208377491775,1.0,0.06525072819349438,0.2548612507745298,0,0.268
quantity_skew_extreme,9,cells,pre_mass_off,pre,mass,off,5,50,50,0.5,6,12,0.0,2.0,4,2,3600,7.912913788454099,1.0,1.0,1.2089901086512216,1.0,0.01930855970974572,0.1370487010780116,0,0.26
quantity_skew_extreme,9,cells,post_footprint_on,post,footprint,on,5,50,50,0.5,6,12,0.0,2.0,4,2,3600,0.7755291045529734,0.9519602209851176,0.8090614886731392,6.86110467150048,0.7995503934057699,12.046964783343702,0.5795701834752308,0,0.501
wine,0,cells,post_none_off,post,none,off,5,50,50,0.5,5,10,0.0,2.0,3,13,10500,1.839817726775555,0.9292105263157895,0.8333333333333334,4.128107919843131,0.9269662921348315,1.219555149693836,0.8607477642839597,0,0.069
wine,0,cells,pre_none_off,pre,none,off,5,50,50,0.5,5,10,0.0,2.0,3,13,10500,2.9917872534778596,0.9564327485380117,0.8333333333333334,4.1008423087902335,0.9550561797752809,0.4581541812898547,0.8057047500827765,0,0.069
wine,0,cells,pre_mass_off,pre,mass,off,5,50,50,0.5,5,10,0.0,2.0,3,13,10500,3.7400378387423636,0.9672514619883043,0.8333333333333334,4.1389797658746135,0.9662921348314607,0.295897510398945,0.7691160214047827,0,0.079
wine,0,cells,post_footprint_on,post,footprint,on,5,50,50,0.5,5,10,0.0,2.0,3,13,10500,3.661732481126715,0.9118494152046782,0.7222222222222222,3.8590034122844896,0.9101123595505618,0.30751921364691487,0.7480969436553713,0,0.224
wine,1,cells,post_none_off,post,none,off,5,50,50,0.5,5,10,0.0,2.0,3,13,10500,2.3763850436374554,0.8840978672170623,0.7777777777777778,4.139688329992355,0.8820224719101124,0.7330507194471788,0.8623035168590132,0,0.074
wine,1,cells,pre_none_off,pre,none,off,5,50,50,0.5,5,10,0.0,2.0,3,13,10500,2.7575453936734564,0.9104721362229103,0.8333333333333334,4.096274866933997,0.9101123595505618,0.5386959991749629,0.823136578382363,0,0.076
wine,1,cells,pre_mass_off,pre,mass,off,5,50,50,0.5,5,10,0.0,2.0,3,13,10500,2.9836234003422164,0.9429575163398694,0.8333333333333334,4.123400863955228,0.9438202247191011,0.46319893088386377,0.7887321620778959,0,0.073
wine,1,cells,post_footprint_on,post,footprint,on,5,50,50,0.5,5,10,0.0,2.0,3,13,10500,3.0290368177564693,0.9103676470588236,0.8333333333333334,3.814149769707505,0.9101123595505618,0.4492672168545876,0.7629596035486401,0,0.197
wine,2,cells,post_none_off,post,none,off,5,50,50,0.5,5,10,0.0,2.0,3,13,10500,0.8281734984025261,0.8919883040935673,0.8,4.290677047516075,0.8876404494382022,6.255804515602401,0.8990481753825398,0,0.059
wine,2,cells,pre_none_off,pre,none,off,5,50,50,0.5,5,10,0.0,2.0,3,13,10500,2.5340575383237036,0.9514035087719298,0.8888888888888888,4.148452536176593,0.949438202247191,0.6460307378835622,0.834455081606634,0,0.063
wine,2,cells,pre_mass_off,pre,mass,off,5,50,50,0.5,5,10,0.0,2.0,3,13,10500,3.6243211139813734,0.967514619883041,0.8888888888888888,4.160455520731618,0.9662921348314607,0.3167287925563405,0.7767606949264159,0,0.071
wine,2,cells,post_footprint_on,post,footprint,on,5,50,50,0.5,5,10,0.0,2.0,3,13,10500,3.3114542051757665,0.9086257309941519,0.7222222222222222,3.836137381990607,0.9044943820224719,0.37678163491508737,0.7684009571860757,0,0.205
wine,3,cells,post_none_off,post,none,off,5,50,50,0.5,5,10,0.0,2.0,3,13,10500,2.129670145274036,0.9289181286549708,0.8333333333333334,4.174895034041983,0.9269662921348315,0.9204938161369132,0.8824902907656899,0,0.064
wine,3,cells,pre_none_off,pre,none,off,5,50,50,0.5,5,10,0.0,2.0,3,13,10500,3.2328298975925405,0.9669590643274854,0.8888888888888888,4.112655670407766,0.9662921348314607,0.39351078739968226,0.8118235395599903,0,0.065
wine,3,cells,pre_mass_off,pre,mass,off,5,50,50,0.5,5,10,0.0,2.0,3,13,10500,3.582694915354585,0.9777777777777779,0.8888888888888888,4.1898849010320705,0.9775280898876404,0.32642426736357744,0.7743690881617458,0,0.064
wine,3,cells,post_footprint_on,post,footprint,on,5,50,50,0.5,5,10,0.0,2.0,3,13,10500,3.65223451649742,0.9669590643274854,0.8333333333333334,3.907346280914626,0.9662921348314607,0.3137375551590393,0.7529233528860043,0,0.213
wine,4,cells,post_none_off,post,none,off,5,50,50,0.5,5,10,0.0,2.0,3,13,10500,2.7010095371497207,0.923625730994152,0.7777777777777778,4.138178438425692,0.9213483146067416,0.5672271085596797,0.8471876711509824,0,0.063
wine,4,cells,pre_none_off,pre,none,off,5,50,50,0.5,5,10,0.0,2.0,3,13,10500,3.329979078488022,0.9341812865497076,0.7777777777777778,4.101394298088748,0.9325842696629213,0.3698694942268712,0.7978670014108942,0,0.066
wine,4,cells,pre_mass_off,pre,mass,off,5,50,50,0.5,5,10,0.0,2.0,3,13,10500,3.694916568045513,0.95,0.8333333333333334,4.15183089294327,0.949438202247191,0.30410977738652406,0.770960908023378,0,0.064
wine,4,cells,post_footprint_on,post,footprint,on,5,50,50,0.5,5,10,0.0,2.0,3,13,10500,3.6716971584601183,0.9291812865497076,0.7777777777777778,3.8526760101463804,0.9269662921348315,0.3080597675512159,0.7355467648314031,0,0.207
wine,5,cells,post_none_off,post,none,off,5,50,50,0.5,5,10,0.0,2.0,3,13,10500,1.788961940596854,0.9080701754385965,0.7222222222222222,4.170056144980832,0.9044943820224719,1.3029858511174002,0.8691671466953076,0,0.062
wine,5,cells,pre_none_off,pre,none,off,5,50,50,0.5,5,10,0.0,2.0,3,13,10500,3.052858752418502,0.951140350877193,0.8333333333333334,4.074726001952446,0.949438202247191,0.4372048675118814,0.8067077367742566,0,0.067
wine,5,cells,pre_mass_off,pre,mass,off,5,50,50,0.5,5,10,0.0,2.0,3,13,10500,3.5459213850912463,0.9727777777777777,0.8888888888888888,4.113574637490841,0.9719101123595506,0.32716073556677505,0.7742541145692178,0,0.061
wine,5,cells,post_footprint_on,post,footprint,on,5,50,50,0.5,5,10,0.0,2.0,3,13,10500,3.2897397260734893,0.9291176470588235,0.7777777777777778,3.9377239290430004,0.9269662921348315,0.3825795623018672,0.7621680943620258,0,0.206
wine,6,cells,post_none_off,post,none,off,5,50,50,0.5,5,10,0.0,2.0,3,13,10500,1.2279583736217152,0.9129312865497077,0.7777777777777778,4.175337949496309,0.9101123595505618,2.769008844002792,0.8770292615132813,0,0.058
wine,6,cells,pre_none_off,pre,none,off,5,50,50,0.5,5,10,0.0,2.0,3,13,10500,2.89494325209576,0.9618954248366013,0.9,4.098453211636654,0.9606741573033708,0.489034920244757,0.8144272924355045,0,0.071
wine,6,cells,pre_mass_off,pre,mass,off,5,50,50,0.5,5,10,0.0,2.0,3,13,10500,3.443576490292317,0.9670833333333334,0.9,4.125749052464784,0.9662921348314607,0.3479231608881829,0.7819956831685015,0,0.069
wine,6,cells,post_footprint_on,post,footprint,on,5,50,50,0.5,5,10,0.0,2.0,3,13,10500,3.455951809779568,0.9284232026143793,0.8333333333333334,3.8478503180479575,0.9269662921348315,0.34467232154614047,0.7581829615524626,0,0.208
wine,7,cells,post_none_off,post,none,off,5,50,50,0.5,5,10,0.0,2.0,3,13,10500,2.5185214321222555,0.8830159958720329,0.6666666666666666,4.128574469664841,0.8820224719101124,0.6508918305905638,0.8478607131421233,0,0.066
wine,7,cells,pre_none_off,pre,none,off,5,50,50,0.5,5,10,0.0,2.0,3,13,10500,3.0754796373419193,0.9114473684210527,0.7777777777777778,4.108695226529836,0.9101123595505618,0.43438839641891874,0.7993766184563541,0,0.078
wine,7,cells,pre_mass_off,pre,mass,off,5,50,50,0.5,5,10,0.0,2.0,3,13,10500,3.450479370560232,0.9439035087719299,0.8333333333333334,4.157574172260733,0.9438202247191011,0.34920554840453366,0.7712674913823027,0,0.067
wine,7,cells,post_footprint_on,post,footprint,on,5,50,50,0.5,5,10,0.0,2.0,3,13,10500,3.4903864461982494,0.9098529411764705,0.7777777777777778,3.8457516862139456,0.9101123595505618,0.3417577676066097,0.7367015639815006,0,0.199
wine,8,cells,post_none_off,post,none,off,5,50,50,0.5,5,10,0.0,2.0,3,13,10500,1.9437299619421466,0.8457593739250087,0.6666666666666666,4.209004508530217,0.8426966292134831,1.1140573096442647,0.8561536005425451,0,0.07
wine,8,cells,pre_none_off,pre,none,off,5,50,50,0.5,5,10,0.0,2.0,3,13,10500,2.4783321863884473,0.905501375988992,0.8333333333333334,4.1655245102983205,0.9044943820224719,0.6781888728062645,0.8183599040405111,0,0.073
wine,8,cells,pre_mass_off,pre,mass,off,5,50,50,0.5,5,10,0.0,2.0,3,13,10500,2.8228711042027372,0.9218756449948401,0.8823529411764706,4.181941247380368,0.9213483146067416,0.5248024220548801,0.7935389547909828,0,0.069
wine,8,cells,post_footprint_on,post,footprint,on,5,50,50,0.5,5,10,0.0,2.0,3,13,10500,2.6537628128395196,0.8939882180942554,0.7777777777777778,3.879397507326371,0.8932584269662921,0.5947652115649913,0.7740192598652943,0,0.194
wine,9,cells,post_none_off,post,none,off,5,50,50,0.5,5,10,0.0,2.0,3,13,10500,2.038081585515644,0.9341812865497076,0.7777777777777778,4.126800154042983,0.9325842696629213,0.9935055738181062,0.8658592341312222,0,0.067
wine,9,cells,pre_none_off,pre,none,off,5,50,50,0.5,5,10,0.0,2.0,3,13,10500,3.0344907852080896,0.9666666666666666,0.8888888888888888,4.079851672648528,0.9662921348314607,0.4430703906376079,0.8030866280801188,0,0.064
wine,9,cells,pre_mass_off,pre,mass,off,5,50,50,0.5,5,10,0.0,2.0,3,13,10500,3.519775633384351,0.9666666666666666,0.8888888888888888,4.1313561967343615,0.9662921348314607,0.33347453808140726,0.7730724578887237,0,0.069
wine,9,cells,post_footprint_on,post,footprint,on,5,50,50,0.5,5,10,0.0,2.0,3,13,10500,3.4642470727288566,0.9558479532163743,0.8888888888888888,3.8852419628943955,0.9550561797752809,0.3443450838847646,0.7509480595127157,0,0.18
satimage,0,cells,post_none_off,post,none,off,5,50,50,0.5,5,10,0.0,2.0,6,36,55500,2.46892577227176,0.6921146091572178,0.6215316315205327,4.251968390962625,0.6849144634525661,0.697547780219826,0.7301332012549945,0,2.615
satimage,0,cells,pre_none_off,pre,none,off,5,50,50,0.5,5,10,0.0,2.0,6,36,55500,2.330489567499043,0.6395712190960542,0.4405144694533762,3.822925296865841,0.6174183514774495,0.7038846353096415,0.643046769461792,0,2.59
satimage,0,cells,pre_mass_off,pre,mass,off,5,50,50,0.5,5,10,0.0,2.0,6,36,55500,2.7482035274338474,0.6835286269604606,0.4919614147909968,3.885810502479403,0.6573872472783826,0.5144981675597872,0.6098950286213325,0,2.531
satimage,0,cells,post_footprint_on,post,footprint,on,5,50,50,0.5,5,10,0.0,2.0,6,36,55500,3.096235800476629,0.6788158880865646,0.4742765273311897,3.7904115690874107,0.642457231726283,0.39897728986150327,0.6124089341273697,0,3.369
satimage,1,cells,post_none_off,post,none,off,5,50,50,0.5,5,10,0.0,2.0,6,36,55500,2.5436449712356346,0.7416003927270868,0.6659267480577137,4.328890044972828,0.7321928460342146,0.6690576880423845,0.7203020260496468,0,2.202
satimage,1,cells,pre_none_off,pre,none,off,5,50,50,0.5,5,10,0.0,2.0,6,36,55500,3.0641627491438603,0.726372020432858,0.6147672552166934,3.8381269172106935,0.7111975116640746,0.4087856806627529,0.6164046989745812,0,2.458
satimage,1,cells,pre_mass_off,pre,mass,off,5,50,50,0.5,5,10,0.0,2.0,6,36,55500,2.823424457109803,0.6812121345607982,0.48231511254019294,3.9438732027077186,0.6573872472783826,0.494732680029432,0.6091391439994313,0,3.008
satimage,1,cells,post_footprint_on,post,footprint,on,5,50,50,0.5,5,10,0.0,2.0,6,36,55500,1.8711368079743325,0.6599224395629862,0.5271920088790233,3.824180857748167,0.6401244167962675,1.1157875691715853,0.6399520510747033,0,2.793
satimage,2,cells,post_none_off,post,none,off,5,50,50,0.5,5,10,0.0,2.0,6,36,55500,2.0780707929807654,0.7069503862719186,0.6104328523862376,4.351080046040625,0.6979782270606532,1.0075727098762721,0.7401157439705698,0,3.054
satimage,2,cells,pre_none_off,pre,none,off,5,50,50,0.5,5,10,0.0,2.0,6,36,55500,2.2101305902802255,0.6522325984502476,0.4662379421221865,3.8427043941046,0.6318818040435459,0.7866854279701582,0.6398741231962257,0,2.862
satimage,2,cells,pre_mass_off,pre,mass,off,5,50,50,0.5,5,10,0.0,2.0,6,36,55500,2.7360068659777883,0.679121733567119,0.46869983948635635,3.9242203655544547,0.6513219284603421,0.524226560897924,0.6094394536529231,0,2.363
satimage,2,cells,post_footprint_on,post,footprint,on,5,50,50,0.5,5,10,0.0,2.0,6,36,55500,2.816953928817659,0.6795423987992242,0.4742765273311897,3.806971552478966,0.6435458786936237,0.48745739649658243,0.613889424104396,0,2.64
satimage,3,cells,post_none_off,post,none,off,5,50,50,0.5,5,10,0.0,2.0,6,36,55500,2.0909218713196167,0.7160947214945524,0.6182019977802442,4.322479158136387,0.7068429237947123,0.9886835244038061,0.7221779451672762,0,3.388
satimage,3,cells,pre_none_off,pre,none,off,5,50,50,0.5,5,10,0.0,2.0,6,36,55500,3.2542179214912017,0.7027468919943136,0.5200642054574639,3.8326755463226925,0.6872472783825816,0.36191683959364496,0.6152443166150127,0,2.537
satimage,3,cells,pre_mass_off,pre,mass,off,5,50,50,0.5,5,10,0.0,2.0,6,36,55500,2.7252906340616905,0.6764624030446003,0.47191011235955055,3.952624152642237,0.6472783825816485,0.5321816218312192,0.6096623317994417,0,2.31
satimage,3,cells,post_footprint_on,post,footprint,on,5,50,50,0.5,5,10,0.0,2.0,6,36,55500,2.8497456014694884,0.684545077642507,0.4758842443729904,3.8241505274670358,0.6418351477449455,0.4774702076842386,0.614480892852098,0,2.974
satimage,4,cells,post_none_off,post,none,off,5,50,50,0.5,5,10,0.0,2.0,6,36,55500,2.5842584422494568,0.7091838990788465,0.5739549839228296,4.388733904497366,0.6937791601866252,0.657154312602559,0.7142718067156659,0,2.274
satimage,4,cells,pre_none_off,pre,none,off,5,50,50,0.5,5,10,0.0,2.0,6,36,55500,3.1537899354154213,0.7003643466937489,0.5128617363344051,3.842276911223731,0.6841368584758942,0.3862986009638869,0.6184957393708478,0,3.278
satimage,4,cells,pre_mass_off,pre,mass,off,5,50,50,0.5,5,10,0.0,2.0,6,36,55500,2.632811128795765,0.680625425239471,0.45819935691318325,3.914865649589497,0.6581648522550544,0.5647775855566793,0.6118202946957114,0,2.692
satimage,4,cells,post_footprint_on,post,footprint,on,5,50,50,0.5,5,10,0.0,2.0,6,36,55500,2.652724404469608,0.6830110972928445,0.4855305466237942,3.818980497465085,0.6494556765163297,0.5501966286208541,0.618223078426355,0,2.908
satimage,5,cells,post_none_off,post,none,off,5,50,50,0.5,5,10,0.0,2.0,6,36,55500,1.802894029068,0.7127719978780912,0.5385852090032154,4.532888000527282,0.7001555209953344,1.394551598237732,0.7332762139328064,0,2.914
satimage,5,cells,pre_none_off,pre,none,off,5,50,50,0.5,5,10,0.0,2.0,6,36,55500,2.6521552736667915,0.6761268016439057,0.46709470304975925,3.83884901657454,0.635303265940902,0.545761804394296,0.6236295956208016,0,2.772
satimage,5,cells,pre_mass_off,pre,mass,off,5,50,50,0.5,5,10,0.0,2.0,6,36,55500,2.419716755886153,0.6790012987419789,0.4622792937399679,3.9657283063292983,0.64199066874028,0.6773199902649905,0.6147751838860926,0,2.16
satimage,5,cells,post_footprint_on,post,footprint,on,5,50,50,0.5,5,10,0.0,2.0,6,36,55500,2.022615782457475,0.6660664215281267,0.507223113964687,3.834275801994384,0.6195956454121306,0.94933157717725,0.634201744921691,0,3.003
satimage,6,cells,post_none_off,post,none,off,5,50,50,0.5,5,10,0.0,2.0,6,36,55500,2.714030811585367,0.723044870965791,0.5849056603773585,3.979480879908027,0.7015552099533438,0.540252611488691,0.676713536397488,0,2.607
satimage,6,cells,pre_none_off,pre,none,off,5,50,50,0.5,5,10,0.0,2.0,6,36,55500,3.464677795442172,0.7008895859851471,0.5441412520064205,3.7962674322873604,0.6793157076205287,0.31625040742629795,0.6106317371677586,0,2.338
satimage,6,cells,pre_mass_off,pre,mass,off,5,50,50,0.5,5,10,0.0,2.0,6,36,55500,2.209948901241253,0.6562349877693124,0.477491961414791,3.903376074200747,0.5973561430793157,0.7992376456546971,0.622785340257963,0,2.302
satimage,6,cells,post_footprint_on,post,footprint,on,5,50,50,0.5,5,10,0.0,2.0,6,36,55500,2.391286745640157,0.6606760000434202,0.4646302250803859,3.809295552528892,0.5967340590979783,0.6740614419708805,0.6301454744771794,0,2.967
satimage,7,cells,post_none_off,post,none,off,5,50,50,0.5,5,10,0.0,2.0,6,36,55500,2.398411746802042,0.7260129207282242,0.6104328523862376,4.036230083167321,0.7105754276827372,0.7016627639248064,0.6902534808107275,0,2.059
satimage,7,cells,pre_none_off,pre,none,off,5,50,50,0.5,5,10,0.0,2.0,6,36,55500,3.8487125292053355,0.7073071067064433,0.5739549839228296,3.781309598357434,0.6860031104199067,0.2552767662573839,0.6096213628671328,0,1.99
satimage,7,cells,pre_mass_off,pre,mass,off,5,50,50,0.5,5,10,0.0,2.0,6,36,55500,2.0756251882634356,0.6470790845098121,0.4767255216693419,3.926855319525462,0.5973561430793157,0.9114797736607834,0.6269307951925575,0,2.245
satimage,7,cells,post_footprint_on,post,footprint,on,5,50,50,0.5,5,10,0.0,2.0,6,36,55500,2.971214126833158,0.6812136284967011,0.4758842443729904,3.7802021983880176,0.643701399688958,0.43429757752076953,0.613380191998343,0,2.836
satimage,8,cells,post_none_off,post,none,off,5,50,50,0.5,5,10,0.0,2.0,6,36,55500,1.4855151774654252,0.7460892502331412,0.6035313001605136,4.73359628129643,0.7326594090202178,2.1450480668040095,0.7480661438345086,0,2.418
satimage,8,cells,pre_none_off,pre,none,off,5,50,50,0.5,5,10,0.0,2.0,6,36,55500,3.04283949503264,0.7218580524145579,0.5730337078651685,3.8508388293999456,0.7049766718506999,0.41590797986244726,0.6199592717446291,0,2.061
satimage,8,cells,pre_mass_off,pre,mass,off,5,50,50,0.5,5,10,0.0,2.0,6,36,55500,2.737230011847809,0.6777750256448909,0.48154093097913325,3.9555880294421457,0.655054432348367,0.5279447405717199,0.6154642461238385,0,2.286
satimage,8,cells,post_footprint_on,post,footprint,on,5,50,50,0.5,5,10,0.0,2.0,6,36,55500,2.820646532817058,0.6789504971559123,0.4565916398713826,3.8382599208072556,0.6486780715396578,0.49224465622786884,0.6252762259935754,0,4.104
satimage,9,cells,post_none_off,post,none,off,5,50,50,0.5,5,10,0.0,2.0,6,36,55500,1.8496057823738103,0.6673160263686093,0.5882352941176471,4.727184878263187,0.6620528771384137,1.3817969787592226,0.7338493916943252,0,2.647
satimage,9,cells,pre_none_off,pre,none,off,5,50,50,0.5,5,10,0.0,2.0,6,36,55500,3.079202429199017,0.6493897811848885,0.5730337078651685,4.133930188382059,0.646656298600311,0.43600016820024556,0.6665681488514994,0,2.554
satimage,9,cells,pre_mass_off,pre,mass,off,5,50,50,0.5,5,10,0.0,2.0,6,36,55500,2.9681794094731457,0.6220644301425036,0.5024077046548957,4.193486816454304,0.6195956454121306,0.4759868842650632,0.6702346432105694,0,2.731
satimage,9,cells,post_footprint_on,post,footprint,on,5,50,50,0.5,5,10,0.0,2.0,6,36,55500,3.2332887161759185,0.5877306371249604,0.45585874799357945,4.048009938135723,0.5852255054432348,0.3970566959039796,0.6604495333188968,0,3.479
pendigits,0,cells,post_none_off,post,none,off,5,50,50,0.5,5,10,0.0,1.5,10,16,42500,1.544665618243316,0.49000057444790823,0.4470046082949309,4.4564618009572525,0.4808951965065502,1.86776067970421,0.6562008767429593,0,4.208
pendigits,0,cells,pre_none_off,pre,none,off,5,50,50,0.5,5,10,0.0,1.5,10,16,42500,2.005844835172429,0.6763537437124973,0.503690036900369,4.014218395637592,0.6764919941775837,0.9977146005142289,0.4799542867924498,0,4.243
pendigits,0,cells,pre_mass_off,pre,mass,off,5,50,50,0.5,5,10,0.0,1.5,10,16,42500,2.782835567330642,0.6982824725773943,0.47601476014760147,4.169902527866648,0.6984170305676856,0.5384567338437547,0.45656218434496404,0,3.741
pendigits,0,cells,post_footprint_on,post,footprint,on,5,50,50,0.5,5,10,0.0,1.5,10,16,42500,2.2532816351158873,0.6621278876305995,0.48523985239852396,3.933780561906322,0.6495633187772926,0.7949139686369757,0.4623582364049189,0,4.529
pendigits,1,cells,post_none_off,post,none,off,5,50,50,0.5,5,10,0.0,1.5,10,16,42500,1.43085918496474,0.51136388233086,0.4261992619926199,4.5455139446202955,0.4796215429403202,2.2201851989927954,0.6703590599206376,0,3.84
pendigits,1,cells,pre_none_off,pre,none,off,5,50,50,0.5,5,10,0.0,1.5,10,16,42500,1.6572418450697066,0.6651569445325449,0.48523985239852396,4.186031054621591,0.6355531295487628,1.5241603678085667,0.5068205925724746,0,3.415
pendigits,1,cells,pre_mass_off,pre,mass,off,5,50,50,0.5,5,10,0.0,1.5,10,16,42500,1.9090491246654215,0.6716910557146203,0.48247232472324725,4.215334767440077,0.6592976710334789,1.1566390812804352,0.4897386613965368,0,4.006
pendigits,1,cells,post_footprint_on,post,footprint,on,5,50,50,0.5,5,10,0.0,1.5,10,16,42500,1.828621236291288,0.6331439352569184,0.5175276752767528,4.138094769186894,0.5903384279475983,1.281505141125061,0.5111685431721752,0,5.401
pendigits,2,cells,post_none_off,post,none,off,5,50,50,0.5,5,10,0.0,1.5,10,16,42500,1.5902417531802067,0.5131343094748043,0.4483394833948339,4.465491720337163,0.45969796215429404,1.7658059845100906,0.6652447225138285,0,3.598
pendigits,2,cells,pre_none_off,pre,none,off,5,50,50,0.5,5,10,0.0,1.5,10,16,42500,1.4658063781784798,0.6568201521228383,0.5525830258302583,4.076711477766784,0.6093522561863173,1.897390675114534,0.5096894593533102,0,3.955
pendigits,2,cells,pre_mass_off,pre,mass,off,5,50,50,0.5,5,10,0.0,1.5,10,16,42500,2.468995532454286,0.7073257176861693,0.48523985239852396,4.068488799835821,0.6996906841339156,0.6674097034700404,0.43876346166590613,0,4.214
pendigits,2,cells,post_footprint_on,post,footprint,on,5,50,50,0.5,5,10,0.0,1.5,10,16,42500,1.9542510258984156,0.6158075202078879,0.43634686346863466,4.2026946320615375,0.5743267831149927,1.12750555035683,0.4974903771656422,0,4.671
pendigits,3,cells,post_none_off,post,none,off,5,50,50,0.5,5,10,0.0,1.5,10,16,42500,1.4665298005730922,0.5231814032185965,0.4280442804428044,4.527965409053201,0.4856259097525473,2.1053355093685253,0.6825367592198285,0,3.86
pendigits,3,cells,pre_none_off,pre,none,off,5,50,50,0.5,5,10,0.0,1.5,10,16,42500,1.943733563813147,0.6916648462510093,0.5119926199261993,3.924633521515905,0.6918668122270742,1.0387849310344952,0.4712276625448553,0,4.267
pendigits,3,cells,pre_mass_off,pre,mass,off,5,50,50,0.5,5,10,0.0,1.5,10,16,42500,1.9198729562135333,0.7076716564446416,0.518450184501845,4.213123679514758,0.6995997088791849,1.1430342036068433,0.4761580522526183,0,3.674
pendigits,3,cells,post_footprint_on,post,footprint,on,5,50,50,0.5,5,10,0.0,1.5,10,16,42500,1.9129582654544932,0.5868439081703892,0.4608294930875576,4.0525805656087215,0.540938864628821,1.148247504902386,0.4825928605906684,0,4.759
pendigits,4,cells,post_none_off,post,none,off,5,50,50,0.5,5,10,0.0,1.5,10,16,42500,1.7221277742757288,0.5408191254475275,0.4381918819188192,4.7071439127112065,0.5078238719068413,1.5871820169811517,0.6997475609697382,0,3.585
pendigits,4,cells,pre_none_off,pre,none,off,5,50,50,0.5,5,10,0.0,1.5,10,16,42500,1.8871684239944295,0.6720043071102146,0.48523985239852396,4.201878679112581,0.6723071324599709,1.1798374741546935,0.5317555234816788,0,3.554
pendigits,4,cells,pre_mass_off,pre,mass,off,5,50,50,0.5,5,10,0.0,1.5,10,16,42500,2.3139770545503286,0.7107881888027123,0.544280442804428,4.209506921254965,0.7108806404657934,0.78616396172628,0.49360846328059477,0,3.617
pendigits,4,cells,post_footprint_on,post,footprint,on,5,50,50,0.5,5,10,0.0,1.5,10,16,42500,1.5490698290501363,0.5830702326549406,0.4151291512915129,4.124141416869491,0.5439410480349345,1.8084452826459383,0.5400734910963272,0,4.734
pendigits,5,cells,post_none_off,post,none,off,5,50,50,0.5,5,10,0.0,1.5,10,16,42500,1.1857589247517606,0.4735710706075946,0.3948339483394834,4.688503126023868,0.4481441048034934,3.334582032012345,0.7083429480198326,0,3.536
pendigits,5,cells,pre_none_off,pre,none,off,5,50,50,0.5,5,10,0.0,1.5,10,16,42500,2.0608779314882395,0.6387216453575799,0.5166051660516605,4.316556104731064,0.610080058224163,1.0163255709288341,0.5415261061923731,0,3.396
pendigits,5,cells,pre_mass_off,pre,mass,off,5,50,50,0.5,5,10,0.0,1.5,10,16,42500,2.232125762664936,0.6577270989428332,0.5276752767527675,4.374841254196806,0.6320050946142649,0.8780615879947862,0.524624690482314,0,3.497
pendigits,5,cells,post_footprint_on,post,footprint,on,5,50,50,0.5,5,10,0.0,1.5,10,16,42500,2.1345186779613883,0.6300868511629699,0.5471698113207547,4.139052327113497,0.6030749636098981,0.9525942040431038,0.5325967320346262,0,4.723
pendigits,6,cells,post_none_off,post,none,off,5,50,50,0.5,5,10,0.0,1.5,10,16,42500,1.5017344843675067,0.5310542314132902,0.38468634686346864,4.439804498612689,0.508551673944687,1.9686909266762995,0.6468629503907224,0,3.62
pendigits,6,cells,pre_none_off,pre,none,off,5,50,50,0.5,5,10,0.0,1.5,10,16,42500,1.2626286890181797,0.690249245205806,0.496309963099631,4.13837003589752,0.6831331877729258,2.5958405653215553,0.5251581349476186,0,3.408
pendigits,6,cells,pre_mass_off,pre,mass,off,5,50,50,0.5,5,10,0.0,1.5,10,16,42500,1.9294932461289103,0.6567094566352505,0.5581180811808119,4.216311559692701,0.6383733624454149,1.1325207545622982,0.514756442541796,0,3.632
pendigits,6,cells,post_footprint_on,post,footprint,on,5,50,50,0.5,5,10,0.0,1.5,10,16,42500,1.4654695373032114,0.621842463239292,0.5061188811188811,4.09748959995091,0.6115356622998545,1.9590617282781357,0.5170450657919643,0,5.007
pendigits,7,cells,post_none_off,post,none,off,5,50,50,0.5,5,10,0.0,1.5,10,16,42500,1.7310174367035833,0.5064341444101084,0.4488479262672811,4.546423661034582,0.4429585152838428,1.5172844888778056,0.6703094940197661,0,3.104
pendigits,7,cells,pre_none_off,pre,none,off,5,50,50,0.5,5,10,0.0,1.5,10,16,42500,1.7121079938476944,0.6957564482023131,0.5645756457564576,4.113375413611992,0.6927765647743813,1.4032531890760243,0.5182748175702147,0,3.169
pendigits,7,cells,pre_mass_off,pre,mass,off,5,50,50,0.5,5,10,0.0,1.5,10,16,42500,2.0386031925200925,0.6974509676190002,0.5119926199261993,4.154765661079579,0.6342794759825328,0.9997263373375292,0.47418185513737443,0,3.131
pendigits,7,cells,post_footprint_on,post,footprint,on,5,50,50,0.5,5,10,0.0,1.5,10,16,42500,1.8775432148353803,0.5856279588777016,0.44003690036900367,4.1425569615672,0.5051855895196506,1.2270828079518767,0.5010786472208589,0,4.749
pendigits,8,cells,post_none_off,post,none,off,5,50,50,0.5,5,10,0.0,1.5,10,16,42500,1.6294873240991103,0.4476882929264276,0.4022140221402214,4.546577856852771,0.42412663755458513,1.7123110513704733,0.6907227209068261,0,3.402
pendigits,8,cells,pre_none_off,pre,none,off,5,50,50,0.5,5,10,0.0,1.5,10,16,42500,1.8200049200839827,0.6922708946041521,0.5295202952029521,4.086475645614617,0.6604803493449781,1.2336835984225314,0.523193893385839,0,3.758
pendigits,8,cells,pre_mass_off,pre,mass,off,5,50,50,0.5,5,10,0.0,1.5,10,16,42500,1.4267265222203738,0.6178843583533415,0.48800738007380073,4.250615081073505,0.5662299854439592,2.088191431722679,0.5001717409073513,0,3.615
pendigits,8,cells,post_footprint_on,post,footprint,on,5,50,50,0.5,5,10,0.0,1.5,10,16,42500,1.9616179564121317,0.6192708635779703,0.43634686346863466,4.044000065146372,0.605349344978166,1.0852406003621313,0.503976945218645,0,4.719
pendigits,9,cells,post_none_off,post,none,off,5,50,50,0.5,5,10,0.0,1.5,10,16,42500,1.259328253942298,0.5163593602926394,0.3828413284132841,4.565945651587716,0.4909934497816594,2.879074105101907,0.7058603968395954,0,3.802
pendigits,9,cells,pre_none_off,pre,none,off,5,50,50,0.5,5,10,0.0,1.5,10,16,42500,1.942374531629261,0.6798387767194827,0.5562730627306273,4.233182187681436,0.6779475982532751,1.1220210639276171,0.5328352031413374,0,4.292
pendigits,9,cells,pre_mass_off,pre,mass,off,5,50,50,0.5,5,10,0.0,1.5,10,16,42500,2.77116210441564,0.6819708303566567,0.4483394833948339,4.257096916634496,0.6374636098981077,0.5543571770865314,0.492440300823024,0,3.369
pendigits,9,cells,post_footprint_on,post,footprint,on,5,50,50,0.5,5,10,0.0,1.5,10,16,42500,2.4959544411179566,0.687102355766118,0.48616236162361626,3.954885522541048,0.6285480349344978,0.6664027526608411,0.4829702472542123,0,4.162
digits_pca16,0,cells,post_none_off,post,none,off,5,50,50,0.5,5,10,0.0,1.3,10,16,42500,1.496875386637222,0.37662966484991883,0.31666666666666665,8.384698656471993,0.34390651085141904,3.742106680497819,0.7583632825991763,0,0.743
digits_pca16,0,cells,pre_none_off,pre,none,off,5,50,50,0.5,5,10,0.0,1.3,10,16,42500,1.9066703977158397,0.5314716479953244,0.30939226519337015,8.135337771597095,0.4691151919866444,2.2378158281778684,0.5887031619417057,0,1.336
digits_pca16,0,cells,pre_mass_off,pre,mass,off,5,50,50,0.5,5,10,0.0,1.3,10,16,42500,2.2338819963946563,0.5617243980636193,0.39444444444444443,8.198735506075138,0.4674457429048414,1.6429578437553922,0.5149697390878543,0,0.855
digits_pca16,0,cells,post_footprint_on,post,footprint,on,5,50,50,0.5,5,10,0.0,1.3,10,16,42500,2.1443545751701723,0.5621002901176012,0.37777777777777777,7.7496995261136,0.44741235392320533,1.78387271474029,0.5199574069658157,0,1.804
digits_pca16,1,cells,post_none_off,post,none,off,5,50,50,0.5,5,10,0.0,1.3,10,16,42500,1.4102169309970438,0.4022090427887034,0.3181818181818182,8.353130920544336,0.3550361713967724,4.200272232592654,0.7661842722228093,0,0.428
digits_pca16,1,cells,pre_none_off,pre,none,off,5,50,50,0.5,5,10,0.0,1.3,10,16,42500,1.8819287368389768,0.5441253207631381,0.39779005524861877,8.23748841866525,0.4485253199777407,2.3258862386302623,0.5685056726738485,0,0.432
digits_pca16,1,cells,pre_mass_off,pre,mass,off,5,50,50,0.5,5,10,0.0,1.3,10,16,42500,1.7979586224568238,0.5699431159021013,0.3409090909090909,8.308678439878616,0.4952698942682248,2.5702334165255096,0.5518816475842179,0,0.462
digits_pca16,1,cells,post_footprint_on,post,footprint,on,5,50,50,0.5,5,10,0.0,1.3,10,16,42500,1.739790872701366,0.4886937189633234,0.3898305084745763,7.819883964905591,0.454646633277685,2.7368643926140384,0.572256297206883,0,1.057
digits_pca16,2,cells,post_none_off,post,none,off,5,50,50,0.5,5,10,0.0,1.3,10,16,42500,1.5222783255773888,0.3640209474697363,0.281767955801105,8.31495000693004,0.3311074012242627,3.5881576385105207,0.7676236162679347,0,0.5
digits_pca16,2,cells,pre_none_off,pre,none,off,5,50,50,0.5,5,10,0.0,1.3,10,16,42500,2.1093770393531615,0.4857506584655519,0.39779005524861877,8.327402836745563,0.3806343906510851,1.8715487553282557,0.6205735007853107,0,0.524
digits_pca16,2,cells,pre_mass_off,pre,mass,off,5,50,50,0.5,5,10,0.0,1.3,10,16,42500,2.460549407325775,0.5578289426409777,0.4431818181818182,8.511854585565068,0.44629938786867,1.4059180789322274,0.558809369177265,0,0.582
digits_pca16,2,cells,post_footprint_on,post,footprint,on,5,50,50,0.5,5,10,0.0,1.3,10,16,42500,2.132294299637651,0.524808477774652,0.38333333333333336,7.829289770204165,0.44908180300500833,1.7978634834943812,0.5070271859143693,0,1.121
digits_pca16,3,cells,post_none_off,post,none,off,5,50,50,0.5,5,10,0.0,1.3,10,16,42500,1.8026733884277104,0.41610026056987764,0.3333333333333333,8.391510620706853,0.3600445186421814,2.5822961834505618,0.7740806701710041,0,0.611
digits_pca16,3,cells,pre_none_off,pre,none,off,5,50,50,0.5,5,10,0.0,1.3,10,16,42500,1.7366562505454841,0.5712115508754863,0.4143646408839779,8.085701536550076,0.4602114635503617,2.680957805471649,0.5759561849948577,0,0.781
digits_pca16,3,cells,pre_mass_off,pre,mass,off,5,50,50,0.5,5,10,0.0,1.3,10,16,42500,2.2559999292248594,0.6134355611923141,0.4222222222222222,8.15271279029272,0.4785754034501948,1.6018578710958904,0.5031787443782522,0,0.822
digits_pca16,3,cells,post_footprint_on,post,footprint,on,5,50,50,0.5,5,10,0.0,1.3,10,16,42500,1.5805321710597326,0.5449628440735883,0.4388888888888889,7.610229311901163,0.43850862548692265,3.271496976253787,0.5026077127302169,0,1.457
digits_pca16,4,cells,post_none_off,post,none,off,5,50,50,0.5,5,10,0.0,1.3,10,16,42500,1.6121981160391234,0.4407942676118554,0.35555555555555557,8.502732727878785,0.3823038397328882,3.2713100599144633,0.7356570225449198,0,0.48
digits_pca16,4,cells,pre_none_off,pre,none,off,5,50,50,0.5,5,10,0.0,1.3,10,16,42500,1.516478043969224,0.5233569361371826,0.34444444444444444,8.352671812710081,0.47189760712298273,3.632061252809502,0.6392883084305463,0,0.581
digits_pca16,4,cells,pre_mass_off,pre,mass,off,5,50,50,0.5,5,10,0.0,1.3,10,16,42500,2.396671690299982,0.6379829793922116,0.5254237288135594,8.601387013647683,0.5275459098497496,1.4974467821849113,0.5502222556269921,0,0.833
digits_pca16,4,cells,post_footprint_on,post,footprint,on,5,50,50,0.5,5,10,0.0,1.3,10,16,42500,1.3982051493786953,0.4856357081994559,0.34444444444444444,7.912006423757107,0.41791875347801893,4.382368470738183,0.5700666506282211,0,1.289
digits_pca16,5,cells,post_none_off,post,none,off,5,50,50,0.5,5,10,0.0,1.3,10,16,42500,1.4370027779770853,0.40007505020715506,0.27472527472527475,8.383222097793375,0.3778519755147468,4.0597169668710835,0.7398076869563333,0,0.482
digits_pca16,5,cells,pre_none_off,pre,none,off,5,50,50,0.5,5,10,0.0,1.3,10,16,42500,1.6415725976559075,0.4944855090889285,0.3425414364640884,8.53848452305092,0.4090150250417362,3.1685503135392854,0.6241232857460166,0,0.8
digits_pca16,5,cells,pre_mass_off,pre,mass,off,5,50,50,0.5,5,10,0.0,1.3,10,16,42500,2.2988573262186263,0.5919020858567683,0.375,8.611360411048421,0.49471341124095713,1.6294751025390966,0.54865187104073,0,0.722
digits_pca16,5,cells,post_footprint_on,post,footprint,on,5,50,50,0.5,5,10,0.0,1.3,10,16,42500,1.772671513444489,0.5317771759693232,0.34444444444444444,7.78860296438704,0.46633277685030605,2.665303007849032,0.5279632313503089,0,1.403
digits_pca16,6,cells,post_none_off,post,none,off,5,50,50,0.5,5,10,0.0,1.3,10,16,42500,1.4298987342076601,0.4719460499642608,0.3149171270718232,8.226629053012875,0.4273789649415693,4.023568056237899,0.720978000891716,0,0.688
digits_pca16,6,cells,pre_none_off,pre,none,off,5,50,50,0.5,5,10,0.0,1.3,10,16,42500,1.7459507384968065,0.5222844557651409,0.375,8.268018353218372,0.4501947690595437,2.7122983508598457,0.6327174155308026,0,0.78
digits_pca16,6,cells,pre_mass_off,pre,mass,off,5,50,50,0.5,5,10,0.0,1.3,10,16,42500,2.2114411550266486,0.5127812493300704,0.38636363636363635,8.445758428318385,0.4290484140233723,1.7269822747482488,0.5700974700491259,0,0.543
digits_pca16,6,cells,post_footprint_on,post,footprint,on,5,50,50,0.5,5,10,0.0,1.3,10,16,42500,1.660591811905914,0.5289475803878994,0.4166666666666667,7.689649135457134,0.4518642181413467,2.9807328872048764,0.5140203169282821,0,1.321
digits_pca16,7,cells,post_none_off,post,none,off,5,50,50,0.5,5,10,0.0,1.3,10,16,42500,1.3872038922384564,0.43011392613826527,0.31666666666666665,8.227728680339817,0.3656093489148581,4.2756226048854735,0.7358905078402148,0,0.806
digits_pca16,7,cells,pre_none_off,pre,none,off,5,50,50,0.5,5,10,0.0,1.3,10,16,42500,1.875433264019664,0.5731156091283857,0.4111111111111111,8.050029996870196,0.48080133555926546,2.2887284560767527,0.5375279272268328,0,0.799
digits_pca16,7,cells,pre_mass_off,pre,mass,off,5,50,50,0.5,5,10,0.0,1.3,10,16,42500,1.8152125933427579,0.5651192514123176,0.40555555555555556,8.38453193749224,0.4752365052865888,2.544625245689216,0.5166550934826718,0,0.802
digits_pca16,7,cells,post_footprint_on,post,footprint,on,5,50,50,0.5,5,10,0.0,1.3,10,16,42500,1.5591204130541494,0.49081589428570344,0.4,7.803096379757417,0.4373956594323873,3.41748487475949,0.5531680966299892,0,1.386
digits_pca16,8,cells,post_none_off,post,none,off,5,50,50,0.5,5,10,0.0,1.3,10,16,42500,1.3235309854405002,0.4007370896843396,0.29444444444444445,8.369204826054565,0.34557595993322204,4.777668035700614,0.7803912794518113,0,0.804
digits_pca16,8,cells,pre_none_off,pre,none,off,5,50,50,0.5,5,10,0.0,1.3,10,16,42500,1.939765814539371,0.5396999240403424,0.3314917127071823,8.20966160140786,0.47022815804117973,2.181858859890109,0.6266219757614767,0,0.732
digits_pca16,8,cells,pre_mass_off,pre,mass,off,5,50,50,0.5,5,10,0.0,1.3,10,16,42500,1.8769180291329268,0.5580203204456634,0.30939226519337015,8.353759212178455,0.4752365052865888,2.371326425338303,0.5956190235189235,0,0.512
digits_pca16,8,cells,post_footprint_on,post,footprint,on,5,50,50,0.5,5,10,0.0,1.3,10,16,42500,2.1089972741926974,0.5450774120667534,0.3867403314917127,7.646069914710389,0.4730105731775181,1.8506697525802864,0.5189830306248859,0,1.241
digits_pca16,9,cells,post_none_off,post,none,off,5,50,50,0.5,5,10,0.0,1.3,10,16,42500,1.3352396317616355,0.40981696125139955,0.31666666666666665,8.32034883990716,0.3811908736783528,4.666842092289734,0.7640968202373997,0,0.478
digits_pca16,9,cells,pre_none_off,pre,none,off,5,50,50,0.5,5,10,0.0,1.3,10,16,42500,1.6404995083542377,0.5041573575577789,0.35,8.213530129688491,0.4557595993322204,3.0519516244451323,0.6238421133802183,0,0.805
digits_pca16,9,cells,pre_mass_off,pre,mass,off,5,50,50,0.5,5,10,0.0,1.3,10,16,42500,1.8305290188032886,0.5220317429469934,0.3672316384180791,8.200146757785607,0.4507512520868113,2.447193942612708,0.5905798599948897,0,1.38
digits_pca16,9,cells,post_footprint_on,post,footprint,on,5,50,50,0.5,5,10,0.0,1.3,10,16,42500,1.8321768219434604,0.5091106077837595,0.3728813559322034,7.539876695797082,0.46410684474123537,2.4190974629141517,0.5183224068020954,0,2.054
digits_pca32,0,cells,post_none_off,post,none,off,5,50,50,0.5,5,10,0.0,1.1,10,32,82500,2.1673172773962195,0.36047468259285775,0.2596685082872928,25.4558492588575,0.27212020033388984,5.419292651745054,0.4791184702315309,0,1.328
digits_pca32,0,cells,pre_none_off,pre,none,off,5,50,50,0.5,5,10,0.0,1.1,10,32,82500,2.328758924627473,0.5655257178077766,0.37777777777777777,24.34327066803348,0.3516972732331664,4.488795945217252,0.3682112430745343,0,0.929
digits_pca32,0,cells,pre_mass_off,pre,mass,off,5,50,50,0.5,5,10,0.0,1.1,10,32,82500,2.319034308263557,0.6307889189288379,0.37777777777777777,24.552832121697428,0.36839176405119645,4.565488434298617,0.3171927298018904,0,1.656
digits_pca32,0,cells,post_footprint_on,post,footprint,on,5,50,50,0.5,5,10,0.0,1.1,10,32,82500,2.5083419832539664,0.4899164292932155,0.37362637362637363,22.97225792784908,0.38397328881469117,4.025767642192342,0.28765116648041805,0,3.245
digits_pca32,1,cells,post_none_off,post,none,off,5,50,50,0.5,5,10,0.0,1.1,10,32,82500,2.2048507925478598,0.33762499902591003,0.24175824175824176,25.329467268860352,0.2988313856427379,5.210358974791599,0.47190523075676166,0,0.937
digits_pca32,1,cells,pre_none_off,pre,none,off,5,50,50,0.5,5,10,0.0,1.1,10,32,82500,2.164911092422186,0.47566584656969263,0.3277777777777778,24.733203697288456,0.31719532554257096,5.277159769966033,0.37292120088854797,0,1.371
digits_pca32,1,cells,pre_mass_off,pre,mass,off,5,50,50,0.5,5,10,0.0,1.1,10,32,82500,2.6488997854089495,0.5410253068534443,0.37222222222222223,25.044744862263194,0.34613244296048973,3.5693205753162953,0.31988212796975507,0,1.479
digits_pca32,1,cells,post_footprint_on,post,footprint,on,5,50,50,0.5,5,10,0.0,1.1,10,32,82500,2.221667495159394,0.4830067506384553,0.35,22.937995742959995,0.36616583194212576,5.085998354064842,0.2701053483640986,0,1.698
digits_pca32,2,cells,post_none_off,post,none,off,5,50,50,0.5,5,10,0.0,1.1,10,32,82500,2.173217989236127,0.3678163377667547,0.27071823204419887,25.379069901499815,0.3055091819699499,5.373646819777841,0.4657321754439076,0,1.133
digits_pca32,2,cells,pre_none_off,pre,none,off,5,50,50,0.5,5,10,0.0,1.1,10,32,82500,2.377319467636805,0.45101520138440226,0.3259668508287293,24.806448800721324,0.3077351140790206,4.3892417669711215,0.3801356398270473,0,1.873
digits_pca32,2,cells,pre_mass_off,pre,mass,off,5,50,50,0.5,5,10,0.0,1.1,10,32,82500,2.598117839805651,0.6511416772669776,0.35911602209944754,25.031466148450413,0.4023372287145242,3.7082465213983316,0.3174154262690686,0,1.106
digits_pca32,2,cells,post_footprint_on,post,footprint,on,5,50,50,0.5,5,10,0.0,1.1,10,32,82500,2.3347609206607327,0.5156250894375534,0.37777777777777777,23.03815428293699,0.39065108514190316,4.643962371526406,0.2460927150605906,0,1.843
digits_pca32,3,cells,post_none_off,post,none,off,5,50,50,0.5,5,10,0.0,1.1,10,32,82500,2.0876357738877913,0.3389181811245607,0.25555555555555554,25.428343748035562,0.24707846410684475,5.834566753954915,0.4922602942469111,0,1.673
digits_pca32,3,cells,pre_none_off,pre,none,off,5,50,50,0.5,5,10,0.0,1.1,10,32,82500,2.081411727384617,0.4883326877855742,0.36666666666666664,24.159450011683358,0.29493600445186424,5.576619961730567,0.36541069699617146,0,1.377
digits_pca32,3,cells,pre_mass_off,pre,mass,off,5,50,50,0.5,5,10,0.0,1.1,10,32,82500,2.664829792958355,0.6077360171503784,0.4067796610169492,24.214458250552905,0.4323873121869783,3.4098541771798225,0.32979106120160256,0,1.605
digits_pca32,3,cells,post_footprint_on,post,footprint,on,5,50,50,0.5,5,10,0.0,1.1,10,32,82500,2.329285202035933,0.5074670068250496,0.32222222222222224,22.69562390223415,0.4045631608235949,4.616362068783863,0.23943852827324075,0,2.359
digits_pca32,4,cells,post_none_off,post,none,off,5,50,50,0.5,5,10,0.0,1.1,10,32,82500,2.202065853460847,0.3618043106053911,0.28888888888888886,25.51834370522758,0.3005008347245409,5.262497197271203,0.4692776306648961,0,1.203
digits_pca32,4,cells,pre_none_off,pre,none,off,5,50,50,0.5,5,10,0.0,1.1,10,32,82500,2.2314796412150533,0.5503594405709119,0.4198895027624309,24.906247012814532,0.34835837506956036,5.001755209276023,0.3917078632503692,0,1.383
digits_pca32,4,cells,pre_mass_off,pre,mass,off,5,50,50,0.5,5,10,0.0,1.1,10,32,82500,2.931403885168725,0.648418182935467,0.45,25.288297613654073,0.3867557039510295,2.9428510132610755,0.30118762270410404,0,0.958
digits_pca32,4,cells,post_footprint_on,post,footprint,on,5,50,50,0.5,5,10,0.0,1.1,10,32,82500,2.4262912615359045,0.44064249275446804,0.35,22.82190778196818,0.35392320534223703,4.362029835611411,0.267232385618828,0,1.964
digits_pca32,5,cells,post_none_off,post,none,off,5,50,50,0.5,5,10,0.0,1.1,10,32,82500,2.3928176138203994,0.3528565578180268,0.2833333333333333,25.46165341510978,0.2704507512520868,4.44700285589043,0.4459230507590519,0,0.641
digits_pca32,5,cells,pre_none_off,pre,none,off,5,50,50,0.5,5,10,0.0,1.1,10,32,82500,2.0812417041780815,0.46372984597213307,0.35,24.683522209994468,0.3038397328881469,5.698520196534688,0.3900374833394639,0,0.656
digits_pca32,5,cells,pre_mass_off,pre,mass,off,5,50,50,0.5,5,10,0.0,1.1,10,32,82500,2.4647662793358105,0.580899583082982,0.3693181818181818,25.102848882614996,0.4073455759599332,4.13210666941457,0.3329102685520016,0,0.68
digits_pca32,5,cells,post_footprint_on,post,footprint,on,5,50,50,0.5,5,10,0.0,1.1,10,32,82500,1.9603945748686404,0.4471682757532179,0.3333333333333333,22.575296992883544,0.32943795214245963,6.590959419461071,0.2653932349755168,0,1.238
digits_pca32,6,cells,post_none_off,post,none,off,5,50,50,0.5,5,10,0.0,1.1,10,32,82500,2.1801050412362692,0.37157763760824725,0.3,25.368716174520525,0.30161380077907624,5.337570830750502,0.48534256494462175,0,0.994
digits_pca32,6,cells,pre_none_off,pre,none,off,5,50,50,0.5,5,10,0.0,1.1,10,32,82500,2.118232923667536,0.4904668258030382,0.38333333333333336,24.616508451130414,0.3249860879243183,5.486293352660091,0.38792874803785066,0,0.68
digits_pca32,6,cells,pre_mass_off,pre,mass,off,5,50,50,0.5,5,10,0.0,1.1,10,32,82500,2.8440859618834677,0.5347879266063135,0.39204545454545453,25.074799631048855,0.34891485809682804,3.0999310480125244,0.32974793421733384,0,0.765
digits_pca32,6,cells,post_footprint_on,post,footprint,on,5,50,50,0.5,5,10,0.0,1.1,10,32,82500,1.662378736894593,0.45640122293336827,0.3333333333333333,23.603047762193672,0.39677239844184753,9.145721118463827,0.31128817576601275,0,1.722
digits_pca32,7,cells,post_none_off,post,none,off,5,50,50,0.5,5,10,0.0,1.1,10,32,82500,1.9697683092077272,0.3514253094508377,0.27071823204419887,25.226422276640616,0.2865887590428492,6.501676688242723,0.4703696008847802,0,1.855
digits_pca32,7,cells,pre_none_off,pre,none,off,5,50,50,0.5,5,10,0.0,1.1,10,32,82500,2.008627086880243,0.5296539948600139,0.3388888888888889,24.438443327019936,0.3789649415692821,6.057241775681397,0.38949760261858973,0,1.915
digits_pca32,7,cells,pre_mass_off,pre,mass,off,5,50,50,0.5,5,10,0.0,1.1,10,32,82500,2.6994347117230544,0.5356054519725957,0.35,24.96580810997879,0.3444629938786867,3.4260995031747217,0.36276242374329765,0,1.659
digits_pca32,7,cells,post_footprint_on,post,footprint,on,5,50,50,0.5,5,10,0.0,1.1,10,32,82500,2.4348693687072407,0.4852899921477302,0.3791208791208791,23.883202972973155,0.41958820255982193,4.284877765853125,0.315126354813484,0,2.419
digits_pca32,8,cells,post_none_off,post,none,off,5,50,50,0.5,5,10,0.0,1.1,10,32,82500,2.216867234125327,0.34727930512625954,0.32222222222222224,25.41699685811965,0.29549248747913187,5.171837446755212,0.47852849150976556,0,1.778
digits_pca32,8,cells,pre_none_off,pre,none,off,5,50,50,0.5,5,10,0.0,1.1,10,32,82500,2.29892600028708,0.457589362096105,0.39226519337016574,24.787327510577967,0.3411240957150807,4.690074279294631,0.39476301529479946,0,2.391
digits_pca32,8,cells,pre_mass_off,pre,mass,off,5,50,50,0.5,5,10,0.0,1.1,10,32,82500,2.2439599146730838,0.4942024958027747,0.32222222222222224,25.208015192316694,0.431274346132443,5.006203076486854,0.40347421395954314,0,1.39
digits_pca32,8,cells,post_footprint_on,post,footprint,on,5,50,50,0.5,5,10,0.0,1.1,10,32,82500,2.4954079745346673,0.44841569215271637,0.3425414364640884,22.934750229199512,0.35948803561491377,4.095326025231441,0.2712673183619739,0,1.811
digits_pca32,9,cells,post_none_off,post,none,off,5,50,50,0.5,5,10,0.0,1.1,10,32,82500,2.1777556425658986,0.3459744438420824,0.27472527472527475,25.256207649749356,0.2938230383973289,5.325370696715899,0.48103656558578045,0,1.196
digits_pca32,9,cells,pre_none_off,pre,none,off,5,50,50,0.5,5,10,0.0,1.1,10,32,82500,2.144765242465334,0.500171198930588,0.3314917127071823,24.9590231239339,0.3567056204785754,5.425853425094539,0.3917612016235461,0,1.064
digits_pca32,9,cells,pre_mass_off,pre,mass,off,5,50,50,0.5,5,10,0.0,1.1,10,32,82500,2.4999537383372266,0.5199803831035923,0.3425414364640884,25.077356886579906,0.4012242626599889,4.012525601363796,0.3496085234870322,0,0.946
digits_pca32,9,cells,post_footprint_on,post,footprint,on,5,50,50,0.5,5,10,0.0,1.1,10,32,82500,2.6762456098059326,0.45591196134581546,0.3241758241758242,22.822206985948927,0.37673900946021144,3.495236234682963,0.26855211907596527,0,2.104
letter,0,cells,post_none_off,post,none,off,5,50,50,0.5,5,10,0.0,1.3,26,16,110500,1.3727671117512903,0.255993290103511,0.1941747572815534,5.214425980736486,0.21485,2.7670230380488965,0.5437269030540732,0,18.584
letter,0,cells,pre_none_off,pre,none,off,5,50,50,0.5,5,10,0.0,1.3,26,16,110500,1.3026092921999253,0.26493285598587113,0.2087378640776699,5.090336000496194,0.22115,2.9999782507796957,0.482743407498148,0,17.917
letter,0,cells,pre_mass_off,pre,mass,off,5,50,50,0.5,5,10,0.0,1.3,26,16,110500,2.0006092943537426,0.28174489666881397,0.21972764078027235,5.213758981067546,0.24215,1.3026459295586388,0.44782529706222285,0,16.517
letter,0,cells,post_footprint_on,post,footprint,on,5,50,50,0.5,5,10,0.0,1.3,26,16,110500,1.6656320995414113,0.2698117313197849,0.23907766990291263,4.620604411127243,0.2303,1.8681082943212708,0.401251562613418,0,21.761
letter,1,cells,post_none_off,post,none,off,5,50,50,0.5,5,10,0.0,1.3,26,16,110500,1.5915481107608667,0.24397582489841688,0.20145631067961164,5.217799972341908,0.2003,2.0599082801443402,0.5332698804604075,0,18.964
letter,1,cells,pre_none_off,pre,none,off,5,50,50,0.5,5,10,0.0,1.3,26,16,110500,1.5413038451813317,0.2779684434333668,0.254247572815534,5.084184880578535,0.22695,2.1401529447339525,0.4611737348245549,0,17.501
letter,1,cells,pre_mass_off,pre,mass,off,5,50,50,0.5,5,10,0.0,1.3,26,16,110500,1.7311222821476355,0.28497365643194805,0.22815533980582525,5.125607464129976,0.24445,1.7103691342684393,0.44284558155375303,0,16.67
letter,1,cells,post_footprint_on,post,footprint,on,5,50,50,0.5,5,10,0.0,1.3,26,16,110500,1.6611484926701119,0.2738055968584362,0.23240291262135923,4.601657186984822,0.22345,1.8970677475319353,0.39549846633691454,0,22.129
letter,2,cells,post_none_off,post,none,off,5,50,50,0.5,5,10,0.0,1.3,26,16,110500,1.425110233636672,0.25964865436595097,0.17657766990291263,5.186766134277689,0.2166,2.5538756602965598,0.5327565574833996,0,18.121
letter,2,cells,pre_none_off,pre,none,off,5,50,50,0.5,5,10,0.0,1.3,26,16,110500,1.5936620367947694,0.266136013621773,0.23179611650485438,5.077149182308695,0.2306,1.9990675520691603,0.47312647102893995,0,17.445
letter,2,cells,pre_mass_off,pre,mass,off,5,50,50,0.5,5,10,0.0,1.3,26,16,110500,1.9378317006835368,0.27837807352236826,0.22575057736720555,5.15349429407942,0.23945,1.372365169490698,0.44120503794458005,0,16.881
letter,2,cells,post_footprint_on,post,footprint,on,5,50,50,0.5,5,10,0.0,1.3,26,16,110500,1.8334135261332178,0.2595054693115125,0.21177184466019416,4.548448631664028,0.2198,1.5172444701853536,0.38619002658761803,0,22.038
letter,3,cells,post_none_off,post,none,off,5,50,50,0.5,5,10,0.0,1.3,26,16,110500,1.274101826942488,0.23478286221124742,0.17050970873786409,5.228599032247323,0.202,3.220898664282178,0.5487447237341138,0,18.029
letter,3,cells,pre_none_off,pre,none,off,5,50,50,0.5,5,10,0.0,1.3,26,16,110500,1.2653844429451633,0.24933777778431604,0.22322970639032816,5.100686187534009,0.22645,3.1855441122480674,0.475671034847367,0,17.611
letter,3,cells,pre_mass_off,pre,mass,off,5,50,50,0.5,5,10,0.0,1.3,26,16,110500,1.8023803639390885,0.26243152913888634,0.2032766990291262,5.153644109841294,0.2359,1.5864322502693629,0.4602581349588995,0,17.971
letter,3,cells,post_footprint_on,post,footprint,on,5,50,50,0.5,5,10,0.0,1.3,26,16,110500,1.7442310035522444,0.258035846150538,0.2178343949044586,4.5296434607658345,0.2225,1.684358318175041,0.3983418952565367,0,21.664
letter,4,cells,post_none_off,post,none,off,5,50,50,0.5,5,10,0.0,1.3,26,16,110500,1.4505799101340457,0.24570065820682033,0.1862864077669903,5.27274873561139,0.20825,2.505842434712381,0.553742249031435,0,17.448
letter,4,cells,pre_none_off,pre,none,off,5,50,50,0.5,5,10,0.0,1.3,26,16,110500,1.3265254088629468,0.25000397142332964,0.2196601941747573,5.120445122622546,0.20565,2.909889985588471,0.49019422081023645,0,17.419
letter,4,cells,pre_mass_off,pre,mass,off,5,50,50,0.5,5,10,0.0,1.3,26,16,110500,1.7762515997585646,0.2674510462935887,0.19174757281553398,5.177181646014452,0.22845,1.640908779642935,0.4625634207356516,0,14.904
letter,4,cells,post_footprint_on,post,footprint,on,5,50,50,0.5,5,10,0.0,1.3,26,16,110500,1.5909515850421139,0.2527649417376394,0.20449029126213591,4.56337962202163,0.21955,2.029144410397441,0.41185461053573835,0,20.879
letter,5,cells,post_none_off,post,none,off,5,50,50,0.5,5,10,0.0,1.3,26,16,110500,1.3013416986318969,0.241508309402634,0.16990291262135923,5.2814079243750545,0.2013,3.11865275193868,0.5482573395228765,0,19.415
letter,5,cells,pre_none_off,pre,none,off,5,50,50,0.5,5,10,0.0,1.3,26,16,110500,1.520042905304076,0.25321251548982315,0.19235436893203883,5.1714429349111,0.2196,2.238205936996052,0.502754835198261,0,18.719
letter,5,cells,pre_mass_off,pre,mass,off,5,50,50,0.5,5,10,0.0,1.3,26,16,110500,2.009428305998988,0.2583937458404857,0.21298543689320387,5.304422121107922,0.2234,1.3136904601740922,0.47258824111895514,0,14.447
letter,5,cells,post_footprint_on,post,footprint,on,5,50,50,0.5,5,10,0.0,1.3,26,16,110500,1.809212689912712,0.24768366714686904,0.20024271844660194,4.659310367987024,0.2144,1.592263430088107,0.41560422617597587,0,24.252
letter,6,cells,post_none_off,post,none,off,5,50,50,0.5,5,10,0.0,1.3,26,16,110500,1.6734712932714484,0.2490351749676564,0.2087378640776699,5.20063462633941,0.21035,1.8570338045164592,0.5295429108824233,0,16.238
letter,6,cells,pre_none_off,pre,none,off,5,50,50,0.5,5,10,0.0,1.3,26,16,110500,1.6688076450885605,0.2750877700675479,0.22936893203883496,5.07886353482143,0.2311,1.8237024540053899,0.4672019250195878,0,14.599
letter,6,cells,pre_mass_off,pre,mass,off,5,50,50,0.5,5,10,0.0,1.3,26,16,110500,1.8010395642842125,0.27456223637310295,0.24018475750577367,5.274900879310374,0.2329,1.6261769340288097,0.4534347516155636,0,18.156
letter,6,cells,post_footprint_on,post,footprint,on,5,50,50,0.5,5,10,0.0,1.3,26,16,110500,1.7779723290842973,0.27658811092707203,0.22572815533980584,4.7063506289809665,0.2245,1.6487641817813903,0.41904326426041766,0,22.325
letter,7,cells,post_none_off,post,none,off,5,50,50,0.5,5,10,0.0,1.3,26,16,110500,1.5994160140661806,0.2585489390438006,0.2318471337579618,5.222586696499992,0.21665,2.041562961411774,0.5297966566874978,0,15.49
letter,7,cells,pre_none_off,pre,none,off,5,50,50,0.5,5,10,0.0,1.3,26,16,110500,1.742453763777598,0.2690552121680193,0.23483009708737865,5.081287378581362,0.23055,1.673598322736883,0.46689102231419916,0,16.549
letter,7,cells,pre_mass_off,pre,mass,off,5,50,50,0.5,5,10,0.0,1.3,26,16,110500,2.11500955075255,0.2859019258386153,0.2415871421396283,5.2072071645833935,0.2494,1.1640729308942608,0.43045061086583236,0,17.832
letter,7,cells,post_footprint_on,post,footprint,on,5,50,50,0.5,5,10,0.0,1.3,26,16,110500,1.81614015468563,0.25936685944907945,0.23316062176165803,4.524699075283462,0.2115,1.5509536477124257,0.3798124938131711,0,21.987
letter,8,cells,post_none_off,post,none,off,5,50,50,0.5,5,10,0.0,1.3,26,16,110500,1.4875384658874862,0.2611195388246804,0.21237864077669902,5.20059609551262,0.21165,2.3502643653510606,0.5323679764752287,0,15.406
letter,8,cells,pre_none_off,pre,none,off,5,50,50,0.5,5,10,0.0,1.3,26,16,110500,1.7502122171637562,0.2719312175430042,0.23058252427184467,5.118212013106866,0.2283,1.6708476404710888,0.4636451400566801,0,16.7
letter,8,cells,pre_mass_off,pre,mass,off,5,50,50,0.5,5,10,0.0,1.3,26,16,110500,1.9839133008310392,0.2882831192123653,0.25,5.214618280078018,0.2417,1.3248818316230924,0.4442518050022505,0,18.111
letter,8,cells,post_footprint_on,post,footprint,on,5,50,50,0.5,5,10,0.0,1.3,26,16,110500,1.65297557342209,0.2728628289976396,0.23361650485436894,4.567795298548047,0.23125,1.8900682530759119,0.38662685504913125,0,22.162
letter,9,cells,post_none_off,post,none,off,5,50,50,0.5,5,10,0.0,1.3,26,16,110500,1.222235042973317,0.25961674104144083,0.23361650485436894,5.1841211990547595,0.2135,3.4702893199796963,0.532886351187196,0,14.269
letter,9,cells,pre_none_off,pre,none,off,5,50,50,0.5,5,10,0.0,1.3,26,16,110500,1.7775642144253658,0.2683118073437991,0.21844660194174756,5.0467829631613,0.22615,1.5972173943771333,0.4791519680067176,0,16.837
letter,9,cells,pre_mass_off,pre,mass,off,5,50,50,0.5,5,10,0.0,1.3,26,16,110500,2.044362713715088,0.2799413682998456,0.21844660194174756,5.189365689242974,0.2363,1.2416476565081804,0.45182949319202453,0,18.5
letter,9,cells,post_footprint_on,post,footprint,on,5,50,50,0.5,5,10,0.0,1.3,26,16,110500,1.6580634618362755,0.26700436014165374,0.21480582524271843,4.4895021010394816,0.22345,1.847955817871266,0.38844604526381016,0,21.654
mnist784_pca32 (20c),0,cells,post_none_off,post,none,off,5,50,50,0.5,10,20,0.0,1.1,10,32,165000,1.994172275860934,0.4305250621636138,0.34004143237644274,25.010679067533754,0.3676,6.289268489060478,0.39659823803523025,0,26.848
mnist784_pca32 (20c),0,cells,pre_none_off,pre,none,off,5,50,50,0.5,10,20,0.0,1.1,10,32,165000,2.3817176701954277,0.464492187151975,0.3363870598339536,24.995345183822653,0.36664285714285716,4.406345846773681,0.3275839982631941,0,27.575
mnist784_pca32 (20c),0,cells,pre_mass_off,pre,mass,off,5,50,50,0.5,10,20,0.0,1.1,10,32,165000,2.549066598984685,0.5379503935486883,0.43102508178844057,25.3958051845634,0.3813142857142857,3.9084055577031585,0.2808011433953588,0,29.522
mnist784_pca32 (20c),0,cells,post_footprint_on,post,footprint,on,5,50,50,0.5,10,20,0.0,1.1,10,32,165000,2.1497587562086187,0.4746895047754259,0.34753031647441585,23.05744765767815,0.3474714285714286,5.370276193998507,0.2578154885512911,0,34.453
mnist784_pca32 (20c),1,cells,post_none_off,post,none,off,5,50,50,0.5,10,20,0.0,1.1,10,32,165000,2.0897933250420437,0.39669133356427555,0.3026918671248568,24.91333554576343,0.33334285714285716,5.704600058066115,0.3979277232148557,0,26.36
mnist784_pca32 (20c),1,cells,pre_none_off,pre,none,off,5,50,50,0.5,10,20,0.0,1.1,10,32,165000,2.2941104411389963,0.5199364799821939,0.4625137816979052,24.794994193014634,0.3700428571428571,4.711241510754287,0.3302773022704716,0,27.878
mnist784_pca32 (20c),1,cells,pre_mass_off,pre,mass,off,5,50,50,0.5,10,20,0.0,1.1,10,32,165000,2.252554148778925,0.5383467096187762,0.44786174575278265,24.82741290625155,0.40891428571428573,4.8930650297602725,0.2997405133732047,0,28.947
mnist784_pca32 (20c),1,cells,post_footprint_on,post,footprint,on,5,50,50,0.5,10,20,0.0,1.1,10,32,165000,2.3488627110766434,0.500305139990314,0.44099209593894795,23.33015847029222,0.3883285714285714,4.520510971747686,0.2914899664927784,0,34.828
mnist784_pca32 (20c),2,cells,post_none_off,post,none,off,5,50,50,0.5,10,20,0.0,1.1,10,32,165000,2.1182340993333577,0.41950409819911244,0.37022787807043506,25.114421616805487,0.32598571428571427,5.5972572917213865,0.41178962160757393,0,30.373
mnist784_pca32 (20c),2,cells,pre_none_off,pre,none,off,5,50,50,0.5,10,20,0.0,1.1,10,32,165000,2.4565618439862953,0.47652767131220475,0.385664538595473,24.995346421364534,0.3230857142857143,4.141939550028704,0.3606883181084049,0,30.561
mnist784_pca32 (20c),2,cells,pre_mass_off,pre,mass,off,5,50,50,0.5,10,20,0.0,1.1,10,32,165000,2.681307087872109,0.5714475671718469,0.528935532233883,25.009004250716067,0.4229,3.4785903507111655,0.3088045119407165,0,30.379
mnist784_pca32 (20c),2,cells,post_footprint_on,post,footprint,on,5,50,50,0.5,10,20,0.0,1.1,10,32,165000,2.618491620436394,0.4786649836743688,0.39265375854214124,23.58808878812746,0.40567142857142857,3.6135472238850324,0.28972382348913317,0,33.087
mnist784_pca32 (20c),3,cells,post_none_off,post,none,off,5,50,50,0.5,10,20,0.0,1.1,10,32,165000,2.396287039357704,0.4188895562116718,0.331558710440698,24.99755331154602,0.3697285714285714,4.35331231727033,0.3967823114558225,0,29.793
mnist784_pca32 (20c),3,cells,pre_none_off,pre,none,off,5,50,50,0.5,10,20,0.0,1.1,10,32,165000,2.5064594699546703,0.4487028330619688,0.35847382431233366,24.878184136779254,0.3399857142857143,3.960019324276682,0.3533388259789077,0,29.602
mnist784_pca32 (20c),3,cells,pre_mass_off,pre,mass,off,5,50,50,0.5,10,20,0.0,1.1,10,32,165000,2.7231037763991597,0.5271205283189366,0.3919267105639851,25.262617798446684,0.3775857142857143,3.406826107677504,0.30338259388156397,0,29.176
mnist784_pca32 (20c),3,cells,post_footprint_on,post,footprint,on,5,50,50,0.5,10,20,0.0,1.1,10,32,165000,2.5176843914663647,0.4811347880444754,0.41208476517754866,23.33409519932242,0.36788571428571426,3.9110924959037385,0.2592451993868376,0,32.167
mnist784_pca32 (20c),4,cells,post_none_off,post,none,off,5,50,50,0.5,10,20,0.0,1.1,10,32,165000,2.01424074290837,0.420194503868654,0.3249482095294466,25.0418988309407,0.3264714285714286,6.172264148950655,0.4095472570549552,0,28.151
mnist784_pca32 (20c),4,cells,pre_none_off,pre,none,off,5,50,50,0.5,10,20,0.0,1.1,10,32,165000,2.4567101096964556,0.4490117868335382,0.348411107930146,24.95771071549541,0.3556,4.135203821144151,0.34526080916154395,0,26.393
mnist784_pca32 (20c),4,cells,pre_mass_off,pre,mass,off,5,50,50,0.5,10,20,0.0,1.1,10,32,165000,2.5697875853889647,0.5590916023887077,0.4982425307557118,25.039687656024864,0.42275714285714283,3.7917042362063067,0.30254086642258465,0,26.678
mnist784_pca32 (20c),4,cells,post_footprint_on,post,footprint,on,5,50,50,0.5,10,20,0.0,1.1,10,32,165000,2.2040384280633574,0.4818025046982558,0.3442768411712511,23.30455478959839,0.33184285714285716,5.11448903012805,0.281480420935113,0,27.707
mnist784_pca32 (20c),5,cells,post_none_off,post,none,off,5,50,50,0.5,10,20,0.0,1.1,10,32,165000,2.171449321726566,0.38776578569122894,0.34316427783902975,25.129788313886053,0.29632857142857144,5.329536417196183,0.40488893563946626,0,28.691
mnist784_pca32 (20c),5,cells,pre_none_off,pre,none,off,5,50,50,0.5,10,20,0.0,1.1,10,32,165000,2.4402039041853563,0.5157749582532785,0.4729458917835671,24.924611993746584,0.3565714285714286,4.185777806933531,0.345223059391599,0,25.672
mnist784_pca32 (20c),5,cells,pre_mass_off,pre,mass,off,5,50,50,0.5,10,20,0.0,1.1,10,32,165000,2.492681089037134,0.5178560932018822,0.47040409789413773,24.930047487803062,0.4229857142857143,4.012265541799961,0.33570430935920087,0,26.959
mnist784_pca32 (20c),5,cells,post_footprint_on,post,footprint,on,5,50,50,0.5,10,20,0.0,1.1,10,32,165000,2.196947081739781,0.4942678691899413,0.3630410022779043,23.22185744038465,0.3563857142857143,5.122635022892386,0.2827650382085665,0,28.413
mnist784_pca32 (20c),6,cells,post_none_off,post,none,off,5,50,50,0.5,10,20,0.0,1.1,10,32,165000,2.398395934416707,0.38374315232786516,0.2762668193529917,25.138285136358604,0.3191428571428571,4.370125301449022,0.3950470431982615,0,29.183
mnist784_pca32 (20c),6,cells,pre_none_off,pre,none,off,5,50,50,0.5,10,20,0.0,1.1,10,32,165000,2.271463177669512,0.45203981435294793,0.32331042382588776,25.07816941400814,0.31467142857142855,4.86053897619547,0.344938267249647,0,25.843
mnist784_pca32 (20c),6,cells,pre_mass_off,pre,mass,off,5,50,50,0.5,10,20,0.0,1.1,10,32,165000,2.6160688417258364,0.4990492810308651,0.4262052647145815,25.1684391210682,0.3327857142857143,3.6775445806862943,0.3030242368591107,0,26.283
mnist784_pca32 (20c),6,cells,post_footprint_on,post,footprint,on,5,50,50,0.5,10,20,0.0,1.1,10,32,165000,1.6642552109943398,0.5102733617671509,0.41657175398633256,23.746587671855504,0.38092857142857145,9.004899133621672,0.3132018611985334,0,28.808
mnist784_pca32 (20c),7,cells,post_none_off,post,none,off,5,50,50,0.5,10,20,0.0,1.1,10,32,165000,2.278952397948001,0.39431210069565664,0.33953621528771827,25.110440948578876,0.31624285714285716,4.8348592029991595,0.40643555055018815,0,28.519
mnist784_pca32 (20c),7,cells,pre_none_off,pre,none,off,5,50,50,0.5,10,20,0.0,1.1,10,32,165000,2.588965905743716,0.4477039081091241,0.3404197328972472,24.8660684503453,0.34272857142857144,3.7098338739668946,0.3405200515016716,0,25.377
mnist784_pca32 (20c),7,cells,pre_mass_off,pre,mass,off,5,50,50,0.5,10,20,0.0,1.1,10,32,165000,2.741427712061752,0.4935391496393458,0.4091039221299742,25.30128314188516,0.3890857142857143,3.3665800816872,0.3165056666433543,0,25.993
mnist784_pca32 (20c),7,cells,post_footprint_on,post,footprint,on,5,50,50,0.5,10,20,0.0,1.1,10,32,165000,2.3933202640574893,0.4723009801273861,0.4061052057781412,23.471855299967363,0.37815714285714286,4.357157333391661,0.2854404226220104,0,27.857
mnist784_pca32 (20c),8,cells,post_none_off,post,none,off,5,50,50,0.5,10,20,0.0,1.1,10,32,165000,2.1021316905750016,0.4180750444541729,0.3163087637840975,24.93975810239185,0.34387142857142855,5.643810171686425,0.3973489964103185,0,27.912
mnist784_pca32 (20c),8,cells,pre_none_off,pre,none,off,5,50,50,0.5,10,20,0.0,1.1,10,32,165000,2.6891972556162314,0.44071941240507273,0.3944954128440367,24.836362577968067,0.3788285714285714,3.434335132255699,0.3568312498274969,0,25.663
mnist784_pca32 (20c),8,cells,pre_mass_off,pre,mass,off,5,50,50,0.5,10,20,0.0,1.1,10,32,165000,2.6852633445123715,0.5330041104636025,0.4893910168090383,24.845298560882004,0.43734285714285714,3.445644383322201,0.3028329943640759,0,26.528
mnist784_pca32 (20c),8,cells,post_footprint_on,post,footprint,on,5,50,50,0.5,10,20,0.0,1.1,10,32,165000,2.088114393604669,0.5035247427501855,0.40922026180990323,23.419811529476913,0.35428571428571426,5.687723419279077,0.30054624462339946,0,28.263
mnist784_pca32 (20c),9,cells,post_none_off,post,none,off,5,50,50,0.5,10,20,0.0,1.1,10,32,165000,2.0138722130827458,0.39594086716993576,0.3340104468949507,25.18664485654904,0.31015714285714285,6.210213044786986,0.40830976364497623,0,28.066
mnist784_pca32 (20c),9,cells,pre_none_off,pre,none,off,5,50,50,0.5,10,20,0.0,1.1,10,32,165000,2.344828853973204,0.4419431085421112,0.3020326367019754,25.018472429935844,0.3615714285714286,4.550283858527388,0.3769631014668918,0,25.298
mnist784_pca32 (20c),9,cells,pre_mass_off,pre,mass,off,5,50,50,0.5,10,20,0.0,1.1,10,32,165000,2.2256335369241786,0.5264537634119677,0.4606355568279416,24.956845059433622,0.43615714285714285,5.038280806545843,0.32848872562666964,0,26.012
mnist784_pca32 (20c),9,cells,post_footprint_on,post,footprint,on,5,50,50,0.5,10,20,0.0,1.1,10,32,165000,1.9806772611340655,0.49497120143483897,0.41986522121300907,23.581977767606713,0.3772285714285714,6.358128361623408,0.30639730847384405,0,28.365
mnist784_pca32 (50c),0,cells,post_none_off,post,none,off,5,50,50,0.5,25,50,0.0,1.1,10,32,412500,2.134132717105437,0.394990283707628,0.32269760696156635,24.88491660934361,0.3195142857142857,5.463781737707177,0.3958959812880381,0,47.659
mnist784_pca32 (50c),0,cells,pre_none_off,pre,none,off,5,50,50,0.5,25,50,0.0,1.1,10,32,412500,2.457997791968632,0.463231228431133,0.41706813489332417,24.658211094340857,0.4009714285714286,4.08130065913574,0.35003705297033844,0,47.645
mnist784_pca32 (50c),0,cells,pre_mass_off,pre,mass,off,5,50,50,0.5,25,50,0.0,1.1,10,32,412500,2.385837367950693,0.4909781662789337,0.3860569715142429,24.981308857137122,0.38804285714285713,4.38867596346691,0.32781467606502307,0,48.141
mnist784_pca32 (50c),0,cells,post_footprint_on,post,footprint,on,5,50,50,0.5,25,50,0.0,1.1,10,32,412500,2.53273661463525,0.47423761257422803,0.4017991004497751,23.396139545787097,0.39202857142857145,3.8371430005137115,0.28631424709868986,0,55.932
mnist784_pca32 (50c),1,cells,post_none_off,post,none,off,5,50,50,0.5,25,50,0.0,1.1,10,32,412500,2.0413014421821116,0.3983658545857193,0.29288389513108615,24.96975970189651,0.34187142857142855,5.992390103643998,0.41616364713421744,0,46.812
mnist784_pca32 (50c),1,cells,pre_none_off,pre,none,off,5,50,50,0.5,25,50,0.0,1.1,10,32,412500,2.372681299874666,0.4707846108166022,0.38940586972083036,24.805253958480503,0.3512,4.406206663412265,0.3483388027951312,0,46.461
mnist784_pca32 (50c),1,cells,pre_mass_off,pre,mass,off,5,50,50,0.5,25,50,0.0,1.1,10,32,412500,2.5733318329068826,0.4949427824483916,0.3712660028449502,25.082400414978814,0.3617,3.787716901462495,0.30665168446370245,0,47.912
mnist784_pca32 (50c),1,cells,post_footprint_on,post,footprint,on,5,50,50,0.5,25,50,0.0,1.1,10,32,412500,2.4248497334186436,0.44886367932869625,0.3594674556213018,23.73148730163271,0.3551,4.23915361161134,0.31016971220177675,0,56.404
mnist784_pca32 (50c),2,cells,post_none_off,post,none,off,5,50,50,0.5,25,50,0.0,1.1,10,32,412500,2.1088976480600605,0.41115226686722506,0.3113905325443787,24.96802718264366,0.3515714285714286,5.614010538314994,0.4049680326089009,0,48.231
mnist784_pca32 (50c),2,cells,pre_none_off,pre,none,off,5,50,50,0.5,25,50,0.0,1.1,10,32,412500,2.359330825290941,0.4847498280870517,0.37577426015141085,24.92081561834968,0.38042857142857145,4.476973958012121,0.3581860331930452,0,49.11
mnist784_pca32 (50c),2,cells,pre_mass_off,pre,mass,off,5,50,50,0.5,25,50,0.0,1.1,10,32,412500,2.3897498221711446,0.5808287779125854,0.4703730797366496,24.933026439284458,0.41141428571428573,4.365863182299326,0.3133931092619525,0,48.605
mnist784_pca32 (50c),2,cells,post_footprint_on,post,footprint,on,5,50,50,0.5,25,50,0.0,1.1,10,32,412500,2.466385117248121,0.4772560920405027,0.373811265544989,23.94409256692994,0.4233571428571429,4.069831164823299,0.3464606925270025,0,58.094
mnist784_pca32 (50c),3,cells,post_none_off,post,none,off,5,50,50,0.5,25,50,0.0,1.1,10,32,412500,2.390771909933078,0.4205924976090867,0.35790980672870437,24.91948023460861,0.3598571428571429,4.359761085741267,0.39577708637708736,0,45.549
mnist784_pca32 (50c),3,cells,pre_none_off,pre,none,off,5,50,50,0.5,25,50,0.0,1.1,10,32,412500,2.414790759044179,0.4521994479325646,0.3927536231884058,24.85354438070869,0.3406,4.262155810672237,0.33812333055466254,0,46.579
mnist784_pca32 (50c),3,cells,pre_mass_off,pre,mass,off,5,50,50,0.5,25,50,0.0,1.1,10,32,412500,2.462023174456235,0.4675778463224436,0.3789855072463768,24.884080003931185,0.36997142857142856,4.105228316870634,0.2937017686616845,0,47.306
mnist784_pca32 (50c),3,cells,post_footprint_on,post,footprint,on,5,50,50,0.5,25,50,0.0,1.1,10,32,412500,2.4322720384916705,0.47310129184208266,0.35798816568047337,23.179750467576692,0.3746,4.176811441521907,0.27967081622551343,0,56.484
mnist784_pca32 (50c),4,cells,post_none_off,post,none,off,5,50,50,0.5,25,50,0.0,1.1,10,32,412500,2.1180265999383043,0.3866017956612628,0.32322485207100593,25.043530407118638,0.32721428571428574,5.582551415523812,0.4111063447125586,0,46.897
mnist784_pca32 (50c),4,cells,pre_none_off,pre,none,off,5,50,50,0.5,25,50,0.0,1.1,10,32,412500,2.3848694274629763,0.4543019936753982,0.3509789702683104,24.93346279949247,0.32321428571428573,4.383826783922659,0.3299976096477215,0,46.531
mnist784_pca32 (50c),4,cells,pre_mass_off,pre,mass,off,5,50,50,0.5,25,50,0.0,1.1,10,32,412500,2.5641520059748455,0.48907405019942657,0.3966642494561276,24.895020583948764,0.37702857142857144,3.786386608697167,0.28706420678814343,0,47.96
mnist784_pca32 (50c),4,cells,post_footprint_on,post,footprint,on,5,50,50,0.5,25,50,0.0,1.1,10,32,412500,1.6785274696306425,0.4734750358491634,0.404047976011994,23.133472944350153,0.3301857142857143,8.782966924525335,0.2606684448300975,0,55.172
mnist784_pca32 (50c),5,cells,post_none_off,post,none,off,5,50,50,0.5,25,50,0.0,1.1,10,32,412500,2.0699428768187578,0.3964658401096859,0.2965917331399565,25.031449234244125,0.33727142857142856,5.842103856367415,0.4155791130561102,0,45.667
mnist784_pca32 (50c),5,cells,pre_none_off,pre,none,off,5,50,50,0.5,25,50,0.0,1.1,10,32,412500,2.439180674486,0.4694465190924588,0.4209737827715356,24.724210991804696,0.386,4.15560729679206,0.34340609446381415,0,46.557
mnist784_pca32 (50c),5,cells,pre_mass_off,pre,mass,off,5,50,50,0.5,25,50,0.0,1.1,10,32,412500,2.7142816169346253,0.5160624208477556,0.4498220640569395,25.04289875946577,0.3559285714285714,3.3991848863350778,0.3030917891944159,0,47.67
mnist784_pca32 (50c),5,cells,post_footprint_on,post,footprint,on,5,50,50,0.5,25,50,0.0,1.1,10,32,412500,2.2075121902511943,0.5108478096955762,0.4,23.452388609163084,0.36425714285714283,5.0837933916812545,0.2965465543355932,0,56.034
mnist784_pca32 (50c),6,cells,post_none_off,post,none,off,5,50,50,0.5,25,50,0.0,1.1,10,32,412500,1.987577282466134,0.4208564755909256,0.3291420118343195,25.025910281705034,0.3591714285714286,6.334930211235786,0.4400038796229181,0,46.517
mnist784_pca32 (50c),6,cells,pre_none_off,pre,none,off,5,50,50,0.5,25,50,0.0,1.1,10,32,412500,2.2572814311963065,0.47530520721814745,0.4167852062588905,24.85811317759992,0.3308142857142857,4.878617204393305,0.37445376490234983,0,49.57
mnist784_pca32 (50c),6,cells,pre_mass_off,pre,mass,off,5,50,50,0.5,25,50,0.0,1.1,10,32,412500,2.5361916712041364,0.5594072458549593,0.4906960716747071,24.825155396191654,0.4295428571428571,3.859471441641536,0.30517159830580304,0,47.509
mnist784_pca32 (50c),6,cells,post_footprint_on,post,footprint,on,5,50,50,0.5,25,50,0.0,1.1,10,32,412500,2.0913986725896403,0.5000378514236451,0.4017403915881073,23.663565754486452,0.4415857142857143,5.666046598715074,0.31803460151609786,0,58.665
mnist784_pca32 (50c),7,cells,post_none_off,post,none,off,5,50,50,0.5,25,50,0.0,1.1,10,32,412500,1.895966563204173,0.3747439040938962,0.28060128847530424,25.036812902413672,0.3460285714285714,6.964945075419606,0.4212556807285954,0,47.972
mnist784_pca32 (50c),7,cells,pre_none_off,pre,none,off,5,50,50,0.5,25,50,0.0,1.1,10,32,412500,2.104606658633469,0.5026186811462084,0.4087329992841804,24.835625202395217,0.3788285714285714,5.607034354264805,0.35005527133990133,0,47.425
mnist784_pca32 (50c),7,cells,pre_mass_off,pre,mass,off,5,50,50,0.5,25,50,0.0,1.1,10,32,412500,2.64666812797619,0.5499656721514138,0.438506588579795,24.809746925589806,0.4092,3.5417945003440705,0.29400773123187807,0,49.552
mnist784_pca32 (50c),7,cells,post_footprint_on,post,footprint,on,5,50,50,0.5,25,50,0.0,1.1,10,32,412500,2.0609325970266474,0.48329221522941623,0.36370106761565835,23.724817304154865,0.3395,5.851491655842928,0.31414927809211457,0,57.604
mnist784_pca32 (50c),8,cells,post_none_off,post,none,off,5,50,50,0.5,25,50,0.0,1.1,10,32,412500,2.136070410023923,0.3838177490256671,0.2927702219040802,24.900562730026277,0.3478857142857143,5.4573025800078385,0.39707731499029736,0,45.386
mnist784_pca32 (50c),8,cells,pre_none_off,pre,none,off,5,50,50,0.5,25,50,0.0,1.1,10,32,412500,2.180799931807661,0.4452823558409297,0.386094674556213,24.637784120055763,0.3801857142857143,5.180479932531389,0.3414141703670716,0,47.695
mnist784_pca32 (50c),8,cells,pre_mass_off,pre,mass,off,5,50,50,0.5,25,50,0.0,1.1,10,32,412500,2.183083374388455,0.522585003702132,0.4162399414776884,25.083397720500127,0.34887142857142855,5.263149664436581,0.2908335725040584,0,48.492
mnist784_pca32 (50c),8,cells,post_footprint_on,post,footprint,on,5,50,50,0.5,25,50,0.0,1.1,10,32,412500,1.8566270378849048,0.49969444910731975,0.39513242662848963,23.09436249552972,0.31355714285714287,7.248280914393239,0.2563714563448425,0,56.689
mnist784_pca32 (50c),9,cells,post_none_off,post,none,off,5,50,50,0.5,25,50,0.0,1.1,10,32,412500,2.2012095036279145,0.39811445886723773,0.31567644953471724,25.034511075754054,0.3320714285714286,5.166737002868171,0.41876625923941113,0,46.868
mnist784_pca32 (50c),9,cells,pre_none_off,pre,none,off,5,50,50,0.5,25,50,0.0,1.1,10,32,412500,2.4956133225506343,0.48168386337071256,0.4287856071964018,24.858040467989966,0.37852857142857144,3.9912809559731306,0.3518600162700482,0,45.879
mnist784_pca32 (50c),9,cells,pre_mass_off,pre,mass,off,5,50,50,0.5,25,50,0.0,1.1,10,32,412500,2.656698732453044,0.5389011875852089,0.4148862853204686,24.872371052011808,0.4713857142857143,3.5239729888113445,0.3060442150203777,0,47.063
mnist784_pca32 (50c),9,cells,post_footprint_on,post,footprint,on,5,50,50,0.5,25,50,0.0,1.1,10,32,412500,2.3886198431001615,0.4907579683802302,0.38647686832740213,23.214007874166764,0.3711,4.349713406244458,0.2790405339848414,0,56.631
