dataset,seed,method,cell,mass_point,gate,personalize,L,rounds,n_rounds,participation,n_part,n_clients,split,m,n_clusters,dim,upload_numbers,min_dist,mean_acc,worst_acc,fcm_obj,gacc,xb,hnorm,no_earlystop,runtime_s
cluster_skew_hard,0,cells,post_none_off,post,none,off,1,50,50,0.5,6,12,0.0,2.0,4,2,3600,0.0016599633184877097,0.8916666666666667,0.6454545454545455,9.1205798967021,0.6685606060606061,3309980.7629483715,0.8368686560607048,0,0.066
cluster_skew_hard,0,cells,pre_none_off,pre,none,off,1,50,50,0.5,6,12,0.0,2.0,4,2,3600,7.473181946341144,1.0,1.0,1.0334475347171632,1.0,0.01850449858978435,0.1235112418437687,0,0.061
cluster_skew_hard,0,cells,pre_mass_off,pre,mass,off,1,50,50,0.5,6,12,0.0,2.0,4,2,3600,7.482510310853383,1.0,1.0,1.033261802356575,1.0,0.018455071271910498,0.12346598322833255,0,0.064
cluster_skew_hard,0,cells,post_footprint_on,post,footprint,on,1,50,50,0.5,6,12,0.0,2.0,4,2,3600,7.376395973821459,1.0,1.0,1.535362835146495,1.0,0.028357458326016795,0.1790354646988322,0,0.368
cluster_skew_hard,1,cells,post_none_off,post,none,off,1,50,50,0.5,6,12,0.0,2.0,4,2,3600,0.9864179873086417,0.9988636363636365,0.990909090909091,7.449742041541187,0.9988636363636364,7.656305758599674,0.7413478616426614,0,0.061
cluster_skew_hard,1,cells,pre_none_off,pre,none,off,1,50,50,0.5,6,12,0.0,2.0,4,2,3600,7.531471666443249,1.0,1.0,1.0218273033047773,1.0,0.01801431736762254,0.12272464729958206,0,0.062
cluster_skew_hard,1,cells,pre_mass_off,pre,mass,off,1,50,50,0.5,6,12,0.0,2.0,4,2,3600,7.530390638169325,1.0,1.0,1.0217233863205786,1.0,0.01801765731228282,0.12263731284095214,0,0.066
cluster_skew_hard,1,cells,post_footprint_on,post,footprint,on,1,50,50,0.5,6,12,0.0,2.0,4,2,3600,6.597233362591566,1.0,1.0,1.2337995523725542,1.0,0.02835915133328607,0.15655613891105652,0,0.406
cluster_skew_hard,2,cells,post_none_off,post,none,off,1,50,50,0.5,6,12,0.0,2.0,4,2,3600,4.3098164799427246e-08,0.8132575757575758,0.4954545454545455,7.745017715199991,0.7049242424242425,4169700488241466.5,0.7936573836890706,0,0.062
cluster_skew_hard,2,cells,pre_none_off,pre,none,off,1,50,50,0.5,6,12,0.0,2.0,4,2,3600,7.434420215418747,1.0,1.0,1.0578632442514988,1.0,0.0191397084318248,0.12568090003306548,0,0.076
cluster_skew_hard,2,cells,pre_mass_off,pre,mass,off,1,50,50,0.5,6,12,0.0,2.0,4,2,3600,7.437455326414081,1.0,1.0,1.0582771905248674,1.0,0.01913157371448397,0.12567634331365857,0,0.074
cluster_skew_hard,2,cells,post_footprint_on,post,footprint,on,1,50,50,0.5,6,12,0.0,2.0,4,2,3600,7.2789431024832885,1.0,1.0,1.3689801027516273,1.0,0.026915865646181425,0.17192462974549833,0,0.41
cluster_skew_hard,3,cells,post_none_off,post,none,off,1,50,50,0.5,6,12,0.0,2.0,4,2,3600,6.299974997931776e-05,0.9909090909090909,0.9545454545454546,8.731443735958926,0.990909090909091,2199927699.4902678,0.8704927113992805,0,0.066
cluster_skew_hard,3,cells,pre_none_off,pre,none,off,1,50,50,0.5,6,12,0.0,2.0,4,2,3600,7.59639521966425,1.0,1.0,1.047399829943313,1.0,0.018150867874569085,0.12407387061399412,0,0.066
cluster_skew_hard,3,cells,pre_mass_off,pre,mass,off,1,50,50,0.5,6,12,0.0,2.0,4,2,3600,7.596279623915505,1.0,1.0,1.0475574346296754,1.0,0.01815415158378708,0.12407035950037543,0,0.063
cluster_skew_hard,3,cells,post_footprint_on,post,footprint,on,1,50,50,0.5,6,12,0.0,2.0,4,2,3600,7.201863928969687,1.0,1.0,1.1664155445221291,1.0,0.020733640123019172,0.1462757393620939,0,0.396
cluster_skew_hard,4,cells,post_none_off,post,none,off,1,50,50,0.5,6,12,0.0,2.0,4,2,3600,1.769839334538699e-06,0.9636363636363635,0.8727272727272727,7.155545054586358,0.7439393939393939,2284415164811.9663,0.7267542506228343,0,0.074
cluster_skew_hard,4,cells,pre_none_off,pre,none,off,1,50,50,0.5,6,12,0.0,2.0,4,2,3600,7.4473784338969535,1.0,1.0,1.0734085710752501,1.0,0.019353441905193926,0.1267095233758019,0,0.075
cluster_skew_hard,4,cells,pre_mass_off,pre,mass,off,1,50,50,0.5,6,12,0.0,2.0,4,2,3600,7.486142106932567,1.0,1.0,1.073421728109364,1.0,0.019153769121090274,0.12666383965483144,0,0.075
cluster_skew_hard,4,cells,post_footprint_on,post,footprint,on,1,50,50,0.5,6,12,0.0,2.0,4,2,3600,7.144974939277617,1.0,1.0,1.124559722497287,1.0,0.023239187158473056,0.1430328608561073,0,0.393
cluster_skew_hard,5,cells,post_none_off,post,none,off,1,50,50,0.5,6,12,0.0,2.0,4,2,3600,0.0015568797971007007,0.9791666666666666,0.9136363636363637,8.204034184995601,0.9791666666666666,3384677.506690699,0.7730078958195995,0,0.064
cluster_skew_hard,5,cells,pre_none_off,pre,none,off,1,50,50,0.5,6,12,0.0,2.0,4,2,3600,7.559923877681705,1.0,1.0,1.0602744997388323,1.0,0.018551689693378268,0.12587552228695967,0,0.059
cluster_skew_hard,5,cells,pre_mass_off,pre,mass,off,1,50,50,0.5,6,12,0.0,2.0,4,2,3600,7.543923662273122,1.0,1.0,1.0604902780014842,1.0,0.01863425873488005,0.1258814665013729,0,0.067
cluster_skew_hard,5,cells,post_footprint_on,post,footprint,on,1,50,50,0.5,6,12,0.0,2.0,4,2,3600,6.700043095913993,1.0,1.0,1.208326728644554,1.0,0.040023914036490416,0.15744655748238306,0,0.42
cluster_skew_hard,6,cells,post_none_off,post,none,off,1,50,50,0.5,6,12,0.0,2.0,4,2,3600,0.7408739629850573,0.8125000000000001,0.5136363636363637,8.637232016907653,0.6890151515151515,15.73569471150046,0.7259273660666369,0,0.066
cluster_skew_hard,6,cells,pre_none_off,pre,none,off,1,50,50,0.5,6,12,0.0,2.0,4,2,3600,7.5048264079391265,1.0,1.0,1.0011355298059692,1.0,0.01777508033629592,0.12021274909916657,0,0.072
cluster_skew_hard,6,cells,pre_mass_off,pre,mass,off,1,50,50,0.5,6,12,0.0,2.0,4,2,3600,7.518077964023123,1.0,1.0,1.0012105333726935,1.0,0.017713800932206786,0.12020288490944124,0,0.068
cluster_skew_hard,6,cells,post_footprint_on,post,footprint,on,1,50,50,0.5,6,12,0.0,2.0,4,2,3600,6.739813962279403,1.0,1.0,1.089263951780795,1.0,0.02770110291381147,0.1410417294053555,0,0.464
cluster_skew_hard,7,cells,post_none_off,post,none,off,1,50,50,0.5,6,12,0.0,2.0,4,2,3600,1.3811770698146165e-08,0.8397727272727272,0.6090909090909091,8.651731592771814,0.8390151515151515,4.535282230749949e+16,0.8150020122457788,0,0.061
cluster_skew_hard,7,cells,pre_none_off,pre,none,off,1,50,50,0.5,6,12,0.0,2.0,4,2,3600,5.65066490540101,1.0,1.0,4.004625127199194,1.0,0.12541883455206146,0.31916783082229666,0,0.067
cluster_skew_hard,7,cells,pre_mass_off,pre,mass,off,1,50,50,0.5,6,12,0.0,2.0,4,2,3600,5.657425148985676,1.0,1.0,4.005032768133873,1.0,0.12513201565175194,0.3190742907485769,0,0.068
cluster_skew_hard,7,cells,post_footprint_on,post,footprint,on,1,50,50,0.5,6,12,0.0,2.0,4,2,3600,4.180560191205707,0.9988636363636364,0.9863636363636363,4.45575218367109,0.9988636363636364,0.2721381097374382,0.36767094312730697,0,0.469
cluster_skew_hard,8,cells,post_none_off,post,none,off,1,50,50,0.5,6,12,0.0,2.0,4,2,3600,2.8040656183419617e-09,0.9007575757575759,0.6045454545454545,10.187816580771218,0.8147727272727273,1.2957009363577774e+18,0.8743284434227392,0,0.09
cluster_skew_hard,8,cells,pre_none_off,pre,none,off,1,50,50,0.5,6,12,0.0,2.0,4,2,3600,7.300789208829879,1.0,1.0,1.044132686837896,1.0,0.01958917169087352,0.12433581119391364,0,0.098
cluster_skew_hard,8,cells,pre_mass_off,pre,mass,off,1,50,50,0.5,6,12,0.0,2.0,4,2,3600,7.281651704933557,1.0,1.0,1.0455325497355075,1.0,0.01971867612931647,0.1244742776332851,0,0.07
cluster_skew_hard,8,cells,post_footprint_on,post,footprint,on,1,50,50,0.5,6,12,0.0,2.0,4,2,3600,6.687760304182592,1.0,1.0,2.6359995806646044,1.0,0.06191153535598559,0.28041782600932524,0,0.453
cluster_skew_hard,9,cells,post_none_off,post,none,off,1,50,50,0.5,6,12,0.0,2.0,4,2,3600,0.8877774587095397,0.9920454545454547,0.9727272727272728,8.110703521137372,0.9920454545454546,10.290827511886569,0.8072474056899459,0,0.069
cluster_skew_hard,9,cells,pre_none_off,pre,none,off,1,50,50,0.5,6,12,0.0,2.0,4,2,3600,7.436525473971943,1.0,1.0,1.0800065880481502,1.0,0.019529281467440308,0.1282763889905159,0,0.088
cluster_skew_hard,9,cells,pre_mass_off,pre,mass,off,1,50,50,0.5,6,12,0.0,2.0,4,2,3600,7.447956554484068,1.0,1.0,1.079940372859902,1.0,0.019468186947237762,0.12823175013603827,0,0.07
cluster_skew_hard,9,cells,post_footprint_on,post,footprint,on,1,50,50,0.5,6,12,0.0,2.0,4,2,3600,6.6287010954713095,1.0,1.0,1.1698626665363052,1.0,0.02776216425655476,0.14935052289368528,0,0.417
cluster_skew_overlap,0,cells,post_none_off,post,none,off,1,50,50,0.5,6,12,0.0,2.0,4,2,3600,0.0064524442759085815,0.818560606060606,0.6818181818181818,3.6040471392414504,0.5087121212121212,86564.9210925006,0.995415579633707,0,0.084
cluster_skew_overlap,0,cells,pre_none_off,pre,none,off,1,50,50,0.5,6,12,0.0,2.0,4,2,3600,3.7759991057533586,0.8624999999999999,0.7909090909090909,2.1349820954433762,0.8625,0.14973746338050886,0.5626538266472014,0,0.077
cluster_skew_overlap,0,cells,pre_mass_off,pre,mass,off,1,50,50,0.5,6,12,0.0,2.0,4,2,3600,4.245086183680208,0.8647727272727274,0.8,2.1212720073902056,0.8647727272727272,0.11771270440498287,0.5454221667934592,0,0.074
cluster_skew_overlap,0,cells,post_footprint_on,post,footprint,on,1,50,50,0.5,6,12,0.0,2.0,4,2,3600,4.3614245792373865,0.8393939393939394,0.7727272727272727,2.0585569628052682,0.8393939393939394,0.11361918741904706,0.5614626062151741,0,0.391
cluster_skew_overlap,1,cells,post_none_off,post,none,off,1,50,50,0.5,6,12,0.0,2.0,4,2,3600,0.001532166609660369,0.8117424242424244,0.7318181818181818,3.4698325398009855,0.6587121212121212,1478075.1936114056,0.9999965925347966,0,0.074
cluster_skew_overlap,1,cells,pre_none_off,pre,none,off,1,50,50,0.5,6,12,0.0,2.0,4,2,3600,3.6133038969588878,0.8602272727272728,0.7863636363636364,2.0767969641100423,0.8602272727272727,0.1590688207170999,0.5540715549411183,0,0.083
cluster_skew_overlap,1,cells,pre_mass_off,pre,mass,off,1,50,50,0.5,6,12,0.0,2.0,4,2,3600,4.085002014942743,0.8674242424242423,0.8318181818181818,2.0752133598779956,0.8674242424242424,0.12435928158604999,0.5370800065497963,0,0.074
cluster_skew_overlap,1,cells,post_footprint_on,post,footprint,on,1,50,50,0.5,6,12,0.0,2.0,4,2,3600,3.8725319287444493,0.8280303030303031,0.7318181818181818,2.0041067583598964,0.828030303030303,0.13924599424286502,0.5484062880379824,0,0.398
cluster_skew_overlap,2,cells,post_none_off,post,none,off,1,50,50,0.5,6,12,0.0,2.0,4,2,3600,3.2416085894563004e-05,0.8617424242424242,0.7227272727272728,3.4983001787648846,0.5087121212121212,3329169623.7290792,0.9997289913891703,0,0.093
cluster_skew_overlap,2,cells,pre_none_off,pre,none,off,1,50,50,0.5,6,12,0.0,2.0,4,2,3600,3.6031879293169773,0.8625000000000002,0.8136363636363636,2.140991407718073,0.8625,0.16490776148984876,0.5623404829935882,0,0.093
cluster_skew_overlap,2,cells,pre_mass_off,pre,mass,off,1,50,50,0.5,6,12,0.0,2.0,4,2,3600,4.140024638486143,0.8564393939393941,0.8045454545454546,2.1460514311378347,0.856439393939394,0.1252086330874774,0.547675839115531,0,0.082
cluster_skew_overlap,2,cells,post_footprint_on,post,footprint,on,1,50,50,0.5,6,12,0.0,2.0,4,2,3600,4.232035965498525,0.8257575757575758,0.6818181818181818,2.0721325491477707,0.8257575757575758,0.12059237193455885,0.5642025358944196,0,0.418
cluster_skew_overlap,3,cells,post_none_off,post,none,off,1,50,50,0.5,6,12,0.0,2.0,4,2,3600,0.013222381428009156,0.7515151515151515,0.5227272727272727,3.417361590817081,0.6852272727272727,19546.615567597906,0.9916994966601794,0,0.084
cluster_skew_overlap,3,cells,pre_none_off,pre,none,off,1,50,50,0.5,6,12,0.0,2.0,4,2,3600,3.9469000806128482,0.8575757575757575,0.7909090909090909,2.0930970667031645,0.8575757575757575,0.13436219966363833,0.546238026337055,0,0.064
cluster_skew_overlap,3,cells,pre_mass_off,pre,mass,off,1,50,50,0.5,6,12,0.0,2.0,4,2,3600,4.440167543449969,0.8571969696969696,0.8045454545454546,2.133577922415028,0.8571969696969697,0.1082205639941434,0.5365029145762572,0,0.063
cluster_skew_overlap,3,cells,post_footprint_on,post,footprint,on,1,50,50,0.5,6,12,0.0,2.0,4,2,3600,4.508823304335301,0.8321969696969699,0.7681818181818182,2.099354014731892,0.8321969696969697,0.10555422368485029,0.55027860854463,0,0.369
cluster_skew_overlap,4,cells,post_none_off,post,none,off,1,50,50,0.5,6,12,0.0,2.0,4,2,3600,3.6789747164591685e-06,0.7526515151515151,0.5863636363636363,3.5187816787129247,0.5416666666666666,259979267452.9777,0.9999961992462021,0,0.077
cluster_skew_overlap,4,cells,pre_none_off,pre,none,off,1,50,50,0.5,6,12,0.0,2.0,4,2,3600,3.777506161454633,0.859469696969697,0.7954545454545454,2.1826057890556387,0.859469696969697,0.15295544434174493,0.561926573108065,0,0.095
cluster_skew_overlap,4,cells,pre_mass_off,pre,mass,off,1,50,50,0.5,6,12,0.0,2.0,4,2,3600,4.316166238923007,0.8613636363636363,0.7863636363636364,2.191736577448973,0.8613636363636363,0.11765002635964325,0.5477692745950344,0,0.09
cluster_skew_overlap,4,cells,post_footprint_on,post,footprint,on,1,50,50,0.5,6,12,0.0,2.0,4,2,3600,4.262269831894887,0.8424242424242423,0.7636363636363637,2.1173542479409,0.8424242424242424,0.1206582373042208,0.5577633837723031,0,0.401
cluster_skew_overlap,5,cells,post_none_off,post,none,off,1,50,50,0.5,6,12,0.0,2.0,4,2,3600,0.0002957050768487681,0.6761363636363636,0.4818181818181818,3.5459927363024297,0.615909090909091,40552747.16807118,0.9985737520032371,0,0.067
cluster_skew_overlap,5,cells,pre_none_off,pre,none,off,1,50,50,0.5,6,12,0.0,2.0,4,2,3600,3.9317070555060987,0.8568181818181818,0.7545454545454545,2.1369079970369724,0.8568181818181818,0.13823675184920686,0.5548072474526116,0,0.076
cluster_skew_overlap,5,cells,pre_mass_off,pre,mass,off,1,50,50,0.5,6,12,0.0,2.0,4,2,3600,4.270102555702911,0.8553030303030303,0.75,2.132028285995982,0.8553030303030303,0.11692741564590305,0.5401281892958099,0,0.068
cluster_skew_overlap,5,cells,post_footprint_on,post,footprint,on,1,50,50,0.5,6,12,0.0,2.0,4,2,3600,4.395340246186149,0.8242424242424242,0.6863636363636364,2.059521695670844,0.8242424242424242,0.11101992976708161,0.551420411526257,0,0.409
cluster_skew_overlap,6,cells,post_none_off,post,none,off,1,50,50,0.5,6,12,0.0,2.0,4,2,3600,3.7269783491719623e-06,0.8109848484848484,0.5,3.494936406548858,0.49772727272727274,251608632929.5757,0.9999999995805711,0,0.074
cluster_skew_overlap,6,cells,pre_none_off,pre,none,off,1,50,50,0.5,6,12,0.0,2.0,4,2,3600,3.564668313880729,0.8738636363636364,0.7818181818181819,2.088968690273249,0.8738636363636364,0.16439692098355127,0.5512294731124104,0,0.066
cluster_skew_overlap,6,cells,pre_mass_off,pre,mass,off,1,50,50,0.5,6,12,0.0,2.0,4,2,3600,4.135838440666645,0.8818181818181818,0.8181818181818182,2.0801750203588907,0.8818181818181818,0.12161096815908277,0.5345220670968021,0,0.067
cluster_skew_overlap,6,cells,post_footprint_on,post,footprint,on,1,50,50,0.5,6,12,0.0,2.0,4,2,3600,3.7781301078113456,0.8435606060606061,0.6909090909090909,1.977025008928218,0.843560606060606,0.14678241736673558,0.5471086225679966,0,0.366
cluster_skew_overlap,7,cells,post_none_off,post,none,off,1,50,50,0.5,6,12,0.0,2.0,4,2,3600,8.843703132048045e-07,0.8893939393939395,0.7727272727272727,3.432749899367756,0.47689393939393937,4389083587721.994,0.9999962144863145,0,0.082
cluster_skew_overlap,7,cells,pre_none_off,pre,none,off,1,50,50,0.5,6,12,0.0,2.0,4,2,3600,3.8390420345245944,0.8496212121212122,0.7772727272727272,2.1712862155479895,0.8496212121212121,0.14732326683101793,0.575728048384046,0,0.073
cluster_skew_overlap,7,cells,pre_mass_off,pre,mass,off,1,50,50,0.5,6,12,0.0,2.0,4,2,3600,4.070462540372959,0.8522727272727272,0.7681818181818182,2.145804564803834,0.8522727272727273,0.12950980220264718,0.5617591911042265,0,0.099
cluster_skew_overlap,7,cells,post_footprint_on,post,footprint,on,1,50,50,0.5,6,12,0.0,2.0,4,2,3600,4.123137536538946,0.8303030303030302,0.740909090909091,2.0773145207787067,0.8303030303030303,0.12739380974658485,0.5717676633983241,0,0.402
cluster_skew_overlap,8,cells,post_none_off,post,none,off,1,50,50,0.5,6,12,0.0,2.0,4,2,3600,7.290974389205539e-05,0.8109848484848484,0.5409090909090909,3.6382131199673475,0.48863636363636365,684411014.5817643,0.9999998277121189,0,0.068
cluster_skew_overlap,8,cells,pre_none_off,pre,none,off,1,50,50,0.5,6,12,0.0,2.0,4,2,3600,3.188009747992233,0.8617424242424243,0.8,2.1566143972742937,0.8617424242424242,0.2121940582464505,0.5695975217040885,0,0.085
cluster_skew_overlap,8,cells,pre_mass_off,pre,mass,off,1,50,50,0.5,6,12,0.0,2.0,4,2,3600,3.2988879907867465,0.8643939393939394,0.8045454545454546,2.1390427853750094,0.8643939393939394,0.19655510665865497,0.5532098823933225,0,0.068
cluster_skew_overlap,8,cells,post_footprint_on,post,footprint,on,1,50,50,0.5,6,12,0.0,2.0,4,2,3600,3.5476974558983736,0.8314393939393939,0.7454545454545455,2.034349641453233,0.8314393939393939,0.1702925177537733,0.5643878758783029,0,0.4
cluster_skew_overlap,9,cells,post_none_off,post,none,off,1,50,50,0.5,6,12,0.0,2.0,4,2,3600,0.007967161738492158,0.8916666666666667,0.7318181818181818,3.5102447353704074,0.4825757575757576,55300.63640638248,0.999923800049717,0,0.065
cluster_skew_overlap,9,cells,pre_none_off,pre,none,off,1,50,50,0.5,6,12,0.0,2.0,4,2,3600,3.574204480627851,0.8511363636363635,0.7818181818181819,2.141187099975217,0.8511363636363637,0.16760841856113762,0.55956166108875,0,0.077
cluster_skew_overlap,9,cells,pre_mass_off,pre,mass,off,1,50,50,0.5,6,12,0.0,2.0,4,2,3600,3.987051175447422,0.8511363636363637,0.7863636363636364,2.158223211700352,0.8511363636363637,0.13576653649596537,0.5466433215585951,0,0.068
cluster_skew_overlap,9,cells,post_footprint_on,post,footprint,on,1,50,50,0.5,6,12,0.0,2.0,4,2,3600,3.9878832645911744,0.8242424242424241,0.7545454545454545,2.096933499155712,0.8242424242424242,0.13654330387490887,0.5546972267481307,0,0.386
dirichlet_0.03,0,cells,post_none_off,post,none,off,1,50,50,0.5,6,12,0.0,2.0,4,2,3600,5.100267061137351e-13,0.9992424242424244,0.990909090909091,8.911914275153318,0.8340909090909091,3.425982700863235e+25,0.843037081140241,0,0.065
dirichlet_0.03,0,cells,pre_none_off,pre,none,off,1,50,50,0.5,6,12,0.0,2.0,4,2,3600,2.2683287842007003,1.0,1.0,2.358956591387959,1.0,0.458466852743927,0.25745224933621147,0,0.067
dirichlet_0.03,0,cells,pre_mass_off,pre,mass,off,1,50,50,0.5,6,12,0.0,2.0,4,2,3600,7.381169162842881,1.0,1.0,1.0365066165836505,1.0,0.019024872785238362,0.12091588919058426,0,0.069
dirichlet_0.03,0,cells,post_footprint_on,post,footprint,on,1,50,50,0.5,6,12,0.0,2.0,4,2,3600,6.948445136712994,0.9958333333333332,0.95,1.5985746260525284,0.9958333333333333,0.023794414906893137,0.1908674481821094,0,0.351
dirichlet_0.03,1,cells,post_none_off,post,none,off,1,50,50,0.5,6,12,0.0,2.0,4,2,3600,1.6529584360500735e-06,0.9810606060606061,0.85,9.723761086101765,0.6912878787878788,3558855977945.7534,0.999999999978753,0,0.071
dirichlet_0.03,1,cells,pre_none_off,pre,none,off,1,50,50,0.5,6,12,0.0,2.0,4,2,3600,0.009055668726398658,0.8962121212121211,0.509090909090909,4.189156445391525,0.8863636363636364,51084.07406566094,0.3828020361003526,0,0.067
dirichlet_0.03,1,cells,pre_mass_off,pre,mass,off,1,50,50,0.5,6,12,0.0,2.0,4,2,3600,0.019718358648295783,0.9746212121212121,0.7954545454545454,3.7878631557327633,0.9746212121212121,9742.103916595192,0.36150872884292534,0,0.069
dirichlet_0.03,1,cells,post_footprint_on,post,footprint,on,1,50,50,0.5,6,12,0.0,2.0,4,2,3600,2.0441992556036017,0.9867424242424242,0.8545454545454545,2.504087621503522,0.9867424242424242,1.123911633709795,0.3622580687004861,0,0.345
dirichlet_0.03,2,cells,post_none_off,post,none,off,1,50,50,0.5,6,12,0.0,2.0,4,2,3600,0.01052917012860143,0.9742424242424242,0.8454545454545455,7.49930805344197,0.8837121212121212,67644.56490808474,0.8833692859810685,0,0.066
dirichlet_0.03,2,cells,pre_none_off,pre,none,off,1,50,50,0.5,6,12,0.0,2.0,4,2,3600,7.569398531326163,1.0,1.0,1.061050737731118,1.0,0.018518824181002817,0.13268980709761777,0,0.063
dirichlet_0.03,2,cells,pre_mass_off,pre,mass,off,1,50,50,0.5,6,12,0.0,2.0,4,2,3600,7.5803275188227195,1.0,1.0,1.0609649699372536,1.0,0.018463970783400424,0.13260739332868998,0,0.079
dirichlet_0.03,2,cells,post_footprint_on,post,footprint,on,1,50,50,0.5,6,12,0.0,2.0,4,2,3600,7.207311880913566,1.0,1.0,1.5180959751536476,1.0,0.03117727950440279,0.19834954555580805,0,0.354
dirichlet_0.03,3,cells,post_none_off,post,none,off,1,50,50,0.5,6,12,0.0,2.0,4,2,3600,1.3141533750953108e-08,0.9791666666666666,0.85,10.231652036034827,0.7053030303030303,5.924526582486836e+16,1.0,0,0.066
dirichlet_0.03,3,cells,pre_none_off,pre,none,off,1,50,50,0.5,6,12,0.0,2.0,4,2,3600,6.1783231829149745,1.0,1.0,1.2275695008933722,1.0,0.032159171040764836,0.14205314886528972,0,0.079
dirichlet_0.03,3,cells,pre_mass_off,pre,mass,off,1,50,50,0.5,6,12,0.0,2.0,4,2,3600,6.490478600918162,1.0,1.0,1.1890502999934087,1.0,0.028225833933816797,0.13787319576573562,0,0.068
dirichlet_0.03,3,cells,post_footprint_on,post,footprint,on,1,50,50,0.5,6,12,0.0,2.0,4,2,3600,5.182017696423177,0.9973484848484849,0.9681818181818181,1.5557356055836893,0.9973484848484848,0.07212062610288669,0.21278869987179552,0,0.373
dirichlet_0.03,4,cells,post_none_off,post,none,off,1,50,50,0.5,6,12,0.0,2.0,4,2,3600,8.120248341359451e-09,0.9984848484848485,0.990909090909091,8.22933957853442,0.9253787878787879,1.24803383830644e+17,0.9008811667924895,0,0.087
dirichlet_0.03,4,cells,pre_none_off,pre,none,off,1,50,50,0.5,6,12,0.0,2.0,4,2,3600,1.427494070936549,0.9162878787878789,0.7909090909090909,2.2946546709803015,0.9162878787878788,1.1260786134796996,0.30750294657879335,0,0.077
dirichlet_0.03,4,cells,pre_mass_off,pre,mass,off,1,50,50,0.5,6,12,0.0,2.0,4,2,3600,1.1393469861910392,0.9,0.5727272727272728,2.6178516669732006,0.8768939393939394,2.0166615550147755,0.23441020178302246,0,0.069
dirichlet_0.03,4,cells,post_footprint_on,post,footprint,on,1,50,50,0.5,6,12,0.0,2.0,4,2,3600,1.080052560449989,0.8856060606060606,0.5454545454545454,1.076096407682845,0.884469696969697,2.1161303238277234,0.27058228769188225,0,0.392
dirichlet_0.03,5,cells,post_none_off,post,none,off,1,50,50,0.5,6,12,0.0,2.0,4,2,3600,3.67892799641148e-14,0.9825757575757575,0.8136363636363636,10.963964283413034,0.6708333333333333,8.100746395008987e+27,1.0000000000000002,0,0.067
dirichlet_0.03,5,cells,pre_none_off,pre,none,off,1,50,50,0.5,6,12,0.0,2.0,4,2,3600,5.9700328727993455,1.0,1.0,1.399743024023437,1.0,0.03927307136611053,0.16808242992991995,0,0.085
dirichlet_0.03,5,cells,pre_mass_off,pre,mass,off,1,50,50,0.5,6,12,0.0,2.0,4,2,3600,6.871964418368641,1.0,1.0,1.2332538250539689,1.0,0.02611503828532752,0.15078890538892323,0,0.07
dirichlet_0.03,5,cells,post_footprint_on,post,footprint,on,1,50,50,0.5,6,12,0.0,2.0,4,2,3600,6.066042023369917,1.0,1.0,1.2550822823041492,1.0,0.041959051024894244,0.17304934786825737,0,0.386
dirichlet_0.03,6,cells,post_none_off,post,none,off,1,50,50,0.5,6,12,0.0,2.0,4,2,3600,1.5805551974265824e-10,0.8723484848484847,0.6545454545454545,11.936965558933618,0.621969696969697,4.778313130684642e+20,0.9999999999999686,0,0.071
dirichlet_0.03,6,cells,pre_none_off,pre,none,off,1,50,50,0.5,6,12,0.0,2.0,4,2,3600,7.546890709113072,1.0,1.0,1.0100259423050002,1.0,0.017733579537857532,0.11819017881426981,0,0.08
dirichlet_0.03,6,cells,pre_mass_off,pre,mass,off,1,50,50,0.5,6,12,0.0,2.0,4,2,3600,7.560011087751879,1.0,1.0,1.010285953399867,1.0,0.017676629118152466,0.11821136930481953,0,0.071
dirichlet_0.03,6,cells,post_footprint_on,post,footprint,on,1,50,50,0.5,6,12,0.0,2.0,4,2,3600,7.077542721676841,1.0,1.0,1.0550414551952503,1.0,0.021512613507015676,0.13570231912132424,0,0.361
dirichlet_0.03,7,cells,post_none_off,post,none,off,1,50,50,0.5,6,12,0.0,2.0,4,2,3600,0.17240283698910627,0.9443181818181818,0.7090909090909091,7.682724043855392,0.7935606060606061,258.4796862143158,0.8065405855495459,0,0.065
dirichlet_0.03,7,cells,pre_none_off,pre,none,off,1,50,50,0.5,6,12,0.0,2.0,4,2,3600,7.366202749337699,1.0,1.0,1.3400054337663179,1.0,0.024695579565224664,0.1510908587573463,0,0.067
dirichlet_0.03,7,cells,pre_mass_off,pre,mass,off,1,50,50,0.5,6,12,0.0,2.0,4,2,3600,7.4992068136619565,1.0,1.0,1.2867027517226741,1.0,0.022879554730339837,0.1445542715885265,0,0.099
dirichlet_0.03,7,cells,post_footprint_on,post,footprint,on,1,50,50,0.5,6,12,0.0,2.0,4,2,3600,7.2576363061787275,1.0,1.0,1.3978012594182123,1.0,0.030912581635796868,0.17129080588872653,0,0.356
dirichlet_0.03,8,cells,post_none_off,post,none,off,1,50,50,0.5,6,12,0.0,2.0,4,2,3600,1.25947624335357e-09,0.9742424242424242,0.6909090909090909,10.368502565409695,0.6102272727272727,6.536361740280108e+18,1.0,0,0.07
dirichlet_0.03,8,cells,pre_none_off,pre,none,off,1,50,50,0.5,6,12,0.0,2.0,4,2,3600,5.69005715504516,1.0,1.0,2.0688775908663555,1.0,0.06390010002664014,0.2176457244286482,0,0.085
dirichlet_0.03,8,cells,pre_mass_off,pre,mass,off,1,50,50,0.5,6,12,0.0,2.0,4,2,3600,6.073732081831743,1.0,1.0,1.7190452949018598,1.0,0.04659894220137748,0.18729256846659678,0,0.071
dirichlet_0.03,8,cells,post_footprint_on,post,footprint,on,1,50,50,0.5,6,12,0.0,2.0,4,2,3600,5.797425250509797,0.9905303030303031,0.9454545454545454,4.110164399862714,0.990530303030303,0.06880771654747,0.39510967468287644,0,0.413
dirichlet_0.03,9,cells,post_none_off,post,none,off,1,50,50,0.5,6,12,0.0,2.0,4,2,3600,0.0071112215051081715,0.9810606060606061,0.8181818181818182,11.448925030791441,0.696969696969697,226399.93532992373,0.9741918411725048,0,0.11
dirichlet_0.03,9,cells,pre_none_off,pre,none,off,1,50,50,0.5,6,12,0.0,2.0,4,2,3600,7.340500918758359,1.0,1.0,1.0743585247507506,1.0,0.019938745933804475,0.1272172011818177,0,0.067
dirichlet_0.03,9,cells,pre_mass_off,pre,mass,off,1,50,50,0.5,6,12,0.0,2.0,4,2,3600,7.402202129597109,1.0,1.0,1.074015345257622,1.0,0.01960146838189247,0.12690473930648438,0,0.078
dirichlet_0.03,9,cells,post_footprint_on,post,footprint,on,1,50,50,0.5,6,12,0.0,2.0,4,2,3600,6.044507915698373,1.0,1.0,1.2104453261253798,1.0,0.03818032983895086,0.159244852505999,0,0.385
dirichlet_0.1,0,cells,post_none_off,post,none,off,1,50,50,0.5,6,12,0.0,2.0,4,2,3600,0.19808342683431374,0.790151515151515,0.5727272727272728,7.668697314816579,0.7462121212121212,195.44533776473483,0.8393100530678532,0,0.066
dirichlet_0.1,0,cells,pre_none_off,pre,none,off,1,50,50,0.5,6,12,0.0,2.0,4,2,3600,7.470743199065419,1.0,1.0,1.0330825591979966,1.0,0.01851004239500994,0.12416688147116442,0,0.066
dirichlet_0.1,0,cells,pre_mass_off,pre,mass,off,1,50,50,0.5,6,12,0.0,2.0,4,2,3600,7.483499744632211,1.0,1.0,1.0329448120345819,1.0,0.018444531244276634,0.1241519996214405,0,0.07
dirichlet_0.1,0,cells,post_footprint_on,post,footprint,on,1,50,50,0.5,6,12,0.0,2.0,4,2,3600,7.124383476420107,1.0,1.0,1.060328043454959,1.0,0.02154258415641284,0.1345876147538546,0,0.402
dirichlet_0.1,1,cells,post_none_off,post,none,off,1,50,50,0.5,6,12,0.0,2.0,4,2,3600,6.548694253345913e-05,0.871969696969697,0.6090909090909091,4.332641572503448,0.7958333333333333,1010283670.8531364,0.4775316147709338,0,0.075
dirichlet_0.1,1,cells,pre_none_off,pre,none,off,1,50,50,0.5,6,12,0.0,2.0,4,2,3600,7.537797902073752,1.0,1.0,1.011375088802511,1.0,0.017800134083681553,0.12248697482238316,0,0.085
dirichlet_0.1,1,cells,pre_mass_off,pre,mass,off,1,50,50,0.5,6,12,0.0,2.0,4,2,3600,7.591170937930967,1.0,1.0,1.0120114762510408,1.0,0.01756175424704357,0.12241499339130389,0,0.089
dirichlet_0.1,1,cells,post_footprint_on,post,footprint,on,1,50,50,0.5,6,12,0.0,2.0,4,2,3600,7.299349433611384,1.0,1.0,1.1102252143123734,1.0,0.019935037876824047,0.14038697948246034,0,0.372
dirichlet_0.1,2,cells,post_none_off,post,none,off,1,50,50,0.5,6,12,0.0,2.0,4,2,3600,5.204647951468371e-06,0.9500000000000001,0.8272727272727273,4.644504960619196,0.8287878787878787,171457589510.79776,0.5249792874070366,0,0.071
dirichlet_0.1,2,cells,pre_none_off,pre,none,off,1,50,50,0.5,6,12,0.0,2.0,4,2,3600,7.4661865880137155,1.0,1.0,1.072946043162234,1.0,0.019247760410398804,0.12332854863649342,0,0.076
dirichlet_0.1,2,cells,pre_mass_off,pre,mass,off,1,50,50,0.5,6,12,0.0,2.0,4,2,3600,7.4817611595505245,1.0,1.0,1.0726847825582915,1.0,0.01916304147039185,0.12327670484914872,0,0.077
dirichlet_0.1,2,cells,post_footprint_on,post,footprint,on,1,50,50,0.5,6,12,0.0,2.0,4,2,3600,5.512166732845662,1.0,1.0,1.2951650294915178,1.0,0.05127151936721005,0.1648456941730655,0,0.404
dirichlet_0.1,3,cells,post_none_off,post,none,off,1,50,50,0.5,6,12,0.0,2.0,4,2,3600,0.00100439543093689,0.9416666666666665,0.5181818181818182,6.834466400801582,0.8166666666666667,6774779.363718553,0.7336689169863451,0,0.066
dirichlet_0.1,3,cells,pre_none_off,pre,none,off,1,50,50,0.5,6,12,0.0,2.0,4,2,3600,7.4945832753311405,1.0,1.0,1.048741182199242,1.0,0.01867124781328608,0.12431267346073142,0,0.077
dirichlet_0.1,3,cells,pre_mass_off,pre,mass,off,1,50,50,0.5,6,12,0.0,2.0,4,2,3600,7.4951880887502,1.0,1.0,1.048940067303351,1.0,0.018671774912431126,0.12431252995673454,0,0.074
dirichlet_0.1,3,cells,post_footprint_on,post,footprint,on,1,50,50,0.5,6,12,0.0,2.0,4,2,3600,7.396679139771311,1.0,1.0,1.1993866887188767,1.0,0.024141493695985967,0.14979902355206268,0,0.368
dirichlet_0.1,4,cells,post_none_off,post,none,off,1,50,50,0.5,6,12,0.0,2.0,4,2,3600,1.462356430491195,0.9977272727272727,0.990909090909091,3.895295343765889,0.9977272727272727,1.8215198710819478,0.4106592572428958,0,0.079
dirichlet_0.1,4,cells,pre_none_off,pre,none,off,1,50,50,0.5,6,12,0.0,2.0,4,2,3600,7.337287653131211,1.0,1.0,1.0722966184352365,1.0,0.01991791364718534,0.12806497558639382,0,0.073
dirichlet_0.1,4,cells,pre_mass_off,pre,mass,off,1,50,50,0.5,6,12,0.0,2.0,4,2,3600,1.242812834140058,0.8227272727272728,0.5818181818181818,1.435135363046806,0.8208333333333333,0.9291405349077377,0.2670940658543017,0,0.088
dirichlet_0.1,4,cells,post_footprint_on,post,footprint,on,1,50,50,0.5,6,12,0.0,2.0,4,2,3600,1.0651361590784034,0.8253787878787878,0.5409090909090909,1.386620804640088,0.821969696969697,1.315368316606387,0.27007361631661225,0,0.381
dirichlet_0.1,5,cells,post_none_off,post,none,off,1,50,50,0.5,6,12,0.0,2.0,4,2,3600,2.204040103740346e-10,0.7928030303030303,0.5863636363636363,7.4729261460593985,0.7238636363636364,1.5383377772977177e+20,0.7668074733082403,0,0.072
dirichlet_0.1,5,cells,pre_none_off,pre,none,off,1,50,50,0.5,6,12,0.0,2.0,4,2,3600,7.678649435553458,1.0,1.0,1.7572614259368557,1.0,0.029803460600562562,0.18633802182300144,0,0.079
dirichlet_0.1,5,cells,pre_mass_off,pre,mass,off,1,50,50,0.5,6,12,0.0,2.0,4,2,3600,7.586962154940077,1.0,1.0,1.5940263584845875,1.0,0.027692340504719214,0.16670483349042814,0,0.087
dirichlet_0.1,5,cells,post_footprint_on,post,footprint,on,1,50,50,0.5,6,12,0.0,2.0,4,2,3600,7.321928293995413,1.0,1.0,1.713140964682103,1.0,0.0382920239346964,0.2061420300878911,0,0.398
dirichlet_0.1,6,cells,post_none_off,post,none,off,1,50,50,0.5,6,12,0.0,2.0,4,2,3600,0.07389778667236714,1.0,1.0,5.121456816658718,1.0,937.8441057644324,0.49128716280482676,0,0.067
dirichlet_0.1,6,cells,pre_none_off,pre,none,off,1,50,50,0.5,6,12,0.0,2.0,4,2,3600,7.484566563720333,1.0,1.0,1.0163828405380337,1.0,0.01814362303361249,0.11924371798452121,0,0.071
dirichlet_0.1,6,cells,pre_mass_off,pre,mass,off,1,50,50,0.5,6,12,0.0,2.0,4,2,3600,7.503311560164618,1.0,1.0,1.0161357396208694,1.0,0.018048693363229302,0.11920248789722297,0,0.082
dirichlet_0.1,6,cells,post_footprint_on,post,footprint,on,1,50,50,0.5,6,12,0.0,2.0,4,2,3600,7.273744489580096,1.0,1.0,1.0214799445793807,1.0,0.019760814122197587,0.1250200567570312,0,0.415
dirichlet_0.1,7,cells,post_none_off,post,none,off,1,50,50,0.5,6,12,0.0,2.0,4,2,3600,3.948984215756784,0.9473484848484849,0.740909090909091,6.562942349824985,0.8484848484848485,0.42085044783130715,0.6241350432540217,0,0.081
dirichlet_0.1,7,cells,pre_none_off,pre,none,off,1,50,50,0.5,6,12,0.0,2.0,4,2,3600,7.352243218385618,1.0,1.0,1.0393609251965084,1.0,0.019227669768447697,0.12306070335237948,0,0.067
dirichlet_0.1,7,cells,pre_mass_off,pre,mass,off,1,50,50,0.5,6,12,0.0,2.0,4,2,3600,7.374676974757248,1.0,1.0,1.03881457024574,1.0,0.019100820710362277,0.12297775590060447,0,0.079
dirichlet_0.1,7,cells,post_footprint_on,post,footprint,on,1,50,50,0.5,6,12,0.0,2.0,4,2,3600,5.868493402083716,1.0,1.0,1.3359895424280575,1.0,0.04332892186032947,0.16972618863461852,0,0.393
dirichlet_0.1,8,cells,post_none_off,post,none,off,1,50,50,0.5,6,12,0.0,2.0,4,2,3600,2.7186618877930477e-05,0.9867424242424243,0.8954545454545455,8.76444749436078,0.865909090909091,11858073711.576138,0.9999947021742553,0,0.075
dirichlet_0.1,8,cells,pre_none_off,pre,none,off,1,50,50,0.5,6,12,0.0,2.0,4,2,3600,7.494418977336634,1.0,1.0,1.0403697684771827,1.0,0.018523019598368013,0.12894095991264268,0,0.066
dirichlet_0.1,8,cells,pre_mass_off,pre,mass,off,1,50,50,0.5,6,12,0.0,2.0,4,2,3600,7.532275395105519,1.0,1.0,1.0409875104298898,1.0,0.018348186181801177,0.1288349327361413,0,0.073
dirichlet_0.1,8,cells,post_footprint_on,post,footprint,on,1,50,50,0.5,6,12,0.0,2.0,4,2,3600,7.304106284651125,1.0,1.0,1.4019169834519747,1.0,0.01973970121646234,0.17485550717023615,0,0.415
dirichlet_0.1,9,cells,post_none_off,post,none,off,1,50,50,0.5,6,12,0.0,2.0,4,2,3600,3.5600606358809115,0.9946969696969696,0.9818181818181818,4.213043605556786,0.9946969696969697,0.332415421937318,0.45000597594449143,0,0.067
dirichlet_0.1,9,cells,pre_none_off,pre,none,off,1,50,50,0.5,6,12,0.0,2.0,4,2,3600,7.3826471840935906,1.0,1.0,1.0606683761996942,1.0,0.019460562646717257,0.13340783305181797,0,0.076
dirichlet_0.1,9,cells,pre_mass_off,pre,mass,off,1,50,50,0.5,6,12,0.0,2.0,4,2,3600,7.443915829886557,1.0,1.0,1.059604401984111,1.0,0.01912233165280117,0.13281409679236464,0,0.078
dirichlet_0.1,9,cells,post_footprint_on,post,footprint,on,1,50,50,0.5,6,12,0.0,2.0,4,2,3600,1.0033843972032854,0.7806818181818181,0.5136363636363637,2.4091325402878976,0.775,2.758347684334197,0.377323020171107,0,0.398
overlap_noise,0,cells,post_none_off,post,none,off,1,50,50,0.5,6,12,0.0,2.0,4,2,3600,4.036445087354245,0.8731060606060606,0.8272727272727273,2.3853641812902677,0.8731060606060606,0.14640523173037304,0.4953241454362334,0,0.069
overlap_noise,0,cells,pre_none_off,pre,none,off,1,50,50,0.5,6,12,0.0,2.0,4,2,3600,4.512770738778519,0.8981060606060606,0.8454545454545455,2.312742957141653,0.8981060606060606,0.11356403781863192,0.4669057789738052,0,0.083
overlap_noise,0,cells,pre_mass_off,pre,mass,off,1,50,50,0.5,6,12,0.0,2.0,4,2,3600,4.642112036334249,0.900378787878788,0.8454545454545455,2.3169451923342907,0.9003787878787879,0.107518828786404,0.4600948535061835,0,0.078
overlap_noise,0,cells,post_footprint_on,post,footprint,on,1,50,50,0.5,6,12,0.0,2.0,4,2,3600,4.643711673853534,0.8981060606060606,0.8363636363636363,2.2994253291890883,0.8981060606060606,0.10755854052569744,0.4617369924954421,0,0.44
overlap_noise,1,cells,post_none_off,post,none,off,1,50,50,0.5,6,12,0.0,2.0,4,2,3600,4.593149050795255,0.9064393939393938,0.8818181818181818,2.3641009567070914,0.906439393939394,0.1120585351910506,0.4521858040890539,0,0.07
overlap_noise,1,cells,pre_none_off,pre,none,off,1,50,50,0.5,6,12,0.0,2.0,4,2,3600,4.794594265321542,0.9071969696969696,0.8909090909090909,2.3527358375790017,0.9071969696969697,0.10234566321377092,0.44677405514006574,0,0.082
overlap_noise,1,cells,pre_mass_off,pre,mass,off,1,50,50,0.5,6,12,0.0,2.0,4,2,3600,4.931062954437514,0.9094696969696968,0.8909090909090909,2.3565588510524957,0.9094696969696969,0.09691638258284888,0.4425023660815009,0,0.079
overlap_noise,1,cells,post_footprint_on,post,footprint,on,1,50,50,0.5,6,12,0.0,2.0,4,2,3600,4.955959957692541,0.9068181818181817,0.8863636363636364,2.337045184038512,0.9068181818181819,0.09603215227780695,0.4436933771532842,0,0.414
overlap_noise,2,cells,post_none_off,post,none,off,1,50,50,0.5,6,12,0.0,2.0,4,2,3600,4.4681337432510375,0.9015151515151515,0.8818181818181818,2.2851818579810175,0.9015151515151515,0.11446387364757962,0.45800298020717545,0,0.069
overlap_noise,2,cells,pre_none_off,pre,none,off,1,50,50,0.5,6,12,0.0,2.0,4,2,3600,4.709874666845415,0.9018939393939395,0.8818181818181818,2.273689375536938,0.9018939393939394,0.10249730149829493,0.4524672575620207,0,0.067
overlap_noise,2,cells,pre_mass_off,pre,mass,off,1,50,50,0.5,6,12,0.0,2.0,4,2,3600,4.834524964281227,0.9026515151515152,0.8863636363636364,2.273722342469888,0.9026515151515152,0.09728140067575052,0.44910588227981674,0,0.114
overlap_noise,2,cells,post_footprint_on,post,footprint,on,1,50,50,0.5,6,12,0.0,2.0,4,2,3600,4.80534505519114,0.9,0.8727272727272727,2.258087161753603,0.9,0.0984754625086187,0.44992843217246586,0,0.448
overlap_noise,3,cells,post_none_off,post,none,off,1,50,50,0.5,6,12,0.0,2.0,4,2,3600,4.678140532130547,0.8988636363636364,0.8818181818181818,2.3741085249317413,0.8988636363636363,0.10848108983081677,0.4631152802004874,0,0.071
overlap_noise,3,cells,pre_none_off,pre,none,off,1,50,50,0.5,6,12,0.0,2.0,4,2,3600,4.817421544222508,0.8996212121212123,0.8818181818181818,2.3679344382043346,0.8996212121212122,0.10203293342252476,0.4599823410755485,0,0.07
overlap_noise,3,cells,pre_mass_off,pre,mass,off,1,50,50,0.5,6,12,0.0,2.0,4,2,3600,4.983327275679975,0.899621212121212,0.8818181818181818,2.3683492953034997,0.8996212121212122,0.09536893537415493,0.45663940346096443,0,0.078
overlap_noise,3,cells,post_footprint_on,post,footprint,on,1,50,50,0.5,6,12,0.0,2.0,4,2,3600,5.008656862736806,0.8992424242424243,0.8818181818181818,2.3502960213088753,0.8992424242424243,0.09451490796149713,0.45755715014004117,0,0.429
overlap_noise,4,cells,post_none_off,post,none,off,1,50,50,0.5,6,12,0.0,2.0,4,2,3600,4.90556611159661,0.9064393939393939,0.8727272727272727,2.4200917020368498,0.906439393939394,0.10056655113654894,0.4512507531337931,0,0.068
overlap_noise,4,cells,pre_none_off,pre,none,off,1,50,50,0.5,6,12,0.0,2.0,4,2,3600,4.893374904904793,0.9053030303030303,0.8727272727272727,2.4184002126132143,0.9053030303030303,0.1009976320291246,0.44999658095321937,0,0.071
overlap_noise,4,cells,pre_mass_off,pre,mass,off,1,50,50,0.5,6,12,0.0,2.0,4,2,3600,4.958514597388293,0.9053030303030303,0.8727272727272727,2.4179067879702645,0.9053030303030303,0.09834139448266183,0.44842505625687756,0,0.08
overlap_noise,4,cells,post_footprint_on,post,footprint,on,1,50,50,0.5,6,12,0.0,2.0,4,2,3600,4.988450306873934,0.903030303030303,0.8727272727272727,2.4020294081567535,0.9030303030303031,0.09722423803996555,0.44950084147066516,0,0.419
overlap_noise,5,cells,post_none_off,post,none,off,1,50,50,0.5,6,12,0.0,2.0,4,2,3600,4.510181937501647,0.8965909090909091,0.8636363636363636,2.3332839026590992,0.8965909090909091,0.11470423746494182,0.46409599265939094,0,0.085
overlap_noise,5,cells,pre_none_off,pre,none,off,1,50,50,0.5,6,12,0.0,2.0,4,2,3600,4.5585756364875465,0.897348484848485,0.8727272727272727,2.332039127239693,0.8973484848484848,0.11222187036242721,0.4620658321979397,0,0.074
overlap_noise,5,cells,pre_mass_off,pre,mass,off,1,50,50,0.5,6,12,0.0,2.0,4,2,3600,4.67998151588887,0.9003787878787878,0.8772727272727273,2.3355029218981147,0.9003787878787879,0.10663312562071986,0.4568419361475372,0,0.082
overlap_noise,5,cells,post_footprint_on,post,footprint,on,1,50,50,0.5,6,12,0.0,2.0,4,2,3600,4.684026752346836,0.8999999999999999,0.8727272727272727,2.3147775666315957,0.9,0.10653937646662012,0.4564103565497571,0,0.418
overlap_noise,6,cells,post_none_off,post,none,off,1,50,50,0.5,6,12,0.0,2.0,4,2,3600,5.019400661697179,0.9079545454545453,0.8636363636363636,2.337164422685489,0.9079545454545455,0.09276529702831084,0.4433571039801698,0,0.08
overlap_noise,6,cells,pre_none_off,pre,none,off,1,50,50,0.5,6,12,0.0,2.0,4,2,3600,4.918782492063347,0.9094696969696968,0.8772727272727273,2.328386413425616,0.9094696969696969,0.0962364998844709,0.43815031105599167,0,0.074
overlap_noise,6,cells,pre_mass_off,pre,mass,off,1,50,50,0.5,6,12,0.0,2.0,4,2,3600,4.891756469247857,0.9113636363636365,0.8818181818181818,2.3350824260861005,0.9113636363636364,0.09758263908974348,0.4349517771813275,0,0.076
overlap_noise,6,cells,post_footprint_on,post,footprint,on,1,50,50,0.5,6,12,0.0,2.0,4,2,3600,4.916778399084013,0.9083333333333333,0.8818181818181818,2.3136189436575534,0.9083333333333333,0.09665991087250969,0.4362075557576681,0,0.397
overlap_noise,7,cells,post_none_off,post,none,off,1,50,50,0.5,6,12,0.0,2.0,4,2,3600,4.657805641712288,0.8965909090909091,0.8681818181818182,2.3870476544100403,0.8965909090909091,0.11002677007362384,0.46135634063428743,0,0.073
overlap_noise,7,cells,pre_none_off,pre,none,off,1,50,50,0.5,6,12,0.0,2.0,4,2,3600,4.797823279851301,0.8992424242424243,0.8681818181818182,2.3739204554936038,0.8992424242424243,0.10312825467965253,0.4560045934449954,0,0.078
overlap_noise,7,cells,pre_mass_off,pre,mass,off,1,50,50,0.5,6,12,0.0,2.0,4,2,3600,5.0114047365449546,0.9022727272727273,0.8818181818181818,2.373098351967619,0.9022727272727272,0.09449237818975559,0.4503314390445618,0,0.077
overlap_noise,7,cells,post_footprint_on,post,footprint,on,1,50,50,0.5,6,12,0.0,2.0,4,2,3600,5.00921291231939,0.9015151515151515,0.8727272727272727,2.3496228032066884,0.9015151515151515,0.09459632497612341,0.45199524490818344,0,0.432
overlap_noise,8,cells,post_none_off,post,none,off,1,50,50,0.5,6,12,0.0,2.0,4,2,3600,4.275931174804412,0.9018939393939394,0.8727272727272727,2.2912128454367595,0.9018939393939394,0.12531527833400202,0.4615755708062449,0,0.09
overlap_noise,8,cells,pre_none_off,pre,none,off,1,50,50,0.5,6,12,0.0,2.0,4,2,3600,4.77827288917893,0.9022727272727272,0.8727272727272727,2.2720245648075763,0.9022727272727272,0.09951100786414173,0.45307478600763124,0,0.075
overlap_noise,8,cells,pre_mass_off,pre,mass,off,1,50,50,0.5,6,12,0.0,2.0,4,2,3600,5.0339104497219145,0.9015151515151515,0.8727272727272727,2.2794255395786327,0.9015151515151515,0.08995274878359652,0.44909336133928707,0,0.078
overlap_noise,8,cells,post_footprint_on,post,footprint,on,1,50,50,0.5,6,12,0.0,2.0,4,2,3600,5.0814938165023715,0.8992424242424243,0.8727272727272727,2.2600236899987833,0.8992424242424243,0.08836443986522463,0.45001627246989057,0,0.415
overlap_noise,9,cells,post_none_off,post,none,off,1,50,50,0.5,6,12,0.0,2.0,4,2,3600,4.709257678454296,0.9117424242424242,0.8909090909090909,2.4181513374775285,0.9117424242424242,0.10903817352268061,0.45424073458595515,0,0.071
overlap_noise,9,cells,pre_none_off,pre,none,off,1,50,50,0.5,6,12,0.0,2.0,4,2,3600,4.870950661743955,0.9136363636363635,0.8954545454545455,2.414299576623646,0.9136363636363637,0.10175685998475358,0.451203197404862,0,0.075
overlap_noise,9,cells,pre_mass_off,pre,mass,off,1,50,50,0.5,6,12,0.0,2.0,4,2,3600,5.028118706222131,0.9140151515151514,0.8909090909090909,2.4202732796040056,0.9140151515151516,0.09573116889980378,0.44780216745880064,0,0.12
overlap_noise,9,cells,post_footprint_on,post,footprint,on,1,50,50,0.5,6,12,0.0,2.0,4,2,3600,5.033409205170546,0.9125,0.8863636363636364,2.3986414618638228,0.9125,0.09556377013774145,0.44847411165070467,0,0.409
quantity_skew_extreme,0,cells,post_none_off,post,none,off,1,50,50,0.5,6,12,0.0,2.0,4,2,3600,7.326486462248592,1.0,1.0,1.116987586015631,1.0,0.02080926992075254,0.13724716361855505,0,0.092
quantity_skew_extreme,0,cells,pre_none_off,pre,none,off,1,50,50,0.5,6,12,0.0,2.0,4,2,3600,7.35486584569501,1.0,1.0,1.0321190024202305,1.0,0.01908008314659735,0.12763164679378927,0,0.096
quantity_skew_extreme,0,cells,pre_mass_off,pre,mass,off,1,50,50,0.5,6,12,0.0,2.0,4,2,3600,7.4146172424100385,1.0,1.0,1.03018262437478,1.0,0.01873858301215859,0.12694718626156026,0,0.095
quantity_skew_extreme,0,cells,post_footprint_on,post,footprint,on,1,50,50,0.5,6,12,0.0,2.0,4,2,3600,7.396676257507739,1.0,1.0,1.0283122918153422,1.0,0.01892376786471207,0.12836928411813847,0,0.444
quantity_skew_extreme,1,cells,post_none_off,post,none,off,1,50,50,0.5,6,12,0.0,2.0,4,2,3600,2.2894049785847774,0.9882427871523815,0.93042071197411,3.1213303124936793,0.9733982765080554,0.5955174395290472,0.3459629676053472,0,0.085
quantity_skew_extreme,1,cells,pre_none_off,pre,none,off,1,50,50,0.5,6,12,0.0,2.0,4,2,3600,7.021370098617319,1.0,1.0,1.0490458736030064,1.0,0.021278977186178778,0.13275455074814316,0,0.089
quantity_skew_extreme,1,cells,pre_mass_off,pre,mass,off,1,50,50,0.5,6,12,0.0,2.0,4,2,3600,7.439641531209354,1.0,1.0,1.016517629453901,1.0,0.01836584415093488,0.12696916825959792,0,0.088
quantity_skew_extreme,1,cells,post_footprint_on,post,footprint,on,1,50,50,0.5,6,12,0.0,2.0,4,2,3600,4.653796687265433,0.9990148162825001,0.9897959183673469,1.6770260906277141,0.9992506556762832,0.0927870741170536,0.2133753298921394,0,0.425
quantity_skew_extreme,2,cells,post_none_off,post,none,off,1,50,50,0.5,6,12,0.0,2.0,4,2,3600,1.1043714868909955,0.778913347522586,0.5,1.639632315249316,0.7692019482952417,1.344361598845725,0.32755358715365984,0,0.1
quantity_skew_extreme,2,cells,pre_none_off,pre,none,off,1,50,50,0.5,6,12,0.0,2.0,4,2,3600,1.0976192863332679,0.7712361453105951,0.5485436893203883,1.9399968040387205,0.7279880104908205,1.6102657496432817,0.33679897620861393,0,0.112
quantity_skew_extreme,2,cells,pre_mass_off,pre,mass,off,1,50,50,0.5,6,12,0.0,2.0,4,2,3600,7.492886505866641,1.0,1.0,1.0474994840543537,1.0,0.01865758843796015,0.13503187154155685,0,0.118
quantity_skew_extreme,2,cells,post_footprint_on,post,footprint,on,1,50,50,0.5,6,12,0.0,2.0,4,2,3600,1.1381182705301292,0.8402720723260116,0.529126213592233,1.5256118800365932,0.7673285874859498,1.202980683514937,0.31161608859429685,0,0.428
quantity_skew_extreme,3,cells,post_none_off,post,none,off,1,50,50,0.5,6,12,0.0,2.0,4,2,3600,1.103588042392268,0.9679260792842523,0.8791773778920309,2.408973957872814,0.9535406519295616,1.9779628606414066,0.3102552497949736,0,0.092
quantity_skew_extreme,3,cells,pre_none_off,pre,none,off,1,50,50,0.5,6,12,0.0,2.0,4,2,3600,7.467850476657517,1.0,1.0,1.068906092315146,1.0,0.019166743228585484,0.12477318701957024,0,0.082
quantity_skew_extreme,3,cells,pre_mass_off,pre,mass,off,1,50,50,0.5,6,12,0.0,2.0,4,2,3600,7.518583086786997,1.0,1.0,1.0659362564380264,1.0,0.018856419334664892,0.12418144160745782,0,0.105
quantity_skew_extreme,3,cells,post_footprint_on,post,footprint,on,1,50,50,0.5,6,12,0.0,2.0,4,2,3600,7.356849491939112,1.0,1.0,1.1231642412677314,1.0,0.02104249122733912,0.13756853274073388,0,0.423
quantity_skew_extreme,4,cells,post_none_off,post,none,off,1,50,50,0.5,6,12,0.0,2.0,4,2,3600,0.0001337686460444642,0.8561132274026703,0.6153846153846154,4.586068552153925,0.6519295616335706,256290128.9440576,0.5366614471773867,0,0.09
quantity_skew_extreme,4,cells,pre_none_off,pre,none,off,1,50,50,0.5,6,12,0.0,2.0,4,2,3600,7.254894605976704,1.0,1.0,1.0787087387895753,1.0,0.020494719637086434,0.1317044302472329,0,0.083
quantity_skew_extreme,4,cells,pre_mass_off,pre,mass,off,1,50,50,0.5,6,12,0.0,2.0,4,2,3600,7.461706119930647,1.0,1.0,1.071667770306637,1.0,0.019247923733111807,0.12982590630488045,0,0.087
quantity_skew_extreme,4,cells,post_footprint_on,post,footprint,on,1,50,50,0.5,6,12,0.0,2.0,4,2,3600,7.316651392570024,1.0,1.0,1.1178076837456552,1.0,0.02014348264237047,0.13937232146512218,0,0.402
quantity_skew_extreme,5,cells,post_none_off,post,none,off,1,50,50,0.5,6,12,0.0,2.0,4,2,3600,1.368397612833833,0.8590779574917337,0.7,3.4170953207279906,0.827650805545148,1.824872295506988,0.36562972462108806,0,0.086
quantity_skew_extreme,5,cells,pre_none_off,pre,none,off,1,50,50,0.5,6,12,0.0,2.0,4,2,3600,7.433939339543107,1.0,1.0,1.0205530278309594,1.0,0.018467051044443655,0.11681197028588848,0,0.093
quantity_skew_extreme,5,cells,pre_mass_off,pre,mass,off,1,50,50,0.5,6,12,0.0,2.0,4,2,3600,7.463202964635689,1.0,1.0,1.0168046032484566,1.0,0.01825521694648857,0.11631257786068867,0,0.087
quantity_skew_extreme,5,cells,post_footprint_on,post,footprint,on,1,50,50,0.5,6,12,0.0,2.0,4,2,3600,4.338968414430734,0.9972886490917005,0.9743589743589743,2.457784830516415,0.9977519670288497,0.15888722373466102,0.26688872235322675,0,0.444
quantity_skew_extreme,6,cells,post_none_off,post,none,off,1,50,50,0.5,6,12,0.0,2.0,4,2,3600,6.675422497396874e-05,0.8696760623665324,0.6979591836734694,6.144625478086991,0.8250281004121394,1378916286.7246673,0.5588866964285454,0,0.085
quantity_skew_extreme,6,cells,pre_none_off,pre,none,off,1,50,50,0.5,6,12,0.0,2.0,4,2,3600,1.2519236446836928,0.8304866355618982,0.5741935483870968,4.763549985154824,0.8194080179842638,3.0393103076323724,0.4310396458337144,0,0.092
quantity_skew_extreme,6,cells,pre_mass_off,pre,mass,off,1,50,50,0.5,6,12,0.0,2.0,4,2,3600,7.54452620708423,1.0,1.0,1.0190986623834495,1.0,0.017904091497753873,0.12360016781316661,0,0.109
quantity_skew_extreme,6,cells,post_footprint_on,post,footprint,on,1,50,50,0.5,6,12,0.0,2.0,4,2,3600,7.369597625073821,1.0,1.0,1.0238261285144237,1.0,0.018822469202973584,0.12792760564345776,0,0.453
quantity_skew_extreme,7,cells,post_none_off,post,none,off,1,50,50,0.5,6,12,0.0,2.0,4,2,3600,0.9656242179581701,0.7798225418169534,0.5612244897959183,1.4259401219529722,0.7418508804795804,1.5292728919892198,0.3053322644708304,0,0.096
quantity_skew_extreme,7,cells,pre_none_off,pre,none,off,1,50,50,0.5,6,12,0.0,2.0,4,2,3600,1.0053681061335764,0.83433524282917,0.6632390745501285,1.4171883151524105,0.8145372798801049,1.402094725014379,0.3016181845931207,0,0.106
quantity_skew_extreme,7,cells,pre_mass_off,pre,mass,off,1,50,50,0.5,6,12,0.0,2.0,4,2,3600,0.9339795243217625,0.7686247332379977,0.5816326530612245,1.424689993312792,0.7470962907455976,1.6332236622349623,0.3042323254452808,0,0.081
quantity_skew_extreme,7,cells,post_footprint_on,post,footprint,on,1,50,50,0.5,6,12,0.0,2.0,4,2,3600,1.2089602574675309,0.8255228593753112,0.6195372750642674,1.1842150375605411,0.7800674409891345,0.9648755291445469,0.2834746449949994,0,0.507
quantity_skew_extreme,8,cells,post_none_off,post,none,off,1,50,50,0.5,6,12,0.0,2.0,4,2,3600,4.417040042143109,0.999234693877551,0.9918367346938776,2.2495385185085253,0.9988759835144249,0.11530038601725598,0.2465656719591509,0,0.15
quantity_skew_extreme,8,cells,pre_none_off,pre,none,off,1,50,50,0.5,6,12,0.0,2.0,4,2,3600,7.5008578856027155,1.0,1.0,1.0720606418442584,1.0,0.01905449651817449,0.12867697425956418,0,0.091
quantity_skew_extreme,8,cells,pre_mass_off,pre,mass,off,1,50,50,0.5,6,12,0.0,2.0,4,2,3600,7.51682133288018,1.0,1.0,1.0701348285649857,1.0,0.01893956689930873,0.12847695678631596,0,0.11
quantity_skew_extreme,8,cells,post_footprint_on,post,footprint,on,1,50,50,0.5,6,12,0.0,2.0,4,2,3600,7.4013766228650075,1.0,1.0,1.0641572055376,1.0,0.019603375534421128,0.13085277265816161,0,0.418
quantity_skew_extreme,9,cells,post_none_off,post,none,off,1,50,50,0.5,6,12,0.0,2.0,4,2,3600,0.02071534488169407,0.8314265195816004,0.5655526992287918,12.060506722992937,0.6710378418883477,28104.846581430433,0.9928422108892325,0,0.105
quantity_skew_extreme,9,cells,pre_none_off,pre,none,off,1,50,50,0.5,6,12,0.0,2.0,4,2,3600,6.342482072034259,1.0,1.0,1.9692844518017347,1.0,0.04895419973009752,0.21601356543858696,0,0.076
quantity_skew_extreme,9,cells,pre_mass_off,pre,mass,off,1,50,50,0.5,6,12,0.0,2.0,4,2,3600,7.323167513324999,1.0,1.0,1.0468084310924193,1.0,0.019519526338185236,0.12416041433960498,0,0.114
quantity_skew_extreme,9,cells,post_footprint_on,post,footprint,on,1,50,50,0.5,6,12,0.0,2.0,4,2,3600,1.5689943398322597,0.9042536791099373,0.6,4.775365988479383,0.7946796553016111,2.0830216121213683,0.4435609124355107,0,0.457
wine,0,cells,post_none_off,post,none,off,1,50,50,0.5,5,10,0.0,2.0,3,13,10500,1.0706804162694967,0.8806140350877193,0.7777777777777778,4.189253882297761,0.8764044943820225,3.6544074079509157,0.9115331350613993,0,0.025
wine,0,cells,pre_none_off,pre,none,off,1,50,50,0.5,5,10,0.0,2.0,3,13,10500,2.6493033331412015,0.9508771929824562,0.8333333333333334,4.088709584893985,0.949438202247191,0.5825361652484377,0.8308066487698239,0,0.028
wine,0,cells,pre_mass_off,pre,mass,off,1,50,50,0.5,5,10,0.0,2.0,3,13,10500,3.4903449837454756,0.9728070175438598,0.8888888888888888,4.099840470792583,0.9719101123595506,0.3365350086590452,0.7796673527293428,0,0.026
wine,0,cells,post_footprint_on,post,footprint,on,1,50,50,0.5,5,10,0.0,2.0,3,13,10500,3.4838089635913834,0.9400292397660819,0.8333333333333334,3.8387281706858256,0.9382022471910112,0.33844462694836386,0.7568623644700266,0,0.19
wine,1,cells,post_none_off,post,none,off,1,50,50,0.5,5,10,0.0,2.0,3,13,10500,1.9479502132356612,0.8962302201582387,0.7777777777777778,4.148008172020749,0.8932584269662921,1.0931604174659668,0.8880394246062302,0,0.025
wine,1,cells,pre_none_off,pre,none,off,1,50,50,0.5,5,10,0.0,2.0,3,13,10500,2.666437932234267,0.9399656002751978,0.8333333333333334,4.079819835042009,0.9382022471910112,0.5738230999067154,0.8363038061407653,0,0.032
wine,1,cells,pre_mass_off,pre,mass,off,1,50,50,0.5,5,10,0.0,2.0,3,13,10500,3.075172246088316,0.9668954248366013,0.8333333333333334,4.084844838740102,0.9662921348314607,0.43195317624358015,0.7910623467143446,0,0.027
wine,1,cells,post_footprint_on,post,footprint,on,1,50,50,0.5,5,10,0.0,2.0,3,13,10500,3.1897890126685278,0.9267711558307534,0.8333333333333334,3.8062137895092922,0.9269662921348315,0.4024706650157044,0.7631019440032836,0,0.188
wine,2,cells,post_none_off,post,none,off,1,50,50,0.5,5,10,0.0,2.0,3,13,10500,1.2890499236127004,0.9025146198830409,0.7777777777777778,4.253527023992001,0.898876404494382,2.559821730021837,0.918430827213904,0,0.035
wine,2,cells,pre_none_off,pre,none,off,1,50,50,0.5,5,10,0.0,2.0,3,13,10500,2.538665462274519,0.9569590643274853,0.8888888888888888,4.120569614991393,0.9550561797752809,0.639361242935902,0.8517960827218863,0,0.025
wine,2,cells,pre_mass_off,pre,mass,off,1,50,50,0.5,5,10,0.0,2.0,3,13,10500,3.288511002145752,0.9730701754385965,0.9444444444444444,4.124927133586885,0.9719101123595506,0.38143248982481975,0.7864669651686819,0,0.038
wine,2,cells,post_footprint_on,post,footprint,on,1,50,50,0.5,5,10,0.0,2.0,3,13,10500,3.354214199479331,0.919736842105263,0.7222222222222222,3.7993650016013527,0.9157303370786517,0.36530477928754423,0.7706358547007642,0,0.18
wine,3,cells,post_none_off,post,none,off,1,50,50,0.5,5,10,0.0,2.0,3,13,10500,1.2658042925382538,0.8850584795321638,0.7777777777777778,4.2394839304178005,0.8820224719101124,2.645939228904629,0.9217843481716178,0,0.024
wine,3,cells,pre_none_off,pre,none,off,1,50,50,0.5,5,10,0.0,2.0,3,13,10500,2.7989767451308682,0.9452923976608189,0.8333333333333334,4.097791275694978,0.9438202247191011,0.523059691190032,0.836788294078833,0,0.025
wine,3,cells,pre_mass_off,pre,mass,off,1,50,50,0.5,5,10,0.0,2.0,3,13,10500,3.383863900549817,0.9614035087719298,0.8333333333333334,4.109939356413689,0.9606741573033708,0.3589299009368579,0.7869784095001603,0,0.027
wine,3,cells,post_footprint_on,post,footprint,on,1,50,50,0.5,5,10,0.0,2.0,3,13,10500,3.568866341193374,0.9669590643274854,0.8888888888888888,3.866758212310563,0.9662921348314607,0.3256606634732868,0.7584970006588537,0,0.195
wine,4,cells,post_none_off,post,none,off,1,50,50,0.5,5,10,0.0,2.0,3,13,10500,0.9880826352554857,0.8855847953216374,0.7222222222222222,4.2104066138102185,0.8820224719101124,4.3125833836158085,0.9215450552136063,0,0.04
wine,4,cells,pre_none_off,pre,none,off,1,50,50,0.5,5,10,0.0,2.0,3,13,10500,2.8246889124151866,0.9341812865497076,0.7777777777777778,4.086247293133345,0.9325842696629213,0.5121337480232723,0.834283119452849,0,0.026
wine,4,cells,pre_mass_off,pre,mass,off,1,50,50,0.5,5,10,0.0,2.0,3,13,10500,3.3369567048201847,0.9564035087719297,0.8333333333333334,4.109113294043554,0.9550561797752809,0.3690175079252701,0.784324698713392,0,0.035
wine,4,cells,post_footprint_on,post,footprint,on,1,50,50,0.5,5,10,0.0,2.0,3,13,10500,3.4637811251327864,0.9505555555555556,0.8333333333333334,3.8323254845520967,0.949438202247191,0.344592275612819,0.7458009529605715,0,0.187
wine,5,cells,post_none_off,post,none,off,1,50,50,0.5,5,10,0.0,2.0,3,13,10500,1.2707945452342455,0.9025438596491229,0.7777777777777778,4.197335388378316,0.898876404494382,2.5990999982441223,0.9234079892551169,0,0.024
wine,5,cells,pre_none_off,pre,none,off,1,50,50,0.5,5,10,0.0,2.0,3,13,10500,2.825071314253362,0.9569883040935674,0.8421052631578947,4.067594613089531,0.9550561797752809,0.5096579849677286,0.8308075824846791,0,0.032
wine,5,cells,pre_mass_off,pre,mass,off,1,50,50,0.5,5,10,0.0,2.0,3,13,10500,3.3929056641278668,0.962251461988304,0.8888888888888888,4.086595114949399,0.9606741573033708,0.3549915716752171,0.7826728868827647,0,0.027
wine,5,cells,post_footprint_on,post,footprint,on,1,50,50,0.5,5,10,0.0,2.0,3,13,10500,3.4586026996140364,0.9405503955968351,0.8421052631578947,3.8573031764698027,0.9382022471910112,0.3421573596620482,0.7585574296264971,0,0.19
wine,6,cells,post_none_off,post,none,off,1,50,50,0.5,5,10,0.0,2.0,3,13,10500,1.485036457432006,0.8852579979360164,0.7222222222222222,4.156598416378336,0.8820224719101124,1.884793765304564,0.8981130687340118,0,0.024
wine,6,cells,pre_none_off,pre,none,off,1,50,50,0.5,5,10,0.0,2.0,3,13,10500,2.784745461930806,0.9505211558307535,0.8888888888888888,4.0803473112137025,0.949438202247191,0.5261700465029385,0.8328801200485518,0,0.025
wine,6,cells,pre_mass_off,pre,mass,off,1,50,50,0.5,5,10,0.0,2.0,3,13,10500,3.1619950186994057,0.9727777777777777,0.9444444444444444,4.08823702071497,0.9719101123595506,0.40889679244348254,0.7907629187453356,0,0.029
wine,6,cells,post_footprint_on,post,footprint,on,1,50,50,0.5,5,10,0.0,2.0,3,13,10500,3.31647255447826,0.9389787581699347,0.8333333333333334,3.823765046793787,0.9382022471910112,0.37227219197994527,0.7647196972804087,0,0.184
wine,7,cells,post_none_off,post,none,off,1,50,50,0.5,5,10,0.0,2.0,3,13,10500,1.6092345810105209,0.8899195906432749,0.7222222222222222,4.162385047182999,0.8876404494382022,1.607324407327639,0.908590163681816,0,0.026
wine,7,cells,pre_none_off,pre,none,off,1,50,50,0.5,5,10,0.0,2.0,3,13,10500,2.8285332685115554,0.9557090643274855,0.8888888888888888,4.067528820677411,0.9550561797752809,0.5084029436978109,0.8262512725621471,0,0.025
wine,7,cells,pre_mass_off,pre,mass,off,1,50,50,0.5,5,10,0.0,2.0,3,13,10500,3.352260755674084,0.9609722222222222,0.8888888888888888,4.101103950730714,0.9606741573033708,0.3649431293315293,0.7800005304011768,0,0.029
wine,7,cells,post_footprint_on,post,footprint,on,1,50,50,0.5,5,10,0.0,2.0,3,13,10500,3.4683873887141305,0.9491666666666667,0.875,3.798580292190962,0.949438202247191,0.34284754124007705,0.7425894986456669,0,0.187
wine,8,cells,post_none_off,post,none,off,1,50,50,0.5,5,10,0.0,2.0,3,13,10500,1.999176285001427,0.9222660818713451,0.8333333333333334,4.140130020454534,0.9213483146067416,1.0358856039086262,0.8793281472100264,0,0.026
wine,8,cells,pre_none_off,pre,none,off,1,50,50,0.5,5,10,0.0,2.0,3,13,10500,2.714230860176068,0.9600146198830408,0.9375,4.0887740415593035,0.9606741573033708,0.5550083827952845,0.824970663427807,0,0.033
wine,8,cells,pre_mass_off,pre,mass,off,1,50,50,0.5,5,10,0.0,2.0,3,13,10500,3.216039918488746,0.9780701754385964,0.9444444444444444,4.108013886129505,0.9775280898876404,0.397181527343434,0.7859369297707516,0,0.027
wine,8,cells,post_footprint_on,post,footprint,on,1,50,50,0.5,5,10,0.0,2.0,3,13,10500,3.2217011480077544,0.9537646198830408,0.875,3.827687136187157,0.9550561797752809,0.3962529262163241,0.7611028602521166,0,0.192
wine,9,cells,post_none_off,post,none,off,1,50,50,0.5,5,10,0.0,2.0,3,13,10500,1.5362710291400588,0.907280701754386,0.7777777777777778,4.155437424621228,0.9044943820224719,1.7606825715403613,0.9004266990101376,0,0.026
wine,9,cells,pre_none_off,pre,none,off,1,50,50,0.5,5,10,0.0,2.0,3,13,10500,2.9143136003024184,0.9555555555555555,0.8888888888888888,4.063963530286715,0.9550561797752809,0.47849481477130096,0.8221496565160576,0,0.025
wine,9,cells,pre_mass_off,pre,mass,off,1,50,50,0.5,5,10,0.0,2.0,3,13,10500,3.4363070869611274,0.9666666666666666,0.8888888888888888,4.092286203393951,0.9662921348314607,0.3465628958531003,0.7801489971829688,0,0.027
wine,9,cells,post_footprint_on,post,footprint,on,1,50,50,0.5,5,10,0.0,2.0,3,13,10500,3.543326022137968,0.9558479532163743,0.8888888888888888,3.8605726051718303,0.9550561797752809,0.327788911874196,0.7517535461887421,0,0.178
satimage,0,cells,post_none_off,post,none,off,1,50,50,0.5,5,10,0.0,2.0,6,36,55500,3.0681465220650908,0.7375802359175947,0.6259711431742508,4.0360490830522915,0.7189735614307932,0.42875011283060654,0.6888574728059537,0,0.736
satimage,0,cells,pre_none_off,pre,none,off,1,50,50,0.5,5,10,0.0,2.0,6,36,55500,3.897287204543966,0.7209865233593158,0.5882352941176471,3.731617979937362,0.6961119751166407,0.2456814426833942,0.6230306793470601,0,0.598
satimage,0,cells,pre_mass_off,pre,mass,off,1,50,50,0.5,5,10,0.0,2.0,6,36,55500,3.9287221425929686,0.7058243420517738,0.5405105438401776,3.750380043200211,0.6737169517884914,0.24298118728950427,0.6071954689359567,0,0.674
satimage,0,cells,post_footprint_on,post,footprint,on,1,50,50,0.5,5,10,0.0,2.0,6,36,55500,3.603339213179509,0.692755854618277,0.51165371809101,3.711859280205234,0.6538102643856921,0.2899548596208039,0.6111050945685134,0,1.253
satimage,1,cells,post_none_off,post,none,off,1,50,50,0.5,5,10,0.0,2.0,6,36,55500,2.8749335805531016,0.7384733406749344,0.6470588235294118,4.082930116191674,0.7234836702954899,0.4939879045845847,0.6861247703991777,0,0.76
satimage,1,cells,pre_none_off,pre,none,off,1,50,50,0.5,5,10,0.0,2.0,6,36,55500,3.7443570397343264,0.7155575144629595,0.58157602663707,3.724716684171385,0.6909797822706065,0.26566768825459514,0.62145390761097,0,0.785
satimage,1,cells,pre_mass_off,pre,mass,off,1,50,50,0.5,5,10,0.0,2.0,6,36,55500,3.4208667446458896,0.6881272823807332,0.5128617363344051,3.768199319575536,0.6469673405909798,0.32200421197569784,0.6095931213873682,0,0.674
satimage,1,cells,post_footprint_on,post,footprint,on,1,50,50,0.5,5,10,0.0,2.0,6,36,55500,3.3389189284883964,0.6828485326012264,0.48392282958199356,3.7058205946723306,0.6374805598755832,0.33816193184190885,0.6146386918772342,0,1.269
satimage,2,cells,post_none_off,post,none,off,1,50,50,0.5,5,10,0.0,2.0,6,36,55500,2.5002547330260434,0.7426099013207725,0.6481687014428413,4.062027691848925,0.7314152410575427,0.6497920051625216,0.6900908359635382,0,0.693
satimage,2,cells,pre_none_off,pre,none,off,1,50,50,0.5,5,10,0.0,2.0,6,36,55500,3.697470789091807,0.713729823371614,0.5749167591564928,3.725859512703768,0.6897356143079316,0.27253166660463496,0.6210830175605867,0,0.747
satimage,2,cells,pre_mass_off,pre,mass,off,1,50,50,0.5,5,10,0.0,2.0,6,36,55500,3.708722442996807,0.6963277692114176,0.5305466237942122,3.7578945987564993,0.6606531881804043,0.27320958404125945,0.6071746237111474,0,0.726
satimage,2,cells,post_footprint_on,post,footprint,on,1,50,50,0.5,5,10,0.0,2.0,6,36,55500,3.4230809619609666,0.6798050992629632,0.4855305466237942,3.7071054102726766,0.6398133748055987,0.32160624434415763,0.6136756100938108,0,1.276
satimage,3,cells,post_none_off,post,none,off,1,50,50,0.5,5,10,0.0,2.0,6,36,55500,3.3600666112921864,0.7346803505373652,0.609322974472808,4.0475606837483085,0.7127527216174183,0.3585069625535647,0.6793659877792412,0,1.055
satimage,3,cells,pre_none_off,pre,none,off,1,50,50,0.5,5,10,0.0,2.0,6,36,55500,3.6622522601599803,0.710118724574739,0.5660377358490566,3.736747720284228,0.6838258164852256,0.2786103634674542,0.6217414008984138,0,0.825
satimage,3,cells,pre_mass_off,pre,mass,off,1,50,50,0.5,5,10,0.0,2.0,6,36,55500,3.392664202168029,0.6837824690050075,0.478330658105939,3.7726011818753054,0.6455676516329705,0.32776240963279374,0.609032253802913,0,0.612
satimage,3,cells,post_footprint_on,post,footprint,on,1,50,50,0.5,5,10,0.0,2.0,6,36,55500,3.3394648493821943,0.6791440187433914,0.4758842443729904,3.714258998356648,0.632348367029549,0.33882346215292036,0.6134008814542263,0,1.168
satimage,4,cells,post_none_off,post,none,off,1,50,50,0.5,5,10,0.0,2.0,6,36,55500,3.484559850267604,0.7317976836736759,0.6093247588424437,4.260774560715306,0.7099533437013997,0.35090753956349213,0.6977901789791375,0,1.21
satimage,4,cells,pre_none_off,pre,none,off,1,50,50,0.5,5,10,0.0,2.0,6,36,55500,3.5699748843495094,0.7134047418559238,0.5401929260450161,3.758844035784656,0.6797822706065318,0.29493341844608073,0.6238804499936814,0,0.908
satimage,4,cells,pre_mass_off,pre,mass,off,1,50,50,0.5,5,10,0.0,2.0,6,36,55500,3.13117037498004,0.6845718780270161,0.4662379421221865,3.77392913244299,0.6427682737169518,0.384928743429194,0.6136730324551317,0,0.921
satimage,4,cells,post_footprint_on,post,footprint,on,1,50,50,0.5,5,10,0.0,2.0,6,36,55500,3.074384286998161,0.685170704809573,0.4758842443729904,3.7154454892988973,0.6379471228615863,0.40025866778243074,0.6177548252506054,0,1.441
satimage,5,cells,post_none_off,post,none,off,1,50,50,0.5,5,10,0.0,2.0,6,36,55500,3.316827342654412,0.7266128845856924,0.5739549839228296,4.128845640957481,0.7132192846034214,0.37530376135907934,0.6888295202209509,0,0.805
satimage,5,cells,pre_none_off,pre,none,off,1,50,50,0.5,5,10,0.0,2.0,6,36,55500,3.468456880996013,0.7019373103280071,0.5112540192926045,3.747534632697203,0.6791601866251944,0.31151076217487866,0.6231176147797222,0,0.837
satimage,5,cells,pre_mass_off,pre,mass,off,1,50,50,0.5,5,10,0.0,2.0,6,36,55500,3.221832434445635,0.6802838455236813,0.46141479099678456,3.773633674710513,0.6418351477449455,0.36354137057840913,0.6120497499112427,0,0.68
satimage,5,cells,post_footprint_on,post,footprint,on,1,50,50,0.5,5,10,0.0,2.0,6,36,55500,3.0761707341675213,0.6779974215984871,0.477491961414791,3.7152538220297684,0.629393468118196,0.39948485481842666,0.6172672364804038,0,1.265
satimage,6,cells,post_none_off,post,none,off,1,50,50,0.5,5,10,0.0,2.0,6,36,55500,3.5727301643873104,0.730462073457697,0.5960044395116537,4.053788247229182,0.7048211508553655,0.3175854708736727,0.6718835509759454,0,0.979
satimage,6,cells,pre_none_off,pre,none,off,1,50,50,0.5,5,10,0.0,2.0,6,36,55500,3.5753508991975806,0.7108515720973736,0.55826859045505,3.771533518714106,0.6818040435458786,0.29503981599943335,0.623048269323056,0,0.906
satimage,6,cells,pre_mass_off,pre,mass,off,1,50,50,0.5,5,10,0.0,2.0,6,36,55500,3.171843082532516,0.6837232688257783,0.48796147672552165,3.798055634519647,0.6432348367029549,0.3775182355723897,0.6149069194199017,0,0.704
satimage,6,cells,post_footprint_on,post,footprint,on,1,50,50,0.5,5,10,0.0,2.0,6,36,55500,3.165820843726872,0.6819747602986338,0.47191011235955055,3.731288192924238,0.6402799377916019,0.3802695109226538,0.6174027347262605,0,1.371
satimage,7,cells,post_none_off,post,none,off,1,50,50,0.5,5,10,0.0,2.0,6,36,55500,3.176141368198542,0.7308595138739916,0.6226415094339622,3.9244773923466036,0.7082426127527216,0.3890291845370622,0.6694863538000055,0,0.619
satimage,7,cells,pre_none_off,pre,none,off,1,50,50,0.5,5,10,0.0,2.0,6,36,55500,3.832696004442785,0.7165359680911749,0.5826859045504994,3.725882739889607,0.6858475894245724,0.253641571234427,0.617531159233087,0,0.653
satimage,7,cells,pre_mass_off,pre,mass,off,1,50,50,0.5,5,10,0.0,2.0,6,36,55500,3.468997838080949,0.6937714021588846,0.5183129855715871,3.7711625711519843,0.652099533437014,0.31337705611781297,0.6091102666411025,0,0.812
satimage,7,cells,post_footprint_on,post,footprint,on,1,50,50,0.5,5,10,0.0,2.0,6,36,55500,3.272235539923711,0.6824429942425686,0.48475120385232745,3.713121463019439,0.6374805598755832,0.3526721983866712,0.6137733543350612,0,1.589
satimage,8,cells,post_none_off,post,none,off,1,50,50,0.5,5,10,0.0,2.0,6,36,55500,2.5826820402897885,0.7524414574863305,0.651685393258427,4.442539873640653,0.7418351477449455,0.6660233410410491,0.717442111171206,0,0.626
satimage,8,cells,pre_none_off,pre,none,off,1,50,50,0.5,5,10,0.0,2.0,6,36,55500,3.535221657554429,0.7175893536838481,0.5858747993579454,3.738077747119158,0.7035769828926906,0.2990990486045847,0.6257164766289848,0,0.643
satimage,8,cells,pre_mass_off,pre,mass,off,1,50,50,0.5,5,10,0.0,2.0,6,36,55500,3.6075434609199704,0.6951843364105728,0.5120385232744783,3.7586266251514204,0.6625194401244168,0.2888058873718598,0.6090565249608171,0,0.615
satimage,8,cells,post_footprint_on,post,footprint,on,1,50,50,0.5,5,10,0.0,2.0,6,36,55500,3.3537713920495595,0.6840468576242709,0.47191011235955055,3.717885924412145,0.642457231726283,0.3364158980868083,0.6164452208278856,0,1.177
satimage,9,cells,post_none_off,post,none,off,1,50,50,0.5,5,10,0.0,2.0,6,36,55500,2.6315093946199415,0.731402790010407,0.6270096463022508,4.300642204810879,0.7230171073094868,0.6210455624644696,0.7189597115635908,0,0.656
satimage,9,cells,pre_none_off,pre,none,off,1,50,50,0.5,5,10,0.0,2.0,6,36,55500,3.266763082001636,0.7097728899899582,0.5698234349919743,3.9387661710028716,0.6993779160186625,0.36908374729861726,0.6727348219372036,0,0.688
satimage,9,cells,pre_mass_off,pre,mass,off,1,50,50,0.5,5,10,0.0,2.0,6,36,55500,3.0484419627993313,0.677849505091705,0.507223113964687,3.9462233420408044,0.6597200622083982,0.42464478868357175,0.6703093824350091,0,0.686
satimage,9,cells,post_footprint_on,post,footprint,on,1,50,50,0.5,5,10,0.0,2.0,6,36,55500,2.912247834606307,0.6602440170188209,0.4799357945425361,3.8753190943669544,0.6382581648522551,0.465738555677771,0.6740473951025084,0,1.254
pendigits,0,cells,post_none_off,post,none,off,1,50,50,0.5,5,10,0.0,1.5,10,16,42500,0.9580375259758621,0.6925830875889192,0.5691881918819188,4.119649587967397,0.6597525473071325,4.4884380559534,0.5976034568661027,0,1.216
pendigits,0,cells,pre_none_off,pre,none,off,1,50,50,0.5,5,10,0.0,1.5,10,16,42500,1.646451037548156,0.7541727516210383,0.6097785977859779,3.8615859101580723,0.7542758369723436,1.424518392545377,0.47719139919516945,0,1.246
pendigits,0,cells,pre_mass_off,pre,mass,off,1,50,50,0.5,5,10,0.0,1.5,10,16,42500,2.2682694995958994,0.771757304600297,0.6411439114391144,3.9050760629958305,0.7719250363901019,0.7589972307719566,0.44188299687931876,0,1.039
pendigits,0,cells,post_footprint_on,post,footprint,on,1,50,50,0.5,5,10,0.0,1.5,10,16,42500,2.2184328036178207,0.7298921097752641,0.5027675276752768,3.821071222516971,0.7216157205240175,0.7918531537727435,0.44066868345914134,0,2.214
pendigits,1,cells,post_none_off,post,none,off,1,50,50,0.5,5,10,0.0,1.5,10,16,42500,0.9483214564204031,0.5912356090524689,0.503690036900369,4.208431539857955,0.5492176128093159,4.67960410186354,0.6185134169461569,0,1.084
pendigits,1,cells,pre_none_off,pre,none,off,1,50,50,0.5,5,10,0.0,1.5,10,16,42500,1.4343346897719005,0.6902923942680739,0.5156826568265682,4.011225361466559,0.6897743813682679,1.9497371123421026,0.516849698488224,0,1.175
pendigits,1,cells,pre_mass_off,pre,mass,off,1,50,50,0.5,5,10,0.0,1.5,10,16,42500,1.7051448144807,0.7209760921076743,0.5387453874538746,4.012646444152772,0.7193413391557496,1.3800930165010883,0.48866057298118587,0,1.031
pendigits,1,cells,post_footprint_on,post,footprint,on,1,50,50,0.5,5,10,0.0,1.5,10,16,42500,1.5933074925856985,0.7026535572104998,0.5212177121771218,3.8649655146184325,0.7007823871906841,1.5790421934608982,0.48062844885871703,0,2.464
pendigits,2,cells,post_none_off,post,none,off,1,50,50,0.5,5,10,0.0,1.5,10,16,42500,0.44114751446112904,0.6837722606229564,0.5627306273062731,4.089568886880011,0.6433770014556041,21.014054525385834,0.5957564214251752,0,1.066
pendigits,2,cells,pre_none_off,pre,none,off,1,50,50,0.5,5,10,0.0,1.5,10,16,42500,1.6860355435008056,0.7290948979796603,0.5202952029520295,3.8492119851199136,0.729075691411936,1.3540614619551234,0.4707516687047763,0,1.051
pendigits,2,cells,pre_mass_off,pre,mass,off,1,50,50,0.5,5,10,0.0,1.5,10,16,42500,2.3283071407661877,0.7384387351535368,0.5101476014760148,3.892822747126276,0.7378093158660844,0.7180986150083645,0.43430664438901573,0,1.089
pendigits,2,cells,post_footprint_on,post,footprint,on,1,50,50,0.5,5,10,0.0,1.5,10,16,42500,2.1101946810142747,0.6686384545536128,0.5230627306273062,4.063669381176565,0.6325509461426492,0.9354102818985967,0.4830592192514215,0,2.149
pendigits,3,cells,post_none_off,post,none,off,1,50,50,0.5,5,10,0.0,1.5,10,16,42500,0.8640101478542779,0.6784942831979817,0.5027675276752768,4.154734144482724,0.6487445414847162,5.565517497509658,0.6158776169730233,0,1.125
pendigits,3,cells,pre_none_off,pre,none,off,1,50,50,0.5,5,10,0.0,1.5,10,16,42500,1.6363693525820773,0.7170559133978021,0.5857933579335793,3.9416667694843293,0.6931404657933042,1.4720319351147253,0.5116562509922776,0,1.333
pendigits,3,cells,pre_mass_off,pre,mass,off,1,50,50,0.5,5,10,0.0,1.5,10,16,42500,2.3330271217796565,0.7669247825340901,0.6217712177121771,3.8876617739151764,0.7670123726346434,0.7142477800251512,0.4425260587839651,0,1.241
pendigits,3,cells,post_footprint_on,post,footprint,on,1,50,50,0.5,5,10,0.0,1.5,10,16,42500,2.3212901161673782,0.724634844087827,0.47878228782287824,3.807513645666283,0.7247088791848617,0.7216738809347003,0.4415112343873955,0,2.34
pendigits,4,cells,post_none_off,post,none,off,1,50,50,0.5,5,10,0.0,1.5,10,16,42500,0.9307881225681394,0.6305817600601398,0.492619926199262,4.3139496744234345,0.602165211062591,4.97935865416631,0.6397842127048131,0,1.01
pendigits,4,cells,pre_none_off,pre,none,off,1,50,50,0.5,5,10,0.0,1.5,10,16,42500,1.502612071969522,0.7237224625799772,0.5285977859778598,4.061376985139467,0.723981077147016,1.798786237703518,0.526915143486099,0,1.0
pendigits,4,cells,pre_mass_off,pre,mass,off,1,50,50,0.5,5,10,0.0,1.5,10,16,42500,2.120723097323033,0.7523387522211795,0.5691881918819188,4.0269897027066515,0.7524563318777293,0.8953907144242585,0.48555480628630954,0,0.999
pendigits,4,cells,post_footprint_on,post,footprint,on,1,50,50,0.5,5,10,0.0,1.5,10,16,42500,2.061083018799201,0.7362379513889648,0.5627306273062731,3.993201600736369,0.7362627365356623,0.9632502900291333,0.5132987327607113,0,2.151
pendigits,5,cells,post_none_off,post,none,off,1,50,50,0.5,5,10,0.0,1.5,10,16,42500,0.9776196543163311,0.6106775706676753,0.5129151291512916,4.346972910548646,0.5557678311499272,4.548278876234841,0.6368389569864262,0,0.99
pendigits,5,cells,pre_none_off,pre,none,off,1,50,50,0.5,5,10,0.0,1.5,10,16,42500,1.7577079598391079,0.6924695816386409,0.4907749077490775,4.164949949767713,0.6888646288209607,1.348082118122929,0.5500911323984117,0,0.98
pendigits,5,cells,pre_mass_off,pre,mass,off,1,50,50,0.5,5,10,0.0,1.5,10,16,42500,2.237444667754964,0.7116223607345497,0.522140221402214,4.1641540739082705,0.710334788937409,0.8318062555156926,0.5266662389739462,0,0.992
pendigits,5,cells,post_footprint_on,post,footprint,on,1,50,50,0.5,5,10,0.0,1.5,10,16,42500,2.0641023468265574,0.6949651492809803,0.5202952029520295,4.064833980331956,0.69004730713246,0.9838272972945865,0.5294331760331892,0,2.149
pendigits,6,cells,post_none_off,post,none,off,1,50,50,0.5,5,10,0.0,1.5,10,16,42500,0.19707978612720312,0.6758259828346322,0.5599630996309963,4.207984297367788,0.649745269286754,108.34027806737663,0.6342559726328836,0,1.004
pendigits,6,cells,pre_none_off,pre,none,off,1,50,50,0.5,5,10,0.0,1.5,10,16,42500,0.976020919888039,0.7012809971804153,0.5470479704797048,3.9662936025996745,0.6803129548762736,4.163577056865739,0.5302959967591009,0,1.054
pendigits,6,cells,pre_mass_off,pre,mass,off,1,50,50,0.5,5,10,0.0,1.5,10,16,42500,1.8527093609474596,0.7190155899014276,0.5668202764976958,4.063767294931229,0.6611171761280932,1.1838978699036913,0.4925384026588647,0,1.016
pendigits,6,cells,post_footprint_on,post,footprint,on,1,50,50,0.5,5,10,0.0,1.5,10,16,42500,1.9051323658329165,0.7069962572641719,0.543778801843318,3.884987084707039,0.6774927219796215,1.092448245255158,0.47123253629080547,0,2.205
pendigits,7,cells,post_none_off,post,none,off,1,50,50,0.5,5,10,0.0,1.5,10,16,42500,0.36525375948862027,0.6240709948638622,0.5544280442804428,4.137736359368736,0.5897016011644832,31.015117167098015,0.603855497221232,0,1.037
pendigits,7,cells,pre_none_off,pre,none,off,1,50,50,0.5,5,10,0.0,1.5,10,16,42500,1.545315645361507,0.7235702759800671,0.5525830258302583,3.938318404586587,0.7061499272197962,1.649211755723608,0.505214350889848,0,1.05
pendigits,7,cells,pre_mass_off,pre,mass,off,1,50,50,0.5,5,10,0.0,1.5,10,16,42500,2.303512753256308,0.736936008296692,0.525830258302583,3.9034491862745733,0.7351710334788938,0.735643307203463,0.43301016541602955,0,0.996
pendigits,7,cells,post_footprint_on,post,footprint,on,1,50,50,0.5,5,10,0.0,1.5,10,16,42500,1.847946906920541,0.6797195585954594,0.492619926199262,3.85756581077726,0.612627365356623,1.1716889670706077,0.4442382152106946,0,2.218
pendigits,8,cells,post_none_off,post,none,off,1,50,50,0.5,5,10,0.0,1.5,10,16,42500,0.8862186844058589,0.6377519752039191,0.5636531365313653,4.252461279768518,0.5937045123726347,5.4145025625844445,0.6324723378195795,0,0.982
pendigits,8,cells,pre_none_off,pre,none,off,1,50,50,0.5,5,10,0.0,1.5,10,16,42500,1.488547497840297,0.7132772284166775,0.46586715867158673,3.9693151248587246,0.7085152838427947,1.7913901624831894,0.5277499602069586,0,0.897
pendigits,8,cells,pre_mass_off,pre,mass,off,1,50,50,0.5,5,10,0.0,1.5,10,16,42500,2.3427918302534887,0.7473106890932758,0.5673431734317343,3.885520666449432,0.7473617176128093,0.7079161520617852,0.4451218754201192,0,0.988
pendigits,8,cells,post_footprint_on,post,footprint,on,1,50,50,0.5,5,10,0.0,1.5,10,16,42500,2.2789346500297074,0.7273642209034425,0.5230627306273062,3.786364703966168,0.7270742358078602,0.7484915500644739,0.4462150409939442,0,2.311
pendigits,9,cells,post_none_off,post,none,off,1,50,50,0.5,5,10,0.0,1.5,10,16,42500,0.9011832595651182,0.615197241569771,0.5046125461254612,4.230735609045228,0.576783114992722,5.20942337684441,0.6395449848693195,0,1.024
pendigits,9,cells,pre_none_off,pre,none,off,1,50,50,0.5,5,10,0.0,1.5,10,16,42500,1.6661431803796336,0.7213487244565319,0.5295202952029521,3.9824494100089414,0.7213427947598253,1.4345828274017087,0.519246589415379,0,1.174
pendigits,9,cells,pre_mass_off,pre,mass,off,1,50,50,0.5,5,10,0.0,1.5,10,16,42500,1.5377884777866306,0.6582032238087582,0.5013824884792627,4.08222759793938,0.5994359534206696,1.7262512631223417,0.5308152408609801,0,1.126
pendigits,9,cells,post_footprint_on,post,footprint,on,1,50,50,0.5,5,10,0.0,1.5,10,16,42500,1.6269519112884454,0.70778047537041,0.5861751152073733,3.914677629784355,0.6629366812227074,1.5303949207686898,0.5042694517339181,0,2.516
digits_pca16,0,cells,post_none_off,post,none,off,1,50,50,0.5,5,10,0.0,1.3,10,16,42500,1.723012095057116e-05,0.6464003829001943,0.4444444444444444,8.073157201978757,0.36950473010573176,27193603255.19959,0.9912291151751124,0,0.141
digits_pca16,0,cells,pre_none_off,pre,none,off,1,50,50,0.5,5,10,0.0,1.3,10,16,42500,6.114803723704569e-05,0.652183273906757,0.45,8.070801416781777,0.2626599888703395,2158497842.0672584,0.9999999706722712,0,0.23
digits_pca16,0,cells,pre_mass_off,pre,mass,off,1,50,50,0.5,5,10,0.0,1.3,10,16,42500,0.8853009581805742,0.7520666496116113,0.5388888888888889,7.918179544914795,0.7523650528658876,10.10284003647939,0.6387887624853408,0,0.238
digits_pca16,0,cells,post_footprint_on,post,footprint,on,1,50,50,0.5,5,10,0.0,1.3,10,16,42500,1.6619718013997606,0.6687591473296959,0.4111111111111111,7.724475796136315,0.6221480244852532,2.881780253607657,0.5648278390580042,0,0.81
digits_pca16,1,cells,post_none_off,post,none,off,1,50,50,0.5,5,10,0.0,1.3,10,16,42500,0.00029177008811760756,0.6018359583117592,0.4222222222222222,8.040827831560748,0.47356705620478573,94453755.47200689,0.8387008271423326,0,0.139
digits_pca16,1,cells,pre_none_off,pre,none,off,1,50,50,0.5,5,10,0.0,1.3,10,16,42500,0.00028226942933512103,0.5696235835246409,0.35,8.094816925266983,0.3811908736783528,101596638.91853662,0.9261902901059648,0,0.148
digits_pca16,1,cells,pre_mass_off,pre,mass,off,1,50,50,0.5,5,10,0.0,1.3,10,16,42500,0.8712571777791084,0.7054789522014826,0.4659090909090909,8.04694192976362,0.667779632721202,10.600787509097731,0.638417074280752,0,0.17
digits_pca16,1,cells,post_footprint_on,post,footprint,on,1,50,50,0.5,5,10,0.0,1.3,10,16,42500,1.0895817303814896,0.6666342086575605,0.5777777777777777,7.5316794139529595,0.6043405676126878,6.76705984185922,0.590028592214167,0,0.944
digits_pca16,2,cells,post_none_off,post,none,off,1,50,50,0.5,5,10,0.0,1.3,10,16,42500,0.0003828768422173638,0.6584693594456621,0.4722222222222222,8.051031608940837,0.41513633834168057,54920354.62540626,0.9411880711051955,0,0.346
digits_pca16,2,cells,pre_none_off,pre,none,off,1,50,50,0.5,5,10,0.0,1.3,10,16,42500,4.272566550712229e-05,0.5952883740560345,0.3901098901098901,8.061505668751316,0.32164718976071227,4416095853.86163,0.977286082995929,0,0.426
digits_pca16,2,cells,pre_mass_off,pre,mass,off,1,50,50,0.5,5,10,0.0,1.3,10,16,42500,2.266275287147425,0.7158659577061307,0.56353591160221,7.96719934519164,0.6622148024485254,1.5512448678065844,0.5205424023698898,0,0.243
digits_pca16,2,cells,post_footprint_on,post,footprint,on,1,50,50,0.5,5,10,0.0,1.3,10,16,42500,1.3075069383222504,0.6574049101701614,0.5056818181818182,7.628214107632436,0.6054535336672231,4.6421695368587255,0.555468216780368,0,1.148
digits_pca16,3,cells,post_none_off,post,none,off,1,50,50,0.5,5,10,0.0,1.3,10,16,42500,0.0007346820133764191,0.5844301933984662,0.36666666666666664,8.026554449618384,0.41346688925987757,14870663.323308246,0.9375343051819197,0,0.171
digits_pca16,3,cells,pre_none_off,pre,none,off,1,50,50,0.5,5,10,0.0,1.3,10,16,42500,0.00021213203021143778,0.5908760222384812,0.4722222222222222,8.024782946582816,0.34390651085141904,178328516.892244,0.9341872197215971,0,0.176
digits_pca16,3,cells,pre_mass_off,pre,mass,off,1,50,50,0.5,5,10,0.0,1.3,10,16,42500,1.6961176106167748,0.6792619788054624,0.4519774011299435,7.92153831632066,0.6232609905397886,2.7535793774125445,0.6068114819062169,0,0.179
digits_pca16,3,cells,post_footprint_on,post,footprint,on,1,50,50,0.5,5,10,0.0,1.3,10,16,42500,1.5874970637724686,0.6470953659876909,0.4943181818181818,7.5747642094996825,0.6021146355036171,3.1251548028545293,0.5334336155422783,0,0.771
digits_pca16,4,cells,post_none_off,post,none,off,1,50,50,0.5,5,10,0.0,1.3,10,16,42500,0.0007906798121357214,0.6584179052933575,0.45,8.13079756642106,0.39232053422370616,13005643.571363984,0.9582344930580087,0,0.149
digits_pca16,4,cells,pre_none_off,pre,none,off,1,50,50,0.5,5,10,0.0,1.3,10,16,42500,0.0033910732893326664,0.6314964693026699,0.4431818181818182,8.138417338654389,0.47022815804117973,707726.7397160273,0.9399287194352958,0,0.163
digits_pca16,4,cells,pre_mass_off,pre,mass,off,1,50,50,0.5,5,10,0.0,1.3,10,16,42500,1.0557021139859775,0.6912153028046919,0.4388888888888889,8.22007616911926,0.6310517529215359,7.375527037757165,0.6060442349150852,0,0.153
digits_pca16,4,cells,post_footprint_on,post,footprint,on,1,50,50,0.5,5,10,0.0,1.3,10,16,42500,1.3974349076437413,0.655342786967813,0.40555555555555556,7.751054311985175,0.6071229827490262,4.191086219326145,0.5847875804774729,0,0.742
digits_pca16,5,cells,post_none_off,post,none,off,1,50,50,0.5,5,10,0.0,1.3,10,16,42500,0.0004558214099136205,0.5808005036023228,0.32954545454545453,8.088883597196554,0.4485253199777407,38931321.47266301,0.910053939760718,0,0.152
digits_pca16,5,cells,pre_none_off,pre,none,off,1,50,50,0.5,5,10,0.0,1.3,10,16,42500,0.0004884107147174017,0.6374985445628045,0.43333333333333335,8.111358040969584,0.31552587646076796,34003467.473024435,0.9952492881758835,0,0.151
digits_pca16,5,cells,pre_mass_off,pre,mass,off,1,50,50,0.5,5,10,0.0,1.3,10,16,42500,0.5765962791601538,0.6490173400623045,0.4632768361581921,8.117195368334933,0.6071229827490262,24.415314778379983,0.6694708198192066,0,0.162
digits_pca16,5,cells,post_footprint_on,post,footprint,on,1,50,50,0.5,5,10,0.0,1.3,10,16,42500,1.3478677261765162,0.622782932311524,0.4034090909090909,7.802510387916007,0.6188091263216472,4.475992033933778,0.6270693611272332,0,0.772
digits_pca16,6,cells,post_none_off,post,none,off,1,50,50,0.5,5,10,0.0,1.3,10,16,42500,0.0012660033762864752,0.6194456270579729,0.4388888888888889,8.046848987753785,0.4468558708959377,5020605.798858841,0.9177520283857339,0,0.169
digits_pca16,6,cells,pre_none_off,pre,none,off,1,50,50,0.5,5,10,0.0,1.3,10,16,42500,0.011851797368531763,0.6178502448970301,0.3806818181818182,8.081898341983951,0.4741235392320534,57536.69980820768,0.9615883890103697,0,0.196
digits_pca16,6,cells,pre_mass_off,pre,mass,off,1,50,50,0.5,5,10,0.0,1.3,10,16,42500,1.128636289413085,0.6718132292318565,0.4444444444444444,7.991001252413412,0.654424040066778,6.2732584228723285,0.6172589278297029,0,0.247
digits_pca16,6,cells,post_footprint_on,post,footprint,on,1,50,50,0.5,5,10,0.0,1.3,10,16,42500,2.0313426106335535,0.6232034296114068,0.4444444444444444,7.75884143677193,0.5436839176405119,1.957257191079365,0.5242499864685146,0,0.837
digits_pca16,7,cells,post_none_off,post,none,off,1,50,50,0.5,5,10,0.0,1.3,10,16,42500,0.00038550568017748407,0.6098527325269283,0.43646408839779005,8.001659087323779,0.47189760712298273,53841664.96249329,0.8255699293830558,0,0.15
digits_pca16,7,cells,pre_none_off,pre,none,off,1,50,50,0.5,5,10,0.0,1.3,10,16,42500,0.0007038490944987733,0.5835807748339248,0.3522727272727273,8.043693133715301,0.44351697273233165,16236648.221438276,0.8606121024043063,0,0.148
digits_pca16,7,cells,pre_mass_off,pre,mass,off,1,50,50,0.5,5,10,0.0,1.3,10,16,42500,1.173953970340752,0.7118233420293473,0.4444444444444444,7.93931060697857,0.7117417918753478,5.760771576497832,0.6181319787434334,0,0.157
digits_pca16,7,cells,post_footprint_on,post,footprint,on,1,50,50,0.5,5,10,0.0,1.3,10,16,42500,1.8874617609984337,0.6316132478271729,0.45555555555555555,7.496860511191548,0.5486922648859209,2.2374802359740444,0.5049730844800998,0,1.048
digits_pca16,8,cells,post_none_off,post,none,off,1,50,50,0.5,5,10,0.0,1.3,10,16,42500,0.0004479395229394399,0.5735601476215437,0.37777777777777777,8.060548094851658,0.44574290484140233,40172217.682804964,0.9386808061070709,0,0.147
digits_pca16,8,cells,pre_none_off,pre,none,off,1,50,50,0.5,5,10,0.0,1.3,10,16,42500,0.0003975988810372046,0.6066026400396157,0.34444444444444444,8.0616842788745,0.4079020589872009,50995925.59725309,0.9436878536045878,0,0.151
digits_pca16,8,cells,pre_mass_off,pre,mass,off,1,50,50,0.5,5,10,0.0,1.3,10,16,42500,1.7427689078855395,0.7383729837839147,0.4722222222222222,7.932354818924383,0.7011686143572621,2.6116954096561438,0.5789431840703664,0,0.162
digits_pca16,8,cells,post_footprint_on,post,footprint,on,1,50,50,0.5,5,10,0.0,1.3,10,16,42500,1.173737536566409,0.6585109520127569,0.5055555555555555,7.762974149942818,0.6043405676126878,5.833729764685991,0.5921513879362629,0,0.919
digits_pca16,9,cells,post_none_off,post,none,off,1,50,50,0.5,5,10,0.0,1.3,10,16,42500,0.0008543585289198692,0.5936709654897605,0.37777777777777777,8.015901811583658,0.4902615470228158,10981763.085275104,0.8524660880494545,0,0.213
digits_pca16,9,cells,pre_none_off,pre,none,off,1,50,50,0.5,5,10,0.0,1.3,10,16,42500,0.00010952996057108749,0.5674184676388526,0.4111111111111111,8.02419172778215,0.4045631608235949,668860323.2316953,0.890946362820316,0,0.24
digits_pca16,9,cells,pre_mass_off,pre,mass,off,1,50,50,0.5,5,10,0.0,1.3,10,16,42500,1.1190971586698981,0.6391453440031316,0.3615819209039548,7.9563282428525195,0.6048970506399555,6.352974405941437,0.6129991127370619,0,0.261
digits_pca16,9,cells,post_footprint_on,post,footprint,on,1,50,50,0.5,5,10,0.0,1.3,10,16,42500,1.082210190989775,0.6149191213486322,0.3502824858757062,7.549069867001165,0.6021146355036171,6.797277388378288,0.6010281573908386,0,0.969
digits_pca32,0,cells,post_none_off,post,none,off,1,50,50,0.5,5,10,0.0,1.1,10,32,82500,1.6937806834128608,0.4858500785287223,0.3314917127071823,24.899667550566203,0.4073455759599332,8.67919002910426,0.4855634875858832,0,0.367
digits_pca32,0,cells,pre_none_off,pre,none,off,1,50,50,0.5,5,10,0.0,1.1,10,32,82500,1.6991898028171757,0.545590666717813,0.42777777777777776,24.865936703568508,0.48080133555926546,8.612337439954738,0.4882789209762546,0,0.353
digits_pca32,0,cells,pre_mass_off,pre,mass,off,1,50,50,0.5,5,10,0.0,1.1,10,32,82500,1.728863480469469,0.6596506793837259,0.37222222222222223,24.724017050195194,0.5915414579855315,8.271754439505894,0.41624946271053326,0,0.456
digits_pca32,0,cells,post_footprint_on,post,footprint,on,1,50,50,0.5,5,10,0.0,1.1,10,32,82500,2.4709597923103512,0.6155677333128791,0.4722222222222222,23.64076640810742,0.5108514190317195,4.0289566741951015,0.30949984289955484,0,0.933
digits_pca32,1,cells,post_none_off,post,none,off,1,50,50,0.5,5,10,0.0,1.1,10,32,82500,1.834094786895328,0.48058314086128034,0.34444444444444444,24.708706457460902,0.41624930439621594,7.3452478888213975,0.4406656002148881,0,0.362
digits_pca32,1,cells,pre_none_off,pre,none,off,1,50,50,0.5,5,10,0.0,1.1,10,32,82500,1.820692019935771,0.5170697983486507,0.32222222222222224,24.80738858027064,0.4707846410684474,7.483557019472151,0.4115712944654138,0,0.335
digits_pca32,1,cells,pre_mass_off,pre,mass,off,1,50,50,0.5,5,10,0.0,1.1,10,32,82500,1.9252314419717103,0.6216697013570949,0.38636363636363635,24.569775727563034,0.5542570951585977,6.628805873359566,0.37359890249221755,0,0.484
digits_pca32,1,cells,post_footprint_on,post,footprint,on,1,50,50,0.5,5,10,0.0,1.1,10,32,82500,1.9176795371255808,0.6607140499945061,0.5113636363636364,23.291754069377685,0.5392320534223706,6.688404589956152,0.28343105562407983,0,1.034
digits_pca32,2,cells,post_none_off,post,none,off,1,50,50,0.5,5,10,0.0,1.1,10,32,82500,1.9381123607484045,0.520253279366328,0.3314917127071823,25.00612933647924,0.4507512520868113,6.6571534903420435,0.46419231890308477,0,0.284
digits_pca32,2,cells,pre_none_off,pre,none,off,1,50,50,0.5,5,10,0.0,1.1,10,32,82500,2.422245538529026,0.6176316530701076,0.35359116022099446,24.324264228740727,0.5275459098497496,4.145752612434062,0.36707453903403753,0,0.282
digits_pca32,2,cells,pre_mass_off,pre,mass,off,1,50,50,0.5,5,10,0.0,1.1,10,32,82500,2.994307790496631,0.7025780401169819,0.4444444444444444,24.21302119438321,0.6321647189760712,2.7005741216095607,0.29550193856749113,0,0.424
digits_pca32,2,cells,post_footprint_on,post,footprint,on,1,50,50,0.5,5,10,0.0,1.1,10,32,82500,3.107374712918953,0.7031235741054979,0.5193370165745856,23.80139964525765,0.563717306622148,2.578802910786296,0.2727253946587003,0,0.981
digits_pca32,3,cells,post_none_off,post,none,off,1,50,50,0.5,5,10,0.0,1.1,10,32,82500,1.8841379286141249,0.4493374788651793,0.2833333333333333,24.957706042459485,0.38564273789649417,7.030387786352662,0.4690240026576761,0,0.328
digits_pca32,3,cells,pre_none_off,pre,none,off,1,50,50,0.5,5,10,0.0,1.1,10,32,82500,1.8060651280674922,0.691577284198428,0.45054945054945056,24.271133802084897,0.5798553144129104,7.440861997767713,0.4009771442094165,0,0.716
digits_pca32,3,cells,pre_mass_off,pre,mass,off,1,50,50,0.5,5,10,0.0,1.1,10,32,82500,2.056691328307472,0.7270990487988888,0.423728813559322,24.413559087717537,0.6160267111853088,5.7715553241161786,0.34698123837972783,0,0.4
digits_pca32,3,cells,post_footprint_on,post,footprint,on,1,50,50,0.5,5,10,0.0,1.1,10,32,82500,2.3036037466547463,0.6957683737276799,0.5833333333333334,23.68895798762181,0.5904284919309961,4.659456430213632,0.30100448899447596,0,0.934
digits_pca32,4,cells,post_none_off,post,none,off,1,50,50,0.5,5,10,0.0,1.1,10,32,82500,2.0680425880809103,0.4527418192590512,0.2994350282485876,25.013022907385114,0.3772954924874791,5.848536768803318,0.45399114063820956,0,0.639
digits_pca32,4,cells,pre_none_off,pre,none,off,1,50,50,0.5,5,10,0.0,1.1,10,32,82500,1.283387161839485,0.6436446978321969,0.38333333333333336,24.815770032567787,0.558708959376739,15.066499958456587,0.4419824950325445,0,0.437
digits_pca32,4,cells,pre_mass_off,pre,mass,off,1,50,50,0.5,5,10,0.0,1.1,10,32,82500,1.6744018369734694,0.6372112383368721,0.3954802259887006,24.841451859790578,0.5108514190317195,8.860486965332573,0.39167532262351334,0,0.502
digits_pca32,4,cells,post_footprint_on,post,footprint,on,1,50,50,0.5,5,10,0.0,1.1,10,32,82500,2.1045457173632345,0.6929204247866161,0.5193370165745856,23.938421805176134,0.5893155258764607,5.606928993314696,0.3233540506755392,0,1.102
digits_pca32,5,cells,post_none_off,post,none,off,1,50,50,0.5,5,10,0.0,1.1,10,32,82500,1.9694520974284524,0.5386904814326002,0.3954802259887006,24.82859444765282,0.442960489705064,6.4011984396376835,0.44077592200527893,0,0.477
digits_pca32,5,cells,pre_none_off,pre,none,off,1,50,50,0.5,5,10,0.0,1.1,10,32,82500,1.7568841290112234,0.6476871242349136,0.375,24.661079905938532,0.5659432387312187,7.989614980335753,0.4443463865887233,0,0.467
digits_pca32,5,cells,pre_mass_off,pre,mass,off,1,50,50,0.5,5,10,0.0,1.1,10,32,82500,2.1715015849487265,0.6760967972845642,0.3615819209039548,24.79070811517497,0.5837506956037841,5.25737106578621,0.37919354907703584,0,0.312
digits_pca32,5,cells,post_footprint_on,post,footprint,on,1,50,50,0.5,5,10,0.0,1.1,10,32,82500,2.3731752980459033,0.6388478427619066,0.510989010989011,23.87763526656728,0.4674457429048414,4.440866841353075,0.32084851264023,0,0.753
digits_pca32,6,cells,post_none_off,post,none,off,1,50,50,0.5,5,10,0.0,1.1,10,32,82500,1.8830835048532593,0.4762507254582856,0.3389830508474576,24.753062452603515,0.39287701725097385,6.980552204357122,0.4481891644077144,0,0.634
digits_pca32,6,cells,pre_none_off,pre,none,off,1,50,50,0.5,5,10,0.0,1.1,10,32,82500,1.8370239377235997,0.5924763469947198,0.38636363636363635,24.5454935798871,0.5180856983861992,7.273478151937918,0.4197928879005163,0,0.458
digits_pca32,6,cells,pre_mass_off,pre,mass,off,1,50,50,0.5,5,10,0.0,1.1,10,32,82500,1.9299073223269185,0.7211096657514673,0.5555555555555556,24.443962765712932,0.6355036171396773,6.562944108438497,0.3635425646015827,0,0.635
digits_pca32,6,cells,post_footprint_on,post,footprint,on,1,50,50,0.5,5,10,0.0,1.1,10,32,82500,1.544000118711092,0.6848230098292548,0.4463276836158192,23.95290004234298,0.6104618809126322,10.356116989330769,0.33765619583970463,0,1.022
digits_pca32,7,cells,post_none_off,post,none,off,1,50,50,0.5,5,10,0.0,1.1,10,32,82500,1.6920796164636487,0.5857755098936978,0.3791208791208791,24.825948847647226,0.4802448525319978,8.670901817199553,0.43328056680747307,0,0.349
digits_pca32,7,cells,pre_none_off,pre,none,off,1,50,50,0.5,5,10,0.0,1.1,10,32,82500,1.6019977966780026,0.5406274718634517,0.3867403314917127,24.464562894072557,0.46967167501391205,9.532649648780785,0.42470043108360467,0,0.341
digits_pca32,7,cells,pre_mass_off,pre,mass,off,1,50,50,0.5,5,10,0.0,1.1,10,32,82500,1.7490829692958294,0.6831651166113245,0.4835164835164835,24.4438760325153,0.5692821368948247,7.9900454605311415,0.381367918621147,0,0.377
digits_pca32,7,cells,post_footprint_on,post,footprint,on,1,50,50,0.5,5,10,0.0,1.1,10,32,82500,1.8007709763413846,0.6671306295582808,0.34444444444444444,23.58450885255799,0.5887590428491931,7.543878001361597,0.3243050160016303,0,0.959
digits_pca32,8,cells,post_none_off,post,none,off,1,50,50,0.5,5,10,0.0,1.1,10,32,82500,1.5030405936183282,0.5133517987341925,0.384180790960452,24.981822267951966,0.434613244296049,11.058155538446538,0.5302988204709621,0,0.419
digits_pca32,8,cells,pre_none_off,pre,none,off,1,50,50,0.5,5,10,0.0,1.1,10,32,82500,1.7880713280844633,0.6222703298752008,0.37222222222222223,24.515686007964955,0.57039510294936,7.667863476157319,0.4025590048148551,0,0.48
digits_pca32,8,cells,pre_mass_off,pre,mass,off,1,50,50,0.5,5,10,0.0,1.1,10,32,82500,1.864771327085536,0.7274094753158321,0.5333333333333333,24.49388697743711,0.6772398441847524,7.043792339937692,0.341600835071704,0,0.483
digits_pca32,8,cells,post_footprint_on,post,footprint,on,1,50,50,0.5,5,10,0.0,1.1,10,32,82500,1.9919197241646882,0.636395518556992,0.46408839779005523,23.78287122751612,0.5475792988313857,6.208190978972248,0.3395043763045816,0,1.094
digits_pca32,9,cells,post_none_off,post,none,off,1,50,50,0.5,5,10,0.0,1.1,10,32,82500,2.06973490880774,0.46231628258309937,0.3,24.776308735531714,0.3989983305509182,5.783718600277388,0.4350041621923614,0,0.447
digits_pca32,9,cells,pre_none_off,pre,none,off,1,50,50,0.5,5,10,0.0,1.1,10,32,82500,1.4065556670588186,0.6060165388918806,0.3672316384180791,24.51108480653335,0.5314412910406232,12.389354590575975,0.44702968284411404,0,0.328
digits_pca32,9,cells,pre_mass_off,pre,mass,off,1,50,50,0.5,5,10,0.0,1.1,10,32,82500,1.6331289644184812,0.666862846692046,0.4444444444444444,24.468916923347262,0.5887590428491931,9.174317878215126,0.3980027039320594,0,0.316
digits_pca32,9,cells,post_footprint_on,post,footprint,on,1,50,50,0.5,5,10,0.0,1.1,10,32,82500,1.8656032481055087,0.6376406092395299,0.3785310734463277,23.191774814843104,0.5893155258764607,7.034170288705279,0.28571746628107014,0,1.023
letter,0,cells,post_none_off,post,none,off,1,50,50,0.5,5,10,0.0,1.3,26,16,110500,0.5300890688016723,0.2724032229344423,0.1741504854368932,5.145895214253629,0.21465,18.313157956833923,0.604544760403299,0,5.97
letter,0,cells,pre_none_off,pre,none,off,1,50,50,0.5,5,10,0.0,1.3,26,16,110500,0.2500622552804558,0.2413503420953837,0.18021844660194175,5.076691889461828,0.2001,81.18663082511273,0.5662991928369927,0,5.773
letter,0,cells,pre_mass_off,pre,mass,off,1,50,50,0.5,5,10,0.0,1.3,26,16,110500,0.9860885894612968,0.27699309298084296,0.2020631067961165,4.996623993641205,0.2563,5.1385998790830705,0.4930838485991094,0,5.822
letter,0,cells,post_footprint_on,post,footprint,on,1,50,50,0.5,5,10,0.0,1.3,26,16,110500,1.6025934116712472,0.2873816368059621,0.2275485436893204,4.66153933465123,0.2547,1.9624345231506635,0.4294632172700081,0,10.564
letter,1,cells,post_none_off,post,none,off,1,50,50,0.5,5,10,0.0,1.3,26,16,110500,0.48010027442436665,0.2674238062599755,0.19053398058252427,5.085994331911543,0.2114,22.065408063352663,0.5570884308872011,0,5.691
letter,1,cells,pre_none_off,pre,none,off,1,50,50,0.5,5,10,0.0,1.3,26,16,110500,0.3470260021136044,0.2885050851153373,0.20934466019417475,4.961103987643971,0.23545,41.19592854378373,0.5269688818463998,0,5.534
letter,1,cells,pre_mass_off,pre,mass,off,1,50,50,0.5,5,10,0.0,1.3,26,16,110500,0.9183070628041325,0.3088886318909091,0.22997572815533981,4.976549912639974,0.26825,5.901365523300277,0.5067762413886931,0,5.712
letter,1,cells,post_footprint_on,post,footprint,on,1,50,50,0.5,5,10,0.0,1.3,26,16,110500,1.1807031035032947,0.29565484847657897,0.23483009708737865,4.692766305329018,0.2506,3.6420759984521967,0.4442286047980732,0,10.902
letter,2,cells,post_none_off,post,none,off,1,50,50,0.5,5,10,0.0,1.3,26,16,110500,0.4564318276012986,0.26531688368103745,0.18021844660194175,5.066906466961368,0.21935,24.321538639479286,0.5663836518677172,0,5.964
letter,2,cells,pre_none_off,pre,none,off,1,50,50,0.5,5,10,0.0,1.3,26,16,110500,0.554662804757221,0.2681543494554351,0.20388349514563106,4.975654163643458,0.23775,16.173056358949324,0.5283838730594456,0,5.53
letter,2,cells,pre_mass_off,pre,mass,off,1,50,50,0.5,5,10,0.0,1.3,26,16,110500,1.331158226168977,0.29218008343415686,0.21359223300970873,5.041186943839677,0.2425,2.8449421659704535,0.4963448616017618,0,5.565
letter,2,cells,post_footprint_on,post,footprint,on,1,50,50,0.5,5,10,0.0,1.3,26,16,110500,1.7444316048166715,0.3097984400461483,0.24029126213592233,4.6476571693025805,0.26615,1.6428037446588588,0.4306925506989744,0,10.467
letter,3,cells,post_none_off,post,none,off,1,50,50,0.5,5,10,0.0,1.3,26,16,110500,0.33706075843084704,0.26353937301594776,0.19053398058252427,5.150222815500038,0.19155,45.33249591739507,0.5900715514778866,0,5.853
letter,3,cells,pre_none_off,pre,none,off,1,50,50,0.5,5,10,0.0,1.3,26,16,110500,0.5325520587352685,0.2556606248559351,0.19963592233009708,4.989882701712441,0.2338,17.594065354329484,0.5270655491244641,0,5.727
letter,3,cells,pre_mass_off,pre,mass,off,1,50,50,0.5,5,10,0.0,1.3,26,16,110500,1.3270208938510764,0.2961136824215418,0.18507281553398058,5.025779651400858,0.26025,2.853960262764253,0.49940218239777806,0,5.65
letter,3,cells,post_footprint_on,post,footprint,on,1,50,50,0.5,5,10,0.0,1.3,26,16,110500,1.4282340822696513,0.29281401400431334,0.21298543689320387,4.61459457840714,0.2658,2.4710808389965706,0.44112942752579637,0,10.721
letter,4,cells,post_none_off,post,none,off,1,50,50,0.5,5,10,0.0,1.3,26,16,110500,0.7270519770162508,0.24317146714957208,0.16262135922330098,5.143263586930225,0.20245,9.7298884798993,0.5761587089764427,0,5.267
letter,4,cells,pre_none_off,pre,none,off,1,50,50,0.5,5,10,0.0,1.3,26,16,110500,0.6382500039904045,0.24983676276575717,0.18689320388349515,5.039131715083591,0.22405,12.370124137293995,0.5388358258927147,0,5.111
letter,4,cells,pre_mass_off,pre,mass,off,1,50,50,0.5,5,10,0.0,1.3,26,16,110500,1.2070851003550238,0.2708283180742248,0.20752427184466019,5.035782805662424,0.2423,3.4561390907216967,0.5036575800133913,0,5.441
letter,4,cells,post_footprint_on,post,footprint,on,1,50,50,0.5,5,10,0.0,1.3,26,16,110500,1.4177744874644227,0.271397708176712,0.22694174757281554,4.6903340729900425,0.237,2.5068025975609642,0.4479397407270541,0,10.701
letter,5,cells,post_none_off,post,none,off,1,50,50,0.5,5,10,0.0,1.3,26,16,110500,0.27723606779490867,0.24476898089466276,0.16868932038834952,5.180604928441298,0.20445,67.40327733375408,0.5868759672839237,0,5.838
letter,5,cells,pre_none_off,pre,none,off,1,50,50,0.5,5,10,0.0,1.3,26,16,110500,1.0276189247789185,0.2596026527766993,0.17536407766990292,5.0792027090993175,0.24085,4.809848068889187,0.5326173368264328,0,5.59
letter,5,cells,pre_mass_off,pre,mass,off,1,50,50,0.5,5,10,0.0,1.3,26,16,110500,1.2977775350857694,0.28772848343063967,0.19114077669902912,5.0812961803417664,0.2621,3.0169909380373787,0.504091144827389,0,6.162
letter,5,cells,post_footprint_on,post,footprint,on,1,50,50,0.5,5,10,0.0,1.3,26,16,110500,1.4537663777219527,0.27572974725975075,0.21237864077669902,4.747905889824084,0.2576,2.4109081467735107,0.4481865161587197,0,11.24
letter,6,cells,post_none_off,post,none,off,1,50,50,0.5,5,10,0.0,1.3,26,16,110500,0.4862884074157562,0.2599424010668211,0.17900485436893204,5.0923618852600345,0.2257,21.53433305910925,0.5597107034231337,0,5.506
letter,6,cells,pre_none_off,pre,none,off,1,50,50,0.5,5,10,0.0,1.3,26,16,110500,0.42504661616577005,0.26952774795762174,0.2087378640776699,4.9548147463729375,0.2341,27.425483662376223,0.5151123918803576,0,5.486
letter,6,cells,pre_mass_off,pre,mass,off,1,50,50,0.5,5,10,0.0,1.3,26,16,110500,1.1738220036496096,0.27835996342906216,0.20570388349514562,4.994354819711263,0.2577,3.6247236441087685,0.48152607476097575,0,5.428
letter,6,cells,post_footprint_on,post,footprint,on,1,50,50,0.5,5,10,0.0,1.3,26,16,110500,1.1833621406028454,0.2857625265249009,0.22026699029126215,4.689172018988282,0.2573,3.587860685851852,0.4372362175600431,0,10.053
letter,7,cells,post_none_off,post,none,off,1,50,50,0.5,5,10,0.0,1.3,26,16,110500,0.2840138156850577,0.27056100294126695,0.18446601941747573,5.104606170941102,0.219,63.282453405684535,0.5708523771454087,0,5.54
letter,7,cells,pre_none_off,pre,none,off,1,50,50,0.5,5,10,0.0,1.3,26,16,110500,0.6155346515911269,0.2785991248509599,0.16747572815533981,4.938186634610406,0.2392,13.033542921422152,0.5191289570814132,0,5.497
letter,7,cells,pre_mass_off,pre,mass,off,1,50,50,0.5,5,10,0.0,1.3,26,16,110500,1.2408290469627306,0.28416052866533914,0.1929611650485437,4.937688365072301,0.27145,3.207006009059715,0.4811307724925734,0,5.451
letter,7,cells,post_footprint_on,post,footprint,on,1,50,50,0.5,5,10,0.0,1.3,26,16,110500,1.3820378167238228,0.27112619662400744,0.24058262179809142,4.611370192938612,0.23275,2.6212061722027533,0.4234595340677643,0,9.913
letter,8,cells,post_none_off,post,none,off,1,50,50,0.5,5,10,0.0,1.3,26,16,110500,0.6459605023037315,0.29086892433156153,0.20691747572815533,5.1168186991114535,0.2271,12.262756426767908,0.5754196787159797,0,5.493
letter,8,cells,pre_none_off,pre,none,off,1,50,50,0.5,5,10,0.0,1.3,26,16,110500,0.9642555832959283,0.2898197026112712,0.19174757281553398,4.975722835734346,0.24905,5.351454734271795,0.5193097685065612,0,5.44
letter,8,cells,pre_mass_off,pre,mass,off,1,50,50,0.5,5,10,0.0,1.3,26,16,110500,1.429143369052657,0.3056526586959515,0.23483009708737865,4.994682030223424,0.2817,2.445435701697561,0.4800464452311215,0,5.519
letter,8,cells,post_footprint_on,post,footprint,on,1,50,50,0.5,5,10,0.0,1.3,26,16,110500,1.5201592228100629,0.2759750159817712,0.22694174757281554,4.574012204352764,0.24035,2.1758313104140354,0.4244159094009732,0,10.041
letter,9,cells,post_none_off,post,none,off,1,50,50,0.5,5,10,0.0,1.3,26,16,110500,0.4092055797898959,0.2563421938015441,0.20455945779420825,5.0974618804422,0.2123,30.441839564601793,0.5809332925779964,0,5.643
letter,9,cells,pre_none_off,pre,none,off,1,50,50,0.5,5,10,0.0,1.3,26,16,110500,0.7095120635381873,0.26603461823866015,0.18446601941747573,4.950875453531759,0.2256,9.834729813728508,0.5255543284111419,0,5.72
letter,9,cells,pre_mass_off,pre,mass,off,1,50,50,0.5,5,10,0.0,1.3,26,16,110500,1.3481927937109583,0.28721961988104855,0.20449029126213591,4.947855143533535,0.26015,2.7221557722756438,0.4800868646040316,0,5.496
letter,9,cells,post_footprint_on,post,footprint,on,1,50,50,0.5,5,10,0.0,1.3,26,16,110500,0.8684983093124619,0.2857272935868986,0.22026699029126215,4.619240731317177,0.25415,6.6000987601856,0.4297392843425609,0,10.043
mnist784_pca32 (20c),0,cells,post_none_off,post,none,off,1,50,50,0.5,10,20,0.0,1.1,10,32,165000,2.2092828665794113,0.4212394811474362,0.2995418098510882,24.515863475108578,0.40587142857142855,5.022784496894247,0.397933333431081,0,8.36
mnist784_pca32 (20c),0,cells,pre_none_off,pre,none,off,1,50,50,0.5,10,20,0.0,1.1,10,32,165000,2.147636804931249,0.4993324136877013,0.4374463212138563,24.372373202829863,0.4895,5.284162243133659,0.3522980897511764,0,8.173
mnist784_pca32 (20c),0,cells,pre_mass_off,pre,mass,off,1,50,50,0.5,10,20,0.0,1.1,10,32,165000,2.419651446055378,0.6116715533362082,0.5441008018327605,24.497090953851025,0.5466,4.184165893372794,0.32020546997096955,0,8.398
mnist784_pca32 (20c),0,cells,post_footprint_on,post,footprint,on,1,50,50,0.5,10,20,0.0,1.1,10,32,165000,2.372987645894712,0.5771684305410376,0.5036624670377967,23.74365091769031,0.4673,4.373281842209517,0.29447951665872174,0,13.311
mnist784_pca32 (20c),1,cells,post_none_off,post,none,off,1,50,50,0.5,10,20,0.0,1.1,10,32,165000,2.2493251580720206,0.44888810212512553,0.3885664538595473,24.474085650099678,0.3823142857142857,4.837288547204834,0.4132978166996505,0,8.092
mnist784_pca32 (20c),1,cells,pre_none_off,pre,none,off,1,50,50,0.5,10,20,0.0,1.1,10,32,165000,2.111473399244458,0.5213443179930971,0.44542857142857145,24.413830984254258,0.4423714285714286,5.476015953495845,0.3893924253251778,0,7.996
mnist784_pca32 (20c),1,cells,pre_mass_off,pre,mass,off,1,50,50,0.5,10,20,0.0,1.1,10,32,165000,2.0205745700031974,0.5944527740713086,0.43910073989755266,24.60591479718012,0.5127428571428572,6.026841222704944,0.3108515359072828,0,8.309
mnist784_pca32 (20c),1,cells,post_footprint_on,post,footprint,on,1,50,50,0.5,10,20,0.0,1.1,10,32,165000,2.1616812338334066,0.5592250875231576,0.46602226127709434,23.62056933593834,0.4291,5.249384253292375,0.25564660840764936,0,13.643
mnist784_pca32 (20c),2,cells,post_none_off,post,none,off,1,50,50,0.5,10,20,0.0,1.1,10,32,165000,2.2455192455610797,0.47717592398762365,0.3956791950281148,24.524554513543908,0.4043,4.86370878922348,0.4072225329599224,0,7.171
mnist784_pca32 (20c),2,cells,pre_none_off,pre,none,off,1,50,50,0.5,10,20,0.0,1.1,10,32,165000,2.1244295518977756,0.5072306733331546,0.397366160893215,24.402164020782745,0.4482857142857143,5.406841939468209,0.3881592312029052,0,8.194
mnist784_pca32 (20c),2,cells,pre_mass_off,pre,mass,off,1,50,50,0.5,10,20,0.0,1.1,10,32,165000,2.443416158704333,0.6394941117524059,0.5355922551252847,24.558009481360703,0.5416142857142857,4.113374765783689,0.3274668864835044,0,8.143
mnist784_pca32 (20c),2,cells,post_footprint_on,post,footprint,on,1,50,50,0.5,10,20,0.0,1.1,10,32,165000,2.4871274129966565,0.5241777043400462,0.45605496707701115,23.804193466782692,0.39307142857142857,3.9868298397647433,0.3008707910290049,0,15.299
mnist784_pca32 (20c),3,cells,post_none_off,post,none,off,1,50,50,0.5,10,20,0.0,1.1,10,32,165000,2.4240809344867977,0.4558324775764294,0.3449756656169482,24.445281304569903,0.42692857142857144,4.1600716209037225,0.38657286353594067,0,7.451
mnist784_pca32 (20c),3,cells,pre_none_off,pre,none,off,1,50,50,0.5,10,20,0.0,1.1,10,32,165000,2.051450256455977,0.49564376946695293,0.41379310344827586,24.43451939837567,0.4356285714285714,5.806064016972618,0.34651311662923734,0,8.175
mnist784_pca32 (20c),3,cells,pre_mass_off,pre,mass,off,1,50,50,0.5,10,20,0.0,1.1,10,32,165000,2.2355057700278906,0.6047035816404662,0.45694404175123227,24.576868000981687,0.512,4.917846246246808,0.3154697037858178,0,8.763
mnist784_pca32 (20c),3,cells,post_footprint_on,post,footprint,on,1,50,50,0.5,10,20,0.0,1.1,10,32,165000,2.2426812568181735,0.5634014252007218,0.47582771755054204,23.738549130110663,0.4186,4.911914690087398,0.27532224244826203,0,14.702
mnist784_pca32 (20c),4,cells,post_none_off,post,none,off,1,50,50,0.5,10,20,0.0,1.1,10,32,165000,2.1576612114057205,0.4615789675585149,0.3707289293849658,24.640819089935288,0.3812714285714286,5.292838366787648,0.40426977846949325,0,8.478
mnist784_pca32 (20c),4,cells,pre_none_off,pre,none,off,1,50,50,0.5,10,20,0.0,1.1,10,32,165000,2.090613996664359,0.5038356557659514,0.450199203187251,24.429336802322965,0.42141428571428574,5.589384287571545,0.37883969240970106,0,8.396
mnist784_pca32 (20c),4,cells,pre_mass_off,pre,mass,off,1,50,50,0.5,10,20,0.0,1.1,10,32,165000,2.1874884647789723,0.6080574277141789,0.511393903521752,24.667776827845373,0.4621,5.155116301230602,0.3363188261584624,0,8.333
mnist784_pca32 (20c),4,cells,post_footprint_on,post,footprint,on,1,50,50,0.5,10,20,0.0,1.1,10,32,165000,2.46223307484532,0.5891897707217837,0.5403692477266464,23.931823140116652,0.49105714285714286,4.060407347525037,0.288747089329239,0,14.229
mnist784_pca32 (20c),5,cells,post_none_off,post,none,off,1,50,50,0.5,10,20,0.0,1.1,10,32,165000,2.2792626859583334,0.4030912858154407,0.34039507586601775,24.46340429811575,0.36975714285714284,4.708993938844014,0.4223807760522312,0,8.792
mnist784_pca32 (20c),5,cells,pre_none_off,pre,none,off,1,50,50,0.5,10,20,0.0,1.1,10,32,165000,2.2806533445545347,0.4717470667077153,0.4288577154308617,24.38220720593018,0.4325428571428571,4.68764226324951,0.38499110176749385,0,8.346
mnist784_pca32 (20c),5,cells,pre_mass_off,pre,mass,off,1,50,50,0.5,10,20,0.0,1.1,10,32,165000,2.431075856219989,0.6340242818027251,0.4942865514210372,24.552661237982893,0.5225,4.154335351537367,0.32840087517167516,0,8.427
mnist784_pca32 (20c),5,cells,post_footprint_on,post,footprint,on,1,50,50,0.5,10,20,0.0,1.1,10,32,165000,2.4759309015870983,0.5944481322131556,0.4834456489891591,23.948831242462493,0.5046714285714285,4.002667661704021,0.2960349839520279,0,14.151
mnist784_pca32 (20c),6,cells,post_none_off,post,none,off,1,50,50,0.5,10,20,0.0,1.1,10,32,165000,2.2679216596815213,0.4516624103734328,0.3772489843296576,24.55919390771651,0.3682142857142857,4.774831063946732,0.39880285888368017,0,8.482
mnist784_pca32 (20c),6,cells,pre_none_off,pre,none,off,1,50,50,0.5,10,20,0.0,1.1,10,32,165000,2.1428834430664963,0.5017416113024087,0.4590357882283348,24.436314616895178,0.4198571428571429,5.32155566605154,0.38168277778371185,0,8.307
mnist784_pca32 (20c),6,cells,pre_mass_off,pre,mass,off,1,50,50,0.5,10,20,0.0,1.1,10,32,165000,1.9932088418159604,0.5722193404692464,0.4843296575739988,24.641537248290593,0.4674142857142857,6.202434512165395,0.3361556667374698,0,8.288
mnist784_pca32 (20c),6,cells,post_footprint_on,post,footprint,on,1,50,50,0.5,10,20,0.0,1.1,10,32,165000,2.061802461306161,0.5795665235716506,0.4567444507683551,23.623561807085203,0.4230714285714286,5.8186573107892015,0.27494300345001593,0,13.974
mnist784_pca32 (20c),7,cells,post_none_off,post,none,off,1,50,50,0.5,10,20,0.0,1.1,10,32,165000,2.2604549519807375,0.454954655722912,0.40514945250073986,24.50364255322488,0.36547142857142856,4.795555654659024,0.40204602437849957,0,8.576
mnist784_pca32 (20c),7,cells,pre_none_off,pre,none,off,1,50,50,0.5,10,20,0.0,1.1,10,32,165000,2.1185426447028726,0.517769308543292,0.45164152617568765,24.403934970864107,0.40922857142857144,5.4373268242479895,0.3887983493590892,0,8.195
mnist784_pca32 (20c),7,cells,pre_mass_off,pre,mass,off,1,50,50,0.5,10,20,0.0,1.1,10,32,165000,2.053497472985068,0.6169048542395081,0.46306504961411243,24.50165983575081,0.5089285714285714,5.810415111097901,0.3489653986197185,0,8.261
mnist784_pca32 (20c),7,cells,post_footprint_on,post,footprint,on,1,50,50,0.5,10,20,0.0,1.1,10,32,165000,2.4603078321938794,0.6199288169215403,0.5535307517084282,23.89398110903821,0.5229142857142857,4.056564756092972,0.3080769557064196,0,13.889
mnist784_pca32 (20c),8,cells,post_none_off,post,none,off,1,50,50,0.5,10,20,0.0,1.1,10,32,165000,2.204111379738522,0.42370294400293995,0.3230240549828179,24.449690144131516,0.38895714285714283,5.032760759182423,0.41218439495371917,0,9.093
mnist784_pca32 (20c),8,cells,pre_none_off,pre,none,off,1,50,50,0.5,10,20,0.0,1.1,10,32,165000,2.056808331771936,0.4504172272186658,0.3361970217640321,24.343303145723638,0.4307285714285714,5.754291540412199,0.39361447561228763,0,8.237
mnist784_pca32 (20c),8,cells,pre_mass_off,pre,mass,off,1,50,50,0.5,10,20,0.0,1.1,10,32,165000,2.5196105854504034,0.5822324835978847,0.4965966262207754,24.498265413450117,0.5350285714285714,3.85894409522368,0.3504508026465702,0,8.137
mnist784_pca32 (20c),8,cells,post_footprint_on,post,footprint,on,1,50,50,0.5,10,20,0.0,1.1,10,32,165000,2.425198382395556,0.5681030395372857,0.4519151281344723,23.8140627916524,0.4922714285714286,4.159294294045614,0.3052060320422304,0,14.035
mnist784_pca32 (20c),9,cells,post_none_off,post,none,off,1,50,50,0.5,10,20,0.0,1.1,10,32,165000,1.918608735076192,0.43013644250227057,0.3373424971363116,24.581894027671698,0.38807142857142857,6.677939917165634,0.42231864670116936,0,8.248
mnist784_pca32 (20c),9,cells,pre_none_off,pre,none,off,1,50,50,0.5,10,20,0.0,1.1,10,32,165000,1.9341788201751098,0.50902820096437,0.37084765177548684,24.40391567841539,0.4784285714285714,6.523283737742403,0.39284337033867395,0,8.494
mnist784_pca32 (20c),9,cells,pre_mass_off,pre,mass,off,1,50,50,0.5,10,20,0.0,1.1,10,32,165000,2.314691245209185,0.5625964384966775,0.4663726571113561,24.531529811945983,0.4992142857142857,4.578661043382328,0.3725197007266146,0,8.503
mnist784_pca32 (20c),9,cells,post_footprint_on,post,footprint,on,1,50,50,0.5,10,20,0.0,1.1,10,32,165000,2.2556730455798046,0.537182742271089,0.4337282998071094,23.585364690537723,0.41882857142857144,4.811514136967155,0.2845344946386775,0,14.167
mnist784_pca32 (50c),0,cells,post_none_off,post,none,off,1,50,50,0.5,25,50,0.0,1.1,10,32,412500,2.1169367227942786,0.4334720162725371,0.3314955203308063,24.422302749561062,0.4167142857142857,5.44967818651112,0.4118897952227291,0,14.132
mnist784_pca32 (50c),0,cells,pre_none_off,pre,none,off,1,50,50,0.5,25,50,0.0,1.1,10,32,412500,2.2052558385594923,0.535249850687877,0.4409448818897638,24.270972184934948,0.45727142857142855,4.990789025210382,0.37369351504078857,0,13.992
mnist784_pca32 (50c),0,cells,pre_mass_off,pre,mass,off,1,50,50,0.5,25,50,0.0,1.1,10,32,412500,2.3866135070389265,0.6636934220687722,0.5153024911032028,24.582512935997865,0.5346142857142857,4.315807724607202,0.31818127672213353,0,13.132
mnist784_pca32 (50c),0,cells,post_footprint_on,post,footprint,on,1,50,50,0.5,25,50,0.0,1.1,10,32,412500,2.5150371398651963,0.6477023002598049,0.5138790035587188,23.913116750147104,0.5088142857142857,3.8820318302591583,0.3068120405918256,0,21.503
mnist784_pca32 (50c),1,cells,post_none_off,post,none,off,1,50,50,0.5,25,50,0.0,1.1,10,32,412500,2.074267463434714,0.42692795955130797,0.3528990694345025,24.479483219542107,0.37001428571428574,5.689482094759472,0.4282641595652998,0,13.692
mnist784_pca32 (50c),1,cells,pre_none_off,pre,none,off,1,50,50,0.5,25,50,0.0,1.1,10,32,412500,2.0250128880485274,0.5130500914029771,0.4189189189189189,24.396577187895158,0.4738857142857143,5.949402017587614,0.4054512936082675,0,13.787
mnist784_pca32 (50c),1,cells,pre_mass_off,pre,mass,off,1,50,50,0.5,25,50,0.0,1.1,10,32,412500,2.3979419632801893,0.6146664619619383,0.5219941348973607,24.493941782090378,0.5737571428571429,4.259722871037631,0.337293541994054,0,12.868
mnist784_pca32 (50c),1,cells,post_footprint_on,post,footprint,on,1,50,50,0.5,25,50,0.0,1.1,10,32,412500,2.345148099254825,0.5570508030817445,0.48683274021352313,23.823579376782682,0.45584285714285716,4.4586066480303,0.3127151413113389,0,21.141
mnist784_pca32 (50c),2,cells,post_none_off,post,none,off,1,50,50,0.5,25,50,0.0,1.1,10,32,412500,2.1794972118222793,0.43586184378719167,0.3443092340730136,24.440900518359637,0.415,5.145227329553325,0.41511863654842823,0,14.048
mnist784_pca32 (50c),2,cells,pre_none_off,pre,none,off,1,50,50,0.5,25,50,0.0,1.1,10,32,412500,2.264708874125897,0.5053856730934858,0.39298496778811737,24.386754227192682,0.4903142857142857,4.754766976475971,0.4031188676995156,0,13.788
mnist784_pca32 (50c),2,cells,pre_mass_off,pre,mass,off,1,50,50,0.5,25,50,0.0,1.1,10,32,412500,2.3997618818998157,0.5783560886235761,0.48261758691206547,24.525319553225845,0.5267142857142857,4.258712999942702,0.3521719776761688,0,13.214
mnist784_pca32 (50c),2,cells,post_footprint_on,post,footprint,on,1,50,50,0.5,25,50,0.0,1.1,10,32,412500,2.573981600293417,0.5190891868562371,0.4326923076923077,23.90818888800311,0.48325714285714283,3.7034906737183846,0.33485285061548736,0,21.394
mnist784_pca32 (50c),3,cells,post_none_off,post,none,off,1,50,50,0.5,25,50,0.0,1.1,10,32,412500,2.2246402548479587,0.4636680956954835,0.3815318539727989,24.484556547662923,0.4160142857142857,4.947350274334019,0.3856118384635914,0,14.693
mnist784_pca32 (50c),3,cells,pre_none_off,pre,none,off,1,50,50,0.5,25,50,0.0,1.1,10,32,412500,2.3326511025209014,0.49910733705520405,0.3679312813171081,24.41702437942979,0.41814285714285715,4.487383280109414,0.3621389084597555,0,13.872
mnist784_pca32 (50c),3,cells,pre_mass_off,pre,mass,off,1,50,50,0.5,25,50,0.0,1.1,10,32,412500,2.049212992676689,0.6294305018638593,0.5605511240029006,24.5529151841072,0.4967,5.846943026590427,0.31101121922115815,0,13.307
mnist784_pca32 (50c),3,cells,post_footprint_on,post,footprint,on,1,50,50,0.5,25,50,0.0,1.1,10,32,412500,2.3327882685815653,0.5435025420008937,0.46353101567825494,23.32104903964856,0.3872857142857143,4.525827875095064,0.2465766141297583,0,20.857
mnist784_pca32 (50c),4,cells,post_none_off,post,none,off,1,50,50,0.5,25,50,0.0,1.1,10,32,412500,2.157556808033631,0.4197271010578455,0.36319779462439694,24.477145150299435,0.35077142857142857,5.258190114942596,0.4120122732108203,0,14.29
mnist784_pca32 (50c),4,cells,pre_none_off,pre,none,off,1,50,50,0.5,25,50,0.0,1.1,10,32,412500,2.19666204854693,0.5570650945199896,0.5082319255547602,24.295402914533188,0.4779,5.034978403825554,0.360857846333919,0,13.724
mnist784_pca32 (50c),4,cells,pre_mass_off,pre,mass,off,1,50,50,0.5,25,50,0.0,1.1,10,32,412500,2.1245217021988823,0.5917736884529959,0.4648295866569978,24.536937913773126,0.4772571428571429,5.436232472092639,0.31328247388339375,0,13.667
mnist784_pca32 (50c),4,cells,post_footprint_on,post,footprint,on,1,50,50,0.5,25,50,0.0,1.1,10,32,412500,2.4165147590580323,0.57525188314986,0.4568081991215227,23.842885418672843,0.48828571428571427,4.196245907502383,0.28969205596678915,0,20.72
mnist784_pca32 (50c),5,cells,post_none_off,post,none,off,1,50,50,0.5,25,50,0.0,1.1,10,32,412500,2.3548979574700915,0.413959941455215,0.3165680473372781,24.466786151679216,0.38235714285714284,4.411971923869516,0.4159616684596931,0,14.475
mnist784_pca32 (50c),5,cells,pre_none_off,pre,none,off,1,50,50,0.5,25,50,0.0,1.1,10,32,412500,2.211125218517474,0.5363515034928991,0.4282544378698225,24.369259457395522,0.4934142857142857,4.984431777668157,0.3985244819199476,0,13.774
mnist784_pca32 (50c),5,cells,pre_mass_off,pre,mass,off,1,50,50,0.5,25,50,0.0,1.1,10,32,412500,2.371081123837327,0.6129500771928034,0.501704158145876,24.56856136354625,0.5369571428571429,4.370054975348691,0.339793318222181,0,12.66
mnist784_pca32 (50c),5,cells,post_footprint_on,post,footprint,on,1,50,50,0.5,25,50,0.0,1.1,10,32,412500,2.6609143254095144,0.5260396916679644,0.4644582470669427,23.86270914692452,0.4753428571428571,3.4653234208828634,0.3250118006895198,0,20.841
mnist784_pca32 (50c),6,cells,post_none_off,post,none,off,1,50,50,0.5,25,50,0.0,1.1,10,32,412500,2.11729293790552,0.4442011010402145,0.3443092340730136,24.415593813545566,0.4070714285714286,5.446348072258386,0.4081503615989293,0,14.567
mnist784_pca32 (50c),6,cells,pre_none_off,pre,none,off,1,50,50,0.5,25,50,0.0,1.1,10,32,412500,2.2977017823154076,0.5514888181798322,0.39718934911242604,24.411796909171873,0.4879857142857143,4.623942511927647,0.3820668096112562,0,13.574
mnist784_pca32 (50c),6,cells,pre_mass_off,pre,mass,off,1,50,50,0.5,25,50,0.0,1.1,10,32,412500,2.3486734607137922,0.5922940672554232,0.5133136094674556,24.565792300078026,0.5473857142857143,4.4533363211881545,0.34678953638143833,0,12.974
mnist784_pca32 (50c),6,cells,post_footprint_on,post,footprint,on,1,50,50,0.5,25,50,0.0,1.1,10,32,412500,2.5358748511790346,0.5872602732861889,0.5120606478290833,23.84063941051957,0.5242428571428571,3.8107595069192426,0.2905060855832864,0,21.021
mnist784_pca32 (50c),7,cells,post_none_off,post,none,off,1,50,50,0.5,25,50,0.0,1.1,10,32,412500,2.127370287581698,0.45313133831640084,0.28274874731567645,24.497200675505415,0.40204285714285715,5.412903458222326,0.4200060449466215,0,13.6
mnist784_pca32 (50c),7,cells,pre_none_off,pre,none,off,1,50,50,0.5,25,50,0.0,1.1,10,32,412500,2.065219509699714,0.5506406144469245,0.44452397995705084,24.34209196486751,0.49334285714285714,5.707231127922703,0.386169821107148,0,13.773
mnist784_pca32 (50c),7,cells,pre_mass_off,pre,mass,off,1,50,50,0.5,25,50,0.0,1.1,10,32,412500,2.451225223227772,0.6017625969730402,0.5161059413027917,24.508793578312915,0.5714571428571429,4.079016858745244,0.3378618656369513,0,13.005
mnist784_pca32 (50c),7,cells,post_footprint_on,post,footprint,on,1,50,50,0.5,25,50,0.0,1.1,10,32,412500,2.5192443451596955,0.5428378184873819,0.4718861209964413,23.71048899899311,0.48542857142857143,3.855098464648617,0.29309259338688753,0,20.886
mnist784_pca32 (50c),8,cells,post_none_off,post,none,off,1,50,50,0.5,25,50,0.0,1.1,10,32,412500,2.3514534155057167,0.44391744813625594,0.35647816750178957,24.39198149199331,0.41547142857142855,4.411378508550872,0.38843786918689,0,13.939
mnist784_pca32 (50c),8,cells,pre_none_off,pre,none,off,1,50,50,0.5,25,50,0.0,1.1,10,32,412500,2.315075647559912,0.46448593267889593,0.34985207100591714,24.343930939865515,0.45404285714285714,4.54213809611832,0.35745675546756334,0,13.682
mnist784_pca32 (50c),8,cells,pre_mass_off,pre,mass,off,1,50,50,0.5,25,50,0.0,1.1,10,32,412500,2.3464752468445567,0.5819484926830846,0.5142648134601316,24.504582975317806,0.5332285714285714,4.450567187042672,0.33156267316536786,0,13.424
mnist784_pca32 (50c),8,cells,post_footprint_on,post,footprint,on,1,50,50,0.5,25,50,0.0,1.1,10,32,412500,2.2983811487149293,0.5954327815396794,0.4405797101449275,23.8525824083326,0.4555571428571429,4.66568006178402,0.26331993950694427,0,20.517
mnist784_pca32 (50c),9,cells,post_none_off,post,none,off,1,50,50,0.5,25,50,0.0,1.1,10,32,412500,2.1924836817559314,0.4603836805653387,0.36435218324982105,24.4106654803399,0.4252142857142857,5.078165842075346,0.3839940870083554,0,13.944
mnist784_pca32 (50c),9,cells,pre_none_off,pre,none,off,1,50,50,0.5,25,50,0.0,1.1,10,32,412500,2.217724778896401,0.48102612779571285,0.35719398711524697,24.37645977286964,0.4544285714285714,4.956274309805168,0.3906873051446391,0,13.646
mnist784_pca32 (50c),9,cells,pre_mass_off,pre,mass,off,1,50,50,0.5,25,50,0.0,1.1,10,32,412500,2.4118375558706733,0.6782099492570925,0.5510355029585798,24.55173442500692,0.5967714285714286,4.220715417329839,0.3333697461040044,0,13.512
mnist784_pca32 (50c),9,cells,post_footprint_on,post,footprint,on,1,50,50,0.5,25,50,0.0,1.1,10,32,412500,2.70955874599894,0.6023799070925357,0.5186813186813187,23.963941286070128,0.5286857142857143,3.333410076154677,0.309150052623545,0,20.763
