dataset,seed,method,cell,mass_point,gate,personalize,L,rounds,n_rounds,participation,n_part,n_clients,split,m,n_clusters,dim,upload_numbers,min_dist,mean_acc,worst_acc,fcm_obj,gacc,xb,hnorm,no_earlystop,runtime_s
cluster_skew_hard,20,cells,post_none_off,post,none,off,5,50,50,1.0,12,12,0.0,2.0,4,2,7200,2.6193715763323997,0.8136363636363638,0.5590909090909091,8.310284211376317,0.7946969696969697,1.2112161580334502,0.8178824344057319,0,0.565
cluster_skew_hard,20,cells,post_none_on,post,none,on,5,50,50,1.0,12,12,0.0,2.0,4,2,7200,3.132592790281763,0.5553030303030303,0.4954545454545455,0.4544812549921177,0.5242424242424243,0.8156846099769421,0.45709398994138895,0,0.639
cluster_skew_hard,20,cells,post_footprint_off,post,footprint,off,5,50,50,1.0,12,12,0.0,2.0,4,2,7200,7.080805532730227,1.0,1.0,1.8245770350181343,1.0,0.03639124135000125,0.20230299768139126,0,1.125
cluster_skew_hard,20,cells,post_footprint_on,post,footprint,on,5,50,23,1.0,12,12,0.0,2.0,4,2,3312,7.72410081436885,1.0,1.0,1.3185606332702964,1.0,0.019247305975321594,0.16339440765420807,0,0.518
cluster_skew_hard,20,cells,post_mass_off,post,mass,off,5,50,50,1.0,12,12,0.0,2.0,4,2,7200,7.078736655407648,1.0,1.0,1.8268175427900808,1.0,0.03645722945396934,0.20256874195579155,0,0.649
cluster_skew_hard,20,cells,post_mass_on,post,mass,on,5,50,24,1.0,12,12,0.0,2.0,4,2,3456,7.724927080829845,1.0,1.0,1.3186928303965573,1.0,0.019250363430337022,0.16339674380342448,0,0.243
cluster_skew_hard,20,cells,pre_none_off,pre,none,off,5,50,50,1.0,12,12,0.0,2.0,4,2,7200,8.230685438081137,1.0,1.0,1.3287408325288923,1.0,0.01961409493758929,0.14547710229210567,0,0.577
cluster_skew_hard,20,cells,pre_none_on,pre,none,on,5,50,44,1.0,12,12,0.0,2.0,4,2,6336,8.148527950873977,0.6352272727272728,0.509090909090909,0.5250785767430111,0.6268939393939394,0.017557852461826035,0.4133063083486935,0,0.597
cluster_skew_hard,20,cells,pre_footprint_off,pre,footprint,off,5,50,50,1.0,12,12,0.0,2.0,4,2,7200,8.343390377168118,1.0,1.0,1.379197483407339,1.0,0.0198125934355502,0.14931569617437762,0,1.451
cluster_skew_hard,20,cells,pre_footprint_on,pre,footprint,on,5,50,24,1.0,12,12,0.0,2.0,4,2,3456,8.34013453373728,1.0,1.0,1.3763866987457782,1.0,0.01984121356142145,0.1564170033848662,0,0.643
cluster_skew_hard,20,cells,pre_mass_off,pre,mass,off,5,50,50,1.0,12,12,0.0,2.0,4,2,7200,8.344150337353698,1.0,1.0,1.3795237267949871,1.0,0.01981367038907276,0.14934124347570465,0,0.643
cluster_skew_hard,20,cells,pre_mass_on,pre,mass,on,5,50,24,1.0,12,12,0.0,2.0,4,2,3456,8.34100997993486,1.0,1.0,1.3765379355196927,1.0,0.01983930553673491,0.15640403504004272,0,0.285
cluster_skew_hard,20,cells,post_fpmask_off,post,fpmask,off,5,50,50,1.0,12,12,0.0,2.0,4,2,7200,1.9237801993589303,0.9893939393939394,0.9545454545454546,5.192128838505201,0.9893939393939394,1.4029253404236925,0.4871116522635874,0,1.438
cluster_skew_hard,20,cells,post_massmask_off,post,massmask,off,5,50,50,1.0,12,12,0.0,2.0,4,2,7200,1.1013702995791075,0.9503787878787878,0.8272727272727273,7.600550864769495,0.790530303030303,6.265826255635096,0.7436998039945237,0,0.596
cluster_skew_hard,20,cells,pre_fpmask_off,pre,fpmask,off,5,50,50,1.0,12,12,0.0,2.0,4,2,7200,8.242741694272475,1.0,1.0,1.3342179882482,1.0,0.019637373968743096,0.14585326520510877,0,1.333
cluster_skew_hard,20,cells,pre_massmask_off,pre,massmask,off,5,50,50,1.0,12,12,0.0,2.0,4,2,7200,8.242741694272475,1.0,1.0,1.3342179882482015,1.0,0.019637373968743117,0.14585326520510886,0,0.598
cluster_skew_hard,21,cells,post_none_off,post,none,off,5,50,50,1.0,12,12,0.0,2.0,4,2,7200,0.7236429885583301,0.8738636363636365,0.4954545454545455,8.92755132695133,0.8738636363636364,17.048400476957056,0.7405447048710947,0,0.455
cluster_skew_hard,21,cells,post_none_on,post,none,on,5,50,50,1.0,12,12,0.0,2.0,4,2,7200,1.0315097732740022,0.556060606060606,0.4636363636363636,0.4468530500030999,0.38446969696969696,8.800056819805455,0.49716476328959636,0,0.463
cluster_skew_hard,21,cells,post_footprint_off,post,footprint,off,5,50,50,1.0,12,12,0.0,2.0,4,2,7200,7.253566347829539,1.0,1.0,1.3083090549371283,1.0,0.024866071121377786,0.15185450061529115,0,1.242
cluster_skew_hard,21,cells,post_footprint_on,post,footprint,on,5,50,38,1.0,12,12,0.0,2.0,4,2,5472,7.691703654057287,1.0,1.0,1.3079511084790398,1.0,0.018900223928535125,0.16244241161896353,0,1.113
cluster_skew_hard,21,cells,post_mass_off,post,mass,off,5,50,50,1.0,12,12,0.0,2.0,4,2,7200,7.820342975005146,1.0,1.0,1.224457665136987,1.0,0.02002129541880384,0.14220343865928645,0,0.626
cluster_skew_hard,21,cells,post_mass_on,post,mass,on,5,50,40,1.0,12,12,0.0,2.0,4,2,5760,7.692537863055197,1.0,1.0,1.3080551446764273,1.0,0.018900809139758758,0.16244551459895076,0,0.444
cluster_skew_hard,21,cells,pre_none_off,pre,none,off,5,50,50,1.0,12,12,0.0,2.0,4,2,7200,8.313259569933829,1.0,1.0,1.3131116062549,1.0,0.019000234370183028,0.1437926972954016,0,0.563
cluster_skew_hard,21,cells,pre_none_on,pre,none,on,5,50,42,1.0,12,12,0.0,2.0,4,2,6048,6.918659335104582,0.5628787878787879,0.4818181818181818,0.4517302450671051,0.48409090909090907,0.06373489569375773,0.4804742632861328,0,0.487
cluster_skew_hard,21,cells,pre_footprint_off,pre,footprint,off,5,50,50,1.0,12,12,0.0,2.0,4,2,7200,8.371660718673972,1.0,1.0,1.3627384380691892,1.0,0.01944416364869574,0.1475876718298042,0,1.239
cluster_skew_hard,21,cells,pre_footprint_on,pre,footprint,on,5,50,22,1.0,12,12,0.0,2.0,4,2,3168,7.184510842075846,0.9954545454545455,0.9454545454545454,2.64459962724596,0.9166666666666666,0.057126966483957056,0.2291065984262245,0,0.602
cluster_skew_hard,21,cells,pre_mass_off,pre,mass,off,5,50,50,1.0,12,12,0.0,2.0,4,2,7200,8.371886328819699,1.0,1.0,1.3630537692088562,1.0,0.019447614722753893,0.14761227003193073,0,0.555
cluster_skew_hard,21,cells,pre_mass_on,pre,mass,on,5,50,26,1.0,12,12,0.0,2.0,4,2,3744,7.274146257545512,0.965530303030303,0.5863636363636363,2.91403927775009,0.9170454545454545,0.055918668831949306,0.23349592805932387,0,0.331
cluster_skew_hard,21,cells,post_fpmask_off,post,fpmask,off,5,50,50,1.0,12,12,0.0,2.0,4,2,7200,7.029454519349997,1.0,1.0,1.5046007943863755,1.0,0.030449350686461762,0.16847533655502606,0,1.278
cluster_skew_hard,21,cells,post_massmask_off,post,massmask,off,5,50,50,1.0,12,12,0.0,2.0,4,2,7200,0.9519933821837466,0.9223484848484848,0.7181818181818181,7.066329722412667,0.8261363636363637,7.796973164020934,0.6852739193657914,0,0.635
cluster_skew_hard,21,cells,pre_fpmask_off,pre,fpmask,off,5,50,50,1.0,12,12,0.0,2.0,4,2,7200,8.331394031718968,1.0,1.0,1.318947257444878,1.0,0.019001683477041603,0.14421185136156328,0,1.262
cluster_skew_hard,21,cells,pre_massmask_off,pre,massmask,off,5,50,50,1.0,12,12,0.0,2.0,4,2,7200,8.331394070087917,1.0,1.0,1.3189472565704392,1.0,0.019001683289425184,0.1442118512680472,0,0.679
cluster_skew_hard,22,cells,post_none_off,post,none,off,5,50,50,1.0,12,12,0.0,2.0,4,2,7200,1.775739792908666,0.9053030303030303,0.6363636363636364,8.765924735216222,0.753030303030303,2.7799634337876156,0.8669677175543249,0,0.463
cluster_skew_hard,22,cells,post_none_on,post,none,on,5,50,50,1.0,12,12,0.0,2.0,4,2,7200,2.8818760395942453,0.5397727272727272,0.45454545454545453,0.4493636942716667,0.49242424242424243,1.0534067780803824,0.47195299241873645,0,0.509
cluster_skew_hard,22,cells,post_footprint_off,post,footprint,off,5,50,50,1.0,12,12,0.0,2.0,4,2,7200,7.301943190784869,1.0,1.0,1.5600539124760475,1.0,0.029259217505401006,0.17809261232317627,0,1.202
cluster_skew_hard,22,cells,post_footprint_on,post,footprint,on,5,50,38,1.0,12,12,0.0,2.0,4,2,5472,7.249784051181778,1.0,1.0,1.2811034740360334,1.0,0.02046902251745142,0.15948100943972002,0,1.023
cluster_skew_hard,22,cells,post_mass_off,post,mass,off,5,50,50,1.0,12,12,0.0,2.0,4,2,7200,7.302601559245582,1.0,1.0,1.561772841083905,1.0,0.029286175135378935,0.17826829364828123,0,0.707
cluster_skew_hard,22,cells,post_mass_on,post,mass,on,5,50,39,1.0,12,12,0.0,2.0,4,2,5616,7.2487239542264135,1.0,1.0,1.2811491813778395,1.0,0.020476488393095908,0.15949934197670024,0,0.437
cluster_skew_hard,22,cells,pre_none_off,pre,none,off,5,50,50,1.0,12,12,0.0,2.0,4,2,7200,8.147242032030288,1.0,1.0,1.3008178106656163,1.0,0.019597254752470965,0.142611165043335,0,0.622
cluster_skew_hard,22,cells,pre_none_on,pre,none,on,5,50,34,1.0,12,12,0.0,2.0,4,2,4896,7.904100896588827,0.6253787878787879,0.4409090909090909,0.5264687011598528,0.6083333333333333,0.018809897478736574,0.42843859320326355,0,0.433
cluster_skew_hard,22,cells,pre_footprint_off,pre,footprint,off,5,50,50,1.0,12,12,0.0,2.0,4,2,7200,8.18308986974907,1.0,1.0,1.3475113469913231,1.0,0.020123234556628823,0.14605185537257714,0,1.33
cluster_skew_hard,22,cells,pre_footprint_on,pre,footprint,on,5,50,28,1.0,12,12,0.0,2.0,4,2,4032,8.20477594186954,1.0,1.0,1.3525572623824762,1.0,0.019919964795617886,0.1536276005568662,0,0.815
cluster_skew_hard,22,cells,pre_mass_off,pre,mass,off,5,50,50,1.0,12,12,0.0,2.0,4,2,7200,8.182960479361205,1.0,1.0,1.347665379359192,1.0,0.0201261712807816,0.14606440282456126,0,0.583
cluster_skew_hard,22,cells,pre_mass_on,pre,mass,on,5,50,28,1.0,12,12,0.0,2.0,4,2,4032,8.204869752870158,1.0,1.0,1.352634141070565,1.0,0.01992052599967799,0.15362454065970732,0,0.338
cluster_skew_hard,22,cells,post_fpmask_off,post,fpmask,off,5,50,50,1.0,12,12,0.0,2.0,4,2,7200,0.704498733994306,0.9174242424242425,0.6818181818181818,6.083317804429331,0.9174242424242425,12.256883873394111,0.5612969031176323,0,1.305
cluster_skew_hard,22,cells,post_massmask_off,post,massmask,off,5,50,50,1.0,12,12,0.0,2.0,4,2,7200,2.6970872118613443,0.875,0.509090909090909,7.307563390015151,0.7742424242424243,1.0045755681998234,0.7083890988607121,0,0.577
cluster_skew_hard,22,cells,pre_fpmask_off,pre,fpmask,off,5,50,50,1.0,12,12,0.0,2.0,4,2,7200,8.165310325089179,1.0,1.0,1.306953592785321,1.0,0.019602649612905122,0.143070671382223,0,1.2
cluster_skew_hard,22,cells,pre_massmask_off,pre,massmask,off,5,50,50,1.0,12,12,0.0,2.0,4,2,7200,8.165310325033222,1.0,1.0,1.30695359277732,1.0,0.01960264961305378,0.14307067138149135,0,0.535
cluster_skew_hard,23,cells,post_none_off,post,none,off,5,50,50,1.0,12,12,0.0,2.0,4,2,7200,2.164533999614715,0.9863636363636363,0.9181818181818182,9.028786807712114,0.7465909090909091,1.9270836845608215,0.8266717241616176,0,0.637
cluster_skew_hard,23,cells,post_none_on,post,none,on,5,50,50,1.0,12,12,0.0,2.0,4,2,7200,1.5042673056154212,0.568560606060606,0.4727272727272727,0.46377264171825416,0.4318181818181818,4.097893308488453,0.47183543247960236,0,0.544
cluster_skew_hard,23,cells,post_footprint_off,post,footprint,off,5,50,50,1.0,12,12,0.0,2.0,4,2,7200,6.339526525641542,1.0,1.0,1.797687054658669,1.0,0.04473015924801086,0.19427867967985127,0,1.427
cluster_skew_hard,23,cells,post_footprint_on,post,footprint,on,5,50,28,1.0,12,12,0.0,2.0,4,2,4032,7.265281089707267,1.0,1.0,1.2932706841043482,1.0,0.021418401052059055,0.16283206210099727,0,0.859
cluster_skew_hard,23,cells,post_mass_off,post,mass,off,5,50,50,1.0,12,12,0.0,2.0,4,2,7200,6.343004927666403,1.0,1.0,1.7980951128841038,1.0,0.04469125629461056,0.19434380168764043,0,0.514
cluster_skew_hard,23,cells,post_mass_on,post,mass,on,5,50,29,1.0,12,12,0.0,2.0,4,2,4176,7.266027052007879,1.0,1.0,1.2934194205773413,1.0,0.02141785287449256,0.1628361974602033,0,0.326
cluster_skew_hard,23,cells,pre_none_off,pre,none,off,5,50,50,1.0,12,12,0.0,2.0,4,2,7200,8.171775991035968,1.0,1.0,1.297941202148546,1.0,0.01943668126828831,0.14405371017550028,0,0.638
cluster_skew_hard,23,cells,pre_none_on,pre,none,on,5,50,50,1.0,12,12,0.0,2.0,4,2,7200,7.741749368414027,0.5954545454545455,0.5045454545454545,0.4685085509627489,0.5784090909090909,0.020135545696786897,0.4588686092455413,0,0.603
cluster_skew_hard,23,cells,pre_footprint_off,pre,footprint,off,5,50,50,1.0,12,12,0.0,2.0,4,2,7200,8.28833134913673,1.0,1.0,1.348242648157442,1.0,0.019626092935921595,0.14784436382139438,0,1.304
cluster_skew_hard,23,cells,pre_footprint_on,pre,footprint,on,5,50,35,1.0,12,12,0.0,2.0,4,2,5040,8.25144374009349,1.0,1.0,1.3588583624346051,1.0,0.01981333717971162,0.15601835156034832,0,0.981
cluster_skew_hard,23,cells,pre_mass_off,pre,mass,off,5,50,50,1.0,12,12,0.0,2.0,4,2,7200,8.288993993157497,1.0,1.0,1.348531755920253,1.0,0.01962716294800676,0.14786632507668135,0,0.581
cluster_skew_hard,23,cells,pre_mass_on,pre,mass,on,5,50,33,1.0,12,12,0.0,2.0,4,2,4752,8.252669605342318,1.0,1.0,1.3590725710346394,1.0,0.019810316393849614,0.15601246778984842,0,0.434
cluster_skew_hard,23,cells,post_fpmask_off,post,fpmask,off,5,50,50,1.0,12,12,0.0,2.0,4,2,7200,0.6028045789329077,0.9200757575757578,0.7545454545454545,7.736393688403823,0.9200757575757575,21.290481174130758,0.7335931375457069,0,1.277
cluster_skew_hard,23,cells,post_massmask_off,post,massmask,off,5,50,50,1.0,12,12,0.0,2.0,4,2,7200,1.005815567653635,0.940530303030303,0.7454545454545455,8.551057940983654,0.793939393939394,8.452460361637366,0.7420760177046167,0,0.535
cluster_skew_hard,23,cells,pre_fpmask_off,pre,fpmask,off,5,50,50,1.0,12,12,0.0,2.0,4,2,7200,8.188485752440355,1.0,1.0,1.3037921741025096,1.0,0.019444696749253965,0.14448955704639077,0,1.207
cluster_skew_hard,23,cells,pre_massmask_off,pre,massmask,off,5,50,50,1.0,12,12,0.0,2.0,4,2,7200,8.188485752439508,1.0,1.0,1.30379217410244,1.0,0.019444696749256953,0.1444895570463854,0,0.566
cluster_skew_hard,24,cells,post_none_off,post,none,off,5,50,50,1.0,12,12,0.0,2.0,4,2,7200,1.6733130216509147,0.8041666666666667,0.4636363636363636,9.066777263605019,0.6450757575757575,3.238161950946759,0.870193723324919,0,0.618
cluster_skew_hard,24,cells,post_none_on,post,none,on,5,50,50,1.0,12,12,0.0,2.0,4,2,7200,1.0574976995016738,0.5155303030303031,0.45,0.40367250001795324,0.42537878787878786,8.102800380377897,0.5129008442126364,0,0.607
cluster_skew_hard,24,cells,post_footprint_off,post,footprint,off,5,50,50,1.0,12,12,0.0,2.0,4,2,7200,6.8665304081734435,1.0,1.0,1.6643299139019656,1.0,0.03529918868946689,0.18809796841173407,0,1.178
cluster_skew_hard,24,cells,post_footprint_on,post,footprint,on,5,50,36,1.0,12,12,0.0,2.0,4,2,5184,7.85187990365324,1.0,1.0,1.2821597378996237,1.0,0.018177876757157214,0.16005117331685692,0,0.98
cluster_skew_hard,24,cells,post_mass_off,post,mass,off,5,50,50,1.0,12,12,0.0,2.0,4,2,7200,6.861807677906399,1.0,1.0,1.668474811720248,1.0,0.0354358269068221,0.1885109490910855,0,0.512
cluster_skew_hard,24,cells,post_mass_on,post,mass,on,5,50,36,1.0,12,12,0.0,2.0,4,2,5184,7.853452556484736,1.0,1.0,1.2823340811539203,1.0,0.018186800869122995,0.16007871884841998,0,0.351
cluster_skew_hard,24,cells,pre_none_off,pre,none,off,5,50,50,1.0,12,12,0.0,2.0,4,2,7200,8.204310865648443,1.0,1.0,1.2960266420771758,1.0,0.019254387771702776,0.1434790521146436,0,0.578
cluster_skew_hard,24,cells,pre_none_on,pre,none,on,5,50,50,1.0,12,12,0.0,2.0,4,2,7200,7.4862094648013615,0.5696969696969697,0.4954545454545455,0.43976600549255773,0.5696969696969697,0.02369883449461316,0.4841316069165621,0,0.594
cluster_skew_hard,24,cells,pre_footprint_off,pre,footprint,off,5,50,50,1.0,12,12,0.0,2.0,4,2,7200,8.261897036300024,1.0,1.0,1.3324525895312471,1.0,0.019520557131824167,0.14624560476762813,0,1.254
cluster_skew_hard,24,cells,pre_footprint_on,pre,footprint,on,5,50,29,1.0,12,12,0.0,2.0,4,2,4176,8.238009453250049,1.0,1.0,1.3315768777013661,1.0,0.019658208884832083,0.15329314462341326,0,0.734
cluster_skew_hard,24,cells,pre_mass_off,pre,mass,off,5,50,50,1.0,12,12,0.0,2.0,4,2,7200,8.2631759137452,1.0,1.0,1.3328186946924634,1.0,0.019519877089030017,0.14627317289857433,0,0.59
cluster_skew_hard,24,cells,pre_mass_on,pre,mass,on,5,50,29,1.0,12,12,0.0,2.0,4,2,4176,8.239866902186371,1.0,1.0,1.3318311417231454,1.0,0.019651964536626338,0.15327593344358337,0,0.316
cluster_skew_hard,24,cells,post_fpmask_off,post,fpmask,off,5,50,50,1.0,12,12,0.0,2.0,4,2,7200,7.408965891781512,1.0,1.0,1.3779610767980592,1.0,0.025102776496512155,0.1587606333134523,0,1.651
cluster_skew_hard,24,cells,post_massmask_off,post,massmask,off,5,50,50,1.0,12,12,0.0,2.0,4,2,7200,7.435459267910844,1.0,1.0,1.4043686038825405,1.0,0.025401859762909255,0.16131853573204966,0,1.331
cluster_skew_hard,24,cells,pre_fpmask_off,pre,fpmask,off,5,50,50,1.0,12,12,0.0,2.0,4,2,7200,8.209994591220484,1.0,1.0,1.3015717407249663,1.0,0.019310004223594402,0.14389570112329825,0,1.669
cluster_skew_hard,24,cells,pre_massmask_off,pre,massmask,off,5,50,50,1.0,12,12,0.0,2.0,4,2,7200,8.21001117373446,1.0,1.0,1.3023364272310505,1.0,0.019321270995421618,0.143946620933476,0,0.62
cluster_skew_hard,25,cells,post_none_off,post,none,off,5,50,50,1.0,12,12,0.0,2.0,4,2,7200,2.4869623380010895,0.8621212121212122,0.5454545454545454,8.617122939669592,0.8151515151515152,1.393233383468332,0.8749846177072739,0,0.552
cluster_skew_hard,25,cells,post_none_on,post,none,on,5,50,50,1.0,12,12,0.0,2.0,4,2,7200,1.3861862698002418,0.5670454545454545,0.4681818181818182,0.4598760115564739,0.42954545454545456,5.111025524056763,0.4851532109409904,0,0.68
cluster_skew_hard,25,cells,post_footprint_off,post,footprint,off,5,50,50,1.0,12,12,0.0,2.0,4,2,7200,7.725590081705223,1.0,1.0,1.3941135075979076,1.0,0.0233579547854269,0.16089316670224343,0,1.234
cluster_skew_hard,25,cells,post_footprint_on,post,footprint,on,5,50,30,1.0,12,12,0.0,2.0,4,2,4320,7.612906508081733,1.0,1.0,1.2814253697866267,1.0,0.018100222996301273,0.1593544563546396,0,0.701
cluster_skew_hard,25,cells,post_mass_off,post,mass,off,5,50,50,1.0,12,12,0.0,2.0,4,2,7200,7.717724933816619,1.0,1.0,1.3956289799538146,1.0,0.023431030379895367,0.16102050970019707,0,0.534
cluster_skew_hard,25,cells,post_mass_on,post,mass,on,5,50,29,1.0,12,12,0.0,2.0,4,2,4176,7.6132778482445405,1.0,1.0,1.2814773731875504,1.0,0.018102302181558946,0.15937660341269944,0,0.302
cluster_skew_hard,25,cells,pre_none_off,pre,none,off,5,50,50,1.0,12,12,0.0,2.0,4,2,7200,8.281602602405268,1.0,1.0,1.290410025353999,1.0,0.01881477178580459,0.14237823605738853,0,0.71
cluster_skew_hard,25,cells,pre_none_on,pre,none,on,5,50,50,1.0,12,12,0.0,2.0,4,2,7200,6.003773622144373,0.5712121212121213,0.4772727272727273,0.46343660360889494,0.5204545454545455,0.13175146741379032,0.4629163020147332,0,0.671
cluster_skew_hard,25,cells,pre_footprint_off,pre,footprint,off,5,50,50,1.0,12,12,0.0,2.0,4,2,7200,1.0481349026336895,0.7651515151515151,0.5136363636363637,9.1785279754236,0.6299242424242424,8.35485024183436,0.41737439805117804,0,2.402
cluster_skew_hard,25,cells,pre_footprint_on,pre,footprint,on,5,50,29,1.0,12,12,0.0,2.0,4,2,4176,0.9336773751655735,0.8488636363636363,0.5454545454545454,7.797967706248148,0.6321969696969697,10.438377620148088,0.4193216551125176,0,0.955
cluster_skew_hard,25,cells,pre_mass_off,pre,mass,off,5,50,50,1.0,12,12,0.0,2.0,4,2,7200,1.0731012545646905,0.8553030303030303,0.5454545454545454,8.439071207989178,0.6348484848484849,7.328468850374446,0.434162125231644,0,0.962
cluster_skew_hard,25,cells,pre_mass_on,pre,mass,on,5,50,38,1.0,12,12,0.0,2.0,4,2,5472,0.9582925331448802,0.8795454545454545,0.5545454545454546,3.271282323594165,0.6348484848484849,9.33999410930034,0.3277698403916139,0,0.408
cluster_skew_hard,25,cells,post_fpmask_off,post,fpmask,off,5,50,50,1.0,12,12,0.0,2.0,4,2,7200,1.6600625850358584,0.8098484848484847,0.5636363636363636,7.898378341743572,0.809469696969697,2.8660846308630608,0.8066709679736661,0,1.362
cluster_skew_hard,25,cells,post_massmask_off,post,massmask,off,5,50,50,1.0,12,12,0.0,2.0,4,2,7200,2.0537873360222783,0.7022727272727273,0.5136363636363637,8.033170554819414,0.7007575757575758,1.904478369793588,0.815686362370255,0,0.603
cluster_skew_hard,25,cells,pre_fpmask_off,pre,fpmask,off,5,50,50,1.0,12,12,0.0,2.0,4,2,7200,1.0362181392667218,0.8109848484848485,0.5454545454545454,8.329761168584984,0.6291666666666667,7.757649764388226,0.43761571560347623,0,1.243
cluster_skew_hard,25,cells,pre_massmask_off,pre,massmask,off,5,50,50,1.0,12,12,0.0,2.0,4,2,7200,8.295023718896001,1.0,1.0,1.2986527251905704,1.0,0.018873731256845504,0.14298024965826506,0,0.672
cluster_skew_hard,26,cells,post_none_off,post,none,off,5,50,50,1.0,12,12,0.0,2.0,4,2,7200,0.8453957504434412,0.9090909090909091,0.75,7.844142373459038,0.7598484848484849,10.975526098299182,0.8011546623867868,0,0.658
cluster_skew_hard,26,cells,post_none_on,post,none,on,5,50,50,1.0,12,12,0.0,2.0,4,2,7200,1.174113088058901,0.5704545454545454,0.4727272727272727,0.4721004587031343,0.4393939393939394,5.951556336183605,0.442710671272958,0,0.625
cluster_skew_hard,26,cells,post_footprint_off,post,footprint,off,5,50,50,1.0,12,12,0.0,2.0,4,2,7200,7.694237461580972,1.0,1.0,1.600481585954402,1.0,0.027034572774345407,0.1803451068236328,0,1.233
cluster_skew_hard,26,cells,post_footprint_on,post,footprint,on,5,50,27,1.0,12,12,0.0,2.0,4,2,3888,7.816562680926665,1.0,1.0,1.2919507294644696,1.0,0.017291384836479348,0.15913973252596295,0,0.693
cluster_skew_hard,26,cells,post_mass_off,post,mass,off,5,50,50,1.0,12,12,0.0,2.0,4,2,7200,7.700090765300035,1.0,1.0,1.6000357409822628,1.0,0.026985967619538684,0.1802958125596675,0,0.669
cluster_skew_hard,26,cells,post_mass_on,post,mass,on,5,50,26,1.0,12,12,0.0,2.0,4,2,3744,7.817442003260475,1.0,1.0,1.2920516199993066,1.0,0.017288148718936577,0.15914254426942287,0,0.318
cluster_skew_hard,26,cells,pre_none_off,pre,none,off,5,50,50,1.0,12,12,0.0,2.0,4,2,7200,8.315197530957176,1.0,1.0,1.2963243612324746,1.0,0.0187485869637834,0.1424676232934185,0,0.857
cluster_skew_hard,26,cells,pre_none_on,pre,none,on,5,50,50,1.0,12,12,0.0,2.0,4,2,7200,8.380738093339048,0.6109848484848485,0.5045454545454545,0.49047911656310694,0.6060606060606061,0.017656286425957526,0.41983316285323224,0,1.365
cluster_skew_hard,26,cells,pre_footprint_off,pre,footprint,off,5,50,50,1.0,12,12,0.0,2.0,4,2,7200,8.467911651893202,1.0,1.0,1.3576326333808615,1.0,0.018933444548692772,0.14697589582107354,0,1.59
cluster_skew_hard,26,cells,pre_footprint_on,pre,footprint,on,5,50,26,1.0,12,12,0.0,2.0,4,2,3744,8.38650455989685,1.0,1.0,1.3490598458595435,1.0,0.01896709617384971,0.15359108314316305,0,0.829
cluster_skew_hard,26,cells,pre_mass_off,pre,mass,off,5,50,50,1.0,12,12,0.0,2.0,4,2,7200,8.468949880546425,1.0,1.0,1.3580073631535075,1.0,0.01893402731400994,0.1470032294990985,0,0.592
cluster_skew_hard,26,cells,pre_mass_on,pre,mass,on,5,50,26,1.0,12,12,0.0,2.0,4,2,3744,8.386531801687505,1.0,1.0,1.3493250223975337,1.0,0.01897032617070635,0.15359809689449316,0,0.288
cluster_skew_hard,26,cells,post_fpmask_off,post,fpmask,off,5,50,50,1.0,12,12,0.0,2.0,4,2,7200,0.4999713332239522,0.9871212121212122,0.9590909090909091,4.330893578145778,0.9871212121212121,17.32556092753168,0.48910928413364846,0,1.381
cluster_skew_hard,26,cells,post_massmask_off,post,massmask,off,5,50,50,1.0,12,12,0.0,2.0,4,2,7200,3.238492791163659,0.9583333333333334,0.8090909090909091,6.686703980327229,0.7484848484848485,0.637567584186573,0.6927175542526555,0,0.598
cluster_skew_hard,26,cells,pre_fpmask_off,pre,fpmask,off,5,50,50,1.0,12,12,0.0,2.0,4,2,7200,8.331651860628028,1.0,1.0,1.3032748757698251,1.0,0.018774734055381076,0.14299284198000883,0,1.513
cluster_skew_hard,26,cells,pre_massmask_off,pre,massmask,off,5,50,50,1.0,12,12,0.0,2.0,4,2,7200,8.331651856369305,1.0,1.0,1.3032748753900136,1.0,0.01877473406910299,0.14299284195192405,0,0.522
cluster_skew_hard,27,cells,post_none_off,post,none,off,5,50,50,1.0,12,12,0.0,2.0,4,2,7200,3.4213339559317486,0.8696969696969696,0.7318181818181818,7.802761016409417,0.7401515151515151,0.6665878142572454,0.8016568948555707,0,0.538
cluster_skew_hard,27,cells,post_none_on,post,none,on,5,50,50,1.0,12,12,0.0,2.0,4,2,7200,2.2098924836734644,0.5556818181818182,0.44545454545454544,0.44271769709769704,0.40984848484848485,1.7929522677950558,0.463765961632509,0,0.514
cluster_skew_hard,27,cells,post_footprint_off,post,footprint,off,5,50,50,1.0,12,12,0.0,2.0,4,2,7200,8.076211971759005,1.0,1.0,1.3286019564982752,1.0,0.02036945782169735,0.15228021961328236,0,1.303
cluster_skew_hard,27,cells,post_footprint_on,post,footprint,on,5,50,33,1.0,12,12,0.0,2.0,4,2,4752,7.827792528635225,1.0,1.0,1.2644094239974981,1.0,0.017030313687446827,0.15517958433983242,0,1.11
cluster_skew_hard,27,cells,post_mass_off,post,mass,off,5,50,50,1.0,12,12,0.0,2.0,4,2,7200,7.900740565295359,1.0,1.0,1.1963275201748305,1.0,0.019165250094250467,0.13933238624518526,0,0.558
cluster_skew_hard,27,cells,post_mass_on,post,mass,on,5,50,29,1.0,12,12,0.0,2.0,4,2,4176,7.82841808119056,1.0,1.0,1.2644625949880441,1.0,0.017029049939126392,0.15518395779343572,0,0.334
cluster_skew_hard,27,cells,pre_none_off,pre,none,off,5,50,50,1.0,12,12,0.0,2.0,4,2,7200,8.383809455306663,1.0,1.0,1.2699177589693051,1.0,0.01806728095433243,0.13945733092408763,0,0.57
cluster_skew_hard,27,cells,pre_none_on,pre,none,on,5,50,33,1.0,12,12,0.0,2.0,4,2,4752,7.616430243571039,0.581060606060606,0.509090909090909,0.4559486740385887,0.5352272727272728,0.022138033417292948,0.47399534824998363,0,0.328
cluster_skew_hard,27,cells,pre_footprint_off,pre,footprint,off,5,50,50,1.0,12,12,0.0,2.0,4,2,7200,8.46235343295955,1.0,1.0,1.3187860321879559,1.0,0.018415860607305663,0.14300115455749954,0,1.327
cluster_skew_hard,27,cells,pre_footprint_on,pre,footprint,on,5,50,25,1.0,12,12,0.0,2.0,4,2,3600,8.447560712052457,1.0,1.0,1.3191975602771386,1.0,0.01831742166745023,0.14997758205437156,0,0.778
cluster_skew_hard,27,cells,pre_mass_off,pre,mass,off,5,50,50,1.0,12,12,0.0,2.0,4,2,7200,8.462731163596535,1.0,1.0,1.3189885988591907,1.0,0.01841704511433155,0.14301637308134357,0,0.474
cluster_skew_hard,27,cells,pre_mass_on,pre,mass,on,5,50,26,1.0,12,12,0.0,2.0,4,2,3744,8.448521693131363,1.0,1.0,1.319407183095521,1.0,0.018316406021266527,0.14998015971543036,0,0.299
cluster_skew_hard,27,cells,post_fpmask_off,post,fpmask,off,5,50,50,1.0,12,12,0.0,2.0,4,2,7200,1.003369514766607,0.8621212121212122,0.6363636363636364,7.7172453665609355,0.7037878787878787,7.665500302383932,0.7676301925331261,0,1.21
cluster_skew_hard,27,cells,post_massmask_off,post,massmask,off,5,50,50,1.0,12,12,0.0,2.0,4,2,7200,2.0307943374762116,0.8344696969696969,0.38181818181818183,6.290578732588061,0.8284090909090909,1.5253120976380838,0.6887368685281618,0,0.618
cluster_skew_hard,27,cells,pre_fpmask_off,pre,fpmask,off,5,50,50,1.0,12,12,0.0,2.0,4,2,7200,8.394497899240069,1.0,1.0,1.275963410217314,1.0,0.018107094623751412,0.13991464788778007,0,1.285
cluster_skew_hard,27,cells,pre_massmask_off,pre,massmask,off,5,50,50,1.0,12,12,0.0,2.0,4,2,7200,8.394497899239918,1.0,1.0,1.2759634102173325,1.0,0.01810709462375233,0.1399146478877812,0,0.492
cluster_skew_hard,28,cells,post_none_off,post,none,off,5,50,50,1.0,12,12,0.0,2.0,4,2,7200,1.1197460146732467,0.793181818181818,0.5363636363636364,8.825024107289114,0.7871212121212121,7.038447079687017,0.7304307334171425,0,0.76
cluster_skew_hard,28,cells,post_none_on,post,none,on,5,50,50,1.0,12,12,0.0,2.0,4,2,7200,2.8307389981930977,0.5492424242424243,0.4318181818181818,0.483424408365592,0.42765151515151517,1.1416484399500586,0.4646383906507586,0,0.58
cluster_skew_hard,28,cells,post_footprint_off,post,footprint,off,5,50,50,1.0,12,12,0.0,2.0,4,2,7200,7.0416632620846356,1.0,1.0,1.724176290692087,1.0,0.034772119455682315,0.18541565819056505,0,1.37
cluster_skew_hard,28,cells,post_footprint_on,post,footprint,on,5,50,42,1.0,12,12,0.0,2.0,4,2,6048,7.80639450023322,1.0,1.0,1.2855794143022314,1.0,0.017915946507242826,0.15828254474802458,0,1.089
cluster_skew_hard,28,cells,post_mass_off,post,mass,off,5,50,50,1.0,12,12,0.0,2.0,4,2,7200,7.046356536388564,1.0,1.0,1.721167022863342,1.0,0.03466520623057689,0.18518938149253764,0,0.573
cluster_skew_hard,28,cells,post_mass_on,post,mass,on,5,50,38,1.0,12,12,0.0,2.0,4,2,5472,7.806994979228258,1.0,1.0,1.2856493114965601,1.0,0.01791553066776522,0.15828234380576614,0,0.488
cluster_skew_hard,28,cells,pre_none_off,pre,none,off,5,50,50,1.0,12,12,0.0,2.0,4,2,7200,8.26784255699511,1.0,1.0,1.284497499075148,1.0,0.018790955641432176,0.1416662092715172,0,0.519
cluster_skew_hard,28,cells,pre_none_on,pre,none,on,5,50,50,1.0,12,12,0.0,2.0,4,2,7200,1.1938993811914993,0.5837121212121211,0.45,0.5178569493486939,0.4636363636363636,4.1167443754846405,0.43407714161803174,0,0.591
cluster_skew_hard,28,cells,pre_footprint_off,pre,footprint,off,5,50,50,1.0,12,12,0.0,2.0,4,2,7200,8.344199878183268,1.0,1.0,1.3314634556308553,1.0,0.019123168579900415,0.1454217834051926,0,1.409
cluster_skew_hard,28,cells,pre_footprint_on,pre,footprint,on,5,50,40,1.0,12,12,0.0,2.0,4,2,5760,1.1969567416887943,0.8439393939393941,0.5363636363636364,3.691254711440349,0.6227272727272727,4.321473229871743,0.3355065168904426,0,1.034
cluster_skew_hard,28,cells,pre_mass_off,pre,mass,off,5,50,50,1.0,12,12,0.0,2.0,4,2,7200,1.2508130849175532,0.853409090909091,0.5363636363636364,5.994848496565351,0.6337121212121212,3.8317165990098454,0.40983160732992063,0,0.558
cluster_skew_hard,28,cells,pre_mass_on,pre,mass,on,5,50,28,1.0,12,12,0.0,2.0,4,2,4032,1.1949192618385425,0.8443181818181817,0.5363636363636364,2.939324960234292,0.6212121212121212,4.252125541961262,0.29392656278659485,0,0.322
cluster_skew_hard,28,cells,post_fpmask_off,post,fpmask,off,5,50,50,1.0,12,12,0.0,2.0,4,2,7200,0.27997240371902055,0.8488636363636363,0.6,6.8467195468862245,0.7833333333333333,87.34782329601867,0.6554689206024941,0,1.225
cluster_skew_hard,28,cells,post_massmask_off,post,massmask,off,5,50,50,1.0,12,12,0.0,2.0,4,2,7200,3.5588414344292314,0.8473484848484848,0.5636363636363636,8.076622934961156,0.7045454545454546,0.6376942945066216,0.7589615080661883,0,0.517
cluster_skew_hard,28,cells,pre_fpmask_off,pre,fpmask,off,5,50,50,1.0,12,12,0.0,2.0,4,2,7200,8.280332223562747,1.0,1.0,1.2901143502522592,1.0,0.01881623299800316,0.14208062085842688,0,1.207
cluster_skew_hard,28,cells,pre_massmask_off,pre,massmask,off,5,50,50,1.0,12,12,0.0,2.0,4,2,7200,8.280332223546315,1.0,1.0,1.2901143502517878,1.0,0.018816232998070958,0.1420806208584427,0,0.449
cluster_skew_hard,29,cells,post_none_off,post,none,off,5,50,50,1.0,12,12,0.0,2.0,4,2,7200,1.8759904691167912,0.8750000000000001,0.5,7.844116928255164,0.875,2.2288600683210484,0.7964134064545668,0,0.471
cluster_skew_hard,29,cells,post_none_on,post,none,on,5,50,50,1.0,12,12,0.0,2.0,4,2,7200,0.9181369489483914,0.5643939393939393,0.45,0.5334400644155406,0.4821969696969697,9.89552485745703,0.4051214989144431,0,0.483
cluster_skew_hard,29,cells,post_footprint_off,post,footprint,off,5,50,50,1.0,12,12,0.0,2.0,4,2,7200,7.129523232075579,1.0,1.0,1.4680068334874774,1.0,0.02888065909144435,0.16987290154435153,0,1.088
cluster_skew_hard,29,cells,post_footprint_on,post,footprint,on,5,50,45,1.0,12,12,0.0,2.0,4,2,6480,7.622416868492086,1.0,1.0,1.3045416145567985,1.0,0.018469956693625375,0.1616655768897078,0,1.016
cluster_skew_hard,29,cells,post_mass_off,post,mass,off,5,50,50,1.0,12,12,0.0,2.0,4,2,7200,7.122989955162101,1.0,1.0,1.4691114983287914,1.0,0.028955435019051564,0.17001282315274982,0,0.503
cluster_skew_hard,29,cells,post_mass_on,post,mass,on,5,50,46,1.0,12,12,0.0,2.0,4,2,6624,7.622478739526935,1.0,1.0,1.3045996880195092,1.0,0.0184704196752036,0.1616694750647547,0,0.459
cluster_skew_hard,29,cells,pre_none_off,pre,none,off,5,50,50,1.0,12,12,0.0,2.0,4,2,7200,8.28320577515973,1.0,1.0,1.3134710946493444,1.0,0.019143600337987007,0.14438266608394165,0,0.491
cluster_skew_hard,29,cells,pre_none_on,pre,none,on,5,50,41,1.0,12,12,0.0,2.0,4,2,5904,7.343228338064092,0.6193181818181818,0.5409090909090909,0.5353350944415756,0.5693181818181818,0.04816179741716615,0.38623671830231376,0,0.377
cluster_skew_hard,29,cells,pre_footprint_off,pre,footprint,off,5,50,50,1.0,12,12,0.0,2.0,4,2,7200,8.347173110380522,1.0,1.0,1.3686026323037306,1.0,0.019642579985012818,0.14843856437329758,0,1.239
cluster_skew_hard,29,cells,pre_footprint_on,pre,footprint,on,5,50,28,1.0,12,12,0.0,2.0,4,2,4032,8.31797680790745,1.0,1.0,1.3750738404184737,1.0,0.019528461077329293,0.15655921131112674,0,0.635
cluster_skew_hard,29,cells,pre_mass_off,pre,mass,off,5,50,50,1.0,12,12,0.0,2.0,4,2,7200,8.347431518207452,1.0,1.0,1.3688783539840834,1.0,0.019645320862265676,0.14845855472484956,0,0.504
cluster_skew_hard,29,cells,pre_mass_on,pre,mass,on,5,50,28,1.0,12,12,0.0,2.0,4,2,4032,8.318077638782073,1.0,1.0,1.3753402456087207,1.0,0.019530845407264547,0.15656384558258862,0,0.297
cluster_skew_hard,29,cells,post_fpmask_off,post,fpmask,off,5,50,50,1.0,12,12,0.0,2.0,4,2,7200,1.5484714163289797,0.8674242424242425,0.6136363636363636,7.858183202396234,0.6984848484848485,3.2772967216467146,0.803528298256609,0,1.13
cluster_skew_hard,29,cells,post_massmask_off,post,massmask,off,5,50,50,1.0,12,12,0.0,2.0,4,2,7200,1.5484714148746836,0.8674242424242425,0.6136363636363636,7.85818320295959,0.6984848484848485,3.2772967280376197,0.8035282983269513,0,0.456
cluster_skew_hard,29,cells,pre_fpmask_off,pre,fpmask,off,5,50,50,1.0,12,12,0.0,2.0,4,2,7200,8.297231300006516,1.0,1.0,1.3200564023228756,1.0,0.019174590326010488,0.14488113603919547,0,1.278
cluster_skew_hard,29,cells,pre_massmask_off,pre,massmask,off,5,50,50,1.0,12,12,0.0,2.0,4,2,7200,8.29723129995228,1.0,1.0,1.3200564023259271,1.0,0.01917459032630549,0.14488113603944588,0,0.547
cluster_skew_overlap,20,cells,post_none_off,post,none,off,5,50,50,1.0,12,12,0.0,2.0,4,2,7200,1.4032378939034118,0.6011363636363637,0.5045454545454545,2.916397975962744,0.5647727272727273,1.4810993109080497,0.7805880891463345,0,0.498
cluster_skew_overlap,20,cells,post_none_on,post,none,on,5,50,50,1.0,12,12,0.0,2.0,4,2,7200,1.0938948461667553,0.4053030303030303,0.36363636363636365,1.0373733820970565,0.35265151515151516,2.442597276605184,0.595569860157213,0,0.553
cluster_skew_overlap,20,cells,post_footprint_off,post,footprint,off,5,50,50,1.0,12,12,0.0,2.0,4,2,7200,4.649612846047778,0.8628787878787879,0.7818181818181819,2.3649823963924614,0.8628787878787879,0.10939420776110496,0.5439200495581904,0,1.497
cluster_skew_overlap,20,cells,post_footprint_on,post,footprint,on,5,50,23,1.0,12,12,0.0,2.0,4,2,3312,4.672426490243648,0.8068181818181818,0.7,2.377983194741615,0.8068181818181818,0.1083944751704655,0.5732641743176292,0,0.625
cluster_skew_overlap,20,cells,post_mass_off,post,mass,off,5,50,50,1.0,12,12,0.0,2.0,4,2,7200,4.63938608704481,0.859090909090909,0.7818181818181819,2.357785594042662,0.8590909090909091,0.10954265892438557,0.5447357376287777,0,0.545
cluster_skew_overlap,20,cells,post_mass_on,post,mass,on,5,50,24,1.0,12,12,0.0,2.0,4,2,3456,4.665468396552819,0.8030303030303031,0.7,2.3582476276393076,0.803030303030303,0.10836621965807428,0.5737295084700921,0,0.244
cluster_skew_overlap,20,cells,pre_none_off,pre,none,off,5,50,50,1.0,12,12,0.0,2.0,4,2,7200,4.507453570479412,0.8602272727272727,0.7772727272727272,2.35716020518552,0.8602272727272727,0.11601832114090073,0.5451259810140845,0,0.522
cluster_skew_overlap,20,cells,pre_none_on,pre,none,on,5,50,40,1.0,12,12,0.0,2.0,4,2,5760,4.550618199396401,0.4037878787878788,0.35909090909090907,1.0439282637413978,0.37462121212121213,0.11477303900084468,0.5880294405935493,0,0.487
cluster_skew_overlap,20,cells,pre_footprint_off,pre,footprint,off,5,50,50,1.0,12,12,0.0,2.0,4,2,7200,5.166130641389962,0.8708333333333335,0.7954545454545454,2.6500693919669986,0.8708333333333333,0.09929479355346701,0.5531551130906536,0,1.271
cluster_skew_overlap,20,cells,pre_footprint_on,pre,footprint,on,5,50,21,1.0,12,12,0.0,2.0,4,2,3024,5.208271368134918,0.8386363636363637,0.75,2.549373098062907,0.8386363636363636,0.09775469715589044,0.5652415934963451,0,0.522
cluster_skew_overlap,20,cells,pre_mass_off,pre,mass,off,5,50,50,1.0,12,12,0.0,2.0,4,2,7200,5.162880581035705,0.8715909090909091,0.7954545454545454,2.648131656251748,0.8715909090909091,0.09934715010829394,0.553097464323828,0,0.493
cluster_skew_overlap,20,cells,pre_mass_on,pre,mass,on,5,50,21,1.0,12,12,0.0,2.0,4,2,3024,5.206145853706046,0.8382575757575759,0.75,2.538274984378102,0.8382575757575758,0.09776758711844956,0.5655898262283697,0,0.183
cluster_skew_overlap,20,cells,post_fpmask_off,post,fpmask,off,5,50,50,1.0,12,12,0.0,2.0,4,2,7200,3.2775145938417642,0.6772727272727272,0.5590909090909091,2.509686989102304,0.6772727272727272,0.23363090477675894,0.6471594242757212,0,1.237
cluster_skew_overlap,20,cells,post_massmask_off,post,massmask,off,5,50,50,1.0,12,12,0.0,2.0,4,2,7200,2.8686082427977904,0.6143939393939394,0.42727272727272725,2.6865769235104473,0.5549242424242424,0.3264801610709744,0.6910380073553485,0,0.656
cluster_skew_overlap,20,cells,pre_fpmask_off,pre,fpmask,off,5,50,50,1.0,12,12,0.0,2.0,4,2,7200,4.591290323161526,0.8587121212121213,0.7727272727272727,2.460043298242509,0.8587121212121213,0.1167006405613806,0.5490120332030961,0,1.326
cluster_skew_overlap,20,cells,pre_massmask_off,pre,massmask,off,5,50,50,1.0,12,12,0.0,2.0,4,2,7200,4.547011434125235,0.8556818181818183,0.7727272727272727,2.4372316127948226,0.8556818181818182,0.11788124392162522,0.5494118026655943,0,0.565
cluster_skew_overlap,21,cells,post_none_off,post,none,off,5,50,50,1.0,12,12,0.0,2.0,4,2,7200,1.5968111569195955,0.6996212121212121,0.5318181818181819,3.045704710452602,0.6996212121212121,1.1944849391306345,0.786766838565144,0,0.6
cluster_skew_overlap,21,cells,post_none_on,post,none,on,5,50,46,1.0,12,12,0.0,2.0,4,2,6624,0.9044359844863172,0.40492424242424235,0.35454545454545455,1.0538328204246528,0.34545454545454546,3.7461415392279904,0.6055113044246394,0,0.577
cluster_skew_overlap,21,cells,post_footprint_off,post,footprint,off,5,50,50,1.0,12,12,0.0,2.0,4,2,7200,4.699324673735825,0.8746212121212121,0.8181818181818182,2.349094967319348,0.8746212121212121,0.10637257487670168,0.5432235084814653,0,1.485
cluster_skew_overlap,21,cells,post_footprint_on,post,footprint,on,5,50,32,1.0,12,12,0.0,2.0,4,2,4608,4.7480022940339115,0.8268939393939395,0.759090909090909,2.4041912042366973,0.8268939393939394,0.10431839452333168,0.5785537696510233,0,0.835
cluster_skew_overlap,21,cells,post_mass_off,post,mass,off,5,50,50,1.0,12,12,0.0,2.0,4,2,7200,4.692614153286159,0.8723484848484849,0.8136363636363636,2.3414305851744315,0.8723484848484848,0.10632896703022673,0.543592673706814,0,0.534
cluster_skew_overlap,21,cells,post_mass_on,post,mass,on,5,50,32,1.0,12,12,0.0,2.0,4,2,4608,4.726135305191017,0.8246212121212122,0.759090909090909,2.3908387453567204,0.8246212121212121,0.10491281584000196,0.5793198684912573,0,0.339
cluster_skew_overlap,21,cells,pre_none_off,pre,none,off,5,50,50,1.0,12,12,0.0,2.0,4,2,7200,4.748888477585464,0.8681818181818182,0.8136363636363636,2.379336368232795,0.8681818181818182,0.10550472292942575,0.545290468043331,0,0.535
cluster_skew_overlap,21,cells,pre_none_on,pre,none,on,5,50,50,1.0,12,12,0.0,2.0,4,2,7200,4.025128354874206,0.4056818181818181,0.36363636363636365,1.0591751960355407,0.35378787878787876,0.15202071869049655,0.5953138015373625,0,0.531
cluster_skew_overlap,21,cells,pre_footprint_off,pre,footprint,off,5,50,50,1.0,12,12,0.0,2.0,4,2,7200,5.416543627358846,0.8757575757575758,0.8227272727272728,2.6538200670064387,0.8757575757575757,0.09045383462252672,0.5537070453986429,0,1.263
cluster_skew_overlap,21,cells,pre_footprint_on,pre,footprint,on,5,50,30,1.0,12,12,0.0,2.0,4,2,4320,5.4362185279591975,0.8503787878787877,0.7727272727272727,2.569988265771237,0.8503787878787878,0.089440302179484,0.5684440344923569,0,0.786
cluster_skew_overlap,21,cells,pre_mass_off,pre,mass,off,5,50,50,1.0,12,12,0.0,2.0,4,2,7200,5.410254516791852,0.8757575757575758,0.8227272727272728,2.6511046999999364,0.8757575757575757,0.09057148471835659,0.5535962369213226,0,0.531
cluster_skew_overlap,21,cells,pre_mass_on,pre,mass,on,5,50,30,1.0,12,12,0.0,2.0,4,2,4320,5.431992965188035,0.8477272727272727,0.7681818181818182,2.5590608783497464,0.8477272727272728,0.08951950792707423,0.56910333343242,0,0.347
cluster_skew_overlap,21,cells,post_fpmask_off,post,fpmask,off,5,50,50,1.0,12,12,0.0,2.0,4,2,7200,2.7629356260790527,0.6011363636363637,0.44545454545454544,2.8993931732613314,0.5992424242424242,0.3798092865581011,0.7294177852057006,0,1.308
cluster_skew_overlap,21,cells,post_massmask_off,post,massmask,off,5,50,50,1.0,12,12,0.0,2.0,4,2,7200,2.917225485685015,0.6344696969696969,0.4818181818181818,2.762636617009916,0.634469696969697,0.32462634779991917,0.7079769954047364,0,0.562
cluster_skew_overlap,21,cells,pre_fpmask_off,pre,fpmask,off,5,50,50,1.0,12,12,0.0,2.0,4,2,7200,4.811978088192755,0.8708333333333332,0.8318181818181818,2.469997104244911,0.8708333333333333,0.10667168663256077,0.5492123498616928,0,1.467
cluster_skew_overlap,21,cells,pre_massmask_off,pre,massmask,off,5,50,50,1.0,12,12,0.0,2.0,4,2,7200,4.7571585360331605,0.8674242424242423,0.8272727272727273,2.457075024313416,0.8674242424242424,0.1085733324075624,0.5495521249238816,0,0.612
cluster_skew_overlap,22,cells,post_none_off,post,none,off,5,50,50,1.0,12,12,0.0,2.0,4,2,7200,2.0583307892646148,0.7151515151515152,0.5272727272727272,2.9159322083216543,0.6007575757575757,0.6882513661362035,0.7545175517951258,0,0.512
cluster_skew_overlap,22,cells,post_none_on,post,none,on,5,50,44,1.0,12,12,0.0,2.0,4,2,6336,1.6425850154252077,0.4083333333333334,0.35,1.1001565358908176,0.3643939393939394,1.0645555869793477,0.5930000580372085,0,0.485
cluster_skew_overlap,22,cells,post_footprint_off,post,footprint,off,5,50,50,1.0,12,12,0.0,2.0,4,2,7200,4.269163053828702,0.8674242424242425,0.7818181818181819,2.2867107721488,0.8674242424242424,0.1254659135094639,0.5357757513989557,0,1.312
cluster_skew_overlap,22,cells,post_footprint_on,post,footprint,on,5,50,36,1.0,12,12,0.0,2.0,4,2,5184,4.318519738953892,0.8212121212121212,0.7136363636363636,2.3397568572101948,0.8212121212121212,0.12298725749982412,0.5699638867079305,0,0.903
cluster_skew_overlap,22,cells,post_mass_off,post,mass,off,5,50,50,1.0,12,12,0.0,2.0,4,2,7200,4.213328728329248,0.8666666666666667,0.7772727272727272,2.2796378970257494,0.8666666666666667,0.12841482936211243,0.5357775359835805,0,0.502
cluster_skew_overlap,22,cells,post_mass_on,post,mass,on,5,50,36,1.0,12,12,0.0,2.0,4,2,5184,4.276796589584763,0.8212121212121213,0.7136363636363636,2.3291676447022973,0.8212121212121212,0.12504908232782116,0.5704727403214755,0,0.366
cluster_skew_overlap,22,cells,pre_none_off,pre,none,off,5,50,50,1.0,12,12,0.0,2.0,4,2,7200,4.290593112665046,0.868560606060606,0.7772727272727272,2.2840808372418913,0.868560606060606,0.12407286411016896,0.5354185723370151,0,0.548
cluster_skew_overlap,22,cells,pre_none_on,pre,none,on,5,50,50,1.0,12,12,0.0,2.0,4,2,7200,2.7292520579567565,0.4151515151515152,0.34545454545454546,1.1044075653978738,0.3704545454545455,0.35369169876417433,0.5891217778729018,0,0.579
cluster_skew_overlap,22,cells,pre_footprint_off,pre,footprint,off,5,50,50,1.0,12,12,0.0,2.0,4,2,7200,4.948624068966877,0.8689393939393938,0.7772727272727272,2.5381306763944758,0.8689393939393939,0.10364421150160469,0.5452278306094923,0,1.356
cluster_skew_overlap,22,cells,pre_footprint_on,pre,footprint,on,5,50,38,1.0,12,12,0.0,2.0,4,2,5472,5.009296857156028,0.849621212121212,0.740909090909091,2.473694845365891,0.8496212121212121,0.10095985936876893,0.5591547029649904,0,1.036
cluster_skew_overlap,22,cells,pre_mass_off,pre,mass,off,5,50,50,1.0,12,12,0.0,2.0,4,2,7200,4.935799408749453,0.8693181818181818,0.7772727272727272,2.5355786309528408,0.8693181818181818,0.1040787529052703,0.5451114577999767,0,0.599
cluster_skew_overlap,22,cells,pre_mass_on,pre,mass,on,5,50,37,1.0,12,12,0.0,2.0,4,2,5328,5.00040127663309,0.8465909090909091,0.7363636363636363,2.462218941457219,0.8465909090909091,0.10125147211558794,0.5596521729864732,0,0.538
cluster_skew_overlap,22,cells,post_fpmask_off,post,fpmask,off,5,50,50,1.0,12,12,0.0,2.0,4,2,7200,2.8305685510664778,0.6662878787878788,0.5181818181818182,2.7108130713487544,0.5840909090909091,0.3383391211046314,0.6887978650262715,0,1.375
cluster_skew_overlap,22,cells,post_massmask_off,post,massmask,off,5,50,50,1.0,12,12,0.0,2.0,4,2,7200,2.469634494407277,0.7162878787878788,0.4954545454545455,2.688399653000827,0.6568181818181819,0.4407866835228356,0.6860094064575234,0,0.596
cluster_skew_overlap,22,cells,pre_fpmask_off,pre,fpmask,off,5,50,50,1.0,12,12,0.0,2.0,4,2,7200,4.31769990672662,0.8681818181818182,0.7772727272727272,2.380590969587061,0.8681818181818182,0.12769675855790244,0.5396404880383072,0,1.272
cluster_skew_overlap,22,cells,pre_massmask_off,pre,massmask,off,5,50,50,1.0,12,12,0.0,2.0,4,2,7200,4.316577776179692,0.8666666666666667,0.7681818181818182,2.35123688591099,0.8666666666666667,0.12618776414614272,0.5385980652249401,0,0.512
cluster_skew_overlap,23,cells,post_none_off,post,none,off,5,50,50,1.0,12,12,0.0,2.0,4,2,7200,1.3529032807575396,0.6386363636363636,0.5272727272727272,2.943838806379154,0.5799242424242425,1.608349861882373,0.7895191974914384,0,0.431
cluster_skew_overlap,23,cells,post_none_on,post,none,on,5,50,50,1.0,12,12,0.0,2.0,4,2,7200,1.586730169062003,0.4155303030303031,0.33181818181818185,1.0392966084511714,0.3553030303030303,1.1144654981644146,0.6018636708923936,0,0.427
cluster_skew_overlap,23,cells,post_footprint_off,post,footprint,off,5,50,50,1.0,12,12,0.0,2.0,4,2,7200,4.4098111161132545,0.8484848484848485,0.7681818181818182,2.263102731052428,0.8484848484848485,0.11637623236044549,0.5436692883528383,0,1.19
cluster_skew_overlap,23,cells,post_footprint_on,post,footprint,on,5,50,33,1.0,12,12,0.0,2.0,4,2,4752,4.436121538729532,0.7981060606060607,0.6590909090909091,2.2683846931695424,0.7981060606060606,0.11515872421351876,0.5717973982707705,0,0.818
cluster_skew_overlap,23,cells,post_mass_off,post,mass,off,5,50,50,1.0,12,12,0.0,2.0,4,2,7200,4.391113791453445,0.8492424242424242,0.7681818181818182,2.260915301793695,0.8492424242424242,0.11725595549597445,0.5437921828311371,0,0.59
cluster_skew_overlap,23,cells,post_mass_on,post,mass,on,5,50,37,1.0,12,12,0.0,2.0,4,2,5328,4.422028014902056,0.7992424242424243,0.6681818181818182,2.2661180793764837,0.7992424242424242,0.11576184026199457,0.572170230562298,0,0.44
cluster_skew_overlap,23,cells,pre_none_off,pre,none,off,5,50,50,1.0,12,12,0.0,2.0,4,2,7200,4.370562556893281,0.8435606060606061,0.7363636363636363,2.2576693945748634,0.843560606060606,0.11819134206154326,0.543534482217243,0,0.569
cluster_skew_overlap,23,cells,pre_none_on,pre,none,on,5,50,50,1.0,12,12,0.0,2.0,4,2,7200,3.461858674529315,0.40795454545454546,0.33181818181818185,1.0470387369081402,0.3443181818181818,0.18878149902339983,0.5995839755912549,0,0.595
cluster_skew_overlap,23,cells,pre_footprint_off,pre,footprint,off,5,50,50,1.0,12,12,0.0,2.0,4,2,7200,4.986217458442102,0.8454545454545456,0.7318181818181818,2.5231691367600972,0.8454545454545455,0.10148548551804594,0.551985426810511,0,1.426
cluster_skew_overlap,23,cells,pre_footprint_on,pre,footprint,on,5,50,29,1.0,12,12,0.0,2.0,4,2,4176,4.9790929217696736,0.8196969696969697,0.6863636363636364,2.415634585694439,0.8196969696969697,0.10168205961415339,0.5629360512460096,0,0.82
cluster_skew_overlap,23,cells,pre_mass_off,pre,mass,off,5,50,50,1.0,12,12,0.0,2.0,4,2,7200,4.978916129442582,0.8454545454545456,0.7318181818181818,2.5212429179795817,0.8454545454545455,0.10170564775726512,0.551921912989804,0,0.545
cluster_skew_overlap,23,cells,pre_mass_on,pre,mass,on,5,50,30,1.0,12,12,0.0,2.0,4,2,4320,4.974607183693229,0.8200757575757577,0.6909090909090909,2.4085463856898772,0.8200757575757576,0.10181067090897757,0.5632188824860948,0,0.339
cluster_skew_overlap,23,cells,post_fpmask_off,post,fpmask,off,5,50,50,1.0,12,12,0.0,2.0,4,2,7200,3.1038402253635997,0.5829545454545455,0.4863636363636364,2.6831369695115117,0.4856060606060606,0.27851213902628785,0.6957502770934221,0,1.324
cluster_skew_overlap,23,cells,post_massmask_off,post,massmask,off,5,50,50,1.0,12,12,0.0,2.0,4,2,7200,1.8555505344849705,0.7083333333333334,0.5272727272727272,2.85173275385807,0.7083333333333334,0.8282534446260033,0.7484969703704505,0,0.498
cluster_skew_overlap,23,cells,pre_fpmask_off,pre,fpmask,off,5,50,50,1.0,12,12,0.0,2.0,4,2,7200,4.4660452045255745,0.8386363636363635,0.7136363636363636,2.3419645250459995,0.8386363636363636,0.1174178389669314,0.5477058147037711,0,1.16
cluster_skew_overlap,23,cells,pre_massmask_off,pre,massmask,off,5,50,50,1.0,12,12,0.0,2.0,4,2,7200,4.426651423856926,0.8393939393939394,0.7090909090909091,2.3365408800973064,0.8393939393939394,0.11924021052286676,0.547735952986521,0,0.495
cluster_skew_overlap,24,cells,post_none_off,post,none,off,5,50,50,1.0,12,12,0.0,2.0,4,2,7200,1.9014071036096607,0.7280303030303031,0.5136363636363637,2.7572429980681545,0.728030303030303,0.7626491987795394,0.7351608471022077,0,0.463
cluster_skew_overlap,24,cells,post_none_on,post,none,on,5,50,50,1.0,12,12,0.0,2.0,4,2,7200,1.7022950203039617,0.39924242424242434,0.3181818181818182,1.0627536052225843,0.3704545454545455,1.000937458852806,0.5989300270830973,0,0.553
cluster_skew_overlap,24,cells,post_footprint_off,post,footprint,off,5,50,50,1.0,12,12,0.0,2.0,4,2,7200,4.1490804882486225,0.8609848484848487,0.7863636363636364,2.2793673859359314,0.8609848484848485,0.13240689774903383,0.5459856170319182,0,1.437
cluster_skew_overlap,24,cells,post_footprint_on,post,footprint,on,5,50,28,1.0,12,12,0.0,2.0,4,2,4032,4.286636400699278,0.8083333333333335,0.6954545454545454,2.2892661828869243,0.8083333333333333,0.12417845162996054,0.5742879676725549,0,0.816
cluster_skew_overlap,24,cells,post_mass_off,post,mass,off,5,50,50,1.0,12,12,0.0,2.0,4,2,7200,4.155084742210041,0.8621212121212122,0.7954545454545454,2.275227113417464,0.8621212121212121,0.13178469729184744,0.5461349656082747,0,0.55
cluster_skew_overlap,24,cells,post_mass_on,post,mass,on,5,50,26,1.0,12,12,0.0,2.0,4,2,3744,4.296874040598168,0.8079545454545455,0.7045454545454546,2.2838989858440057,0.8079545454545455,0.12337187514127654,0.5746474577132656,0,0.324
cluster_skew_overlap,24,cells,pre_none_off,pre,none,off,5,50,50,1.0,12,12,0.0,2.0,4,2,7200,3.9895015455476925,0.8579545454545455,0.7954545454545454,2.2829676845725677,0.8579545454545454,0.14343742785474967,0.5494269956415299,0,0.589
cluster_skew_overlap,24,cells,pre_none_on,pre,none,on,5,50,50,1.0,12,12,0.0,2.0,4,2,7200,3.650074816258211,0.3912878787878788,0.31363636363636366,1.0666469481502918,0.3643939393939394,0.17962059976527459,0.5935066893170668,0,0.588
cluster_skew_overlap,24,cells,pre_footprint_off,pre,footprint,off,5,50,50,1.0,12,12,0.0,2.0,4,2,7200,4.741886459937655,0.866287878787879,0.7954545454545454,2.5109566723463623,0.8662878787878788,0.11167010303715925,0.5532652269967288,0,1.372
cluster_skew_overlap,24,cells,pre_footprint_on,pre,footprint,on,5,50,50,1.0,12,12,0.0,2.0,4,2,7200,4.83345550875279,0.8378787878787879,0.75,2.417595788437049,0.8378787878787879,0.10729824747416065,0.5655582342433895,0,1.401
cluster_skew_overlap,24,cells,pre_mass_off,pre,mass,off,5,50,50,1.0,12,12,0.0,2.0,4,2,7200,4.749825721144276,0.8666666666666668,0.7954545454545454,2.5105160988054274,0.8666666666666667,0.11127757704372886,0.5532240342510789,0,0.551
cluster_skew_overlap,24,cells,pre_mass_on,pre,mass,on,5,50,21,1.0,12,12,0.0,2.0,4,2,3024,4.841063254528308,0.8367424242424244,0.75,2.4135825247136595,0.8367424242424243,0.10696407843915497,0.5659560128806179,0,0.215
cluster_skew_overlap,24,cells,post_fpmask_off,post,fpmask,off,5,50,50,1.0,12,12,0.0,2.0,4,2,7200,3.3405180928857168,0.6696969696969698,0.5636363636363636,2.540536662474681,0.6696969696969697,0.22766580746617307,0.6632211003321784,0,1.232
cluster_skew_overlap,24,cells,post_massmask_off,post,massmask,off,5,50,50,1.0,12,12,0.0,2.0,4,2,7200,2.7981244575861948,0.6272727272727271,0.4818181818181818,2.7536408674373805,0.625,0.3517007086750222,0.7147376958755399,0,0.488
cluster_skew_overlap,24,cells,pre_fpmask_off,pre,fpmask,off,5,50,50,1.0,12,12,0.0,2.0,4,2,7200,3.976952752107949,0.8587121212121213,0.7954545454545454,2.353019158024749,0.8587121212121213,0.14877316433307552,0.5518271845912033,0,1.223
cluster_skew_overlap,24,cells,pre_massmask_off,pre,massmask,off,5,50,50,1.0,12,12,0.0,2.0,4,2,7200,3.949631582591306,0.8545454545454545,0.7954545454545454,2.3393273377003547,0.8545454545454545,0.14996082537783212,0.553476640636844,0,0.49
cluster_skew_overlap,25,cells,post_none_off,post,none,off,5,50,50,1.0,12,12,0.0,2.0,4,2,7200,1.9338220618432678,0.7178030303030303,0.5772727272727273,2.903182641268725,0.7174242424242424,0.776321005568164,0.77334999103188,0,0.603
cluster_skew_overlap,25,cells,post_none_on,post,none,on,5,50,50,1.0,12,12,0.0,2.0,4,2,7200,1.3111363472533162,0.40340909090909083,0.36818181818181817,1.0524523841001603,0.3484848484848485,1.750973537455068,0.5989901109639562,0,0.595
cluster_skew_overlap,25,cells,post_footprint_off,post,footprint,off,5,50,50,1.0,12,12,0.0,2.0,4,2,7200,4.909749876113224,0.8647727272727274,0.7818181818181819,2.2870710034584345,0.8647727272727272,0.09487699304237952,0.5359854920256829,0,1.433
cluster_skew_overlap,25,cells,post_footprint_on,post,footprint,on,5,50,27,1.0,12,12,0.0,2.0,4,2,3888,4.883704197941664,0.818939393939394,0.7090909090909091,2.2989680129914665,0.818939393939394,0.09603042479095528,0.5655685401562552,0,0.786
cluster_skew_overlap,25,cells,post_mass_off,post,mass,off,5,50,50,1.0,12,12,0.0,2.0,4,2,7200,4.89582480000149,0.8643939393939394,0.7772727272727272,2.2797223955494554,0.8643939393939394,0.09511088654257638,0.5360508808262847,0,0.564
cluster_skew_overlap,25,cells,post_mass_on,post,mass,on,5,50,24,1.0,12,12,0.0,2.0,4,2,3456,4.883810311389789,0.8170454545454545,0.7136363636363636,2.2887931109449,0.8170454545454545,0.09578591273216908,0.5662005354473324,0,0.267
cluster_skew_overlap,25,cells,pre_none_off,pre,none,off,5,50,50,1.0,12,12,0.0,2.0,4,2,7200,4.730837797171804,0.8651515151515153,0.7818181818181819,2.2565475972755165,0.8651515151515151,0.10082503526650323,0.5356231757969122,0,0.573
cluster_skew_overlap,25,cells,pre_none_on,pre,none,on,5,50,50,1.0,12,12,0.0,2.0,4,2,7200,4.539928477713584,0.406439393939394,0.38636363636363635,1.0594812765487325,0.35568181818181815,0.11001258491018269,0.5961104460298801,0,0.563
cluster_skew_overlap,25,cells,pre_footprint_off,pre,footprint,off,5,50,50,1.0,12,12,0.0,2.0,4,2,7200,5.362095475641752,0.8674242424242425,0.7954545454545454,2.5452129556755345,0.8674242424242424,0.08852277914138532,0.5472104183884025,0,1.26
cluster_skew_overlap,25,cells,pre_footprint_on,pre,footprint,on,5,50,27,1.0,12,12,0.0,2.0,4,2,3888,5.356359411157862,0.8401515151515152,0.7454545454545455,2.442004879389052,0.8401515151515152,0.08851441190759955,0.5585331562381094,0,0.684
cluster_skew_overlap,25,cells,pre_mass_off,pre,mass,off,5,50,50,1.0,12,12,0.0,2.0,4,2,7200,5.358589217836607,0.8670454545454547,0.7954545454545454,2.542892196309947,0.8670454545454546,0.08855784041759132,0.5471111493561075,0,0.469
cluster_skew_overlap,25,cells,pre_mass_on,pre,mass,on,5,50,27,1.0,12,12,0.0,2.0,4,2,3888,5.353556611101943,0.8393939393939394,0.75,2.432889058902189,0.8393939393939394,0.08856665352408788,0.5591616047409096,0,0.26
cluster_skew_overlap,25,cells,post_fpmask_off,post,fpmask,off,5,50,50,1.0,12,12,0.0,2.0,4,2,7200,3.3141615094161754,0.6625,0.5863636363636363,2.549859423496666,0.6621212121212121,0.23215011317578588,0.6648416930269319,0,1.166
cluster_skew_overlap,25,cells,post_massmask_off,post,massmask,off,5,50,50,1.0,12,12,0.0,2.0,4,2,7200,2.989028929302535,0.7791666666666667,0.7227272727272728,2.424488166097216,0.7791666666666667,0.27136874859088395,0.6422752180298891,0,0.514
cluster_skew_overlap,25,cells,pre_fpmask_off,pre,fpmask,off,5,50,50,1.0,12,12,0.0,2.0,4,2,7200,4.775340733262177,0.8651515151515151,0.7772727272727272,2.3457911210451936,0.8651515151515151,0.10286807384082801,0.5396463625595032,0,1.184
cluster_skew_overlap,25,cells,pre_massmask_off,pre,massmask,off,5,50,50,1.0,12,12,0.0,2.0,4,2,7200,4.806200972775687,0.8647727272727272,0.7818181818181819,2.325469212940575,0.8647727272727272,0.10067154649862398,0.5388871914633483,0,0.624
cluster_skew_overlap,26,cells,post_none_off,post,none,off,5,50,50,1.0,12,12,0.0,2.0,4,2,7200,3.1302050668574526,0.8659090909090909,0.8181818181818182,2.4507265806210867,0.865909090909091,0.2501204958495288,0.6536859751232708,0,0.603
cluster_skew_overlap,26,cells,post_none_on,post,none,on,5,50,50,1.0,12,12,0.0,2.0,4,2,7200,2.0917353034232424,0.4170454545454545,0.35,1.1056611203332238,0.36022727272727273,0.6300151988869905,0.5908909867656439,0,0.605
cluster_skew_overlap,26,cells,post_footprint_off,post,footprint,off,5,50,50,1.0,12,12,0.0,2.0,4,2,7200,4.989742427152354,0.8609848484848485,0.7772727272727272,2.3541282453159464,0.8609848484848485,0.09455268428642148,0.5421262068381143,0,1.378
cluster_skew_overlap,26,cells,post_footprint_on,post,footprint,on,5,50,22,1.0,12,12,0.0,2.0,4,2,3168,5.036083654881912,0.8193181818181818,0.6681818181818182,2.402668777679471,0.8193181818181818,0.09311983254250202,0.573287137175062,0,0.562
cluster_skew_overlap,26,cells,post_mass_off,post,mass,off,5,50,50,1.0,12,12,0.0,2.0,4,2,7200,4.943187033291422,0.859848484848485,0.7727272727272727,2.3395311741345264,0.8598484848484849,0.09574470172866312,0.5417441687513209,0,0.524
cluster_skew_overlap,26,cells,post_mass_on,post,mass,on,5,50,20,1.0,12,12,0.0,2.0,4,2,2880,4.9967228230281915,0.8181818181818183,0.6636363636363637,2.384052271635404,0.8181818181818182,0.09403253625313517,0.5742414780871974,0,0.259
cluster_skew_overlap,26,cells,pre_none_off,pre,none,off,5,50,50,1.0,12,12,0.0,2.0,4,2,7200,4.847070703382844,0.8643939393939393,0.7863636363636364,2.301709733504703,0.8643939393939394,0.09796971502560961,0.5406054717270509,0,0.525
cluster_skew_overlap,26,cells,pre_none_on,pre,none,on,5,50,50,1.0,12,12,0.0,2.0,4,2,7200,5.108734084360503,0.41628787878787893,0.34545454545454546,1.1131996730759293,0.3912878787878788,0.0918084700716489,0.5855160748385716,0,0.5
cluster_skew_overlap,26,cells,pre_footprint_off,pre,footprint,off,5,50,50,1.0,12,12,0.0,2.0,4,2,7200,5.481809392417855,0.8643939393939394,0.7818181818181819,2.6122601361699895,0.8643939393939394,0.08692977623726393,0.5532418301900917,0,1.244
cluster_skew_overlap,26,cells,pre_footprint_on,pre,footprint,on,5,50,20,1.0,12,12,0.0,2.0,4,2,2880,5.529030748379428,0.8363636363636364,0.7045454545454546,2.5381688448503112,0.8363636363636363,0.0855596989807214,0.5659367925560219,0,0.455
cluster_skew_overlap,26,cells,pre_mass_off,pre,mass,off,5,50,50,1.0,12,12,0.0,2.0,4,2,7200,5.473833516753076,0.8640151515151516,0.7818181818181819,2.609081019787431,0.8640151515151515,0.08707718813174051,0.5530913686240002,0,0.566
cluster_skew_overlap,26,cells,pre_mass_on,pre,mass,on,5,50,20,1.0,12,12,0.0,2.0,4,2,2880,5.520903187061556,0.8333333333333335,0.7090909090909091,2.5232604901665003,0.8333333333333334,0.08571979530515325,0.5667357000807137,0,0.176
cluster_skew_overlap,26,cells,post_fpmask_off,post,fpmask,off,5,50,50,1.0,12,12,0.0,2.0,4,2,7200,2.692349286587312,0.8329545454545454,0.740909090909091,2.393713192856116,0.8329545454545455,0.3302245144782938,0.6127947052943366,0,1.162
cluster_skew_overlap,26,cells,post_massmask_off,post,massmask,off,5,50,50,1.0,12,12,0.0,2.0,4,2,7200,2.844497586460853,0.8325757575757575,0.7363636363636363,2.3927935582093918,0.8325757575757575,0.2957291204522466,0.610036674695933,0,0.504
cluster_skew_overlap,26,cells,pre_fpmask_off,pre,fpmask,off,5,50,50,1.0,12,12,0.0,2.0,4,2,7200,4.877167908781758,0.8651515151515152,0.7863636363636364,2.412117775835993,0.8651515151515151,0.10140586970299124,0.544701452796337,0,1.377
cluster_skew_overlap,26,cells,pre_massmask_off,pre,massmask,off,5,50,50,1.0,12,12,0.0,2.0,4,2,7200,4.945841620470766,0.8659090909090909,0.7909090909090909,2.3696614732030135,0.865909090909091,0.0968737022954682,0.5432126127513075,0,0.659
cluster_skew_overlap,27,cells,post_none_off,post,none,off,5,50,50,1.0,12,12,0.0,2.0,4,2,7200,2.7718422580473927,0.8636363636363636,0.7909090909090909,2.574884415679551,0.8636363636363636,0.33513571744714704,0.6803383713289956,0,0.654
cluster_skew_overlap,27,cells,post_none_on,post,none,on,5,50,41,1.0,12,12,0.0,2.0,4,2,5904,2.0899676045772013,0.41704545454545455,0.35909090909090907,1.0939426260911338,0.3625,0.6470694720820532,0.5895557292115463,0,0.421
cluster_skew_overlap,27,cells,post_footprint_off,post,footprint,off,5,50,50,1.0,12,12,0.0,2.0,4,2,7200,4.915471463982892,0.8776515151515151,0.8454545454545455,2.3315706578729967,0.8776515151515152,0.09649798010358929,0.5356252451700686,0,1.345
cluster_skew_overlap,27,cells,post_footprint_on,post,footprint,on,5,50,28,1.0,12,12,0.0,2.0,4,2,4032,4.930558092414186,0.8329545454545455,0.7818181818181819,2.369595326372295,0.8329545454545455,0.09604007210602668,0.5636347661335848,0,0.81
cluster_skew_overlap,27,cells,post_mass_off,post,mass,off,5,50,50,1.0,12,12,0.0,2.0,4,2,7200,4.8502593597547605,0.8765151515151516,0.8454545454545455,2.3129164237751616,0.8765151515151515,0.09831731624945482,0.5351459740369662,0,0.554
cluster_skew_overlap,27,cells,post_mass_on,post,mass,on,5,50,32,1.0,12,12,0.0,2.0,4,2,4608,4.872615286876814,0.8272727272727275,0.7681818181818182,2.3455376095002425,0.8272727272727273,0.09758818592734618,0.5647328068513519,0,0.33
cluster_skew_overlap,27,cells,pre_none_off,pre,none,off,5,50,50,1.0,12,12,0.0,2.0,4,2,7200,4.756223410737004,0.8768939393939394,0.8454545454545455,2.2873919045636497,0.8768939393939394,0.10111511666323887,0.5345382872304593,0,0.502
cluster_skew_overlap,27,cells,pre_none_on,pre,none,on,5,50,50,1.0,12,12,0.0,2.0,4,2,7200,3.7817675446321632,0.4121212121212121,0.3409090909090909,1.09884401915824,0.3787878787878788,0.16334046759793677,0.5817299868952721,0,0.478
cluster_skew_overlap,27,cells,pre_footprint_off,pre,footprint,off,5,50,50,1.0,12,12,0.0,2.0,4,2,7200,5.287276563129038,0.8761363636363636,0.8363636363636363,2.570890527761254,0.8761363636363636,0.09196435486890517,0.5453984583021765,0,1.156
cluster_skew_overlap,27,cells,pre_footprint_on,pre,footprint,on,5,50,24,1.0,12,12,0.0,2.0,4,2,3456,5.296765234010411,0.8549242424242425,0.8136363636363636,2.4900980824791503,0.8549242424242425,0.09136471989425685,0.556021188206569,0,0.603
cluster_skew_overlap,27,cells,pre_mass_off,pre,mass,off,5,50,50,1.0,12,12,0.0,2.0,4,2,7200,5.276437634876496,0.8761363636363636,0.8363636363636363,2.56698716638939,0.8761363636363636,0.09220236879055932,0.5452127406052297,0,0.486
cluster_skew_overlap,27,cells,pre_mass_on,pre,mass,on,5,50,25,1.0,12,12,0.0,2.0,4,2,3600,5.2888301329782825,0.8492424242424241,0.7863636363636364,2.47292034662372,0.8492424242424242,0.09151407310060752,0.5568113635834508,0,0.26
cluster_skew_overlap,27,cells,post_fpmask_off,post,fpmask,off,5,50,50,1.0,12,12,0.0,2.0,4,2,7200,2.898567882170242,0.6727272727272727,0.5045454545454545,2.5783073996314467,0.6670454545454545,0.30687940517794354,0.6713578341111119,0,1.443
cluster_skew_overlap,27,cells,post_massmask_off,post,massmask,off,5,50,50,1.0,12,12,0.0,2.0,4,2,7200,2.638867159788589,0.7159090909090908,0.5,2.5934403642107373,0.7109848484848484,0.37242704316016834,0.6800265846829124,0,0.579
cluster_skew_overlap,27,cells,pre_fpmask_off,pre,fpmask,off,5,50,50,1.0,12,12,0.0,2.0,4,2,7200,4.782673237751038,0.8761363636363638,0.8409090909090909,2.3856007132224373,0.8761363636363636,0.10429328236774349,0.5380877758715782,0,1.282
cluster_skew_overlap,27,cells,pre_massmask_off,pre,massmask,off,5,50,50,1.0,12,12,0.0,2.0,4,2,7200,4.796137164362888,0.875,0.8409090909090909,2.351239301947891,0.875,0.10221476691212233,0.5371848621412629,0,0.509
cluster_skew_overlap,28,cells,post_none_off,post,none,off,5,50,50,1.0,12,12,0.0,2.0,4,2,7200,0.6327192815271572,0.7749999999999999,0.6909090909090909,3.1749402284205153,0.775,7.930734569544449,0.8262221039496115,0,0.494
cluster_skew_overlap,28,cells,post_none_on,post,none,on,5,50,50,1.0,12,12,0.0,2.0,4,2,7200,0.2932122806801094,0.39886363636363636,0.34545454545454546,1.0531531088855546,0.34015151515151515,35.88173152371337,0.6188565761257158,0,0.493
cluster_skew_overlap,28,cells,post_footprint_off,post,footprint,off,5,50,50,1.0,12,12,0.0,2.0,4,2,7200,4.631239201129754,0.8708333333333335,0.8181818181818182,2.335120386509441,0.8708333333333333,0.10887166132893575,0.5423646385585298,0,1.166
cluster_skew_overlap,28,cells,post_footprint_on,post,footprint,on,5,50,28,1.0,12,12,0.0,2.0,4,2,4032,4.71726360165391,0.8178030303030304,0.7454545454545455,2.3769769891682415,0.8178030303030303,0.10529260919248178,0.5773458270109755,0,0.677
cluster_skew_overlap,28,cells,post_mass_off,post,mass,off,5,50,50,1.0,12,12,0.0,2.0,4,2,7200,4.611489935910715,0.8700757575757575,0.8181818181818182,2.3257237064924836,0.8700757575757576,0.10936430298257044,0.5423697430326924,0,0.513
cluster_skew_overlap,28,cells,post_mass_on,post,mass,on,5,50,30,1.0,12,12,0.0,2.0,4,2,4320,4.691912862973117,0.815909090909091,0.7454545454545455,2.366113073257863,0.8159090909090909,0.10603454590295326,0.5783149948816126,0,0.323
cluster_skew_overlap,28,cells,pre_none_off,pre,none,off,5,50,50,1.0,12,12,0.0,2.0,4,2,7200,4.605622126669753,0.8708333333333335,0.8136363636363636,2.3499898755619917,0.8708333333333333,0.11078714874472129,0.5425979614352145,0,0.485
cluster_skew_overlap,28,cells,pre_none_on,pre,none,on,5,50,50,1.0,12,12,0.0,2.0,4,2,7200,4.250869803756893,0.4041666666666666,0.37272727272727274,1.0610043806647613,0.35454545454545455,0.13671851654684025,0.6112248226970778,0,0.539
cluster_skew_overlap,28,cells,pre_footprint_off,pre,footprint,off,5,50,50,1.0,12,12,0.0,2.0,4,2,7200,5.284092818482131,0.872348484848485,0.8090909090909091,2.633582699422029,0.8723484848484848,0.09432049802459819,0.5535431428813268,0,1.213
cluster_skew_overlap,28,cells,pre_footprint_on,pre,footprint,on,5,50,24,1.0,12,12,0.0,2.0,4,2,3456,5.347092954386552,0.8454545454545456,0.759090909090909,2.5358451479057194,0.8454545454545455,0.09195145346199908,0.5665990959391982,0,0.544
cluster_skew_overlap,28,cells,pre_mass_off,pre,mass,off,5,50,50,1.0,12,12,0.0,2.0,4,2,7200,5.282962157634412,0.8712121212121212,0.8090909090909091,2.631859932175206,0.8712121212121212,0.09429914884332469,0.5534670787163666,0,0.524
cluster_skew_overlap,28,cells,pre_mass_on,pre,mass,on,5,50,25,1.0,12,12,0.0,2.0,4,2,3600,5.347583128319982,0.8454545454545453,0.759090909090909,2.5304479816223653,0.8454545454545455,0.0918940365308582,0.5671567306319927,0,0.256
cluster_skew_overlap,28,cells,post_fpmask_off,post,fpmask,off,5,50,50,1.0,12,12,0.0,2.0,4,2,7200,2.960252715803357,0.5954545454545456,0.4727272727272727,2.7359759536586385,0.5821969696969697,0.31221567234967407,0.6956411556834241,0,1.445
cluster_skew_overlap,28,cells,post_massmask_off,post,massmask,off,5,50,50,1.0,12,12,0.0,2.0,4,2,7200,2.534768000811676,0.6325757575757575,0.4818181818181818,2.81418533753204,0.6212121212121212,0.4380021720107086,0.715000840762217,0,0.567
cluster_skew_overlap,28,cells,pre_fpmask_off,pre,fpmask,off,5,50,50,1.0,12,12,0.0,2.0,4,2,7200,4.713774132079673,0.868560606060606,0.8090909090909091,2.464940765203824,0.868560606060606,0.11093509246104162,0.5472837774937482,0,1.276
cluster_skew_overlap,28,cells,pre_massmask_off,pre,massmask,off,5,50,50,1.0,12,12,0.0,2.0,4,2,7200,4.706365261902271,0.8696969696969696,0.8181818181818182,2.444445449633041,0.8696969696969697,0.110359338929528,0.5459486322085101,0,0.583
cluster_skew_overlap,29,cells,post_none_off,post,none,off,5,50,50,1.0,12,12,0.0,2.0,4,2,7200,2.4656040344708265,0.765909090909091,0.6636363636363637,2.622431168498835,0.7659090909090909,0.43137744513291837,0.7057226856430656,0,0.524
cluster_skew_overlap,29,cells,post_none_on,post,none,on,5,50,43,1.0,12,12,0.0,2.0,4,2,6192,2.106862970193034,0.40454545454545454,0.36818181818181817,1.0824230002337674,0.3488636363636364,0.6197551321282919,0.5953254578020587,0,0.419
cluster_skew_overlap,29,cells,post_footprint_off,post,footprint,off,5,50,50,1.0,12,12,0.0,2.0,4,2,7200,4.605472836237662,0.8568181818181818,0.8045454545454546,2.2801374119446725,0.8568181818181818,0.10750101634541234,0.5401736658907621,0,1.201
cluster_skew_overlap,29,cells,post_footprint_on,post,footprint,on,5,50,24,1.0,12,12,0.0,2.0,4,2,3456,4.6717455636257865,0.8087121212121212,0.7318181818181818,2.301014641341539,0.8087121212121212,0.10504744542331974,0.5689683668283311,0,0.589
cluster_skew_overlap,29,cells,post_mass_off,post,mass,off,5,50,50,1.0,12,12,0.0,2.0,4,2,7200,4.575335534206448,0.8560606060606061,0.8045454545454546,2.2682345791097713,0.8560606060606061,0.10835328172878467,0.5398610449739893,0,0.589
cluster_skew_overlap,29,cells,post_mass_on,post,mass,on,5,50,23,1.0,12,12,0.0,2.0,4,2,3312,4.640912038239872,0.806060606060606,0.7318181818181818,2.2825471197996783,0.806060606060606,0.1058458091178355,0.5699168088229795,0,0.227
cluster_skew_overlap,29,cells,pre_none_off,pre,none,off,5,50,50,1.0,12,12,0.0,2.0,4,2,7200,4.520832783039687,0.8571969696969698,0.8045454545454546,2.251969438646962,0.8571969696969697,0.11018579391750323,0.5395306549605512,0,0.458
cluster_skew_overlap,29,cells,pre_none_on,pre,none,on,5,50,50,1.0,12,12,0.0,2.0,4,2,7200,4.251138697683543,0.4041666666666666,0.35909090909090907,1.0869669255789158,0.3515151515151515,0.12740756934535588,0.5887727836597321,0,0.486
cluster_skew_overlap,29,cells,pre_footprint_off,pre,footprint,off,5,50,50,1.0,12,12,0.0,2.0,4,2,7200,5.094607579232461,0.8556818181818183,0.8045454545454546,2.526469209003787,0.8556818181818182,0.09734026740694278,0.5505430415075218,0,1.19
cluster_skew_overlap,29,cells,pre_footprint_on,pre,footprint,on,5,50,23,1.0,12,12,0.0,2.0,4,2,3312,5.1296764506812345,0.8310606060606062,0.759090909090909,2.4298071798203718,0.831060606060606,0.09604653962228113,0.5614343755334911,0,0.511
cluster_skew_overlap,29,cells,pre_mass_off,pre,mass,off,5,50,50,1.0,12,12,0.0,2.0,4,2,7200,5.084453447817739,0.8556818181818183,0.8045454545454546,2.5226870151819014,0.8556818181818182,0.09758314728981639,0.5503553374096614,0,0.498
cluster_skew_overlap,29,cells,pre_mass_on,pre,mass,on,5,50,21,1.0,12,12,0.0,2.0,4,2,3024,5.123078028640363,0.8250000000000001,0.7363636363636363,2.414724277458346,0.825,0.09624083700673311,0.562232475761341,0,0.222
cluster_skew_overlap,29,cells,post_fpmask_off,post,fpmask,off,5,50,50,1.0,12,12,0.0,2.0,4,2,7200,3.1831258899162655,0.5693181818181818,0.5272727272727272,2.4931047171310583,0.5018939393939394,0.24605539429562287,0.6504463225536555,0,1.449
cluster_skew_overlap,29,cells,post_massmask_off,post,massmask,off,5,50,50,1.0,12,12,0.0,2.0,4,2,7200,3.403744209416757,0.7662878787878787,0.6681818181818182,2.3420661658284043,0.7662878787878787,0.20215539181345268,0.6231897263421714,0,0.593
cluster_skew_overlap,29,cells,pre_fpmask_off,pre,fpmask,off,5,50,50,1.0,12,12,0.0,2.0,4,2,7200,4.509085753795748,0.8564393939393938,0.7954545454545454,2.33744532391135,0.856439393939394,0.11496468966325196,0.5426828468013498,0,1.317
cluster_skew_overlap,29,cells,pre_massmask_off,pre,massmask,off,5,50,50,1.0,12,12,0.0,2.0,4,2,7200,4.600855759013418,0.8579545454545454,0.8045454545454546,2.3077055139759084,0.8579545454545454,0.10901924043101692,0.5414198507440188,0,0.488
dirichlet_0.03,20,cells,post_none_off,post,none,off,5,50,50,1.0,12,12,0.0,2.0,4,2,7200,0.5816365359969227,0.9564393939393939,0.8772727272727273,9.46065303989616,0.5700757575757576,27.96518887559619,0.9456871312671836,0,0.555
dirichlet_0.03,20,cells,post_none_on,post,none,on,5,50,47,1.0,12,12,0.0,2.0,4,2,6768,0.34442058451500523,0.48219696969696973,0.32727272727272727,0.34168331887682113,0.37462121212121213,79.19029857886127,0.5764442789354455,0,0.49
dirichlet_0.03,20,cells,post_footprint_off,post,footprint,off,5,50,50,1.0,12,12,0.0,2.0,4,2,7200,7.004663202708091,1.0,1.0,2.0534680162088152,1.0,0.04185173107436964,0.22159043630147546,0,1.171
dirichlet_0.03,20,cells,post_footprint_on,post,footprint,on,5,50,40,1.0,12,12,0.0,2.0,4,2,5760,7.611970130544544,1.0,1.0,1.3487423134695558,1.0,0.020535419370840618,0.1684085133788419,0,0.908
dirichlet_0.03,20,cells,post_mass_off,post,mass,off,5,50,50,1.0,12,12,0.0,2.0,4,2,7200,6.990317197855005,1.0,1.0,2.0622823877352396,1.0,0.042204073111787296,0.2226069298275879,0,0.51
dirichlet_0.03,20,cells,post_mass_on,post,mass,on,5,50,32,1.0,12,12,0.0,2.0,4,2,4608,7.61333212598117,1.0,1.0,1.3486781677718251,1.0,0.020558281372356456,0.16843937757187044,0,0.348
dirichlet_0.03,20,cells,pre_none_off,pre,none,off,5,50,50,1.0,12,12,0.0,2.0,4,2,7200,8.166414761203102,1.0,1.0,1.3759526834686948,1.0,0.02063196691928075,0.1480315290017863,0,0.521
dirichlet_0.03,20,cells,pre_none_on,pre,none,on,5,50,40,1.0,12,12,0.0,2.0,4,2,5760,6.453668029060916,0.5132575757575758,0.35454545454545455,0.4051503647797996,0.4659090909090909,0.04262987952694398,0.5476762391294641,0,0.435
dirichlet_0.03,20,cells,pre_footprint_off,pre,footprint,off,5,50,50,1.0,12,12,0.0,2.0,4,2,7200,8.16643154104228,1.0,1.0,1.410228511116017,1.0,0.021145835006895132,0.15068747824677695,0,1.327
dirichlet_0.03,20,cells,pre_footprint_on,pre,footprint,on,5,50,29,1.0,12,12,0.0,2.0,4,2,4176,8.194587135292755,1.0,1.0,1.4084620695250514,1.0,0.02080014538401305,0.1596169404115964,0,0.732
dirichlet_0.03,20,cells,pre_mass_off,pre,mass,off,5,50,50,1.0,12,12,0.0,2.0,4,2,7200,8.16623606607466,1.0,1.0,1.410250671303913,1.0,0.021147179652966693,0.15069064622965825,0,0.509
dirichlet_0.03,20,cells,pre_mass_on,pre,mass,on,5,50,40,1.0,12,12,0.0,2.0,4,2,5760,8.210972255708805,1.0,1.0,1.411446866520227,1.0,0.020403892207065726,0.16008948405763482,0,0.387
dirichlet_0.03,20,cells,post_fpmask_off,post,fpmask,off,5,50,50,1.0,12,12,0.0,2.0,4,2,7200,0.002100557852457561,0.9632575757575758,0.9090909090909091,8.959157941905131,0.7916666666666666,2030476.177844388,0.8878305567239794,0,1.257
dirichlet_0.03,20,cells,post_massmask_off,post,massmask,off,5,50,50,1.0,12,12,0.0,2.0,4,2,7200,0.3143597146821923,0.9462121212121213,0.8636363636363636,8.931710946369583,0.5632575757575757,90.38177951749455,0.8769474864090359,0,0.504
dirichlet_0.03,20,cells,pre_fpmask_off,pre,fpmask,off,5,50,50,1.0,12,12,0.0,2.0,4,2,7200,8.177108082276973,1.0,1.0,1.3850235533527087,1.0,0.0207137000318878,0.1486686854599467,0,1.187
dirichlet_0.03,20,cells,pre_massmask_off,pre,massmask,off,5,50,50,1.0,12,12,0.0,2.0,4,2,7200,8.17710808206967,1.0,1.0,1.3850235533749733,1.0,0.02071370003327102,0.14866868546040538,0,0.543
dirichlet_0.03,21,cells,post_none_off,post,none,off,5,50,50,1.0,12,12,0.0,2.0,4,2,7200,0.2766767226456079,0.9602272727272728,0.6909090909090909,8.896897393905947,0.8484848484848485,116.22333592259245,0.9436432516613196,0,0.46
dirichlet_0.03,21,cells,post_none_on,post,none,on,5,50,50,1.0,12,12,0.0,2.0,4,2,7200,0.9501759241887875,0.5056818181818182,0.39090909090909093,0.3828135512283978,0.4159090909090909,9.362863212643163,0.5406909642062839,0,0.429
dirichlet_0.03,21,cells,post_footprint_off,post,footprint,off,5,50,50,1.0,12,12,0.0,2.0,4,2,7200,6.711297867974762,1.0,1.0,1.6763314143394878,1.0,0.037217470654895675,0.1907688997267582,0,1.137
dirichlet_0.03,21,cells,post_footprint_on,post,footprint,on,5,50,39,1.0,12,12,0.0,2.0,4,2,5616,7.269015930819137,1.0,1.0,1.3486116639573744,1.0,0.022343747940150132,0.1675759847454444,0,0.866
dirichlet_0.03,21,cells,post_mass_off,post,mass,off,5,50,50,1.0,12,12,0.0,2.0,4,2,7200,6.715805727118429,1.0,1.0,1.6660436633439937,1.0,0.03693942493197547,0.18972311296823494,0,0.543
dirichlet_0.03,21,cells,post_mass_on,post,mass,on,5,50,37,1.0,12,12,0.0,2.0,4,2,5328,7.27049687509753,1.0,1.0,1.3484954372925415,1.0,0.022332698993231048,0.1675688775203697,0,0.437
dirichlet_0.03,21,cells,pre_none_off,pre,none,off,5,50,50,1.0,12,12,0.0,2.0,4,2,7200,8.20122542058329,1.0,1.0,1.3573997384391379,1.0,0.02018135225408543,0.143115478690426,0,0.574
dirichlet_0.03,21,cells,pre_none_on,pre,none,on,5,50,50,1.0,12,12,0.0,2.0,4,2,7200,6.953423375149902,0.5325757575757576,0.41363636363636364,0.4240084091353771,0.4946969696969697,0.03273290258486586,0.5321326920927363,0,0.645
dirichlet_0.03,21,cells,pre_footprint_off,pre,footprint,off,5,50,50,1.0,12,12,0.0,2.0,4,2,7200,1.086449520198146,0.7674242424242425,0.5,4.302023190668018,0.6515151515151515,3.644631649935287,0.4013792732443887,0,1.291
dirichlet_0.03,21,cells,pre_footprint_on,pre,footprint,on,5,50,48,1.0,12,12,0.0,2.0,4,2,6912,0.7581931301663632,0.778030303030303,0.5181818181818182,2.7944436689072867,0.6571969696969697,7.6736784364784825,0.3428536906202027,0,1.223
dirichlet_0.03,21,cells,pre_mass_off,pre,mass,off,5,50,50,1.0,12,12,0.0,2.0,4,2,7200,1.0929656132552654,0.7681818181818182,0.5045454545454545,4.2745669400073885,0.6522727272727272,3.5783195867559416,0.40267888893953213,0,0.506
dirichlet_0.03,21,cells,pre_mass_on,pre,mass,on,5,50,42,1.0,12,12,0.0,2.0,4,2,6048,0.7640477014167351,0.7821969696969696,0.5272727272727272,2.622569070715225,0.6598484848484848,7.494621402759623,0.33879895599136345,0,0.407
dirichlet_0.03,21,cells,post_fpmask_off,post,fpmask,off,5,50,50,1.0,12,12,0.0,2.0,4,2,7200,0.3696949113728848,0.8746212121212121,0.6954545454545454,7.869061498840883,0.7628787878787879,57.5752713992938,0.8090871417479799,0,1.144
dirichlet_0.03,21,cells,post_massmask_off,post,massmask,off,5,50,50,1.0,12,12,0.0,2.0,4,2,7200,0.8557059446201588,0.8257575757575757,0.6409090909090909,7.760205288249541,0.7140151515151515,10.598004805575172,0.7865236996782734,0,0.523
dirichlet_0.03,21,cells,pre_fpmask_off,pre,fpmask,off,5,50,50,1.0,12,12,0.0,2.0,4,2,7200,8.21502891636741,1.0,1.0,1.3649995042335972,1.0,0.020226200159092943,0.14359922313702947,0,1.259
dirichlet_0.03,21,cells,pre_massmask_off,pre,massmask,off,5,50,50,1.0,12,12,0.0,2.0,4,2,7200,8.214078442717549,1.0,1.0,1.3690514051342164,1.0,0.020290935175710966,0.14384286768413312,0,0.545
dirichlet_0.03,22,cells,post_none_off,post,none,off,5,50,50,1.0,12,12,0.0,2.0,4,2,7200,0.12591161842942683,1.0,1.0,9.800341660734174,1.0,618.1723900084937,0.9982877953764023,0,0.5
dirichlet_0.03,22,cells,post_none_on,post,none,on,5,50,50,1.0,12,12,0.0,2.0,4,2,7200,0.5458769427793714,0.41931818181818176,0.32272727272727275,0.2789821762385621,0.3446969696969697,32.51682602821792,0.6481523948238164,0,0.465
dirichlet_0.03,22,cells,post_footprint_off,post,footprint,off,5,50,50,1.0,12,12,0.0,2.0,4,2,7200,5.825455776356854,1.0,1.0,2.9854373694119536,1.0,0.0879727453865805,0.32194745488002563,0,1.151
dirichlet_0.03,22,cells,post_footprint_on,post,footprint,on,5,50,39,1.0,12,12,0.0,2.0,4,2,5616,7.434852867533271,1.0,1.0,1.3940736808875516,1.0,0.030031979653083025,0.18588997781262123,0,1.036
dirichlet_0.03,22,cells,post_mass_off,post,mass,off,5,50,50,1.0,12,12,0.0,2.0,4,2,7200,5.825514079040439,1.0,1.0,2.9856951189866896,1.0,0.08797857953371953,0.32197862502479196,0,0.59
dirichlet_0.03,22,cells,post_mass_on,post,mass,on,5,50,50,1.0,12,12,0.0,2.0,4,2,7200,7.422290616497293,1.0,1.0,1.360891454145945,1.0,0.02691847140810533,0.18198428055504787,0,0.532
dirichlet_0.03,22,cells,pre_none_off,pre,none,off,5,50,50,1.0,12,12,0.0,2.0,4,2,7200,8.202996908766933,1.0,1.0,1.4466260999991951,1.0,0.0214986505532871,0.15710638107220012,0,0.51
dirichlet_0.03,22,cells,pre_none_on,pre,none,on,5,50,47,1.0,12,12,0.0,2.0,4,2,6768,8.555036372161323,0.47840909090909084,0.37727272727272726,0.3261659899024239,0.47575757575757577,0.01881308032179347,0.6060400163954647,0,0.484
dirichlet_0.03,22,cells,pre_footprint_off,pre,footprint,off,5,50,50,1.0,12,12,0.0,2.0,4,2,7200,8.236385686893838,1.0,1.0,1.4608647429498034,1.0,0.021534592467468593,0.15800868073675178,0,1.259
dirichlet_0.03,22,cells,pre_footprint_on,pre,footprint,on,5,50,43,1.0,12,12,0.0,2.0,4,2,6192,8.258586221262153,1.0,1.0,1.4290536260644793,1.0,0.020519251059519104,0.16730370077822776,0,0.963
dirichlet_0.03,22,cells,pre_mass_off,pre,mass,off,5,50,50,1.0,12,12,0.0,2.0,4,2,7200,8.23638420928934,1.0,1.0,1.4608974317519963,1.0,0.021535082059543173,0.15801072947905948,0,0.479
dirichlet_0.03,22,cells,pre_mass_on,pre,mass,on,5,50,39,1.0,12,12,0.0,2.0,4,2,5616,8.24528968699259,1.0,1.0,1.447129992411289,1.0,0.021404054867707488,0.1678659765545326,0,0.392
dirichlet_0.03,22,cells,post_fpmask_off,post,fpmask,off,5,50,50,1.0,12,12,0.0,2.0,4,2,7200,0.1258935820439382,1.0,1.0,9.800343252011952,1.0,618.3496304040672,0.9982878367140007,0,1.176
dirichlet_0.03,22,cells,post_massmask_off,post,massmask,off,5,50,50,1.0,12,12,0.0,2.0,4,2,7200,0.1259134661239563,1.0,1.0,9.800340969332728,1.0,618.154204012346,0.9982877873884283,0,0.63
dirichlet_0.03,22,cells,pre_fpmask_off,pre,fpmask,off,5,50,50,1.0,12,12,0.0,2.0,4,2,7200,8.236476882390427,1.0,1.0,1.459572976523755,1.0,0.021515074107476686,0.15795077543818037,0,1.148
dirichlet_0.03,22,cells,pre_massmask_off,pre,massmask,off,5,50,50,1.0,12,12,0.0,2.0,4,2,7200,8.236383711688976,1.0,1.0,1.4608911735039873,1.0,0.02153499240880811,0.1580097880758166,0,0.466
dirichlet_0.03,23,cells,post_none_off,post,none,off,5,50,50,1.0,12,12,0.0,2.0,4,2,7200,0.18784015957832526,0.8136363636363638,0.5045454545454545,9.45764069341752,0.6393939393939394,268.0438909753746,0.990630221610445,0,0.462
dirichlet_0.03,23,cells,post_none_on,post,none,on,5,50,50,1.0,12,12,0.0,2.0,4,2,7200,0.6292154215656528,0.44356060606060604,0.3181818181818182,0.3184472815160333,0.39204545454545453,23.478559027525627,0.6229057830042856,0,0.456
dirichlet_0.03,23,cells,post_footprint_off,post,footprint,off,5,50,50,1.0,12,12,0.0,2.0,4,2,7200,5.48326955518446,1.0,1.0,2.536319852840837,1.0,0.0843577191495401,0.28613785401274217,0,1.315
dirichlet_0.03,23,cells,post_footprint_on,post,footprint,on,5,50,38,1.0,12,12,0.0,2.0,4,2,5472,7.266634556351697,1.0,1.0,1.3669144606670514,1.0,0.024054526550881434,0.18024919443719853,0,1.037
dirichlet_0.03,23,cells,post_mass_off,post,mass,off,5,50,50,1.0,12,12,0.0,2.0,4,2,7200,5.482961086108003,1.0,1.0,2.5305334177303402,1.0,0.0841747334253732,0.28572936618507344,0,0.549
dirichlet_0.03,23,cells,post_mass_on,post,mass,on,5,50,36,1.0,12,12,0.0,2.0,4,2,5184,7.266231637986288,1.0,1.0,1.3667841787212893,1.0,0.024040282451387424,0.18021983676070952,0,0.368
dirichlet_0.03,23,cells,pre_none_off,pre,none,off,5,50,50,1.0,12,12,0.0,2.0,4,2,7200,7.560725186966256,1.0,1.0,1.4120419058893392,1.0,0.02470134946665058,0.15982066791159788,0,0.515
dirichlet_0.03,23,cells,pre_none_on,pre,none,on,5,50,50,1.0,12,12,0.0,2.0,4,2,7200,8.426814649617345,0.49393939393939396,0.38636363636363635,0.3485041772677981,0.49393939393939396,0.019938701893980212,0.5981519696974253,0,0.491
dirichlet_0.03,23,cells,pre_footprint_off,pre,footprint,off,5,50,50,1.0,12,12,0.0,2.0,4,2,7200,7.601177048431026,1.0,1.0,1.4081845111349856,1.0,0.024372375828846195,0.1588928233192291,0,1.236
dirichlet_0.03,23,cells,pre_footprint_on,pre,footprint,on,5,50,44,1.0,12,12,0.0,2.0,4,2,6336,8.404224086883769,1.0,1.0,1.4307798661053803,1.0,0.018182579832352108,0.16511350376195605,0,1.029
dirichlet_0.03,23,cells,pre_mass_off,pre,mass,off,5,50,50,1.0,12,12,0.0,2.0,4,2,7200,7.618029782344444,1.0,1.0,1.4257917076502515,1.0,0.024568053670385427,0.16047324474422295,0,0.491
dirichlet_0.03,23,cells,pre_mass_on,pre,mass,on,5,50,42,1.0,12,12,0.0,2.0,4,2,6048,8.404241349013011,1.0,1.0,1.43070066301558,1.0,0.018181224572019206,0.16510847099456522,0,0.448
dirichlet_0.03,23,cells,post_fpmask_off,post,fpmask,off,5,50,50,1.0,12,12,0.0,2.0,4,2,7200,5.556412128146844,1.0,1.0,2.3889244036189554,1.0,0.07737728830264351,0.27349741713651854,0,1.2
dirichlet_0.03,23,cells,post_massmask_off,post,massmask,off,5,50,50,1.0,12,12,0.0,2.0,4,2,7200,0.18783500159033087,0.8136363636363638,0.5045454545454545,9.45764195412591,0.6393939393939394,268.05864799122173,0.990630408646906,0,0.492
dirichlet_0.03,23,cells,pre_fpmask_off,pre,fpmask,off,5,50,50,1.0,12,12,0.0,2.0,4,2,7200,7.633032822986844,1.0,1.0,1.41401723845514,1.0,0.024269478492189963,0.15960452737427408,0,1.179
dirichlet_0.03,23,cells,pre_massmask_off,pre,massmask,off,5,50,50,1.0,12,12,0.0,2.0,4,2,7200,7.618189690871838,1.0,1.0,1.4159111479054507,1.0,0.024396775878376114,0.15986597381347747,0,0.513
dirichlet_0.03,24,cells,post_none_off,post,none,off,5,50,50,1.0,12,12,0.0,2.0,4,2,7200,0.195411374931271,0.9924242424242423,0.9772727272727273,10.750806830641098,0.7416666666666667,281.5408241727607,0.9920061365889145,0,0.483
dirichlet_0.03,24,cells,post_none_on,post,none,on,5,50,50,1.0,12,12,0.0,2.0,4,2,7200,0.514228483247736,0.45075757575757575,0.35,0.29282893798896836,0.4178030303030303,40.0008582774763,0.651140584220191,0,0.561
dirichlet_0.03,24,cells,post_footprint_off,post,footprint,off,5,50,50,1.0,12,12,0.0,2.0,4,2,7200,6.127246713470571,1.0,1.0,2.88910246019173,1.0,0.0769541789684907,0.3109576040787694,0,1.298
dirichlet_0.03,24,cells,post_footprint_on,post,footprint,on,5,50,48,1.0,12,12,0.0,2.0,4,2,6912,7.388769190674474,1.0,1.0,1.3837383124111713,1.0,0.021512459934964093,0.17741075896697567,0,1.203
dirichlet_0.03,24,cells,post_mass_off,post,mass,off,5,50,50,1.0,12,12,0.0,2.0,4,2,7200,6.125741118364937,1.0,1.0,2.890563745073829,1.0,0.07703095341873031,0.311109412832286,0,0.497
dirichlet_0.03,24,cells,post_mass_on,post,mass,on,5,50,48,1.0,12,12,0.0,2.0,4,2,6912,7.389002163197713,1.0,1.0,1.3837443746650646,1.0,0.021511495066453497,0.1774094550118639,0,0.484
dirichlet_0.03,24,cells,pre_none_off,pre,none,off,5,50,50,1.0,12,12,0.0,2.0,4,2,7200,8.217289904844996,1.0,1.0,1.476139638191053,1.0,0.021861010062296377,0.15590228256882818,0,0.539
dirichlet_0.03,24,cells,pre_none_on,pre,none,on,5,50,34,1.0,12,12,0.0,2.0,4,2,4896,8.20090003695603,0.44962121212121203,0.38181818181818183,0.33356894544198384,0.44886363636363635,0.022485044833377064,0.6326388510405379,0,0.388
dirichlet_0.03,24,cells,pre_footprint_off,pre,footprint,off,5,50,50,1.0,12,12,0.0,2.0,4,2,7200,8.301763620385254,1.0,1.0,1.4963278004430307,1.0,0.02171130948585155,0.15718788471067976,0,1.171
dirichlet_0.03,24,cells,pre_footprint_on,pre,footprint,on,5,50,43,1.0,12,12,0.0,2.0,4,2,6192,8.164006630707823,1.0,1.0,1.4836985079143015,1.0,0.021917958623615116,0.1676217701670743,0,1.024
dirichlet_0.03,24,cells,pre_mass_off,pre,mass,off,5,50,50,1.0,12,12,0.0,2.0,4,2,7200,8.301851187754206,1.0,1.0,1.4963677600905814,1.0,0.021711431260785837,0.15719114141557394,0,0.6
dirichlet_0.03,24,cells,pre_mass_on,pre,mass,on,5,50,43,1.0,12,12,0.0,2.0,4,2,6192,8.16419277371206,1.0,1.0,1.4837436031051872,1.0,0.021917459769685857,0.1676213769087503,0,0.564
dirichlet_0.03,24,cells,post_fpmask_off,post,fpmask,off,5,50,50,1.0,12,12,0.0,2.0,4,2,7200,0.18401410849128816,0.9643939393939394,0.8045454545454546,10.75230828336833,0.6189393939393939,317.5407482419092,0.9924480291899964,0,1.177
dirichlet_0.03,24,cells,post_massmask_off,post,massmask,off,5,50,50,1.0,12,12,0.0,2.0,4,2,7200,0.19540624384745997,0.9924242424242423,0.9772727272727273,10.750806855840983,0.7416666666666667,281.55561073212596,0.9920061474622553,0,0.493
dirichlet_0.03,24,cells,pre_fpmask_off,pre,fpmask,off,5,50,50,1.0,12,12,0.0,2.0,4,2,7200,8.286382491809032,1.0,1.0,1.4892858563184626,1.0,0.0216894287045809,0.15661270748738845,0,1.182
dirichlet_0.03,24,cells,pre_massmask_off,pre,massmask,off,5,50,50,1.0,12,12,0.0,2.0,4,2,7200,8.286380985805888,1.0,1.0,1.4892858719446962,1.0,0.02168943681601998,0.15661271368646282,0,0.512
dirichlet_0.03,25,cells,post_none_off,post,none,off,5,50,50,1.0,12,12,0.0,2.0,4,2,7200,0.21062375430010108,0.9579545454545454,0.8227272727272728,9.86140485640408,0.8132575757575757,222.29213121965282,0.9462424739631728,0,0.472
dirichlet_0.03,25,cells,post_none_on,post,none,on,5,50,50,1.0,12,12,0.0,2.0,4,2,7200,1.0242622762803137,0.47840909090909084,0.37272727272727274,0.34676912586936615,0.41174242424242424,8.909739960061335,0.5897599057760836,0,0.492
dirichlet_0.03,25,cells,post_footprint_off,post,footprint,off,5,50,50,1.0,12,12,0.0,2.0,4,2,7200,6.412881431468609,1.0,1.0,2.2497420291108767,1.0,0.054704909164160334,0.24659717300749504,0,1.212
dirichlet_0.03,25,cells,post_footprint_on,post,footprint,on,5,50,33,1.0,12,12,0.0,2.0,4,2,4752,7.690908163364364,1.0,1.0,1.3170526983090496,1.0,0.02049526167943012,0.1654216631176805,0,0.708
dirichlet_0.03,25,cells,post_mass_off,post,mass,off,5,50,50,1.0,12,12,0.0,2.0,4,2,7200,6.416723391020415,1.0,1.0,2.2497005065369775,1.0,0.05463841210266914,0.24659895546043936,0,0.473
dirichlet_0.03,25,cells,post_mass_on,post,mass,on,5,50,30,1.0,12,12,0.0,2.0,4,2,4320,7.671667168679666,1.0,1.0,1.321427751644686,1.0,0.019497955933083937,0.16600722866441656,0,0.324
dirichlet_0.03,25,cells,pre_none_off,pre,none,off,5,50,50,1.0,12,12,0.0,2.0,4,2,7200,8.258680077843138,1.0,1.0,1.3801546469669288,1.0,0.020235151778830524,0.15040807616421747,0,0.499
dirichlet_0.03,25,cells,pre_none_on,pre,none,on,5,50,50,1.0,12,12,0.0,2.0,4,2,7200,8.02075371816617,0.5041666666666667,0.43636363636363634,0.3648424453557685,0.49886363636363634,0.02147478988912275,0.5794444359633646,0,0.484
dirichlet_0.03,25,cells,pre_footprint_off,pre,footprint,off,5,50,50,1.0,12,12,0.0,2.0,4,2,7200,8.306809442828502,1.0,1.0,1.3964135102590676,1.0,0.020236972713834574,0.15152175809750773,0,1.13
dirichlet_0.03,25,cells,pre_footprint_on,pre,footprint,on,5,50,36,1.0,12,12,0.0,2.0,4,2,5184,8.272263961227019,1.0,1.0,1.391529677087919,1.0,0.020093992887288598,0.1567661664706902,0,0.851
dirichlet_0.03,25,cells,pre_mass_off,pre,mass,off,5,50,50,1.0,12,12,0.0,2.0,4,2,7200,8.307604046216902,1.0,1.0,1.3966708743128955,1.0,0.02023683069207765,0.15155122279158062,0,0.538
dirichlet_0.03,25,cells,pre_mass_on,pre,mass,on,5,50,30,1.0,12,12,0.0,2.0,4,2,4320,8.27414539555883,1.0,1.0,1.3917163154217527,1.0,0.02008509610217506,0.1567248614897091,0,0.316
dirichlet_0.03,25,cells,post_fpmask_off,post,fpmask,off,5,50,50,1.0,12,12,0.0,2.0,4,2,7200,0.1472347061241159,0.9715909090909091,0.8318181818181818,8.60374522586631,0.9715909090909091,396.8872559075297,0.8340294586792738,0,1.182
dirichlet_0.03,25,cells,post_massmask_off,post,massmask,off,5,50,50,1.0,12,12,0.0,2.0,4,2,7200,0.13221579735030314,0.7378787878787879,0.509090909090909,8.265851595441132,0.603030303030303,472.8472927419391,0.8237772456765143,0,0.519
dirichlet_0.03,25,cells,pre_fpmask_off,pre,fpmask,off,5,50,50,1.0,12,12,0.0,2.0,4,2,7200,8.265173279388776,1.0,1.0,1.389590239416041,1.0,0.02034149315856676,0.14761060692072997,0,1.147
dirichlet_0.03,25,cells,pre_massmask_off,pre,massmask,off,5,50,50,1.0,12,12,0.0,2.0,4,2,7200,8.287410126915038,1.0,1.0,1.3942371490848624,1.0,0.020300137837895634,0.14799210742951838,0,0.478
dirichlet_0.03,26,cells,post_none_off,post,none,off,5,50,50,1.0,12,12,0.0,2.0,4,2,7200,1.246538868499395,0.8981060606060605,0.6909090909090909,8.005404167856288,0.8193181818181818,5.151949688846791,0.9279735154159551,0,0.57
dirichlet_0.03,26,cells,post_none_on,post,none,on,5,50,50,1.0,12,12,0.0,2.0,4,2,7200,1.0413760504406404,0.5037878787878789,0.35454545454545455,0.3970711816985927,0.3143939393939394,7.643033698737039,0.5690405019482822,0,0.542
dirichlet_0.03,26,cells,post_footprint_off,post,footprint,off,5,50,50,1.0,12,12,0.0,2.0,4,2,7200,6.467274584336413,1.0,1.0,1.9903989890100933,1.0,0.0475880097202238,0.21769795022940103,0,1.299
dirichlet_0.03,26,cells,post_footprint_on,post,footprint,on,5,50,28,1.0,12,12,0.0,2.0,4,2,4032,7.399093970145488,1.0,1.0,1.3257509940278929,1.0,0.02168093075804019,0.17610094688484593,0,0.647
dirichlet_0.03,26,cells,post_mass_off,post,mass,off,5,50,50,1.0,12,12,0.0,2.0,4,2,7200,6.50018528151907,1.0,1.0,2.1023626472680483,1.0,0.04975722597236811,0.23173480957447212,0,0.503
dirichlet_0.03,26,cells,post_mass_on,post,mass,on,5,50,28,1.0,12,12,0.0,2.0,4,2,4032,7.397362591631513,1.0,1.0,1.3257821584282237,1.0,0.021692071497076207,0.1760994525571718,0,0.311
dirichlet_0.03,26,cells,pre_none_off,pre,none,off,5,50,50,1.0,12,12,0.0,2.0,4,2,7200,8.193848203029082,1.0,1.0,1.2969204154158123,1.0,0.019316902981637855,0.14780583000012631,0,0.514
dirichlet_0.03,26,cells,pre_none_on,pre,none,on,5,50,46,1.0,12,12,0.0,2.0,4,2,6624,7.845628534225276,0.5390151515151514,0.37727272727272726,0.4199486602983081,0.5018939393939394,0.023547239998802223,0.5308366627826233,0,0.466
dirichlet_0.03,26,cells,pre_footprint_off,pre,footprint,off,5,50,50,1.0,12,12,0.0,2.0,4,2,7200,8.233300148040628,1.0,1.0,1.338191168553859,1.0,0.0197410506719799,0.15068910724655726,0,1.124
dirichlet_0.03,26,cells,pre_footprint_on,pre,footprint,on,5,50,50,1.0,12,12,0.0,2.0,4,2,7200,8.196731190174466,1.0,1.0,1.3661295833473446,1.0,0.019669344974935454,0.16225377871944865,0,1.35
dirichlet_0.03,26,cells,pre_mass_off,pre,mass,off,5,50,50,1.0,12,12,0.0,2.0,4,2,7200,8.234188907927633,1.0,1.0,1.339062504103716,1.0,0.019749640591280412,0.15075016471320937,0,0.511
dirichlet_0.03,26,cells,pre_mass_on,pre,mass,on,5,50,31,1.0,12,12,0.0,2.0,4,2,4464,8.197604770950376,1.0,1.0,1.3666022440777734,1.0,0.019672124759796076,0.16225076342194847,0,0.342
dirichlet_0.03,26,cells,post_fpmask_off,post,fpmask,off,5,50,50,1.0,12,12,0.0,2.0,4,2,7200,0.9436245272727132,0.9856060606060605,0.9454545454545454,5.864467806358778,0.9856060606060606,6.586127969950679,0.6465179072731687,0,1.244
dirichlet_0.03,26,cells,post_massmask_off,post,massmask,off,5,50,50,1.0,12,12,0.0,2.0,4,2,7200,0.8980976417117289,0.8632575757575758,0.7545454545454545,7.019957857247282,0.7780303030303031,8.703368922037486,0.8121310756525798,0,0.506
dirichlet_0.03,26,cells,pre_fpmask_off,pre,fpmask,off,5,50,50,1.0,12,12,0.0,2.0,4,2,7200,8.210733598465053,1.0,1.0,1.305419826712076,1.0,0.01936360797539484,0.14837072279043437,0,1.163
dirichlet_0.03,26,cells,pre_massmask_off,pre,massmask,off,5,50,50,1.0,12,12,0.0,2.0,4,2,7200,8.210660517976853,1.0,1.0,1.3074187621534896,1.0,0.019393603896233846,0.14854670514966234,0,0.514
dirichlet_0.03,27,cells,post_none_off,post,none,off,5,50,50,1.0,12,12,0.0,2.0,4,2,7200,0.2075131270404289,0.984090909090909,0.9454545454545454,7.396243993570262,0.9037878787878788,171.75922816048842,0.9375175847277986,0,0.55
dirichlet_0.03,27,cells,post_none_on,post,none,on,5,50,50,1.0,12,12,0.0,2.0,4,2,7200,0.8292932250939423,0.44583333333333336,0.33181818181818185,0.32507629698513585,0.35454545454545455,10.64815393124015,0.5924137449245369,0,0.552
dirichlet_0.03,27,cells,post_footprint_off,post,footprint,off,5,50,50,1.0,12,12,0.0,2.0,4,2,7200,7.027671124005551,1.0,1.0,1.9565090167977839,1.0,0.03961493929435876,0.23578858316047177,0,1.136
dirichlet_0.03,27,cells,post_footprint_on,post,footprint,on,5,50,50,1.0,12,12,0.0,2.0,4,2,7200,8.063774434494187,1.0,1.0,1.3287744514209883,1.0,0.020403503462809815,0.18242468595196787,0,1.254
dirichlet_0.03,27,cells,post_mass_off,post,mass,off,5,50,50,1.0,12,12,0.0,2.0,4,2,7200,7.039818909851794,1.0,1.0,1.9553903331473714,1.0,0.03945576684705193,0.23565258126801017,0,0.502
dirichlet_0.03,27,cells,post_mass_on,post,mass,on,5,50,50,1.0,12,12,0.0,2.0,4,2,7200,8.033774548967928,1.0,1.0,1.3253346737699043,1.0,0.020543513101654177,0.18226242784970897,0,0.488
dirichlet_0.03,27,cells,pre_none_off,pre,none,off,5,50,50,1.0,12,12,0.0,2.0,4,2,7200,8.533883274027419,1.0,1.0,1.366198546800158,1.0,0.018759463869505832,0.15649590298230676,0,0.516
dirichlet_0.03,27,cells,pre_none_on,pre,none,on,5,50,50,1.0,12,12,0.0,2.0,4,2,7200,8.575879009799012,0.4738636363636363,0.36818181818181817,0.36805161695985056,0.4738636363636364,0.018811372647910704,0.5851513798717026,0,0.493
dirichlet_0.03,27,cells,pre_footprint_off,pre,footprint,off,5,50,50,1.0,12,12,0.0,2.0,4,2,7200,8.58871747154739,1.0,1.0,1.3886931688069934,1.0,0.018825636367902562,0.1579569055324486,0,1.298
dirichlet_0.03,27,cells,pre_footprint_on,pre,footprint,on,5,50,50,1.0,12,12,0.0,2.0,4,2,7200,8.654123452482215,1.0,1.0,1.3865542540834717,1.0,0.017888677339296576,0.16691225669819396,0,1.151
dirichlet_0.03,27,cells,pre_mass_off,pre,mass,off,5,50,50,1.0,12,12,0.0,2.0,4,2,7200,8.589172444663575,1.0,1.0,1.3887807240249759,1.0,0.018824828817476796,0.15796330397922936,0,0.57
dirichlet_0.03,27,cells,pre_mass_on,pre,mass,on,5,50,44,1.0,12,12,0.0,2.0,4,2,6336,8.587908157526481,1.0,1.0,1.3821857480399078,1.0,0.018310091728435535,0.16702256863731316,0,0.462
dirichlet_0.03,27,cells,post_fpmask_off,post,fpmask,off,5,50,50,1.0,12,12,0.0,2.0,4,2,7200,0.7126947971374239,0.862121212121212,0.7090909090909091,6.997287577936117,0.8049242424242424,13.775981358887893,0.8872817113167846,0,1.248
dirichlet_0.03,27,cells,post_massmask_off,post,massmask,off,5,50,50,1.0,12,12,0.0,2.0,4,2,7200,0.6469552214089892,0.8621212121212123,0.7,7.0154843774508,0.8056818181818182,16.761358584189963,0.8890327906011649,0,0.545
dirichlet_0.03,27,cells,pre_fpmask_off,pre,fpmask,off,5,50,50,1.0,12,12,0.0,2.0,4,2,7200,8.565490111215055,1.0,1.0,1.3793864841741934,1.0,0.01880102514271631,0.15731900226639453,0,1.25
dirichlet_0.03,27,cells,pre_massmask_off,pre,massmask,off,5,50,50,1.0,12,12,0.0,2.0,4,2,7200,8.56548961856358,1.0,1.0,1.3793864554095268,1.0,0.018801026913368327,0.15731900228336793,0,0.536
dirichlet_0.03,28,cells,post_none_off,post,none,off,5,50,50,1.0,12,12,0.0,2.0,4,2,7200,0.9798477399215958,0.9681818181818183,0.7727272727272727,7.698341293781928,0.8511363636363637,8.018256970372938,0.9387660124327106,0,0.526
dirichlet_0.03,28,cells,post_none_on,post,none,on,5,50,50,1.0,12,12,0.0,2.0,4,2,7200,0.2034327591582597,0.4875,0.35909090909090907,0.4190880676431184,0.39734848484848484,155.08650035081644,0.5373732890678249,0,0.492
dirichlet_0.03,28,cells,post_footprint_off,post,footprint,off,5,50,50,1.0,12,12,0.0,2.0,4,2,7200,4.532212425239286,0.9859848484848485,0.8772727272727273,1.5443041176803753,0.9776515151515152,0.0751817300424345,0.21330784757474694,0,1.225
dirichlet_0.03,28,cells,post_footprint_on,post,footprint,on,5,50,50,1.0,12,12,0.0,2.0,4,2,7200,1.1641286868218754,0.806060606060606,0.5409090909090909,1.3524021595936515,0.7806818181818181,0.9323582883966013,0.2673478338406394,0,1.228
dirichlet_0.03,28,cells,post_mass_off,post,mass,off,5,50,50,1.0,12,12,0.0,2.0,4,2,7200,4.535545386892059,0.9859848484848485,0.8772727272727273,1.5443744814273086,0.9776515151515152,0.07507469602066016,0.213265911833399,0,0.559
dirichlet_0.03,28,cells,post_mass_on,post,mass,on,5,50,50,1.0,12,12,0.0,2.0,4,2,7200,1.2410760855862861,0.8049242424242423,0.5181818181818182,1.351147374598184,0.781439393939394,0.8233721655713568,0.26594215222290624,0,0.585
dirichlet_0.03,28,cells,pre_none_off,pre,none,off,5,50,50,1.0,12,12,0.0,2.0,4,2,7200,1.2154054814804078,0.8015151515151514,0.5181818181818182,1.3390128879074983,0.7965909090909091,0.9064469160195034,0.25533559596122085,0,0.501
dirichlet_0.03,28,cells,pre_none_on,pre,none,on,5,50,35,1.0,12,12,0.0,2.0,4,2,5040,1.1419520469890696,0.5382575757575758,0.40454545454545454,0.43381216542270623,0.5204545454545455,1.056037286435689,0.5162455069364886,0,0.372
dirichlet_0.03,28,cells,pre_footprint_off,pre,footprint,off,5,50,50,1.0,12,12,0.0,2.0,4,2,7200,1.1672316876312647,0.7996212121212122,0.5227272727272727,1.3693515951398303,0.7784090909090909,1.005080469074614,0.2586174084777961,0,1.163
dirichlet_0.03,28,cells,pre_footprint_on,pre,footprint,on,5,50,50,1.0,12,12,0.0,2.0,4,2,7200,1.139354014202743,0.8090909090909091,0.55,1.3737229005292617,0.781439393939394,1.0358065857876317,0.2656061686595039,0,1.16
dirichlet_0.03,28,cells,pre_mass_off,pre,mass,off,5,50,50,1.0,12,12,0.0,2.0,4,2,7200,1.1672098231417072,0.7996212121212122,0.5227272727272727,1.3699167762850932,0.7784090909090909,1.0055329730657392,0.25867419750843645,0,0.5
dirichlet_0.03,28,cells,pre_mass_on,pre,mass,on,5,50,50,1.0,12,12,0.0,2.0,4,2,7200,1.134842620366703,0.8083333333333335,0.5454545454545454,1.3740438611904218,0.7806818181818181,1.0443124574871063,0.26565250345169455,0,0.489
dirichlet_0.03,28,cells,post_fpmask_off,post,fpmask,off,5,50,50,1.0,12,12,0.0,2.0,4,2,7200,1.2027080148462563,0.8378787878787879,0.6,1.2773751369235047,0.8295454545454546,0.8830759322636773,0.2506742497197232,0,1.232
dirichlet_0.03,28,cells,post_massmask_off,post,massmask,off,5,50,50,1.0,12,12,0.0,2.0,4,2,7200,1.2042327146280962,0.8378787878787878,0.6,1.2771440260016043,0.8291666666666667,0.8806818251335446,0.2506238387800354,0,0.516
dirichlet_0.03,28,cells,pre_fpmask_off,pre,fpmask,off,5,50,50,1.0,12,12,0.0,2.0,4,2,7200,1.168947121601954,0.7999999999999999,0.5227272727272727,1.3619975683440193,0.7780303030303031,0.9967508172384095,0.2579459736837829,0,1.081
dirichlet_0.03,28,cells,pre_massmask_off,pre,massmask,off,5,50,50,1.0,12,12,0.0,2.0,4,2,7200,1.1689398978498342,0.7999999999999999,0.5227272727272727,1.3623759102997992,0.7780303030303031,0.9970400220646453,0.25795923166308576,0,0.491
dirichlet_0.03,29,cells,post_none_off,post,none,off,5,50,50,1.0,12,12,0.0,2.0,4,2,7200,0.849085963144638,0.9049242424242423,0.6318181818181818,10.700422754437572,0.8386363636363636,14.842177244662077,0.9825454475530665,0,0.511
dirichlet_0.03,29,cells,post_none_on,post,none,on,5,50,50,1.0,12,12,0.0,2.0,4,2,7200,0.9851760445608512,0.4428030303030303,0.34545454545454546,0.29714402876612134,0.4068181818181818,11.005704330822333,0.6235262832493466,0,0.53
dirichlet_0.03,29,cells,post_footprint_off,post,footprint,off,5,50,50,1.0,12,12,0.0,2.0,4,2,7200,5.862445194381155,1.0,1.0,2.5765061586660627,1.0,0.07496759755950284,0.27514258681589226,0,1.118
dirichlet_0.03,29,cells,post_footprint_on,post,footprint,on,5,50,50,1.0,12,12,0.0,2.0,4,2,7200,7.175154657203466,1.0,1.0,1.3724631511994416,1.0,0.02329176004007779,0.1750279365948431,0,1.233
dirichlet_0.03,29,cells,post_mass_off,post,mass,off,5,50,50,1.0,12,12,0.0,2.0,4,2,7200,5.856123463807693,1.0,1.0,2.5721951653457986,1.0,0.075003834866036,0.2747118520471346,0,0.519
dirichlet_0.03,29,cells,post_mass_on,post,mass,on,5,50,50,1.0,12,12,0.0,2.0,4,2,7200,7.175537881291219,1.0,1.0,1.372425653056621,1.0,0.0232817504908255,0.17501106617153625,0,0.548
dirichlet_0.03,29,cells,pre_none_off,pre,none,off,5,50,50,1.0,12,12,0.0,2.0,4,2,7200,8.392867270974,1.0,1.0,1.4433833860706595,1.0,0.020490898026755078,0.15147070350212574,0,0.513
dirichlet_0.03,29,cells,pre_none_on,pre,none,on,5,50,50,1.0,12,12,0.0,2.0,4,2,7200,8.677587487578208,0.47234848484848485,0.34545454545454546,0.3286013475263436,0.4678030303030303,0.019260822356838517,0.6039738680653877,0,0.553
dirichlet_0.03,29,cells,pre_footprint_off,pre,footprint,off,5,50,50,1.0,12,12,0.0,2.0,4,2,7200,1.1815458454889347,0.8435606060606061,0.509090909090909,5.542178077714124,0.6,3.969897751051221,0.44831435726239005,0,1.172
dirichlet_0.03,29,cells,pre_footprint_on,pre,footprint,on,5,50,50,1.0,12,12,0.0,2.0,4,2,7200,0.6482981922641285,0.8575757575757575,0.5363636363636364,2.323141770232841,0.5928030303030303,13.616297162023395,0.29787197775733876,0,1.188
dirichlet_0.03,29,cells,pre_mass_off,pre,mass,off,5,50,50,1.0,12,12,0.0,2.0,4,2,7200,1.1775108678177386,0.8439393939393939,0.5136363636363637,5.546741509954885,0.6003787878787878,4.00044292862229,0.448818179507944,0,0.52
dirichlet_0.03,29,cells,pre_mass_on,pre,mass,on,5,50,50,1.0,12,12,0.0,2.0,4,2,7200,1.195616803269754,0.8515151515151516,0.5363636363636364,1.3239667242826363,0.6049242424242425,3.8967126090326194,0.2506622709361584,0,0.522
dirichlet_0.03,29,cells,post_fpmask_off,post,fpmask,off,5,50,50,1.0,12,12,0.0,2.0,4,2,7200,1.1343319782849506,0.725378787878788,0.5045454545454545,6.308089456676558,0.5863636363636363,4.902498758834315,0.6258667365293797,0,1.159
dirichlet_0.03,29,cells,post_massmask_off,post,massmask,off,5,50,50,1.0,12,12,0.0,2.0,4,2,7200,0.43687366825316337,0.7306818181818181,0.5227272727272727,7.965980467498244,0.7306818181818182,41.7376025155874,0.8364328798330025,0,0.504
dirichlet_0.03,29,cells,pre_fpmask_off,pre,fpmask,off,5,50,50,1.0,12,12,0.0,2.0,4,2,7200,1.1746780354275206,0.8450757575757576,0.5136363636363637,5.541410069456505,0.6015151515151516,4.01589725542765,0.44840872596920345,0,1.176
dirichlet_0.03,29,cells,pre_massmask_off,pre,massmask,off,5,50,50,1.0,12,12,0.0,2.0,4,2,7200,1.1744133523877862,0.8450757575757576,0.5136363636363637,5.552671903293533,0.6015151515151516,4.025872828733654,0.4495643045988473,0,0.558
dirichlet_0.1,20,cells,post_none_off,post,none,off,5,50,50,1.0,12,12,0.0,2.0,4,2,7200,1.3435771644901822,0.9571969696969697,0.7772727272727272,5.5374592385014,0.9458333333333333,3.0675052486658907,0.6278278555836017,0,0.504
dirichlet_0.1,20,cells,post_none_on,post,none,on,5,50,30,1.0,12,12,0.0,2.0,4,2,4320,2.053845873444329,0.556060606060606,0.40454545454545454,0.4855649571665152,0.49696969696969695,1.3097859134138061,0.4282780520821546,0,0.336
dirichlet_0.1,20,cells,post_footprint_off,post,footprint,off,5,50,50,1.0,12,12,0.0,2.0,4,2,7200,5.42508269839793,0.9996212121212121,0.9954545454545455,2.625697749506501,0.9996212121212121,0.08921379343307664,0.25642693334963473,0,1.215
dirichlet_0.1,20,cells,post_footprint_on,post,footprint,on,5,50,24,1.0,12,12,0.0,2.0,4,2,3456,5.4154602250388075,0.9996212121212121,0.9954545454545455,2.5149907478295686,0.9996212121212121,0.08732896866389613,0.260382363056792,0,0.546
dirichlet_0.1,20,cells,post_mass_off,post,mass,off,5,50,50,1.0,12,12,0.0,2.0,4,2,7200,7.147642785232574,1.0,1.0,1.3256255534530061,1.0,0.025947480099321428,0.1529526849992569,0,0.493
dirichlet_0.1,20,cells,post_mass_on,post,mass,on,5,50,44,1.0,12,12,0.0,2.0,4,2,6336,7.650832347275988,1.0,1.0,1.262351156806277,1.0,0.01909370945831995,0.15319559292209525,0,0.515
dirichlet_0.1,20,cells,pre_none_off,pre,none,off,5,50,50,1.0,12,12,0.0,2.0,4,2,7200,8.348299971682456,1.0,1.0,1.2499213433873995,1.0,0.017934389291096677,0.13774543885964205,0,0.526
dirichlet_0.1,20,cells,pre_none_on,pre,none,on,5,50,50,1.0,12,12,0.0,2.0,4,2,7200,7.8259967826076755,0.600378787878788,0.42272727272727273,0.5138527646563489,0.5856060606060606,0.021140422743273962,0.4202217673635825,0,0.517
dirichlet_0.1,20,cells,pre_footprint_off,pre,footprint,off,5,50,50,1.0,12,12,0.0,2.0,4,2,7200,1.802053392465829,0.8318181818181817,0.6318181818181818,2.7804366368930102,0.8265151515151515,0.856204869786842,0.29711465001595155,0,1.124
dirichlet_0.1,20,cells,pre_footprint_on,pre,footprint,on,5,50,38,1.0,12,12,0.0,2.0,4,2,5472,1.6186047081385422,0.8242424242424242,0.5590909090909091,2.3914248300122116,0.8098484848484848,1.0426864922907932,0.2957974392315895,0,0.924
dirichlet_0.1,20,cells,pre_mass_off,pre,mass,off,5,50,50,1.0,12,12,0.0,2.0,4,2,7200,8.396831359535955,1.0,1.0,1.2714742913812311,1.0,0.0180333628572536,0.13947890424117698,0,0.563
dirichlet_0.1,20,cells,pre_mass_on,pre,mass,on,5,50,35,1.0,12,12,0.0,2.0,4,2,5040,8.270961337113619,1.0,1.0,1.2850305710869083,1.0,0.018243794036776464,0.14687766540220218,0,0.355
dirichlet_0.1,20,cells,post_fpmask_off,post,fpmask,off,5,50,50,1.0,12,12,0.0,2.0,4,2,7200,7.217941170849272,1.0,1.0,1.2632224783944983,1.0,0.02424672958682775,0.14602304103615413,0,1.162
dirichlet_0.1,20,cells,post_massmask_off,post,massmask,off,5,50,50,1.0,12,12,0.0,2.0,4,2,7200,1.0708776513148937,0.9950757575757576,0.9818181818181818,2.7144170068538056,0.9950757575757576,2.366992366622095,0.32675063688128025,0,0.519
dirichlet_0.1,20,cells,pre_fpmask_off,pre,fpmask,off,5,50,50,1.0,12,12,0.0,2.0,4,2,7200,2.2932543978965114,0.8867424242424242,0.7045454545454546,2.743966955589501,0.8863636363636364,0.5217643556616812,0.292074857471651,0,1.17
dirichlet_0.1,20,cells,pre_massmask_off,pre,massmask,off,5,50,50,1.0,12,12,0.0,2.0,4,2,7200,8.397200025208452,1.0,1.0,1.2579312128251536,1.0,0.017839714364694895,0.13831754841539137,0,0.472
dirichlet_0.1,21,cells,post_none_off,post,none,off,5,50,50,1.0,12,12,0.0,2.0,4,2,7200,0.9751013614183378,0.8954545454545455,0.6545454545454545,5.990881793037186,0.8772727272727273,6.300735156314151,0.7019033883052302,0,0.561
dirichlet_0.1,21,cells,post_none_on,post,none,on,5,50,50,1.0,12,12,0.0,2.0,4,2,7200,1.5148068838179354,0.5856060606060606,0.35454545454545455,0.4960157160784476,0.5420454545454545,2.8444502350637135,0.45240920766267234,0,0.548
dirichlet_0.1,21,cells,post_footprint_off,post,footprint,off,5,50,50,1.0,12,12,0.0,2.0,4,2,7200,7.862940895848534,1.0,1.0,1.4713509893809151,1.0,0.023798317993380638,0.1705652054937624,0,1.193
dirichlet_0.1,21,cells,post_footprint_on,post,footprint,on,5,50,33,1.0,12,12,0.0,2.0,4,2,4752,7.947841581002097,1.0,1.0,1.276660386579102,1.0,0.01776324749695726,0.15770436802359966,0,0.746
dirichlet_0.1,21,cells,post_mass_off,post,mass,off,5,50,50,1.0,12,12,0.0,2.0,4,2,7200,7.864053881994009,1.0,1.0,1.470861119076353,1.0,0.023783661050825,0.17051482845868482,0,0.503
dirichlet_0.1,21,cells,post_mass_on,post,mass,on,5,50,36,1.0,12,12,0.0,2.0,4,2,5184,8.069309676111724,1.0,1.0,1.2869109752226213,1.0,0.0175820353000683,0.15889410032622606,0,0.364
dirichlet_0.1,21,cells,pre_none_off,pre,none,off,5,50,50,1.0,12,12,0.0,2.0,4,2,7200,8.250594371501894,1.0,1.0,1.2543867990777122,1.0,0.018427270140503077,0.13863685389600824,0,0.519
dirichlet_0.1,21,cells,pre_none_on,pre,none,on,5,50,50,1.0,12,12,0.0,2.0,4,2,7200,7.995599859443345,0.6257575757575757,0.41363636363636364,0.5312167468021659,0.6246212121212121,0.01941449000405961,0.4271718812383285,0,0.548
dirichlet_0.1,21,cells,pre_footprint_off,pre,footprint,off,5,50,50,1.0,12,12,0.0,2.0,4,2,7200,1.2384386001381793,0.8704545454545453,0.5045454545454545,3.0343388586766036,0.7973484848484849,1.9784046277009326,0.26850604827920865,0,1.202
dirichlet_0.1,21,cells,pre_footprint_on,pre,footprint,on,5,50,50,1.0,12,12,0.0,2.0,4,2,7200,1.1351429607030334,0.8856060606060606,0.5272727272727272,2.450781903440648,0.7950757575757575,2.352335404693176,0.26943995292120443,0,1.154
dirichlet_0.1,21,cells,pre_mass_off,pre,mass,off,5,50,50,1.0,12,12,0.0,2.0,4,2,7200,8.285609194648298,1.0,1.0,1.2876335638411063,1.0,0.018756137084793522,0.1409068836799336,0,0.499
dirichlet_0.1,21,cells,pre_mass_on,pre,mass,on,5,50,30,1.0,12,12,0.0,2.0,4,2,4320,8.293874583488993,1.0,1.0,1.3164764239264328,1.0,0.018434969861659226,0.14974511414193514,0,0.298
dirichlet_0.1,21,cells,post_fpmask_off,post,fpmask,off,5,50,50,1.0,12,12,0.0,2.0,4,2,7200,7.86314691448086,1.0,1.0,1.4364895417938335,1.0,0.023233235166425704,0.16707270002937583,0,1.286
dirichlet_0.1,21,cells,post_massmask_off,post,massmask,off,5,50,50,1.0,12,12,0.0,2.0,4,2,7200,1.1131349264879375,0.9481060606060606,0.7818181818181819,3.4900743010519824,0.9015151515151515,2.8166900101438204,0.4167491845724713,0,0.54
dirichlet_0.1,21,cells,pre_fpmask_off,pre,fpmask,off,5,50,50,1.0,12,12,0.0,2.0,4,2,7200,8.267433284218624,1.0,1.0,1.2622737824122676,1.0,0.018467672487835332,0.13913307567478347,0,1.256
dirichlet_0.1,21,cells,pre_massmask_off,pre,massmask,off,5,50,50,1.0,12,12,0.0,2.0,4,2,7200,8.267324431510502,1.0,1.0,1.2628331082083137,1.0,0.018476342225517358,0.13917507777707674,0,0.58
dirichlet_0.1,22,cells,post_none_off,post,none,off,5,50,50,1.0,12,12,0.0,2.0,4,2,7200,1.192718127334564,0.9420454545454545,0.7,5.724352073412293,0.8651515151515151,4.023932595241088,0.6134878338107561,0,0.51
dirichlet_0.1,22,cells,post_none_on,post,none,on,5,50,50,1.0,12,12,0.0,2.0,4,2,7200,2.211328699240232,0.48181818181818187,0.37727272727272726,0.44992748416489603,0.44545454545454544,1.1858041959748098,0.5245693313746508,0,0.484
dirichlet_0.1,22,cells,post_footprint_off,post,footprint,off,5,50,50,1.0,12,12,0.0,2.0,4,2,7200,3.663314352893078,0.9643939393939394,0.9181818181818182,2.2470382118725905,0.9643939393939394,0.16744110553488076,0.29183556010670336,0,1.172
dirichlet_0.1,22,cells,post_footprint_on,post,footprint,on,5,50,50,1.0,12,12,0.0,2.0,4,2,7200,1.1120967339945034,0.7393939393939393,0.5227272727272727,1.8029636509730025,0.7143939393939394,1.469607397054608,0.33235614648039413,0,1.147
dirichlet_0.1,22,cells,post_mass_off,post,mass,off,5,50,50,1.0,12,12,0.0,2.0,4,2,7200,1.1421433249417374,0.7265151515151514,0.5136363636363637,1.8398169674458682,0.7128787878787879,1.4103711248043571,0.32652231176235974,0,0.487
dirichlet_0.1,22,cells,post_mass_on,post,mass,on,5,50,50,1.0,12,12,0.0,2.0,4,2,7200,1.1576492968907186,0.7412878787878787,0.5227272727272727,1.7580875712604767,0.7162878787878788,1.3530752940609547,0.3311493568776235,0,0.632
dirichlet_0.1,22,cells,pre_none_off,pre,none,off,5,50,50,1.0,12,12,0.0,2.0,4,2,7200,1.2947838919424317,0.7727272727272726,0.5545454545454546,1.8124448645528308,0.7723484848484848,1.0811108560032496,0.32213383845961924,0,0.491
dirichlet_0.1,22,cells,pre_none_on,pre,none,on,5,50,50,1.0,12,12,0.0,2.0,4,2,7200,7.871616221894717,0.5666666666666667,0.4318181818181818,0.45831476322160875,0.5583333333333333,0.020188130230431634,0.48735599228341314,0,0.518
dirichlet_0.1,22,cells,pre_footprint_off,pre,footprint,off,5,50,50,1.0,12,12,0.0,2.0,4,2,7200,1.1058181131305675,0.7246212121212121,0.5136363636363637,1.849933890076519,0.7090909090909091,1.512825407979572,0.32745999830587463,0,1.208
dirichlet_0.1,22,cells,pre_footprint_on,pre,footprint,on,5,50,50,1.0,12,12,0.0,2.0,4,2,7200,0.927849860712368,0.7337121212121213,0.5136363636363637,1.83750096624453,0.7238636363636364,2.1636898526863533,0.3298594595459871,0,1.459
dirichlet_0.1,22,cells,pre_mass_off,pre,mass,off,5,50,50,1.0,12,12,0.0,2.0,4,2,7200,1.1253964586723633,0.725,0.509090909090909,1.848687134866448,0.7140151515151515,1.4596620958973507,0.32683056105342734,0,0.567
dirichlet_0.1,22,cells,pre_mass_on,pre,mass,on,5,50,50,1.0,12,12,0.0,2.0,4,2,7200,0.9579051503821189,0.7390151515151514,0.5136363636363637,1.7940801161023068,0.7261363636363637,2.0282698224612057,0.3289969896625911,0,0.603
dirichlet_0.1,22,cells,post_fpmask_off,post,fpmask,off,5,50,50,1.0,12,12,0.0,2.0,4,2,7200,1.1178805849888058,0.7284090909090909,0.5272727272727272,1.8373154456901626,0.7068181818181818,1.470255792042177,0.32698907667165633,0,1.45
dirichlet_0.1,22,cells,post_massmask_off,post,massmask,off,5,50,50,1.0,12,12,0.0,2.0,4,2,7200,0.9914700349323902,0.9242424242424242,0.7,2.41614529252522,0.8965909090909091,2.4578980236811767,0.2410409870093455,0,0.554
dirichlet_0.1,22,cells,pre_fpmask_off,pre,fpmask,off,5,50,50,1.0,12,12,0.0,2.0,4,2,7200,1.1159621003908418,0.7268939393939394,0.509090909090909,1.8520703065611388,0.7162878787878788,1.4871630201400914,0.32733224719492593,0,1.29
dirichlet_0.1,22,cells,pre_massmask_off,pre,massmask,off,5,50,50,1.0,12,12,0.0,2.0,4,2,7200,7.743747134461367,1.0,1.0,1.293650090018132,1.0,0.02157319638933247,0.15320522171860954,0,0.631
dirichlet_0.1,23,cells,post_none_off,post,none,off,5,50,50,1.0,12,12,0.0,2.0,4,2,7200,1.18922158832656,0.9208333333333334,0.7045454545454546,6.676231634168963,0.7965909090909091,4.720693753562735,0.6702000151520269,0,0.529
dirichlet_0.1,23,cells,post_none_on,post,none,on,5,50,45,1.0,12,12,0.0,2.0,4,2,6480,3.8502007924726827,0.6776515151515152,0.41363636363636364,0.6488909235023954,0.5893939393939394,0.3637911470339242,0.3839664180805734,0,0.486
dirichlet_0.1,23,cells,post_footprint_off,post,footprint,off,5,50,50,1.0,12,12,0.0,2.0,4,2,7200,7.49105297878899,1.0,1.0,1.2534276272560494,1.0,0.022336417872197898,0.14164349817065738,0,1.247
dirichlet_0.1,23,cells,post_footprint_on,post,footprint,on,5,50,29,1.0,12,12,0.0,2.0,4,2,4176,7.206205909734978,1.0,1.0,1.2279348739706097,1.0,0.02116551377764001,0.1442642745063906,0,0.66
dirichlet_0.1,23,cells,post_mass_off,post,mass,off,5,50,50,1.0,12,12,0.0,2.0,4,2,7200,7.488083116388918,1.0,1.0,1.2530890814478222,1.0,0.02234810139725998,0.14160211985225993,0,0.527
dirichlet_0.1,23,cells,post_mass_on,post,mass,on,5,50,28,1.0,12,12,0.0,2.0,4,2,4032,7.205011340781306,1.0,1.0,1.2281920638660113,1.0,0.02117923731247354,0.14429736721791764,0,0.323
dirichlet_0.1,23,cells,pre_none_off,pre,none,off,5,50,50,1.0,12,12,0.0,2.0,4,2,7200,7.735405915688717,1.0,1.0,1.2224857025010905,1.0,0.020430433044663722,0.1321901271820902,0,0.473
dirichlet_0.1,23,cells,pre_none_on,pre,none,on,5,50,24,1.0,12,12,0.0,2.0,4,2,3456,7.970252635896218,0.7083333333333331,0.4318181818181818,0.6668391853174845,0.7071969696969697,0.018310680617955828,0.3530291461759537,0,0.27
dirichlet_0.1,23,cells,pre_footprint_off,pre,footprint,off,5,50,50,1.0,12,12,0.0,2.0,4,2,7200,7.772579267253139,1.0,1.0,1.2685332429532414,1.0,0.020997690648473087,0.1357881409152774,0,1.108
dirichlet_0.1,23,cells,pre_footprint_on,pre,footprint,on,5,50,47,1.0,12,12,0.0,2.0,4,2,6768,7.8678055294369935,1.0,1.0,1.270632728175418,1.0,0.019892033542269483,0.1416978836551619,0,1.232
dirichlet_0.1,23,cells,pre_mass_off,pre,mass,off,5,50,50,1.0,12,12,0.0,2.0,4,2,7200,7.7716566690896425,1.0,1.0,1.268941114559837,1.0,0.021009429342513538,0.13581947280648465,0,0.518
dirichlet_0.1,23,cells,pre_mass_on,pre,mass,on,5,50,47,1.0,12,12,0.0,2.0,4,2,6768,7.867255200300891,1.0,1.0,1.2705420916588557,1.0,0.019894930382577558,0.14167169630474366,0,0.543
dirichlet_0.1,23,cells,post_fpmask_off,post,fpmask,off,5,50,50,1.0,12,12,0.0,2.0,4,2,7200,7.422302557128824,1.0,1.0,1.1023549204285499,1.0,0.020009864036359515,0.12548094664741313,0,1.476
dirichlet_0.1,23,cells,post_massmask_off,post,massmask,off,5,50,50,1.0,12,12,0.0,2.0,4,2,7200,7.414170015569672,1.0,1.0,1.1035892133757226,1.0,0.020076239390697415,0.12562885517409403,0,0.639
dirichlet_0.1,23,cells,pre_fpmask_off,pre,fpmask,off,5,50,50,1.0,12,12,0.0,2.0,4,2,7200,7.744590880527164,1.0,1.0,1.2280415885133977,1.0,0.020474632429818566,0.13259216675922922,0,1.232
dirichlet_0.1,23,cells,pre_massmask_off,pre,massmask,off,5,50,50,1.0,12,12,0.0,2.0,4,2,7200,7.742634427112968,1.0,1.0,1.2310384732889217,1.0,0.020534972114999064,0.13283247831075765,0,0.492
dirichlet_0.1,24,cells,post_none_off,post,none,off,5,50,50,1.0,12,12,0.0,2.0,4,2,7200,0.8179526513731431,0.959848484848485,0.5681818181818182,8.8545637913187,0.9473484848484849,13.234600679343302,0.8729770935970308,0,0.512
dirichlet_0.1,24,cells,post_none_on,post,none,on,5,50,50,1.0,12,12,0.0,2.0,4,2,7200,1.0332202996700257,0.5731060606060606,0.35,0.4398306397317931,0.44772727272727275,7.523359268892761,0.5148810585445717,0,0.505
dirichlet_0.1,24,cells,post_footprint_off,post,footprint,off,5,50,50,1.0,12,12,0.0,2.0,4,2,7200,1.2735454093560286,0.8655303030303029,0.5909090909090909,2.046844775282129,0.821590909090909,1.2619903652651914,0.26791566442751524,0,1.29
dirichlet_0.1,24,cells,post_footprint_on,post,footprint,on,5,50,50,1.0,12,12,0.0,2.0,4,2,7200,1.0541140825840156,0.8462121212121212,0.509090909090909,1.998768141738245,0.8011363636363636,1.7807333401085348,0.2707954160780371,0,1.202
dirichlet_0.1,24,cells,post_mass_off,post,mass,off,5,50,50,1.0,12,12,0.0,2.0,4,2,7200,4.924853721138628,1.0,1.0,1.8688862933225685,1.0,0.0770541808319714,0.20536536249745102,0,0.55
dirichlet_0.1,24,cells,post_mass_on,post,mass,on,5,50,23,1.0,12,12,0.0,2.0,4,2,3312,4.8676914671868845,0.9996212121212121,0.9954545454545455,1.8489523960535952,0.9996212121212121,0.07496184420259153,0.23147120152580183,0,0.219
dirichlet_0.1,24,cells,pre_none_off,pre,none,off,5,50,50,1.0,12,12,0.0,2.0,4,2,7200,8.481724077627007,1.0,1.0,1.3249491186526636,1.0,0.01841751025360725,0.14496784178638408,0,0.461
dirichlet_0.1,24,cells,pre_none_on,pre,none,on,5,50,44,1.0,12,12,0.0,2.0,4,2,6336,8.327390471869439,0.5916666666666667,0.4409090909090909,0.4597242264905155,0.5893939393939394,0.01856749796464378,0.475717217225627,0,0.442
dirichlet_0.1,24,cells,pre_footprint_off,pre,footprint,off,5,50,50,1.0,12,12,0.0,2.0,4,2,7200,1.1265744337252173,0.8666666666666667,0.5136363636363637,2.083937815961489,0.8662878787878788,1.6419690745167637,0.24904036083671738,0,1.316
dirichlet_0.1,24,cells,pre_footprint_on,pre,footprint,on,5,50,50,1.0,12,12,0.0,2.0,4,2,7200,0.9001852655048357,0.8681818181818182,0.509090909090909,2.015093818950822,0.856439393939394,2.522585527702218,0.258424224152802,0,1.346
dirichlet_0.1,24,cells,pre_mass_off,pre,mass,off,5,50,50,1.0,12,12,0.0,2.0,4,2,7200,1.1308220537899754,0.8662878787878787,0.5136363636363637,2.0816339295017277,0.865909090909091,1.6278553779140725,0.24882846163389374,0,0.545
dirichlet_0.1,24,cells,pre_mass_on,pre,mass,on,5,50,46,1.0,12,12,0.0,2.0,4,2,6624,0.9000358407556512,0.8662878787878787,0.509090909090909,1.9955507143614213,0.8583333333333333,2.5194532305879327,0.2579759874754637,0,0.547
dirichlet_0.1,24,cells,post_fpmask_off,post,fpmask,off,5,50,50,1.0,12,12,0.0,2.0,4,2,7200,1.0991361956229366,0.8700757575757576,0.509090909090909,1.883771103467402,0.8681818181818182,1.5592835993317984,0.25164941761684695,0,1.398
dirichlet_0.1,24,cells,post_massmask_off,post,massmask,off,5,50,50,1.0,12,12,0.0,2.0,4,2,7200,1.0172544874481053,0.9166666666666666,0.6909090909090909,1.8978395168669335,0.9166666666666666,1.8340039073104946,0.26571139331729376,0,0.497
dirichlet_0.1,24,cells,pre_fpmask_off,pre,fpmask,off,5,50,50,1.0,12,12,0.0,2.0,4,2,7200,1.113789133319613,0.8666666666666667,0.5136363636363637,2.072272744623669,0.8666666666666667,1.6704787763944053,0.2482632370889314,0,1.27
dirichlet_0.1,24,cells,pre_massmask_off,pre,massmask,off,5,50,50,1.0,12,12,0.0,2.0,4,2,7200,1.7181000691802415,0.9079545454545453,0.6545454545454545,1.9988367895001644,0.9079545454545455,0.6771430472559875,0.23891014339981945,0,0.517
dirichlet_0.1,25,cells,post_none_off,post,none,off,5,50,50,1.0,12,12,0.0,2.0,4,2,7200,1.0907346122323287,0.9772727272727272,0.8954545454545455,7.238945109158776,0.9772727272727273,6.084670903898558,0.7269009116944986,0,0.479
dirichlet_0.1,25,cells,post_none_on,post,none,on,5,50,50,1.0,12,12,0.0,2.0,4,2,7200,0.5893012705519318,0.5647727272727273,0.41363636363636364,0.514143261401385,0.45340909090909093,22.095940085353647,0.47622167772182306,0,0.542
dirichlet_0.1,25,cells,post_footprint_off,post,footprint,off,5,50,50,1.0,12,12,0.0,2.0,4,2,7200,1.2684961478381964,0.7742424242424243,0.509090909090909,5.224237644453212,0.7037878787878787,3.246718374518946,0.3864445141627525,0,1.161
dirichlet_0.1,25,cells,post_footprint_on,post,footprint,on,5,50,50,1.0,12,12,0.0,2.0,4,2,7200,1.0639824295508784,0.7931818181818183,0.5409090909090909,5.02363141807937,0.6674242424242425,4.681119441034683,0.3917576807091197,0,1.214
dirichlet_0.1,25,cells,post_mass_off,post,mass,off,5,50,50,1.0,12,12,0.0,2.0,4,2,7200,6.774581435436568,1.0,1.0,1.2731922935743878,1.0,0.02774144416763971,0.15191596951528444,0,0.496
dirichlet_0.1,25,cells,post_mass_on,post,mass,on,5,50,50,1.0,12,12,0.0,2.0,4,2,7200,1.0353710684423818,0.8265151515151513,0.5181818181818182,1.473498181176179,0.6189393939393939,4.657329186169304,0.272464464319693,0,0.547
dirichlet_0.1,25,cells,pre_none_off,pre,none,off,5,50,50,1.0,12,12,0.0,2.0,4,2,7200,8.250399131400906,1.0,1.0,1.2152012823259088,1.0,0.01785246955434179,0.1381731695766458,0,0.572
dirichlet_0.1,25,cells,pre_none_on,pre,none,on,5,50,50,1.0,12,12,0.0,2.0,4,2,7200,8.054929591006896,0.5977272727272727,0.4318181818181818,0.5426705208986333,0.5488636363636363,0.029062739371822868,0.44867120201047944,0,0.562
dirichlet_0.1,25,cells,pre_footprint_off,pre,footprint,off,5,50,50,1.0,12,12,0.0,2.0,4,2,7200,1.0280353007428087,0.7628787878787877,0.5227272727272727,5.552459116264909,0.7166666666666667,5.253748922589273,0.39048337202930067,0,1.274
dirichlet_0.1,25,cells,pre_footprint_on,pre,footprint,on,5,50,31,1.0,12,12,0.0,2.0,4,2,4464,0.872506304032317,0.7920454545454545,0.5409090909090909,5.241343010898243,0.6943181818181818,7.28390772966752,0.39126975443646134,0,0.928
dirichlet_0.1,25,cells,pre_mass_off,pre,mass,off,5,50,50,1.0,12,12,0.0,2.0,4,2,7200,8.304507465191566,1.0,1.0,1.253042525842077,1.0,0.01816929393028048,0.14107369378478513,0,0.541
dirichlet_0.1,25,cells,pre_mass_on,pre,mass,on,5,50,50,1.0,12,12,0.0,2.0,4,2,7200,8.261103107464654,1.0,1.0,1.2778288383432592,1.0,0.018263207610916106,0.14978457238127224,0,0.629
dirichlet_0.1,25,cells,post_fpmask_off,post,fpmask,off,5,50,50,1.0,12,12,0.0,2.0,4,2,7200,6.830644563376639,1.0,1.0,1.2597061722060197,1.0,0.026998888353470085,0.15031123121397785,0,1.248
dirichlet_0.1,25,cells,post_massmask_off,post,massmask,off,5,50,50,1.0,12,12,0.0,2.0,4,2,7200,0.5113309484935555,0.9231060606060605,0.7090909090909091,5.873541692112077,0.9231060606060606,22.464455532962972,0.5860940739422755,0,0.529
dirichlet_0.1,25,cells,pre_fpmask_off,pre,fpmask,off,5,50,50,1.0,12,12,0.0,2.0,4,2,7200,1.0185892527200149,0.7803030303030303,0.5136363636363637,5.506925329597706,0.6977272727272728,5.307756717509228,0.39333325373020583,0,1.309
dirichlet_0.1,25,cells,pre_massmask_off,pre,massmask,off,5,50,50,1.0,12,12,0.0,2.0,4,2,7200,8.268761561981467,1.0,1.0,1.2242113269976536,1.0,0.017905046610103375,0.13883680066152523,0,0.522
dirichlet_0.1,26,cells,post_none_off,post,none,off,5,50,50,1.0,12,12,0.0,2.0,4,2,7200,1.6399458648706666,0.9863636363636363,0.9636363636363636,9.18035442220329,0.759469696969697,3.413504061937364,0.9017481135982478,0,0.484
dirichlet_0.1,26,cells,post_none_on,post,none,on,5,50,50,1.0,12,12,0.0,2.0,4,2,7200,1.0847472456263865,0.543939393939394,0.36818181818181817,0.463617277622343,0.4609848484848485,7.716461062617263,0.5016544269351382,0,0.503
dirichlet_0.1,26,cells,post_footprint_off,post,footprint,off,5,50,50,1.0,12,12,0.0,2.0,4,2,7200,7.217083774447632,1.0,1.0,1.4680733817872906,1.0,0.028185404459763502,0.16536981546773577,0,1.17
dirichlet_0.1,26,cells,post_footprint_on,post,footprint,on,5,50,32,1.0,12,12,0.0,2.0,4,2,4608,7.378252366175419,1.0,1.0,1.255523497357003,1.0,0.019540215002547445,0.15393577455345936,0,0.753
dirichlet_0.1,26,cells,post_mass_off,post,mass,off,5,50,50,1.0,12,12,0.0,2.0,4,2,7200,7.220584415473924,1.0,1.0,1.3577277198963333,1.0,0.026041619286857772,0.1558444299145997,0,0.552
dirichlet_0.1,26,cells,post_mass_on,post,mass,on,5,50,32,1.0,12,12,0.0,2.0,4,2,4608,7.378839211205428,1.0,1.0,1.2555837689594824,1.0,0.019535839408439414,0.15393892191000927,0,0.311
dirichlet_0.1,26,cells,pre_none_off,pre,none,off,5,50,50,1.0,12,12,0.0,2.0,4,2,7200,8.133506518433247,1.0,1.0,1.270710658755735,1.0,0.019208393087009647,0.13993385386049473,0,0.507
dirichlet_0.1,26,cells,pre_none_on,pre,none,on,5,50,50,1.0,12,12,0.0,2.0,4,2,7200,7.445837978757274,0.5768939393939394,0.3181818181818182,0.4930789979726521,0.5242424242424243,0.05026505327917941,0.4826399597091796,0,0.497
dirichlet_0.1,26,cells,pre_footprint_off,pre,footprint,off,5,50,50,1.0,12,12,0.0,2.0,4,2,7200,8.18508127391411,1.0,1.0,1.2949768667774924,1.0,0.01932929517301285,0.14179679870387896,0,1.371
dirichlet_0.1,26,cells,pre_footprint_on,pre,footprint,on,5,50,33,1.0,12,12,0.0,2.0,4,2,4752,8.208484805394992,1.0,1.0,1.3018797857989994,1.0,0.01849488189630115,0.1485514430788458,0,0.898
dirichlet_0.1,26,cells,pre_mass_off,pre,mass,off,5,50,50,1.0,12,12,0.0,2.0,4,2,7200,8.185724002390936,1.0,1.0,1.2948639575308805,1.0,0.019324574828696917,0.14178885557247614,0,0.564
dirichlet_0.1,26,cells,pre_mass_on,pre,mass,on,5,50,32,1.0,12,12,0.0,2.0,4,2,4608,8.211080490627808,1.0,1.0,1.3019544898485687,1.0,0.018482591495834873,0.14853037959315324,0,0.363
dirichlet_0.1,26,cells,post_fpmask_off,post,fpmask,off,5,50,50,1.0,12,12,0.0,2.0,4,2,7200,6.909873997125839,1.0,1.0,1.3165530894979118,1.0,0.027573895194375666,0.1519266871572972,0,1.387
dirichlet_0.1,26,cells,post_massmask_off,post,massmask,off,5,50,50,1.0,12,12,0.0,2.0,4,2,7200,0.36915200094091205,0.9284090909090911,0.7045454545454546,7.811079185199597,0.928409090909091,57.31926157703173,0.752395887763589,0,0.563
dirichlet_0.1,26,cells,pre_fpmask_off,pre,fpmask,off,5,50,50,1.0,12,12,0.0,2.0,4,2,7200,8.154015740231204,1.0,1.0,1.2759081619310397,1.0,0.01919005964947621,0.14028389945502223,0,1.318
dirichlet_0.1,26,cells,pre_massmask_off,pre,massmask,off,5,50,50,1.0,12,12,0.0,2.0,4,2,7200,8.15906593226358,1.0,1.0,1.2777783264202645,1.0,0.019194404028639478,0.1404328370983585,0,0.53
dirichlet_0.1,27,cells,post_none_off,post,none,off,5,50,50,1.0,12,12,0.0,2.0,4,2,7200,1.8342164371377925,0.8261363636363637,0.5909090909090909,7.538804392485754,0.8227272727272728,2.240790800843464,0.8639763001381194,0,0.511
dirichlet_0.1,27,cells,post_none_on,post,none,on,5,50,50,1.0,12,12,0.0,2.0,4,2,7200,1.2054414737493102,0.5359848484848485,0.33636363636363636,0.4744957264781889,0.43446969696969695,5.2766771993733395,0.49219169905191457,0,0.517
dirichlet_0.1,27,cells,post_footprint_off,post,footprint,off,5,50,50,1.0,12,12,0.0,2.0,4,2,7200,7.338793712872885,1.0,1.0,1.6948674441055014,1.0,0.03146924888181558,0.18566677244331703,0,1.167
dirichlet_0.1,27,cells,post_footprint_on,post,footprint,on,5,50,31,1.0,12,12,0.0,2.0,4,2,4464,7.284081067862857,1.0,1.0,1.2820119501285854,1.0,0.02557075396873663,0.1689468812850761,0,0.694
dirichlet_0.1,27,cells,post_mass_off,post,mass,off,5,50,50,1.0,12,12,0.0,2.0,4,2,7200,7.318516957503497,1.0,1.0,1.6970807171415703,1.0,0.03168519118504638,0.18611042722861795,0,0.465
dirichlet_0.1,27,cells,post_mass_on,post,mass,on,5,50,35,1.0,12,12,0.0,2.0,4,2,5040,7.27947551656367,1.0,1.0,1.2822845277795374,1.0,0.025619063896366555,0.16901322917687545,0,0.359
dirichlet_0.1,27,cells,pre_none_off,pre,none,off,5,50,50,1.0,12,12,0.0,2.0,4,2,7200,8.135879865621902,1.0,1.0,1.2736339719056786,1.0,0.01924135180565949,0.14457445139269248,0,0.576
dirichlet_0.1,27,cells,pre_none_on,pre,none,on,5,50,50,1.0,12,12,0.0,2.0,4,2,7200,6.90930401360494,0.5965909090909091,0.40454545454545454,0.5171427074122453,0.5435606060606061,0.04947794364225836,0.45993021973372694,0,0.619
dirichlet_0.1,27,cells,pre_footprint_off,pre,footprint,off,5,50,50,1.0,12,12,0.0,2.0,4,2,7200,1.2807768624247846,0.8204545454545454,0.509090909090909,2.193570398399502,0.8121212121212121,1.3372254397325105,0.28680790647569154,0,1.331
dirichlet_0.1,27,cells,pre_footprint_on,pre,footprint,on,5,50,50,1.0,12,12,0.0,2.0,4,2,7200,0.9595224771373104,0.8287878787878787,0.5045454545454545,2.070972291020414,0.7390151515151515,4.923498403783976,0.29692757984005697,0,1.39
dirichlet_0.1,27,cells,pre_mass_off,pre,mass,off,5,50,50,1.0,12,12,0.0,2.0,4,2,7200,8.324772921435892,1.0,1.0,1.3157664089711592,1.0,0.018986023016904,0.14724382976259387,0,0.553
dirichlet_0.1,27,cells,pre_mass_on,pre,mass,on,5,50,26,1.0,12,12,0.0,2.0,4,2,3744,8.349394887370181,1.0,1.0,1.3273585521581663,1.0,0.018374358510034935,0.15492284208241766,0,0.25
dirichlet_0.1,27,cells,post_fpmask_off,post,fpmask,off,5,50,50,1.0,12,12,0.0,2.0,4,2,7200,7.375724267612088,1.0,1.0,1.636325957525338,1.0,0.030078797798995967,0.1778689052273627,0,1.371
dirichlet_0.1,27,cells,post_massmask_off,post,massmask,off,5,50,50,1.0,12,12,0.0,2.0,4,2,7200,2.6250517358252465,0.9132575757575757,0.8272727272727273,7.313916538790822,0.7784090909090909,1.0613882266154242,0.8012562474633078,0,0.507
dirichlet_0.1,27,cells,pre_fpmask_off,pre,fpmask,off,5,50,50,1.0,12,12,0.0,2.0,4,2,7200,8.180915574881567,1.0,1.0,1.2787022796150296,1.0,0.01910581717720481,0.14467335207741802,0,1.25
dirichlet_0.1,27,cells,pre_massmask_off,pre,massmask,off,5,50,50,1.0,12,12,0.0,2.0,4,2,7200,8.180318641920246,1.0,1.0,1.279601098919507,1.0,0.0191220373823813,0.1447553320388851,0,0.603
dirichlet_0.1,28,cells,post_none_off,post,none,off,5,50,50,1.0,12,12,0.0,2.0,4,2,7200,2.4962343205493376,0.9386363636363635,0.7136363636363636,7.348828930967758,0.9382575757575757,1.1793628350662657,0.781084029514784,0,0.467
dirichlet_0.1,28,cells,post_none_on,post,none,on,5,50,50,1.0,12,12,0.0,2.0,4,2,7200,2.0083245002052963,0.6106060606060607,0.38636363636363635,0.5340221752266006,0.5018939393939394,1.6792251367302131,0.4332991133811667,0,0.46
dirichlet_0.1,28,cells,post_footprint_off,post,footprint,off,5,50,50,1.0,12,12,0.0,2.0,4,2,7200,7.636272458607057,1.0,1.0,1.2279978047950615,1.0,0.021058855258262607,0.14647524504982443,0,1.074
dirichlet_0.1,28,cells,post_footprint_on,post,footprint,on,5,50,25,1.0,12,12,0.0,2.0,4,2,3600,7.627665261195107,1.0,1.0,1.2711918518165566,1.0,0.01973361390212413,0.16265653803360347,0,0.616
dirichlet_0.1,28,cells,post_mass_off,post,mass,off,5,50,50,1.0,12,12,0.0,2.0,4,2,7200,7.642806344175894,1.0,1.0,1.2271105142448544,1.0,0.02100767385790043,0.14641027502352316,0,0.52
dirichlet_0.1,28,cells,post_mass_on,post,mass,on,5,50,24,1.0,12,12,0.0,2.0,4,2,3456,7.627572547373533,1.0,1.0,1.2710012992226758,1.0,0.01972976831265545,0.16262857801157823,0,0.239
dirichlet_0.1,28,cells,pre_none_off,pre,none,off,5,50,50,1.0,12,12,0.0,2.0,4,2,7200,8.211900062523275,1.0,1.0,1.2756941318337516,1.0,0.018917304170831657,0.14543353778547022,0,0.503
dirichlet_0.1,28,cells,pre_none_on,pre,none,on,5,50,33,1.0,12,12,0.0,2.0,4,2,4752,6.7774027422052185,0.6439393939393939,0.4090909090909091,0.5728420976406075,0.5973484848484848,0.05615724619708137,0.4011475038372798,0,0.354
dirichlet_0.1,28,cells,pre_footprint_off,pre,footprint,off,5,50,50,1.0,12,12,0.0,2.0,4,2,7200,8.270777505995563,1.0,1.0,1.3269011628983036,1.0,0.01939750617723201,0.14917747387304658,0,1.327
dirichlet_0.1,28,cells,pre_footprint_on,pre,footprint,on,5,50,28,1.0,12,12,0.0,2.0,4,2,4032,8.25601229521335,1.0,1.0,1.3269280558054846,1.0,0.01944870687123917,0.1559655708908096,0,0.715
dirichlet_0.1,28,cells,pre_mass_off,pre,mass,off,5,50,50,1.0,12,12,0.0,2.0,4,2,7200,8.271576757358973,1.0,1.0,1.3273000718697956,1.0,0.019399588126638927,0.1492110970541673,0,0.59
dirichlet_0.1,28,cells,pre_mass_on,pre,mass,on,5,50,24,1.0,12,12,0.0,2.0,4,2,3456,8.257415429340806,1.0,1.0,1.327215144066995,1.0,0.019447758133478092,0.15597521297197048,0,0.285
dirichlet_0.1,28,cells,post_fpmask_off,post,fpmask,off,5,50,50,1.0,12,12,0.0,2.0,4,2,7200,0.9438973760166787,0.847348484848485,0.5909090909090909,4.985383396842878,0.8473484848484848,5.595630200211641,0.46457031919307645,0,1.292
dirichlet_0.1,28,cells,post_massmask_off,post,massmask,off,5,50,50,1.0,12,12,0.0,2.0,4,2,7200,2.199188373992641,0.9731060606060606,0.9045454545454545,6.318836741418076,0.9731060606060606,1.3065086001552066,0.6183956538377786,0,0.571
dirichlet_0.1,28,cells,pre_fpmask_off,pre,fpmask,off,5,50,50,1.0,12,12,0.0,2.0,4,2,7200,8.228410853551235,1.0,1.0,1.280753223452038,1.0,0.01891618361131873,0.1457541421031114,0,1.165
dirichlet_0.1,28,cells,pre_massmask_off,pre,massmask,off,5,50,50,1.0,12,12,0.0,2.0,4,2,7200,8.227611009372557,1.0,1.0,1.2828497880504848,1.0,0.018950833043321194,0.1459173188972418,0,0.59
dirichlet_0.1,29,cells,post_none_off,post,none,off,5,50,50,1.0,12,12,0.0,2.0,4,2,7200,2.336708433054917,0.7363636363636362,0.509090909090909,8.528000698589812,0.7193181818181819,1.5618458769325658,0.9070781185191727,0,0.496
dirichlet_0.1,29,cells,post_none_on,post,none,on,5,50,50,1.0,12,12,0.0,2.0,4,2,7200,1.7494339407792432,0.5,0.33636363636363636,0.4074626707563182,0.390530303030303,2.8032669767362375,0.5380675881988012,0,0.465
dirichlet_0.1,29,cells,post_footprint_off,post,footprint,off,5,50,50,1.0,12,12,0.0,2.0,4,2,7200,7.60119780606475,1.0,1.0,1.5555179974582742,1.0,0.02692222637154302,0.17836041426595012,0,1.262
dirichlet_0.1,29,cells,post_footprint_on,post,footprint,on,5,50,32,1.0,12,12,0.0,2.0,4,2,4608,7.574606235966646,1.0,1.0,1.2888298261329254,1.0,0.018844962083758587,0.1624808518484193,0,0.903
dirichlet_0.1,29,cells,post_mass_off,post,mass,off,5,50,50,1.0,12,12,0.0,2.0,4,2,7200,7.603400120885363,1.0,1.0,1.5447778116813353,1.0,0.026720853877068882,0.17739929626104634,0,0.513
dirichlet_0.1,29,cells,post_mass_on,post,mass,on,5,50,32,1.0,12,12,0.0,2.0,4,2,4608,7.547487364574498,1.0,1.0,1.2882729281616985,1.0,0.01905397834816825,0.16239622877126075,0,0.398
dirichlet_0.1,29,cells,pre_none_off,pre,none,off,5,50,50,1.0,12,12,0.0,2.0,4,2,7200,7.929078783945291,1.0,1.0,1.301011465621574,1.0,0.02069358131050871,0.1453090760579723,0,0.533
dirichlet_0.1,29,cells,pre_none_on,pre,none,on,5,50,40,1.0,12,12,0.0,2.0,4,2,5760,7.926497100813826,0.5750000000000001,0.41818181818181815,0.4611798684992899,0.5731060606060606,0.019896120416561525,0.4913978701343249,0,0.468
dirichlet_0.1,29,cells,pre_footprint_off,pre,footprint,off,5,50,50,1.0,12,12,0.0,2.0,4,2,7200,7.972911128609059,1.0,1.0,1.3294534886624307,1.0,0.020914105845660853,0.1472669029758536,0,1.44
dirichlet_0.1,29,cells,pre_footprint_on,pre,footprint,on,5,50,30,1.0,12,12,0.0,2.0,4,2,4320,7.954691807462445,1.0,1.0,1.3285561897213398,1.0,0.019655574478859413,0.15663144523901784,0,0.71
dirichlet_0.1,29,cells,pre_mass_off,pre,mass,off,5,50,50,1.0,12,12,0.0,2.0,4,2,7200,7.973048943322785,1.0,1.0,1.3294222194015175,1.0,0.02091289095745434,0.14726346500354723,0,0.578
dirichlet_0.1,29,cells,pre_mass_on,pre,mass,on,5,50,29,1.0,12,12,0.0,2.0,4,2,4176,7.954786887384294,1.0,1.0,1.3285746482728393,1.0,0.019655226023570907,0.15663151476042605,0,0.361
dirichlet_0.1,29,cells,post_fpmask_off,post,fpmask,off,5,50,50,1.0,12,12,0.0,2.0,4,2,7200,0.730866201436107,0.8984848484848486,0.7363636363636363,7.437260302943457,0.6803030303030303,13.923141112581877,0.7253517973326232,0,1.24
dirichlet_0.1,29,cells,post_massmask_off,post,massmask,off,5,50,50,1.0,12,12,0.0,2.0,4,2,7200,0.31226213282600634,0.8443181818181819,0.6136363636363636,8.265260750781549,0.843939393939394,84.765263367445,0.8584245244065933,0,0.548
dirichlet_0.1,29,cells,pre_fpmask_off,pre,fpmask,off,5,50,50,1.0,12,12,0.0,2.0,4,2,7200,7.957929390996971,1.0,1.0,1.309543301171375,1.0,0.020678531817502562,0.14582772904617783,0,1.321
dirichlet_0.1,29,cells,pre_massmask_off,pre,massmask,off,5,50,50,1.0,12,12,0.0,2.0,4,2,7200,7.957929405589442,1.0,1.0,1.3095433006420976,1.0,0.0206785317333084,0.14582772902348903,0,0.564
overlap_noise,20,cells,post_none_off,post,none,off,5,50,50,1.0,12,12,0.0,2.0,4,2,7200,4.089074631509067,0.8765151515151516,0.8318181818181818,2.6297912137422674,0.8765151515151515,0.15727916535334727,0.5168123011678674,0,0.502
overlap_noise,20,cells,post_none_on,post,none,on,5,50,50,1.0,12,12,0.0,2.0,4,2,7200,3.9206831956742567,0.690530303030303,0.5272727272727272,1.9707671335648078,0.6878787878787879,0.1745267158925391,0.49851148964939135,0,0.58
overlap_noise,20,cells,post_footprint_off,post,footprint,off,5,50,50,1.0,12,12,0.0,2.0,4,2,7200,5.016563249848334,0.9075757575757576,0.8772727272727273,2.381090110781662,0.9075757575757576,0.09461570870248502,0.45214523093738074,0,1.513
overlap_noise,20,cells,post_footprint_on,post,footprint,on,5,50,14,1.0,12,12,0.0,2.0,4,2,2016,5.020516668102267,0.8999999999999999,0.8818181818181818,2.3797905072207115,0.9,0.09455508475191492,0.4606449586416068,0,0.355
overlap_noise,20,cells,post_mass_off,post,mass,off,5,50,50,1.0,12,12,0.0,2.0,4,2,7200,5.0091182871266104,0.9071969696969697,0.8772727272727273,2.3794916394439762,0.9071969696969697,0.09483346269079794,0.452437669859613,0,0.563
overlap_noise,20,cells,post_mass_on,post,mass,on,5,50,16,1.0,12,12,0.0,2.0,4,2,2304,5.016307189523682,0.8977272727272728,0.8818181818181818,2.3751401546015676,0.8977272727272727,0.09466507480602973,0.46164410690995195,0,0.166
overlap_noise,20,cells,pre_none_off,pre,none,off,5,50,50,1.0,12,12,0.0,2.0,4,2,7200,4.908736373901064,0.9053030303030303,0.8772727272727273,2.3730045404788105,0.9053030303030303,0.09848251973130076,0.4546148699570506,0,0.595
overlap_noise,20,cells,pre_none_on,pre,none,on,5,50,36,1.0,12,12,0.0,2.0,4,2,5184,4.845016031919784,0.6931818181818183,0.5363636363636364,1.9722038044775463,0.6928030303030303,0.10234415800748893,0.4958281716869333,0,0.446
overlap_noise,20,cells,pre_footprint_off,pre,footprint,off,5,50,50,1.0,12,12,0.0,2.0,4,2,7200,5.040320490442639,0.9083333333333333,0.8818181818181818,2.4027604372676623,0.9083333333333333,0.09457888032055918,0.4512175129142716,0,1.299
overlap_noise,20,cells,pre_footprint_on,pre,footprint,on,5,50,17,1.0,12,12,0.0,2.0,4,2,2448,5.045271536198537,0.9022727272727274,0.8818181818181818,2.3913084039180044,0.9022727272727272,0.09461818081509409,0.45797556366489217,0,0.439
overlap_noise,20,cells,pre_mass_off,pre,mass,off,5,50,50,1.0,12,12,0.0,2.0,4,2,7200,5.039322012903063,0.9083333333333333,0.8818181818181818,2.401155902759799,0.9083333333333333,0.09455317956825333,0.4512150232604054,0,0.558
overlap_noise,20,cells,pre_mass_on,pre,mass,on,5,50,17,1.0,12,12,0.0,2.0,4,2,2448,5.051508188299247,0.9011363636363637,0.8818181818181818,2.387175719760927,0.9011363636363636,0.09435184278304877,0.4586434494067788,0,0.187
overlap_noise,20,cells,post_fpmask_off,post,fpmask,off,5,50,50,1.0,12,12,0.0,2.0,4,2,7200,4.856810984974943,0.8981060606060606,0.8681818181818182,2.427462091327441,0.8981060606060606,0.10290821665155271,0.47206265509264533,0,1.274
overlap_noise,20,cells,post_massmask_off,post,massmask,off,5,50,50,1.0,12,12,0.0,2.0,4,2,7200,4.454058385246456,0.8996212121212123,0.8727272727272727,2.4436325853573457,0.8996212121212122,0.12317543268298693,0.48014327481753866,0,0.528
overlap_noise,20,cells,pre_fpmask_off,pre,fpmask,off,5,50,50,1.0,12,12,0.0,2.0,4,2,7200,4.95413166714351,0.9060606060606061,0.8818181818181818,2.3791827597020334,0.906060606060606,0.09693770077375728,0.45331532685565196,0,1.353
overlap_noise,20,cells,pre_massmask_off,pre,massmask,off,5,50,50,1.0,12,12,0.0,2.0,4,2,7200,4.922945983517207,0.9056818181818183,0.8818181818181818,2.3759439786623147,0.9056818181818181,0.09803610658026754,0.4538522270013281,0,0.568
overlap_noise,21,cells,post_none_off,post,none,off,5,50,50,1.0,12,12,0.0,2.0,4,2,7200,3.882981850946277,0.8606060606060607,0.8227272727272728,2.5458625317693833,0.8606060606060606,0.1688512298233122,0.517988894736422,0,0.494
overlap_noise,21,cells,post_none_on,post,none,on,5,50,35,1.0,12,12,0.0,2.0,4,2,5040,1.874063053072706,0.6299242424242424,0.45,1.911878642304531,0.5803030303030303,0.8635970588019777,0.5104170265703173,0,0.443
overlap_noise,21,cells,post_footprint_off,post,footprint,off,5,50,50,1.0,12,12,0.0,2.0,4,2,7200,5.057299152930979,0.9007575757575758,0.8727272727272727,2.367309862919384,0.9007575757575758,0.09255882213609509,0.45346319042392613,0,1.305
overlap_noise,21,cells,post_footprint_on,post,footprint,on,5,50,16,1.0,12,12,0.0,2.0,4,2,2304,5.058791949242902,0.8890151515151513,0.8636363636363636,2.3740765066335108,0.8890151515151515,0.09253947116280864,0.4641538861983383,0,0.497
overlap_noise,21,cells,post_mass_off,post,mass,off,5,50,50,1.0,12,12,0.0,2.0,4,2,7200,5.027347522032258,0.8996212121212123,0.8727272727272727,2.3644301129294263,0.8996212121212122,0.09355105013091428,0.4539679160950619,0,0.505
overlap_noise,21,cells,post_mass_on,post,mass,on,5,50,17,1.0,12,12,0.0,2.0,4,2,2448,5.026312070879152,0.8878787878787877,0.8545454545454545,2.3668466513763473,0.8878787878787879,0.09361368211987561,0.4655758965751739,0,0.201
overlap_noise,21,cells,pre_none_off,pre,none,off,5,50,50,1.0,12,12,0.0,2.0,4,2,7200,4.992690613211365,0.8931818181818182,0.8590909090909091,2.3618793200693764,0.8931818181818182,0.09475200192207264,0.45962797370024505,0,0.569
overlap_noise,21,cells,pre_none_on,pre,none,on,5,50,37,1.0,12,12,0.0,2.0,4,2,5328,4.152370408690544,0.6378787878787879,0.43636363636363634,1.913273408358461,0.5886363636363636,0.13806344884767435,0.5056048215633364,0,0.43
overlap_noise,21,cells,pre_footprint_off,pre,footprint,off,5,50,50,1.0,12,12,0.0,2.0,4,2,7200,5.330176091641446,0.9015151515151515,0.8772727272727273,2.403142212198703,0.9015151515151515,0.08458558518115392,0.4530600814357754,0,1.327
overlap_noise,21,cells,pre_footprint_on,pre,footprint,on,5,50,16,1.0,12,12,0.0,2.0,4,2,2304,5.345059448818072,0.8939393939393939,0.8681818181818182,2.3959504906142306,0.8939393939393939,0.08424756537431095,0.46114801086357793,0,0.408
overlap_noise,21,cells,pre_mass_off,pre,mass,off,5,50,50,1.0,12,12,0.0,2.0,4,2,7200,5.3292886543667635,0.9015151515151515,0.8772727272727273,2.4022526860726163,0.9015151515151515,0.08458243815152332,0.4530938057599352,0,0.631
overlap_noise,21,cells,pre_mass_on,pre,mass,on,5,50,16,1.0,12,12,0.0,2.0,4,2,2304,5.344796662817167,0.8928030303030301,0.8681818181818182,2.391717214426093,0.8928030303030303,0.0842329411452623,0.4619788094391958,0,0.184
overlap_noise,21,cells,post_fpmask_off,post,fpmask,off,5,50,50,1.0,12,12,0.0,2.0,4,2,7200,3.786589914930083,0.8579545454545455,0.8227272727272728,2.4860908742509746,0.8579545454545454,0.17338856473573194,0.5046379003939067,0,1.286
overlap_noise,21,cells,post_massmask_off,post,massmask,off,5,50,50,1.0,12,12,0.0,2.0,4,2,7200,4.016033148786817,0.8363636363636363,0.7863636363636364,2.5861659361410507,0.8363636363636363,0.1603473582829682,0.5259694996983333,0,0.53
overlap_noise,21,cells,pre_fpmask_off,pre,fpmask,off,5,50,50,1.0,12,12,0.0,2.0,4,2,7200,5.043160447309048,0.8950757575757575,0.8590909090909091,2.3655752750404955,0.8950757575757575,0.09301033348651604,0.4574540107737693,0,1.361
overlap_noise,21,cells,pre_massmask_off,pre,massmask,off,5,50,50,1.0,12,12,0.0,2.0,4,2,7200,5.027739836700422,0.8931818181818181,0.8636363636363636,2.365655050077373,0.8931818181818182,0.09358490942304007,0.4593488578328878,0,0.573
overlap_noise,22,cells,post_none_off,post,none,off,5,50,50,1.0,12,12,0.0,2.0,4,2,7200,3.8278582818031492,0.8939393939393937,0.8681818181818182,2.640999065963626,0.8939393939393939,0.1802422277152191,0.5209916060533766,0,0.59
overlap_noise,22,cells,post_none_on,post,none,on,5,50,50,1.0,12,12,0.0,2.0,4,2,7200,3.1190849348907466,0.6170454545454546,0.39545454545454545,1.792438146602733,0.5549242424242424,0.34420418681918385,0.5296822731995898,0,0.522
overlap_noise,22,cells,post_footprint_off,post,footprint,off,5,50,50,1.0,12,12,0.0,2.0,4,2,7200,5.141807095933415,0.9041666666666667,0.8818181818181818,2.383924530405996,0.9041666666666667,0.09016976627395801,0.44848161356769173,0,1.315
overlap_noise,22,cells,post_footprint_on,post,footprint,on,5,50,19,1.0,12,12,0.0,2.0,4,2,2736,5.146854287041775,0.8992424242424243,0.8636363636363636,2.4111542036455678,0.8992424242424243,0.09028136337762088,0.4656332179179624,0,0.555
overlap_noise,22,cells,post_mass_off,post,mass,off,5,50,50,1.0,12,12,0.0,2.0,4,2,7200,5.126641927478693,0.9041666666666667,0.8818181818181818,2.3816113245905663,0.9041666666666667,0.09061600609027352,0.448606971060959,0,0.616
overlap_noise,22,cells,post_mass_on,post,mass,on,5,50,19,1.0,12,12,0.0,2.0,4,2,2736,5.130796166579098,0.8988636363636363,0.8636363636363636,2.4069752565715588,0.8988636363636363,0.09076589543194945,0.46647826592397795,0,0.214
overlap_noise,22,cells,pre_none_off,pre,none,off,5,50,50,1.0,12,12,0.0,2.0,4,2,7200,5.054111071426806,0.9034090909090908,0.8772727272727273,2.3667123243357944,0.9034090909090909,0.09265223679244929,0.4496897245314869,0,0.553
overlap_noise,22,cells,pre_none_on,pre,none,on,5,50,37,1.0,12,12,0.0,2.0,4,2,5328,5.130264090155322,0.6174242424242423,0.39090909090909093,1.7899384914724323,0.5575757575757576,0.0936991445689384,0.5248226673362317,0,0.388
overlap_noise,22,cells,pre_footprint_off,pre,footprint,off,5,50,50,1.0,12,12,0.0,2.0,4,2,7200,5.324610027001705,0.9037878787878788,0.8818181818181818,2.4542671297157685,0.9037878787878788,0.0865657746074089,0.45022917253523476,0,1.362
overlap_noise,22,cells,pre_footprint_on,pre,footprint,on,5,50,19,1.0,12,12,0.0,2.0,4,2,2736,5.341032455589094,0.9015151515151514,0.8727272727272727,2.4436554388920535,0.9015151515151515,0.0864856830723615,0.46110361497805435,0,0.488
overlap_noise,22,cells,pre_mass_off,pre,mass,off,5,50,50,1.0,12,12,0.0,2.0,4,2,7200,5.320956208005144,0.9037878787878788,0.8818181818181818,2.453281343316945,0.9037878787878788,0.0866498842345612,0.45019146013861916,0,0.536
overlap_noise,22,cells,pre_mass_on,pre,mass,on,5,50,19,1.0,12,12,0.0,2.0,4,2,2736,5.337642917783006,0.9015151515151514,0.8727272727272727,2.440686391646378,0.9015151515151515,0.08658739774357578,0.4617930370586728,0,0.207
overlap_noise,22,cells,post_fpmask_off,post,fpmask,off,5,50,50,1.0,12,12,0.0,2.0,4,2,7200,4.368382823442384,0.8984848484848483,0.8409090909090909,2.3944983520097995,0.8984848484848484,0.1254796102041095,0.46756763974878346,0,1.432
overlap_noise,22,cells,post_massmask_off,post,massmask,off,5,50,50,1.0,12,12,0.0,2.0,4,2,7200,3.9733152715400646,0.8928030303030304,0.85,2.454405383434479,0.8928030303030303,0.15546772443010812,0.4857471075373721,0,0.568
overlap_noise,22,cells,pre_fpmask_off,pre,fpmask,off,5,50,50,1.0,12,12,0.0,2.0,4,2,7200,5.159975520610815,0.9068181818181817,0.8772727272727273,2.3933902714457798,0.9068181818181819,0.08989141955179239,0.4488847560332842,0,1.263
overlap_noise,22,cells,pre_massmask_off,pre,massmask,off,5,50,50,1.0,12,12,0.0,2.0,4,2,7200,5.041094925064844,0.9049242424242424,0.8772727272727273,2.379212718490999,0.9049242424242424,0.0936232088308593,0.44964969901531465,0,0.482
overlap_noise,23,cells,post_none_off,post,none,off,5,50,50,1.0,12,12,0.0,2.0,4,2,7200,3.666535461511791,0.7647727272727273,0.5363636363636364,2.8563036648089466,0.7647727272727273,0.21246754398020806,0.5730254856731812,0,0.578
overlap_noise,23,cells,post_none_on,post,none,on,5,50,50,1.0,12,12,0.0,2.0,4,2,7200,2.322720609915066,0.6079545454545454,0.40454545454545454,1.8032151901342048,0.5848484848484848,0.5462621930557942,0.5233632485725228,0,0.571
overlap_noise,23,cells,post_footprint_off,post,footprint,off,5,50,50,1.0,12,12,0.0,2.0,4,2,7200,4.890839302917806,0.9037878787878787,0.8772727272727273,2.4090311852932116,0.9037878787878788,0.1007107047210323,0.45289522508088764,0,1.381
overlap_noise,23,cells,post_footprint_on,post,footprint,on,5,50,18,1.0,12,12,0.0,2.0,4,2,2592,4.906884857203645,0.8943181818181819,0.8636363636363636,2.4134635991931974,0.8943181818181818,0.10005110914413036,0.4660700103503869,0,0.485
overlap_noise,23,cells,post_mass_off,post,mass,off,5,50,50,1.0,12,12,0.0,2.0,4,2,7200,4.815580441178911,0.9041666666666668,0.8772727272727273,2.4079016911062263,0.9041666666666667,0.10383445027980921,0.45401960437763605,0,0.546
overlap_noise,23,cells,post_mass_on,post,mass,on,5,50,18,1.0,12,12,0.0,2.0,4,2,2592,4.832754533127506,0.8924242424242425,0.85,2.405641279851886,0.8924242424242425,0.10307614869983857,0.46770954227067923,0,0.196
overlap_noise,23,cells,pre_none_off,pre,none,off,5,50,50,1.0,12,12,0.0,2.0,4,2,7200,4.800279541853687,0.9022727272727273,0.8727272727272727,2.3985051801078394,0.9022727272727272,0.10408966305413363,0.456112782733656,0,0.507
overlap_noise,23,cells,pre_none_on,pre,none,on,5,50,36,1.0,12,12,0.0,2.0,4,2,5184,4.742512658591773,0.5981060606060606,0.35909090909090907,1.804913355039009,0.5878787878787879,0.10896032585896907,0.5207084006842037,0,0.378
overlap_noise,23,cells,pre_footprint_off,pre,footprint,off,5,50,50,1.0,12,12,0.0,2.0,4,2,7200,5.257241951282881,0.9079545454545453,0.8863636363636364,2.4432609698664245,0.9079545454545455,0.08840033845687426,0.449454634979955,0,1.443
overlap_noise,23,cells,pre_footprint_on,pre,footprint,on,5,50,18,1.0,12,12,0.0,2.0,4,2,2592,5.276552203298049,0.9007575757575758,0.8772727272727273,2.4390541229950853,0.9007575757575758,0.08784424904908558,0.46033011282819153,0,0.436
overlap_noise,23,cells,pre_mass_off,pre,mass,off,5,50,50,1.0,12,12,0.0,2.0,4,2,7200,5.244143015098483,0.9079545454545453,0.8863636363636364,2.4418450443268345,0.9079545454545455,0.08879102036844391,0.4495185477657736,0,0.533
overlap_noise,23,cells,pre_mass_on,pre,mass,on,5,50,18,1.0,12,12,0.0,2.0,4,2,2592,5.275831429788293,0.8992424242424243,0.8772727272727273,2.434535022185762,0.8992424242424243,0.08782649170465194,0.46109841725805667,0,0.195
overlap_noise,23,cells,post_fpmask_off,post,fpmask,off,5,50,50,1.0,12,12,0.0,2.0,4,2,7200,3.703379452948975,0.8901515151515151,0.8272727272727273,2.4682124056468755,0.8901515151515151,0.17996419389617888,0.4798409462737875,0,1.168
overlap_noise,23,cells,post_massmask_off,post,massmask,off,5,50,50,1.0,12,12,0.0,2.0,4,2,7200,3.846311068597472,0.7920454545454545,0.6090909090909091,2.785983694458129,0.7920454545454545,0.18831710143976235,0.5565853559337264,0,0.492
overlap_noise,23,cells,pre_fpmask_off,pre,fpmask,off,5,50,50,1.0,12,12,0.0,2.0,4,2,7200,4.869060977452086,0.9034090909090908,0.8772727272727273,2.4075909434685303,0.9034090909090909,0.1015528869587655,0.45460535327348955,0,1.259
overlap_noise,23,cells,pre_massmask_off,pre,massmask,off,5,50,50,1.0,12,12,0.0,2.0,4,2,7200,4.871237342915913,0.9034090909090908,0.8772727272727273,2.4050640939673924,0.9034090909090909,0.10135567584988871,0.454865653402034,0,0.51
overlap_noise,24,cells,post_none_off,post,none,off,5,50,50,1.0,12,12,0.0,2.0,4,2,7200,4.048921736831591,0.8643939393939394,0.7863636363636364,2.668035040861242,0.8643939393939394,0.1627469149261889,0.5283944109226476,0,0.577
overlap_noise,24,cells,post_none_on,post,none,on,5,50,44,1.0,12,12,0.0,2.0,4,2,6336,2.4072596895395764,0.578409090909091,0.36818181818181817,1.8353241163310354,0.5321969696969697,0.5819756539976361,0.5279530367891238,0,0.455
overlap_noise,24,cells,post_footprint_off,post,footprint,off,5,50,50,1.0,12,12,0.0,2.0,4,2,7200,5.26992523041202,0.9071969696969697,0.8818181818181818,2.3687822876311992,0.9071969696969697,0.08529355971375942,0.4470126195457492,0,1.282
overlap_noise,24,cells,post_footprint_on,post,footprint,on,5,50,21,1.0,12,12,0.0,2.0,4,2,3024,5.280773818580269,0.9018939393939395,0.8681818181818182,2.369022674056494,0.9018939393939394,0.08501860672776734,0.45716164911921764,0,0.579
overlap_noise,24,cells,post_mass_off,post,mass,off,5,50,50,1.0,12,12,0.0,2.0,4,2,7200,5.244185837479953,0.9071969696969697,0.8818181818181818,2.366702139534079,0.9071969696969697,0.08605724858487789,0.44709841583338056,0,0.577
overlap_noise,24,cells,post_mass_on,post,mass,on,5,50,21,1.0,12,12,0.0,2.0,4,2,3024,5.255932450031156,0.9011363636363635,0.8681818181818182,2.3642521608973057,0.9011363636363636,0.08575444210983388,0.4581401446413323,0,0.214
overlap_noise,24,cells,pre_none_off,pre,none,off,5,50,50,1.0,12,12,0.0,2.0,4,2,7200,5.0924302321295025,0.9064393939393938,0.8818181818181818,2.3592446187198584,0.906439393939394,0.0909751536265222,0.448801286744671,0,0.571
overlap_noise,24,cells,pre_none_on,pre,none,on,5,50,50,1.0,12,12,0.0,2.0,4,2,7200,4.469288209548557,0.5757575757575758,0.37272727272727274,1.8291492068669006,0.5409090909090909,0.12292404326098687,0.5249615943655594,0,0.526
overlap_noise,24,cells,pre_footprint_off,pre,footprint,off,5,50,50,1.0,12,12,0.0,2.0,4,2,7200,1.8415071434839387,0.7378787878787879,0.5681818181818182,3.333241127075021,0.5742424242424242,0.9829239470311344,0.5749631319353481,0,1.172
overlap_noise,24,cells,pre_footprint_on,pre,footprint,on,5,50,33,1.0,12,12,0.0,2.0,4,2,4752,1.816866146363754,0.7647727272727272,0.55,2.5265580656737647,0.5723484848484849,1.011664601724341,0.5035445605869056,0,0.842
overlap_noise,24,cells,pre_mass_off,pre,mass,off,5,50,50,1.0,12,12,0.0,2.0,4,2,7200,1.8628678341044904,0.734469696969697,0.5590909090909091,3.324951098824026,0.5712121212121212,0.9581227992360061,0.5757766849038348,0,0.549
overlap_noise,24,cells,pre_mass_on,pre,mass,on,5,50,28,1.0,12,12,0.0,2.0,4,2,4032,5.453704433622818,0.9018939393939395,0.8681818181818182,2.3789083202417425,0.9018939393939394,0.08072308940319346,0.4544273746273352,0,0.27
overlap_noise,24,cells,post_fpmask_off,post,fpmask,off,5,50,50,1.0,12,12,0.0,2.0,4,2,7200,4.153071477731397,0.8886363636363637,0.8318181818181818,2.4811912866867227,0.8886363636363637,0.14385383223586615,0.48074951591936477,0,1.295
overlap_noise,24,cells,post_massmask_off,post,massmask,off,5,50,50,1.0,12,12,0.0,2.0,4,2,7200,4.058514398267417,0.8541666666666666,0.7681818181818182,2.686779283028993,0.8541666666666666,0.16311646794516568,0.5310267380656127,0,0.654
overlap_noise,24,cells,pre_fpmask_off,pre,fpmask,off,5,50,50,1.0,12,12,0.0,2.0,4,2,7200,5.134380595041869,0.9071969696969694,0.8863636363636364,2.375467591109052,0.9071969696969697,0.09011000066504422,0.4480679178965348,0,1.231
overlap_noise,24,cells,pre_massmask_off,pre,massmask,off,5,50,50,1.0,12,12,0.0,2.0,4,2,7200,5.076608286532669,0.9064393939393939,0.8818181818181818,2.3595753362693817,0.906439393939394,0.09155594284064389,0.4476611114660188,0,0.549
overlap_noise,25,cells,post_none_off,post,none,off,5,50,50,1.0,12,12,0.0,2.0,4,2,7200,4.626227568118427,0.8890151515151515,0.85,2.4964980189501444,0.8890151515151515,0.11664798502644064,0.49369474092107624,0,0.583
overlap_noise,25,cells,post_none_on,post,none,on,5,50,50,1.0,12,12,0.0,2.0,4,2,7200,2.0799384416511355,0.6401515151515151,0.4,1.9146651767378182,0.5121212121212121,0.7394335054975523,0.5185754156473222,0,0.566
overlap_noise,25,cells,post_footprint_off,post,footprint,off,5,50,50,1.0,12,12,0.0,2.0,4,2,7200,5.117834293724495,0.9121212121212122,0.8954545454545455,2.3524192463904607,0.9121212121212121,0.08981363705073034,0.44182666831657896,0,1.372
overlap_noise,25,cells,post_footprint_on,post,footprint,on,5,50,24,1.0,12,12,0.0,2.0,4,2,3456,5.128951763135342,0.9049242424242424,0.8863636363636364,2.35500887119227,0.9049242424242424,0.08946732557651513,0.4504161870606786,0,0.637
overlap_noise,25,cells,post_mass_off,post,mass,off,5,50,50,1.0,12,12,0.0,2.0,4,2,7200,5.091815530856805,0.9117424242424242,0.8954545454545455,2.3510226983963505,0.9117424242424242,0.09067999746590051,0.4421292037922582,0,0.533
overlap_noise,25,cells,post_mass_on,post,mass,on,5,50,23,1.0,12,12,0.0,2.0,4,2,3312,5.1041283842472085,0.903030303030303,0.8863636363636364,2.3504829514079466,0.9030303030303031,0.09028320125305556,0.451360426663605,0,0.23
overlap_noise,25,cells,pre_none_off,pre,none,off,5,50,50,1.0,12,12,0.0,2.0,4,2,7200,4.946999386424935,0.9045454545454543,0.8818181818181818,2.3429675428054075,0.9045454545454545,0.09573760511107535,0.447142131183781,0,0.509
overlap_noise,25,cells,pre_none_on,pre,none,on,5,50,50,1.0,12,12,0.0,2.0,4,2,7200,1.8537360250809938,0.6412878787878787,0.37727272727272726,1.9164939058401522,0.5231060606060606,0.8092717817371989,0.5176351953945384,0,0.514
overlap_noise,25,cells,pre_footprint_off,pre,footprint,off,5,50,50,1.0,12,12,0.0,2.0,4,2,7200,1.9232504746046808,0.7231060606060606,0.5272727272727272,3.0116823995676794,0.6613636363636364,0.8142119541740561,0.5439626376876683,0,1.235
overlap_noise,25,cells,pre_footprint_on,pre,footprint,on,5,50,24,1.0,12,12,0.0,2.0,4,2,3456,1.6973362121830489,0.7333333333333334,0.5045454545454545,2.6949665241361225,0.6488636363636363,1.0498127923396188,0.5234172276302523,0,0.595
overlap_noise,25,cells,pre_mass_off,pre,mass,off,5,50,50,1.0,12,12,0.0,2.0,4,2,7200,2.086094925543341,0.734469696969697,0.5636363636363636,2.9878916738068746,0.6643939393939394,0.6865888000752772,0.5503577566388066,0,0.504
overlap_noise,25,cells,pre_mass_on,pre,mass,on,5,50,27,1.0,12,12,0.0,2.0,4,2,3888,1.7920086723557402,0.7378787878787878,0.509090909090909,2.5340746487674446,0.6428030303030303,0.9347927191360783,0.5129793391954643,0,0.284
overlap_noise,25,cells,post_fpmask_off,post,fpmask,off,5,50,50,1.0,12,12,0.0,2.0,4,2,7200,4.641341530952913,0.9053030303030304,0.8818181818181818,2.344249729570155,0.9053030303030303,0.10882202939031282,0.4497961249223938,0,1.432
overlap_noise,25,cells,post_massmask_off,post,massmask,off,5,50,50,1.0,12,12,0.0,2.0,4,2,7200,4.447943733401142,0.8984848484848486,0.8727272727272727,2.373245269389303,0.8984848484848484,0.11995657417934825,0.4638563817552898,0,0.528
overlap_noise,25,cells,pre_fpmask_off,pre,fpmask,off,5,50,50,1.0,12,12,0.0,2.0,4,2,7200,4.976714533659167,0.9064393939393938,0.8863636363636364,2.3518068817070517,0.906439393939394,0.09495464108239948,0.4447870455495482,0,1.307
overlap_noise,25,cells,pre_massmask_off,pre,massmask,off,5,50,50,1.0,12,12,0.0,2.0,4,2,7200,4.944002652184748,0.9060606060606061,0.8863636363636364,2.348177263325282,0.906060606060606,0.09606683626809472,0.44620437082265996,0,0.55
overlap_noise,26,cells,post_none_off,post,none,off,5,50,50,1.0,12,12,0.0,2.0,4,2,7200,3.0478208372479476,0.6969696969696969,0.5227272727272727,3.1416672972624564,0.681060606060606,0.33820601208979945,0.6185403557196465,0,0.634
overlap_noise,26,cells,post_none_on,post,none,on,5,50,50,1.0,12,12,0.0,2.0,4,2,7200,2.8066028192263888,0.5359848484848485,0.36818181818181817,1.7086348580450283,0.43446969696969695,0.4215299433713567,0.5402542472769613,0,0.526
overlap_noise,26,cells,post_footprint_off,post,footprint,off,5,50,50,1.0,12,12,0.0,2.0,4,2,7200,5.370859312314597,0.9075757575757574,0.8772727272727273,2.4067345892038468,0.9075757575757576,0.0834335354461388,0.44285833354881304,0,1.33
overlap_noise,26,cells,post_footprint_on,post,footprint,on,5,50,20,1.0,12,12,0.0,2.0,4,2,2880,5.37319781657564,0.8977272727272728,0.8454545454545455,2.435158981915647,0.8977272727272727,0.08345545513258552,0.4598558262748258,0,0.523
overlap_noise,26,cells,post_mass_off,post,mass,off,5,50,50,1.0,12,12,0.0,2.0,4,2,7200,5.351031806225621,0.9071969696969696,0.8772727272727273,2.405795841369121,0.9071969696969697,0.08402019884642303,0.4429826667491433,0,0.511
overlap_noise,26,cells,post_mass_on,post,mass,on,5,50,21,1.0,12,12,0.0,2.0,4,2,3024,5.350088622284825,0.8973484848484848,0.8409090909090909,2.432215712248559,0.8973484848484848,0.08414413912895606,0.46077987160994627,0,0.207
overlap_noise,26,cells,pre_none_off,pre,none,off,5,50,50,1.0,12,12,0.0,2.0,4,2,7200,5.27604998316482,0.9075757575757574,0.8772727272727273,2.4056941678891586,0.9075757575757576,0.08642166175974982,0.4444663719201781,0,0.468
overlap_noise,26,cells,pre_none_on,pre,none,on,5,50,50,1.0,12,12,0.0,2.0,4,2,7200,2.6215627630036806,0.5265151515151515,0.35454545454545455,1.7106813861537857,0.42537878787878786,0.4201482179071594,0.5365264773183074,0,0.502
overlap_noise,26,cells,pre_footprint_off,pre,footprint,off,5,50,50,1.0,12,12,0.0,2.0,4,2,7200,5.484746147574446,0.9079545454545452,0.8727272727272727,2.4655875408693566,0.9079545454545455,0.08196102164611302,0.44294091698398896,0,1.212
overlap_noise,26,cells,pre_footprint_on,pre,footprint,on,5,50,22,1.0,12,12,0.0,2.0,4,2,3168,5.501556342049051,0.9015151515151515,0.8454545454545455,2.4655062690548277,0.9015151515151515,0.08177273608976385,0.4532318551812798,0,0.511
overlap_noise,26,cells,pre_mass_off,pre,mass,off,5,50,50,1.0,12,12,0.0,2.0,4,2,7200,5.477980114273499,0.9079545454545452,0.8727272727272727,2.4646901904635996,0.9079545454545455,0.08213370874515295,0.44296933544605244,0,0.548
overlap_noise,26,cells,pre_mass_on,pre,mass,on,5,50,21,1.0,12,12,0.0,2.0,4,2,3024,5.497068055463831,0.9,0.8409090909090909,2.4624184151720883,0.9,0.08189088416018812,0.453986960340375,0,0.249
overlap_noise,26,cells,post_fpmask_off,post,fpmask,off,5,50,50,1.0,12,12,0.0,2.0,4,2,7200,2.9331212750630775,0.671590909090909,0.5818181818181818,3.1550326370949264,0.6208333333333333,0.3667277856130437,0.6101328397435448,0,1.407
overlap_noise,26,cells,post_massmask_off,post,massmask,off,5,50,50,1.0,12,12,0.0,2.0,4,2,7200,2.92940563746887,0.6662878787878789,0.5636363636363636,3.1827898589291697,0.6113636363636363,0.3708932586207047,0.6208530548889815,0,0.515
overlap_noise,26,cells,pre_fpmask_off,pre,fpmask,off,5,50,50,1.0,12,12,0.0,2.0,4,2,7200,5.264588488264354,0.9083333333333333,0.8727272727272727,2.4320151635488063,0.9083333333333333,0.08774803884605381,0.44406978700056327,0,1.3
overlap_noise,26,cells,pre_massmask_off,pre,massmask,off,5,50,50,1.0,12,12,0.0,2.0,4,2,7200,5.19120743748417,0.9094696969696968,0.8681818181818182,2.428830553448449,0.9094696969696969,0.09012814876089131,0.4451448728685304,0,0.565
overlap_noise,27,cells,post_none_off,post,none,off,5,50,50,1.0,12,12,0.0,2.0,4,2,7200,3.8285437687622146,0.8795454545454545,0.85,2.3932714617809303,0.8795454545454545,0.16327689365989648,0.5025551706954066,0,0.494
overlap_noise,27,cells,post_none_on,post,none,on,5,50,49,1.0,12,12,0.0,2.0,4,2,7056,2.755814761520035,0.6522727272727272,0.5181818181818182,1.8960931760136421,0.5041666666666667,0.43300135573963683,0.5074460568873934,0,0.573
overlap_noise,27,cells,post_footprint_off,post,footprint,off,5,50,50,1.0,12,12,0.0,2.0,4,2,7200,4.814194270590953,0.8969696969696971,0.8636363636363636,2.275562381396761,0.896969696969697,0.09818418108956657,0.45702892016446595,0,1.393
overlap_noise,27,cells,post_footprint_on,post,footprint,on,5,50,23,1.0,12,12,0.0,2.0,4,2,3312,4.807425698162586,0.8893939393939393,0.8636363636363636,2.2646629599339136,0.8893939393939394,0.09843731610591899,0.4634614401441287,0,0.655
overlap_noise,27,cells,post_mass_off,post,mass,off,5,50,50,1.0,12,12,0.0,2.0,4,2,7200,4.783084079475521,0.8962121212121211,0.8636363636363636,2.27467842850548,0.8962121212121212,0.09942691827218003,0.45754084126483385,0,0.507
overlap_noise,27,cells,post_mass_on,post,mass,on,5,50,24,1.0,12,12,0.0,2.0,4,2,3456,4.765554528879171,0.8871212121212121,0.8636363636363636,2.2591084130810835,0.8871212121212121,0.10013786678540071,0.4649994762237824,0,0.233
overlap_noise,27,cells,pre_none_off,pre,none,off,5,50,50,1.0,12,12,0.0,2.0,4,2,7200,4.6977120144430895,0.8950757575757575,0.8636363636363636,2.2713441444143934,0.8950757575757575,0.10292246109596587,0.4615332058858394,0,0.5
overlap_noise,27,cells,pre_none_on,pre,none,on,5,50,34,1.0,12,12,0.0,2.0,4,2,4896,2.714221517033644,0.6647727272727273,0.5227272727272727,1.896961482310913,0.5571969696969697,0.3705247716680814,0.5053367269149062,0,0.404
overlap_noise,27,cells,pre_footprint_off,pre,footprint,off,5,50,50,1.0,12,12,0.0,2.0,4,2,7200,4.964907266447863,0.8996212121212123,0.8681818181818182,2.2810093725339127,0.8996212121212122,0.09253473536548365,0.4549391500929323,0,1.272
overlap_noise,27,cells,pre_footprint_on,pre,footprint,on,5,50,22,1.0,12,12,0.0,2.0,4,2,3168,4.980204852320521,0.8901515151515151,0.8590909090909091,2.2708607142752375,0.8901515151515151,0.09197045598590044,0.46084669110784315,0,0.532
overlap_noise,27,cells,pre_mass_off,pre,mass,off,5,50,50,1.0,12,12,0.0,2.0,4,2,7200,4.957721806136553,0.8992424242424244,0.8681818181818182,2.2805596650144673,0.8992424242424243,0.09278486325905605,0.45504474634512715,0,0.551
overlap_noise,27,cells,pre_mass_on,pre,mass,on,5,50,22,1.0,12,12,0.0,2.0,4,2,3168,4.9771270364532665,0.8893939393939395,0.8590909090909091,2.2667252621094955,0.8893939393939394,0.09207301584667378,0.46180150094694944,0,0.275
overlap_noise,27,cells,post_fpmask_off,post,fpmask,off,5,50,50,1.0,12,12,0.0,2.0,4,2,7200,4.089472558150998,0.875,0.85,2.383930911412733,0.875,0.14254732387573782,0.4987802463387629,0,1.432
overlap_noise,27,cells,post_massmask_off,post,massmask,off,5,50,50,1.0,12,12,0.0,2.0,4,2,7200,3.828543768102008,0.8795454545454545,0.85,2.3932714617419757,0.8795454545454545,0.16327689371355086,0.5025551706876035,0,0.533
overlap_noise,27,cells,pre_fpmask_off,pre,fpmask,off,5,50,50,1.0,12,12,0.0,2.0,4,2,7200,4.820851694062649,0.8965909090909091,0.8681818181818182,2.2748224614094226,0.8965909090909091,0.09788135328773007,0.4577066016549305,0,1.329
overlap_noise,27,cells,pre_massmask_off,pre,massmask,off,5,50,50,1.0,12,12,0.0,2.0,4,2,7200,4.699148884851578,0.8943181818181819,0.8636363636363636,2.270831292844881,0.8943181818181818,0.10283630413722974,0.460827201107897,0,0.533
overlap_noise,28,cells,post_none_off,post,none,off,5,50,50,1.0,12,12,0.0,2.0,4,2,7200,3.8669018097639034,0.7420454545454546,0.6409090909090909,3.238703508125644,0.7420454545454546,0.21659324248735293,0.636584927453323,0,0.488
overlap_noise,28,cells,post_none_on,post,none,on,5,50,38,1.0,12,12,0.0,2.0,4,2,5472,2.9112911619709236,0.5931818181818181,0.4590909090909091,1.8323092930682143,0.5632575757575757,0.380953026487726,0.5210027894620576,0,0.396
overlap_noise,28,cells,post_footprint_off,post,footprint,off,5,50,50,1.0,12,12,0.0,2.0,4,2,7200,5.017711244837833,0.8973484848484848,0.85,2.369921360063917,0.8973484848484848,0.09412881790253512,0.4475378248370516,0,1.35
overlap_noise,28,cells,post_footprint_on,post,footprint,on,5,50,16,1.0,12,12,0.0,2.0,4,2,2304,5.0121513777644555,0.8874999999999998,0.8409090909090909,2.3663007252941024,0.8875,0.09447164046122433,0.45604709635220647,0,0.402
overlap_noise,28,cells,post_mass_off,post,mass,off,5,50,50,1.0,12,12,0.0,2.0,4,2,7200,4.996886731148174,0.8965909090909091,0.85,2.3649170434723232,0.8965909090909091,0.09471459381615754,0.4477238810925747,0,0.493
overlap_noise,28,cells,post_mass_on,post,mass,on,5,50,17,1.0,12,12,0.0,2.0,4,2,2448,4.996496026700872,0.8856060606060604,0.8409090909090909,2.356888142240535,0.8856060606060606,0.09485665350443091,0.4576432279950252,0,0.17
overlap_noise,28,cells,pre_none_off,pre,none,off,5,50,50,1.0,12,12,0.0,2.0,4,2,7200,4.956421016155901,0.8962121212121211,0.85,2.3505689282850035,0.8962121212121212,0.09568340271530189,0.44906515882264797,0,0.486
overlap_noise,28,cells,pre_none_on,pre,none,on,5,50,50,1.0,12,12,0.0,2.0,4,2,7200,4.877228204542456,0.5981060606060605,0.4590909090909091,1.8344572265972663,0.5837121212121212,0.09927265712242501,0.516796109762972,0,0.504
overlap_noise,28,cells,pre_footprint_off,pre,footprint,off,5,50,50,1.0,12,12,0.0,2.0,4,2,7200,5.042913618588737,0.8977272727272728,0.85,2.4007222955262764,0.8977272727272727,0.0944014940264319,0.4474890732741746,0,1.203
overlap_noise,28,cells,pre_footprint_on,pre,footprint,on,5,50,16,1.0,12,12,0.0,2.0,4,2,2304,5.038206817738802,0.8897727272727272,0.85,2.382621262376638,0.8897727272727273,0.09480144563454751,0.45336692542005486,0,0.39
overlap_noise,28,cells,pre_mass_off,pre,mass,off,5,50,50,1.0,12,12,0.0,2.0,4,2,7200,5.038012626744363,0.8977272727272726,0.85,2.3977796019013025,0.8977272727272727,0.09446931320502217,0.44741739473231884,0,0.48
overlap_noise,28,cells,pre_mass_on,pre,mass,on,5,50,16,1.0,12,12,0.0,2.0,4,2,2304,5.036433177470803,0.8871212121212121,0.85,2.374615180429807,0.8871212121212121,0.09478661345767747,0.45450661200467574,0,0.164
overlap_noise,28,cells,post_fpmask_off,post,fpmask,off,5,50,50,1.0,12,12,0.0,2.0,4,2,7200,4.4693286768720135,0.8856060606060606,0.8090909090909091,2.463085961884716,0.8856060606060606,0.1233090582257642,0.47506629770611913,0,1.369
overlap_noise,28,cells,post_massmask_off,post,massmask,off,5,50,50,1.0,12,12,0.0,2.0,4,2,7200,3.861531201664427,0.7329545454545454,0.6227272727272727,3.253913745653613,0.7329545454545454,0.2182161754337235,0.6396778362918991,0,0.543
overlap_noise,28,cells,pre_fpmask_off,pre,fpmask,off,5,50,50,1.0,12,12,0.0,2.0,4,2,7200,4.903659197471698,0.8943181818181817,0.85,2.359905343644998,0.8943181818181818,0.09814180138627444,0.447950287220224,0,1.24
overlap_noise,28,cells,pre_massmask_off,pre,massmask,off,5,50,50,1.0,12,12,0.0,2.0,4,2,7200,4.931849937294065,0.8973484848484848,0.85,2.350553594126681,0.8973484848484848,0.09663856009194571,0.44801392440318993,0,0.562
overlap_noise,29,cells,post_none_off,post,none,off,5,50,50,1.0,12,12,0.0,2.0,4,2,7200,4.3654251939702355,0.8920454545454546,0.8681818181818182,2.49477283310582,0.8920454545454546,0.130911531945199,0.47946265127197507,0,0.588
overlap_noise,29,cells,post_none_on,post,none,on,5,50,40,1.0,12,12,0.0,2.0,4,2,5760,3.340483433894076,0.6534090909090908,0.45,2.0127135145792874,0.5693181818181818,0.28519968568686493,0.5117520903509807,0,0.436
overlap_noise,29,cells,post_footprint_off,post,footprint,off,5,50,50,1.0,12,12,0.0,2.0,4,2,7200,5.02276822186505,0.9003787878787879,0.8772727272727273,2.4317106701059434,0.9003787878787879,0.0963885894060317,0.45343344894662674,0,1.199
overlap_noise,29,cells,post_footprint_on,post,footprint,on,5,50,50,1.0,12,12,0.0,2.0,4,2,7200,4.95721889039594,0.8871212121212121,0.8590909090909091,2.6061327071061418,0.8397727272727272,0.10203596169465119,0.48871021226518285,0,1.28
overlap_noise,29,cells,post_mass_off,post,mass,off,5,50,50,1.0,12,12,0.0,2.0,4,2,7200,5.0032244270437785,0.9003787878787879,0.8772727272727273,2.4302866325782237,0.9003787878787879,0.09708620597194484,0.45370389452027443,0,0.553
overlap_noise,29,cells,post_mass_on,post,mass,on,5,50,26,1.0,12,12,0.0,2.0,4,2,3744,5.000923094580461,0.8965909090909091,0.8681818181818182,2.422795637478811,0.8965909090909091,0.0972040663919622,0.46109490877269316,0,0.281
overlap_noise,29,cells,pre_none_off,pre,none,off,5,50,50,1.0,12,12,0.0,2.0,4,2,7200,4.942468152886239,0.8988636363636364,0.8772727272727273,2.4269072470557678,0.8988636363636363,0.09934943905595987,0.45579143535327,0,0.48
overlap_noise,29,cells,pre_none_on,pre,none,on,5,50,50,1.0,12,12,0.0,2.0,4,2,7200,4.320424169668612,0.6507575757575758,0.4318181818181818,2.014641621946094,0.5681818181818182,0.14672544406177643,0.5093573677777058,0,0.481
overlap_noise,29,cells,pre_footprint_off,pre,footprint,off,5,50,50,1.0,12,12,0.0,2.0,4,2,7200,5.145719566636899,0.8999999999999999,0.8772727272727273,2.4518870492894194,0.9,0.09259941251785056,0.453191648851847,0,1.392
overlap_noise,29,cells,pre_footprint_on,pre,footprint,on,5,50,18,1.0,12,12,0.0,2.0,4,2,2592,5.1467156829594645,0.8977272727272728,0.8727272727272727,2.4376453042119,0.8977272727272727,0.09265527470214459,0.45809145645679666,0,0.499
overlap_noise,29,cells,pre_mass_off,pre,mass,off,5,50,50,1.0,12,12,0.0,2.0,4,2,7200,5.134058480335935,0.9003787878787879,0.8772727272727273,2.4504257017212585,0.9003787878787879,0.09296509479288728,0.45321892295937505,0,0.522
overlap_noise,29,cells,pre_mass_on,pre,mass,on,5,50,20,1.0,12,12,0.0,2.0,4,2,2880,5.1354143292499215,0.896969696969697,0.8727272727272727,2.433118349878753,0.896969696969697,0.09301608425664798,0.45879347527895104,0,0.236
overlap_noise,29,cells,post_fpmask_off,post,fpmask,off,5,50,50,1.0,12,12,0.0,2.0,4,2,7200,4.85077029163843,0.9018939393939395,0.8772727272727273,2.4192236838362726,0.9018939393939394,0.10281455670341005,0.4554252975815373,0,1.346
overlap_noise,29,cells,post_massmask_off,post,massmask,off,5,50,50,1.0,12,12,0.0,2.0,4,2,7200,4.228300139615297,0.8878787878787878,0.8636363636363636,2.514175128815874,0.8878787878787879,0.14062544537393917,0.4826249855388479,0,0.542
overlap_noise,29,cells,pre_fpmask_off,pre,fpmask,off,5,50,50,1.0,12,12,0.0,2.0,4,2,7200,4.996164034497553,0.8996212121212123,0.8772727272727273,2.429199737258888,0.8996212121212122,0.09731725446322016,0.45358796210128144,0,1.211
overlap_noise,29,cells,pre_massmask_off,pre,massmask,off,5,50,50,1.0,12,12,0.0,2.0,4,2,7200,4.957412367675563,0.8984848484848484,0.8772727272727273,2.4268122241015577,0.8984848484848484,0.09874749378887297,0.45553179498621577,0,0.483
quantity_skew_extreme,20,cells,post_none_off,post,none,off,5,50,50,1.0,12,12,0.0,2.0,4,2,7200,1.1098289133552233,0.8116126872246406,0.5416666666666666,3.015714173539145,0.7223679280629449,2.4483759640497045,0.37014960063027297,0,0.675
quantity_skew_extreme,20,cells,post_none_on,post,none,on,5,50,50,1.0,12,12,0.0,2.0,4,2,7200,1.0948003439840253,0.735991899903631,0.5102040816326531,0.8674233663666144,0.5893593106032222,4.246060541467849,0.3364854470573401,0,0.801
quantity_skew_extreme,20,cells,post_footprint_off,post,footprint,off,5,50,50,1.0,12,12,0.0,2.0,4,2,7200,1.0924411189166596,0.8027092868306486,0.5384615384615384,2.687348866607617,0.6972648932184339,2.2517904483153597,0.32053189028493995,0,1.493
quantity_skew_extreme,20,cells,post_footprint_on,post,footprint,on,5,50,50,1.0,12,12,0.0,2.0,4,2,7200,1.1319889465775403,0.7972897216702434,0.5641025641025641,2.0200927504777675,0.701386286998876,2.096633916935522,0.3043909716930342,0,1.427
quantity_skew_extreme,20,cells,post_mass_off,post,mass,off,5,50,50,1.0,12,12,0.0,2.0,4,2,7200,1.0912986023598021,0.8051452974882897,0.5641025641025641,2.72890740686112,0.6968902210565755,2.2914036582104895,0.3298404168420217,0,0.756
quantity_skew_extreme,20,cells,post_mass_on,post,mass,on,5,50,29,1.0,12,12,0.0,2.0,4,2,4176,1.128395443048948,0.8161781744872676,0.5833333333333334,1.7431097917374485,0.7006369426751592,2.1016005239071838,0.28561827297905995,0,0.392
quantity_skew_extreme,20,cells,pre_none_off,pre,none,off,5,50,50,1.0,12,12,0.0,2.0,4,2,7200,1.0947984869069871,0.8044495354520587,0.5641025641025641,2.6921288466946502,0.695391532409142,2.246091604782215,0.3206059565572073,0,0.891
quantity_skew_extreme,20,cells,pre_none_on,pre,none,on,5,50,35,1.0,12,12,0.0,2.0,4,2,5040,1.0897863162336041,0.7418486144956914,0.5102040816326531,0.9370062823561873,0.6279505432746347,2.280100428924181,0.30910890402333147,0,0.576
quantity_skew_extreme,20,cells,pre_footprint_off,pre,footprint,off,5,50,50,1.0,12,12,0.0,2.0,4,2,7200,1.0974236154090893,0.8131634037855395,0.5846938775510204,6.7682192152769725,0.6579243162233046,5.619864099814098,0.4421614395010847,0,1.585
quantity_skew_extreme,20,cells,pre_footprint_on,pre,footprint,on,5,50,35,1.0,12,12,0.0,2.0,4,2,5040,1.0896644510439635,0.8363017268205111,0.5641025641025641,6.547981693423469,0.6863994005245411,5.700697578342804,0.4444560877472154,0,1.084
quantity_skew_extreme,20,cells,pre_mass_off,pre,mass,off,5,50,50,1.0,12,12,0.0,2.0,4,2,7200,1.094504999464555,0.8009173835433238,0.5384615384615384,2.723451242653754,0.6961408767328587,2.2734431845476424,0.3142036473189667,0,0.806
quantity_skew_extreme,20,cells,pre_mass_on,pre,mass,on,5,50,37,1.0,12,12,0.0,2.0,4,2,5328,1.212840498421861,0.8116945242774382,0.5641025641025641,1.8252998001995646,0.7051330086174598,1.8491165670769574,0.29143516136333475,0,0.544
quantity_skew_extreme,20,cells,post_fpmask_off,post,fpmask,off,5,50,50,1.0,12,12,0.0,2.0,4,2,7200,1.0898221306890123,0.8032432558602668,0.5416666666666666,2.9319855193433413,0.6950168602472836,2.468599152553877,0.35565625069425766,0,1.485
quantity_skew_extreme,20,cells,post_massmask_off,post,massmask,off,5,50,50,1.0,12,12,0.0,2.0,4,2,7200,1.089821806730768,0.8032432558602668,0.5416666666666666,2.931985612910274,0.6950168602472836,2.468600698954932,0.3556562335227724,0,0.743
quantity_skew_extreme,20,cells,pre_fpmask_off,pre,fpmask,off,5,50,50,1.0,12,12,0.0,2.0,4,2,7200,1.0438429913810285,0.8084594774700893,0.5384615384615384,6.8297375050571185,0.6616710378418883,6.268067332487371,0.4438367506310428,0,1.489
quantity_skew_extreme,20,cells,pre_massmask_off,pre,massmask,off,5,50,50,1.0,12,12,0.0,2.0,4,2,7200,1.0921026677863293,0.8043203449583806,0.5641025641025641,2.689121955074839,0.6961408767328587,2.254672991384894,0.3189903442287547,0,0.725
quantity_skew_extreme,21,cells,post_none_off,post,none,off,5,50,50,1.0,12,12,0.0,2.0,4,2,7200,1.218076642490207,0.8110185883420066,0.6,3.9381053555071537,0.6286998875983515,2.654227227032923,0.4465097299266594,0,0.604
quantity_skew_extreme,21,cells,post_none_on,post,none,on,5,50,50,1.0,12,12,0.0,2.0,4,2,7200,1.074487443367474,0.7816575825466249,0.55,0.6958989481331672,0.5526414387411015,3.512086474772898,0.3070465672742531,0,0.635
quantity_skew_extreme,21,cells,post_footprint_off,post,footprint,off,5,50,50,1.0,12,12,0.0,2.0,4,2,7200,1.0714191878386137,0.8309624835623098,0.5857605177993528,3.6686186640868286,0.6043461970775571,3.1958304587473605,0.3731381988143304,0,1.351
quantity_skew_extreme,21,cells,post_footprint_on,post,footprint,on,5,50,50,1.0,12,12,0.0,2.0,4,2,7200,1.0700921895154965,0.8647359848722189,0.5922330097087378,2.404764256693507,0.6065942300487074,3.177047234909273,0.3341833133688562,0,1.306
quantity_skew_extreme,21,cells,post_mass_off,post,mass,off,5,50,50,1.0,12,12,0.0,2.0,4,2,7200,1.0714424878530173,0.8364281775894403,0.5906148867313916,3.541172084888865,0.6047208692394155,3.0846742173961728,0.3952537133531128,0,0.631
quantity_skew_extreme,21,cells,post_mass_on,post,mass,on,5,50,50,1.0,12,12,0.0,2.0,4,2,7200,1.0680683198407022,0.876453227467629,0.5922330097087378,1.4321844332245242,0.6032221805919821,3.1046417184975947,0.2998284692880354,0,0.847
quantity_skew_extreme,21,cells,pre_none_off,pre,none,off,5,50,50,1.0,12,12,0.0,2.0,4,2,7200,1.096795194847904,0.8317954633212138,0.5906148867313916,3.6143169658021,0.6084675908579993,3.0045204070263276,0.3756133089940914,0,0.649
quantity_skew_extreme,21,cells,pre_none_on,pre,none,on,5,50,50,1.0,12,12,0.0,2.0,4,2,7200,1.0331109708915573,0.8073929716054882,0.55,0.7218463478434765,0.575121768452604,3.447766062359388,0.30331252931998665,0,0.642
quantity_skew_extreme,21,cells,pre_footprint_off,pre,footprint,off,5,50,50,1.0,12,12,0.0,2.0,4,2,7200,1.0711273481459704,0.8173214041532001,0.55,3.8214874787884527,0.6043461970775571,3.3308128014243694,0.36910026056778555,0,1.513
quantity_skew_extreme,21,cells,pre_footprint_on,pre,footprint,on,5,50,50,1.0,12,12,0.0,2.0,4,2,7200,1.0700409556307868,0.8635778552948167,0.580906148867314,2.7428101907041667,0.606219557886849,3.3693624236969213,0.34057519769628763,0,1.209
quantity_skew_extreme,21,cells,pre_mass_off,pre,mass,off,5,50,50,1.0,12,12,0.0,2.0,4,2,7200,1.0715287807228937,0.8301473678720207,0.5841423948220065,3.750952868787004,0.6043461970775571,3.2668855977163,0.37025095342880404,0,0.628
quantity_skew_extreme,21,cells,pre_mass_on,pre,mass,on,5,50,44,1.0,12,12,0.0,2.0,4,2,6336,1.0704223852992603,0.8763273159204908,0.5922330097087378,2.0350151903564195,0.6050955414012739,3.3088736528474474,0.3205028603463522,0,0.527
quantity_skew_extreme,21,cells,post_fpmask_off,post,fpmask,off,5,50,50,1.0,12,12,0.0,2.0,4,2,7200,1.1182058530920134,0.8379320963090319,0.6035598705501618,3.546793998376574,0.6118396403147246,2.8365630579285646,0.3904546637027592,0,1.426
quantity_skew_extreme,21,cells,post_massmask_off,post,massmask,off,5,50,50,1.0,12,12,0.0,2.0,4,2,7200,1.1171882941116744,0.8379320963090319,0.6035598705501618,3.546815491332541,0.6118396403147246,2.8417498360754894,0.3904890963138309,0,0.7
quantity_skew_extreme,21,cells,pre_fpmask_off,pre,fpmask,off,5,50,50,1.0,12,12,0.0,2.0,4,2,7200,1.0982716553546947,0.8309803476309247,0.5889967637540453,3.7477539670484226,0.6084675908579993,3.1070734644647238,0.3690844760818231,0,1.375
quantity_skew_extreme,21,cells,pre_massmask_off,pre,massmask,off,5,50,50,1.0,12,12,0.0,2.0,4,2,7200,1.0967286359012112,0.8324550961063667,0.5954692556634305,3.651565704857587,0.6080929186961409,3.03585310211507,0.37432515708005226,0,0.655
quantity_skew_extreme,22,cells,post_none_off,post,none,off,5,50,50,1.0,12,12,0.0,2.0,4,2,7200,0.9229897462037822,0.9545693982102414,0.9,5.244767741054265,0.9452978643686774,6.156480497079206,0.6522817795122524,0,0.61
quantity_skew_extreme,22,cells,post_none_on,post,none,on,5,50,50,1.0,12,12,0.0,2.0,4,2,7200,1.5120049265390807,0.5703064932219825,0.38979591836734695,0.6592572629370991,0.4687148744848258,2.2188439260455946,0.44789903557440947,0,0.709
quantity_skew_extreme,22,cells,post_footprint_off,post,footprint,off,5,50,50,1.0,12,12,0.0,2.0,4,2,7200,1.1342589562923961,0.7753935028408238,0.5510204081632653,2.917677651036808,0.6515548894717123,2.267842419115829,0.35960691718826887,0,1.283
quantity_skew_extreme,22,cells,post_footprint_on,post,footprint,on,5,50,34,1.0,12,12,0.0,2.0,4,2,4896,1.295010111511267,0.8229049552029091,0.5416666666666666,1.7892113612325786,0.726489321843387,1.7534685260336162,0.3274387233060929,0,0.883
quantity_skew_extreme,22,cells,post_mass_off,post,mass,off,5,50,50,1.0,12,12,0.0,2.0,4,2,7200,7.178259291499401,1.0,1.0,1.1792908996760683,1.0,0.02288667295302626,0.15078753105840112,0,0.556
quantity_skew_extreme,22,cells,post_mass_on,post,mass,on,5,50,32,1.0,12,12,0.0,2.0,4,2,4608,7.215698680869607,1.0,1.0,1.1651687709840457,1.0,0.022421225659026017,0.15613470406942065,0,0.438
quantity_skew_extreme,22,cells,pre_none_off,pre,none,off,5,50,50,1.0,12,12,0.0,2.0,4,2,7200,1.0924973789947268,0.7842976004274331,0.5336734693877551,2.9079649717474503,0.643312101910828,2.4363987241775096,0.35997281734759323,0,0.804
quantity_skew_extreme,22,cells,pre_none_on,pre,none,on,5,50,47,1.0,12,12,0.0,2.0,4,2,6768,1.5625367946271134,0.5918135982919952,0.4153061224489796,0.6537788743719766,0.5234170101161484,1.219757034870091,0.42145821456465804,0,0.674
quantity_skew_extreme,22,cells,pre_footprint_off,pre,footprint,off,5,50,50,1.0,12,12,0.0,2.0,4,2,7200,1.0938126372553496,0.7777051757262144,0.5265306122448979,2.9512935877830406,0.6388160359685275,2.4667579750638993,0.35985559442364223,0,1.255
quantity_skew_extreme,22,cells,pre_footprint_on,pre,footprint,on,5,50,22,1.0,12,12,0.0,2.0,4,2,3168,8.105548563463143,1.0,1.0,1.169083605491866,1.0,0.017223439507427534,0.14548243701462527,0,0.645
quantity_skew_extreme,22,cells,pre_mass_off,pre,mass,off,5,50,50,1.0,12,12,0.0,2.0,4,2,7200,8.07480329479384,1.0,1.0,1.1265373903740041,1.0,0.017277532065380425,0.13763182172724914,0,0.507
quantity_skew_extreme,22,cells,pre_mass_on,pre,mass,on,5,50,24,1.0,12,12,0.0,2.0,4,2,3456,8.10550456479693,1.0,1.0,1.1691819711291649,1.0,0.017224946741603478,0.1454907520102117,0,0.236
quantity_skew_extreme,22,cells,post_fpmask_off,post,fpmask,off,5,50,50,1.0,12,12,0.0,2.0,4,2,7200,1.1081641623154839,0.8212971853002166,0.5641025641025641,4.057211610092257,0.6586736605470214,3.3038434267840797,0.4771419899126049,0,1.329
quantity_skew_extreme,22,cells,post_massmask_off,post,massmask,off,5,50,50,1.0,12,12,0.0,2.0,4,2,7200,1.0075322137151637,0.8439923198325924,0.6410256410256411,4.007084327582862,0.7328587485949793,3.9473951276671237,0.5281552271567193,0,0.554
quantity_skew_extreme,22,cells,pre_fpmask_off,pre,fpmask,off,5,50,50,1.0,12,12,0.0,2.0,4,2,7200,1.0941540530494465,0.7896424774425238,0.5265306122448979,2.9062429442101,0.6384413638066692,2.427587927013497,0.359925193423333,0,1.312
quantity_skew_extreme,22,cells,pre_massmask_off,pre,massmask,off,5,50,50,1.0,12,12,0.0,2.0,4,2,7200,1.0939539402899765,0.7894282529352402,0.5265306122448979,2.9060772649362385,0.6388160359685275,2.428337704054051,0.3599436427270438,0,0.649
quantity_skew_extreme,23,cells,post_none_off,post,none,off,5,50,50,1.0,12,12,0.0,2.0,4,2,7200,1.106441013189388,0.8480321412086792,0.5714285714285714,2.668267883802199,0.7332334207568377,2.1795804186918764,0.36517435808640614,0,0.634
quantity_skew_extreme,23,cells,post_none_on,post,none,on,5,50,41,1.0,12,12,0.0,2.0,4,2,5904,1.0166582797901011,0.6998335764242887,0.37755102040816324,0.6918665160374335,0.6511802173098539,2.5049947050002412,0.32541245516608563,0,0.476
quantity_skew_extreme,23,cells,post_footprint_off,post,footprint,off,5,50,50,1.0,12,12,0.0,2.0,4,2,7200,1.0913601711139416,0.9060964283035841,0.5663265306122449,2.3386177625158697,0.7426002248032971,1.963464454285033,0.3220027109043478,0,1.398
quantity_skew_extreme,23,cells,post_footprint_on,post,footprint,on,5,50,33,1.0,12,12,0.0,2.0,4,2,4752,1.0910393785058958,0.9181534025744974,0.573469387755102,1.5867688212770736,0.7459722742600224,1.960969847041136,0.29888484127242976,0,0.823
quantity_skew_extreme,23,cells,post_mass_off,post,mass,off,5,50,50,1.0,12,12,0.0,2.0,4,2,7200,1.0897429076172718,0.9060113942899787,0.5653061224489796,2.3396586986868035,0.7429748969651555,1.9701731962645819,0.3233248638180349,0,0.611
quantity_skew_extreme,23,cells,post_mass_on,post,mass,on,5,50,24,1.0,12,12,0.0,2.0,4,2,3456,1.3957640890592944,0.9452501852480993,0.5775510204081633,1.2970927525271372,0.7954289996253279,1.1795184953398472,0.2710362594630041,0,0.299
quantity_skew_extreme,23,cells,pre_none_off,pre,none,off,5,50,50,1.0,12,12,0.0,2.0,4,2,7200,7.643482466458504,1.0,1.0,1.1456415814414995,1.0,0.019609486477824338,0.13447247106978336,0,0.68
quantity_skew_extreme,23,cells,pre_none_on,pre,none,on,5,50,32,1.0,12,12,0.0,2.0,4,2,4608,7.549607967827453,0.6968415151614473,0.4,0.648058931388357,0.7085050580741851,0.02156126084590812,0.3291763931653608,0,0.413
quantity_skew_extreme,23,cells,pre_footprint_off,pre,footprint,off,5,50,50,1.0,12,12,0.0,2.0,4,2,7200,7.688816316864194,1.0,1.0,1.1657113691809735,1.0,0.019718417620803803,0.1353507708503623,0,1.347
quantity_skew_extreme,23,cells,pre_footprint_on,pre,footprint,on,5,50,21,1.0,12,12,0.0,2.0,4,2,3024,7.662366597855339,1.0,1.0,1.1903633537139846,1.0,0.019881200205609934,0.14053225088013693,0,0.652
quantity_skew_extreme,23,cells,pre_mass_off,pre,mass,off,5,50,50,1.0,12,12,0.0,2.0,4,2,7200,7.691443510920585,1.0,1.0,1.1653126702997745,1.0,0.019698209814286525,0.1352563080076061,0,0.588
quantity_skew_extreme,23,cells,pre_mass_on,pre,mass,on,5,50,21,1.0,12,12,0.0,2.0,4,2,3024,7.664994343386234,1.0,1.0,1.1902663894604895,1.0,0.019859948074151416,0.14045992464969773,0,0.262
quantity_skew_extreme,23,cells,post_fpmask_off,post,fpmask,off,5,50,50,1.0,12,12,0.0,2.0,4,2,7200,4.74985883293046,0.9985863672679328,0.9918367346938776,1.923479488165722,0.9973772948669913,0.08525623590072258,0.2262554696800008,0,1.382
quantity_skew_extreme,23,cells,post_massmask_off,post,massmask,off,5,50,50,1.0,12,12,0.0,2.0,4,2,7200,4.727345202961119,0.9988005917752165,0.9918367346938776,1.9137110344245472,0.9977519670288497,0.08563311208664805,0.2246506791068989,0,0.641
quantity_skew_extreme,23,cells,pre_fpmask_off,pre,fpmask,off,5,50,50,1.0,12,12,0.0,2.0,4,2,7200,7.659857246553224,1.0,1.0,1.1304348064204777,1.0,0.019266559552220994,0.13004719500590614,0,1.353
quantity_skew_extreme,23,cells,pre_massmask_off,pre,massmask,off,5,50,50,1.0,12,12,0.0,2.0,4,2,7200,7.659857246553224,1.0,1.0,1.1304348064204777,1.0,0.019266559552220994,0.13004719500590614,0,0.677
quantity_skew_extreme,24,cells,post_none_off,post,none,off,5,50,50,1.0,12,12,0.0,2.0,4,2,7200,1.6027960414725473,0.858484534280989,0.6408163265306123,2.7998379928481025,0.7171225177969277,1.0898742207460101,0.43027680519033906,0,0.655
quantity_skew_extreme,24,cells,post_none_on,post,none,on,5,50,30,1.0,12,12,0.0,2.0,4,2,4320,1.129949627582705,0.639108845055176,0.3142857142857143,0.7301418400330654,0.5174222555264144,4.7400135125748095,0.4257397968798979,0,0.472
quantity_skew_extreme,24,cells,post_footprint_off,post,footprint,off,5,50,50,1.0,12,12,0.0,2.0,4,2,7200,1.1410995872575633,0.8193108512651933,0.5183673469387755,2.092355837343408,0.6410640689396778,1.6068985112074612,0.3460764771697914,0,1.452
quantity_skew_extreme,24,cells,post_footprint_on,post,footprint,on,5,50,36,1.0,12,12,0.0,2.0,4,2,5184,2.0695756678221024,0.9289422400128485,0.7142857142857143,2.814371124753047,0.8332708879730236,0.8160832807699491,0.3700127025966414,0,1.169
quantity_skew_extreme,24,cells,post_mass_off,post,mass,off,5,50,50,1.0,12,12,0.0,2.0,4,2,7200,1.1417843759092785,0.8215824469833909,0.5183673469387755,2.0914265175586877,0.6418134132633946,1.6042587565853348,0.34613074551213224,0,0.966
quantity_skew_extreme,24,cells,post_mass_on,post,mass,on,5,50,28,1.0,12,12,0.0,2.0,4,2,4032,1.1939335552340793,0.8468598183370403,0.5183673469387755,1.6107591554625982,0.7279880104908205,1.4643205042903282,0.3165796806522088,0,0.525
quantity_skew_extreme,24,cells,pre_none_off,pre,none,off,5,50,50,1.0,12,12,0.0,2.0,4,2,7200,8.091846313511029,1.0,1.0,1.1092178329314333,1.0,0.016940319291965968,0.139477774464902,0,0.888
quantity_skew_extreme,24,cells,pre_none_on,pre,none,on,5,50,50,1.0,12,12,0.0,2.0,4,2,7200,0.9040259357478049,0.649807683644333,0.3673469387755102,0.7331746578981355,0.5009366804046459,4.016311783083717,0.4000902736583722,0,0.792
quantity_skew_extreme,24,cells,pre_footprint_off,pre,footprint,off,5,50,50,1.0,12,12,0.0,2.0,4,2,7200,1.08659165550968,0.824617601221195,0.6,2.398622788162553,0.901835893593106,2.031557993291914,0.21804274383323272,0,1.404
quantity_skew_extreme,24,cells,pre_footprint_on,pre,footprint,on,5,50,25,1.0,12,12,0.0,2.0,4,2,3600,1.004648886880075,0.891240344214416,0.7049180327868853,2.252163004084295,0.8999625327838142,2.3693104531922127,0.21938742530677133,0,0.691
quantity_skew_extreme,24,cells,pre_mass_off,pre,mass,off,5,50,50,1.0,12,12,0.0,2.0,4,2,7200,8.237532839461739,1.0,1.0,1.1297243455102866,1.0,0.016648617286429336,0.13917972140197454,0,0.699
quantity_skew_extreme,24,cells,pre_mass_on,pre,mass,on,5,50,50,1.0,12,12,0.0,2.0,4,2,7200,8.18157658076452,1.0,1.0,1.347358788952878,0.9876358186586737,0.017286413301674648,0.16035166431103054,0,0.785
quantity_skew_extreme,24,cells,post_fpmask_off,post,fpmask,off,5,50,50,1.0,12,12,0.0,2.0,4,2,7200,1.11652377854296,0.7722491419645047,0.5061224489795918,3.926752727365041,0.6609216935181716,3.1499060511656807,0.4065186457923518,0,1.549
quantity_skew_extreme,24,cells,post_massmask_off,post,massmask,off,5,50,50,1.0,12,12,0.0,2.0,4,2,7200,1.133574246991677,0.8327251485203729,0.5183673469387755,2.507185664647728,0.6391907081303859,1.9511315619463847,0.404810092649842,0,0.682
quantity_skew_extreme,24,cells,pre_fpmask_off,pre,fpmask,off,5,50,50,1.0,12,12,0.0,2.0,4,2,7200,1.0190050765753804,0.8927386662983103,0.5758354755784062,2.1725863191785413,0.8992131884600975,2.092301879637742,0.2555619850732864,0,1.387
quantity_skew_extreme,24,cells,pre_massmask_off,pre,massmask,off,5,50,50,1.0,12,12,0.0,2.0,4,2,7200,8.098113083601131,1.0,1.0,1.1075908718947094,1.0,0.016889301702587633,0.13791455468492242,0,0.712
quantity_skew_extreme,25,cells,post_none_off,post,none,off,5,50,50,1.0,12,12,0.0,2.0,4,2,7200,6.074180289883559,1.0,1.0,1.8040278860791517,1.0,0.048895387241226704,0.20088809785264705,0,0.727
quantity_skew_extreme,25,cells,post_none_on,post,none,on,5,50,50,1.0,12,12,0.0,2.0,4,2,7200,4.503373879987126,0.6416030748938807,0.5,0.7551097686988223,0.7643312101910829,0.3018842202346326,0.29078761626232075,0,0.813
quantity_skew_extreme,25,cells,post_footprint_off,post,footprint,off,5,50,50,1.0,12,12,0.0,2.0,4,2,7200,7.8574375288577505,1.0,1.0,1.0745480851043987,1.0,0.01740459736902384,0.12645913315312274,0,1.537
quantity_skew_extreme,25,cells,post_footprint_on,post,footprint,on,5,50,28,1.0,12,12,0.0,2.0,4,2,4032,7.868713374318047,1.0,1.0,1.157784475216505,1.0,0.01735928023313164,0.13805091392555846,0,0.998
quantity_skew_extreme,25,cells,post_mass_off,post,mass,off,5,50,50,1.0,12,12,0.0,2.0,4,2,7200,7.860502535383976,1.0,1.0,1.0746968877590726,1.0,0.017393435336711324,0.1264668940789418,0,0.662
quantity_skew_extreme,25,cells,post_mass_on,post,mass,on,5,50,28,1.0,12,12,0.0,2.0,4,2,4032,7.871567319722851,1.0,1.0,1.1580445001387512,1.0,0.0173488990603065,0.1380615054549224,0,0.401
quantity_skew_extreme,25,cells,pre_none_off,pre,none,off,5,50,50,1.0,12,12,0.0,2.0,4,2,7200,7.85294369975009,1.0,1.0,1.0818285897254043,1.0,0.01754258084767777,0.12706490408596657,0,0.693
quantity_skew_extreme,25,cells,pre_none_on,pre,none,on,5,50,32,1.0,12,12,0.0,2.0,4,2,4608,7.719462646212272,0.6961986453915804,0.5,0.8025408607387003,0.821656050955414,0.01902797645993355,0.2684972143303858,0,0.404
quantity_skew_extreme,25,cells,pre_footprint_off,pre,footprint,off,5,50,50,1.0,12,12,0.0,2.0,4,2,7200,8.061523301591867,1.0,1.0,1.1219037933927085,1.0,0.0172632034653467,0.12992074436037218,0,1.374
quantity_skew_extreme,25,cells,pre_footprint_on,pre,footprint,on,5,50,26,1.0,12,12,0.0,2.0,4,2,3744,8.079695251394837,1.0,1.0,1.1710031293641032,1.0,0.017230111126824616,0.13775022976701576,0,0.732
quantity_skew_extreme,25,cells,pre_mass_off,pre,mass,off,5,50,50,1.0,12,12,0.0,2.0,4,2,7200,1.061370812904089,0.6476962030308474,0.55,7.978002725095992,0.6316972648932184,7.082064847741231,0.4044898569087488,0,0.65
quantity_skew_extreme,25,cells,pre_mass_on,pre,mass,on,5,50,47,1.0,12,12,0.0,2.0,4,2,6768,1.0479141563940222,0.7625288797584177,0.5612903225806452,4.484304462885789,0.6354439865118022,7.257002476292119,0.340582905716571,0,0.597
quantity_skew_extreme,25,cells,post_fpmask_off,post,fpmask,off,5,50,50,1.0,12,12,0.0,2.0,4,2,7200,2.5487428830935897,0.7978785382309157,0.5641025641025641,7.6351635627334575,0.7489696515548895,1.1753475134724825,0.39697583550447996,0,1.339
quantity_skew_extreme,25,cells,post_massmask_off,post,massmask,off,5,50,50,1.0,12,12,0.0,2.0,4,2,7200,2.5494574205727085,0.7800038138549655,0.5641025641025641,7.580959411308023,0.7493443237167479,1.1663493329372312,0.3984768915427141,0,0.683
quantity_skew_extreme,25,cells,pre_fpmask_off,pre,fpmask,off,5,50,50,1.0,12,12,0.0,2.0,4,2,7200,1.0666774911013388,0.641391545706135,0.535483870967742,8.026222383422501,0.6369426751592356,7.054153846151982,0.403888539933689,0,1.313
quantity_skew_extreme,25,cells,pre_massmask_off,pre,massmask,off,5,50,50,1.0,12,12,0.0,2.0,4,2,7200,1.0632152754114856,0.6437666170198223,0.5,7.971060183622817,0.6350693143499438,7.051372751033861,0.4046612349923166,0,0.573
quantity_skew_extreme,26,cells,post_none_off,post,none,off,5,50,50,1.0,12,12,0.0,2.0,4,2,7200,2.193475517021543,0.894014088352308,0.6666666666666666,3.39745400829451,0.8351442487823155,0.7061354319771918,0.34024427254110473,0,0.739
quantity_skew_extreme,26,cells,post_none_on,post,none,on,5,50,31,1.0,12,12,0.0,2.0,4,2,4464,1.8523739370288241,0.7701342070116731,0.5245901639344263,0.834458359163893,0.6841513675533908,0.9886612611070562,0.252716964768091,0,0.418
quantity_skew_extreme,26,cells,post_footprint_off,post,footprint,off,5,50,50,1.0,12,12,0.0,2.0,4,2,7200,1.1067808194617614,0.8155433238406561,0.55,2.9716046561894425,0.7411015361558636,2.4258714413098215,0.30752130449891774,0,1.363
quantity_skew_extreme,26,cells,post_footprint_on,post,footprint,on,5,50,25,1.0,12,12,0.0,2.0,4,2,3600,1.1036484293048832,0.8320149382666018,0.5737704918032787,2.807689141113114,0.7336080929186961,2.4396159266689477,0.3016741208057368,0,0.702
quantity_skew_extreme,26,cells,post_mass_off,post,mass,off,5,50,50,1.0,12,12,0.0,2.0,4,2,7200,1.106310662663157,0.8199650925481391,0.55,2.963112172261223,0.7396028475084301,2.4209950207330024,0.3096044593304381,0,0.653
quantity_skew_extreme,26,cells,post_mass_on,post,mass,on,5,50,26,1.0,12,12,0.0,2.0,4,2,3744,1.1009292601941536,0.835245316439376,0.5737704918032787,2.6680549208625974,0.7373548145372799,2.444482653973345,0.2997321668042519,0,0.35
quantity_skew_extreme,26,cells,pre_none_off,pre,none,off,5,50,50,1.0,12,12,0.0,2.0,4,2,7200,1.2040235428541162,0.8012441651323501,0.529126213592233,3.528533499536321,0.7066316972648932,2.434020810093443,0.31168621011433445,0,0.654
quantity_skew_extreme,26,cells,pre_none_on,pre,none,on,5,50,41,1.0,12,12,0.0,2.0,4,2,5904,1.0188422153425298,0.7786824549398834,0.4918032786885246,0.8514862411403544,0.689396777819408,3.3809069416620923,0.2527762668470907,0,0.554
quantity_skew_extreme,26,cells,pre_footprint_off,pre,footprint,off,5,50,50,1.0,12,12,0.0,2.0,4,2,7200,1.1061137462847224,0.809464469073264,0.55,3.027925427435724,0.7467216185837392,2.474831276289186,0.3048630936261727,0,1.387
quantity_skew_extreme,26,cells,pre_footprint_on,pre,footprint,on,5,50,32,1.0,12,12,0.0,2.0,4,2,4608,1.0858633546995426,0.834442792009897,0.6229508196721312,2.9076960969648544,0.7351067815661296,2.5678331701693886,0.30367950818455,0,0.862
quantity_skew_extreme,26,cells,pre_mass_off,pre,mass,off,5,50,50,1.0,12,12,0.0,2.0,4,2,7200,1.1054112417970297,0.8116012212100161,0.55,3.025406119501474,0.7452229299363057,2.475916118299571,0.30490625837653335,0,0.636
quantity_skew_extreme,26,cells,pre_mass_on,pre,mass,on,5,50,26,1.0,12,12,0.0,2.0,4,2,3744,1.0985650425406528,0.8250087533936546,0.5737704918032787,2.8243069034304273,0.7433495691270139,2.5067775931433416,0.3015033556407669,0,0.336
quantity_skew_extreme,26,cells,post_fpmask_off,post,fpmask,off,5,50,50,1.0,12,12,0.0,2.0,4,2,7200,1.1022302763619025,0.838434429498752,0.639344262295082,3.37838365560313,0.7343574372424129,2.7807650410932263,0.34745778992277065,0,1.246
quantity_skew_extreme,26,cells,post_massmask_off,post,massmask,off,5,50,50,1.0,12,12,0.0,2.0,4,2,7200,1.1002114633166875,0.8342179532642454,0.6,3.37912209574826,0.7347321094042712,2.791589479027563,0.34742439316616397,0,0.575
quantity_skew_extreme,26,cells,pre_fpmask_off,pre,fpmask,off,5,50,50,1.0,12,12,0.0,2.0,4,2,7200,1.0855047751606859,0.8240615586788701,0.6229508196721312,3.0266526916694034,0.7463469464218808,2.5686155773466086,0.3059258012406925,0,1.233
quantity_skew_extreme,26,cells,pre_massmask_off,pre,massmask,off,5,50,50,1.0,12,12,0.0,2.0,4,2,7200,1.0928348733949484,0.8015196106734869,0.5372168284789643,3.534110043440842,0.7111277632071937,2.9591772373049827,0.3132236683687737,0,0.526
quantity_skew_extreme,27,cells,post_none_off,post,none,off,5,50,50,1.0,12,12,0.0,2.0,4,2,7200,1.227512520088092,0.8309832159054159,0.5755102040816327,2.121603673761984,0.7613338328962158,1.408031587811937,0.2846520513809822,0,0.634
quantity_skew_extreme,27,cells,post_none_on,post,none,on,5,50,35,1.0,12,12,0.0,2.0,4,2,5040,1.0902996774484555,0.7218877881570558,0.47959183673469385,0.7683647705933104,0.6335706257025103,1.926364090505882,0.31331306017310045,0,0.44
quantity_skew_extreme,27,cells,post_footprint_off,post,footprint,off,5,50,50,1.0,12,12,0.0,2.0,4,2,7200,1.1486541892723212,0.838780860087999,0.5346938775510204,2.1320210661066565,0.7388535031847133,1.6158940800306063,0.2847131836530776,0,1.383
quantity_skew_extreme,27,cells,post_footprint_on,post,footprint,on,5,50,23,1.0,12,12,0.0,2.0,4,2,3312,1.1442277738268665,0.8748988212862275,0.5428571428571428,2.384853670081242,0.6965155488947171,1.6301393979764511,0.3063702332088369,0,0.668
quantity_skew_extreme,27,cells,post_mass_off,post,mass,off,5,50,50,1.0,12,12,0.0,2.0,4,2,7200,1.149984154337576,0.8393760981832372,0.5387755102040817,2.1302234626919008,0.7403521918321468,1.61079937081928,0.28469898518914094,0,0.635
quantity_skew_extreme,27,cells,post_mass_on,post,mass,on,5,50,23,1.0,12,12,0.0,2.0,4,2,3312,1.1476083624325597,0.8910423781272612,0.5428571428571428,1.591989246523654,0.7478456350693143,1.6172905415200753,0.2752281235032799,0,0.316
quantity_skew_extreme,27,cells,pre_none_off,pre,none,off,5,50,50,1.0,12,12,0.0,2.0,4,2,7200,1.1532909884677616,0.8352038555156783,0.5510204081632653,2.1321037182774023,0.7437242412888723,1.6029889566317774,0.2847172597751908,0,0.649
quantity_skew_extreme,27,cells,pre_none_on,pre,none,on,5,50,32,1.0,12,12,0.0,2.0,4,2,4608,1.0223994408973927,0.7031130801300924,0.4489795918367347,0.7533485449985193,0.6309479205695017,2.083593569126534,0.3059084177432424,0,0.388
quantity_skew_extreme,27,cells,pre_footprint_off,pre,footprint,off,5,50,50,1.0,12,12,0.0,2.0,4,2,7200,1.1563669467310431,0.8262909209438671,0.5647249190938511,6.4183277623783335,0.5863619333083552,4.799881907110203,0.49250046337893805,0,1.341
quantity_skew_extreme,27,cells,pre_footprint_on,pre,footprint,on,5,50,33,1.0,12,12,0.0,2.0,4,2,4752,1.1543065211173862,0.836962837126311,0.560204081632653,3.552974215316453,0.5777444735856125,4.821104936285255,0.36277852180474063,0,0.889
quantity_skew_extreme,27,cells,pre_mass_off,pre,mass,off,5,50,50,1.0,12,12,0.0,2.0,4,2,7200,1.146442194004535,0.839721810238551,0.5346938775510204,2.1347672159976283,0.7362307980517048,1.6242250397185263,0.2848129570376923,0,0.599
quantity_skew_extreme,27,cells,pre_mass_on,pre,mass,on,5,50,23,1.0,12,12,0.0,2.0,4,2,3312,1.1453531530351644,0.8697061704554034,0.5469387755102041,2.0743958928911717,0.6961408767328587,1.6862999190937067,0.3017664271375048,0,0.267
quantity_skew_extreme,27,cells,post_fpmask_off,post,fpmask,off,5,50,50,1.0,12,12,0.0,2.0,4,2,7200,1.1402370645099924,0.8354589575564946,0.5510204081632653,2.128737552888148,0.7448482577744474,1.6373133898029364,0.2852607560547918,0,1.191
quantity_skew_extreme,27,cells,post_massmask_off,post,massmask,off,5,50,50,1.0,12,12,0.0,2.0,4,2,7200,1.1402433915170647,0.8354589575564946,0.5510204081632653,2.12873822781119,0.7448482577744474,1.6372957386434748,0.2852603676125544,0,0.509
quantity_skew_extreme,27,cells,pre_fpmask_off,pre,fpmask,off,5,50,50,1.0,12,12,0.0,2.0,4,2,7200,1.1446944006284459,0.8388603181007124,0.5469387755102041,2.1344013732741374,0.7422255526414387,1.6289095698520353,0.2850131389430822,0,1.156
quantity_skew_extreme,27,cells,pre_massmask_off,pre,massmask,off,5,50,50,1.0,12,12,0.0,2.0,4,2,7200,1.1447008733362725,0.8388603181007124,0.5469387755102041,2.134402080524712,0.7422255526414387,1.6288916883208853,0.2850127852294617,0,0.511
quantity_skew_extreme,28,cells,post_none_off,post,none,off,5,50,50,1.0,12,12,0.0,2.0,4,2,7200,0.9670925755834059,0.8066718395503311,0.5416666666666666,3.669145184757225,0.7856875234170101,3.9230947595651364,0.39969549789072806,0,0.646
quantity_skew_extreme,28,cells,post_none_on,post,none,on,5,50,50,1.0,12,12,0.0,2.0,4,2,7200,4.611367420964423,0.7717699447267484,0.5938303341902313,0.7333200732685518,0.7411015361558636,0.19082385813629954,0.28840863918713966,0,0.661
quantity_skew_extreme,28,cells,post_footprint_off,post,footprint,off,5,50,50,1.0,12,12,0.0,2.0,4,2,7200,1.102209871774405,0.8203782606054101,0.5655526992287918,3.76058713312461,0.7819408017984264,3.0954733043747913,0.34822211612703274,0,1.236
quantity_skew_extreme,28,cells,post_footprint_on,post,footprint,on,5,50,49,1.0,12,12,0.0,2.0,4,2,7056,1.0935809658007756,0.8483556838441291,0.519280205655527,3.583162657434185,0.7834394904458599,3.149918554461555,0.34735202183325947,0,1.289
quantity_skew_extreme,28,cells,post_mass_off,post,mass,off,5,50,50,1.0,12,12,0.0,2.0,4,2,7200,1.1228161933477872,0.8186245827239115,0.570694087403599,3.754262946094149,0.7886849007118771,2.9778810917568546,0.3473216044262508,0,0.624
quantity_skew_extreme,28,cells,post_mass_on,post,mass,on,5,50,50,1.0,12,12,0.0,2.0,4,2,7200,7.7012540763415895,1.0,1.0,1.3655974342445443,1.0,0.028222155106797295,0.16921602239535635,0,0.721
quantity_skew_extreme,28,cells,pre_none_off,pre,none,off,5,50,50,1.0,12,12,0.0,2.0,4,2,7200,7.998605775987612,1.0,1.0,1.144757599149123,1.0,0.017893073681487445,0.1383033367868081,0,0.715
quantity_skew_extreme,28,cells,pre_none_on,pre,none,on,5,50,38,1.0,12,12,0.0,2.0,4,2,5472,7.804145713228036,0.7918373767272723,0.5833333333333334,0.7415133390155042,0.7961783439490446,0.019133199102675,0.27814831679445,0,0.544
quantity_skew_extreme,28,cells,pre_footprint_off,pre,footprint,off,5,50,50,1.0,12,12,0.0,2.0,4,2,7200,8.023920834600407,1.0,1.0,1.1493242837867212,1.0,0.017851277963925195,0.13861377445219428,0,1.275
quantity_skew_extreme,28,cells,pre_footprint_on,pre,footprint,on,5,50,26,1.0,12,12,0.0,2.0,4,2,3744,8.029961719348556,1.0,1.0,1.1480387082411427,1.0,0.017756775441719115,0.1408085023462327,0,0.732
quantity_skew_extreme,28,cells,pre_mass_off,pre,mass,off,5,50,50,1.0,12,12,0.0,2.0,4,2,7200,8.02394452415659,1.0,1.0,1.1493282331191041,1.0,0.017851233897933198,0.13861367486194529,0,0.628
quantity_skew_extreme,28,cells,pre_mass_on,pre,mass,on,5,50,26,1.0,12,12,0.0,2.0,4,2,3744,8.03000668357119,1.0,1.0,1.1481091849419662,1.0,0.017756671840494866,0.1408145904489135,0,0.265
quantity_skew_extreme,28,cells,post_fpmask_off,post,fpmask,off,5,50,50,1.0,12,12,0.0,2.0,4,2,7200,7.788950648095884,1.0,1.0,1.2058341224423939,1.0,0.019876030984262157,0.14591133638679346,0,1.185
quantity_skew_extreme,28,cells,post_massmask_off,post,massmask,off,5,50,50,1.0,12,12,0.0,2.0,4,2,7200,7.786883624460107,1.0,1.0,1.2111893325225536,1.0,0.01997490252945702,0.14642513387394293,0,0.499
quantity_skew_extreme,28,cells,pre_fpmask_off,pre,fpmask,off,5,50,50,1.0,12,12,0.0,2.0,4,2,7200,8.024763016022568,1.0,1.0,1.1491451125784624,1.0,0.01784474895601707,0.13853933045459912,0,0.978
quantity_skew_extreme,28,cells,pre_massmask_off,pre,massmask,off,5,50,50,1.0,12,12,0.0,2.0,4,2,7200,8.024770174165615,1.0,1.0,1.149146086986185,1.0,0.01784473225205996,0.1385395528983336,0,0.407
quantity_skew_extreme,29,cells,post_none_off,post,none,off,5,50,50,1.0,12,12,0.0,2.0,4,2,7200,0.9523304159588075,0.9999149659863945,0.9989795918367347,6.476832463460529,0.9996253278381416,7.141465669516949,0.5809805065123825,0,0.555
quantity_skew_extreme,29,cells,post_none_on,post,none,on,5,50,50,1.0,12,12,0.0,2.0,4,2,7200,0.7153003729576375,0.6320377102692626,0.5,0.7960086038365329,0.502060696890221,13.762502134883096,0.3756586008265662,0,0.609
quantity_skew_extreme,29,cells,post_footprint_off,post,footprint,off,5,50,50,1.0,12,12,0.0,2.0,4,2,7200,1.0910227277112206,0.7759222306181025,0.5416666666666666,3.5761778135893527,0.7283626826526789,3.0043568034588413,0.32138935610634944,0,1.304
quantity_skew_extreme,29,cells,post_footprint_on,post,footprint,on,5,50,33,1.0,12,12,0.0,2.0,4,2,4752,1.1047630238567585,0.771617375006859,0.55,3.4508839909059215,0.7227426002248033,2.938974374024903,0.3214069353745179,0,0.926
quantity_skew_extreme,29,cells,post_mass_off,post,mass,off,5,50,50,1.0,12,12,0.0,2.0,4,2,7200,1.2770805445763376,0.784079142195819,0.5673469387755102,3.5391892102437588,0.7512176845260398,2.170037324379268,0.318262873054453,0,0.697
quantity_skew_extreme,29,cells,post_mass_on,post,mass,on,5,50,50,1.0,12,12,0.0,2.0,4,2,7200,7.468542105583251,1.0,1.0,1.0892447295119723,1.0,0.019280681533678103,0.12796012545871666,0,0.721
quantity_skew_extreme,29,cells,pre_none_off,pre,none,off,5,50,50,1.0,12,12,0.0,2.0,4,2,7200,1.37426014852139,0.7863447556685751,0.5755102040816327,3.536648208226638,0.7583364556013488,1.8726385389801095,0.3162380151401149,0,0.567
quantity_skew_extreme,29,cells,pre_none_on,pre,none,on,5,50,50,1.0,12,12,0.0,2.0,4,2,7200,1.2963936430777945,0.6650181617620274,0.5,0.8241069136770214,0.6223304608467591,2.124822864289353,0.3453090437688246,0,0.661
quantity_skew_extreme,29,cells,pre_footprint_off,pre,footprint,off,5,50,50,1.0,12,12,0.0,2.0,4,2,7200,1.1257048499596811,0.7767009744081953,0.5387755102040817,3.621524676261821,0.7085050580741851,2.8578693735744585,0.3188935895162704,0,1.357
quantity_skew_extreme,29,cells,pre_footprint_on,pre,footprint,on,5,50,33,1.0,12,12,0.0,2.0,4,2,4752,1.1121190345276653,0.7681293314368464,0.5416666666666666,3.477041176642633,0.7133757961783439,2.937449947447948,0.32038560467793203,0,0.89
quantity_skew_extreme,29,cells,pre_mass_off,pre,mass,off,5,50,50,1.0,12,12,0.0,2.0,4,2,7200,1.1646766098956594,0.7752630106194235,0.5469387755102041,3.6108312907528446,0.714499812663919,2.6619291371413647,0.3181513124426827,0,0.631
quantity_skew_extreme,29,cells,pre_mass_on,pre,mass,on,5,50,31,1.0,12,12,0.0,2.0,4,2,4464,1.1556558115478657,0.7678429193728363,0.5416666666666666,3.3382788389488365,0.7321094042712627,2.712241829418367,0.319609906882263,0,0.319
quantity_skew_extreme,29,cells,post_fpmask_off,post,fpmask,off,5,50,50,1.0,12,12,0.0,2.0,4,2,7200,1.0951155238676615,0.7743649036363532,0.5387755102040817,3.580911715324696,0.7122517796927689,2.9858895799194705,0.3238017205317194,0,1.198
quantity_skew_extreme,29,cells,post_massmask_off,post,massmask,off,5,50,50,1.0,12,12,0.0,2.0,4,2,7200,7.460975155130543,1.0,1.0,1.0779268971527756,1.0,0.01936413587093911,0.12407200758866667,0,0.552
quantity_skew_extreme,29,cells,pre_fpmask_off,pre,fpmask,off,5,50,50,1.0,12,12,0.0,2.0,4,2,7200,1.1230008313684285,0.7765118060866539,0.5469387755102041,3.615141177127114,0.7032596478081679,2.866586863422223,0.31854286053835196,0,0.982
quantity_skew_extreme,29,cells,pre_massmask_off,pre,massmask,off,5,50,50,1.0,12,12,0.0,2.0,4,2,7200,1.3509234060716078,0.7810228372571975,0.5714285714285714,3.549276665291339,0.7542150618209067,1.9448154732865595,0.3167114436172612,0,0.402
wine,20,cells,post_none_off,post,none,off,5,50,50,1.0,10,10,0.0,2.0,3,13,21000,1.9697359462778279,0.9242105263157894,0.8333333333333334,4.102551285365867,0.9213483146067416,1.057396814482303,0.8627199116886928,0,0.157
wine,20,cells,post_none_on,post,none,on,5,50,35,1.0,10,10,0.0,2.0,3,13,14700,0.8254336192291353,0.77640479876161,0.7,3.1948530365595427,0.601123595505618,6.155716296823332,0.7514244943087576,0,0.141
wine,20,cells,post_footprint_off,post,footprint,off,5,50,50,1.0,10,10,0.0,2.0,3,13,21000,3.5319981963703784,0.9733625730994152,0.8947368421052632,4.099794510650236,0.9719101123595506,0.3286405459264579,0.7767969959431072,0,0.475
wine,20,cells,post_footprint_on,post,footprint,on,5,50,36,1.0,10,10,0.0,2.0,3,13,15120,1.8626995038172631,0.8997286721706228,0.7777777777777778,3.8271509493413784,0.8314606741573034,1.211471207854454,0.7843572111340679,0,0.404
wine,20,cells,post_mass_off,post,mass,off,5,50,50,1.0,10,10,0.0,2.0,3,13,21000,3.3408313366532925,0.9628070175438597,0.8888888888888888,4.078168849861775,0.9606741573033708,0.3653895325310368,0.7888645617983203,0,0.167
wine,20,cells,post_mass_on,post,mass,on,5,50,34,1.0,10,10,0.0,2.0,3,13,14280,1.3830532014205204,0.8491825765393877,0.7368421052631579,3.6488374633350786,0.7696629213483146,2.209526438803309,0.7909512230925196,0,0.112
wine,20,cells,pre_none_off,pre,none,off,5,50,50,1.0,10,10,0.0,2.0,3,13,21000,3.122170781068014,0.9628070175438597,0.8888888888888888,4.06093730177709,0.9606741573033708,0.4165939649780014,0.8051689516346183,0,0.16
wine,20,cells,pre_none_on,pre,none,on,5,50,33,1.0,10,10,0.0,2.0,3,13,13860,1.4846804727126477,0.77640479876161,0.7,3.1951542947373563,0.6460674157303371,1.8954180707540598,0.7498876445878315,0,0.097
wine,20,cells,pre_footprint_off,pre,footprint,off,5,50,50,1.0,10,10,0.0,2.0,3,13,21000,3.6561099602303546,0.9733625730994152,0.8947368421052632,4.112281326407913,0.9719101123595506,0.30764107458317114,0.7706446970747052,0,0.521
wine,20,cells,pre_footprint_on,pre,footprint,on,5,50,50,1.0,10,10,0.0,2.0,3,13,21000,2.3013296322001113,0.9514035087719298,0.8333333333333334,3.82259663674279,0.8764044943820225,0.7828949231407315,0.7832457383931155,0,0.558
wine,20,cells,pre_mass_off,pre,mass,off,5,50,50,1.0,10,10,0.0,2.0,3,13,21000,3.4919859192952,0.9733625730994152,0.8947368421052632,4.099352086406085,0.9719101123595506,0.33617874615362736,0.7753557742766949,0,0.173
wine,20,cells,pre_mass_on,pre,mass,on,5,50,45,1.0,10,10,0.0,2.0,3,13,18900,2.21561636816659,0.898999828001376,0.7647058823529411,3.6905981124735083,0.8314606741573034,0.8470461535251199,0.7804831136029176,0,0.164
wine,20,cells,post_fpmask_off,post,fpmask,off,5,50,50,1.0,10,10,0.0,2.0,3,13,21000,2.5913636787658922,0.9458771929824561,0.8333333333333334,4.075414714761779,0.9438202247191011,0.6068971172636497,0.8449965450395633,0,0.493
wine,20,cells,post_massmask_off,post,massmask,off,5,50,50,1.0,10,10,0.0,2.0,3,13,21000,1.9697359462778279,0.9242105263157894,0.8333333333333334,4.102551285365867,0.9213483146067416,1.057396814482303,0.8627199116886928,0,0.266
wine,20,cells,pre_fpmask_off,pre,fpmask,off,5,50,50,1.0,10,10,0.0,2.0,3,13,21000,3.2531462123843564,0.9572514619883041,0.8333333333333334,4.074211824476355,0.9550561797752809,0.3849784669893255,0.7925450163810889,0,0.577
wine,20,cells,pre_massmask_off,pre,massmask,off,5,50,50,1.0,10,10,0.0,2.0,3,13,21000,3.122170781068014,0.9628070175438597,0.8888888888888888,4.06093730177709,0.9606741573033708,0.4165939649780014,0.8051689516346183,0,0.178
wine,21,cells,post_none_off,post,none,off,5,50,50,1.0,10,10,0.0,2.0,3,13,21000,1.8630556355170755,0.9344444444444443,0.7777777777777778,4.111089027151931,0.9325842696629213,1.1844186391966116,0.8592257572091238,0,0.174
wine,21,cells,post_none_on,post,none,on,5,50,46,1.0,10,10,0.0,2.0,3,13,19320,1.0810612867863605,0.7696336429308566,0.6666666666666666,3.256844383895246,0.6067415730337079,3.6761302028667155,0.7716632086152857,0,0.149
wine,21,cells,post_footprint_off,post,footprint,off,5,50,50,1.0,10,10,0.0,2.0,3,13,21000,3.592961471126495,0.9666666666666668,0.8888888888888888,4.109065039887658,0.9662921348314607,0.3183009210327044,0.7712119286937349,0,0.53
wine,21,cells,post_footprint_on,post,footprint,on,5,50,29,1.0,10,10,0.0,2.0,3,13,12180,3.532786743795136,0.9326388888888889,0.7777777777777778,3.872969393697028,0.9325842696629213,0.3290902099381502,0.749279822731803,0,0.314
wine,21,cells,post_mass_off,post,mass,off,5,50,50,1.0,10,10,0.0,2.0,3,13,21000,3.5003164867190364,0.9666666666666668,0.8888888888888888,4.088411198581056,0.9662921348314607,0.33368750298094857,0.7793359420663118,0,0.169
wine,21,cells,post_mass_on,post,mass,on,5,50,30,1.0,10,10,0.0,2.0,3,13,12600,2.433991107155484,0.9007090643274853,0.7777777777777778,3.7046926066761845,0.8146067415730337,0.6927727418391829,0.7839680462338082,0,0.097
wine,21,cells,pre_none_off,pre,none,off,5,50,50,1.0,10,10,0.0,2.0,3,13,21000,3.2196776063827466,0.9666666666666668,0.8888888888888888,4.062964718305347,0.9662921348314607,0.39193881667154973,0.7974858720931505,0,0.175
wine,21,cells,pre_none_on,pre,none,on,5,50,43,1.0,10,10,0.0,2.0,3,13,18060,1.3225221997742234,0.7696336429308566,0.6666666666666666,3.2576307066798638,0.6067415730337079,2.4431607746131916,0.7709046428639001,0,0.136
wine,21,cells,pre_footprint_off,pre,footprint,off,5,50,50,1.0,10,10,0.0,2.0,3,13,21000,3.571483450139518,0.9666666666666668,0.8888888888888888,4.113452823546683,0.9662921348314607,0.32248479066213415,0.7693787458071016,0,0.55
wine,21,cells,pre_footprint_on,pre,footprint,on,5,50,30,1.0,10,10,0.0,2.0,3,13,12600,3.4893123245455966,0.9381944444444444,0.8333333333333334,3.8786285152221907,0.9382022471910112,0.3377089675652221,0.7487059012313182,0,0.314
wine,21,cells,pre_mass_off,pre,mass,off,5,50,50,1.0,10,10,0.0,2.0,3,13,21000,3.540567779729546,0.9666666666666668,0.8888888888888888,4.106350715815556,0.9662921348314607,0.32757459538212697,0.7711963196061946,0,0.186
wine,21,cells,pre_mass_on,pre,mass,on,5,50,45,1.0,10,10,0.0,2.0,3,13,18900,2.788544660293735,0.8948267113863089,0.7777777777777778,3.7270846280427037,0.8089887640449438,0.5258399134986457,0.7820890394562752,0,0.161
wine,21,cells,post_fpmask_off,post,fpmask,off,5,50,50,1.0,10,10,0.0,2.0,3,13,21000,2.750223063868751,0.9347368421052632,0.8333333333333334,4.110808707537618,0.9325842696629213,0.5434898379229913,0.834604931364449,0,0.516
wine,21,cells,post_massmask_off,post,massmask,off,5,50,50,1.0,10,10,0.0,2.0,3,13,21000,1.8630556355170755,0.9344444444444443,0.7777777777777778,4.111089027151931,0.9325842696629213,1.1844186391966116,0.8592257572091238,0,0.158
wine,21,cells,pre_fpmask_off,pre,fpmask,off,5,50,50,1.0,10,10,0.0,2.0,3,13,21000,3.4849557621409017,0.9722222222222221,0.8888888888888888,4.089287811786393,0.9719101123595506,0.3367077704107471,0.7842360435965918,0,0.523
wine,21,cells,pre_massmask_off,pre,massmask,off,5,50,50,1.0,10,10,0.0,2.0,3,13,21000,3.2196776063827466,0.9666666666666668,0.8888888888888888,4.062964718305347,0.9662921348314607,0.39193881667154973,0.7974858720931505,0,0.174
wine,22,cells,post_none_off,post,none,off,5,50,50,1.0,10,10,0.0,2.0,3,13,21000,2.2803160418284576,0.894641812865497,0.7894736842105263,4.090492755814672,0.8932584269662921,0.7866572379160197,0.8545492098707784,0,0.163
wine,22,cells,post_none_on,post,none,on,5,50,50,1.0,10,10,0.0,2.0,3,13,21000,1.0170603735514607,0.7699260405916752,0.7222222222222222,3.2431047551555916,0.6685393258426966,4.064991215483271,0.7924750579084191,0,0.19
wine,22,cells,post_footprint_off,post,footprint,off,5,50,50,1.0,10,10,0.0,2.0,3,13,21000,3.574866127276831,0.9669590643274854,0.8888888888888888,4.1064787733478285,0.9662921348314607,0.3213290696309243,0.7700144301422598,0,0.54
wine,22,cells,post_footprint_on,post,footprint,on,5,50,18,1.0,10,10,0.0,2.0,3,13,7560,3.563777446992805,0.9146271929824561,0.8125,3.818339109004765,0.9157303370786517,0.3234517323215085,0.7432160998218311,0,0.201
wine,22,cells,post_mass_off,post,mass,off,5,50,50,1.0,10,10,0.0,2.0,3,13,21000,3.4095462259806615,0.9669590643274854,0.8888888888888888,4.088171441835784,0.9662921348314607,0.3516704962768495,0.7781907178199751,0,0.156
wine,22,cells,post_mass_on,post,mass,on,5,50,24,1.0,10,10,0.0,2.0,3,13,10080,3.3843715854999075,0.8826629686962505,0.7368421052631579,3.727632402310229,0.8820224719101124,0.357062153329626,0.753808750237578,0,0.079
wine,22,cells,pre_none_off,pre,none,off,5,50,50,1.0,10,10,0.0,2.0,3,13,21000,3.108686564654527,0.9544590643274853,0.875,4.069511472059204,0.9550561797752809,0.42110306714027324,0.7988881076774519,0,0.162
wine,22,cells,pre_none_on,pre,none,on,5,50,42,1.0,10,10,0.0,2.0,3,13,17640,1.93646265247087,0.7749260405916754,0.7222222222222222,3.243843742197542,0.6741573033707865,1.1068292282530594,0.7911833452723556,0,0.159
wine,22,cells,pre_footprint_off,pre,footprint,off,5,50,50,1.0,10,10,0.0,2.0,3,13,21000,3.6359798789746174,0.9725146198830409,0.9444444444444444,4.119201301702334,0.9719101123595506,0.31158035916689025,0.7662256683916197,0,0.533
wine,22,cells,pre_footprint_on,pre,footprint,on,5,50,17,1.0,10,10,0.0,2.0,3,13,7140,3.6236762523110353,0.9146271929824561,0.8125,3.827919146823004,0.9157303370786517,0.3137394961017246,0.7414719043780601,0,0.189
wine,22,cells,pre_mass_off,pre,mass,off,5,50,50,1.0,10,10,0.0,2.0,3,13,21000,3.558921927715813,0.9662646198830409,0.8888888888888888,4.113146651499891,0.9662921348314607,0.32474111113969173,0.7688479831288617,0,0.166
wine,22,cells,pre_mass_on,pre,mass,on,5,50,24,1.0,10,10,0.0,2.0,3,13,10080,3.5506112838950266,0.8826629686962505,0.7368421052631579,3.753763061683738,0.8820224719101124,0.3263636325144303,0.7493409752084745,0,0.088
wine,22,cells,post_fpmask_off,post,fpmask,off,5,50,50,1.0,10,10,0.0,2.0,3,13,21000,2.7341444783511686,0.8989473684210527,0.7894736842105263,4.0917832385565225,0.898876404494382,0.5473557681215363,0.8352697849680981,0,0.492
wine,22,cells,post_massmask_off,post,massmask,off,5,50,50,1.0,10,10,0.0,2.0,3,13,21000,2.2803160418284576,0.894641812865497,0.7894736842105263,4.090492755814672,0.8932584269662921,0.7866572379160197,0.8545492098707784,0,0.161
wine,22,cells,pre_fpmask_off,pre,fpmask,off,5,50,50,1.0,10,10,0.0,2.0,3,13,21000,3.3705944326141712,0.9600146198830408,0.875,4.08057615786268,0.9606741573033708,0.35917697585421743,0.7895760233197996,0,0.525
wine,22,cells,pre_massmask_off,pre,massmask,off,5,50,50,1.0,10,10,0.0,2.0,3,13,21000,3.108686564654527,0.9544590643274853,0.875,4.069511472059204,0.9550561797752809,0.42110306714027324,0.7988881076774519,0,0.166
wine,23,cells,post_none_off,post,none,off,5,50,50,1.0,10,10,0.0,2.0,3,13,21000,2.572176194818557,0.9405555555555555,0.8333333333333334,4.075043526687547,0.9382022471910112,0.615929241344119,0.844536895371833,0,0.167
wine,23,cells,post_none_on,post,none,on,5,50,26,1.0,10,10,0.0,2.0,3,13,10920,1.7396432104860122,0.7710517715858273,0.6842105263157895,3.2161657799723713,0.5224719101123596,1.4284682083364035,0.7545981635792554,0,0.111
wine,23,cells,post_footprint_off,post,footprint,off,5,50,50,1.0,10,10,0.0,2.0,3,13,21000,3.5448816334939197,0.967514619883041,0.8888888888888888,4.114895485832323,0.9662921348314607,0.3274577944973253,0.7701109220717862,0,0.525
wine,23,cells,post_footprint_on,post,footprint,on,5,50,23,1.0,10,10,0.0,2.0,3,13,9660,3.4860352670234724,0.9455847953216375,0.8333333333333334,3.88126112248756,0.9438202247191011,0.33870358897528885,0.7458317931657461,0,0.232
wine,23,cells,post_mass_off,post,mass,off,5,50,50,1.0,10,10,0.0,2.0,3,13,21000,3.4354111018773303,0.967514619883041,0.8888888888888888,4.0950803971235405,0.9662921348314607,0.34698044761830116,0.7777161080244659,0,0.178
wine,23,cells,post_mass_on,post,mass,on,5,50,22,1.0,10,10,0.0,2.0,3,13,9240,3.3643763365019175,0.8937302201582387,0.7777777777777778,3.777202064700155,0.8932584269662921,0.3618305905662217,0.7528433711609397,0,0.072
wine,23,cells,pre_none_off,pre,none,off,5,50,50,1.0,10,10,0.0,2.0,3,13,21000,3.269334288031007,0.9727777777777777,0.8888888888888888,4.070200857512549,0.9719101123595506,0.38080021323224933,0.7906882066854733,0,0.166
wine,23,cells,pre_none_on,pre,none,on,5,50,23,1.0,10,10,0.0,2.0,3,13,9660,1.7454603536728373,0.7766073271413828,0.6842105263157895,3.217670500470647,0.4943820224719101,1.4442575996096532,0.7545455299677213,0,0.112
wine,23,cells,pre_footprint_off,pre,footprint,off,5,50,50,1.0,10,10,0.0,2.0,3,13,21000,3.593008384285361,0.9725146198830409,0.8888888888888888,4.130429955144835,0.9719101123595506,0.3199475584851334,0.7655009236503685,0,0.543
wine,23,cells,pre_footprint_on,pre,footprint,on,5,50,27,1.0,10,10,0.0,2.0,3,13,11340,3.5532481510690754,0.9400292397660819,0.8333333333333334,3.895571601564287,0.9382022471910112,0.3272980738614964,0.7431611154597888,0,0.282
wine,23,cells,pre_mass_off,pre,mass,off,5,50,50,1.0,10,10,0.0,2.0,3,13,21000,3.575347026381604,0.9777777777777779,0.8888888888888888,4.123073465650386,0.9775280898876404,0.32254080892705134,0.766901957889428,0,0.173
wine,23,cells,pre_mass_on,pre,mass,on,5,50,25,1.0,10,10,0.0,2.0,3,13,10500,3.524519841231072,0.8992857757137944,0.7777777777777778,3.810215471359623,0.898876404494382,0.3319728693764481,0.748086459605094,0,0.106
wine,23,cells,post_fpmask_off,post,fpmask,off,5,50,50,1.0,10,10,0.0,2.0,3,13,21000,2.832323795831481,0.9405847953216375,0.8888888888888888,4.0753743238933975,0.9382022471910112,0.5080210441010936,0.8310245085674376,0,0.529
wine,23,cells,post_massmask_off,post,massmask,off,5,50,50,1.0,10,10,0.0,2.0,3,13,21000,2.572176194818557,0.9405555555555555,0.8333333333333334,4.075043526687547,0.9382022471910112,0.615929241344119,0.844536895371833,0,0.171
wine,23,cells,pre_fpmask_off,pre,fpmask,off,5,50,50,1.0,10,10,0.0,2.0,3,13,21000,3.461825906974632,0.9622514619883041,0.8888888888888888,4.09118156483389,0.9606741573033708,0.3413801825801066,0.7829085002143054,0,0.498
wine,23,cells,pre_massmask_off,pre,massmask,off,5,50,50,1.0,10,10,0.0,2.0,3,13,21000,3.269334288031007,0.9727777777777777,0.8888888888888888,4.070200857512549,0.9719101123595506,0.38080021323224933,0.7906882066854733,0,0.154
wine,24,cells,post_none_off,post,none,off,5,50,50,1.0,10,10,0.0,2.0,3,13,21000,2.5167985599018943,0.902217062263502,0.8333333333333334,4.087276231073721,0.898876404494382,0.6452634653217485,0.8509855455818788,0,0.171
wine,24,cells,post_none_on,post,none,on,5,50,28,1.0,10,10,0.0,2.0,3,13,11760,0.6408866791270359,0.7710977812177503,0.6111111111111112,3.276971073908493,0.6292134831460674,10.516015011319316,0.7847366468751419,0,0.089
wine,24,cells,post_footprint_off,post,footprint,off,5,50,50,1.0,10,10,0.0,2.0,3,13,21000,3.4341546371730236,0.9606746646026834,0.8947368421052632,4.123719612962066,0.9606741573033708,0.349662802402188,0.7726141639679645,0,0.519
wine,24,cells,post_footprint_on,post,footprint,on,5,50,25,1.0,10,10,0.0,2.0,3,13,10500,3.5962114084308947,0.928452442380461,0.8333333333333334,3.8766138676699478,0.9269662921348315,0.3188831789008878,0.7428902677430971,0,0.239
wine,24,cells,post_mass_off,post,mass,off,5,50,50,1.0,10,10,0.0,2.0,3,13,21000,3.306123402340356,0.9551191090471278,0.8888888888888888,4.099746377151673,0.9550561797752809,0.375075650608216,0.7817106068945576,0,0.179
wine,24,cells,post_mass_on,post,mass,on,5,50,30,1.0,10,10,0.0,2.0,3,13,12600,3.4165352539425458,0.9123413312693499,0.8333333333333334,3.7706482542692625,0.9101123595505618,0.35100998107646236,0.7551497819619184,0,0.123
wine,24,cells,pre_none_off,pre,none,off,5,50,50,1.0,10,10,0.0,2.0,3,13,21000,2.948048039063748,0.9495635534915721,0.8888888888888888,4.077089510861099,0.949438202247191,0.46911695967081846,0.8019817816756765,0,0.173
wine,24,cells,pre_none_on,pre,none,on,5,50,29,1.0,10,10,0.0,2.0,3,13,12180,2.314955736056739,0.7660977812177502,0.6111111111111112,3.277211195517365,0.6573033707865169,0.7725254859008592,0.7812615541783398,0,0.105
wine,24,cells,pre_footprint_off,pre,footprint,off,5,50,50,1.0,10,10,0.0,2.0,3,13,21000,3.4337752743650833,0.9551191090471276,0.8947368421052632,4.1325997193247765,0.9550561797752809,0.3504932057959468,0.7699512730215085,0,0.507
wine,24,cells,pre_footprint_on,pre,footprint,on,5,50,23,1.0,10,10,0.0,2.0,3,13,9660,3.5849075637075263,0.9340079979360165,0.8888888888888888,3.883276600036827,0.9325842696629213,0.3216071137009373,0.7416007386458077,0,0.248
wine,24,cells,pre_mass_off,pre,mass,off,5,50,50,1.0,10,10,0.0,2.0,3,13,21000,3.3885624364840434,0.9551191090471276,0.8947368421052632,4.123411552642228,0.9550561797752809,0.35910851162884744,0.7725408682507928,0,0.174
wine,24,cells,pre_mass_on,pre,mass,on,5,50,22,1.0,10,10,0.0,2.0,3,13,9240,3.4811795004966974,0.9178968868249054,0.8333333333333334,3.7995343921361746,0.9157303370786517,0.3402827149589143,0.7511549166122705,0,0.074
wine,24,cells,post_fpmask_off,post,fpmask,off,5,50,50,1.0,10,10,0.0,2.0,3,13,21000,2.539652602315762,0.9185913312693499,0.8333333333333334,4.085960454734785,0.9157303370786517,0.6334984133796824,0.8445725162561789,0,0.54
wine,24,cells,post_massmask_off,post,massmask,off,5,50,50,1.0,10,10,0.0,2.0,3,13,21000,2.5167985599018943,0.902217062263502,0.8333333333333334,4.087276231073721,0.898876404494382,0.6452634653217485,0.8509855455818788,0,0.154
wine,24,cells,pre_fpmask_off,pre,fpmask,off,5,50,50,1.0,10,10,0.0,2.0,3,13,21000,3.156868358577152,0.9495635534915721,0.8888888888888888,4.087603954105444,0.949438202247191,0.4101624194265245,0.7939588333417632,0,0.502
wine,24,cells,pre_massmask_off,pre,massmask,off,5,50,50,1.0,10,10,0.0,2.0,3,13,21000,2.948048039063748,0.9495635534915721,0.8888888888888888,4.077089510861099,0.949438202247191,0.46911695967081846,0.8019817816756765,0,0.157
wine,25,cells,post_none_off,post,none,off,5,50,50,1.0,10,10,0.0,2.0,3,13,21000,1.9589096938086177,0.9402923976608187,0.8333333333333334,4.107559511899804,0.9382022471910112,1.0704220177556059,0.8590826643043231,0,0.187
wine,25,cells,post_none_on,post,none,on,5,50,41,1.0,10,10,0.0,2.0,3,13,17220,0.979718464417406,0.7755860853113175,0.6842105263157895,3.197212237414711,0.5898876404494382,4.389361013123087,0.7677806919303297,0,0.129
wine,25,cells,post_footprint_off,post,footprint,off,5,50,50,1.0,10,10,0.0,2.0,3,13,21000,3.6330130999604333,0.9668201754385966,0.8888888888888888,4.105781280719963,0.9662921348314607,0.31107268846372454,0.7705763303293797,0,0.563
wine,25,cells,post_footprint_on,post,footprint,on,5,50,19,1.0,10,10,0.0,2.0,3,13,7980,3.6584266420155833,0.9386403508771929,0.8333333333333334,3.86233021444719,0.9382022471910112,0.30695083842817106,0.7469611487681973,0,0.193
wine,25,cells,post_mass_off,post,mass,off,5,50,50,1.0,10,10,0.0,2.0,3,13,21000,3.5326763985164,0.9668201754385966,0.8888888888888888,4.087327221682112,0.9662921348314607,0.327515376119426,0.7791873548347582,0,0.158
wine,25,cells,post_mass_on,post,mass,on,5,50,26,1.0,10,10,0.0,2.0,3,13,10920,1.9343150376906155,0.8817857757137944,0.7777777777777778,3.6997841506725493,0.7921348314606742,1.1059829141117328,0.7835693487033624,0,0.104
wine,25,cells,pre_none_off,pre,none,off,5,50,50,1.0,10,10,0.0,2.0,3,13,21000,3.305315297855106,0.9730701754385965,0.8888888888888888,4.069842225118925,0.9719101123595506,0.3725218799942057,0.7923620892715164,0,0.154
wine,25,cells,pre_none_on,pre,none,on,5,50,25,1.0,10,10,0.0,2.0,3,13,10500,1.8628344727586512,0.7758784829721361,0.631578947368421,3.197494039624514,0.6460674157303371,1.1934912605465646,0.7658233762119905,0,0.079
wine,25,cells,pre_footprint_off,pre,footprint,off,5,50,50,1.0,10,10,0.0,2.0,3,13,21000,3.71182909658166,0.9668201754385966,0.8888888888888888,4.12085716794188,0.9662921348314607,0.2990966977731454,0.7656931310593034,0,0.535
wine,25,cells,pre_footprint_on,pre,footprint,on,5,50,19,1.0,10,10,0.0,2.0,3,13,7980,3.7314677517797934,0.9386403508771929,0.8333333333333334,3.87382227070699,0.9382022471910112,0.29616270187436367,0.7444206368270393,0,0.177
wine,25,cells,pre_mass_off,pre,mass,off,5,50,50,1.0,10,10,0.0,2.0,3,13,21000,3.688145769205696,0.9668201754385966,0.8888888888888888,4.113427464432693,0.9662921348314607,0.30240410911052396,0.7683660620014998,0,0.149
wine,25,cells,pre_mass_on,pre,mass,on,5,50,27,1.0,10,10,0.0,2.0,3,13,11340,1.9265256449847306,0.8880357757137943,0.7777777777777778,3.7204611535349414,0.797752808988764,1.118562397100443,0.779039719747963,0,0.112
wine,25,cells,post_fpmask_off,post,fpmask,off,5,50,50,1.0,10,10,0.0,2.0,3,13,21000,2.442586115347072,0.9452923976608186,0.8333333333333334,4.077497033504059,0.9438202247191011,0.6834297589981776,0.84600900167028,0,0.453
wine,25,cells,post_massmask_off,post,massmask,off,5,50,50,1.0,10,10,0.0,2.0,3,13,21000,1.9589096938086177,0.9402923976608187,0.8333333333333334,4.107559511899804,0.9382022471910112,1.0704220177556059,0.8590826643043231,0,0.162
wine,25,cells,pre_fpmask_off,pre,fpmask,off,5,50,50,1.0,10,10,0.0,2.0,3,13,21000,3.566500584400274,0.9668201754385966,0.8888888888888888,4.09499306841781,0.9662921348314607,0.32193527962969626,0.7769563602810603,0,0.486
wine,25,cells,pre_massmask_off,pre,massmask,off,5,50,50,1.0,10,10,0.0,2.0,3,13,21000,3.305315297855106,0.9730701754385965,0.8888888888888888,4.069842225118925,0.9719101123595506,0.3725218799942057,0.7923620892715164,0,0.162
wine,26,cells,post_none_off,post,none,off,5,50,50,1.0,10,10,0.0,2.0,3,13,21000,1.645205962319735,0.9183625730994152,0.7777777777777778,4.127417979780953,0.9157303370786517,1.5248878434770003,0.872759022983035,0,0.156
wine,26,cells,post_none_on,post,none,on,5,50,37,1.0,10,10,0.0,2.0,3,13,15540,0.9753363736221035,0.7418068455452357,0.6666666666666666,3.161586365342832,0.6123595505617978,4.474520744579915,0.7803060112622057,0,0.125
wine,26,cells,post_footprint_off,post,footprint,off,5,50,50,1.0,10,10,0.0,2.0,3,13,21000,3.71284067104401,0.9678070175438597,0.8888888888888888,4.123129903061523,0.9662921348314607,0.29909860834358387,0.7685137066089476,0,0.551
wine,26,cells,post_footprint_on,post,footprint,on,5,50,24,1.0,10,10,0.0,2.0,3,13,10080,3.712799480083516,0.9287792397660819,0.8888888888888888,3.8339179395250853,0.9269662921348315,0.29926283298962736,0.7422200039572228,0,0.236
wine,26,cells,post_mass_off,post,mass,off,5,50,50,1.0,10,10,0.0,2.0,3,13,21000,3.5557176041894736,0.9678070175438597,0.8888888888888888,4.09643858337921,0.9662921348314607,0.3240051581238558,0.7759681145390079,0,0.159
wine,26,cells,post_mass_on,post,mass,on,5,50,50,1.0,10,10,0.0,2.0,3,13,21000,3.554391110713052,0.8901827485380117,0.6666666666666666,3.7430753423412266,0.8876404494382022,0.3244887117423585,0.7548253705186504,0,0.16
wine,26,cells,pre_none_off,pre,none,off,5,50,50,1.0,10,10,0.0,2.0,3,13,21000,3.2603914386443815,0.9678070175438597,0.8888888888888888,4.070228172609501,0.9662921348314607,0.38289462324099716,0.7930553714146223,0,0.166
wine,26,cells,pre_none_on,pre,none,on,5,50,50,1.0,10,10,0.0,2.0,3,13,21000,1.1101871573079456,0.7418068455452357,0.6666666666666666,3.1618153456920406,0.6123595505617978,3.4314553132193275,0.7784543810805337,0,0.177
wine,26,cells,pre_footprint_off,pre,footprint,off,5,50,50,1.0,10,10,0.0,2.0,3,13,21000,3.753928889551577,0.9678070175438597,0.8888888888888888,4.129797857213204,0.9662921348314607,0.2930601121700562,0.765837334176461,0,0.493
wine,26,cells,pre_footprint_on,pre,footprint,on,5,50,23,1.0,10,10,0.0,2.0,3,13,9660,3.750728916885742,0.9287792397660819,0.8888888888888888,3.836224952614342,0.9269662921348315,0.2934934096515357,0.7413071709425217,0,0.263
wine,26,cells,pre_mass_off,pre,mass,off,5,50,50,1.0,10,10,0.0,2.0,3,13,21000,3.696057860823228,0.9678070175438597,0.8888888888888888,4.117351032787275,0.9662921348314607,0.301398004400458,0.7682947138397489,0,0.141
wine,26,cells,pre_mass_on,pre,mass,on,5,50,50,1.0,10,10,0.0,2.0,3,13,21000,3.644116660203431,0.8957383040935673,0.6666666666666666,3.7612505846569757,0.8932584269662921,0.310160841693034,0.752165207174063,0,0.142
wine,26,cells,post_fpmask_off,post,fpmask,off,5,50,50,1.0,10,10,0.0,2.0,3,13,21000,2.462059016227502,0.9353216374269004,0.8421052631578947,4.111142595328397,0.9325842696629213,0.6782122390749423,0.8420734083885374,0,0.456
wine,26,cells,post_massmask_off,post,massmask,off,5,50,50,1.0,10,10,0.0,2.0,3,13,21000,1.645205962319735,0.9183625730994152,0.7777777777777778,4.127417979780953,0.9157303370786517,1.5248878434770003,0.872759022983035,0,0.145
wine,26,cells,pre_fpmask_off,pre,fpmask,off,5,50,50,1.0,10,10,0.0,2.0,3,13,21000,3.3951493477644554,0.9671125730994152,0.8947368421052632,4.095905033004125,0.9662921348314607,0.355330193620078,0.782241468709022,0,0.46
wine,26,cells,pre_massmask_off,pre,massmask,off,5,50,50,1.0,10,10,0.0,2.0,3,13,21000,3.2603914386443815,0.9678070175438597,0.8888888888888888,4.070228172609501,0.9662921348314607,0.38289462324099716,0.7930553714146223,0,0.158
wine,27,cells,post_none_off,post,none,off,5,50,50,1.0,10,10,0.0,2.0,3,13,21000,1.8613649898338316,0.9239181286549709,0.7222222222222222,4.106489681066435,0.9213483146067416,1.1852436949685092,0.8689882085463609,0,0.185
wine,27,cells,post_none_on,post,none,on,5,50,30,1.0,10,10,0.0,2.0,3,13,12600,1.6359471612677614,0.7496775025799793,0.6111111111111112,3.2380616114291323,0.6910112359550562,1.5432253614673277,0.7998270367991747,0,0.094
wine,27,cells,post_footprint_off,post,footprint,off,5,50,50,1.0,10,10,0.0,2.0,3,13,21000,3.3875889329988995,0.9677777777777778,0.8333333333333334,4.093810204746026,0.9662921348314607,0.3567354702719797,0.7815996299568228,0,0.498
wine,27,cells,post_footprint_on,post,footprint,on,5,50,20,1.0,10,10,0.0,2.0,3,13,8400,3.433061345895468,0.9270979532163743,0.8333333333333334,3.816359491863953,0.9269662921348315,0.34817562837359894,0.7603567927521448,0,0.233
wine,27,cells,post_mass_off,post,mass,off,5,50,50,1.0,10,10,0.0,2.0,3,13,21000,3.1267390113022375,0.9677777777777778,0.8333333333333334,4.077619880585432,0.9662921348314607,0.41708394584657005,0.7916644703823419,0,0.161
wine,27,cells,post_mass_on,post,mass,on,5,50,30,1.0,10,10,0.0,2.0,3,13,12600,3.1926194231045004,0.9107236842105264,0.7777777777777778,3.7059942965552586,0.9101123595505618,0.40023522638660036,0.7692228620314435,0,0.107
wine,27,cells,pre_none_off,pre,none,off,5,50,50,1.0,10,10,0.0,2.0,3,13,21000,2.940589013353809,0.9622222222222223,0.8333333333333334,4.061044871542951,0.9606741573033708,0.4696443776856028,0.8085296080455401,0,0.164
wine,27,cells,pre_none_on,pre,none,on,5,50,29,1.0,10,10,0.0,2.0,3,13,12180,2.434113203921721,0.7549406604747162,0.6111111111111112,3.2383886075017774,0.7078651685393258,0.6907639732942449,0.798011933791999,0,0.102
wine,27,cells,pre_footprint_off,pre,footprint,off,5,50,50,1.0,10,10,0.0,2.0,3,13,21000,3.4738068444513592,0.9733333333333334,0.8333333333333334,4.102067761269569,0.9719101123595506,0.3399315676353736,0.7780187564321848,0,0.484
wine,27,cells,pre_footprint_on,pre,footprint,on,5,50,21,1.0,10,10,0.0,2.0,3,13,8820,3.512878542162111,0.9267711558307534,0.8333333333333334,3.824260567421631,0.9269662921348315,0.3331924294035119,0.7582479122572771,0,0.216
wine,27,cells,pre_mass_off,pre,mass,off,5,50,50,1.0,10,10,0.0,2.0,3,13,21000,3.3579169218828286,0.9677777777777778,0.8333333333333334,4.094319365014995,0.9662921348314607,0.36311301985098826,0.7798697990012079,0,0.146
wine,27,cells,pre_mass_on,pre,mass,on,5,50,40,1.0,10,10,0.0,2.0,3,13,16800,3.4144374975295344,0.9162792397660819,0.8333333333333334,3.7361363315827103,0.9157303370786517,0.35166223136506325,0.7642502584930424,0,0.117
wine,27,cells,post_fpmask_off,post,fpmask,off,5,50,50,1.0,10,10,0.0,2.0,3,13,21000,1.8613649898338316,0.9239181286549709,0.7222222222222222,4.106489681066435,0.9213483146067416,1.1852436949685092,0.8689882085463609,0,0.451
wine,27,cells,post_massmask_off,post,massmask,off,5,50,50,1.0,10,10,0.0,2.0,3,13,21000,1.8613649898338316,0.9239181286549709,0.7222222222222222,4.106489681066435,0.9213483146067416,1.1852436949685092,0.8689882085463609,0,0.161
wine,27,cells,pre_fpmask_off,pre,fpmask,off,5,50,50,1.0,10,10,0.0,2.0,3,13,21000,3.183249408013185,0.9677777777777778,0.8333333333333334,4.063682495394847,0.9662921348314607,0.4010314515680878,0.7998856540875826,0,0.457
wine,27,cells,pre_massmask_off,pre,massmask,off,5,50,50,1.0,10,10,0.0,2.0,3,13,21000,2.940589013353809,0.9622222222222223,0.8333333333333334,4.061044871542951,0.9606741573033708,0.4696443776856028,0.8085296080455401,0,0.144
wine,28,cells,post_none_off,post,none,off,5,50,50,1.0,10,10,0.0,2.0,3,13,21000,2.4053062368224314,0.8957791537667699,0.7777777777777778,4.1017903019414765,0.8932584269662921,0.7089779023481878,0.850643182411371,0,0.155
wine,28,cells,post_none_on,post,none,on,5,50,30,1.0,10,10,0.0,2.0,3,13,12600,1.1460565311591475,0.7652644478844169,0.65,3.1752268454101427,0.47191011235955055,3.2818797385547915,0.7461243594942731,0,0.104
wine,28,cells,post_footprint_off,post,footprint,off,5,50,50,1.0,10,10,0.0,2.0,3,13,21000,3.6637120010483226,0.9777777777777776,0.9444444444444444,4.117842103540045,0.9775280898876404,0.30677999471077555,0.7681979974306701,0,0.48
wine,28,cells,post_footprint_on,post,footprint,on,5,50,50,1.0,10,10,0.0,2.0,3,13,21000,2.308674243466715,0.8999165806673547,0.8333333333333334,3.7978489086715572,0.8033707865168539,0.777014697953581,0.7757628459139412,0,0.473
wine,28,cells,post_mass_off,post,mass,off,5,50,50,1.0,10,10,0.0,2.0,3,13,21000,3.502650281893147,0.9725146198830409,0.9444444444444444,4.094359350300784,0.9719101123595506,0.33372781198018636,0.7764157967331559,0,0.138
wine,28,cells,post_mass_on,post,mass,on,5,50,35,1.0,10,10,0.0,2.0,3,13,14700,2.3881533212328456,0.8555912452700379,0.7777777777777778,3.6532386884409442,0.7584269662921348,0.723857472669097,0.7831786371109228,0,0.099
wine,28,cells,pre_none_off,pre,none,off,5,50,50,1.0,10,10,0.0,2.0,3,13,21000,3.285503846470813,0.9614035087719298,0.8333333333333334,4.068145586247814,0.9606741573033708,0.37687083216876516,0.7938924420211051,0,0.145
wine,28,cells,pre_none_on,pre,none,on,5,50,31,1.0,10,10,0.0,2.0,3,13,13020,1.6328291874018586,0.7715144478844169,0.65,3.1761674986697788,0.5449438202247191,1.6174142087014998,0.7439528278042145,0,0.092
wine,28,cells,pre_footprint_off,pre,footprint,off,5,50,50,1.0,10,10,0.0,2.0,3,13,21000,3.668142066366421,0.9727777777777777,0.9444444444444444,4.125605714307974,0.9719101123595506,0.30661643159968677,0.7658104655954434,0,0.451
wine,28,cells,pre_footprint_on,pre,footprint,on,5,50,43,1.0,10,10,0.0,2.0,3,13,18060,2.866073740311839,0.8896534227726178,0.7222222222222222,3.869841549695522,0.8258426966292135,0.5036906306776724,0.7768687920402237,0,0.387
wine,28,cells,pre_mass_off,pre,mass,off,5,50,50,1.0,10,10,0.0,2.0,3,13,21000,3.5882214279406313,0.967514619883041,0.9444444444444444,4.115211125406716,0.9662921348314607,0.3196197815089083,0.7688201225359758,0,0.14
wine,28,cells,pre_mass_on,pre,mass,on,5,50,31,1.0,10,10,0.0,2.0,3,13,13020,1.871530371680581,0.8547725318197454,0.7777777777777778,3.6836314068626423,0.7247191011235955,1.2014719710488941,0.7947407043873096,0,0.089
wine,28,cells,post_fpmask_off,post,fpmask,off,5,50,50,1.0,10,10,0.0,2.0,3,13,21000,2.4053062368224314,0.8957791537667699,0.7777777777777778,4.1017903019414765,0.8932584269662921,0.7089779023481878,0.850643182411371,0,0.404
wine,28,cells,post_massmask_off,post,massmask,off,5,50,50,1.0,10,10,0.0,2.0,3,13,21000,2.4053062368224314,0.8957791537667699,0.7777777777777778,4.1017903019414765,0.8932584269662921,0.7089779023481878,0.850643182411371,0,0.115
wine,28,cells,pre_fpmask_off,pre,fpmask,off,5,50,50,1.0,10,10,0.0,2.0,3,13,21000,3.402561712943327,0.9666322669418644,0.9411764705882353,4.083348908383451,0.9662921348314607,0.3526991953288955,0.7845642420814929,0,0.372
wine,28,cells,pre_massmask_off,pre,massmask,off,5,50,50,1.0,10,10,0.0,2.0,3,13,21000,3.285503846470813,0.9614035087719298,0.8333333333333334,4.068145586247814,0.9606741573033708,0.37687083216876516,0.7938924420211051,0,0.121
wine,29,cells,post_none_off,post,none,off,5,50,50,1.0,10,10,0.0,2.0,3,13,21000,1.9177808805588057,0.9344736842105263,0.8333333333333334,4.1140392537346075,0.9325842696629213,1.1185887881455476,0.8704689637182934,0,0.153
wine,29,cells,post_none_on,post,none,on,5,50,50,1.0,10,10,0.0,2.0,3,13,21000,1.999363700906302,0.7584391124871,0.6666666666666666,3.1669581618756744,0.7078651685393258,1.039948419073864,0.7704984612487923,0,0.145
wine,29,cells,post_footprint_off,post,footprint,off,5,50,50,1.0,10,10,0.0,2.0,3,13,21000,3.4226271996366155,0.9669246646026831,0.8947368421052632,4.102033281704898,0.9662921348314607,0.3501708456217092,0.77544809666528,0,0.496
wine,29,cells,post_footprint_on,post,footprint,on,5,50,26,1.0,10,10,0.0,2.0,3,13,10920,3.409756510093717,0.9263200894392846,0.8333333333333334,3.787174276922001,0.9269662921348315,0.3532532487396445,0.7473037364008643,0,0.236
wine,29,cells,post_mass_off,post,mass,off,5,50,50,1.0,10,10,0.0,2.0,3,13,21000,3.3189161439756028,0.9669246646026831,0.8947368421052632,4.081878109131589,0.9662921348314607,0.37056762378133434,0.7867134462779117,0,0.144
wine,29,cells,post_mass_on,post,mass,on,5,50,50,1.0,10,10,0.0,2.0,3,13,21000,3.3139778885282247,0.9210569315445476,0.8421052631578947,3.680242564443462,0.9213483146067416,0.3720856678938644,0.756545118805567,0,0.152
wine,29,cells,pre_none_off,pre,none,off,5,50,50,1.0,10,10,0.0,2.0,3,13,21000,3.157723530590752,0.9616959064327485,0.8333333333333334,4.065206216726243,0.9606741573033708,0.40769405094448186,0.8032572723787574,0,0.139
wine,29,cells,pre_none_on,pre,none,on,5,50,25,1.0,10,10,0.0,2.0,3,13,10500,2.7294313124485745,0.7484391124871,0.6666666666666666,3.1638823288205753,0.6910112359550562,0.5520533723749417,0.7652146365406907,0,0.073
wine,29,cells,pre_footprint_off,pre,footprint,off,5,50,50,1.0,10,10,0.0,2.0,3,13,21000,3.485667748360187,0.9728070175438596,0.8947368421052632,4.114823829042369,0.9719101123595506,0.33867198251458586,0.7708240275254331,0,0.462
wine,29,cells,pre_footprint_on,pre,footprint,on,5,50,26,1.0,10,10,0.0,2.0,3,13,10920,3.469537354045218,0.932202442380461,0.8333333333333334,3.800146620042403,0.9325842696629213,0.3425058939874815,0.7443715136028538,0,0.241
wine,29,cells,pre_mass_off,pre,mass,off,5,50,50,1.0,10,10,0.0,2.0,3,13,21000,3.5273960435631126,0.9783625730994153,0.8947368421052632,4.1062974951872535,0.9775280898876404,0.3300212943389966,0.7741110723598824,0,0.146
wine,29,cells,pre_mass_on,pre,mass,on,5,50,40,1.0,10,10,0.0,2.0,3,13,16800,3.5143498879489576,0.9210569315445476,0.8421052631578947,3.714925196689402,0.9213483146067416,0.3329530957567594,0.7508553792363352,0,0.116
wine,29,cells,post_fpmask_off,post,fpmask,off,5,50,50,1.0,10,10,0.0,2.0,3,13,21000,1.9177808805588057,0.9344736842105263,0.8333333333333334,4.1140392537346075,0.9325842696629213,1.1185887881455476,0.8704689637182934,0,0.409
wine,29,cells,post_massmask_off,post,massmask,off,5,50,50,1.0,10,10,0.0,2.0,3,13,21000,1.9177808805588057,0.9344736842105263,0.8333333333333334,4.1140392537346075,0.9325842696629213,1.1185887881455476,0.8704689637182934,0,0.117
wine,29,cells,pre_fpmask_off,pre,fpmask,off,5,50,50,1.0,10,10,0.0,2.0,3,13,21000,3.2874782350622085,0.967251461988304,0.8888888888888888,4.076696068715041,0.9662921348314607,0.3772094480607651,0.7886199815981244,0,0.369
wine,29,cells,pre_massmask_off,pre,massmask,off,5,50,50,1.0,10,10,0.0,2.0,3,13,21000,3.157723530590752,0.9616959064327485,0.8333333333333334,4.065206216726243,0.9606741573033708,0.40769405094448186,0.8032572723787574,0,0.122
satimage,20,cells,post_none_off,post,none,off,5,50,50,1.0,10,10,0.0,2.0,6,36,111000,2.606389395144425,0.7269172697731695,0.6059933407325194,4.165757552667333,0.7111975116640746,0.6132187006126566,0.6942768340702107,0,6.701
satimage,20,cells,post_none_on,post,none,on,5,50,33,1.0,10,10,0.0,2.0,6,36,73260,1.8696203812854466,0.49980057332823674,0.4180064308681672,2.7442789144202866,0.42581648522550547,1.3567091863587866,0.6730707239469983,0,3.788
satimage,20,cells,post_footprint_off,post,footprint,off,5,50,50,1.0,10,10,0.0,2.0,6,36,111000,2.243452574916351,0.658016029091278,0.4799357945425361,3.863067854605121,0.6018662519440124,0.7675356386590675,0.6263097663888315,0,7.799
satimage,20,cells,post_footprint_on,post,footprint,on,5,50,34,1.0,10,10,0.0,2.0,6,36,75480,2.1329775238134427,0.6592659301912545,0.5040128410914928,3.8221480569827424,0.6099533437013996,0.8510888224155789,0.6336668494573214,0,5.51
satimage,20,cells,post_mass_off,post,mass,off,5,50,50,1.0,10,10,0.0,2.0,6,36,111000,3.060251844301076,0.6876752345802829,0.48231511254019294,3.846878584497972,0.6608087091757388,0.41076567245542056,0.6096095173440658,0,6.054
satimage,20,cells,post_mass_on,post,mass,on,5,50,41,1.0,10,10,0.0,2.0,6,36,91020,2.1072237470313997,0.6733133524346282,0.5289389067524116,3.802599923079463,0.6189735614307932,0.8707447075870264,0.6340480832185182,0,4.924
satimage,20,cells,pre_none_off,pre,none,off,5,50,50,1.0,10,10,0.0,2.0,6,36,111000,2.3971635441383206,0.6395135689325311,0.47030497592295345,3.8422235798639415,0.6110419906687403,0.6686322257319844,0.635194296402065,0,5.858
satimage,20,cells,pre_none_on,pre,none,on,5,50,27,1.0,10,10,0.0,2.0,6,36,59940,2.408388205580106,0.4913846244911736,0.3729903536977492,2.7444271530904656,0.40279937791601866,0.6811932909491293,0.6640769927945916,0,3.071
satimage,20,cells,pre_footprint_off,pre,footprint,off,5,50,50,1.0,10,10,0.0,2.0,6,36,111000,2.0264145653208256,0.6543961433012396,0.49759229534510435,3.934095245915056,0.6080870917573873,0.9580502165360248,0.6254317571717922,0,7.166
satimage,20,cells,pre_footprint_on,pre,footprint,on,5,50,31,1.0,10,10,0.0,2.0,6,36,68820,1.9694881144431746,0.6566529563218519,0.5194228634850167,3.8749422194340033,0.6169517884914464,1.0165917795225299,0.632879446540417,0,4.838
satimage,20,cells,pre_mass_off,pre,mass,off,5,50,50,1.0,10,10,0.0,2.0,6,36,111000,2.0189971513338274,0.6535980197686847,0.49759229534510435,3.9318722129104837,0.6090202177293935,0.9645571891500915,0.6259896041041195,0,5.856
satimage,20,cells,pre_mass_on,pre,mass,on,5,50,25,1.0,10,10,0.0,2.0,6,36,55500,1.9459189881985273,0.6660109526588279,0.5313001605136437,3.853908324386995,0.6223950233281493,1.0391761426607011,0.6323909481171812,0,2.768
satimage,20,cells,post_fpmask_off,post,fpmask,off,5,50,50,1.0,10,10,0.0,2.0,6,36,111000,2.626532431691022,0.6315745552010817,0.41412520064205455,3.954931727276429,0.5926905132192846,0.573288797447047,0.6959345339409062,0,7.332
satimage,20,cells,post_massmask_off,post,massmask,off,5,50,50,1.0,10,10,0.0,2.0,6,36,111000,2.8188541923057464,0.6880021190312992,0.550561797752809,3.9365937538465987,0.6698289269051322,0.4954220986232218,0.6574448715332569,0,5.52
satimage,20,cells,pre_fpmask_off,pre,fpmask,off,5,50,50,1.0,10,10,0.0,2.0,6,36,111000,2.509979170523932,0.6337279027678552,0.46869983948635635,3.8721390952073524,0.6054432348367029,0.6146256984244209,0.6298967558030115,0,7.398
satimage,20,cells,pre_massmask_off,pre,massmask,off,5,50,50,1.0,10,10,0.0,2.0,6,36,111000,2.47229253946108,0.6365191595446913,0.4654895666131621,3.858188630934795,0.6074650077760497,0.6312243449639549,0.6310568953493435,0,5.929
satimage,21,cells,post_none_off,post,none,off,5,50,50,1.0,10,10,0.0,2.0,6,36,111000,2.525510419119411,0.7227194421291703,0.6254019292604501,4.259267837134313,0.7105754276827372,0.667784941811662,0.7052643858194597,0,7.101
satimage,21,cells,post_none_on,post,none,on,5,50,31,1.0,10,10,0.0,2.0,6,36,68820,1.1408017047045613,0.518508699921574,0.406099518459069,2.7534295134416142,0.40451010886469674,3.9789028336035286,0.667729014213169,0,4.185
satimage,21,cells,post_footprint_off,post,footprint,off,5,50,50,1.0,10,10,0.0,2.0,6,36,111000,3.101991318845213,0.6867660749028546,0.4903536977491961,3.8444570321868485,0.6618973561430793,0.3995341029350076,0.6085772475289605,0,8.764
satimage,21,cells,post_footprint_on,post,footprint,on,5,50,24,1.0,10,10,0.0,2.0,6,36,53280,2.9167269250376497,0.6831464441560336,0.48231511254019294,3.8023644280803612,0.6446345256609642,0.4537173017490912,0.6142827409194211,0,4.316
satimage,21,cells,post_mass_off,post,mass,off,5,50,50,1.0,10,10,0.0,2.0,6,36,111000,2.2793461418342145,0.6640707729123981,0.4938956714761376,3.8560380259324525,0.6057542768273717,0.7421996472120924,0.6251706196800834,0,6.462
satimage,21,cells,post_mass_on,post,mass,on,5,50,50,1.0,10,10,0.0,2.0,6,36,111000,2.13207238237501,0.6567847885677086,0.5168539325842697,3.791513642029377,0.6183514774494556,0.8506546634092335,0.6336366408863812,0,7.443
satimage,21,cells,pre_none_off,pre,none,off,5,50,50,1.0,10,10,0.0,2.0,6,36,111000,3.669733346186159,0.706571142111849,0.5466237942122186,3.81487552976813,0.6914463452566096,0.2832770271120418,0.6116198650485246,0,5.903
satimage,21,cells,pre_none_on,pre,none,on,5,50,31,1.0,10,10,0.0,2.0,6,36,68820,2.8159141185386063,0.5074216845906101,0.39486356340288925,2.7536055974151554,0.43888024883359256,0.6027051099293087,0.6618409247774197,0,4.187
satimage,21,cells,pre_footprint_off,pre,footprint,off,5,50,50,1.0,10,10,0.0,2.0,6,36,111000,2.7253461011525473,0.6769642077248166,0.4807073954983923,3.9241888388062547,0.64199066874028,0.5283315827818542,0.6099644014459842,0,9.044
satimage,21,cells,pre_footprint_on,pre,footprint,on,5,50,50,1.0,10,10,0.0,2.0,6,36,111000,2.519315872464893,0.6845864252932938,0.5176848874598071,3.87928881329385,0.6328149300155521,0.6226939828659444,0.6168548371091191,0,8.097
satimage,21,cells,pre_mass_off,pre,mass,off,5,50,50,1.0,10,10,0.0,2.0,6,36,111000,2.0523152263512174,0.660793515965918,0.5038845726970034,3.931118846714088,0.6105754276827372,0.93331455624732,0.6237005168047415,0,6.141
satimage,21,cells,pre_mass_on,pre,mass,on,5,50,30,1.0,10,10,0.0,2.0,6,36,66600,2.254072818879143,0.6906006168983886,0.521669341894061,3.895197542389979,0.62099533437014,0.7853742090272234,0.6224956037669946,0,3.947
satimage,21,cells,post_fpmask_off,post,fpmask,off,5,50,50,1.0,10,10,0.0,2.0,6,36,111000,2.833241674423482,0.6955525417438013,0.567524115755627,3.9328775457081666,0.6810264385692069,0.48994032043608116,0.6628276120003891,0,7.91
satimage,21,cells,post_massmask_off,post,massmask,off,5,50,50,1.0,10,10,0.0,2.0,6,36,111000,2.837700662358441,0.6944267871414335,0.567524115755627,3.935467013764125,0.6768273716951788,0.4887233774842114,0.6582233805470363,0,6.357
satimage,21,cells,pre_fpmask_off,pre,fpmask,off,5,50,50,1.0,10,10,0.0,2.0,6,36,111000,3.5850992127991614,0.7048141354879656,0.5434083601286174,3.8480841697825685,0.6895800933125972,0.2993933884305036,0.6093074975664613,0,7.86
satimage,21,cells,pre_massmask_off,pre,massmask,off,5,50,50,1.0,10,10,0.0,2.0,6,36,111000,3.590192410165736,0.7046401226693675,0.5401929260450161,3.83380831344228,0.6894245723172628,0.297436968348685,0.6107648924450076,0,6.432
satimage,22,cells,post_none_off,post,none,off,5,50,50,1.0,10,10,0.0,2.0,6,36,111000,2.455789571448344,0.6523542420437833,0.4301765650080257,4.214876103912037,0.6219284603421462,0.6988798376955119,0.727055427707454,0,6.746
satimage,22,cells,post_none_on,post,none,on,5,50,29,1.0,10,10,0.0,2.0,6,36,64380,2.6730785070335856,0.49116217300913484,0.391653290529695,2.732168323012236,0.4343701399688958,0.6092351150232335,0.6667881435093107,0,3.712
satimage,22,cells,post_footprint_off,post,footprint,off,5,50,50,1.0,10,10,0.0,2.0,6,36,111000,2.3121315580701074,0.6647608585820884,0.478330658105939,3.855028667107165,0.6048211508553655,0.7211116786334971,0.6249839531000727,0,8.418
satimage,22,cells,post_footprint_on,post,footprint,on,5,50,37,1.0,10,10,0.0,2.0,6,36,82140,2.1318870535359338,0.6595628044949579,0.5120385232744783,3.81330297527671,0.614307931570762,0.8508622318955771,0.6337467808260284,0,6.333
satimage,22,cells,post_mass_off,post,mass,off,5,50,50,1.0,10,10,0.0,2.0,6,36,111000,2.3048681131402473,0.6628394933638696,0.4767255216693419,3.8504452625557444,0.6074650077760497,0.7248010178428713,0.6268017635156687,0,5.874
satimage,22,cells,post_mass_on,post,mass,on,5,50,50,1.0,10,10,0.0,2.0,6,36,111000,2.059875525630613,0.664874179163872,0.5296950240770465,3.7927874230664615,0.6270606531881804,0.9118044932877212,0.6353447079212037,0,6.481
satimage,22,cells,pre_none_off,pre,none,off,5,50,50,1.0,10,10,0.0,2.0,6,36,111000,2.376425718274234,0.6362274420323665,0.43980738362760835,3.83576600604523,0.6104199066874028,0.6792092915616306,0.6351464738139956,0,6.193
satimage,22,cells,pre_none_on,pre,none,on,5,50,42,1.0,10,10,0.0,2.0,6,36,93240,2.4542180384733414,0.4853583730538788,0.38041733547351525,2.7367778065061787,0.432348367029549,0.6402647809638661,0.6631148899411031,0,5.377
satimage,22,cells,pre_footprint_off,pre,footprint,off,5,50,50,1.0,10,10,0.0,2.0,6,36,111000,2.0401285849013195,0.6519538707716681,0.48796147672552165,3.9269729143453493,0.6074650077760497,0.9435019974749026,0.6257543946703199,0,8.562
satimage,22,cells,pre_footprint_on,pre,footprint,on,5,50,50,1.0,10,10,0.0,2.0,6,36,111000,1.9683663170861398,0.6578246708107891,0.5305216426193119,3.8680011670846786,0.6242612752721617,1.0163360565239021,0.6332641739854011,0,7.442
satimage,22,cells,pre_mass_off,pre,mass,off,5,50,50,1.0,10,10,0.0,2.0,6,36,111000,2.034458839713138,0.6509601956900661,0.48314606741573035,3.9231632202014906,0.6093312597200622,0.9478477016786157,0.6260029852661527,0,6.257
satimage,22,cells,pre_mass_on,pre,mass,on,5,50,50,1.0,10,10,0.0,2.0,6,36,111000,1.9756644642331425,0.6628042494348075,0.5377207062600321,3.846596512574774,0.6287713841368585,1.0073425788779329,0.632866830010977,0,5.689
satimage,22,cells,post_fpmask_off,post,fpmask,off,5,50,50,1.0,10,10,0.0,2.0,6,36,111000,2.5165684064299088,0.6327564551283823,0.41639871382636656,3.888298926048451,0.5987558320373251,0.6139629515556853,0.668350474376327,0,7.062
satimage,22,cells,post_massmask_off,post,massmask,off,5,50,50,1.0,10,10,0.0,2.0,6,36,111000,2.444981341190865,0.6322035726143744,0.42765273311897106,3.9542866436878388,0.5973561430793157,0.6614805053478009,0.697539471731778,0,5.634
satimage,22,cells,pre_fpmask_off,pre,fpmask,off,5,50,50,1.0,10,10,0.0,2.0,6,36,111000,2.4886227949501176,0.6329627116838077,0.43820224719101125,3.8574136161151165,0.6082426127527216,0.6228422423108424,0.630206639816998,0,7.659
satimage,22,cells,pre_massmask_off,pre,massmask,off,5,50,50,1.0,10,10,0.0,2.0,6,36,111000,2.4185708059291753,0.6344462788926288,0.43980738362760835,3.8458586966387704,0.6085536547433904,0.6574696516729076,0.6321914582986845,0,6.678
satimage,23,cells,post_none_off,post,none,off,5,50,50,1.0,10,10,0.0,2.0,6,36,111000,2.5070239562071146,0.6450475680482344,0.4340836012861736,4.201241321730289,0.6111975116640747,0.6684372756763665,0.7258483793469668,0,7.102
satimage,23,cells,post_none_on,post,none,on,5,50,25,1.0,10,10,0.0,2.0,6,36,55500,2.3445690556089827,0.48808163353337913,0.39228295819935693,2.7463909433402813,0.4287713841368585,0.785733572403167,0.6672030445934374,0,3.044
satimage,23,cells,post_footprint_off,post,footprint,off,5,50,50,1.0,10,10,0.0,2.0,6,36,111000,2.6555887897331294,0.6714633082594379,0.4565916398713826,3.8376402138555448,0.6236391912908242,0.5441800335164235,0.616942933812665,0,8.253
satimage,23,cells,post_footprint_on,post,footprint,on,5,50,37,1.0,10,10,0.0,2.0,6,36,82140,2.2079337232972063,0.663806045228611,0.48231511254019294,3.823362584131543,0.6065318818040435,0.793352481016877,0.6323398435396438,0,6.492
satimage,23,cells,post_mass_off,post,mass,off,5,50,50,1.0,10,10,0.0,2.0,6,36,111000,3.0787976760649745,0.6859405635659795,0.478330658105939,3.8458418461728527,0.664696734059098,0.4057225257921193,0.6095806298499726,0,6.173
satimage,23,cells,post_mass_on,post,mass,on,5,50,50,1.0,10,10,0.0,2.0,6,36,111000,2.1478584920200654,0.6591457195503205,0.5096463022508039,3.7955957991495235,0.6161741835147745,0.8378509998269642,0.6353037469928408,0,7.073
satimage,23,cells,pre_none_off,pre,none,off,5,50,50,1.0,10,10,0.0,2.0,6,36,111000,2.4128897159274154,0.6388881367474042,0.4517684887459807,3.838834525435036,0.6073094867807154,0.6593628088734184,0.634451195387078,0,6.474
satimage,23,cells,pre_none_on,pre,none,on,5,50,32,1.0,10,10,0.0,2.0,6,36,71040,2.6746309569154336,0.47886774888218797,0.364951768488746,2.750480340742195,0.42737169517884915,0.5463876736842186,0.6632746168025859,0,4.177
satimage,23,cells,pre_footprint_off,pre,footprint,off,5,50,50,1.0,10,10,0.0,2.0,6,36,111000,2.0606695970937996,0.6559104263421114,0.4790996784565916,3.9290819962918007,0.6057542768273717,0.9252825354570485,0.6239711954243646,0,7.689
satimage,23,cells,pre_footprint_on,pre,footprint,on,5,50,50,1.0,10,10,0.0,2.0,6,36,111000,2.0468570723256407,0.661392773528388,0.5096463022508039,3.8721829839697404,0.6129082426127527,0.9391155377263606,0.6317022827752039,0,8.0
satimage,23,cells,pre_mass_off,pre,mass,off,5,50,50,1.0,10,10,0.0,2.0,6,36,111000,2.0550480500762403,0.6522469389978236,0.4758842443729904,3.9270124408478115,0.6073094867807154,0.9298616049456457,0.6246855390666604,0,6.513
satimage,23,cells,pre_mass_on,pre,mass,on,5,50,50,1.0,10,10,0.0,2.0,6,36,111000,2.03744095062572,0.6546799087370458,0.516093229744728,3.8454176173488164,0.6174183514774495,0.9475631851177826,0.63369915859559,0,6.04
satimage,23,cells,post_fpmask_off,post,fpmask,off,5,50,50,1.0,10,10,0.0,2.0,6,36,111000,2.6072571301100487,0.6363938913132287,0.42765273311897106,3.821678703216254,0.6032659409020218,0.5621943084408083,0.6509959726390803,0,7.585
satimage,23,cells,post_massmask_off,post,massmask,off,5,50,50,1.0,10,10,0.0,2.0,6,36,111000,2.565334219969076,0.6290848165583205,0.41639871382636656,3.9496621224119397,0.5922239502332814,0.6001668950608957,0.694477734484929,0,6.557
satimage,23,cells,pre_fpmask_off,pre,fpmask,off,5,50,50,1.0,10,10,0.0,2.0,6,36,111000,2.529236384540238,0.6339028273964165,0.4533762057877814,3.868466046301777,0.6040435458786936,0.60472781921433,0.6291888549732072,0,8.01
satimage,23,cells,pre_massmask_off,pre,massmask,off,5,50,50,1.0,10,10,0.0,2.0,6,36,111000,2.454951185438373,0.6375023980155465,0.4517684887459807,3.8504918165941397,0.6049766718506998,0.6388964614307432,0.6312509748100689,0,6.125
satimage,24,cells,post_none_off,post,none,off,5,50,50,1.0,10,10,0.0,2.0,6,36,111000,2.6890159666256688,0.7305137085532932,0.609322974472808,4.1453474554421526,0.712597200622084,0.573289749080046,0.6898580244452139,0,6.136
satimage,24,cells,post_none_on,post,none,on,5,50,47,1.0,10,10,0.0,2.0,6,36,104340,0.9270965098643867,0.5099567332369952,0.40353697749196143,2.7432019218859427,0.4166407465007776,5.280234584941989,0.6609527801836571,0,6.913
satimage,24,cells,post_footprint_off,post,footprint,off,5,50,50,1.0,10,10,0.0,2.0,6,36,111000,3.052401031489284,0.6891581900243146,0.48154093097913325,3.8454690906578506,0.6628304821150856,0.41273009897413143,0.6088140998362935,0,7.616
satimage,24,cells,post_footprint_on,post,footprint,on,5,50,27,1.0,10,10,0.0,2.0,6,36,59940,2.9212397504048964,0.680348452977849,0.45585874799357945,3.796300459357887,0.6488335925349922,0.4520199681712243,0.6137483473894939,0,3.82
satimage,24,cells,post_mass_off,post,mass,off,5,50,50,1.0,10,10,0.0,2.0,6,36,111000,3.134067650396014,0.6917098813934033,0.4943820224719101,3.8381524194803216,0.6662519440124417,0.39075584582567885,0.6091621493484807,0,6.957
satimage,24,cells,post_mass_on,post,mass,on,5,50,28,1.0,10,10,0.0,2.0,6,36,62160,2.946959201335131,0.6789346488564691,0.4510433386837881,3.770392636683517,0.6488335925349922,0.4439352064989007,0.6149807617669347,0,3.501
satimage,24,cells,pre_none_off,pre,none,off,5,50,50,1.0,10,10,0.0,2.0,6,36,111000,3.6283253461371903,0.7059879601045691,0.5553772070626003,3.8084127532582133,0.6870917573872473,0.28928876374560264,0.6096710831686576,0,6.627
satimage,24,cells,pre_none_on,pre,none,on,5,50,50,1.0,10,10,0.0,2.0,6,36,111000,2.67622806774706,0.5105194462908167,0.3745980707395498,2.753010889509884,0.44665629860031103,0.5503683028037837,0.6544754992832692,0,6.012
satimage,24,cells,pre_footprint_off,pre,footprint,off,5,50,50,1.0,10,10,0.0,2.0,6,36,111000,2.755755103231212,0.6814937522106026,0.45425361155698235,3.9207903060020457,0.6486780715396578,0.5162884091107787,0.6087364347799239,0,7.394
satimage,24,cells,pre_footprint_on,pre,footprint,on,5,50,26,1.0,10,10,0.0,2.0,6,36,57720,2.6889462697502533,0.6801343053860005,0.46869983948635635,3.8549688897980814,0.6429237947122861,0.54369834496635,0.6137749186427675,0,4.014
satimage,24,cells,pre_mass_off,pre,mass,off,5,50,50,1.0,10,10,0.0,2.0,6,36,111000,2.741603066791114,0.682021091851011,0.45585874799357945,3.926125953388677,0.6505443234836703,0.5223421514981091,0.6095498744999837,0,5.962
satimage,24,cells,pre_mass_on,pre,mass,on,5,50,29,1.0,10,10,0.0,2.0,6,36,64380,2.6417102757672777,0.6791524516481265,0.4590690208667737,3.8357235619349264,0.643701399688958,0.5645255762396088,0.6152454318039912,0,3.106
satimage,24,cells,post_fpmask_off,post,fpmask,off,5,50,50,1.0,10,10,0.0,2.0,6,36,111000,2.927126298555071,0.6999439113546183,0.562708102108768,3.8991745832755504,0.6821150855365474,0.45508210438399627,0.6547286602961906,0,7.114
satimage,24,cells,post_massmask_off,post,massmask,off,5,50,50,1.0,10,10,0.0,2.0,6,36,111000,2.9303040879683726,0.6987873255922186,0.562708102108768,3.896931535160162,0.6791601866251944,0.4538343813585246,0.6519505324348469,0,6.045
satimage,24,cells,pre_fpmask_off,pre,fpmask,off,5,50,50,1.0,10,10,0.0,2.0,6,36,111000,3.7387096499104877,0.7030533943860177,0.5489566613162119,3.832939765314545,0.6839813374805599,0.2742133007666976,0.6073736306858908,0,7.565
satimage,24,cells,pre_massmask_off,pre,massmask,off,5,50,50,1.0,10,10,0.0,2.0,6,36,111000,3.7170947822346196,0.7030137416660829,0.5457463884430177,3.82337444295361,0.6838258164852256,0.27671937122858736,0.6091856465338692,0,6.154
satimage,25,cells,post_none_off,post,none,off,5,50,50,1.0,10,10,0.0,2.0,6,36,111000,2.5920464411258433,0.72836162748769,0.5871254162042175,4.15731792093105,0.7083981337480559,0.6187677645908964,0.6929925410429392,0,6.11
satimage,25,cells,post_none_on,post,none,on,5,50,50,1.0,10,10,0.0,2.0,6,36,111000,2.190490078506532,0.49684937613177915,0.38845726970033295,2.7463197597866706,0.3692068429237947,1.0940922515108522,0.6687183140814733,0,6.475
satimage,25,cells,post_footprint_off,post,footprint,off,5,50,50,1.0,10,10,0.0,2.0,6,36,111000,3.0146961146623488,0.689818119264798,0.4919614147909968,3.8465237974648443,0.6606531881804043,0.4232347720629152,0.6087788886570263,0,8.366
satimage,25,cells,post_footprint_on,post,footprint,on,5,50,40,1.0,10,10,0.0,2.0,6,36,88800,1.4175565626343092,0.6084490180238824,0.5435244161358811,3.930208654159618,0.5723172628304821,2.0209812373589244,0.6263461104746312,0,5.818
satimage,25,cells,post_mass_off,post,mass,off,5,50,50,1.0,10,10,0.0,2.0,6,36,111000,3.081592603764331,0.6908070924663141,0.5,3.8387517588164637,0.6629860031104199,0.4042402764860078,0.6091676340831066,0,6.122
satimage,25,cells,post_mass_on,post,mass,on,5,50,33,1.0,10,10,0.0,2.0,6,36,73260,1.6068149772934552,0.5862206441519888,0.5080385852090032,3.793899967924697,0.5447900466562986,1.5421001795936258,0.6286919113443681,0,3.908
satimage,25,cells,pre_none_off,pre,none,off,5,50,50,1.0,10,10,0.0,2.0,6,36,111000,3.490529884172678,0.7033899382822587,0.5369774919614148,3.8112374449147732,0.6827371695178849,0.3128119139900504,0.6105037063296094,0,6.542
satimage,25,cells,pre_none_on,pre,none,on,5,50,33,1.0,10,10,0.0,2.0,6,36,73260,1.979323549421535,0.4848748462042473,0.3852327447833066,2.750530125058066,0.37744945567651633,1.1667363922986131,0.6651559405114084,0,3.932
satimage,25,cells,pre_footprint_off,pre,footprint,off,5,50,50,1.0,10,10,0.0,2.0,6,36,111000,2.6324640506162758,0.6814279771054699,0.48231511254019294,3.9189513959918343,0.643701399688958,0.5655161070989696,0.6094821305271743,0,7.327
satimage,25,cells,pre_footprint_on,pre,footprint,on,5,50,50,1.0,10,10,0.0,2.0,6,36,111000,1.4359215813462611,0.6049221944608221,0.5371549893842887,3.927169673772542,0.5699844479004665,1.975750203364858,0.6246822312717054,0,7.226
satimage,25,cells,pre_mass_off,pre,mass,off,5,50,50,1.0,10,10,0.0,2.0,6,36,111000,2.6356920967256,0.6808253482019617,0.477491961414791,3.920780864769824,0.6460342146189736,0.5643950827123392,0.6102758494001569,0,6.436
satimage,25,cells,pre_mass_on,pre,mass,on,5,50,50,1.0,10,10,0.0,2.0,6,36,111000,1.6195595845516244,0.5852134468514785,0.45585874799357945,3.8112004319150308,0.5315707620528771,1.5363372442336043,0.6280844136869541,0,5.776
satimage,25,cells,post_fpmask_off,post,fpmask,off,5,50,50,1.0,10,10,0.0,2.0,6,36,111000,3.75089061972732,0.7117474502393316,0.5693673695893452,3.773087509815928,0.6912908242612753,0.2681810447734414,0.6125083140151583,0,7.244
satimage,25,cells,post_massmask_off,post,massmask,off,5,50,50,1.0,10,10,0.0,2.0,6,36,111000,2.8003484746219796,0.7067153683634653,0.5749167591564928,3.9347175336107894,0.6889580093312597,0.5017523372610725,0.6703905755433499,0,6.048
satimage,25,cells,pre_fpmask_off,pre,fpmask,off,5,50,50,1.0,10,10,0.0,2.0,6,36,111000,3.6142638528064834,0.7013836893930387,0.5337620578778135,3.8424756422283584,0.6805598755832037,0.29415173519037163,0.6077360052130006,0,8.483
satimage,25,cells,pre_massmask_off,pre,massmask,off,5,50,50,1.0,10,10,0.0,2.0,6,36,111000,3.5897845384786904,0.7023923687168192,0.5321543408360129,3.8277066282411307,0.68149300155521,0.29703106940451934,0.6092748416209645,0,8.458
satimage,26,cells,post_none_off,post,none,off,5,50,50,1.0,10,10,0.0,2.0,6,36,111000,2.537357928610396,0.657134462512146,0.4437299035369775,4.2036062627399255,0.6152410575427683,0.6529178789308061,0.7244378093980686,0,5.869
satimage,26,cells,post_none_on,post,none,on,5,50,49,1.0,10,10,0.0,2.0,6,36,108780,1.334434511716615,0.5148197626301095,0.40930979133226325,2.7522864484369864,0.41135303265940903,2.6081524517920607,0.6579446018785982,0,6.786
satimage,26,cells,post_footprint_off,post,footprint,off,5,50,50,1.0,10,10,0.0,2.0,6,36,111000,2.269881194949646,0.6642610053427926,0.48635634028892455,3.856208854926603,0.6038880248833592,0.7484353532239942,0.6248712447498002,0,8.668
satimage,26,cells,post_footprint_on,post,footprint,on,5,50,50,1.0,10,10,0.0,2.0,6,36,111000,2.1710543422914026,0.6698818197547337,0.51165371809101,3.816672654367112,0.6093312597200622,0.8197927503641005,0.6319008488370649,0,8.003
satimage,26,cells,post_mass_off,post,mass,off,5,50,50,1.0,10,10,0.0,2.0,6,36,111000,2.261951251222755,0.6624966395565446,0.48154093097913325,3.849788303035859,0.6066874027993779,0.7524373873556649,0.626326310889573,0,6.433
satimage,26,cells,post_mass_on,post,mass,on,5,50,50,1.0,10,10,0.0,2.0,6,36,111000,2.2739433008215855,0.6867392955422411,0.5329052969502408,3.791789718049586,0.6107309486780715,0.7457238063308089,0.6305097702185948,0,6.314
satimage,26,cells,pre_none_off,pre,none,off,5,50,50,1.0,10,10,0.0,2.0,6,36,111000,2.424878229499079,0.6478553710653084,0.4767255216693419,3.8378427275385443,0.6062208398133748,0.6526905198597817,0.6332219068730663,0,6.087
satimage,26,cells,pre_none_on,pre,none,on,5,50,50,1.0,10,10,0.0,2.0,6,36,111000,2.1282983038742844,0.5089643003192,0.3987138263665595,2.755431314536795,0.4101088646967341,0.8920557458150039,0.650132694898866,0,5.947
satimage,26,cells,pre_footprint_off,pre,footprint,off,5,50,50,1.0,10,10,0.0,2.0,6,36,111000,2.022090809587617,0.6556113299285923,0.4943820224719101,3.93623631553515,0.6057542768273717,0.9626753536279931,0.6249698304954003,0,8.201
satimage,26,cells,pre_footprint_on,pre,footprint,on,5,50,42,1.0,10,10,0.0,2.0,6,36,93240,2.0105845933716058,0.6624458094322091,0.5127635960044395,3.874209679381381,0.6122861586314152,0.9746842843646956,0.6311878207923395,0,7.236
satimage,26,cells,pre_mass_off,pre,mass,off,5,50,50,1.0,10,10,0.0,2.0,6,36,111000,2.0293539271648697,0.6538487068623712,0.48796147672552165,3.9313827514059483,0.6066874027993779,0.9546182556736766,0.6251936147281945,0,6.154
satimage,26,cells,pre_mass_on,pre,mass,on,5,50,39,1.0,10,10,0.0,2.0,6,36,86580,2.475863992449784,0.5930812720363244,0.5136436597110754,3.781147110674373,0.5499222395023328,0.650431099554509,0.6233047143383398,0,5.125
satimage,26,cells,post_fpmask_off,post,fpmask,off,5,50,50,1.0,10,10,0.0,2.0,6,36,111000,2.4699713029488604,0.6390177897517744,0.432475884244373,3.8126854778539205,0.5990668740279937,0.6249527238247832,0.63872026889715,0,8.076
satimage,26,cells,post_massmask_off,post,massmask,off,5,50,50,1.0,10,10,0.0,2.0,6,36,111000,2.43961114719916,0.6385373176169779,0.43890675241157556,3.9463109532671603,0.5931570762052877,0.6630558097318262,0.6938310406694213,0,7.928
satimage,26,cells,pre_fpmask_off,pre,fpmask,off,5,50,50,1.0,10,10,0.0,2.0,6,36,111000,2.5320632246562607,0.6435100709625533,0.4742765273311897,3.867153148221648,0.6031104199066875,0.6031735379471989,0.6281174465892733,0,11.37
satimage,26,cells,pre_massmask_off,pre,massmask,off,5,50,50,1.0,10,10,0.0,2.0,6,36,111000,2.4965991256867164,0.6453693264125355,0.477491961414791,3.853202256431096,0.6034214618973561,0.6181931347529234,0.6291955027994965,0,9.052
satimage,27,cells,post_none_off,post,none,off,5,50,50,1.0,10,10,0.0,2.0,6,36,111000,2.4154400652309933,0.6540699689780836,0.4212218649517685,4.210703122565602,0.6203732503888025,0.7217089497671195,0.7241090609040568,0,6.573
satimage,27,cells,post_none_on,post,none,on,5,50,23,1.0,10,10,0.0,2.0,6,36,51060,1.2076228750028348,0.4950153568077626,0.4173354735152488,2.739959333151256,0.4121306376360809,3.069853513861452,0.6649941172687374,0,2.755
satimage,27,cells,post_footprint_off,post,footprint,off,5,50,50,1.0,10,10,0.0,2.0,6,36,111000,2.923159504339361,0.6862516653212174,0.4887459807073955,3.8524722142086953,0.6508553654743391,0.45085250588377546,0.6102740931248712,0,7.243
satimage,27,cells,post_footprint_on,post,footprint,on,5,50,50,1.0,10,10,0.0,2.0,6,36,111000,2.351512994588651,0.6627763758514619,0.48314606741573035,3.808795941250494,0.5998444790046656,0.6985261852571948,0.6309349476239176,0,8.143
satimage,27,cells,post_mass_off,post,mass,off,5,50,50,1.0,10,10,0.0,2.0,6,36,111000,3.06662307026835,0.693148586661186,0.5096463022508039,3.851931416370291,0.6636080870917573,0.4095979258791697,0.6094552048405083,0,5.567
satimage,27,cells,post_mass_on,post,mass,on,5,50,44,1.0,10,10,0.0,2.0,6,36,97680,2.40094806455237,0.6774810478292478,0.5120385232744783,3.7834956673911013,0.608398133748056,0.6686149273715001,0.6298265624134247,0,4.815
satimage,27,cells,pre_none_off,pre,none,off,5,50,50,1.0,10,10,0.0,2.0,6,36,111000,2.5331459640857337,0.6364904772554583,0.43659711075441415,3.836171830811007,0.6055987558320374,0.5978298852056337,0.6340601453159316,0,5.565
satimage,27,cells,pre_none_on,pre,none,on,5,50,29,1.0,10,10,0.0,2.0,6,36,64380,2.5690328545752927,0.4912599725678198,0.40353697749196143,2.757938305002875,0.39331259720062206,0.6124338411486383,0.656946816770238,0,3.466
satimage,27,cells,pre_footprint_off,pre,footprint,off,5,50,50,1.0,10,10,0.0,2.0,6,36,111000,2.1084305832354424,0.6498581436104287,0.47266881028938906,3.9253542784091273,0.6035769828926905,0.8829990683642429,0.6248744283423441,0,7.542
satimage,27,cells,pre_footprint_on,pre,footprint,on,5,50,25,1.0,10,10,0.0,2.0,6,36,55500,2.588975396266868,0.6804122252163456,0.4630225080385852,3.8634185329924775,0.6399688958009331,0.5872993880045564,0.6140704621270795,0,3.945
satimage,27,cells,pre_mass_off,pre,mass,off,5,50,50,1.0,10,10,0.0,2.0,6,36,111000,2.1064828247789036,0.6479948902224069,0.46869983948635635,3.919290233500985,0.6051321928460343,0.8832661365431488,0.6253189358551455,0,6.648
satimage,27,cells,pre_mass_on,pre,mass,on,5,50,35,1.0,10,10,0.0,2.0,6,36,77700,2.027943468569463,0.6670644071741136,0.5136436597110754,3.842448085697538,0.6149300155520996,0.9548747206127428,0.6309060531066681,0,4.169
satimage,27,cells,post_fpmask_off,post,fpmask,off,5,50,50,1.0,10,10,0.0,2.0,6,36,111000,2.44364337602987,0.6400738577753049,0.41252006420545745,3.8997297036068623,0.6026438569206843,0.6530686787443358,0.6849650409374218,0,9.037
satimage,27,cells,post_massmask_off,post,massmask,off,5,50,50,1.0,10,10,0.0,2.0,6,36,111000,2.443642673868425,0.6400738577753049,0.41252006420545745,3.8997296579772827,0.6026438569206843,0.6530690464112884,0.6849650367098701,0,8.763
satimage,27,cells,pre_fpmask_off,pre,fpmask,off,5,50,50,1.0,10,10,0.0,2.0,6,36,111000,2.6389091183123115,0.6315808274589962,0.43980738362760835,3.864864398154234,0.6027993779160187,0.5549903009549467,0.6290280406950668,0,10.031
satimage,27,cells,pre_massmask_off,pre,massmask,off,5,50,50,1.0,10,10,0.0,2.0,6,36,111000,2.6044443233783463,0.6349905939693407,0.43820224719101125,3.8501259537827526,0.6043545878693624,0.5676031302957959,0.6304196912468835,0,8.475
satimage,28,cells,post_none_off,post,none,off,5,50,50,1.0,10,10,0.0,2.0,6,36,111000,2.624594530346256,0.7298874962323644,0.6115569823434992,4.197236618424316,0.7152410575427682,0.6093109940126501,0.6963022048837066,0,5.285
satimage,28,cells,post_none_on,post,none,on,5,50,50,1.0,10,10,0.0,2.0,6,36,111000,1.1148027759848582,0.5135584509086011,0.3868378812199037,2.7728509824074687,0.4363919129082426,3.845323701114631,0.648401184293769,0,5.42
satimage,28,cells,post_footprint_off,post,footprint,off,5,50,50,1.0,10,10,0.0,2.0,6,36,111000,3.0244172459654552,0.6889744009010236,0.4903536977491961,3.8546090507118063,0.6612752721617419,0.4214023227615977,0.609071078634916,0,7.212
satimage,28,cells,post_footprint_on,post,footprint,on,5,50,46,1.0,10,10,0.0,2.0,6,36,102120,2.2374397688410093,0.662215878806,0.49919743178170145,3.8189462645147083,0.6073094867807154,0.7731534607713579,0.6320569627963716,0,6.641
satimage,28,cells,post_mass_off,post,mass,off,5,50,50,1.0,10,10,0.0,2.0,6,36,111000,3.0965246684689065,0.690516731866729,0.5016077170418006,3.8482824097806807,0.6653188180404355,0.40134499117177935,0.6096631491320986,0,5.794
satimage,28,cells,post_mass_on,post,mass,on,5,50,50,1.0,10,10,0.0,2.0,6,36,111000,2.207018451138482,0.6723634202670057,0.5088282504012841,3.794754587853484,0.6171073094867807,0.7932109032963551,0.6329081994250458,0,5.769
satimage,28,cells,pre_none_off,pre,none,off,5,50,50,1.0,10,10,0.0,2.0,6,36,111000,3.626256890850924,0.7060312413922614,0.5560488346281909,3.8126450581781186,0.6880248833592535,0.28994073928248243,0.6107587053886093,0,5.818
satimage,28,cells,pre_none_on,pre,none,on,5,50,50,1.0,10,10,0.0,2.0,6,36,111000,2.4969971656296113,0.5040538607720035,0.42604501607717044,2.7590966800178096,0.44914463452566095,0.7378995119864733,0.6562723650934914,0,5.468
satimage,28,cells,pre_footprint_off,pre,footprint,off,5,50,50,1.0,10,10,0.0,2.0,6,36,111000,2.6607587753711055,0.6792118780016694,0.45980707395498394,3.9284700111000745,0.644945567651633,0.5548970754334503,0.6096274208711601,0,8.829
satimage,28,cells,pre_footprint_on,pre,footprint,on,5,50,50,1.0,10,10,0.0,2.0,6,36,111000,2.4498595208047638,0.6813298221096918,0.47191011235955055,3.88559840429444,0.6348367029548989,0.6592701698340082,0.6168519822399895,0,9.493
satimage,28,cells,pre_mass_off,pre,mass,off,5,50,50,1.0,10,10,0.0,2.0,6,36,111000,2.6649304822737787,0.6791099746209026,0.45980707395498394,3.93178201759234,0.6471228615863142,0.5536275111294064,0.610538308398998,0,7.163
satimage,28,cells,pre_mass_on,pre,mass,on,5,50,32,1.0,10,10,0.0,2.0,6,36,71040,2.6646739771431576,0.6167804102974328,0.5138004246284501,3.8563946613504068,0.6049766718506998,0.5658241942803569,0.6169767225853718,0,4.647
satimage,28,cells,post_fpmask_off,post,fpmask,off,5,50,50,1.0,10,10,0.0,2.0,6,36,111000,3.6621173107752365,0.7108525193337274,0.5715871254162043,3.7826875742777775,0.6937791601866252,0.28205640643163765,0.6128763014715684,0,9.716
satimage,28,cells,post_massmask_off,post,massmask,off,5,50,50,1.0,10,10,0.0,2.0,6,36,111000,2.7235180311160936,0.740574210145468,0.6448390677025527,3.8961022022529885,0.7275272161741835,0.5252545594679925,0.6668516760820411,0,7.498
satimage,28,cells,pre_fpmask_off,pre,fpmask,off,5,50,50,1.0,10,10,0.0,2.0,6,36,111000,3.7176719797913163,0.7040176944674393,0.5549389567147613,3.844939998149643,0.686158631415241,0.2781937895792535,0.6081398763808538,0,9.253
satimage,28,cells,pre_massmask_off,pre,massmask,off,5,50,50,1.0,10,10,0.0,2.0,6,36,111000,3.721373216610826,0.7042354016486572,0.5516093229744728,3.829250911386344,0.686158631415241,0.2765077887696637,0.6100936459720636,0,8.773
satimage,29,cells,post_none_off,post,none,off,5,50,50,1.0,10,10,0.0,2.0,6,36,111000,2.43095471977608,0.64737267508699,0.4301765650080257,4.209705156690368,0.6202177293934681,0.712357400317179,0.7263387338521036,0,5.873
satimage,29,cells,post_none_on,post,none,on,5,50,28,1.0,10,10,0.0,2.0,6,36,62160,1.8905239891032486,0.4866916557501357,0.4184239733629301,2.734601586550371,0.38895800933125974,1.2529683531431826,0.6630789354701612,0,4.078
satimage,29,cells,post_footprint_off,post,footprint,off,5,50,50,1.0,10,10,0.0,2.0,6,36,111000,2.2222068163749857,0.6471550937047645,0.47030497592295345,3.867472558088657,0.5979782270606532,0.7831740518891354,0.6289970735938972,0,7.96
satimage,29,cells,post_footprint_on,post,footprint,on,5,50,22,1.0,10,10,0.0,2.0,6,36,48840,2.1376504004970194,0.6476251566912021,0.48314606741573035,3.8194194764797706,0.6107309486780715,0.8474866465623074,0.6355072456285907,0,3.668
satimage,29,cells,post_mass_off,post,mass,off,5,50,50,1.0,10,10,0.0,2.0,6,36,111000,2.2211012951582823,0.64137095826586,0.47191011235955055,3.860814912067367,0.6003110419906688,0.7826043387156449,0.6304055490492327,0,6.565
satimage,29,cells,post_mass_on,post,mass,on,5,50,28,1.0,10,10,0.0,2.0,6,36,62160,2.100640986590768,0.6399946128488705,0.49500554938956715,3.7871437829797143,0.6178849144634526,0.8765854475425674,0.6376198693034193,0,4.064
satimage,29,cells,pre_none_off,pre,none,off,5,50,50,1.0,10,10,0.0,2.0,6,36,111000,2.431631709769507,0.6346960459543075,0.45264847512038525,3.8376041302477084,0.6054432348367029,0.649029708475559,0.6352393762093688,0,8.533
satimage,29,cells,pre_none_on,pre,none,on,5,50,50,1.0,10,10,0.0,2.0,6,36,111000,1.4694507560704744,0.49063395793157605,0.416204217536071,2.744842198356108,0.39595645412130637,1.836325608717422,0.6630053191393062,0,9.045
satimage,29,cells,pre_footprint_off,pre,footprint,off,5,50,50,1.0,10,10,0.0,2.0,6,36,111000,2.069537880347216,0.6459533927519019,0.4855305466237942,3.9361910403764058,0.5998444790046656,0.9190294075785873,0.6270660162029462,0,10.606
satimage,29,cells,pre_footprint_on,pre,footprint,on,5,50,20,1.0,10,10,0.0,2.0,6,36,44400,2.01748336052142,0.6471287594430155,0.5005549389567148,3.876033339810445,0.612597200622084,0.9687294020380727,0.6341714778146897,0,4.461
satimage,29,cells,pre_mass_off,pre,mass,off,5,50,50,1.0,10,10,0.0,2.0,6,36,111000,2.0642107513008456,0.6428599783753425,0.4855305466237942,3.932965744529866,0.6015552099533437,0.9230220848344758,0.6272956202902508,0,9.265
satimage,29,cells,pre_mass_on,pre,mass,on,5,50,24,1.0,10,10,0.0,2.0,6,36,53280,2.006148880700138,0.6432411827602569,0.5027746947835738,3.848119015009261,0.617262830482115,0.9787946040466858,0.6355649499723853,0,4.222
satimage,29,cells,post_fpmask_off,post,fpmask,off,5,50,50,1.0,10,10,0.0,2.0,6,36,111000,2.5173048568342975,0.6273218012419075,0.4157303370786517,3.952490748239488,0.594556765163297,0.623733736176377,0.6966682841796735,0,10.985
satimage,29,cells,post_massmask_off,post,massmask,off,5,50,50,1.0,10,10,0.0,2.0,6,36,111000,2.517305033875404,0.6273218012419075,0.4157303370786517,3.952490590843009,0.594556765163297,0.6237336236040834,0.6966682393598992,0,10.597
satimage,29,cells,pre_fpmask_off,pre,fpmask,off,5,50,50,1.0,10,10,0.0,2.0,6,36,111000,2.542867963330835,0.6291016583431164,0.449438202247191,3.8656433921813638,0.6017107309486781,0.5978251300362484,0.6300357644056588,0,9.225
satimage,29,cells,pre_massmask_off,pre,massmask,off,5,50,50,1.0,10,10,0.0,2.0,6,36,111000,2.469188329035324,0.6320131045453299,0.449438202247191,3.8493544661096157,0.6027993779160187,0.631363503698844,0.6318985251725354,0,6.881
pendigits,20,cells,post_none_off,post,none,off,5,50,50,1.0,10,10,0.0,1.5,10,16,85000,1.4243034777951131,0.5048524095005966,0.44055299539170506,4.433183310430986,0.47689228529839883,2.1852977576974473,0.6595771770652893,0,9.61
pendigits,20,cells,post_none_on,post,none,on,5,50,50,1.0,10,10,0.0,1.5,10,16,85000,1.4484891459067344,0.3781116945334013,0.32350230414746545,2.426699687416459,0.3233260553129549,2.1744810292588532,0.3753959602484994,0,8.96
pendigits,20,cells,post_footprint_off,post,footprint,off,5,50,50,1.0,10,10,0.0,1.5,10,16,85000,1.5777112309215218,0.600002359027074,0.4935424354243542,4.171490272645194,0.5644104803493449,1.6758540801232842,0.4892676473525887,0,12.63
pendigits,20,cells,post_footprint_on,post,footprint,on,5,50,46,1.0,10,10,0.0,1.5,10,16,78200,1.5698723164560218,0.6160931993708632,0.5238095238095238,4.1338508631760575,0.5628639010189228,1.7308043954329804,0.5037115818499921,0,15.479
pendigits,20,cells,post_mass_off,post,mass,off,5,50,50,1.0,10,10,0.0,1.5,10,16,85000,1.5454542790417125,0.5955362765084632,0.48800738007380073,4.132190919733142,0.5655021834061136,1.7300874521482354,0.4926007302072504,0,12.344
pendigits,20,cells,post_mass_on,post,mass,on,5,50,50,1.0,10,10,0.0,1.5,10,16,85000,2.3237768022346175,0.6784100416523936,0.5112309074573226,3.8635860556345056,0.6783114992721979,0.743889130582463,0.45796739440246564,0,13.178
pendigits,20,cells,pre_none_off,pre,none,off,5,50,50,1.0,10,10,0.0,1.5,10,16,85000,2.0431835544399792,0.6737821596781579,0.46863468634686345,3.9752867613071863,0.6683042212518195,0.9522559474445632,0.4724514265129989,0,12.767
pendigits,20,cells,pre_none_on,pre,none,on,5,50,50,1.0,10,10,0.0,1.5,10,16,85000,2.2901672475172883,0.3738696894459889,0.3271889400921659,2.4254717616659045,0.3337882096069869,0.7963718729047917,0.37615026133372553,0,15.498
pendigits,20,cells,pre_footprint_off,pre,footprint,off,5,50,50,1.0,10,10,0.0,1.5,10,16,85000,1.5689283235601157,0.6115140967827324,0.492619926199262,4.356120415846364,0.5594978165938864,1.7696756278857428,0.5024498380427315,0,12.535
pendigits,20,cells,pre_footprint_on,pre,footprint,on,5,50,28,1.0,10,10,0.0,1.5,10,16,47600,1.5663849083552797,0.6189697126282221,0.5570530098831986,4.349950320432699,0.5825145560407569,1.8273836076243453,0.5105194873108325,0,7.215
pendigits,20,cells,pre_mass_off,pre,mass,off,5,50,50,1.0,10,10,0.0,1.5,10,16,85000,1.5408162874391826,0.6102370323383782,0.48800738007380073,4.319048927467695,0.5575873362445415,1.8192249464563803,0.503710060737657,0,9.181
pendigits,20,cells,pre_mass_on,pre,mass,on,5,50,45,1.0,10,10,0.0,1.5,10,16,76500,2.54629059828783,0.698686137651323,0.5354896675651393,4.02042661533361,0.6986899563318777,0.6443634873691227,0.4549984118886746,0,8.475
pendigits,20,cells,post_fpmask_off,post,fpmask,off,5,50,50,1.0,10,10,0.0,1.5,10,16,85000,1.5844981236158653,0.5493865577105155,0.4714022140221402,4.174747903339543,0.5269286754002911,1.6628259627923188,0.5510591254861896,0,11.946
pendigits,20,cells,post_massmask_off,post,massmask,off,5,50,50,1.0,10,10,0.0,1.5,10,16,85000,1.590815530498719,0.5039023035679521,0.4165898617511521,4.379159191538513,0.4768013100436681,1.7304182573734275,0.6262869186767194,0,9.262
pendigits,20,cells,pre_fpmask_off,pre,fpmask,off,5,50,50,1.0,10,10,0.0,1.5,10,16,85000,2.0751713439155095,0.6844379899451477,0.48616236162361626,4.012330809663362,0.6749454148471615,0.9317272758868995,0.46045114834388795,0,11.741
pendigits,20,cells,pre_massmask_off,pre,massmask,off,5,50,50,1.0,10,10,0.0,1.5,10,16,85000,2.0622970611218205,0.6779843609326116,0.4769372693726937,3.9910437918004575,0.6697598253275109,0.9383914612855319,0.4658537627689244,0,9.448
pendigits,21,cells,post_none_off,post,none,off,5,50,50,1.0,10,10,0.0,1.5,10,16,85000,1.5842052635373292,0.5839415844746451,0.44095940959409596,4.442646902591684,0.5783296943231441,1.7701859665667727,0.671831449348009,0,9.646
pendigits,21,cells,post_none_on,post,none,on,5,50,50,1.0,10,10,0.0,1.5,10,16,85000,1.668059473663855,0.3675816005163343,0.3391705069124424,2.40788127303394,0.3234170305676856,1.6835206862285852,0.38296152011948714,0,9.189
pendigits,21,cells,post_footprint_off,post,footprint,off,5,50,50,1.0,10,10,0.0,1.5,10,16,85000,2.7719158392285386,0.7175785763630145,0.503690036900369,4.107459812439608,0.6512918486171762,0.5345806598776046,0.45467811643940187,0,16.632
pendigits,21,cells,post_footprint_on,post,footprint,on,5,50,50,1.0,10,10,0.0,1.5,10,16,85000,2.7526135031940138,0.7085221490320677,0.5285977859778598,3.9267417988903794,0.6388282387190685,0.5430308649282497,0.44420296054361164,0,15.896
pendigits,21,cells,post_mass_off,post,mass,off,5,50,50,1.0,10,10,0.0,1.5,10,16,85000,2.5956401127745137,0.7130221400966323,0.4981549815498155,4.080451430870409,0.6477438136826783,0.60564656540386,0.4563586212901855,0,13.034
pendigits,21,cells,post_mass_on,post,mass,on,5,50,39,1.0,10,10,0.0,1.5,10,16,66300,2.52706821335887,0.6918840605313521,0.5101476014760148,3.8441025131408066,0.6270924308588064,0.643572445137883,0.4430405594527459,0,10.099
pendigits,21,cells,pre_none_off,pre,none,off,5,50,50,1.0,10,10,0.0,1.5,10,16,85000,2.2287071247815655,0.7060681066189097,0.5415129151291513,4.114114031599182,0.6455604075691412,0.8282669306335407,0.46757238241610094,0,15.264
pendigits,21,cells,pre_none_on,pre,none,on,5,50,50,1.0,10,10,0.0,1.5,10,16,85000,1.855634701551894,0.36775401246480965,0.3317972350230415,2.415965081702687,0.325509461426492,1.2255954748508555,0.38055509885672617,0,8.797
pendigits,21,cells,pre_footprint_off,pre,footprint,off,5,50,50,1.0,10,10,0.0,1.5,10,16,85000,2.074222161011248,0.6795788031521147,0.49595687331536387,4.591536177203628,0.5708697234352256,1.0672040644901108,0.4718865554300639,0,13.114
pendigits,21,cells,pre_footprint_on,pre,footprint,on,5,50,39,1.0,10,10,0.0,1.5,10,16,66300,2.095464705743543,0.6833097649203452,0.49538745387453875,4.116538936329799,0.6105349344978166,0.9788347071540762,0.44387511674195734,0,9.584
pendigits,21,cells,pre_mass_off,pre,mass,off,5,50,50,1.0,10,10,0.0,1.5,10,16,85000,2.9145942530671323,0.7191801128323141,0.5369003690036901,4.2336937620123924,0.652929403202329,0.4983830141352135,0.4363473224931979,0,9.41
pendigits,21,cells,pre_mass_on,pre,mass,on,5,50,50,1.0,10,10,0.0,1.5,10,16,85000,2.9377473295425687,0.7051058557025724,0.5267527675276753,4.000838119450383,0.6379184861717613,0.49076653669607406,0.42999512978289733,0,9.346
pendigits,21,cells,post_fpmask_off,post,fpmask,off,5,50,50,1.0,10,10,0.0,1.5,10,16,85000,1.7553636028868422,0.5709200202358287,0.49169741697416974,4.390037632098264,0.49672489082969434,1.4247349068021058,0.5825001874502216,0,12.519
pendigits,21,cells,post_massmask_off,post,massmask,off,5,50,50,1.0,10,10,0.0,1.5,10,16,85000,1.7993472895460658,0.5490627285691787,0.45069124423963136,4.359812411888763,0.49818049490538574,1.3465975358137274,0.5962604989904539,0,9.314
pendigits,21,cells,pre_fpmask_off,pre,fpmask,off,5,50,50,1.0,10,10,0.0,1.5,10,16,85000,2.209927787834159,0.6839571288102718,0.47079964061096136,4.388900375245846,0.5797852983988355,0.8986685787750672,0.4630916579129442,0,12.722
pendigits,21,cells,pre_massmask_off,pre,massmask,off,5,50,50,1.0,10,10,0.0,1.5,10,16,85000,2.239597266986383,0.7127396848899707,0.5479704797047971,4.134221291690322,0.651018922852984,0.8242403317512572,0.4544216534745351,0,9.165
pendigits,22,cells,post_none_off,post,none,off,5,50,50,1.0,10,10,0.0,1.5,10,16,85000,1.4265896193819423,0.4952046452670563,0.42066420664206644,4.457244208694189,0.4538755458515284,2.1901220128561234,0.6654541303320727,0,9.361
pendigits,22,cells,post_none_on,post,none,on,5,50,50,1.0,10,10,0.0,1.5,10,16,85000,1.5471478694684615,0.38318955617578787,0.35547576301615796,2.4252481788831726,0.3271470160116448,1.9060299696956113,0.38113195566438984,0,12.647
pendigits,22,cells,post_footprint_off,post,footprint,off,5,50,50,1.0,10,10,0.0,1.5,10,16,85000,1.5548856903687882,0.5904965033030687,0.4792626728110599,4.475243736267187,0.5659570596797671,1.8510568618027796,0.5295143656803463,0,16.746
pendigits,22,cells,post_footprint_on,post,footprint,on,5,50,50,1.0,10,10,0.0,1.5,10,16,85000,1.5515707792893687,0.5662766158000078,0.4645161290322581,4.332349513081296,0.5388464337700145,1.8608094307814977,0.5248311744170382,0,17.166
pendigits,22,cells,post_mass_off,post,mass,off,5,50,50,1.0,10,10,0.0,1.5,10,16,85000,1.8796418214944521,0.6281767733241086,0.4806273062730627,4.238871156670593,0.5905203784570596,1.1997755777289634,0.5069153946796343,0,13.648
pendigits,22,cells,post_mass_on,post,mass,on,5,50,44,1.0,10,10,0.0,1.5,10,16,74800,1.5993520334461886,0.5297941519663854,0.44003690036900367,4.065795498228769,0.4689774381368268,1.7217505316689063,0.5203749998309736,0,13.937
pendigits,22,cells,pre_none_off,pre,none,off,5,50,50,1.0,10,10,0.0,1.5,10,16,85000,1.435456844980003,0.6738369084490466,0.5867158671586716,4.067890907948826,0.6291848617176128,1.9741903123655224,0.5034921348606706,0,9.857
pendigits,22,cells,pre_none_on,pre,none,on,5,50,50,1.0,10,10,0.0,1.5,10,16,85000,1.7662513211561977,0.38212537174443095,0.3527827648114901,2.4291712363358546,0.3265101892285298,1.3751042389704098,0.3795467680386203,0,9.433
pendigits,22,cells,pre_footprint_off,pre,footprint,off,5,50,50,1.0,10,10,0.0,1.5,10,16,85000,1.9489608960932083,0.6202435089147869,0.46955719557195574,4.61846469041132,0.5998908296943232,1.2158818527689883,0.5251313135771487,0,12.656
pendigits,22,cells,pre_footprint_on,pre,footprint,on,5,50,37,1.0,10,10,0.0,1.5,10,16,62900,1.9432638254854315,0.6086307699420346,0.45295202952029523,4.4988000520572795,0.579967248908297,1.224537877281542,0.526641861586618,0,9.451
pendigits,22,cells,pre_mass_off,pre,mass,off,5,50,50,1.0,10,10,0.0,1.5,10,16,85000,2.0108741499512943,0.619657672016288,0.46586715867158673,4.599627794952396,0.6033478893740902,1.1375039337464339,0.5258070182446924,0,9.434
pendigits,22,cells,pre_mass_on,pre,mass,on,5,50,26,1.0,10,10,0.0,1.5,10,16,44200,1.9907822864609273,0.5950848133448112,0.42343173431734316,4.392393935603464,0.5660480349344978,1.1615152655120162,0.5240529815823407,0,4.817
pendigits,22,cells,post_fpmask_off,post,fpmask,off,5,50,50,1.0,10,10,0.0,1.5,10,16,85000,1.5166860873178367,0.5909199980186972,0.4714022140221402,4.235132712135813,0.5465793304221251,1.8410925388516772,0.5668602966703449,0,11.866
pendigits,22,cells,post_massmask_off,post,massmask,off,5,50,50,1.0,10,10,0.0,1.5,10,16,85000,1.8027472105817004,0.5196032278963454,0.40682656826568264,4.411302761058837,0.5013646288209607,1.3573667335412734,0.6442674090677749,0,9.842
pendigits,22,cells,pre_fpmask_off,pre,fpmask,off,5,50,50,1.0,10,10,0.0,1.5,10,16,85000,1.5088156973666995,0.6750857574285114,0.5830258302583026,4.112420290144784,0.6294577874818049,1.8064465076650718,0.49225187398604603,0,12.64
pendigits,22,cells,pre_massmask_off,pre,massmask,off,5,50,50,1.0,10,10,0.0,1.5,10,16,85000,2.074512443561574,0.6908144447316603,0.47878228782287824,3.9378373383873018,0.6775836972343523,0.9150096708683723,0.4480833969604245,0,9.639
pendigits,23,cells,post_none_off,post,none,off,5,50,50,1.0,10,10,0.0,1.5,10,16,85000,1.4630556165154225,0.45543363895341676,0.41751152073732717,4.465531392310621,0.4476892285298399,2.0861785485755133,0.6691510414957561,0,12.14
pendigits,23,cells,post_none_on,post,none,on,5,50,50,1.0,10,10,0.0,1.5,10,16,85000,1.0840131558030932,0.3823683826125011,0.34615384615384615,2.437835540641252,0.314410480349345,3.9913434121419082,0.38092576032253667,0,12.62
pendigits,23,cells,post_footprint_off,post,footprint,off,5,50,50,1.0,10,10,0.0,1.5,10,16,85000,1.4273437657862111,0.5800925535146351,0.5026223776223776,4.44832624126278,0.5344796215429404,2.183430969464446,0.5389122015799913,0,15.803
pendigits,23,cells,post_footprint_on,post,footprint,on,5,50,50,1.0,10,10,0.0,1.5,10,16,85000,1.4325509093424718,0.5737126244471921,0.5009225092250923,4.327390219354507,0.5284752547307132,2.167271396830227,0.5376761379796438,0,19.253
pendigits,23,cells,post_mass_off,post,mass,off,5,50,50,1.0,10,10,0.0,1.5,10,16,85000,1.81471693865474,0.6219467534183856,0.4626728110599078,4.270899110008713,0.6149927219796215,1.2968851769583263,0.5137212570912616,0,9.342
pendigits,23,cells,post_mass_on,post,mass,on,5,50,50,1.0,10,10,0.0,1.5,10,16,85000,1.7717636886084285,0.6143429310161708,0.45940959409594095,3.9603766015348993,0.5967066957787481,1.3227224846654624,0.4881260299503897,0,8.996
pendigits,23,cells,pre_none_off,pre,none,off,5,50,50,1.0,10,10,0.0,1.5,10,16,85000,1.8448637591853398,0.6904919196007085,0.5636531365313653,4.07419217037883,0.6625727802037845,1.1970517079916474,0.503174057341293,0,8.942
pendigits,23,cells,pre_none_on,pre,none,on,5,50,50,1.0,10,10,0.0,1.5,10,16,85000,2.0084185416932745,0.37950878518366066,0.34003496503496505,2.441355267173978,0.30922489082969434,1.0797601411205306,0.3786013907229047,0,9.118
pendigits,23,cells,pre_footprint_off,pre,footprint,off,5,50,50,1.0,10,10,0.0,1.5,10,16,85000,1.50241331084589,0.6026457280342479,0.4252767527675277,4.838268800364873,0.5289301310043668,2.1434390943934067,0.5637319501443971,0,12.356
pendigits,23,cells,pre_footprint_on,pre,footprint,on,5,50,30,1.0,10,10,0.0,1.5,10,16,51000,1.51429303164866,0.6009139375446552,0.42435424354243545,4.609374561147389,0.5171033478893741,2.1151520182215746,0.5483749616477112,0,7.297
pendigits,23,cells,pre_mass_off,pre,mass,off,5,50,50,1.0,10,10,0.0,1.5,10,16,85000,1.5025857089050207,0.6145772876649013,0.4414746543778802,4.564758480786737,0.5351164483260553,2.0218051398027823,0.5309269790978317,0,8.843
pendigits,23,cells,pre_mass_on,pre,mass,on,5,50,41,1.0,10,10,0.0,1.5,10,16,69700,1.7009055670775899,0.6165253028372234,0.43502304147465437,4.186464521919346,0.525382096069869,1.580383517613736,0.5071571048460437,0,7.185
pendigits,23,cells,post_fpmask_off,post,fpmask,off,5,50,50,1.0,10,10,0.0,1.5,10,16,85000,1.4813397533979378,0.5036238046372412,0.39575645756457567,4.510435249901371,0.4642467248908297,2.0554603191345655,0.6468540467652575,0,13.394
pendigits,23,cells,post_massmask_off,post,massmask,off,5,50,50,1.0,10,10,0.0,1.5,10,16,85000,1.1127699586535624,0.47022499741093526,0.4261992619926199,4.444866531951902,0.4506004366812227,3.589615564926108,0.6654927119583401,0,8.869
pendigits,23,cells,pre_fpmask_off,pre,fpmask,off,5,50,50,1.0,10,10,0.0,1.5,10,16,85000,1.9568524996967485,0.6856324557158777,0.5608856088560885,4.15170390326167,0.6618449781659389,1.0842019638416625,0.48832514918583764,0,11.861
pendigits,23,cells,pre_massmask_off,pre,massmask,off,5,50,50,1.0,10,10,0.0,1.5,10,16,85000,1.8507846211699936,0.6913089393499838,0.5728782287822878,4.101807583531488,0.6618449781659389,1.1974669049419255,0.4968557158122481,0,9.564
pendigits,24,cells,post_none_off,post,none,off,5,50,50,1.0,10,10,0.0,1.5,10,16,85000,1.5984662047914484,0.48575845461334993,0.4368663594470046,4.4436339106498295,0.4861717612809316,1.7391272294303808,0.6618804881705502,0,14.044
pendigits,24,cells,post_none_on,post,none,on,5,50,50,1.0,10,10,0.0,1.5,10,16,85000,1.3055840453364667,0.3999518998048528,0.3304195804195804,2.4543138997219214,0.3549854439592431,2.69994728641495,0.3809154962145882,0,13.635
pendigits,24,cells,post_footprint_off,post,footprint,off,5,50,50,1.0,10,10,0.0,1.5,10,16,85000,1.722506322469441,0.6962080600898828,0.5092250922509225,4.180448978009046,0.6882278020378457,1.408968481054247,0.4892834322913951,0,19.553
pendigits,24,cells,post_footprint_on,post,footprint,on,5,50,50,1.0,10,10,0.0,1.5,10,16,85000,1.7941958378240697,0.6457527785402603,0.4833948339483395,3.9617092570662056,0.6374636098981077,1.3030830518388024,0.47824098004056387,0,13.081
pendigits,24,cells,post_mass_off,post,mass,off,5,50,50,1.0,10,10,0.0,1.5,10,16,85000,1.8101481546663003,0.6455637797931832,0.5,4.182629585607039,0.6389192139737991,1.2765010056794897,0.49728849422181054,0,9.677
pendigits,24,cells,post_mass_on,post,mass,on,5,50,41,1.0,10,10,0.0,1.5,10,16,69700,1.7438589975138545,0.6701506777111488,0.470479704797048,3.9232276744676615,0.6536572052401747,1.3311632831313591,0.48480062136417146,0,7.765
pendigits,24,cells,pre_none_off,pre,none,off,5,50,50,1.0,10,10,0.0,1.5,10,16,85000,1.985880966252329,0.659363752297883,0.5193726937269373,4.09348157057806,0.6408296943231441,1.0379738512059895,0.5044609584465842,0,10.181
pendigits,24,cells,pre_none_on,pre,none,on,5,50,50,1.0,10,10,0.0,1.5,10,16,85000,1.3870181431952333,0.39990006459840044,0.3487762237762238,2.457073936818854,0.3500727802037846,2.2299923740371796,0.3782266729490866,0,9.619
pendigits,24,cells,pre_footprint_off,pre,footprint,off,5,50,50,1.0,10,10,0.0,1.5,10,16,85000,1.900915943378611,0.645453520099165,0.4663594470046083,4.546003216788175,0.595160116448326,1.2580674102425156,0.52366399210125,0,12.675
pendigits,24,cells,pre_footprint_on,pre,footprint,on,5,50,28,1.0,10,10,0.0,1.5,10,16,47600,1.9118033092152877,0.6282894636763532,0.48663594470046084,4.297676477689725,0.5844250363901019,1.2370083016598385,0.5136571272630178,0,7.427
pendigits,24,cells,pre_mass_off,pre,mass,off,5,50,50,1.0,10,10,0.0,1.5,10,16,85000,1.9224034941490507,0.6417200061695534,0.47096774193548385,4.519268615539793,0.6129002911208151,1.2228665379337174,0.5232414933790811,0,9.901
pendigits,24,cells,pre_mass_on,pre,mass,on,5,50,29,1.0,10,10,0.0,1.5,10,16,49300,1.859167742054214,0.6203829418501079,0.43357933579335795,4.270800815956423,0.5961608442503639,1.299315337957357,0.5172561065907718,0,5.831
pendigits,24,cells,post_fpmask_off,post,fpmask,off,5,50,50,1.0,10,10,0.0,1.5,10,16,85000,1.4744503677061258,0.5726148163352524,0.4345018450184502,4.367567208668048,0.5725982532751092,2.0089969641402625,0.607612230719049,0,13.275
pendigits,24,cells,post_massmask_off,post,massmask,off,5,50,50,1.0,10,10,0.0,1.5,10,16,85000,1.6161484810609057,0.5245967413559594,0.4797047970479705,4.391359653346161,0.5221069868995634,1.6812662331285828,0.6348298053363141,0,9.528
pendigits,24,cells,pre_fpmask_off,pre,fpmask,off,5,50,50,1.0,10,10,0.0,1.5,10,16,85000,2.03501434640912,0.6725068796139345,0.5433579335793358,4.145621799015727,0.6464701601164483,1.0010476001075344,0.4901021055980623,0,12.807
pendigits,24,cells,pre_massmask_off,pre,massmask,off,5,50,50,1.0,10,10,0.0,1.5,10,16,85000,1.9977353455123128,0.6675240843465089,0.5239852398523985,4.124684400887736,0.6491994177583698,1.0335103188728958,0.5031536059156052,0,9.851
pendigits,25,cells,post_none_off,post,none,off,5,50,50,1.0,10,10,0.0,1.5,10,16,85000,1.5503373559118323,0.46674691135218793,0.3948339483394834,4.4480697765860855,0.4610625909752547,1.8506281676893677,0.6635769288985618,0,13.115
pendigits,25,cells,post_none_on,post,none,on,5,50,32,1.0,10,10,0.0,1.5,10,16,54400,1.520147221089579,0.3860796306064736,0.3450134770889488,2.4118386580898314,0.3352438136826783,1.9374604103247304,0.36927991113178077,0,8.116
pendigits,25,cells,post_footprint_off,post,footprint,off,5,50,50,1.0,10,10,0.0,1.5,10,16,85000,1.9001933057123932,0.6211058521486973,0.45806451612903226,4.329383545015255,0.6156295487627366,1.199031229303125,0.5122709970211607,0,18.65
pendigits,25,cells,post_footprint_on,post,footprint,on,5,50,50,1.0,10,10,0.0,1.5,10,16,85000,1.8998189921836854,0.6067967814053365,0.4645161290322581,4.172071573977538,0.5797852983988355,1.2012786981950556,0.5074335030031085,0,12.68
pendigits,25,cells,post_mass_off,post,mass,off,5,50,50,1.0,10,10,0.0,1.5,10,16,85000,1.8673371999359916,0.6273871073465209,0.4797047970479705,4.218494733154364,0.6272743813682679,1.2097956347782,0.5073688072622385,0,9.017
pendigits,25,cells,post_mass_on,post,mass,on,5,50,50,1.0,10,10,0.0,1.5,10,16,85000,1.9255083332240333,0.6304533912865012,0.47465437788018433,3.8007592015215748,0.553948326055313,1.1160868312562493,0.4638083276106251,0,9.929
pendigits,25,cells,pre_none_off,pre,none,off,5,50,50,1.0,10,10,0.0,1.5,10,16,85000,1.9061717447237718,0.6801658957654817,0.4944649446494465,4.088857650028432,0.6654839883551674,1.1253249188419914,0.5071460766570461,0,10.295
pendigits,25,cells,pre_none_on,pre,none,on,5,50,50,1.0,10,10,0.0,1.5,10,16,85000,1.9490541086063158,0.38693253744255,0.3509874326750449,2.419843219920061,0.3426128093158661,1.1128545926015676,0.3701952149626608,0,9.377
pendigits,25,cells,pre_footprint_off,pre,footprint,off,5,50,50,1.0,10,10,0.0,1.5,10,16,85000,1.7186134967518263,0.628707057078423,0.5391705069124424,4.430154848591594,0.5927947598253275,1.4999005704841384,0.514740780211568,0,12.182
pendigits,25,cells,pre_footprint_on,pre,footprint,on,5,50,29,1.0,10,10,0.0,1.5,10,16,49300,1.7197139598451072,0.6464950854219886,0.5686635944700461,4.28877986996044,0.5600436681222707,1.5271530294902558,0.5180441444637721,0,7.166
pendigits,25,cells,pre_mass_off,pre,mass,off,5,50,50,1.0,10,10,0.0,1.5,10,16,85000,1.724472352146334,0.6300755736721853,0.552073732718894,4.395495772988269,0.5954330422125182,1.4780713364437783,0.5144005593538218,0,10.281
pendigits,25,cells,pre_mass_on,pre,mass,on,5,50,39,1.0,10,10,0.0,1.5,10,16,66300,1.724332861985214,0.6073261004468697,0.5069124423963134,4.162128509124439,0.5656841339155749,1.486793120215654,0.5085795035811144,0,6.968
pendigits,25,cells,post_fpmask_off,post,fpmask,off,5,50,50,1.0,10,10,0.0,1.5,10,16,85000,1.380020977987014,0.610898942094542,0.496309963099631,4.227624459085252,0.5997088791848617,2.2198571361363277,0.559108783111043,0,12.574
pendigits,25,cells,post_massmask_off,post,massmask,off,5,50,50,1.0,10,10,0.0,1.5,10,16,85000,1.538758628737432,0.5119164751414482,0.42066420664206644,4.424971083947219,0.49736171761280934,1.868828439293674,0.6403131122070269,0,10.297
pendigits,25,cells,pre_fpmask_off,pre,fpmask,off,5,50,50,1.0,10,10,0.0,1.5,10,16,85000,2.0316772645732937,0.6854098174008632,0.5313653136531366,4.14260989354413,0.6616630276564774,1.0036091142814472,0.4895505111536441,0,12.62
pendigits,25,cells,pre_massmask_off,pre,massmask,off,5,50,50,1.0,10,10,0.0,1.5,10,16,85000,1.9384571764641008,0.6806720629061277,0.5009225092250923,4.111215757206889,0.6606622998544396,1.0941020878796932,0.5004748333881229,0,9.799
pendigits,26,cells,post_none_off,post,none,off,5,50,50,1.0,10,10,0.0,1.5,10,16,85000,1.594165226824112,0.53054771849018,0.4437269372693727,4.407619199777387,0.5207423580786026,1.734352628081245,0.6590826302256797,0,11.792
pendigits,26,cells,post_none_on,post,none,on,5,50,50,1.0,10,10,0.0,1.5,10,16,85000,1.5156110847112996,0.3773844921932189,0.33732718894009217,2.4089283187349935,0.3173216885007278,2.0282588497058565,0.3765876759624972,0,9.334
pendigits,26,cells,post_footprint_off,post,footprint,off,5,50,50,1.0,10,10,0.0,1.5,10,16,85000,2.4657720479607397,0.6648077843384805,0.5452029520295203,4.188755450664426,0.6534752547307132,0.6889364387581574,0.47609325234295674,0,11.825
pendigits,26,cells,post_footprint_on,post,footprint,on,5,50,36,1.0,10,10,0.0,1.5,10,16,61200,2.4492148825296876,0.6501332600912173,0.5267527675276753,4.103267324008147,0.6321870451237264,0.7021043430422256,0.47941309276849,0,8.06
pendigits,26,cells,post_mass_off,post,mass,off,5,50,50,1.0,10,10,0.0,1.5,10,16,85000,2.409927681778093,0.6592334998661247,0.5350553505535055,4.158912266697372,0.6495633187772926,0.7160968088633568,0.47734798039389625,0,9.495
pendigits,26,cells,post_mass_on,post,mass,on,5,50,50,1.0,10,10,0.0,1.5,10,16,85000,2.55417701535765,0.6811019084195988,0.4612546125461255,3.7717867001592955,0.6359170305676856,0.6235675165356589,0.43770472911075725,0,9.177
pendigits,26,cells,pre_none_off,pre,none,off,5,50,50,1.0,10,10,0.0,1.5,10,16,85000,2.33302676483336,0.7014420928843386,0.49907749077490776,4.015835532670431,0.6381004366812227,0.7377963049884914,0.45798671458745516,0,9.151
pendigits,26,cells,pre_none_on,pre,none,on,5,50,50,1.0,10,10,0.0,1.5,10,16,85000,2.2842988033565974,0.3792806926063168,0.3345622119815668,2.4112223031364866,0.3262372634643377,0.8372519149952468,0.3711405636549836,0,8.547
pendigits,26,cells,pre_footprint_off,pre,footprint,off,5,50,50,1.0,10,10,0.0,1.5,10,16,85000,2.5689119628141572,0.6711444905670793,0.5359778597785978,4.385279954839888,0.6258187772925764,0.6645059615089309,0.48314901636627555,0,11.978
pendigits,26,cells,pre_footprint_on,pre,footprint,on,5,50,32,1.0,10,10,0.0,1.5,10,16,54400,2.56473827507518,0.6633857155822391,0.5101476014760148,4.235242187275072,0.6077147016011645,0.6678963463194956,0.482820875747446,0,7.711
pendigits,26,cells,pre_mass_off,pre,mass,off,5,50,50,1.0,10,10,0.0,1.5,10,16,85000,2.53443533400205,0.6692423141812187,0.5304428044280443,4.352914014597947,0.6197234352256187,0.677669061988644,0.4836464759728648,0,8.958
pendigits,26,cells,pre_mass_on,pre,mass,on,5,50,50,1.0,10,10,0.0,1.5,10,16,85000,2.531151222372359,0.6613111070188088,0.5027675276752768,4.105305913129998,0.5952510917030568,0.683582130603907,0.47528547629110485,0,8.781
pendigits,26,cells,post_fpmask_off,post,fpmask,off,5,50,50,1.0,10,10,0.0,1.5,10,16,85000,1.7400178138971991,0.5994850493419033,0.4188191881918819,4.139570027666917,0.5593158660844251,1.3672497252585492,0.5336987012906909,0,12.625
pendigits,26,cells,post_massmask_off,post,massmask,off,5,50,50,1.0,10,10,0.0,1.5,10,16,85000,1.7174529008656756,0.5779355699357657,0.46955719557195574,4.400327485015117,0.5661390101892285,1.49181622894035,0.6423466268617818,0,8.573
pendigits,26,cells,pre_fpmask_off,pre,fpmask,off,5,50,50,1.0,10,10,0.0,1.5,10,16,85000,2.3689303207061227,0.6842380111910437,0.4797047970479705,4.115364865722868,0.6301855895196506,0.7333372949385222,0.4531636433072431,0,11.561
pendigits,26,cells,pre_massmask_off,pre,massmask,off,5,50,50,1.0,10,10,0.0,1.5,10,16,85000,2.3326226260150382,0.6804964598012953,0.47601476014760147,4.092473354443018,0.6267285298398836,0.7521368946330756,0.4562778957159453,0,9.15
pendigits,27,cells,post_none_off,post,none,off,5,50,50,1.0,10,10,0.0,1.5,10,16,85000,1.359137193861931,0.48552508336460287,0.4252767527675277,4.46806897998887,0.4627911208151383,2.418762765419142,0.681259003647963,0,9.657
pendigits,27,cells,post_none_on,post,none,on,5,50,50,1.0,10,10,0.0,1.5,10,16,85000,1.1767694348156217,0.3678373473977449,0.3276481149012567,2.427449968585554,0.3104075691411936,3.3398280365736435,0.3866631364154626,0,9.713
pendigits,27,cells,post_footprint_off,post,footprint,off,5,50,50,1.0,10,10,0.0,1.5,10,16,85000,1.7982578188941862,0.6273193328919753,0.49723247232472323,4.199235728690777,0.6083515283842795,1.298572914931372,0.4890273780766355,0,12.619
pendigits,27,cells,post_footprint_on,post,footprint,on,5,50,40,1.0,10,10,0.0,1.5,10,16,68000,1.8310198671831965,0.6590558910561375,0.45295202952029523,3.8997055332139468,0.5984352256186317,1.2204656842655872,0.45497311301882687,0,10.408
pendigits,27,cells,post_mass_off,post,mass,off,5,50,50,1.0,10,10,0.0,1.5,10,16,85000,1.8007372598094684,0.6210847928409514,0.48985239852398527,4.1637151401206,0.6052583697234353,1.2840451890413946,0.49287982277603903,0,9.158
pendigits,27,cells,post_mass_on,post,mass,on,5,50,50,1.0,10,10,0.0,1.5,10,16,85000,1.848695763197182,0.6553127053776381,0.4603321033210332,3.826505436630341,0.5874272197962155,1.2003817808084802,0.45787422865101685,0,9.809
pendigits,27,cells,pre_none_off,pre,none,off,5,50,50,1.0,10,10,0.0,1.5,10,16,85000,1.9800949455458723,0.6601922410486774,0.522140221402214,4.0992534530545255,0.6361899563318777,1.0455209529898497,0.5092174756634168,0,9.968
pendigits,27,cells,pre_none_on,pre,none,on,5,50,50,1.0,10,10,0.0,1.5,10,16,85000,1.6452482747104984,0.37311025241273466,0.3348294434470377,2.434345971781645,0.3182314410480349,1.5712661287002918,0.3845089073621545,0,9.847
pendigits,27,cells,pre_footprint_off,pre,footprint,off,5,50,50,1.0,10,10,0.0,1.5,10,16,85000,1.8805687339788728,0.6600407139924142,0.5387453874538746,4.281454310297975,0.5947962154294032,1.2106340682099763,0.4838497464351927,0,12.403
pendigits,27,cells,pre_footprint_on,pre,footprint,on,5,50,32,1.0,10,10,0.0,1.5,10,16,54400,2.0116154575056195,0.6561453678692581,0.5553505535055351,4.100736034031838,0.5796033478893741,1.053239114928345,0.4808791528014255,0,8.244
pendigits,27,cells,pre_mass_off,pre,mass,off,5,50,50,1.0,10,10,0.0,1.5,10,16,85000,1.7560512185559705,0.7111020759215076,0.5944055944055944,4.230538506902605,0.6746724890829694,1.3718963317384263,0.4806088137409016,0,9.817
pendigits,27,cells,pre_mass_on,pre,mass,on,5,50,46,1.0,10,10,0.0,1.5,10,16,78200,1.7614804923596337,0.6872838200305542,0.5691881918819188,4.064702001898858,0.6491994177583698,1.3694028128134161,0.4824178623067751,0,9.219
pendigits,27,cells,post_fpmask_off,post,fpmask,off,5,50,50,1.0,10,10,0.0,1.5,10,16,85000,1.4088147877020945,0.5695961268102817,0.41789667896678967,4.244344267232509,0.5040938864628821,2.138468217275761,0.5809201960464947,0,12.499
pendigits,27,cells,post_massmask_off,post,massmask,off,5,50,50,1.0,10,10,0.0,1.5,10,16,85000,1.317746484663208,0.5072108975841398,0.3948339483394834,4.440113006871505,0.4623362445414847,2.5569974268212783,0.663102246453764,0,9.273
pendigits,27,cells,pre_fpmask_off,pre,fpmask,off,5,50,50,1.0,10,10,0.0,1.5,10,16,85000,2.106677254400283,0.6720957546257879,0.4843173431734317,4.0523875687627875,0.6027110625909753,0.9130928918429285,0.4600949204280565,0,11.897
pendigits,27,cells,pre_massmask_off,pre,massmask,off,5,50,50,1.0,10,10,0.0,1.5,10,16,85000,1.928094475904679,0.6712033812136136,0.48985239852398527,4.031368507884735,0.5962518195050946,1.084415903673417,0.467563709518066,0,9.235
pendigits,28,cells,post_none_off,post,none,off,5,50,50,1.0,10,10,0.0,1.5,10,16,85000,1.7357568121554812,0.5251925913253994,0.45295202952029523,4.436678596696706,0.5010917030567685,1.4725844556439698,0.6662907871828223,0,9.059
pendigits,28,cells,post_none_on,post,none,on,5,50,50,1.0,10,10,0.0,1.5,10,16,85000,1.495617169692384,0.3854862861567908,0.35547576301615796,2.4081245788410093,0.34579694323144106,2.0222484330322783,0.37670458754556024,0,9.227
pendigits,28,cells,post_footprint_off,post,footprint,off,5,50,50,1.0,10,10,0.0,1.5,10,16,85000,1.9098720495033363,0.648634433942169,0.514760147601476,4.303631776612796,0.6101710334788938,1.1798493553699578,0.496447624018723,0,12.357
pendigits,28,cells,post_footprint_on,post,footprint,on,5,50,24,1.0,10,10,0.0,1.5,10,16,40800,1.9229866126927626,0.6241597195579087,0.4981549815498155,4.207821710781473,0.5818777292576419,1.1668862662709736,0.5005922601225662,0,6.191
pendigits,28,cells,post_mass_off,post,mass,off,5,50,50,1.0,10,10,0.0,1.5,10,16,85000,1.9046512399680742,0.6538929507686241,0.5175276752767528,4.229861858197099,0.6146288209606987,1.1659911566092793,0.49641115271526043,0,9.184
pendigits,28,cells,post_mass_on,post,mass,on,5,50,50,1.0,10,10,0.0,1.5,10,16,85000,1.9229766664856114,0.6055458859471085,0.46586715867158673,4.0466040049311465,0.5596797671033479,1.1457416574304333,0.4994641097651677,0,9.431
pendigits,28,cells,pre_none_off,pre,none,off,5,50,50,1.0,10,10,0.0,1.5,10,16,85000,1.9142721677382781,0.6916300126290255,0.47601476014760147,3.965036896449946,0.6817685589519651,1.082031397402855,0.46766934028919305,0,8.953
pendigits,28,cells,pre_none_on,pre,none,on,5,50,50,1.0,10,10,0.0,1.5,10,16,85000,1.7728914566371246,0.379871397951594,0.3491921005385996,2.406431271417173,0.3400655021834061,1.3451937903914073,0.3761552150360655,0,9.279
pendigits,28,cells,pre_footprint_off,pre,footprint,off,5,50,50,1.0,10,10,0.0,1.5,10,16,85000,1.921937868444403,0.6546698994136789,0.5239852398523985,4.395072227616873,0.6158114992721979,1.189836613380784,0.48768497676828815,0,11.611
pendigits,28,cells,pre_footprint_on,pre,footprint,on,5,50,25,1.0,10,10,0.0,1.5,10,16,42500,1.9388350953377194,0.631757203962524,0.5064575645756457,4.30248510145613,0.5875181950509462,1.1754489074093368,0.49595357618551494,0,5.989
pendigits,28,cells,pre_mass_off,pre,mass,off,5,50,50,1.0,10,10,0.0,1.5,10,16,85000,1.9225876063443792,0.6478412372450972,0.522140221402214,4.407458581055342,0.6069868995633187,1.1923835144533856,0.4935234106024001,0,8.961
pendigits,28,cells,pre_mass_on,pre,mass,on,5,50,25,1.0,10,10,0.0,1.5,10,16,42500,1.9386150973374334,0.6235148372376279,0.48154981549815495,4.200058283780949,0.5803311499272198,1.1703440846595083,0.4936034790796186,0,4.292
pendigits,28,cells,post_fpmask_off,post,fpmask,off,5,50,50,1.0,10,10,0.0,1.5,10,16,85000,1.6252149360199017,0.5388253307550998,0.45018450184501846,4.254937385211023,0.5229257641921398,1.610911061454044,0.5835894702698634,0,12.43
pendigits,28,cells,post_massmask_off,post,massmask,off,5,50,50,1.0,10,10,0.0,1.5,10,16,85000,1.7438196058867736,0.5076026420275773,0.4252767527675277,4.389677365806725,0.48926491994177584,1.4435422157638174,0.6299147290710712,0,8.976
pendigits,28,cells,pre_fpmask_off,pre,fpmask,off,5,50,50,1.0,10,10,0.0,1.5,10,16,85000,2.187836346763428,0.694407043104807,0.496309963099631,4.017089189638904,0.6739446870451238,0.8392315613753104,0.45445006641590924,0,10.619
pendigits,28,cells,pre_massmask_off,pre,massmask,off,5,50,50,1.0,10,10,0.0,1.5,10,16,85000,1.9622663173170296,0.6986903609419575,0.511070110701107,3.983537963044606,0.6724890829694323,1.0345537565513456,0.4603261709400659,0,8.337
pendigits,29,cells,post_none_off,post,none,off,5,50,50,1.0,10,10,0.0,1.5,10,16,85000,1.6760366890701761,0.48998447636081754,0.44055299539170506,4.439621377599764,0.4868995633187773,1.5804431970160275,0.6618375519138783,0,9.053
pendigits,29,cells,post_none_on,post,none,on,5,50,50,1.0,10,10,0.0,1.5,10,16,85000,1.4794297011526991,0.39273288437536735,0.33123877917414724,2.4702713457392926,0.35107350800582243,2.110748605534204,0.38567187638726247,0,9.592
pendigits,29,cells,post_footprint_off,post,footprint,off,5,50,50,1.0,10,10,0.0,1.5,10,16,85000,2.0047199769005353,0.6967898272880763,0.5751152073732719,4.1703774923979795,0.6294577874818049,1.0376907174177326,0.47313774034112765,0,12.23
pendigits,29,cells,post_footprint_on,post,footprint,on,5,50,30,1.0,10,10,0.0,1.5,10,16,51000,1.9171719054086778,0.6301585176791609,0.5152073732718894,4.079981833806509,0.5404839883551674,1.1729917735038646,0.46906705543871785,0,7.336
pendigits,29,cells,post_mass_off,post,mass,off,5,50,50,1.0,10,10,0.0,1.5,10,16,85000,1.873931215682063,0.6500558022213582,0.4700460829493088,4.407777122773453,0.5725072780203785,1.2551982790677894,0.5179849171114272,0,8.808
pendigits,29,cells,post_mass_on,post,mass,on,5,50,36,1.0,10,10,0.0,1.5,10,16,61200,1.9541300567116286,0.6243633534572475,0.5244239631336406,3.956617268516442,0.5337518195050946,1.1240814625343034,0.46293382196833777,0,6.833
pendigits,29,cells,pre_none_off,pre,none,off,5,50,50,1.0,10,10,0.0,1.5,10,16,85000,2.3302308484296153,0.6851568099565161,0.5507380073800738,4.088877154860694,0.6853165938864629,0.7530194056500003,0.49161722307944333,0,8.476
pendigits,29,cells,pre_none_on,pre,none,on,5,50,50,1.0,10,10,0.0,1.5,10,16,85000,2.2454895867651214,0.3997702846963823,0.375,2.4687864706749374,0.3416120815138282,0.8847210589875912,0.3781039681742699,0,8.709
pendigits,29,cells,pre_footprint_off,pre,footprint,off,5,50,50,1.0,10,10,0.0,1.5,10,16,85000,1.922084952035243,0.6722841527923554,0.5953917050691244,4.510879612867468,0.5932496360989811,1.221001168153718,0.4880666962112678,0,11.278
pendigits,29,cells,pre_footprint_on,pre,footprint,on,5,50,42,1.0,10,10,0.0,1.5,10,16,71400,1.9234955403354725,0.6691873519205744,0.5640552995391706,4.306621904682439,0.5866994177583698,1.2268990209426571,0.48140005044840223,0,10.078
pendigits,29,cells,pre_mass_off,pre,mass,off,5,50,50,1.0,10,10,0.0,1.5,10,16,85000,1.943680007025149,0.6751321904476268,0.5968634686346863,4.48183943744772,0.5966157205240175,1.1863334032266166,0.4874232849537149,0,9.405
pendigits,29,cells,pre_mass_on,pre,mass,on,5,50,25,1.0,10,10,0.0,1.5,10,16,42500,1.955686175241516,0.6620839292462616,0.5529953917050692,4.194475109463637,0.5816957787481805,1.180624076563485,0.47367003096391425,0,4.494
pendigits,29,cells,post_fpmask_off,post,fpmask,off,5,50,50,1.0,10,10,0.0,1.5,10,16,85000,1.8088377015704806,0.5844097709401195,0.488929889298893,4.402235103079295,0.5078238719068413,1.3454700338615095,0.5683981987140243,0,11.815
pendigits,29,cells,post_massmask_off,post,massmask,off,5,50,50,1.0,10,10,0.0,1.5,10,16,85000,1.1722528716907143,0.4931322630951696,0.44423963133640554,4.433115605337954,0.49308588064046577,3.226015474038245,0.6495499447587965,0,8.401
pendigits,29,cells,pre_fpmask_off,pre,fpmask,off,5,50,50,1.0,10,10,0.0,1.5,10,16,85000,2.3469127531326097,0.6617784116119001,0.551660516605166,4.235462037867951,0.5908842794759825,0.7689655854741942,0.4778040071404587,0,11.474
pendigits,29,cells,pre_massmask_off,pre,massmask,off,5,50,50,1.0,10,10,0.0,1.5,10,16,85000,2.3365008563616927,0.670927882019799,0.5193726937269373,4.130859265716448,0.6708515283842795,0.7566734750433973,0.48180179569249254,0,9.15
digits_pca16,20,cells,post_none_off,post,none,off,5,50,50,1.0,10,10,0.0,1.3,10,16,85000,1.7512588342790831,0.4080394516751754,0.32967032967032966,8.215682145350282,0.34223706176961605,2.678816408032895,0.7565180314971034,0,1.921
digits_pca16,20,cells,post_none_on,post,none,on,5,50,50,1.0,10,10,0.0,1.3,10,16,85000,1.3283253514547584,0.30645635619174444,0.24444444444444444,4.70467347158882,0.2687813021702838,4.647442624997247,0.28223752793468626,0,1.772
digits_pca16,20,cells,post_footprint_off,post,footprint,off,5,50,50,1.0,10,10,0.0,1.3,10,16,85000,2.0796288000081145,0.6306466526452627,0.4010989010989011,8.120590576295339,0.562047857540345,1.8776557365194904,0.5003481570962016,0,3.499
digits_pca16,20,cells,post_footprint_on,post,footprint,on,5,50,50,1.0,10,10,0.0,1.3,10,16,85000,2.003493439112082,0.5758121359686119,0.42777777777777776,7.649986010441596,0.4969393433500278,2.0148849074393866,0.48152017362212934,0,3.617
digits_pca16,20,cells,post_mass_off,post,mass,off,5,50,50,1.0,10,10,0.0,1.3,10,16,85000,2.065213027434756,0.5926730453322462,0.42777777777777776,7.962687318997797,0.5548135781858653,1.8669382351644936,0.5074365132524048,0,1.941
digits_pca16,20,cells,post_mass_on,post,mass,on,5,50,50,1.0,10,10,0.0,1.3,10,16,85000,1.9080199354085652,0.5407855591777242,0.3956043956043956,7.3367334416632515,0.4952698942682248,2.2053297762613187,0.46031566362783327,0,2.174
digits_pca16,20,cells,pre_none_off,pre,none,off,5,50,50,1.0,10,10,0.0,1.3,10,16,85000,2.0469277502950063,0.5825222204746858,0.4166666666666667,7.921190250729458,0.55370061213133,1.8905380241547558,0.5260922687818603,0,1.988
digits_pca16,20,cells,pre_none_on,pre,none,on,5,50,50,1.0,10,10,0.0,1.3,10,16,85000,1.5519808562863278,0.29977399332944543,0.25,4.71098411523468,0.27100723427935447,3.429879084111568,0.2814004498334698,0,1.841
digits_pca16,20,cells,pre_footprint_off,pre,footprint,off,5,50,50,1.0,10,10,0.0,1.3,10,16,85000,2.12838794224186,0.6491029616471191,0.3626373626373626,8.336514982042187,0.5831942125765164,1.8402759700191673,0.478358671369481,0,3.264
digits_pca16,20,cells,pre_footprint_on,pre,footprint,on,5,50,50,1.0,10,10,0.0,1.3,10,16,85000,2.1263153559755157,0.6075609223377358,0.4340659340659341,8.316387131365772,0.4774624373956594,1.9350352762691632,0.4912619516478074,0,3.506
digits_pca16,20,cells,pre_mass_off,pre,mass,off,5,50,50,1.0,10,10,0.0,1.3,10,16,85000,2.0916862178911027,0.6462783051360218,0.37362637362637363,8.279794701669141,0.5792988313856428,1.8924590850955716,0.4783016949949443,0,2.135
digits_pca16,20,cells,pre_mass_on,pre,mass,on,5,50,50,1.0,10,10,0.0,1.3,10,16,85000,2.364038448657694,0.5796379672494898,0.4111111111111111,7.925053938208527,0.4574290484140234,1.5222487897733645,0.4938641981626845,0,1.83
digits_pca16,20,cells,post_fpmask_off,post,fpmask,off,5,50,50,1.0,10,10,0.0,1.3,10,16,85000,1.679840874494266,0.4659603697773105,0.35555555555555557,8.074265712262111,0.41402337228714525,2.861322094367882,0.6706865617783072,0,3.699
digits_pca16,20,cells,post_massmask_off,post,massmask,off,5,50,50,1.0,10,10,0.0,1.3,10,16,85000,1.749851789925612,0.4074713762614414,0.32967032967032966,8.215675583218225,0.3411240957150807,2.6831240343917284,0.7565940199376009,0,1.989
digits_pca16,20,cells,pre_fpmask_off,pre,fpmask,off,5,50,50,1.0,10,10,0.0,1.3,10,16,85000,2.1185940648374673,0.5878548448228362,0.36666666666666664,8.015431683642593,0.5442404006677797,1.7857942256898434,0.5065891882586605,0,3.298
digits_pca16,20,cells,pre_massmask_off,pre,massmask,off,5,50,50,1.0,10,10,0.0,1.3,10,16,85000,2.070464181819347,0.5870143377727612,0.40555555555555556,7.94638583667853,0.5564830272676683,1.8536776124080745,0.5205682938663996,0,1.754
digits_pca16,21,cells,post_none_off,post,none,off,5,50,50,1.0,10,10,0.0,1.3,10,16,85000,1.5548777771272875,0.4062352288169306,0.3,8.286718250785443,0.36505286588759045,3.4275994148690088,0.7731223238860722,0,1.93
digits_pca16,21,cells,post_none_on,post,none,on,5,50,43,1.0,10,10,0.0,1.3,10,16,73100,1.1393280208750285,0.3119979292644383,0.24858757062146894,4.713454079290136,0.24373956594323873,6.3605567421231965,0.28541356025768555,0,1.853
digits_pca16,21,cells,post_footprint_off,post,footprint,off,5,50,50,1.0,10,10,0.0,1.3,10,16,85000,2.408561107692396,0.6145926693768815,0.42045454545454547,8.235571616091358,0.568725653867557,1.419640594810914,0.5061270484127788,0,3.395
digits_pca16,21,cells,post_footprint_on,post,footprint,on,5,50,50,1.0,10,10,0.0,1.3,10,16,85000,2.2768963953441808,0.6343572489687952,0.45,7.751291907423765,0.5175292153589316,1.600351509363257,0.46234273628119715,0,3.534
digits_pca16,21,cells,post_mass_off,post,mass,off,5,50,50,1.0,10,10,0.0,1.3,10,16,85000,2.2492241993749325,0.6221209524085894,0.43333333333333335,8.0674133115089,0.5358931552587646,1.5946626139005595,0.49322257977616846,0,2.121
digits_pca16,21,cells,post_mass_on,post,mass,on,5,50,50,1.0,10,10,0.0,1.3,10,16,85000,2.2010662228095255,0.5856862818609592,0.40331491712707185,7.412803559152518,0.46299387868670006,1.689204825303073,0.44992115787003367,0,1.94
digits_pca16,21,cells,pre_none_off,pre,none,off,5,50,50,1.0,10,10,0.0,1.3,10,16,85000,2.6267871527542423,0.6461422589477082,0.4,7.986058754613056,0.5025041736227045,1.1573980170085423,0.4696830657224285,0,2.017
digits_pca16,21,cells,pre_none_on,pre,none,on,5,50,50,1.0,10,10,0.0,1.3,10,16,85000,1.7111211369374904,0.3344684473544631,0.26666666666666666,4.064048487053777,0.2426265998887034,2.7654054394059058,0.2722816543997471,0,2.063
digits_pca16,21,cells,pre_footprint_off,pre,footprint,off,5,50,50,1.0,10,10,0.0,1.3,10,16,85000,3.104473972194355,0.6782391680631967,0.37777777777777777,8.41607306926747,0.5854201446855871,0.8732396587331841,0.4439680793406833,0,3.284
digits_pca16,21,cells,pre_footprint_on,pre,footprint,on,5,50,50,1.0,10,10,0.0,1.3,10,16,85000,2.8262751487242515,0.6548791640730179,0.4,8.011686982637858,0.5208681135225376,1.0643183352662946,0.4407296238355843,0,3.473
digits_pca16,21,cells,pre_mass_off,pre,mass,off,5,50,50,1.0,10,10,0.0,1.3,10,16,85000,3.019419396877645,0.6843755281789464,0.38333333333333336,8.366456741256341,0.577072899276572,0.9176872304739918,0.4401806335224399,0,2.139
digits_pca16,21,cells,pre_mass_on,pre,mass,on,5,50,50,1.0,10,10,0.0,1.3,10,16,85000,2.6294264650165147,0.6220795331808691,0.3888888888888889,7.815406123611673,0.4936004451864218,1.2271245014836447,0.4310154608162792,0,2.166
digits_pca16,21,cells,post_fpmask_off,post,fpmask,off,5,50,50,1.0,10,10,0.0,1.3,10,16,85000,1.4978735821440297,0.43804402647377244,0.30939226519337015,8.152928985375507,0.3861992209237618,3.6338193821173705,0.7373767587504495,0,3.698
digits_pca16,21,cells,post_massmask_off,post,massmask,off,5,50,50,1.0,10,10,0.0,1.3,10,16,85000,1.598575463073097,0.43526819263970273,0.32222222222222224,8.243549630719835,0.3589315525876461,3.225878245707876,0.7757866288437292,0,2.03
digits_pca16,21,cells,pre_fpmask_off,pre,fpmask,off,5,50,50,1.0,10,10,0.0,1.3,10,16,85000,2.6747022673357788,0.6660332750144465,0.38333333333333336,8.197997218515026,0.5442404006677797,1.145926795921766,0.44915468072289033,0,3.342
digits_pca16,21,cells,pre_massmask_off,pre,massmask,off,5,50,50,1.0,10,10,0.0,1.3,10,16,85000,2.2740413671698714,0.5913287171633592,0.38333333333333336,8.023317653668029,0.49638286032276013,1.551519596964335,0.4944046607486562,0,1.582
digits_pca16,22,cells,post_none_off,post,none,off,5,50,50,1.0,10,10,0.0,1.3,10,16,85000,1.828363562567319,0.3743477930130753,0.30939226519337015,8.284528687051223,0.3316638842515303,2.4782361675697384,0.7850712193945449,0,2.03
digits_pca16,22,cells,post_none_on,post,none,on,5,50,50,1.0,10,10,0.0,1.3,10,16,85000,1.3511631767084715,0.3155510675556302,0.2824858757062147,4.392750705391146,0.27156371730662215,4.487670667058128,0.27141823250189484,0,2.129
digits_pca16,22,cells,post_footprint_off,post,footprint,off,5,50,50,1.0,10,10,0.0,1.3,10,16,85000,2.1028616679406507,0.6450617606414153,0.45,8.136415384030798,0.5392320534223706,1.8399740721091562,0.5194329463827642,0,3.873
digits_pca16,22,cells,post_footprint_on,post,footprint,on,5,50,50,1.0,10,10,0.0,1.3,10,16,85000,2.1149418678935654,0.6010802613871833,0.42777777777777776,7.840652256842639,0.6010016694490818,1.8021154542683917,0.514173688340705,0,3.648
digits_pca16,22,cells,post_mass_off,post,mass,off,5,50,50,1.0,10,10,0.0,1.3,10,16,85000,2.0379866484909024,0.5909815861423727,0.42777777777777776,8.073557236712837,0.5492487479131887,1.943847809678935,0.5308916528695203,0,2.539
digits_pca16,22,cells,post_mass_on,post,mass,on,5,50,50,1.0,10,10,0.0,1.3,10,16,85000,1.9038029858442558,0.5413320659419422,0.4,7.51957080367935,0.5175292153589316,2.219431054236926,0.5010913559015956,0,2.303
digits_pca16,22,cells,pre_none_off,pre,none,off,5,50,50,1.0,10,10,0.0,1.3,10,16,85000,2.2266680785166155,0.5949855471394324,0.4166666666666667,7.979138478009588,0.5948803561491375,1.6093297365225223,0.551502110803014,0,1.783
digits_pca16,22,cells,pre_none_on,pre,none,on,5,50,50,1.0,10,10,0.0,1.3,10,16,85000,1.7768217723075566,0.31832266821746646,0.2833333333333333,4.44397796138135,0.27545909849749584,2.7260408963887204,0.2767716986163911,0,2.087
digits_pca16,22,cells,pre_footprint_off,pre,footprint,off,5,50,50,1.0,10,10,0.0,1.3,10,16,85000,2.1355727738164214,0.67347340547414,0.43333333333333335,8.29868936340077,0.6188091263216472,1.8196202339314012,0.49803555627170853,0,2.866
digits_pca16,22,cells,pre_footprint_on,pre,footprint,on,5,50,50,1.0,10,10,0.0,1.3,10,16,85000,2.1498360021396095,0.6296642990967244,0.4166666666666667,8.036096545013159,0.5820812465219811,1.8033340484156868,0.493099705105308,0,3.495
digits_pca16,22,cells,pre_mass_off,pre,mass,off,5,50,50,1.0,10,10,0.0,1.3,10,16,85000,2.1268232704361116,0.6543910534562205,0.4444444444444444,8.241465979672617,0.6193656093489148,1.8219718524798616,0.5010283275369065,0,1.917
digits_pca16,22,cells,pre_mass_on,pre,mass,on,5,50,50,1.0,10,10,0.0,1.3,10,16,85000,2.2037623745006893,0.566533680371697,0.32222222222222224,7.855687950251482,0.5275459098497496,1.702326672374477,0.4992257153633752,0,2.146
digits_pca16,22,cells,post_fpmask_off,post,fpmask,off,5,50,50,1.0,10,10,0.0,1.3,10,16,85000,1.7197451704223063,0.4024479714030121,0.3277777777777778,8.17293387405673,0.37506956037840844,2.763438400045788,0.7398675566348105,0,3.743
digits_pca16,22,cells,post_massmask_off,post,massmask,off,5,50,50,1.0,10,10,0.0,1.3,10,16,85000,1.7640328294803764,0.4028352806626899,0.30386740331491713,8.258089216592259,0.36894824707846413,2.653788109637369,0.7807781020172037,0,1.807
digits_pca16,22,cells,pre_fpmask_off,pre,fpmask,off,5,50,50,1.0,10,10,0.0,1.3,10,16,85000,2.2528296570689115,0.6133434598798951,0.42777777777777776,8.070552523937401,0.6132442960489705,1.590180995633584,0.5232172176831642,0,3.306
digits_pca16,22,cells,pre_massmask_off,pre,massmask,off,5,50,50,1.0,10,10,0.0,1.3,10,16,85000,2.2313769061877733,0.5955353802099838,0.4166666666666667,8.00212621773271,0.5954368391764051,1.6071615333545028,0.5434676096189756,0,2.149
digits_pca16,23,cells,post_none_off,post,none,off,5,50,50,1.0,10,10,0.0,1.3,10,16,85000,1.7129346304883983,0.4094731582867824,0.3352272727272727,8.233506160286414,0.3606010016694491,2.8061005930782565,0.7489446352632094,0,2.122
digits_pca16,23,cells,post_none_on,post,none,on,5,50,43,1.0,10,10,0.0,1.3,10,16,73100,1.2264461353196578,0.3360028916740629,0.2777777777777778,4.0717900223387,0.27824151363383415,5.536091846887565,0.2727163205707118,0,1.769
digits_pca16,23,cells,post_footprint_off,post,footprint,off,5,50,50,1.0,10,10,0.0,1.3,10,16,85000,2.944195118786523,0.6936034870931566,0.4777777777777778,8.244199753859565,0.5648302726766834,0.9510762338060903,0.4653258023614367,0,2.476
digits_pca16,23,cells,post_footprint_on,post,footprint,on,5,50,50,1.0,10,10,0.0,1.3,10,16,85000,2.959257025857362,0.6683320318150471,0.4222222222222222,7.691380505275563,0.5370061213132999,0.934269935821691,0.4351174668216874,0,3.033
digits_pca16,23,cells,post_mass_off,post,mass,off,5,50,50,1.0,10,10,0.0,1.3,10,16,85000,2.115512378596496,0.6689573892079588,0.4666666666666667,8.141987951943754,0.5909849749582637,1.8192790300207733,0.480225584250793,0,2.117
digits_pca16,23,cells,post_mass_on,post,mass,on,5,50,50,1.0,10,10,0.0,1.3,10,16,85000,1.5451472215866118,0.5696188049760351,0.4011299435028249,7.297946870606525,0.4340567612687813,3.436478407965075,0.4332162357192137,0,2.003
digits_pca16,23,cells,pre_none_off,pre,none,off,5,50,50,1.0,10,10,0.0,1.3,10,16,85000,1.9858735712338391,0.6114705125551781,0.4,7.950854279531472,0.5242070116861436,2.016093185790128,0.49213500886233363,0,1.627
digits_pca16,23,cells,pre_none_on,pre,none,on,5,50,50,1.0,10,10,0.0,1.3,10,16,85000,1.7678620395372109,0.33375562508427825,0.2777777777777778,4.077766960271999,0.2687813021702838,2.6091549875007023,0.27148454026612817,0,1.414
digits_pca16,23,cells,pre_footprint_off,pre,footprint,off,5,50,50,1.0,10,10,0.0,1.3,10,16,85000,3.0465534147456568,0.6571330959617432,0.45555555555555555,8.646565723112884,0.523650528658876,0.9315926491852357,0.47358006562269717,0,3.11
digits_pca16,23,cells,pre_footprint_on,pre,footprint,on,5,50,50,1.0,10,10,0.0,1.3,10,16,85000,2.9490530092806884,0.6487942845584913,0.4222222222222222,7.988172289500788,0.4769059543683918,0.9865382189806954,0.4451418839577024,0,3.375
digits_pca16,23,cells,pre_mass_off,pre,mass,off,5,50,50,1.0,10,10,0.0,1.3,10,16,85000,3.0441581049720123,0.7262112151167885,0.5555555555555556,8.398966312545278,0.6004451864218141,0.9063405896647707,0.44034978785558737,0,2.14
digits_pca16,23,cells,pre_mass_on,pre,mass,on,5,50,50,1.0,10,10,0.0,1.3,10,16,85000,2.699310628008876,0.6898873396532981,0.4745762711864407,7.702765386845003,0.5409015025041736,1.1496689620914962,0.40320279132691,0,2.289
digits_pca16,23,cells,post_fpmask_off,post,fpmask,off,5,50,50,1.0,10,10,0.0,1.3,10,16,85000,1.6552938797243408,0.4219040360445705,0.3333333333333333,8.202844536751684,0.35948803561491377,2.9937412548907627,0.7122917460051559,0,3.605
digits_pca16,23,cells,post_massmask_off,post,massmask,off,5,50,50,1.0,10,10,0.0,1.3,10,16,85000,1.616461943005793,0.38500871248178853,0.34444444444444444,8.262989001716585,0.3533667223149694,3.162322849605341,0.7505191137705238,0,1.244
digits_pca16,23,cells,pre_fpmask_off,pre,fpmask,off,5,50,50,1.0,10,10,0.0,1.3,10,16,85000,2.061463146545462,0.6505130799029458,0.42777777777777776,8.088354507804612,0.5581524763494713,1.903307800472853,0.47388257377522996,0,2.971
digits_pca16,23,cells,pre_massmask_off,pre,massmask,off,5,50,50,1.0,10,10,0.0,1.3,10,16,85000,2.0444384612598903,0.6471604252523502,0.43333333333333335,8.027022233969946,0.5542570951585977,1.920464929697267,0.48690593088112083,0,1.719
digits_pca16,24,cells,post_none_off,post,none,off,5,50,50,1.0,10,10,0.0,1.3,10,16,85000,1.5580637438621159,0.40408095477091377,0.3314917127071823,8.236814977416994,0.37506956037840844,3.393039123208372,0.7644651842861634,0,1.921
digits_pca16,24,cells,post_none_on,post,none,on,5,50,50,1.0,10,10,0.0,1.3,10,16,85000,1.245098878066723,0.32158743237299753,0.27071823204419887,4.55029203245664,0.24874791318864775,5.306802710005833,0.2799866527745057,0,2.207
digits_pca16,24,cells,post_footprint_off,post,footprint,off,5,50,50,1.0,10,10,0.0,1.3,10,16,85000,2.3311730033637943,0.6510049578563804,0.4388888888888889,8.057043069906388,0.6071229827490262,1.4826091470136173,0.4898880095940737,0,4.054
digits_pca16,24,cells,post_footprint_on,post,footprint,on,5,50,50,1.0,10,10,0.0,1.3,10,16,85000,2.4741746547424874,0.6134591393819884,0.40555555555555556,7.564265389981541,0.5509181969949917,1.307855656367662,0.4563923180518351,0,3.593
digits_pca16,24,cells,post_mass_off,post,mass,off,5,50,50,1.0,10,10,0.0,1.3,10,16,85000,2.1004651940991543,0.6568563412669282,0.39444444444444443,7.96094606033759,0.6199220923761826,1.8044036731295794,0.48844847890132564,0,2.259
digits_pca16,24,cells,post_mass_on,post,mass,on,5,50,50,1.0,10,10,0.0,1.3,10,16,85000,1.9346619660599038,0.5837978847361179,0.3888888888888889,7.296255953203069,0.5425709515859767,2.132072585119667,0.4609959960812862,0,1.911
digits_pca16,24,cells,pre_none_off,pre,none,off,5,50,50,1.0,10,10,0.0,1.3,10,16,85000,2.1605993712147673,0.6312888896171768,0.37777777777777777,7.927821139244935,0.5959933222036727,1.6982645834265542,0.5094301285001009,0,2.009
digits_pca16,24,cells,pre_none_on,pre,none,on,5,50,50,1.0,10,10,0.0,1.3,10,16,85000,2.0930756614536827,0.3193595266765519,0.27071823204419887,4.573637240811307,0.25097384529771843,1.9549119313970875,0.2798231865654641,0,2.15
digits_pca16,24,cells,pre_footprint_off,pre,footprint,off,5,50,50,1.0,10,10,0.0,1.3,10,16,85000,2.902195921850717,0.7125989030172775,0.43333333333333335,8.220796029852888,0.6716750139120757,0.9760238223036062,0.4541746278650978,0,3.737
digits_pca16,24,cells,pre_footprint_on,pre,footprint,on,5,50,50,1.0,10,10,0.0,1.3,10,16,85000,2.968409237285565,0.6742790273679116,0.4166666666666667,7.938566450582953,0.6355036171396773,0.9392909463156244,0.45038120834087814,0,3.72
digits_pca16,24,cells,pre_mass_off,pre,mass,off,5,50,50,1.0,10,10,0.0,1.3,10,16,85000,2.9434675814367086,0.7069469113202931,0.4111111111111111,8.214091164185525,0.667779632721202,0.9480713104883419,0.4554046253872328,0,2.041
digits_pca16,24,cells,pre_mass_on,pre,mass,on,5,50,44,1.0,10,10,0.0,1.3,10,16,74800,2.9386729068505515,0.6442133446768648,0.39444444444444443,7.802355667589223,0.6065664997217585,0.9554241191195328,0.44730530807719987,0,1.591
digits_pca16,24,cells,post_fpmask_off,post,fpmask,off,5,50,50,1.0,10,10,0.0,1.3,10,16,85000,1.5924513726023832,0.41693609112204444,0.32044198895027626,8.137960954741555,0.3739565943238731,3.2090999428632867,0.7143914688491848,0,3.532
digits_pca16,24,cells,post_massmask_off,post,massmask,off,5,50,50,1.0,10,10,0.0,1.3,10,16,85000,1.5763652899019909,0.4377122767988416,0.3241758241758242,8.182188635791007,0.4001112966054535,3.292727271199335,0.7404585005037817,0,1.943
digits_pca16,24,cells,pre_fpmask_off,pre,fpmask,off,5,50,50,1.0,10,10,0.0,1.3,10,16,85000,2.142704615351396,0.6341576263290707,0.37222222222222223,8.015439848487642,0.5987757373400111,1.745833204348287,0.4857133854192018,0,3.532
digits_pca16,24,cells,pre_massmask_off,pre,massmask,off,5,50,50,1.0,10,10,0.0,1.3,10,16,85000,2.1391278482224627,0.6369199846581288,0.37222222222222223,7.9543822056564055,0.6015581524763495,1.738332987482089,0.49830638451473197,0,1.941
digits_pca16,25,cells,post_none_off,post,none,off,5,50,50,1.0,10,10,0.0,1.3,10,16,85000,1.6415140402859678,0.41490187945037726,0.3055555555555556,8.269568081141006,0.3850862548692265,3.06897692840322,0.7719821046260937,0,1.597
digits_pca16,25,cells,post_none_on,post,none,on,5,50,50,1.0,10,10,0.0,1.3,10,16,85000,1.106858274761137,0.30709482638280855,0.26666666666666666,4.105409874178063,0.2570951585976628,6.737627773704267,0.2773353904957962,0,1.552
digits_pca16,25,cells,post_footprint_off,post,footprint,off,5,50,50,1.0,10,10,0.0,1.3,10,16,85000,1.9142806765641562,0.5729145833879985,0.4388888888888889,8.25248563642484,0.530328324986088,2.252026757182708,0.5378568944392347,0,2.985
digits_pca16,25,cells,post_footprint_on,post,footprint,on,5,50,50,1.0,10,10,0.0,1.3,10,16,85000,1.7472107289015357,0.5664708481782135,0.4111111111111111,7.700939737907338,0.4936004451864218,2.6729258019576445,0.5090146218622883,0,2.847
digits_pca16,25,cells,post_mass_off,post,mass,off,5,50,50,1.0,10,10,0.0,1.3,10,16,85000,2.161189058519456,0.5658881999651013,0.4666666666666667,8.211376683581092,0.454646633277685,1.758046892319485,0.5386027942498918,0,1.685
digits_pca16,25,cells,post_mass_on,post,mass,on,5,50,50,1.0,10,10,0.0,1.3,10,16,85000,2.398720258848343,0.5546664945082145,0.430939226519337,7.466738966037916,0.451307735114079,1.4070126362975188,0.46488205641462005,0,1.557
digits_pca16,25,cells,pre_none_off,pre,none,off,5,50,50,1.0,10,10,0.0,1.3,10,16,85000,1.8353395014775318,0.5718124186937235,0.3611111111111111,8.048248905079932,0.531997774067891,2.3892884042512565,0.5501968891882122,0,1.691
digits_pca16,25,cells,pre_none_on,pre,none,on,5,50,50,1.0,10,10,0.0,1.3,10,16,85000,2.075718362251633,0.30322815438077744,0.25,4.137809018020184,0.25542570951585974,1.901787958330213,0.277124253925585,0,1.867
digits_pca16,25,cells,pre_footprint_off,pre,footprint,off,5,50,50,1.0,10,10,0.0,1.3,10,16,85000,2.499140090602764,0.5945938282844973,0.4301675977653631,8.620277277348148,0.5375626043405676,1.38019367429194,0.5135310937085907,0,3.126
digits_pca16,25,cells,pre_footprint_on,pre,footprint,on,5,50,50,1.0,10,10,0.0,1.3,10,16,85000,2.4350009387760534,0.6433039220621772,0.43646408839779005,8.151784128595047,0.552031163049527,1.4295559376035305,0.4690422213812779,0,3.104
digits_pca16,25,cells,pre_mass_off,pre,mass,off,5,50,50,1.0,10,10,0.0,1.3,10,16,85000,2.560758110623499,0.6095626027811363,0.43646408839779005,8.496654645860513,0.5542570951585977,1.2957190755281025,0.5029012804522638,0,1.456
digits_pca16,25,cells,pre_mass_on,pre,mass,on,5,50,45,1.0,10,10,0.0,1.3,10,16,76500,2.63343227160282,0.5647750927473008,0.37222222222222223,8.091203675835828,0.454646633277685,1.2443087834744848,0.4966887793678503,0,1.479
digits_pca16,25,cells,post_fpmask_off,post,fpmask,off,5,50,50,1.0,10,10,0.0,1.3,10,16,85000,1.5780204450937585,0.4019675833746831,0.3259668508287293,8.208737263005245,0.3411240957150807,3.2964850008550526,0.7285941170976661,0,3.244
digits_pca16,25,cells,post_massmask_off,post,massmask,off,5,50,50,1.0,10,10,0.0,1.3,10,16,85000,1.5759355530917518,0.43253126159722133,0.3111111111111111,8.207113893890892,0.3789649415692821,3.304559331152985,0.7474891620065849,0,1.968
digits_pca16,25,cells,pre_fpmask_off,pre,fpmask,off,5,50,50,1.0,10,10,0.0,1.3,10,16,85000,2.1943442775516613,0.6045327831734146,0.42777777777777776,8.116324633216154,0.5442404006677797,1.685581967930299,0.5099412349498453,0,2.917
digits_pca16,25,cells,pre_massmask_off,pre,massmask,off,5,50,50,1.0,10,10,0.0,1.3,10,16,85000,2.2202197116444915,0.6161861109482191,0.4166666666666667,8.059676901329823,0.5592654424040067,1.6350299931886036,0.5277802721879976,0,1.558
digits_pca16,26,cells,post_none_off,post,none,off,5,50,50,1.0,10,10,0.0,1.3,10,16,85000,1.6340679673892922,0.4122180922241646,0.3111111111111111,8.26494814531458,0.3845297718419588,3.0952797032791777,0.7653701839317651,0,1.88
digits_pca16,26,cells,post_none_on,post,none,on,5,50,46,1.0,10,10,0.0,1.3,10,16,78200,0.9686927160154255,0.30226741959499454,0.2655367231638418,4.681587425794261,0.2570951585976628,8.777888909486057,0.281316232723595,0,1.716
digits_pca16,26,cells,post_footprint_off,post,footprint,off,5,50,50,1.0,10,10,0.0,1.3,10,16,85000,1.5484010909556871,0.5625673668922271,0.4696132596685083,8.20906949464431,0.48914858096828046,3.423946696042659,0.5381634345594167,0,3.385
digits_pca16,26,cells,post_footprint_on,post,footprint,on,5,50,50,1.0,10,10,0.0,1.3,10,16,85000,2.251240500223304,0.5869548069673753,0.45,7.811470590937461,0.5436839176405119,1.6096223680904065,0.5048892889005201,0,3.409
digits_pca16,26,cells,post_mass_off,post,mass,off,5,50,50,1.0,10,10,0.0,1.3,10,16,85000,2.321861174570856,0.6152267496985208,0.45555555555555555,8.044203913705877,0.5626043405676127,1.4921434337988182,0.5143714531469253,0,2.057
digits_pca16,26,cells,post_mass_on,post,mass,on,5,50,50,1.0,10,10,0.0,1.3,10,16,85000,2.370103351287728,0.5186699838777913,0.4166666666666667,7.503338736373556,0.4885920979410128,1.4399958038904255,0.49158195030425583,0,1.761
digits_pca16,26,cells,pre_none_off,pre,none,off,5,50,50,1.0,10,10,0.0,1.3,10,16,85000,2.13881170911236,0.6233891547414165,0.4222222222222222,7.912649925790343,0.5876460767946577,1.7297241377858024,0.5124010827523331,0,1.705
digits_pca16,26,cells,pre_none_on,pre,none,on,5,50,50,1.0,10,10,0.0,1.3,10,16,85000,1.4821212482663018,0.3189534011679554,0.2711864406779661,4.068270776493156,0.23205342237061768,3.753048833530776,0.277596541980791,0,1.746
digits_pca16,26,cells,pre_footprint_off,pre,footprint,off,5,50,50,1.0,10,10,0.0,1.3,10,16,85000,2.577609784543448,0.6530807769802487,0.38333333333333336,8.429493212878388,0.6510851419031719,1.268723902659428,0.48655348127946063,0,3.498
digits_pca16,26,cells,pre_footprint_on,pre,footprint,on,5,50,50,1.0,10,10,0.0,1.3,10,16,85000,2.574961571371848,0.6006283041900792,0.3888888888888889,8.161533121392404,0.5926544240400667,1.2776397845913627,0.4891065828186477,0,3.258
digits_pca16,26,cells,pre_mass_off,pre,mass,off,5,50,50,1.0,10,10,0.0,1.3,10,16,85000,2.500961929526228,0.6453266204553739,0.38333333333333336,8.373233537954883,0.6416249304396215,1.338686989847518,0.4877125929470813,0,1.938
digits_pca16,26,cells,pre_mass_on,pre,mass,on,5,50,45,1.0,10,10,0.0,1.3,10,16,76500,2.491610527394157,0.5793889260266302,0.4088397790055249,7.970873110702688,0.5648302726766834,1.356162729782651,0.4865604518011181,0,1.725
digits_pca16,26,cells,post_fpmask_off,post,fpmask,off,5,50,50,1.0,10,10,0.0,1.3,10,16,85000,1.909308939264857,0.45287280110856554,0.31666666666666665,8.226010815474645,0.41569282136894825,2.256507931482174,0.7359951593160947,0,3.367
digits_pca16,26,cells,post_massmask_off,post,massmask,off,5,50,50,1.0,10,10,0.0,1.3,10,16,85000,1.6068379700627449,0.41371914224855255,0.32044198895027626,8.227746285532335,0.3761825264329438,3.186667269773913,0.7585120859014545,0,2.028
digits_pca16,26,cells,pre_fpmask_off,pre,fpmask,off,5,50,50,1.0,10,10,0.0,1.3,10,16,85000,2.1746554300135172,0.6233922920680894,0.43333333333333335,7.9979901375415405,0.5865331107401224,1.6912194204286906,0.48694100786923394,0,3.581
digits_pca16,26,cells,pre_massmask_off,pre,massmask,off,5,50,50,1.0,10,10,0.0,1.3,10,16,85000,2.1133926998543044,0.6261921466639258,0.4222222222222222,7.93285576986737,0.5904284919309961,1.7761071083755708,0.5009310582180738,0,1.679
digits_pca16,27,cells,post_none_off,post,none,off,5,50,50,1.0,10,10,0.0,1.3,10,16,85000,1.5841455115376266,0.33607242883416666,0.2737430167597765,8.249855469479993,0.29493600445186424,3.2874276061129724,0.7657190728925798,0,2.122
digits_pca16,27,cells,post_none_on,post,none,on,5,50,50,1.0,10,10,0.0,1.3,10,16,85000,1.2665669375894644,0.3052506085597326,0.2556818181818182,4.010967907210304,0.23483583750695602,5.221846102482239,0.27696281363432634,0,2.217
digits_pca16,27,cells,post_footprint_off,post,footprint,off,5,50,50,1.0,10,10,0.0,1.3,10,16,85000,2.5147744634268308,0.6580053281485392,0.45,8.08206701976729,0.5882025598219255,1.2779809032676404,0.4906632423637511,0,3.513
digits_pca16,27,cells,post_footprint_on,post,footprint,on,5,50,50,1.0,10,10,0.0,1.3,10,16,85000,2.0485177116950757,0.6132607463597599,0.45555555555555555,7.745919101240838,0.4590984974958264,2.0043974787228,0.474653037405589,0,3.615
digits_pca16,27,cells,post_mass_off,post,mass,off,5,50,50,1.0,10,10,0.0,1.3,10,16,85000,2.552911562526446,0.6251875496190522,0.46111111111111114,8.254382144035455,0.5008347245409015,1.26652285260166,0.49345018215468445,0,2.097
digits_pca16,27,cells,post_mass_on,post,mass,on,5,50,50,1.0,10,10,0.0,1.3,10,16,85000,1.6740794036647972,0.5635936885136759,0.45,7.331847498312067,0.43516972732331666,2.9434207276921316,0.45438478649565694,0,2.186
digits_pca16,27,cells,pre_none_off,pre,none,off,5,50,50,1.0,10,10,0.0,1.3,10,16,85000,2.5864834806282238,0.6342300865129973,0.4166666666666667,8.034964688225934,0.531997774067891,1.2010595878781578,0.4947164641868976,0,2.404
digits_pca16,27,cells,pre_none_on,pre,none,on,5,50,50,1.0,10,10,0.0,1.3,10,16,85000,1.893578056648107,0.3052661297616945,0.2556818181818182,4.020479479607114,0.23650528658875905,2.2810015307586347,0.27641054971134554,0,2.425
digits_pca16,27,cells,pre_footprint_off,pre,footprint,off,5,50,50,1.0,10,10,0.0,1.3,10,16,85000,3.1007370094928586,0.6943688899550466,0.45555555555555555,8.424453719172163,0.565386755703951,0.8762174197479249,0.4380282378071747,0,3.609
digits_pca16,27,cells,pre_footprint_on,pre,footprint,on,5,50,40,1.0,10,10,0.0,1.3,10,16,68000,3.0761965006959846,0.676533737708717,0.45555555555555555,7.9769170948551755,0.5375626043405676,0.8942654521451354,0.4186915242503073,0,2.63
digits_pca16,27,cells,pre_mass_off,pre,mass,off,5,50,50,1.0,10,10,0.0,1.3,10,16,85000,3.0153205508919774,0.6915814831725162,0.45,8.360953377984487,0.558708959376739,0.9195785373872617,0.4376051437105415,0,1.949
digits_pca16,27,cells,pre_mass_on,pre,mass,on,5,50,47,1.0,10,10,0.0,1.3,10,16,79900,2.3973978742863307,0.5582502539066981,0.4166666666666667,7.899617641507866,0.4284919309961046,1.4956245352169766,0.46593710243083725,0,2.306
digits_pca16,27,cells,post_fpmask_off,post,fpmask,off,5,50,50,1.0,10,10,0.0,1.3,10,16,85000,1.6829536236679414,0.3935275481936932,0.28888888888888886,8.190584830273394,0.3361157484696717,2.891815729697298,0.6890359726735428,0,3.775
digits_pca16,27,cells,post_massmask_off,post,massmask,off,5,50,50,1.0,10,10,0.0,1.3,10,16,85000,1.6752314391097947,0.3890753976794958,0.29444444444444445,8.281279049212086,0.3311074012242627,2.950854455485852,0.7407217604943371,0,2.107
digits_pca16,27,cells,pre_fpmask_off,pre,fpmask,off,5,50,50,1.0,10,10,0.0,1.3,10,16,85000,2.7054178224487595,0.6666312830840273,0.4222222222222222,8.172495346071752,0.5481357818586533,1.116570086122211,0.4532776483421511,0,3.307
digits_pca16,27,cells,pre_massmask_off,pre,massmask,off,5,50,50,1.0,10,10,0.0,1.3,10,16,85000,2.6841098470844353,0.6603546366906962,0.4166666666666667,8.082381358813775,0.5447968836950473,1.12186026901498,0.4721035556865353,0,1.832
digits_pca16,28,cells,post_none_off,post,none,off,5,50,50,1.0,10,10,0.0,1.3,10,16,85000,1.701197362311014,0.40462472543767103,0.3021978021978022,8.335981316967953,0.3784084585420145,2.880363714538149,0.7932810538753511,0,1.85
digits_pca16,28,cells,post_none_on,post,none,on,5,50,50,1.0,10,10,0.0,1.3,10,16,85000,1.300007763621595,0.32566171566649393,0.2722222222222222,4.220053966859356,0.2637729549248748,4.913666885779323,0.27280587858290695,0,1.878
digits_pca16,28,cells,post_footprint_off,post,footprint,off,5,50,50,1.0,10,10,0.0,1.3,10,16,85000,2.4682939079952253,0.6230963575959014,0.43646408839779005,8.148795194060527,0.5542570951585977,1.3375180759599945,0.5006874939050272,0,3.225
digits_pca16,28,cells,post_footprint_on,post,footprint,on,5,50,50,1.0,10,10,0.0,1.3,10,16,85000,2.412380626017879,0.6557309434905422,0.5333333333333333,7.855136734092685,0.6115748469671675,1.4004548854071082,0.4939866579223156,0,2.963
digits_pca16,28,cells,post_mass_off,post,mass,off,5,50,50,1.0,10,10,0.0,1.3,10,16,85000,2.407533246747726,0.6592606926575887,0.4745762711864407,8.109386966543042,0.6104618809126322,1.3990828669904016,0.5193495012988446,0,1.943
digits_pca16,28,cells,post_mass_on,post,mass,on,5,50,50,1.0,10,10,0.0,1.3,10,16,85000,2.1060869827717665,0.5887252935257294,0.4519774011299435,7.739250121267414,0.5459098497495827,1.8398378346123652,0.5098353339325916,0,2.149
digits_pca16,28,cells,pre_none_off,pre,none,off,5,50,50,1.0,10,10,0.0,1.3,10,16,85000,2.575485954743568,0.6491758505677628,0.4777777777777778,7.994479403518406,0.5470228158041179,1.205235225421269,0.48748260503764135,0,2.114
digits_pca16,28,cells,pre_none_on,pre,none,on,5,50,50,1.0,10,10,0.0,1.3,10,16,85000,1.4468575040670333,0.32340183155119834,0.2768361581920904,4.240321431939668,0.25542570951585974,3.9980709972077344,0.2752697664547085,0,2.13
digits_pca16,28,cells,pre_footprint_off,pre,footprint,off,5,50,50,1.0,10,10,0.0,1.3,10,16,85000,2.5302439154178806,0.6707864039580617,0.425414364640884,8.377181024686601,0.5920979410127991,1.308498177235481,0.47973793302470225,0,3.37
digits_pca16,28,cells,pre_footprint_on,pre,footprint,on,5,50,50,1.0,10,10,0.0,1.3,10,16,85000,2.527499254422856,0.6236195209915438,0.43646408839779005,7.9838080474845645,0.5470228158041179,1.3018306621997018,0.47305394378236393,0,3.591
digits_pca16,28,cells,pre_mass_off,pre,mass,off,5,50,50,1.0,10,10,0.0,1.3,10,16,85000,2.468427125366409,0.6613413404519402,0.4088397790055249,8.330172191772858,0.5926544240400667,1.367141159059181,0.48029735822531733,0,1.328
digits_pca16,28,cells,pre_mass_on,pre,mass,on,5,50,50,1.0,10,10,0.0,1.3,10,16,85000,2.407198882336249,0.5842748232656583,0.4419889502762431,7.7780855757856875,0.5175292153589316,1.4363032972557703,0.46270721409769316,0,1.329
digits_pca16,28,cells,post_fpmask_off,post,fpmask,off,5,50,50,1.0,10,10,0.0,1.3,10,16,85000,1.7007549553165464,0.43878152691750855,0.32044198895027626,8.21653036116724,0.3828603227601558,2.84056658798722,0.6992122227482092,0,2.838
digits_pca16,28,cells,post_massmask_off,post,massmask,off,5,50,50,1.0,10,10,0.0,1.3,10,16,85000,1.6626758505260097,0.4005944577421438,0.3425414364640884,8.239521727654601,0.34668892598775736,2.980484210501559,0.7434791955115772,0,1.664
digits_pca16,28,cells,pre_fpmask_off,pre,fpmask,off,5,50,50,1.0,10,10,0.0,1.3,10,16,85000,2.3687343274273087,0.573327081914675,0.4111111111111111,8.03818164306606,0.5203116304952699,1.432600532557187,0.5100145969733689,0,3.118
digits_pca16,28,cells,pre_massmask_off,pre,massmask,off,5,50,50,1.0,10,10,0.0,1.3,10,16,85000,2.576047369391072,0.6309003122412402,0.46111111111111114,7.989462447618137,0.533667223149694,1.203953934467803,0.4852423567731707,0,1.732
digits_pca16,29,cells,post_none_off,post,none,off,5,50,50,1.0,10,10,0.0,1.3,10,16,85000,1.7899173956526166,0.429995027800785,0.2833333333333333,8.263141941200628,0.3789649415692821,2.5791656451601175,0.7599272017893488,0,1.928
digits_pca16,29,cells,post_none_on,post,none,on,5,50,50,1.0,10,10,0.0,1.3,10,16,85000,1.4696687880418244,0.3103846253365941,0.25555555555555554,3.996462525598498,0.2609905397885364,3.859915161839857,0.27454832221725906,0,2.52
digits_pca16,29,cells,post_footprint_off,post,footprint,off,5,50,50,1.0,10,10,0.0,1.3,10,16,85000,2.1355836636032963,0.6835134866451276,0.39444444444444443,8.076065543547603,0.6249304396215916,1.7707883451145494,0.49653626799308875,0,3.518
digits_pca16,29,cells,post_footprint_on,post,footprint,on,5,50,48,1.0,10,10,0.0,1.3,10,16,81600,2.1061796257926404,0.5655814643943018,0.37222222222222223,7.7686484938498985,0.5125208681135225,1.8391098936823183,0.5125826099091394,0,3.384
digits_pca16,29,cells,post_mass_off,post,mass,off,5,50,50,1.0,10,10,0.0,1.3,10,16,85000,2.763119425755655,0.6722994976850446,0.4222222222222222,8.023076994995384,0.5909849749582637,1.0508522241940137,0.4875109915989689,0,2.532
digits_pca16,29,cells,post_mass_on,post,mass,on,5,50,50,1.0,10,10,0.0,1.3,10,16,85000,2.382300412407198,0.5924011369160649,0.430939226519337,7.4041061051841845,0.5203116304952699,1.404268324783827,0.4504072434207996,0,1.976
digits_pca16,29,cells,pre_none_off,pre,none,off,5,50,50,1.0,10,10,0.0,1.3,10,16,85000,2.220237202415703,0.61972583214583,0.4111111111111111,7.921169550929451,0.5186421814134669,1.6069063186770212,0.4998235664021733,0,2.567
digits_pca16,29,cells,pre_none_on,pre,none,on,5,50,50,1.0,10,10,0.0,1.3,10,16,85000,2.213413312776216,0.3171393489557245,0.2611111111111111,4.0193561452795095,0.2548692264885921,1.663830023231544,0.27656671909493535,0,2.043
digits_pca16,29,cells,pre_footprint_off,pre,footprint,off,5,50,50,1.0,10,10,0.0,1.3,10,16,85000,2.570527353788595,0.6257093047180724,0.46368715083798884,8.63015038806258,0.44017807456872565,1.3060924060551566,0.5006333157380979,0,3.544
digits_pca16,29,cells,pre_footprint_on,pre,footprint,on,5,50,50,1.0,10,10,0.0,1.3,10,16,85000,2.5694360139449812,0.6306496319145649,0.45,7.938904633181379,0.4535336672231497,1.3034701369470556,0.4385842950346992,0,3.7
digits_pca16,29,cells,pre_mass_off,pre,mass,off,5,50,50,1.0,10,10,0.0,1.3,10,16,85000,2.9918634145581575,0.7238076742226692,0.5524861878453039,8.395236707526223,0.5948803561491375,0.9378846318266113,0.4444365816294908,0,2.162
digits_pca16,29,cells,pre_mass_on,pre,mass,on,5,50,50,1.0,10,10,0.0,1.3,10,16,85000,2.5258553452732344,0.6118077094808819,0.42777777777777776,7.698946200916798,0.4485253199777407,1.3375463809438306,0.43345307077054634,0,2.056
digits_pca16,29,cells,post_fpmask_off,post,fpmask,off,5,50,50,1.0,10,10,0.0,1.3,10,16,85000,1.6365310725275848,0.43826981132321696,0.3,8.12946652785303,0.3850862548692265,3.0353832695461356,0.712355790357841,0,3.467
digits_pca16,29,cells,post_massmask_off,post,massmask,off,5,50,50,1.0,10,10,0.0,1.3,10,16,85000,1.8583576509637172,0.48683623675238163,0.32222222222222224,8.216968499887551,0.4023372287145242,2.3793209141655822,0.6944076644721585,0,1.78
digits_pca16,29,cells,pre_fpmask_off,pre,fpmask,off,5,50,50,1.0,10,10,0.0,1.3,10,16,85000,1.9764046836974845,0.5405623787058694,0.430939226519337,8.213313324214063,0.44184752365052865,2.102648326842141,0.5324783844915127,0,3.793
digits_pca16,29,cells,pre_massmask_off,pre,massmask,off,5,50,50,1.0,10,10,0.0,1.3,10,16,85000,2.232393267289169,0.6136913940509732,0.4111111111111111,8.010483424150644,0.5153032832498609,1.6073754021453737,0.4918015902599231,0,1.792
digits_pca32,20,cells,post_none_off,post,none,off,5,50,50,1.0,10,10,0.0,1.1,10,32,165000,2.075734331345018,0.37785720601000267,0.3370165745856354,25.26224657190337,0.3516972732331664,5.863115276540612,0.514608012309284,0,4.936
digits_pca32,20,cells,post_none_on,post,none,on,5,50,50,1.0,10,10,0.0,1.1,10,32,165000,1.6993788634317355,0.3264874293696655,0.288135593220339,15.008379498198806,0.26655537006121316,8.812129594220385,0.07299377215173687,0,5.061
digits_pca32,20,cells,post_footprint_off,post,footprint,off,5,50,50,1.0,10,10,0.0,1.1,10,32,165000,3.0111473383219924,0.6078222557427005,0.4111111111111111,24.930745633722907,0.5904284919309961,2.749610988305841,0.32165481121038086,0,6.537
digits_pca32,20,cells,post_footprint_on,post,footprint,on,5,50,50,1.0,10,10,0.0,1.1,10,32,165000,2.705323353777195,0.5214081450942817,0.38333333333333336,24.045528238183117,0.5075125208681135,3.413436265631084,0.32070799580050485,0,6.693
digits_pca32,20,cells,post_mass_off,post,mass,off,5,50,50,1.0,10,10,0.0,1.1,10,32,165000,2.371882611043124,0.5412580733966059,0.4111111111111111,24.747397293245395,0.5097384529771842,4.398890467637323,0.33490191828943733,0,4.078
digits_pca32,20,cells,post_mass_on,post,mass,on,5,50,50,1.0,10,10,0.0,1.1,10,32,165000,2.3164211003806967,0.4699236380005181,0.32222222222222224,22.62512410161077,0.39677239844184753,4.643775098496767,0.2682910938943415,0,4.678
digits_pca32,20,cells,pre_none_off,pre,none,off,5,50,50,1.0,10,10,0.0,1.1,10,32,165000,2.6241544829360404,0.5050433186675956,0.37777777777777777,24.82178111844154,0.46188091263216474,3.6045756553599366,0.35090844563417734,0,3.984
digits_pca32,20,cells,pre_none_on,pre,none,on,5,50,50,1.0,10,10,0.0,1.1,10,32,165000,2.323476598167153,0.32707113238980917,0.2937853107344633,15.032622544113543,0.2648859209794101,4.621748435817531,0.0738553311627001,0,4.692
digits_pca32,20,cells,pre_footprint_off,pre,footprint,off,5,50,50,1.0,10,10,0.0,1.1,10,32,165000,3.3355420388867976,0.7025950265102499,0.5111111111111111,24.983130556145095,0.6549805230940456,2.2455049685779684,0.2945399451148137,0,6.489
digits_pca32,20,cells,pre_footprint_on,pre,footprint,on,5,50,50,1.0,10,10,0.0,1.1,10,32,165000,3.6982746813984195,0.5668281316179883,0.4166666666666667,24.52259594178668,0.5036171396772399,1.8763395607945261,0.3058774810164063,0,6.665
digits_pca32,20,cells,pre_mass_off,pre,mass,off,5,50,50,1.0,10,10,0.0,1.1,10,32,165000,3.528208928726081,0.7119264677362797,0.5222222222222223,25.343141907917865,0.6449638286032277,2.035878546994445,0.32126359033000046,0,5.132
digits_pca32,20,cells,pre_mass_on,pre,mass,on,5,50,50,1.0,10,10,0.0,1.1,10,32,165000,2.561110582321624,0.49742940127588164,0.37777777777777777,23.666036787518074,0.4251530328324986,3.859602220387597,0.278118530469059,0,5.135
digits_pca32,20,cells,post_fpmask_off,post,fpmask,off,5,50,50,1.0,10,10,0.0,1.1,10,32,165000,1.9640437235897912,0.41088297593118445,0.3111111111111111,25.004679006218197,0.3828603227601558,6.482148559262652,0.4587894023154488,0,6.443
digits_pca32,20,cells,post_massmask_off,post,massmask,off,5,50,50,1.0,10,10,0.0,1.1,10,32,165000,2.0748830946836154,0.3701216075210401,0.3314917127071823,25.274254342561502,0.34056761268781305,5.87071621001862,0.5164904225924792,0,5.072
digits_pca32,20,cells,pre_fpmask_off,pre,fpmask,off,5,50,50,1.0,10,10,0.0,1.1,10,32,165000,2.5519105280715735,0.5244370143498026,0.3901098901098901,24.69081894023158,0.47022815804117973,3.791443665864514,0.32125629799493005,0,7.011
digits_pca32,20,cells,pre_massmask_off,pre,massmask,off,5,50,50,1.0,10,10,0.0,1.1,10,32,165000,2.428735014318128,0.5427403843832199,0.45604395604395603,24.708802672664252,0.4986087924318308,4.18881744128256,0.3397187962927432,0,4.884
digits_pca32,21,cells,post_none_off,post,none,off,5,50,50,1.0,10,10,0.0,1.1,10,32,165000,2.1600226714604998,0.38183766541808895,0.2833333333333333,25.114856583998392,0.3038397328881469,5.382872380592481,0.5048237768768772,0,3.07
digits_pca32,21,cells,post_none_on,post,none,on,5,50,50,1.0,10,10,0.0,1.1,10,32,165000,1.5035235423137852,0.33023505250004115,0.2542372881355932,13.630387942807683,0.2582081246521981,11.253163263084096,0.07674275460181179,0,3.532
digits_pca32,21,cells,post_footprint_off,post,footprint,off,5,50,50,1.0,10,10,0.0,1.1,10,32,165000,2.935571420965653,0.5958920881806037,0.2833333333333333,24.81827912605103,0.5158597662771286,2.8799593820275993,0.3152224618991554,0,5.189
digits_pca32,21,cells,post_footprint_on,post,footprint,on,5,50,50,1.0,10,10,0.0,1.1,10,32,165000,2.529311027848935,0.5976087276773778,0.4777777777777778,23.76014239895401,0.5175292153589316,3.8978585523350358,0.2967333485618413,0,4.621
digits_pca32,21,cells,post_mass_off,post,mass,off,5,50,50,1.0,10,10,0.0,1.1,10,32,165000,2.8419640469801695,0.5963971795222505,0.2833333333333333,24.599145112860104,0.525319977740679,3.045670070191507,0.32438625207090055,0,3.378
digits_pca32,21,cells,post_mass_on,post,mass,on,5,50,50,1.0,10,10,0.0,1.1,10,32,165000,2.27815098223842,0.539333539351842,0.4088397790055249,22.17505724466146,0.3834168057874235,4.751142447479743,0.23286718896116293,0,3.367
digits_pca32,21,cells,pre_none_off,pre,none,off,5,50,50,1.0,10,10,0.0,1.1,10,32,165000,2.387724664197058,0.5512375570823677,0.37777777777777777,24.419190391194885,0.42292710072342793,4.283144929408098,0.3426609623943873,0,2.888
digits_pca32,21,cells,pre_none_on,pre,none,on,5,50,50,1.0,10,10,0.0,1.1,10,32,165000,2.4218900729754433,0.3353986583052766,0.2722222222222222,13.658221446671327,0.25542570951585974,4.284557461439913,0.07684190724063256,0,2.966
digits_pca32,21,cells,pre_footprint_off,pre,footprint,off,5,50,50,1.0,10,10,0.0,1.1,10,32,165000,3.1954725130441015,0.6804102934581225,0.4666666666666667,25.047105622572225,0.4741235392320534,2.4529425390675863,0.27305120225534346,0,4.358
digits_pca32,21,cells,pre_footprint_on,pre,footprint,on,5,50,50,1.0,10,10,0.0,1.1,10,32,165000,2.593238267768879,0.6374436456109684,0.40555555555555556,23.641195606622183,0.41513633834168057,3.737347601197205,0.22288767333143944,0,4.634
digits_pca32,21,cells,pre_mass_off,pre,mass,off,5,50,50,1.0,10,10,0.0,1.1,10,32,165000,3.022119749288613,0.6625178823851361,0.4722222222222222,24.959324777366486,0.46410684474123537,2.7328103532961836,0.27672620549043764,0,3.303
digits_pca32,21,cells,pre_mass_on,pre,mass,on,5,50,50,1.0,10,10,0.0,1.1,10,32,165000,2.4745280381718464,0.5942824953530629,0.37777777777777777,23.392413929769152,0.4079020589872009,4.086681154471696,0.22441980509067294,0,3.313
digits_pca32,21,cells,post_fpmask_off,post,fpmask,off,5,50,50,1.0,10,10,0.0,1.1,10,32,165000,2.094195699358454,0.3805038799012267,0.2897727272727273,25.137728446447493,0.30495269894268223,5.731806275549035,0.50601272823335,0,5.142
digits_pca32,21,cells,post_massmask_off,post,massmask,off,5,50,50,1.0,10,10,0.0,1.1,10,32,165000,2.0344491123140593,0.3653774654003527,0.3163841807909605,25.178516173099332,0.2888146911519199,6.083261277868823,0.5245258028367735,0,3.999
digits_pca32,21,cells,pre_fpmask_off,pre,fpmask,off,5,50,50,1.0,10,10,0.0,1.1,10,32,165000,2.4821885401041057,0.6121461207307548,0.3888888888888889,24.28030786868684,0.454646633277685,3.9408023798945195,0.29480139217890117,0,4.972
digits_pca32,21,cells,pre_massmask_off,pre,massmask,off,5,50,50,1.0,10,10,0.0,1.1,10,32,165000,2.4848820732195356,0.5422471022597211,0.36666666666666664,24.504947277824,0.431274346132443,3.968644580519698,0.340726779923957,0,3.471
digits_pca32,22,cells,post_none_off,post,none,off,5,50,50,1.0,10,10,0.0,1.1,10,32,165000,2.089255661391061,0.3765933232004461,0.3149171270718232,25.16735414363017,0.33889816360601,5.765731112478529,0.49608077219316277,0,3.385
digits_pca32,22,cells,post_none_on,post,none,on,5,50,32,1.0,10,10,0.0,1.1,10,32,105600,1.7469790610233267,0.33372000486720954,0.29608938547486036,14.787473418976965,0.27212020033388984,8.272135168803638,0.0728505943866217,0,2.549
digits_pca32,22,cells,post_footprint_off,post,footprint,off,5,50,50,1.0,10,10,0.0,1.1,10,32,165000,2.2208935766197437,0.5893370685166166,0.4777777777777778,25.077580057833227,0.4780189204229271,5.08428783922661,0.3516526778232243,0,5.52
digits_pca32,22,cells,post_footprint_on,post,footprint,on,5,50,50,1.0,10,10,0.0,1.1,10,32,165000,2.2919559238822327,0.5489111298966307,0.4,23.91436427222686,0.43683917640511966,4.76705678901761,0.31454004384355244,0,5.281
digits_pca32,22,cells,post_mass_off,post,mass,off,5,50,50,1.0,10,10,0.0,1.1,10,32,165000,2.228842833745764,0.5332341693953928,0.46111111111111114,24.86724815944977,0.4485253199777407,5.005746329232421,0.3554379168827439,0,3.059
digits_pca32,22,cells,post_mass_on,post,mass,on,5,50,50,1.0,10,10,0.0,1.1,10,32,165000,2.131997070884356,0.46165653016602126,0.37222222222222223,22.56007656076848,0.39065108514190316,5.46680729530798,0.251155534524857,0,3.166
digits_pca32,22,cells,pre_none_off,pre,none,off,5,50,50,1.0,10,10,0.0,1.1,10,32,165000,2.394768775751677,0.5736118196555987,0.4198895027624309,24.706231619541988,0.5069560378408459,4.308036107855527,0.342900209639705,0,4.336
digits_pca32,22,cells,pre_none_on,pre,none,on,5,50,50,1.0,10,10,0.0,1.1,10,32,165000,2.3758867179116763,0.3325680136244361,0.29545454545454547,14.804655144992182,0.27378964941569284,4.473934207138524,0.07279183991700633,0,4.207
digits_pca32,22,cells,pre_footprint_off,pre,footprint,off,5,50,50,1.0,10,10,0.0,1.1,10,32,165000,3.2713499860932043,0.6222921723931794,0.3888888888888889,25.440877483654912,0.5809682804674458,2.3772675767988107,0.3135890489039404,0,5.496
digits_pca32,22,cells,pre_footprint_on,pre,footprint,on,5,50,50,1.0,10,10,0.0,1.1,10,32,165000,3.351403840638044,0.5642339588150023,0.3388888888888889,24.552206174047665,0.5197551474680022,2.258395971964037,0.28808605327783704,0,6.027
digits_pca32,22,cells,pre_mass_off,pre,mass,off,5,50,50,1.0,10,10,0.0,1.1,10,32,165000,3.1302747305894845,0.6029454679623973,0.39444444444444443,25.215698011981633,0.5592654424040067,2.5733928142649662,0.30826666802325897,0,3.763
digits_pca32,22,cells,pre_mass_on,pre,mass,on,5,50,41,1.0,10,10,0.0,1.1,10,32,135300,2.8384710533330186,0.5391379584545672,0.3611111111111111,24.03102512556005,0.48914858096828046,3.133388951874881,0.28414697722459087,0,3.126
digits_pca32,22,cells,post_fpmask_off,post,fpmask,off,5,50,50,1.0,10,10,0.0,1.1,10,32,165000,2.0389238213300853,0.4112147963551916,0.292817679558011,24.892666093098125,0.3622704507512521,5.987829337999355,0.4287619710887601,0,5.566
digits_pca32,22,cells,post_massmask_off,post,massmask,off,5,50,50,1.0,10,10,0.0,1.1,10,32,165000,2.0547019712669665,0.36640929201520234,0.3,25.019385554735813,0.34557595993322204,5.926236303101638,0.48286027337318604,0,3.978
digits_pca32,22,cells,pre_fpmask_off,pre,fpmask,off,5,50,50,1.0,10,10,0.0,1.1,10,32,165000,2.5505936957768687,0.6018386312324796,0.43646408839779005,24.715139241233967,0.5069560378408459,3.799098009854961,0.3058743492492039,0,5.933
digits_pca32,22,cells,pre_massmask_off,pre,massmask,off,5,50,50,1.0,10,10,0.0,1.1,10,32,165000,2.566815063239709,0.5789503646102655,0.3425414364640884,24.64253581922607,0.5008347245409015,3.7402121610747985,0.31298831763635765,0,3.814
digits_pca32,23,cells,post_none_off,post,none,off,5,50,50,1.0,10,10,0.0,1.1,10,32,165000,1.9896358292464504,0.41692760905033427,0.3626373626373626,25.165197604619316,0.3144129104062326,6.357013867048948,0.4889557071708361,0,3.654
digits_pca32,23,cells,post_none_on,post,none,on,5,50,49,1.0,10,10,0.0,1.1,10,32,161700,1.4882345756200546,0.3438404937260939,0.25555555555555554,13.565617097234995,0.2531997774067891,11.443503364513631,0.07441992163258641,0,3.559
digits_pca32,23,cells,post_footprint_off,post,footprint,off,5,50,50,1.0,10,10,0.0,1.1,10,32,165000,2.8545099830698986,0.6117537939989132,0.34444444444444444,24.714534036783764,0.5080690038953812,3.0331179161287736,0.2986099899031693,0,4.569
digits_pca32,23,cells,post_footprint_on,post,footprint,on,5,50,50,1.0,10,10,0.0,1.1,10,32,165000,2.563996130566681,0.5719357768822586,0.4222222222222222,23.45317574911992,0.432943795214246,3.7901432010986036,0.26871590434285986,0,5.466
digits_pca32,23,cells,post_mass_off,post,mass,off,5,50,50,1.0,10,10,0.0,1.1,10,32,165000,2.5093446386222875,0.6008727366929649,0.4835164835164835,24.73854048407569,0.48636616583194214,3.928741451508211,0.31751860321534114,0,4.07
digits_pca32,23,cells,post_mass_on,post,mass,on,5,50,50,1.0,10,10,0.0,1.1,10,32,165000,2.237246808316558,0.5225671614436451,0.4088397790055249,22.315717608003236,0.3834168057874235,4.911783052511556,0.249067695877788,0,4.199
digits_pca32,23,cells,pre_none_off,pre,none,off,5,50,50,1.0,10,10,0.0,1.1,10,32,165000,2.270154253394006,0.5369143345595845,0.3111111111111111,24.198535990264002,0.43628269337785197,4.6954622828754475,0.3323874356816342,0,3.867
digits_pca32,23,cells,pre_none_on,pre,none,on,5,50,50,1.0,10,10,0.0,1.1,10,32,165000,2.1607762927239027,0.36993022045117974,0.25,13.606957443447348,0.27824151363383415,5.306475070454343,0.07086422273858797,0,4.159
digits_pca32,23,cells,pre_footprint_off,pre,footprint,off,5,50,50,1.0,10,10,0.0,1.1,10,32,165000,3.5415726840704385,0.6597382693874222,0.5055555555555555,25.00589297044242,0.552031163049527,1.9936551980497046,0.30112921075261107,0,5.465
digits_pca32,23,cells,pre_footprint_on,pre,footprint,on,5,50,50,1.0,10,10,0.0,1.1,10,32,165000,2.8009082748212544,0.6287317295283434,0.46111111111111114,23.654275186913587,0.4268224819143016,3.1824017966376434,0.25264525871341237,0,5.172
digits_pca32,23,cells,pre_mass_off,pre,mass,off,5,50,50,1.0,10,10,0.0,1.1,10,32,165000,3.2740026386747934,0.7392325908395471,0.4858757062146893,24.76660711413587,0.567056204785754,2.310513256270731,0.27098505886533125,0,3.864
digits_pca32,23,cells,pre_mass_on,pre,mass,on,5,50,50,1.0,10,10,0.0,1.1,10,32,165000,2.707332709743066,0.6122630081631791,0.45,23.2781245933003,0.41235392320534225,3.394004965882016,0.23982650651027512,0,3.737
digits_pca32,23,cells,post_fpmask_off,post,fpmask,off,5,50,50,1.0,10,10,0.0,1.1,10,32,165000,1.9780848052099134,0.3635394048871061,0.28888888888888886,24.654168055566906,0.2904841402337229,6.3008702744849625,0.4854872173960788,0,5.499
digits_pca32,23,cells,post_massmask_off,post,massmask,off,5,50,50,1.0,10,10,0.0,1.1,10,32,165000,2.013242137654195,0.3613781549003531,0.24444444444444444,24.850735126286224,0.2854757929883139,6.131224479025845,0.48651381700617163,0,4.063
digits_pca32,23,cells,pre_fpmask_off,pre,fpmask,off,5,50,50,1.0,10,10,0.0,1.1,10,32,165000,2.5663416166615765,0.5558640496384541,0.3111111111111111,24.271854084460102,0.4763494713411241,3.685309946002478,0.32249008196273976,0,5.116
digits_pca32,23,cells,pre_massmask_off,pre,massmask,off,5,50,50,1.0,10,10,0.0,1.1,10,32,165000,2.3009794741600835,0.5408801289193941,0.35,24.46100018953114,0.43962159154145797,4.620071767291333,0.33164443112340397,0,3.642
digits_pca32,24,cells,post_none_off,post,none,off,5,50,50,1.0,10,10,0.0,1.1,10,32,165000,2.072856926665655,0.3564206258635047,0.24861878453038674,25.00185235388466,0.3110740122426266,5.818801363186597,0.4723018781791431,0,3.496
digits_pca32,24,cells,post_none_on,post,none,on,5,50,50,1.0,10,10,0.0,1.1,10,32,165000,1.639148595348356,0.3465854972699117,0.2711864406779661,15.296862557638692,0.26989426822481916,9.484363540164791,0.07698819085683499,0,4.298
digits_pca32,24,cells,post_footprint_off,post,footprint,off,5,50,50,1.0,10,10,0.0,1.1,10,32,165000,2.835573037911858,0.6669775624521369,0.4111111111111111,24.78055262117543,0.6288258208124652,3.0819764138301777,0.30549019756307777,0,6.345
digits_pca32,24,cells,post_footprint_on,post,footprint,on,5,50,50,1.0,10,10,0.0,1.1,10,32,165000,2.468583146274145,0.5919292445448365,0.4010989010989011,22.976832506330414,0.4602114635503617,4.05619629683173,0.25556752090869594,0,6.104
digits_pca32,24,cells,post_mass_off,post,mass,off,5,50,50,1.0,10,10,0.0,1.1,10,32,165000,2.808558178756081,0.604611039416812,0.37222222222222223,24.51173382252579,0.526989426822482,3.1074717032142494,0.30063881496052697,0,4.94
digits_pca32,24,cells,post_mass_on,post,mass,on,5,50,50,1.0,10,10,0.0,1.1,10,32,165000,2.5840320121341867,0.5690939507141952,0.37777777777777777,23.228260474311956,0.49081803005008345,3.6857049909465536,0.2781299216065301,0,4.714
digits_pca32,24,cells,pre_none_off,pre,none,off,5,50,50,1.0,10,10,0.0,1.1,10,32,165000,2.6029576579586418,0.5687627032218994,0.43956043956043955,24.40136259437011,0.46355036171396774,3.601470579202435,0.3132618370495479,0,4.79
digits_pca32,24,cells,pre_none_on,pre,none,on,5,50,50,1.0,10,10,0.0,1.1,10,32,165000,2.3292402481013412,0.3521227337212425,0.2722222222222222,15.330257465215556,0.27267668336115747,4.693436521073561,0.0781696489882217,0,4.229
digits_pca32,24,cells,pre_footprint_off,pre,footprint,off,5,50,50,1.0,10,10,0.0,1.1,10,32,165000,3.451404086715428,0.6699969870252629,0.4111111111111111,25.17850234962338,0.6138007790762382,2.1136753183696575,0.2993156741143577,0,6.318
digits_pca32,24,cells,pre_footprint_on,pre,footprint,on,5,50,50,1.0,10,10,0.0,1.1,10,32,165000,2.762750115130438,0.6551176526049896,0.4111111111111111,23.691591330484233,0.5025041736227045,3.2963855313899675,0.24018207629941327,0,6.18
digits_pca32,24,cells,pre_mass_off,pre,mass,off,5,50,50,1.0,10,10,0.0,1.1,10,32,165000,3.427637109812551,0.6831990738348782,0.4722222222222222,24.862638394087213,0.6416249304396215,2.116204050455093,0.29728590787449716,0,4.492
digits_pca32,24,cells,pre_mass_on,pre,mass,on,5,50,50,1.0,10,10,0.0,1.1,10,32,165000,3.186003278366154,0.6394167804568477,0.36666666666666664,23.52821487812943,0.5097384529771842,2.4643834999130134,0.24360822194330584,0,3.652
digits_pca32,24,cells,post_fpmask_off,post,fpmask,off,5,50,50,1.0,10,10,0.0,1.1,10,32,165000,2.2610151305934396,0.39334583151392793,0.3111111111111111,24.76985753963991,0.32053422370617696,4.84525425427157,0.42728092275264856,0,5.24
digits_pca32,24,cells,post_massmask_off,post,massmask,off,5,50,50,1.0,10,10,0.0,1.1,10,32,165000,2.136723817069526,0.37055146382464044,0.29444444444444445,24.869953512072918,0.3043962159154146,5.447261088835406,0.4582399594375537,0,3.847
digits_pca32,24,cells,pre_fpmask_off,pre,fpmask,off,5,50,50,1.0,10,10,0.0,1.1,10,32,165000,2.6470086709443112,0.5558350970316657,0.32222222222222224,24.387045069273658,0.4741235392320534,3.4805546160354215,0.2978746520491034,0,5.631
digits_pca32,24,cells,pre_massmask_off,pre,massmask,off,5,50,50,1.0,10,10,0.0,1.1,10,32,165000,2.3042747715297054,0.5808853377240042,0.3812154696132597,24.43874794082033,0.4769059543683918,4.602676189603493,0.3159567629364311,0,3.845
digits_pca32,25,cells,post_none_off,post,none,off,5,50,50,1.0,10,10,0.0,1.1,10,32,165000,1.8224364548912828,0.38312232061986057,0.3,25.08355378150994,0.34056761268781305,7.552387730587565,0.48415229917168207,0,3.486
digits_pca32,25,cells,post_none_on,post,none,on,5,50,50,1.0,10,10,0.0,1.1,10,32,165000,1.591976130258472,0.33646997769005543,0.2905027932960894,13.611231149346148,0.2476349471341124,9.995343824432151,0.07760283775791749,0,3.307
digits_pca32,25,cells,post_footprint_off,post,footprint,off,5,50,50,1.0,10,10,0.0,1.1,10,32,165000,2.420713164244397,0.5835268192991379,0.4388888888888889,24.740170665744227,0.4991652754590985,4.221978596377058,0.30985585303237134,0,6.028
digits_pca32,25,cells,post_footprint_on,post,footprint,on,5,50,50,1.0,10,10,0.0,1.1,10,32,165000,2.229424766884855,0.5388352134798693,0.4222222222222222,22.977076060635873,0.46800222593210905,4.986106884730156,0.2476583904493609,0,5.674
digits_pca32,25,cells,post_mass_off,post,mass,off,5,50,50,1.0,10,10,0.0,1.1,10,32,165000,2.4767208357140067,0.581110630776273,0.45,24.643374028879162,0.5197551474680022,4.017409046822897,0.3129471211177851,0,4.372
digits_pca32,25,cells,post_mass_on,post,mass,on,5,50,50,1.0,10,10,0.0,1.1,10,32,165000,2.1376288725942043,0.5244709305601598,0.39444444444444443,22.269942884017603,0.46299387868670006,5.383473000542833,0.221612836663956,0,4.243
digits_pca32,25,cells,pre_none_off,pre,none,off,5,50,50,1.0,10,10,0.0,1.1,10,32,165000,2.4335627000015307,0.5092581077018437,0.34444444444444444,24.506668388776344,0.44741235392320533,4.138082966448131,0.34028547341424553,0,3.931
digits_pca32,25,cells,pre_none_on,pre,none,on,5,50,50,1.0,10,10,0.0,1.1,10,32,165000,2.299006719413368,0.33764059379711225,0.2905027932960894,13.588210160450172,0.25041736227045075,4.771384407706756,0.07653826961407005,0,3.141
digits_pca32,25,cells,pre_footprint_off,pre,footprint,off,5,50,50,1.0,10,10,0.0,1.1,10,32,165000,3.750122486484363,0.6272769589316985,0.3954802259887006,25.323637463751705,0.5948803561491375,1.8006743644226442,0.3159384708689053,0,5.561
digits_pca32,25,cells,pre_footprint_on,pre,footprint,on,5,50,50,1.0,10,10,0.0,1.1,10,32,165000,2.920818745594807,0.6134413275896521,0.4166666666666667,23.81941762365655,0.48469671675013914,2.931337943591773,0.2826792130038564,0,5.807
digits_pca32,25,cells,pre_mass_off,pre,mass,off,5,50,50,1.0,10,10,0.0,1.1,10,32,165000,3.282553860291858,0.6346790918889295,0.5166666666666667,24.948592418328523,0.5676126878130217,2.315380261226041,0.307196873423614,0,4.115
digits_pca32,25,cells,pre_mass_on,pre,mass,on,5,50,50,1.0,10,10,0.0,1.1,10,32,165000,2.9883104813728263,0.5706692366490561,0.4444444444444444,23.361960470414584,0.4691151919866444,2.806919820559898,0.25030527113399503,0,4.593
digits_pca32,25,cells,post_fpmask_off,post,fpmask,off,5,50,50,1.0,10,10,0.0,1.1,10,32,165000,1.7449434946510245,0.40511840055446957,0.3149171270718232,24.78852266251118,0.3600445186421814,8.141190338047627,0.45630323988500804,0,5.491
digits_pca32,25,cells,post_massmask_off,post,massmask,off,5,50,50,1.0,10,10,0.0,1.1,10,32,165000,1.8675677539584874,0.3739720144835971,0.3149171270718232,24.89473665378438,0.3266555370061213,7.137642686558237,0.4819340447776265,0,3.171
digits_pca32,25,cells,pre_fpmask_off,pre,fpmask,off,5,50,50,1.0,10,10,0.0,1.1,10,32,165000,2.354038962633673,0.4970796848986959,0.3149171270718232,24.4444107687712,0.444629938786867,4.411154606084261,0.31390177825744864,0,5.548
digits_pca32,25,cells,pre_massmask_off,pre,massmask,off,5,50,50,1.0,10,10,0.0,1.1,10,32,165000,2.3004339396206377,0.4987874526266399,0.28888888888888886,24.36058176920268,0.44240400667779634,4.603287746176001,0.32441923329462946,0,3.353
digits_pca32,26,cells,post_none_off,post,none,off,5,50,50,1.0,10,10,0.0,1.1,10,32,165000,2.137491083864644,0.32508118843019457,0.27071823204419887,25.28597671057773,0.30105731775180855,5.534407203529677,0.5164905855139313,0,5.649
digits_pca32,26,cells,post_none_on,post,none,on,5,50,35,1.0,10,10,0.0,1.1,10,32,115500,1.6227304402255205,0.3326539612039662,0.2598870056497175,13.893652322304684,0.2854757929883139,9.656753378274729,0.07368501363628742,0,3.845
digits_pca32,26,cells,post_footprint_off,post,footprint,off,5,50,50,1.0,10,10,0.0,1.1,10,32,165000,3.322431274223403,0.5894750385775891,0.3888888888888889,24.829573673727232,0.5414579855314413,2.2493511046821855,0.3268310531231848,0,6.841
digits_pca32,26,cells,post_footprint_on,post,footprint,on,5,50,50,1.0,10,10,0.0,1.1,10,32,165000,2.434154368130494,0.5841175590910133,0.38333333333333336,23.465960408000925,0.49081803005008345,4.1680498960866315,0.28286447551361715,0,7.124
digits_pca32,26,cells,post_mass_off,post,mass,off,5,50,50,1.0,10,10,0.0,1.1,10,32,165000,2.854109021333741,0.5988507337974496,0.4530386740331492,24.783176108021873,0.5342237061769616,3.042396735414266,0.32970642154547963,0,5.285
digits_pca32,26,cells,post_mass_on,post,mass,on,5,50,50,1.0,10,10,0.0,1.1,10,32,165000,2.393363728327186,0.5446424607985758,0.38333333333333336,22.90816325033994,0.4980523094045632,4.283404522346662,0.2634426090256977,0,5.077
digits_pca32,26,cells,pre_none_off,pre,none,off,5,50,50,1.0,10,10,0.0,1.1,10,32,165000,2.5426863898100094,0.5586874905041813,0.4,24.387292861195768,0.4602114635503617,3.7720548289410183,0.31317254918059334,0,5.142
digits_pca32,26,cells,pre_none_on,pre,none,on,5,50,50,1.0,10,10,0.0,1.1,10,32,165000,2.2322524701388406,0.3332218290902698,0.2598870056497175,13.901405609561754,0.2760155815247635,5.1604259251290845,0.07383321226393072,0,5.242
digits_pca32,26,cells,pre_footprint_off,pre,footprint,off,5,50,50,1.0,10,10,0.0,1.1,10,32,165000,3.708699976386596,0.655665864081958,0.42777777777777776,25.25517170545849,0.6154702281580412,1.836144780736093,0.3006347444551235,0,6.812
digits_pca32,26,cells,pre_footprint_on,pre,footprint,on,5,50,50,1.0,10,10,0.0,1.1,10,32,165000,2.6741705776206177,0.6046816093228216,0.48333333333333334,23.60372130296986,0.49471341124095713,3.4854336517469804,0.26172154513252766,0,6.517
digits_pca32,26,cells,pre_mass_off,pre,mass,off,5,50,50,1.0,10,10,0.0,1.1,10,32,165000,3.154835089981586,0.6578043418247584,0.4666666666666667,25.167322722535175,0.6115748469671675,2.5286207229260844,0.3029985661028881,0,4.86
digits_pca32,26,cells,pre_mass_on,pre,mass,on,5,50,50,1.0,10,10,0.0,1.1,10,32,165000,2.796405181849505,0.6380598731057346,0.5,22.776527058744122,0.48636616583194214,3.155249227700856,0.2295274058087993,0,4.733
digits_pca32,26,cells,post_fpmask_off,post,fpmask,off,5,50,50,1.0,10,10,0.0,1.1,10,32,165000,2.287906078698441,0.41685871364837385,0.3388888888888889,25.098892721791035,0.37006121313299944,4.794884805581635,0.45838104477940994,0,5.701
digits_pca32,26,cells,post_massmask_off,post,massmask,off,5,50,50,1.0,10,10,0.0,1.1,10,32,165000,1.914031127524034,0.3827590338295229,0.28888888888888886,25.329709663843175,0.34557595993322204,6.9140452754889345,0.5464558872721187,0,4.529
digits_pca32,26,cells,pre_fpmask_off,pre,fpmask,off,5,50,50,1.0,10,10,0.0,1.1,10,32,165000,2.5817674094334335,0.5622554867409667,0.4166666666666667,24.27981452849106,0.4284919309961046,3.6425970906202445,0.2878428865172489,0,6.664
digits_pca32,26,cells,pre_massmask_off,pre,massmask,off,5,50,50,1.0,10,10,0.0,1.1,10,32,165000,2.6491796858073413,0.5605559733325898,0.36666666666666664,24.272426600259834,0.4262659988870339,3.458520578512466,0.3158817919942795,0,3.913
digits_pca32,27,cells,post_none_off,post,none,off,5,50,50,1.0,10,10,0.0,1.1,10,32,165000,1.8415631213226815,0.3924482722025058,0.2905027932960894,25.062554249650738,0.3043962159154146,7.390130566203691,0.49177969020807843,0,3.706
digits_pca32,27,cells,post_none_on,post,none,on,5,50,50,1.0,10,10,0.0,1.1,10,32,165000,1.5365595856005179,0.3427138708592239,0.28888888888888886,13.479834975562285,0.2442960489705064,10.702671993243747,0.07484901801493599,0,4.174
digits_pca32,27,cells,post_footprint_off,post,footprint,off,5,50,50,1.0,10,10,0.0,1.1,10,32,165000,2.846074941712712,0.6632396666230174,0.49444444444444446,24.746190813462587,0.5325542570951586,3.05503151183621,0.3026767639058715,0,5.439
digits_pca32,27,cells,post_footprint_on,post,footprint,on,5,50,50,1.0,10,10,0.0,1.1,10,32,165000,2.7404300320206763,0.5641719032477835,0.36666666666666664,23.39836692379722,0.44073455759599334,3.2968400838768157,0.2803438215916077,0,5.753
digits_pca32,27,cells,post_mass_off,post,mass,off,5,50,50,1.0,10,10,0.0,1.1,10,32,165000,2.544491105796524,0.5895126026022683,0.4388888888888889,24.671387906132043,0.4585420144685587,3.8105854725315274,0.3188729682800359,0,4.312
digits_pca32,27,cells,post_mass_on,post,mass,on,5,50,50,1.0,10,10,0.0,1.1,10,32,165000,2.373067804017208,0.5407111758106284,0.38333333333333336,22.53875363219341,0.41513633834168057,4.380756177498863,0.25388117017453166,0,3.785
digits_pca32,27,cells,pre_none_off,pre,none,off,5,50,50,1.0,10,10,0.0,1.1,10,32,165000,2.413128979938473,0.5500156491441213,0.37222222222222223,24.30235072825746,0.4524207011686144,4.173373112926301,0.3457869293315773,0,3.662
digits_pca32,27,cells,pre_none_on,pre,none,on,5,50,50,1.0,10,10,0.0,1.1,10,32,165000,2.3483780383618806,0.3355649087102617,0.28888888888888886,13.590530826540473,0.23984418475236505,4.458849783819486,0.07634671362089178,0,3.582
digits_pca32,27,cells,pre_footprint_off,pre,footprint,off,5,50,50,1.0,10,10,0.0,1.1,10,32,165000,2.8209527636396263,0.7132384432561483,0.5111111111111111,24.870756644640004,0.4885920979410128,3.1253407169614977,0.2660947510647114,0,5.376
digits_pca32,27,cells,pre_footprint_on,pre,footprint,on,5,50,50,1.0,10,10,0.0,1.1,10,32,165000,2.6887405161083104,0.6175646397469523,0.4777777777777778,24.044867929922773,0.42237061769616024,3.4736647078987644,0.25178262294358406,0,5.527
digits_pca32,27,cells,pre_mass_off,pre,mass,off,5,50,50,1.0,10,10,0.0,1.1,10,32,165000,2.718366192406823,0.6959356916693039,0.4444444444444444,24.890345910115975,0.46243739565943237,3.3683329328001372,0.2593123579327376,0,3.812
digits_pca32,27,cells,pre_mass_on,pre,mass,on,5,50,50,1.0,10,10,0.0,1.1,10,32,165000,2.984850603711889,0.6175331826733065,0.4180790960451977,23.768650544868187,0.3784084585420145,2.819005197469398,0.23149636502906337,0,3.648
digits_pca32,27,cells,post_fpmask_off,post,fpmask,off,5,50,50,1.0,10,10,0.0,1.1,10,32,165000,2.0708757697682056,0.39068246723124644,0.3277777777777778,24.629244085206953,0.3055091819699499,5.743055184679658,0.46653895169224024,0,4.844
digits_pca32,27,cells,post_massmask_off,post,massmask,off,5,50,50,1.0,10,10,0.0,1.1,10,32,165000,2.022310481345999,0.3840283978140602,0.32222222222222224,24.640576744912668,0.3060656649972176,6.024974363910464,0.4735805808606617,0,3.754
digits_pca32,27,cells,pre_fpmask_off,pre,fpmask,off,5,50,50,1.0,10,10,0.0,1.1,10,32,165000,2.644906324479353,0.5521065803829971,0.3277777777777778,24.322696418266194,0.451307735114079,3.4768914260193706,0.32882701984371854,0,5.297
digits_pca32,27,cells,pre_massmask_off,pre,massmask,off,5,50,50,1.0,10,10,0.0,1.1,10,32,165000,2.4665854430160667,0.5511303132670259,0.36666666666666664,24.345431986329054,0.4568725653867557,4.001521520212193,0.34298962981157893,0,3.201
digits_pca32,28,cells,post_none_off,post,none,off,5,50,50,1.0,10,10,0.0,1.1,10,32,165000,2.1558035044282433,0.38186232430923234,0.29444444444444445,25.136174679262677,0.3121869782971619,5.408549871338082,0.5044674668388209,0,3.591
digits_pca32,28,cells,post_none_on,post,none,on,5,50,34,1.0,10,10,0.0,1.1,10,32,112200,1.394609484057531,0.3338530118234209,0.29608938547486036,13.64954831214591,0.25264329437952143,13.111765977799308,0.07464043300847935,0,2.611
digits_pca32,28,cells,post_footprint_off,post,footprint,off,5,50,50,1.0,10,10,0.0,1.1,10,32,165000,2.2227785543220313,0.6239254752222314,0.5082872928176796,24.962171569488333,0.4780189204229271,5.052309740290626,0.3240931387431754,0,5.112
digits_pca32,28,cells,post_footprint_on,post,footprint,on,5,50,50,1.0,10,10,0.0,1.1,10,32,165000,2.6713297826043414,0.5944748701525426,0.44505494505494503,24.023478395428636,0.5058430717863105,3.4993378819395624,0.3131610142137642,0,5.556
digits_pca32,28,cells,post_mass_off,post,mass,off,5,50,50,1.0,10,10,0.0,1.1,10,32,165000,2.1740270124973473,0.5958263626545368,0.4666666666666667,24.684378409125515,0.434613244296049,5.222666852575928,0.3213258176952197,0,3.855
digits_pca32,28,cells,post_mass_on,post,mass,on,5,50,50,1.0,10,10,0.0,1.1,10,32,165000,1.907746148620245,0.46533348789749834,0.39444444444444443,22.72287796392334,0.36115748469671677,6.866087738865591,0.3004383920479888,0,3.728
digits_pca32,28,cells,pre_none_off,pre,none,off,5,50,50,1.0,10,10,0.0,1.1,10,32,165000,2.619763716262541,0.5770161319109799,0.39779005524861877,24.193436236929408,0.4590984974958264,3.525115170973877,0.2971049591338277,0,3.432
digits_pca32,28,cells,pre_none_on,pre,none,on,5,50,50,1.0,10,10,0.0,1.1,10,32,165000,2.2472346738233324,0.33666887591650785,0.2905027932960894,13.641342614392949,0.2531997774067891,4.970099337664314,0.07415712653891655,0,3.744
digits_pca32,28,cells,pre_footprint_off,pre,footprint,off,5,50,50,1.0,10,10,0.0,1.1,10,32,165000,3.310678596827154,0.6699224745667616,0.4971751412429379,25.21518383918841,0.6238174735670562,2.3005310355821167,0.31485608202745,0,4.931
digits_pca32,28,cells,pre_footprint_on,pre,footprint,on,5,50,50,1.0,10,10,0.0,1.1,10,32,165000,2.898865158593499,0.6024554950848109,0.4725274725274725,24.186535961288502,0.5102949360044519,3.002359946249196,0.2842154799294149,0,5.047
digits_pca32,28,cells,pre_mass_off,pre,mass,off,5,50,50,1.0,10,10,0.0,1.1,10,32,165000,3.324619488930803,0.6815044664450982,0.5055555555555555,24.95387862124414,0.5459098497495827,2.2576372675961793,0.2980020255275521,0,4.007
digits_pca32,28,cells,pre_mass_on,pre,mass,on,5,50,50,1.0,10,10,0.0,1.1,10,32,165000,2.221650196911425,0.5346063252019592,0.34806629834254144,23.51923857324076,0.444629938786867,5.07641404048365,0.2848134416145482,0,3.566
digits_pca32,28,cells,post_fpmask_off,post,fpmask,off,5,50,50,1.0,10,10,0.0,1.1,10,32,165000,2.0109192881456837,0.4118893392711362,0.32954545454545453,24.984342835395793,0.34223706176961605,6.178437405437453,0.4939266741567436,0,4.734
digits_pca32,28,cells,post_massmask_off,post,massmask,off,5,50,50,1.0,10,10,0.0,1.1,10,32,165000,2.0494893423037595,0.379485132155241,0.2840909090909091,25.067261223946122,0.2904841402337229,5.967817838752649,0.5273204238081662,0,3.412
digits_pca32,28,cells,pre_fpmask_off,pre,fpmask,off,5,50,50,1.0,10,10,0.0,1.1,10,32,165000,2.466699891135341,0.5861031273748598,0.40331491712707185,24.528412450236665,0.4835837506956038,4.031222886915452,0.3070437871679583,0,5.024
digits_pca32,28,cells,pre_massmask_off,pre,massmask,off,5,50,50,1.0,10,10,0.0,1.1,10,32,165000,2.6406859393383963,0.5837115313745962,0.425414364640884,24.176452546376527,0.46188091263216474,3.467041741707905,0.2891999508082674,0,3.082
digits_pca32,29,cells,post_none_off,post,none,off,5,50,50,1.0,10,10,0.0,1.1,10,32,165000,2.149809009712193,0.4030544324150929,0.28888888888888886,25.281905035322712,0.3055091819699499,5.470286068853955,0.491581477836975,0,3.976
digits_pca32,29,cells,post_none_on,post,none,on,5,50,50,1.0,10,10,0.0,1.1,10,32,165000,1.5956187921811695,0.35440069796966145,0.2722222222222222,14.48826636564934,0.28046744574290483,9.946889630006137,0.07417210004397806,0,3.827
digits_pca32,29,cells,post_footprint_off,post,footprint,off,5,50,50,1.0,10,10,0.0,1.1,10,32,165000,2.9168405030261337,0.646043316685126,0.45555555555555555,24.646270870243026,0.523650528658876,2.896848969354336,0.29412289511036327,0,5.644
digits_pca32,29,cells,post_footprint_on,post,footprint,on,5,50,50,1.0,10,10,0.0,1.1,10,32,165000,2.7333253246452545,0.55650371017224,0.441340782122905,23.51260175431964,0.42125765164162493,3.327969162684793,0.2857180995712432,0,5.636
digits_pca32,29,cells,post_mass_off,post,mass,off,5,50,50,1.0,10,10,0.0,1.1,10,32,165000,2.478286634883329,0.5909684079025223,0.3888888888888889,24.514939182215322,0.44073455759599334,3.991422954376867,0.2980801747541335,0,3.759
digits_pca32,29,cells,post_mass_on,post,mass,on,5,50,50,1.0,10,10,0.0,1.1,10,32,165000,2.2947020016611623,0.5141106068392771,0.2777777777777778,22.28520500034917,0.3544796883695047,4.684771398353386,0.23599700372990257,0,3.643
digits_pca32,29,cells,pre_none_off,pre,none,off,5,50,50,1.0,10,10,0.0,1.1,10,32,165000,2.8253147006420303,0.605697297511534,0.3055555555555556,24.177343507430727,0.5108514190317195,3.028830169297811,0.32069814557380527,0,3.631
digits_pca32,29,cells,pre_none_on,pre,none,on,5,50,50,1.0,10,10,0.0,1.1,10,32,165000,2.4601350203995045,0.35421374715919274,0.26666666666666666,14.504188946820321,0.27879799666110183,4.050002004442401,0.07453424557694731,0,3.523
digits_pca32,29,cells,pre_footprint_off,pre,footprint,off,5,50,50,1.0,10,10,0.0,1.1,10,32,165000,3.224719422257685,0.6601937098273652,0.45,24.824330607583548,0.4869226488592098,2.3872267913793177,0.27192658986586443,0,5.454
digits_pca32,29,cells,pre_footprint_on,pre,footprint,on,5,50,50,1.0,10,10,0.0,1.1,10,32,165000,2.9315069218354903,0.6204091393449234,0.46111111111111114,23.38456669030323,0.4095715080690039,2.8987899558239723,0.24653939776034148,0,5.6
digits_pca32,29,cells,pre_mass_off,pre,mass,off,5,50,50,1.0,10,10,0.0,1.1,10,32,165000,2.6326161094057094,0.6771546129687886,0.45555555555555555,24.55820614513217,0.5531441291040623,3.543411347236362,0.2802023388656135,0,3.494
digits_pca32,29,cells,pre_mass_on,pre,mass,on,5,50,50,1.0,10,10,0.0,1.1,10,32,165000,2.9474763756924722,0.5743986637393312,0.46111111111111114,22.997819686421796,0.41457985531441294,2.859878734485606,0.24153662268632722,0,3.646
digits_pca32,29,cells,post_fpmask_off,post,fpmask,off,5,50,50,1.0,10,10,0.0,1.1,10,32,165000,1.931382900871575,0.43704924752581914,0.3277777777777778,24.511733088474642,0.34056761268781305,6.571087565766298,0.44999179042418064,0,5.203
digits_pca32,29,cells,post_massmask_off,post,massmask,off,5,50,50,1.0,10,10,0.0,1.1,10,32,165000,1.9221836027969028,0.42094516459885034,0.29444444444444445,24.51961445747182,0.3311074012242627,6.636267762372732,0.45412558669197584,0,3.835
digits_pca32,29,cells,pre_fpmask_off,pre,fpmask,off,5,50,50,1.0,10,10,0.0,1.1,10,32,165000,2.6708790001134806,0.6168891905021676,0.37777777777777777,24.22565171046357,0.4958263772954925,3.3959950005508146,0.29723744356342974,0,4.628
digits_pca32,29,cells,pre_massmask_off,pre,massmask,off,5,50,50,1.0,10,10,0.0,1.1,10,32,165000,2.662562439900177,0.6005810819662557,0.3333333333333333,24.237733687242706,0.4969393433500278,3.418947302298588,0.3204967608125093,0,2.999
letter,20,cells,post_none_off,post,none,off,5,50,50,1.0,10,10,0.0,1.3,26,16,221000,1.7626337178006048,0.25961869854853425,0.23312175418349682,5.1680505943036374,0.2174,1.6634226452412202,0.5275463602024228,0,44.422
letter,20,cells,post_none_on,post,none,on,5,50,50,1.0,10,10,0.0,1.3,26,16,221000,1.1606878164830061,0.23531576712320415,0.21675302245250433,3.3843973703952566,0.1732,3.9344115974718163,0.2814825883432218,0,53.737
letter,20,cells,post_footprint_off,post,footprint,off,5,50,50,1.0,10,10,0.0,1.3,26,16,221000,1.7580998852728191,0.3025127399555623,0.23483009708737865,5.152905906654291,0.2573,1.6671133183005185,0.4502051730747651,0,98.291
letter,20,cells,post_footprint_on,post,footprint,on,5,50,50,1.0,10,10,0.0,1.3,26,16,221000,1.5685123290972764,0.2768499247943601,0.21601941747572814,4.697414910153089,0.2373,2.082525741841479,0.40578273274961907,0,108.213
letter,20,cells,post_mass_off,post,mass,off,5,50,50,1.0,10,10,0.0,1.3,26,16,221000,1.8814488128439586,0.2864648032002355,0.23483009708737865,5.098486944860191,0.2527,1.4403117279170208,0.4381230536810537,0,98.43
letter,20,cells,post_mass_on,post,mass,on,5,50,50,1.0,10,10,0.0,1.3,26,16,221000,1.7668157455277838,0.2708322740981317,0.2154126213592233,4.5710758964261595,0.22605,1.6439735034586251,0.39406209059073094,0,93.804
letter,20,cells,pre_none_off,pre,none,off,5,50,50,1.0,10,10,0.0,1.3,26,16,221000,1.9037483560707738,0.28376879084525364,0.24029126213592233,5.022538282280069,0.24165,1.3858115385133554,0.44016529318139314,0,88.506
letter,20,cells,pre_none_on,pre,none,on,5,50,50,1.0,10,10,0.0,1.3,26,16,221000,1.4777377321273752,0.2348937029640385,0.20631067961165048,3.384484052619121,0.17465,2.34734534393738,0.28006871808342104,0,94.835
letter,20,cells,pre_footprint_off,pre,footprint,off,5,50,50,1.0,10,10,0.0,1.3,26,16,221000,2.0390747430360823,0.3143433763120022,0.20388349514563106,5.23563456657616,0.2722,1.2592241254781933,0.43735635712368204,0,109.709
letter,20,cells,pre_footprint_on,pre,footprint,on,5,50,50,1.0,10,10,0.0,1.3,26,16,221000,1.9947428938500587,0.286171674766036,0.21480582524271843,4.938605540211868,0.24825,1.3322071189065217,0.41088921194088923,0,100.774
letter,20,cells,pre_mass_off,pre,mass,off,5,50,50,1.0,10,10,0.0,1.3,26,16,221000,2.0489509053349373,0.32044589538442436,0.220873786407767,5.272858359785573,0.27005,1.2559808001800923,0.44295188685435344,0,77.587
letter,20,cells,pre_mass_on,pre,mass,on,5,50,50,1.0,10,10,0.0,1.3,26,16,221000,1.996066464145961,0.2921018928140044,0.23058252427184467,4.907235674317442,0.24965,1.3380560760722848,0.40399129627044816,0,75.369
letter,20,cells,post_fpmask_off,post,fpmask,off,5,50,50,1.0,10,10,0.0,1.3,26,16,221000,1.6944734480571129,0.2725367135813329,0.2366504854368932,5.1140437205570315,0.2312,1.7811270553744873,0.4901578404638571,0,104.243
letter,20,cells,post_massmask_off,post,massmask,off,5,50,50,1.0,10,10,0.0,1.3,26,16,221000,1.5154621871995684,0.26446787664984583,0.2224276032039433,5.156959743234015,0.2228,2.2454507393579717,0.5159747263402645,0,81.488
letter,20,cells,pre_fpmask_off,pre,fpmask,off,5,50,50,1.0,10,10,0.0,1.3,26,16,221000,1.9086658183667333,0.2835695440600437,0.24393203883495146,5.0442695975968705,0.24105,1.3846451794825665,0.43481806301517395,0,101.047
letter,20,cells,pre_massmask_off,pre,massmask,off,5,50,50,1.0,10,10,0.0,1.3,26,16,221000,1.7247062711232544,0.28158035895149064,0.2445388349514563,5.03131789129873,0.2386,1.6914200447326642,0.4375298910918226,0,83.17
letter,21,cells,post_none_off,post,none,off,5,50,50,1.0,10,10,0.0,1.3,26,16,221000,1.6841830751519415,0.26330711843068183,0.1929611650485437,5.140321951979942,0.22,1.8122233567405914,0.5206094354862472,0,44.066
letter,21,cells,post_none_on,post,none,on,5,50,50,1.0,10,10,0.0,1.3,26,16,221000,1.1529911149109942,0.22379169990703804,0.19235436893203883,3.387656224712766,0.18015,4.018701726219411,0.2850897346210794,0,52.961
letter,21,cells,post_footprint_off,post,footprint,off,5,50,50,1.0,10,10,0.0,1.3,26,16,221000,1.9942923011595066,0.2844433374037197,0.22026699029126215,5.12185098575698,0.2465,1.2878026476654476,0.43379224412818157,0,96.708
letter,21,cells,post_footprint_on,post,footprint,on,5,50,50,1.0,10,10,0.0,1.3,26,16,221000,1.3925451164161333,0.2691857798088194,0.18810679611650485,4.78793792673138,0.22735,2.685598951358646,0.40251173562932285,0,106.329
letter,21,cells,post_mass_off,post,mass,off,5,50,50,1.0,10,10,0.0,1.3,26,16,221000,1.856312178529433,0.2795820753913404,0.2342233009708738,5.036063644583635,0.24265,1.461467567832312,0.43886782037037786,0,97.842
letter,21,cells,post_mass_on,post,mass,on,5,50,50,1.0,10,10,0.0,1.3,26,16,221000,1.6170424201000475,0.2679280285251821,0.20934466019417475,4.629286098395799,0.23485,1.9682599993633503,0.404820740950917,0,94.485
letter,21,cells,pre_none_off,pre,none,off,5,50,50,1.0,10,10,0.0,1.3,26,16,221000,1.7709397641353886,0.2856195457983076,0.20570388349514562,5.046524910050027,0.259,1.609106696369126,0.4517022297762456,0,86.327
letter,21,cells,pre_none_on,pre,none,on,5,50,50,1.0,10,10,0.0,1.3,26,16,221000,1.4958366081162253,0.2209909379680092,0.18810679611650485,3.401047111203198,0.17555,2.312340773378011,0.28545652787785886,0,94.072
letter,21,cells,pre_footprint_off,pre,footprint,off,5,50,50,1.0,10,10,0.0,1.3,26,16,221000,1.7899626943362485,0.30345097341197086,0.2421116504854369,5.227627514326857,0.27905,1.6316111921313246,0.4261209287684556,0,108.737
letter,21,cells,pre_footprint_on,pre,footprint,on,5,50,50,1.0,10,10,0.0,1.3,26,16,221000,2.009774371452094,0.2846510051800956,0.2445388349514563,4.823067095327316,0.2437,1.294387410007234,0.38598390912492925,0,102.628
letter,21,cells,pre_mass_off,pre,mass,off,5,50,50,1.0,10,10,0.0,1.3,26,16,221000,1.9387484667458574,0.30463808424366556,0.21844660194174756,5.21050078252582,0.27535,1.386233949573742,0.42786438782438574,0,73.335
letter,21,cells,pre_mass_on,pre,mass,on,5,50,50,1.0,10,10,0.0,1.3,26,16,221000,2.0191592355417933,0.2945772504182125,0.2421116504854369,4.822244838674717,0.2451,1.2816628062277173,0.40034204547631635,0,75.929
letter,21,cells,post_fpmask_off,post,fpmask,off,5,50,50,1.0,10,10,0.0,1.3,26,16,221000,1.6602079084566,0.2680632279001104,0.18325242718446602,5.104960992463441,0.2282,1.8521129627588633,0.500256582042489,0,102.615
letter,21,cells,post_massmask_off,post,massmask,off,5,50,50,1.0,10,10,0.0,1.3,26,16,221000,1.7080798301073041,0.2572698421496963,0.18021844660194175,5.1075076712514935,0.22015,1.7506232777513298,0.508906718980875,0,80.392
letter,21,cells,pre_fpmask_off,pre,fpmask,off,5,50,50,1.0,10,10,0.0,1.3,26,16,221000,1.8287760569707927,0.2861027638117724,0.22026699029126215,5.043744775809109,0.2564,1.5081066256191598,0.438732869682156,0,101.249
letter,21,cells,pre_massmask_off,pre,massmask,off,5,50,50,1.0,10,10,0.0,1.3,26,16,221000,1.847740819526631,0.2839965583903782,0.220873786407767,5.0539184559859995,0.25735,1.4802876779295067,0.4470880810876481,0,82.29
letter,22,cells,post_none_off,post,none,off,5,50,50,1.0,10,10,0.0,1.3,26,16,221000,1.6376134340682993,0.25467600228781484,0.1966019417475728,5.151487908488031,0.212,1.920922749975333,0.5185909448429677,0,44.751
letter,22,cells,post_none_on,post,none,on,5,50,50,1.0,10,10,0.0,1.3,26,16,221000,1.2275273123484445,0.2316209703605298,0.19599514563106796,3.34625333356322,0.1794,3.5646471014627665,0.2735963207538641,0,57.508
letter,22,cells,post_footprint_off,post,footprint,off,5,50,50,1.0,10,10,0.0,1.3,26,16,221000,2.1299376984912555,0.27559615672514515,0.2154126213592233,5.1854523004037825,0.24555,1.143017403479577,0.4475690045042204,0,99.061
letter,22,cells,post_footprint_on,post,footprint,on,5,50,50,1.0,10,10,0.0,1.3,26,16,221000,1.6600304954681815,0.2819340132235555,0.21237864077669902,4.794078322341988,0.2394,1.8995453664002957,0.41188182083473085,0,108.297
letter,22,cells,post_mass_off,post,mass,off,5,50,50,1.0,10,10,0.0,1.3,26,16,221000,1.6874105505009427,0.276583408041198,0.23240291262135923,5.155107801738833,0.23995,1.8104904199493772,0.4532678402037622,0,97.999
letter,22,cells,post_mass_on,post,mass,on,5,50,50,1.0,10,10,0.0,1.3,26,16,221000,1.6272073886040694,0.2703234966140132,0.1953883495145631,4.689423188176613,0.22845,1.9717989250921268,0.40720462876720026,0,94.286
letter,22,cells,pre_none_off,pre,none,off,5,50,50,1.0,10,10,0.0,1.3,26,16,221000,1.6857417403080144,0.2978904860191288,0.21723300970873785,5.050899273871482,0.2571,1.7774059388925865,0.447631831635638,0,87.288
letter,22,cells,pre_none_on,pre,none,on,5,50,50,1.0,10,10,0.0,1.3,26,16,221000,1.2370801000415874,0.2294698200545561,0.1953883495145631,3.346873654931748,0.18025,3.417750844178178,0.2715289483073939,0,97.656
letter,22,cells,pre_footprint_off,pre,footprint,off,5,50,50,1.0,10,10,0.0,1.3,26,16,221000,2.1147808326740645,0.3296246330200671,0.220873786407767,5.307542617590052,0.28725,1.1867596150572617,0.43083478850245016,0,113.13
letter,22,cells,pre_footprint_on,pre,footprint,on,5,50,50,1.0,10,10,0.0,1.3,26,16,221000,2.0758444272389767,0.3074487624502519,0.21177184466019416,5.15915526315355,0.26515,1.2654045536332845,0.42073665576321795,0,98.947
letter,22,cells,pre_mass_off,pre,mass,off,5,50,50,1.0,10,10,0.0,1.3,26,16,221000,2.0070546263734266,0.32850908610885454,0.22148058252427186,5.289856118353376,0.28625,1.3131836708803664,0.431178873550968,0,83.486
letter,22,cells,pre_mass_on,pre,mass,on,5,50,50,1.0,10,10,0.0,1.3,26,16,221000,1.880948542157564,0.3038626026684653,0.23847087378640777,5.05274743593291,0.25835,1.535580734440093,0.42275016404476035,0,77.951
letter,22,cells,post_fpmask_off,post,fpmask,off,5,50,50,1.0,10,10,0.0,1.3,26,16,221000,1.7709433163549342,0.2698052393874403,0.20691747572815533,5.079329184274042,0.21985,1.6195599865420847,0.4970443037779075,0,107.803
letter,22,cells,post_massmask_off,post,massmask,off,5,50,50,1.0,10,10,0.0,1.3,26,16,221000,1.528650744619088,0.26679031099203465,0.220873786407767,5.094735056984848,0.2214,2.18024379821545,0.4998573240906203,0,84.866
letter,22,cells,pre_fpmask_off,pre,fpmask,off,5,50,50,1.0,10,10,0.0,1.3,26,16,221000,1.887266497963292,0.29373571434195933,0.2263349514563107,5.061556717314943,0.2529,1.4210771182172404,0.43392155894789375,0,107.838
letter,22,cells,pre_massmask_off,pre,massmask,off,5,50,50,1.0,10,10,0.0,1.3,26,16,221000,1.793055149514822,0.283930949086843,0.23405323957810145,5.065050115029531,0.24385,1.57542035268349,0.44921183390595415,0,81.218
letter,23,cells,post_none_off,post,none,off,5,50,50,1.0,10,10,0.0,1.3,26,16,221000,1.529719371803495,0.24666772484844293,0.21535796766743648,5.20531778725791,0.20865,2.224455466508627,0.5314926174073799,0,45.384
letter,23,cells,post_none_on,post,none,on,5,50,50,1.0,10,10,0.0,1.3,26,16,221000,1.1983775629646565,0.23745026414074194,0.20147874306839186,3.3663592068906496,0.184,3.688742063112009,0.27636583108577323,0,59.781
letter,23,cells,post_footprint_off,post,footprint,off,5,50,50,1.0,10,10,0.0,1.3,26,16,221000,1.7446997436074205,0.27814624088321743,0.220873786407767,5.206835085517134,0.2522,1.7105368244813843,0.4588061567821135,0,101.655
letter,23,cells,post_footprint_on,post,footprint,on,5,50,50,1.0,10,10,0.0,1.3,26,16,221000,1.8649291501954894,0.2811978021395922,0.21601941747572814,4.943011212009536,0.24575,1.5281589444971546,0.4207803885385913,0,111.445
letter,23,cells,post_mass_off,post,mass,off,5,50,50,1.0,10,10,0.0,1.3,26,16,221000,1.8394136439796653,0.2737869925726733,0.2196601941747573,5.179720141048804,0.2443,1.5309023454374657,0.4602423896751281,0,98.435
letter,23,cells,post_mass_on,post,mass,on,5,50,50,1.0,10,10,0.0,1.3,26,16,221000,1.478388752172594,0.27796772457521673,0.22694174757281554,4.696760770104882,0.2432,2.380078515866292,0.3957537905902793,0,90.649
letter,23,cells,pre_none_off,pre,none,off,5,50,50,1.0,10,10,0.0,1.3,26,16,221000,1.8271034823467365,0.28462999286809515,0.23179611650485438,5.034062146298506,0.2428,1.5079685428619278,0.4524884803021484,0,87.379
letter,23,cells,pre_none_on,pre,none,on,5,50,50,1.0,10,10,0.0,1.3,26,16,221000,1.4062548778164659,0.2339741134913318,0.20271102895871843,3.3704048271638434,0.18245,2.6349247673104186,0.27555910671649886,0,90.892
letter,23,cells,pre_footprint_off,pre,footprint,off,5,50,50,1.0,10,10,0.0,1.3,26,16,221000,1.9373944091849735,0.2885354316175476,0.23179611650485438,5.347031021756372,0.2525,1.4245464653212854,0.4464012636885834,0,106.884
letter,23,cells,pre_footprint_on,pre,footprint,on,5,50,50,1.0,10,10,0.0,1.3,26,16,221000,2.34364450014188,0.2965612499512714,0.20388349514563106,5.063146093464829,0.2433,0.9842754745505723,0.41458269635886585,0,93.375
letter,23,cells,pre_mass_off,pre,mass,off,5,50,50,1.0,10,10,0.0,1.3,26,16,221000,2.0476811199467666,0.2984187280342058,0.21298543689320387,5.30913099214322,0.25035,1.2661897361773762,0.43938399721898336,0,79.168
letter,23,cells,pre_mass_on,pre,mass,on,5,50,50,1.0,10,10,0.0,1.3,26,16,221000,1.8009972508264154,0.29212139580712226,0.21177184466019416,4.857677351116465,0.2517,1.6337862068294768,0.3945559774174512,0,74.382
letter,23,cells,post_fpmask_off,post,fpmask,off,5,50,50,1.0,10,10,0.0,1.3,26,16,221000,1.6891998382346887,0.2674464071455132,0.22451456310679613,5.092008879902387,0.2237,1.784543299654758,0.49128785583339424,0,103.841
letter,23,cells,post_massmask_off,post,massmask,off,5,50,50,1.0,10,10,0.0,1.3,26,16,221000,1.6035395615883492,0.2586850828237227,0.21844660194174756,5.101524150125126,0.2192,1.9839950706527212,0.49766238263192686,0,80.746
letter,23,cells,pre_fpmask_off,pre,fpmask,off,5,50,50,1.0,10,10,0.0,1.3,26,16,221000,1.7325740362337472,0.2958349337446232,0.22694174757281554,5.082843622040422,0.24815,1.6932580330214964,0.43982381091680833,0,100.874
letter,23,cells,pre_massmask_off,pre,massmask,off,5,50,50,1.0,10,10,0.0,1.3,26,16,221000,1.8048087950558473,0.279946104508494,0.22330097087378642,5.052168007266797,0.24185,1.5510128181721756,0.44466070935466645,0,81.362
letter,24,cells,post_none_off,post,none,off,5,50,50,1.0,10,10,0.0,1.3,26,16,221000,1.5559522395571679,0.2649122450930225,0.22908251586843623,5.153287538462258,0.21505,2.128589185769711,0.5291018647956759,0,84.999
letter,24,cells,post_none_on,post,none,on,5,50,50,1.0,10,10,0.0,1.3,26,16,221000,1.3413725163983548,0.23522157288253034,0.2113370301910043,3.378040872161836,0.17445,2.9497605055137175,0.28119887343806715,0,81.738
letter,24,cells,post_footprint_off,post,footprint,off,5,50,50,1.0,10,10,0.0,1.3,26,16,221000,1.7248043996223295,0.29297393169645297,0.25213460572576596,5.089669070083996,0.2585,1.710841761678576,0.4341024673804533,0,97.47
letter,24,cells,post_footprint_on,post,footprint,on,5,50,50,1.0,10,10,0.0,1.3,26,16,221000,1.9486666303262565,0.2675464257745664,0.19235436893203883,4.72548879834772,0.24075,1.346088276609298,0.40881899083331724,0,102.457
letter,24,cells,post_mass_off,post,mass,off,5,50,50,1.0,10,10,0.0,1.3,26,16,221000,1.7578458634691314,0.2856079729602511,0.24029126213592233,5.0727243389065935,0.2542,1.6416466316556488,0.4385112657684982,0,79.962
letter,24,cells,post_mass_on,post,mass,on,5,50,50,1.0,10,10,0.0,1.3,26,16,221000,1.7572665664796474,0.2733174336472147,0.19053398058252427,4.651340794342991,0.2372,1.6578453142691063,0.3954432193167865,0,81.684
letter,24,cells,pre_none_off,pre,none,off,5,50,50,1.0,10,10,0.0,1.3,26,16,221000,1.6855627235629371,0.2801216484115631,0.20388349514563106,5.040053510059777,0.23475,1.773966077839772,0.4638681900311523,0,76.952
letter,24,cells,pre_none_on,pre,none,on,5,50,50,1.0,10,10,0.0,1.3,26,16,221000,1.412765607052675,0.2330295272636685,0.20997506234413965,3.3877397878707676,0.1736,2.5808443538442267,0.2821215607338097,0,82.796
letter,24,cells,pre_footprint_off,pre,footprint,off,5,50,50,1.0,10,10,0.0,1.3,26,16,221000,2.207028679869671,0.30260194984116456,0.2512135922330097,5.305253747543184,0.27085,1.0891562984490437,0.41962667298075773,0,109.547
letter,24,cells,pre_footprint_on,pre,footprint,on,5,50,50,1.0,10,10,0.0,1.3,26,16,221000,1.6480228313572327,0.27257566756778073,0.21055825242718446,4.920229711146158,0.24525,1.9219211948169541,0.4082239353999731,0,106.467
letter,24,cells,pre_mass_off,pre,mass,off,5,50,50,1.0,10,10,0.0,1.3,26,16,221000,1.8463710288057886,0.29119725786500583,0.25970873786407767,5.305934682178271,0.2604,1.5564097589533774,0.43018832388529515,0,87.559
letter,24,cells,pre_mass_on,pre,mass,on,5,50,50,1.0,10,10,0.0,1.3,26,16,221000,1.4110132792834407,0.2820408447572562,0.20509708737864077,4.84677451708507,0.2418,2.6333628930176505,0.3930585452047926,0,88.729
letter,24,cells,post_fpmask_off,post,fpmask,off,5,50,50,1.0,10,10,0.0,1.3,26,16,221000,1.5371689407326554,0.26094000234467185,0.21234852856318523,5.05337916437335,0.2093,2.138644917073966,0.5018632838984278,0,112.801
letter,24,cells,post_massmask_off,post,massmask,off,5,50,50,1.0,10,10,0.0,1.3,26,16,221000,1.5914962716505086,0.26247186522522103,0.21984997114829774,5.074863109357806,0.21005,2.0036094938613247,0.5125364679793489,0,59.883
letter,24,cells,pre_fpmask_off,pre,fpmask,off,5,50,50,1.0,10,10,0.0,1.3,26,16,221000,1.96490542955015,0.28112459806699236,0.19842233009708737,5.090794883703079,0.24115,1.3185672767288665,0.4522930936607273,0,60.787
letter,24,cells,pre_massmask_off,pre,massmask,off,5,50,50,1.0,10,10,0.0,1.3,26,16,221000,1.7368931559498684,0.2872068887105014,0.22026699029126215,5.045950116321704,0.2405,1.6726179187315164,0.4617255937540728,0,45.483
letter,25,cells,post_none_off,post,none,off,5,50,50,1.0,10,10,0.0,1.3,26,16,221000,1.5806046088959382,0.26646246208523483,0.23721503388786197,5.159535621203342,0.2197,2.0652095621657267,0.521100364985748,0,83.448
letter,25,cells,post_none_on,post,none,on,5,50,50,1.0,10,10,0.0,1.3,26,16,221000,1.000477678581705,0.2313135927246664,0.1977818853974122,3.382090828278031,0.17385,5.331815650206353,0.27956878175539096,0,79.748
letter,25,cells,post_footprint_off,post,footprint,off,5,50,50,1.0,10,10,0.0,1.3,26,16,221000,1.8806811658538296,0.2806061098286416,0.22997572815533981,5.054193940969779,0.2423,1.4289648700044921,0.4301212120449995,0,96.548
letter,25,cells,post_footprint_on,post,footprint,on,5,50,50,1.0,10,10,0.0,1.3,26,16,221000,1.5296038497914968,0.28523529945089726,0.24696601941747573,4.687106245707901,0.2494,2.1724817045785607,0.4014537892129113,0,99.61
letter,25,cells,post_mass_off,post,mass,off,5,50,50,1.0,10,10,0.0,1.3,26,16,221000,1.5707645912522357,0.280177493170788,0.24058262179809142,5.081778247822835,0.2441,2.0596503716537087,0.4359194660327989,0,81.934
letter,25,cells,post_mass_on,post,mass,on,5,50,50,1.0,10,10,0.0,1.3,26,16,221000,1.3232505236619245,0.27986613961041895,0.26067302862882974,4.536089052261901,0.2395,2.896754381827818,0.3844639124696533,0,84.009
letter,25,cells,pre_none_off,pre,none,off,5,50,50,1.0,10,10,0.0,1.3,26,16,221000,2.146027397279796,0.26735956801361827,0.2196601941747573,5.021681261439729,0.2374,1.0903818638226173,0.4418051269128515,0,76.549
letter,25,cells,pre_none_on,pre,none,on,5,50,50,1.0,10,10,0.0,1.3,26,16,221000,1.230482688787739,0.23462300429607724,0.1977818853974122,3.396979327754004,0.17595,3.4131636475865603,0.28085474522377385,0,81.642
letter,25,cells,pre_footprint_off,pre,footprint,off,5,50,50,1.0,10,10,0.0,1.3,26,16,221000,2.0626371372279744,0.3042127374337341,0.23907584128578604,5.253992125277628,0.27495,1.234934011748824,0.4250186465171193,0,107.82
letter,25,cells,pre_footprint_on,pre,footprint,on,5,50,50,1.0,10,10,0.0,1.3,26,16,221000,2.1109756703862503,0.29416028571992275,0.2354368932038835,4.978467983457737,0.25955,1.1901689372136668,0.4194949127566395,0,109.214
letter,25,cells,pre_mass_off,pre,mass,off,5,50,50,1.0,10,10,0.0,1.3,26,16,221000,2.0815631865661333,0.3051890788896885,0.24514563106796117,5.250701489211095,0.26535,1.2118200436123543,0.41788502726948673,0,87.557
letter,25,cells,pre_mass_on,pre,mass,on,5,50,50,1.0,10,10,0.0,1.3,26,16,221000,1.8550484196998622,0.27896425825214205,0.2354368932038835,4.792965989689135,0.23275,1.519829757016936,0.3898316027553649,0,85.21
letter,25,cells,post_fpmask_off,post,fpmask,off,5,50,50,1.0,10,10,0.0,1.3,26,16,221000,1.795217883571321,0.2562684826816912,0.22158107328332372,5.071708599590891,0.2112,1.5736928109450907,0.5018783341158899,0,107.406
letter,25,cells,post_massmask_off,post,massmask,off,5,50,50,1.0,10,10,0.0,1.3,26,16,221000,1.6574198010741752,0.2542316671035614,0.2152336987882285,5.084555479411801,0.21745,1.850921262380403,0.5076146282810957,0,50.601
letter,25,cells,pre_fpmask_off,pre,fpmask,off,5,50,50,1.0,10,10,0.0,1.3,26,16,221000,1.8100563086455481,0.27590724479790707,0.2440984429934706,5.064370888089681,0.24305,1.54575739451777,0.43224306122293354,0,59.932
letter,25,cells,pre_massmask_off,pre,massmask,off,5,50,50,1.0,10,10,0.0,1.3,26,16,221000,1.7956014531776625,0.2705421259346078,0.24029126213592233,5.041531500968778,0.23565,1.5636609437149167,0.4404036398758625,0,44.443
letter,26,cells,post_none_off,post,none,off,5,50,50,1.0,10,10,0.0,1.3,26,16,221000,1.6151994234717175,0.25785365601411725,0.22674060382008626,5.16295968224797,0.21265,1.9790029054007563,0.5253814310570605,0,80.499
letter,26,cells,post_none_on,post,none,on,5,50,50,1.0,10,10,0.0,1.3,26,16,221000,1.1504041421702378,0.23942321113480722,0.2008495145631068,3.3662041193312406,0.18285,4.070070694173861,0.2810262521608412,0,78.662
letter,26,cells,post_footprint_off,post,footprint,off,5,50,50,1.0,10,10,0.0,1.3,26,16,221000,1.6491981264883677,0.2937603653569108,0.2354368932038835,5.2109349666946745,0.26005,1.9158874280000653,0.45357729431116844,0,112.335
letter,26,cells,post_footprint_on,post,footprint,on,5,50,50,1.0,10,10,0.0,1.3,26,16,221000,1.5804531054742286,0.2703033728665253,0.21480582524271843,4.823784495651357,0.2442,2.1057851993281984,0.4052678928528162,0,111.939
letter,26,cells,post_mass_off,post,mass,off,5,50,50,1.0,10,10,0.0,1.3,26,16,221000,1.7499126955607516,0.2869325513816472,0.1862864077669903,5.233465285855755,0.2562,1.709057143442822,0.46239685523540575,0,84.14
letter,26,cells,post_mass_on,post,mass,on,5,50,50,1.0,10,10,0.0,1.3,26,16,221000,1.6465744918108096,0.267742340655925,0.21177184466019416,4.64172004398546,0.2292,1.9286006033067205,0.3935764513155301,0,58.982
letter,26,cells,pre_none_off,pre,none,off,5,50,50,1.0,10,10,0.0,1.3,26,16,221000,1.7483316150916017,0.2922657546277547,0.2032766990291262,5.0281346641238,0.2395,1.644974910997338,0.4527810737611308,0,45.464
letter,26,cells,pre_none_on,pre,none,on,5,50,50,1.0,10,10,0.0,1.3,26,16,221000,1.3549340705456672,0.23199723512072667,0.20024271844660194,3.375628586954793,0.1783,2.8321177359725183,0.28056008459039333,0,45.327
letter,26,cells,pre_footprint_off,pre,footprint,off,5,50,50,1.0,10,10,0.0,1.3,26,16,221000,1.8359818905745269,0.29866420649431846,0.22852837769964843,5.287871043612022,0.25085,1.5687150713682207,0.4278403107464974,0,54.454
letter,26,cells,pre_footprint_on,pre,footprint,on,5,50,50,1.0,10,10,0.0,1.3,26,16,221000,2.0788822120256727,0.3047191408624398,0.23118932038834952,4.971476624560017,0.2509,1.233428092103117,0.38885698952796655,0,51.678
letter,26,cells,pre_mass_off,pre,mass,off,5,50,50,1.0,10,10,0.0,1.3,26,16,221000,1.9516352449033856,0.298325590588769,0.22551481667503767,5.271962930466516,0.2507,1.3841241393029269,0.4240237199446393,0,50.962
letter,26,cells,pre_mass_on,pre,mass,on,5,50,50,1.0,10,10,0.0,1.3,26,16,221000,1.877201808343105,0.2890049068718207,0.23300970873786409,4.930330562511684,0.23735,1.5373940137358013,0.390564099138843,0,47.506
letter,26,cells,post_fpmask_off,post,fpmask,off,5,50,50,1.0,10,10,0.0,1.3,26,16,221000,1.599951383714262,0.26422037880938715,0.22158107328332372,5.104934452398492,0.2174,1.9942362090736758,0.4925037654603422,0,52.557
letter,26,cells,post_massmask_off,post,massmask,off,5,50,50,1.0,10,10,0.0,1.3,26,16,221000,1.655126424841104,0.2507546241700064,0.19720873786407767,5.1304123099625,0.21375,1.8727936324602301,0.5161583370082333,0,41.026
letter,26,cells,pre_fpmask_off,pre,fpmask,off,5,50,50,1.0,10,10,0.0,1.3,26,16,221000,1.6754189423313732,0.2833879494501696,0.2032766990291262,5.083659511016819,0.24395,1.811046546685974,0.4292704483853416,0,51.696
letter,26,cells,pre_massmask_off,pre,massmask,off,5,50,50,1.0,10,10,0.0,1.3,26,16,221000,1.783162247525604,0.28499067701675973,0.21177184466019416,5.054853140542179,0.233,1.589742631887541,0.44780167150020317,0,38.43
letter,27,cells,post_none_off,post,none,off,5,50,50,1.0,10,10,0.0,1.3,26,16,221000,1.578355847979997,0.26756323398324316,0.19781553398058252,5.1858980107955785,0.2144,2.0816807395590677,0.5330915817812217,0,80.815
letter,27,cells,post_none_on,post,none,on,5,50,50,1.0,10,10,0.0,1.3,26,16,221000,1.0020751858452925,0.23716629543291384,0.1947011706715958,3.3715077922513244,0.1864,5.259656654695643,0.2822014562575803,0,81.513
letter,27,cells,post_footprint_off,post,footprint,off,5,50,50,1.0,10,10,0.0,1.3,26,16,221000,1.9852348744698376,0.28799954499562547,0.22148058252427186,5.21430729779552,0.25865,1.3230395610385879,0.448990475770779,0,111.229
letter,27,cells,post_footprint_on,post,footprint,on,5,50,50,1.0,10,10,0.0,1.3,26,16,221000,1.9096898114132217,0.2806727546156882,0.21601941747572814,4.928039130742443,0.24345,1.456406798955034,0.42309114848326507,0,114.257
letter,27,cells,post_mass_off,post,mass,off,5,50,50,1.0,10,10,0.0,1.3,26,16,221000,1.8369969104566668,0.29101144585990557,0.22451456310679613,5.0844124062616,0.2627,1.5066900420939908,0.4443204497247457,0,83.793
letter,27,cells,post_mass_on,post,mass,on,5,50,50,1.0,10,10,0.0,1.3,26,16,221000,1.7716825879721818,0.27783545645307234,0.23907766990291263,4.730703436295757,0.23815,1.6806477273407001,0.4235982125106873,0,52.755
letter,27,cells,pre_none_off,pre,none,off,5,50,50,1.0,10,10,0.0,1.3,26,16,221000,1.8294214340399417,0.27421938447697747,0.216626213592233,5.00476372583486,0.2408,1.4953954438785035,0.4487333899897017,0,46.554
letter,27,cells,pre_none_on,pre,none,on,5,50,50,1.0,10,10,0.0,1.3,26,16,221000,1.192095837526823,0.23688970393814984,0.20517560073937152,3.374564782358602,0.18905,3.6743064101666767,0.28052138266135024,0,45.363
letter,27,cells,pre_footprint_off,pre,footprint,off,5,50,50,1.0,10,10,0.0,1.3,26,16,221000,1.7433914850570351,0.28354020169533156,0.24811652435961828,5.40404185039041,0.24355,1.7779881520673804,0.44257101962562234,0,54.16
letter,27,cells,pre_footprint_on,pre,footprint,on,5,50,50,1.0,10,10,0.0,1.3,26,16,221000,1.7939385603267064,0.2757158722600772,0.21298543689320387,5.092351651264337,0.2376,1.6884178061970048,0.4258881236552041,0,54.668
letter,27,cells,pre_mass_off,pre,mass,off,5,50,50,1.0,10,10,0.0,1.3,26,16,221000,2.039927447070521,0.2889689352056582,0.23179611650485438,5.345517388216156,0.2477,1.284577479065736,0.43078987947332614,0,53.854
letter,27,cells,pre_mass_on,pre,mass,on,5,50,50,1.0,10,10,0.0,1.3,26,16,221000,2.1680127010093178,0.27736687088226525,0.2354368932038835,5.087097590679889,0.23205,1.1705600551542341,0.41574103793673006,0,43.098
letter,27,cells,post_fpmask_off,post,fpmask,off,5,50,50,1.0,10,10,0.0,1.3,26,16,221000,1.6697752104320718,0.2642594329702382,0.21601941747572814,5.084388362347995,0.2162,1.8235710861591197,0.4950029956690884,0,52.366
letter,27,cells,post_massmask_off,post,massmask,off,5,50,50,1.0,10,10,0.0,1.3,26,16,221000,1.5912379933753307,0.26110229488738795,0.2196601941747573,5.1773364259503944,0.21225,2.0447306506073515,0.52154360652572,0,41.268
letter,27,cells,pre_fpmask_off,pre,fpmask,off,5,50,50,1.0,10,10,0.0,1.3,26,16,221000,1.8117352856317466,0.2823048529243254,0.2154126213592233,5.006808759233569,0.2422,1.5253570644180214,0.44176686776686946,0,51.201
letter,27,cells,pre_massmask_off,pre,massmask,off,5,50,50,1.0,10,10,0.0,1.3,26,16,221000,1.7788934236801723,0.2776712661622537,0.21723300970873785,5.007677782536727,0.2388,1.582473759759457,0.44514794154137755,0,37.623
letter,28,cells,post_none_off,post,none,off,5,50,50,1.0,10,10,0.0,1.3,26,16,221000,1.3097278741741718,0.2657574006870302,0.24401913875598086,5.158773507428845,0.21955,3.0073523895744523,0.5228412640853705,0,78.859
letter,28,cells,post_none_on,post,none,on,5,50,50,1.0,10,10,0.0,1.3,26,16,221000,1.1811492433407271,0.23196622509586495,0.2099514563106796,3.359827282371915,0.17535,3.7606691075367165,0.2762386634228939,0,79.494
letter,28,cells,post_footprint_off,post,footprint,off,5,50,50,1.0,10,10,0.0,1.3,26,16,221000,1.5652183058012008,0.2929076995514206,0.21359223300970873,5.109181989648521,0.26415,2.0854584215206438,0.4307967019134617,0,110.544
letter,28,cells,post_footprint_on,post,footprint,on,5,50,50,1.0,10,10,0.0,1.3,26,16,221000,1.6171878880983845,0.2669677170503114,0.2087378640776699,4.74134637689159,0.22815,1.9688631165734232,0.4038098670195025,0,111.7
letter,28,cells,post_mass_off,post,mass,off,5,50,50,1.0,10,10,0.0,1.3,26,16,221000,1.6032423898607455,0.2772473230192955,0.2178398058252427,5.081882623640188,0.25,1.9770891632727308,0.43433846390329117,0,82.724
letter,28,cells,post_mass_on,post,mass,on,5,50,50,1.0,10,10,0.0,1.3,26,16,221000,1.5199971489100024,0.2670230125214628,0.20145631067961164,4.586773282895802,0.23035,2.2088469994012643,0.3895174845242412,0,50.429
letter,28,cells,pre_none_off,pre,none,off,5,50,50,1.0,10,10,0.0,1.3,26,16,221000,1.5458650820296769,0.27089333126189785,0.23786407766990292,5.020892972193817,0.23535,2.101056778903657,0.44506455453953636,0,45.452
letter,28,cells,pre_none_on,pre,none,on,5,50,50,1.0,10,10,0.0,1.3,26,16,221000,1.1931346429171505,0.23075744368167844,0.20752427184466019,3.362716126791485,0.17095,3.5896992701126704,0.2753470916418726,0,44.982
letter,28,cells,pre_footprint_off,pre,footprint,off,5,50,50,1.0,10,10,0.0,1.3,26,16,221000,1.5174579517963158,0.28643685014079745,0.23756906077348067,5.268258269912976,0.2581,2.287882550679057,0.4275530345264246,0,53.522
letter,28,cells,pre_footprint_on,pre,footprint,on,5,50,50,1.0,10,10,0.0,1.3,26,16,221000,2.1654092685497215,0.2798176201787699,0.23121019108280255,4.971107464729178,0.2476,1.1341978793747138,0.3966558295710418,0,55.305
letter,28,cells,pre_mass_off,pre,mass,off,5,50,50,1.0,10,10,0.0,1.3,26,16,221000,1.5349567899627792,0.28701450920092353,0.23725728155339806,5.272632228251306,0.25355,2.23787163302265,0.42752786016505273,0,53.24
letter,28,cells,pre_mass_on,pre,mass,on,5,50,50,1.0,10,10,0.0,1.3,26,16,221000,1.7510446316971002,0.2722745013239841,0.2375796178343949,4.873235632473063,0.23745,1.723085164994355,0.39595278209048446,0,44.703
letter,28,cells,post_fpmask_off,post,fpmask,off,5,50,50,1.0,10,10,0.0,1.3,26,16,221000,1.5200124559450678,0.26944585204573784,0.23300970873786409,5.031328795312056,0.2252,2.177651634287753,0.48557100890475957,0,52.733
letter,28,cells,post_massmask_off,post,massmask,off,5,50,50,1.0,10,10,0.0,1.3,26,16,221000,1.2979476754181747,0.2634319379337631,0.2360622802611753,5.043532388759054,0.21555,2.9937838704325137,0.4952428363536133,0,40.903
letter,28,cells,pre_fpmask_off,pre,fpmask,off,5,50,50,1.0,10,10,0.0,1.3,26,16,221000,1.7517700295075878,0.29417453798894766,0.2440984429934706,5.078884400845772,0.2622,1.6550615309118568,0.4297142211536975,0,51.631
letter,28,cells,pre_massmask_off,pre,massmask,off,5,50,50,1.0,10,10,0.0,1.3,26,16,221000,1.5760625580612668,0.27160779138796864,0.23725728155339806,5.025688817939904,0.2371,2.0232460013653344,0.44141742901875514,0,37.665
letter,29,cells,post_none_off,post,none,off,5,50,50,1.0,10,10,0.0,1.3,26,16,221000,1.6364404567055184,0.27669613953612926,0.22815533980582525,5.151692156176701,0.2241,1.9237537879256668,0.5194006019862719,0,79.498
letter,29,cells,post_none_on,post,none,on,5,50,50,1.0,10,10,0.0,1.3,26,16,221000,1.5851876096294888,0.22413148053711077,0.19839802834257547,3.374065476191778,0.16555,2.1290768318962385,0.2805512776493374,0,81.385
letter,29,cells,post_footprint_off,post,footprint,off,5,50,50,1.0,10,10,0.0,1.3,26,16,221000,1.8605045786572223,0.2774179612326223,0.22815533980582525,5.121232609643,0.24645,1.4794933448137515,0.4313093370086336,0,113.401
letter,29,cells,post_footprint_on,post,footprint,on,5,50,50,1.0,10,10,0.0,1.3,26,16,221000,1.7787874367117005,0.2718654806379386,0.23483009708737865,4.72617915632499,0.23095,1.6308068844484562,0.3974682025700704,0,112.639
letter,29,cells,post_mass_off,post,mass,off,5,50,50,1.0,10,10,0.0,1.3,26,16,221000,1.919289877858337,0.28108964013515947,0.23300970873786409,5.1009808849676945,0.23595,1.3847537512975794,0.4289988876889157,0,73.303
letter,29,cells,post_mass_on,post,mass,on,5,50,50,1.0,10,10,0.0,1.3,26,16,221000,1.7023134788863494,0.27005897200395806,0.228428927680798,4.497182088090373,0.21705,1.7643791619416258,0.37931329674691605,0,47.052
letter,29,cells,pre_none_off,pre,none,off,5,50,50,1.0,10,10,0.0,1.3,26,16,221000,1.7844589005551006,0.2993946353958078,0.23204419889502761,5.05168743345887,0.24395,1.5864389780481587,0.4387412670396187,0,44.822
letter,29,cells,pre_none_on,pre,none,on,5,50,50,1.0,10,10,0.0,1.3,26,16,221000,1.5731001958775086,0.22885526166097048,0.19900249376558604,3.3812448452003356,0.16905,2.113368253009599,0.2793798382217834,0,44.099
letter,29,cells,pre_footprint_off,pre,footprint,off,5,50,50,1.0,10,10,0.0,1.3,26,16,221000,2.270602853465294,0.29104308111711574,0.24058262179809142,5.301841434617124,0.24565,1.028358107335687,0.41897804073709205,0,53.716
letter,29,cells,pre_footprint_on,pre,footprint,on,5,50,50,1.0,10,10,0.0,1.3,26,16,221000,1.8273768093848948,0.2846118898228739,0.23907584128578604,4.963972432030241,0.2401,1.586475480692633,0.3938023896658919,0,58.772
letter,29,cells,pre_mass_off,pre,mass,off,5,50,50,1.0,10,10,0.0,1.3,26,16,221000,2.2517840364067525,0.29331450174808277,0.24510296333500753,5.294499159349942,0.24605,1.044170481833845,0.41739312697993164,0,53.322
letter,29,cells,pre_mass_on,pre,mass,on,5,50,50,1.0,10,10,0.0,1.3,26,16,221000,1.8706611673773488,0.2745581838920641,0.23154193872425916,4.920601013274146,0.2324,1.535858646245372,0.39456345659451275,0,41.969
letter,29,cells,post_fpmask_off,post,fpmask,off,5,50,50,1.0,10,10,0.0,1.3,26,16,221000,1.767015661487381,0.2721232403243259,0.21419902912621358,5.0588028278949135,0.218,1.6201937596119977,0.48724081438966094,0,52.159
letter,29,cells,post_massmask_off,post,massmask,off,5,50,50,1.0,10,10,0.0,1.3,26,16,221000,1.7668536516638749,0.27072277520424287,0.21419902912621358,5.057360324486634,0.21615,1.6200288188012852,0.4908605456340111,0,41.568
letter,29,cells,pre_fpmask_off,pre,fpmask,off,5,50,50,1.0,10,10,0.0,1.3,26,16,221000,2.135052775628734,0.2911831684469518,0.22199899547965846,5.13468014350117,0.23595,1.1264091399360232,0.4383008376953556,0,50.793
letter,29,cells,pre_massmask_off,pre,massmask,off,5,50,50,1.0,10,10,0.0,1.3,26,16,221000,1.914675635838843,0.2866798912107953,0.22199899547965846,5.08930211340716,0.2349,1.3882504104030207,0.4342476903941846,0,37.387
mnist784_pca32 (20c),20,cells,post_none_off,post,none,off,5,50,50,1.0,20,20,0.0,1.1,10,32,330000,2.1775094010360982,0.4193390776052944,0.3432579444603493,25.125066190887093,0.3345,5.298917246968435,0.4244971521452866,0,61.12
mnist784_pca32 (20c),20,cells,post_none_on,post,none,on,5,50,50,1.0,20,20,0.0,1.1,10,32,330000,1.2626723454353677,0.4587682189784692,0.3344184670020716,19.05327068692817,0.2894,15.891803905433516,0.13863865272590992,0,60.111
mnist784_pca32 (20c),20,cells,post_footprint_off,post,footprint,off,5,50,50,1.0,20,20,0.0,1.1,10,32,330000,2.3117942844972994,0.5012597485183461,0.4238082116285478,24.869708793907627,0.3714142857142857,4.653420820702107,0.3179966014336393,0,73.191
mnist784_pca32 (20c),20,cells,post_footprint_on,post,footprint,on,5,50,50,1.0,20,20,0.0,1.1,10,32,330000,1.9831256244534254,0.48072213778030204,0.36416352565961146,23.790399526573083,0.30025714285714283,6.358976644037116,0.31006033549519774,0,73.062
mnist784_pca32 (20c),20,cells,post_mass_off,post,mass,off,5,50,50,1.0,20,20,0.0,1.1,10,32,330000,2.566970836041012,0.4881999574566286,0.4119592174152659,24.579608036659586,0.37114285714285716,3.7302082982823173,0.31918323772369817,0,55.931
mnist784_pca32 (20c),20,cells,post_mass_on,post,mass,on,5,50,50,1.0,20,20,0.0,1.1,10,32,330000,1.6975536919261287,0.48606030086774643,0.4009266830198964,22.9364060064942,0.3303285714285714,8.609026580513053,0.27764006536697894,0,56.364
mnist784_pca32 (20c),20,cells,pre_none_off,pre,none,off,5,50,50,1.0,20,20,0.0,1.1,10,32,330000,2.2388784191464772,0.4676579820728401,0.3922038980509745,24.742651496030483,0.3404,4.936114415863528,0.36182444479770237,0,77.678
mnist784_pca32 (20c),20,cells,pre_none_on,pre,none,on,5,50,50,1.0,20,20,0.0,1.1,10,32,330000,1.638653973367112,0.47094555722700615,0.39315743693824295,19.074221372489074,0.30097142857142856,9.389944697130229,0.13619369978676996,0,58.272
mnist784_pca32 (20c),20,cells,pre_footprint_off,pre,footprint,off,5,50,50,1.0,20,20,0.0,1.1,10,32,330000,2.708932024040543,0.5502911439968233,0.4747887707822295,25.11190951645615,0.39781428571428573,3.422027720248351,0.2862589037286516,0,71.708
mnist784_pca32 (20c),20,cells,pre_footprint_on,pre,footprint,on,5,50,50,1.0,20,20,0.0,1.1,10,32,330000,2.0333243860738754,0.5282975921441496,0.423841059602649,23.907797543775416,0.3409,6.087907893688524,0.2748039002346981,0,70.205
mnist784_pca32 (20c),20,cells,pre_mass_off,pre,mass,off,5,50,50,1.0,20,20,0.0,1.1,10,32,330000,2.5343330279279863,0.47064476375924585,0.397366160893215,25.093932942914563,0.35884285714285713,3.9069816030866784,0.3025329071552957,0,59.818
mnist784_pca32 (20c),20,cells,pre_mass_on,pre,mass,on,5,50,50,1.0,20,20,0.0,1.1,10,32,330000,2.151540924410694,0.5557841295924534,0.45484672742336374,23.338709995829,0.34631428571428574,5.43634495537324,0.2529403859094088,0,59.752
mnist784_pca32 (20c),20,cells,post_fpmask_off,post,fpmask,off,5,50,50,1.0,20,20,0.0,1.1,10,32,330000,2.1923260649550746,0.4142494459355401,0.3479381443298969,24.81555190211941,0.35627142857142857,5.163136940027456,0.39450796881115807,0,70.755
mnist784_pca32 (20c),20,cells,post_massmask_off,post,massmask,off,5,50,50,1.0,20,20,0.0,1.1,10,32,330000,2.0076385654813955,0.4362495540266165,0.35528199255654164,24.965287703520552,0.34945714285714286,6.193918920416257,0.4053377264263566,0,59.199
mnist784_pca32 (20c),20,cells,pre_fpmask_off,pre,fpmask,off,5,50,50,1.0,20,20,0.0,1.1,10,32,330000,2.247220551559015,0.46814021329261807,0.3952023988005997,24.77543860084737,0.34905714285714284,4.906027244274563,0.3541330920109994,0,69.717
mnist784_pca32 (20c),20,cells,pre_massmask_off,pre,massmask,off,5,50,50,1.0,20,20,0.0,1.1,10,32,330000,2.2391584592539986,0.46887589273638214,0.3931034482758621,24.75272821911584,0.3450857142857143,4.936889609160036,0.36138635765465665,0,58.742
mnist784_pca32 (20c),21,cells,post_none_off,post,none,off,5,50,50,1.0,20,20,0.0,1.1,10,32,330000,2.058363256592353,0.4118734197565549,0.3398142774230992,24.947812302982744,0.3586714285714286,5.888279633456083,0.41304143736019067,0,59.539
mnist784_pca32 (20c),21,cells,post_none_on,post,none,on,5,50,50,1.0,20,20,0.0,1.1,10,32,330000,1.3780178674485384,0.44079274778716365,0.3559225512528474,19.14012353842326,0.3246142857142857,13.249172993011463,0.13913957956809037,0,58.92
mnist784_pca32 (20c),21,cells,post_footprint_off,post,footprint,off,5,50,50,1.0,20,20,0.0,1.1,10,32,330000,2.4577078534388135,0.5351204181716285,0.4587706146926537,24.658383468233513,0.4906,4.082292204269611,0.33911856008731867,0,70.326
mnist784_pca32 (20c),21,cells,post_footprint_on,post,footprint,on,5,50,50,1.0,20,20,0.0,1.1,10,32,330000,2.100922220610932,0.49614447431510245,0.42114285714285715,23.38473619612904,0.39675714285714286,5.589589816760249,0.29299132269550404,0,73.422
mnist784_pca32 (20c),21,cells,post_mass_off,post,mass,off,5,50,50,1.0,20,20,0.0,1.1,10,32,330000,2.4381893010268367,0.5218546614724213,0.44407796101949026,24.599131009243543,0.46595714285714285,4.137946992597967,0.33623933524381205,0,55.952
mnist784_pca32 (20c),21,cells,post_mass_on,post,mass,on,5,50,50,1.0,20,20,0.0,1.1,10,32,330000,2.254699690406347,0.4741196989157638,0.4030760301799187,22.838419466789283,0.3757285714285714,4.8701652046054935,0.26931586164120463,0,55.314
mnist784_pca32 (20c),21,cells,pre_none_off,pre,none,off,5,50,50,1.0,20,20,0.0,1.1,10,32,330000,2.3052261944704515,0.46738952653661225,0.4082450615516748,24.779961806586897,0.3352428571428571,4.663087243788709,0.3600398736281068,0,71.965
mnist784_pca32 (20c),21,cells,pre_none_on,pre,none,on,5,50,50,1.0,20,20,0.0,1.1,10,32,330000,1.7730916748653471,0.4443651119522144,0.357630979498861,19.150987198604422,0.3199571428571429,8.026899650270023,0.1390027364778476,0,61.882
mnist784_pca32 (20c),21,cells,pre_footprint_off,pre,footprint,off,5,50,50,1.0,20,20,0.0,1.1,10,32,330000,2.5299306384031883,0.48779301811569775,0.3716003435442313,25.151858186040787,0.3635,3.9296407305042016,0.3153981815081809,0,71.565
mnist784_pca32 (20c),21,cells,pre_footprint_on,pre,footprint,on,5,50,50,1.0,20,20,0.0,1.1,10,32,330000,2.1618894174837426,0.5580738613801655,0.42943028914972803,24.09609911074141,0.3856,5.370801333899588,0.2558601129247517,0,71.495
mnist784_pca32 (20c),21,cells,pre_mass_off,pre,mass,off,5,50,50,1.0,20,20,0.0,1.1,10,32,330000,2.5751869355093753,0.48433686196003267,0.4045233323790438,25.126098710388003,0.36101428571428573,3.788851123882117,0.316710774102266,0,60.088
mnist784_pca32 (20c),21,cells,pre_mass_on,pre,mass,on,5,50,50,1.0,20,20,0.0,1.1,10,32,330000,2.2734239238540823,0.5497226338708999,0.47143275710518606,23.758898160665034,0.37607142857142856,4.855296699026999,0.2498311345271563,0,59.093
mnist784_pca32 (20c),21,cells,post_fpmask_off,post,fpmask,off,5,50,50,1.0,20,20,0.0,1.1,10,32,330000,2.1212466984686404,0.4619262259557025,0.38329950710350824,24.76314746685566,0.4152142857142857,5.503303764976755,0.374537597812665,0,70.911
mnist784_pca32 (20c),21,cells,post_massmask_off,post,massmask,off,5,50,50,1.0,20,20,0.0,1.1,10,32,330000,2.249697642536325,0.4224192544857388,0.33569949719018044,24.88704643179136,0.3445714285714286,4.917281279483381,0.39070227653378625,0,58.553
mnist784_pca32 (20c),21,cells,pre_fpmask_off,pre,fpmask,off,5,50,50,1.0,20,20,0.0,1.1,10,32,330000,2.302911733230011,0.46615387532691227,0.42055539650730034,24.773808257724784,0.3449857142857143,4.671304598584093,0.35193529369178744,0,69.804
mnist784_pca32 (20c),21,cells,pre_massmask_off,pre,massmask,off,5,50,50,1.0,20,20,0.0,1.1,10,32,330000,2.3069530143704213,0.4529912702944376,0.41333700744006613,24.798024077686705,0.3345142857142857,4.659502817119824,0.3669333556464152,0,58.058
mnist784_pca32 (20c),22,cells,post_none_off,post,none,off,5,50,50,1.0,20,20,0.0,1.1,10,32,330000,1.9068868798601906,0.3884659888775289,0.3055938275006889,24.967211068989304,0.34915714285714283,6.866258844696749,0.44019180407615416,0,59.941
mnist784_pca32 (20c),22,cells,post_none_on,post,none,on,5,50,50,1.0,20,20,0.0,1.1,10,32,330000,1.533811449718854,0.4288759840219495,0.35990888382687924,19.24933221325429,0.3263857142857143,10.716346899969519,0.1465732617463167,0,58.787
mnist784_pca32 (20c),22,cells,post_footprint_off,post,footprint,off,5,50,50,1.0,20,20,0.0,1.1,10,32,330000,2.4712452730316485,0.4669622837710058,0.3979285908967021,24.681979534645038,0.37685714285714284,4.041553058149473,0.3485031375367617,0,71.947
mnist784_pca32 (20c),22,cells,post_footprint_on,post,footprint,on,5,50,50,1.0,20,20,0.0,1.1,10,32,330000,2.155455114128981,0.4782547598762285,0.3952760387023335,23.710050221589455,0.39098571428571427,5.327920319367867,0.327091132256588,0,71.05
mnist784_pca32 (20c),22,cells,post_mass_off,post,mass,off,5,50,50,1.0,20,20,0.0,1.1,10,32,330000,2.599395637266411,0.5197358066439557,0.452046951044947,24.62050929434883,0.37507142857142856,3.6437809502372307,0.3378839452718575,0,59.534
mnist784_pca32 (20c),22,cells,post_mass_on,post,mass,on,5,50,50,1.0,20,20,0.0,1.1,10,32,330000,1.816961313777204,0.47657859994253515,0.4133042529989095,23.092558893706112,0.38542857142857145,7.483110784076237,0.2906831014457361,0,61.088
mnist784_pca32 (20c),22,cells,pre_none_off,pre,none,off,5,50,50,1.0,20,20,0.0,1.1,10,32,330000,2.4794854917237372,0.46538253251599215,0.4052361980648833,24.7637318708004,0.3571857142857143,4.028032353372081,0.3430020969724132,0,59.645
mnist784_pca32 (20c),22,cells,pre_none_on,pre,none,on,5,50,50,1.0,20,20,0.0,1.1,10,32,330000,1.9592176672317447,0.4314755354885147,0.3607630979498861,19.25631259112508,0.32895714285714284,6.574997240116538,0.14671078428192116,0,58.84
mnist784_pca32 (20c),22,cells,pre_footprint_off,pre,footprint,off,5,50,50,1.0,20,20,0.0,1.1,10,32,330000,2.801654597219169,0.49024554928042774,0.4188376753507014,25.25827779732986,0.35864285714285715,3.2179148738342205,0.29651766053954204,0,70.687
mnist784_pca32 (20c),22,cells,pre_footprint_on,pre,footprint,on,5,50,50,1.0,20,20,0.0,1.1,10,32,330000,2.142377208139471,0.5394813970863009,0.42679680567879325,23.83806381428057,0.3600285714285714,5.441341291753143,0.26904474263667755,0,69.407
mnist784_pca32 (20c),22,cells,pre_mass_off,pre,mass,off,5,50,50,1.0,20,20,0.0,1.1,10,32,330000,2.662238361308141,0.5362398042146884,0.43511667615253274,24.99183947442039,0.3880857142857143,3.5261789500109026,0.293881513039424,0,66.043
mnist784_pca32 (20c),22,cells,pre_mass_on,pre,mass,on,5,50,50,1.0,20,20,0.0,1.1,10,32,330000,2.386024901913366,0.5296706733273967,0.4332833583208396,23.225030422739877,0.3425714285714286,4.389472742919627,0.2518588457781214,0,72.253
mnist784_pca32 (20c),22,cells,post_fpmask_off,post,fpmask,off,5,50,50,1.0,20,20,0.0,1.1,10,32,330000,1.8707085463690543,0.415670477339755,0.3841079460269865,24.86602877460089,0.3481142857142857,7.105492268231947,0.4104221051557935,0,136.856
mnist784_pca32 (20c),22,cells,post_massmask_off,post,massmask,off,5,50,50,1.0,20,20,0.0,1.1,10,32,330000,1.9598120252144555,0.38893493187310113,0.3540336622170633,24.920693117326614,0.3318,6.488305359296809,0.4242506393448325,0,133.977
mnist784_pca32 (20c),22,cells,pre_fpmask_off,pre,fpmask,off,5,50,50,1.0,20,20,0.0,1.1,10,32,330000,2.4775307818162187,0.4928868565939412,0.4216482878699942,24.720578720646277,0.3697285714285714,4.027360586035496,0.3317071921613268,0,175.271
mnist784_pca32 (20c),22,cells,pre_massmask_off,pre,massmask,off,5,50,50,1.0,20,20,0.0,1.1,10,32,330000,2.486647307428772,0.48796053545529483,0.4095048377916904,24.725616277270785,0.3664857142857143,3.998699254518841,0.33635712972556875,0,140.436
mnist784_pca32 (20c),23,cells,post_none_off,post,none,off,5,50,50,1.0,20,20,0.0,1.1,10,32,330000,1.9656786512505449,0.40481306661889765,0.34297165760091614,25.057348403017254,0.32548571428571427,6.485001333249531,0.4327769375946284,0,59.078
mnist784_pca32 (20c),23,cells,post_none_on,post,none,on,5,50,50,1.0,20,20,0.0,1.1,10,32,330000,1.2925523393105538,0.47009503366404626,0.3994874715261959,19.08118112331471,0.284,15.15281181030258,0.1372628458328059,0,60.109
mnist784_pca32 (20c),23,cells,post_footprint_off,post,footprint,off,5,50,50,1.0,20,20,0.0,1.1,10,32,330000,2.3139674384582927,0.5133148710749819,0.4059970014992504,24.74403628841054,0.4017857142857143,4.621213752907326,0.3375558748759548,0,72.581
mnist784_pca32 (20c),23,cells,post_footprint_on,post,footprint,on,5,50,50,1.0,20,20,0.0,1.1,10,32,330000,1.5829939185910595,0.5377923496707434,0.36906854130052724,23.45205726461607,0.3540285714285714,9.911170516848195,0.282537774025827,0,72.69
mnist784_pca32 (20c),23,cells,post_mass_off,post,mass,off,5,50,50,1.0,20,20,0.0,1.1,10,32,330000,2.2910659268891167,0.4815308470427707,0.3988005997001499,24.68255130838186,0.38074285714285716,4.702349183800939,0.33524007384840415,0,59.538
mnist784_pca32 (20c),23,cells,post_mass_on,post,mass,on,5,50,50,1.0,20,20,0.0,1.1,10,32,330000,1.4507541966282307,0.5020890786408458,0.38957234915055655,22.877055327868046,0.33107142857142857,11.793957747019336,0.2690287934440817,0,62.161
mnist784_pca32 (20c),23,cells,pre_none_off,pre,none,off,5,50,50,1.0,20,20,0.0,1.1,10,32,330000,2.171989397280478,0.4714216475565637,0.3550973654066438,24.71704901631752,0.3690857142857143,5.239395913871312,0.33643658536789833,0,61.583
mnist784_pca32 (20c),23,cells,pre_none_on,pre,none,on,5,50,50,1.0,20,20,0.0,1.1,10,32,330000,1.602397944293322,0.4685679297647371,0.3898690950483779,19.103930641745855,0.28795714285714286,9.952951383192346,0.13734323801387396,0,59.193
mnist784_pca32 (20c),23,cells,pre_footprint_off,pre,footprint,off,5,50,50,1.0,20,20,0.0,1.1,10,32,330000,2.7969074729842065,0.495286285337791,0.3867735470941884,25.43123593845065,0.33405714285714283,3.250957323719215,0.2962048114642535,0,71.439
mnist784_pca32 (20c),23,cells,pre_footprint_on,pre,footprint,on,5,50,50,1.0,20,20,0.0,1.1,10,32,330000,1.6620786781456494,0.559018451373855,0.44037503662467037,24.24578834242848,0.3633571428571429,9.12378920355131,0.2712408515193093,0,71.655
mnist784_pca32 (20c),23,cells,pre_mass_off,pre,mass,off,5,50,50,1.0,20,20,0.0,1.1,10,32,330000,2.5336442795972345,0.5122934736667981,0.4230981256890849,24.998841862220413,0.39052857142857145,3.8942928602844855,0.2934913003630665,0,67.69
mnist784_pca32 (20c),23,cells,pre_mass_on,pre,mass,on,5,50,50,1.0,20,20,0.0,1.1,10,32,330000,1.5523483105825953,0.5888399354838157,0.45007496251874063,23.725934245353965,0.3081,10.430971590075812,0.2482380010592496,0,84.896
mnist784_pca32 (20c),23,cells,post_fpmask_off,post,fpmask,off,5,50,50,1.0,20,20,0.0,1.1,10,32,330000,1.9587745141952515,0.4272890061354825,0.3552203490091689,24.977814036771186,0.33062857142857144,6.510068202008173,0.41891486688977975,0,144.051
mnist784_pca32 (20c),23,cells,post_massmask_off,post,massmask,off,5,50,50,1.0,20,20,0.0,1.1,10,32,330000,2.1753845993207817,0.42251310879902854,0.3554058013477879,24.933270412673348,0.34915714285714283,5.2687446133396385,0.4227566957839944,0,143.902
mnist784_pca32 (20c),23,cells,pre_fpmask_off,pre,fpmask,off,5,50,50,1.0,20,20,0.0,1.1,10,32,330000,2.090935660040434,0.47784431770482677,0.3693100486687661,24.779159536899243,0.3732285714285714,5.667678841809256,0.33483994484684243,0,171.072
mnist784_pca32 (20c),23,cells,pre_massmask_off,pre,massmask,off,5,50,50,1.0,20,20,0.0,1.1,10,32,330000,2.1525577916213576,0.4820147714912847,0.37485681557846506,24.747223966954323,0.3754142857142857,5.340929538185562,0.33892962129711657,0,142.001
mnist784_pca32 (20c),24,cells,post_none_off,post,none,off,5,50,50,1.0,20,20,0.0,1.1,10,32,330000,1.8745502964990786,0.4049349692371719,0.33717834960070986,24.943984647441702,0.34872857142857144,7.098582521504854,0.4393210043364731,0,66.539
mnist784_pca32 (20c),24,cells,post_none_on,post,none,on,5,50,50,1.0,20,20,0.0,1.1,10,32,330000,1.4163543970230594,0.4452353183593572,0.3596569062407572,19.211573736038943,0.31588571428571427,12.578989662220641,0.14090857761473427,0,84.436
mnist784_pca32 (20c),24,cells,post_footprint_off,post,footprint,off,5,50,50,1.0,20,20,0.0,1.1,10,32,330000,2.4363572124314743,0.4511655872033244,0.39597514057413435,24.848942912756822,0.40304285714285715,4.186258003015507,0.35793542842488446,0,144.374
mnist784_pca32 (20c),24,cells,post_footprint_on,post,footprint,on,5,50,50,1.0,20,20,0.0,1.1,10,32,330000,2.1101578118708537,0.4755886376851234,0.38331854480922806,23.491053865431674,0.3945142857142857,5.560768018794179,0.3181346055707305,0,176.007
mnist784_pca32 (20c),24,cells,post_mass_off,post,mass,off,5,50,50,1.0,20,20,0.0,1.1,10,32,330000,2.5089527963419815,0.47568789055003036,0.4116836594103059,24.63371612463105,0.3850142857142857,3.9133162949202984,0.3327430254430904,0,137.508
mnist784_pca32 (20c),24,cells,post_mass_on,post,mass,on,5,50,50,1.0,20,20,0.0,1.1,10,32,330000,1.5358775353450778,0.46350918980168576,0.37681159420289856,22.79612434322692,0.3381857142857143,10.466343287886447,0.27578257653792954,0,141.747
mnist784_pca32 (20c),24,cells,pre_none_off,pre,none,off,5,50,50,1.0,20,20,0.0,1.1,10,32,330000,2.361806588089022,0.45224993159945565,0.3636881047239613,24.8500121842769,0.34045714285714285,4.454899864750204,0.3428164420894798,0,124.372
mnist784_pca32 (20c),24,cells,pre_none_on,pre,none,on,5,50,50,1.0,20,20,0.0,1.1,10,32,330000,1.7776806831026484,0.44799154627395765,0.36024844720496896,19.231488977423474,0.3152714285714286,7.935553597773398,0.1408849604406606,0,111.538
mnist784_pca32 (20c),24,cells,pre_footprint_off,pre,footprint,off,5,50,50,1.0,20,20,0.0,1.1,10,32,330000,2.8419502688249683,0.5028371198322186,0.42959492973270874,25.002173986667753,0.4103428571428571,3.0955999083845853,0.319518530105594,0,140.84
mnist784_pca32 (20c),24,cells,pre_footprint_on,pre,footprint,on,5,50,50,1.0,20,20,0.0,1.1,10,32,330000,2.27436487551701,0.5532250263257156,0.48826291079812206,23.871320455304478,0.44785714285714284,4.820860766776373,0.27463779425294965,0,153.043
mnist784_pca32 (20c),24,cells,pre_mass_off,pre,mass,off,5,50,50,1.0,20,20,0.0,1.1,10,32,330000,2.512548875376877,0.5628247795753251,0.5002756339581036,24.81664746602667,0.44517142857142855,3.931099841426491,0.3003708414830264,0,121.409
mnist784_pca32 (20c),24,cells,pre_mass_on,pre,mass,on,5,50,50,1.0,20,20,0.0,1.1,10,32,330000,2.2478203332804,0.5174053974340839,0.40446988280185336,23.358129460513815,0.33577142857142855,4.97601105594603,0.27277783532920663,0,124.504
mnist784_pca32 (20c),24,cells,post_fpmask_off,post,fpmask,off,5,50,50,1.0,20,20,0.0,1.1,10,32,330000,2.0602201087623575,0.3852481591971637,0.3113755078351712,24.7749469019709,0.3404714285714286,5.836943490918928,0.3830503960865733,0,155.153
mnist784_pca32 (20c),24,cells,post_massmask_off,post,massmask,off,5,50,50,1.0,20,20,0.0,1.1,10,32,330000,2.0505327074889057,0.4036143269572469,0.3624391640423705,24.949550796391062,0.3401142857142857,5.933751148712209,0.43096849883009525,0,132.258
mnist784_pca32 (20c),24,cells,pre_fpmask_off,pre,fpmask,off,5,50,50,1.0,20,20,0.0,1.1,10,32,330000,2.241682045752493,0.46586392646891756,0.4058053500284576,24.89915596688726,0.3468857142857143,4.954919449657862,0.33109006823188847,0,139.61
mnist784_pca32 (20c),24,cells,pre_massmask_off,pre,massmask,off,5,50,50,1.0,20,20,0.0,1.1,10,32,330000,2.242934594665703,0.4634405400203109,0.3958451906659078,24.889396560698057,0.34645714285714285,4.947446976105162,0.33786647064495107,0,70.773
mnist784_pca32 (20c),25,cells,post_none_off,post,none,off,5,50,50,1.0,20,20,0.0,1.1,10,32,330000,1.9296264506550753,0.405586402041935,0.34468937875751504,24.918427735905667,0.36894285714285713,6.692280706804664,0.4119431869976307,0,65.404
mnist784_pca32 (20c),25,cells,post_none_on,post,none,on,5,50,50,1.0,20,20,0.0,1.1,10,32,330000,1.4349584237858017,0.4763743746481448,0.39692398698609876,19.033914264064553,0.3575,12.28336129890207,0.1355528796278683,0,84.528
mnist784_pca32 (20c),25,cells,post_footprint_off,post,footprint,off,5,50,50,1.0,20,20,0.0,1.1,10,32,330000,2.518244732315283,0.452803628202976,0.38904034896401307,24.649414055649455,0.39604285714285714,3.8869659100116922,0.33467992450775336,0,146.735
mnist784_pca32 (20c),25,cells,post_footprint_on,post,footprint,on,5,50,50,1.0,20,20,0.0,1.1,10,32,330000,1.7725220042036558,0.532156794477244,0.434222092001172,23.568538420070393,0.43225714285714284,7.911823423268398,0.302486062078659,0,179.767
mnist784_pca32 (20c),25,cells,post_mass_off,post,mass,off,5,50,50,1.0,20,20,0.0,1.1,10,32,330000,2.3359254331748787,0.47952879979808466,0.3854524627720504,24.68568770841344,0.41997142857142855,4.524048791513875,0.34385189863929455,0,136.482
mnist784_pca32 (20c),25,cells,post_mass_on,post,mass,on,5,50,50,1.0,20,20,0.0,1.1,10,32,330000,1.7833620159659236,0.5169776613768745,0.3047808764940239,23.11075960326416,0.39535714285714285,7.806521725677756,0.2757313434772892,0,141.283
mnist784_pca32 (20c),25,cells,pre_none_off,pre,none,off,5,50,50,1.0,20,20,0.0,1.1,10,32,330000,2.3150133137893887,0.49518680077318694,0.4087548062703342,24.8969577605454,0.3477857142857143,4.6455730806937945,0.3558783472888742,0,122.074
mnist784_pca32 (20c),25,cells,pre_none_on,pre,none,on,5,50,50,1.0,20,20,0.0,1.1,10,32,330000,2.11676968018735,0.48307912452725726,0.40694365395560617,19.01838645209687,0.3611142857142857,5.6245428203502685,0.13477385538153833,0,112.701
mnist784_pca32 (20c),25,cells,pre_footprint_off,pre,footprint,off,5,50,50,1.0,20,20,0.0,1.1,10,32,330000,2.83113758506398,0.5304442205182268,0.42955326460481097,25.144500678688257,0.4106142857142857,3.137047286640287,0.31203293232608953,0,140.719
mnist784_pca32 (20c),25,cells,pre_footprint_on,pre,footprint,on,5,50,50,1.0,20,20,0.0,1.1,10,32,330000,2.567895959716963,0.5333162605562477,0.43938531587933977,24.029899834194865,0.3885,3.8294450142376424,0.2738288872462418,0,151.177
mnist784_pca32 (20c),25,cells,pre_mass_off,pre,mass,off,5,50,50,1.0,20,20,0.0,1.1,10,32,330000,2.4336135603570113,0.5345635295261962,0.39384028345598254,25.002900127320626,0.3946142857142857,4.22169790354855,0.3152741868815311,0,119.58
mnist784_pca32 (20c),25,cells,pre_mass_on,pre,mass,on,5,50,50,1.0,20,20,0.0,1.1,10,32,330000,2.2344190266546193,0.5760342944457487,0.40068298235628913,23.942967348934847,0.37667142857142855,5.0603651713568505,0.2390986868905435,0,125.676
mnist784_pca32 (20c),25,cells,post_fpmask_off,post,fpmask,off,5,50,50,1.0,20,20,0.0,1.1,10,32,330000,2.086752384746389,0.43765592772346074,0.36970217640320735,24.818745595862246,0.35,5.6995161731887585,0.38991314355060286,0,155.732
mnist784_pca32 (20c),25,cells,post_massmask_off,post,massmask,off,5,50,50,1.0,20,20,0.0,1.1,10,32,330000,2.1434765067209898,0.41981429591634206,0.35967926689576174,24.87228542899643,0.33784285714285717,5.413501198175184,0.4017203492232819,0,131.852
mnist784_pca32 (20c),25,cells,pre_fpmask_off,pre,fpmask,off,5,50,50,1.0,20,20,0.0,1.1,10,32,330000,2.2637987067594465,0.4861060212062219,0.43991179713340683,24.76527297746256,0.34264285714285714,4.832451504649514,0.34235241662116744,0,137.562
mnist784_pca32 (20c),25,cells,pre_massmask_off,pre,massmask,off,5,50,50,1.0,20,20,0.0,1.1,10,32,330000,2.2172320381617032,0.5051259418224692,0.43254292722812754,24.766632591252687,0.3728,5.037843485320193,0.33538524090803323,0,69.658
mnist784_pca32 (20c),26,cells,post_none_off,post,none,off,5,50,50,1.0,20,20,0.0,1.1,10,32,330000,2.242541697073168,0.4069185964112991,0.3140566847981678,24.97287543608905,0.34754285714285715,4.965780252534383,0.403454548535799,0,65.652
mnist784_pca32 (20c),26,cells,post_none_on,post,none,on,5,50,50,1.0,20,20,0.0,1.1,10,32,330000,1.6047963145308273,0.4698170583742843,0.3720035513465522,19.151593882925727,0.3275142857142857,9.741347243345386,0.1364672696153703,0,83.758
mnist784_pca32 (20c),26,cells,post_footprint_off,post,footprint,off,5,50,50,1.0,20,20,0.0,1.1,10,32,330000,2.421477514866687,0.468141027467501,0.38120176405733186,24.774957711960184,0.38354285714285713,4.225246401282092,0.3355492137963099,0,150.068
mnist784_pca32 (20c),26,cells,post_footprint_on,post,footprint,on,5,50,50,1.0,20,20,0.0,1.1,10,32,330000,2.23561921737358,0.508894787878208,0.4045575614087008,23.468791946220776,0.3681142857142857,4.9659306354717785,0.2822729103291844,0,178.056
mnist784_pca32 (20c),26,cells,post_mass_off,post,mass,off,5,50,50,1.0,20,20,0.0,1.1,10,32,330000,2.449229425409301,0.5139161932495037,0.4642647920328061,24.61125551086322,0.41432857142857143,4.102747904009649,0.3237643755687797,0,133.959
mnist784_pca32 (20c),26,cells,post_mass_on,post,mass,on,5,50,50,1.0,20,20,0.0,1.1,10,32,330000,2.082586853699725,0.48533425687406906,0.3808819177271382,22.899796445777394,0.3328857142857143,5.6975604734882515,0.27031827900983263,0,139.108
mnist784_pca32 (20c),26,cells,pre_none_off,pre,none,off,5,50,50,1.0,20,20,0.0,1.1,10,32,330000,2.3895770340577185,0.45896184462965134,0.3880926130099228,24.639220079994995,0.37005714285714286,4.315040590804557,0.34755420512781626,0,122.176
mnist784_pca32 (20c),26,cells,pre_none_on,pre,none,on,5,50,50,1.0,20,20,0.0,1.1,10,32,330000,2.2209194462503103,0.4652013078732522,0.369635986978396,19.181857288407752,0.32648571428571427,5.06137607992762,0.1370212955245859,0,109.202
mnist784_pca32 (20c),26,cells,pre_footprint_off,pre,footprint,off,5,50,50,1.0,20,20,0.0,1.1,10,32,330000,2.7813402266165035,0.5491155037379889,0.461135611907387,25.021675217747713,0.4097857142857143,3.2345073959111112,0.3007956970944925,0,140.867
mnist784_pca32 (20c),26,cells,pre_footprint_on,pre,footprint,on,5,50,50,1.0,20,20,0.0,1.1,10,32,330000,2.1866584106098146,0.5901909115855848,0.4846328969834946,24.172764416737397,0.35597142857142855,5.241495581458122,0.2538581066113403,0,149.922
mnist784_pca32 (20c),26,cells,pre_mass_off,pre,mass,off,5,50,50,1.0,20,20,0.0,1.1,10,32,330000,2.826284218055566,0.5181661782423109,0.4495066744051074,24.9615688284445,0.40585714285714286,3.1249294023916274,0.3014785304396653,0,119.984
mnist784_pca32 (20c),26,cells,pre_mass_on,pre,mass,on,5,50,50,1.0,20,20,0.0,1.1,10,32,330000,2.3345029464086764,0.5500651393893794,0.35022779043280183,23.835147085773492,0.33635714285714285,4.639155148642845,0.22929555280338404,0,123.038
mnist784_pca32 (20c),26,cells,post_fpmask_off,post,fpmask,off,5,50,50,1.0,20,20,0.0,1.1,10,32,330000,2.184553448200935,0.42734079618852283,0.3556701030927835,24.792158277432495,0.35315714285714284,5.195041081555661,0.37778512540926795,0,152.748
mnist784_pca32 (20c),26,cells,post_massmask_off,post,massmask,off,5,50,50,1.0,20,20,0.0,1.1,10,32,330000,2.212996230821777,0.4138275013379024,0.3323790438018895,24.869428005092953,0.3498142857142857,5.078137408157939,0.4002185503833646,0,130.658
mnist784_pca32 (20c),26,cells,pre_fpmask_off,pre,fpmask,off,5,50,50,1.0,20,20,0.0,1.1,10,32,330000,2.459315858495426,0.4694089083511869,0.402425578831312,24.679150803894995,0.3676857142857143,4.080389217243812,0.34733821553264654,0,138.789
mnist784_pca32 (20c),26,cells,pre_massmask_off,pre,massmask,off,5,50,50,1.0,20,20,0.0,1.1,10,32,330000,2.4460426957352515,0.46908547574569265,0.41565600882028664,24.637920905176376,0.3739857142857143,4.117901839446777,0.3492644303728548,0,70.507
mnist784_pca32 (20c),27,cells,post_none_off,post,none,off,5,50,50,1.0,20,20,0.0,1.1,10,32,330000,1.946491594876139,0.386180553578933,0.34991423670668953,25.114888741194047,0.3195142857142857,6.628666861221943,0.4573722830408518,0,67.771
mnist784_pca32 (20c),27,cells,post_none_on,post,none,on,5,50,50,1.0,20,20,0.0,1.1,10,32,330000,1.2460298623491948,0.456447142863144,0.34507250665877476,19.092892977174486,0.30114285714285716,16.31363787731572,0.13985016090847582,0,94.282
mnist784_pca32 (20c),27,cells,post_footprint_off,post,footprint,off,5,50,50,1.0,20,20,0.0,1.1,10,32,330000,2.4343900265412763,0.5413443185179093,0.4874048037492677,24.643070707617007,0.4523857142857143,4.158287406426223,0.31648889269611996,0,155.164
mnist784_pca32 (20c),27,cells,post_footprint_on,post,footprint,on,5,50,50,1.0,20,20,0.0,1.1,10,32,330000,1.6443532114119324,0.4812878470315051,0.315182006510802,23.032225670521772,0.3189571428571429,9.233182754371146,0.2798971930797204,0,179.922
mnist784_pca32 (20c),27,cells,post_mass_off,post,mass,off,5,50,50,1.0,20,20,0.0,1.1,10,32,330000,2.383421121069031,0.5162266640606034,0.44874048037492675,24.66763885448767,0.42724285714285715,4.342361888537327,0.33248711425398314,0,139.416
mnist784_pca32 (20c),27,cells,post_mass_on,post,mass,on,5,50,50,1.0,20,20,0.0,1.1,10,32,330000,1.3348564512809442,0.47042833329631817,0.3114463176574978,22.33940696142945,0.3076714285714286,14.00883808030968,0.237496087909175,0,133.577
mnist784_pca32 (20c),27,cells,pre_none_off,pre,none,off,5,50,50,1.0,20,20,0.0,1.1,10,32,330000,2.280327160010583,0.49176459646452536,0.41942857142857143,24.740532814423048,0.3644857142857143,4.757893629430345,0.3347486989809463,0,120.938
mnist784_pca32 (20c),27,cells,pre_none_on,pre,none,on,5,50,50,1.0,20,20,0.0,1.1,10,32,330000,1.6177422827992523,0.4598047527339098,0.3471441254809115,19.11702912555121,0.3017,9.62035007224642,0.13955330199769628,0,110.289
mnist784_pca32 (20c),27,cells,pre_footprint_off,pre,footprint,off,5,50,50,1.0,20,20,0.0,1.1,10,32,330000,2.7191193018782944,0.5730197610710693,0.4836423118865867,25.063804168234917,0.4286285714285714,3.3899279136061033,0.29652389594964085,0,143.236
mnist784_pca32 (20c),27,cells,pre_footprint_on,pre,footprint,on,5,50,50,1.0,20,20,0.0,1.1,10,32,330000,2.0447373692462976,0.5509192047290669,0.45074031890660593,23.75302480046571,0.3603,6.02340904696934,0.2576908547561731,0,146.877
mnist784_pca32 (20c),27,cells,pre_mass_off,pre,mass,off,5,50,50,1.0,20,20,0.0,1.1,10,32,330000,2.7117919895176694,0.550646068786019,0.4563794983642312,24.992077840191843,0.41965714285714284,3.3985183391705402,0.30757523289485483,0,125.109
mnist784_pca32 (20c),27,cells,pre_mass_on,pre,mass,on,5,50,50,1.0,20,20,0.0,1.1,10,32,330000,2.046660338405659,0.5734028246082943,0.4713740458015267,23.484382951305786,0.3271857142857143,6.024355664282131,0.22444745837383984,0,125.501
mnist784_pca32 (20c),27,cells,post_fpmask_off,post,fpmask,off,5,50,50,1.0,20,20,0.0,1.1,10,32,330000,2.182143547832491,0.4279963768966904,0.35967926689576174,24.789473259154484,0.3577142857142857,5.205958071505139,0.4022980110241321,0,157.117
mnist784_pca32 (20c),27,cells,post_massmask_off,post,massmask,off,5,50,50,1.0,20,20,0.0,1.1,10,32,330000,2.0190598766722583,0.41322886507836765,0.33419096626643796,24.97019820624256,0.32994285714285715,6.125246809554482,0.4529582779837838,0,132.775
mnist784_pca32 (20c),27,cells,pre_fpmask_off,pre,fpmask,off,5,50,50,1.0,20,20,0.0,1.1,10,32,330000,2.2773776656817337,0.5021062064483595,0.4357142857142857,24.732410803191282,0.36464285714285716,4.768659761215821,0.32427447416116467,0,118.919
mnist784_pca32 (20c),27,cells,pre_massmask_off,pre,massmask,off,5,50,50,1.0,20,20,0.0,1.1,10,32,330000,2.2857578628031012,0.49683606303064887,0.41828571428571426,24.72080902027107,0.36688571428571426,4.731536936536819,0.33007431497279577,0,69.913
mnist784_pca32 (20c),28,cells,post_none_off,post,none,off,5,50,50,1.0,20,20,0.0,1.1,10,32,330000,2.1556196004987873,0.3661801385598552,0.27397652447752646,24.97180140595629,0.31724285714285716,5.374098530932241,0.4180552716441087,0,69.394
mnist784_pca32 (20c),28,cells,post_none_on,post,none,on,5,50,50,1.0,20,20,0.0,1.1,10,32,330000,1.1486647669833516,0.46780267376419243,0.3705179282868526,19.08344567126469,0.30935714285714283,19.17878591443098,0.13446382770529217,0,101.487
mnist784_pca32 (20c),28,cells,post_footprint_off,post,footprint,off,5,50,50,1.0,20,20,0.0,1.1,10,32,330000,2.5503106653541447,0.4729095236285038,0.3718866304036645,24.746273074752274,0.4048428571428571,3.8047281079278457,0.3208707608661734,0,157.194
mnist784_pca32 (20c),28,cells,post_footprint_on,post,footprint,on,5,50,50,1.0,20,20,0.0,1.1,10,32,330000,1.4177409376216366,0.4933739896697171,0.41881100266193433,23.560657862496264,0.38495714285714283,12.374210856777383,0.2910652772752369,0,183.707
mnist784_pca32 (20c),28,cells,post_mass_off,post,mass,off,5,50,50,1.0,20,20,0.0,1.1,10,32,330000,2.249416549319158,0.42666609143671136,0.32407672487832806,24.76358271522757,0.3768142857142857,4.894109762316822,0.3435179287771885,0,143.998
mnist784_pca32 (20c),28,cells,post_mass_on,post,mass,on,5,50,50,1.0,20,20,0.0,1.1,10,32,330000,1.5274536134333123,0.48533789730616617,0.4257726269315673,23.035119779122496,0.37434285714285714,10.636282692671958,0.2787663319343371,0,132.808
mnist784_pca32 (20c),28,cells,pre_none_off,pre,none,off,5,50,50,1.0,20,20,0.0,1.1,10,32,330000,2.372276965418606,0.4664708916155959,0.3753220727168623,24.79897339721954,0.3687142857142857,4.40659278346672,0.36167155533350465,0,114.379
mnist784_pca32 (20c),28,cells,pre_none_on,pre,none,on,5,50,50,1.0,20,20,0.0,1.1,10,32,330000,1.3806256819993348,0.46989000483724297,0.3755694760820046,19.07759445845776,0.31352857142857143,13.122907842619751,0.1336574018186872,0,120.842
mnist784_pca32 (20c),28,cells,pre_footprint_off,pre,footprint,off,5,50,50,1.0,20,20,0.0,1.1,10,32,330000,2.7638033996133173,0.5378920970402696,0.44371763423276095,25.41585878394056,0.35047142857142854,3.3272887790120866,0.3048502102465903,0,147.404
mnist784_pca32 (20c),28,cells,pre_footprint_on,pre,footprint,on,5,50,50,1.0,20,20,0.0,1.1,10,32,330000,1.6477970004186742,0.5307791725246526,0.40017746228926354,23.861393490209423,0.36454285714285717,9.231166323014431,0.27620916590965816,0,147.231
mnist784_pca32 (20c),28,cells,pre_mass_off,pre,mass,off,5,50,50,1.0,20,20,0.0,1.1,10,32,330000,2.5585691794313865,0.5812669766342993,0.47656707674282367,24.987040616677778,0.4091,3.8169853635781488,0.3031906745002066,0,128.843
mnist784_pca32 (20c),28,cells,pre_mass_on,pre,mass,on,5,50,50,1.0,20,20,0.0,1.1,10,32,330000,2.436265815254045,0.5681804311414069,0.4967779730521383,23.54821457078088,0.3834,4.23577570777802,0.2539502331186618,0,125.686
mnist784_pca32 (20c),28,cells,post_fpmask_off,post,fpmask,off,5,50,50,1.0,20,20,0.0,1.1,10,32,330000,2.16512333866257,0.42516675919712343,0.35241912396221015,24.7325185266805,0.35924285714285714,5.275979022984702,0.36969359333178337,0,162.871
mnist784_pca32 (20c),28,cells,post_massmask_off,post,massmask,off,5,50,50,1.0,20,20,0.0,1.1,10,32,330000,2.072150674249076,0.39595347920667,0.3155871044069802,24.842458390743065,0.3495857142857143,5.785646675244488,0.3940539118956739,0,134.498
mnist784_pca32 (20c),28,cells,pre_fpmask_off,pre,fpmask,off,5,50,50,1.0,20,20,0.0,1.1,10,32,330000,2.3452131431114362,0.44881049893203945,0.33008874892642426,24.85937113021244,0.3500142857142857,4.519865372727579,0.34663995970187333,0,99.942
mnist784_pca32 (20c),28,cells,pre_massmask_off,pre,massmask,off,5,50,50,1.0,20,20,0.0,1.1,10,32,330000,2.3069069395664816,0.44644262864838147,0.329516175207558,24.88552041514442,0.3466142857142857,4.67612999979453,0.3617440183359324,0,70.332
mnist784_pca32 (20c),29,cells,post_none_off,post,none,off,5,50,50,1.0,20,20,0.0,1.1,10,32,330000,2.045209981142031,0.4111810500982701,0.3063269395934727,24.950364904504543,0.35732857142857144,5.964871533146326,0.4032654566663523,0,67.551
mnist784_pca32 (20c),29,cells,post_none_on,post,none,on,5,50,50,1.0,20,20,0.0,1.1,10,32,330000,1.5220568615939805,0.4482306850588313,0.3673469387755102,19.14561698656298,0.3258285714285714,10.801729810973777,0.1395289330933425,0,97.993
mnist784_pca32 (20c),29,cells,post_footprint_off,post,footprint,off,5,50,50,1.0,20,20,0.0,1.1,10,32,330000,2.6802164516283176,0.4885685721629015,0.42818590704647674,24.670230049016567,0.39721428571428574,3.4342622971688517,0.32503476035545636,0,153.63
mnist784_pca32 (20c),29,cells,post_footprint_on,post,footprint,on,5,50,50,1.0,20,20,0.0,1.1,10,32,330000,2.5698653735904062,0.4605127855917773,0.367938479739722,23.582387107911064,0.35945714285714286,3.7420576968278754,0.29893892711271225,0,179.809
mnist784_pca32 (20c),29,cells,post_mass_off,post,mass,off,5,50,50,1.0,20,20,0.0,1.1,10,32,330000,2.6182136439284136,0.4724023032261669,0.4238082116285478,24.572824984626955,0.388,3.584634861208074,0.3266904410892753,0,138.684
mnist784_pca32 (20c),29,cells,post_mass_on,post,mass,on,5,50,50,1.0,20,20,0.0,1.1,10,32,330000,2.1860418991171144,0.4618046696041104,0.4002998500749625,22.899014995482442,0.35141428571428573,5.157839154134002,0.26919444942452697,0,130.038
mnist784_pca32 (20c),29,cells,pre_none_off,pre,none,off,5,50,50,1.0,20,20,0.0,1.1,10,32,330000,2.3628136911736015,0.47007188178507864,0.4007690032534753,24.657380215697756,0.3706714285714286,4.416599049502506,0.3513677292662161,0,120.524
mnist784_pca32 (20c),29,cells,pre_none_on,pre,none,on,5,50,50,1.0,20,20,0.0,1.1,10,32,330000,1.8708628549025723,0.453702184822105,0.39863325740318906,19.160589686610106,0.3188285714285714,7.187735885464631,0.13857954546753304,0,110.125
mnist784_pca32 (20c),29,cells,pre_footprint_off,pre,footprint,off,5,50,50,1.0,20,20,0.0,1.1,10,32,330000,2.7329381214160278,0.5066653801210452,0.44915954808487185,24.865182070040305,0.41728571428571426,3.3291399043144017,0.3075797891150246,0,142.595
mnist784_pca32 (20c),29,cells,pre_footprint_on,pre,footprint,on,5,50,50,1.0,20,20,0.0,1.1,10,32,330000,2.8507437649411207,0.488477282611126,0.3700088731144632,24.187771628659814,0.3739142857142857,3.1024162541509392,0.2865016342673565,0,145.775
mnist784_pca32 (20c),29,cells,pre_mass_off,pre,mass,off,5,50,50,1.0,20,20,0.0,1.1,10,32,330000,2.793764600847233,0.49696977595090885,0.4378990133488102,24.844722449813126,0.41272857142857144,3.1831311237830975,0.2981056629901542,0,125.474
mnist784_pca32 (20c),29,cells,pre_mass_on,pre,mass,on,5,50,50,1.0,20,20,0.0,1.1,10,32,330000,2.230954439802894,0.5019227676021552,0.3700088731144632,23.723814830736558,0.36505714285714286,5.045873628895069,0.2692237204344951,0,124.001
mnist784_pca32 (20c),29,cells,post_fpmask_off,post,fpmask,off,5,50,50,1.0,20,20,0.0,1.1,10,32,330000,2.168702732936257,0.4021651324944634,0.3276117194436224,24.74605592339402,0.3563,5.261455923330065,0.38418863540111364,0,157.379
mnist784_pca32 (20c),29,cells,post_massmask_off,post,massmask,off,5,50,50,1.0,20,20,0.0,1.1,10,32,330000,2.0440918336215526,0.41222135211536026,0.3106212424849699,24.924878255748638,0.35778571428571426,5.965299309888961,0.3985284564767253,0,132.273
mnist784_pca32 (20c),29,cells,pre_fpmask_off,pre,fpmask,off,5,50,50,1.0,20,20,0.0,1.1,10,32,330000,2.3532725699751444,0.47370644857521327,0.3785143533589819,24.75908262845992,0.35032857142857143,4.470849842071516,0.343321616069373,0,119.431
mnist784_pca32 (20c),29,cells,pre_massmask_off,pre,massmask,off,5,50,50,1.0,20,20,0.0,1.1,10,32,330000,2.335173181626118,0.47484890932392065,0.4030778336786031,24.677147096328106,0.36595714285714287,4.525397797789525,0.3522084515982308,0,69.218
mnist784_pca32 (50c),20,cells,post_none_off,post,none,off,5,50,50,1.0,50,50,0.0,1.1,10,32,825000,2.1044485464039706,0.42795941888556854,0.34860415175375803,24.983926528735736,0.33321428571428574,5.641363321820889,0.4160333836533251,0,101.635
mnist784_pca32 (50c),20,cells,post_none_on,post,none,on,5,50,50,1.0,50,50,0.0,1.1,10,32,825000,1.5026505091769877,0.48414377878004106,0.3665480427046263,18.75897469047779,0.3112142857142857,11.133072359416026,0.12739142253250063,0,107.895
mnist784_pca32 (50c),20,cells,post_footprint_off,post,footprint,off,5,50,50,1.0,50,50,0.0,1.1,10,32,825000,2.304614378451285,0.5018289452751639,0.39584824624194703,24.874560223658694,0.4122142857142857,4.683374392878161,0.3404742743957857,0,116.64
mnist784_pca32 (50c),20,cells,post_footprint_on,post,footprint,on,5,50,50,1.0,50,50,0.0,1.1,10,32,825000,1.8245729880025927,0.49229250259389595,0.3853550295857988,23.395099941614586,0.32795714285714284,7.438301850599082,0.2829981517979551,0,135.081
mnist784_pca32 (50c),20,cells,post_mass_off,post,mass,off,5,50,50,1.0,50,50,0.0,1.1,10,32,825000,2.3072588890878696,0.502304544776023,0.3947565543071161,24.705290617525655,0.4246714285714286,4.640847646892618,0.34703324367209093,0,100.96
mnist784_pca32 (50c),20,cells,post_mass_on,post,mass,on,5,50,50,1.0,50,50,0.0,1.1,10,32,825000,2.210348855007796,0.49244721271977737,0.4023144996596324,22.83542493003934,0.3199571428571429,5.063308902367606,0.24952524325894443,0,99.434
mnist784_pca32 (50c),20,cells,pre_none_off,pre,none,off,5,50,50,1.0,50,50,0.0,1.1,10,32,825000,2.4493054707632296,0.4920774244309982,0.3918722786647315,24.665884023415305,0.3796,4.111599268141191,0.34297069137934383,0,99.582
mnist784_pca32 (50c),20,cells,pre_none_on,pre,none,on,5,50,50,1.0,50,50,0.0,1.1,10,32,825000,1.9384836711808504,0.48923430291687614,0.3686832740213523,18.7610327234749,0.3125857142857143,6.652781252323784,0.12638024118895222,0,99.672
mnist784_pca32 (50c),20,cells,pre_footprint_off,pre,footprint,off,5,50,50,1.0,50,50,0.0,1.1,10,32,825000,2.8243730872420785,0.5319621162994799,0.4662799129804206,25.01493706128004,0.38345714285714283,3.1358500353864804,0.3111305568323918,0,118.047
mnist784_pca32 (50c),20,cells,pre_footprint_on,pre,footprint,on,5,50,50,1.0,50,50,0.0,1.1,10,32,825000,2.443928608927913,0.5444895723949338,0.42417582417582417,23.46062220290595,0.3360714285714286,4.194268894456389,0.24952695492998395,0,116.856
mnist784_pca32 (50c),20,cells,pre_mass_off,pre,mass,off,5,50,50,1.0,50,50,0.0,1.1,10,32,825000,2.77355555375452,0.5087053561209199,0.42681159420289855,24.81174577615531,0.40755714285714284,3.2254000208651163,0.3071207743404634,0,98.028
mnist784_pca32 (50c),20,cells,pre_mass_on,pre,mass,on,5,50,50,1.0,50,50,0.0,1.1,10,32,825000,2.310833913666063,0.5483219633244083,0.4139194139194139,23.0913678770021,0.35491428571428574,4.652473686639465,0.23442680281342235,0,100.209
mnist784_pca32 (50c),20,cells,post_fpmask_off,post,fpmask,off,5,50,50,1.0,50,50,0.0,1.1,10,32,825000,1.9466093769853443,0.4474147487542821,0.37976539589442815,24.81369222523628,0.3285,6.5483784260601485,0.37796436985553195,0,116.389
mnist784_pca32 (50c),20,cells,post_massmask_off,post,massmask,off,5,50,50,1.0,50,50,0.0,1.1,10,32,825000,1.8803993312128902,0.4321610716366298,0.36574746008708275,24.908235903107034,0.34037142857142855,7.044380303834375,0.4007350704144339,0,101.815
mnist784_pca32 (50c),20,cells,pre_fpmask_off,pre,fpmask,off,5,50,50,1.0,50,50,0.0,1.1,10,32,825000,2.43248440962614,0.4943158073889935,0.39477503628447025,24.68884593461074,0.38692857142857146,4.172541440526553,0.32563881687319757,0,116.962
mnist784_pca32 (50c),20,cells,pre_massmask_off,pre,massmask,off,5,50,50,1.0,50,50,0.0,1.1,10,32,825000,2.424741331562672,0.49327030554273044,0.397677793904209,24.663983599947855,0.37544285714285713,4.195004124186722,0.33945216871022993,0,110.323
mnist784_pca32 (50c),21,cells,post_none_off,post,none,off,5,50,50,1.0,50,50,0.0,1.1,10,32,825000,2.1173951182029715,0.3896132846087406,0.33875739644970415,24.95231651788296,0.35847142857142855,5.565536763697509,0.4120782534723615,0,103.667
mnist784_pca32 (50c),21,cells,post_none_on,post,none,on,5,50,50,1.0,50,50,0.0,1.1,10,32,825000,1.365509681221867,0.4608705089241173,0.34615384615384615,18.886435269982105,0.3151,13.592856770200209,0.13325858039639926,0,105.618
mnist784_pca32 (50c),21,cells,post_footprint_off,post,footprint,off,5,50,50,1.0,50,50,0.0,1.1,10,32,825000,2.5172443643176305,0.49293898009150156,0.41479332849891226,24.909062424482272,0.3823857142857143,3.93103242944733,0.3350070771964756,0,115.678
mnist784_pca32 (50c),21,cells,post_footprint_on,post,footprint,on,5,50,50,1.0,50,50,0.0,1.1,10,32,825000,1.9527174175104547,0.4600903737647713,0.36704119850187267,23.394810854203183,0.3079857142857143,6.510573566804857,0.3097392391483185,0,132.902
mnist784_pca32 (50c),21,cells,post_mass_off,post,mass,off,5,50,50,1.0,50,50,0.0,1.1,10,32,825000,2.349484117197775,0.4422550141065314,0.3521832498210451,24.760773822682523,0.36534285714285714,4.485585984834394,0.34872690255776745,0,95.819
mnist784_pca32 (50c),21,cells,post_mass_on,post,mass,on,5,50,50,1.0,50,50,0.0,1.1,10,32,825000,1.741669758880643,0.5049450669044154,0.40014792899408286,22.89333205110788,0.3139142857142857,8.189621395723925,0.26061649790355373,0,100.736
mnist784_pca32 (50c),21,cells,pre_none_off,pre,none,off,5,50,50,1.0,50,50,0.0,1.1,10,32,825000,2.310978910666925,0.52874575979111,0.41922290388548056,24.888564402466884,0.3716285714285714,4.660235697837623,0.3504993327660498,0,101.454
mnist784_pca32 (50c),21,cells,pre_none_on,pre,none,on,5,50,50,1.0,50,50,0.0,1.1,10,32,825000,1.5768851003138313,0.4711771931999703,0.3735207100591716,18.875608796424885,0.3087857142857143,10.11640738690444,0.13233201680239437,0,100.746
mnist784_pca32 (50c),21,cells,pre_footprint_off,pre,footprint,off,5,50,50,1.0,50,50,0.0,1.1,10,32,825000,2.821614867060143,0.5050609846663402,0.4082668600435098,25.30653806584557,0.34768571428571426,3.1786101644028544,0.3210258329370262,0,115.268
mnist784_pca32 (50c),21,cells,pre_footprint_on,pre,footprint,on,5,50,50,1.0,50,50,0.0,1.1,10,32,825000,2.1827956900706513,0.5309036065194135,0.4274028629856851,23.981242544236263,0.3157857142857143,5.307343570098127,0.25856000738399737,0,113.961
mnist784_pca32 (50c),21,cells,pre_mass_off,pre,mass,off,5,50,50,1.0,50,50,0.0,1.1,10,32,825000,2.4907246985721216,0.5171891357305246,0.4219495569188821,25.066393421366634,0.3586,4.040549178532873,0.30977904464363865,0,98.398
mnist784_pca32 (50c),21,cells,pre_mass_on,pre,mass,on,5,50,50,1.0,50,50,0.0,1.1,10,32,825000,2.1654222212939156,0.5940440310935711,0.47920927062031354,23.986995513834323,0.28622857142857144,5.422329508355669,0.23414460534702933,0,97.999
mnist784_pca32 (50c),21,cells,post_fpmask_off,post,fpmask,off,5,50,50,1.0,50,50,0.0,1.1,10,32,825000,1.985258030540884,0.4291642231372051,0.30177514792899407,24.928862595793476,0.3365,6.325116673225928,0.3812241264015131,0,115.736
mnist784_pca32 (50c),21,cells,post_massmask_off,post,massmask,off,5,50,50,1.0,50,50,0.0,1.1,10,32,825000,2.132045485565952,0.4000586606406057,0.33357988165680474,24.846083092076555,0.3357428571428571,5.4659417820828065,0.4019928913892568,0,100.426
mnist784_pca32 (50c),21,cells,pre_fpmask_off,pre,fpmask,off,5,50,50,1.0,50,50,0.0,1.1,10,32,825000,2.4047355761724085,0.4795397837951473,0.4156804733727811,24.748646975296438,0.36725714285714284,4.27973426437956,0.34159626610030197,0,117.175
mnist784_pca32 (50c),21,cells,pre_massmask_off,pre,massmask,off,5,50,50,1.0,50,50,0.0,1.1,10,32,825000,2.406849368855631,0.47760399277122967,0.41789940828402367,24.73916989848025,0.36582857142857145,4.270584318442191,0.34679355313694155,0,107.176
mnist784_pca32 (50c),22,cells,post_none_off,post,none,off,5,50,50,1.0,50,50,0.0,1.1,10,32,825000,2.1139171658524774,0.39915228363748206,0.3181494661921708,25.12046368887859,0.32484285714285716,5.6214936029032145,0.4392483059177907,0,101.078
mnist784_pca32 (50c),22,cells,post_none_on,post,none,on,5,50,50,1.0,50,50,0.0,1.1,10,32,825000,1.103732502346134,0.45677545986146706,0.3278805120910384,19.00678410555435,0.28941428571428574,20.79275333366507,0.13600442085499453,0,105.644
mnist784_pca32 (50c),22,cells,post_footprint_off,post,footprint,off,5,50,50,1.0,50,50,0.0,1.1,10,32,825000,2.3834309619006593,0.5149346899595243,0.41420118343195267,24.855867345354078,0.3842,4.3754605143012295,0.31651016655032377,0,114.988
mnist784_pca32 (50c),22,cells,post_footprint_on,post,footprint,on,5,50,50,1.0,50,50,0.0,1.1,10,32,825000,1.3832395167187648,0.500052717636703,0.3530249110320285,23.780837381175083,0.2898142857142857,13.048090932916676,0.28837536269352243,0,135.02
mnist784_pca32 (50c),22,cells,post_mass_off,post,mass,off,5,50,50,1.0,50,50,0.0,1.1,10,32,825000,2.3807922723190127,0.47573468095262145,0.4087329992841804,24.551801700236965,0.40664285714285714,4.331520351930099,0.3255979806603051,0,99.773
mnist784_pca32 (50c),22,cells,post_mass_on,post,mass,on,5,50,50,1.0,50,50,0.0,1.1,10,32,825000,1.355885283380141,0.4951141827111348,0.30462633451957294,23.44731384525105,0.2911142857142857,13.553403150167313,0.2843425336732647,0,99.495
mnist784_pca32 (50c),22,cells,pre_none_off,pre,none,off,5,50,50,1.0,50,50,0.0,1.1,10,32,825000,2.3029024257962245,0.4983058824978785,0.41109530583214793,24.817611634300643,0.3587142857142857,4.679601910283304,0.32687293864649314,0,100.182
mnist784_pca32 (50c),22,cells,pre_none_on,pre,none,on,5,50,50,1.0,50,50,0.0,1.1,10,32,825000,1.6587521369109721,0.46206230002233106,0.34637268847795166,19.026291687198196,0.28472857142857144,9.139689678143688,0.13554274969123398,0,96.732
mnist784_pca32 (50c),22,cells,pre_footprint_off,pre,footprint,off,5,50,50,1.0,50,50,0.0,1.1,10,32,825000,2.8140332561657635,0.5779436977695265,0.4802342606149341,25.13582393536609,0.404,3.174202829637734,0.285680281782887,0,113.628
mnist784_pca32 (50c),22,cells,pre_footprint_on,pre,footprint,on,5,50,50,1.0,50,50,0.0,1.1,10,32,825000,2.3734500293381458,0.541101042769118,0.38647686832740213,24.41573443482072,0.29982857142857144,4.4986696434676166,0.25813185080911855,0,117.363
mnist784_pca32 (50c),22,cells,pre_mass_off,pre,mass,off,5,50,50,1.0,50,50,0.0,1.1,10,32,825000,2.755348428131231,0.567107239508613,0.47291361639824303,25.101538180730028,0.40035714285714286,3.3063382718978698,0.2905469667823645,0,101.596
mnist784_pca32 (50c),22,cells,pre_mass_on,pre,mass,on,5,50,50,1.0,50,50,0.0,1.1,10,32,825000,2.3515211008848067,0.533413309557889,0.38149466192170817,24.23727689181837,0.2921142857142857,4.5863448335945405,0.2522680773476418,0,101.221
mnist784_pca32 (50c),22,cells,post_fpmask_off,post,fpmask,off,5,50,50,1.0,50,50,0.0,1.1,10,32,825000,2.124809011646958,0.4241545700094975,0.36583629893238434,24.740607027828425,0.35182857142857143,5.479873737123044,0.3763545259043681,0,116.476
mnist784_pca32 (50c),22,cells,post_massmask_off,post,massmask,off,5,50,50,1.0,50,50,0.0,1.1,10,32,825000,2.1785076583101226,0.4356978715165532,0.3437722419928826,24.973412988827366,0.34585714285714286,5.2621075140610944,0.42018987631436283,0,100.141
mnist784_pca32 (50c),22,cells,pre_fpmask_off,pre,fpmask,off,5,50,50,1.0,50,50,0.0,1.1,10,32,825000,2.167459459275572,0.4782467132302969,0.39671193709792707,24.813383559178607,0.3444857142857143,5.281825180316969,0.33463987977332593,0,113.129
mnist784_pca32 (50c),22,cells,pre_massmask_off,pre,massmask,off,5,50,50,1.0,50,50,0.0,1.1,10,32,825000,2.2009848721294536,0.4653036252714016,0.4133138258961229,24.838192141097565,0.3331857142857143,5.127266215034526,0.3466242153506267,0,104.557
mnist784_pca32 (50c),23,cells,post_none_off,post,none,off,5,50,50,1.0,50,50,0.0,1.1,10,32,825000,2.1218271187064173,0.41281032704851156,0.33727810650887574,25.00794073948991,0.3166285714285714,5.554665871345075,0.39949650705945244,0,99.519
mnist784_pca32 (50c),23,cells,post_none_on,post,none,on,5,50,50,1.0,50,50,0.0,1.1,10,32,825000,1.282527447756577,0.4799241798179512,0.3735207100591716,18.810934304499767,0.29387142857142856,15.418721383875491,0.1305397389856599,0,104.993
mnist784_pca32 (50c),23,cells,post_footprint_off,post,footprint,off,5,50,50,1.0,50,50,0.0,1.1,10,32,825000,2.774831944464814,0.519356733656161,0.41557546519641625,24.685666493726156,0.4055714285714286,3.2060588225757045,0.316525064421518,0,116.316
mnist784_pca32 (50c),23,cells,post_footprint_on,post,footprint,on,5,50,50,1.0,50,50,0.0,1.1,10,32,825000,1.7413100827948398,0.48752528741931606,0.4085457271364318,23.47019747169471,0.3707857142857143,8.146773035341825,0.29125251032734145,0,131.111
mnist784_pca32 (50c),23,cells,post_mass_off,post,mass,off,5,50,50,1.0,50,50,0.0,1.1,10,32,825000,2.37497758062584,0.516143045234165,0.4128187456926258,24.69814102701005,0.39234285714285716,4.378700466969294,0.312659170139797,0,100.726
mnist784_pca32 (50c),23,cells,post_mass_on,post,mass,on,5,50,50,1.0,50,50,0.0,1.1,10,32,825000,1.9002824626901458,0.5040896064577436,0.3764792899408284,23.175147474325204,0.36947142857142856,6.82475934508448,0.27528215174949233,0,98.73
mnist784_pca32 (50c),23,cells,pre_none_off,pre,none,off,5,50,50,1.0,50,50,0.0,1.1,10,32,825000,2.272330347908364,0.5306757600335931,0.48167155425219943,24.686981526907026,0.38602857142857144,4.781069475898787,0.3358392115550533,0,99.284
mnist784_pca32 (50c),23,cells,pre_none_on,pre,none,on,5,50,50,1.0,50,50,0.0,1.1,10,32,825000,1.6683168163339686,0.48069855276682566,0.3807829181494662,18.85189530704609,0.28868571428571427,8.953296142279859,0.13098144770171924,0,102.156
mnist784_pca32 (50c),23,cells,pre_footprint_off,pre,footprint,off,5,50,50,1.0,50,50,0.0,1.1,10,32,825000,2.6162535300531036,0.5552354687780864,0.47311095983662355,25.127819049803986,0.41705714285714285,3.6710909260836515,0.2833519206442571,0,118.554
mnist784_pca32 (50c),23,cells,pre_footprint_on,pre,footprint,on,5,50,50,1.0,50,50,0.0,1.1,10,32,825000,2.4193058470361417,0.5286520924148366,0.4370106761565836,24.07761474052785,0.36137142857142857,4.302477288738196,0.2756820317842301,0,118.267
mnist784_pca32 (50c),23,cells,pre_mass_off,pre,mass,off,5,50,50,1.0,50,50,0.0,1.1,10,32,825000,2.579023832826419,0.562379889338564,0.4760522496371553,24.992274728712946,0.42995714285714287,3.757466136368182,0.28445585576547217,0,99.509
mnist784_pca32 (50c),23,cells,pre_mass_on,pre,mass,on,5,50,50,1.0,50,50,0.0,1.1,10,32,825000,2.2860062382845907,0.5210671572402074,0.3395017793594306,23.942058599200784,0.3566,4.818270006661901,0.28063901139245134,0,99.487
mnist784_pca32 (50c),23,cells,post_fpmask_off,post,fpmask,off,5,50,50,1.0,50,50,0.0,1.1,10,32,825000,1.894618474106252,0.4305473974024801,0.35280898876404493,24.821924580907698,0.32884285714285716,6.914995730067945,0.38211513479478393,0,116.68
mnist784_pca32 (50c),23,cells,post_massmask_off,post,massmask,off,5,50,50,1.0,50,50,0.0,1.1,10,32,825000,2.044040087472137,0.44107742753788104,0.35872781065088755,24.89414454100771,0.3241,5.958245437113727,0.39847427479571323,0,99.291
mnist784_pca32 (50c),23,cells,pre_fpmask_off,pre,fpmask,off,5,50,50,1.0,50,50,0.0,1.1,10,32,825000,2.2970139735855715,0.5331211209036834,0.47966919365954513,24.78327035739116,0.3833285714285714,4.697116590094998,0.32872578507955136,0,114.667
mnist784_pca32 (50c),23,cells,pre_massmask_off,pre,massmask,off,5,50,50,1.0,50,50,0.0,1.1,10,32,825000,2.261945474502746,0.5355559851494335,0.4846041055718475,24.7158981512606,0.38344285714285714,4.830722979264712,0.33704307789236476,0,106.269
mnist784_pca32 (50c),24,cells,post_none_off,post,none,off,5,50,50,1.0,50,50,0.0,1.1,10,32,825000,1.8188386707441924,0.3860528140218076,0.29252669039145907,25.198290553798415,0.2958,7.616978343475674,0.45570161431167044,0,99.236
mnist784_pca32 (50c),24,cells,post_none_on,post,none,on,5,50,50,1.0,50,50,0.0,1.1,10,32,825000,1.4553536349127643,0.510108021558262,0.38861209964412813,18.691876011247235,0.28374285714285713,12.056424595584826,0.12831622819702848,0,100.386
mnist784_pca32 (50c),24,cells,post_footprint_off,post,footprint,off,5,50,50,1.0,50,50,0.0,1.1,10,32,825000,2.3743737172616837,0.5200470019883138,0.44521019986216404,24.814079443240075,0.4047428571428571,4.401493002552232,0.31570066182269924,0,114.261
mnist784_pca32 (50c),24,cells,post_footprint_on,post,footprint,on,5,50,50,1.0,50,50,0.0,1.1,10,32,825000,1.6906702367247715,0.5313428349727878,0.35704125177809387,23.54342966667229,0.35314285714285715,8.722386643606205,0.25407151251515797,0,124.074
mnist784_pca32 (50c),24,cells,post_mass_off,post,mass,off,5,50,50,1.0,50,50,0.0,1.1,10,32,825000,2.329998810466459,0.5021496898116449,0.4259131633356306,24.75744141816029,0.38221428571428573,4.560309951736796,0.3217246666525416,0,105.503
mnist784_pca32 (50c),24,cells,post_mass_on,post,mass,on,5,50,50,1.0,50,50,0.0,1.1,10,32,825000,1.7267080837501594,0.5182612754870617,0.33214793741109533,23.22240198720093,0.3263,8.389137075180578,0.24238243582915145,0,96.984
mnist784_pca32 (50c),24,cells,pre_none_off,pre,none,off,5,50,50,1.0,50,50,0.0,1.1,10,32,825000,1.947982014414624,0.4766348253049856,0.3736654804270463,25.036495827403407,0.32067142857142855,6.597868542595705,0.36331325113295415,0,97.848
mnist784_pca32 (50c),24,cells,pre_none_on,pre,none,on,5,50,50,1.0,50,50,0.0,1.1,10,32,825000,1.6361590724476087,0.5186687866125961,0.3942307692307692,18.774671566313742,0.28174285714285713,9.401940301250546,0.12846363407613795,0,98.077
mnist784_pca32 (50c),24,cells,pre_footprint_off,pre,footprint,off,5,50,50,1.0,50,50,0.0,1.1,10,32,825000,2.3669500368701675,0.5640786341466207,0.4479669193659545,25.49099069163442,0.33352857142857145,4.549969999050089,0.2812493376096919,0,113.49
mnist784_pca32 (50c),24,cells,pre_footprint_on,pre,footprint,on,5,50,50,1.0,50,50,0.0,1.1,10,32,825000,1.8016657345943592,0.5923047584504042,0.39572953736654803,24.40444929362819,0.2944428571428571,7.860348332675266,0.22172335164360585,0,112.368
mnist784_pca32 (50c),24,cells,pre_mass_off,pre,mass,off,5,50,50,1.0,50,50,0.0,1.1,10,32,825000,2.3668902858853356,0.5742365185085553,0.4458077709611452,25.390912087384503,0.34445714285714285,4.532335467348212,0.2913094232991383,0,97.469
mnist784_pca32 (50c),24,cells,pre_mass_on,pre,mass,on,5,50,50,1.0,50,50,0.0,1.1,10,32,825000,2.021460881252889,0.600717493441096,0.37224199288256227,23.645481823929114,0.3109,6.192326142560978,0.20119384969959528,0,98.592
mnist784_pca32 (50c),24,cells,post_fpmask_off,post,fpmask,off,5,50,50,1.0,50,50,0.0,1.1,10,32,825000,1.7502504810218904,0.44366891430805,0.35135135135135137,24.931538385848988,0.31735714285714284,8.1385805437808,0.4087231374458711,0,113.975
mnist784_pca32 (50c),24,cells,post_massmask_off,post,massmask,off,5,50,50,1.0,50,50,0.0,1.1,10,32,825000,1.79994460136545,0.44638962853242303,0.34519572953736655,25.00289519566985,0.3006714285714286,7.717417992559741,0.4221702776184378,0,98.316
mnist784_pca32 (50c),24,cells,pre_fpmask_off,pre,fpmask,off,5,50,50,1.0,50,50,0.0,1.1,10,32,825000,1.9500709230073858,0.5292973046747774,0.42419928825622777,25.203315396396,0.3321857142857143,6.627608722756951,0.34357686634491635,0,113.365
mnist784_pca32 (50c),24,cells,pre_massmask_off,pre,massmask,off,5,50,50,1.0,50,50,0.0,1.1,10,32,825000,1.94392096328831,0.49230452679392706,0.38576512455516015,25.15973032013965,0.3231428571428571,6.658076414920193,0.3751828868632179,0,97.689
mnist784_pca32 (50c),25,cells,post_none_off,post,none,off,5,50,50,1.0,50,50,0.0,1.1,10,32,825000,2.1518966830641086,0.4007773667689208,0.3042233357193987,24.99831109260841,0.32362857142857143,5.398434496340091,0.41100719078329623,0,100.705
mnist784_pca32 (50c),25,cells,post_none_on,post,none,on,5,50,50,1.0,50,50,0.0,1.1,10,32,825000,1.5473801917383299,0.48733412953942085,0.37935943060498223,18.832235086254045,0.3256857142857143,10.516379423432793,0.12758507220309584,0,102.932
mnist784_pca32 (50c),25,cells,post_footprint_off,post,footprint,off,5,50,50,1.0,50,50,0.0,1.1,10,32,825000,2.482259136536391,0.4577680203873687,0.3714679531357684,24.6933630258687,0.40672857142857144,4.007615110172471,0.32491826234916144,0,114.157
mnist784_pca32 (50c),25,cells,post_footprint_on,post,footprint,on,5,50,50,1.0,50,50,0.0,1.1,10,32,825000,2.3349013910983607,0.5047136128290954,0.39580209895052476,23.308305291435687,0.3551142857142857,4.54144174270971,0.2724568437447275,0,126.442
mnist784_pca32 (50c),25,cells,post_mass_off,post,mass,off,5,50,50,1.0,50,50,0.0,1.1,10,32,825000,2.3045819750847736,0.48172020894223166,0.41215226939970717,24.72173677252332,0.3483428571428571,4.6547317335656615,0.32010010399789074,0,102.916
mnist784_pca32 (50c),25,cells,post_mass_on,post,mass,on,5,50,50,1.0,50,50,0.0,1.1,10,32,825000,2.1234405740357567,0.5342906733819874,0.4223372781065089,22.977808933097787,0.36187142857142857,5.513944459160857,0.24999420930897742,0,98.838
mnist784_pca32 (50c),25,cells,pre_none_off,pre,none,off,5,50,50,1.0,50,50,0.0,1.1,10,32,825000,2.357356202361753,0.4907797801748898,0.4027576197387518,24.757864051106587,0.37784285714285715,4.455154329956392,0.3353869976577579,0,97.983
mnist784_pca32 (50c),25,cells,pre_none_on,pre,none,on,5,50,50,1.0,50,50,0.0,1.1,10,32,825000,1.950758787764813,0.4904227767447511,0.3807829181494662,18.85638515412878,0.3264142857142857,6.631852852086202,0.1271816045924682,0,99.394
mnist784_pca32 (50c),25,cells,pre_footprint_off,pre,footprint,off,5,50,50,1.0,50,50,0.0,1.1,10,32,825000,2.824311569024733,0.5038507516260009,0.30637079455977095,25.28259758559089,0.36484285714285714,3.169541789538811,0.27755609939601655,0,113.507
mnist784_pca32 (50c),25,cells,pre_footprint_on,pre,footprint,on,5,50,50,1.0,50,50,0.0,1.1,10,32,825000,2.48718523000789,0.5525854242086902,0.4018492176386913,24.2746425713108,0.36375714285714283,4.092528933808185,0.25885012600696916,0,114.47
mnist784_pca32 (50c),25,cells,pre_mass_off,pre,mass,off,5,50,50,1.0,50,50,0.0,1.1,10,32,825000,2.617481579674756,0.5241913155191336,0.43694004135079256,24.947290781207844,0.38812857142857143,3.641297148514202,0.2842170584688139,0,98.681
mnist784_pca32 (50c),25,cells,pre_mass_on,pre,mass,on,5,50,50,1.0,50,50,0.0,1.1,10,32,825000,2.336361297473797,0.5602227514486424,0.41779359430604984,23.96212188154061,0.36701428571428574,4.617870669904463,0.24867593581434064,0,97.368
mnist784_pca32 (50c),25,cells,post_fpmask_off,post,fpmask,off,5,50,50,1.0,50,50,0.0,1.1,10,32,825000,2.070020155752335,0.4436245893952314,0.3815318539727989,24.913205935803187,0.34187142857142855,5.814072855658076,0.3798985798931153,0,112.842
mnist784_pca32 (50c),25,cells,post_massmask_off,post,massmask,off,5,50,50,1.0,50,50,0.0,1.1,10,32,825000,2.1878069491989938,0.41794853396385845,0.3521832498210451,24.986280053088716,0.3334,5.220157523045724,0.39595722957828733,0,99.474
mnist784_pca32 (50c),25,cells,pre_fpmask_off,pre,fpmask,off,5,50,50,1.0,50,50,0.0,1.1,10,32,825000,2.359408157040819,0.5131247956364341,0.406816533720087,24.75732921089095,0.3863,4.447312412891091,0.32160348443802783,0,115.189
mnist784_pca32 (50c),25,cells,pre_massmask_off,pre,massmask,off,5,50,50,1.0,50,50,0.0,1.1,10,32,825000,2.3752710415406564,0.4919282006347013,0.40609137055837563,24.79474715992629,0.3699571428571429,4.394741511605571,0.32765621193601496,0,101.221
mnist784_pca32 (50c),26,cells,post_none_off,post,none,off,5,50,50,1.0,50,50,0.0,1.1,10,32,825000,2.065993126128396,0.41812152096809824,0.3505079825834543,24.8634032328056,0.3574428571428571,5.825092537193927,0.39444780753606923,0,101.731
mnist784_pca32 (50c),26,cells,post_none_on,post,none,on,5,50,50,1.0,50,50,0.0,1.1,10,32,825000,1.2573103773902334,0.4868261188107347,0.37056213017751477,18.802633693561475,0.30984285714285714,15.989428397996994,0.1311238357146749,0,105.765
mnist784_pca32 (50c),26,cells,post_footprint_off,post,footprint,off,5,50,50,1.0,50,50,0.0,1.1,10,32,825000,2.4699970423264617,0.5177399937749645,0.4568081991215227,24.63874303129159,0.43482857142857145,4.03855202317124,0.316910783764923,0,113.826
mnist784_pca32 (50c),26,cells,post_footprint_on,post,footprint,on,5,50,50,1.0,50,50,0.0,1.1,10,32,825000,2.1169852834444374,0.488009407132242,0.3762922122674018,23.527811176959112,0.3993857142857143,5.539474880926738,0.3076195505780707,0,135.419
mnist784_pca32 (50c),26,cells,post_mass_off,post,mass,off,5,50,50,1.0,50,50,0.0,1.1,10,32,825000,2.5632315295899906,0.5203156195888405,0.4749063670411985,24.513396519025054,0.41905714285714285,3.7310220621965926,0.313535870130045,0,99.437
mnist784_pca32 (50c),26,cells,post_mass_on,post,mass,on,5,50,50,1.0,50,50,0.0,1.1,10,32,825000,1.565302640277152,0.48307143167778294,0.40606508875739644,22.907579786444597,0.3455285714285714,10.073289070464025,0.27904987538410153,0,97.857
mnist784_pca32 (50c),26,cells,pre_none_off,pre,none,off,5,50,50,1.0,50,50,0.0,1.1,10,32,825000,2.30269567253236,0.4969565400169125,0.3976567884217781,24.689439090745637,0.3927,4.65626976825715,0.35188796752194185,0,100.77
mnist784_pca32 (50c),26,cells,pre_none_on,pre,none,on,5,50,50,1.0,50,50,0.0,1.1,10,32,825000,1.7865860864906222,0.49036368380316714,0.367603550295858,18.825978401274487,0.30944285714285713,7.850572655771725,0.13067421921461592,0,98.671
mnist784_pca32 (50c),26,cells,pre_footprint_off,pre,footprint,off,5,50,50,1.0,50,50,0.0,1.1,10,32,825000,2.49883759440632,0.5861684324823598,0.5058580289455548,24.912466741286266,0.45245714285714284,3.9897039394132188,0.30198358469136016,0,114.513
mnist784_pca32 (50c),26,cells,pre_footprint_on,pre,footprint,on,5,50,50,1.0,50,50,0.0,1.1,10,32,825000,2.5859756881632503,0.5252263046491801,0.40828402366863903,23.832378036701712,0.36315714285714285,3.7210773369257817,0.29576380717688033,0,115.301
mnist784_pca32 (50c),26,cells,pre_mass_off,pre,mass,off,5,50,50,1.0,50,50,0.0,1.1,10,32,825000,2.4394094709801832,0.5796349114822749,0.5141281874569262,24.83704388563353,0.43497142857142856,4.173789031616879,0.3021314306742552,0,98.575
mnist784_pca32 (50c),26,cells,pre_mass_on,pre,mass,on,5,50,50,1.0,50,50,0.0,1.1,10,32,825000,2.3270809503464274,0.5254674908085789,0.4219495569188821,23.37028865004716,0.33212857142857144,4.596340037366869,0.27840273242580627,0,98.744
mnist784_pca32 (50c),26,cells,post_fpmask_off,post,fpmask,off,5,50,50,1.0,50,50,0.0,1.1,10,32,825000,2.258292548432183,0.43784330625821427,0.36363636363636365,24.788003024132557,0.36334285714285713,4.8605021260863515,0.3774626937641007,0,112.869
mnist784_pca32 (50c),26,cells,post_massmask_off,post,massmask,off,5,50,50,1.0,50,50,0.0,1.1,10,32,825000,2.214018448049396,0.4423672611847986,0.3528990694345025,24.812845425263482,0.3501,5.061906274094175,0.4008382293012009,0,101.035
mnist784_pca32 (50c),26,cells,pre_fpmask_off,pre,fpmask,off,5,50,50,1.0,50,50,0.0,1.1,10,32,825000,2.267628227739441,0.5022138293852003,0.4015748031496063,24.7384636826193,0.3737142857142857,4.810929762032194,0.33653685135461997,0,114.648
mnist784_pca32 (50c),26,cells,pre_massmask_off,pre,massmask,off,5,50,50,1.0,50,50,0.0,1.1,10,32,825000,2.4085600316027747,0.5222601881695695,0.4479669193659545,24.702272753949487,0.3683142857142857,4.258159865013005,0.32679364288254226,0,104.106
mnist784_pca32 (50c),27,cells,post_none_off,post,none,off,5,50,50,1.0,50,50,0.0,1.1,10,32,825000,2.086547988927785,0.3887468592139639,0.3113815318539728,24.954557558608002,0.33581428571428573,5.731827596689623,0.41928385653712824,0,99.299
mnist784_pca32 (50c),27,cells,post_none_on,post,none,on,5,50,50,1.0,50,50,0.0,1.1,10,32,825000,1.4339149624464498,0.4496668990528883,0.3380177514792899,18.916397528618884,0.30042857142857143,12.226529988494505,0.1359382610614245,0,103.714
mnist784_pca32 (50c),27,cells,post_footprint_off,post,footprint,off,5,50,50,1.0,50,50,0.0,1.1,10,32,825000,2.4399242155707963,0.49947693979406355,0.41797752808988764,24.633286630996,0.48254285714285716,4.1378018144082445,0.3271123557379011,0,113.095
mnist784_pca32 (50c),27,cells,post_footprint_on,post,footprint,on,5,50,50,1.0,50,50,0.0,1.1,10,32,825000,2.3585762921813145,0.454644933865348,0.37556221889055474,23.109464498868547,0.3954142857142857,4.427114835742078,0.2716913678125788,0,128.79
mnist784_pca32 (50c),27,cells,post_mass_off,post,mass,off,5,50,50,1.0,50,50,0.0,1.1,10,32,825000,2.432917134739783,0.4951474991743997,0.4202247191011236,24.53848376868783,0.43907142857142856,4.145654356438322,0.31998963245020423,0,103.637
mnist784_pca32 (50c),27,cells,post_mass_on,post,mass,on,5,50,50,1.0,50,50,0.0,1.1,10,32,825000,1.7610582520600557,0.4803093552390603,0.3707865168539326,22.50919861738371,0.36151428571428573,7.937144687416186,0.2465899175204391,0,97.192
mnist784_pca32 (50c),27,cells,pre_none_off,pre,none,off,5,50,50,1.0,50,50,0.0,1.1,10,32,825000,2.4619896722080687,0.4845630115249195,0.3942307692307692,24.584549709951588,0.39727142857142855,4.055923962948221,0.33660537706241167,0,101.408
mnist784_pca32 (50c),27,cells,pre_none_on,pre,none,on,5,50,50,1.0,50,50,0.0,1.1,10,32,825000,1.7890715164465467,0.45258129429304844,0.34023668639053256,18.92722608592746,0.3000285714285714,7.879580325507468,0.13598890655129062,0,100.251
mnist784_pca32 (50c),27,cells,pre_footprint_off,pre,footprint,off,5,50,50,1.0,50,50,0.0,1.1,10,32,825000,2.793889542884122,0.570323206698995,0.48057259713701433,25.010458727895905,0.4450857142857143,3.2040788339728175,0.29354081903203194,0,113.662
mnist784_pca32 (50c),27,cells,pre_footprint_on,pre,footprint,on,5,50,50,1.0,50,50,0.0,1.1,10,32,825000,2.4489549756300426,0.49315983262296115,0.34459459459459457,23.625395195761065,0.40735714285714286,4.169838711179737,0.2767928686734088,0,115.016
mnist784_pca32 (50c),27,cells,pre_mass_off,pre,mass,off,5,50,50,1.0,50,50,0.0,1.1,10,32,825000,2.617299613785705,0.5462740410244445,0.44881889763779526,24.941768616052755,0.4454142857142857,3.640997358068485,0.301565693397207,0,101.554
mnist784_pca32 (50c),27,cells,pre_mass_on,pre,mass,on,5,50,50,1.0,50,50,0.0,1.1,10,32,825000,2.27493959548446,0.5242724239146138,0.38063063063063063,23.330289137581723,0.38985714285714285,4.83463685932872,0.24185368442438404,0,100.113
mnist784_pca32 (50c),27,cells,post_fpmask_off,post,fpmask,off,5,50,50,1.0,50,50,0.0,1.1,10,32,825000,2.1088163235512027,0.4051833667646529,0.33715103793843954,24.865216969958535,0.3503,5.591325092808226,0.3885626666819994,0,114.943
mnist784_pca32 (50c),27,cells,post_massmask_off,post,massmask,off,5,50,50,1.0,50,50,0.0,1.1,10,32,825000,2.127529822452729,0.3939357991736443,0.31209735146743023,24.880918852336205,0.34077142857142856,5.496865389639029,0.408319370114168,0,100.0
mnist784_pca32 (50c),27,cells,pre_fpmask_off,pre,fpmask,off,5,50,50,1.0,50,50,0.0,1.1,10,32,825000,2.4435404953645334,0.5131988602683006,0.4254681647940075,24.67959844278058,0.40122857142857143,4.133319791941525,0.33025052282818074,0,113.18
mnist784_pca32 (50c),27,cells,pre_massmask_off,pre,massmask,off,5,50,50,1.0,50,50,0.0,1.1,10,32,825000,2.4796380675082883,0.5099680894919856,0.4599250936329588,24.66162365526892,0.40815714285714283,4.010929938175565,0.3356907574708458,0,104.585
mnist784_pca32 (50c),28,cells,post_none_off,post,none,off,5,50,50,1.0,50,50,0.0,1.1,10,32,825000,1.9118780733323906,0.40249183180606557,0.3228346456692913,24.953414366327593,0.3694571428571429,6.826680749034716,0.4385741764493456,0,98.921
mnist784_pca32 (50c),28,cells,post_none_on,post,none,on,5,50,50,1.0,50,50,0.0,1.1,10,32,825000,1.3015551014944249,0.4560262997232152,0.33949704142011833,18.95983596854465,0.2887857142857143,14.924117328264655,0.13603189330253423,0,101.731
mnist784_pca32 (50c),28,cells,post_footprint_off,post,footprint,off,5,50,50,1.0,50,50,0.0,1.1,10,32,825000,2.4836564326327157,0.5240180691685722,0.4232209737827715,24.7397680394085,0.4226,4.010629879903687,0.3404248199548341,0,114.239
mnist784_pca32 (50c),28,cells,post_footprint_on,post,footprint,on,5,50,50,1.0,50,50,0.0,1.1,10,32,825000,2.4474701538780805,0.5020607836654226,0.41517537580529706,23.491356115838865,0.4063857142857143,4.108919339387751,0.29569676803931705,0,124.256
mnist784_pca32 (50c),28,cells,post_mass_off,post,mass,off,5,50,50,1.0,50,50,0.0,1.1,10,32,825000,2.5179024623535335,0.5217195881466747,0.44658855961405924,24.563437935352397,0.42142857142857143,3.8744614679577265,0.3339411398674303,0,105.117
mnist784_pca32 (50c),28,cells,post_mass_on,post,mass,on,5,50,50,1.0,50,50,0.0,1.1,10,32,825000,2.1515040497566837,0.46550082106840895,0.33858267716535434,23.241490409090854,0.36655714285714286,5.313815591417763,0.31713118759733316,0,97.21
mnist784_pca32 (50c),28,cells,pre_none_off,pre,none,off,5,50,50,1.0,50,50,0.0,1.1,10,32,825000,2.3363675940003423,0.4330155308401059,0.3199713672154617,24.67893480102765,0.3759571428571429,4.521099478095814,0.3586805531336029,0,98.948
mnist784_pca32 (50c),28,cells,pre_none_on,pre,none,on,5,50,50,1.0,50,50,0.0,1.1,10,32,825000,1.811171471376426,0.45443940122306203,0.3572485207100592,18.994164942122108,0.27967142857142857,7.700265771610738,0.13750434809100148,0,100.346
mnist784_pca32 (50c),28,cells,pre_footprint_off,pre,footprint,off,5,50,50,1.0,50,50,0.0,1.1,10,32,825000,2.514231149637992,0.5750636153488075,0.47106227106227105,24.911453667013586,0.438,3.9408387545797283,0.3028059391859194,0,114.537
mnist784_pca32 (50c),28,cells,pre_footprint_on,pre,footprint,on,5,50,50,1.0,50,50,0.0,1.1,10,32,825000,2.3782635917536523,0.5362463226491824,0.4441281138790036,23.83413387111564,0.37914285714285717,4.430762844367558,0.2876212813060648,0,113.611
mnist784_pca32 (50c),28,cells,pre_mass_off,pre,mass,off,5,50,50,1.0,50,50,0.0,1.1,10,32,825000,2.6589680938646327,0.5574818242036456,0.4599250936329588,24.862643730811623,0.41895714285714286,3.516584476646786,0.3035876774282821,0,97.274
mnist784_pca32 (50c),28,cells,pre_mass_on,pre,mass,on,5,50,50,1.0,50,50,0.0,1.1,10,32,825000,1.829244506668183,0.551713122845748,0.4128113879003559,23.944997002200004,0.3037714285714286,7.552701604084377,0.23327276508160225,0,98.278
mnist784_pca32 (50c),28,cells,post_fpmask_off,post,fpmask,off,5,50,50,1.0,50,50,0.0,1.1,10,32,825000,2.283495754478822,0.4074940290768048,0.3150887573964497,24.708630648870372,0.34772857142857144,4.738580473712959,0.38180036996943395,0,114.343
mnist784_pca32 (50c),28,cells,post_massmask_off,post,massmask,off,5,50,50,1.0,50,50,0.0,1.1,10,32,825000,1.8172650519148303,0.4040371936808356,0.31496062992125984,24.820159720919822,0.35892857142857143,7.5156755343823045,0.4307731465658341,0,98.591
mnist784_pca32 (50c),28,cells,pre_fpmask_off,pre,fpmask,off,5,50,50,1.0,50,50,0.0,1.1,10,32,825000,2.3658860904609544,0.47509931925361504,0.39352170916609236,24.693023640263046,0.3865571428571429,4.411503318581056,0.3408241695440204,0,114.452
mnist784_pca32 (50c),28,cells,pre_massmask_off,pre,massmask,off,5,50,50,1.0,50,50,0.0,1.1,10,32,825000,2.375772471610427,0.4766686071941764,0.3976567884217781,24.68891531302554,0.38684285714285715,4.374136367183813,0.34537764572096424,0,96.778
mnist784_pca32 (50c),29,cells,post_none_off,post,none,off,5,50,50,1.0,50,50,0.0,1.1,10,32,825000,2.1980835829823775,0.38965047200195163,0.33070866141732286,24.924488709641896,0.34312857142857145,5.158671258540148,0.415826739563512,0,101.201
mnist784_pca32 (50c),29,cells,post_none_on,post,none,on,5,50,50,1.0,50,50,0.0,1.1,10,32,825000,1.3957100514390897,0.48514346656627877,0.35871886120996443,18.76381113243624,0.2888428571428571,12.912675476079908,0.128729097130561,0,100.706
mnist784_pca32 (50c),29,cells,post_footprint_off,post,footprint,off,5,50,50,1.0,50,50,0.0,1.1,10,32,825000,2.3965280772513706,0.4597717488567871,0.4093728463128877,24.635295211207247,0.3824142857142857,4.289362276319604,0.33849527742136054,0,117.068
mnist784_pca32 (50c),29,cells,post_footprint_on,post,footprint,on,5,50,50,1.0,50,50,0.0,1.1,10,32,825000,2.20358158799173,0.49426930332979935,0.382396449704142,23.265855343393252,0.34045714285714285,5.080161642501283,0.2927630594124112,0,128.47
mnist784_pca32 (50c),29,cells,post_mass_off,post,mass,off,5,50,50,1.0,50,50,0.0,1.1,10,32,825000,2.5672055354327576,0.4466109643302834,0.39521392313270487,24.548537445982365,0.36642857142857144,3.7248118627571856,0.337201982239517,0,102.679
mnist784_pca32 (50c),29,cells,post_mass_on,post,mass,on,5,50,50,1.0,50,50,0.0,1.1,10,32,825000,1.9987197962980052,0.47255579623724536,0.3701067615658363,22.67777664433004,0.3183285714285714,6.157940304739215,0.263495164542312,0,100.811
mnist784_pca32 (50c),29,cells,pre_none_off,pre,none,off,5,50,50,1.0,50,50,0.0,1.1,10,32,825000,2.402362539849319,0.5144883717787638,0.38913043478260867,24.710200775840256,0.3923285714285714,4.28153185553234,0.3337064236406459,0,101.255
mnist784_pca32 (50c),29,cells,pre_none_on,pre,none,on,5,50,50,1.0,50,50,0.0,1.1,10,32,825000,1.8089137866944691,0.4907492206134448,0.3601423487544484,18.78055995317939,0.2898142857142857,7.69698948205293,0.12803845680960815,0,100.317
mnist784_pca32 (50c),29,cells,pre_footprint_off,pre,footprint,off,5,50,50,1.0,50,50,0.0,1.1,10,32,825000,2.6413404384794954,0.5860089630898618,0.5272226050999311,24.98390032671178,0.43307142857142855,3.5810590124056114,0.3036928140923697,0,115.177
mnist784_pca32 (50c),29,cells,pre_footprint_on,pre,footprint,on,5,50,50,1.0,50,50,0.0,1.1,10,32,825000,2.1667130202577023,0.5548009321779115,0.40868366643694004,24.67349536106982,0.32677142857142855,5.439515894520553,0.2630010636537385,0,112.48
mnist784_pca32 (50c),29,cells,pre_mass_off,pre,mass,off,5,50,50,1.0,50,50,0.0,1.1,10,32,825000,2.4479488554870557,0.6043596394698038,0.5199704142011834,24.978460084568223,0.43867142857142855,4.168319315547385,0.3058636676641123,0,101.281
mnist784_pca32 (50c),29,cells,pre_mass_on,pre,mass,on,5,50,50,1.0,50,50,0.0,1.1,10,32,825000,2.120643165723691,0.6093294732358676,0.4266023432115782,23.81565968770871,0.3241857142857143,5.636530251890585,0.22252245440903445,0,101.454
mnist784_pca32 (50c),29,cells,post_fpmask_off,post,fpmask,off,5,50,50,1.0,50,50,0.0,1.1,10,32,825000,2.1374476856486133,0.40994803274917496,0.35133136094674555,24.73024650015857,0.3548142857142857,5.412992894727733,0.3826641937966127,0,112.807
mnist784_pca32 (50c),29,cells,post_massmask_off,post,massmask,off,5,50,50,1.0,50,50,0.0,1.1,10,32,825000,2.187690062292371,0.4141777400926428,0.3495286439448876,24.813482430009262,0.35684285714285713,5.184610454950986,0.39778399829417416,0,98.1
mnist784_pca32 (50c),29,cells,pre_fpmask_off,pre,fpmask,off,5,50,50,1.0,50,50,0.0,1.1,10,32,825000,2.3175872289314925,0.48749811465417603,0.4295352323838081,24.74183392315757,0.37311428571428573,4.6063794427163,0.33496928229269407,0,113.593
mnist784_pca32 (50c),29,cells,pre_massmask_off,pre,massmask,off,5,50,50,1.0,50,50,0.0,1.1,10,32,825000,2.3915956106452274,0.5232309038038557,0.4007246376811594,24.731731926772134,0.392,4.323933788535372,0.33434293876200993,0,105.776
